ml_scan_time,script_path,integration,unique_id,script_block_id,agent_name,ml_verdict,ml_probability,ml_algorithm,script_length,latency_ms,script_content,ground_truth,status_evaluasi
2026-07-13 13:05:05,C:\\TA\\project-ta\\data_spliting\\test_set\\benign\\1001.ps1,custom-ps-ml,UNKNOWN,87a657ec-c287-4f1c-94f5-5b157f8a2696,DESKTOP-BAC9DBQ,benign,0.1161,RandomForest,209,2019.42,"$myEndpoint = \""&lt;your-endpoint-URL&gt;\""; Set-AzContext -Subscription \""&lt;subscription-name-or-ID&gt;\""; New-AzEventGridSubscription -Endpoint $myEndpoint -EventSubscriptionName demoSubscriptionToAzureSub",benign,TN
2026-07-13 13:05:07,C:\\TA\\project-ta\\data_spliting\\test_set\\benign\\1006.ps1,custom-ps-ml,UNKNOWN,6474770a-c6f0-450d-ae64-9ce72f875f90,DESKTOP-BAC9DBQ,benign,0.0496,RandomForest,333,1979.2,"$myEndpoint = \""&lt;your-endpoint-URL&gt;\""; $myResourceGroup = \""&lt;resource-group-name&gt;\""; $resourceGroupID = (New-AzResourceGroup -Name $myResourceGroup -Location westus2).ResourceId; New-AzEventGridSubscription `; -ResourceId $resourceGroupID `; -Endpoint $myEndpoint `; -EventSubscriptionName demoSubscriptionToResourceGroup",benign,TN
2026-07-13 13:05:10,C:\\TA\\project-ta\\data_spliting\\test_set\\benign\\1008.ps1,custom-ps-ml,UNKNOWN,dd8df47a-2e76-4ad0-a6c6-e7c1f57380de,DESKTOP-BAC9DBQ,benign,0.0287,RandomForest,454,1788.47,"$myTopic = \""&lt;your-custom-topic-name&gt;\""; $myEndpoint = \""&lt;your-endpoint-URL&gt;\""; $myResourceGroup = \""&lt;resource-group-name&gt;\""; New-AzResourceGroup -Name $myResourceGroup -Location westus2; New-AzEventGridTopic -ResourceGroupName $myResourceGroup -Name $myTopic -Location westus2; New-AzEventGridSubscription `; -EventSubscriptionName demoSubscription `; -Endpoint $myEndpoint `; -ResourceGroupName $myResourceGroup `; -TopicName $myTopic",benign,TN
2026-07-13 13:05:15,C:\\TA\\project-ta\\data_spliting\\test_set\\benign\\1012.ps1,custom-ps-ml,UNKNOWN,72b8900d-a209-4e85-9024-3ea1e1d96346,DESKTOP-BAC9DBQ,benign,0.0424,RandomForest,1436,2120.0,"$random = (New-Guid).ToString().Substring(0,8); $subscriptionId = \""my-azure-subscription-id\""; $apimServiceName = \""apim-$random\""; $resourceGroupName = \""apim-rg-$random\""; $location = \""Japan East\""; $organisation = \""Contoso\""; $adminEmail = \""admin@contoso.com\""; $certificateFilePath = \""&lt;Replace with path to the Certificate to be used for Mutual Authentication&gt;\""; $certificatePassword = '&lt;Password used to secure the Certificate&gt;'; Select-AzSubscription -SubscriptionId $subscriptionId; New-AzResourceGroup -Name $resourceGroupName -Location $location; New-AzApiManagement -ResourceGroupName $resourceGroupName -Name $apimServiceName -Location $location -Organization $organisation -AdminEmail $adminEmail; $context = New-AzApiManagementContext -ResourceGroupName $resourceGroupName -ServiceName $apimServiceName; $cert = New-AzApiManagementCertificate -Context $context -PfxFilePath $certificateFilePath -PfxPassword $certificatePassword; $apiPolicy = \""&lt;policies&gt;&lt;inbound&gt;&lt;base /&gt;&lt;authentication-certificate thumbprint=\""\""\"" + $cert.Thumbprint + \""\""\"" /&gt;&lt;/inbound&gt;&lt;backend&gt;&lt;base /&gt;&lt;/backend&gt;&lt;outbound&gt;&lt;base /&gt;&lt;/outbound&gt;&lt;on-error&gt;&lt;base /&gt;&lt;/on-error&gt;&lt;/policies&gt;\""; $echoApi = Get-AzApiManagementApi -Context $context -Name \""Echo API\""; Set-AzApiManagementPolicy -Context $context  -Policy $apiPolicy -ApiId $echoApi.ApiId",benign,TN
2026-07-13 13:05:19,C:\\TA\\project-ta\\data_spliting\\test_set\\benign\\1015.ps1,custom-ps-ml,UNKNOWN,2ef1a341-21cc-4e72-92db-aae505117fdd,DESKTOP-BAC9DBQ,benign,0.0233,RandomForest,1087,1955.5,"$random = (New-Guid).ToString().Substring(0,8); $subscriptionId = \""my-azure-subscription-id\""; $apimServiceName = \""apim-$random\""; $resourceGroupName = \""apim-rg-$random\""; $location = \""Japan East\""; $organisation = \""Contoso\""; $adminEmail = \""admin@contoso.com\""; Select-AzSubscription -SubscriptionId $subscriptionId; New-AzResourceGroup -Name $resourceGroupName -Location $location; New-AzApiManagement -ResourceGroupName $resourceGroupName -Name $apimServiceName -Location $location -Organization $organisation -AdminEmail $adminEmail; $context = New-AzApiManagementContext -ResourceGroupName $resourceGroupName -ServiceName $apimServiceName; $productValid = '&lt;policies&gt;&lt;inbound&gt;&lt;rate-limit calls=\""5\"" renewal-period=\""60\"" /&gt;&lt;quota calls=\""100\"" renewal-period=\""604800\"" /&gt;&lt;base /&gt;&lt;/inbound&gt;&lt;outbound&gt;&lt;base /&gt;&lt;/outbound&gt;&lt;/policies&gt;'; $product = Get-AzApiManagementProduct -Context $context -Title 'Unlimited'; Set-AzApiManagementPolicy -Context $context  -Policy $productValid -ProductId $product.ProductId -PassThru",benign,TN
2026-07-13 13:05:23,C:\\TA\\project-ta\\data_spliting\\test_set\\benign\\1029.ps1,custom-ps-ml,UNKNOWN,826d8074-538d-4bd1-958b-b5a2138fd80b,DESKTOP-BAC9DBQ,benign,0.0516,RandomForest,569,2049.62,"Login-AzAccount; Get-AzSubscription; Set-AzContext -SubscriptionId \""yourSubscriptionID\""; $RGname=\""sfclustertutorialgroup\""; $port=8081; $rulename=\""allowAppPort$port\""; $nsgname=\""sf-vnet-security\""; $nsg = Get-AzNetworkSecurityGroup -Name $nsgname -ResourceGroupName $RGname; $nsg | Add-AzNetworkSecurityRuleConfig -Name $rulename -Description \""Allow app port\"" -Access Allow `; -Protocol * -Direction Inbound -Priority 3891 -SourceAddressPrefix \""*\"" -SourcePortRange * `; -DestinationAddressPrefix * -DestinationPortRange $port; $nsg | Set-AzNetworkSecurityGroup",benign,TN
2026-07-13 13:05:51,C:\\TA\\project-ta\\data_spliting\\test_set\\benign\\1034.ps1,custom-ps-ml,UNKNOWN,655fc76f-50b6-4aca-b98a-722d5ddb7a18,DESKTOP-BAC9DBQ,benign,0.0867,RandomForest,323,1886.21,Set-StrictMode -Version Latest; &amp; (Join-Path $PSScriptRoot Carbon\\Import-Carbon.ps1 -Resolve); $websitePath = Join-Path $PSScriptRoot Website -Resolve; Install-IisWebsite -Name 'get-carbon.org' -Path $websitePath -Bindings 'http/*:80:'; Grant-Permission -Identity Everyone -Permission ReadAndExecute -Path $websitePath,benign,TN
2026-07-13 13:10:27,C:\\TA\\project-ta\\data_spliting\\test_set\\benign\\12.ps1,custom-ps-ml,UNKNOWN,45a51817-dc40-43ce-ae37-31466713cad7,DESKTOP-BAC9DBQ,benign,0.0041,RandomForest,575,1707.05,"$poshGitModule = Get-Module posh-git -ListAvailable | Sort-Object Version -Descending | Select-Object -First 1; if ($poshGitModule) {; $poshGitModule | Import-Module; }; elseif (Test-Path -LiteralPath ($modulePath = Join-Path (Split-Path $MyInvocation.MyCommand.Path -Parent) (Join-Path src 'posh-git.psd1'))) {; Import-Module $modulePath; }; else {; throw \""Failed to import posh-git.\""; }; if ($args[0] -ne 'choco') {; Write-Warning \""posh-git's profile.example.ps1 will be removed in a future version.\""; Write-Warning \""Consider using `Add-PoshGitToProfile` instead.\""; }",benign,TN
2026-07-13 13:11:03,C:\\TA\\project-ta\\data_spliting\\test_set\\benign\\1219.ps1,custom-ps-ml,UNKNOWN,ed4886f9-dd3d-43fb-9842-e54c33d76fa3,DESKTOP-BAC9DBQ,benign,0.0039,RandomForest,630,1781.56,&amp; (Join-Path -Path $PSScriptRoot -ChildPath 'Initialize-CarbonTest.ps1' -Resolve); $manifest = Test-ModuleManifest -Path (Join-Path -Path $PSScriptRoot -ChildPath '..\\Carbon\\Carbon.psd1' -Resolve); Describe 'CarbonVersion' {; $expectedVersion = $null; BeforeEach {; }; It 'carbon assembly version is correct' {; $binPath = Join-Path -Path $PSScriptRoot -ChildPath '..\\Carbon\\bin\\*'; Get-ChildItem -Path $binPath -Include 'Carbon*.dll' | ForEach-Object {; $_.VersionInfo.FileVersion | Should Be $manifest.Version; $_.VersionInfo.ProductVersion.ToString().StartsWith($manifest.Version.ToString()) | Should Be $true; }; }; },benign,TN
2026-07-13 13:21:58,C:\\TA\\project-ta\\data_spliting\\test_set\\benign\\1589.ps1,custom-ps-ml,UNKNOWN,422c7004-eb63-4c3c-80c6-27721e8ff0b5,DESKTOP-BAC9DBQ,benign,0.0598,RandomForest,371,1680.04,"$folders = @('C:\\Windows\\Temp\\*', 'C:\\Documents and Settings\\*\\Local Settings\\temp\\*', 'C:\\Users\\*\\Appdata\\Local\\Temp\\*', 'C:\\Users\\*\\Appdata\\Local\\Microsoft\\Windows\\Temporary Internet Files\\*', 'C:\\Windows\\SoftwareDistribution\\Download', 'C:\\Windows\\System32\\FNTCACHE.DAT'); foreach ($folder in $folders) {Remove-Item $folder -force -recurse}",benign,TN
2026-07-13 13:23:09,C:\\TA\\project-ta\\data_spliting\\test_set\\benign\\1615.ps1,custom-ps-ml,UNKNOWN,fc9ef6e6-d8c9-45ae-bf8b-524166f19e40,DESKTOP-BAC9DBQ,benign,0.0345,RandomForest,217,2299.81,"$Dest = \""C:\\Support\\SQLBac\\\"";; $Daysback = \""0\"";; $CurrentDate = Get-Date; $DatetoDelete = $CurrentDate.AddDays($Daysback); Get-ChildItem $Dest | Where-Object { $_.LastWriteTime -lt $DatetoDelete } | Remove-Item",benign,TN
2026-07-13 13:24:16,C:\\TA\\project-ta\\data_spliting\\test_set\\benign\\1642.ps1,custom-ps-ml,UNKNOWN,6f249da3-56d0-4b55-a54b-2cbc4956d5a1,DESKTOP-BAC9DBQ,benign,0.0614,RandomForest,1083,1761.27,"if (([Security.Principal.WindowsPrincipal][Security.Principal.WindowsIdentity]::GetCurrent()).IsInRole([System.Security.Principal.WindowsBuiltInRole]::Administrator)) {; $Host.UI.RawUI.WindowTitle = $myInvocation.MyCommand.Definition + ' (Elevated)'; $Host.UI.RawUI.BackgroundColor = 'DarkBlue'; Clear-Host; } else {; $newProcess = New-Object Diagnostics.ProcessStartInfo 'PowerShell'; $newProcess.Arguments = \""&amp; '\"" + $script:MyInvocation.MyCommand.Path + \""'\""; $newProcess.Verb = 'runas'; [Diagnostics.Process]::Start($newProcess); exit; }; Write-Host -NoNewLine 'Press any key to continue...'; $null = $Host.UI.RawUI.ReadKey('NoEcho,IncludeKeyDown'); $UFD = [string[]]([io.driveinfo]::getdrives() | % {$_.name} | ? {test-path \""$_\\TEMPORARY\\Helvetica Fonts\\helveticaneue\""}); $source = Read-Host \""Source ($(if ($UFD) {$UFD[0]} else {'?'})) \""; if (!$source) {$source = $UFD[0]}; $source = Join-Path $source '\\TEMPORARY\\Helvetica Fonts\\helveticaneue'; $fonts = (New-Object -ComObject Shell.Application).Namespace(0x14); dir $source | % { $fonts.CopyHere($_.fullname) }",benign,TN
2026-07-13 13:24:55,C:\\TA\\project-ta\\data_spliting\\test_set\\benign\\1664.ps1,custom-ps-ml,UNKNOWN,1576d0a4-f551-4d7c-8b32-fd9d79b2eea5,DESKTOP-BAC9DBQ,benign,0.094,RandomForest,423,2236.08,"function Get-IEVersion ($computer = $env:COMPUTERNAME) {; $version = 0; $keyname = 'SOFTWARE\\Microsoft\\Internet Explorer'; $reg = [Microsoft.Win32.RegistryKey]::OpenRemoteBaseKey('LocalMachine', $computer); $key = $reg.OpenSubkey($keyname); try {; $version = $key.GetValue('Version'); $svcUpdateVersion = $key.GetValue('svcUpdateVersion'); } catch {}; if ($svcUpdateVersion) {; $svcUpdateVersion; } else {; $version; }; }",benign,TN
2026-07-13 13:25:41,C:\\TA\\project-ta\\data_spliting\\test_set\\benign\\1692.ps1,custom-ps-ml,UNKNOWN,1a97197f-67c3-4a86-9328-4cbc00a173bd,DESKTOP-BAC9DBQ,benign,0.0807,RandomForest,141,1957.89,filter notnull {; $props = @(); $obj = $_; $obj | gm -m *property | % { if ( $obj.$($_.name) ) {$props += $_.name} }; $obj | select $props; },benign,TN
2026-07-13 13:27:22,C:\\TA\\project-ta\\data_spliting\\test_set\\benign\\1749.ps1,custom-ps-ml,UNKNOWN,30b8b37e-0e1d-4432-a7a1-15431a637e2a,DESKTOP-BAC9DBQ,benign,0.1229,RandomForest,266,2071.4,"Import-Module Docker; Pull-ContainerImage hello-world; Run-ContainerImage hello-world; cls; Get-Container | Where-Object State -eq \""exited\""; Get-Container | Where-Object State -eq \""exited\"" | Remove-Container; Remove-ContainerImage hello-world; Get-ContainerImage",benign,TN
2026-07-13 13:27:37,C:\\TA\\project-ta\\data_spliting\\test_set\\benign\\1750.ps1,custom-ps-ml,UNKNOWN,694985d9-72ba-4423-9d11-e91965ed05fd,DESKTOP-BAC9DBQ,benign,0.1147,RandomForest,1181,1882.56,"Import-Module $PSScriptRoot/CronTab/CronTab.psd1; Write-Host -Foreground Yellow \""Get the existing cron jobs\""; Get-CronJob | Out-Host; Write-Host -Foreground Yellow \""New cron job to clean out tmp every day at 1am\""; New-CronJob -Command 'rm -rf /tmp/*;; Write-Host -Foreground Yellow \""Add some more jobs\""; New-CronJob -Command 'python -c ~/scripts/backup_users;; New-CronJob -Command 'powershell -c \""cd ~/src/PowerShell; ipmo ./build.psm1; Start-PSBuild\"";; Write-Host -Foreground Yellow \""Show in bash that the new cron job exists\""; crontab -l; Write-Host -Foreground Yellow \""Get jobs that run every day\""; Get-CronJob | Where-Object { $_.DayOfWeek -eq '*' -or $_.DayOfWeek -eq '1-7' } | Out-Host; Write-Host -Foreground Yellow \""Remove one cron job, with prompting to confirm\""; Get-CronJob | Where-Object { $_.Command -match '^powershell.*' } | Remove-CronJob | Out-Host; Write-Host -Foreground Yellow \""And the other job remains\""; Get-CronJob | Out-Host; Write-Host -Foreground Yellow \""Remove remaining demo jobs without prompting\""; Get-CronJob | Where-Object { $_.Command -match '; Write-Host -Foreground Yellow \""Show in bash that cron should be clean\""; crontab -l",benign,TN
2026-07-13 13:28:37,C:\\TA\\project-ta\\data_spliting\\test_set\\benign\\1776.ps1,custom-ps-ml,UNKNOWN,a0a27519-adc6-423a-9f4a-5abcb035c4c5,DESKTOP-BAC9DBQ,benign,0.0699,RandomForest,4596,2317.29,"Describe \""Get-Credential Test\"" -tag \""CI\"" {; BeforeAll {; $th = New-TestHost; $th.UI.StringForSecureString = \""This is a test\""; $th.UI.UserNameForCredential = \""John\""; $rs = [runspacefactory]::Createrunspace($th); $rs.open(); $ps = [powershell]::Create(); $ps.Runspace = $rs; $ps.Commands.Clear(); }; AfterAll {; $rs.Close(); $rs.Dispose(); $ps.Dispose(); }; AfterEach {; $ps.Commands.Clear(); }; It \""Get-Credential with message, produces a credential object\"" {; $cred = $ps.AddScript(\""Get-Credential -UserName Joe -Message Foo\"").Invoke() | Select-Object -First 1; $cred | Should -BeOfType System.Management.Automation.PSCredential; $netcred = $cred.GetNetworkCredential(); $netcred.UserName | Should -Be \""Joe\""; $netcred.Password | Should -Be \""this is a test\""; $th.ui.Streams.Prompt[-1] | Should -Match \""Credential:[^:]+:Foo\""; }; It \""Get-Credential with title, produces a credential object\"" {; $cred = $ps.AddScript(\""Get-Credential -UserName Joe -Title CustomTitle\"").Invoke() | Select-Object -First 1; $cred | Should -BeOfType System.Management.Automation.PSCredential; $netcred = $cred.GetNetworkCredential(); $netcred.UserName | Should -Be \""Joe\""; $netcred.Password | Should -Be \""this is a test\""; $th.ui.Streams.Prompt[-1] | Should -Match \""Credential:CustomTitle:[^:]+\""; }; It \""Get-Credential with only username, produces a credential object\"" {; $cred = $ps.AddScript(\""Get-Credential -UserName Joe\"").Invoke() | Select-Object -First 1; $cred | Should -BeOfType System.Management.Automation.PSCredential; $netcred = $cred.GetNetworkCredential(); $netcred.UserName | Should -Be \""Joe\""; $netcred.Password | Should -Be \""this is a test\""; $th.ui.Streams.Prompt[-1] | Should -Match \""Credential:[^:]+:[^:]+\""; }; It \""Get-Credential with title and message, produces a credential object\"" {; $cred = $ps.AddScript(\""Get-Credential -UserName Joe -Message Foo -Title CustomTitle\"").Invoke() | Select-Object -First 1; $cred | Should -BeOfType System.Management.Automation.PSCredential; $netcred = $cred.GetNetworkCredential(); $netcred.UserName | Should -Be \""Joe\""; $netcred.Password | Should -Be \""this is a test\""; $th.ui.Streams.Prompt[-1] | Should -Be \""Credential:CustomTitle:Foo\""; }; It \""Get-Credential without parameters\"" {; $cred = $ps.AddScript(\""Get-Credential\"").Invoke() | Select-Object -First 1; $cred | Should -BeOfType System.Management.Automation.PSCredential; $netcred = $cred.GetNetworkCredential(); $netcred.UserName | Should -Be \""John\""; $netcred.Password | Should -Be \""This is a test\""; $th.ui.Streams.Prompt[-1] | Should -Match \""Credential:[^:]+:[^:]+\""; }; It \""Get-Credential `$null\"" {; $cred = $ps.AddScript(\""Get-Credential `$null\"").Invoke() | Select-Object -First 1; $cred | Should -BeOfType System.Management.Automation.PSCredential; $netcred = $cred.GetNetworkCredential(); $netcred.UserName | Should -Be \""John\""; $netcred.Password | Should -Be \""This is a test\""; $th.ui.Streams.Prompt[-1] | Should -Match \""Credential:[^:]+:[^:]+\""; }; It \""Get-Credential -Credential `$null\"" {; $cred = $ps.AddScript(\""Get-Credential -Credential `$null\"").Invoke() | Select-Object -First 1; $cred | Should -BeOfType System.Management.Automation.PSCredential; $netcred = $cred.GetNetworkCredential(); $netcred.UserName | Should -Be \""John\""; $netcred.Password | Should -Be \""This is a test\""; $th.ui.Streams.Prompt[-1] | Should -Match \""Credential:[^:]+:[^:]+\""; }; it \""Get-Credential Joe\"" {; $cred = $ps.AddScript(\""Get-Credential Joe\"").Invoke() | Select-Object -First 1; $cred | Should -BeOfType System.Management.Automation.PSCredential; $netcred = $cred.GetNetworkCredential(); $netcred.UserName | Should -Be \""Joe\""; $netcred.Password | Should -Be \""This is a test\""; $th.ui.Streams.Prompt[-1] | Should -Match \""Credential:[^:]+:[^:]+\""; }; it \""Get-Credential -Credential Joe\"" {; $cred = $ps.AddScript(\""Get-Credential Joe\"").Invoke() | Select-Object -First 1; $cred | Should -BeOfType System.Management.Automation.PSCredential; $netcred = $cred.GetNetworkCredential(); $netcred.UserName | Should -Be \""Joe\""; $netcred.Password | Should -Be \""This is a test\""; $th.ui.Streams.Prompt[-1] | Should -Match \""Credential:[^:]+:[^:]+\""; }; it \""Get-Credential `$credential\"" {; $password = ConvertTo-SecureString -String \""CredTest\"" -AsPlainText -Force; $credential = [pscredential]::new(\""John\"", $password); $cred = Get-Credential $credential; $cred | Should -BeOfType System.Management.Automation.PSCredential; $netcred = $cred.GetNetworkCredential(); $netcred.UserName | Should -Be \""John\""; $netcred.Password | Should -Be \""CredTest\""; }; }",benign,TN
2026-07-13 13:29:53,C:\\TA\\project-ta\\data_spliting\\test_set\\benign\\1787.ps1,custom-ps-ml,UNKNOWN,70ab6ec0-e095-4fb7-be64-b0d80616a7cd,DESKTOP-BAC9DBQ,benign,0.0136,RandomForest,2251,1627.22,"Describe \""Get-PSProvider\"" -Tags \""CI\"" {; It \""Should be able to call with no parameters without error\"" {; { Get-PSProvider } | Should -Not -Throw; }; It \""Should be able to call the filesystem provider\"" {; { Get-PSProvider FileSystem } | Should -Not -Throw; $actual = Get-PSProvider FileSystem; $actual.Name | Should -BeExactly \""FileSystem\""; $actual.Capabilities | Should -BeExactly \""Filter, ShouldProcess, Credentials\""; }; It \""Should be able to call a provider with a wildcard expression\"" {; { Get-PSProvider File*m } | Should -Not -Throw; }; It \""Should be able to pipe the output\"" {; $actual = Get-PSProvider; { $actual | Format-List } | Should -Not -Throw; }; Context 'ItemSeparator properties' {; BeforeAll {; $testCases = if ($IsWindows) {; @(; @{Provider = 'FileSystem'; ItemSeparator = '\\'; AltItemSeparator = '/'}; @{Provider = 'Variable'; ItemSeparator = '\\'; AltItemSeparator = '/'}; @{Provider = 'Function'; ItemSeparator = '\\'; AltItemSeparator = '/'}; @{Provider = 'Alias'; ItemSeparator = '\\'; AltItemSeparator = '/'}; @{Provider = 'Environment'; ItemSeparator = '\\'; AltItemSeparator = '/'}; @{Provider = 'Certificate'; ItemSeparator = '\\'; AltItemSeparator = '/'}; @{Provider = 'Registry'; ItemSeparator = '\\'; AltItemSeparator = '\\'}; ); }; else {; @(; @{Provider = 'FileSystem'; ItemSeparator = '/'; AltItemSeparator = '\\'}; @{Provider = 'Variable'; ItemSeparator = '/'; AltItemSeparator = '\\'}; @{Provider = 'Function'; ItemSeparator = '/'; AltItemSeparator = '\\'}; @{Provider = 'Alias'; ItemSeparator = '/'; AltItemSeparator = '\\'}; @{Provider = 'Environment'; ItemSeparator = '/'; AltItemSeparator = '\\'}; ); }; }; It '&lt;Provider&gt; provider has ItemSeparator properties' -TestCases $testCases {; param ($Provider, $ItemSeparator, $AltItemSeparator); (Get-PSProvider $Provider).ItemSeparator | Should -Be $ItemSeparator; (Get-PSProvider $Provider).AltItemSeparator | Should -Be $AltItemSeparator; }; It 'ItemSeparator properties is read-only in &lt;Provider&gt; provider' -TestCases $testCases {; param ($Provider, $ItemSeparator, $AltItemSeparator); { (Get-PSProvider $Provider).ItemSeparator = $null } | Should -Throw; { (Get-PSProvider $Provider).AltItemSeparator = $null } | Should -Throw; }; }; }",benign,TN
2026-07-13 13:30:39,C:\\TA\\project-ta\\data_spliting\\test_set\\benign\\1793.ps1,custom-ps-ml,UNKNOWN,0ed07029-2700-43b4-9b4c-039f9dd2f616,DESKTOP-BAC9DBQ,benign,0.0033,RandomForest,2055,2099.87,"Describe \""Rename-Item tests\"" -Tag \""CI\"" {; BeforeAll {; Setup -f originalFile.txt -content \""This is content\""; $source = \""$TESTDRIVE/originalFile.txt\""; $target = \""$TESTDRIVE/ItemWhichHasBeenRenamed.txt\""; Setup -f [orig-file].txt -content \""This is not content\""; $sourceSp = \""$TestDrive/``[orig-file``].txt\""; $targetSpName = \""ItemWhichHasBeen[Renamed].txt\""; $targetSp = \""$TestDrive/ItemWhichHasBeen``[Renamed``].txt\""; Setup -Dir [test-dir]; $wdSp = \""$TestDrive/``[test-dir``]\""; }; It \""Rename-Item will rename a file\"" {; Rename-Item $source $target; test-path $source | Should -BeFalse; test-path $target | Should -BeTrue; \""$target\"" | Should -FileContentMatchExactly \""This is content\""; }; It \""Rename-Item will rename a file when path contains special char\"" {; Rename-Item $sourceSp $targetSpName; $sourceSp | Should -Not -Exist; $targetSp | Should -Exist; $targetSp | Should -FileContentMatchExactly \""This is not content\""; }; It \""Rename-Item will rename a file when -Path and CWD contains special char\"" {; $content = \""This is content\""; $oldSpName = \""[orig]file.txt\""; $oldSpBName = \""``[orig``]file.txt\""; $oldSp = \""$wdSp/$oldSpBName\""; $newSpName = \""[renamed]file.txt\""; $newSp = \""$wdSp/``[renamed``]file.txt\""; In $wdSp -Execute {; $null = New-Item -Name $oldSpName -ItemType File -Value $content -Force; Rename-Item -Path $oldSpBName $newSpName; }; $oldSp | Should -Not -Exist; $newSp | Should -Exist; $newSp | Should -FileContentMatchExactly $content; }; It \""Rename-Item will rename a file when -LiteralPath and CWD contains special char\"" {; $content = \""This is not content\""; $oldSpName = \""[orig]file2.txt\""; $oldSpBName = \""``[orig``]file2.txt\""; $oldSp = \""$wdSp/$oldSpBName\""; $newSpName = \""[renamed]file2.txt\""; $newSp = \""$wdSp/``[renamed``]file2.txt\""; In $wdSp -Execute {; $null = New-Item -Name $oldSpName -ItemType File -Value $content -Force; Rename-Item -LiteralPath $oldSpName $newSpName; }; $oldSp | Should -Not -Exist; $newSp | Should -Exist; $newSp | Should -FileContentMatchExactly $content; }; }",benign,TN
2026-07-13 13:31:16,C:\\TA\\project-ta\\data_spliting\\test_set\\benign\\1795.ps1,custom-ps-ml,UNKNOWN,cc20b16d-3cd3-470e-9fe3-0b04f2ceec37,DESKTOP-BAC9DBQ,benign,0.0006,RandomForest,4819,1871.75,"Describe \""Basic Function Provider Tests\"" -Tags \""CI\"" {; BeforeAll {; $existingFunction = \""existingFunction\""; $nonExistingFunction = \""nonExistingFunction\""; $text = \""Hello World!\""; $functionValue = { return $text }; $restoreLocation = Get-Location; $newName = \""renamedFunction\""; Set-Location Function:; }; AfterAll {; Set-Location -Path $restoreLocation; }; BeforeEach {; Set-Item $existingFunction -Options \""None\"" -Value $functionValue; }; AfterEach {; Remove-Item $existingFunction -ErrorAction SilentlyContinue -Force; Remove-Item $nonExistingFunction -ErrorAction SilentlyContinue -Force; Remove-Item $newName -ErrorAction SilentlyContinue -Force; }; Context \""Validate Set-Item Cmdlet\"" {; It \""Sets the new options in existing function\"" {; $newOptions = \""ReadOnly, AllScope\""; (Get-Item $existingFunction).Options | Should -BeExactly \""None\""; Set-Item $existingFunction -Options $newOptions; (Get-Item $existingFunction).Options | Should -BeExactly $newOptions; }; It \""Sets the options and a value of type ScriptBlock for a new function\"" {; $options = \""ReadOnly\""; Set-Item $nonExistingFunction -Options $options -Value $functionValue; $getItemResult = Get-Item $nonExistingFunction; $getItemResult.Options | Should -BeExactly $options; $getItemResult.ScriptBlock | Should -BeExactly $functionValue; }; It \""Removes existing function if Set-Item has no arguments beside function name\"" {; Set-Item $existingFunction; $existingFunction | Should -Not -Exist; }; It \""Sets a value of type FunctionInfo for a new function\"" {; Set-Item $nonExistingFunction -Value (Get-Item $existingFunction); Invoke-Expression $nonExistingFunction | Should -BeExactly $text; }; It \""Sets a value of type String for a new function\"" {; Set-Item $nonExistingFunction -Value \""return '$text' \""; Invoke-Expression $nonExistingFunction | Should -BeExactly $text; }; It \""Throws PSArgumentException when Set-Item is called with incorrect function value\"" {; { Set-Item $nonExistingFunction -Value 123 -ErrorAction Stop } | Should -Throw -ErrorId \""Argument,Microsoft.PowerShell.Commands.SetItemCommand\""; }; }; Context \""Validate Get-Item Cmdlet\"" {; It \""Gets existing functions by name\"" {; $getItemResult = Get-Item $existingFunction; $getItemResult.Name | Should -BeExactly $existingFunction; $getItemResult.Options | Should -BeExactly \""None\""; $getItemResult.ScriptBlock | Should -BeExactly $functionValue; }; It \""Matches regex with stars to the function names\"" {; $getItemResult = Get-Item \""ex*on\""; $getItemResult.Name | Should -BeExactly $existingFunction; $getItemResult = Get-Item \""*existingFunction*\""; $getItemResult.Name | Should -BeExactly $existingFunction; Set-Item $nonExistingFunction -Value $functionValue; $getItemResults =  Get-Item \""*Function\""; $getItemResults.Count | Should -BeGreaterThan 1; }; }; Context \""Validate Remove-Item Cmdlet\"" {; It \""Removes function\"" {; Remove-Item $existingFunction; { Get-Item $existingFunction -ErrorAction Stop } | Should -Throw -ErrorId \""PathNotFound,Microsoft.PowerShell.Commands.GetItemCommand\""; }; It \""Fails to remove not existing function\"" {; { Remove-Item $nonExistingFunction -ErrorAction Stop } | Should -Throw -ErrorId \""PathNotFound,Microsoft.PowerShell.Commands.RemoveItemCommand\""; }; }; Context \""Validate Rename-Item Cmdlet\"" {; It \""Renames existing function with None options\"" {; Rename-Item $existingFunction -NewName $newName; { Get-Item $existingFunction -ErrorAction Stop } | Should -Throw -ErrorId \""PathNotFound,Microsoft.PowerShell.Commands.GetItemCommand\""; (Get-Item $newName).Count | Should -BeExactly 1; }; It \""Fails to rename not existing function\"" {; { Rename-Item $nonExistingFunction -NewName $newName -ErrorAction Stop } | Should -Throw -ErrorId \""PathNotFound,Microsoft.PowerShell.Commands.RenameItemCommand\""; }; It \""Fails to rename function which is Constant\"" {; Set-Item $nonExistingFunction -Options \""Constant\"" -Value $functionValue; { Rename-Item $nonExistingFunction -NewName $newName -ErrorAction Stop } | Should -Throw -ErrorId \""CannotRenameFunction,Microsoft.PowerShell.Commands.RenameItemCommand\""; }; It \""Fails to rename function which is ReadOnly\"" {; Set-Item $nonExistingFunction -Options \""ReadOnly\"" -Value $functionValue; { Rename-Item $nonExistingFunction -NewName $newName -ErrorAction Stop } | Should -Throw -ErrorId \""CannotRenameFunction,Microsoft.PowerShell.Commands.RenameItemCommand\""; }; It \""Renames ReadOnly function when -Force parameter is on\"" {; Set-Item $nonExistingFunction -Options \""ReadOnly\"" -Value $functionValue; Rename-Item $nonExistingFunction -NewName $newName -Force; { Get-Item $nonExistingFunction -ErrorAction Stop } | Should -Throw -ErrorId \""PathNotFound,Microsoft.PowerShell.Commands.GetItemCommand\""; (Get-Item $newName).Count | Should -BeExactly 1; }; }; }",benign,TN
2026-07-13 13:31:55,C:\\TA\\project-ta\\data_spliting\\test_set\\benign\\1799.ps1,custom-ps-ml,UNKNOWN,6d2a3b3e-cce4-45a0-8e9a-721155aa7bdb,DESKTOP-BAC9DBQ,benign,0.0134,RandomForest,1677,1883.85,"Describe \""Clear-EventLog cmdlet tests\"" -Tags @('CI', 'RequireAdminOnWindows') {; BeforeAll {; $defaultParamValues = $PSdefaultParameterValues.Clone(); $PSDefaultParameterValues[\""it:skip\""] = !$IsWindows -or $IsCoreCLR; }; AfterAll {; $global:PSDefaultParameterValues = $defaultParamValues; }; It \""should be able to Clear-EventLog\"" -Pending:($True) {; Remove-EventLog -LogName TestLog -ErrorAction Ignore; { New-EventLog -LogName TestLog -Source TestSource -ErrorAction Stop } | Should -Not -Throw; { Write-EventLog -LogName TestLog -Source TestSource -Message \""Test\"" -EventID 1 -ErrorAction Stop } | Should -Not -Throw; { Get-EventLog -LogName TestLog }                           | Should -Not -Throw; $result = Get-EventLog -LogName TestLog; $result.Count                                               | Should -Be 1; { Clear-EventLog -LogName TestLog }                         | Should -Not -Throw; $result = Get-EventLog -LogName TestLog -ErrorAction Ignore; $result.Count                                               | Should -Be 0; { Remove-EventLog -LogName TestLog -ErrorAction Stop }      | Should -Not -Throw; }; It \""should throw 'System.InvalidOperationException' when asked to clear a log that does not exist\"" -Pending:($True) {; { Clear-EventLog -LogName MissingTestLog -ErrorAction Stop } | Should -Throw -ExceptionType \""System.InvalidOperationException\""; }; It \""should throw 'Microsoft.PowerShell.Commands.ClearEventLogCommand' ErrorId when asked to clear a log that does not exist\"" -Pending:($True) {; { Clear-EventLog -LogName MissingTestLog -ErrorAction Stop } | Should -Throw -ErrorId \""Microsoft.PowerShell.Commands.ClearEventLogCommand\""; }; }",benign,TN
2026-07-13 13:33:19,C:\\TA\\project-ta\\data_spliting\\test_set\\benign\\1838.ps1,custom-ps-ml,UNKNOWN,77956777-a2b5-496e-8a3e-41eb3a60fbb5,DESKTOP-BAC9DBQ,benign,0.0124,RandomForest,1430,2011.06,"Describe \""Test-Push-Location\"" -Tags \""CI\"" {; New-Variable -Name startDirectory -Value $(Get-Location).Path -Scope Global -Force; BeforeEach { Set-Location $startDirectory }; It \""Should be called without error\"" {; { Push-Location } | Should -Not -Throw; }; It \""Should be able to push to the root directory\"" {; { Push-Location / } | Should -Not -Throw; }; It \""Should be able to use relative path to parent\"" {; { Push-Location .. } | Should -Not -Throw; }; It \""Should be able to use relative path to grandparent\"" {; Test-Path ../.. | Should -BeTrue; { Push-Location ../.. } | Should -Not -Throw; }; It \""Should be able to push twice\"" {; { Push-Location .. } | Should -Not -Throw; { Push-Location .. } | Should -Not -Throw; }; It \""Should be able to take a piped variable\"" {; { \""..\"" | Push-Location } | Should -Not -Throw; }; It \""Should be able to call the pushd alias\"" {; { pushd } | Should -Not -Throw; }; It \""Should be able to push to the same location between the alias and the cmdlet\"" {; pushd ..; $aliasDirectory = $(Get-Location).Path; Set-Location $startDirectory; Push-Location ..; $cmdletDirectory = $(Get-Location).Path; $aliasDirectory | Should -BeExactly $cmdletDirectory; }; It \""Should produce a pathinfo object when the passthru parameter is used\"" {; Push-Location .. -PassThru | ForEach-Object { $_ | Should -BeOfType \""System.Management.Automation.PathInfo\"" }; }; Set-Location $startDirectory; }",benign,TN
2026-07-13 13:33:44,C:\\TA\\project-ta\\data_spliting\\test_set\\benign\\185.ps1,custom-ps-ml,UNKNOWN,bb3d70f5-7ae3-433e-b280-af5bf21a43a0,DESKTOP-BAC9DBQ,benign,0.0319,RandomForest,521,2095.05,; $childWI_ReviewerActivityHasReviewers_Class_id = '6e05d202-38a4-812e-34b8-b11642001a80'; $childWI_ReviewerActivityHasReviewers_Class_obj = Get-SCSMRelationshipClass -id $childWI_ReviewerActivityHasReviewers_Class_id; $childWI_ReviewerisUser_Class_id = '90da7d7c-948b-e16e-f39a-f6e3d1ffc921'; $childWI_ReviewerisUser_Class_obj = Get-SCSMRelationshipClass -id $childWI_ReviewerisUser_Class_id; $childWI_reviewers = Get-SCSMRelatedObject -SMObject $childWI_obj -Relationship $childWI_ReviewerActivityHasReviewers_Class_obj,benign,TN
2026-07-13 13:33:58,C:\\TA\\project-ta\\data_spliting\\test_set\\benign\\1869.ps1,custom-ps-ml,UNKNOWN,182f2c77-8bc4-43b3-932e-7581c28567f9,DESKTOP-BAC9DBQ,benign,0.0103,RandomForest,1296,1706.31,"Describe \""Get-PSHostProcessInfo tests\"" -Tag CI {; BeforeAll {; $si = [System.Diagnostics.ProcessStartInfo]::new(); $si.FileName = \""pwsh\""; $si.Arguments = \""-noexit\""; $si.RedirectStandardInput = $true; $si.RedirectStandardOutput = $true; $si.RedirectStandardError = $true; $pwsh = [System.Diagnostics.Process]::Start($si); if ($IsWindows) {; $si.FileName = \""powershell\""; $powershell = [System.Diagnostics.Process]::Start($si); }; }; AfterAll {; $pwsh | Stop-Process; if ($IsWindows) {; $powershell | Stop-Process; }; }; It \""Should return own self\"" {; (Get-PSHostProcessInfo).ProcessId | Should -Contain $pid; }; It \""Should list info for other PowerShell hosted processes\"" {; Wait-UntilTrue {; Get-PSHostProcessInfo | Where-Object { $_.ProcessId -eq $pwsh.Id }; } | Should -BeTrue; $pshosts = Get-PSHostProcessInfo; $pshosts.Count | Should -BeGreaterOrEqual 1; $pshosts.ProcessId | Should -Contain $pwsh.Id; }; It \""Should list Windows PowerShell process\"" -Skip:(!$IsWindows) {; Wait-UntilTrue {; Get-PSHostProcessInfo | Where-Object { $_.ProcessId -eq $powershell.Id }; } | Should -BeTrue; $psProcess = Get-PSHostProcessInfo | Where-Object { $_.ProcessName -eq \""powershell\"" }; $psProcess.Count | Should -BeGreaterOrEqual 1; $psProcess.ProcessId | Should -Contain $powershell.id; }; }",benign,TN
2026-07-13 13:34:01,C:\\TA\\project-ta\\data_spliting\\test_set\\benign\\1870.ps1,custom-ps-ml,UNKNOWN,cf2e6826-ab63-468b-beb2-3df85b9e8098,DESKTOP-BAC9DBQ,benign,0.0338,RandomForest,2541,2232.45,"Describe \""PSReadLine\"" -tags \""CI\"" {; BeforeAll {; if (Get-Module PSReadLine) {; $originalEditMode = (Get-PSReadLineOption).EditMode; Remove-Module PSReadLine; }; }; It \""Should import the module correctly\"" {; Import-Module PSReadLine; $module = Get-Module PSReadLine; $module.Name | Should -BeExactly 'PSReadLine'; $module.Version | Should -BeExactly '2.0.0'; }; It \""Should be installed to `$PSHOME\"" {; $module = Get-Module (Join-Path -Path $PSHOME -ChildPath \""Modules\"" -AdditionalChildPath \""PSReadLine\"") -ListAvailable; $module.Name | Should -BeExactly 'PSReadLine'; $module.Version | Should -BeExactly '2.0.0'; $module.Path | Should -Be (Join-Path -Path $PSHOME -ChildPath \""Modules/PSReadLine/PSReadLine.psd1\""); }; It \""Should use Emacs Bindings on Linux and macOS\"" -skip:$IsWindows {; (Get-PSReadLineOption).EditMode | Should -BeExactly 'Emacs'; (Get-PSReadlineKeyHandler | Where-Object { $_.Key -eq \""Ctrl+A\"" }).Function | Should -BeExactly 'BeginningOfLine'; }; It \""Should use Windows Bindings on Windows\"" -skip:(-not $IsWindows) {; (Get-PSReadLineOption).EditMode | Should -BeExactly 'Windows'; (Get-PSReadlineKeyHandler | Where-Object { $_.Key -eq \""Ctrl+a\"" }).Function | Should -BeExactly 'SelectAll'; }; It \""Should set the edit mode\"" {; Set-PSReadlineOption -EditMode Windows; (Get-PSReadlineKeyHandler | Where-Object { $_.Key -eq \""Ctrl+A\"" }).Function | Should -BeExactly 'SelectAll'; Set-PSReadlineOption -EditMode Emacs; (Get-PSReadlineKeyHandler | Where-Object { $_.Key -eq \""Ctrl+A\"" }).Function | Should -BeExactly 'BeginningOfLine'; }; It \""Should allow custom bindings for plain keys\"" {; Set-PSReadlineKeyHandler -Key '\""' -Function SelfInsert; (Get-PSReadLineKeyHandler | Where-Object { $_.Key -eq '\""' }).Function | Should -BeExactly 'SelfInsert'; }; It \""Should report Capitalized bindings correctly\"" {; Set-PSReadlineOption -EditMode Emacs; (Get-PSReadLineKeyHandler | Where-Object { $_.Key -ceq \""Alt+b\"" }).Function | Should -BeExactly 'BackwardWord'; (Get-PSReadLineKeyHandler | Where-Object { $_.Key -ceq \""Alt+B\"" }).Function | Should -BeExactly 'SelectBackwardWord'; }; It \""Should ignore case when using Function binding\"" {; $lowerCaseFunctionName = \""yank\""; Set-PSReadlineKeyHandler \""Ctrl+F24\"" -Function $lowerCaseFunctionName; (Get-PSReadlineKeyHandler | Where-Object { $_.Key -eq \""Ctrl+F24\""}).Function | Should -BeExactly \""Yank\""; }; AfterAll {; Remove-Module PSReadLine; if ($originalEditMode) {; Import-Module PSReadLine; Set-PSReadlineOption -EditMode $originalEditMode; }; }; }",benign,TN
2026-07-13 13:34:14,C:\\TA\\project-ta\\data_spliting\\test_set\\benign\\1873.ps1,custom-ps-ml,UNKNOWN,e5e7dc9e-7845-4aec-8070-3ec9d018a5c7,DESKTOP-BAC9DBQ,benign,0.0182,RandomForest,602,2071.91,"Describe \""New-TemporaryFile\"" -Tags \""CI\"" {; It \""creates a new temporary file\"" {; $tempFile = New-TemporaryFile; $tempFile | Should -Exist; $tempFile | Should -BeOfType System.IO.FileInfo; $tempFile | Should -BeLikeExactly \""$([System.IO.Path]::GetTempPath())*\""; if (Test-Path $tempFile) {; Remove-Item $tempFile -ErrorAction SilentlyContinue -Force; }; }; It \""with WhatIf does not create a file\"" {; New-TemporaryFile -WhatIf | Should -BeNullOrEmpty; }; It \""has an OutputType of System.IO.FileInfo\"" {; (Get-Command New-TemporaryFile).OutputType | Should -BeExactly \""System.IO.FileInfo\""; }; }",benign,TN
2026-07-13 13:35:30,C:\\TA\\project-ta\\data_spliting\\test_set\\benign\\1905.ps1,custom-ps-ml,UNKNOWN,3da2dafe-50e4-4616-aaa5-ccc8243d88d8,DESKTOP-BAC9DBQ,benign,0.0022,RandomForest,758,2830.87,"Describe \""Get-FormatData\"" -Tags \""CI\"" {; Context \""Check return type of Get-FormatData\"" {; It \""Should return an object[] as the return type\"" {; $result = Get-FormatData; ,$result | Should -BeOfType \""System.Object[]\""; }; }; It \""Can get format data requiring '-PowerShellVersion 5.1'\"" {; $format = Get-FormatData System.IO.FileInfo -PowerShellVersion 5.1; $format.TypeNames | Should -HaveCount 2; $format.TypeNames[0] | Should -BeExactly \""System.IO.DirectoryInfo\""; $format.TypeNames[1] | Should -BeExactly \""System.IO.FileInfo\""; $format.FormatViewDefinition | Should -HaveCount 4; }; It \""Should return nothing for format data requiring '-PowerShellVersion 5.1' and not provided\"" {; Get-FormatData System.IO.FileInfo | Should -BeNullOrEmpty; }; }",benign,TN
2026-07-13 13:35:56,C:\\TA\\project-ta\\data_spliting\\test_set\\benign\\1920.ps1,custom-ps-ml,UNKNOWN,656914df-b45d-496f-8ff5-8d6e411cfc82,DESKTOP-BAC9DBQ,benign,0.0021,RandomForest,1427,2971.19,"Describe \""Get-Runspace cmdlet tests\"" -Tag \""CI\"" {; BeforeAll {; $CurrentRunspace = $ExecutionContext.Host.Runspace; $ExpectedInstanceId = $CurrentRunspace.InstanceId; $ExpectedId = $currentRunspace.Id; }; It \""Get-Runspace should return the current runspace\"" {; $runspace = get-runspace |Sort-Object -property id | Select-Object -first 1; $runspace.InstanceId | Should -Be $ExpectedInstanceId; }; It \""Get-Runspace with runspace InstanceId should return the correct runspace\"" {; $runspace = get-runspace -instanceid $CurrentRunspace.InstanceId; $runspace.InstanceId | Should -Be $ExpectedInstanceId; }; It \""Get-Runspace with runspace name should return the correct runspace\"" {; $runspace = get-runspace -name $currentRunspace.Name; $runspace.InstanceId | Should -Be $ExpectedInstanceId; }; It \""Get-Runspace with runspace Id should return the correct runspace\"" {; $runspace = get-runspace -id $CurrentRunspace.Id; $runspace.InstanceId | Should -Be $ExpectedInstanceId; }; Context \""Multiple Runspaces\"" {; BeforeAll {; $runspaceCount = @(get-runspace).count; $r1 = [runspacefactory]::CreateRunspace(); $r1.Open(); $r2 = [runspacefactory]::CreateRunspace(); }; AfterAll {; $r1.Dispose(); $r2.Dispose(); }; It \""Get-Runspace should return the new runspaces\"" {; $result = get-runspace; $result.id | Where-Object {$_ -eq $r1.id } | Should -Be $r1.id; $result.id | Where-Object {$_ -eq $r2.id } | Should -Be $r2.id; }; }; }",benign,TN
2026-07-13 13:36:11,C:\\TA\\project-ta\\data_spliting\\test_set\\benign\\1924.ps1,custom-ps-ml,UNKNOWN,ea2f4f11-4a1b-4989-998f-5d9a6c5e2df8,DESKTOP-BAC9DBQ,benign,0.0007,RandomForest,7834,2453.35,"Describe \""Set-Variable DRT Unit Tests\"" -Tags \""CI\"" {; It \""Set-Variable normal variable Name should works\""{; Set-Variable foo bar; $var1=Get-Variable -Name foo; $var1.Name|Should -BeExactly \""foo\""; $var1.Value|Should -BeExactly \""bar\""; $var1.Options|Should -BeExactly \""None\""; $var1.Description|Should -BeNullOrEmpty; }; It \""Set-Variable normal variable Name with position should works\""{; Set-Variable -Name foo bar; $var1=Get-Variable -Name foo; $var1.Name|Should -BeExactly \""foo\""; $var1.Value|Should -BeExactly \""bar\""; $var1.Options|Should -BeExactly \""None\""; $var1.Description|Should -BeNullOrEmpty; }; It \""Set-Variable normal variable Name with scope should works\""{; Set-Variable -Name foo -Value bar0; Set-Variable -Name foo -Value bar -Scope \""1\""; $var1=Get-Variable -Name foo -scope \""1\""; $var1.Name|Should -BeExactly \""foo\""; $var1.Value|Should -BeExactly \""bar\""; $var1.Options|Should -BeExactly \""None\""; $var1.Description|Should -BeNullOrEmpty; Set-Variable -Name foo -Value newValue -Scope \""local\""; $var1=Get-Variable -Name foo -scope \""local\""; $var1.Name|Should -BeExactly \""foo\""; $var1.Value|Should -BeExactly \""newValue\""; $var1.Options|Should -BeExactly \""None\""; $var1.Description|Should -BeNullOrEmpty; Set-Variable -Name foo -Value newValue2 -Scope \""script\""; $var1=Get-Variable -Name foo -scope \""script\""; $var1.Name|Should -BeExactly \""foo\""; $var1.Value|Should -BeExactly \""newValue2\""; $var1.Options|Should -BeExactly \""None\""; $var1.Description|Should -BeNullOrEmpty; }; It \""Set-Variable normal variable Name with position should works\""{; Set-Variable abcaVar bar; Set-Variable bcdaVar anotherVal; Set-Variable aVarfoo bogusval; Set-Variable -Name \""*aV*\"" -Value \""overwrite\"" -Include \""*Var*\"" -Exclude \""bcd*\""; $var1=Get-Variable -Name \""*aVar*\"" -Scope \""local\""; $var1[0].Name|Should -BeExactly \""abcaVar\""; $var1[0].Value|Should -BeExactly \""overwrite\""; $var1[0].Options|Should -BeExactly \""None\""; $var1[0].Description|Should -BeNullOrEmpty; $var1[1].Name|Should -BeExactly \""aVarfoo\""; $var1[1].Value|Should -BeExactly \""overwrite\""; $var1[1].Options|Should -BeExactly \""None\""; $var1[1].Description|Should -BeNullOrEmpty; $var1[2].Name|Should -BeExactly \""bcdaVar\""; $var1[2].Value|Should -BeExactly \""anotherVal\""; $var1[2].Options|Should -BeExactly \""None\""; $var1[2].Description|Should -BeNullOrEmpty; }; It \""Set-Variable normal variable Name with Description and Value should works\""{; Set-Variable foo bar; Set-Variable -Name foo $null -Description \""new description\"" -PassThru:$true -Scope \""local\""; $var1=Get-Variable -Name foo -Scope \""local\""; $var1.Name|Should -BeExactly \""foo\""; $var1.Value|Should -BeNullOrEmpty; $var1.Options|Should -BeExactly \""None\""; $var1.Description|Should -BeExactly \""new description\""; }; It \""Set-Variable normal variable Name with just Description should works\""{; Set-Variable foo bar; Set-Variable -Name foo -Description \""new description\"" -PassThru:$true -Scope \""local\""; $var1=Get-Variable -Name foo -Scope \""local\""; $var1.Name|Should -BeExactly \""foo\""; $var1.Value|Should -BeExactly \""bar\""; $var1.Options|Should -BeExactly \""None\""; $var1.Description|Should -BeExactly \""new description\""; }; It \""Set-Variable overwrite Constant Option should throw SessionStateUnauthorizedAccessException\""{; Set-Variable -Name abcaVar bar -Option Constant -Scope \""local\""; { Set-Variable -Name abcaVar new -Scope 1 -ErrorAction Stop } |  Should -Throw -ErrorId \""VariableNotWritable,Microsoft.PowerShell.Commands.SetVariableCommand\""; }; It \""Set-Variable of existing Private variable without force should throw Exception\""{; Set-Variable abcaVar bar -Description \""new description\"" -Option Private; $var1=Get-Variable -Name abcaVar; $var1.Name|Should -BeExactly \""abcaVar\""; $var1.Value|Should -BeExactly \""bar\""; $var1.Options|Should -BeExactly \""Private\""; $var1.Description|Should -BeExactly \""new description\""; Set-Variable abcaVar other -Description \""new description\""; $var1=Get-Variable -Name abcaVar; $var1.Name|Should -BeExactly \""abcaVar\""; $var1.Value|Should -BeExactly \""other\""; $var1.Options|Should -BeExactly \""Private\""; $var1.Description|Should -BeExactly \""new description\""; }; It \""Set-Variable with Exclude, then Get-Variable it should throw ItemNotFoundException\""{; Set-Variable -Name foo1,foo2 hello -Exclude foo2 -ErrorAction Stop; { Get-Variable -Name foo2 -ErrorAction Stop } | Should -Throw -ErrorId \""VariableNotFound,Microsoft.PowerShell.Commands.GetVariableCommand\""; }; It \""Set-Variable of existing ReadOnly variable without force should throw Exception\""{; Set-Variable abcaVar bar -Description \""new description\"" -Option ReadOnly; $var1=Get-Variable -Name abcaVar; $var1.Name|Should -BeExactly \""abcaVar\""; $var1.Value|Should -BeExactly \""bar\""; $var1.Options|Should -BeExactly \""ReadOnly\""; $var1.Description|Should -BeExactly \""new description\""; { Set-Variable abcaVar -Option None -Scope 1 -ErrorAction Stop } | Should -Throw -ErrorId \""VariableNotWritable,Microsoft.PowerShell.Commands.SetVariableCommand\""; }; It \""Set-Variable of ReadOnly variable with private scope should work\""{; Set-Variable foo bar -Description \""new description\"" -Option ReadOnly -scope \""private\""; $var1=Get-Variable -Name foo; $var1.Name|Should -BeExactly \""foo\""; $var1.Value|Should -BeExactly \""bar\""; $var1.Options|Should -BeExactly \""ReadOnly, Private\""; $var1.Description|Should -BeExactly \""new description\""; }; It \""Set-Variable pipeline with Get-Variable should work\""{; $footest1=\""bar\""; ${Get-Variable footest1 -valueonly|Set-Variable bootest1 -passthru}; $var1=Get-Variable -Name footest1; $var1.Name|Should -BeExactly \""footest1\""; $var1.Value|Should -BeExactly \""bar\""; $var1.Options|Should -BeExactly \""None\""; $var1.Description|Should -BeNullOrEmpty; }; }; Describe \""Set-Variable\"" -Tags \""CI\"" {; It \""Should create a new variable with no parameters\"" {; { Set-Variable testVar } | Should -Not -Throw; }; It \""Should assign a value to a variable it has to create\"" {; Set-Variable -Name testVar -Value 4; Get-Variable testVar -ValueOnly | Should -Be 4; }; It \""Should change the value of an already existing variable\"" {; $testVar=1; $testVar | Should -Not -Be 2; Set-Variable testVar -Value 2; $testVar | Should -Be 2; }; It \""Should be able to be called with the set alias\"" {; set testVar -Value 1; $testVar | Should -Be 1; }; It \""Should be able to be called with the sv alias\"" {; sv testVar -Value 2; $testVar | Should -Be 2; }; It \""Should be able to set variable name using the Name parameter\"" {; Set-Variable -Name testVar -Value 1; $testVar | Should -Be 1; }; It \""Should be able to set the value of a variable by piped input\"" {; $testValue = \""piped input\""; $testValue | Set-Variable -Name testVar; $testVar | Should -Be $testValue; }; It \""Should be able to pipe object properties to output using the PassThru switch\"" {; $in = Set-Variable -Name testVar -Value \""test\"" -Description \""test description\"" -PassThru; $output = $in | Format-List -Property Description | Out-String; $output.Trim() | Should -BeExactly \""Description : test description\""; }; It \""Should be able to set the value using the value switch\"" {; Set-Variable -Name testVar -Value 4; $testVar | Should -Be 4; Set-Variable -Name testVar -Value \""test\""; $testVar | Should -BeExactly \""test\""; }; Context \""Scope Tests\"" {; It \""Should be able to set a global scope variable using the global switch\"" {; { Set-Variable globalVar -Value 1 -Scope global -Force } | Should -Not -Throw; }; It \""Should be able to set a global variable using the script scope switch\"" {; { Set-Variable globalVar -Value 1 -Scope script -Force } | Should -Not -Throw; }; It \""Should be able to set an item locally using the local switch\"" {; { Set-Variable globalVar -Value 1 -Scope local -Force } | Should -Not -Throw; }; }; }",benign,TN
2026-07-13 13:36:14,C:\\TA\\project-ta\\data_spliting\\test_set\\benign\\1929.ps1,custom-ps-ml,UNKNOWN,319e91b2-52bd-4ec1-a81c-feec65217987,DESKTOP-BAC9DBQ,benign,0.0007,RandomForest,704,2198.33,"Import-Module HelpersCommon; Describe \""Set-Date for admin\"" -Tag @('CI', 'RequireAdminOnWindows', 'RequireSudoOnUnix') {; It \""Set-Date should be able to set the date in an elevated context\"" -Skip:(Test-IsVstsLinux) {; { Get-Date | Set-Date } | Should -Not -Throw; }; It \""Set-Date should be able to set the date with -Date parameter\"" -Skip:(Test-IsVstsLinux) {; $target = Get-Date; $expected = $target; Set-Date -Date $target | Should -Be $expected; }; }; Describe \""Set-Date\"" -Tag 'CI' {; It \""Set-Date should produce an error in a non-elevated context\"" {; { Get-Date | Set-Date } | Should -Throw -ErrorId \""System.ComponentModel.Win32Exception,Microsoft.PowerShell.Commands.SetDateCommand\""; }; }",benign,TN
2026-07-13 13:36:26,C:\\TA\\project-ta\\data_spliting\\test_set\\benign\\1938.ps1,custom-ps-ml,UNKNOWN,5fbb44e8-7d68-42db-ac00-af8f3e52d02c,DESKTOP-BAC9DBQ,benign,0.0047,RandomForest,789,1800.16,"Describe \""Measure-Command\"" -Tags \""CI\"" {; Context \""Validate return types for Measure-Command\"" {; It \""Should return TimeSpan as the return type\"" {; Measure-Command { Get-Date } | Should -BeOfType timespan; }; }; Context \""Validate that it is executing commands correctly\"" {; It \""Should return TimeSpan after executing a script\"" {; Measure-Command { Write-Output hi } | Should -BeOfType timespan; }; It \""Should return TimeSpan after executing a cmdlet\"" {; $pesterscript = Join-Path -Path (Join-Path -Path $PSScriptRoot -ChildPath assets) -ChildPath echoscript.ps1; $testfile = $pesterscript; $testcommand = \""Write-Output pestertestscript\""; $testcommand | Add-Content -Path $testfile; Measure-Command { $pesterscript } | Should -BeOfType timespan; Remove-Item $testfile; }; }; }",benign,TN
2026-07-13 13:37:44,C:\\TA\\project-ta\\data_spliting\\test_set\\benign\\1972.ps1,custom-ps-ml,UNKNOWN,0b9c7bd5-d539-445f-b109-72a605e5b08d,DESKTOP-BAC9DBQ,benign,0.0102,RandomForest,1687,1925.54,"Describe \""Remove-PSBreakpoint\"" -Tags \""CI\"" {; $testScript = Join-Path -Path (Join-Path -Path $PSScriptRoot -ChildPath assets) -ChildPath psbreakpointtestscript.ps1; $script = \""`$var = 1; `$var2 = Get-Command; Get-Date; \""; $script &gt; $testScript; BeforeEach {; $line     = Set-PSBreakpoint -Line 1,2,3 -Script $testScript; $command  = Set-PSBreakpoint -Command \""Get-Date\"" -Script $testScript; $variable = Set-PSBreakpoint -Variable var2 -Script $testScript; }; Context \""Basic Removal Methods Tests\"" {; It \""Should be able to remove a breakpoint by breakpoint Id\"" {; $NumberOfBreakpoints = $(Get-PSBreakpoint).Id.length; $BreakID = $(Get-PSBreakpoint).Id[0]; Remove-PSBreakpoint -Id $BreakID; $(Get-PSBreakpoint).Id.length | Should -Be ($NumberOfBreakpoints -1); }; It \""Should be able to remove a breakpoint by variable\"" {; $NumberOfBreakpoints = $(Get-PSBreakpoint).Id.length; Remove-PSBreakpoint -Breakpoint $variable; $(Get-PSBreakpoint).Id.length | Should -Be ($NumberOfBreakpoints -1); }; It \""Should be able to remove a breakpoint by command\"" {; $NumberOfBreakpoints = $(Get-PSBreakpoint).Id.length; Remove-PSBreakpoint -Breakpoint $command; $(Get-PSBreakpoint).Id.length | Should -Be ($NumberOfBreakpoints -1); }; It \""Should be able to pipe breakpoint objects to Remove-PSBreakpoint\"" {; $NumberOfBreakpoints = $(Get-PSBreakpoint).Id.length; $variable | Remove-PSBreakpoint; $(Get-PSBreakpoint).Id.length | Should -Be ($NumberOfBreakpoints -1); }; }; It \""Should Remove all breakpoints\"" {; $(Get-PSBreakpoint).Id.Length | Should -Not -BeNullOrEmpty; Get-PSBreakpoint | Remove-PSBreakpoint; $(Get-PSBreakpoint).Id.Length | Should -Be 0; }; Remove-Item $testScript; }",benign,TN
2026-07-13 13:38:18,C:\\TA\\project-ta\\data_spliting\\test_set\\benign\\1984.ps1,custom-ps-ml,UNKNOWN,66e2c577-283b-4031-869c-e824c6857bc1,DESKTOP-BAC9DBQ,benign,0.048,RandomForest,881,2637.22,"Describe \""New-Event\"" -Tags \""CI\"" {; Context \""Check return type of New-Event\"" {; It \""Should return PSEventArgs as return type of New-Event\"" {; New-Event -SourceIdentifier a | Should -BeOfType System.Management.Automation.PSEventArgs; }; }; Context \""Check New-Event can register an event\""{; It \""Should return PesterTestMessage as the MessageData\"" {; (New-Event -sourceidentifier PesterTimer -sender Windows.timer -messagedata \""PesterTestMessage\""); (Get-Event -SourceIdentifier PesterTimer).MessageData  | Should -BeExactly \""PesterTestMessage\""; Remove-Event -sourceidentifier PesterTimer; }; It \""Should return Sender as Windows.timer\"" {; (New-Event -sourceidentifier PesterTimer -sender Windows.timer -messagedata \""PesterTestMessage\""); (Get-Event -SourceIdentifier PesterTimer).Sender  | Should -Be Windows.timer; Remove-Event -sourceIdentifier PesterTimer; }; }; }",benign,TN
2026-07-13 13:38:40,C:\\TA\\project-ta\\data_spliting\\test_set\\benign\\2016.ps1,custom-ps-ml,UNKNOWN,a73ee6dd-dd38-4d16-9bb3-f6bbdf6fa2e0,DESKTOP-BAC9DBQ,benign,0.0765,RandomForest,215,2211.24,". \""$psscriptroot/TestRunner.ps1\""; $AssemblyName = \""Microsoft.PowerShell.ConsoleHost\""; $excludeList = @(\""HostMshSnapinResources.resx\""); Test-ResourceStrings -AssemblyName $AssemblyName -ExcludeList $excludeList",benign,TN
2026-07-13 13:40:57,C:\\TA\\project-ta\\data_spliting\\test_set\\benign\\2051.ps1,custom-ps-ml,UNKNOWN,5efc981d-f9e9-4da8-9ccf-51f3eaa1452b,DESKTOP-BAC9DBQ,benign,0.0074,RandomForest,3223,2125.17,"try {; $defaultParamValues = $PSdefaultParameterValues.Clone(); $PSDefaultParameterValues[\""it:skip\""] = ![System.Management.Automation.Platform]::IsWindowsDesktop; Describe 'Basic COM Tests' -Tags \""CI\"" {; BeforeAll {; $null = New-Item -Path $TESTDRIVE/file1 -ItemType File; $null = New-Item -Path $TESTDRIVE/file2 -ItemType File; $null = New-Item -Path $TESTDRIVE/file3 -ItemType File; }; It \""Should enumerate files from a folder\"" {; $shell = New-Object -ComObject \""Shell.Application\""; $folder = $shell.Namespace(\""$TESTDRIVE\""); $items = $folder.Items(); $items.Count | Should -Be 3; $items | Measure-Object | ForEach-Object Count | Should -Be $items.Count; $names = $items | ForEach-Object { $_.Name }; $names -join \"",\"" | Should -Be \""file1,file2,file3\""; }; It \""Should enumerate IEnumVariant interface object without exception\"" {; $shell = New-Object -ComObject \""Shell.Application\""; $folder = $shell.Namespace(\""$TESTDRIVE\""); $items = $folder.Items(); $enumVariant = $items._NewEnum(); $items.Count | Should -Be 3; $enumVariant | Measure-Object | ForEach-Object Count | Should -Be $items.Count; }; It \""Should enumerate drives\"" {; $fileSystem = New-Object -ComObject scripting.filesystemobject; $drives = $fileSystem.Drives; $drives | Measure-Object | ForEach-Object Count | Should -Be $drives.Count; $element = $drives | Select-Object -First 1; [System.Object]::ReferenceEquals($element, $drives) | Should -BeFalse; $element | Should -Be $drives.Item($element.DriveLetter); }; It \""ToString() should return method paramter names\"" {; $shell = New-Object -ComObject \""Shell.Application\""; $fullSignature = $shell.AddToRecent.ToString(); $fullSignature | Should -BeExactly \""void AddToRecent (Variant varFile, string bstrCategory)\""; }; }; Describe 'GetMember/SetMember/InvokeMember binders should have more restricted rule for COM object' -Tags \""CI\"" {; BeforeAll {; if ([System.Management.Automation.Platform]::IsWindowsDesktop) {; $null = New-Item -Path $TESTDRIVE/bar -ItemType Directory -Force; $shell = New-Object -ComObject \""Shell.Application\""; $folder = $shell.Namespace(\""$TESTDRIVE\""); $item = $folder.Items().Item(0); $item = [psobject]::AsPSObject($item); $str = Add-Member -InputObject \""abc\"" -MemberType NoteProperty -Name Name -Value \""Hello\"" -PassThru; $str = Add-Member -InputObject $str -MemberType ScriptMethod -Name Windows -Value { \""Windows\"" } -PassThru; }; }; It \""GetMember binder should differentiate PSObject that wraps COM object from other PSObjects\"" {; $entry1 = ($item, \""bar\""); $entry2 = ($str, \""Hello\""); foreach ($pair in ($entry1, $entry2, $entry2, $entry1, $entry1, $entry2)) {; $pair[0].Name | Should -Be $pair[1]; }; }; It \""SetMember binder should differentiate PSObject that wraps COM object from other PSObjects\"" {; $entry1 = ($item, \""foo\""); $entry2 = ($str, \""World\""); foreach ($pair in ($entry1, $entry2)) {; $pair[0].Name = $pair[1]; $pair[0].Name | Should -Be $pair[1]; }; }; It \""InvokeMember binder should differentiate PSObject that wraps COM object from other PSObjects\"" {; $shell | ForEach-Object { $_.Windows() } &gt; $null; $str.Windows() | Should -Be \""Windows\""; }; }; } finally {; $global:PSdefaultParameterValues = $defaultParamValues; }",benign,TN
2026-07-13 13:41:39,C:\\TA\\project-ta\\data_spliting\\test_set\\benign\\2064.ps1,custom-ps-ml,UNKNOWN,81f47bf8-711a-482a-80a6-56e43f52a37e,DESKTOP-BAC9DBQ,benign,0.1325,RandomForest,4103,2090.81,"Describe \""Language Primitive Tests\"" -Tags \""CI\"" {; It \""Equality comparison with string and non-numeric type should not be culture sensitive\"" {; $date = [datetime]'2005,3,10'; $val = [System.Management.Automation.LanguagePrimitives]::Equals($date, \""3/10/2005\""); $val | Should -BeTrue; }; It \""Test conversion of an PSObject with Null Base Object to bool\"" {; $mshObj = New-Object psobject; { [System.Management.Automation.LanguagePrimitives]::ConvertTo($mshObj, [bool]) } | Should -BeTrue; }; It \""Test conversion of an PSObject with Null Base Object to string\"" {; $mshObj = New-Object psobject; { [System.Management.Automation.LanguagePrimitives]::ConvertTo($mshObj, [string]) -eq \""\"" } | Should -BeTrue; }; It \""Test conversion of an PSObject with Null Base Object to object\"" {; $mshObj = New-Object psobject; { $mshObj -eq [System.Management.Automation.LanguagePrimitives]::ConvertTo($mshObj, [Object]) } | Should -BeTrue; }; It \""Test Conversion of an IEnumerable to object[]\"" {; $col = [System.Diagnostics.Process]::GetCurrentProcess().Modules; $ObjArray = [System.Management.Automation.LanguagePrimitives]::ConvertTo($col, [object[]]); $ObjArray.Length | Should -Be $col.Count; }; It \""Casting recursive array to bool should not cause crash\"" {; $a[0] = $a = [PSObject](, 1); [System.Management.Automation.LanguagePrimitives]::IsTrue($a) | Should -BeTrue; }; It \""LanguagePrimitives.GetEnumerable should treat 'DataTable' as Enumerable\"" {; $dt = [System.Data.DataTable]::new(\""test\""); $dt.Columns.Add(\""Name\"", [string]) &gt; $null; $dt.Columns.Add(\""Age\"", [string]) &gt; $null; $dr = $dt.NewRow(); $dr[\""Name\""] = \""John\""; $dr[\""Age\""] = \""20\""; $dr2 = $dt.NewRow(); $dr[\""Name\""] = \""Susan\""; $dr[\""Age\""] = \""25\""; $dt.Rows.Add($dr); $dt.Rows.Add($dr2); [System.Management.Automation.LanguagePrimitives]::IsObjectEnumerable($dt) | Should -BeTrue; $count = 0; [System.Management.Automation.LanguagePrimitives]::GetEnumerable($dt) | ForEach-Object { $count++ }; $count | Should -Be 2; }; It \""TryCompare should succeed on int and string\"" {; $result = $null; [System.Management.Automation.LanguagePrimitives]::TryCompare(1, \""1\"", [ref] $result) | Should -BeTrue; $result | Should -Be 0; }; It \""TryCompare should fail on int and datetime\"" {; $result = $null; [System.Management.Automation.LanguagePrimitives]::TryCompare(1, [datetime]::Now, [ref] $result) | Should -BeFalse; }; It \""TryCompare should succeed on int and int and compare correctly smaller\"" {; $result = $null; [System.Management.Automation.LanguagePrimitives]::TryCompare(1, 2, [ref] $result) | Should -BeTrue; $result | Should -BeExactly -1; }; It \""TryCompare should succeed on string and string and compare correctly greater\"" {; $result = $null; [System.Management.Automation.LanguagePrimitives]::TryCompare(\""bbb\"", \""aaa\"", [ref] $result) | Should -BeTrue; $result | Should -BeExactly 1; }; It \""TryCompare should succeed on string and string and compare case insensitive correctly\"" {; $result = $null; [System.Management.Automation.LanguagePrimitives]::TryCompare(\""AAA\"", \""aaa\"", $true, [ref] $result) | Should -BeTrue; $result | Should -BeExactly 0; }; It \""TryCompare with cultureInfo is culture sensitive\"" {; $result = $null; $swedish = [cultureinfo] 'sv-SE'; $val = [System.Management.Automation.LanguagePrimitives]::TryCompare(\""ooo\"", \""Ã¥Ã¥Ã¥\"", $false, $swedish, [ref] $result); $val | Should -BeTrue; $result | Should -BeExactly -1; }; It \""TryCompare compares greater than null as Compare\"" {; $result = $null; $compareResult = [System.Management.Automation.LanguagePrimitives]::Compare($null, 10); $val = [System.Management.Automation.LanguagePrimitives]::TryCompare($null, 10, [ref] $result); $val | Should -BeTrue; $result | Should -BeExactly $compareResult; }; It \""TryCompare compares less than null as Compare\"" {; $result = $null; $compareResult = [System.Management.Automation.LanguagePrimitives]::Compare(10, $null); $val = [System.Management.Automation.LanguagePrimitives]::TryCompare(10, $null, [ref] $result); $val | Should -BeTrue; $result | Should -BeExactly $compareResult; }; }",benign,TN
2026-07-13 13:43:15,C:\\TA\\project-ta\\data_spliting\\test_set\\benign\\2110.ps1,custom-ps-ml,UNKNOWN,95919452-9f94-406f-a668-9b8ff4b0f413,DESKTOP-BAC9DBQ,benign,0.0104,RandomForest,4668,2024.39,"Describe \""ArrayExpression Tests\"" -Tags \""CI\"" {; It \""@([object[]](1,2,3)) should return a 3-element array of object[]\"" {; $result = @([object[]](1,2,3)); $result.GetType().FullName | Should -BeExactly \""System.Object[]\""; $result.Length | Should -Be 3; }; It \""@([int[]](1,2,3)) should return a 3-element array of object[]\"" {; $result = @([int[]](1,2,3)); $result.GetType().FullName | Should -BeExactly \""System.Object[]\""; $result.Length | Should -Be 3; }; It \""@([object[]]`$null) should return a 1-element(`$null) array of object[]\"" {; $result = @([object[]]$null); $result.GetType().FullName | Should -BeExactly \""System.Object[]\""; $result.Length | Should -Be 1; $result[0] | Should -BeNullOrEmpty; }; It \""@([int[]]`$null) should return a 1-element(`$null) array of object[]\"" {; $result = @([int[]]$null); $result.GetType().FullName | Should -BeExactly \""System.Object[]\""; $result.Length | Should -Be 1; $result[0] | Should -BeNullOrEmpty; }; It \""@([object[]][System.Management.Automation.Internal.AutomationNull]::Value) should return a 1-element(`$null) array of object[]\"" {; $result = @([object[]][System.Management.Automation.Internal.AutomationNull]::Value); $result.GetType().FullName | Should -BeExactly \""System.Object[]\""; $result.Length | Should -Be 1; $result[0] | Should -BeNullOrEmpty; }; It \""@([int[]][System.Management.Automation.Internal.AutomationNull]::Value) should return a 1-element(`$null) array of object[]\"" {; $result = @([int[]][System.Management.Automation.Internal.AutomationNull]::Value); $result.GetType().FullName | Should -BeExactly \""System.Object[]\""; $result.Length | Should -Be 1; $result[0] | Should -BeNullOrEmpty; }; It \""@(`$null) should return a 1-element(`$null) array of object[]\"" {; $result = @($null); $result.GetType().FullName | Should -BeExactly \""System.Object[]\""; $result.Length | Should -Be 1; $result[0] | Should -BeNullOrEmpty; }; It \""@([System.Management.Automation.Internal.AutomationNull]::Value) should return an empty array of object[]\"" {; $result = @([System.Management.Automation.Internal.AutomationNull]::Value); $result.GetType().FullName | Should -BeExactly \""System.Object[]\""; $result.Length | Should -Be 0; }; It \""@([object[]]`$a) should return a new array\"" {; $a = 1,2,3; $result = @([object[]]$a); $result.GetType().FullName | Should -BeExactly \""System.Object[]\""; $result.Length | Should -Be 3; }; It \""@([int[]]`$a) should return a new array\"" {; $a = 1,2,3; $result = @([int[]]$a); $result.GetType().FullName | Should -BeExactly \""System.Object[]\""; $result.Length | Should -Be 3; }; It \""@([System.Collections.Generic.List[object]]`$null) should return a 1-element(`$null) array of object[]\"" {; $result = @([System.Collections.Generic.List[object]]$null); $result.GetType().FullName | Should -BeExactly \""System.Object[]\""; $result.Length | Should -Be 1; $result[0] | Should -BeNullOrEmpty; }; It \""@([void](New-Item)) should create file\"" {; try {; $testFile = Join-Path $TestDrive (New-Guid); $result = @([void](New-Item $testFile -ItemType File)); $testFile | Should -Exist; $result.Count | Should -Be 0; } finally {; Remove-Item $testFile -Force -ErrorAction SilentlyContinue; }; }; }; Describe \""ArrayLiteral Tests\"" -Tags \""CI\"" {; It \""'[void](New-Item),2,3' should return a 3-element array and first element is AutomationNull\"" {; try {; $testFile = Join-Path $TestDrive (New-Guid); $result = [void](New-Item $testFile -ItemType File), 2, 3; $testFile | Should -Exist; $result.Count | Should -Be 3; $result[0] | ForEach-Object { \""YES\"" } | Should -BeNullOrEmpty; $result | Measure-Object | ForEach-Object -MemberName Count | Should -Be 2; } finally{; Remove-Item $testFile -Force -ErrorAction SilentlyContinue; }; }; It \""'[void]1, [void](New-Item), [void]2' should return a 3-AutomationNull-element array\"" {; try {; $testFile = Join-Path $TestDrive (New-Guid); $result = [void]1, [void](New-Item $testFile -ItemType File), [void]2; $testFile | Should -Exist; $result.Count | Should -Be 3; $result | ForEach-Object { \""YES\"" } | Should -BeNullOrEmpty; } finally {; Remove-Item $testFile -Force -ErrorAction SilentlyContinue; }; }; It \""'[void]`$arraylist1.Add(1), `$arraylist2.Clear()' should return a 2-AutomationNull-element array\"" {; $arraylist1 = [System.Collections.ArrayList]::new(); $arraylist2 = [System.Collections.ArrayList]::new(); $arraylist2.Add(2) &gt; $null; $arraylist2.Count | Should -Be 1; $result = [void]$arraylist1.Add(1), $arraylist2.Clear(); $result.Count | Should -Be 2; $result | ForEach-Object { \""YES\"" } | Should -BeNullOrEmpty; $arraylist1.Count | Should -Be 1; $arraylist1[0] | Should -Be 1; $arraylist2.Count | Should -Be 0; }; }",benign,TN
2026-07-13 13:43:37,C:\\TA\\project-ta\\data_spliting\\test_set\\benign\\2125.ps1,custom-ps-ml,UNKNOWN,25543caa-51e9-4367-8af0-598643dc65ea,DESKTOP-BAC9DBQ,benign,0.0068,RandomForest,1238,1744.38,"Describe \""Test trap\"" -Tags \""CI\"" {; Context \""Trap with flow control\"" {; It \""Line after exception should NOT be continued when it's from a nested script block\"" {; $a = . {trap {\""trapped\""; continue;}; . {\""hello\""; throw \""exception\""; \""world\""}}; $a.Length | Should -Be 2; $a -join \"",\"" | Should -BeExactly \""hello,trapped\""; }; It \""Line after exception should NOT be continued and both inner and outter traps should be triggered\"" {; $a = . {trap {\""outer trap\""; continue;}; . {trap {\""inner trap\""; break;}; \""hello\""; throw \""exception\""; \""world\""}}; $a.Length | Should -Be 3; $a -join \"",\"" | Should -BeExactly \""hello,inner trap,outer trap\""; }; It \""Line after exception should be invoked after continue\"" {; $a = . {trap {\""outer trap\""; continue;} \""hello\""; throw \""exception\""; \""world\""}; $a.Length | Should -Be 3; $a -join \"",\"" | Should -BeExactly \""hello,outer trap,world\""; }; It \""Line after exception should NOT be invoked and inner trap should not be triggered\"" {; $a = . {trap {\""outer trap\""; continue;}; . {trap [system.Argumentexception] {\""inner trap\""; continue;}; \""hello\""; throw \""exception\""; \""world\""}}; $a.Length | Should -Be 2; $a -join \"",\"" | Should -BeExactly \""hello,outer trap\""; }; }; }",benign,TN
2026-07-13 13:44:08,C:\\TA\\project-ta\\data_spliting\\test_set\\benign\\2145.ps1,custom-ps-ml,UNKNOWN,b4aa3b24-7f4d-44bc-b8e6-2e6896a22f20,DESKTOP-BAC9DBQ,benign,0.0185,RandomForest,900,1839.75,"Describe 'Automatic variable $input' -Tags \""CI\"" {; It '$input Type should be enumerator' -Skip {; function from_begin { [cmdletbinding()]param() begin { Write-Output -NoEnumerate $input } }; function from_process { [cmdletbinding()]param() process { Write-Output -NoEnumerate $input } }; function from_end { [cmdletbinding()]param() end { Write-Output -NoEnumerate $input } }; (from_begin) -is [System.Collections.IEnumerator] | Should -BeTrue; (from_process) -is [System.Collections.IEnumerator] | Should -BeTrue; (from_end) -is [System.Collections.IEnumerator] | Should -BeTrue; }; It 'Empty $input really is empty' {; &amp; { @($input).Count } | Should -Be 0; &amp; { [cmdletbinding()]param() begin { @($input).Count } } | Should -Be 0; &amp; { [cmdletbinding()]param() process { @($input).Count } } | Should -Be 0; &amp; { [cmdletbinding()]param() end { @($input).Count } } | Should -Be 0; }; }",benign,TN
2026-07-13 13:48:17,C:\\TA\\project-ta\\data_spliting\\test_set\\benign\\2339.ps1,custom-ps-ml,UNKNOWN,6883de69-3abb-4c2c-b903-9e08d92e440b,DESKTOP-BAC9DBQ,benign,0.0016,RandomForest,3208,2228.14,"[xml]$golden_gpo = gc '.\\IE Settings.xml'; $gpos = Get-GPOReport -All -ReportType XML; $golden_gpo_computer_registry_settings = ($golden_gpo.GPO.Computer.ExtensionData | ? {$_.Name -eq 'Registry'}).childNodes.Policy | select name,state; $golden_gpo_user_ie_pref_settings = ($golden_gpo.GPO.User.ExtensionData | ? {$_.Name -eq 'Internet Options'}).childNodes.InternetOptions.IE8.Properties.Reg; $golden_computer_ie_settings = ($golden_gpo.GPO.Computer.ExtensionData | ? { $_.Name -eq 'Registry' }).childNodes.Policy | ? {$_.Category -like 'Windows Components/Internet Explorer*'} | select name,state; foreach ($gpo in $gpos){; [xml]$gpo = $gpo; $gpo_computer_registry_settings = ($gpo.GPO.Computer.ExtensionData | ? {$_.Name -eq 'Registry'}).childNodes.Policy | select name,state; $gpo_user_ie_pref_settings = ($gpo.GPO.User.ExtensionData | ? {$_.Name -eq 'Internet Options'}).childNodes.InternetOptions.IE8.Properties.Reg; if ($gpo_computer_registry_settings) {; $Compare = Compare-Object -ReferenceObject $gpo_computer_registry_settings -DifferenceObject $golden_gpo_computer_registry_settings -Property Name -IncludeEqual -PassThru | ? {$_.SideIndicator -eq '=='}; if ($Compare) {; $Compare | % {; $properties = @{'MatchingGPO' = $gpo.GPO.Name; 'GPOSetting' = 'Computer'; 'CompareType' = 'Match'; 'Setting' = \""$($_.Name) = $($_.State)\""}; New-Object -TypeName PSObject -Property $properties; } | Export-Csv Matching-IE-GPO-Settings.txt -NoTypeInformation -Append; }; }; if ($gpo_user_ie_pref_settings) {; $Compare = Compare-Object -ReferenceObject $gpo_user_ie_pref_settings -DifferenceObject $golden_gpo_user_ie_pref_settings -Property Name -IncludeEqual -PassThru | ? {$_.SideIndicator -eq '=='}; if ($Compare) {; $Compare | % {; $properties = @{'MatchingGPO' = $gpo.GPO.Name; 'GPOSetting' = 'User'; 'CompareType' = 'Match'; 'Setting' = \""$($_.Key)\\$($_.Name)\""}; New-Object -TypeName PSObject -Property $properties; } | Export-Csv Matching-IE-GPO-Settings.txt -NoTypeInformation -Append; }; $Compare = Compare-Object -ReferenceObject $gpo_user_ie_pref_settings -DifferenceObject $golden_gpo_user_ie_pref_settings -Property Name -PassThru | ? {$_.SideIndicator -eq '=&gt;'}; if ($Compare) {; $Compare | % {; $properties = @{'MatchingGPO' = $gpo.GPO.Name; 'GPOSetting' = 'User'; 'CompareType' = 'Difference'; 'Setting' = \""$($_.Key)\\$($_.Name)\""}; New-Object -TypeName PSObject -Property $properties; } | Export-Csv Matching-IE-GPO-Settings.txt -NoTypeInformation -Append; }; }; $diff_computer_ie_settings = ($gpo.GPO.Computer.ExtensionData | ? { $_.Name -eq 'Registry' }).childNodes.Policy | ? {$_.Category -like 'Windows Components/Internet Explorer*'} | select name,state; if ($diff_computer_ie_settings) {; $Compare = Compare-Object -ReferenceObject $golden_computer_ie_settings -DifferenceObject $diff_computer_ie_settings -Property name -PassThru | ? {$_.SideIndicator -eq '=&gt;'}; if ($Compare) {; $Compare | % {; $properties = @{'MatchingGPO' = $gpo.GPO.Name; 'GPOSetting' = 'Computer'; 'CompareType' = 'Difference'; 'Setting' = \""$($_.Name) = $($_.State)\""}; New-Object -TypeName PSObject -Property $properties; } | Export-Csv Matching-IE-GPO-Settings.txt -NoTypeInformation -Append; }; }; }",benign,TN
2026-07-13 13:48:41,C:\\TA\\project-ta\\data_spliting\\test_set\\benign\\2352.ps1,custom-ps-ml,UNKNOWN,c1a498da-b23a-450e-8e17-3342c319da26,DESKTOP-BAC9DBQ,benign,0.0329,RandomForest,878,2114.85,"Import-Module ActiveDirectory; try {; $uap_docs = Import-Csv C:\\scripts\\All-Doc-2013-Password-Policy\\all-docs-2013-password-policy.csv; $ad_pw_ages = @();; foreach ($user in $uap_docs) {; $ad_pw_ages += Get-AdUser $user.Username -Properties passwordlastset | % {\""$($_.Givenname) $($_.Surname), $($_.PasswordLastSet)`n\""}; }; $oFrom = New-Object system.net.Mail.MailAddress 'adbertram@gmail.com','Adam Bertram';; $oTo = New-Object system.net.Mail.MailAddress 'jdoe@email.com', 'John Doe'; $oMsg = New-Object System.Net.Mail.MailMessage $oFrom, $oTo; $oMsg.Subject = 'Daily Doc Password Changes'; $oMsg.Body = \""Here is the most recent list of docs and their password ages.`n`n$ad_pw_ages\""; $sSmtpServer = 'smtp.email.com';; $oSmtpClient = new-object Net.Mail.SmtpClient($sSmtpServer);; $oSmtpClient.Send($oMsg);; } catch [System.Exception] {; return $_.Exception.Message;; }",benign,TN
2026-07-13 13:49:13,C:\\TA\\project-ta\\data_spliting\\test_set\\benign\\2367.ps1,custom-ps-ml,UNKNOWN,2d450966-4853-42bf-9ccf-5492acfbfbd2,DESKTOP-BAC9DBQ,benign,0.0165,RandomForest,852,2467.4,$aOutput = @();; $aDisabledGpos = Get-GPO -All | Where-Object { $_.GpoStatus -eq 'AllSettingsDisabled' };; foreach ($oGpo in $aDisabledGpos) {; $oOutput = New-Object System.Object;; $oOutput | Add-Member -type NoteProperty -Name 'Status' -Value 'Disabled';; $oOutput | Add-Member -type NoteProperty -Name 'Name' -Value $oGpo.DisplayName;; $aOutput += $oOutput;; }; $aAllGpos = Get-Gpo -All;; $aUnlinkedGpos = @();; foreach ($oGpo in $aAllGpos) {; [xml]$oGpoReport = Get-GPOReport -Guid $oGpo.ID -ReportType xml;; if (!(Test-Member $oGpoReport.GPO LinksTo)) {; $oOutput = New-Object System.Object;; $oOutput | Add-Member -type NoteProperty -Name 'Status' -Value 'Unlinked';; $oOutput | Add-Member -type NoteProperty -Name 'Name' -Value $oGpo.DisplayName;; $aOutput += $oOutput;; }; }; $aOutput.Count; $aOutput | Sort-Object Name | Format-Table -AutoSize,benign,TN
2026-07-13 13:52:31,C:\\TA\\project-ta\\data_spliting\\test_set\\benign\\2486.ps1,custom-ps-ml,UNKNOWN,12e143dd-d963-4888-ae10-de43a511a295,DESKTOP-BAC9DBQ,benign,0.0792,RandomForest,523,1967.74,"Read-Host -AsSecureString | ConvertFrom-SecureString | Out-File encrypted_password.txt; $vpn_profile = 'Profile name'; $username = 'username'; $enc_password = (gc .\\encrypted_password.txt | ConvertTo-SecureString); $credentials = new-object -typename System.Management.Automation.PSCredential -argumentlist $username,$enc_password $password = $credentials.GetNetworkCredential().Password; Set-Location 'C:\\Program Files (x86)\\Cisco Systems\\VPN Client'; .\\vpnclient.exe connect $vpn_profile user $username pwd $password",benign,TN
2026-07-13 13:54:34,C:\\TA\\project-ta\\data_spliting\\test_set\\benign\\2533.ps1,custom-ps-ml,UNKNOWN,88d56f96-7c23-40cc-a79c-66a49beb9159,DESKTOP-BAC9DBQ,benign,0.1252,RandomForest,290,2156.34,"param($fileFilter=$(throw \""Filter must be specified\"")); $regex = [regex]\""^(?&lt;Program&gt;\\S*)\\s*pid: (?&lt;PID&gt;\\d*)\\s*type: (?&lt;Handle&gt;\\S*)\\s*\\w*: (?&lt;File&gt;((\\\\\\\\).*|([a-zA-Z]:).*))\""; E:\\Dexma\\bin\\ThirdParty\\handle $fileFilter | Get-Matches -Pattern $regex",benign,TN
2026-07-13 13:54:46,C:\\TA\\project-ta\\data_spliting\\test_set\\benign\\2535.ps1,custom-ps-ml,UNKNOWN,c4b40ddd-971f-487e-9a96-a9d42327f3b7,DESKTOP-BAC9DBQ,benign,0.0237,RandomForest,1184,1792.14,"; $LastDayOfMonth = (Get-Date -Year (Get-Date).Year -Month (Get-Date).Month -Day 1 -DisplayHint Date).AddMonths(1).AddDays(-1); Write-Host ($lastDayOfMonth).Date; $DateDiff1 = New-TimeSpan $(Get-Date -month 9 -day 29 -year 2011) $lastDayOfMonth; $DateDiff2 = New-TimeSpan $(Get-Date -month 9 -day 28 -year 2011) $lastDayOfMonth; $DateDiff3 = New-TimeSpan $(Get-Date -month 9 -day 27 -year 2011) $lastDayOfMonth; $DateDiff4 = New-TimeSpan $(Get-Date -month 9 -day 26 -year 2011) $lastDayOfMonth; Write-Host ($DateDiff1).days \""9-29-2011\"";; Write-Host ($DateDiff2).days \""9-28-2011\"";; Write-Host ($DateDiff3).days \""9-27-2011\"";; Write-Host ($DateDiff4).days \""9-26-2011\"";; if ((Get-Date).Day -eq 1) {; Write-Host \""The first of the month.\"";; }; if (($DateDiff.days -eq '1')) {; Write-Host \""The date is within one day of the end of the month.\"";; }; elseif (($DateDiff.days -eq '2')) {; Write-Host \""The date is within two days of the end of the month.\"";; }; elseif (($DateDiff.days -eq '3')) {; Write-Host \""The date is within three days of the end of the month.\"";; }; elseif (($DateDiff.days -eq '4')) {; Write-Host \""The date is within four days of the end of the month.\"";; }",benign,TN
2026-07-13 13:54:57,C:\\TA\\project-ta\\data_spliting\\test_set\\benign\\2542.ps1,custom-ps-ml,UNKNOWN,851fa1cd-6bb4-49af-900c-9b6770bd8a84,DESKTOP-BAC9DBQ,benign,0.0416,RandomForest,534,1813.47,"$a = \""XSQLUTIL18\"", \""XSQLUTIL19\""; $a | % `; {; $ServerName = $_;; cd sqlserver:\\; cd sql\\$ServerName\\default\\databases; $DBs = dir;; $DBs | % `; {; $LastBackupDate = $_.LastBackupDate;; $LastLogBackupDate = $_.LastLogBackupDate;; $LastDiffBackupDate = $_.LastDifferentialBackupDate;; invoke-sqlcmd -ServerInstance \""XSQLUTIL18\"" -Database \""dbamaint\"" -query \""Insert BackupInfo SELECT '$ServerName', '$lastBackupDate', '$LastLogBackupDate', '$LastDiffBackupDate'\"" -SuppressProviderContextWarning; $ServerName;; $_.Name;; }; }",benign,TN
2026-07-13 13:56:05,C:\\TA\\project-ta\\data_spliting\\test_set\\benign\\2569.ps1,custom-ps-ml,UNKNOWN,27a12848-a1b9-43ef-8153-a0b3549c9946,DESKTOP-BAC9DBQ,benign,0.0207,RandomForest,1346,1850.75,"$Database = \""dbamaint\""; $Server = \""PSQLPA24\""; $SMTPServer = \""smtp.domain.com\""; $AttachmentPath = \""C:\\Dexma\\Logs\\output.csv\""; $SqlQuery = \""exec sel_TRNSizing\""; $SqlConnection = New-Object System.Data.SqlClient.SqlConnection; $SqlConnection.ConnectionString = \""Data Source=$Server;Initial Catalog=$Database;Integrated Security = True\""; $SqlCmd = New-Object System.Data.SqlClient.SqlCommand; $SqlCmd.CommandText = $SqlQuery; $SqlCmd.Connection = $SqlConnection; $SqlAdapter = New-Object System.Data.SqlClient.SqlDataAdapter; $SqlAdapter.SelectCommand = $SqlCmd; $DataSet = New-Object System.Data.DataSet; $nRecs = $SqlAdapter.Fill($DataSet); $nRecs | Out-Null; $objTable = $DataSet.Tables[0]; $d = Get-Date; $ThisWeek = $d.toshortdatestring(); $dLastWeek = $d.AddDays(-7); $LastWeek = $dLastWeek.toshortdatestring(); write-host $ThisWeek; write-host $LastWeek; $objTable | Export-CSV $AttachmentPath -NoType; $GraphCompareAll = \"".\\logparser.exe `\""select to_string(to_timestamp('BackupDate', 'mm/dd/yy hh:mm:ss'), 'yyyy-MM-dd') AS BackupDate, TotalSize   into TRNLogSizing.gif; from c:\\dexma\\logs\\*.csv; order by to_string(to_timestamp('BackupDate', 'mm/dd/yy hh:mm:ss'), 'yyyy-MM-dd') desc`\"" -groupSize:1280x960 -categories:ON -maxCategoryLabels:-1 -chartTitle:WeeklyResponseTimeComparison\""; Invoke-Expression $GraphCompareAll",benign,TN
2026-07-13 13:56:32,C:\\TA\\project-ta\\data_spliting\\test_set\\benign\\2600.ps1,custom-ps-ml,UNKNOWN,54ac8484-ac37-473d-9e61-2b62c3a2a819,DESKTOP-BAC9DBQ,benign,0.0475,RandomForest,997,1783.85,"[System.Reflection.Assembly]::LoadWithPartialName(\""Microsoft.SqlServr.Rmo\""); $servername = \""STGSQL610\""; $repserver = New-Object \""Microsoft.SqlServer.Replication.ReplicationServer\""; $srv = New-Object \""Microsoft.SqlServer.Management.Common.ServerConnection\"" $servername; $srv.connect(); $repserver.ConnectionContext = $srv; $databasename = \""Boeing4\""; $repdb = $repserver.ReplicationDatabases[$databasename]; $repdb.transpublications; $publication_name = \""BoeingSMC\""; $publication_object = $repdb.transpublications[$publication_name]; $publication_object.TransArticles; $publication_object.TransSubscriptions; $script_val = [Microsoft.SqlServer.Replication.ScriptOptions]::Creation -bxor [Microsoft.SqlServer.Replication.ScriptOptions]::IncludeGo; $publication_object.Script($script_val); Foreach ($article in $publication_object.TransArticles) {; $article.Script($script_val); }; Foreach ($subscription in $publication_object.TransSubscriptions)\t {; $subscription.Script($script_val); }",benign,TN
2026-07-13 13:57:01,C:\\TA\\project-ta\\data_spliting\\test_set\\benign\\2622.ps1,custom-ps-ml,UNKNOWN,3a3ed3e9-ab00-4e19-aa41-c42b0a8586b1,DESKTOP-BAC9DBQ,benign,0.0074,RandomForest,1246,1732.71,"Import-Module C:\\git-repositories\\PowerShell\\MSFVMLab\\MSFVMLab.psm1 -Force; $LabConfig = Get-Content C:\\git-repositories\\PowerShell\\MSFVMLab\\LabVMS.json | ConvertFrom-Json; $WorkingDirectory = $LabConfig.WorkingDirectory; $Domain = $LabConfig.Domain; $LocalAdminCred = Import-Clixml \""$WorkingDirectory\\vmlab_localadmin.xml\""; $DomainCred = Import-Clixml \""$WorkingDirectory\\vmlab_domainadmin.xml\""; $dc = ( $LabConfig.Servers | Where-Object {$_.Class -eq 'DomainController'}).Name; Copy-VMFile -Name $dc -SourcePath 'C:\\git-repositories\\PowerShell\\MSFVMLab\\VMDSC.ps1' -DestinationPath 'C:\\Temp\\VMDSC.ps1' -CreateFullPath -FileSource Host -Force; Copy-VMFile -Name $dc -SourcePath 'C:\\git-repositories\\PowerShell\\MSFVMLab\\VMDSC_DHCP.ps1' -DestinationPath 'C:\\Temp\\VMDSC_DHCP.ps1' -CreateFullPath -FileSource Host -Force; Copy-VMFile -Name $dc -SourcePath 'C:\\git-repositories\\PowerShell\\MSFVMLab\\SQLDSC.ps1' -DestinationPath 'C:\\Temp\\SQLDSC.ps1' -CreateFullPath -FileSource Host -Force; Invoke-Command -VMName $dc -ScriptBlock {. C:\\Temp\\VMDSC.ps1 -DName \""$using:Domain.com\"" -DCred $using:DomainCred} -Credential $LocalAdminCred; Stop-VM $dc; Start-VM $dc; Write-Warning \""Log into the DC and complete promotion!\""",benign,TN
2026-07-13 13:57:38,C:\\TA\\project-ta\\data_spliting\\test_set\\benign\\2639.ps1,custom-ps-ml,UNKNOWN,61481b9f-88a9-491c-8a8b-25d8b455abd1,DESKTOP-BAC9DBQ,benign,0.0205,RandomForest,1201,2447.5,"param([string] $ServerInstance); $smosrv = New-Object Microsoft.SqlServer.Management.Smo.Server $ServerInstance; $jobs = @('BackupDBs-FULL','BackupDBs-LOGS'); foreach($job in $jobs){; $j = New-Object Microsoft.SqlServer.Management.Smo.Agent.Job ($smosrv.JobServer,$job); $jstep = new-object Microsoft.SqlServer.Management.Smo.Agent.JobStep ($j, 'Execute Script'); $jstep.SubSystem = 'PowerShell'; $jstep.Command = (Get-Content -Path \"".\\$job.ps1\"") -join \""`r`n\""; $jstep.OnSuccessAction = 'QuitWithSuccess'; $jstep.OnFailAction = 'QuitWithFailure'; $jschedule = new-object Microsoft.SqlServer.Management.Smo.Agent.JobSchedule ($j, $job); if($job -eq 'BackupDBs-LOGS'){; $runtime = New-TimeSpan -Hours 0; $jschedule.FrequencyTypes = 'Daily'; $jschedule.FrequencyInterval = 1; $jschedule.FrequencySubDayTypes = 'Minute'; $jschedule.FrequencySubDayInterval = 15; $jschedule.ActiveStartTimeOfDay = $runtime; } else {; $runtime = New-TimeSpan -Hours 22; $jschedule.FrequencyTypes = 'Daily'; $jschedule.FrequencyInterval = 1; $jschedule.FrequencySubDayTypes = 'Once'; $jschedule.ActiveStartTimeOfDay = $runtime; }; $j.Create(); $jstep.Create(); $jschedule.Create(); $j.ApplyToTargetServer($smosrv.Name); }",benign,TN
2026-07-13 13:57:50,C:\\TA\\project-ta\\data_spliting\\test_set\\benign\\2641.ps1,custom-ps-ml,UNKNOWN,45eac84a-1155-47d5-bb53-713016d84a5b,DESKTOP-BAC9DBQ,benign,0.0028,RandomForest,618,2257.84,"$dbs = Invoke-Sqlcmd -ServerInstance localhost -Database tempdb -Query \""SELECT name FROM sys.databases WHERE database_id != 2 and state_desc = 'ONLINE'\""; $datestring =  (Get-Date -Format 'yyyyMMddHHmm'); foreach($db in $dbs.name){; $dir = \""C:\\Backups\\$db\""; if( -not (Test-Path $dir)){New-Item -ItemType Directory -path $dir}; $filename = \""$db-$datestring.bak\""; $backup=Join-Path -Path $dir -ChildPath $filename; Backup-SqlDatabase -ServerInstance localhost -Database $db -BackupFile $backup -CompressionOption On; Get-ChildItem $dir\\*.bak| Where {$_.LastWriteTime -lt (Get-Date).AddMinutes(-1)}|Remove-Item; }",benign,TN
2026-07-13 13:59:33,C:\\TA\\project-ta\\data_spliting\\test_set\\benign\\2720.ps1,custom-ps-ml,UNKNOWN,f118c264-67ad-4549-b0c0-3cf8611b0f19,DESKTOP-BAC9DBQ,benign,0.0322,RandomForest,267,2346.29,"; $ErrorActionPreference = \""Continue\""; Try {; Push-Location; Set-Location Cert:; ls -r * | Select-Object PSParentPath,FriendlyName,NotAfter,NotBefore,SerialNumber,Thumbprint,Issuer,Subject; } Catch {; (\""Caught exception: {0}.\"" -f $_); } Finally {; Pop-Location; }",benign,TN
2026-07-13 13:59:36,C:\\TA\\project-ta\\data_spliting\\test_set\\benign\\2722.ps1,custom-ps-ml,UNKNOWN,93ca2e54-6b83-43fb-975a-05859eaf0c43,DESKTOP-BAC9DBQ,benign,0.047,RandomForest,338,1908.81,"if (Test-Path \""$env:SystemRoot\\clrver.exe\"") {; $counter = 0; &amp; $env:SystemRoot\\clrver.exe -all 2&gt; $null | `; ConvertFrom-Csv -Delimiter `t -Header \""PID\"",\""ProcessName\"",\""CLR Version\"" | `; ForEach-Object {; if ($counter -gt 1) {; $_; }; $counter += 1; }; } else {; Write-Error \""Clrver.exe not found in $env:SystemRoot.\""; }",benign,TN
2026-07-13 13:59:39,C:\\TA\\project-ta\\data_spliting\\test_set\\benign\\2723.ps1,custom-ps-ml,UNKNOWN,577bb1f8-0eed-42dd-9239-04bf37d05295,DESKTOP-BAC9DBQ,benign,0.0361,RandomForest,90,2084.67,Get-WmiObject -Namespace root\\Microsoft\\SecurityClient -Class AntimalwareInfectionStatus,benign,TN
2026-07-13 13:59:42,C:\\TA\\project-ta\\data_spliting\\test_set\\benign\\2725.ps1,custom-ps-ml,UNKNOWN,b7a18281-8493-4692-a4bc-7e664e8a3c01,DESKTOP-BAC9DBQ,benign,0.0139,RandomForest,360,1862.31,"; $obj = \""\"" | Select-Object $($PSVersionTable.Keys); foreach($item in $PSVersionTable.Keys) {; $obj.$item = $($PSVersionTable[$item] -join \"".\""); }; $i = 1; Get-ChildItem -Force \""$($env:windir)\\Microsoft.Net\\Framework\"" -Include mscorlib.dll -Recurse | ForEach-Object {; $obj | Add-Member NoteProperty .NET_$i $_.VersionInfo.ProductVersion; $i++; }; $obj",benign,TN
2026-07-13 14:00:21,C:\\TA\\project-ta\\data_spliting\\test_set\\benign\\2758.ps1,custom-ps-ml,UNKNOWN,414dbb9f-6498-4921-ace5-363254152347,DESKTOP-BAC9DBQ,benign,0.055,RandomForest,96,1830.38,; Update-TypeData -TypeName System.Diagnostics.Process -SerializationDepth 3 -Force; Get-Process,benign,TN
2026-07-13 14:01:34,C:\\TA\\project-ta\\data_spliting\\test_set\\benign\\2816.ps1,custom-ps-ml,UNKNOWN,8750f062-85b5-447f-9bdd-ae7847314f76,DESKTOP-BAC9DBQ,benign,0.0619,RandomForest,157,1562.19,"; $data = $null; foreach ($file in (ls *svcall.xml)) {; $data += Import-Clixml $file; }; $data | ? { $_.StartMode -eq \""Auto\"" -or $_.State -eq \""Running\"" }",benign,TN
2026-07-13 14:02:52,C:\\TA\\project-ta\\data_spliting\\test_set\\benign\\2865.ps1,custom-ps-ml,UNKNOWN,00f7dfd8-d20c-4855-99f8-a89e8286762f,DESKTOP-BAC9DBQ,benign,0.0164,RandomForest,230,2008.89,task default -depends test; task test {; Push-Location 'missing_build_file'; $result = invoke-psake -Docs | Out-String; Pop-Location; Assert ($result -match 'adefaulttask') 'Default build file should a task called adefaulttask'; },benign,TN
2026-07-13 14:03:12,C:\\TA\\project-ta\\data_spliting\\test_set\\benign\\2885.ps1,custom-ps-ml,UNKNOWN,da63c7c9-f9f3-4ebe-8cff-49858fabc38d,DESKTOP-BAC9DBQ,benign,0.0129,RandomForest,226,1685.63,Framework '4.7'; task default -depends MsBuild; task MsBuild {; if ( $IsMacOS -OR $IsLinux ) {}; else {; $output = &amp;msbuild /version /nologo 2&gt;&amp;1; Assert ($output -NotLike '15.0') '$output should contain 15.0'; }; },benign,TN
2026-07-13 14:03:14,C:\\TA\\project-ta\\data_spliting\\test_set\\benign\\2891.ps1,custom-ps-ml,UNKNOWN,5652e1cf-a806-463e-90ab-3c66664f76db,DESKTOP-BAC9DBQ,benign,0.0263,RandomForest,250,1629.21,Task default -Depends RunWhatIf; Task RunWhatIf {; try {; $global:WhatIfPreference = $true; $parameters = @{p1='whatifcheck';}; Invoke-psake .\\nested\\whatifpreference.ps1 -parameters $parameters; } finally {; $global:WhatIfPreference = $false; }; },benign,TN
2026-07-13 14:03:17,C:\\TA\\project-ta\\data_spliting\\test_set\\benign\\2897.ps1,custom-ps-ml,UNKNOWN,bc912b82-6772-4e50-8607-06874e26c7e3,DESKTOP-BAC9DBQ,benign,0.011,RandomForest,491,1669.47,"properties {; $container = @{}; $container.foo = \""foo\""; $container.bar = $null; $foo = 1; $bar = 1; }; task default -depends TestInit; task TestInit {; Assert ($container.foo -eq \""foo\"") \""$container.foo should be foo\""; Assert ($container.bar -eq \""bar\"") \""$container.bar should be bar\""; Assert ($container.baz -eq \""baz\"") \""$container.baz should be baz\""; Assert ($foo -eq 1) \""$foo should be 1\""; Assert ($bar -eq 2) \""$bar should be 2\""; Assert ($baz -eq 3) \""$baz should be 3\""; }",benign,TN
2026-07-13 14:03:19,C:\\TA\\project-ta\\data_spliting\\test_set\\benign\\2900.ps1,custom-ps-ml,UNKNOWN,85a9784d-8645-44a9-b4db-ee23d7aff8bb,DESKTOP-BAC9DBQ,benign,0.0012,RandomForest,388,1848.43,"Properties {; [string]$testProperty = \""Test123\""; }; BuildSetup {; [string]$expected = \""Test123\""; if ($testProperty -ne $expected) {; throw \""Expected sequence '$expected', but was actually '$testProperty'\""; }; }; Task default -depends Compile, Test, Deploy; Task Compile {; \""Compiling\""; }; Task Test -depends Compile {; \""Testing\""; }; Task Deploy -depends Test {; \""Deploying\""; }",benign,TN
2026-07-13 14:03:22,C:\\TA\\project-ta\\data_spliting\\test_set\\benign\\2903.ps1,custom-ps-ml,UNKNOWN,8e8b2cfa-b6d4-4352-81e8-1fad5ee994f4,DESKTOP-BAC9DBQ,benign,0.009,RandomForest,247,1833.79,Framework '3.5'; task default -depends AspNetCompiler; task AspNetCompiler {; if ( $IsMacOS -OR $IsLinux ) {}; else {; aspnet_compiler; if ($LastExitCode -ne 1) {; throw 'Error: Could not execute aspnet_compiler'; }; $global:LastExitCode = 0; }; },benign,TN
2026-07-13 14:03:33,C:\\TA\\project-ta\\data_spliting\\test_set\\benign\\2911.ps1,custom-ps-ml,UNKNOWN,d50d9298-f06f-43e2-b05f-e108ddde9d11,DESKTOP-BAC9DBQ,benign,0.0012,RandomForest,380,1695.92,"Properties {; [string]$testProperty = \""Test123\""; }; BuildTearDown {; [string]$expected = \""Test123\""; if ($testProperty -ne $expected) {; throw \""Expected '$expected', but was actually '$testProperty'\""; }; }; Task default -depends Compile,Test,Deploy; Task Compile {; \""Compiling\""; }; Task Test -depends Compile {; \""Testing\""; }; Task Deploy -depends Test {; \""Deploying\""; }",benign,TN
2026-07-13 14:03:35,C:\\TA\\project-ta\\data_spliting\\test_set\\benign\\2914.ps1,custom-ps-ml,UNKNOWN,0238ca9a-bbba-40f4-bb6e-a0043ce7dc65,DESKTOP-BAC9DBQ,benign,0.0162,RandomForest,228,1709.58,"Framework \""1.1.0\""; task default -depends MsBuild; task MsBuild {; if ( $IsMacOS -OR $IsLinux ) {; $output = &amp;dotnet build -version -nologo 2&gt;&amp;1; Assert ($output -NotLike \""15.1\"") '$output should contain 15.1'; }; }",benign,TN
2026-07-13 14:03:38,C:\\TA\\project-ta\\data_spliting\\test_set\\benign\\2923.ps1,custom-ps-ml,UNKNOWN,5121a583-2603-4d3c-9efc-17a29055cab2,DESKTOP-BAC9DBQ,benign,0.0098,RandomForest,628,1783.78,"task default -depends Test; task Test -depends Compile, Clean {; Assert $false \""This fails.\""; }; task Compile -depends Clean {; \""Compile\""; }; task Clean {; \""Clean\""; }; taskTearDown {; param($task); Assert ($task.Name -eq $psake.context.Peek().currentTaskName) 'TaskName should match'; if ($task.Success) {; \""'$($task.Name)' Tear Down: task passed!\""; } else {; \""'$($task.Name)' Tear Down: task failed with '$($task.ErrorMessage)'\""; \""-------------------\""; \""- ErrorMessage: '$($task.ErrorMessage)'\""; \""- ErrorDetail: $($task.ErrorDetail)\""; \""- ErrorFormatted: $($task.ErrorFormatted)\""; \""-------------------\""; }; }",benign,TN
2026-07-13 14:03:41,C:\\TA\\project-ta\\data_spliting\\test_set\\benign\\2939.ps1,custom-ps-ml,UNKNOWN,e6a79c36-a673-4464-93f9-e04f50c40112,DESKTOP-BAC9DBQ,benign,0.0164,RandomForest,234,1928.03,"task default -depends Test; task Test -depends Compile, Clean -PreAction {\""Pre-Test\""} -Action {; Assert $false \""This fails.\""; } -PostAction {\""Post-Test\""}; task Compile -depends Clean {; \""Compile\""; }; task Clean {; \""Clean\""; }",benign,TN
2026-07-13 14:03:43,C:\\TA\\project-ta\\data_spliting\\test_set\\benign\\2945.ps1,custom-ps-ml,UNKNOWN,4695e06d-f2ac-43cd-8857-29db286f3e11,DESKTOP-BAC9DBQ,benign,0.0209,RandomForest,139,1795.67,Framework '4.0x86'; task default -depends MsBuild; task MsBuild {; if ( $IsMacOS -OR $IsLinux ) {}; else {; exec { msbuild /version }; }; },benign,TN
2026-07-13 14:03:46,C:\\TA\\project-ta\\data_spliting\\test_set\\benign\\2959.ps1,custom-ps-ml,UNKNOWN,1845d933-7e89-41b9-98c5-a73cf0b924c8,DESKTOP-BAC9DBQ,benign,0.0464,RandomForest,217,1847.02,"properties {; $my_property = $p1 + $p2; }; task default -depends TestParams; task TestParams {; Assert ($my_property -ne $null) \""`$my_property should not be null. Run with -parameters @{'p1' = 'v1'; 'p2' = 'v2'}\""; }",benign,TN
2026-07-13 14:05:13,C:\\TA\\project-ta\\data_spliting\\test_set\\benign\\3027.ps1,custom-ps-ml,UNKNOWN,4b951018-7ba1-4809-b47e-1ebc19700aa0,DESKTOP-BAC9DBQ,benign,0.002,RandomForest,468,2283.97,"Set-StrictMode -Version Latest; InModuleScope Pester {; Describe \""the In statement\"" {; Setup -Dir \""test_path\""; It \""executes a command in that directory\"" {; In \""$TestDrive\"" -Execute { \""\"" | Out-File \""test_file\"" }; \""$TestDrive\\test_file\"" | Should -Exist; }; It \""updates the `$pwd variable when executed\"" {; In \""$TestDrive\\test_path\"" -Execute { $env:Pester_Test = $pwd }; $env:Pester_Test | Should -Match \""test_path\""; $env:Pester_Test = \""\""; }; }; }",benign,TN
2026-07-13 14:05:34,C:\\TA\\project-ta\\data_spliting\\test_set\\benign\\3034.ps1,custom-ps-ml,UNKNOWN,3bbe780c-2125-4f6d-bcdc-cb9f8b040978,DESKTOP-BAC9DBQ,benign,0.0432,RandomForest,1570,1849.94,"Set-StrictMode -Version Latest; InModuleScope Pester {; Describe \""Should -Exist\"" {; It \""returns true for paths that exist\"" {; $TestDrive | Should Exist; $TestDrive | Should -Exist; }; It \""returns false for paths do not exist\"" {; \""$TestDrive\\nonexistant\"" | Should Not Exist; \""$TestDrive\\nonexistant\"" | Should -Not -Exist; }; It 'works for path with escaped [ ] characters' {; New-Item -Path \""TestDrive:\\[test].txt\"" -ItemType File | Out-Null; \""TestDrive:\\``[test``].txt\""  | Should Exist; \""TestDrive:\\``[test``].txt\""  | Should -Exist; }; It 'returns correct result for function drive' {; function f1 {; }; 'function:f1' | Should Exist; 'function:f1' | Should -Exist; }; It 'returns correct result for env drive' {; $env:test = 'somevalue'; 'env:test' | Should Exist; 'env:test' | Should -Exist; }; It 'returns correct result for env drive' {; $env:test = 'somevalue'; 'env:test' | Should Exist; 'env:test' | Should -Exist; }; It 'returns correct assertion message' {; $err = { 'c:\\nonexistingpath' | Should -Exist -Because 'reason' } | Verify-AssertionFailed; $err.Exception.Message | Verify-Equal \""Expected path 'c:\\nonexistingpath' to exist, because reason, but it did not exist.\""; }; }; Describe \""Should -Not -Exist\"" {; It 'returns correct assertion message' {; $currentPath = $pwd.Path; $err = { $currentPath | Should -Not -Exist -Because 'reason' } | Verify-AssertionFailed; $err.Exception.Message -replace [regex]::Escape($currentPath), 'path' | Verify-Equal \""Expected path 'path' to not exist, because reason, but it did exist.\""; }; }; }",benign,TN
2026-07-13 14:06:13,C:\\TA\\project-ta\\data_spliting\\test_set\\benign\\3065.ps1,custom-ps-ml,UNKNOWN,c29dfbf5-4b18-4087-a22d-b1e6808771d6,DESKTOP-BAC9DBQ,benign,0.0535,RandomForest,2689,1835.76,"Set-StrictMode -Version Latest; InModuleScope Pester {; Describe \""Should -HaveCount\"" {; It \""passes if collection has the expected amount of items\"" {; @(1, 'a', 3) | Should -HaveCount 3; }; It \""passes given scalar value and expecting collection of count 1\"" {; 'a' | Should -HaveCount 1; }; It \""fails if collection has less values\"" {; { @('a', 3) | Should -HaveCount 3  } | Verify-AssertionFailed; }; It \""fails if collection has more values\"" {; { @(1, 'a', 3, 4) | Should -HaveCount 3  } | Verify-AssertionFailed; }; It \""fails if given scalar value\"" {; { 'a' | Should -HaveCount 3 } | Verify-AssertionFailed; }; It \""returns the correct assertion message when collection is not empty\"" {; $err = { @(1, 'a', 3, 4) | Should -HaveCount 3 -Because 'reason' } | Verify-AssertionFailed; $err.Exception.Message | Verify-Equal \""Expected a collection with size 3, because reason, but got collection with size 4 @(1, 'a', 3, 4).\""; }; It \""returns the correct assertion message when collection is not empty\"" {; $err = { @()| Should -HaveCount 3 -Because 'reason' } | Verify-AssertionFailed; $err.Exception.Message | Verify-Equal 'Expected a collection with size 3, because reason, but got an empty collection.'; }; It \""returns the correct assertion message when collection is not empty\"" {; $err = { @(1) | Should -HaveCount 0 -Because 'reason' } | Verify-AssertionFailed; $err.Exception.Message | Verify-Equal 'Expected an empty collection, because reason, but got collection with size 1 1.'; }; It \""validates the expected size to be bigger than 0\"" {; $err = { @(1) | Should -HaveCount (-1)} | Verify-Throw; $err.Exception | Verify-Type ([ArgumentException]); }; }; Describe \""Should -Not -HaveCount\"" {; It \""passes if collection does not have the expected count of items\"" {; @(1, 'a', 3, 4) | Should -Not -HaveCount 3; }; It \""fails if collection HaveCounts the value\"" {; { @(1, 'a', 3) | Should -Not -HaveCount 3 } | Verify-AssertionFailed; }; It \""returns the correct assertion message\"" {; $err = { @(1, 'a', 3) | Should -Not -HaveCount 3 -Because 'reason' } | Verify-AssertionFailed; $err.Exception.Message | Verify-Equal \""Expected a collection with size different from 3, because reason, but got collection with that size @(1, 'a', 3).\""; }; It \""returns the correct assertion message\"" {; $err = { @() | Should -Not -HaveCount 0 -Because 'reason' } | Verify-AssertionFailed; $err.Exception.Message | Verify-Equal 'Expected a non-empty collection, because reason, but got an empty collection.'; }; It \""validates the expected size to be bigger than 0\"" {; $err = { @(1) | Should -HaveCount (-1) } | Verify-Throw; $err.Exception | Verify-Type ([ArgumentException]); }; }; }",benign,TN
2026-07-13 14:06:16,C:\\TA\\project-ta\\data_spliting\\test_set\\benign\\3080.ps1,custom-ps-ml,UNKNOWN,04cae451-f53d-4f0e-8459-cb9acc821b5e,DESKTOP-BAC9DBQ,benign,0.0098,RandomForest,834,1810.44,"$global:ValidatorRoot = Split-Path $MyInvocation.MyCommand.Path; BeforeEachFeature {; New-Module -Name ValidatorTestEs {; . $global:ValidatorRoot\\ValidatorEs.ps1 -Verbose; } | Import-Module -Global; }; AfterEachFeature {; Remove-Module ValidatorTestEs; }; Given 'MiValidator finge devolver True' {; Mock MiValidator -Module ValidatorTestEs -MockWith { return $true }; }; When 'alguien llama algo que usa MiValidator' {; Invoke-SomethingThatUsesMiValidator \""false\""; }; Then 'MiValidator fue llamado una vez' {; Assert-MockCalled -Module ValidatorTestEs MiValidator 1; }; When 'MiValidator se llama con (?&lt;word&gt;\\w+)' {; param($word); $Validation = MiValidator $word; }; Then 'MiValidator debería devolver a (?&lt;expected&gt;\\w+)' {; param($expected); $expected = $expected -eq \""true\""; $Validation | Should -Be $expected; }",benign,TN
2026-07-13 14:06:46,C:\\TA\\project-ta\\data_spliting\\test_set\\benign\\3100.ps1,custom-ps-ml,UNKNOWN,915694e3-0a11-4a21-b2ba-45c441fca256,DESKTOP-BAC9DBQ,benign,0.0121,RandomForest,747,1832.96,"$buildDir = \""$PSScriptRoot\\build\""; $ErrorActionPreference = 'Stop'; if (Test-Path $buildDir) {; Write-Verbose \""Removing build dir\""; Remove-Item $buildDir -Recurse -Force -Confirm:$false -Verbose -ErrorAction 'Stop'; }; if (Test-Path \""$PSScriptRoot\\Examples\"") {; Write-Verbose \""Removing all examples\""; Remove-Item \""$PSScriptRoot\\Examples\"" -Recurse -Force -Confirm:$false -Verbose -ErrorAction 'Stop'; }; if (Test-Path \""$PSScriptRoot\\images\"") {; Write-Verbose \""Removing images\""; Remove-Item \""$PSScriptRoot\\images\"" -Recurse -Force -Confirm:$false -Verbose -ErrorAction 'Stop'; }; Write-Verbose \""Removing all Test Files\""; Get-ChildItem $PSScriptRoot -Recurse -Filter *.Tests.ps1 | Remove-Item -Force -Verbose -ErrorAction 'Stop'",benign,TN
2026-07-13 14:15:53,C:\\TA\\project-ta\\data_spliting\\test_set\\benign\\3499.ps1,custom-ps-ml,UNKNOWN,9e919a27-d089-4f78-9aa7-7804d962b309,DESKTOP-BAC9DBQ,benign,0.1847,RandomForest,206,1904.95,if ($PSEdition -eq 'Desktop') {; try {; [Microsoft.Azure.PowerShell.Authenticators.DesktopAuthenticatorBuilder]::Apply([Microsoft.Azure.Commands.Common.Authentication.AzureSession]::Instance); } catch {}; },benign,TN
2026-07-13 14:22:42,C:\\TA\\project-ta\\data_spliting\\test_set\\benign\\375.ps1,custom-ps-ml,UNKNOWN,99131a45-614c-477b-bd11-b32684953753,DESKTOP-BAC9DBQ,benign,0.0205,RandomForest,1215,1663.3,"Describe \""Get-PSFConfig Unit Tests\"" -Tag \""CI\"", \""Config\"", \""Unit\"" {; BeforeAll {; Get-PSFConfig -Module PSFTests -Force | ForEach-Object {; $null = [PSFramework.Configuration.ConfigurationHost]::Configurations.Remove($_.FullName); }; }; AfterAll {; Get-PSFConfig -Module PSFTests -Force | ForEach-Object {; $null = [PSFramework.Configuration.ConfigurationHost]::Configurations.Remove($_.FullName); }; }; It \""Should have the designed for parameters &amp; sets\"" {; (Get-Command Get-PSFConfig).ParameterSets.Name | Should -Be 'FullName', 'Module'; (Get-Command Get-PSFConfig).Parameters.Keys | Should -Be 'FullName', 'Name', 'Module', 'Force', 'Verbose', 'Debug', 'ErrorAction', 'WarningAction', 'InformationAction', 'ErrorVariable', 'WarningVariable', 'InformationVariable', 'OutVariable', 'OutBuffer', 'PipelineVariable'; }; It \""Should find the correct Configuration item\"" {; $config = New-Object PSFramework.Configuration.Config; $config.Module = \""psftests\""; $config.Name = \""get-psfconfig.test1\""; [PSFramework.Configuration.ConfigurationHost]::Configurations[$config.FullName] = $config; (Get-PSFConfig -FullName 'PSFTests.Get-PSFConfig.Test1').GetHashCode() | Should -Be ($config.GetHashCode()); }; }",benign,TN
2026-07-13 14:30:27,C:\\TA\\project-ta\\data_spliting\\test_set\\benign\\3986.ps1,custom-ps-ml,UNKNOWN,888d694e-f085-4801-b778-9e921911f591,DESKTOP-BAC9DBQ,benign,0.0007,RandomForest,10281,2262.7,"function ServiceBusTests {; $location = Get-Location; $resourceGroupName = getAssetName \""RGName-\""; $namespaceName = getAssetName \""Namespace1-\""; $namespaceName2 = getAssetName \""Namespace2-\""; Write-Debug \""Create resource group\""; New-AzResourceGroup -Name $resourceGroupName -Location $location -Force; $checkNameResult = Test-AzServiceBusName -NamespaceName $namespaceName; Assert-True { $checkNameResult.NameAvailable }; Write-Debug \"" Create new eventHub namespace\""; Write-Debug \""NamespaceName : $namespaceName\""; $result = New-AzServiceBusNamespace -ResourceGroupName $resourceGroupName -Location $location  -Name $namespaceName -SkuName \""Standard\""; Assert-AreEqual $result.Name $namespaceName; Assert-AreEqual $result.ProvisioningState \""Succeeded\""; Assert-AreEqual $result.ResourceGroup $resourceGroupName \""Namespace create : ResourceGroup name matches\""; Assert-AreEqual $result.ResourceGroupName $resourceGroupName \""Namespace create : ResourceGroupName name matches\""; Write-Debug \""Get the created namespace within the resource group\""; $getNamespace = Get-AzServiceBusNamespace -ResourceGroupName $resourceGroupName -Name $namespaceName; Assert-AreEqual $getNamespace.Name $namespaceName \""Get-ServicebusName- created namespace not found\""; Assert-AreEqual $getNamespace.ResourceGroup $resourceGroupName \""Namespace get : ResourceGroup name matches\""; Assert-AreEqual $getNamespace.ResourceGroupName $resourceGroupName \""Namespace get : ResourceGroupName name matches\""; $UpdatedNameSpace = Set-AzServiceBusNamespace -ResourceGroupName $resourceGroupName -Location $location -Name $namespaceName -SkuName \""Standard\"" -SkuCapacity 2; Assert-AreEqual $UpdatedNameSpace.Name $namespaceName; Write-Debug \""Namespace name : $namespaceName2\""; $result = New-AzServiceBusNamespace -ResourceGroupName $resourceGroupName -Location $location -Name $namespaceName2; Write-Debug \""Get all the namespaces created in the resourceGroup\""; $allCreatedNamespace = Get-AzServiceBusNamespace -ResourceGroupName $resourceGroupName; Assert-True { $allCreatedNamespace.Count -gt 1 }; Write-Debug \""Get all the namespaces created in the subscription\""; $allCreatedNamespace = Get-AzServiceBusNamespace; Assert-True { $allCreatedNamespace.Count -gt 1 }; Write-Debug \"" Delete namespaces\""; Remove-AzServiceBusNamespace -ResourceGroupName $resourceGroupName -Name $namespaceName2; Remove-AzServiceBusNamespace -ResourceGroupName $resourceGroupName -Name $namespaceName; Write-Debug \"" Delete resourcegroup\""; Remove-AzResourceGroup -Name $resourceGroupName -Force; }; function ServiceBusNameSpaceAuthTests {; $location = Get-Location; $resourceGroupName = getAssetName \""RGName-\""; $namespaceName = getAssetName \""Namespace-\""; $authRuleName = getAssetName \""authorule-\""; $authRuleNameListen = getAssetName \""authorule-\""; $authRuleNameSend = getAssetName \""authorule-\""; $authRuleNameAll = getAssetName \""authorule-\""; $defaultNamespaceAuthRule = \""RootManageSharedAccessKey\""; Write-Debug \"" Create resource group\""; Write-Debug \""ResourceGroup name : $resourceGroupName\""; New-AzResourceGroup -Name $resourceGroupName -Location $location -Force; Write-Debug \"" Create new ServiceBus namespace\""; Write-Debug \""Namespace name : $namespaceName\""; $result = New-AzServiceBusNamespace -ResourceGroupName $resourceGroupName -Location $location -Name $namespaceName; Write-Debug \"" Get the created namespace within the resource group\""; $createdNamespace = Get-AzServiceBusNamespace -ResourceGroupName $resourceGroupName -Name $namespaceName; Assert-AreEqual $createdNamespace.Name $namespaceName; Write-Debug \""Create a Namespace Authorization Rule\""; Write-Debug \""Auth Rule name : $authRuleName\""; $result = New-AzServiceBusAuthorizationRule -ResourceGroupName $resourceGroupName -Namespace $namespaceName -Name $authRuleName -Rights @(\""Listen\"", \""Send\""); Assert-AreEqual $authRuleName $result.Name; Assert-AreEqual 2 $result.Rights.Count; Assert-True { $result.Rights -Contains \""Listen\"" }; Assert-True { $result.Rights -Contains \""Send\"" }; $resultListen = New-AzServiceBusAuthorizationRule -ResourceGroupName $resourceGroupName -Namespace $namespaceName -Name $authRuleNameListen -Rights @(\""Listen\""); Assert-AreEqual $authRuleNameListen $resultListen.Name; Assert-AreEqual 1 $resultListen.Rights.Count; Assert-True { $resultListen.Rights -Contains \""Listen\"" }; $resultSend = New-AzServiceBusAuthorizationRule -ResourceGroupName $resourceGroupName -Namespace $namespaceName -Name $authRuleNameSend -Rights @(\""Send\""); Assert-AreEqual $authRuleNameSend $resultSend.Name; Assert-AreEqual 1 $resultSend.Rights.Count; Assert-True { $resultSend.Rights -Contains \""Send\"" }; $resultAll3 = New-AzServiceBusAuthorizationRule -ResourceGroupName $resourceGroupName -Namespace $namespaceName -Name $authRuleNameAll -Rights @(\""Listen\"", \""Send\"", \""Manage\""); Assert-AreEqual $authRuleNameAll $resultAll3.Name; Assert-AreEqual 3 $resultAll3.Rights.Count; Assert-True { $resultAll3.Rights -Contains \""Send\"" }; Assert-True { $resultAll3.Rights -Contains \""Listen\"" }; Assert-True { $resultAll3.Rights -Contains \""Manage\"" }; Write-Debug \""Create a Namespace Authorization Rule\""; Write-Debug \""Auth Rule name : $authRuleName\""; $result = New-AzServiceBusAuthorizationRule -ResourceGroupName $resourceGroupName -Namespace $namespaceName -Name $authRuleName -Rights @(\""Listen\"", \""Send\""); Assert-AreEqual $authRuleName $result.Name; Assert-AreEqual 2 $result.Rights.Count; Assert-True { $result.Rights -Contains \""Listen\"" }; Assert-True { $result.Rights -Contains \""Send\"" }; Write-Debug \""Get created authorizationRule\""; $createdAuthRule = Get-AzServiceBusAuthorizationRule -ResourceGroupName $resourceGroupName -Namespace $namespaceName -Name $authRuleName; Assert-AreEqual $authRuleName $createdAuthRule.Name; Assert-AreEqual 2 $createdAuthRule.Rights.Count; Assert-True { $createdAuthRule.Rights -Contains \""Listen\"" }; Assert-True { $createdAuthRule.Rights -Contains \""Send\"" }; Write-Debug \""Get the default Namespace AuthorizationRule\""; $result = Get-AzServiceBusAuthorizationRule -ResourceGroupName $resourceGroupName -Namespace $namespaceName -Name $defaultNamespaceAuthRule; Assert-AreEqual $defaultNamespaceAuthRule $result.Name; Assert-AreEqual 3 $result.Rights.Count; Assert-True { $result.Rights -Contains \""Listen\"" }; Assert-True { $result.Rights -Contains \""Send\"" }; Assert-True { $result.Rights -Contains \""Manage\"" }; Write-Debug \""Get All Namespace AuthorizationRule\""; $result = Get-AzServiceBusAuthorizationRule -ResourceGroupName $resourceGroupName -Namespace $namespaceName; $found = 0; for ($i = 0; $i -lt $result.Count; $i++) {; if ($result[$i].Name -eq $authRuleName) {; $found = $found + 1; Assert-AreEqual 2 $result[$i].Rights.Count; Assert-True { $result[$i].Rights -Contains \""Listen\"" }; Assert-True { $result[$i].Rights -Contains \""Send\"" }; }; if ($result[$i].Name -eq $defaultNamespaceAuthRule) {; $found = $found + 1; Assert-AreEqual 3 $result[$i].Rights.Count; Assert-True { $result[$i].Rights -Contains \""Listen\"" }; Assert-True { $result[$i].Rights -Contains \""Send\"" }; Assert-True { $result[$i].Rights -Contains \""Manage\"" }; }; }; Assert-AreEqual $found 2 \""All Authorizationrules: Namespace AuthorizationRules created earlier is not found.\""; Write-Debug \""Update Namespace AuthorizationRules ListKeys\""; $createdAuthRule.Rights.Add(\""Manage\""); $updatedAuthRule = Set-AzServiceBusAuthorizationRule -ResourceGroupName $resourceGroupName -Namespace $namespaceName -InputObject $createdAuthRule -Name $authRuleName; Assert-AreEqual $authRuleName $updatedAuthRule.Name; Assert-AreEqual 3 $updatedAuthRule.Rights.Count; Assert-True { $updatedAuthRule.Rights -Contains \""Listen\"" }; Assert-True { $updatedAuthRule.Rights -Contains \""Send\"" }; Assert-True { $updatedAuthRule.Rights -Contains \""Manage\"" }; Write-Debug \""Get updated Namespace AuthorizationRules\""; $updatedAuthRule = Get-AzServiceBusAuthorizationRule -ResourceGroupName $resourceGroupName -Namespace $namespaceName -Name $authRuleName; Assert-AreEqual $authRuleName $updatedAuthRule.Name; Assert-AreEqual 3 $updatedAuthRule.Rights.Count; Assert-True { $updatedAuthRule.Rights -Contains \""Listen\"" }; Assert-True { $updatedAuthRule.Rights -Contains \""Send\"" }; Assert-True { $updatedAuthRule.Rights -Contains \""Manage\"" }; Write-Debug \""Get namespace authorizationRules connectionStrings\""; $namespaceListKeys = Get-AzServiceBusKey -ResourceGroupName $resourceGroupName -Namespace $namespaceName -Name $authRuleName; Assert-True { $namespaceListKeys.PrimaryConnectionString -like \""*$($updatedAuthRule.PrimaryKey)*\"" }; Assert-True { $namespaceListKeys.SecondaryConnectionString -like \""*$($updatedAuthRule.SecondaryKey)*\"" }; $policyKey = \""PrimaryKey\""; $namespaceRegenerateKeysDefault = New-AzServiceBusKey -ResourceGroupName $resourceGroupName -Namespace $namespaceName -Name $authRuleName -RegenerateKey $policyKey; Assert-True { $namespaceRegenerateKeys.PrimaryKey -ne $namespaceListKeys.PrimaryKey }; $namespaceRegenerateKeys = New-AzServiceBusKey -ResourceGroupName $resourceGroupName -Namespace $namespaceName -Name $authRuleName -RegenerateKey $policyKey -KeyValue $namespaceListKeys.PrimaryKey; Assert-AreEqual $namespaceRegenerateKeys.PrimaryKey $namespaceListKeys.PrimaryKey; $policyKey1 = \""SecondaryKey\""; $namespaceRegenerateKeys1 = New-AzServiceBusKey -ResourceGroupName $resourceGroupName -Namespace $namespaceName -Name $authRuleName -RegenerateKey $policyKey1 -KeyValue $namespaceListKeys.PrimaryKey; Assert-AreEqual $namespaceRegenerateKeys1.SecondaryKey $namespaceListKeys.PrimaryKey; $namespaceRegenerateKeys1 = New-AzServiceBusKey -ResourceGroupName $resourceGroupName -Namespace $namespaceName -Name $authRuleName -RegenerateKey $policyKey1; Assert-True { $namespaceRegenerateKeys1.SecondaryKey -ne $namespaceListKeys.PrimaryKey }; Assert-True { $namespaceRegenerateKeys1.SecondaryKey -ne $namespaceListKeys.SecondaryKey }; Write-Debug \""Delete the created Namespace AuthorizationRule\""; $result = Remove-AzServiceBusAuthorizationRule -ResourceGroupName $resourceGroupName -Namespace $namespaceName -Name $authRuleName -Force; Write-Debug \"" Delete namespaces\""; Remove-AzServiceBusNamespace -ResourceGroupName $resourceGroupName -Name $namespaceName; }",benign,TN
2026-07-13 14:30:31,C:\\TA\\project-ta\\data_spliting\\test_set\\benign\\3990.ps1,custom-ps-ml,UNKNOWN,8746e3bc-629a-42e0-83fe-ae1953623c2f,DESKTOP-BAC9DBQ,benign,0.0036,RandomForest,5147,2528.35,"function NetworkRuleSetTests {; $location = Get-Location; $resourceGroupName = getAssetName \""RSG\""; $namespaceName = getAssetName \""ServiceBus-Namespace-\""; $namespaceName2 = getAssetName \""ServiceBus-Namespace2-\""; New-AzResourceGroup -Name $resourceGroupName -Location $location -Force; $checkNameResult = Test-AzServiceBusName -Namespace $namespaceName; Assert-True { $checkNameResult.NameAvailable }; Write-Debug \"" Create new ServiceBus namespace\""; Write-Debug \""NamespaceName : $namespaceName\""; $result = New-AzServiceBusNamespace -ResourceGroup $resourceGroupName -Name $namespaceName -Location $location -SkuName \""Premium\""; Assert-AreEqual $result.ProvisioningState \""Succeeded\""; Write-Debug \""Get the created namespace within the resource group\""; $createdNamespace = Get-AzServiceBusNamespace -ResourceGroup $resourceGroupName -Name $namespaceName; Assert-AreEqual $createdNamespace.Name $namespaceName \""Namespace created earlier is not found.\""; Write-Debug \"" Create new ServiceBus namespace\""; Write-Debug \""NamespaceName : $namespaceName2\""; $resultNS = New-AzServiceBusNamespace -ResourceGroup $resourceGroupName -Name $namespaceName2 -Location $location -SkuName \""Premium\""; Assert-AreEqual $resultNS.ProvisioningState \""Succeeded\""; Write-Debug \""Get the created namespace within the resource group\""; $createdNamespace2 = Get-AzServiceBusNamespace -ResourceGroup $resourceGroupName -Name $namespaceName2; Assert-AreEqual $createdNamespace2.Name $namespaceName2 \""Namespace created earlier is not found.\""; Write-Debug \""Add a new IPRule to the default NetwrokRuleSet\""; $result = Add-AzServiceBusIPRule -ResourceGroup $resourceGroupName -Name $namespaceName -IpMask \""1.1.1.1\"" -Action \""Allow\""; Write-Debug \""Add a new IPRule to the default NetwrokRuleSet\""; $result = Add-AzServiceBusIPRule -ResourceGroup $resourceGroupName -Name $namespaceName -IpMask \""2.2.2.2\"" -Action \""Allow\""; Write-Debug \""Add a new IPRule to the default NetwrokRuleSet\""; $result = Add-AzServiceBusIPRule -ResourceGroup $resourceGroupName -Name $namespaceName -IpMask \""3.3.3.3\""; Write-Debug \""Add a new VirtualNetworkRule to the default NetwrokRuleSet\""; $result = Add-AzServiceBusVirtualNetworkRule -ResourceGroup $resourceGroupName -Name $namespaceName -SubnetId \""/subscriptions/854d368f-1828-428f-8f3c-f2affa9b2f7d/resourcegroups/v-ajnavtest/providers/Microsoft.Network/virtualNetworks/sbehvnettest1/subnets/default\""; $result = Add-AzServiceBusVirtualNetworkRule -ResourceGroup $resourceGroupName -Name $namespaceName -SubnetId \""/subscriptions/854d368f-1828-428f-8f3c-f2affa9b2f7d/resourcegroups/v-ajnavtest/providers/Microsoft.Network/virtualNetworks/sbehvnettest1/subnets/sbdefault\""; $result = Add-AzServiceBusVirtualNetworkRule -ResourceGroup $resourceGroupName -Name $namespaceName -SubnetId \""/subscriptions/854d368f-1828-428f-8f3c-f2affa9b2f7d/resourcegroups/v-ajnavtest/providers/Microsoft.Network/virtualNetworks/sbehvnettest1/subnets/sbdefault01\""; Write-Debug \""Get NetwrokRuleSet\""; $getResult1 = Get-AzServiceBusNetworkRuleSet -ResourceGroup $resourceGroupName -Name $namespaceName; Assert-AreEqual $getResult1.VirtualNetworkRules.Count 3 \""VirtualNetworkRules count did not matched\""; Assert-AreEqual $getResult1.IpRules.Count 3 \""IPRules count did not matched\""; Write-Debug \""Remove a new IPRule to the default NetwrokRuleSet\""; $result = Remove-AzServiceBusIPRule -ResourceGroup $resourceGroupName -Name $namespaceName -IpMask \""3.3.3.3\""; $getResult = Get-AzServiceBusNetworkRuleSet -ResourceGroup $resourceGroupName -Name $namespaceName; Assert-AreEqual $getResult.IpRules.Count 2 \""IPRules count did not matched after deleting one IPRule\""; Assert-AreEqual $getResult.VirtualNetworkRules.Count 3 \""VirtualNetworkRules count did not matched\""; $setResult = Set-AzServiceBusNetworkRuleSet -ResourceGroup $resourceGroupName -Name $namespaceName2 -InputObject $getResult1; Assert-AreEqual $setResult.VirtualNetworkRules.Count 3 \""Set -VirtualNetworkRules count did not matched\""; Assert-AreEqual $setResult.IpRules.Count 3 \""Set - IPRules count did not matched\""; $setResult1 = Set-AzServiceBusNetworkRuleSet -ResourceGroup $resourceGroupName -Name $namespaceName2 -ResourceId $getResult.Id; Assert-AreEqual $setResult1.IpRules.Count 2 \""Set1 - IPRules count did not matched after deleting one IPRule\""; Assert-AreEqual $setResult1.VirtualNetworkRules.Count 3 \""Set1 - VirtualNetworkRules count did not matched\""; Write-Debug \""Add a new VirtualNetworkRule to the default NetwrokRuleSet\""; $result = Remove-AzServiceBusVirtualNetworkRule -ResourceGroup $resourceGroupName -Name $namespaceName -SubnetId \""/subscriptions/854d368f-1828-428f-8f3c-f2affa9b2f7d/resourcegroups/v-ajnavtest/providers/Microsoft.Network/virtualNetworks/sbehvnettest1/subnets/default\""; Write-Debug \""Delete NetwrokRuleSet\""; $result = Remove-AzServiceBusNetworkRuleSet -ResourceGroup $resourceGroupName -Name $namespaceName; Write-Debug \"" Delete namespaces\""; Remove-AzServiceBusNamespace -ResourceGroup $resourceGroupName -Name $namespaceName; Write-Debug \"" Delete resourcegroup\""; Remove-AzResourceGroup -Name $resourceGroupName -Force; }",benign,TN
2026-07-13 14:33:04,C:\\TA\\project-ta\\data_spliting\\test_set\\benign\\4080.ps1,custom-ps-ml,UNKNOWN,62831c39-4c4a-4d3b-b00c-a027ba90e4d8,DESKTOP-BAC9DBQ,benign,0.0513,RandomForest,564,1976.61,"Import-Module $env:ProgramFiles\""\\Microsoft Security Client\\MpProvider\""; Start-MProtScan -ScanType \""FullScan\""; New-EventLog â€“LogName System â€“Source \""Antimalware Full Scan\""; Write-EventLog -LogName System -Source \""Antimalware Full Scan\"" -EntryType Information -EventId 1118 -Message \""Antimalware full system scan was performed\"" -Category \""\""; $WMIPath = \""\\\\\"" + $env:COMPUTERNAME + \""\\root\\ccm:SMS_Client\""; $SMSwmi = [wmiclass]$WMIPath; $strAction = \""{00000000-0000-0000-0000-000000000021}\""; [Void]$SMSwmi.TriggerSchedule($strAction); Exit 0",benign,TN
2026-07-13 14:33:25,C:\\TA\\project-ta\\data_spliting\\test_set\\benign\\4088.ps1,custom-ps-ml,UNKNOWN,69bee89f-293e-4252-9191-64d28ffe63fd,DESKTOP-BAC9DBQ,benign,0.0013,RandomForest,3463,1772.37,"Set-Variable -Name Member -Scope Local -Force; Set-Variable -Name Results -Value $false -Scope Global -Force; Function AddRemovePrograms($KeyName, $DisplayName, $Version){; New-PSDrive -Name HKCR -PSProvider Registry -Root HKEY_CLASSES_ROOT; Set-Variable -Name AddRemKey -Scope Local -Force; Set-Variable -Name guid -Scope Local -Force; Set-Variable -Name ProductsKey -Scope Local -Force; If (!(Test-Path c:\\windows\\GSPBox_Icon.bmp)){; Copy-Item -Path \\\\global.gsp\\data\\clients\\na_clients\\Build\\Add-ins\\GSPBox_Icon.bmp -Destination c:\\Windows -Force; }; $AddRemKey = \""HKLM:\\SOFTWARE\\Wow6432Node\\Microsoft\\Windows\\CurrentVersion\\Uninstall\""; $ProductsKey = \""HKCR:\\Installer\\Products\\\""; New-Item -Path $AddRemKey -Name $KeyName â€“Force; New-ItemProperty -Path $AddRemKey\""\\\""$KeyName -Name DisplayName -Value $DisplayName -PropertyType String; New-ItemProperty -Path $AddRemKey\""\\\""$KeyName -Name DisplayVersion -Value $Version -PropertyType String; New-ItemProperty -Path $AddRemKey\""\\\""$KeyName -Name UninstallString -Value \"" \"" -PropertyType String; New-ItemProperty -Path $AddRemKey\""\\\""$KeyName -Name Publisher -Value \""Gresham, Smith and Partners\"" -PropertyType String; New-ItemProperty -Path $AddRemKey\""\\\""$KeyName -Name DisplayIcon -Value \""c:\\windows\\GSPBox_Icon.bmp\"" -PropertyType String; $guid = [guid]::NewGuid().ToString(\""N\""); $guid.ToString(); $guid = $guid.ToUpper(); New-Item -Path $ProductsKey -Name $guid â€“Force; New-ItemProperty -Path $ProductsKey\""\\\""$guid -Name ProductName -Value $DisplayName -PropertyType String -Force; remove-psdrive -name HKCR; Remove-Variable -Name AddRemKey -Scope Local -Force; Remove-Variable -Name guid -Scope Local -Force; Remove-Variable -Name ProductsKey -Scope Local -Force; }; Function CheckADForUser ($Member){; Set-Variable -Name Computer -Scope Local -Force; Set-Variable -Name Group -Scope Local -Force; Set-Variable -Name LocalGroup -Scope Local -Force; Set-Variable -Name User -Scope Local -Force; Set-Variable -Name UserNames -Scope Local -Force; Set-Variable -Name Users -Scope Local -Force; $LocalGroup = \""Administrators\""; $UserNames = @(); $Computer = $env:computername; $Group= [ADSI]\""WinNT://$Computer/$LocalGroup,group\""; $Users = @($Group.psbase.Invoke(\""Members\"")); $Users | ForEach-Object {; $UserNames += $_.GetType().InvokeMember(\""Name\"", 'GetProperty', $null, $_, $null); Foreach ( $User in $UserNames) {; If ($User -eq $Member) {; $Global:Results = $true; Write-Host $User; }; }; }; $UserNames.Clear(); Remove-Variable -Name Computer -Scope Local -Force; Remove-Variable -Name Group -Scope Local -Force; Remove-Variable -Name LocalGroup -Scope Local -Force; Remove-Variable -Name User -Scope Local -Force; Remove-Variable -Name UserNames -Scope Local -Force; Remove-Variable -Name Users -Scope Local -Force; }; Function AddUserToAD ($Member) {; $group = [ADSI]\""WinNT://./Administrators,group\""; $group.Add(\""WinNT://$Member,user\""); }; cls; $Member = \""\""; CheckADForUser $Member; If ($Results -eq $true) {; AddRemovePrograms $Member $Member \""Installed\""; cls; Write-Host $Member\"" is already in the local administrators group\""; } else {; AddUserToAD $Member; CheckADForUser $Member; If ($Results -eq $true) {; AddRemovePrograms $Member $Member \""Installed\""; cls; Write-Host $Member\"" has been added to the local administrators group\""; }; }; Remove-Variable -Name Member -Scope Local -Force; Remove-Variable -Name Results -Scope Global -Force",benign,TN
2026-07-13 14:33:39,C:\\TA\\project-ta\\data_spliting\\test_set\\benign\\4093.ps1,custom-ps-ml,UNKNOWN,e0249abe-e32f-4c82-bad7-4abe28535d90,DESKTOP-BAC9DBQ,benign,0.0446,RandomForest,543,1798.7,"cls; $Printers = Get-WmiObject Win32_Printer; $EXE = $env:windir + \""\\system32\\printui.exe\""; $PrintUI = \""/dn /n \""; Foreach ($Printer in $Printers) {; If ($Printer.ShareName -ne $null) {; Write-Host \""Uninstall\""$Printer.ShareName\"".....\"" -NoNewline; $Parameters = $PrintUI + [char]34+ $Printer.Name + [char]34; $ErrCode = (Start-Process -FilePath $EXE -ArgumentList $Parameters -Wait -Passthru).ExitCode; If ($ErrCode -eq 0) {; Write-Host \""Success\"" -ForegroundColor Yellow; } else {; Write-Host \""Failed\"" -ForegroundColor Red; }; }; }",benign,TN
2026-07-13 14:33:43,C:\\TA\\project-ta\\data_spliting\\test_set\\benign\\4098.ps1,custom-ps-ml,UNKNOWN,24f63a80-e05e-416b-9bbc-fecf5c70dd44,DESKTOP-BAC9DBQ,benign,0.0043,RandomForest,2262,2430.7,"; Set-Variable -Name Command -Scope Global -Force; Set-Variable -Name Computer -Scope Global -Force; Set-Variable -Name Computers -Scope Global -Force; Set-Variable -Name i -Scope Global -Value 1 -Force; Set-Variable -Name Output -Scope Global -Force; Set-Variable -Name RelativePath -Scope Global -Force; Set-Variable -Name Results -Scope Global -Force; Set-Variable -Name Username -Scope Global -Force; Function RenameWindow ($Title) {; Set-Variable -Name a -Scope Local -Force; $a = (Get-Host).UI.RawUI; $a.WindowTitle = $Title; Remove-Variable -Name a -Scope Local -Force; }; Function GetRelativePath{; $Global:RelativePath=(split-path $SCRIPT:MyInvocation.MyCommand.Path -parent)+\""\\\""; }; cls; RenameWindow \""Who's Logged On and Logged Off?\""; GetRelativePath; $Results = @(); $Username = @(); $Computers = Get-Content -Path $Global:RelativePath\""Computers.txt\""; $Size = $Computers.Length; Foreach ($Computer in $Computers) {; Write-Host \""Scanning System \""$i\"" of \""$Size; Write-Host; Write-Host \""System:\""$Computer; $Command = $Global:RelativePath+\""PsLoggedon.exe -x -l \\\\$Computer\""; $Output = Invoke-Expression $Command; If ($Output.SyncRoot[2] -eq \""Users logged on locally:\"") {; $Username += $Output.SyncRoot[3].Trim(); } else {; $Username += \""N/A\""; }; $Output = $Output.SyncRoot[2]; $Output = $Output.Substring(0,$Output.Length-1); $Results += $Output; $i = $i + 1; cls; }; cls; for ($i=0 ; $i -lt $Results.length ; $i++) {; If ($Results[$i] -eq \""No one is logged on locally\"") {; Write-Host $Computers[$i]\"": \""$Results[$i] -BackgroundColor Yellow -ForegroundColor Black; } elseIf ($Results[$i] -eq \""Users logged on locally\"") {; Write-Host $Computers[$i]\"": \""$Results[$i]\"" -- \""$Username[$i]-ForegroundColor White; } else {; Write-Host $Computers[$i]\"": \""$Results[$i]\"" -- \""$Username[$i]-ForegroundColor Red; }; }; Remove-Variable -Name Command -Scope Global -Force; Remove-Variable -Name Computer -Scope Global -Force; Remove-Variable -Name Computers -Scope Global -Force; Remove-Variable -Name i -Scope Global -Force; Remove-Variable -Name Output -Scope Global -Force; Remove-Variable -Name RelativePath -Scope Global -Force; Remove-Variable -Name Results -Scope Global -Force; Remove-Variable -Name Username -Scope Global -Force",benign,TN
2026-07-13 14:34:01,C:\\TA\\project-ta\\data_spliting\\test_set\\benign\\4099.ps1,custom-ps-ml,UNKNOWN,60820f71-e3a2-4e7b-b2d5-e3397fb9f71d,DESKTOP-BAC9DBQ,benign,0.0335,RandomForest,2589,2219.15,"function Install-EXEUpdates {; Set-Variable -Name Arguments -Scope Local -Force; Set-Variable -Name ErrCode -Scope Local -Force; Set-Variable -Name File -Scope Local -Force; Set-Variable -Name EXEFiles -Scope Local -Force; Set-Variable -Name RelativePath -Scope Local -Force; $RelativePath = (split-path $SCRIPT:MyInvocation.MyCommand.Path -parent) + \""\\\""; $EXEFiles = Get-ChildItem -Path $RelativePath -Force | where { $_.Name -like \""*.exe*\"" }; If ($EXEFiles.Count -ge 1) {; $EXEFiles | Sort-Object; cls; foreach ($File in $EXEFiles) {; $Arguments = \""/passive /norestart\""; Write-Host \""Installing\""$File.Name\"".....\"" -NoNewline; $ErrCode = (Start-Process -FilePath $File.Fullname -ArgumentList $Arguments -Wait -Passthru).ExitCode; If ($ErrCode -eq 0) {; Write-Host \""Success\"" -ForegroundColor Yellow; } else {; Write-Host \""Failed with error code\""$ErrCode -ForegroundColor Red; }; }; }; Remove-Variable -Name Arguments -Scope Local -Force; Remove-Variable -Name ErrCode -Scope Local -Force; Remove-Variable -Name File -Scope Local -Force; Remove-Variable -Name EXEFiles -Scope Local -Force; Remove-Variable -Name RelativePath -Scope Local -Force; }; function Install-MSUUpdates {; Set-Variable -Name Arguments -Scope Local -Force; Set-Variable -Name ErrCode -Scope Local -Force; Set-Variable -Name Executable -Value $env:windir\""\\System32\\wusa.exe\"" -Scope Local -Force; Set-Variable -Name File -Scope Local -Force; Set-Variable -Name MSUFiles -Scope Local -Force; Set-Variable -Name RelativePath -Scope Local -Force; $RelativePath = (split-path $SCRIPT:MyInvocation.MyCommand.Path -parent) + \""\\\""; $MSUFiles = Get-ChildItem -Path $RelativePath -Force | where { $_.Name -like \""*.msu*\"" }; If ($MSUFiles.Count -ge 1) {; $MSUFiles | Sort-Object; cls; foreach ($File in $MSUFiles) {; $Arguments = $File.FullName + [char]32 + \""/quiet /norestart\""; Write-Host \""Installing\""$File.Name\"".....\"" -NoNewline; $ErrCode = (Start-Process -FilePath $Executable -ArgumentList $Arguments -Wait -Passthru).ExitCode; If (($ErrCode -eq 0) -or ($ErrCode -eq 2359302)) {; Write-Host \""Success\"" -ForegroundColor Yellow; } else {; Write-Host \""Failed with error code\""$ErrCode -ForegroundColor Red; }; }; }; Remove-Variable -Name Arguments -Scope Local -Force; Remove-Variable -Name ErrCode -Scope Local -Force; Remove-Variable -Name Executable -Scope Local -Force; Remove-Variable -Name File -Scope Local -Force; Remove-Variable -Name MSUFiles -Scope Local -Force; Remove-Variable -Name RelativePath -Scope Local -Force; }; cls; Install-EXEUpdates; Install-MSUUpdates; Start-Sleep -Seconds 5",benign,TN
2026-07-13 14:34:54,C:\\TA\\project-ta\\data_spliting\\test_set\\benign\\4112.ps1,custom-ps-ml,UNKNOWN,8deb2e6c-90e8-450b-b9c3-f7de0c10bfb6,DESKTOP-BAC9DBQ,benign,0.0659,RandomForest,149,1910.08,"Function NewLogFile {; $FileName = \""NotRebooted.log\""; $Log = $Env:windir + \""\\Logs\""; New-Item -Path $Log -Name $FileName -ItemType File -Force; }",benign,TN
2026-07-13 14:35:14,C:\\TA\\project-ta\\data_spliting\\test_set\\benign\\4124.ps1,custom-ps-ml,UNKNOWN,8dce214e-3adf-4460-9dc0-4b8e7b187547,DESKTOP-BAC9DBQ,benign,0.006,RandomForest,2199,1705.96,"cls; Set-Variable -Name a -Scope Global -Force; Set-Variable -Name Output -Scope Global -Force; Function AddRemovePrograms($KeyName, $DisplayName, $Version){; New-PSDrive -Name HKCR -PSProvider Registry -Root HKEY_CLASSES_ROOT; Set-Variable -Name AddRemKey -Scope Local -Force; Set-Variable -Name guid -Scope Local -Force; Set-Variable -Name ProductsKey -Scope Local -Force; If (!(Test-Path c:\\windows\\GSPBox_Icon.bmp)){; Copy-Item -Path \\\\global.gsp\\data\\clients\\na_clients\\Build\\Add-ins\\GSPBox_Icon.bmp -Destination c:\\Windows -Force; }; $AddRemKey = \""HKLM:\\SOFTWARE\\Wow6432Node\\Microsoft\\Windows\\CurrentVersion\\Uninstall\""; $ProductsKey = \""HKCR:\\Installer\\Products\\\""; New-Item -Path $AddRemKey -Name $KeyName â€“Force; New-ItemProperty -Path $AddRemKey\""\\\""$KeyName -Name DisplayName -Value $DisplayName -PropertyType String; New-ItemProperty -Path $AddRemKey\""\\\""$KeyName -Name DisplayVersion -Value $Version -PropertyType String; New-ItemProperty -Path $AddRemKey\""\\\""$KeyName -Name UninstallString -Value \"" \"" -PropertyType String; New-ItemProperty -Path $AddRemKey\""\\\""$KeyName -Name Publisher -Value \""Gresham, Smith and Partners\"" -PropertyType String; New-ItemProperty -Path $AddRemKey\""\\\""$KeyName -Name DisplayIcon -Value \""c:\\windows\\GSPBox_Icon.bmp\"" -PropertyType String; $guid = [guid]::NewGuid().ToString(\""N\""); $guid.ToString(); $guid = $guid.ToUpper(); New-Item -Path $ProductsKey -Name $guid â€“Force; New-ItemProperty -Path $ProductsKey\""\\\""$guid -Name ProductName -Value $DisplayName -PropertyType String -Force; remove-psdrive -name HKCR; Remove-Variable -Name AddRemKey -Scope Local -Force; Remove-Variable -Name guid -Scope Local -Force; Remove-Variable -Name ProductsKey -Scope Local -Force; }; Invoke-Command {dism.exe /online /disable-feature /featurename:MediaCenter /norestart}; $a = Invoke-Command {dism.exe /online /get-featureinfo /featurename:MediaCenter}; $Output = $a | Select-String \""State : Disabled\""; Write-Host $Output; If ($Output -like \""State : Disabled\""){; AddRemovePrograms \""MediaCenter\"" \""MediaCenter\"" \""Disabled\""; }; Remove-Variable -Name a -Scope Global -Force; Remove-Variable -Name Output -Scope Global -Force",benign,TN
2026-07-13 14:36:27,C:\\TA\\project-ta\\data_spliting\\test_set\\benign\\4152.ps1,custom-ps-ml,UNKNOWN,51cce2f4-200d-4a16-a177-9d194979f784,DESKTOP-BAC9DBQ,benign,0.002,RandomForest,2346,2036.42,"cls; $Errors = 0; $SourceDrive = Read-Host 'Enter source folder'; $DestinationDrive = Read-Host 'Enter destination folder'; $TempDrive = Get-Item -Path $SourceDrive; $SourceDrive = $TempDrive.FullName; $TempDrive = Get-Item -Path $DestinationDrive; $DestinationDrive = $TempDrive.FullName; $SourceFolders = Get-ChildItem $SourceDrive -Recurse | ?{ $_.PSIsContainer }; $SourceFiles = Get-ChildItem $SourceDrive -Recurse -Force | where { ! $_.PSIsContainer }; $DestinationFolders = Get-ChildItem $DestinationDrive -Recurse | ?{ $_.PSIsContainer }; $DestinationFiles = Get-ChildItem $DestinationDrive -Recurse -Force | where { ! $_.PSIsContainer }; $Output = robocopy $SourceDrive $DestinationDrive /ZB /E /LEV:0 /COPY:SOU /XF *.* /R:5 /W:5; Write-Host \""Folders:\""; Write-Host \""========\""; For ($Count=0; $Count -le $SourceFolders.Count; $Count++) {; If ($SourceFolders[$Count].FullName -ne $null) {; $SourceFolder = $SourceFolders[$Count].FullName; $DestinationFolder = $DestinationFolders[$Count].FullName; Write-Host $SourceFolder\"".....\"" -NoNewline; $SourceFolderACL = Get-Acl -Path $SourceFolder; $DestinationFolderACL = Get-Acl -Path $DestinationFolder; For ($Count1=0; $Count1 -le $SourceFolderACL.Access.Count; $Count1++) {; If ($SourceFolderACL.Access[$Count1].FileSystemRights -ne $DestinationFolderACL.Access[$Count1].FileSystemRights) {; $Errors++; }; }; If ($Errors -eq 0) {; Write-Host \""Success\"" -ForegroundColor Yellow; } else {; Write-Host \""Failed\"" -ForegroundColor Red; }; }; $Errors = 0; }; $Output = robocopy $SourceDrive $DestinationDrive /ZB /E /LEV:0 /COPY:SOU /XD *.* /R:5 /W:5; Write-Host \""Files:\""; Write-Host \""======\""; For ($Count=0; $Count -le $SourceFiles.Count; $Count++) {; If ($SourceFiles[$Count].FullName -ne $null) {; $SourceFile = $SourceFiles[$Count].FullName; $DestinationFile = $DestinationFiles[$Count].FullName; Write-Host $SourceFile\"".....\"" -NoNewline; $SourceFileACL = Get-Acl -Path $SourceFile; $DestinationFileACL = Get-Acl -Path $DestinationFile; For ($Count1=0; $Count1 -le $SourceFileACL.Access.Count; $Count1++) {; If ($SourceFileACL.Access[$Count1].FileSystemRights -ne $DestinationFileACL.Access[$Count1].FileSystemRights) {; $Errors++; }; }; If ($Errors -eq 0) {; Write-Host \""Success\"" -ForegroundColor Yellow; } else {; Write-Host \""Failed\"" -ForegroundColor Red; }; }; $Errors = 0; }",benign,TN
2026-07-13 14:37:34,C:\\TA\\project-ta\\data_spliting\\test_set\\benign\\4198.ps1,custom-ps-ml,UNKNOWN,eda3485b-1f90-4876-a279-218110c84664,DESKTOP-BAC9DBQ,benign,0.0062,RandomForest,4475,2039.56,"Function InitializeGlobalMemory {; Set-Variable -Name Computers -Scope Global -Force; Set-Variable -Name Logfile -Scope Global -Force; Set-Variable -Name RelativePath -Scope Global -Force; Set-Variable -Name Webroot -Scope Global -Force; $Global:Failures = @(); $Global:RelativePath = (split-path $SCRIPT:MyInvocation.MyCommand.Path -parent)+\""\\\""; $Global:LogFile = $Global:RelativePath + \""Output.csv\""; $Global:Computers = Get-Content -Path $Global:RelativePath\""SCCMSystems.txt\"" -Force; $Global:Webroot = Get-Content -Path $Global:RelativePath\""AntivirusSystems.txt\"" -Force; }; Function ProcessLogFile {; If ((Test-Path $Global:LogFile) -eq $true) {; Remove-Item $Global:LogFile -Force; }; If ((Test-Path $Global:LogFile) -eq $false) {; $temp = New-Item $Global:LogFile -ItemType File -Force; $Output = \"",\""+\""Deletions\""+\"",\""+\"",\""+\"",\""+\""Additions\""; Out-File -FilePath $Global:LogFile -InputObject $Output -Append -Force -Encoding UTF8; $Output = \""Computer Name\""+\"",\""+\""Active Directory\""+\"",\""+\""SCCM\""+\"",\""+\""Antivirus\""+\"",\""+\""Antivirus\""; Out-File -FilePath $Global:LogFile -InputObject $Output -Append -Force -Encoding UTF8; }; }; Function ProcessComputers {; $obj = New-Object PSObject; $Count = 0; Foreach ($Computer in $Global:Computers) {; cls; $Antivirus = $false; $Count += 1; Write-Host \""Processing \""$Count\"" of \"" -NoNewline; Write-Host $Global:Computers.Count; Write-Host; Write-Host \""Computer Name: \""$Computer; $ADAccount = $null; Write-Host \""Testing AD Presence.....\"" -NoNewline; $ErrorActionPreference = 'SilentlyContinue'; $ADAccount = Get-ADComputer $Computer; If ($ADAccount -eq $null) {; $ADAccount = $false; Write-Host \""Does not Exist\"" -ForegroundColor Red; } else {; $ADAccount = $true; Write-Host \""Exists\"" -ForegroundColor Yellow; }; Write-Host \""Testing Antivirus.....\"" -NoNewline; Foreach ($system in $Global:Webroot) {; If ($system -eq $Computer) {; $Antivirus = $true; }; }; If ($Antivirus -eq $true) {; Write-Host \""Exists\"" -ForegroundColor Yellow; } else {; Write-Host \""Does not exist\"" -ForegroundColor Red; }; Write-Host \""Testing Network Connectivity.....\"" -NoNewline; If ((Test-Connection -ComputerName $Computer -Quiet) -eq $false) {; $NetworkTest = ping $Computer; If ($NetworkTest -like '*Ping request could not find host*') {; $NetworkTest = $false; Write-Host \""Does not exist\"" -ForegroundColor Red; } else {; $NetworkTest = $true; Write-Host \""Exists\"" -ForegroundColor Yellow; }; } else {; $NetworkTest = $true; Write-Host \""Exists\"" -ForegroundColor Yellow; }; If (($ADAccount -eq $true) -and ($NetworkTest -eq $false)) {; $obj | Add-Member -MemberType NoteProperty -Name ComputerName -Value $Computer; If ($Antivirus -eq $true) {; $obj | Add-Member -MemberType NoteProperty -Name Action -Value \""AD_SCCM_Antivirus\""; } else {; $obj | Add-Member -MemberType NoteProperty -Name Action -Value \""AD_SCCM\""; }; }; If (($ADAccount -eq $false) -and ($NetworkTest -eq $false)) {; $obj | Add-Member -MemberType NoteProperty -Name ComputerName -Value $Computer; If ($Antivirus -eq $true) {; $obj | Add-Member -MemberType NoteProperty -Name Action -Value \""SCCM_Antivirus\""; } else {; $obj | Add-Member -MemberType NoteProperty -Name Action -Value \""SCCM\""; }; }; If (($ADAccount -eq $true) -and ($NetworkTest -eq $true) -and ($Antivirus -eq $false)) {; $obj | Add-Member -MemberType NoteProperty -Name ComputerName -Value $Computer; $obj | Add-Member -MemberType NoteProperty -Name Action -Value \""AddAntivirus\""; }; If ($obj -ne $null) {; $Global:Failures += $obj; $Output = $obj.ComputerName; If ($obj.Action -eq \""AD_SCCM\"") {; $Output = $Output + \"",\""+\""X\""+\"",\""+\""X\""; }; If ($obj.Action -eq \""AD_SCCM_Antivirus\"") {; $Output = $Output + \"",\""+\""X\""+\"",\""+\""X\""+\"",\""+\""X\""; }; If ($obj.Action -eq \""SCCM\"") {; $Output = $Output + \"",\""+\"",\""+\""X\""; }; If ($obj.Action -eq \""SCCM_Antivirus\"") {; $Output = $Output + \"",\""+\"",\""+\""X\""+\"",\""+\""X\""; }; If ($obj.Action -eq \""AddAntivirus\"") {; $Output = $Output + \"",\""+\"",\""+\"",\""+\"",\""+\""X\""; }; Out-File -FilePath $Global:LogFile -InputObject $Output -Append -Force -Encoding UTF8; Remove-Variable -Name obj; $obj = New-Object PSObject; }; Start-Sleep -Seconds 1; }; }; Function WriteToScreen {; cls; Foreach ($Failure in $Global:Failures) {; If ($Failure -ne $null) {; Write-Output $Failure; }; }; $ErrorActionPreference = 'Continue'; }; cls; Import-Module -Name ActiveDirectory; InitializeGlobalMemory; ProcessLogFile; ProcessComputers; WriteToScreen",benign,TN
2026-07-13 14:38:17,C:\\TA\\project-ta\\data_spliting\\test_set\\benign\\422.ps1,custom-ps-ml,UNKNOWN,1949c0b0-84e0-4390-9315-35dcd9f2865c,DESKTOP-BAC9DBQ,benign,0.0121,RandomForest,145,1722.23,Register-PSFTeppScriptblock -Name 'PSFramework-config-validation' -ScriptBlock { [PSFramework.Configuration.ConfigurationHost]::Validation.Keys },benign,TN
2026-07-13 14:39:11,C:\\TA\\project-ta\\data_spliting\\test_set\\benign\\424.ps1,custom-ps-ml,UNKNOWN,1a0ad3dd-fb33-4138-96af-bc03acb289af,DESKTOP-BAC9DBQ,benign,0.0621,RandomForest,228,1836.75,"Register-PSFTeppScriptblock -Name \""PSFramework-config-fullname\"" -ScriptBlock {; [PSFramework.Configuration.ConfigurationHost]::Configurations.Values | Where-Object { -not $_.Hidden } | Select-Object -ExpandProperty FullName; }",benign,TN
2026-07-13 14:40:59,C:\\TA\\project-ta\\data_spliting\\test_set\\benign\\433.ps1,custom-ps-ml,UNKNOWN,ca333b98-8721-49c2-b862-f31063be9acd,DESKTOP-BAC9DBQ,benign,0.0412,RandomForest,354,1859.63,"Register-PSFTeppScriptblock -Name \""PSFramework-config-name\"" -ScriptBlock {; $moduleName = \""*\""; if ($fakeBoundParameter.Module) { $moduleName = $fakeBoundParameter.Module }; [PSFramework.Configuration.ConfigurationHost]::Configurations.Values | Where-Object { -not $_.Hidden -and ($_.Module -like $moduleName) } | Select-Object -ExpandProperty Name; }",benign,TN
2026-07-13 14:41:39,C:\\TA\\project-ta\\data_spliting\\test_set\\benign\\435.ps1,custom-ps-ml,UNKNOWN,f8e87626-3b39-4394-bb77-569d1485cfc8,DESKTOP-BAC9DBQ,benign,0.1364,RandomForest,6613,1837.37,; Register-PSFTeppArgumentCompleter -Command Export-PSFConfig -Parameter FullName -Name 'PSFramework-config-fullname'; Register-PSFTeppArgumentCompleter -Command Export-PSFConfig -Parameter Module -Name 'PSFramework-config-module'; Register-PSFTeppArgumentCompleter -Command Export-PSFConfig -Parameter Name -Name 'PSFramework-config-name'; Register-PSFTeppArgumentCompleter -Command Get-PSFConfig -Parameter FullName -Name 'PSFramework-config-fullname'; Register-PSFTeppArgumentCompleter -Command Get-PSFConfig -Parameter Module -Name 'PSFramework-config-module'; Register-PSFTeppArgumentCompleter -Command Get-PSFConfig -Parameter Name -Name 'PSFramework-config-name'; Register-PSFTeppArgumentCompleter -Command Import-PSFConfig -Parameter Schema -Name 'PSFramework-Config-Schema'; Register-PSFTeppArgumentCompleter -Command Set-PSFConfig -Parameter FullName -Name 'PSFramework-config-fullname'; Register-PSFTeppArgumentCompleter -Command Set-PSFConfig -Parameter Module -Name 'PSFramework-config-module'; Register-PSFTeppArgumentCompleter -Command Set-PSFConfig -Parameter Name -Name 'PSFramework-config-name'; Register-PSFTeppArgumentCompleter -Command Set-PSFConfig -Parameter Validation -Name 'PSFramework-config-validation'; Register-PSFTeppArgumentCompleter -Command Register-PSFConfig -Parameter FullName -Name 'PSFramework-config-fullname'; Register-PSFTeppArgumentCompleter -Command Register-PSFConfig -Parameter Module -Name 'PSFramework-config-module'; Register-PSFTeppArgumentCompleter -Command Register-PSFConfig -Parameter Name -Name 'PSFramework-config-name'; Register-PSFTeppArgumentCompleter -Command Get-PSFConfigValue -Parameter FullName -Name 'PSFramework-config-fullname'; Register-PSFTeppArgumentCompleter -Command Unregister-PSFConfig -Parameter FullName -Name 'PSFramework-Unregister-PSFConfig-FullName'; Register-PSFTeppArgumentCompleter -Command Unregister-PSFConfig -Parameter Module -Name 'PSFramework-Unregister-PSFConfig-Module'; Register-PSFTeppArgumentCompleter -Command Get-PSFFeature -Parameter Name -Name 'PSFramework.Feature.Name'; Register-PSFTeppArgumentCompleter -Command Set-PSFFeature -Parameter Name -Name 'PSFramework.Feature.Name'; Register-PSFTeppArgumentCompleter -Command Test-PSFFeature -Parameter Name -Name 'PSFramework.Feature.Name'; Register-PSFTeppArgumentCompleter -Command Get-PSFCallback -Parameter Name -Name 'PSFramework.Callback.Name'; Register-PSFTeppArgumentCompleter -Command Unregister-PSFCallback -Parameter Name -Name 'PSFramework.Callback.Name'; Register-PSFTeppArgumentCompleter -Command Get-PSFLicense -Parameter Filter -Name 'PSFramework-license-name'; Register-PSFTeppArgumentCompleter -Command Import-PSFLocalizedString -Parameter Language -Name 'PSFramework-LanguageNames'; Register-PSFTeppArgumentCompleter -Command Get-PSFLocalizedString -Parameter Module -Name 'PSFramework-LocalizedStrings-Modules'; Register-PSFTeppArgumentCompleter -Command Get-PSFLocalizedString -Parameter Name -Name 'PSFramework-LocalizedStrings-Names'; Register-PSFTeppArgumentCompleter -Command Get-PSFLoggingProvider -Parameter Name -Name 'PSFramework-logging-provider'; Register-PSFTeppArgumentCompleter -Command Install-PSFLoggingProvider -Parameter Name -Name 'PSFramework-logging-provider'; Register-PSFTeppArgumentCompleter -Command Set-PSFLoggingProvider -Parameter Name -Name 'PSFramework-logging-provider'; Register-PSFTeppArgumentCompleter -Command Get-PSFMessage -Parameter ModuleName -Name 'PSFramework.Message.Module'; Register-PSFTeppArgumentCompleter -Command Get-PSFMessage -Parameter FunctionName -Name 'PSFramework.Message.Function'; Register-PSFTeppArgumentCompleter -Command Get-PSFMessage -Parameter Tag -Name 'PSFramework.Message.Tags'; Register-PSFTeppArgumentCompleter -Command Get-PSFMessage -Parameter Runspace -Name 'PSFramework.Message.Runspace'; Register-PSFTeppArgumentCompleter -Command Get-PSFMessage -Parameter Level -Name 'PSFramework.Message.Level'; Register-PSFTeppArgumentCompleter -Command Get-PSFRunspace -Parameter Name -Name 'PSFramework-runspace-name'; Register-PSFTeppArgumentCompleter -Command Register-PSFRunspace -Parameter Name -Name 'PSFramework-runspace-name'; Register-PSFTeppArgumentCompleter -Command Stop-PSFRunspace -Parameter Name -Name 'PSFramework-runspace-name'; Register-PSFTeppArgumentCompleter -Command Start-PSFRunspace -Parameter Name -Name 'PSFramework-runspace-name'; Register-PSFTeppArgumentCompleter -Command Get-PSFDynamicContentObject -Parameter Name -Name 'PSFramework-dynamiccontentobject-name'; Register-PSFTeppArgumentCompleter -Command Set-PSFDynamicContentObject -Parameter Name -Name 'PSFramework-dynamiccontentobject-name'; Register-PSFTeppArgumentCompleter -Command Export-PSFClixml -Parameter Encoding -Name 'PSFramework-Encoding'; Register-PSFTeppArgumentCompleter -Command Import-PSFClixml -Parameter Encoding -Name 'PSFramework-Encoding'; Register-PSFTeppArgumentCompleter -Command Set-PSFTeppResult -Parameter TabCompletion -Name 'PSFramework-tepp-scriptblockname'; Register-PSFTeppArgumentCompleter -Command Register-PSFTeppArgumentCompleter -Parameter Name -Name 'PSFramework-tepp-scriptblockname'; Register-PSFTeppArgumentCompleter -Command Register-PSFTeppArgumentCompleter -Parameter Parameter -Name 'PSFramework-tepp-parametername'; Register-PSFTeppArgumentCompleter -Command ConvertFrom-PSFArray -Parameter PropertyName -Name PSFramework-Input-ObjectProperty; Register-PSFTeppArgumentCompleter -Command ConvertTo-PSFHashtable -Parameter Include -Name PSFramework-Input-ObjectProperty; Register-PSFTeppArgumentCompleter -Command ConvertTo-PSFHashtable -Parameter Exclude -Name PSFramework-Input-ObjectProperty; Register-PSFTeppArgumentCompleter -Command Resolve-PSFPath -Parameter Provider -Name PSFramework-utility-psprovider; Register-PSFTeppArgumentCompleter -Command Get-PSFPath -Parameter Name -Name 'PSFramework.Utility.PathName'; Register-PSFTeppArgumentCompleter -Command Set-PSFPath -Parameter Name -Name 'PSFramework.Utility.PathName'; Register-PSFTeppArgumentCompleter -Command Select-PSFObject -Parameter Property -Name PSFramework-Input-ObjectProperty; Register-PSFTeppArgumentCompleter -Command Select-PSFObject -Parameter ExpandProperty -Name PSFramework-Input-ObjectProperty; Register-PSFTeppArgumentCompleter -Command Select-PSFObject -Parameter ExcludeProperty -Name PSFramework-Input-ObjectProperty; Register-PSFTeppArgumentCompleter -Command Select-PSFObject -Parameter ShowProperty -Name PSFramework-Input-ObjectProperty; Register-PSFTeppArgumentCompleter -Command Select-PSFObject -Parameter ShowExcludeProperty -Name PSFramework-Input-ObjectProperty,benign,TN
2026-07-13 14:45:41,C:\\TA\\project-ta\\data_spliting\\test_set\\benign\\460.ps1,custom-ps-ml,UNKNOWN,0ea628a2-03f4-4424-b434-b2bf3edb357d,DESKTOP-BAC9DBQ,benign,0.1484,RandomForest,436,1838.94,"Set-PSFConfig -Module 'PSFramework' -Name 'ComputerManagement.PSSession.IdleTimeout' -Value (New-TimeSpan -Minutes 15) -Initialize -Validation 'timespan' -Handler { [PSFramework.ComputerManagement.ComputerManagementHost]::PSSessionIdleTimeout = $args[0] } -Description \""The idle timeout for cached pssessions. When using Invoke-PSFCommand, it will remember sessions for up to this time after last using them, before cleaning them up.\""",benign,TN
2026-07-13 14:51:43,C:\\TA\\project-ta\\data_spliting\\test_set\\benign\\640.ps1,custom-ps-ml,UNKNOWN,6bc9a6f9-cc75-4db4-9f0b-d3e5ffc99e90,DESKTOP-BAC9DBQ,benign,0.1784,RandomForest,1133,1922.48,"nal -Name gpc -Value \""Get-PPConfiguration\"" -ErrorAction SilentlyContinue; nal -Name grc -Value \""Get-RemoteConnection\"" -ErrorAction SilentlyContinue; nal -Name crdp -Value \""Connect-RDP\"" -ErrorAction SilentlyContinue; nal -Name crps -Value \""Connect-PSS\"" -ErrorAction SilentlyContinue; nal -Name chttp -Value \""Connect-Http\"" -ErrorAction SilentlyContinue; nal -Name cssh -Value \""Connect-SSH\"" -ErrorAction SilentlyContinue; nal -Name cscp -Value \""Connect-SCP\"" -ErrorAction SilentlyContinue; nal -Name cftp -Value \""Connect-FTP\"" -ErrorAction SilentlyContinue; nal -Name cvs -Value \""Connect-VSphere\"" -ErrorAction SilentlyContinue; nal -Name cvm -Value \""Connect-VM\"" -ErrorAction SilentlyContinue; nal -Name sps -Value \""Start-PPScript\"" -ErrorAction SilentlyContinue; nal -Name gpps -value \""Get-PPScript\"" -ErrorAction SilentlyContinue; Write-Host \""    _/_/_/    _/_/_/        _/\""; Write-Host \""   _/    _/  _/    _/      _/\""; Write-Host \""  _/_/_/    _/_/_/    _/_/_/_/_/\""; Write-Host \"" _/        _/            _/\""; Write-Host \""_/        _/            _/        This is a PowerShell PowerUp configured session`n\""",benign,TN
2026-07-13 14:51:47,C:\\TA\\project-ta\\data_spliting\\test_set\\benign\\647.ps1,custom-ps-ml,UNKNOWN,51506eb9-cb07-445a-83bd-0e559602b730,DESKTOP-BAC9DBQ,benign,0.0023,RandomForest,1778,1868.9,"function Get-TestUser() {; if (-not $env:RsUser) {; throw 'Environment variable RsUser is not defined!'; }; return $env:RsUser; }; function Get-RsSystemPolicies() {; $rsProxy = New-RsWebServiceProxy; return $rsProxy.GetSystemPolicies(); }; Describe \""Grant and Revoke Access To Rs\"" {; $user = Get-TestUser; Context \""Granting permission to test user\"" {; It \""Should assign System User access to test user\"" {; $role = 'System User'; Grant-AccessToRs -UserOrGroupName $user -RoleName $role -Confirm:$false -Verbose; $policies = Get-RsSystemPolicies; $userPolicy = $policies | Where-Object { $_.GroupUserName -eq $user }; $userPolicy | Should Not BeNullOrEmpty; $userPolicy.Roles.Length | Should Be 1; $role = $userPolicy.Roles | Where-Object { $_.Name -eq $role }; $role | Should Not BeNullOrEmpty; }; It \""Should assign System Administrator access to test user\"" {; $role = 'System Administrator'; Grant-AccessToRs -UserOrGroupName $user -RoleName $role -Confirm:$false -Verbose; $policies = Get-RsSystemPolicies; $userPolicy = $policies | Where-Object { $_.GroupUserName -eq $user }; $userPolicy | Should Not BeNullOrEmpty; $userPolicy.Roles.Length | Should Be 1; $role = $userPolicy.Roles | Where-Object { $_.Name -eq $role }; $role | Should Not BeNullOrEmpty; }; AfterEach {; Revoke-AccessToRs -UserOrGroupName $user -Confirm:$false -Verbose; }; }; Context \""Revoking access from test user\"" {; $role = 'System Administrator'; Grant-AccessToRs -UserOrGroupName $user -RoleName $role -Confirm:$false -Verbose; It \""Should remove all access for test user\"" {; Revoke-AccessToRs -UserOrGroupName $user -Confirm:$false -Verbose; $policies = Get-RsSystemPolicies; $userPolicy = $policies | Where-Object { $_.GroupUserName -eq $user }; $userPolicy | Should BeNullOrEmpty; }; }; }",benign,TN
2026-07-13 14:51:50,C:\\TA\\project-ta\\data_spliting\\test_set\\benign\\650.ps1,custom-ps-ml,UNKNOWN,51a282ff-4a8f-4d86-977e-b3f9088f3ba3,DESKTOP-BAC9DBQ,benign,0.0093,RandomForest,4836,1839.78,"Describe \""Remove-RsCatalogItem\"" {; Context \""Remove-RsCatalogItem with min parameters\""{; $folderName = 'SutRemoveRsCatalogItem_MinParameters' + [guid]::NewGuid(); New-RsFolder -Path / -FolderName $folderName; $folderPath = '/' + $folderName; $localPath =   (Get-Item -Path \"".\\\"").FullName  + '\\Tests\\CatalogItems\\testResources'; Write-RsFolderContent -Path $localPath -RsFolder $folderPath; It \""Should remove a DataSource\"" {; $rsDataSourcesList = (Get-RsFolderContent -RsFolder $folderPath ) | Where-Object TypeName -eq 'DataSource'; $rsDataSourcesList.Count | Should Be 1; $rsDataSourcePath = $folderPath + '/SutWriteRsFolderContent_DataSource'; Remove-RsCatalogItem -RsFolder $rsDataSourcePath -Confirm:$false; $rsDataSourcesList = (Get-RsFolderContent -RsFolder $folderPath ) | Where-Object TypeName -eq 'DataSource'; $rsDataSourcesList.Count | Should Be 0; }; It \""Should remove a Report\"" {; $rsReportsList = (Get-RsFolderContent -RsFolder $folderPath ) | Where-Object TypeName -eq 'Report'; $rsReportsList.Count | Should Be 1; $rsReportPath = $folderPath + '/emptyReport'; Remove-RsCatalogItem -RsFolder $rsReportPath -Confirm:$false; $rsReportsList = (Get-RsFolderContent -RsFolder $folderPath ) | Where-Object TypeName -eq 'Report'; $rsReportsList.Count | Should Be 0; }; It \""Should remove a DataSet\"" {; $rsDataSetsList = (Get-RsFolderContent -RsFolder $folderPath ) | Where-Object TypeName -eq 'DataSet'; $rsDataSetsList.Count | Should Be 1; $rsDataSetPath = $folderPath + '/UnDataset'; Remove-RsCatalogItem -RsFolder $rsDataSetPath -Confirm:$false; $rsDataSetsList = (Get-RsFolderContent -RsFolder $folderPath ) | Where-Object TypeName -eq 'DataSet'; $rsDataSetsList.Count | Should Be 0; }; It \""Should remove a RsFolder\"" {; $folderList = Get-RsFolderContent -RsFolder '/'; $folder = $folderList | Where-Object name -eq $folderName; $folderPath = '/' + $folderName; $folder.count | Should Be 1; Remove-RsCatalogItem -RsFolder $folderPath -Confirm:$false; $folderList = Get-RsFolderContent -RsFolder '/'; $folder = $folderList | Where-Object name -eq $folderName; $folder.count | Should Be 0; }; }; Context \""Remove-RsCatalogItem with Proxy parameter\""{; $folderName = 'SutRemoveRsCatalogItem_ProxyParameter' + [guid]::NewGuid(); New-RsFolder -Path / -FolderName $folderName; $folderPath = '/' + $folderName; $proxy = New-RsWebServiceProxy; It \""Should remove a RsFolder with Proxy parameter\"" {; $folderList = Get-RsFolderContent -RsFolder '/'; $folder = $folderList | Where-Object name -eq $folderName; $folder.count | Should Be 1; Remove-RsCatalogItem -Path $folderPath -Proxy $proxy -Confirm:$false; $folderList = Get-RsFolderContent -RsFolder '/'; $folder = $folderList | Where-Object name -eq $folderName; $folder.count | Should Be 0; }; }; Context \""Remove-RsCatalogItem with Proxy and ReportServerUri parameter\""{; $folderName = 'SutRemoveRsCatalogItem_ProxyReportServerUriParameter' + [guid]::NewGuid(); New-RsFolder -Path / -FolderName $folderName; $folderPath = '/' + $folderName; $proxy = New-RsWebServiceProxy; $reportServerUri = 'http://localhost/reportserver'; It \""Should remove a RsFolder with Proxy and ReportServerUri parameter\"" {; $folderList = Get-RsFolderContent -RsFolder '/'; $folder = $folderList | Where-Object name -eq $folderName; $folder.count | Should Be 1; Remove-RsCatalogItem -Path $folderPath -Proxy $proxy -ReportServerUri $reporServerUri -Confirm:$false; $folderList = Get-RsFolderContent -RsFolder '/'; $folder = $folderList | Where-Object name -eq $folderName; $folder.count | Should Be 0; }; }; Context \""Remove-RsCatalogItem with ReportServerUri parameter\""{; $folderName = 'SutRemoveRsCatalogItem_ReportServerUriParameter' + [guid]::NewGuid(); New-RsFolder -Path / -FolderName $folderName; $folderPath = '/' + $folderName; $reportServerUri = 'http://localhost/reportserver'; It \""Should remove a RsFolder with ReportServerUri parameter\"" {; $folderList = Get-RsFolderContent -RsFolder '/'; $folder = $folderList | Where-Object name -eq $folderName; $folder.count | Should Be 1; Remove-RsCatalogItem -ReportServerUri $reportServerUri -Path $folderPath -Confirm:$false; $folderList = Get-RsFolderContent -RsFolder '/'; $folder = $folderList | Where-Object name -eq $folderName; $folder.count | Should Be 0; }; }; Context \""Remove-RsCatalogItem with pipping \"" {; $folderName = 'SutRemoveRsCatalogItem_pipping' + [guid]::NewGuid(); New-RsFolder -Path / -FolderName $folderName; $folderPath = '/' + $folderName; It \""Should remove a RsFolder\"" {; $folderList = Get-RsFolderContent -RsFolder '/'; $folder = $folderList | Where-Object name -eq $folderName; $folder.count | Should Be 1; $folder | Remove-RsCatalogItem -Confirm:$false; $folderList = Get-RsFolderContent -RsFolder '/'; $folder = $folderList | Where-Object name -eq $folderName; $folder.count | Should Be 0; }; }; }",benign,TN
2026-07-13 14:51:52,C:\\TA\\project-ta\\data_spliting\\test_set\\benign\\654.ps1,custom-ps-ml,UNKNOWN,df958e4d-de42-4a0d-806b-9a56a95c73f8,DESKTOP-BAC9DBQ,benign,0.0011,RandomForest,3259,1861.6,"$reportPortalUri = if ($env:PesterPortalUrl -eq $null) { 'http://localhost/reports' } else { $env:PesterPortalUrl }; $reportServerUri = if ($env:PesterServerUrl -eq $null) { 'http://localhost/reportserver' } else { $env:PesterServerUrl }; Describe \""Get-RsRestItemDataSource\"" {; $session = $null; $rsFolderPath = \""\""; $datasourcesReport = \""\""; $sqlPowerBIReport = \""\""; BeforeEach {; $session = New-RsRestSession -ReportPortalUri $reportPortalUri; $folderName = 'SUT_GetRsRestItemDataSource_' + [guid]::NewGuid(); New-RsRestFolder -WebSession $session -RsFolder / -FolderName $folderName; $rsFolderPath = '/' + $folderName; $localPath =   (Get-Item -Path \"".\\\"").FullName  + '\\Tests\\CatalogItems\\testResources'; Write-RsRestCatalogItem -WebSession $session -Path \""$localPath\\datasources\\datasourcesReport.rdl\"" -RsFolder $rsFolderPath; $datasourcesReport =  \""$rsFolderPath/datasourcesReport\""; Write-RsRestCatalogItem -WebSession $session -Path \""$localPath\\SqlPowerBIReport.pbix\"" -RsFolder $rsFolderPath; $sqlPowerBIReport = \""$rsFolderPath/SqlPowerBIReport\""; }; AfterEach {; Remove-RsRestFolder -WebSession $session -RsFolder $rsFolderPath -Confirm:$false; }; Context \""ReportPortalUri parameter\"" {; It \""fetches data sources for paginated reports\"" {; $datasources = Get-RsRestItemDataSource -ReportPortalUri $reportPortalUri -RsItem $datasourcesReport -Verbose; $datasources.Count | Should Be 2; $datasources[0].DataSourceType | Should Be \""SQL\""; $datasources[0].DataSourceSubType | Should BeNullOrEmpty; $datasources[0].ConnectionString | Should Be \""Data Source=localhost;Initial Catalog=master\""; $datasources[1].DataSourceType | Should Be \""SQL\""; $datasources[1].DataSourceSubType | Should BeNullOrEmpty; $datasources[1].ConnectionString | Should Be \""Data Source=localhost;Initial Catalog=model\""; }; It \""fetches data sources for power bi reports\"" {; $datasources = Get-RsRestItemDataSource -ReportPortalUri $reportPortalUri -RsItem $sqlPowerBIReport -Verbose; $datasources.GetType() | Should BeOfType System.Object; $datasources.DataSourceSubType | Should Be \""DataModel\""; $datasources.ConnectionString | Should Be \""localhost;ReportServer\""; }; }; Context \""WebSession parameter\"" {; $rsSession = $null; BeforeEach {; $rsSession = New-RsRestSession -ReportPortalUri $reportPortalUri; }; It \""fetches data sources for paginated reports\"" {; $datasources = Get-RsRestItemDataSource -WebSession $rsSession -RsItem $datasourcesReport -Verbose; $datasources.Count | Should Be 2; $datasources[0].DataSourceType | Should Be \""SQL\""; $datasources[0].DataSourceSubType | Should BeNullOrEmpty; $datasources[0].ConnectionString | Should Be \""Data Source=localhost;Initial Catalog=master\""; $datasources[1].DataSourceType | Should Be \""SQL\""; $datasources[1].DataSourceSubType | Should BeNullOrEmpty; $datasources[1].ConnectionString | Should Be \""Data Source=localhost;Initial Catalog=model\""; }; It \""fetches data sources for power bi reports\"" {; $datasources = Get-RsRestItemDataSource -WebSession $rsSession -RsItem $sqlPowerBIReport -Verbose; $datasources.GetType() | Should BeOfType System.Object; $datasources.DataSourceSubType | Should Be \""DataModel\""; $datasources.ConnectionString | Should Be \""localhost;ReportServer\""; }; }; }",benign,TN
2026-07-13 14:52:14,C:\\TA\\project-ta\\data_spliting\\test_set\\benign\\661.ps1,custom-ps-ml,UNKNOWN,244ef3f7-9964-493b-9f66-77d93b5ef2f3,DESKTOP-BAC9DBQ,benign,0.0056,RandomForest,5233,2003.03,"Describe \""Write-RsFolderContent\"" {; Context \""Write-RsFolderContent with min parameters\"" {; $folderName = 'SutWriteRsFolderContentMinParameters' + [guid]::NewGuid(); New-RsFolder -Path / -FolderName $folderName; $folderPath = '/' + $folderName; $localReportPath = (Get-Item -Path \"".\\\"").FullName + '\\Tests\\CatalogItems\\testResources'; Write-RsFolderContent -Path $localReportPath -RsFolder $folderPath; It \""Should upload a local report in Report Server\"" {; $uploadedReport = (Get-RsFolderContent -RsFolder $folderPath ) | Where-Object TypeName -eq 'Report'; $uploadedReport.Name | Should Be 'emptyReport'; }; It \""Should upload a local RsDataSource in Report Server\"" {; $uploadedDataSource = (Get-RsFolderContent -RsFolder $folderPath ) | Where-Object TypeName -eq 'DataSource'; $uploadedDataSource.Name | Should Be 'SutWriteRsFolderContent_DataSource'; }; It \""Should upload a local DataSet in Report Server\"" {; $uploadedDataSet = (Get-RsFolderContent -RsFolder $folderPath ) | Where-Object TypeName -eq 'DataSet'; $uploadedDataSet.Name | Should Be 'UnDataset'; }; Remove-RsCatalogItem -RsFolder $folderPath -Confirm:$false; }; Context \""Write-RsFolderContent with ReportServerUri parameter\"" {; $folderName = 'SutWriteRsFolderContentReportServerUri' + [guid]::NewGuid(); New-RsFolder -Path / -FolderName $folderName; $folderPath = '/' + $folderName; $localReportPath = (Get-Item -Path \"".\\\"" -Verbose).FullName + '\\Tests\\CatalogItems\\testResources'; $reportServerUri = 'http://localhost/reportserver'; Write-RsFolderContent -Path $localReportPath -RsFolder $folderPath -ReportServerUri $reportServerUri; $uploadedReport = (Get-RsFolderContent -RsFolder $folderPath ) | Where-Object TypeName -eq 'Report'; It \""Should upload a local report in Report Server with ReportServerUri Parameter\"" {; $uploadedReport.Name | Should Be 'emptyReport'; }; Remove-RsCatalogItem -RsFolder $folderPath -Confirm:$false; }; Context \""Write-RsFolderContent with Proxy Parameter\"" {; $folderName = 'SutWriteRsFolderContentProxy' + [guid]::NewGuid(); New-RsFolder -Path / -FolderName $folderName; $folderPath = '/' + $folderName; $localReportPath = (Get-Item -Path \"".\\\"" -Verbose).FullName + '\\Tests\\CatalogItems\\testResources'; $proxy = New-RsWebServiceProxy; Write-RsFolderContent -Path $localReportPath -RsFolder $folderPath -Proxy $proxy; $uploadedReport = (Get-RsFolderContent -RsFolder $folderPath ) | Where-Object TypeName -eq 'Report'; It \""Should upload a local report in Report Server with Proxy Parameter\"" {; $uploadedReport.Name | Should Be 'emptyReport'; }; Remove-RsCatalogItem -RsFolder $folderPath -Confirm:$false; }; Context \""Write-RsFolderContent with Proxy and ReportServerUri\"" {; $folderName = 'SutWriteRsFolderContentAll' + [guid]::NewGuid(); New-RsFolder -Path / -FolderName $folderName; $folderPath = '/' + $folderName; $localReportPath = (Get-Item -Path \"".\\\"" -Verbose).FullName + '\\Tests\\CatalogItems\\testResources'; $proxy = New-RsWebServiceProxy; $reportServerUri = 'http://localhost/reportserver'; Write-RsFolderContent -Path $localReportPath -RsFolder $folderPath -Proxy $proxy -ReportServerUri $reportServerUri; $uploadedReport = (Get-RsFolderContent -RsFolder $folderPath ) | Where-Object TypeName -eq 'Report'; It \""Should upload a local report in Report Server with ReportServerUri and Proxy Parameters\"" {; $uploadedReport.Name | Should Be 'emptyReport'; }; Remove-RsCatalogItem -RsFolder $folderPath -Confirm:$false; }; Context \""Write-RsFolderContent with Recurse Parameter\"" {; $folderName = 'SutWriteRsFolderContentRecurse' + [guid]::NewGuid(); New-RsFolder -Path / -FolderName $folderName; $folderPath = '/' + $folderName; $localReportPath = (Get-Item -Path \"".\\\"" -Verbose).FullName + '\\Tests\\CatalogItems\\testResources'; Write-RsFolderContent -Path $localReportPath -RsFolder $folderPath -Recurse; It \""Should upload a local subFolder with Recurse Parameter\"" {; $uploadedFolders = (Get-RsFolderContent -RsFolder $folderPath -Recurse ) | Where-Object TypeName -eq 'Folder' | Sort-Object -Property Name -Descending; $uploadedFolders.Count | Should Be 3; $uploadedFolders[0].Name | Should Be 'testResources2'; $uploadedFolders[1].Name | Should Be 'imagesResources'; $uploadedFolders[2].Name | Should Be 'datasources'; }; It \""Should upload a report that is in a folder and a second report that is in a subfolder\"" {; $uploadedReports = (Get-RsFolderContent -RsFolder $folderPath -Recurse ) | Where-Object TypeName -eq 'Report'; $uploadedReports.Count | Should Be 4; }; It \""Should upload a local RsDataSource in Report Server\"" {; $uploadedDataSource = (Get-RsFolderContent -RsFolder $folderPath -Recurse ) | Where-Object TypeName -eq 'DataSource'; $uploadedDataSource.Name | Should Be 'SutWriteRsFolderContent_DataSource'; }; It \""Should upload a local DataSet in Report Server\"" {; $uploadedDataSet = (Get-RsFolderContent -RsFolder $folderPath -Recurse ) | Where-Object TypeName -eq 'DataSet'; $uploadedDataSet.Name | Should Be 'UnDataset'; }; It \""Should not fail because folder already exists\"" {; { Write-RsFolderContent -Path $localReportPath -RsFolder $folderPath -Recurse -Overwrite } | Should Not Throw; }; Remove-RsCatalogItem -RsFolder $folderPath -Confirm:$false; }; }",benign,TN
2026-07-13 14:52:26,C:\\TA\\project-ta\\data_spliting\\test_set\\benign\\670.ps1,custom-ps-ml,UNKNOWN,dedf3ddb-4c82-404d-9eaa-224411ac4060,DESKTOP-BAC9DBQ,benign,0.0021,RandomForest,10026,1936.42,"Describe \""Write-RsCatalogItem\"" {; Context \""Write-RsCatalogItem with min parameters\""{; $folderName = 'SutWriteRsCatalogItem_MinParameters' + [guid]::NewGuid(); New-RsFolder -Path / -FolderName $folderName; $folderPath = '/' + $folderName; $localPath =   (Get-Item -Path \"".\\\"").FullName  + '\\Tests\\CatalogItems\\testResources'; It \""Should upload a local report in Report Server\"" {; $localReportPath = $localPath + '\\emptyReport.rdl'; Write-RsCatalogItem -Path $localReportPath -RsFolder $folderPath -Description 'newDescription'; $uploadedReport = (Get-RsFolderContent -RsFolder $folderPath ) | Where-Object TypeName -eq 'Report'; $uploadedReport.Name | Should Be 'emptyReport'; $uploadedReport.Description | Should Be 'newDescription'; }; It \""Should upload a local RsDataSource in Report Server\"" {; $localDataSourcePath = $localPath + '\\SutWriteRsFolderContent_DataSource.rsds'; Write-RsCatalogItem -Path $localDataSourcePath -RsFolder $folderPath; $uploadedDataSource = (Get-RsFolderContent -RsFolder $folderPath ) | Where-Object TypeName -eq 'DataSource'; $uploadedDataSource.Name | Should Be 'SutWriteRsFolderContent_DataSource'; }; It \""Should upload a local DataSet in Report Server\"" {; $localDataSetPath = $localPath + '\\UnDataset.rsd'; Write-RsCatalogItem -Path $localDataSetPath -RsFolder $folderPath; $uploadedDataSet = (Get-RsFolderContent -RsFolder $folderPath ) | Where-Object TypeName -eq 'DataSet'; $uploadedDataSet.Name | Should Be 'UnDataset'; }; Remove-RsCatalogItem -RsFolder $folderPath -Confirm:$false; }; Context \""Write-RsCatalogItem with hidden parameters\""{; $folderName = 'SutWriteRsCatalogItem_Hidden' + [guid]::NewGuid(); New-RsFolder -Path / -FolderName $folderName -Hidden; $folderPath = '/' + $folderName; $localPath =   (Get-Item -Path \"".\\\"").FullName  + '\\Tests\\CatalogItems\\testResources'; It \""Should upload a local report in Report Server\"" {; $localReportPath = $localPath + '\\emptyReport.rdl'; Write-RsCatalogItem -Path $localReportPath -RsFolder $folderPath -Description 'newDescription' -Hidden; $uploadedReport = (Get-RsFolderContent -RsFolder $folderPath ) | Where-Object TypeName -eq 'Report'; $uploadedReport.Name | Should Be 'emptyReport'; $uploadedReport.Description | Should Be 'newDescription'; }; It \""Should upload a local RsDataSource in Report Server\"" {; $localDataSourcePath = $localPath + '\\SutWriteRsFolderContent_DataSource.rsds'; Write-RsCatalogItem -Path $localDataSourcePath -RsFolder $folderPath -Hidden; $uploadedDataSource = (Get-RsFolderContent -RsFolder $folderPath ) | Where-Object TypeName -eq 'DataSource'; $uploadedDataSource.Name | Should Be 'SutWriteRsFolderContent_DataSource'; }; It \""Should upload a local DataSet in Report Server\"" {; $localDataSetPath = $localPath + '\\UnDataset.rsd'; Write-RsCatalogItem -Path $localDataSetPath -RsFolder $folderPath -Hidden; $uploadedDataSet = (Get-RsFolderContent -RsFolder $folderPath ) | Where-Object TypeName -eq 'DataSet'; $uploadedDataSet.Name | Should Be 'UnDataset'; }; Remove-RsCatalogItem -RsFolder $folderPath -Confirm:$false; }; Context \""Write-RsCatalogItem with name parameter\""{; $folderName = 'SutWriteRsCatalogItem_Name' + [guid]::NewGuid(); New-RsFolder -Path / -FolderName $folderName -Hidden; $folderPath = '/' + $folderName; $localPath =   (Get-Item -Path \"".\\\"").FullName  + '\\Tests\\CatalogItems\\testResources'; It \""Should upload a local report in Report Server\"" {; $localReportPath = $localPath + '\\emptyReport.rdl'; Write-RsCatalogItem -Path $localReportPath -RsFolder $folderPath -Description 'newDescription' -Name 'Test Report'; $uploadedReport = (Get-RsFolderContent -RsFolder $folderPath ) | Where-Object TypeName -eq 'Report'; $uploadedReport.Name | Should Be 'Test Report'; $uploadedReport.Description | Should Be 'newDescription'; }; It \""Should upload a local RsDataSource in Report Server\"" {; $localDataSourcePath = $localPath + '\\SutWriteRsFolderContent_DataSource.rsds'; Write-RsCatalogItem -Path $localDataSourcePath -RsFolder $folderPath -Name 'Test DataSource'; $uploadedDataSource = (Get-RsFolderContent -RsFolder $folderPath ) | Where-Object TypeName -eq 'DataSource'; $uploadedDataSource.Name | Should Be 'Test DataSource'; }; It \""Should upload a local DataSet in Report Server\"" {; $localDataSetPath = $localPath + '\\UnDataset.rsd'; Write-RsCatalogItem -Path $localDataSetPath -RsFolder $folderPath -Name 'Test DataSet'; $uploadedDataSet = (Get-RsFolderContent -RsFolder $folderPath ) | Where-Object TypeName -eq 'DataSet'; $uploadedDataSet.Name | Should Be 'Test DataSet'; }; Remove-RsCatalogItem -RsFolder $folderPath -Confirm:$false; }; Context \""Write-RsCatalogItem with Proxy parameter\""{; $folderName = 'SutWriteRsCatalogItem_ProxyParameter' + [guid]::NewGuid(); New-RsFolder -Path / -FolderName $folderName; $folderPath = '/' + $folderName; $proxy = New-RsWebServiceProxy; $localReportPath =   (Get-Item -Path \"".\\\"").FullName  + '\\Tests\\CatalogItems\\testResources\\emptyReport.rdl'; Write-RsCatalogItem -Path $localReportPath -RsFolder $folderPath -Proxy $proxy -Description 'newDescription'; It \""Should upload a local Report in ReportServer with Proxy Parameter\"" {; $uploadedReport = (Get-RsFolderContent -RsFolder $folderPath ) | Where-Object TypeName -eq 'Report'; $uploadedReport.Name | Should Be 'emptyReport'; $uploadedReport.Description | Should Be 'newDescription'; }; Remove-RsCatalogItem -RsFolder $folderPath -Confirm:$false; }; Context \""Write-RsCatalogItem with Proxy and ReportServerUri parameter\""{; $folderName = 'SutWriteRsCatalogItem_ReporServerUrioProxyParameters' + [guid]::NewGuid(); New-RsFolder -Path / -FolderName $folderName; $folderPath = '/' + $folderName; $proxy = New-RsWebServiceProxy; $reportServerUri = 'http://localhost/reportserver'; $localReportPath =   (Get-Item -Path \"".\\\"").FullName  + '\\Tests\\CatalogItems\\testResources\\emptyReport.rdl'; Write-RsCatalogItem -Path $localReportPath -RsFolder $folderPath -Proxy $proxy -ReportServerUri $reportServerUri -Description 'newDescription'; It \""Should upload a local Report in ReportServer with Proxy and ReportServerUri Parameter\"" {; $uploadedReport = (Get-RsFolderContent -RsFolder $folderPath ) | Where-Object TypeName -eq 'Report'; $uploadedReport.Name | Should Be 'emptyReport'; $uploadedReport.Description | Should Be 'newDescription'; }; Remove-RsCatalogItem -RsFolder $folderPath -Confirm:$false; }; Context \""Write-RsCatalogItem with ReportServerUri parameter\""{; $folderName = 'SutWriteRsCatalogItem_ReportServerUriParameter' + [guid]::NewGuid(); New-RsFolder -Path / -FolderName $folderName; $folderPath = '/' + $folderName; $reportServerUri = 'http://localhost/reportserver'; $localReportPath =   (Get-Item -Path \"".\\\"").FullName  + '\\Tests\\CatalogItems\\testResources\\emptyReport.rdl'; Write-RsCatalogItem -Path $localReportPath -RsFolder $folderPath -ReportServerUri $reportServerUri -Description 'newDescription'; It \""Should upload a local Report in ReportServer with ReportServerUri Parameter\"" {; $uploadedReport = (Get-RsFolderContent -RsFolder $folderPath ) | Where-Object TypeName -eq 'Report'; $uploadedReport.Name | Should Be 'emptyReport'; $uploadedReport.Description | Should Be 'newDescription'; }; Remove-RsCatalogItem -RsFolder $folderPath -Confirm:$false; }; Context \""Write-RsCatalogItem with Overwrite parameter\""{; $folderName = 'SutWriteCatalogItem_OverwriteParameter' + [guid]::NewGuid(); New-RsFolder -Path / -FolderName $folderName; $folderPath = '/' + $folderName; $localReportPath =   (Get-Item -Path \"".\\\"").FullName  + '\\Tests\\CatalogItems\\testResources\\emptyReport.rdl'; Write-RsCatalogItem -Path $localReportPath -RsFolder $folderPath -Description 'newDescription'; $localDataSourcePath =  (Get-Item -Path \"".\\\"").FullName  + '\\Tests\\CatalogItems\\testResources\\SutWriteRsFolderContent_DataSource.rsds'; It \""Should upload a local Report in ReportServer with Overwrite Parameter\"" {; { Write-RsCatalogItem -Path $localReportPath -RsFolder $folderPath } | Should Throw; { Write-RsCatalogItem -Path $localReportPath -RsFolder $folderPath -Overwrite -Description 'overwrittenDescription' } | Should Not Throw; $overwrittenReport = (Get-RsFolderContent -RsFolder $folderPath ) | Where-Object TypeName -eq 'Report'; $overwrittenReport.Name | Should Be 'emptyReport'; $overwrittenReport.Description | Should Be 'overwrittenDescription'; }; Remove-RsCatalogItem -RsFolder $folderPath -Confirm:$false; }; Context \""Write-RsCatalogItem with images\""{; $jpgFolderName = 'SutWriteCatalogItem_JPGimages' + [guid]::NewGuid(); New-RsFolder -Path / -FolderName $jpgFolderName; $jpgFolderPath = '/' + $jpgFolderName; $localJPGImagePath =   (Get-Item -Path \"".\\\"").FullName  + '\\Tests\\CatalogItems\\testResources\\imagesResources\\PowerShellHero.jpg'; Write-RsCatalogItem -Path $localJPGImagePath -RsFolder $jpgFolderPath; It \""Should upload a local jpg image in ReportServer\"" {; $jpgImageResource = (Get-RsFolderContent -RsFolder $jpgFolderPath ) | Where-Object TypeName -eq 'Resource'; $jpgImageResource.Name | Should Be 'PowerShellHero.jpg'; $jpgImageResource.ItemMetadata.Name | Should Be 'MIMEType'; $jpgImageResource.ItemMetadata.Value | Should Be 'image/jpeg'; }; $pngFolderName = 'SutWriteCatalogItem_PNGimages' + [guid]::NewGuid(); New-RsFolder -Path / -FolderName $pngFolderName; $pngFolderPath = '/' + $pngFolderName; $localPNGImagePath =   (Get-Item -Path \"".\\\"").FullName  + '\\Tests\\CatalogItems\\testResources\\imagesResources\\SSRS.png'; Write-RsCatalogItem -Path $localPNGImagePath -RsFolder $pngFolderPath; It \""Should upload a local png image in ReportServer\"" {; $jpgImageResource = (Get-RsFolderContent -RsFolder $pngFolderPath ) | Where-Object TypeName -eq 'Resource'; $jpgImageResource.Name | Should Be 'SSRS.png'; $jpgImageResource.ItemMetadata.Name | Should Be 'MIMEType'; $jpgImageResource.ItemMetadata.Value | Should Be 'image/png'; }; Remove-RsCatalogItem -RsFolder $jpgFolderPath -Confirm:$false; Remove-RsCatalogItem -RsFolder $pngFolderPath -Confirm:$false; }; }",benign,TN
2026-07-13 14:56:55,C:\\TA\\project-ta\\data_spliting\\test_set\\benign\\856.ps1,custom-ps-ml,UNKNOWN,e8d09245-3ba0-499a-baba-b032f90f60ff,DESKTOP-BAC9DBQ,benign,0.0064,RandomForest,1955,1832.09,"$rsVaultName = \""myRsVault\""; $rgName = \""myResourceGroup\""; $location = \""East US\""; Register-AzResourceProvider -ProviderNamespace \""Microsoft.RecoveryServices\""; New-AzResourceGroup -Location $location -Name $rgName; New-AzRecoveryServicesVault `; -Name $rsVaultName `; -ResourceGroupName $rgName `; -Location $location; $vault1 = Get-AzRecoveryServicesVault -Name $rsVaultName; Set-AzRecoveryServicesProperties `; -Vault $vault1 `; -BackupStorageRedundancy GeoRedundant; Get-AzRecoveryServicesVault -Name $rsVaultName | Set-AzRecoveryServicesVaultContext; $schPol = Get-AzRecoveryServicesSchedulePolicyObject -WorkloadType \""AzureVM\""; $retPol = Get-AzRecoveryServicesRetentionPolicyObject -WorkloadType \""AzureVM\""; New-AzRecoveryServicesProtectionPolicy `; -Name \""NewPolicy\"" `; -WorkloadType \""AzureVM\"" `; -RetentionPolicy $retPol `; -SchedulePolicy $schPol; Set-AzKeyVaultAccessPolicy `; -VaultName \""KeyVaultName\"" `; -ResourceGroupName \""KyeVault-RGName\"" `; -PermissionsToKeys backup,get,list `; -PermissionsToSecrets backup,get,list `; -ServicePrincipalName 262044b1-e2ce-469f-a196-69ab7ada62d3; $pol = Get-AzRecoveryServicesProtectionPolicy -Name \""NewPolicy\"" `; Enable-AzRecoveryServicesProtection `; -Policy $pol `; -Name \""myVM\"" `; -ResourceGroupName \""VM-RGName\""; $retPol = Get-AzRecoveryServicesRetentionPolicyObject -WorkloadType \""AzureVM\""; $retPol.DailySchedule.DurationCountInDays = 365; $pol = Get-AzRecoveryServicesProtectionPolicy -Name \""NewPolicy\""; Set-AzRecoveryServicesProtectionPolicy `; -Policy $pol `; -RetentionPolicy $RetPol; $namedContainer = Get-AzRecoveryServicesContainer -ContainerType \""AzureVM\"" -Status \""Registered\"" -FriendlyName \""myVM\""; $item = Get-AzRecoveryServicesItem -Container $namedContainer -WorkloadType \""AzureVM\""; $job = Backup-AzRecoveryServicesItem -Item $item; $joblist = Get-AzRecoveryServicesJob -Status \""InProgress\""; Wait-AzRecoveryServicesJob `; -Job $joblist[0] `; -Timeout 43200",benign,TN
2026-07-13 14:56:57,C:\\TA\\project-ta\\data_spliting\\test_set\\benign\\859.ps1,custom-ps-ml,UNKNOWN,8b49a0bc-25db-4185-8cd3-2b7b992de02f,DESKTOP-BAC9DBQ,benign,0.0009,RandomForest,828,1929.64,"$here = Split-Path -Parent $MyInvocation.MyCommand.Path; $sut = (Split-Path -Leaf $MyInvocation.MyCommand.Path) -replace '\\.Tests', ''; . \""$here\\$sut\""; $clusterName = $ENV:ClusterName; $httpUserPassword = $ENV:HttpPassword; $securePassword = ConvertTo-SecureString $httpUserPassword -AsPlainText -Force; $creds = New-Object -TypeName System.Management.Automation.PSCredential -ArgumentList \""admin\"", $securePassword; function Get-Credential { return $creds }; Describe \""hdinsight-hadoop-use-hive-powershell\"" {; It \""Runs a Hive query using Start-AzHDInsightJob\"" {; Mock Read-Host { $clusterName }; (Start-HiveJob)[-1].StartsWith(\""2012-02-03\"") | Should be True; }; It \""Runs a Hive query using Invoke-Hive\"" {; Mock Read-Host { $clusterName }; (Start-HiveJobInvoke)[-1].StartsWith(\""2012-02-03\"") | Should be True; }; }",benign,TN
2026-07-13 14:57:10,C:\\TA\\project-ta\\data_spliting\\test_set\\benign\\870.ps1,custom-ps-ml,UNKNOWN,d4ec163f-9a8f-471d-8e2c-32a04a309ad5,DESKTOP-BAC9DBQ,benign,0.0049,RandomForest,693,2087.77,"$here = Split-Path -Parent $MyInvocation.MyCommand.Path; $sut = (Split-Path -Leaf $MyInvocation.MyCommand.Path) -replace '\\.Tests', ''; . \""$here\\$sut\""; $clusterName = $ENV:ClusterName; $httpUserPassword = $ENV:HttpPassword; $securePassword = ConvertTo-SecureString $httpUserPassword -AsPlainText -Force; $creds = New-Object -TypeName System.Management.Automation.PSCredential -ArgumentList \""admin\"", $securePassword; function Get-Credential { return $creds }; Describe \""hdinsight-hadoop-use-pig-powershell\"" {; It \""Runs a Pig query using Start-AzHDInsightJob\"" {; Mock Read-Host { $clusterName }; (Start-PigJob $clusterName $creds)[-1].StartsWith(\""(TRACE,816)\"") | Should be True; }; }",benign,TN
2026-07-13 14:57:31,C:\\TA\\project-ta\\data_spliting\\test_set\\benign\\876.ps1,custom-ps-ml,UNKNOWN,9f3c8863-8ad3-41cf-9e2f-0f4dc9b4ee8c,DESKTOP-BAC9DBQ,benign,0.0011,RandomForest,774,2090.29,"$here = Split-Path -Parent $MyInvocation.MyCommand.Path; $sut = (Split-Path -Leaf $MyInvocation.MyCommand.Path) -replace '\\.Tests', ''; . \""$here\\$sut\""; $clusterName = $ENV:ClusterName; $httpUserPassword = $ENV:HttpPassword; $securePassword = ConvertTo-SecureString $httpUserPassword -AsPlainText -Force; $creds = New-Object -TypeName System.Management.Automation.PSCredential -ArgumentList \""admin\"", $securePassword; function Get-Credential { return $creds }; Describe \""hdinsight-hadoop-use-mapreduce-powershell\"" {; in $TestDrive {; It \""Runs a MapReduce job using Start-AzHDInsightJob\"" {; Mock Read-host { $clusterName }; (Start-MapReduce)[0].State | Should be \""SUCCEEDED\""; }; It \""Downloaded the output file\"" {; Test-Path .\\output.txt | Should be True; }; }; }",benign,TN
2026-07-13 14:58:20,C:\\TA\\project-ta\\data_spliting\\test_set\\benign\\908.ps1,custom-ps-ml,UNKNOWN,926bc2ca-af98-4776-ae17-cc34d3090147,DESKTOP-BAC9DBQ,benign,0.0276,RandomForest,417,1968.87,"$registryName = \""&lt;container-registry-name&gt;\""; $resourceGroup = \""&lt;resource-group-name&gt;\""; $servicePrincipalId = \""&lt;service-principal-id&gt;\""; $registry = Get-AzContainerRegistry -ResourceGroupName $resourceGroup -Name $registryName; $sp = Get-AzADServicePrincipal -ServicePrincipalName $servicePrincipalId; $role = New-AzRoleAssignment -ObjectId $sp.Id -RoleDefinitionName acrpull -Scope $registry.Id",benign,TN
2026-07-13 14:58:23,C:\\TA\\project-ta\\data_spliting\\test_set\\benign\\911.ps1,custom-ps-ml,UNKNOWN,97b39fb5-ea3f-45a0-8094-c822b7ecd1fe,DESKTOP-BAC9DBQ,benign,0.1222,RandomForest,255,1896.1,"Add-WindowsFeature Web-Server; Get-Disk | Where partitionstyle -eq 'raw' | Initialize-Disk -PartitionStyle MBR -PassThru | New-Partition -AssignDriveLetter -UseMaximumSize | Format-Volume -FileSystem NTFS -NewFileSystemLabel \""myDataDisk\"" -Confirm:$false",benign,TN
2026-07-13 14:58:35,C:\\TA\\project-ta\\data_spliting\\test_set\\benign\\925.ps1,custom-ps-ml,UNKNOWN,fb05056f-8ce0-434c-9830-8a12d037ae88,DESKTOP-BAC9DBQ,benign,0.0928,RandomForest,551,1938.56,"$resourceGroup = \""myResourceGroup\""; $location = \""westeurope\""; $vmName = \""myVM\""; $cred = Get-Credential -Message \""Enter a username and password for the virtual machine.\""; New-AzResourceGroup -Name $resourceGroup -Location $location; New-AzVM `; -ResourceGroupName $resourceGroup `; -Name $vmName `; -Location $location `; -ImageName \""Win2016Datacenter\"" `; -VirtualNetworkName \""myVnet\"" `; -SubnetName \""mySubnet\"" `; -SecurityGroupName \""myNetworkSecurityGroup\"" `; -PublicIpAddressName \""myPublicIp\"" `; -Credential $cred `; -OpenPorts 3389",benign,TN
2026-07-13 14:58:38,C:\\TA\\project-ta\\data_spliting\\test_set\\benign\\930.ps1,custom-ps-ml,UNKNOWN,d4d7e1c6-99e6-4eb5-a7e8-0b67273495a1,DESKTOP-BAC9DBQ,benign,0.0199,RandomForest,1189,1927.02,"$omsId = \""&lt;Replace with your OMS ID&gt;\""; $omsKey = \""&lt;Replace with your OMS key&gt;\""; $resourceGroup = \""myResourceGroup\""; $location = \""westeurope\""; $vmName = \""myVM\""; $cred = Get-Credential -Message \""Enter a username and password for the virtual machine.\""; New-AzResourceGroup -Name $resourceGroup -Location $location; New-AzVM `; -ResourceGroupName $resourceGroup `; -Name $vmName `; -Location $location `; -ImageName \""Win2016Datacenter\"" `; -VirtualNetworkName \""myVnet\"" `; -SubnetName \""mySubnet\"" `; -SecurityGroupName \""myNetworkSecurityGroup\"" `; -PublicIpAddressName \""myPublicIp\"" `; -Credential $cred `; -OpenPorts 3389; $PublicSettings = New-Object psobject | Add-Member -PassThru NoteProperty workspaceId $omsId | ConvertTo-Json; $protectedSettings = New-Object psobject | Add-Member -PassThru NoteProperty workspaceKey $omsKey | ConvertTo-Json; Set-AzVMExtension -ExtensionName \""OMS\"" -ResourceGroupName $resourceGroup -VMName $vmName `; -Publisher \""Microsoft.EnterpriseCloud.Monitoring\"" -ExtensionType \""MicrosoftMonitoringAgent\"" `; -TypeHandlerVersion 1.0 -SettingString $PublicSettings -ProtectedSettingString $protectedSettings `; -Location $location",benign,TN
2026-07-13 14:59:02,C:\\TA\\project-ta\\data_spliting\\test_set\\benign\\944.ps1,custom-ps-ml,UNKNOWN,6ae740a0-8c8a-4477-9687-41bf78bb4f53,DESKTOP-BAC9DBQ,benign,0.0457,RandomForest,992,2489.03,"$apiVersion = \""2015-04-08\""; $resourceGroupName = \""myResourceGroup\""; $accountName = \""mycosmosaccount\""; $databaseName = \""database1\""; $containerName = \""container1\""; $databaseThroughputResourceName = $accountName + \""/sql/\"" + $databaseName + \""/throughput\""; $databaseThroughputResourceType = \""Microsoft.DocumentDb/databaseAccounts/apis/databases/settings\""; $containerThroughputResourceName = $accountName + \""/sql/\"" + $databaseName + \""/\"" + $containerName + \""/throughput\""; $containerThroughputResourceType = \""Microsoft.DocumentDb/databaseAccounts/apis/databases/containers/settings\""; Get-AzResource -ResourceType $databaseThroughputResourceType `; -ApiVersion $apiVersion -ResourceGroupName $resourceGroupName `; -Name $databaseThroughputResourceName  | Select-Object Properties; Get-AzResource -ResourceType $containerThroughputResourceType `; -ApiVersion $apiVersion -ResourceGroupName $resourceGroupName `; -Name $containerThroughputResourceName  | Select-Object Properties",benign,TN
