Percobaan,script_path,scenario,actual_class,predicted_class,confusion_result,correct,has_ml_output,score_for_eval,max_probability,mean_probability,min_probability,alert_count,verdicts,observed_path
15,C:\TA\project-ta\data_spliting\test_set\benign\1001.ps1,Benign,benign,malicious,FP,False,True,0.7365,0.7365,0.7365,0.7365,1.0,malicious,C:\\TA\\project-ta\\data_spliting\\test_set\\benign\\1001.ps1
15,C:\TA\project-ta\data_spliting\test_set\benign\1006.ps1,Benign,benign,benign,TN,True,True,0.027800000000000002,0.027800000000000002,0.027800000000000002,0.027800000000000002,1.0,benign,C:\\TA\\project-ta\\data_spliting\\test_set\\benign\\1006.ps1
15,C:\TA\project-ta\data_spliting\test_set\benign\1008.ps1,Benign,benign,benign,TN,True,True,0.012700000000000001,0.012700000000000001,0.012700000000000001,0.012700000000000001,1.0,benign,C:\\TA\\project-ta\\data_spliting\\test_set\\benign\\1008.ps1
15,C:\TA\project-ta\data_spliting\test_set\benign\1012.ps1,Benign,benign,benign,TN,True,True,0.0066,0.0066,0.0066,0.0066,1.0,benign,C:\\TA\\project-ta\\data_spliting\\test_set\\benign\\1012.ps1
15,C:\TA\project-ta\data_spliting\test_set\benign\1015.ps1,Benign,benign,benign,TN,True,True,0.0067,0.0067,0.0067,0.0067,1.0,benign,C:\\TA\\project-ta\\data_spliting\\test_set\\benign\\1015.ps1
15,C:\TA\project-ta\data_spliting\test_set\benign\1029.ps1,Benign,benign,benign,TN,True,True,0.016300000000000002,0.016300000000000002,0.016300000000000002,0.016300000000000002,1.0,benign,C:\\TA\\project-ta\\data_spliting\\test_set\\benign\\1029.ps1
15,C:\TA\project-ta\data_spliting\test_set\benign\1032.ps1,Benign,benign,benign,TN,True,False,0.0,,,,,,
15,C:\TA\project-ta\data_spliting\test_set\benign\1034.ps1,Benign,benign,benign,TN,True,True,0.027200000000000002,0.027200000000000002,0.027200000000000002,0.027200000000000002,1.0,benign,C:\\TA\\project-ta\\data_spliting\\test_set\\benign\\1034.ps1
15,C:\TA\project-ta\data_spliting\test_set\benign\12.ps1,Benign,benign,benign,TN,True,True,0.0151,0.0151,0.0151,0.0151,1.0,benign,C:\\TA\\project-ta\\data_spliting\\test_set\\benign\\12.ps1
15,C:\TA\project-ta\data_spliting\test_set\benign\1219.ps1,Benign,benign,benign,TN,True,True,0.0091,0.0091,0.0091,0.0091,1.0,benign,C:\\TA\\project-ta\\data_spliting\\test_set\\benign\\1219.ps1
15,C:\TA\project-ta\data_spliting\test_set\benign\1589.ps1,Benign,benign,benign,TN,True,True,0.4781,0.4781,0.4781,0.4781,1.0,benign,C:\\TA\\project-ta\\data_spliting\\test_set\\benign\\1589.ps1
15,C:\TA\project-ta\data_spliting\test_set\benign\1615.ps1,Benign,benign,malicious,FP,False,True,0.6515000000000001,0.6515000000000001,0.6515000000000001,0.6515000000000001,1.0,malicious,C:\\TA\\project-ta\\data_spliting\\test_set\\benign\\1615.ps1
15,C:\TA\project-ta\data_spliting\test_set\benign\1664.ps1,Benign,benign,benign,TN,True,True,0.1477,0.1477,0.1477,0.1477,1.0,benign,C:\\TA\\project-ta\\data_spliting\\test_set\\benign\\1664.ps1
15,C:\TA\project-ta\data_spliting\test_set\benign\1692.ps1,Benign,benign,benign,TN,True,True,0.0114,0.0114,0.0114,0.0114,1.0,benign,C:\\TA\\project-ta\\data_spliting\\test_set\\benign\\1692.ps1
15,C:\TA\project-ta\data_spliting\test_set\benign\1749.ps1,Benign,benign,benign,TN,True,True,0.1188,0.1188,0.1188,0.1188,1.0,benign,C:\\TA\\project-ta\\data_spliting\\test_set\\benign\\1749.ps1
15,C:\TA\project-ta\data_spliting\test_set\benign\1750.ps1,Benign,benign,benign,TN,True,True,0.013000000000000001,0.013000000000000001,0.013000000000000001,0.013000000000000001,1.0,benign,C:\\TA\\project-ta\\data_spliting\\test_set\\benign\\1750.ps1
15,C:\TA\project-ta\data_spliting\test_set\benign\1787.ps1,Benign,benign,benign,TN,True,True,0.007,0.007,0.007,0.007,1.0,benign,C:\\TA\\project-ta\\data_spliting\\test_set\\benign\\1787.ps1
15,C:\TA\project-ta\data_spliting\test_set\benign\1793.ps1,Benign,benign,benign,TN,True,True,0.013300000000000001,0.013300000000000001,0.013300000000000001,0.013300000000000001,1.0,benign,C:\\TA\\project-ta\\data_spliting\\test_set\\benign\\1793.ps1
15,C:\TA\project-ta\data_spliting\test_set\benign\1795.ps1,Benign,benign,benign,TN,True,True,0.009300000000000001,0.009300000000000001,0.009300000000000001,0.009300000000000001,1.0,benign,C:\\TA\\project-ta\\data_spliting\\test_set\\benign\\1795.ps1
15,C:\TA\project-ta\data_spliting\test_set\benign\1799.ps1,Benign,benign,benign,TN,True,False,0.0,,,,,,
15,C:\TA\project-ta\data_spliting\test_set\benign\1816.ps1,Benign,benign,benign,TN,True,False,0.0,,,,,,
15,C:\TA\project-ta\data_spliting\test_set\benign\1838.ps1,Benign,benign,benign,TN,True,True,0.0083,0.0083,0.0083,0.0083,1.0,benign,C:\\TA\\project-ta\\data_spliting\\test_set\\benign\\1838.ps1
15,C:\TA\project-ta\data_spliting\test_set\benign\185.ps1,Benign,benign,malicious,FP,False,True,0.5696,0.5696,0.5696,0.5696,1.0,malicious,C:\\TA\\project-ta\\data_spliting\\test_set\\benign\\185.ps1
15,C:\TA\project-ta\data_spliting\test_set\benign\1869.ps1,Benign,benign,benign,TN,True,True,0.008400000000000001,0.008400000000000001,0.008400000000000001,0.008400000000000001,1.0,benign,C:\\TA\\project-ta\\data_spliting\\test_set\\benign\\1869.ps1
15,C:\TA\project-ta\data_spliting\test_set\benign\1870.ps1,Benign,benign,benign,TN,True,True,0.011300000000000001,0.011300000000000001,0.011300000000000001,0.011300000000000001,1.0,benign,C:\\TA\\project-ta\\data_spliting\\test_set\\benign\\1870.ps1
15,C:\TA\project-ta\data_spliting\test_set\benign\1873.ps1,Benign,benign,benign,TN,True,True,0.0095,0.0095,0.0095,0.0095,1.0,benign,C:\\TA\\project-ta\\data_spliting\\test_set\\benign\\1873.ps1
15,C:\TA\project-ta\data_spliting\test_set\benign\1905.ps1,Benign,benign,benign,TN,True,True,0.0103,0.0103,0.0103,0.0103,1.0,benign,C:\\TA\\project-ta\\data_spliting\\test_set\\benign\\1905.ps1
15,C:\TA\project-ta\data_spliting\test_set\benign\1920.ps1,Benign,benign,benign,TN,True,True,0.008,0.008,0.008,0.008,1.0,benign,C:\\TA\\project-ta\\data_spliting\\test_set\\benign\\1920.ps1
15,C:\TA\project-ta\data_spliting\test_set\benign\1924.ps1,Benign,benign,benign,TN,True,True,0.006500000000000001,0.006500000000000001,0.006500000000000001,0.006500000000000001,1.0,benign,C:\\TA\\project-ta\\data_spliting\\test_set\\benign\\1924.ps1
15,C:\TA\project-ta\data_spliting\test_set\benign\1929.ps1,Benign,benign,benign,TN,True,True,0.006500000000000001,0.006500000000000001,0.006500000000000001,0.006500000000000001,1.0,benign,C:\\TA\\project-ta\\data_spliting\\test_set\\benign\\1929.ps1
15,C:\TA\project-ta\data_spliting\test_set\benign\1938.ps1,Benign,benign,benign,TN,True,True,0.007500000000000001,0.007500000000000001,0.007500000000000001,0.007500000000000001,1.0,benign,C:\\TA\\project-ta\\data_spliting\\test_set\\benign\\1938.ps1
15,C:\TA\project-ta\data_spliting\test_set\benign\1972.ps1,Benign,benign,benign,TN,True,True,0.0071,0.0071,0.0071,0.0071,1.0,benign,C:\\TA\\project-ta\\data_spliting\\test_set\\benign\\1972.ps1
15,C:\TA\project-ta\data_spliting\test_set\benign\1984.ps1,Benign,benign,benign,TN,True,True,0.0058000000000000005,0.0058000000000000005,0.0058000000000000005,0.0058000000000000005,1.0,benign,C:\\TA\\project-ta\\data_spliting\\test_set\\benign\\1984.ps1
15,C:\TA\project-ta\data_spliting\test_set\benign\2016.ps1,Benign,benign,benign,TN,True,True,0.0292,0.0292,0.0292,0.0292,1.0,benign,C:\\TA\\project-ta\\data_spliting\\test_set\\benign\\2016.ps1
15,C:\TA\project-ta\data_spliting\test_set\benign\2044.ps1,Benign,benign,benign,TN,True,False,0.0,,,,,,
15,C:\TA\project-ta\data_spliting\test_set\benign\2048.ps1,Benign,benign,benign,TN,True,False,0.0,,,,,,
15,C:\TA\project-ta\data_spliting\test_set\benign\2051.ps1,Benign,benign,benign,TN,True,True,0.0067,0.0067,0.0067,0.0067,1.0,benign,C:\\TA\\project-ta\\data_spliting\\test_set\\benign\\2051.ps1
15,C:\TA\project-ta\data_spliting\test_set\benign\2064.ps1,Benign,benign,benign,TN,True,True,0.0068000000000000005,0.0068000000000000005,0.0068000000000000005,0.0068000000000000005,1.0,benign,C:\\TA\\project-ta\\data_spliting\\test_set\\benign\\2064.ps1
15,C:\TA\project-ta\data_spliting\test_set\benign\2110.ps1,Benign,benign,benign,TN,True,True,0.0086,0.0086,0.0086,0.0086,1.0,benign,C:\\TA\\project-ta\\data_spliting\\test_set\\benign\\2110.ps1
15,C:\TA\project-ta\data_spliting\test_set\benign\2125.ps1,Benign,benign,benign,TN,True,True,0.0077,0.0077,0.0077,0.0077,1.0,benign,C:\\TA\\project-ta\\data_spliting\\test_set\\benign\\2125.ps1
15,C:\TA\project-ta\data_spliting\test_set\benign\2136.ps1,Benign,benign,benign,TN,True,True,0.0164,0.0164,0.0164,0.0164,1.0,benign,C:\\TA\\project-ta\\data_spliting\\test_set\\benign\\2136.ps1
15,C:\TA\project-ta\data_spliting\test_set\benign\2145.ps1,Benign,benign,benign,TN,True,True,0.0114,0.0114,0.0114,0.0114,1.0,benign,C:\\TA\\project-ta\\data_spliting\\test_set\\benign\\2145.ps1
15,C:\TA\project-ta\data_spliting\test_set\benign\2339.ps1,Benign,benign,benign,TN,True,True,0.09870000000000001,0.09870000000000001,0.06015000000000001,0.0216,2.0,benign,C:\\TA\\project-ta\\data_spliting\\test_set\\benign\\2339.ps1
15,C:\TA\project-ta\data_spliting\test_set\benign\2352.ps1,Benign,benign,benign,TN,True,True,0.0257,0.0257,0.0257,0.0257,1.0,benign,C:\\TA\\project-ta\\data_spliting\\test_set\\benign\\2352.ps1
15,C:\TA\project-ta\data_spliting\test_set\benign\2367.ps1,Benign,benign,benign,TN,True,True,0.0152,0.0152,0.0152,0.0152,1.0,benign,C:\\TA\\project-ta\\data_spliting\\test_set\\benign\\2367.ps1
15,C:\TA\project-ta\data_spliting\test_set\benign\2533.ps1,Benign,benign,malicious,FP,False,True,0.5491,0.5491,0.5491,0.5491,1.0,malicious,C:\\TA\\project-ta\\data_spliting\\test_set\\benign\\2533.ps1
15,C:\TA\project-ta\data_spliting\test_set\benign\2535.ps1,Benign,benign,benign,TN,True,True,0.020200000000000003,0.020200000000000003,0.020200000000000003,0.020200000000000003,1.0,benign,C:\\TA\\project-ta\\data_spliting\\test_set\\benign\\2535.ps1
15,C:\TA\project-ta\data_spliting\test_set\benign\2542.ps1,Benign,benign,benign,TN,True,True,0.049,0.049,0.049,0.049,1.0,benign,C:\\TA\\project-ta\\data_spliting\\test_set\\benign\\2542.ps1
15,C:\TA\project-ta\data_spliting\test_set\benign\2569.ps1,Benign,benign,benign,TN,True,True,0.1017,0.1017,0.1017,0.1017,1.0,benign,C:\\TA\\project-ta\\data_spliting\\test_set\\benign\\2569.ps1
15,C:\TA\project-ta\data_spliting\test_set\benign\2600.ps1,Benign,benign,benign,TN,True,True,0.3027,0.3027,0.3027,0.3027,1.0,benign,C:\\TA\\project-ta\\data_spliting\\test_set\\benign\\2600.ps1
15,C:\TA\project-ta\data_spliting\test_set\benign\2622.ps1,Benign,benign,benign,TN,True,True,0.011600000000000001,0.011600000000000001,0.011600000000000001,0.011600000000000001,1.0,benign,C:\\TA\\project-ta\\data_spliting\\test_set\\benign\\2622.ps1
15,C:\TA\project-ta\data_spliting\test_set\benign\2639.ps1,Benign,benign,benign,TN,True,True,0.0244,0.0244,0.0244,0.0244,1.0,benign,C:\\TA\\project-ta\\data_spliting\\test_set\\benign\\2639.ps1
15,C:\TA\project-ta\data_spliting\test_set\benign\2641.ps1,Benign,benign,benign,TN,True,True,0.0099,0.0099,0.0099,0.0099,1.0,benign,C:\\TA\\project-ta\\data_spliting\\test_set\\benign\\2641.ps1
15,C:\TA\project-ta\data_spliting\test_set\benign\2720.ps1,Benign,benign,benign,TN,True,True,0.0603,0.0603,0.0603,0.0603,1.0,benign,C:\\TA\\project-ta\\data_spliting\\test_set\\benign\\2720.ps1
15,C:\TA\project-ta\data_spliting\test_set\benign\2722.ps1,Benign,benign,benign,TN,True,True,0.06420000000000001,0.06420000000000001,0.06420000000000001,0.06420000000000001,1.0,benign,C:\\TA\\project-ta\\data_spliting\\test_set\\benign\\2722.ps1
15,C:\TA\project-ta\data_spliting\test_set\benign\2723.ps1,Benign,benign,benign,TN,True,True,0.21250000000000002,0.21250000000000002,0.21250000000000002,0.21250000000000002,1.0,benign,C:\\TA\\project-ta\\data_spliting\\test_set\\benign\\2723.ps1
15,C:\TA\project-ta\data_spliting\test_set\benign\2725.ps1,Benign,benign,benign,TN,True,True,0.4254,0.4254,0.32425000000000004,0.22310000000000002,2.0,benign,C:\\TA\\project-ta\\data_spliting\\test_set\\benign\\2725.ps1
15,C:\TA\project-ta\data_spliting\test_set\benign\2729.ps1,Benign,benign,benign,TN,True,False,0.0,,,,,,
15,C:\TA\project-ta\data_spliting\test_set\benign\2747.ps1,Benign,benign,benign,TN,True,False,0.0,,,,,,
15,C:\TA\project-ta\data_spliting\test_set\benign\2758.ps1,Benign,benign,malicious,FP,False,True,0.6894,0.6894,0.6894,0.6894,1.0,malicious,C:\\TA\\project-ta\\data_spliting\\test_set\\benign\\2758.ps1
15,C:\TA\project-ta\data_spliting\test_set\benign\2816.ps1,Benign,benign,benign,TN,True,True,0.0843,0.0843,0.07925,0.0742,2.0,benign,C:\\TA\\project-ta\\data_spliting\\test_set\\benign\\2816.ps1
15,C:\TA\project-ta\data_spliting\test_set\benign\2865.ps1,Benign,benign,benign,TN,True,True,0.0211,0.0211,0.0211,0.0211,1.0,benign,C:\\TA\\project-ta\\data_spliting\\test_set\\benign\\2865.ps1
15,C:\TA\project-ta\data_spliting\test_set\benign\2885.ps1,Benign,benign,benign,TN,True,True,0.019100000000000002,0.019100000000000002,0.019100000000000002,0.019100000000000002,1.0,benign,C:\\TA\\project-ta\\data_spliting\\test_set\\benign\\2885.ps1
15,C:\TA\project-ta\data_spliting\test_set\benign\2891.ps1,Benign,benign,benign,TN,True,True,0.1346,0.1346,0.1346,0.1346,1.0,benign,C:\\TA\\project-ta\\data_spliting\\test_set\\benign\\2891.ps1
15,C:\TA\project-ta\data_spliting\test_set\benign\2897.ps1,Benign,benign,benign,TN,True,True,0.0187,0.0187,0.0187,0.0187,1.0,benign,C:\\TA\\project-ta\\data_spliting\\test_set\\benign\\2897.ps1
15,C:\TA\project-ta\data_spliting\test_set\benign\2900.ps1,Benign,benign,benign,TN,True,True,0.0103,0.0103,0.0103,0.0103,1.0,benign,C:\\TA\\project-ta\\data_spliting\\test_set\\benign\\2900.ps1
15,C:\TA\project-ta\data_spliting\test_set\benign\2903.ps1,Benign,benign,benign,TN,True,True,0.0212,0.0212,0.0212,0.0212,1.0,benign,C:\\TA\\project-ta\\data_spliting\\test_set\\benign\\2903.ps1
15,C:\TA\project-ta\data_spliting\test_set\benign\2911.ps1,Benign,benign,benign,TN,True,True,0.0103,0.0103,0.0103,0.0103,1.0,benign,C:\\TA\\project-ta\\data_spliting\\test_set\\benign\\2911.ps1
15,C:\TA\project-ta\data_spliting\test_set\benign\2914.ps1,Benign,benign,benign,TN,True,True,0.0223,0.0223,0.0223,0.0223,1.0,benign,C:\\TA\\project-ta\\data_spliting\\test_set\\benign\\2914.ps1
15,C:\TA\project-ta\data_spliting\test_set\benign\2923.ps1,Benign,benign,benign,TN,True,True,0.0082,0.0082,0.0082,0.0082,1.0,benign,C:\\TA\\project-ta\\data_spliting\\test_set\\benign\\2923.ps1
15,C:\TA\project-ta\data_spliting\test_set\benign\2939.ps1,Benign,benign,benign,TN,True,True,0.011300000000000001,0.011300000000000001,0.011300000000000001,0.011300000000000001,1.0,benign,C:\\TA\\project-ta\\data_spliting\\test_set\\benign\\2939.ps1
15,C:\TA\project-ta\data_spliting\test_set\benign\2945.ps1,Benign,benign,benign,TN,True,True,0.020300000000000002,0.020300000000000002,0.020300000000000002,0.020300000000000002,1.0,benign,C:\\TA\\project-ta\\data_spliting\\test_set\\benign\\2945.ps1
15,C:\TA\project-ta\data_spliting\test_set\benign\2959.ps1,Benign,benign,benign,TN,True,True,0.0071,0.0071,0.0071,0.0071,1.0,benign,C:\\TA\\project-ta\\data_spliting\\test_set\\benign\\2959.ps1
15,C:\TA\project-ta\data_spliting\test_set\benign\3027.ps1,Benign,benign,benign,TN,True,True,0.011,0.011,0.011,0.011,1.0,benign,C:\\TA\\project-ta\\data_spliting\\test_set\\benign\\3027.ps1
15,C:\TA\project-ta\data_spliting\test_set\benign\3034.ps1,Benign,benign,benign,TN,True,True,0.007200000000000001,0.007200000000000001,0.007200000000000001,0.007200000000000001,1.0,benign,C:\\TA\\project-ta\\data_spliting\\test_set\\benign\\3034.ps1
15,C:\TA\project-ta\data_spliting\test_set\benign\3065.ps1,Benign,benign,benign,TN,True,True,0.0067,0.0067,0.0067,0.0067,1.0,benign,C:\\TA\\project-ta\\data_spliting\\test_set\\benign\\3065.ps1
15,C:\TA\project-ta\data_spliting\test_set\benign\3080.ps1,Benign,benign,benign,TN,True,True,0.007200000000000001,0.007200000000000001,0.007200000000000001,0.007200000000000001,1.0,benign,C:\\TA\\project-ta\\data_spliting\\test_set\\benign\\3080.ps1
15,C:\TA\project-ta\data_spliting\test_set\benign\3100.ps1,Benign,benign,benign,TN,True,True,0.009000000000000001,0.009000000000000001,0.009000000000000001,0.009000000000000001,1.0,benign,C:\\TA\\project-ta\\data_spliting\\test_set\\benign\\3100.ps1
15,C:\TA\project-ta\data_spliting\test_set\benign\3499.ps1,Benign,benign,benign,TN,True,True,0.31120000000000003,0.31120000000000003,0.31120000000000003,0.31120000000000003,1.0,benign,C:\\TA\\project-ta\\data_spliting\\test_set\\benign\\3499.ps1
15,C:\TA\project-ta\data_spliting\test_set\benign\375.ps1,Benign,benign,benign,TN,True,True,0.0079,0.0079,0.0079,0.0079,1.0,benign,C:\\TA\\project-ta\\data_spliting\\test_set\\benign\\375.ps1
15,C:\TA\project-ta\data_spliting\test_set\benign\3986.ps1,Benign,benign,benign,TN,True,True,0.0063,0.0063,0.0063,0.0063,1.0,benign,C:\\TA\\project-ta\\data_spliting\\test_set\\benign\\3986.ps1
15,C:\TA\project-ta\data_spliting\test_set\benign\3990.ps1,Benign,benign,benign,TN,True,True,0.0057,0.0057,0.0057,0.0057,1.0,benign,C:\\TA\\project-ta\\data_spliting\\test_set\\benign\\3990.ps1
15,C:\TA\project-ta\data_spliting\test_set\benign\4080.ps1,Benign,benign,benign,TN,True,True,0.0076,0.0076,0.0076,0.0076,1.0,benign,C:\\TA\\project-ta\\data_spliting\\test_set\\benign\\4080.ps1
15,C:\TA\project-ta\data_spliting\test_set\benign\4087.ps1,Benign,benign,benign,TN,True,False,0.0,,,,,,
15,C:\TA\project-ta\data_spliting\test_set\benign\4088.ps1,Benign,benign,benign,TN,True,True,0.0253,0.0253,0.02065,0.016,2.0,benign,C:\\TA\\project-ta\\data_spliting\\test_set\\benign\\4088.ps1
15,C:\TA\project-ta\data_spliting\test_set\benign\4093.ps1,Benign,benign,benign,TN,True,True,0.0143,0.0143,0.0143,0.0143,1.0,benign,C:\\TA\\project-ta\\data_spliting\\test_set\\benign\\4093.ps1
15,C:\TA\project-ta\data_spliting\test_set\benign\4098.ps1,Benign,benign,benign,TN,True,True,0.3386,0.3386,0.12016666666666669,0.0074,3.0,benign,C:\\TA\\project-ta\\data_spliting\\test_set\\benign\\4098.ps1
15,C:\TA\project-ta\data_spliting\test_set\benign\4099.ps1,Benign,benign,benign,TN,True,True,0.021400000000000002,0.021400000000000002,0.017133333333333334,0.015,3.0,benign,C:\\TA\\project-ta\\data_spliting\\test_set\\benign\\4099.ps1
15,C:\TA\project-ta\data_spliting\test_set\benign\4112.ps1,Benign,benign,benign,TN,True,True,0.15510000000000002,0.15510000000000002,0.15510000000000002,0.15510000000000002,1.0,benign,C:\\TA\\project-ta\\data_spliting\\test_set\\benign\\4112.ps1
15,C:\TA\project-ta\data_spliting\test_set\benign\4124.ps1,Benign,benign,malicious,FP,False,True,0.9005000000000001,0.9005000000000001,0.5934666666666667,0.0195,3.0,"benign, malicious",C:\\TA\\project-ta\\data_spliting\\test_set\\benign\\4124.ps1
15,C:\TA\project-ta\data_spliting\test_set\benign\4162.ps1,Benign,benign,benign,TN,True,False,0.0,,,,,,
15,C:\TA\project-ta\data_spliting\test_set\benign\4164.ps1,Benign,benign,benign,TN,True,False,0.0,,,,,,
15,C:\TA\project-ta\data_spliting\test_set\benign\4198.ps1,Benign,benign,malicious,FP,False,True,0.9042,0.9042,0.18968000000000002,0.010100000000000001,5.0,"benign, malicious",C:\\TA\\project-ta\\data_spliting\\test_set\\benign\\4198.ps1
15,C:\TA\project-ta\data_spliting\test_set\benign\4200.ps1,Benign,benign,benign,TN,True,False,0.0,,,,,,
15,C:\TA\project-ta\data_spliting\test_set\benign\422.ps1,Benign,benign,benign,TN,True,True,0.0419,0.0419,0.0419,0.0419,1.0,benign,C:\\TA\\project-ta\\data_spliting\\test_set\\benign\\422.ps1
15,C:\TA\project-ta\data_spliting\test_set\benign\424.ps1,Benign,benign,benign,TN,True,True,0.0102,0.0102,0.0102,0.0102,1.0,benign,C:\\TA\\project-ta\\data_spliting\\test_set\\benign\\424.ps1
15,C:\TA\project-ta\data_spliting\test_set\benign\433.ps1,Benign,benign,benign,TN,True,True,0.0161,0.0161,0.0161,0.0161,1.0,benign,C:\\TA\\project-ta\\data_spliting\\test_set\\benign\\433.ps1
15,C:\TA\project-ta\data_spliting\test_set\malicious\1012.ps1,Original Malicious,malicious,malicious,TP,True,True,0.9931000000000001,0.9931000000000001,0.9931000000000001,0.9931000000000001,1.0,malicious,C:\\TA\\project-ta\\data_spliting\\test_set\\malicious\\1012.ps1
15,C:\TA\project-ta\data_spliting\test_set_obf\ASCII_Encoding\malicious\1012.ps1,ASCII Encoding,malicious,malicious,TP,True,True,0.9927,0.9927,0.9927,0.9927,1.0,malicious,C:\\TA\\project-ta\\data_spliting\\test_set_obf\\ASCII_Encoding\\malicious\\1012.ps1
15,C:\TA\project-ta\data_spliting\test_set_obf\String_Concatenation\malicious\1012.ps1,String Concatenation,malicious,malicious,TP,True,True,0.9956,0.9956,0.9956,0.9956,1.0,malicious,C:\\TA\\project-ta\\data_spliting\\test_set_obf\\String_Concatenation\\malicious\\1012.ps1
15,C:\TA\project-ta\data_spliting\test_set_obf\String_Reordering\malicious\1012.ps1,String Reordering,malicious,malicious,TP,True,True,0.9965,0.9965,0.9965,0.9965,1.0,malicious,C:\\TA\\project-ta\\data_spliting\\test_set_obf\\String_Reordering\\malicious\\1012.ps1
15,C:\TA\project-ta\data_spliting\test_set_obf\Token_Manipulation\malicious\1012.ps1,Token Manipulation,malicious,malicious,TP,True,True,0.9939,0.9939,0.9939,0.9939,1.0,malicious,C:\\TA\\project-ta\\data_spliting\\test_set_obf\\Token_Manipulation\\malicious\\1012.ps1
15,C:\TA\project-ta\data_spliting\test_set\malicious\1014.ps1,Original Malicious,malicious,malicious,TP,True,True,0.9972000000000001,0.9972000000000001,0.9972000000000001,0.9972000000000001,1.0,malicious,C:\\TA\\project-ta\\data_spliting\\test_set\\malicious\\1014.ps1
15,C:\TA\project-ta\data_spliting\test_set_obf\ASCII_Encoding\malicious\1014.ps1,ASCII Encoding,malicious,malicious,TP,True,True,0.9919,0.9919,0.9919,0.9919,1.0,malicious,C:\\TA\\project-ta\\data_spliting\\test_set_obf\\ASCII_Encoding\\malicious\\1014.ps1
15,C:\TA\project-ta\data_spliting\test_set_obf\String_Concatenation\malicious\1014.ps1,String Concatenation,malicious,malicious,TP,True,True,0.9976,0.9976,0.9976,0.9976,1.0,malicious,C:\\TA\\project-ta\\data_spliting\\test_set_obf\\String_Concatenation\\malicious\\1014.ps1
15,C:\TA\project-ta\data_spliting\test_set_obf\String_Reordering\malicious\1014.ps1,String Reordering,malicious,malicious,TP,True,True,0.9973000000000001,0.9973000000000001,0.9973000000000001,0.9973000000000001,1.0,malicious,C:\\TA\\project-ta\\data_spliting\\test_set_obf\\String_Reordering\\malicious\\1014.ps1
15,C:\TA\project-ta\data_spliting\test_set_obf\Token_Manipulation\malicious\1014.ps1,Token Manipulation,malicious,malicious,TP,True,True,0.9972000000000001,0.9972000000000001,0.9972000000000001,0.9972000000000001,1.0,malicious,C:\\TA\\project-ta\\data_spliting\\test_set_obf\\Token_Manipulation\\malicious\\1014.ps1
15,C:\TA\project-ta\data_spliting\test_set\malicious\1016.ps1,Original Malicious,malicious,malicious,TP,True,True,0.9972000000000001,0.9972000000000001,0.9972000000000001,0.9972000000000001,1.0,malicious,C:\\TA\\project-ta\\data_spliting\\test_set\\malicious\\1016.ps1
15,C:\TA\project-ta\data_spliting\test_set_obf\ASCII_Encoding\malicious\1016.ps1,ASCII Encoding,malicious,malicious,TP,True,True,0.9645,0.9645,0.9645,0.9645,1.0,malicious,C:\\TA\\project-ta\\data_spliting\\test_set_obf\\ASCII_Encoding\\malicious\\1016.ps1
15,C:\TA\project-ta\data_spliting\test_set_obf\String_Concatenation\malicious\1016.ps1,String Concatenation,malicious,malicious,TP,True,True,0.9976,0.9976,0.9976,0.9976,1.0,malicious,C:\\TA\\project-ta\\data_spliting\\test_set_obf\\String_Concatenation\\malicious\\1016.ps1
15,C:\TA\project-ta\data_spliting\test_set_obf\String_Reordering\malicious\1016.ps1,String Reordering,malicious,malicious,TP,True,True,0.9976,0.9976,0.9976,0.9976,1.0,malicious,C:\\TA\\project-ta\\data_spliting\\test_set_obf\\String_Reordering\\malicious\\1016.ps1
15,C:\TA\project-ta\data_spliting\test_set_obf\Token_Manipulation\malicious\1016.ps1,Token Manipulation,malicious,malicious,TP,True,True,0.9972000000000001,0.9972000000000001,0.9972000000000001,0.9972000000000001,1.0,malicious,C:\\TA\\project-ta\\data_spliting\\test_set_obf\\Token_Manipulation\\malicious\\1016.ps1
15,C:\TA\project-ta\data_spliting\test_set\malicious\102.ps1,Original Malicious,malicious,malicious,TP,True,True,0.9972000000000001,0.9972000000000001,0.9972000000000001,0.9972000000000001,1.0,malicious,C:\\TA\\project-ta\\data_spliting\\test_set\\malicious\\102.ps1
15,C:\TA\project-ta\data_spliting\test_set_obf\ASCII_Encoding\malicious\102.ps1,ASCII Encoding,malicious,malicious,TP,True,True,0.9851000000000001,0.9851000000000001,0.9851000000000001,0.9851000000000001,1.0,malicious,C:\\TA\\project-ta\\data_spliting\\test_set_obf\\ASCII_Encoding\\malicious\\102.ps1
15,C:\TA\project-ta\data_spliting\test_set_obf\String_Concatenation\malicious\102.ps1,String Concatenation,malicious,malicious,TP,True,True,0.9976,0.9976,0.9976,0.9976,1.0,malicious,C:\\TA\\project-ta\\data_spliting\\test_set_obf\\String_Concatenation\\malicious\\102.ps1
15,C:\TA\project-ta\data_spliting\test_set_obf\String_Reordering\malicious\102.ps1,String Reordering,malicious,malicious,TP,True,True,0.9973000000000001,0.9973000000000001,0.9973000000000001,0.9973000000000001,1.0,malicious,C:\\TA\\project-ta\\data_spliting\\test_set_obf\\String_Reordering\\malicious\\102.ps1
15,C:\TA\project-ta\data_spliting\test_set_obf\Token_Manipulation\malicious\102.ps1,Token Manipulation,malicious,malicious,TP,True,True,0.9972000000000001,0.9972000000000001,0.9972000000000001,0.9972000000000001,1.0,malicious,C:\\TA\\project-ta\\data_spliting\\test_set_obf\\Token_Manipulation\\malicious\\102.ps1
15,C:\TA\project-ta\data_spliting\test_set\malicious\1039.ps1,Original Malicious,malicious,malicious,TP,True,True,0.9972000000000001,0.9972000000000001,0.9972000000000001,0.9972000000000001,1.0,malicious,C:\\TA\\project-ta\\data_spliting\\test_set\\malicious\\1039.ps1
15,C:\TA\project-ta\data_spliting\test_set_obf\ASCII_Encoding\malicious\1039.ps1,ASCII Encoding,malicious,malicious,TP,True,True,0.9927,0.9927,0.9927,0.9927,1.0,malicious,C:\\TA\\project-ta\\data_spliting\\test_set_obf\\ASCII_Encoding\\malicious\\1039.ps1
15,C:\TA\project-ta\data_spliting\test_set_obf\String_Concatenation\malicious\1039.ps1,String Concatenation,malicious,malicious,TP,True,True,0.9976,0.9976,0.9976,0.9976,1.0,malicious,C:\\TA\\project-ta\\data_spliting\\test_set_obf\\String_Concatenation\\malicious\\1039.ps1
15,C:\TA\project-ta\data_spliting\test_set_obf\String_Reordering\malicious\1039.ps1,String Reordering,malicious,malicious,TP,True,True,0.9973000000000001,0.9973000000000001,0.9973000000000001,0.9973000000000001,1.0,malicious,C:\\TA\\project-ta\\data_spliting\\test_set_obf\\String_Reordering\\malicious\\1039.ps1
15,C:\TA\project-ta\data_spliting\test_set_obf\Token_Manipulation\malicious\1039.ps1,Token Manipulation,malicious,malicious,TP,True,True,0.9972000000000001,0.9972000000000001,0.9972000000000001,0.9972000000000001,1.0,malicious,C:\\TA\\project-ta\\data_spliting\\test_set_obf\\Token_Manipulation\\malicious\\1039.ps1
15,C:\TA\project-ta\data_spliting\test_set\malicious\1043.ps1,Original Malicious,malicious,malicious,TP,True,True,0.9972000000000001,0.9972000000000001,0.9972000000000001,0.9972000000000001,1.0,malicious,C:\\TA\\project-ta\\data_spliting\\test_set\\malicious\\1043.ps1
15,C:\TA\project-ta\data_spliting\test_set_obf\ASCII_Encoding\malicious\1043.ps1,ASCII Encoding,malicious,malicious,TP,True,True,0.9927,0.9927,0.9927,0.9927,1.0,malicious,C:\\TA\\project-ta\\data_spliting\\test_set_obf\\ASCII_Encoding\\malicious\\1043.ps1
15,C:\TA\project-ta\data_spliting\test_set_obf\String_Concatenation\malicious\1043.ps1,String Concatenation,malicious,malicious,TP,True,True,0.9976,0.9976,0.9976,0.9976,1.0,malicious,C:\\TA\\project-ta\\data_spliting\\test_set_obf\\String_Concatenation\\malicious\\1043.ps1
15,C:\TA\project-ta\data_spliting\test_set_obf\String_Reordering\malicious\1043.ps1,String Reordering,malicious,malicious,TP,True,True,0.9976,0.9976,0.9976,0.9976,1.0,malicious,C:\\TA\\project-ta\\data_spliting\\test_set_obf\\String_Reordering\\malicious\\1043.ps1
15,C:\TA\project-ta\data_spliting\test_set_obf\Token_Manipulation\malicious\1043.ps1,Token Manipulation,malicious,malicious,TP,True,True,0.9972000000000001,0.9972000000000001,0.9972000000000001,0.9972000000000001,1.0,malicious,C:\\TA\\project-ta\\data_spliting\\test_set_obf\\Token_Manipulation\\malicious\\1043.ps1
15,C:\TA\project-ta\data_spliting\test_set\malicious\1047.ps1,Original Malicious,malicious,malicious,TP,True,True,0.9972000000000001,0.9972000000000001,0.9972000000000001,0.9972000000000001,1.0,malicious,C:\\TA\\project-ta\\data_spliting\\test_set\\malicious\\1047.ps1
15,C:\TA\project-ta\data_spliting\test_set_obf\ASCII_Encoding\malicious\1047.ps1,ASCII Encoding,malicious,malicious,TP,True,True,0.98,0.98,0.98,0.98,1.0,malicious,C:\\TA\\project-ta\\data_spliting\\test_set_obf\\ASCII_Encoding\\malicious\\1047.ps1
15,C:\TA\project-ta\data_spliting\test_set_obf\String_Concatenation\malicious\1047.ps1,String Concatenation,malicious,malicious,TP,True,True,0.9976,0.9976,0.9976,0.9976,1.0,malicious,C:\\TA\\project-ta\\data_spliting\\test_set_obf\\String_Concatenation\\malicious\\1047.ps1
15,C:\TA\project-ta\data_spliting\test_set_obf\String_Reordering\malicious\1047.ps1,String Reordering,malicious,malicious,TP,True,True,0.9976,0.9976,0.9976,0.9976,1.0,malicious,C:\\TA\\project-ta\\data_spliting\\test_set_obf\\String_Reordering\\malicious\\1047.ps1
15,C:\TA\project-ta\data_spliting\test_set_obf\Token_Manipulation\malicious\1047.ps1,Token Manipulation,malicious,malicious,TP,True,True,0.9972000000000001,0.9972000000000001,0.9972000000000001,0.9972000000000001,1.0,malicious,C:\\TA\\project-ta\\data_spliting\\test_set_obf\\Token_Manipulation\\malicious\\1047.ps1
15,C:\TA\project-ta\data_spliting\test_set\malicious\1054.ps1,Original Malicious,malicious,malicious,TP,True,True,0.9876,0.9876,0.9876,0.9876,1.0,malicious,C:\\TA\\project-ta\\data_spliting\\test_set\\malicious\\1054.ps1
15,C:\TA\project-ta\data_spliting\test_set_obf\ASCII_Encoding\malicious\1054.ps1,ASCII Encoding,malicious,malicious,TP,True,True,0.9878,0.9878,0.9878,0.9878,1.0,malicious,C:\\TA\\project-ta\\data_spliting\\test_set_obf\\ASCII_Encoding\\malicious\\1054.ps1
15,C:\TA\project-ta\data_spliting\test_set_obf\String_Concatenation\malicious\1054.ps1,String Concatenation,malicious,malicious,TP,True,True,0.9919,0.9919,0.9919,0.9919,1.0,malicious,C:\\TA\\project-ta\\data_spliting\\test_set_obf\\String_Concatenation\\malicious\\1054.ps1
15,C:\TA\project-ta\data_spliting\test_set_obf\String_Reordering\malicious\1054.ps1,String Reordering,malicious,malicious,TP,True,True,0.8664000000000001,0.8664000000000001,0.8664000000000001,0.8664000000000001,1.0,malicious,C:\\TA\\project-ta\\data_spliting\\test_set_obf\\String_Reordering\\malicious\\1054.ps1
15,C:\TA\project-ta\data_spliting\test_set_obf\Token_Manipulation\malicious\1054.ps1,Token Manipulation,malicious,malicious,TP,True,True,0.9904000000000001,0.9904000000000001,0.9904000000000001,0.9904000000000001,1.0,malicious,C:\\TA\\project-ta\\data_spliting\\test_set_obf\\Token_Manipulation\\malicious\\1054.ps1
15,C:\TA\project-ta\data_spliting\test_set\malicious\1060.ps1,Original Malicious,malicious,malicious,TP,True,True,0.9972000000000001,0.9972000000000001,0.9972000000000001,0.9972000000000001,1.0,malicious,C:\\TA\\project-ta\\data_spliting\\test_set\\malicious\\1060.ps1
15,C:\TA\project-ta\data_spliting\test_set_obf\ASCII_Encoding\malicious\1060.ps1,ASCII Encoding,malicious,malicious,TP,True,True,0.9846,0.9846,0.9846,0.9846,1.0,malicious,C:\\TA\\project-ta\\data_spliting\\test_set_obf\\ASCII_Encoding\\malicious\\1060.ps1
15,C:\TA\project-ta\data_spliting\test_set_obf\String_Concatenation\malicious\1060.ps1,String Concatenation,malicious,malicious,TP,True,True,0.9976,0.9976,0.9976,0.9976,1.0,malicious,C:\\TA\\project-ta\\data_spliting\\test_set_obf\\String_Concatenation\\malicious\\1060.ps1
15,C:\TA\project-ta\data_spliting\test_set_obf\String_Reordering\malicious\1060.ps1,String Reordering,malicious,malicious,TP,True,True,0.9976,0.9976,0.9976,0.9976,1.0,malicious,C:\\TA\\project-ta\\data_spliting\\test_set_obf\\String_Reordering\\malicious\\1060.ps1
15,C:\TA\project-ta\data_spliting\test_set_obf\Token_Manipulation\malicious\1060.ps1,Token Manipulation,malicious,malicious,TP,True,True,0.9972000000000001,0.9972000000000001,0.9972000000000001,0.9972000000000001,1.0,malicious,C:\\TA\\project-ta\\data_spliting\\test_set_obf\\Token_Manipulation\\malicious\\1060.ps1
15,C:\TA\project-ta\data_spliting\test_set\malicious\1064.ps1,Original Malicious,malicious,malicious,TP,True,True,0.9972000000000001,0.9972000000000001,0.9972000000000001,0.9972000000000001,1.0,malicious,C:\\TA\\project-ta\\data_spliting\\test_set\\malicious\\1064.ps1
15,C:\TA\project-ta\data_spliting\test_set_obf\ASCII_Encoding\malicious\1064.ps1,ASCII Encoding,malicious,malicious,TP,True,True,0.9927,0.9927,0.9927,0.9927,1.0,malicious,C:\\TA\\project-ta\\data_spliting\\test_set_obf\\ASCII_Encoding\\malicious\\1064.ps1
15,C:\TA\project-ta\data_spliting\test_set_obf\String_Concatenation\malicious\1064.ps1,String Concatenation,malicious,malicious,TP,True,True,0.9976,0.9976,0.9976,0.9976,1.0,malicious,C:\\TA\\project-ta\\data_spliting\\test_set_obf\\String_Concatenation\\malicious\\1064.ps1
15,C:\TA\project-ta\data_spliting\test_set_obf\String_Reordering\malicious\1064.ps1,String Reordering,malicious,malicious,TP,True,True,0.9976,0.9976,0.9976,0.9976,1.0,malicious,C:\\TA\\project-ta\\data_spliting\\test_set_obf\\String_Reordering\\malicious\\1064.ps1
15,C:\TA\project-ta\data_spliting\test_set_obf\Token_Manipulation\malicious\1064.ps1,Token Manipulation,malicious,malicious,TP,True,True,0.9972000000000001,0.9972000000000001,0.9972000000000001,0.9972000000000001,1.0,malicious,C:\\TA\\project-ta\\data_spliting\\test_set_obf\\Token_Manipulation\\malicious\\1064.ps1
15,C:\TA\project-ta\data_spliting\test_set\malicious\1069.ps1,Original Malicious,malicious,malicious,TP,True,True,0.9972000000000001,0.9972000000000001,0.9972000000000001,0.9972000000000001,1.0,malicious,C:\\TA\\project-ta\\data_spliting\\test_set\\malicious\\1069.ps1
15,C:\TA\project-ta\data_spliting\test_set_obf\ASCII_Encoding\malicious\1069.ps1,ASCII Encoding,malicious,malicious,TP,True,True,0.8894000000000001,0.8894000000000001,0.8894000000000001,0.8894000000000001,1.0,malicious,C:\\TA\\project-ta\\data_spliting\\test_set_obf\\ASCII_Encoding\\malicious\\1069.ps1
15,C:\TA\project-ta\data_spliting\test_set_obf\String_Concatenation\malicious\1069.ps1,String Concatenation,malicious,malicious,TP,True,True,0.9976,0.9976,0.9976,0.9976,1.0,malicious,C:\\TA\\project-ta\\data_spliting\\test_set_obf\\String_Concatenation\\malicious\\1069.ps1
15,C:\TA\project-ta\data_spliting\test_set_obf\String_Reordering\malicious\1069.ps1,String Reordering,malicious,malicious,TP,True,True,0.9976,0.9976,0.9976,0.9976,1.0,malicious,C:\\TA\\project-ta\\data_spliting\\test_set_obf\\String_Reordering\\malicious\\1069.ps1
15,C:\TA\project-ta\data_spliting\test_set_obf\Token_Manipulation\malicious\1069.ps1,Token Manipulation,malicious,malicious,TP,True,True,0.9972000000000001,0.9972000000000001,0.9972000000000001,0.9972000000000001,1.0,malicious,C:\\TA\\project-ta\\data_spliting\\test_set_obf\\Token_Manipulation\\malicious\\1069.ps1
15,C:\TA\project-ta\data_spliting\test_set\malicious\1083.ps1,Original Malicious,malicious,malicious,TP,True,True,0.973,0.973,0.973,0.973,1.0,malicious,C:\\TA\\project-ta\\data_spliting\\test_set\\malicious\\1083.ps1
15,C:\TA\project-ta\data_spliting\test_set_obf\ASCII_Encoding\malicious\1083.ps1,ASCII Encoding,malicious,malicious,TP,True,True,0.9826,0.9826,0.9826,0.9826,1.0,malicious,C:\\TA\\project-ta\\data_spliting\\test_set_obf\\ASCII_Encoding\\malicious\\1083.ps1
15,C:\TA\project-ta\data_spliting\test_set_obf\String_Concatenation\malicious\1083.ps1,String Concatenation,malicious,malicious,TP,True,True,0.9934000000000001,0.9934000000000001,0.9934000000000001,0.9934000000000001,1.0,malicious,C:\\TA\\project-ta\\data_spliting\\test_set_obf\\String_Concatenation\\malicious\\1083.ps1
15,C:\TA\project-ta\data_spliting\test_set_obf\String_Reordering\malicious\1083.ps1,String Reordering,malicious,malicious,TP,True,True,0.9953000000000001,0.9953000000000001,0.9953000000000001,0.9953000000000001,1.0,malicious,C:\\TA\\project-ta\\data_spliting\\test_set_obf\\String_Reordering\\malicious\\1083.ps1
15,C:\TA\project-ta\data_spliting\test_set_obf\Token_Manipulation\malicious\1083.ps1,Token Manipulation,malicious,malicious,TP,True,True,0.9823000000000001,0.9823000000000001,0.9823000000000001,0.9823000000000001,1.0,malicious,C:\\TA\\project-ta\\data_spliting\\test_set_obf\\Token_Manipulation\\malicious\\1083.ps1
15,C:\TA\project-ta\data_spliting\test_set\malicious\1086.ps1,Original Malicious,malicious,malicious,TP,True,True,0.9972000000000001,0.9972000000000001,0.9972000000000001,0.9972000000000001,1.0,malicious,C:\\TA\\project-ta\\data_spliting\\test_set\\malicious\\1086.ps1
15,C:\TA\project-ta\data_spliting\test_set_obf\ASCII_Encoding\malicious\1086.ps1,ASCII Encoding,malicious,malicious,TP,True,True,0.9818,0.9818,0.9818,0.9818,1.0,malicious,C:\\TA\\project-ta\\data_spliting\\test_set_obf\\ASCII_Encoding\\malicious\\1086.ps1
15,C:\TA\project-ta\data_spliting\test_set_obf\String_Concatenation\malicious\1086.ps1,String Concatenation,malicious,malicious,TP,True,True,0.9976,0.9976,0.9976,0.9976,1.0,malicious,C:\\TA\\project-ta\\data_spliting\\test_set_obf\\String_Concatenation\\malicious\\1086.ps1
15,C:\TA\project-ta\data_spliting\test_set_obf\String_Reordering\malicious\1086.ps1,String Reordering,malicious,malicious,TP,True,True,0.997,0.997,0.997,0.997,1.0,malicious,C:\\TA\\project-ta\\data_spliting\\test_set_obf\\String_Reordering\\malicious\\1086.ps1
15,C:\TA\project-ta\data_spliting\test_set_obf\Token_Manipulation\malicious\1086.ps1,Token Manipulation,malicious,malicious,TP,True,True,0.9972000000000001,0.9972000000000001,0.9972000000000001,0.9972000000000001,1.0,malicious,C:\\TA\\project-ta\\data_spliting\\test_set_obf\\Token_Manipulation\\malicious\\1086.ps1
15,C:\TA\project-ta\data_spliting\test_set\malicious\1089.ps1,Original Malicious,malicious,malicious,TP,True,True,0.9972000000000001,0.9972000000000001,0.9972000000000001,0.9972000000000001,1.0,malicious,C:\\TA\\project-ta\\data_spliting\\test_set\\malicious\\1089.ps1
15,C:\TA\project-ta\data_spliting\test_set_obf\ASCII_Encoding\malicious\1089.ps1,ASCII Encoding,malicious,malicious,TP,True,True,0.902,0.902,0.902,0.902,1.0,malicious,C:\\TA\\project-ta\\data_spliting\\test_set_obf\\ASCII_Encoding\\malicious\\1089.ps1
15,C:\TA\project-ta\data_spliting\test_set_obf\String_Concatenation\malicious\1089.ps1,String Concatenation,malicious,malicious,TP,True,True,0.9976,0.9976,0.9976,0.9976,1.0,malicious,C:\\TA\\project-ta\\data_spliting\\test_set_obf\\String_Concatenation\\malicious\\1089.ps1
15,C:\TA\project-ta\data_spliting\test_set_obf\String_Reordering\malicious\1089.ps1,String Reordering,malicious,malicious,TP,True,True,0.9976,0.9976,0.9976,0.9976,1.0,malicious,C:\\TA\\project-ta\\data_spliting\\test_set_obf\\String_Reordering\\malicious\\1089.ps1
15,C:\TA\project-ta\data_spliting\test_set_obf\Token_Manipulation\malicious\1089.ps1,Token Manipulation,malicious,malicious,TP,True,True,0.9972000000000001,0.9972000000000001,0.9972000000000001,0.9972000000000001,1.0,malicious,C:\\TA\\project-ta\\data_spliting\\test_set_obf\\Token_Manipulation\\malicious\\1089.ps1
15,C:\TA\project-ta\data_spliting\test_set\malicious\1113.ps1,Original Malicious,malicious,malicious,TP,True,True,0.9972000000000001,0.9972000000000001,0.9972000000000001,0.9972000000000001,1.0,malicious,C:\\TA\\project-ta\\data_spliting\\test_set\\malicious\\1113.ps1
15,C:\TA\project-ta\data_spliting\test_set_obf\ASCII_Encoding\malicious\1113.ps1,ASCII Encoding,malicious,malicious,TP,True,True,0.9874,0.9874,0.9874,0.9874,1.0,malicious,C:\\TA\\project-ta\\data_spliting\\test_set_obf\\ASCII_Encoding\\malicious\\1113.ps1
15,C:\TA\project-ta\data_spliting\test_set_obf\String_Concatenation\malicious\1113.ps1,String Concatenation,malicious,malicious,TP,True,True,0.9976,0.9976,0.9976,0.9976,1.0,malicious,C:\\TA\\project-ta\\data_spliting\\test_set_obf\\String_Concatenation\\malicious\\1113.ps1
15,C:\TA\project-ta\data_spliting\test_set_obf\String_Reordering\malicious\1113.ps1,String Reordering,malicious,malicious,TP,True,True,0.9976,0.9976,0.9976,0.9976,1.0,malicious,C:\\TA\\project-ta\\data_spliting\\test_set_obf\\String_Reordering\\malicious\\1113.ps1
15,C:\TA\project-ta\data_spliting\test_set_obf\Token_Manipulation\malicious\1113.ps1,Token Manipulation,malicious,malicious,TP,True,True,0.9972000000000001,0.9972000000000001,0.9972000000000001,0.9972000000000001,1.0,malicious,C:\\TA\\project-ta\\data_spliting\\test_set_obf\\Token_Manipulation\\malicious\\1113.ps1
15,C:\TA\project-ta\data_spliting\test_set\malicious\1115.ps1,Original Malicious,malicious,malicious,TP,True,True,0.9972000000000001,0.9972000000000001,0.9972000000000001,0.9972000000000001,1.0,malicious,C:\\TA\\project-ta\\data_spliting\\test_set\\malicious\\1115.ps1
15,C:\TA\project-ta\data_spliting\test_set_obf\ASCII_Encoding\malicious\1115.ps1,ASCII Encoding,malicious,malicious,TP,True,True,0.9919,0.9919,0.9919,0.9919,1.0,malicious,C:\\TA\\project-ta\\data_spliting\\test_set_obf\\ASCII_Encoding\\malicious\\1115.ps1
15,C:\TA\project-ta\data_spliting\test_set_obf\String_Concatenation\malicious\1115.ps1,String Concatenation,malicious,malicious,TP,True,True,0.9975,0.9975,0.9975,0.9975,1.0,malicious,C:\\TA\\project-ta\\data_spliting\\test_set_obf\\String_Concatenation\\malicious\\1115.ps1
15,C:\TA\project-ta\data_spliting\test_set_obf\String_Reordering\malicious\1115.ps1,String Reordering,malicious,malicious,TP,True,True,0.9976,0.9976,0.9976,0.9976,1.0,malicious,C:\\TA\\project-ta\\data_spliting\\test_set_obf\\String_Reordering\\malicious\\1115.ps1
15,C:\TA\project-ta\data_spliting\test_set_obf\Token_Manipulation\malicious\1115.ps1,Token Manipulation,malicious,malicious,TP,True,True,0.9972000000000001,0.9972000000000001,0.9972000000000001,0.9972000000000001,1.0,malicious,C:\\TA\\project-ta\\data_spliting\\test_set_obf\\Token_Manipulation\\malicious\\1115.ps1
15,C:\TA\project-ta\data_spliting\test_set\malicious\112.ps1,Original Malicious,malicious,malicious,TP,True,True,0.9784,0.9784,0.9784,0.9784,1.0,malicious,C:\\TA\\project-ta\\data_spliting\\test_set\\malicious\\112.ps1
15,C:\TA\project-ta\data_spliting\test_set_obf\ASCII_Encoding\malicious\112.ps1,ASCII Encoding,malicious,malicious,TP,True,True,0.9821000000000001,0.9821000000000001,0.9821000000000001,0.9821000000000001,1.0,malicious,C:\\TA\\project-ta\\data_spliting\\test_set_obf\\ASCII_Encoding\\malicious\\112.ps1
15,C:\TA\project-ta\data_spliting\test_set_obf\String_Concatenation\malicious\112.ps1,String Concatenation,malicious,malicious,TP,True,True,0.9919,0.9919,0.9919,0.9919,1.0,malicious,C:\\TA\\project-ta\\data_spliting\\test_set_obf\\String_Concatenation\\malicious\\112.ps1
15,C:\TA\project-ta\data_spliting\test_set_obf\String_Reordering\malicious\112.ps1,String Reordering,malicious,malicious,TP,True,True,0.8816,0.8816,0.8816,0.8816,1.0,malicious,C:\\TA\\project-ta\\data_spliting\\test_set_obf\\String_Reordering\\malicious\\112.ps1
15,C:\TA\project-ta\data_spliting\test_set_obf\Token_Manipulation\malicious\112.ps1,Token Manipulation,malicious,malicious,TP,True,True,0.9851000000000001,0.9851000000000001,0.9851000000000001,0.9851000000000001,1.0,malicious,C:\\TA\\project-ta\\data_spliting\\test_set_obf\\Token_Manipulation\\malicious\\112.ps1
15,C:\TA\project-ta\data_spliting\test_set\malicious\1125.ps1,Original Malicious,malicious,malicious,TP,True,True,0.9931000000000001,0.9931000000000001,0.9931000000000001,0.9931000000000001,1.0,malicious,C:\\TA\\project-ta\\data_spliting\\test_set\\malicious\\1125.ps1
15,C:\TA\project-ta\data_spliting\test_set_obf\ASCII_Encoding\malicious\1125.ps1,ASCII Encoding,malicious,malicious,TP,True,True,0.99,0.99,0.99,0.99,1.0,malicious,C:\\TA\\project-ta\\data_spliting\\test_set_obf\\ASCII_Encoding\\malicious\\1125.ps1
15,C:\TA\project-ta\data_spliting\test_set_obf\String_Concatenation\malicious\1125.ps1,String Concatenation,malicious,malicious,TP,True,True,0.9953000000000001,0.9953000000000001,0.9953000000000001,0.9953000000000001,1.0,malicious,C:\\TA\\project-ta\\data_spliting\\test_set_obf\\String_Concatenation\\malicious\\1125.ps1
15,C:\TA\project-ta\data_spliting\test_set_obf\String_Reordering\malicious\1125.ps1,String Reordering,malicious,malicious,TP,True,True,0.9951000000000001,0.9951000000000001,0.9951000000000001,0.9951000000000001,1.0,malicious,C:\\TA\\project-ta\\data_spliting\\test_set_obf\\String_Reordering\\malicious\\1125.ps1
15,C:\TA\project-ta\data_spliting\test_set_obf\Token_Manipulation\malicious\1125.ps1,Token Manipulation,malicious,malicious,TP,True,True,0.9939,0.9939,0.9939,0.9939,1.0,malicious,C:\\TA\\project-ta\\data_spliting\\test_set_obf\\Token_Manipulation\\malicious\\1125.ps1
15,C:\TA\project-ta\data_spliting\test_set\malicious\1136.ps1,Original Malicious,malicious,malicious,TP,True,True,0.9972000000000001,0.9972000000000001,0.9972000000000001,0.9972000000000001,1.0,malicious,C:\\TA\\project-ta\\data_spliting\\test_set\\malicious\\1136.ps1
15,C:\TA\project-ta\data_spliting\test_set_obf\ASCII_Encoding\malicious\1136.ps1,ASCII Encoding,malicious,malicious,TP,True,True,0.9862000000000001,0.9862000000000001,0.9862000000000001,0.9862000000000001,1.0,malicious,C:\\TA\\project-ta\\data_spliting\\test_set_obf\\ASCII_Encoding\\malicious\\1136.ps1
15,C:\TA\project-ta\data_spliting\test_set_obf\String_Concatenation\malicious\1136.ps1,String Concatenation,malicious,malicious,TP,True,True,0.9976,0.9976,0.9976,0.9976,1.0,malicious,C:\\TA\\project-ta\\data_spliting\\test_set_obf\\String_Concatenation\\malicious\\1136.ps1
15,C:\TA\project-ta\data_spliting\test_set_obf\String_Reordering\malicious\1136.ps1,String Reordering,malicious,malicious,TP,True,True,0.9976,0.9976,0.9976,0.9976,1.0,malicious,C:\\TA\\project-ta\\data_spliting\\test_set_obf\\String_Reordering\\malicious\\1136.ps1
15,C:\TA\project-ta\data_spliting\test_set_obf\Token_Manipulation\malicious\1136.ps1,Token Manipulation,malicious,malicious,TP,True,True,0.9972000000000001,0.9972000000000001,0.9972000000000001,0.9972000000000001,1.0,malicious,C:\\TA\\project-ta\\data_spliting\\test_set_obf\\Token_Manipulation\\malicious\\1136.ps1
15,C:\TA\project-ta\data_spliting\test_set\malicious\1144.ps1,Original Malicious,malicious,malicious,TP,True,True,0.9972000000000001,0.9972000000000001,0.9972000000000001,0.9972000000000001,1.0,malicious,C:\\TA\\project-ta\\data_spliting\\test_set\\malicious\\1144.ps1
15,C:\TA\project-ta\data_spliting\test_set_obf\ASCII_Encoding\malicious\1144.ps1,ASCII Encoding,malicious,malicious,TP,True,True,0.9878,0.9878,0.9878,0.9878,1.0,malicious,C:\\TA\\project-ta\\data_spliting\\test_set_obf\\ASCII_Encoding\\malicious\\1144.ps1
15,C:\TA\project-ta\data_spliting\test_set_obf\String_Concatenation\malicious\1144.ps1,String Concatenation,malicious,malicious,TP,True,True,0.9976,0.9976,0.9976,0.9976,1.0,malicious,C:\\TA\\project-ta\\data_spliting\\test_set_obf\\String_Concatenation\\malicious\\1144.ps1
15,C:\TA\project-ta\data_spliting\test_set_obf\String_Reordering\malicious\1144.ps1,String Reordering,malicious,malicious,TP,True,True,0.9976,0.9976,0.9976,0.9976,1.0,malicious,C:\\TA\\project-ta\\data_spliting\\test_set_obf\\String_Reordering\\malicious\\1144.ps1
15,C:\TA\project-ta\data_spliting\test_set_obf\Token_Manipulation\malicious\1144.ps1,Token Manipulation,malicious,malicious,TP,True,True,0.9972000000000001,0.9972000000000001,0.9972000000000001,0.9972000000000001,1.0,malicious,C:\\TA\\project-ta\\data_spliting\\test_set_obf\\Token_Manipulation\\malicious\\1144.ps1
15,C:\TA\project-ta\data_spliting\test_set\malicious\1148.ps1,Original Malicious,malicious,malicious,TP,True,True,0.9972000000000001,0.9972000000000001,0.9972000000000001,0.9972000000000001,1.0,malicious,C:\\TA\\project-ta\\data_spliting\\test_set\\malicious\\1148.ps1
15,C:\TA\project-ta\data_spliting\test_set_obf\ASCII_Encoding\malicious\1148.ps1,ASCII Encoding,malicious,malicious,TP,True,True,0.9874,0.9874,0.9874,0.9874,1.0,malicious,C:\\TA\\project-ta\\data_spliting\\test_set_obf\\ASCII_Encoding\\malicious\\1148.ps1
15,C:\TA\project-ta\data_spliting\test_set_obf\String_Concatenation\malicious\1148.ps1,String Concatenation,malicious,malicious,TP,True,True,0.9976,0.9976,0.9976,0.9976,1.0,malicious,C:\\TA\\project-ta\\data_spliting\\test_set_obf\\String_Concatenation\\malicious\\1148.ps1
15,C:\TA\project-ta\data_spliting\test_set_obf\String_Reordering\malicious\1148.ps1,String Reordering,malicious,malicious,TP,True,True,0.9976,0.9976,0.9976,0.9976,1.0,malicious,C:\\TA\\project-ta\\data_spliting\\test_set_obf\\String_Reordering\\malicious\\1148.ps1
15,C:\TA\project-ta\data_spliting\test_set_obf\Token_Manipulation\malicious\1148.ps1,Token Manipulation,malicious,malicious,TP,True,True,0.9972000000000001,0.9972000000000001,0.9972000000000001,0.9972000000000001,1.0,malicious,C:\\TA\\project-ta\\data_spliting\\test_set_obf\\Token_Manipulation\\malicious\\1148.ps1
15,C:\TA\project-ta\data_spliting\test_set\malicious\1154.ps1,Original Malicious,malicious,malicious,TP,True,True,0.9972000000000001,0.9972000000000001,0.9972000000000001,0.9972000000000001,1.0,malicious,C:\\TA\\project-ta\\data_spliting\\test_set\\malicious\\1154.ps1
15,C:\TA\project-ta\data_spliting\test_set_obf\ASCII_Encoding\malicious\1154.ps1,ASCII Encoding,malicious,malicious,TP,True,True,0.9797,0.9797,0.9797,0.9797,1.0,malicious,C:\\TA\\project-ta\\data_spliting\\test_set_obf\\ASCII_Encoding\\malicious\\1154.ps1
15,C:\TA\project-ta\data_spliting\test_set_obf\String_Concatenation\malicious\1154.ps1,String Concatenation,malicious,malicious,TP,True,True,0.9976,0.9976,0.9976,0.9976,1.0,malicious,C:\\TA\\project-ta\\data_spliting\\test_set_obf\\String_Concatenation\\malicious\\1154.ps1
15,C:\TA\project-ta\data_spliting\test_set_obf\String_Reordering\malicious\1154.ps1,String Reordering,malicious,malicious,TP,True,True,0.9973000000000001,0.9973000000000001,0.9973000000000001,0.9973000000000001,1.0,malicious,C:\\TA\\project-ta\\data_spliting\\test_set_obf\\String_Reordering\\malicious\\1154.ps1
15,C:\TA\project-ta\data_spliting\test_set_obf\Token_Manipulation\malicious\1154.ps1,Token Manipulation,malicious,malicious,TP,True,True,0.9972000000000001,0.9972000000000001,0.9972000000000001,0.9972000000000001,1.0,malicious,C:\\TA\\project-ta\\data_spliting\\test_set_obf\\Token_Manipulation\\malicious\\1154.ps1
15,C:\TA\project-ta\data_spliting\test_set\malicious\1173.ps1,Original Malicious,malicious,malicious,TP,True,True,0.9784,0.9784,0.9784,0.9784,1.0,malicious,C:\\TA\\project-ta\\data_spliting\\test_set\\malicious\\1173.ps1
15,C:\TA\project-ta\data_spliting\test_set_obf\ASCII_Encoding\malicious\1173.ps1,ASCII Encoding,malicious,malicious,TP,True,True,0.9919,0.9919,0.9919,0.9919,1.0,malicious,C:\\TA\\project-ta\\data_spliting\\test_set_obf\\ASCII_Encoding\\malicious\\1173.ps1
15,C:\TA\project-ta\data_spliting\test_set_obf\String_Concatenation\malicious\1173.ps1,String Concatenation,malicious,malicious,TP,True,True,0.9925,0.9925,0.9925,0.9925,1.0,malicious,C:\\TA\\project-ta\\data_spliting\\test_set_obf\\String_Concatenation\\malicious\\1173.ps1
15,C:\TA\project-ta\data_spliting\test_set_obf\String_Reordering\malicious\1173.ps1,String Reordering,malicious,malicious,TP,True,True,0.9844,0.9844,0.9844,0.9844,1.0,malicious,C:\\TA\\project-ta\\data_spliting\\test_set_obf\\String_Reordering\\malicious\\1173.ps1
15,C:\TA\project-ta\data_spliting\test_set_obf\Token_Manipulation\malicious\1173.ps1,Token Manipulation,malicious,malicious,TP,True,True,0.9851000000000001,0.9851000000000001,0.9851000000000001,0.9851000000000001,1.0,malicious,C:\\TA\\project-ta\\data_spliting\\test_set_obf\\Token_Manipulation\\malicious\\1173.ps1
15,C:\TA\project-ta\data_spliting\test_set\malicious\1178.ps1,Original Malicious,malicious,malicious,TP,True,True,0.9972000000000001,0.9972000000000001,0.9972000000000001,0.9972000000000001,1.0,malicious,C:\\TA\\project-ta\\data_spliting\\test_set\\malicious\\1178.ps1
15,C:\TA\project-ta\data_spliting\test_set_obf\ASCII_Encoding\malicious\1178.ps1,ASCII Encoding,malicious,malicious,TP,True,True,0.988,0.988,0.988,0.988,1.0,malicious,C:\\TA\\project-ta\\data_spliting\\test_set_obf\\ASCII_Encoding\\malicious\\1178.ps1
15,C:\TA\project-ta\data_spliting\test_set_obf\String_Concatenation\malicious\1178.ps1,String Concatenation,malicious,malicious,TP,True,True,0.9976,0.9976,0.9976,0.9976,1.0,malicious,C:\\TA\\project-ta\\data_spliting\\test_set_obf\\String_Concatenation\\malicious\\1178.ps1
15,C:\TA\project-ta\data_spliting\test_set_obf\String_Reordering\malicious\1178.ps1,String Reordering,malicious,malicious,TP,True,True,0.9973000000000001,0.9973000000000001,0.9973000000000001,0.9973000000000001,1.0,malicious,C:\\TA\\project-ta\\data_spliting\\test_set_obf\\String_Reordering\\malicious\\1178.ps1
15,C:\TA\project-ta\data_spliting\test_set_obf\Token_Manipulation\malicious\1178.ps1,Token Manipulation,malicious,malicious,TP,True,True,0.9972000000000001,0.9972000000000001,0.9972000000000001,0.9972000000000001,1.0,malicious,C:\\TA\\project-ta\\data_spliting\\test_set_obf\\Token_Manipulation\\malicious\\1178.ps1
15,C:\TA\project-ta\data_spliting\test_set\malicious\1180.ps1,Original Malicious,malicious,malicious,TP,True,True,0.9972000000000001,0.9972000000000001,0.9972000000000001,0.9972000000000001,1.0,malicious,C:\\TA\\project-ta\\data_spliting\\test_set\\malicious\\1180.ps1
15,C:\TA\project-ta\data_spliting\test_set_obf\ASCII_Encoding\malicious\1180.ps1,ASCII Encoding,malicious,malicious,TP,True,True,0.9776,0.9776,0.9776,0.9776,1.0,malicious,C:\\TA\\project-ta\\data_spliting\\test_set_obf\\ASCII_Encoding\\malicious\\1180.ps1
15,C:\TA\project-ta\data_spliting\test_set_obf\String_Concatenation\malicious\1180.ps1,String Concatenation,malicious,malicious,TP,True,True,0.9975,0.9975,0.9975,0.9975,1.0,malicious,C:\\TA\\project-ta\\data_spliting\\test_set_obf\\String_Concatenation\\malicious\\1180.ps1
15,C:\TA\project-ta\data_spliting\test_set_obf\String_Reordering\malicious\1180.ps1,String Reordering,malicious,malicious,TP,True,True,0.9976,0.9976,0.9976,0.9976,1.0,malicious,C:\\TA\\project-ta\\data_spliting\\test_set_obf\\String_Reordering\\malicious\\1180.ps1
15,C:\TA\project-ta\data_spliting\test_set_obf\Token_Manipulation\malicious\1180.ps1,Token Manipulation,malicious,malicious,TP,True,True,0.9972000000000001,0.9972000000000001,0.9972000000000001,0.9972000000000001,1.0,malicious,C:\\TA\\project-ta\\data_spliting\\test_set_obf\\Token_Manipulation\\malicious\\1180.ps1
15,C:\TA\project-ta\data_spliting\test_set\malicious\1181.ps1,Original Malicious,malicious,malicious,TP,True,True,0.9972000000000001,0.9972000000000001,0.9972000000000001,0.9972000000000001,1.0,malicious,C:\\TA\\project-ta\\data_spliting\\test_set\\malicious\\1181.ps1
15,C:\TA\project-ta\data_spliting\test_set_obf\ASCII_Encoding\malicious\1181.ps1,ASCII Encoding,malicious,malicious,TP,True,True,0.9744,0.9744,0.9744,0.9744,1.0,malicious,C:\\TA\\project-ta\\data_spliting\\test_set_obf\\ASCII_Encoding\\malicious\\1181.ps1
15,C:\TA\project-ta\data_spliting\test_set_obf\String_Concatenation\malicious\1181.ps1,String Concatenation,malicious,malicious,TP,True,True,0.9976,0.9976,0.9976,0.9976,1.0,malicious,C:\\TA\\project-ta\\data_spliting\\test_set_obf\\String_Concatenation\\malicious\\1181.ps1
15,C:\TA\project-ta\data_spliting\test_set_obf\String_Reordering\malicious\1181.ps1,String Reordering,malicious,malicious,TP,True,True,0.9973000000000001,0.9973000000000001,0.9973000000000001,0.9973000000000001,1.0,malicious,C:\\TA\\project-ta\\data_spliting\\test_set_obf\\String_Reordering\\malicious\\1181.ps1
15,C:\TA\project-ta\data_spliting\test_set_obf\Token_Manipulation\malicious\1181.ps1,Token Manipulation,malicious,malicious,TP,True,True,0.9972000000000001,0.9972000000000001,0.9972000000000001,0.9972000000000001,1.0,malicious,C:\\TA\\project-ta\\data_spliting\\test_set_obf\\Token_Manipulation\\malicious\\1181.ps1
15,C:\TA\project-ta\data_spliting\test_set\malicious\1183.ps1,Original Malicious,malicious,malicious,TP,True,True,0.9876,0.9876,0.9876,0.9876,1.0,malicious,C:\\TA\\project-ta\\data_spliting\\test_set\\malicious\\1183.ps1
15,C:\TA\project-ta\data_spliting\test_set_obf\ASCII_Encoding\malicious\1183.ps1,ASCII Encoding,malicious,malicious,TP,True,True,0.9826,0.9826,0.9826,0.9826,1.0,malicious,C:\\TA\\project-ta\\data_spliting\\test_set_obf\\ASCII_Encoding\\malicious\\1183.ps1
15,C:\TA\project-ta\data_spliting\test_set_obf\String_Concatenation\malicious\1183.ps1,String Concatenation,malicious,malicious,TP,True,True,0.9914000000000001,0.9914000000000001,0.9914000000000001,0.9914000000000001,1.0,malicious,C:\\TA\\project-ta\\data_spliting\\test_set_obf\\String_Concatenation\\malicious\\1183.ps1
15,C:\TA\project-ta\data_spliting\test_set_obf\String_Reordering\malicious\1183.ps1,String Reordering,malicious,malicious,TP,True,True,0.9936,0.9936,0.9936,0.9936,1.0,malicious,C:\\TA\\project-ta\\data_spliting\\test_set_obf\\String_Reordering\\malicious\\1183.ps1
15,C:\TA\project-ta\data_spliting\test_set_obf\Token_Manipulation\malicious\1183.ps1,Token Manipulation,malicious,malicious,TP,True,True,0.9904000000000001,0.9904000000000001,0.9904000000000001,0.9904000000000001,1.0,malicious,C:\\TA\\project-ta\\data_spliting\\test_set_obf\\Token_Manipulation\\malicious\\1183.ps1
15,C:\TA\project-ta\data_spliting\test_set\malicious\1196.ps1,Original Malicious,malicious,malicious,TP,True,True,0.9972000000000001,0.9972000000000001,0.9972000000000001,0.9972000000000001,1.0,malicious,C:\\TA\\project-ta\\data_spliting\\test_set\\malicious\\1196.ps1
15,C:\TA\project-ta\data_spliting\test_set_obf\ASCII_Encoding\malicious\1196.ps1,ASCII Encoding,malicious,malicious,TP,True,True,0.9602,0.9602,0.9602,0.9602,1.0,malicious,C:\\TA\\project-ta\\data_spliting\\test_set_obf\\ASCII_Encoding\\malicious\\1196.ps1
15,C:\TA\project-ta\data_spliting\test_set_obf\String_Concatenation\malicious\1196.ps1,String Concatenation,malicious,malicious,TP,True,True,0.9976,0.9976,0.9976,0.9976,1.0,malicious,C:\\TA\\project-ta\\data_spliting\\test_set_obf\\String_Concatenation\\malicious\\1196.ps1
15,C:\TA\project-ta\data_spliting\test_set_obf\String_Reordering\malicious\1196.ps1,String Reordering,malicious,malicious,TP,True,True,0.9976,0.9976,0.9976,0.9976,1.0,malicious,C:\\TA\\project-ta\\data_spliting\\test_set_obf\\String_Reordering\\malicious\\1196.ps1
15,C:\TA\project-ta\data_spliting\test_set_obf\Token_Manipulation\malicious\1196.ps1,Token Manipulation,malicious,malicious,TP,True,True,0.9972000000000001,0.9972000000000001,0.9972000000000001,0.9972000000000001,1.0,malicious,C:\\TA\\project-ta\\data_spliting\\test_set_obf\\Token_Manipulation\\malicious\\1196.ps1
15,C:\TA\project-ta\data_spliting\test_set\malicious\1203.ps1,Original Malicious,malicious,malicious,TP,True,True,0.9972000000000001,0.9972000000000001,0.9972000000000001,0.9972000000000001,1.0,malicious,C:\\TA\\project-ta\\data_spliting\\test_set\\malicious\\1203.ps1
15,C:\TA\project-ta\data_spliting\test_set_obf\ASCII_Encoding\malicious\1203.ps1,ASCII Encoding,malicious,malicious,TP,True,True,0.987,0.987,0.987,0.987,1.0,malicious,C:\\TA\\project-ta\\data_spliting\\test_set_obf\\ASCII_Encoding\\malicious\\1203.ps1
15,C:\TA\project-ta\data_spliting\test_set_obf\String_Concatenation\malicious\1203.ps1,String Concatenation,malicious,malicious,TP,True,True,0.9976,0.9976,0.9976,0.9976,1.0,malicious,C:\\TA\\project-ta\\data_spliting\\test_set_obf\\String_Concatenation\\malicious\\1203.ps1
15,C:\TA\project-ta\data_spliting\test_set_obf\String_Reordering\malicious\1203.ps1,String Reordering,malicious,malicious,TP,True,True,0.997,0.997,0.997,0.997,1.0,malicious,C:\\TA\\project-ta\\data_spliting\\test_set_obf\\String_Reordering\\malicious\\1203.ps1
15,C:\TA\project-ta\data_spliting\test_set_obf\Token_Manipulation\malicious\1203.ps1,Token Manipulation,malicious,malicious,TP,True,True,0.9972000000000001,0.9972000000000001,0.9972000000000001,0.9972000000000001,1.0,malicious,C:\\TA\\project-ta\\data_spliting\\test_set_obf\\Token_Manipulation\\malicious\\1203.ps1
15,C:\TA\project-ta\data_spliting\test_set\malicious\1208.ps1,Original Malicious,malicious,malicious,TP,True,True,0.9723,0.9723,0.9723,0.9723,1.0,malicious,C:\\TA\\project-ta\\data_spliting\\test_set\\malicious\\1208.ps1
15,C:\TA\project-ta\data_spliting\test_set_obf\ASCII_Encoding\malicious\1208.ps1,ASCII Encoding,malicious,malicious,TP,True,True,0.9695,0.9695,0.9695,0.9695,1.0,malicious,C:\\TA\\project-ta\\data_spliting\\test_set_obf\\ASCII_Encoding\\malicious\\1208.ps1
15,C:\TA\project-ta\data_spliting\test_set_obf\String_Concatenation\malicious\1208.ps1,String Concatenation,malicious,malicious,TP,True,True,0.9932000000000001,0.9932000000000001,0.9932000000000001,0.9932000000000001,1.0,malicious,C:\\TA\\project-ta\\data_spliting\\test_set_obf\\String_Concatenation\\malicious\\1208.ps1
15,C:\TA\project-ta\data_spliting\test_set_obf\String_Reordering\malicious\1208.ps1,String Reordering,malicious,malicious,TP,True,True,0.8792000000000001,0.8792000000000001,0.8792000000000001,0.8792000000000001,1.0,malicious,C:\\TA\\project-ta\\data_spliting\\test_set_obf\\String_Reordering\\malicious\\1208.ps1
15,C:\TA\project-ta\data_spliting\test_set_obf\Token_Manipulation\malicious\1208.ps1,Token Manipulation,malicious,malicious,TP,True,True,0.9818,0.9818,0.9818,0.9818,1.0,malicious,C:\\TA\\project-ta\\data_spliting\\test_set_obf\\Token_Manipulation\\malicious\\1208.ps1
15,C:\TA\project-ta\data_spliting\test_set\malicious\1241.ps1,Original Malicious,malicious,malicious,TP,True,True,0.9972000000000001,0.9972000000000001,0.9972000000000001,0.9972000000000001,1.0,malicious,C:\\TA\\project-ta\\data_spliting\\test_set\\malicious\\1241.ps1
15,C:\TA\project-ta\data_spliting\test_set_obf\ASCII_Encoding\malicious\1241.ps1,ASCII Encoding,malicious,malicious,TP,True,True,0.9893000000000001,0.9893000000000001,0.9893000000000001,0.9893000000000001,1.0,malicious,C:\\TA\\project-ta\\data_spliting\\test_set_obf\\ASCII_Encoding\\malicious\\1241.ps1
15,C:\TA\project-ta\data_spliting\test_set_obf\String_Concatenation\malicious\1241.ps1,String Concatenation,malicious,malicious,TP,True,True,0.9976,0.9976,0.9976,0.9976,1.0,malicious,C:\\TA\\project-ta\\data_spliting\\test_set_obf\\String_Concatenation\\malicious\\1241.ps1
15,C:\TA\project-ta\data_spliting\test_set_obf\String_Reordering\malicious\1241.ps1,String Reordering,malicious,malicious,TP,True,True,0.9976,0.9976,0.9976,0.9976,1.0,malicious,C:\\TA\\project-ta\\data_spliting\\test_set_obf\\String_Reordering\\malicious\\1241.ps1
15,C:\TA\project-ta\data_spliting\test_set_obf\Token_Manipulation\malicious\1241.ps1,Token Manipulation,malicious,malicious,TP,True,True,0.9972000000000001,0.9972000000000001,0.9972000000000001,0.9972000000000001,1.0,malicious,C:\\TA\\project-ta\\data_spliting\\test_set_obf\\Token_Manipulation\\malicious\\1241.ps1
15,C:\TA\project-ta\data_spliting\test_set\malicious\1248.ps1,Original Malicious,malicious,malicious,TP,True,True,0.9972000000000001,0.9972000000000001,0.9972000000000001,0.9972000000000001,1.0,malicious,C:\\TA\\project-ta\\data_spliting\\test_set\\malicious\\1248.ps1
15,C:\TA\project-ta\data_spliting\test_set_obf\ASCII_Encoding\malicious\1248.ps1,ASCII Encoding,malicious,malicious,TP,True,True,0.9878,0.9878,0.9878,0.9878,1.0,malicious,C:\\TA\\project-ta\\data_spliting\\test_set_obf\\ASCII_Encoding\\malicious\\1248.ps1
15,C:\TA\project-ta\data_spliting\test_set_obf\String_Concatenation\malicious\1248.ps1,String Concatenation,malicious,malicious,TP,True,True,0.9976,0.9976,0.9976,0.9976,1.0,malicious,C:\\TA\\project-ta\\data_spliting\\test_set_obf\\String_Concatenation\\malicious\\1248.ps1
15,C:\TA\project-ta\data_spliting\test_set_obf\String_Reordering\malicious\1248.ps1,String Reordering,malicious,malicious,TP,True,True,0.9976,0.9976,0.9976,0.9976,1.0,malicious,C:\\TA\\project-ta\\data_spliting\\test_set_obf\\String_Reordering\\malicious\\1248.ps1
15,C:\TA\project-ta\data_spliting\test_set_obf\Token_Manipulation\malicious\1248.ps1,Token Manipulation,malicious,malicious,TP,True,True,0.9972000000000001,0.9972000000000001,0.9972000000000001,0.9972000000000001,1.0,malicious,C:\\TA\\project-ta\\data_spliting\\test_set_obf\\Token_Manipulation\\malicious\\1248.ps1
15,C:\TA\project-ta\data_spliting\test_set\malicious\1249.ps1,Original Malicious,malicious,malicious,TP,True,True,0.9972000000000001,0.9972000000000001,0.9972000000000001,0.9972000000000001,1.0,malicious,C:\\TA\\project-ta\\data_spliting\\test_set\\malicious\\1249.ps1
15,C:\TA\project-ta\data_spliting\test_set_obf\ASCII_Encoding\malicious\1249.ps1,ASCII Encoding,malicious,malicious,TP,True,True,0.9826,0.9826,0.9826,0.9826,1.0,malicious,C:\\TA\\project-ta\\data_spliting\\test_set_obf\\ASCII_Encoding\\malicious\\1249.ps1
15,C:\TA\project-ta\data_spliting\test_set_obf\String_Concatenation\malicious\1249.ps1,String Concatenation,malicious,malicious,TP,True,True,0.9968,0.9968,0.9968,0.9968,1.0,malicious,C:\\TA\\project-ta\\data_spliting\\test_set_obf\\String_Concatenation\\malicious\\1249.ps1
15,C:\TA\project-ta\data_spliting\test_set_obf\String_Reordering\malicious\1249.ps1,String Reordering,malicious,malicious,TP,True,True,0.9976,0.9976,0.9976,0.9976,1.0,malicious,C:\\TA\\project-ta\\data_spliting\\test_set_obf\\String_Reordering\\malicious\\1249.ps1
15,C:\TA\project-ta\data_spliting\test_set_obf\Token_Manipulation\malicious\1249.ps1,Token Manipulation,malicious,malicious,TP,True,True,0.9972000000000001,0.9972000000000001,0.9972000000000001,0.9972000000000001,1.0,malicious,C:\\TA\\project-ta\\data_spliting\\test_set_obf\\Token_Manipulation\\malicious\\1249.ps1
15,C:\TA\project-ta\data_spliting\test_set\malicious\128.ps1,Original Malicious,malicious,malicious,TP,True,True,0.9972000000000001,0.9972000000000001,0.9972000000000001,0.9972000000000001,1.0,malicious,C:\\TA\\project-ta\\data_spliting\\test_set\\malicious\\128.ps1
15,C:\TA\project-ta\data_spliting\test_set_obf\ASCII_Encoding\malicious\128.ps1,ASCII Encoding,malicious,malicious,TP,True,True,0.9869,0.9869,0.9869,0.9869,1.0,malicious,C:\\TA\\project-ta\\data_spliting\\test_set_obf\\ASCII_Encoding\\malicious\\128.ps1
15,C:\TA\project-ta\data_spliting\test_set_obf\String_Concatenation\malicious\128.ps1,String Concatenation,malicious,malicious,TP,True,True,0.9976,0.9976,0.9976,0.9976,1.0,malicious,C:\\TA\\project-ta\\data_spliting\\test_set_obf\\String_Concatenation\\malicious\\128.ps1
15,C:\TA\project-ta\data_spliting\test_set_obf\String_Reordering\malicious\128.ps1,String Reordering,malicious,malicious,TP,True,True,0.997,0.997,0.997,0.997,1.0,malicious,C:\\TA\\project-ta\\data_spliting\\test_set_obf\\String_Reordering\\malicious\\128.ps1
15,C:\TA\project-ta\data_spliting\test_set_obf\Token_Manipulation\malicious\128.ps1,Token Manipulation,malicious,malicious,TP,True,True,0.9972000000000001,0.9972000000000001,0.9972000000000001,0.9972000000000001,1.0,malicious,C:\\TA\\project-ta\\data_spliting\\test_set_obf\\Token_Manipulation\\malicious\\128.ps1
15,C:\TA\project-ta\data_spliting\test_set\malicious\1282.ps1,Original Malicious,malicious,malicious,TP,True,True,0.9972000000000001,0.9972000000000001,0.9972000000000001,0.9972000000000001,1.0,malicious,C:\\TA\\project-ta\\data_spliting\\test_set\\malicious\\1282.ps1
15,C:\TA\project-ta\data_spliting\test_set_obf\ASCII_Encoding\malicious\1282.ps1,ASCII Encoding,malicious,malicious,TP,True,True,0.9881000000000001,0.9881000000000001,0.9881000000000001,0.9881000000000001,1.0,malicious,C:\\TA\\project-ta\\data_spliting\\test_set_obf\\ASCII_Encoding\\malicious\\1282.ps1
15,C:\TA\project-ta\data_spliting\test_set_obf\String_Concatenation\malicious\1282.ps1,String Concatenation,malicious,malicious,TP,True,True,0.9976,0.9976,0.9976,0.9976,1.0,malicious,C:\\TA\\project-ta\\data_spliting\\test_set_obf\\String_Concatenation\\malicious\\1282.ps1
15,C:\TA\project-ta\data_spliting\test_set_obf\String_Reordering\malicious\1282.ps1,String Reordering,malicious,malicious,TP,True,True,0.9976,0.9976,0.9976,0.9976,1.0,malicious,C:\\TA\\project-ta\\data_spliting\\test_set_obf\\String_Reordering\\malicious\\1282.ps1
15,C:\TA\project-ta\data_spliting\test_set_obf\Token_Manipulation\malicious\1282.ps1,Token Manipulation,malicious,malicious,TP,True,True,0.9972000000000001,0.9972000000000001,0.9972000000000001,0.9972000000000001,1.0,malicious,C:\\TA\\project-ta\\data_spliting\\test_set_obf\\Token_Manipulation\\malicious\\1282.ps1
15,C:\TA\project-ta\data_spliting\test_set\malicious\1283.ps1,Original Malicious,malicious,malicious,TP,True,True,0.9972000000000001,0.9972000000000001,0.9972000000000001,0.9972000000000001,1.0,malicious,C:\\TA\\project-ta\\data_spliting\\test_set\\malicious\\1283.ps1
15,C:\TA\project-ta\data_spliting\test_set_obf\ASCII_Encoding\malicious\1283.ps1,ASCII Encoding,malicious,malicious,TP,True,True,0.9844,0.9844,0.9844,0.9844,1.0,malicious,C:\\TA\\project-ta\\data_spliting\\test_set_obf\\ASCII_Encoding\\malicious\\1283.ps1
15,C:\TA\project-ta\data_spliting\test_set_obf\String_Concatenation\malicious\1283.ps1,String Concatenation,malicious,malicious,TP,True,True,0.9976,0.9976,0.9976,0.9976,1.0,malicious,C:\\TA\\project-ta\\data_spliting\\test_set_obf\\String_Concatenation\\malicious\\1283.ps1
15,C:\TA\project-ta\data_spliting\test_set_obf\String_Reordering\malicious\1283.ps1,String Reordering,malicious,malicious,TP,True,True,0.8989,0.8989,0.8989,0.8989,1.0,malicious,C:\\TA\\project-ta\\data_spliting\\test_set_obf\\String_Reordering\\malicious\\1283.ps1
15,C:\TA\project-ta\data_spliting\test_set_obf\Token_Manipulation\malicious\1283.ps1,Token Manipulation,malicious,malicious,TP,True,True,0.9972000000000001,0.9972000000000001,0.9972000000000001,0.9972000000000001,1.0,malicious,C:\\TA\\project-ta\\data_spliting\\test_set_obf\\Token_Manipulation\\malicious\\1283.ps1
15,C:\TA\project-ta\data_spliting\test_set\malicious\1286.ps1,Original Malicious,malicious,malicious,TP,True,True,0.9972000000000001,0.9972000000000001,0.9972000000000001,0.9972000000000001,1.0,malicious,C:\\TA\\project-ta\\data_spliting\\test_set\\malicious\\1286.ps1
15,C:\TA\project-ta\data_spliting\test_set_obf\ASCII_Encoding\malicious\1286.ps1,ASCII Encoding,malicious,malicious,TP,True,True,0.9873000000000001,0.9873000000000001,0.9873000000000001,0.9873000000000001,1.0,malicious,C:\\TA\\project-ta\\data_spliting\\test_set_obf\\ASCII_Encoding\\malicious\\1286.ps1
15,C:\TA\project-ta\data_spliting\test_set_obf\String_Concatenation\malicious\1286.ps1,String Concatenation,malicious,malicious,TP,True,True,0.9976,0.9976,0.9976,0.9976,1.0,malicious,C:\\TA\\project-ta\\data_spliting\\test_set_obf\\String_Concatenation\\malicious\\1286.ps1
15,C:\TA\project-ta\data_spliting\test_set_obf\String_Reordering\malicious\1286.ps1,String Reordering,malicious,malicious,TP,True,True,0.9973000000000001,0.9973000000000001,0.9973000000000001,0.9973000000000001,1.0,malicious,C:\\TA\\project-ta\\data_spliting\\test_set_obf\\String_Reordering\\malicious\\1286.ps1
15,C:\TA\project-ta\data_spliting\test_set_obf\Token_Manipulation\malicious\1286.ps1,Token Manipulation,malicious,malicious,TP,True,True,0.9972000000000001,0.9972000000000001,0.9972000000000001,0.9972000000000001,1.0,malicious,C:\\TA\\project-ta\\data_spliting\\test_set_obf\\Token_Manipulation\\malicious\\1286.ps1
15,C:\TA\project-ta\data_spliting\test_set\malicious\1296.ps1,Original Malicious,malicious,malicious,TP,True,True,0.9972000000000001,0.9972000000000001,0.9972000000000001,0.9972000000000001,1.0,malicious,C:\\TA\\project-ta\\data_spliting\\test_set\\malicious\\1296.ps1
15,C:\TA\project-ta\data_spliting\test_set_obf\ASCII_Encoding\malicious\1296.ps1,ASCII Encoding,malicious,malicious,TP,True,True,0.9831000000000001,0.9831000000000001,0.9831000000000001,0.9831000000000001,1.0,malicious,C:\\TA\\project-ta\\data_spliting\\test_set_obf\\ASCII_Encoding\\malicious\\1296.ps1
15,C:\TA\project-ta\data_spliting\test_set_obf\String_Concatenation\malicious\1296.ps1,String Concatenation,malicious,malicious,TP,True,True,0.9972000000000001,0.9972000000000001,0.9972000000000001,0.9972000000000001,1.0,malicious,C:\\TA\\project-ta\\data_spliting\\test_set_obf\\String_Concatenation\\malicious\\1296.ps1
15,C:\TA\project-ta\data_spliting\test_set_obf\String_Reordering\malicious\1296.ps1,String Reordering,malicious,malicious,TP,True,True,0.9974000000000001,0.9974000000000001,0.9974000000000001,0.9974000000000001,1.0,malicious,C:\\TA\\project-ta\\data_spliting\\test_set_obf\\String_Reordering\\malicious\\1296.ps1
15,C:\TA\project-ta\data_spliting\test_set_obf\Token_Manipulation\malicious\1296.ps1,Token Manipulation,malicious,malicious,TP,True,True,0.9972000000000001,0.9972000000000001,0.9972000000000001,0.9972000000000001,1.0,malicious,C:\\TA\\project-ta\\data_spliting\\test_set_obf\\Token_Manipulation\\malicious\\1296.ps1
15,C:\TA\project-ta\data_spliting\test_set\malicious\1299.ps1,Original Malicious,malicious,malicious,TP,True,True,0.9972000000000001,0.9972000000000001,0.9972000000000001,0.9972000000000001,1.0,malicious,C:\\TA\\project-ta\\data_spliting\\test_set\\malicious\\1299.ps1
15,C:\TA\project-ta\data_spliting\test_set_obf\ASCII_Encoding\malicious\1299.ps1,ASCII Encoding,malicious,malicious,TP,True,True,0.9766,0.9766,0.9766,0.9766,1.0,malicious,C:\\TA\\project-ta\\data_spliting\\test_set_obf\\ASCII_Encoding\\malicious\\1299.ps1
15,C:\TA\project-ta\data_spliting\test_set_obf\String_Concatenation\malicious\1299.ps1,String Concatenation,malicious,malicious,TP,True,True,0.9976,0.9976,0.9976,0.9976,1.0,malicious,C:\\TA\\project-ta\\data_spliting\\test_set_obf\\String_Concatenation\\malicious\\1299.ps1
15,C:\TA\project-ta\data_spliting\test_set_obf\String_Reordering\malicious\1299.ps1,String Reordering,malicious,malicious,TP,True,True,0.9976,0.9976,0.9976,0.9976,1.0,malicious,C:\\TA\\project-ta\\data_spliting\\test_set_obf\\String_Reordering\\malicious\\1299.ps1
15,C:\TA\project-ta\data_spliting\test_set_obf\Token_Manipulation\malicious\1299.ps1,Token Manipulation,malicious,malicious,TP,True,True,0.9972000000000001,0.9972000000000001,0.9972000000000001,0.9972000000000001,1.0,malicious,C:\\TA\\project-ta\\data_spliting\\test_set_obf\\Token_Manipulation\\malicious\\1299.ps1
15,C:\TA\project-ta\data_spliting\test_set\malicious\13.ps1,Original Malicious,malicious,malicious,TP,True,True,0.9972000000000001,0.9972000000000001,0.9972000000000001,0.9972000000000001,1.0,malicious,C:\\TA\\project-ta\\data_spliting\\test_set\\malicious\\13.ps1
15,C:\TA\project-ta\data_spliting\test_set_obf\ASCII_Encoding\malicious\13.ps1,ASCII Encoding,malicious,malicious,TP,True,True,0.988,0.988,0.988,0.988,1.0,malicious,C:\\TA\\project-ta\\data_spliting\\test_set_obf\\ASCII_Encoding\\malicious\\13.ps1
15,C:\TA\project-ta\data_spliting\test_set_obf\String_Concatenation\malicious\13.ps1,String Concatenation,malicious,malicious,TP,True,True,0.9976,0.9976,0.9976,0.9976,1.0,malicious,C:\\TA\\project-ta\\data_spliting\\test_set_obf\\String_Concatenation\\malicious\\13.ps1
15,C:\TA\project-ta\data_spliting\test_set_obf\String_Reordering\malicious\13.ps1,String Reordering,malicious,malicious,TP,True,True,0.997,0.997,0.997,0.997,1.0,malicious,C:\\TA\\project-ta\\data_spliting\\test_set_obf\\String_Reordering\\malicious\\13.ps1
15,C:\TA\project-ta\data_spliting\test_set_obf\Token_Manipulation\malicious\13.ps1,Token Manipulation,malicious,malicious,TP,True,True,0.9972000000000001,0.9972000000000001,0.9972000000000001,0.9972000000000001,1.0,malicious,C:\\TA\\project-ta\\data_spliting\\test_set_obf\\Token_Manipulation\\malicious\\13.ps1
15,C:\TA\project-ta\data_spliting\test_set\malicious\1305.ps1,Original Malicious,malicious,malicious,TP,True,True,0.9972000000000001,0.9972000000000001,0.9972000000000001,0.9972000000000001,1.0,malicious,C:\\TA\\project-ta\\data_spliting\\test_set\\malicious\\1305.ps1
15,C:\TA\project-ta\data_spliting\test_set_obf\ASCII_Encoding\malicious\1305.ps1,ASCII Encoding,malicious,malicious,TP,True,True,0.9878,0.9878,0.9878,0.9878,1.0,malicious,C:\\TA\\project-ta\\data_spliting\\test_set_obf\\ASCII_Encoding\\malicious\\1305.ps1
15,C:\TA\project-ta\data_spliting\test_set_obf\String_Concatenation\malicious\1305.ps1,String Concatenation,malicious,malicious,TP,True,True,0.9976,0.9976,0.9976,0.9976,1.0,malicious,C:\\TA\\project-ta\\data_spliting\\test_set_obf\\String_Concatenation\\malicious\\1305.ps1
15,C:\TA\project-ta\data_spliting\test_set_obf\String_Reordering\malicious\1305.ps1,String Reordering,malicious,malicious,TP,True,True,0.9969,0.9969,0.9969,0.9969,1.0,malicious,C:\\TA\\project-ta\\data_spliting\\test_set_obf\\String_Reordering\\malicious\\1305.ps1
15,C:\TA\project-ta\data_spliting\test_set_obf\Token_Manipulation\malicious\1305.ps1,Token Manipulation,malicious,malicious,TP,True,True,0.9972000000000001,0.9972000000000001,0.9972000000000001,0.9972000000000001,1.0,malicious,C:\\TA\\project-ta\\data_spliting\\test_set_obf\\Token_Manipulation\\malicious\\1305.ps1
15,C:\TA\project-ta\data_spliting\test_set\malicious\1340.ps1,Original Malicious,malicious,malicious,TP,True,True,0.9972000000000001,0.9972000000000001,0.9972000000000001,0.9972000000000001,1.0,malicious,C:\\TA\\project-ta\\data_spliting\\test_set\\malicious\\1340.ps1
15,C:\TA\project-ta\data_spliting\test_set_obf\ASCII_Encoding\malicious\1340.ps1,ASCII Encoding,malicious,malicious,TP,True,True,0.9919,0.9919,0.9919,0.9919,1.0,malicious,C:\\TA\\project-ta\\data_spliting\\test_set_obf\\ASCII_Encoding\\malicious\\1340.ps1
15,C:\TA\project-ta\data_spliting\test_set_obf\String_Concatenation\malicious\1340.ps1,String Concatenation,malicious,malicious,TP,True,True,0.9976,0.9976,0.9976,0.9976,1.0,malicious,C:\\TA\\project-ta\\data_spliting\\test_set_obf\\String_Concatenation\\malicious\\1340.ps1
15,C:\TA\project-ta\data_spliting\test_set_obf\String_Reordering\malicious\1340.ps1,String Reordering,malicious,malicious,TP,True,True,0.9973000000000001,0.9973000000000001,0.9973000000000001,0.9973000000000001,1.0,malicious,C:\\TA\\project-ta\\data_spliting\\test_set_obf\\String_Reordering\\malicious\\1340.ps1
15,C:\TA\project-ta\data_spliting\test_set_obf\Token_Manipulation\malicious\1340.ps1,Token Manipulation,malicious,malicious,TP,True,True,0.9972000000000001,0.9972000000000001,0.9972000000000001,0.9972000000000001,1.0,malicious,C:\\TA\\project-ta\\data_spliting\\test_set_obf\\Token_Manipulation\\malicious\\1340.ps1
15,C:\TA\project-ta\data_spliting\test_set\malicious\1348.ps1,Original Malicious,malicious,malicious,TP,True,True,0.9972000000000001,0.9972000000000001,0.9972000000000001,0.9972000000000001,1.0,malicious,C:\\TA\\project-ta\\data_spliting\\test_set\\malicious\\1348.ps1
15,C:\TA\project-ta\data_spliting\test_set_obf\ASCII_Encoding\malicious\1348.ps1,ASCII Encoding,malicious,malicious,TP,True,True,0.9911000000000001,0.9911000000000001,0.9911000000000001,0.9911000000000001,1.0,malicious,C:\\TA\\project-ta\\data_spliting\\test_set_obf\\ASCII_Encoding\\malicious\\1348.ps1
15,C:\TA\project-ta\data_spliting\test_set_obf\String_Concatenation\malicious\1348.ps1,String Concatenation,malicious,malicious,TP,True,True,0.9976,0.9976,0.9976,0.9976,1.0,malicious,C:\\TA\\project-ta\\data_spliting\\test_set_obf\\String_Concatenation\\malicious\\1348.ps1
15,C:\TA\project-ta\data_spliting\test_set_obf\String_Reordering\malicious\1348.ps1,String Reordering,malicious,malicious,TP,True,True,0.9976,0.9976,0.9976,0.9976,1.0,malicious,C:\\TA\\project-ta\\data_spliting\\test_set_obf\\String_Reordering\\malicious\\1348.ps1
15,C:\TA\project-ta\data_spliting\test_set_obf\Token_Manipulation\malicious\1348.ps1,Token Manipulation,malicious,malicious,TP,True,True,0.9972000000000001,0.9972000000000001,0.9972000000000001,0.9972000000000001,1.0,malicious,C:\\TA\\project-ta\\data_spliting\\test_set_obf\\Token_Manipulation\\malicious\\1348.ps1
15,C:\TA\project-ta\data_spliting\test_set\malicious\1354.ps1,Original Malicious,malicious,malicious,TP,True,True,0.9972000000000001,0.9972000000000001,0.9972000000000001,0.9972000000000001,1.0,malicious,C:\\TA\\project-ta\\data_spliting\\test_set\\malicious\\1354.ps1
15,C:\TA\project-ta\data_spliting\test_set_obf\ASCII_Encoding\malicious\1354.ps1,ASCII Encoding,malicious,malicious,TP,True,True,0.9921000000000001,0.9921000000000001,0.9921000000000001,0.9921000000000001,1.0,malicious,C:\\TA\\project-ta\\data_spliting\\test_set_obf\\ASCII_Encoding\\malicious\\1354.ps1
15,C:\TA\project-ta\data_spliting\test_set_obf\String_Concatenation\malicious\1354.ps1,String Concatenation,malicious,malicious,TP,True,True,0.9976,0.9976,0.9976,0.9976,1.0,malicious,C:\\TA\\project-ta\\data_spliting\\test_set_obf\\String_Concatenation\\malicious\\1354.ps1
15,C:\TA\project-ta\data_spliting\test_set_obf\String_Reordering\malicious\1354.ps1,String Reordering,malicious,malicious,TP,True,True,0.9976,0.9976,0.9976,0.9976,1.0,malicious,C:\\TA\\project-ta\\data_spliting\\test_set_obf\\String_Reordering\\malicious\\1354.ps1
15,C:\TA\project-ta\data_spliting\test_set_obf\Token_Manipulation\malicious\1354.ps1,Token Manipulation,malicious,malicious,TP,True,True,0.9972000000000001,0.9972000000000001,0.9972000000000001,0.9972000000000001,1.0,malicious,C:\\TA\\project-ta\\data_spliting\\test_set_obf\\Token_Manipulation\\malicious\\1354.ps1
15,C:\TA\project-ta\data_spliting\test_set\malicious\136.ps1,Original Malicious,malicious,malicious,TP,True,True,0.9972000000000001,0.9972000000000001,0.9972000000000001,0.9972000000000001,1.0,malicious,C:\\TA\\project-ta\\data_spliting\\test_set\\malicious\\136.ps1
15,C:\TA\project-ta\data_spliting\test_set_obf\ASCII_Encoding\malicious\136.ps1,ASCII Encoding,malicious,malicious,TP,True,True,0.9889,0.9889,0.9889,0.9889,1.0,malicious,C:\\TA\\project-ta\\data_spliting\\test_set_obf\\ASCII_Encoding\\malicious\\136.ps1
15,C:\TA\project-ta\data_spliting\test_set_obf\String_Concatenation\malicious\136.ps1,String Concatenation,malicious,malicious,TP,True,True,0.9975,0.9975,0.9975,0.9975,1.0,malicious,C:\\TA\\project-ta\\data_spliting\\test_set_obf\\String_Concatenation\\malicious\\136.ps1
15,C:\TA\project-ta\data_spliting\test_set_obf\String_Reordering\malicious\136.ps1,String Reordering,malicious,malicious,TP,True,True,0.9976,0.9976,0.9976,0.9976,1.0,malicious,C:\\TA\\project-ta\\data_spliting\\test_set_obf\\String_Reordering\\malicious\\136.ps1
15,C:\TA\project-ta\data_spliting\test_set_obf\Token_Manipulation\malicious\136.ps1,Token Manipulation,malicious,malicious,TP,True,True,0.9972000000000001,0.9972000000000001,0.9972000000000001,0.9972000000000001,1.0,malicious,C:\\TA\\project-ta\\data_spliting\\test_set_obf\\Token_Manipulation\\malicious\\136.ps1
15,C:\TA\project-ta\data_spliting\test_set\malicious\1362.ps1,Original Malicious,malicious,benign,FN,False,True,0.29760000000000003,0.29760000000000003,0.29760000000000003,0.29760000000000003,1.0,benign,C:\\TA\\project-ta\\data_spliting\\test_set\\malicious\\1362.ps1
15,C:\TA\project-ta\data_spliting\test_set_obf\ASCII_Encoding\malicious\1362.ps1,ASCII Encoding,malicious,malicious,TP,True,True,0.984,0.984,0.984,0.984,1.0,malicious,C:\\TA\\project-ta\\data_spliting\\test_set_obf\\ASCII_Encoding\\malicious\\1362.ps1
15,C:\TA\project-ta\data_spliting\test_set_obf\String_Concatenation\malicious\1362.ps1,String Concatenation,malicious,malicious,TP,True,True,0.9911000000000001,0.9911000000000001,0.9911000000000001,0.9911000000000001,1.0,malicious,C:\\TA\\project-ta\\data_spliting\\test_set_obf\\String_Concatenation\\malicious\\1362.ps1
15,C:\TA\project-ta\data_spliting\test_set_obf\String_Reordering\malicious\1362.ps1,String Reordering,malicious,malicious,TP,True,True,0.9914000000000001,0.9914000000000001,0.9914000000000001,0.9914000000000001,1.0,malicious,C:\\TA\\project-ta\\data_spliting\\test_set_obf\\String_Reordering\\malicious\\1362.ps1
15,C:\TA\project-ta\data_spliting\test_set_obf\Token_Manipulation\malicious\1362.ps1,Token Manipulation,malicious,malicious,TP,True,True,0.6719,0.6719,0.6719,0.6719,1.0,malicious,C:\\TA\\project-ta\\data_spliting\\test_set_obf\\Token_Manipulation\\malicious\\1362.ps1
15,C:\TA\project-ta\data_spliting\test_set\malicious\1376.ps1,Original Malicious,malicious,malicious,TP,True,True,0.9907,0.9907,0.9907,0.9907,1.0,malicious,C:\\TA\\project-ta\\data_spliting\\test_set\\malicious\\1376.ps1
15,C:\TA\project-ta\data_spliting\test_set_obf\ASCII_Encoding\malicious\1376.ps1,ASCII Encoding,malicious,malicious,TP,True,True,0.9757,0.9757,0.9757,0.9757,1.0,malicious,C:\\TA\\project-ta\\data_spliting\\test_set_obf\\ASCII_Encoding\\malicious\\1376.ps1
15,C:\TA\project-ta\data_spliting\test_set_obf\String_Concatenation\malicious\1376.ps1,String Concatenation,malicious,malicious,TP,True,True,0.9925,0.9925,0.9925,0.9925,1.0,malicious,C:\\TA\\project-ta\\data_spliting\\test_set_obf\\String_Concatenation\\malicious\\1376.ps1
15,C:\TA\project-ta\data_spliting\test_set_obf\String_Reordering\malicious\1376.ps1,String Reordering,malicious,malicious,TP,True,True,0.9941000000000001,0.9941000000000001,0.9941000000000001,0.9941000000000001,1.0,malicious,C:\\TA\\project-ta\\data_spliting\\test_set_obf\\String_Reordering\\malicious\\1376.ps1
15,C:\TA\project-ta\data_spliting\test_set_obf\Token_Manipulation\malicious\1376.ps1,Token Manipulation,malicious,malicious,TP,True,True,0.9929,0.9929,0.9929,0.9929,1.0,malicious,C:\\TA\\project-ta\\data_spliting\\test_set_obf\\Token_Manipulation\\malicious\\1376.ps1
15,C:\TA\project-ta\data_spliting\test_set\malicious\1391.ps1,Original Malicious,malicious,malicious,TP,True,True,0.9972000000000001,0.9972000000000001,0.9972000000000001,0.9972000000000001,1.0,malicious,C:\\TA\\project-ta\\data_spliting\\test_set\\malicious\\1391.ps1
15,C:\TA\project-ta\data_spliting\test_set_obf\ASCII_Encoding\malicious\1391.ps1,ASCII Encoding,malicious,malicious,TP,True,True,0.9744,0.9744,0.9744,0.9744,1.0,malicious,C:\\TA\\project-ta\\data_spliting\\test_set_obf\\ASCII_Encoding\\malicious\\1391.ps1
15,C:\TA\project-ta\data_spliting\test_set_obf\String_Concatenation\malicious\1391.ps1,String Concatenation,malicious,malicious,TP,True,True,0.9976,0.9976,0.9976,0.9976,1.0,malicious,C:\\TA\\project-ta\\data_spliting\\test_set_obf\\String_Concatenation\\malicious\\1391.ps1
15,C:\TA\project-ta\data_spliting\test_set_obf\String_Reordering\malicious\1391.ps1,String Reordering,malicious,malicious,TP,True,True,0.9976,0.9976,0.9976,0.9976,1.0,malicious,C:\\TA\\project-ta\\data_spliting\\test_set_obf\\String_Reordering\\malicious\\1391.ps1
15,C:\TA\project-ta\data_spliting\test_set_obf\Token_Manipulation\malicious\1391.ps1,Token Manipulation,malicious,malicious,TP,True,True,0.9972000000000001,0.9972000000000001,0.9972000000000001,0.9972000000000001,1.0,malicious,C:\\TA\\project-ta\\data_spliting\\test_set_obf\\Token_Manipulation\\malicious\\1391.ps1
15,C:\TA\project-ta\data_spliting\test_set\malicious\1395.ps1,Original Malicious,malicious,malicious,TP,True,True,0.9972000000000001,0.9972000000000001,0.9972000000000001,0.9972000000000001,1.0,malicious,C:\\TA\\project-ta\\data_spliting\\test_set\\malicious\\1395.ps1
15,C:\TA\project-ta\data_spliting\test_set_obf\ASCII_Encoding\malicious\1395.ps1,ASCII Encoding,malicious,malicious,TP,True,True,0.9898,0.9898,0.9898,0.9898,1.0,malicious,C:\\TA\\project-ta\\data_spliting\\test_set_obf\\ASCII_Encoding\\malicious\\1395.ps1
15,C:\TA\project-ta\data_spliting\test_set_obf\String_Concatenation\malicious\1395.ps1,String Concatenation,malicious,malicious,TP,True,True,0.9976,0.9976,0.9976,0.9976,1.0,malicious,C:\\TA\\project-ta\\data_spliting\\test_set_obf\\String_Concatenation\\malicious\\1395.ps1
15,C:\TA\project-ta\data_spliting\test_set_obf\String_Reordering\malicious\1395.ps1,String Reordering,malicious,malicious,TP,True,True,0.9976,0.9976,0.9976,0.9976,1.0,malicious,C:\\TA\\project-ta\\data_spliting\\test_set_obf\\String_Reordering\\malicious\\1395.ps1
15,C:\TA\project-ta\data_spliting\test_set_obf\Token_Manipulation\malicious\1395.ps1,Token Manipulation,malicious,malicious,TP,True,True,0.9972000000000001,0.9972000000000001,0.9972000000000001,0.9972000000000001,1.0,malicious,C:\\TA\\project-ta\\data_spliting\\test_set_obf\\Token_Manipulation\\malicious\\1395.ps1
15,C:\TA\project-ta\data_spliting\test_set\malicious\14.ps1,Original Malicious,malicious,malicious,TP,True,True,0.9972000000000001,0.9972000000000001,0.9972000000000001,0.9972000000000001,1.0,malicious,C:\\TA\\project-ta\\data_spliting\\test_set\\malicious\\14.ps1
15,C:\TA\project-ta\data_spliting\test_set_obf\ASCII_Encoding\malicious\14.ps1,ASCII Encoding,malicious,malicious,TP,True,True,0.9846,0.9846,0.9846,0.9846,1.0,malicious,C:\\TA\\project-ta\\data_spliting\\test_set_obf\\ASCII_Encoding\\malicious\\14.ps1
15,C:\TA\project-ta\data_spliting\test_set_obf\String_Concatenation\malicious\14.ps1,String Concatenation,malicious,malicious,TP,True,True,0.9974000000000001,0.9974000000000001,0.9974000000000001,0.9974000000000001,1.0,malicious,C:\\TA\\project-ta\\data_spliting\\test_set_obf\\String_Concatenation\\malicious\\14.ps1
15,C:\TA\project-ta\data_spliting\test_set_obf\String_Reordering\malicious\14.ps1,String Reordering,malicious,malicious,TP,True,True,0.9966,0.9966,0.9966,0.9966,1.0,malicious,C:\\TA\\project-ta\\data_spliting\\test_set_obf\\String_Reordering\\malicious\\14.ps1
15,C:\TA\project-ta\data_spliting\test_set_obf\Token_Manipulation\malicious\14.ps1,Token Manipulation,malicious,malicious,TP,True,True,0.9972000000000001,0.9972000000000001,0.9972000000000001,0.9972000000000001,1.0,malicious,C:\\TA\\project-ta\\data_spliting\\test_set_obf\\Token_Manipulation\\malicious\\14.ps1
15,C:\TA\project-ta\data_spliting\test_set\malicious\140.ps1,Original Malicious,malicious,malicious,TP,True,True,0.9972000000000001,0.9972000000000001,0.9972000000000001,0.9972000000000001,1.0,malicious,C:\\TA\\project-ta\\data_spliting\\test_set\\malicious\\140.ps1
15,C:\TA\project-ta\data_spliting\test_set_obf\ASCII_Encoding\malicious\140.ps1,ASCII Encoding,malicious,malicious,TP,True,True,0.9881000000000001,0.9881000000000001,0.9881000000000001,0.9881000000000001,1.0,malicious,C:\\TA\\project-ta\\data_spliting\\test_set_obf\\ASCII_Encoding\\malicious\\140.ps1
15,C:\TA\project-ta\data_spliting\test_set_obf\String_Concatenation\malicious\140.ps1,String Concatenation,malicious,malicious,TP,True,True,0.9976,0.9976,0.9976,0.9976,1.0,malicious,C:\\TA\\project-ta\\data_spliting\\test_set_obf\\String_Concatenation\\malicious\\140.ps1
15,C:\TA\project-ta\data_spliting\test_set_obf\String_Reordering\malicious\140.ps1,String Reordering,malicious,malicious,TP,True,True,0.9975,0.9975,0.9975,0.9975,1.0,malicious,C:\\TA\\project-ta\\data_spliting\\test_set_obf\\String_Reordering\\malicious\\140.ps1
15,C:\TA\project-ta\data_spliting\test_set_obf\Token_Manipulation\malicious\140.ps1,Token Manipulation,malicious,malicious,TP,True,True,0.9972000000000001,0.9972000000000001,0.9972000000000001,0.9972000000000001,1.0,malicious,C:\\TA\\project-ta\\data_spliting\\test_set_obf\\Token_Manipulation\\malicious\\140.ps1
15,C:\TA\project-ta\data_spliting\test_set\malicious\1421.ps1,Original Malicious,malicious,malicious,TP,True,True,0.9972000000000001,0.9972000000000001,0.9972000000000001,0.9972000000000001,1.0,malicious,C:\\TA\\project-ta\\data_spliting\\test_set\\malicious\\1421.ps1
15,C:\TA\project-ta\data_spliting\test_set_obf\ASCII_Encoding\malicious\1421.ps1,ASCII Encoding,malicious,malicious,TP,True,True,0.9703,0.9703,0.9703,0.9703,1.0,malicious,C:\\TA\\project-ta\\data_spliting\\test_set_obf\\ASCII_Encoding\\malicious\\1421.ps1
15,C:\TA\project-ta\data_spliting\test_set_obf\String_Concatenation\malicious\1421.ps1,String Concatenation,malicious,malicious,TP,True,True,0.9976,0.9976,0.9976,0.9976,1.0,malicious,C:\\TA\\project-ta\\data_spliting\\test_set_obf\\String_Concatenation\\malicious\\1421.ps1
15,C:\TA\project-ta\data_spliting\test_set_obf\String_Reordering\malicious\1421.ps1,String Reordering,malicious,malicious,TP,True,True,0.997,0.997,0.997,0.997,1.0,malicious,C:\\TA\\project-ta\\data_spliting\\test_set_obf\\String_Reordering\\malicious\\1421.ps1
15,C:\TA\project-ta\data_spliting\test_set_obf\Token_Manipulation\malicious\1421.ps1,Token Manipulation,malicious,malicious,TP,True,True,0.9972000000000001,0.9972000000000001,0.9972000000000001,0.9972000000000001,1.0,malicious,C:\\TA\\project-ta\\data_spliting\\test_set_obf\\Token_Manipulation\\malicious\\1421.ps1
15,C:\TA\project-ta\data_spliting\test_set\malicious\1429.ps1,Original Malicious,malicious,malicious,TP,True,True,0.9972000000000001,0.9972000000000001,0.9972000000000001,0.9972000000000001,1.0,malicious,C:\\TA\\project-ta\\data_spliting\\test_set\\malicious\\1429.ps1
15,C:\TA\project-ta\data_spliting\test_set_obf\ASCII_Encoding\malicious\1429.ps1,ASCII Encoding,malicious,malicious,TP,True,True,0.988,0.988,0.988,0.988,1.0,malicious,C:\\TA\\project-ta\\data_spliting\\test_set_obf\\ASCII_Encoding\\malicious\\1429.ps1
15,C:\TA\project-ta\data_spliting\test_set_obf\String_Concatenation\malicious\1429.ps1,String Concatenation,malicious,malicious,TP,True,True,0.9976,0.9976,0.9976,0.9976,1.0,malicious,C:\\TA\\project-ta\\data_spliting\\test_set_obf\\String_Concatenation\\malicious\\1429.ps1
15,C:\TA\project-ta\data_spliting\test_set_obf\String_Reordering\malicious\1429.ps1,String Reordering,malicious,malicious,TP,True,True,0.9976,0.9976,0.9976,0.9976,1.0,malicious,C:\\TA\\project-ta\\data_spliting\\test_set_obf\\String_Reordering\\malicious\\1429.ps1
15,C:\TA\project-ta\data_spliting\test_set_obf\Token_Manipulation\malicious\1429.ps1,Token Manipulation,malicious,malicious,TP,True,True,0.9972000000000001,0.9972000000000001,0.9972000000000001,0.9972000000000001,1.0,malicious,C:\\TA\\project-ta\\data_spliting\\test_set_obf\\Token_Manipulation\\malicious\\1429.ps1
15,C:\TA\project-ta\data_spliting\test_set\malicious\144.ps1,Original Malicious,malicious,malicious,TP,True,True,0.9972000000000001,0.9972000000000001,0.9972000000000001,0.9972000000000001,1.0,malicious,C:\\TA\\project-ta\\data_spliting\\test_set\\malicious\\144.ps1
15,C:\TA\project-ta\data_spliting\test_set_obf\ASCII_Encoding\malicious\144.ps1,ASCII Encoding,malicious,malicious,TP,True,True,0.9799,0.9799,0.9799,0.9799,1.0,malicious,C:\\TA\\project-ta\\data_spliting\\test_set_obf\\ASCII_Encoding\\malicious\\144.ps1
15,C:\TA\project-ta\data_spliting\test_set_obf\String_Concatenation\malicious\144.ps1,String Concatenation,malicious,malicious,TP,True,True,0.9972000000000001,0.9972000000000001,0.9972000000000001,0.9972000000000001,1.0,malicious,C:\\TA\\project-ta\\data_spliting\\test_set_obf\\String_Concatenation\\malicious\\144.ps1
15,C:\TA\project-ta\data_spliting\test_set_obf\String_Reordering\malicious\144.ps1,String Reordering,malicious,malicious,TP,True,True,0.9976,0.9976,0.9976,0.9976,1.0,malicious,C:\\TA\\project-ta\\data_spliting\\test_set_obf\\String_Reordering\\malicious\\144.ps1
15,C:\TA\project-ta\data_spliting\test_set_obf\Token_Manipulation\malicious\144.ps1,Token Manipulation,malicious,malicious,TP,True,True,0.9972000000000001,0.9972000000000001,0.9972000000000001,0.9972000000000001,1.0,malicious,C:\\TA\\project-ta\\data_spliting\\test_set_obf\\Token_Manipulation\\malicious\\144.ps1
15,C:\TA\project-ta\data_spliting\test_set\malicious\1440.ps1,Original Malicious,malicious,malicious,TP,True,True,0.9972000000000001,0.9972000000000001,0.9972000000000001,0.9972000000000001,1.0,malicious,C:\\TA\\project-ta\\data_spliting\\test_set\\malicious\\1440.ps1
15,C:\TA\project-ta\data_spliting\test_set_obf\ASCII_Encoding\malicious\1440.ps1,ASCII Encoding,malicious,malicious,TP,True,True,0.9919,0.9919,0.9919,0.9919,1.0,malicious,C:\\TA\\project-ta\\data_spliting\\test_set_obf\\ASCII_Encoding\\malicious\\1440.ps1
15,C:\TA\project-ta\data_spliting\test_set_obf\String_Concatenation\malicious\1440.ps1,String Concatenation,malicious,malicious,TP,True,True,0.9975,0.9975,0.9975,0.9975,1.0,malicious,C:\\TA\\project-ta\\data_spliting\\test_set_obf\\String_Concatenation\\malicious\\1440.ps1
15,C:\TA\project-ta\data_spliting\test_set_obf\String_Reordering\malicious\1440.ps1,String Reordering,malicious,malicious,TP,True,True,0.9976,0.9976,0.9976,0.9976,1.0,malicious,C:\\TA\\project-ta\\data_spliting\\test_set_obf\\String_Reordering\\malicious\\1440.ps1
15,C:\TA\project-ta\data_spliting\test_set_obf\Token_Manipulation\malicious\1440.ps1,Token Manipulation,malicious,malicious,TP,True,True,0.9972000000000001,0.9972000000000001,0.9972000000000001,0.9972000000000001,1.0,malicious,C:\\TA\\project-ta\\data_spliting\\test_set_obf\\Token_Manipulation\\malicious\\1440.ps1
15,C:\TA\project-ta\data_spliting\test_set\malicious\1451.ps1,Original Malicious,malicious,malicious,TP,True,True,0.9972000000000001,0.9972000000000001,0.9972000000000001,0.9972000000000001,1.0,malicious,C:\\TA\\project-ta\\data_spliting\\test_set\\malicious\\1451.ps1
15,C:\TA\project-ta\data_spliting\test_set_obf\ASCII_Encoding\malicious\1451.ps1,ASCII Encoding,malicious,malicious,TP,True,True,0.9874,0.9874,0.9874,0.9874,1.0,malicious,C:\\TA\\project-ta\\data_spliting\\test_set_obf\\ASCII_Encoding\\malicious\\1451.ps1
15,C:\TA\project-ta\data_spliting\test_set_obf\String_Concatenation\malicious\1451.ps1,String Concatenation,malicious,malicious,TP,True,True,0.9975,0.9975,0.9975,0.9975,1.0,malicious,C:\\TA\\project-ta\\data_spliting\\test_set_obf\\String_Concatenation\\malicious\\1451.ps1
15,C:\TA\project-ta\data_spliting\test_set_obf\String_Reordering\malicious\1451.ps1,String Reordering,malicious,malicious,TP,True,True,0.9976,0.9976,0.9976,0.9976,1.0,malicious,C:\\TA\\project-ta\\data_spliting\\test_set_obf\\String_Reordering\\malicious\\1451.ps1
15,C:\TA\project-ta\data_spliting\test_set_obf\Token_Manipulation\malicious\1451.ps1,Token Manipulation,malicious,malicious,TP,True,True,0.9972000000000001,0.9972000000000001,0.9972000000000001,0.9972000000000001,1.0,malicious,C:\\TA\\project-ta\\data_spliting\\test_set_obf\\Token_Manipulation\\malicious\\1451.ps1
15,C:\TA\project-ta\data_spliting\test_set\malicious\1461.ps1,Original Malicious,malicious,malicious,TP,True,True,0.9972000000000001,0.9972000000000001,0.9972000000000001,0.9972000000000001,1.0,malicious,C:\\TA\\project-ta\\data_spliting\\test_set\\malicious\\1461.ps1
15,C:\TA\project-ta\data_spliting\test_set_obf\ASCII_Encoding\malicious\1461.ps1,ASCII Encoding,malicious,malicious,TP,True,True,0.9826,0.9826,0.9826,0.9826,1.0,malicious,C:\\TA\\project-ta\\data_spliting\\test_set_obf\\ASCII_Encoding\\malicious\\1461.ps1
15,C:\TA\project-ta\data_spliting\test_set_obf\String_Concatenation\malicious\1461.ps1,String Concatenation,malicious,malicious,TP,True,True,0.9976,0.9976,0.9976,0.9976,1.0,malicious,C:\\TA\\project-ta\\data_spliting\\test_set_obf\\String_Concatenation\\malicious\\1461.ps1
15,C:\TA\project-ta\data_spliting\test_set_obf\String_Reordering\malicious\1461.ps1,String Reordering,malicious,malicious,TP,True,True,0.9976,0.9976,0.9976,0.9976,1.0,malicious,C:\\TA\\project-ta\\data_spliting\\test_set_obf\\String_Reordering\\malicious\\1461.ps1
15,C:\TA\project-ta\data_spliting\test_set_obf\Token_Manipulation\malicious\1461.ps1,Token Manipulation,malicious,malicious,TP,True,True,0.9972000000000001,0.9972000000000001,0.9972000000000001,0.9972000000000001,1.0,malicious,C:\\TA\\project-ta\\data_spliting\\test_set_obf\\Token_Manipulation\\malicious\\1461.ps1
15,C:\TA\project-ta\data_spliting\test_set\malicious\1463.ps1,Original Malicious,malicious,malicious,TP,True,True,0.9972000000000001,0.9972000000000001,0.9972000000000001,0.9972000000000001,1.0,malicious,C:\\TA\\project-ta\\data_spliting\\test_set\\malicious\\1463.ps1
15,C:\TA\project-ta\data_spliting\test_set_obf\ASCII_Encoding\malicious\1463.ps1,ASCII Encoding,malicious,malicious,TP,True,True,0.9864,0.9864,0.9864,0.9864,1.0,malicious,C:\\TA\\project-ta\\data_spliting\\test_set_obf\\ASCII_Encoding\\malicious\\1463.ps1
15,C:\TA\project-ta\data_spliting\test_set_obf\String_Concatenation\malicious\1463.ps1,String Concatenation,malicious,malicious,TP,True,True,0.9976,0.9976,0.9976,0.9976,1.0,malicious,C:\\TA\\project-ta\\data_spliting\\test_set_obf\\String_Concatenation\\malicious\\1463.ps1
15,C:\TA\project-ta\data_spliting\test_set_obf\String_Reordering\malicious\1463.ps1,String Reordering,malicious,malicious,TP,True,True,0.9973000000000001,0.9973000000000001,0.9973000000000001,0.9973000000000001,1.0,malicious,C:\\TA\\project-ta\\data_spliting\\test_set_obf\\String_Reordering\\malicious\\1463.ps1
15,C:\TA\project-ta\data_spliting\test_set_obf\Token_Manipulation\malicious\1463.ps1,Token Manipulation,malicious,malicious,TP,True,True,0.9972000000000001,0.9972000000000001,0.9972000000000001,0.9972000000000001,1.0,malicious,C:\\TA\\project-ta\\data_spliting\\test_set_obf\\Token_Manipulation\\malicious\\1463.ps1
15,C:\TA\project-ta\data_spliting\test_set\malicious\1468.ps1,Original Malicious,malicious,malicious,TP,True,True,0.9972000000000001,0.9972000000000001,0.9972000000000001,0.9972000000000001,1.0,malicious,C:\\TA\\project-ta\\data_spliting\\test_set\\malicious\\1468.ps1
15,C:\TA\project-ta\data_spliting\test_set_obf\ASCII_Encoding\malicious\1468.ps1,ASCII Encoding,malicious,malicious,TP,True,True,0.9896,0.9896,0.9896,0.9896,1.0,malicious,C:\\TA\\project-ta\\data_spliting\\test_set_obf\\ASCII_Encoding\\malicious\\1468.ps1
15,C:\TA\project-ta\data_spliting\test_set_obf\String_Concatenation\malicious\1468.ps1,String Concatenation,malicious,malicious,TP,True,True,0.9972000000000001,0.9972000000000001,0.9972000000000001,0.9972000000000001,1.0,malicious,C:\\TA\\project-ta\\data_spliting\\test_set_obf\\String_Concatenation\\malicious\\1468.ps1
15,C:\TA\project-ta\data_spliting\test_set_obf\String_Reordering\malicious\1468.ps1,String Reordering,malicious,malicious,TP,True,True,0.9976,0.9976,0.9976,0.9976,1.0,malicious,C:\\TA\\project-ta\\data_spliting\\test_set_obf\\String_Reordering\\malicious\\1468.ps1
15,C:\TA\project-ta\data_spliting\test_set_obf\Token_Manipulation\malicious\1468.ps1,Token Manipulation,malicious,malicious,TP,True,True,0.9972000000000001,0.9972000000000001,0.9972000000000001,0.9972000000000001,1.0,malicious,C:\\TA\\project-ta\\data_spliting\\test_set_obf\\Token_Manipulation\\malicious\\1468.ps1
15,C:\TA\project-ta\data_spliting\test_set\malicious\1472.ps1,Original Malicious,malicious,malicious,TP,True,True,0.9972000000000001,0.9972000000000001,0.9972000000000001,0.9972000000000001,1.0,malicious,C:\\TA\\project-ta\\data_spliting\\test_set\\malicious\\1472.ps1
15,C:\TA\project-ta\data_spliting\test_set_obf\ASCII_Encoding\malicious\1472.ps1,ASCII Encoding,malicious,malicious,TP,True,True,0.9919,0.9919,0.9919,0.9919,1.0,malicious,C:\\TA\\project-ta\\data_spliting\\test_set_obf\\ASCII_Encoding\\malicious\\1472.ps1
15,C:\TA\project-ta\data_spliting\test_set_obf\String_Concatenation\malicious\1472.ps1,String Concatenation,malicious,malicious,TP,True,True,0.9975,0.9975,0.9975,0.9975,1.0,malicious,C:\\TA\\project-ta\\data_spliting\\test_set_obf\\String_Concatenation\\malicious\\1472.ps1
15,C:\TA\project-ta\data_spliting\test_set_obf\String_Reordering\malicious\1472.ps1,String Reordering,malicious,malicious,TP,True,True,0.9973000000000001,0.9973000000000001,0.9973000000000001,0.9973000000000001,1.0,malicious,C:\\TA\\project-ta\\data_spliting\\test_set_obf\\String_Reordering\\malicious\\1472.ps1
15,C:\TA\project-ta\data_spliting\test_set_obf\Token_Manipulation\malicious\1472.ps1,Token Manipulation,malicious,malicious,TP,True,True,0.9972000000000001,0.9972000000000001,0.9972000000000001,0.9972000000000001,1.0,malicious,C:\\TA\\project-ta\\data_spliting\\test_set_obf\\Token_Manipulation\\malicious\\1472.ps1
15,C:\TA\project-ta\data_spliting\test_set\malicious\1474.ps1,Original Malicious,malicious,malicious,TP,True,True,0.9972000000000001,0.9972000000000001,0.9972000000000001,0.9972000000000001,1.0,malicious,C:\\TA\\project-ta\\data_spliting\\test_set\\malicious\\1474.ps1
15,C:\TA\project-ta\data_spliting\test_set_obf\ASCII_Encoding\malicious\1474.ps1,ASCII Encoding,malicious,malicious,TP,True,True,0.975,0.975,0.975,0.975,1.0,malicious,C:\\TA\\project-ta\\data_spliting\\test_set_obf\\ASCII_Encoding\\malicious\\1474.ps1
15,C:\TA\project-ta\data_spliting\test_set_obf\String_Concatenation\malicious\1474.ps1,String Concatenation,malicious,malicious,TP,True,True,0.9976,0.9976,0.9976,0.9976,1.0,malicious,C:\\TA\\project-ta\\data_spliting\\test_set_obf\\String_Concatenation\\malicious\\1474.ps1
15,C:\TA\project-ta\data_spliting\test_set_obf\String_Reordering\malicious\1474.ps1,String Reordering,malicious,malicious,TP,True,True,0.9976,0.9976,0.9976,0.9976,1.0,malicious,C:\\TA\\project-ta\\data_spliting\\test_set_obf\\String_Reordering\\malicious\\1474.ps1
15,C:\TA\project-ta\data_spliting\test_set_obf\Token_Manipulation\malicious\1474.ps1,Token Manipulation,malicious,malicious,TP,True,True,0.9972000000000001,0.9972000000000001,0.9972000000000001,0.9972000000000001,1.0,malicious,C:\\TA\\project-ta\\data_spliting\\test_set_obf\\Token_Manipulation\\malicious\\1474.ps1
15,C:\TA\project-ta\data_spliting\test_set\malicious\1477.ps1,Original Malicious,malicious,malicious,TP,True,True,0.9972000000000001,0.9972000000000001,0.9972000000000001,0.9972000000000001,1.0,malicious,C:\\TA\\project-ta\\data_spliting\\test_set\\malicious\\1477.ps1
15,C:\TA\project-ta\data_spliting\test_set_obf\ASCII_Encoding\malicious\1477.ps1,ASCII Encoding,malicious,malicious,TP,True,True,0.9873000000000001,0.9873000000000001,0.9873000000000001,0.9873000000000001,1.0,malicious,C:\\TA\\project-ta\\data_spliting\\test_set_obf\\ASCII_Encoding\\malicious\\1477.ps1
15,C:\TA\project-ta\data_spliting\test_set_obf\String_Concatenation\malicious\1477.ps1,String Concatenation,malicious,malicious,TP,True,True,0.9976,0.9976,0.9976,0.9976,1.0,malicious,C:\\TA\\project-ta\\data_spliting\\test_set_obf\\String_Concatenation\\malicious\\1477.ps1
15,C:\TA\project-ta\data_spliting\test_set_obf\String_Reordering\malicious\1477.ps1,String Reordering,malicious,malicious,TP,True,True,0.9976,0.9976,0.9976,0.9976,1.0,malicious,C:\\TA\\project-ta\\data_spliting\\test_set_obf\\String_Reordering\\malicious\\1477.ps1
15,C:\TA\project-ta\data_spliting\test_set_obf\Token_Manipulation\malicious\1477.ps1,Token Manipulation,malicious,malicious,TP,True,True,0.9972000000000001,0.9972000000000001,0.9972000000000001,0.9972000000000001,1.0,malicious,C:\\TA\\project-ta\\data_spliting\\test_set_obf\\Token_Manipulation\\malicious\\1477.ps1
15,C:\TA\project-ta\data_spliting\test_set\malicious\1484.ps1,Original Malicious,malicious,malicious,TP,True,True,0.9556,0.9556,0.9556,0.9556,1.0,malicious,C:\\TA\\project-ta\\data_spliting\\test_set\\malicious\\1484.ps1
15,C:\TA\project-ta\data_spliting\test_set_obf\ASCII_Encoding\malicious\1484.ps1,ASCII Encoding,malicious,malicious,TP,True,True,0.9919,0.9919,0.9919,0.9919,1.0,malicious,C:\\TA\\project-ta\\data_spliting\\test_set_obf\\ASCII_Encoding\\malicious\\1484.ps1
15,C:\TA\project-ta\data_spliting\test_set_obf\String_Concatenation\malicious\1484.ps1,String Concatenation,malicious,malicious,TP,True,True,0.9975,0.9975,0.9975,0.9975,1.0,malicious,C:\\TA\\project-ta\\data_spliting\\test_set_obf\\String_Concatenation\\malicious\\1484.ps1
15,C:\TA\project-ta\data_spliting\test_set_obf\String_Reordering\malicious\1484.ps1,String Reordering,malicious,malicious,TP,True,True,0.9972000000000001,0.9972000000000001,0.9972000000000001,0.9972000000000001,1.0,malicious,C:\\TA\\project-ta\\data_spliting\\test_set_obf\\String_Reordering\\malicious\\1484.ps1
15,C:\TA\project-ta\data_spliting\test_set_obf\Token_Manipulation\malicious\1484.ps1,Token Manipulation,malicious,malicious,TP,True,True,0.9599000000000001,0.9599000000000001,0.9599000000000001,0.9599000000000001,1.0,malicious,C:\\TA\\project-ta\\data_spliting\\test_set_obf\\Token_Manipulation\\malicious\\1484.ps1
15,C:\TA\project-ta\data_spliting\test_set\malicious\1486.ps1,Original Malicious,malicious,malicious,TP,True,True,0.9972000000000001,0.9972000000000001,0.9972000000000001,0.9972000000000001,1.0,malicious,C:\\TA\\project-ta\\data_spliting\\test_set\\malicious\\1486.ps1
15,C:\TA\project-ta\data_spliting\test_set_obf\ASCII_Encoding\malicious\1486.ps1,ASCII Encoding,malicious,malicious,TP,True,True,0.9826,0.9826,0.9826,0.9826,1.0,malicious,C:\\TA\\project-ta\\data_spliting\\test_set_obf\\ASCII_Encoding\\malicious\\1486.ps1
15,C:\TA\project-ta\data_spliting\test_set_obf\String_Concatenation\malicious\1486.ps1,String Concatenation,malicious,malicious,TP,True,True,0.9976,0.9976,0.9976,0.9976,1.0,malicious,C:\\TA\\project-ta\\data_spliting\\test_set_obf\\String_Concatenation\\malicious\\1486.ps1
15,C:\TA\project-ta\data_spliting\test_set_obf\String_Reordering\malicious\1486.ps1,String Reordering,malicious,malicious,TP,True,True,0.9976,0.9976,0.9976,0.9976,1.0,malicious,C:\\TA\\project-ta\\data_spliting\\test_set_obf\\String_Reordering\\malicious\\1486.ps1
15,C:\TA\project-ta\data_spliting\test_set_obf\Token_Manipulation\malicious\1486.ps1,Token Manipulation,malicious,malicious,TP,True,True,0.9972000000000001,0.9972000000000001,0.9972000000000001,0.9972000000000001,1.0,malicious,C:\\TA\\project-ta\\data_spliting\\test_set_obf\\Token_Manipulation\\malicious\\1486.ps1
15,C:\TA\project-ta\data_spliting\test_set\malicious\1493.ps1,Original Malicious,malicious,malicious,TP,True,True,0.9972000000000001,0.9972000000000001,0.9972000000000001,0.9972000000000001,1.0,malicious,C:\\TA\\project-ta\\data_spliting\\test_set\\malicious\\1493.ps1
15,C:\TA\project-ta\data_spliting\test_set_obf\ASCII_Encoding\malicious\1493.ps1,ASCII Encoding,malicious,malicious,TP,True,True,0.991,0.991,0.991,0.991,1.0,malicious,C:\\TA\\project-ta\\data_spliting\\test_set_obf\\ASCII_Encoding\\malicious\\1493.ps1
15,C:\TA\project-ta\data_spliting\test_set_obf\String_Concatenation\malicious\1493.ps1,String Concatenation,malicious,malicious,TP,True,True,0.9976,0.9976,0.9976,0.9976,1.0,malicious,C:\\TA\\project-ta\\data_spliting\\test_set_obf\\String_Concatenation\\malicious\\1493.ps1
15,C:\TA\project-ta\data_spliting\test_set_obf\String_Reordering\malicious\1493.ps1,String Reordering,malicious,malicious,TP,True,True,0.9976,0.9976,0.9976,0.9976,1.0,malicious,C:\\TA\\project-ta\\data_spliting\\test_set_obf\\String_Reordering\\malicious\\1493.ps1
15,C:\TA\project-ta\data_spliting\test_set_obf\Token_Manipulation\malicious\1493.ps1,Token Manipulation,malicious,malicious,TP,True,True,0.9972000000000001,0.9972000000000001,0.9972000000000001,0.9972000000000001,1.0,malicious,C:\\TA\\project-ta\\data_spliting\\test_set_obf\\Token_Manipulation\\malicious\\1493.ps1
15,C:\TA\project-ta\data_spliting\test_set\malicious\1513.ps1,Original Malicious,malicious,malicious,TP,True,True,0.9972000000000001,0.9972000000000001,0.9972000000000001,0.9972000000000001,1.0,malicious,C:\\TA\\project-ta\\data_spliting\\test_set\\malicious\\1513.ps1
15,C:\TA\project-ta\data_spliting\test_set_obf\ASCII_Encoding\malicious\1513.ps1,ASCII Encoding,malicious,malicious,TP,True,True,0.9781000000000001,0.9781000000000001,0.9781000000000001,0.9781000000000001,1.0,malicious,C:\\TA\\project-ta\\data_spliting\\test_set_obf\\ASCII_Encoding\\malicious\\1513.ps1
15,C:\TA\project-ta\data_spliting\test_set_obf\String_Concatenation\malicious\1513.ps1,String Concatenation,malicious,malicious,TP,True,True,0.9976,0.9976,0.9976,0.9976,1.0,malicious,C:\\TA\\project-ta\\data_spliting\\test_set_obf\\String_Concatenation\\malicious\\1513.ps1
15,C:\TA\project-ta\data_spliting\test_set_obf\String_Reordering\malicious\1513.ps1,String Reordering,malicious,malicious,TP,True,True,0.9976,0.9976,0.9976,0.9976,1.0,malicious,C:\\TA\\project-ta\\data_spliting\\test_set_obf\\String_Reordering\\malicious\\1513.ps1
15,C:\TA\project-ta\data_spliting\test_set_obf\Token_Manipulation\malicious\1513.ps1,Token Manipulation,malicious,malicious,TP,True,True,0.9972000000000001,0.9972000000000001,0.9972000000000001,0.9972000000000001,1.0,malicious,C:\\TA\\project-ta\\data_spliting\\test_set_obf\\Token_Manipulation\\malicious\\1513.ps1
15,C:\TA\project-ta\data_spliting\test_set\malicious\1514.ps1,Original Malicious,malicious,malicious,TP,True,True,0.9972000000000001,0.9972000000000001,0.9972000000000001,0.9972000000000001,1.0,malicious,C:\\TA\\project-ta\\data_spliting\\test_set\\malicious\\1514.ps1
15,C:\TA\project-ta\data_spliting\test_set_obf\ASCII_Encoding\malicious\1514.ps1,ASCII Encoding,malicious,malicious,TP,True,True,0.8468,0.8468,0.8468,0.8468,1.0,malicious,C:\\TA\\project-ta\\data_spliting\\test_set_obf\\ASCII_Encoding\\malicious\\1514.ps1
15,C:\TA\project-ta\data_spliting\test_set_obf\String_Concatenation\malicious\1514.ps1,String Concatenation,malicious,malicious,TP,True,True,0.9976,0.9976,0.9976,0.9976,1.0,malicious,C:\\TA\\project-ta\\data_spliting\\test_set_obf\\String_Concatenation\\malicious\\1514.ps1
15,C:\TA\project-ta\data_spliting\test_set_obf\String_Reordering\malicious\1514.ps1,String Reordering,malicious,malicious,TP,True,True,0.9973000000000001,0.9973000000000001,0.9973000000000001,0.9973000000000001,1.0,malicious,C:\\TA\\project-ta\\data_spliting\\test_set_obf\\String_Reordering\\malicious\\1514.ps1
15,C:\TA\project-ta\data_spliting\test_set_obf\Token_Manipulation\malicious\1514.ps1,Token Manipulation,malicious,malicious,TP,True,True,0.9972000000000001,0.9972000000000001,0.9972000000000001,0.9972000000000001,1.0,malicious,C:\\TA\\project-ta\\data_spliting\\test_set_obf\\Token_Manipulation\\malicious\\1514.ps1
15,C:\TA\project-ta\data_spliting\test_set\malicious\1524.ps1,Original Malicious,malicious,malicious,TP,True,True,0.9972000000000001,0.9972000000000001,0.9972000000000001,0.9972000000000001,1.0,malicious,C:\\TA\\project-ta\\data_spliting\\test_set\\malicious\\1524.ps1
15,C:\TA\project-ta\data_spliting\test_set_obf\ASCII_Encoding\malicious\1524.ps1,ASCII Encoding,malicious,malicious,TP,True,True,0.9852000000000001,0.9852000000000001,0.9852000000000001,0.9852000000000001,1.0,malicious,C:\\TA\\project-ta\\data_spliting\\test_set_obf\\ASCII_Encoding\\malicious\\1524.ps1
15,C:\TA\project-ta\data_spliting\test_set_obf\String_Concatenation\malicious\1524.ps1,String Concatenation,malicious,malicious,TP,True,True,0.9975,0.9975,0.9975,0.9975,1.0,malicious,C:\\TA\\project-ta\\data_spliting\\test_set_obf\\String_Concatenation\\malicious\\1524.ps1
15,C:\TA\project-ta\data_spliting\test_set_obf\String_Reordering\malicious\1524.ps1,String Reordering,malicious,malicious,TP,True,True,0.9973000000000001,0.9973000000000001,0.9973000000000001,0.9973000000000001,1.0,malicious,C:\\TA\\project-ta\\data_spliting\\test_set_obf\\String_Reordering\\malicious\\1524.ps1
15,C:\TA\project-ta\data_spliting\test_set_obf\Token_Manipulation\malicious\1524.ps1,Token Manipulation,malicious,malicious,TP,True,True,0.9972000000000001,0.9972000000000001,0.9972000000000001,0.9972000000000001,1.0,malicious,C:\\TA\\project-ta\\data_spliting\\test_set_obf\\Token_Manipulation\\malicious\\1524.ps1
15,C:\TA\project-ta\data_spliting\test_set\malicious\1530.ps1,Original Malicious,malicious,malicious,TP,True,True,0.9972000000000001,0.9972000000000001,0.9972000000000001,0.9972000000000001,1.0,malicious,C:\\TA\\project-ta\\data_spliting\\test_set\\malicious\\1530.ps1
15,C:\TA\project-ta\data_spliting\test_set_obf\ASCII_Encoding\malicious\1530.ps1,ASCII Encoding,malicious,malicious,TP,True,True,0.9757,0.9757,0.9757,0.9757,1.0,malicious,C:\\TA\\project-ta\\data_spliting\\test_set_obf\\ASCII_Encoding\\malicious\\1530.ps1
15,C:\TA\project-ta\data_spliting\test_set_obf\String_Concatenation\malicious\1530.ps1,String Concatenation,malicious,malicious,TP,True,True,0.9976,0.9976,0.9976,0.9976,1.0,malicious,C:\\TA\\project-ta\\data_spliting\\test_set_obf\\String_Concatenation\\malicious\\1530.ps1
15,C:\TA\project-ta\data_spliting\test_set_obf\String_Reordering\malicious\1530.ps1,String Reordering,malicious,malicious,TP,True,True,0.9976,0.9976,0.9976,0.9976,1.0,malicious,C:\\TA\\project-ta\\data_spliting\\test_set_obf\\String_Reordering\\malicious\\1530.ps1
15,C:\TA\project-ta\data_spliting\test_set_obf\Token_Manipulation\malicious\1530.ps1,Token Manipulation,malicious,malicious,TP,True,True,0.9972000000000001,0.9972000000000001,0.9972000000000001,0.9972000000000001,1.0,malicious,C:\\TA\\project-ta\\data_spliting\\test_set_obf\\Token_Manipulation\\malicious\\1530.ps1
15,C:\TA\project-ta\data_spliting\test_set\malicious\1532.ps1,Original Malicious,malicious,malicious,TP,True,True,0.9972000000000001,0.9972000000000001,0.9972000000000001,0.9972000000000001,1.0,malicious,C:\\TA\\project-ta\\data_spliting\\test_set\\malicious\\1532.ps1
15,C:\TA\project-ta\data_spliting\test_set_obf\ASCII_Encoding\malicious\1532.ps1,ASCII Encoding,malicious,malicious,TP,True,True,0.985,0.985,0.985,0.985,1.0,malicious,C:\\TA\\project-ta\\data_spliting\\test_set_obf\\ASCII_Encoding\\malicious\\1532.ps1
15,C:\TA\project-ta\data_spliting\test_set_obf\String_Concatenation\malicious\1532.ps1,String Concatenation,malicious,malicious,TP,True,True,0.9975,0.9975,0.9975,0.9975,1.0,malicious,C:\\TA\\project-ta\\data_spliting\\test_set_obf\\String_Concatenation\\malicious\\1532.ps1
15,C:\TA\project-ta\data_spliting\test_set_obf\String_Reordering\malicious\1532.ps1,String Reordering,malicious,malicious,TP,True,True,0.9973000000000001,0.9973000000000001,0.9973000000000001,0.9973000000000001,1.0,malicious,C:\\TA\\project-ta\\data_spliting\\test_set_obf\\String_Reordering\\malicious\\1532.ps1
15,C:\TA\project-ta\data_spliting\test_set_obf\Token_Manipulation\malicious\1532.ps1,Token Manipulation,malicious,malicious,TP,True,True,0.9972000000000001,0.9972000000000001,0.9972000000000001,0.9972000000000001,1.0,malicious,C:\\TA\\project-ta\\data_spliting\\test_set_obf\\Token_Manipulation\\malicious\\1532.ps1
15,C:\TA\project-ta\data_spliting\test_set\malicious\1579.ps1,Original Malicious,malicious,malicious,TP,True,True,0.9784,0.9784,0.9784,0.9784,1.0,malicious,C:\\TA\\project-ta\\data_spliting\\test_set\\malicious\\1579.ps1
15,C:\TA\project-ta\data_spliting\test_set_obf\ASCII_Encoding\malicious\1579.ps1,ASCII Encoding,malicious,malicious,TP,True,True,0.9869,0.9869,0.9869,0.9869,1.0,malicious,C:\\TA\\project-ta\\data_spliting\\test_set_obf\\ASCII_Encoding\\malicious\\1579.ps1
15,C:\TA\project-ta\data_spliting\test_set_obf\String_Concatenation\malicious\1579.ps1,String Concatenation,malicious,malicious,TP,True,True,0.9925,0.9925,0.9925,0.9925,1.0,malicious,C:\\TA\\project-ta\\data_spliting\\test_set_obf\\String_Concatenation\\malicious\\1579.ps1
15,C:\TA\project-ta\data_spliting\test_set_obf\String_Reordering\malicious\1579.ps1,String Reordering,malicious,malicious,TP,True,True,0.9931000000000001,0.9931000000000001,0.9931000000000001,0.9931000000000001,1.0,malicious,C:\\TA\\project-ta\\data_spliting\\test_set_obf\\String_Reordering\\malicious\\1579.ps1
15,C:\TA\project-ta\data_spliting\test_set_obf\Token_Manipulation\malicious\1579.ps1,Token Manipulation,malicious,malicious,TP,True,True,0.9851000000000001,0.9851000000000001,0.9851000000000001,0.9851000000000001,1.0,malicious,C:\\TA\\project-ta\\data_spliting\\test_set_obf\\Token_Manipulation\\malicious\\1579.ps1
15,C:\TA\project-ta\data_spliting\test_set\malicious\1585.ps1,Original Malicious,malicious,malicious,TP,True,True,0.9876,0.9876,0.9876,0.9876,1.0,malicious,C:\\TA\\project-ta\\data_spliting\\test_set\\malicious\\1585.ps1
15,C:\TA\project-ta\data_spliting\test_set_obf\ASCII_Encoding\malicious\1585.ps1,ASCII Encoding,malicious,malicious,TP,True,True,0.9898,0.9898,0.9898,0.9898,1.0,malicious,C:\\TA\\project-ta\\data_spliting\\test_set_obf\\ASCII_Encoding\\malicious\\1585.ps1
15,C:\TA\project-ta\data_spliting\test_set_obf\String_Concatenation\malicious\1585.ps1,String Concatenation,malicious,malicious,TP,True,True,0.9914000000000001,0.9914000000000001,0.9914000000000001,0.9914000000000001,1.0,malicious,C:\\TA\\project-ta\\data_spliting\\test_set_obf\\String_Concatenation\\malicious\\1585.ps1
15,C:\TA\project-ta\data_spliting\test_set_obf\String_Reordering\malicious\1585.ps1,String Reordering,malicious,malicious,TP,True,True,0.9906,0.9906,0.9906,0.9906,1.0,malicious,C:\\TA\\project-ta\\data_spliting\\test_set_obf\\String_Reordering\\malicious\\1585.ps1
15,C:\TA\project-ta\data_spliting\test_set_obf\Token_Manipulation\malicious\1585.ps1,Token Manipulation,malicious,malicious,TP,True,True,0.9905,0.9905,0.9905,0.9905,1.0,malicious,C:\\TA\\project-ta\\data_spliting\\test_set_obf\\Token_Manipulation\\malicious\\1585.ps1
15,C:\TA\project-ta\data_spliting\test_set\malicious\1588.ps1,Original Malicious,malicious,malicious,TP,True,True,0.9972000000000001,0.9972000000000001,0.9972000000000001,0.9972000000000001,1.0,malicious,C:\\TA\\project-ta\\data_spliting\\test_set\\malicious\\1588.ps1
15,C:\TA\project-ta\data_spliting\test_set_obf\ASCII_Encoding\malicious\1588.ps1,ASCII Encoding,malicious,malicious,TP,True,True,0.9845,0.9845,0.9845,0.9845,1.0,malicious,C:\\TA\\project-ta\\data_spliting\\test_set_obf\\ASCII_Encoding\\malicious\\1588.ps1
15,C:\TA\project-ta\data_spliting\test_set_obf\String_Concatenation\malicious\1588.ps1,String Concatenation,malicious,malicious,TP,True,True,0.9976,0.9976,0.9976,0.9976,1.0,malicious,C:\\TA\\project-ta\\data_spliting\\test_set_obf\\String_Concatenation\\malicious\\1588.ps1
15,C:\TA\project-ta\data_spliting\test_set_obf\String_Reordering\malicious\1588.ps1,String Reordering,malicious,malicious,TP,True,True,0.9966,0.9966,0.9966,0.9966,1.0,malicious,C:\\TA\\project-ta\\data_spliting\\test_set_obf\\String_Reordering\\malicious\\1588.ps1
15,C:\TA\project-ta\data_spliting\test_set_obf\Token_Manipulation\malicious\1588.ps1,Token Manipulation,malicious,malicious,TP,True,True,0.9972000000000001,0.9972000000000001,0.9972000000000001,0.9972000000000001,1.0,malicious,C:\\TA\\project-ta\\data_spliting\\test_set_obf\\Token_Manipulation\\malicious\\1588.ps1
15,C:\TA\project-ta\data_spliting\test_set\malicious\1590.ps1,Original Malicious,malicious,malicious,TP,True,True,0.9972000000000001,0.9972000000000001,0.9972000000000001,0.9972000000000001,1.0,malicious,C:\\TA\\project-ta\\data_spliting\\test_set\\malicious\\1590.ps1
15,C:\TA\project-ta\data_spliting\test_set_obf\ASCII_Encoding\malicious\1590.ps1,ASCII Encoding,malicious,malicious,TP,True,True,0.9864,0.9864,0.9864,0.9864,1.0,malicious,C:\\TA\\project-ta\\data_spliting\\test_set_obf\\ASCII_Encoding\\malicious\\1590.ps1
15,C:\TA\project-ta\data_spliting\test_set_obf\String_Concatenation\malicious\1590.ps1,String Concatenation,malicious,malicious,TP,True,True,0.9976,0.9976,0.9976,0.9976,1.0,malicious,C:\\TA\\project-ta\\data_spliting\\test_set_obf\\String_Concatenation\\malicious\\1590.ps1
15,C:\TA\project-ta\data_spliting\test_set_obf\String_Reordering\malicious\1590.ps1,String Reordering,malicious,malicious,TP,True,True,0.9976,0.9976,0.9976,0.9976,1.0,malicious,C:\\TA\\project-ta\\data_spliting\\test_set_obf\\String_Reordering\\malicious\\1590.ps1
15,C:\TA\project-ta\data_spliting\test_set_obf\Token_Manipulation\malicious\1590.ps1,Token Manipulation,malicious,malicious,TP,True,True,0.9972000000000001,0.9972000000000001,0.9972000000000001,0.9972000000000001,1.0,malicious,C:\\TA\\project-ta\\data_spliting\\test_set_obf\\Token_Manipulation\\malicious\\1590.ps1
15,C:\TA\project-ta\data_spliting\test_set\malicious\1602.ps1,Original Malicious,malicious,malicious,TP,True,True,0.9972000000000001,0.9972000000000001,0.9972000000000001,0.9972000000000001,1.0,malicious,C:\\TA\\project-ta\\data_spliting\\test_set\\malicious\\1602.ps1
15,C:\TA\project-ta\data_spliting\test_set_obf\ASCII_Encoding\malicious\1602.ps1,ASCII Encoding,malicious,malicious,TP,True,True,0.9831000000000001,0.9831000000000001,0.9831000000000001,0.9831000000000001,1.0,malicious,C:\\TA\\project-ta\\data_spliting\\test_set_obf\\ASCII_Encoding\\malicious\\1602.ps1
15,C:\TA\project-ta\data_spliting\test_set_obf\String_Concatenation\malicious\1602.ps1,String Concatenation,malicious,malicious,TP,True,True,0.9976,0.9976,0.9976,0.9976,1.0,malicious,C:\\TA\\project-ta\\data_spliting\\test_set_obf\\String_Concatenation\\malicious\\1602.ps1
15,C:\TA\project-ta\data_spliting\test_set_obf\String_Reordering\malicious\1602.ps1,String Reordering,malicious,malicious,TP,True,True,0.9976,0.9976,0.9976,0.9976,1.0,malicious,C:\\TA\\project-ta\\data_spliting\\test_set_obf\\String_Reordering\\malicious\\1602.ps1
15,C:\TA\project-ta\data_spliting\test_set_obf\Token_Manipulation\malicious\1602.ps1,Token Manipulation,malicious,malicious,TP,True,True,0.9972000000000001,0.9972000000000001,0.9972000000000001,0.9972000000000001,1.0,malicious,C:\\TA\\project-ta\\data_spliting\\test_set_obf\\Token_Manipulation\\malicious\\1602.ps1
15,C:\TA\project-ta\data_spliting\test_set\malicious\1604.ps1,Original Malicious,malicious,benign,FN,False,True,0.25220000000000004,0.25220000000000004,0.21195000000000003,0.17170000000000002,2.0,benign,C:\\TA\\project-ta\\data_spliting\\test_set\\malicious\\1604.ps1
15,C:\TA\project-ta\data_spliting\test_set_obf\ASCII_Encoding\malicious\1604.ps1,ASCII Encoding,malicious,malicious,TP,True,True,0.9797,0.9797,0.9797,0.9797,1.0,malicious,C:\\TA\\project-ta\\data_spliting\\test_set_obf\\ASCII_Encoding\\malicious\\1604.ps1
15,C:\TA\project-ta\data_spliting\test_set_obf\String_Concatenation\malicious\1604.ps1,String Concatenation,malicious,malicious,TP,True,True,0.9779,0.9779,0.9779,0.9779,1.0,malicious,C:\\TA\\project-ta\\data_spliting\\test_set_obf\\String_Concatenation\\malicious\\1604.ps1
15,C:\TA\project-ta\data_spliting\test_set_obf\String_Reordering\malicious\1604.ps1,String Reordering,malicious,malicious,TP,True,True,0.9783000000000001,0.9783000000000001,0.9783000000000001,0.9783000000000001,1.0,malicious,C:\\TA\\project-ta\\data_spliting\\test_set_obf\\String_Reordering\\malicious\\1604.ps1
15,C:\TA\project-ta\data_spliting\test_set_obf\Token_Manipulation\malicious\1604.ps1,Token Manipulation,malicious,malicious,TP,True,True,0.5156000000000001,0.5156000000000001,0.39585000000000004,0.2761,2.0,"malicious, benign",C:\\TA\\project-ta\\data_spliting\\test_set_obf\\Token_Manipulation\\malicious\\1604.ps1
15,C:\TA\project-ta\data_spliting\test_set\malicious\1614.ps1,Original Malicious,malicious,malicious,TP,True,True,0.9876,0.9876,0.9876,0.9876,1.0,malicious,C:\\TA\\project-ta\\data_spliting\\test_set\\malicious\\1614.ps1
15,C:\TA\project-ta\data_spliting\test_set_obf\ASCII_Encoding\malicious\1614.ps1,ASCII Encoding,malicious,malicious,TP,True,True,0.964,0.964,0.964,0.964,1.0,malicious,C:\\TA\\project-ta\\data_spliting\\test_set_obf\\ASCII_Encoding\\malicious\\1614.ps1
15,C:\TA\project-ta\data_spliting\test_set_obf\String_Concatenation\malicious\1614.ps1,String Concatenation,malicious,malicious,TP,True,True,0.9925,0.9925,0.9925,0.9925,1.0,malicious,C:\\TA\\project-ta\\data_spliting\\test_set_obf\\String_Concatenation\\malicious\\1614.ps1
15,C:\TA\project-ta\data_spliting\test_set_obf\String_Reordering\malicious\1614.ps1,String Reordering,malicious,malicious,TP,True,True,0.993,0.993,0.993,0.993,1.0,malicious,C:\\TA\\project-ta\\data_spliting\\test_set_obf\\String_Reordering\\malicious\\1614.ps1
15,C:\TA\project-ta\data_spliting\test_set_obf\Token_Manipulation\malicious\1614.ps1,Token Manipulation,malicious,malicious,TP,True,True,0.9905,0.9905,0.9905,0.9905,1.0,malicious,C:\\TA\\project-ta\\data_spliting\\test_set_obf\\Token_Manipulation\\malicious\\1614.ps1
15,C:\TA\project-ta\data_spliting\test_set\malicious\1619.ps1,Original Malicious,malicious,malicious,TP,True,True,0.9784,0.9784,0.9784,0.9784,1.0,malicious,C:\\TA\\project-ta\\data_spliting\\test_set\\malicious\\1619.ps1
15,C:\TA\project-ta\data_spliting\test_set_obf\ASCII_Encoding\malicious\1619.ps1,ASCII Encoding,malicious,malicious,TP,True,True,0.8894000000000001,0.8894000000000001,0.8894000000000001,0.8894000000000001,1.0,malicious,C:\\TA\\project-ta\\data_spliting\\test_set_obf\\ASCII_Encoding\\malicious\\1619.ps1
15,C:\TA\project-ta\data_spliting\test_set_obf\String_Concatenation\malicious\1619.ps1,String Concatenation,malicious,malicious,TP,True,True,0.9929,0.9929,0.9929,0.9929,1.0,malicious,C:\\TA\\project-ta\\data_spliting\\test_set_obf\\String_Concatenation\\malicious\\1619.ps1
15,C:\TA\project-ta\data_spliting\test_set_obf\String_Reordering\malicious\1619.ps1,String Reordering,malicious,malicious,TP,True,True,0.8441000000000001,0.8441000000000001,0.8441000000000001,0.8441000000000001,1.0,malicious,C:\\TA\\project-ta\\data_spliting\\test_set_obf\\String_Reordering\\malicious\\1619.ps1
15,C:\TA\project-ta\data_spliting\test_set_obf\Token_Manipulation\malicious\1619.ps1,Token Manipulation,malicious,malicious,TP,True,True,0.9849,0.9849,0.9849,0.9849,1.0,malicious,C:\\TA\\project-ta\\data_spliting\\test_set_obf\\Token_Manipulation\\malicious\\1619.ps1
15,C:\TA\project-ta\data_spliting\test_set\malicious\1666.ps1,Original Malicious,malicious,malicious,TP,True,True,0.9972000000000001,0.9972000000000001,0.9972000000000001,0.9972000000000001,1.0,malicious,C:\\TA\\project-ta\\data_spliting\\test_set\\malicious\\1666.ps1
15,C:\TA\project-ta\data_spliting\test_set_obf\ASCII_Encoding\malicious\1666.ps1,ASCII Encoding,malicious,malicious,TP,True,True,0.9757,0.9757,0.9757,0.9757,1.0,malicious,C:\\TA\\project-ta\\data_spliting\\test_set_obf\\ASCII_Encoding\\malicious\\1666.ps1
15,C:\TA\project-ta\data_spliting\test_set_obf\String_Concatenation\malicious\1666.ps1,String Concatenation,malicious,malicious,TP,True,True,0.9976,0.9976,0.9976,0.9976,1.0,malicious,C:\\TA\\project-ta\\data_spliting\\test_set_obf\\String_Concatenation\\malicious\\1666.ps1
15,C:\TA\project-ta\data_spliting\test_set_obf\String_Reordering\malicious\1666.ps1,String Reordering,malicious,malicious,TP,True,True,0.9976,0.9976,0.9976,0.9976,1.0,malicious,C:\\TA\\project-ta\\data_spliting\\test_set_obf\\String_Reordering\\malicious\\1666.ps1
15,C:\TA\project-ta\data_spliting\test_set_obf\Token_Manipulation\malicious\1666.ps1,Token Manipulation,malicious,malicious,TP,True,True,0.9972000000000001,0.9972000000000001,0.9972000000000001,0.9972000000000001,1.0,malicious,C:\\TA\\project-ta\\data_spliting\\test_set_obf\\Token_Manipulation\\malicious\\1666.ps1
15,C:\TA\project-ta\data_spliting\test_set\malicious\1671.ps1,Original Malicious,malicious,malicious,TP,True,True,0.9972000000000001,0.9972000000000001,0.9972000000000001,0.9972000000000001,1.0,malicious,C:\\TA\\project-ta\\data_spliting\\test_set\\malicious\\1671.ps1
15,C:\TA\project-ta\data_spliting\test_set_obf\ASCII_Encoding\malicious\1671.ps1,ASCII Encoding,malicious,malicious,TP,True,True,0.9919,0.9919,0.9919,0.9919,1.0,malicious,C:\\TA\\project-ta\\data_spliting\\test_set_obf\\ASCII_Encoding\\malicious\\1671.ps1
15,C:\TA\project-ta\data_spliting\test_set_obf\String_Concatenation\malicious\1671.ps1,String Concatenation,malicious,malicious,TP,True,True,0.9976,0.9976,0.9976,0.9976,1.0,malicious,C:\\TA\\project-ta\\data_spliting\\test_set_obf\\String_Concatenation\\malicious\\1671.ps1
15,C:\TA\project-ta\data_spliting\test_set_obf\String_Reordering\malicious\1671.ps1,String Reordering,malicious,malicious,TP,True,True,0.9976,0.9976,0.9976,0.9976,1.0,malicious,C:\\TA\\project-ta\\data_spliting\\test_set_obf\\String_Reordering\\malicious\\1671.ps1
15,C:\TA\project-ta\data_spliting\test_set_obf\Token_Manipulation\malicious\1671.ps1,Token Manipulation,malicious,malicious,TP,True,True,0.9972000000000001,0.9972000000000001,0.9972000000000001,0.9972000000000001,1.0,malicious,C:\\TA\\project-ta\\data_spliting\\test_set_obf\\Token_Manipulation\\malicious\\1671.ps1
15,C:\TA\project-ta\data_spliting\test_set\malicious\1672.ps1,Original Malicious,malicious,malicious,TP,True,True,0.9972000000000001,0.9972000000000001,0.9972000000000001,0.9972000000000001,1.0,malicious,C:\\TA\\project-ta\\data_spliting\\test_set\\malicious\\1672.ps1
15,C:\TA\project-ta\data_spliting\test_set_obf\ASCII_Encoding\malicious\1672.ps1,ASCII Encoding,malicious,malicious,TP,True,True,0.9753000000000001,0.9753000000000001,0.9753000000000001,0.9753000000000001,1.0,malicious,C:\\TA\\project-ta\\data_spliting\\test_set_obf\\ASCII_Encoding\\malicious\\1672.ps1
15,C:\TA\project-ta\data_spliting\test_set_obf\String_Concatenation\malicious\1672.ps1,String Concatenation,malicious,malicious,TP,True,True,0.9976,0.9976,0.9976,0.9976,1.0,malicious,C:\\TA\\project-ta\\data_spliting\\test_set_obf\\String_Concatenation\\malicious\\1672.ps1
15,C:\TA\project-ta\data_spliting\test_set_obf\String_Reordering\malicious\1672.ps1,String Reordering,malicious,malicious,TP,True,True,0.9976,0.9976,0.9976,0.9976,1.0,malicious,C:\\TA\\project-ta\\data_spliting\\test_set_obf\\String_Reordering\\malicious\\1672.ps1
15,C:\TA\project-ta\data_spliting\test_set_obf\Token_Manipulation\malicious\1672.ps1,Token Manipulation,malicious,malicious,TP,True,True,0.9972000000000001,0.9972000000000001,0.9972000000000001,0.9972000000000001,1.0,malicious,C:\\TA\\project-ta\\data_spliting\\test_set_obf\\Token_Manipulation\\malicious\\1672.ps1
15,C:\TA\project-ta\data_spliting\test_set\malicious\1678.ps1,Original Malicious,malicious,malicious,TP,True,True,0.9972000000000001,0.9972000000000001,0.9972000000000001,0.9972000000000001,1.0,malicious,C:\\TA\\project-ta\\data_spliting\\test_set\\malicious\\1678.ps1
15,C:\TA\project-ta\data_spliting\test_set_obf\ASCII_Encoding\malicious\1678.ps1,ASCII Encoding,malicious,malicious,TP,True,True,0.9867,0.9867,0.9867,0.9867,1.0,malicious,C:\\TA\\project-ta\\data_spliting\\test_set_obf\\ASCII_Encoding\\malicious\\1678.ps1
15,C:\TA\project-ta\data_spliting\test_set_obf\String_Concatenation\malicious\1678.ps1,String Concatenation,malicious,malicious,TP,True,True,0.9976,0.9976,0.9976,0.9976,1.0,malicious,C:\\TA\\project-ta\\data_spliting\\test_set_obf\\String_Concatenation\\malicious\\1678.ps1
15,C:\TA\project-ta\data_spliting\test_set_obf\String_Reordering\malicious\1678.ps1,String Reordering,malicious,malicious,TP,True,True,0.9976,0.9976,0.9976,0.9976,1.0,malicious,C:\\TA\\project-ta\\data_spliting\\test_set_obf\\String_Reordering\\malicious\\1678.ps1
15,C:\TA\project-ta\data_spliting\test_set_obf\Token_Manipulation\malicious\1678.ps1,Token Manipulation,malicious,malicious,TP,True,True,0.9972000000000001,0.9972000000000001,0.9972000000000001,0.9972000000000001,1.0,malicious,C:\\TA\\project-ta\\data_spliting\\test_set_obf\\Token_Manipulation\\malicious\\1678.ps1
15,C:\TA\project-ta\data_spliting\test_set\malicious\1681.ps1,Original Malicious,malicious,malicious,TP,True,True,0.9972000000000001,0.9972000000000001,0.9972000000000001,0.9972000000000001,1.0,malicious,C:\\TA\\project-ta\\data_spliting\\test_set\\malicious\\1681.ps1
15,C:\TA\project-ta\data_spliting\test_set_obf\ASCII_Encoding\malicious\1681.ps1,ASCII Encoding,malicious,malicious,TP,True,True,0.983,0.983,0.983,0.983,1.0,malicious,C:\\TA\\project-ta\\data_spliting\\test_set_obf\\ASCII_Encoding\\malicious\\1681.ps1
15,C:\TA\project-ta\data_spliting\test_set_obf\String_Concatenation\malicious\1681.ps1,String Concatenation,malicious,malicious,TP,True,True,0.9976,0.9976,0.9976,0.9976,1.0,malicious,C:\\TA\\project-ta\\data_spliting\\test_set_obf\\String_Concatenation\\malicious\\1681.ps1
15,C:\TA\project-ta\data_spliting\test_set_obf\String_Reordering\malicious\1681.ps1,String Reordering,malicious,malicious,TP,True,True,0.9973000000000001,0.9973000000000001,0.9973000000000001,0.9973000000000001,1.0,malicious,C:\\TA\\project-ta\\data_spliting\\test_set_obf\\String_Reordering\\malicious\\1681.ps1
15,C:\TA\project-ta\data_spliting\test_set_obf\Token_Manipulation\malicious\1681.ps1,Token Manipulation,malicious,malicious,TP,True,True,0.9972000000000001,0.9972000000000001,0.9972000000000001,0.9972000000000001,1.0,malicious,C:\\TA\\project-ta\\data_spliting\\test_set_obf\\Token_Manipulation\\malicious\\1681.ps1
15,C:\TA\project-ta\data_spliting\test_set\malicious\1690.ps1,Original Malicious,malicious,malicious,TP,True,True,0.9972000000000001,0.9972000000000001,0.9972000000000001,0.9972000000000001,1.0,malicious,C:\\TA\\project-ta\\data_spliting\\test_set\\malicious\\1690.ps1
15,C:\TA\project-ta\data_spliting\test_set_obf\ASCII_Encoding\malicious\1690.ps1,ASCII Encoding,malicious,malicious,TP,True,True,0.9398000000000001,0.9398000000000001,0.9398000000000001,0.9398000000000001,1.0,malicious,C:\\TA\\project-ta\\data_spliting\\test_set_obf\\ASCII_Encoding\\malicious\\1690.ps1
15,C:\TA\project-ta\data_spliting\test_set_obf\String_Concatenation\malicious\1690.ps1,String Concatenation,malicious,malicious,TP,True,True,0.9976,0.9976,0.9976,0.9976,1.0,malicious,C:\\TA\\project-ta\\data_spliting\\test_set_obf\\String_Concatenation\\malicious\\1690.ps1
15,C:\TA\project-ta\data_spliting\test_set_obf\String_Reordering\malicious\1690.ps1,String Reordering,malicious,malicious,TP,True,True,0.9976,0.9976,0.9976,0.9976,1.0,malicious,C:\\TA\\project-ta\\data_spliting\\test_set_obf\\String_Reordering\\malicious\\1690.ps1
15,C:\TA\project-ta\data_spliting\test_set_obf\Token_Manipulation\malicious\1690.ps1,Token Manipulation,malicious,malicious,TP,True,True,0.9972000000000001,0.9972000000000001,0.9972000000000001,0.9972000000000001,1.0,malicious,C:\\TA\\project-ta\\data_spliting\\test_set_obf\\Token_Manipulation\\malicious\\1690.ps1
15,C:\TA\project-ta\data_spliting\test_set\malicious\1707.ps1,Original Malicious,malicious,malicious,TP,True,True,0.9972000000000001,0.9972000000000001,0.9972000000000001,0.9972000000000001,1.0,malicious,C:\\TA\\project-ta\\data_spliting\\test_set\\malicious\\1707.ps1
15,C:\TA\project-ta\data_spliting\test_set_obf\ASCII_Encoding\malicious\1707.ps1,ASCII Encoding,malicious,malicious,TP,True,True,0.9881000000000001,0.9881000000000001,0.9881000000000001,0.9881000000000001,1.0,malicious,C:\\TA\\project-ta\\data_spliting\\test_set_obf\\ASCII_Encoding\\malicious\\1707.ps1
15,C:\TA\project-ta\data_spliting\test_set_obf\String_Concatenation\malicious\1707.ps1,String Concatenation,malicious,malicious,TP,True,True,0.9976,0.9976,0.9976,0.9976,1.0,malicious,C:\\TA\\project-ta\\data_spliting\\test_set_obf\\String_Concatenation\\malicious\\1707.ps1
15,C:\TA\project-ta\data_spliting\test_set_obf\String_Reordering\malicious\1707.ps1,String Reordering,malicious,malicious,TP,True,True,0.9976,0.9976,0.9976,0.9976,1.0,malicious,C:\\TA\\project-ta\\data_spliting\\test_set_obf\\String_Reordering\\malicious\\1707.ps1
15,C:\TA\project-ta\data_spliting\test_set_obf\Token_Manipulation\malicious\1707.ps1,Token Manipulation,malicious,malicious,TP,True,True,0.9972000000000001,0.9972000000000001,0.9972000000000001,0.9972000000000001,1.0,malicious,C:\\TA\\project-ta\\data_spliting\\test_set_obf\\Token_Manipulation\\malicious\\1707.ps1
15,C:\TA\project-ta\data_spliting\test_set\malicious\1727.ps1,Original Malicious,malicious,malicious,TP,True,True,0.9931000000000001,0.9931000000000001,0.9931000000000001,0.9931000000000001,1.0,malicious,C:\\TA\\project-ta\\data_spliting\\test_set\\malicious\\1727.ps1
15,C:\TA\project-ta\data_spliting\test_set_obf\ASCII_Encoding\malicious\1727.ps1,ASCII Encoding,malicious,malicious,TP,True,True,0.9842000000000001,0.9842000000000001,0.9842000000000001,0.9842000000000001,1.0,malicious,C:\\TA\\project-ta\\data_spliting\\test_set_obf\\ASCII_Encoding\\malicious\\1727.ps1
15,C:\TA\project-ta\data_spliting\test_set_obf\String_Concatenation\malicious\1727.ps1,String Concatenation,malicious,malicious,TP,True,True,0.9942000000000001,0.9942000000000001,0.9942000000000001,0.9942000000000001,1.0,malicious,C:\\TA\\project-ta\\data_spliting\\test_set_obf\\String_Concatenation\\malicious\\1727.ps1
15,C:\TA\project-ta\data_spliting\test_set_obf\String_Reordering\malicious\1727.ps1,String Reordering,malicious,malicious,TP,True,True,0.9966,0.9966,0.9966,0.9966,1.0,malicious,C:\\TA\\project-ta\\data_spliting\\test_set_obf\\String_Reordering\\malicious\\1727.ps1
15,C:\TA\project-ta\data_spliting\test_set_obf\Token_Manipulation\malicious\1727.ps1,Token Manipulation,malicious,malicious,TP,True,True,0.9939,0.9939,0.9939,0.9939,1.0,malicious,C:\\TA\\project-ta\\data_spliting\\test_set_obf\\Token_Manipulation\\malicious\\1727.ps1
15,C:\TA\project-ta\data_spliting\test_set\malicious\1730.ps1,Original Malicious,malicious,malicious,TP,True,True,0.9972000000000001,0.9972000000000001,0.9972000000000001,0.9972000000000001,1.0,malicious,C:\\TA\\project-ta\\data_spliting\\test_set\\malicious\\1730.ps1
15,C:\TA\project-ta\data_spliting\test_set_obf\ASCII_Encoding\malicious\1730.ps1,ASCII Encoding,malicious,malicious,TP,True,True,0.9919,0.9919,0.9919,0.9919,1.0,malicious,C:\\TA\\project-ta\\data_spliting\\test_set_obf\\ASCII_Encoding\\malicious\\1730.ps1
15,C:\TA\project-ta\data_spliting\test_set_obf\String_Concatenation\malicious\1730.ps1,String Concatenation,malicious,malicious,TP,True,True,0.9976,0.9976,0.9976,0.9976,1.0,malicious,C:\\TA\\project-ta\\data_spliting\\test_set_obf\\String_Concatenation\\malicious\\1730.ps1
15,C:\TA\project-ta\data_spliting\test_set_obf\String_Reordering\malicious\1730.ps1,String Reordering,malicious,malicious,TP,True,True,0.9966,0.9966,0.9966,0.9966,1.0,malicious,C:\\TA\\project-ta\\data_spliting\\test_set_obf\\String_Reordering\\malicious\\1730.ps1
15,C:\TA\project-ta\data_spliting\test_set_obf\Token_Manipulation\malicious\1730.ps1,Token Manipulation,malicious,malicious,TP,True,True,0.9972000000000001,0.9972000000000001,0.9972000000000001,0.9972000000000001,1.0,malicious,C:\\TA\\project-ta\\data_spliting\\test_set_obf\\Token_Manipulation\\malicious\\1730.ps1
15,C:\TA\project-ta\data_spliting\test_set\malicious\1733.ps1,Original Malicious,malicious,malicious,TP,True,True,0.9972000000000001,0.9972000000000001,0.9972000000000001,0.9972000000000001,1.0,malicious,C:\\TA\\project-ta\\data_spliting\\test_set\\malicious\\1733.ps1
15,C:\TA\project-ta\data_spliting\test_set_obf\ASCII_Encoding\malicious\1733.ps1,ASCII Encoding,malicious,malicious,TP,True,True,0.9927,0.9927,0.9927,0.9927,1.0,malicious,C:\\TA\\project-ta\\data_spliting\\test_set_obf\\ASCII_Encoding\\malicious\\1733.ps1
15,C:\TA\project-ta\data_spliting\test_set_obf\String_Concatenation\malicious\1733.ps1,String Concatenation,malicious,malicious,TP,True,True,0.9976,0.9976,0.9976,0.9976,1.0,malicious,C:\\TA\\project-ta\\data_spliting\\test_set_obf\\String_Concatenation\\malicious\\1733.ps1
15,C:\TA\project-ta\data_spliting\test_set_obf\String_Reordering\malicious\1733.ps1,String Reordering,malicious,malicious,TP,True,True,0.9976,0.9976,0.9976,0.9976,1.0,malicious,C:\\TA\\project-ta\\data_spliting\\test_set_obf\\String_Reordering\\malicious\\1733.ps1
15,C:\TA\project-ta\data_spliting\test_set_obf\Token_Manipulation\malicious\1733.ps1,Token Manipulation,malicious,malicious,TP,True,True,0.9972000000000001,0.9972000000000001,0.9972000000000001,0.9972000000000001,1.0,malicious,C:\\TA\\project-ta\\data_spliting\\test_set_obf\\Token_Manipulation\\malicious\\1733.ps1
15,C:\TA\project-ta\data_spliting\test_set\malicious\174.ps1,Original Malicious,malicious,malicious,TP,True,True,0.9972000000000001,0.9972000000000001,0.9972000000000001,0.9972000000000001,1.0,malicious,C:\\TA\\project-ta\\data_spliting\\test_set\\malicious\\174.ps1
15,C:\TA\project-ta\data_spliting\test_set_obf\ASCII_Encoding\malicious\174.ps1,ASCII Encoding,malicious,malicious,TP,True,True,0.9904000000000001,0.9904000000000001,0.9904000000000001,0.9904000000000001,1.0,malicious,C:\\TA\\project-ta\\data_spliting\\test_set_obf\\ASCII_Encoding\\malicious\\174.ps1
15,C:\TA\project-ta\data_spliting\test_set_obf\String_Concatenation\malicious\174.ps1,String Concatenation,malicious,malicious,TP,True,True,0.9976,0.9976,0.9976,0.9976,1.0,malicious,C:\\TA\\project-ta\\data_spliting\\test_set_obf\\String_Concatenation\\malicious\\174.ps1
15,C:\TA\project-ta\data_spliting\test_set_obf\String_Reordering\malicious\174.ps1,String Reordering,malicious,malicious,TP,True,True,0.9976,0.9976,0.9976,0.9976,1.0,malicious,C:\\TA\\project-ta\\data_spliting\\test_set_obf\\String_Reordering\\malicious\\174.ps1
15,C:\TA\project-ta\data_spliting\test_set_obf\Token_Manipulation\malicious\174.ps1,Token Manipulation,malicious,malicious,TP,True,True,0.9972000000000001,0.9972000000000001,0.9972000000000001,0.9972000000000001,1.0,malicious,C:\\TA\\project-ta\\data_spliting\\test_set_obf\\Token_Manipulation\\malicious\\174.ps1
15,C:\TA\project-ta\data_spliting\test_set\malicious\1741.ps1,Original Malicious,malicious,malicious,TP,True,True,0.9972000000000001,0.9972000000000001,0.9972000000000001,0.9972000000000001,1.0,malicious,C:\\TA\\project-ta\\data_spliting\\test_set\\malicious\\1741.ps1
15,C:\TA\project-ta\data_spliting\test_set_obf\ASCII_Encoding\malicious\1741.ps1,ASCII Encoding,malicious,malicious,TP,True,True,0.9187000000000001,0.9187000000000001,0.9187000000000001,0.9187000000000001,1.0,malicious,C:\\TA\\project-ta\\data_spliting\\test_set_obf\\ASCII_Encoding\\malicious\\1741.ps1
15,C:\TA\project-ta\data_spliting\test_set_obf\String_Concatenation\malicious\1741.ps1,String Concatenation,malicious,malicious,TP,True,True,0.9976,0.9976,0.9976,0.9976,1.0,malicious,C:\\TA\\project-ta\\data_spliting\\test_set_obf\\String_Concatenation\\malicious\\1741.ps1
15,C:\TA\project-ta\data_spliting\test_set_obf\String_Reordering\malicious\1741.ps1,String Reordering,malicious,malicious,TP,True,True,0.9973000000000001,0.9973000000000001,0.9973000000000001,0.9973000000000001,1.0,malicious,C:\\TA\\project-ta\\data_spliting\\test_set_obf\\String_Reordering\\malicious\\1741.ps1
15,C:\TA\project-ta\data_spliting\test_set_obf\Token_Manipulation\malicious\1741.ps1,Token Manipulation,malicious,malicious,TP,True,True,0.9972000000000001,0.9972000000000001,0.9972000000000001,0.9972000000000001,1.0,malicious,C:\\TA\\project-ta\\data_spliting\\test_set_obf\\Token_Manipulation\\malicious\\1741.ps1
15,C:\TA\project-ta\data_spliting\test_set\malicious\1754.ps1,Original Malicious,malicious,malicious,TP,True,True,0.9972000000000001,0.9972000000000001,0.9972000000000001,0.9972000000000001,1.0,malicious,C:\\TA\\project-ta\\data_spliting\\test_set\\malicious\\1754.ps1
15,C:\TA\project-ta\data_spliting\test_set_obf\ASCII_Encoding\malicious\1754.ps1,ASCII Encoding,malicious,malicious,TP,True,True,0.9776,0.9776,0.9776,0.9776,1.0,malicious,C:\\TA\\project-ta\\data_spliting\\test_set_obf\\ASCII_Encoding\\malicious\\1754.ps1
15,C:\TA\project-ta\data_spliting\test_set_obf\String_Concatenation\malicious\1754.ps1,String Concatenation,malicious,malicious,TP,True,True,0.9976,0.9976,0.9976,0.9976,1.0,malicious,C:\\TA\\project-ta\\data_spliting\\test_set_obf\\String_Concatenation\\malicious\\1754.ps1
15,C:\TA\project-ta\data_spliting\test_set_obf\String_Reordering\malicious\1754.ps1,String Reordering,malicious,malicious,TP,True,True,0.9976,0.9976,0.9976,0.9976,1.0,malicious,C:\\TA\\project-ta\\data_spliting\\test_set_obf\\String_Reordering\\malicious\\1754.ps1
15,C:\TA\project-ta\data_spliting\test_set_obf\Token_Manipulation\malicious\1754.ps1,Token Manipulation,malicious,malicious,TP,True,True,0.9972000000000001,0.9972000000000001,0.9972000000000001,0.9972000000000001,1.0,malicious,C:\\TA\\project-ta\\data_spliting\\test_set_obf\\Token_Manipulation\\malicious\\1754.ps1
15,C:\TA\project-ta\data_spliting\test_set\malicious\1764.ps1,Original Malicious,malicious,malicious,TP,True,True,0.9876,0.9876,0.9876,0.9876,1.0,malicious,C:\\TA\\project-ta\\data_spliting\\test_set\\malicious\\1764.ps1
15,C:\TA\project-ta\data_spliting\test_set_obf\ASCII_Encoding\malicious\1764.ps1,ASCII Encoding,malicious,malicious,TP,True,True,0.988,0.988,0.988,0.988,1.0,malicious,C:\\TA\\project-ta\\data_spliting\\test_set_obf\\ASCII_Encoding\\malicious\\1764.ps1
15,C:\TA\project-ta\data_spliting\test_set_obf\String_Concatenation\malicious\1764.ps1,String Concatenation,malicious,malicious,TP,True,True,0.9921000000000001,0.9921000000000001,0.9921000000000001,0.9921000000000001,1.0,malicious,C:\\TA\\project-ta\\data_spliting\\test_set_obf\\String_Concatenation\\malicious\\1764.ps1
15,C:\TA\project-ta\data_spliting\test_set_obf\String_Reordering\malicious\1764.ps1,String Reordering,malicious,malicious,TP,True,True,0.8481000000000001,0.8481000000000001,0.8481000000000001,0.8481000000000001,1.0,malicious,C:\\TA\\project-ta\\data_spliting\\test_set_obf\\String_Reordering\\malicious\\1764.ps1
15,C:\TA\project-ta\data_spliting\test_set_obf\Token_Manipulation\malicious\1764.ps1,Token Manipulation,malicious,malicious,TP,True,True,0.9905,0.9905,0.9905,0.9905,1.0,malicious,C:\\TA\\project-ta\\data_spliting\\test_set_obf\\Token_Manipulation\\malicious\\1764.ps1
15,C:\TA\project-ta\data_spliting\test_set\malicious\1810.ps1,Original Malicious,malicious,malicious,TP,True,True,0.9972000000000001,0.9972000000000001,0.9972000000000001,0.9972000000000001,1.0,malicious,C:\\TA\\project-ta\\data_spliting\\test_set\\malicious\\1810.ps1
15,C:\TA\project-ta\data_spliting\test_set_obf\ASCII_Encoding\malicious\1810.ps1,ASCII Encoding,malicious,malicious,TP,True,True,0.9555,0.9555,0.9555,0.9555,1.0,malicious,C:\\TA\\project-ta\\data_spliting\\test_set_obf\\ASCII_Encoding\\malicious\\1810.ps1
15,C:\TA\project-ta\data_spliting\test_set_obf\String_Concatenation\malicious\1810.ps1,String Concatenation,malicious,malicious,TP,True,True,0.9976,0.9976,0.9976,0.9976,1.0,malicious,C:\\TA\\project-ta\\data_spliting\\test_set_obf\\String_Concatenation\\malicious\\1810.ps1
15,C:\TA\project-ta\data_spliting\test_set_obf\String_Reordering\malicious\1810.ps1,String Reordering,malicious,malicious,TP,True,True,0.9976,0.9976,0.9976,0.9976,1.0,malicious,C:\\TA\\project-ta\\data_spliting\\test_set_obf\\String_Reordering\\malicious\\1810.ps1
15,C:\TA\project-ta\data_spliting\test_set_obf\Token_Manipulation\malicious\1810.ps1,Token Manipulation,malicious,malicious,TP,True,True,0.9972000000000001,0.9972000000000001,0.9972000000000001,0.9972000000000001,1.0,malicious,C:\\TA\\project-ta\\data_spliting\\test_set_obf\\Token_Manipulation\\malicious\\1810.ps1
15,C:\TA\project-ta\data_spliting\test_set\malicious\1811.ps1,Original Malicious,malicious,malicious,TP,True,True,0.9733,0.9733,0.9733,0.9733,1.0,malicious,C:\\TA\\project-ta\\data_spliting\\test_set\\malicious\\1811.ps1
15,C:\TA\project-ta\data_spliting\test_set_obf\ASCII_Encoding\malicious\1811.ps1,ASCII Encoding,malicious,malicious,TP,True,True,0.9872000000000001,0.9872000000000001,0.9872000000000001,0.9872000000000001,1.0,malicious,C:\\TA\\project-ta\\data_spliting\\test_set_obf\\ASCII_Encoding\\malicious\\1811.ps1
15,C:\TA\project-ta\data_spliting\test_set_obf\String_Concatenation\malicious\1811.ps1,String Concatenation,malicious,malicious,TP,True,True,0.9921000000000001,0.9921000000000001,0.9921000000000001,0.9921000000000001,1.0,malicious,C:\\TA\\project-ta\\data_spliting\\test_set_obf\\String_Concatenation\\malicious\\1811.ps1
15,C:\TA\project-ta\data_spliting\test_set_obf\String_Reordering\malicious\1811.ps1,String Reordering,malicious,malicious,TP,True,True,0.8711000000000001,0.8711000000000001,0.8711000000000001,0.8711000000000001,1.0,malicious,C:\\TA\\project-ta\\data_spliting\\test_set_obf\\String_Reordering\\malicious\\1811.ps1
15,C:\TA\project-ta\data_spliting\test_set_obf\Token_Manipulation\malicious\1811.ps1,Token Manipulation,malicious,malicious,TP,True,True,0.9869,0.9869,0.9869,0.9869,1.0,malicious,C:\\TA\\project-ta\\data_spliting\\test_set_obf\\Token_Manipulation\\malicious\\1811.ps1
15,C:\TA\project-ta\data_spliting\test_set\malicious\1822.ps1,Original Malicious,malicious,malicious,TP,True,True,0.9972000000000001,0.9972000000000001,0.9972000000000001,0.9972000000000001,1.0,malicious,C:\\TA\\project-ta\\data_spliting\\test_set\\malicious\\1822.ps1
15,C:\TA\project-ta\data_spliting\test_set_obf\ASCII_Encoding\malicious\1822.ps1,ASCII Encoding,malicious,malicious,TP,True,True,0.9919,0.9919,0.9919,0.9919,1.0,malicious,C:\\TA\\project-ta\\data_spliting\\test_set_obf\\ASCII_Encoding\\malicious\\1822.ps1
15,C:\TA\project-ta\data_spliting\test_set_obf\String_Concatenation\malicious\1822.ps1,String Concatenation,malicious,malicious,TP,True,True,0.9976,0.9976,0.9976,0.9976,1.0,malicious,C:\\TA\\project-ta\\data_spliting\\test_set_obf\\String_Concatenation\\malicious\\1822.ps1
15,C:\TA\project-ta\data_spliting\test_set_obf\String_Reordering\malicious\1822.ps1,String Reordering,malicious,malicious,TP,True,True,0.9973000000000001,0.9973000000000001,0.9973000000000001,0.9973000000000001,1.0,malicious,C:\\TA\\project-ta\\data_spliting\\test_set_obf\\String_Reordering\\malicious\\1822.ps1
15,C:\TA\project-ta\data_spliting\test_set_obf\Token_Manipulation\malicious\1822.ps1,Token Manipulation,malicious,malicious,TP,True,True,0.9972000000000001,0.9972000000000001,0.9972000000000001,0.9972000000000001,1.0,malicious,C:\\TA\\project-ta\\data_spliting\\test_set_obf\\Token_Manipulation\\malicious\\1822.ps1
15,C:\TA\project-ta\data_spliting\test_set\malicious\1827.ps1,Original Malicious,malicious,malicious,TP,True,True,0.9972000000000001,0.9972000000000001,0.9972000000000001,0.9972000000000001,1.0,malicious,C:\\TA\\project-ta\\data_spliting\\test_set\\malicious\\1827.ps1
15,C:\TA\project-ta\data_spliting\test_set_obf\ASCII_Encoding\malicious\1827.ps1,ASCII Encoding,malicious,malicious,TP,True,True,0.9846,0.9846,0.9846,0.9846,1.0,malicious,C:\\TA\\project-ta\\data_spliting\\test_set_obf\\ASCII_Encoding\\malicious\\1827.ps1
15,C:\TA\project-ta\data_spliting\test_set_obf\String_Concatenation\malicious\1827.ps1,String Concatenation,malicious,malicious,TP,True,True,0.9976,0.9976,0.9976,0.9976,1.0,malicious,C:\\TA\\project-ta\\data_spliting\\test_set_obf\\String_Concatenation\\malicious\\1827.ps1
15,C:\TA\project-ta\data_spliting\test_set_obf\String_Reordering\malicious\1827.ps1,String Reordering,malicious,malicious,TP,True,True,0.9973000000000001,0.9973000000000001,0.9973000000000001,0.9973000000000001,1.0,malicious,C:\\TA\\project-ta\\data_spliting\\test_set_obf\\String_Reordering\\malicious\\1827.ps1
15,C:\TA\project-ta\data_spliting\test_set_obf\Token_Manipulation\malicious\1827.ps1,Token Manipulation,malicious,malicious,TP,True,True,0.9972000000000001,0.9972000000000001,0.9972000000000001,0.9972000000000001,1.0,malicious,C:\\TA\\project-ta\\data_spliting\\test_set_obf\\Token_Manipulation\\malicious\\1827.ps1
15,C:\TA\project-ta\data_spliting\test_set\malicious\183.ps1,Original Malicious,malicious,malicious,TP,True,True,0.9972000000000001,0.9972000000000001,0.9972000000000001,0.9972000000000001,1.0,malicious,C:\\TA\\project-ta\\data_spliting\\test_set\\malicious\\183.ps1
15,C:\TA\project-ta\data_spliting\test_set_obf\ASCII_Encoding\malicious\183.ps1,ASCII Encoding,malicious,malicious,TP,True,True,0.9826,0.9826,0.9826,0.9826,1.0,malicious,C:\\TA\\project-ta\\data_spliting\\test_set_obf\\ASCII_Encoding\\malicious\\183.ps1
15,C:\TA\project-ta\data_spliting\test_set_obf\String_Concatenation\malicious\183.ps1,String Concatenation,malicious,malicious,TP,True,True,0.9966,0.9966,0.9966,0.9966,1.0,malicious,C:\\TA\\project-ta\\data_spliting\\test_set_obf\\String_Concatenation\\malicious\\183.ps1
15,C:\TA\project-ta\data_spliting\test_set_obf\String_Reordering\malicious\183.ps1,String Reordering,malicious,malicious,TP,True,True,0.9976,0.9976,0.9976,0.9976,1.0,malicious,C:\\TA\\project-ta\\data_spliting\\test_set_obf\\String_Reordering\\malicious\\183.ps1
15,C:\TA\project-ta\data_spliting\test_set_obf\Token_Manipulation\malicious\183.ps1,Token Manipulation,malicious,malicious,TP,True,True,0.9972000000000001,0.9972000000000001,0.9972000000000001,0.9972000000000001,1.0,malicious,C:\\TA\\project-ta\\data_spliting\\test_set_obf\\Token_Manipulation\\malicious\\183.ps1
