filename,label,script_length,line_count,avg_line_length,max_line_length,has_url_or_ip,char_dollar,char_lparen,char_rparen,char_lbracket,char_rbracket,char_lbrace,char_rbrace,char_dot,char_comma,char_plus,char_minus,char_star,char_slash,char_equal,char_exclaim,char_percent,char_caret,char_ampersand,char_backtick,var_count,string_literal_count,kw_get_command,kw_get_help,kw_get_process,kw_get_service,kw_get_childitem,kw_get_wmiobject,kw_get_alias,kw_get_member,kw_set_location,kw_get_location,kw_get_content,kw_set_content,kw_add_content,kw_write_host,kw_write_output,kw_write_verbose,kw_write_error,kw_start_transcript,kw_stop_transcript,kw_set_strictmode,kw_protect_cmsmessage,kw_unprotect_cmsmessage,kw_test_netconnection,kw_test_path,kw_import_module,kw_select_object,kw_where_object,kw_foreach_object,kw_get_acl,kw_set_acl,kw_get_filehash,kw_pwd,kw_gl,kw_invoke_obfuscation,kw_invoke_mimikatz,kw_powersploit,kw_powershell_empire,kw_nishang,kw_powerup,kw_p0wnedshell,kw_powerops,kw_poweliks,kw_kovter,kw_shellcode,kw_start_process,kw_invoke_webrequest,kw_invoke_restmethod,kw__f,kw__convert___frombase64string,kw__system_convert___frombase64string,kw__convert___tobase64string,kw__system_convert___tobase64string,kw_system_io_compression_deflatestream,kw_io_memorystream,kw__runtime_interopservices_marshal___ptrtostringansi,kw__runtime_interopservices_marshal___securestringtoglobalallocansi,kw__true,kw__false,kw_convertfrom_securestring,kw_convertto_securestring,kw_invoke_expression,kw_iex,kw__encodedcommand,kw__exec_bypass,kw__executionpolicy_bypass,kw_system_net_webclient,kw_net_webclient,kw_downloadstring,kw_downloadfile,kw_new_object,AssignmentStatementAst,BinaryExpressionAst,CommandAst,InvokeMemberExpressionAst,PipelineAst,StringConstantExpressionAst,TypeExpressionAst,VariableExpressionAst,ConvertExpressionAst,ArrayLiteralAst,ParenExpressionAst
1009.ps1,1,160,1,159.0,159,1,2,3,3,0,0,0,0,9,1,0,2,0,4,0,0,0,0,0,5,2,3,0,0,0,0,0,0,0,0,0,0,0,0,0,0,0,0,0,0,0,0,0,0,0,0,0,0,0,0,0,0,0,0,0,0,0,0,0,0,0,0,0,0,0,0,0,0,0,0,0,0,0,0,0,0,0,0,0,0,0,0,0,0,0,0,0,1,1,0,1,0,0,0,2,1,4,5,0,2,0,0,2
1035.ps1,1,448,1,447.0,447,1,15,6,6,7,7,1,1,21,1,2,4,0,5,7,0,2,0,0,3,15,5,0,0,0,0,0,0,0,0,0,0,0,0,0,0,0,0,0,0,0,0,0,0,0,0,0,0,0,0,0,0,0,0,0,0,0,0,0,0,0,0,0,0,0,0,0,0,0,0,0,0,0,0,0,0,0,0,0,0,0,0,0,0,0,0,0,1,1,1,0,0,7,3,3,2,8,18,2,15,2,0,3
1055.ps1,1,191,1,190.0,190,1,2,3,3,0,0,0,0,8,1,0,2,0,4,0,0,0,0,0,5,2,3,0,0,0,0,0,0,0,0,0,0,0,0,0,0,0,0,0,0,0,0,0,0,0,0,0,0,0,0,0,0,0,0,0,0,0,0,0,0,0,0,0,0,0,0,0,0,0,0,0,0,0,0,0,0,0,0,0,0,0,0,0,0,0,0,0,1,1,0,1,0,0,0,2,1,4,5,0,2,0,0,2
1034.ps1,1,2328,1,2327.0,2327,0,22,15,15,9,9,3,3,7,327,3,9,0,0,7,0,0,0,0,5,22,5,0,0,0,0,0,0,0,0,0,0,0,0,0,0,0,0,0,0,0,0,0,0,0,0,0,0,0,0,0,0,0,0,0,0,0,0,0,0,0,0,0,0,0,0,0,0,0,0,0,0,0,0,0,0,0,0,0,0,0,0,0,0,0,0,0,0,0,0,0,0,7,4,2,4,10,12,1,22,2,1,2
1024.ps1,1,2251,1,2250.0,2250,0,22,15,15,9,9,3,3,7,309,3,9,0,0,7,0,0,0,0,4,22,5,0,0,0,0,0,0,0,0,0,0,0,0,0,0,0,0,0,0,0,0,0,0,0,0,0,0,0,0,0,0,0,0,0,0,0,0,0,0,0,0,0,0,0,0,0,0,0,0,0,0,0,0,0,0,0,0,0,0,0,0,0,0,0,0,0,0,0,0,0,0,7,4,2,4,10,12,1,22,2,1,2
1031.ps1,1,2327,1,2326.0,2326,0,22,15,15,9,9,3,3,7,327,3,9,0,0,7,0,0,0,0,4,22,5,0,0,0,0,0,0,0,0,0,0,0,0,0,0,0,0,0,0,0,0,0,0,0,0,0,0,0,0,0,0,0,0,0,0,0,0,0,0,0,0,0,0,0,0,0,0,0,0,0,0,0,0,0,0,0,0,0,0,0,0,0,0,0,0,0,0,0,0,0,0,7,4,2,4,10,12,1,22,2,1,2
1008.ps1,1,2238,1,2237.0,2237,0,22,15,15,9,9,3,3,7,309,3,9,0,0,7,0,0,0,0,5,22,5,0,0,0,0,0,0,0,0,0,0,0,0,0,0,0,0,0,0,0,0,0,0,0,0,0,0,0,0,0,0,0,0,0,0,0,0,0,0,0,0,0,0,0,0,0,0,0,0,0,0,0,0,0,0,0,0,0,0,0,0,0,0,0,0,0,0,0,0,0,0,7,4,2,4,10,12,1,22,2,1,2
1052.ps1,1,144,1,143.0,143,1,0,2,2,0,0,0,0,8,1,0,2,0,3,0,0,0,0,0,6,0,3,0,0,0,0,0,0,0,0,0,0,0,0,0,0,0,0,0,0,0,0,0,0,0,0,0,0,0,0,0,0,0,0,1,0,0,0,0,0,0,0,0,0,0,0,0,0,0,0,0,0,0,0,0,0,0,0,0,0,0,0,0,0,0,0,0,1,1,0,1,0,0,0,2,1,3,7,0,0,0,0,1
1032.ps1,1,2452,1,2451.0,2451,0,22,15,15,9,9,3,3,7,352,3,9,0,0,7,0,0,0,0,4,22,5,0,0,0,0,0,0,0,0,0,0,0,0,0,0,0,0,0,0,0,0,0,0,0,0,0,0,0,0,0,0,0,0,0,0,0,0,0,0,0,0,0,0,0,0,0,0,0,0,0,0,0,0,0,0,0,0,0,0,0,0,0,0,0,0,0,0,0,0,0,0,7,4,2,4,10,12,1,22,2,1,2
1007.ps1,1,2337,1,2336.0,2336,0,22,15,15,9,9,3,3,7,327,3,9,0,0,7,0,0,0,0,4,19,5,0,0,0,0,0,0,0,0,0,0,0,0,0,0,0,0,0,0,0,0,0,0,0,0,0,0,0,0,0,0,0,0,0,0,0,0,0,0,0,0,0,0,0,0,0,0,0,0,0,0,0,0,0,0,0,0,0,0,0,0,0,0,0,0,0,0,0,0,0,0,7,4,2,4,10,12,1,22,2,1,2
1030.ps1,1,2282,1,2281.0,2281,0,22,15,15,9,9,3,3,7,318,3,9,0,0,7,0,0,0,0,4,22,5,0,0,0,0,0,0,0,0,0,0,0,0,0,0,0,0,0,0,0,0,0,0,0,0,0,0,0,0,0,0,0,0,0,0,0,0,0,0,0,0,0,0,0,0,0,0,0,0,0,0,0,0,0,0,0,0,0,0,0,0,0,0,0,0,0,0,0,0,0,0,7,4,2,4,10,12,1,22,2,1,2
1006.ps1,1,2453,1,2452.0,2452,0,22,15,15,9,9,3,3,7,352,3,9,0,0,7,0,0,0,0,5,22,5,0,0,0,0,0,0,0,0,0,0,0,0,0,0,0,0,0,0,0,0,0,0,0,0,0,0,0,0,0,0,0,0,0,0,0,0,0,0,0,0,0,0,0,0,0,0,0,0,0,0,0,0,0,0,0,0,0,0,0,0,0,0,0,0,0,0,0,0,0,0,7,4,2,4,10,12,1,22,2,1,2
1028.ps1,1,2283,1,2282.0,2282,0,22,15,15,9,9,3,3,7,318,3,9,0,0,7,0,0,0,0,5,22,5,0,0,0,0,0,0,0,0,0,0,0,0,0,0,0,0,0,0,0,0,0,0,0,0,0,0,0,0,0,0,0,0,0,0,0,0,0,0,0,0,0,0,0,0,0,0,0,0,0,0,0,0,0,0,0,0,0,0,0,0,0,0,0,0,0,0,0,0,0,0,7,4,2,4,10,12,1,22,2,1,2
1015.ps1,1,2282,1,2281.0,2281,0,22,15,15,9,9,3,3,7,318,3,9,0,0,7,0,0,0,0,4,22,5,0,0,0,0,0,0,0,0,0,0,0,0,0,0,0,0,0,0,0,0,0,0,0,0,0,0,0,0,0,0,0,0,0,0,0,0,0,0,0,0,0,0,0,0,0,0,0,0,0,0,0,0,0,0,0,0,0,0,0,0,0,0,0,0,0,0,0,0,0,0,7,4,2,4,10,12,1,22,2,1,2
105.ps1,1,2693,1,2692.0,2692,0,22,15,15,9,9,3,3,7,400,3,9,0,0,7,0,0,0,0,5,22,5,0,0,0,0,0,0,0,0,0,0,0,0,0,0,0,0,0,0,0,0,0,0,0,0,0,0,0,0,0,0,0,0,0,0,0,0,0,0,0,0,0,0,0,0,0,0,0,0,0,0,0,0,0,0,0,0,0,0,0,0,0,0,0,0,0,0,0,0,0,0,7,4,2,4,10,12,1,22,2,1,2
103.ps1,1,2327,1,2326.0,2326,0,22,15,15,9,9,3,3,7,327,3,9,0,0,7,0,0,0,0,4,22,5,0,0,0,0,0,0,0,0,0,0,0,0,0,0,0,0,0,0,0,0,0,0,0,0,0,0,0,0,0,0,0,0,0,0,0,0,0,0,0,0,0,0,0,0,0,0,0,0,0,0,0,0,0,0,0,0,0,0,0,0,0,0,0,0,0,0,0,0,0,0,7,4,2,4,10,12,1,22,2,1,2
1005.ps1,1,2251,1,2250.0,2250,0,22,15,15,9,9,3,3,7,309,3,9,0,0,7,0,0,0,0,4,22,5,0,0,0,0,0,0,0,0,0,0,0,0,0,0,0,0,0,0,0,0,0,0,0,0,0,0,0,0,0,0,0,0,0,0,0,0,0,0,0,0,0,0,0,0,0,0,0,0,0,0,0,0,0,0,0,0,0,0,0,0,0,0,0,0,0,0,0,0,0,0,7,4,2,4,10,12,1,22,2,1,2
1061.ps1,1,2418,1,2417.0,2417,0,22,15,15,9,9,3,3,7,345,3,9,0,0,7,0,0,0,0,5,22,5,0,0,0,0,0,0,0,0,0,0,0,0,0,0,0,0,0,0,0,0,0,0,0,0,0,0,0,0,0,0,0,0,0,0,0,0,0,0,0,0,0,0,0,0,0,0,0,0,0,0,0,0,0,0,0,0,0,0,0,0,0,0,0,0,0,0,0,0,0,0,7,4,2,4,10,12,1,22,2,1,2
1026.ps1,1,5662,1,5661.0,5661,0,22,15,15,9,9,3,3,7,991,3,9,0,0,7,0,0,0,0,4,22,5,0,0,0,0,0,0,0,0,0,0,0,0,0,0,0,0,0,0,0,0,0,0,0,0,0,0,0,0,0,0,0,0,0,0,0,0,0,0,0,0,0,0,0,0,0,0,0,0,0,0,0,0,0,0,0,0,0,0,0,0,0,0,0,0,0,0,0,0,0,0,7,4,2,4,10,12,1,22,2,1,2
1013.ps1,1,449,1,448.0,448,1,15,6,7,8,8,2,1,22,1,2,4,1,5,7,0,2,0,1,3,15,5,0,0,0,0,0,0,0,0,0,0,0,0,0,0,0,0,0,0,0,0,0,0,0,0,0,0,0,0,0,0,0,0,0,0,0,0,0,0,0,0,0,0,0,0,0,0,0,0,0,0,0,0,0,0,0,0,0,0,0,0,0,0,0,0,0,1,1,1,0,0,7,3,3,2,8,18,2,15,2,0,3
1049.ps1,1,1703,1,1703.0,1703,0,49,28,28,5,5,7,7,79,9,0,16,0,0,23,1,0,0,0,31,49,9,0,0,0,0,0,0,0,0,0,0,0,0,0,0,0,0,0,0,0,0,0,0,0,0,0,0,0,0,0,0,0,0,0,0,0,0,0,0,0,0,0,0,0,0,0,0,0,0,0,0,0,0,0,0,0,0,2,0,0,0,0,0,0,0,0,0,0,0,0,0,23,2,14,17,45,78,2,49,3,9,9
1025.ps1,1,2453,1,2452.0,2452,0,22,15,15,9,9,3,3,7,352,3,9,0,0,7,0,0,0,0,5,22,5,0,0,0,0,0,0,0,0,0,0,0,0,0,0,0,0,0,0,0,0,0,0,0,0,0,0,0,0,0,0,0,0,0,0,0,0,0,0,0,0,0,0,0,0,0,0,0,0,0,0,0,0,0,0,0,0,0,0,0,0,0,0,0,0,0,0,0,0,0,0,7,4,2,4,10,12,1,22,2,1,2
1004.ps1,1,448,1,447.0,447,1,15,7,6,7,8,1,2,21,1,2,4,1,6,8,0,2,1,0,4,15,5,0,0,0,0,0,0,0,0,0,0,0,0,0,0,0,0,0,0,0,0,0,0,0,0,0,0,0,0,0,0,0,0,0,0,0,0,0,0,0,0,0,0,0,0,0,0,0,0,0,0,0,0,0,0,0,0,0,0,0,0,0,0,0,0,0,1,1,1,0,0,7,3,3,2,8,18,2,15,2,0,3
1045.ps1,1,2236,1,2235.0,2235,0,22,15,15,9,9,3,3,7,309,3,9,0,0,7,0,0,0,0,3,22,5,0,0,0,0,0,0,0,0,0,0,0,0,0,0,0,0,0,0,0,0,0,0,0,0,0,0,0,0,0,0,0,0,0,0,0,0,0,0,0,0,0,0,0,0,0,0,0,0,0,0,0,0,0,0,0,0,0,0,0,0,0,0,0,0,0,0,0,0,0,0,7,4,2,4,10,12,1,22,2,1,2
1023.ps1,1,153,1,152.0,152,1,2,3,3,0,0,0,0,8,1,0,2,0,4,0,0,0,0,0,6,2,3,0,0,0,0,0,0,0,0,0,0,0,0,0,0,0,0,0,0,0,0,0,0,0,0,0,0,0,0,0,0,0,0,0,0,0,0,0,0,0,0,0,0,0,0,0,0,0,0,0,0,0,0,0,0,0,0,0,0,0,0,0,0,0,0,0,1,1,0,1,0,0,0,2,1,4,5,0,2,0,0,2
1002.ps1,1,2252,1,2251.0,2251,0,22,15,15,9,9,3,3,7,309,3,9,0,0,7,0,0,0,0,4,19,5,0,0,0,0,0,0,0,0,0,0,0,0,0,0,0,0,0,0,0,0,0,0,0,0,0,0,0,0,0,0,0,0,0,0,0,0,0,0,0,0,0,0,0,0,0,0,0,0,0,0,0,0,0,0,0,0,0,0,0,0,0,0,0,0,0,0,0,0,0,0,7,4,2,4,10,12,1,22,2,1,2
1018.ps1,1,164,1,163.0,163,1,2,3,3,0,0,0,0,9,1,0,2,0,4,0,0,0,0,0,6,2,3,0,0,0,0,0,0,0,0,0,0,0,0,0,0,0,0,0,0,0,0,0,0,0,0,0,0,0,0,0,0,0,0,0,0,0,0,0,0,0,0,0,0,0,0,0,0,0,0,0,0,0,0,0,0,0,0,0,0,0,0,0,0,0,0,0,1,1,0,1,0,0,0,2,1,4,5,0,2,0,0,2
1000.ps1,1,162,1,161.0,161,1,2,3,3,0,0,0,0,9,1,0,2,0,4,0,0,0,0,0,6,2,3,0,0,0,0,0,0,0,0,0,0,0,0,0,0,0,0,0,0,0,0,0,0,0,0,0,0,0,0,0,0,0,0,0,0,0,0,0,0,0,0,0,0,0,0,0,0,0,0,0,0,0,0,0,0,0,0,0,0,0,0,0,0,0,0,0,1,1,0,1,0,0,0,2,1,4,5,0,2,0,0,2
1042.ps1,1,2250,1,2249.0,2249,0,22,15,15,9,9,3,3,7,309,3,9,0,0,7,0,0,0,0,5,22,5,0,0,0,0,0,0,0,0,0,0,0,0,0,0,0,0,0,0,0,0,0,0,0,0,0,0,0,0,0,0,0,0,0,0,0,0,0,0,0,0,0,0,0,0,0,0,0,0,0,0,0,0,0,0,0,0,0,0,0,0,0,0,0,0,0,0,0,0,0,0,7,4,2,4,10,12,1,22,2,1,2
1019.ps1,1,2451,1,2450.0,2450,0,22,15,15,9,9,3,3,7,352,3,9,0,0,7,0,0,0,0,3,22,5,0,0,0,0,0,0,0,0,0,0,0,0,0,0,0,0,0,0,0,0,0,0,0,0,0,0,0,0,0,0,0,0,0,0,0,0,0,0,0,0,0,0,0,0,0,0,0,0,0,0,0,0,0,0,0,0,0,0,0,0,0,0,0,0,0,0,0,0,0,0,7,4,2,4,10,12,1,22,2,1,2
10.ps1,1,165,1,164.0,164,1,2,3,3,0,0,0,0,9,1,0,2,0,4,0,0,0,0,0,6,2,3,0,0,0,0,0,0,0,0,0,0,0,0,0,0,0,0,0,0,0,0,0,0,0,0,0,0,0,0,0,0,0,0,0,0,0,0,0,0,0,0,0,0,0,0,0,0,0,0,0,0,0,0,0,0,0,0,0,0,0,0,0,0,0,0,0,1,1,0,1,0,0,0,2,1,4,5,0,2,0,0,2
1040.ps1,1,151,1,150.0,150,1,2,3,3,0,0,0,0,8,1,0,2,0,3,0,0,0,0,0,6,2,3,0,0,0,0,0,0,0,0,0,0,0,0,0,0,0,0,0,0,0,0,0,0,0,0,0,0,0,0,0,0,0,0,0,0,0,0,0,0,0,0,0,0,0,0,0,0,0,0,0,0,0,0,0,0,0,0,0,0,0,0,0,0,0,0,0,1,1,0,1,0,0,0,2,1,4,5,0,2,0,0,2
1017.ps1,1,155,1,154.0,154,1,2,3,3,0,0,0,0,9,1,0,2,0,3,0,0,0,0,0,4,2,3,0,0,0,0,0,0,0,0,0,0,0,0,0,0,0,0,0,0,0,0,0,0,0,0,0,0,0,0,0,0,0,0,0,0,0,0,0,0,0,0,0,0,0,0,0,0,0,0,0,0,0,0,0,0,0,0,0,0,0,0,0,0,0,0,0,1,1,0,1,0,0,0,2,1,4,5,0,2,0,0,2
100.ps1,1,2547,1,2546.0,2546,0,34,18,18,12,12,5,5,12,309,4,16,0,0,12,0,0,0,2,2,32,12,0,0,0,0,0,0,0,0,0,0,0,0,0,0,0,0,0,0,0,0,0,0,0,0,0,0,0,0,0,0,0,0,0,0,0,0,0,0,0,0,0,0,0,0,0,0,0,0,0,0,0,1,0,0,0,0,0,0,0,0,0,0,0,0,0,0,0,0,0,0,5,2,2,2,3,10,3,12,0,0,0
104.ps1,1,983,1,982.0,982,1,68,14,15,23,23,6,5,44,11,8,4,1,7,21,0,8,0,2,3,68,10,0,0,0,0,0,0,0,0,0,0,0,0,0,0,0,0,0,0,0,0,0,0,0,0,0,0,0,0,0,0,0,0,0,0,0,0,0,0,0,0,0,0,0,0,0,0,0,0,0,0,0,0,0,0,0,0,1,0,0,0,0,0,0,0,0,1,1,0,0,0,19,17,7,7,16,36,5,68,1,5,6
1011.ps1,1,158,1,157.0,157,1,2,3,3,0,0,0,0,9,1,0,2,0,3,0,0,0,0,0,5,2,3,0,0,0,0,0,0,0,0,0,0,0,0,0,0,0,0,0,0,0,0,0,0,0,0,0,0,0,0,0,0,0,0,0,0,0,0,0,0,0,0,0,0,0,0,0,0,0,0,0,0,0,0,0,0,0,0,0,0,0,0,0,0,0,0,0,1,1,0,1,0,0,0,2,1,4,5,0,2,0,0,2
1001.ps1,1,2326,1,2325.0,2325,0,22,15,15,9,9,3,3,7,327,3,9,0,0,7,0,0,0,0,3,22,5,0,0,0,0,0,0,0,0,0,0,0,0,0,0,0,0,0,0,0,0,0,0,0,0,0,0,0,0,0,0,0,0,0,0,0,0,0,0,0,0,0,0,0,0,0,0,0,0,0,0,0,0,0,0,0,0,0,0,0,0,0,0,0,0,0,0,0,0,0,0,7,4,2,4,10,12,1,22,2,1,2
1038.ps1,1,2251,1,2250.0,2250,0,22,15,15,9,9,3,3,7,309,3,9,0,0,7,0,0,0,0,4,22,5,0,0,0,0,0,0,0,0,0,0,0,0,0,0,0,0,0,0,0,0,0,0,0,0,0,0,0,0,0,0,0,0,0,0,0,0,0,0,0,0,0,0,0,0,0,0,0,0,0,0,0,0,0,0,0,0,0,0,0,0,0,0,0,0,0,0,0,0,0,0,7,4,2,4,10,12,1,22,2,1,2
1010.ps1,1,2502,1,2501.0,2501,0,18,8,8,4,4,2,2,20,2,26,8,0,31,11,0,0,0,0,2,18,6,0,0,0,0,0,0,0,0,0,0,0,0,0,0,0,0,0,0,0,0,0,0,0,0,0,0,0,0,0,0,0,0,1,0,0,0,0,0,0,0,0,0,0,0,0,0,0,0,1,0,0,0,0,1,0,0,2,1,0,0,0,1,0,0,0,0,0,0,0,3,10,2,1,1,2,14,2,16,0,0,0
1003.ps1,1,2238,1,2237.0,2237,0,22,15,15,9,9,3,3,7,309,3,9,0,0,7,0,0,0,0,5,22,5,0,0,0,0,0,0,0,0,0,0,0,0,0,0,0,0,0,0,0,0,0,0,0,0,0,0,0,0,0,0,0,0,0,0,0,0,0,0,0,0,0,0,0,0,0,0,0,0,0,0,0,0,0,0,0,0,0,0,0,0,0,0,0,0,0,0,0,0,0,0,7,4,2,4,10,12,1,22,2,1,2
1037.ps1,1,140,1,139.0,139,1,0,2,2,0,0,0,0,8,1,0,2,0,3,0,0,0,0,0,5,0,3,0,0,0,0,0,0,0,0,0,0,0,0,0,0,0,0,0,0,0,0,0,0,0,0,0,0,0,0,0,0,0,0,0,0,0,0,0,0,0,0,0,0,0,0,0,0,0,0,0,0,0,0,0,0,0,0,0,0,0,0,0,0,0,0,0,1,1,0,1,0,0,0,2,1,3,7,0,0,0,0,1
101.ps1,1,2282,1,2281.0,2281,0,22,15,15,9,9,3,3,7,318,3,9,0,0,7,0,0,0,0,4,22,5,0,0,0,0,0,0,0,0,0,0,0,0,0,0,0,0,0,0,0,0,0,0,0,0,0,0,0,0,0,0,0,0,0,0,0,0,0,0,0,0,0,0,0,0,0,0,0,0,0,0,0,0,0,0,0,0,0,0,0,0,0,0,0,0,0,0,0,0,0,0,7,4,2,4,10,12,1,22,2,1,2
1.ps1,1,2451,1,2450.0,2450,0,22,15,15,9,9,3,3,7,352,3,9,0,0,7,0,0,0,0,3,22,5,0,0,0,0,0,0,0,0,0,0,0,0,0,0,0,0,0,0,0,0,0,0,0,0,0,0,0,0,0,0,0,0,0,0,0,0,0,0,0,0,0,0,0,0,0,0,0,0,0,0,0,0,0,0,0,0,0,0,0,0,0,0,0,0,0,0,0,0,0,0,7,4,2,4,10,12,1,22,2,1,2
1059.ps1,1,2485,1,2484.0,2484,0,33,18,18,12,12,5,5,12,309,4,11,0,0,11,0,0,0,2,2,26,11,0,0,0,0,0,0,0,0,0,0,0,0,0,0,0,0,0,0,0,0,0,0,0,0,0,0,0,0,0,0,0,0,0,0,0,0,0,0,0,0,0,0,0,0,0,0,0,0,0,0,0,1,0,0,0,0,0,0,0,0,0,0,0,0,0,0,0,0,0,0,4,2,2,2,3,9,3,11,0,0,0
1063.ps1,1,2328,1,2327.0,2327,0,22,15,15,9,9,3,3,7,327,3,9,0,0,7,0,0,0,0,5,22,5,0,0,0,0,0,0,0,0,0,0,0,0,0,0,0,0,0,0,0,0,0,0,0,0,0,0,0,0,0,0,0,0,0,0,0,0,0,0,0,0,0,0,0,0,0,0,0,0,0,0,0,0,0,0,0,0,0,0,0,0,0,0,0,0,0,0,0,0,0,0,7,4,2,4,10,12,1,22,2,1,2
108.ps1,1,163,1,162.0,162,1,2,3,3,0,0,0,0,9,1,0,2,0,4,0,0,0,0,0,4,2,3,0,0,0,0,0,0,0,0,0,0,0,0,0,0,0,0,0,0,0,0,0,0,0,0,0,0,0,0,0,0,0,0,0,0,0,0,0,0,0,0,0,0,0,0,0,0,0,0,0,0,0,0,0,0,0,0,0,0,0,0,0,0,0,0,0,1,1,0,1,0,0,0,2,1,4,5,0,2,0,0,2
1053.ps1,1,2452,1,2451.0,2451,0,22,15,15,9,9,3,3,7,352,3,9,0,0,7,0,0,0,0,4,22,5,0,0,0,0,0,0,0,0,0,0,0,0,0,0,0,0,0,0,0,0,0,0,0,0,0,0,0,0,0,0,0,0,0,0,0,0,0,0,0,0,0,0,0,0,0,0,0,0,0,0,0,0,0,0,0,0,0,0,0,0,0,0,0,0,0,0,0,0,0,0,7,4,2,4,10,12,1,22,2,1,2
1044.ps1,1,2327,1,2326.0,2326,0,22,15,15,9,9,3,3,7,327,3,9,0,0,7,0,0,0,0,4,22,5,0,0,0,0,0,0,0,0,0,0,0,0,0,0,0,0,0,0,0,0,0,0,0,0,0,0,0,0,0,0,0,0,0,0,0,0,0,0,0,0,0,0,0,0,0,0,0,0,0,0,0,0,0,0,0,0,0,0,0,0,0,0,0,0,0,0,0,0,0,0,7,4,2,4,10,12,1,22,2,1,2
1051.ps1,1,2451,1,2450.0,2450,0,22,15,15,9,9,3,3,7,352,3,9,0,0,7,0,0,0,0,3,22,5,0,0,0,0,0,0,0,0,0,0,0,0,0,0,0,0,0,0,0,0,0,0,0,0,0,0,0,0,0,0,0,0,0,0,0,0,0,0,0,0,0,0,0,0,0,0,0,0,0,0,0,0,0,0,0,0,0,0,0,0,0,0,0,0,0,0,0,0,0,0,7,4,2,4,10,12,1,22,2,1,2
1071.ps1,1,2237,1,2236.0,2236,0,22,15,15,9,9,3,3,7,309,3,9,0,0,7,0,0,0,0,4,22,5,0,0,0,0,0,0,0,0,0,0,0,0,0,0,0,0,0,0,0,0,0,0,0,0,0,0,0,0,0,0,0,0,0,0,0,0,0,0,0,0,0,0,0,0,0,0,0,0,0,0,0,0,0,0,0,0,0,0,0,0,0,0,0,0,0,0,0,0,0,0,7,4,2,4,10,12,1,22,2,1,2
1078.ps1,1,2236,1,2235.0,2235,0,22,15,15,9,9,3,3,7,309,3,9,0,0,7,0,0,0,0,3,22,5,0,0,0,0,0,0,0,0,0,0,0,0,0,0,0,0,0,0,0,0,0,0,0,0,0,0,0,0,0,0,0,0,0,0,0,0,0,0,0,0,0,0,0,0,0,0,0,0,0,0,0,0,0,0,0,0,0,0,0,0,0,0,0,0,0,0,0,0,0,0,7,4,2,4,10,12,1,22,2,1,2
1062.ps1,1,2238,1,2237.0,2237,0,22,15,15,9,9,3,3,7,309,3,9,0,0,7,0,0,0,0,5,22,5,0,0,0,0,0,0,0,0,0,0,0,0,0,0,0,0,0,0,0,0,0,0,0,0,0,0,0,0,0,0,0,0,0,0,0,0,0,0,0,0,0,0,0,0,0,0,0,0,0,0,0,0,0,0,0,0,0,0,0,0,0,0,0,0,0,0,0,0,0,0,7,4,2,4,10,12,1,22,2,1,2
1081.ps1,1,2237,1,2236.0,2236,0,22,15,15,9,9,3,3,7,309,3,9,0,0,7,0,0,0,0,4,22,5,0,0,0,0,0,0,0,0,0,0,0,0,0,0,0,0,0,0,0,0,0,0,0,0,0,0,0,0,0,0,0,0,0,0,0,0,0,0,0,0,0,0,0,0,0,0,0,0,0,0,0,0,0,0,0,0,0,0,0,0,0,0,0,0,0,0,0,0,0,0,7,4,2,4,10,12,1,22,2,1,2
1070.ps1,1,2237,1,2236.0,2236,0,22,15,15,9,9,3,3,7,309,3,9,0,0,7,0,0,0,0,4,22,5,0,0,0,0,0,0,0,0,0,0,0,0,0,0,0,0,0,0,0,0,0,0,0,0,0,0,0,0,0,0,0,0,0,0,0,0,0,0,0,0,0,0,0,0,0,0,0,0,0,0,0,0,0,0,0,0,0,0,0,0,0,0,0,0,0,0,0,0,0,0,7,4,2,4,10,12,1,22,2,1,2
1058.ps1,1,2327,1,2326.0,2326,0,22,15,15,9,9,3,3,7,327,3,9,0,0,7,0,0,0,0,4,22,5,0,0,0,0,0,0,0,0,0,0,0,0,0,0,0,0,0,0,0,0,0,0,0,0,0,0,0,0,0,0,0,0,0,0,0,0,0,0,0,0,0,0,0,0,0,0,0,0,0,0,0,0,0,0,0,0,0,0,0,0,0,0,0,0,0,0,0,0,0,0,7,4,2,4,10,12,1,22,2,1,2
1092.ps1,1,176,1,175.0,175,1,4,3,3,0,0,0,0,6,1,1,2,0,3,1,0,0,0,0,6,4,2,0,0,0,0,0,0,0,0,0,0,0,0,0,0,0,0,0,0,0,0,0,0,0,0,0,0,0,0,0,0,0,0,0,0,0,0,0,0,0,0,0,0,0,0,0,0,0,0,0,0,0,0,0,0,0,0,0,0,0,0,0,0,0,0,0,1,1,0,1,0,1,1,2,1,4,6,0,4,0,0,2
1096.ps1,1,2237,1,2236.0,2236,0,22,15,15,9,9,3,3,7,309,3,9,0,0,7,0,0,0,0,4,22,5,0,0,0,0,0,0,0,0,0,0,0,0,0,0,0,0,0,0,0,0,0,0,0,0,0,0,0,0,0,0,0,0,0,0,0,0,0,0,0,0,0,0,0,0,0,0,0,0,0,0,0,0,0,0,0,0,0,0,0,0,0,0,0,0,0,0,0,0,0,0,7,4,2,4,10,12,1,22,2,1,2
1095.ps1,1,2341,1,2340.0,2340,0,22,15,15,9,9,3,3,7,327,3,9,0,0,7,0,0,0,0,5,22,5,0,0,0,0,0,0,0,0,0,0,0,0,0,0,0,0,0,0,0,0,0,0,0,0,0,0,0,0,0,0,0,0,0,0,0,0,0,0,0,0,0,0,0,0,0,0,0,0,0,0,0,0,0,0,0,0,0,0,0,0,0,0,0,0,0,0,0,0,0,0,7,4,2,4,10,12,1,22,2,1,2
1084.ps1,1,2206,1,2205.0,2205,0,22,15,15,9,9,3,3,7,300,3,9,0,0,7,0,0,0,0,4,22,5,0,0,0,0,0,0,0,0,0,0,0,0,0,0,0,0,0,0,0,0,0,0,0,0,0,0,0,0,0,0,0,0,0,0,0,0,0,0,0,0,0,0,0,0,0,0,0,0,0,0,0,0,0,0,0,0,0,0,0,0,0,0,0,0,0,0,0,0,0,0,7,4,2,4,10,12,1,22,2,1,2
1072.ps1,1,2337,1,2336.0,2336,0,22,15,15,9,9,3,3,7,327,3,9,0,0,7,0,0,0,0,4,22,5,0,0,0,0,0,0,0,0,0,0,0,0,0,0,0,0,0,0,0,0,0,0,0,0,0,0,0,0,0,0,0,0,0,0,0,0,0,0,0,0,0,0,0,0,0,0,0,0,0,0,0,0,0,0,0,0,0,0,0,0,0,0,0,0,0,0,0,0,0,0,7,4,2,4,10,12,1,22,2,1,2
1088.ps1,1,2416,1,2415.0,2415,0,22,15,15,9,9,3,3,7,345,3,9,0,0,7,0,0,0,0,3,22,5,0,0,0,0,0,0,0,0,0,0,0,0,0,0,0,0,0,0,0,0,0,0,0,0,0,0,0,0,0,0,0,0,0,0,0,0,0,0,0,0,0,0,0,0,0,0,0,0,0,0,0,0,0,0,0,0,0,0,0,0,0,0,0,0,0,0,0,0,0,0,7,4,2,4,10,12,1,22,2,1,2
1102.ps1,1,2986,1,2985.0,2985,0,1,3,3,2,2,1,1,0,679,0,2,0,0,0,0,1,0,0,1,1,0,0,0,0,0,0,0,0,0,0,0,0,0,0,0,0,0,0,0,0,0,0,0,0,0,0,0,0,0,0,0,0,0,0,0,0,0,0,0,0,0,0,0,0,0,0,0,0,0,0,0,0,0,0,0,0,0,0,0,0,0,0,0,0,0,0,0,0,0,0,0,0,1,2,0,5,2,1,1,1,1,3
1093.ps1,1,2238,1,2237.0,2237,0,22,15,15,9,9,3,3,7,309,3,9,0,0,7,0,0,0,0,5,22,5,0,0,0,0,0,0,0,0,0,0,0,0,0,0,0,0,0,0,0,0,0,0,0,0,0,0,0,0,0,0,0,0,0,0,0,0,0,0,0,0,0,0,0,0,0,0,0,0,0,0,0,0,0,0,0,0,0,0,0,0,0,0,0,0,0,0,0,0,0,0,7,4,2,4,10,12,1,22,2,1,2
1087.ps1,1,2485,1,2484.0,2484,0,33,18,18,12,12,5,5,12,309,4,11,0,0,11,0,0,0,2,2,26,11,0,0,0,0,0,0,0,0,0,0,0,0,0,0,0,0,0,0,0,0,0,0,0,0,0,0,0,0,0,0,0,0,0,0,0,0,0,0,0,0,0,0,0,0,0,0,0,0,0,0,0,1,0,0,0,0,0,0,0,0,0,0,0,0,0,0,0,0,0,0,4,2,2,2,3,9,3,11,0,0,0
1107.ps1,1,2322,1,2321.0,2321,0,18,8,8,4,4,2,2,20,2,27,8,0,30,11,0,0,0,0,2,18,6,0,0,0,0,0,0,0,0,0,0,0,0,0,0,0,0,0,0,0,0,0,0,0,0,0,0,0,0,0,0,0,1,2,0,0,0,0,0,0,0,0,0,0,0,0,0,0,0,1,0,0,0,0,1,0,0,2,1,0,0,0,1,0,0,0,0,0,0,0,3,10,2,1,1,2,14,2,16,0,0,0
1110.ps1,1,448,1,447.0,447,1,15,6,7,8,8,1,1,22,1,3,5,0,5,7,0,2,0,0,3,15,5,0,0,0,0,0,0,0,0,0,0,0,0,0,0,0,0,0,0,0,0,0,0,0,0,0,0,0,0,0,0,0,0,0,0,0,0,0,0,0,0,0,0,0,0,0,0,0,0,0,0,0,0,0,0,0,0,0,0,0,0,0,0,0,0,0,1,1,1,0,0,7,3,3,2,8,18,2,15,2,0,3
1098.ps1,1,2237,1,2236.0,2236,0,22,15,15,9,9,3,3,7,309,3,9,0,0,7,0,0,0,0,4,22,5,0,0,0,0,0,0,0,0,0,0,0,0,0,0,0,0,0,0,0,0,0,0,0,0,0,0,0,0,0,0,0,0,0,0,0,0,0,0,0,0,0,0,0,0,0,0,0,0,0,0,0,0,0,0,0,0,0,0,0,0,0,0,0,0,0,0,0,0,0,0,7,4,2,4,10,12,1,22,2,1,2
1099.ps1,1,2236,1,2235.0,2235,0,22,15,15,9,9,3,3,7,309,3,9,0,0,7,0,0,0,0,3,22,5,0,0,0,0,0,0,0,0,0,0,0,0,0,0,0,0,0,0,0,0,0,0,0,0,0,0,0,0,0,0,0,0,0,0,0,0,0,0,0,0,0,0,0,0,0,0,0,0,0,0,0,0,0,0,0,0,0,0,0,0,0,0,0,0,0,0,0,0,0,0,7,4,2,4,10,12,1,22,2,1,2
1118.ps1,1,171,1,170.0,170,0,2,3,3,0,0,0,0,8,1,0,2,0,3,0,0,0,0,0,5,2,3,0,0,0,0,0,0,0,0,0,0,0,0,0,0,0,0,0,0,0,0,0,0,0,0,0,0,0,0,0,0,0,0,0,0,0,0,0,0,0,0,0,0,0,0,0,0,0,0,0,0,0,0,0,0,0,0,0,0,0,0,0,0,0,0,0,1,1,0,1,0,0,0,2,1,4,5,0,2,0,0,2
1117.ps1,1,2249,1,2248.0,2248,0,22,15,15,9,9,3,3,7,309,3,9,0,0,7,0,0,0,0,4,22,5,0,0,0,0,0,0,0,0,0,0,0,0,0,0,0,0,0,0,0,0,0,0,0,0,0,0,0,0,0,0,0,0,0,0,0,0,0,0,0,0,0,0,0,0,0,0,0,0,0,0,0,0,0,0,0,0,0,0,0,0,0,0,0,0,0,0,0,0,0,0,7,4,2,4,10,12,1,22,2,1,2
110.ps1,1,2237,1,2236.0,2236,0,22,15,15,9,9,3,3,7,309,3,9,0,0,7,0,0,0,0,4,22,5,0,0,0,0,0,0,0,0,0,0,0,0,0,0,0,0,0,0,0,0,0,0,0,0,0,0,0,0,0,0,0,0,0,0,0,0,0,0,0,0,0,0,0,0,0,0,0,0,0,0,0,0,0,0,0,0,0,0,0,0,0,0,0,0,0,0,0,0,0,0,7,4,2,4,10,12,1,22,2,1,2
1120.ps1,1,2237,1,2236.0,2236,0,22,15,15,9,9,3,3,7,309,3,9,0,0,7,0,0,0,0,4,22,5,0,0,0,0,0,0,0,0,0,0,0,0,0,0,0,0,0,0,0,0,0,0,0,0,0,0,0,0,0,0,0,0,0,0,0,0,0,0,0,0,0,0,0,0,0,0,0,0,0,0,0,0,0,0,0,0,0,0,0,0,0,0,0,0,0,0,0,0,0,0,7,4,2,4,10,12,1,22,2,1,2
1108.ps1,1,2342,1,2341.0,2341,0,22,15,15,9,9,3,3,7,327,3,9,0,0,7,0,0,0,0,4,19,5,0,0,0,0,0,0,0,0,0,0,0,0,0,0,0,0,0,0,0,0,0,0,0,0,0,0,0,0,0,0,0,0,0,0,0,0,0,0,0,0,0,0,0,0,0,0,0,0,0,0,0,0,0,0,0,0,0,0,0,0,0,0,0,0,0,0,0,0,0,0,7,4,2,4,10,12,1,22,2,1,2
1101.ps1,1,2282,1,2281.0,2281,0,22,15,15,9,9,3,3,7,318,3,9,0,0,7,0,0,0,0,4,22,5,0,0,0,0,0,0,0,0,0,0,0,0,0,0,0,0,0,0,0,0,0,0,0,0,0,0,0,0,0,0,0,0,0,0,0,0,0,0,0,0,0,0,0,0,0,0,0,0,0,0,0,0,0,0,0,0,0,0,0,0,0,0,0,0,0,0,0,0,0,0,7,4,2,4,10,12,1,22,2,1,2
1126.ps1,1,146,1,145.0,145,1,2,3,3,0,0,0,0,6,1,0,2,0,4,0,0,0,0,0,5,2,3,0,0,0,0,0,0,0,0,0,0,0,0,0,0,0,0,0,0,0,0,0,0,0,0,0,0,0,0,0,0,0,0,0,0,0,0,0,0,0,0,0,0,0,0,0,0,0,0,0,0,0,0,0,0,0,0,0,0,0,0,0,0,0,0,0,1,1,0,1,0,0,0,2,1,4,5,0,2,0,0,2
1129.ps1,1,149,1,148.0,148,1,2,3,3,0,0,0,0,8,1,0,2,0,3,0,0,0,0,0,6,2,3,0,0,0,0,0,0,0,0,0,0,0,0,0,0,0,0,0,0,0,0,0,0,0,0,0,0,0,0,0,0,0,0,0,0,0,0,0,0,0,0,0,0,0,0,0,0,0,0,0,0,0,0,0,0,0,0,0,0,0,0,0,0,0,0,0,1,1,0,1,0,0,0,2,1,4,5,0,2,0,0,2
1119.ps1,1,2237,1,2236.0,2236,0,22,15,15,9,9,3,3,7,309,3,9,0,0,7,0,0,0,0,4,22,5,0,0,0,0,0,0,0,0,0,0,0,0,0,0,0,0,0,0,0,0,0,0,0,0,0,0,0,0,0,0,0,0,0,0,0,0,0,0,0,0,0,0,0,0,0,0,0,0,0,0,0,0,0,0,0,0,0,0,0,0,0,0,0,0,0,0,0,0,0,0,7,4,2,4,10,12,1,22,2,1,2
1128.ps1,1,2327,1,2326.0,2326,0,22,15,15,9,9,3,3,7,327,3,9,0,0,7,0,0,0,0,4,22,5,0,0,0,0,0,0,0,0,0,0,0,0,0,0,0,0,0,0,0,0,0,0,0,0,0,0,0,0,0,0,0,0,0,0,0,0,0,0,0,0,0,0,0,0,0,0,0,0,0,0,0,0,0,0,0,0,0,0,0,0,0,0,0,0,0,0,0,0,0,0,7,4,2,4,10,12,1,22,2,1,2
1123.ps1,1,2237,1,2236.0,2236,0,22,15,15,9,9,3,3,7,309,3,9,0,0,7,0,0,0,0,4,22,5,0,0,0,0,0,0,0,0,0,0,0,0,0,0,0,0,0,0,0,0,0,0,0,0,0,0,0,0,0,0,0,0,0,0,0,0,0,0,0,0,0,0,0,0,0,0,0,0,0,0,0,0,0,0,0,0,0,0,0,0,0,0,0,0,0,0,0,0,0,0,7,4,2,4,10,12,1,22,2,1,2
113.ps1,1,2237,1,2236.0,2236,0,22,15,15,9,9,3,3,7,309,3,9,0,0,7,0,0,0,0,4,22,5,0,0,0,0,0,0,0,0,0,0,0,0,0,0,0,0,0,0,0,0,0,0,0,0,0,0,0,0,0,0,0,0,0,0,0,0,0,0,0,0,0,0,0,0,0,0,0,0,0,0,0,0,0,0,0,0,0,0,0,0,0,0,0,0,0,0,0,0,0,0,7,4,2,4,10,12,1,22,2,1,2
1127.ps1,1,2308,1,2307.0,2307,0,24,15,15,11,11,3,3,7,309,3,9,0,0,8,0,0,0,0,5,24,5,0,0,0,0,0,0,0,0,0,0,0,0,0,0,0,0,0,0,0,0,0,0,0,0,0,0,0,0,0,0,0,0,0,0,0,0,0,0,0,0,0,0,0,0,0,0,0,0,0,0,0,0,0,0,0,0,0,0,0,0,0,0,0,0,0,0,0,0,0,0,8,4,2,4,10,12,1,24,3,1,2
1137.ps1,1,2327,1,2326.0,2326,0,22,15,15,9,9,3,3,7,327,3,9,0,0,7,0,0,0,0,4,22,5,0,0,0,0,0,0,0,0,0,0,0,0,0,0,0,0,0,0,0,0,0,0,0,0,0,0,0,0,0,0,0,0,0,0,0,0,0,0,0,0,0,0,0,0,0,0,0,0,0,0,0,0,0,0,0,0,0,0,0,0,0,0,0,0,0,0,0,0,0,0,7,4,2,4,10,12,1,22,2,1,2
1142.ps1,1,178,1,177.0,177,1,1,3,3,1,1,1,1,7,0,0,2,0,3,1,0,0,0,0,4,1,1,0,0,0,0,0,0,0,0,0,0,0,0,0,0,0,0,0,0,0,0,0,0,0,0,0,0,0,0,0,0,0,0,0,0,0,0,0,0,0,0,0,0,0,0,0,0,0,0,0,0,0,0,0,0,0,0,1,0,0,0,0,0,0,0,0,0,1,1,0,0,1,0,2,1,4,6,1,1,0,0,2
1135.ps1,1,2343,1,2342.0,2342,0,22,15,15,9,9,3,3,7,327,3,9,0,0,7,0,0,0,0,5,22,5,0,0,0,0,0,0,0,0,0,0,0,0,0,0,0,0,0,0,0,0,0,0,0,0,0,0,0,0,0,0,0,0,0,0,0,0,0,0,0,0,0,0,0,0,0,0,0,0,0,0,0,0,0,0,0,0,0,0,0,0,0,0,0,0,0,0,0,0,0,0,7,4,2,4,10,12,1,22,2,1,2
1146.ps1,1,149,1,148.0,148,1,2,3,3,0,0,0,0,8,1,0,2,0,3,0,0,0,0,0,4,2,3,0,0,0,0,0,0,0,0,0,0,0,0,0,0,0,0,0,0,0,0,0,0,0,0,0,0,0,0,0,0,0,0,0,0,0,0,0,0,0,0,0,0,0,0,0,0,0,0,0,0,0,0,0,0,0,0,0,0,0,0,0,0,0,0,0,1,1,0,1,0,0,0,2,1,4,5,0,2,0,0,2
1132.ps1,1,2643,1,2642.0,2642,0,22,15,15,9,9,3,3,7,390,3,9,0,0,7,0,0,0,0,5,22,5,0,0,0,0,0,0,0,0,0,0,0,0,0,0,0,0,0,0,0,0,0,0,0,0,0,0,0,0,0,0,0,0,0,0,0,0,0,0,0,0,0,0,0,0,0,0,0,0,0,0,0,0,0,0,0,0,0,0,0,0,0,0,0,0,0,0,0,0,0,0,7,4,2,4,10,12,1,22,2,1,2
1131.ps1,1,122,1,121.0,121,1,0,2,2,0,0,0,0,7,1,0,2,0,3,0,0,0,0,0,5,0,3,0,0,0,0,0,0,0,0,0,0,0,0,0,0,0,0,0,0,0,0,0,0,0,0,0,0,0,0,0,0,0,0,0,0,0,0,0,0,0,0,0,0,0,0,0,0,0,0,0,0,0,0,0,0,0,0,0,0,0,0,0,0,0,0,0,1,1,0,1,0,0,0,2,1,3,7,0,0,0,0,1
1138.ps1,1,2238,1,2237.0,2237,0,22,15,15,9,9,3,3,7,309,3,9,0,0,7,0,0,0,0,5,22,5,0,0,0,0,0,0,0,0,0,0,0,0,0,0,0,0,0,0,0,0,0,0,0,0,0,0,0,0,0,0,0,0,0,0,0,0,0,0,0,0,0,0,0,0,0,0,0,0,0,0,0,0,0,0,0,0,0,0,0,0,0,0,0,0,0,0,0,0,0,0,7,4,2,4,10,12,1,22,2,1,2
1149.ps1,1,2222,1,2221.0,2221,0,22,15,15,9,9,3,3,7,306,3,9,0,0,7,0,0,0,0,4,22,5,0,0,0,0,0,0,0,0,0,0,0,0,0,0,0,0,0,0,0,0,0,0,0,0,0,0,0,0,0,0,0,0,0,0,0,0,0,0,0,0,0,0,0,0,0,0,0,0,0,0,0,0,0,0,0,0,0,0,0,0,0,0,0,0,0,0,0,0,0,0,7,4,2,4,10,12,1,22,2,1,2
1150.ps1,1,252,1,251.0,251,1,0,2,2,0,0,0,0,8,0,0,8,0,9,0,0,0,0,0,8,0,1,0,0,0,0,0,0,0,0,0,0,0,0,0,0,0,0,0,0,0,0,0,0,0,0,0,0,0,0,0,0,0,0,0,0,0,1,0,0,0,0,0,0,0,1,0,0,0,1,0,0,0,0,0,0,0,0,0,0,0,0,0,0,0,0,0,0,1,1,0,0,0,0,3,1,3,8,0,0,0,0,1
1156.ps1,1,2327,1,2326.0,2326,0,22,15,15,9,9,3,3,7,327,3,9,0,0,7,0,0,0,0,4,22,5,0,0,0,0,0,0,0,0,0,0,0,0,0,0,0,0,0,0,0,0,0,0,0,0,0,0,0,0,0,0,0,0,0,0,0,0,0,0,0,0,0,0,0,0,0,0,0,0,0,0,0,0,0,0,0,0,0,0,0,0,0,0,0,0,0,0,0,0,0,0,7,4,2,4,10,12,1,22,2,1,2
1139.ps1,1,2237,1,2236.0,2236,0,22,15,15,9,9,3,3,7,309,3,9,0,0,7,0,0,0,0,4,22,5,0,0,0,0,0,0,0,0,0,0,0,0,0,0,0,0,0,0,0,0,0,0,0,0,0,0,0,0,0,0,0,0,0,0,0,0,0,0,0,0,0,0,0,0,0,0,0,0,0,0,0,0,0,0,0,0,0,0,0,0,0,0,0,0,0,0,0,0,0,0,7,4,2,4,10,12,1,22,2,1,2
1145.ps1,1,2237,1,2236.0,2236,0,22,15,15,9,9,3,3,7,309,3,9,0,0,7,0,0,0,0,4,22,5,0,0,0,0,0,0,0,0,0,0,0,0,0,0,0,0,0,0,0,0,0,0,0,0,0,0,0,0,0,0,0,0,0,0,0,0,0,0,0,0,0,0,0,0,0,0,0,0,0,0,0,0,0,0,0,0,0,0,0,0,0,0,0,0,0,0,0,0,0,0,7,4,2,4,10,12,1,22,2,1,2
1163.ps1,1,2893,1,2892.0,2892,0,22,15,15,9,9,3,3,7,440,3,9,0,0,7,0,0,0,0,5,22,5,0,0,0,0,0,0,0,0,0,0,0,0,0,0,0,0,0,0,0,0,0,0,0,0,0,0,0,0,0,0,0,0,0,0,0,0,0,0,0,0,0,0,0,0,0,0,0,0,0,0,0,0,0,0,0,0,0,0,0,0,0,0,0,0,0,0,0,0,0,0,7,4,2,4,10,12,1,22,2,1,2
1158.ps1,1,2328,1,2327.0,2327,0,22,15,15,9,9,3,3,7,327,3,9,0,0,7,0,0,0,0,5,22,5,0,0,0,0,0,0,0,0,0,0,0,0,0,0,0,0,0,0,0,0,0,0,0,0,0,0,0,0,0,0,0,0,0,0,0,0,0,0,0,0,0,0,0,0,0,0,0,0,0,0,0,0,0,0,0,0,0,0,0,0,0,0,0,0,0,0,0,0,0,0,7,4,2,4,10,12,1,22,2,1,2
116.ps1,1,2451,1,2450.0,2450,0,22,15,15,9,9,3,3,7,352,3,9,0,0,7,0,0,0,0,3,22,5,0,0,0,0,0,0,0,0,0,0,0,0,0,0,0,0,0,0,0,0,0,0,0,0,0,0,0,0,0,0,0,0,0,0,0,0,0,0,0,0,0,0,0,0,0,0,0,0,0,0,0,0,0,0,0,0,0,0,0,0,0,0,0,0,0,0,0,0,0,0,7,4,2,4,10,12,1,22,2,1,2
1160.ps1,1,2130,1,2129.0,2129,0,2,6,6,2,2,0,0,7,2,27,3,0,29,1,0,0,0,0,8,2,1,0,0,0,0,0,0,0,0,0,0,0,0,0,0,0,0,0,0,0,0,0,0,0,0,0,0,0,0,0,0,0,0,2,0,0,0,0,0,0,0,0,0,0,0,0,0,0,0,1,0,0,0,0,1,0,0,0,0,0,0,0,0,0,0,0,0,0,0,0,0,1,0,4,2,6,11,2,2,0,2,4
1159.ps1,1,2452,1,2451.0,2451,0,22,15,15,9,9,3,3,7,352,3,9,0,0,7,0,0,0,0,4,22,5,0,0,0,0,0,0,0,0,0,0,0,0,0,0,0,0,0,0,0,0,0,0,0,0,0,0,0,0,0,0,0,0,0,0,0,0,0,0,0,0,0,0,0,0,0,0,0,0,0,0,0,0,0,0,0,0,0,0,0,0,0,0,0,0,0,0,0,0,0,0,7,4,2,4,10,12,1,22,2,1,2
1162.ps1,1,2336,1,2335.0,2335,0,22,15,15,9,9,3,3,7,327,3,9,0,0,7,0,0,0,0,3,22,5,0,0,0,0,0,0,0,0,0,0,0,0,0,0,0,0,0,0,0,0,0,0,0,0,0,0,0,0,0,0,0,0,0,0,0,0,0,0,0,0,0,0,0,0,0,0,0,0,0,0,0,0,0,0,0,0,0,0,0,0,0,0,0,0,0,0,0,0,0,0,7,4,2,4,10,12,1,22,2,1,2
1164.ps1,1,2248,1,2247.0,2247,0,22,15,15,9,9,3,3,7,309,3,9,0,0,7,0,0,0,0,5,22,5,0,0,0,0,0,0,0,0,0,0,0,0,0,0,0,0,0,0,0,0,0,0,0,0,0,0,0,0,0,0,0,0,0,0,0,0,0,0,0,0,0,0,0,0,0,0,0,0,0,0,0,0,0,0,0,0,0,0,0,0,0,0,0,0,0,0,0,0,0,0,7,4,2,4,10,12,1,22,2,1,2
1170.ps1,1,2237,1,2236.0,2236,0,22,15,15,9,9,3,3,7,309,3,9,0,0,7,0,0,0,0,4,22,5,0,0,0,0,0,0,0,0,0,0,0,0,0,0,0,0,0,0,0,0,0,0,0,0,0,0,0,0,0,0,0,0,0,0,0,0,0,0,0,0,0,0,0,0,0,0,0,0,0,0,0,0,0,0,0,0,0,0,0,0,0,0,0,0,0,0,0,0,0,0,7,4,2,4,10,12,1,22,2,1,2
118.ps1,1,2237,1,2236.0,2236,0,22,15,15,9,9,3,3,7,309,3,9,0,0,7,0,0,0,0,4,22,5,0,0,0,0,0,0,0,0,0,0,0,0,0,0,0,0,0,0,0,0,0,0,0,0,0,0,0,0,0,0,0,0,0,0,0,0,0,0,0,0,0,0,0,0,0,0,0,0,0,0,0,0,0,0,0,0,0,0,0,0,0,0,0,0,0,0,0,0,0,0,7,4,2,4,10,12,1,22,2,1,2
1169.ps1,1,2236,1,2235.0,2235,0,22,15,15,9,9,3,3,7,309,3,9,0,0,7,0,0,0,0,3,22,5,0,0,0,0,0,0,0,0,0,0,0,0,0,0,0,0,0,0,0,0,0,0,0,0,0,0,0,0,0,0,0,0,0,0,0,0,0,0,0,0,0,0,0,0,0,0,0,0,0,0,0,0,0,0,0,0,0,0,0,0,0,0,0,0,0,0,0,0,0,0,7,4,2,4,10,12,1,22,2,1,2
1189.ps1,1,2328,1,2327.0,2327,0,22,15,15,9,9,3,3,7,327,3,9,0,0,7,0,0,0,0,5,22,5,0,0,0,0,0,0,0,0,0,0,0,0,0,0,0,0,0,0,0,0,0,0,0,0,0,0,0,0,0,0,0,0,0,0,0,0,0,0,0,0,0,0,0,0,0,0,0,0,0,0,0,0,0,0,0,0,0,0,0,0,0,0,0,0,0,0,0,0,0,0,7,4,2,4,10,12,1,22,2,1,2
1171.ps1,1,2327,1,2326.0,2326,0,22,15,15,9,9,3,3,7,327,3,9,0,0,7,0,0,0,0,4,22,5,0,0,0,0,0,0,0,0,0,0,0,0,0,0,0,0,0,0,0,0,0,0,0,0,0,0,0,0,0,0,0,0,0,0,0,0,0,0,0,0,0,0,0,0,0,0,0,0,0,0,0,0,0,0,0,0,0,0,0,0,0,0,0,0,0,0,0,0,0,0,7,4,2,4,10,12,1,22,2,1,2
1188.ps1,1,2453,1,2452.0,2452,0,22,15,15,9,9,3,3,7,352,3,9,0,0,7,0,0,0,0,5,22,5,0,0,0,0,0,0,0,0,0,0,0,0,0,0,0,0,0,0,0,0,0,0,0,0,0,0,0,0,0,0,0,0,0,0,0,0,0,0,0,0,0,0,0,0,0,0,0,0,0,0,0,0,0,0,0,0,0,0,0,0,0,0,0,0,0,0,0,0,0,0,7,4,2,4,10,12,1,22,2,1,2
1176.ps1,1,2703,1,2702.0,2702,0,22,15,15,9,9,3,3,7,402,3,9,0,0,7,0,0,0,0,5,22,5,0,0,0,0,0,0,0,0,0,0,0,0,0,0,0,0,0,0,0,0,0,0,0,0,0,0,0,0,0,0,0,0,0,0,0,0,0,0,0,0,0,0,0,0,0,0,0,0,0,0,0,0,0,0,0,0,0,0,0,0,0,0,0,0,0,0,0,0,0,0,7,4,2,4,10,12,1,22,2,1,2
119.ps1,1,143,1,142.0,142,1,0,2,2,0,0,0,0,8,1,0,2,0,6,0,0,0,0,0,4,0,3,0,0,0,0,0,0,0,0,0,0,0,0,0,0,0,0,0,0,0,0,0,0,0,0,0,0,0,0,0,0,0,0,0,0,0,0,0,0,0,0,0,0,0,0,0,0,0,0,0,0,0,0,0,0,0,0,0,0,0,0,0,0,0,0,0,1,1,0,1,0,0,0,2,1,3,7,0,0,0,0,1
1200.ps1,1,139,1,138.0,138,1,2,3,3,0,0,0,0,8,1,0,2,0,4,0,0,0,0,0,5,2,3,0,0,0,0,0,0,0,0,0,0,0,0,0,0,0,0,0,0,0,0,0,0,0,0,0,0,0,0,0,0,0,0,0,0,0,0,0,0,0,0,0,0,0,0,0,0,0,0,0,0,0,0,0,0,0,0,0,0,0,0,0,0,0,0,0,1,1,0,1,0,0,0,2,1,4,5,0,2,0,0,2
1192.ps1,1,2251,1,2250.0,2250,0,22,15,15,9,9,3,3,7,309,3,9,0,0,7,0,0,0,0,4,22,5,0,0,0,0,0,0,0,0,0,0,0,0,0,0,0,0,0,0,0,0,0,0,0,0,0,0,0,0,0,0,0,0,0,0,0,0,0,0,0,0,0,0,0,0,0,0,0,0,0,0,0,0,0,0,0,0,0,0,0,0,0,0,0,0,0,0,0,0,0,0,7,4,2,4,10,12,1,22,2,1,2
1167.ps1,1,2237,1,2236.0,2236,0,22,15,15,9,9,3,3,7,309,3,9,0,0,7,0,0,0,0,4,22,5,0,0,0,0,0,0,0,0,0,0,0,0,0,0,0,0,0,0,0,0,0,0,0,0,0,0,0,0,0,0,0,0,0,0,0,0,0,0,0,0,0,0,0,0,0,0,0,0,0,0,0,0,0,0,0,0,0,0,0,0,0,0,0,0,0,0,0,0,0,0,7,4,2,4,10,12,1,22,2,1,2
1194.ps1,1,3507,1,3506.0,3506,0,22,15,15,9,9,3,3,7,563,3,9,0,0,7,0,0,0,0,4,22,5,0,0,0,0,0,0,0,0,0,0,0,0,0,0,0,0,0,0,0,0,0,0,0,0,0,0,0,0,0,0,0,0,0,0,0,0,0,0,0,0,0,0,0,0,0,0,0,0,0,0,0,0,0,0,0,0,0,0,0,0,0,0,0,0,0,0,0,0,0,0,7,4,2,4,10,12,1,22,2,1,2
1212.ps1,1,3187,1,3186.0,3186,0,22,15,15,9,9,3,3,7,499,3,9,0,0,7,0,0,0,0,4,22,5,0,0,0,0,0,0,0,0,0,0,0,0,0,0,0,0,0,0,0,0,0,0,0,0,0,0,0,0,0,0,0,0,0,0,0,0,0,0,0,0,0,0,0,0,0,0,0,0,0,0,0,0,0,0,0,0,0,0,0,0,0,0,0,0,0,0,0,0,0,0,7,4,2,4,10,12,1,22,2,1,2
1199.ps1,1,529,1,528.0,528,1,16,6,6,8,9,3,2,24,1,2,4,1,5,9,0,2,0,0,4,16,5,0,0,0,0,0,0,0,0,0,0,0,0,0,0,0,0,0,0,0,0,0,0,0,0,0,0,0,0,0,0,0,0,0,0,0,0,0,0,0,0,0,0,0,0,0,0,0,0,0,0,0,0,0,0,0,0,1,0,0,0,0,0,0,0,0,1,1,1,0,0,8,3,3,2,9,19,3,16,2,0,3
12.ps1,1,2238,1,2237.0,2237,0,22,15,15,9,9,3,3,7,309,3,9,0,0,7,0,0,0,0,5,22,5,0,0,0,0,0,0,0,0,0,0,0,0,0,0,0,0,0,0,0,0,0,0,0,0,0,0,0,0,0,0,0,0,0,0,0,0,0,0,0,0,0,0,0,0,0,0,0,0,0,0,0,0,0,0,0,0,0,0,0,0,0,0,0,0,0,0,0,0,0,0,7,4,2,4,10,12,1,22,2,1,2
1206.ps1,1,199,1,198.0,198,1,4,2,2,2,2,0,0,10,0,0,1,0,3,3,0,0,0,0,4,4,1,0,0,0,0,0,0,0,0,0,0,0,0,0,0,0,0,0,0,0,0,0,0,0,0,0,0,0,0,0,0,0,0,0,0,0,0,0,0,0,0,0,0,0,0,0,0,0,0,0,0,0,0,0,0,0,0,0,0,0,0,0,0,0,0,0,0,1,1,0,0,3,0,2,2,2,10,2,4,0,0,0
1209.ps1,1,2530,1,2529.0,2529,0,34,18,18,12,12,5,5,12,309,4,16,0,0,12,0,0,0,2,2,32,12,0,0,0,0,0,0,0,0,0,0,0,0,0,0,0,0,0,0,0,0,0,0,0,0,0,0,0,0,0,0,0,0,0,0,0,0,0,0,0,0,0,0,0,0,0,0,0,0,0,0,0,1,0,0,0,0,0,0,0,0,0,0,0,0,0,0,0,0,0,0,5,2,2,2,3,10,3,12,0,0,0
1217.ps1,1,2251,1,2250.0,2250,0,22,15,15,9,9,3,3,7,309,3,9,0,0,7,0,0,0,0,4,22,5,0,0,0,0,0,0,0,0,0,0,0,0,0,0,0,0,0,0,0,0,0,0,0,0,0,0,0,0,0,0,0,0,0,0,0,0,0,0,0,0,0,0,0,0,0,0,0,0,0,0,0,0,0,0,0,0,0,0,0,0,0,0,0,0,0,0,0,0,0,0,7,4,2,4,10,12,1,22,2,1,2
1222.ps1,1,2282,1,2281.0,2281,0,22,15,15,9,9,3,3,7,318,3,9,0,0,7,0,0,0,0,4,22,5,0,0,0,0,0,0,0,0,0,0,0,0,0,0,0,0,0,0,0,0,0,0,0,0,0,0,0,0,0,0,0,0,0,0,0,0,0,0,0,0,0,0,0,0,0,0,0,0,0,0,0,0,0,0,0,0,0,0,0,0,0,0,0,0,0,0,0,0,0,0,7,4,2,4,10,12,1,22,2,1,2
1216.ps1,1,2588,1,2587.0,2587,0,4,9,9,3,3,0,0,8,3,84,4,0,120,2,0,0,0,0,13,0,1,0,0,0,0,0,0,0,0,0,0,0,0,0,0,0,0,0,0,0,0,0,0,0,0,0,0,0,0,0,0,0,0,0,0,0,0,0,0,0,0,0,0,0,0,0,0,0,0,1,0,0,0,0,1,0,0,0,0,0,0,0,0,0,0,0,0,0,0,0,0,0,0,4,2,8,12,3,0,0,3,3
121.ps1,1,2237,1,2236.0,2236,0,22,15,15,9,9,3,3,7,309,3,9,0,0,7,0,0,0,0,4,22,5,0,0,0,0,0,0,0,0,0,0,0,0,0,0,0,0,0,0,0,0,0,0,0,0,0,0,0,0,0,0,0,0,0,0,0,0,0,0,0,0,0,0,0,0,0,0,0,0,0,0,0,0,0,0,0,0,0,0,0,0,0,0,0,0,0,0,0,0,0,0,7,4,2,4,10,12,1,22,2,1,2
1220.ps1,1,2337,1,2336.0,2336,0,22,15,15,9,9,3,3,7,327,3,9,0,0,7,0,0,0,0,4,22,5,0,0,0,0,0,0,0,0,0,0,0,0,0,0,0,0,0,0,0,0,0,0,0,0,0,0,0,0,0,0,0,0,0,0,0,0,0,0,0,0,0,0,0,0,0,0,0,0,0,0,0,0,0,0,0,0,0,0,0,0,0,0,0,0,0,0,0,0,0,0,7,4,2,4,10,12,1,22,2,1,2
1219.ps1,1,2451,1,2450.0,2450,0,22,15,15,9,9,3,3,7,352,3,9,0,0,7,0,0,0,0,3,22,5,0,0,0,0,0,0,0,0,0,0,0,0,0,0,0,0,0,0,0,0,0,0,0,0,0,0,0,0,0,0,0,0,0,0,0,0,0,0,0,0,0,0,0,0,0,0,0,0,0,0,0,0,0,0,0,0,0,0,0,0,0,0,0,0,0,0,0,0,0,0,7,4,2,4,10,12,1,22,2,1,2
1224.ps1,1,530,1,529.0,529,1,16,6,6,8,8,2,2,23,2,2,4,0,6,8,0,2,0,1,3,16,5,0,0,0,0,0,0,0,0,0,0,0,0,0,0,0,0,0,0,0,0,0,0,0,0,0,0,0,0,0,0,0,0,0,0,0,0,0,0,0,0,0,0,0,0,0,0,0,0,0,0,0,0,0,0,0,0,1,0,0,0,0,0,0,0,0,1,1,1,0,0,8,3,3,2,9,19,3,16,2,0,3
1215.ps1,1,591,1,590.0,590,1,16,6,6,9,9,2,2,24,1,2,4,0,5,9,0,2,0,0,3,16,5,0,0,0,0,0,0,0,0,0,0,0,0,0,0,0,0,0,0,0,0,0,0,0,0,0,0,0,0,0,0,0,0,0,0,0,0,0,0,0,0,0,0,0,0,0,0,0,0,0,0,0,0,0,0,0,0,1,0,0,0,0,0,0,0,0,1,1,1,0,0,9,3,3,2,9,20,4,16,2,0,3
1226.ps1,1,2452,1,2451.0,2451,0,22,15,15,9,9,3,3,7,352,3,9,0,0,7,0,0,0,0,4,22,5,0,0,0,0,0,0,0,0,0,0,0,0,0,0,0,0,0,0,0,0,0,0,0,0,0,0,0,0,0,0,0,0,0,0,0,0,0,0,0,0,0,0,0,0,0,0,0,0,0,0,0,0,0,0,0,0,0,0,0,0,0,0,0,0,0,0,0,0,0,0,7,4,2,4,10,12,1,22,2,1,2
1232.ps1,1,448,1,447.0,447,1,15,6,6,8,7,1,1,21,2,3,4,0,5,7,1,3,1,1,3,15,5,0,0,0,0,0,0,0,0,0,0,0,0,0,0,0,0,0,0,0,0,0,0,0,0,0,0,0,0,0,0,0,0,0,0,0,0,0,0,0,0,0,0,0,0,0,0,0,0,0,0,0,0,0,0,0,0,0,0,0,0,0,0,0,0,0,1,1,1,0,0,7,3,3,2,8,18,2,15,2,0,3
1231.ps1,1,427,1,426.0,426,1,10,7,7,2,2,1,1,19,1,0,4,0,8,5,0,0,0,0,5,10,3,0,0,0,0,0,0,0,0,0,0,0,0,0,0,0,0,0,0,0,0,0,0,0,0,0,0,0,0,0,0,0,0,0,0,0,0,0,0,0,0,0,0,0,0,0,0,0,0,0,0,0,0,0,0,0,0,2,0,0,0,0,0,0,0,0,1,1,1,0,0,5,0,3,3,7,15,2,10,0,0,2
1223.ps1,1,144,1,143.0,143,1,0,3,3,0,0,0,0,7,1,0,2,0,5,0,0,0,0,0,6,0,3,0,0,0,0,0,0,0,0,0,0,0,0,0,0,0,0,0,0,0,0,0,0,0,0,0,0,0,0,0,0,0,0,0,0,0,0,0,0,0,0,0,0,0,0,0,0,0,0,0,0,0,0,0,0,0,0,0,0,0,0,0,0,0,0,0,0,1,0,1,0,0,0,2,1,4,7,0,0,0,0,2
1229.ps1,1,2237,1,2236.0,2236,0,22,15,15,9,9,3,3,7,309,3,9,0,0,7,0,0,0,0,4,22,5,0,0,0,0,0,0,0,0,0,0,0,0,0,0,0,0,0,0,0,0,0,0,0,0,0,0,0,0,0,0,0,0,0,0,0,0,0,0,0,0,0,0,0,0,0,0,0,0,0,0,0,0,0,0,0,0,0,0,0,0,0,0,0,0,0,0,0,0,0,0,7,4,2,4,10,12,1,22,2,1,2
1244.ps1,1,2322,1,2321.0,2321,0,18,8,8,4,4,2,2,20,2,24,8,0,41,12,0,0,0,0,2,18,6,0,0,0,0,0,0,0,0,0,0,0,0,0,0,0,0,0,0,0,0,0,0,0,0,0,0,0,0,0,0,0,1,3,0,0,0,0,0,0,0,0,0,0,0,0,0,0,0,1,0,0,0,0,1,0,0,2,1,0,0,0,1,0,0,0,0,0,0,0,3,10,2,1,1,2,14,2,16,0,0,0
1252.ps1,1,2237,1,2236.0,2236,0,22,15,15,9,9,3,3,7,309,3,9,0,0,7,0,0,0,0,4,22,5,0,0,0,0,0,0,0,0,0,0,0,0,0,0,0,0,0,0,0,0,0,0,0,0,0,0,0,0,0,0,0,0,0,0,0,0,0,0,0,0,0,0,0,0,0,0,0,0,0,0,0,0,0,0,0,0,0,0,0,0,0,0,0,0,0,0,0,0,0,0,7,4,2,4,10,12,1,22,2,1,2
1238.ps1,1,2237,1,2236.0,2236,0,22,15,15,9,9,3,3,7,309,3,9,0,0,7,0,0,0,0,4,22,5,0,0,0,0,0,0,0,0,0,0,0,0,0,0,0,0,0,0,0,0,0,0,0,0,0,0,0,0,0,0,0,0,0,0,0,0,0,0,0,0,0,0,0,0,0,0,0,0,0,0,0,0,0,0,0,0,0,0,0,0,0,0,0,0,0,0,0,0,0,0,7,4,2,4,10,12,1,22,2,1,2
1255.ps1,1,2328,1,2327.0,2327,0,22,15,15,9,9,3,3,7,327,3,9,0,0,7,0,0,0,0,5,22,5,0,0,0,0,0,0,0,0,0,0,0,0,0,0,0,0,0,0,0,0,0,0,0,0,0,0,0,0,0,0,0,0,0,0,0,0,0,0,0,0,0,0,0,0,0,0,0,0,0,0,0,0,0,0,0,0,0,0,0,0,0,0,0,0,0,0,0,0,0,0,7,4,2,4,10,12,1,22,2,1,2
126.ps1,1,503,1,502.0,502,1,15,6,6,8,8,1,1,23,1,2,4,0,5,8,0,2,0,0,3,15,5,0,0,0,0,0,0,0,0,0,0,0,0,0,0,0,0,0,0,0,0,0,0,0,0,0,0,0,0,0,0,0,0,0,0,0,0,0,0,0,0,0,0,0,0,0,0,0,0,0,0,0,0,0,0,0,0,0,0,0,0,0,0,0,0,0,1,1,1,0,0,8,3,3,2,8,19,3,15,2,0,3
1251.ps1,1,2327,1,2326.0,2326,0,22,15,15,9,9,3,3,7,327,3,9,0,0,7,0,0,0,0,4,22,5,0,0,0,0,0,0,0,0,0,0,0,0,0,0,0,0,0,0,0,0,0,0,0,0,0,0,0,0,0,0,0,0,0,0,0,0,0,0,0,0,0,0,0,0,0,0,0,0,0,0,0,0,0,0,0,0,0,0,0,0,0,0,0,0,0,0,0,0,0,0,7,4,2,4,10,12,1,22,2,1,2
1254.ps1,1,2193,1,2192.0,2192,0,22,15,15,9,9,3,3,7,300,3,9,0,0,7,0,0,0,0,5,22,5,0,0,0,0,0,0,0,0,0,0,0,0,0,0,0,0,0,0,0,0,0,0,0,0,0,0,0,0,0,0,0,0,0,0,0,0,0,0,0,0,0,0,0,0,0,0,0,0,0,0,0,0,0,0,0,0,0,0,0,0,0,0,0,0,0,0,0,0,0,0,7,4,2,4,10,12,1,22,2,1,2
1253.ps1,1,2282,1,2281.0,2281,0,22,15,15,9,9,3,3,7,318,3,9,0,0,7,0,0,0,0,4,22,5,0,0,0,0,0,0,0,0,0,0,0,0,0,0,0,0,0,0,0,0,0,0,0,0,0,0,0,0,0,0,0,0,0,0,0,0,0,0,0,0,0,0,0,0,0,0,0,0,0,0,0,0,0,0,0,0,0,0,0,0,0,0,0,0,0,0,0,0,0,0,7,4,2,4,10,12,1,22,2,1,2
1260.ps1,1,2238,1,2237.0,2237,0,22,15,15,9,9,3,3,7,309,3,9,0,0,7,0,0,0,0,5,22,5,0,0,0,0,0,0,0,0,0,0,0,0,0,0,0,0,0,0,0,0,0,0,0,0,0,0,0,0,0,0,0,0,0,0,0,0,0,0,0,0,0,0,0,0,0,0,0,0,0,0,0,0,0,0,0,0,0,0,0,0,0,0,0,0,0,0,0,0,0,0,7,4,2,4,10,12,1,22,2,1,2
1259.ps1,1,2250,1,2249.0,2249,0,22,15,15,9,9,3,3,7,309,3,9,0,0,7,0,0,0,0,4,22,5,0,0,0,0,0,0,0,0,0,0,0,0,0,0,0,0,0,0,0,0,0,0,0,0,0,0,0,0,0,0,0,0,0,0,0,0,0,0,0,0,0,0,0,0,0,0,0,0,0,0,0,0,0,0,0,0,0,0,0,0,0,0,0,0,0,0,0,0,0,0,7,4,2,4,10,12,1,22,2,1,2
1264.ps1,1,139,1,138.0,138,1,0,2,2,0,0,0,0,9,1,0,2,0,4,0,0,0,0,0,6,0,3,0,0,0,0,0,0,0,0,0,0,0,0,0,0,0,0,0,0,0,0,0,0,0,0,0,0,0,0,0,0,0,0,0,0,0,0,0,0,0,0,0,0,0,0,0,0,0,0,0,0,0,0,0,0,0,0,0,0,0,0,0,0,0,0,0,1,1,0,1,0,0,0,2,1,3,7,0,0,0,0,1
1265.ps1,1,2251,1,2250.0,2250,0,22,15,15,9,9,3,3,7,309,3,9,0,0,7,0,0,0,0,4,22,5,0,0,0,0,0,0,0,0,0,0,0,0,0,0,0,0,0,0,0,0,0,0,0,0,0,0,0,0,0,0,0,0,0,0,0,0,0,0,0,0,0,0,0,0,0,0,0,0,0,0,0,0,0,0,0,0,0,0,0,0,0,0,0,0,0,0,0,0,0,0,7,4,2,4,10,12,1,22,2,1,2
1268.ps1,1,2417,1,2416.0,2416,0,22,15,15,9,9,3,3,7,345,3,9,0,0,7,0,0,0,0,4,22,5,0,0,0,0,0,0,0,0,0,0,0,0,0,0,0,0,0,0,0,0,0,0,0,0,0,0,0,0,0,0,0,0,0,0,0,0,0,0,0,0,0,0,0,0,0,0,0,0,0,0,0,0,0,0,0,0,0,0,0,0,0,0,0,0,0,0,0,0,0,0,7,4,2,4,10,12,1,22,2,1,2
1278.ps1,1,2251,1,2250.0,2250,0,22,15,15,9,9,3,3,7,309,3,9,0,0,7,0,0,0,0,4,22,5,0,0,0,0,0,0,0,0,0,0,0,0,0,0,0,0,0,0,0,0,0,0,0,0,0,0,0,0,0,0,0,0,0,0,0,0,0,0,0,0,0,0,0,0,0,0,0,0,0,0,0,0,0,0,0,0,0,0,0,0,0,0,0,0,0,0,0,0,0,0,7,4,2,4,10,12,1,22,2,1,2
1288.ps1,1,167,1,166.0,166,1,2,3,3,0,0,0,0,8,1,0,3,0,5,0,0,0,0,0,7,2,3,0,0,0,0,0,0,0,0,0,0,0,0,0,0,0,0,0,0,0,0,0,0,0,0,0,0,0,0,0,0,0,0,0,0,0,0,0,0,0,0,0,0,0,0,0,0,0,0,0,0,0,0,0,0,0,0,0,0,0,0,0,0,0,0,0,1,1,0,1,0,0,0,2,1,4,5,0,2,0,0,2
1292.ps1,1,2282,1,2281.0,2281,0,22,15,15,9,9,3,3,7,318,3,9,0,0,7,0,0,0,0,4,22,5,0,0,0,0,0,0,0,0,0,0,0,0,0,0,0,0,0,0,0,0,0,0,0,0,0,0,0,0,0,0,0,0,0,0,0,0,0,0,0,0,0,0,0,0,0,0,0,0,0,0,0,0,0,0,0,0,0,0,0,0,0,0,0,0,0,0,0,0,0,0,7,4,2,4,10,12,1,22,2,1,2
1289.ps1,1,2452,1,2451.0,2451,0,22,15,15,9,9,3,3,7,352,3,9,0,0,7,0,0,0,0,4,22,5,0,0,0,0,0,0,0,0,0,0,0,0,0,0,0,0,0,0,0,0,0,0,0,0,0,0,0,0,0,0,0,0,0,0,0,0,0,0,0,0,0,0,0,0,0,0,0,0,0,0,0,0,0,0,0,0,0,0,0,0,0,0,0,0,0,0,0,0,0,0,7,4,2,4,10,12,1,22,2,1,2
1269.ps1,1,145,1,144.0,144,1,0,2,2,0,0,0,0,7,1,0,3,0,6,0,0,0,0,0,4,0,3,0,0,0,0,0,0,0,0,0,0,0,0,0,0,0,0,0,0,0,0,0,0,0,0,0,0,0,0,0,0,0,0,0,0,0,0,0,0,0,0,0,0,0,0,0,0,0,0,0,0,0,0,0,0,0,0,0,0,0,0,0,0,0,0,0,1,1,0,1,0,0,0,2,1,3,7,0,0,0,0,1
1297.ps1,1,171,1,170.0,170,1,2,3,3,0,0,0,0,7,1,0,2,0,5,0,0,0,0,0,5,2,3,0,0,0,0,0,0,0,0,0,0,0,0,0,0,0,0,0,0,0,0,0,0,0,0,0,0,0,0,0,0,0,0,0,0,0,0,0,0,0,0,0,0,0,0,0,0,0,0,0,0,0,0,0,0,0,0,0,0,0,0,0,0,0,0,0,1,1,0,1,0,0,0,2,1,4,5,0,2,0,0,2
1273.ps1,1,210,1,210.0,210,1,3,1,1,1,1,0,0,6,0,0,5,0,3,1,0,0,0,0,10,3,4,0,0,0,0,0,0,0,0,0,0,0,0,0,0,0,0,0,0,0,0,0,0,0,0,0,0,0,0,0,0,0,0,0,0,0,0,0,0,0,0,0,0,0,0,0,0,0,0,0,0,0,0,0,0,0,0,0,0,0,0,0,0,0,0,0,0,0,0,0,0,1,0,3,1,3,7,1,3,0,0,0
1270.ps1,1,2249,1,2248.0,2248,0,22,15,15,9,9,3,3,7,309,3,9,0,0,7,0,0,0,0,4,19,5,0,0,0,0,0,0,0,0,0,0,0,0,0,0,0,0,0,0,0,0,0,0,0,0,0,0,0,0,0,0,0,0,0,0,0,0,0,0,0,0,0,0,0,0,0,0,0,0,0,0,0,0,0,0,0,0,0,0,0,0,0,0,0,0,0,0,0,0,0,0,7,4,2,4,10,12,1,22,2,1,2
1290.ps1,1,2281,1,2280.0,2280,0,22,15,15,9,9,3,3,7,318,3,9,0,0,7,0,0,0,0,3,22,5,0,0,0,0,0,0,0,0,0,0,0,0,0,0,0,0,0,0,0,0,0,0,0,0,0,0,0,0,0,0,0,0,0,0,0,0,0,0,0,0,0,0,0,0,0,0,0,0,0,0,0,0,0,0,0,0,0,0,0,0,0,0,0,0,0,0,0,0,0,0,7,4,2,4,10,12,1,22,2,1,2
1287.ps1,1,157,1,156.0,156,1,2,3,3,0,0,0,0,8,1,0,2,0,4,0,0,0,0,0,4,2,3,0,0,0,0,0,0,0,0,0,0,0,0,0,0,0,0,0,0,0,0,0,0,0,0,0,0,0,0,0,0,0,0,0,0,0,0,0,0,0,0,0,0,0,0,0,0,0,0,0,0,0,0,0,0,0,0,0,0,0,0,0,0,0,0,0,1,1,0,1,0,0,0,2,1,4,5,0,2,0,0,2
1302.ps1,1,2340,1,2339.0,2339,0,22,15,15,9,9,3,3,7,327,3,9,0,0,7,0,0,0,0,4,22,5,0,0,0,0,0,0,0,0,0,0,0,0,0,0,0,0,0,0,0,0,0,0,0,0,0,0,0,0,0,0,0,0,0,0,0,0,0,0,0,0,0,0,0,0,0,0,0,0,0,0,0,0,0,0,0,0,0,0,0,0,0,0,0,0,0,0,0,0,0,0,7,4,2,4,10,12,1,22,2,1,2
130.ps1,1,2341,1,2340.0,2340,0,22,15,15,9,9,3,3,7,327,3,9,0,0,7,0,0,0,0,3,22,5,0,0,0,0,0,0,0,0,0,0,0,0,0,0,0,0,0,0,0,0,0,0,0,0,0,0,0,0,0,0,0,0,0,0,0,0,0,0,0,0,0,0,0,0,0,0,0,0,0,0,0,0,0,0,0,0,0,0,0,0,0,0,0,0,0,0,0,0,0,0,7,4,2,4,10,12,1,22,2,1,2
1303.ps1,1,2252,1,2251.0,2251,0,22,15,15,9,9,3,3,7,309,3,9,0,0,7,0,0,0,0,5,22,5,0,0,0,0,0,0,0,0,0,0,0,0,0,0,0,0,0,0,0,0,0,0,0,0,0,0,0,0,0,0,0,0,0,0,0,0,0,0,0,0,0,0,0,0,0,0,0,0,0,0,0,0,0,0,0,0,0,0,0,0,0,0,0,0,0,0,0,0,0,0,7,4,2,4,10,12,1,22,2,1,2
1294.ps1,1,2282,1,2281.0,2281,0,22,15,15,9,9,3,3,7,318,3,9,0,0,7,0,0,0,0,4,22,5,0,0,0,0,0,0,0,0,0,0,0,0,0,0,0,0,0,0,0,0,0,0,0,0,0,0,0,0,0,0,0,0,0,0,0,0,0,0,0,0,0,0,0,0,0,0,0,0,0,0,0,0,0,0,0,0,0,0,0,0,0,0,0,0,0,0,0,0,0,0,7,4,2,4,10,12,1,22,2,1,2
1308.ps1,1,2452,1,2451.0,2451,0,22,15,15,9,9,3,3,7,352,3,9,0,0,7,0,0,0,0,4,22,5,0,0,0,0,0,0,0,0,0,0,0,0,0,0,0,0,0,0,0,0,0,0,0,0,0,0,0,0,0,0,0,0,0,0,0,0,0,0,0,0,0,0,0,0,0,0,0,0,0,0,0,0,0,0,0,0,0,0,0,0,0,0,0,0,0,0,0,0,0,0,7,4,2,4,10,12,1,22,2,1,2
1307.ps1,1,2249,1,2248.0,2248,0,22,15,15,9,9,3,3,7,309,3,9,0,0,7,0,0,0,0,4,22,5,0,0,0,0,0,0,0,0,0,0,0,0,0,0,0,0,0,0,0,0,0,0,0,0,0,0,0,0,0,0,0,0,0,0,0,0,0,0,0,0,0,0,0,0,0,0,0,0,0,0,0,0,0,0,0,0,0,0,0,0,0,0,0,0,0,0,0,0,0,0,7,4,2,4,10,12,1,22,2,1,2
1315.ps1,1,5462,1,5462.0,5462,0,44,20,20,6,6,1,1,47,1177,1,14,1,0,16,0,0,0,0,23,44,9,0,0,0,0,0,0,0,0,0,0,0,0,0,0,0,0,0,0,0,0,0,0,0,0,0,0,0,0,0,0,0,0,0,0,0,0,0,0,0,0,0,0,0,0,0,0,0,0,0,0,0,1,0,1,0,0,2,0,0,0,0,0,0,0,0,0,0,0,0,0,16,1,11,14,23,58,4,44,1,4,5
1312.ps1,1,2250,1,2249.0,2249,0,22,15,15,9,9,3,3,7,309,3,9,0,0,7,0,0,0,0,3,22,5,0,0,0,0,0,0,0,0,0,0,0,0,0,0,0,0,0,0,0,0,0,0,0,0,0,0,0,0,0,0,0,0,0,0,0,0,0,0,0,0,0,0,0,0,0,0,0,0,0,0,0,0,0,0,0,0,0,0,0,0,0,0,0,0,0,0,0,0,0,0,7,4,2,4,10,12,1,22,2,1,2
1304.ps1,1,2575,1,2574.0,2574,0,33,18,18,12,12,5,5,12,327,4,11,0,0,11,0,0,0,2,2,26,11,0,0,0,0,0,0,0,0,0,0,0,0,0,0,0,0,0,0,0,0,0,0,0,0,0,0,0,0,0,0,0,0,0,0,0,0,0,0,0,0,0,0,0,0,0,0,0,0,0,0,0,1,0,0,0,0,0,0,0,0,0,0,0,0,0,0,0,0,0,0,4,2,2,2,3,9,3,11,0,0,0
1314.ps1,1,2328,1,2327.0,2327,0,22,15,15,9,9,3,3,7,327,3,9,0,0,7,0,0,0,0,5,22,5,0,0,0,0,0,0,0,0,0,0,0,0,0,0,0,0,0,0,0,0,0,0,0,0,0,0,0,0,0,0,0,0,0,0,0,0,0,0,0,0,0,0,0,0,0,0,0,0,0,0,0,0,0,0,0,0,0,0,0,0,0,0,0,0,0,0,0,0,0,0,7,4,2,4,10,12,1,22,2,1,2
1324.ps1,1,270,1,269.0,269,1,1,2,2,3,3,1,1,10,0,0,3,0,3,2,0,0,0,0,3,1,1,0,0,0,0,0,0,0,0,0,0,0,0,0,0,0,0,0,0,0,0,0,0,0,0,0,0,0,0,0,0,0,0,0,0,0,0,0,0,0,0,0,0,0,0,0,0,0,0,0,0,0,0,0,0,0,0,1,0,0,0,0,0,0,0,0,0,1,1,0,0,2,0,2,1,3,9,3,1,0,0,1
1318.ps1,1,2237,1,2236.0,2236,0,22,15,15,9,9,3,3,7,309,3,9,0,0,7,0,0,0,0,4,22,5,0,0,0,0,0,0,0,0,0,0,0,0,0,0,0,0,0,0,0,0,0,0,0,0,0,0,0,0,0,0,0,0,0,0,0,0,0,0,0,0,0,0,0,0,0,0,0,0,0,0,0,0,0,0,0,0,0,0,0,0,0,0,0,0,0,0,0,0,0,0,7,4,2,4,10,12,1,22,2,1,2
1322.ps1,1,146,1,145.0,145,1,2,3,3,0,0,0,0,6,1,0,2,0,4,0,0,0,0,0,5,2,3,0,0,0,0,0,0,0,0,0,0,0,0,0,0,0,0,0,0,0,0,0,0,0,0,0,0,0,0,0,0,0,0,0,0,0,0,0,0,0,0,0,0,0,0,0,0,0,0,0,0,0,0,0,0,0,0,0,0,0,0,0,0,0,0,0,1,1,0,1,0,0,0,2,1,4,5,0,2,0,0,2
1328.ps1,1,2342,1,2341.0,2341,0,22,15,15,9,9,3,3,7,327,3,9,0,0,7,0,0,0,0,4,22,5,0,0,0,0,0,0,0,0,0,0,0,0,0,0,0,0,0,0,0,0,0,0,0,0,0,0,0,0,0,0,0,0,0,0,0,0,0,0,0,0,0,0,0,0,0,0,0,0,0,0,0,0,0,0,0,0,0,0,0,0,0,0,0,0,0,0,0,0,0,0,7,4,2,4,10,12,1,22,2,1,2
1317.ps1,1,2238,1,2237.0,2237,0,22,15,15,9,9,3,3,7,309,3,9,0,0,7,0,0,0,0,5,22,5,0,0,0,0,0,0,0,0,0,0,0,0,0,0,0,0,0,0,0,0,0,0,0,0,0,0,0,0,0,0,0,0,0,0,0,0,0,0,0,0,0,0,0,0,0,0,0,0,0,0,0,0,0,0,0,0,0,0,0,0,0,0,0,0,0,0,0,0,0,0,7,4,2,4,10,12,1,22,2,1,2
1320.ps1,1,2237,1,2236.0,2236,0,22,15,15,9,9,3,3,7,309,3,9,0,0,7,0,0,0,0,4,22,5,0,0,0,0,0,0,0,0,0,0,0,0,0,0,0,0,0,0,0,0,0,0,0,0,0,0,0,0,0,0,0,0,0,0,0,0,0,0,0,0,0,0,0,0,0,0,0,0,0,0,0,0,0,0,0,0,0,0,0,0,0,0,0,0,0,0,0,0,0,0,7,4,2,4,10,12,1,22,2,1,2
1329.ps1,1,167,1,166.0,166,1,2,3,3,0,0,0,0,8,1,0,2,0,4,0,0,0,0,0,5,2,3,0,0,0,0,0,0,0,0,0,0,0,0,0,0,0,0,0,0,0,0,0,0,0,0,0,0,0,0,0,0,0,0,0,0,0,0,0,0,0,0,0,0,0,0,0,0,0,0,0,0,0,0,0,0,0,0,0,0,0,0,0,0,0,0,0,1,1,0,1,0,0,0,2,1,4,5,0,2,0,0,2
1321.ps1,1,2340,1,2339.0,2339,0,22,15,15,9,9,3,3,7,327,3,9,0,0,7,0,0,0,0,5,22,5,0,0,0,0,0,0,0,0,0,0,0,0,0,0,0,0,0,0,0,0,0,0,0,0,0,0,0,0,0,0,0,0,0,0,0,0,0,0,0,0,0,0,0,0,0,0,0,0,0,0,0,0,0,0,0,0,0,0,0,0,0,0,0,0,0,0,0,0,0,0,7,4,2,4,10,12,1,22,2,1,2
1332.ps1,1,150,1,149.0,149,1,2,3,3,0,0,0,0,8,1,0,2,0,3,0,0,0,0,0,5,2,3,0,0,0,0,0,0,0,0,0,0,0,0,0,0,0,0,0,0,0,0,0,0,0,0,0,0,0,0,0,0,0,0,0,0,0,0,0,0,0,0,0,0,0,0,0,0,0,0,0,0,0,0,0,0,0,0,0,0,0,0,0,0,0,0,0,1,1,0,1,0,0,0,2,1,4,5,0,2,0,0,2
1319.ps1,1,2237,1,2236.0,2236,0,22,15,15,9,9,3,3,7,309,3,9,0,0,7,0,0,0,0,4,22,5,0,0,0,0,0,0,0,0,0,0,0,0,0,0,0,0,0,0,0,0,0,0,0,0,0,0,0,0,0,0,0,0,0,0,0,0,0,0,0,0,0,0,0,0,0,0,0,0,0,0,0,0,0,0,0,0,0,0,0,0,0,0,0,0,0,0,0,0,0,0,7,4,2,4,10,12,1,22,2,1,2
132.ps1,1,2512,1,2511.0,2511,0,22,15,15,9,9,3,3,7,361,3,9,0,0,7,0,0,0,0,5,22,5,0,0,0,0,0,0,0,0,0,0,0,0,0,0,0,0,0,0,0,0,0,0,0,0,0,0,0,0,0,0,0,0,0,0,0,0,0,0,0,0,0,0,0,0,0,0,0,0,0,0,0,0,0,0,0,0,0,0,0,0,0,0,0,0,0,0,0,0,0,0,7,4,2,4,10,12,1,22,2,1,2
134.ps1,1,2327,1,2326.0,2326,0,22,15,15,9,9,3,3,7,327,3,9,0,0,7,0,0,0,0,4,22,5,0,0,0,0,0,0,0,0,0,0,0,0,0,0,0,0,0,0,0,0,0,0,0,0,0,0,0,0,0,0,0,0,0,0,0,0,0,0,0,0,0,0,0,0,0,0,0,0,0,0,0,0,0,0,0,0,0,0,0,0,0,0,0,0,0,0,0,0,0,0,7,4,2,4,10,12,1,22,2,1,2
1342.ps1,1,531,1,530.0,530,1,17,7,6,9,8,2,2,24,1,2,5,0,6,8,1,2,1,0,3,17,5,0,0,0,0,0,0,0,0,0,0,0,0,0,0,0,0,0,0,0,0,0,0,0,0,0,0,0,0,0,0,0,0,0,0,0,0,0,0,0,0,0,0,0,0,0,0,0,0,0,0,0,0,0,0,0,0,1,0,0,0,0,0,0,0,0,1,1,1,0,0,8,3,3,2,9,19,3,16,2,0,3
133.ps1,1,147,1,146.0,146,1,2,3,3,0,0,0,0,8,1,0,2,0,3,0,0,0,0,0,4,2,3,0,0,0,0,0,0,0,0,0,0,0,0,0,0,0,0,0,0,0,0,0,0,0,0,0,0,0,0,0,0,0,0,0,0,0,0,0,0,0,0,0,0,0,0,0,0,0,0,0,0,0,0,0,0,0,0,0,0,0,0,0,0,0,0,0,1,1,0,1,0,0,0,2,1,4,5,0,2,0,0,2
1345.ps1,1,170,1,169.0,169,1,4,3,3,0,0,0,0,6,1,1,2,0,3,1,0,0,0,0,4,4,2,0,0,0,0,0,0,0,0,0,0,0,0,0,0,0,0,0,0,0,0,0,0,0,0,0,0,0,0,0,0,0,0,0,0,0,0,0,0,0,0,0,0,0,0,0,0,0,0,0,0,0,0,0,0,0,0,0,0,0,0,0,0,0,0,0,1,1,0,1,0,1,1,2,1,4,6,0,4,0,0,2
1361.ps1,1,351,1,351.0,351,0,0,0,0,0,0,0,0,5,0,0,1,1,10,0,0,0,0,0,10,0,5,0,0,0,0,0,0,0,0,0,0,0,0,0,0,0,0,0,0,0,0,0,0,0,0,0,0,0,0,0,0,0,0,0,0,0,0,0,0,0,0,0,0,0,0,0,0,0,0,0,0,0,0,0,0,0,0,0,0,0,0,0,0,0,0,0,0,0,0,0,0,0,0,5,0,5,22,0,0,0,0,0
1343.ps1,1,99,1,98.0,98,1,0,2,2,0,0,0,0,6,0,0,1,0,3,0,0,0,0,0,3,0,1,0,0,0,0,0,0,0,0,0,0,0,0,0,0,0,0,0,0,0,0,0,0,0,0,0,0,0,0,0,0,0,0,1,0,0,0,0,0,0,0,0,0,0,0,0,0,0,0,0,0,0,0,0,0,0,0,0,0,0,0,0,0,0,0,0,0,1,1,0,0,0,0,2,1,2,5,0,0,0,0,1
1330.ps1,1,2282,1,2281.0,2281,0,22,15,15,9,9,3,3,7,318,3,9,0,0,7,0,0,0,0,4,22,5,0,0,0,0,0,0,0,0,0,0,0,0,0,0,0,0,0,0,0,0,0,0,0,0,0,0,0,0,0,0,0,0,0,0,0,0,0,0,0,0,0,0,0,0,0,0,0,0,0,0,0,0,0,0,0,0,0,0,0,0,0,0,0,0,0,0,0,0,0,0,7,4,2,4,10,12,1,22,2,1,2
1365.ps1,1,2485,1,2484.0,2484,0,33,18,18,12,12,5,5,12,309,4,11,0,0,11,0,0,0,2,2,26,11,0,0,0,0,0,0,0,0,0,0,0,0,0,0,0,0,0,0,0,0,0,0,0,0,0,0,0,0,0,0,0,0,0,0,0,0,0,0,0,0,0,0,0,0,0,0,0,0,0,0,0,1,0,0,0,0,0,0,0,0,0,0,0,0,0,0,0,0,0,0,4,2,2,2,3,9,3,11,0,0,0
1337.ps1,1,2222,1,2221.0,2221,0,22,15,15,9,9,3,3,7,306,3,9,0,0,7,0,0,0,0,4,22,5,0,0,0,0,0,0,0,0,0,0,0,0,0,0,0,0,0,0,0,0,0,0,0,0,0,0,0,0,0,0,0,0,0,0,0,0,0,0,0,0,0,0,0,0,0,0,0,0,0,0,0,0,0,0,0,0,0,0,0,0,0,0,0,0,0,0,0,0,0,0,7,4,2,4,10,12,1,22,2,1,2
1349.ps1,1,157,1,156.0,156,1,2,3,3,0,0,0,0,9,1,0,2,0,3,0,0,0,0,0,6,2,3,0,0,0,0,0,0,0,0,0,0,0,0,0,0,0,0,0,0,0,0,0,0,0,0,0,0,0,0,0,0,0,0,0,0,0,0,0,0,0,0,0,0,0,0,0,0,0,0,0,0,0,0,0,0,0,0,0,0,0,0,0,0,0,0,0,1,1,0,1,0,0,0,2,1,4,5,0,2,0,0,2
1352.ps1,1,2328,1,2327.0,2327,0,22,15,15,9,9,3,3,7,327,3,9,0,0,7,0,0,0,0,5,22,5,0,0,0,0,0,0,0,0,0,0,0,0,0,0,0,0,0,0,0,0,0,0,0,0,0,0,0,0,0,0,0,0,0,0,0,0,0,0,0,0,0,0,0,0,0,0,0,0,0,0,0,0,0,0,0,0,0,0,0,0,0,0,0,0,0,0,0,0,0,0,7,4,2,4,10,12,1,22,2,1,2
1338.ps1,1,2237,1,2236.0,2236,0,22,15,15,9,9,3,3,7,309,3,9,0,0,7,0,0,0,0,4,22,5,0,0,0,0,0,0,0,0,0,0,0,0,0,0,0,0,0,0,0,0,0,0,0,0,0,0,0,0,0,0,0,0,0,0,0,0,0,0,0,0,0,0,0,0,0,0,0,0,0,0,0,0,0,0,0,0,0,0,0,0,0,0,0,0,0,0,0,0,0,0,7,4,2,4,10,12,1,22,2,1,2
1366.ps1,1,2339,1,2338.0,2338,0,22,15,15,9,9,3,3,7,327,3,9,0,0,7,0,0,0,0,3,22,5,0,0,0,0,0,0,0,0,0,0,0,0,0,0,0,0,0,0,0,0,0,0,0,0,0,0,0,0,0,0,0,0,0,0,0,0,0,0,0,0,0,0,0,0,0,0,0,0,0,0,0,0,0,0,0,0,0,0,0,0,0,0,0,0,0,0,0,0,0,0,7,4,2,4,10,12,1,22,2,1,2
1359.ps1,1,2237,1,2236.0,2236,0,22,15,15,9,9,3,3,7,309,3,9,0,0,7,0,0,0,0,4,22,5,0,0,0,0,0,0,0,0,0,0,0,0,0,0,0,0,0,0,0,0,0,0,0,0,0,0,0,0,0,0,0,0,0,0,0,0,0,0,0,0,0,0,0,0,0,0,0,0,0,0,0,0,0,0,0,0,0,0,0,0,0,0,0,0,0,0,0,0,0,0,7,4,2,4,10,12,1,22,2,1,2
1385.ps1,1,2237,1,2236.0,2236,0,22,15,15,9,9,3,3,7,309,3,9,0,0,7,0,0,0,0,4,22,5,0,0,0,0,0,0,0,0,0,0,0,0,0,0,0,0,0,0,0,0,0,0,0,0,0,0,0,0,0,0,0,0,0,0,0,0,0,0,0,0,0,0,0,0,0,0,0,0,0,0,0,0,0,0,0,0,0,0,0,0,0,0,0,0,0,0,0,0,0,0,7,4,2,4,10,12,1,22,2,1,2
1375.ps1,1,2326,1,2325.0,2325,0,18,8,8,4,4,2,2,20,2,30,8,0,28,13,0,0,0,0,2,18,6,0,0,0,0,0,0,0,0,0,0,0,0,0,0,0,0,0,0,0,0,0,0,0,0,0,0,0,0,0,0,0,0,3,0,0,0,0,0,0,0,0,0,0,0,0,0,0,0,1,0,0,0,0,1,0,0,2,1,0,0,0,1,0,0,0,0,0,0,0,3,10,2,1,1,2,14,2,16,0,0,0
1393.ps1,1,2339,1,2338.0,2338,0,22,15,15,9,9,3,3,7,327,3,9,0,0,7,0,0,0,0,4,22,5,0,0,0,0,0,0,0,0,0,0,0,0,0,0,0,0,0,0,0,0,0,0,0,0,0,0,0,0,0,0,0,0,0,0,0,0,0,0,0,0,0,0,0,0,0,0,0,0,0,0,0,0,0,0,0,0,0,0,0,0,0,0,0,0,0,0,0,0,0,0,7,4,2,4,10,12,1,22,2,1,2
1380.ps1,1,2340,1,2339.0,2339,0,22,15,15,9,9,3,3,7,327,3,9,0,0,7,0,0,0,0,4,19,5,0,0,0,0,0,0,0,0,0,0,0,0,0,0,0,0,0,0,0,0,0,0,0,0,0,0,0,0,0,0,0,0,0,0,0,0,0,0,0,0,0,0,0,0,0,0,0,0,0,0,0,0,0,0,0,0,0,0,0,0,0,0,0,0,0,0,0,0,0,0,7,4,2,4,10,12,1,22,2,1,2
139.ps1,1,144,1,143.0,143,1,0,2,2,0,0,0,0,8,1,0,2,0,4,0,0,0,0,0,4,0,3,0,0,0,0,0,0,0,0,0,0,0,0,0,0,0,0,0,0,0,0,0,0,0,0,0,0,0,0,0,0,0,0,0,0,0,0,0,0,0,0,0,0,0,0,0,0,0,0,0,0,0,0,0,0,0,0,0,0,0,0,0,0,0,0,0,1,1,0,1,0,0,0,2,1,3,9,0,0,0,0,1
1357.ps1,1,2238,1,2237.0,2237,0,22,15,15,9,9,3,3,7,309,3,9,0,0,7,0,0,0,0,5,22,5,0,0,0,0,0,0,0,0,0,0,0,0,0,0,0,0,0,0,0,0,0,0,0,0,0,0,0,0,0,0,0,0,0,0,0,0,0,0,0,0,0,0,0,0,0,0,0,0,0,0,0,0,0,0,0,0,0,0,0,0,0,0,0,0,0,0,0,0,0,0,7,4,2,4,10,12,1,22,2,1,2
1388.ps1,1,2237,1,2236.0,2236,0,22,15,15,9,9,3,3,7,309,3,9,0,0,7,0,0,0,0,4,22,5,0,0,0,0,0,0,0,0,0,0,0,0,0,0,0,0,0,0,0,0,0,0,0,0,0,0,0,0,0,0,0,0,0,0,0,0,0,0,0,0,0,0,0,0,0,0,0,0,0,0,0,0,0,0,0,0,0,0,0,0,0,0,0,0,0,0,0,0,0,0,7,4,2,4,10,12,1,22,2,1,2
1406.ps1,1,167,1,166.0,166,0,2,3,3,0,0,0,0,8,1,0,2,0,2,0,0,0,0,0,5,2,3,0,0,0,0,0,0,0,0,0,0,0,0,0,0,0,0,0,0,0,0,0,0,0,0,0,0,0,0,0,0,0,0,0,0,0,0,0,0,0,0,0,0,0,0,0,0,0,0,0,0,0,0,0,0,0,0,0,0,0,0,0,0,0,0,0,1,1,0,1,0,0,0,2,1,4,5,0,2,0,0,2
1400.ps1,1,2453,1,2452.0,2452,0,22,15,15,9,9,3,3,7,352,3,9,0,0,7,0,0,0,0,5,22,5,0,0,0,0,0,0,0,0,0,0,0,0,0,0,0,0,0,0,0,0,0,0,0,0,0,0,0,0,0,0,0,0,0,0,0,0,0,0,0,0,0,0,0,0,0,0,0,0,0,0,0,0,0,0,0,0,0,0,0,0,0,0,0,0,0,0,0,0,0,0,7,4,2,4,10,12,1,22,2,1,2
1402.ps1,1,2337,1,2336.0,2336,0,22,15,15,9,9,3,3,7,327,3,9,0,0,7,0,0,0,0,4,20,5,0,0,0,0,0,0,0,0,0,0,0,0,0,0,0,0,0,0,0,0,0,0,0,0,0,0,0,0,0,0,0,0,0,0,0,0,0,0,0,0,0,0,0,0,0,0,0,0,0,0,0,0,0,0,0,0,0,0,0,0,0,0,0,0,0,0,0,0,0,0,7,4,2,4,10,12,1,22,2,1,2
1396.ps1,1,2192,1,2191.0,2191,0,22,15,15,9,9,3,3,7,300,3,9,0,0,7,0,0,0,0,4,22,5,0,0,0,0,0,0,0,0,0,0,0,0,0,0,0,0,0,0,0,0,0,0,0,0,0,0,0,0,0,0,0,0,0,0,0,0,0,0,0,0,0,0,0,0,0,0,0,0,0,0,0,0,0,0,0,0,0,0,0,0,0,0,0,0,0,0,0,0,0,0,7,4,2,4,10,12,1,22,2,1,2
141.ps1,1,2747,1,2746.0,2746,0,22,15,15,9,9,3,3,7,408,3,9,0,0,7,0,0,0,0,4,22,5,0,0,0,0,0,0,0,0,0,0,0,0,0,0,0,0,0,0,0,0,0,0,0,0,0,0,0,0,0,0,0,0,0,0,0,0,0,0,0,0,0,0,0,0,0,0,0,0,0,0,0,0,0,0,0,0,0,0,0,0,0,0,0,0,0,0,0,0,0,0,7,4,2,4,10,12,1,22,2,1,2
1399.ps1,1,148,1,147.0,147,1,4,3,3,0,0,0,0,7,1,1,2,0,4,1,0,0,0,0,6,4,2,0,0,0,0,0,0,0,0,0,0,0,0,0,0,0,0,0,0,0,0,0,0,0,0,0,0,0,0,0,0,0,0,0,0,0,0,0,0,0,0,0,0,0,0,0,0,0,0,0,0,0,0,0,0,0,0,0,0,0,0,0,0,0,0,0,1,1,0,1,0,1,1,2,1,4,6,0,4,0,0,2
1407.ps1,1,2339,1,2338.0,2338,0,22,15,15,9,9,3,3,7,327,3,9,0,0,7,0,0,0,0,4,22,5,0,0,0,0,0,0,0,0,0,0,0,0,0,0,0,0,0,0,0,0,0,0,0,0,0,0,0,0,0,0,0,0,0,0,0,0,0,0,0,0,0,0,0,0,0,0,0,0,0,0,0,0,0,0,0,0,0,0,0,0,0,0,0,0,0,0,0,0,0,0,7,4,2,4,10,12,1,22,2,1,2
1403.ps1,1,2343,1,2342.0,2342,0,22,15,15,9,9,3,3,7,327,3,9,0,0,7,0,0,0,0,5,22,5,0,0,0,0,0,0,0,0,0,0,0,0,0,0,0,0,0,0,0,0,0,0,0,0,0,0,0,0,0,0,0,0,0,0,0,0,0,0,0,0,0,0,0,0,0,0,0,0,0,0,0,0,0,0,0,0,0,0,0,0,0,0,0,0,0,0,0,0,0,0,7,4,2,4,10,12,1,22,2,1,2
1417.ps1,1,124,1,123.0,123,1,0,2,2,0,0,0,0,6,1,0,2,0,3,0,0,0,0,0,5,0,3,0,0,0,0,0,0,0,0,0,0,0,0,0,0,0,0,0,0,0,0,0,0,0,0,0,0,0,0,0,0,0,0,0,0,0,0,0,0,0,0,0,0,0,0,0,0,0,0,0,0,0,0,0,0,0,0,0,0,0,0,0,0,0,0,0,1,1,0,1,0,0,0,2,1,3,7,0,0,0,0,1
1418.ps1,1,2386,1,2385.0,2385,0,22,15,15,9,9,3,3,7,336,3,9,0,0,7,0,0,0,0,4,22,5,0,0,0,0,0,0,0,0,0,0,0,0,0,0,0,0,0,0,0,0,0,0,0,0,0,0,0,0,0,0,0,0,0,0,0,0,0,0,0,0,0,0,0,0,0,0,0,0,0,0,0,0,0,0,0,0,0,0,0,0,0,0,0,0,0,0,0,0,0,0,7,4,2,4,10,12,1,22,2,1,2
1437.ps1,1,2237,1,2236.0,2236,0,22,15,15,9,9,3,3,7,309,3,9,0,0,7,0,0,0,0,4,22,5,0,0,0,0,0,0,0,0,0,0,0,0,0,0,0,0,0,0,0,0,0,0,0,0,0,0,0,0,0,0,0,0,0,0,0,0,0,0,0,0,0,0,0,0,0,0,0,0,0,0,0,0,0,0,0,0,0,0,0,0,0,0,0,0,0,0,0,0,0,0,7,4,2,4,10,12,1,22,2,1,2
1410.ps1,1,2250,1,2249.0,2249,0,22,15,15,9,9,3,3,7,309,3,9,0,0,7,0,0,0,0,3,22,5,0,0,0,0,0,0,0,0,0,0,0,0,0,0,0,0,0,0,0,0,0,0,0,0,0,0,0,0,0,0,0,0,0,0,0,0,0,0,0,0,0,0,0,0,0,0,0,0,0,0,0,0,0,0,0,0,0,0,0,0,0,0,0,0,0,0,0,0,0,0,7,4,2,4,10,12,1,22,2,1,2
1433.ps1,1,2236,1,2235.0,2235,0,22,15,15,9,9,3,3,7,306,3,9,0,0,7,0,0,0,0,4,22,5,0,0,0,0,0,0,0,0,0,0,0,0,0,0,0,0,0,0,0,0,0,0,0,0,0,0,0,0,0,0,0,0,0,0,0,0,0,0,0,0,0,0,0,0,0,0,0,0,0,0,0,0,0,0,0,0,0,0,0,0,0,0,0,0,0,0,0,0,0,0,7,4,2,4,10,12,1,22,2,1,2
1420.ps1,1,453,1,452.0,452,1,16,6,6,8,7,1,1,20,1,2,6,1,6,7,0,2,0,0,4,16,5,0,0,0,0,0,0,0,0,0,0,0,0,0,0,0,0,0,0,0,0,0,0,0,0,0,0,0,0,0,0,0,0,0,0,0,0,0,0,0,0,0,0,0,0,0,0,0,0,0,0,0,0,0,0,0,0,0,0,0,0,0,0,0,0,0,1,1,1,0,0,7,3,3,2,8,18,2,15,2,0,3
1432.ps1,1,2337,1,2336.0,2336,0,22,15,15,9,9,3,3,7,327,3,9,0,0,7,0,0,0,0,4,22,5,0,0,0,0,0,0,0,0,0,0,0,0,0,0,0,0,0,0,0,0,0,0,0,0,0,0,0,0,0,0,0,0,0,0,0,0,0,0,0,0,0,0,0,0,0,0,0,0,0,0,0,0,0,0,0,0,0,0,0,0,0,0,0,0,0,0,0,0,0,0,7,4,2,4,10,12,1,22,2,1,2
1435.ps1,1,2341,1,2340.0,2340,0,22,15,15,9,9,3,3,7,327,3,9,0,0,7,0,0,0,0,5,22,5,0,0,0,0,0,0,0,0,0,0,0,0,0,0,0,0,0,0,0,0,0,0,0,0,0,0,0,0,0,0,0,0,0,0,0,0,0,0,0,0,0,0,0,0,0,0,0,0,0,0,0,0,0,0,0,0,0,0,0,0,0,0,0,0,0,0,0,0,0,0,7,4,2,4,10,12,1,22,2,1,2
1424.ps1,1,2327,1,2326.0,2326,0,22,15,15,9,9,3,3,7,327,3,9,0,0,7,0,0,0,0,4,22,5,0,0,0,0,0,0,0,0,0,0,0,0,0,0,0,0,0,0,0,0,0,0,0,0,0,0,0,0,0,0,0,0,0,0,0,0,0,0,0,0,0,0,0,0,0,0,0,0,0,0,0,0,0,0,0,0,0,0,0,0,0,0,0,0,0,0,0,0,0,0,7,4,2,4,10,12,1,22,2,1,2
1413.ps1,1,2612,1,2611.0,2611,0,22,15,15,9,9,3,3,7,384,3,9,0,0,7,0,0,0,0,4,22,5,0,0,0,0,0,0,0,0,0,0,0,0,0,0,0,0,0,0,0,0,0,0,0,0,0,0,0,0,0,0,0,0,0,0,0,0,0,0,0,0,0,0,0,0,0,0,0,0,0,0,0,0,0,0,0,0,0,0,0,0,0,0,0,0,0,0,0,0,0,0,7,4,2,4,10,12,1,22,2,1,2
1445.ps1,1,2237,1,2236.0,2236,0,22,15,15,9,9,3,3,7,309,3,9,0,0,7,0,0,0,0,4,22,5,0,0,0,0,0,0,0,0,0,0,0,0,0,0,0,0,0,0,0,0,0,0,0,0,0,0,0,0,0,0,0,0,0,0,0,0,0,0,0,0,0,0,0,0,0,0,0,0,0,0,0,0,0,0,0,0,0,0,0,0,0,0,0,0,0,0,0,0,0,0,7,4,2,4,10,12,1,22,2,1,2
1448.ps1,1,2452,1,2451.0,2451,0,22,15,15,9,9,3,3,7,352,3,9,0,0,7,0,0,0,0,4,22,5,0,0,0,0,0,0,0,0,0,0,0,0,0,0,0,0,0,0,0,0,0,0,0,0,0,0,0,0,0,0,0,0,0,0,0,0,0,0,0,0,0,0,0,0,0,0,0,0,0,0,0,0,0,0,0,0,0,0,0,0,0,0,0,0,0,0,0,0,0,0,7,4,2,4,10,12,1,22,2,1,2
1436.ps1,1,292,1,291.0,291,1,6,7,7,2,2,1,1,11,0,2,8,0,6,2,0,2,0,0,8,6,3,0,0,0,0,0,0,0,0,0,0,0,0,0,0,0,0,0,0,0,0,0,0,0,0,0,0,0,0,0,0,0,0,0,0,0,0,0,0,0,0,0,0,0,0,0,0,0,1,1,0,0,0,0,0,0,0,0,0,0,0,0,0,0,0,0,0,2,2,0,0,2,2,5,3,7,14,1,6,0,0,4
1449.ps1,1,2251,1,2250.0,2250,0,22,15,15,9,9,3,3,7,309,3,9,0,0,7,0,0,0,0,4,22,5,0,0,0,0,0,0,0,0,0,0,0,0,0,0,0,0,0,0,0,0,0,0,0,0,0,0,0,0,0,0,0,0,0,0,0,0,0,0,0,0,0,0,0,0,0,0,0,0,0,0,0,0,0,0,0,0,0,0,0,0,0,0,0,0,0,0,0,0,0,0,7,4,2,4,10,12,1,22,2,1,2
1460.ps1,1,2336,1,2335.0,2335,0,22,15,15,9,9,3,3,7,327,3,9,0,0,7,0,0,0,0,3,22,5,0,0,0,0,0,0,0,0,0,0,0,0,0,0,0,0,0,0,0,0,0,0,0,0,0,0,0,0,0,0,0,0,0,0,0,0,0,0,0,0,0,0,0,0,0,0,0,0,0,0,0,0,0,0,0,0,0,0,0,0,0,0,0,0,0,0,0,0,0,0,7,4,2,4,10,12,1,22,2,1,2
1453.ps1,1,450,1,449.0,449,1,15,6,6,8,7,2,1,21,2,2,4,0,5,7,0,2,1,0,3,15,5,0,0,0,0,0,0,0,0,0,0,0,0,0,0,0,0,0,0,0,0,0,0,0,0,0,0,0,0,0,0,0,0,0,0,0,0,0,0,0,0,0,0,0,0,0,0,0,0,0,0,0,0,0,0,0,0,0,0,0,0,0,0,0,0,0,1,1,1,0,0,7,3,3,2,8,18,2,15,2,0,3
145.ps1,1,2339,1,2338.0,2338,0,22,15,15,9,9,3,3,7,327,3,9,0,0,7,0,0,0,0,4,22,5,0,0,0,0,0,0,0,0,0,0,0,0,0,0,0,0,0,0,0,0,0,0,0,0,0,0,0,0,0,0,0,0,0,0,0,0,0,0,0,0,0,0,0,0,0,0,0,0,0,0,0,0,0,0,0,0,0,0,0,0,0,0,0,0,0,0,0,0,0,0,7,4,2,4,10,12,1,22,2,1,2
1456.ps1,1,2250,1,2249.0,2249,0,22,15,15,9,9,3,3,7,309,3,9,0,0,7,0,0,0,0,4,22,5,0,0,0,0,0,0,0,0,0,0,0,0,0,0,0,0,0,0,0,0,0,0,0,0,0,0,0,0,0,0,0,0,0,0,0,0,0,0,0,0,0,0,0,0,0,0,0,0,0,0,0,0,0,0,0,0,0,0,0,0,0,0,0,0,0,0,0,0,0,0,7,4,2,4,10,12,1,22,2,1,2
1459.ps1,1,153,1,152.0,152,1,2,3,3,0,0,0,0,8,1,0,2,0,4,0,0,0,0,0,5,2,3,0,0,0,0,0,0,0,0,0,0,0,0,0,0,0,0,0,0,0,0,0,0,0,0,0,0,0,0,0,0,0,0,0,0,0,0,0,0,0,0,0,0,0,0,0,0,0,0,0,0,0,0,0,0,0,0,0,0,0,0,0,0,0,0,0,1,1,0,1,0,0,0,2,1,4,5,0,2,0,0,2
1465.ps1,1,2568,1,2567.0,2567,0,22,15,15,9,9,3,3,7,375,3,9,0,0,7,0,0,0,0,5,22,5,0,0,0,0,0,0,0,0,0,0,0,0,0,0,0,0,0,0,0,0,0,0,0,0,0,0,0,0,0,0,0,0,0,0,0,0,0,0,0,0,0,0,0,0,0,0,0,0,0,0,0,0,0,0,0,0,0,0,0,0,0,0,0,0,0,0,0,0,0,0,7,4,2,4,10,12,1,22,2,1,2
1455.ps1,1,2530,1,2529.0,2529,0,34,18,18,12,12,5,5,12,309,4,16,0,0,12,0,0,0,2,2,32,12,0,0,0,0,0,0,0,0,0,0,0,0,0,0,0,0,0,0,0,0,0,0,0,0,0,0,0,0,0,0,0,0,0,0,0,0,0,0,0,0,0,0,0,0,0,0,0,0,0,0,0,1,0,0,0,0,0,0,0,0,0,0,0,0,0,0,0,0,0,0,5,2,2,2,3,10,3,12,0,0,0
1481.ps1,1,2342,1,2341.0,2341,0,22,15,15,9,9,3,3,7,327,3,9,0,0,7,0,0,0,0,4,22,5,0,0,0,0,0,0,0,0,0,0,0,0,0,0,0,0,0,0,0,0,0,0,0,0,0,0,0,0,0,0,0,0,0,0,0,0,0,0,0,0,0,0,0,0,0,0,0,0,0,0,0,0,0,0,0,0,0,0,0,0,0,0,0,0,0,0,0,0,0,0,7,4,2,4,10,12,1,22,2,1,2
148.ps1,1,2328,1,2327.0,2327,0,22,15,15,9,9,3,3,7,327,3,9,0,0,7,0,0,0,0,5,22,5,0,0,0,0,0,0,0,0,0,0,0,0,0,0,0,0,0,0,0,0,0,0,0,0,0,0,0,0,0,0,0,0,0,0,0,0,0,0,0,0,0,0,0,0,0,0,0,0,0,0,0,0,0,0,0,0,0,0,0,0,0,0,0,0,0,0,0,0,0,0,7,4,2,4,10,12,1,22,2,1,2
147.ps1,1,2601,1,2600.0,2600,0,33,18,18,12,12,5,5,12,327,4,11,0,0,11,0,0,0,2,2,31,11,0,0,0,0,0,0,0,0,0,0,0,0,0,0,0,0,0,0,0,0,0,0,0,0,0,0,0,0,0,0,0,0,0,0,0,0,0,0,0,0,0,0,0,0,0,0,0,0,0,0,0,1,0,0,0,0,0,0,0,0,0,0,0,0,0,0,0,0,0,0,4,2,2,2,3,9,3,11,0,0,0
1466.ps1,1,2568,1,2567.0,2567,0,22,15,15,9,9,3,3,7,375,3,9,0,0,7,0,0,0,0,5,22,5,0,0,0,0,0,0,0,0,0,0,0,0,0,0,0,0,0,0,0,0,0,0,0,0,0,0,0,0,0,0,0,0,0,0,0,0,0,0,0,0,0,0,0,0,0,0,0,0,0,0,0,0,0,0,0,0,0,0,0,0,0,0,0,0,0,0,0,0,0,0,7,4,2,4,10,12,1,22,2,1,2
1482.ps1,1,2308,1,2307.0,2307,0,24,15,15,11,11,3,3,7,309,3,9,0,0,8,0,0,0,0,5,24,5,0,0,0,0,0,0,0,0,0,0,0,0,0,0,0,0,0,0,0,0,0,0,0,0,0,0,0,0,0,0,0,0,0,0,0,0,0,0,0,0,0,0,0,0,0,0,0,0,0,0,0,0,0,0,0,0,0,0,0,0,0,0,0,0,0,0,0,0,0,0,8,4,2,4,10,12,1,24,3,1,2
1475.ps1,1,2282,1,2281.0,2281,0,22,15,15,9,9,3,3,7,318,3,9,0,0,7,0,0,0,0,4,22,5,0,0,0,0,0,0,0,0,0,0,0,0,0,0,0,0,0,0,0,0,0,0,0,0,0,0,0,0,0,0,0,0,0,0,0,0,0,0,0,0,0,0,0,0,0,0,0,0,0,0,0,0,0,0,0,0,0,0,0,0,0,0,0,0,0,0,0,0,0,0,7,4,2,4,10,12,1,22,2,1,2
1479.ps1,1,2341,1,2340.0,2340,0,22,15,15,9,9,3,3,7,327,3,9,0,0,7,0,0,0,0,3,22,5,0,0,0,0,0,0,0,0,0,0,0,0,0,0,0,0,0,0,0,0,0,0,0,0,0,0,0,0,0,0,0,0,0,0,0,0,0,0,0,0,0,0,0,0,0,0,0,0,0,0,0,0,0,0,0,0,0,0,0,0,0,0,0,0,0,0,0,0,0,0,7,4,2,4,10,12,1,22,2,1,2
1473.ps1,1,2343,1,2342.0,2342,0,22,15,15,9,9,3,3,7,327,3,9,0,0,7,0,0,0,0,5,22,5,0,0,0,0,0,0,0,0,0,0,0,0,0,0,0,0,0,0,0,0,0,0,0,0,0,0,0,0,0,0,0,0,0,0,0,0,0,0,0,0,0,0,0,0,0,0,0,0,0,0,0,0,0,0,0,0,0,0,0,0,0,0,0,0,0,0,0,0,0,0,7,4,2,4,10,12,1,22,2,1,2
1487.ps1,1,2609,1,2608.0,2608,0,33,18,18,12,12,5,5,12,327,4,11,0,0,11,0,0,0,2,2,33,11,0,0,0,0,0,0,0,0,0,0,0,0,0,0,0,0,0,0,0,0,0,0,0,0,0,0,0,0,0,0,0,0,0,0,0,0,0,0,0,0,0,0,0,0,0,0,0,0,0,0,0,1,0,0,0,0,0,0,0,0,0,0,0,0,0,0,0,0,0,0,4,2,2,2,3,9,3,11,0,0,0
1478.ps1,1,128,1,127.0,127,1,0,2,2,0,0,0,0,7,1,0,2,0,3,0,0,0,0,0,5,0,3,0,0,0,0,0,0,0,0,0,0,0,0,0,0,0,0,0,0,0,0,0,0,0,0,0,0,0,0,0,0,0,0,0,0,0,0,0,0,0,0,0,0,0,0,0,0,0,0,0,0,0,0,0,0,0,0,0,0,0,0,0,0,0,0,0,1,1,0,1,0,0,0,2,1,3,7,0,0,0,0,1
1492.ps1,1,2238,1,2237.0,2237,0,22,15,15,9,9,3,3,7,309,3,9,0,0,7,0,0,0,0,5,22,5,0,0,0,0,0,0,0,0,0,0,0,0,0,0,0,0,0,0,0,0,0,0,0,0,0,0,0,0,0,0,0,0,0,0,0,0,0,0,0,0,0,0,0,0,0,0,0,0,0,0,0,0,0,0,0,0,0,0,0,0,0,0,0,0,0,0,0,0,0,0,7,4,2,4,10,12,1,22,2,1,2
1495.ps1,1,2238,1,2237.0,2237,0,22,15,15,9,9,3,3,7,309,3,9,0,0,7,0,0,0,0,5,22,5,0,0,0,0,0,0,0,0,0,0,0,0,0,0,0,0,0,0,0,0,0,0,0,0,0,0,0,0,0,0,0,0,0,0,0,0,0,0,0,0,0,0,0,0,0,0,0,0,0,0,0,0,0,0,0,0,0,0,0,0,0,0,0,0,0,0,0,0,0,0,7,4,2,4,10,12,1,22,2,1,2
1488.ps1,1,2237,1,2236.0,2236,0,22,15,15,9,9,3,3,7,309,3,9,0,0,7,0,0,0,0,4,22,5,0,0,0,0,0,0,0,0,0,0,0,0,0,0,0,0,0,0,0,0,0,0,0,0,0,0,0,0,0,0,0,0,0,0,0,0,0,0,0,0,0,0,0,0,0,0,0,0,0,0,0,0,0,0,0,0,0,0,0,0,0,0,0,0,0,0,0,0,0,0,7,4,2,4,10,12,1,22,2,1,2
1500.ps1,1,2609,1,2608.0,2608,0,33,18,18,12,12,5,5,12,327,4,11,0,0,11,0,0,0,2,2,33,11,0,0,0,0,0,0,0,0,0,0,0,0,0,0,0,0,0,0,0,0,0,0,0,0,0,0,0,0,0,0,0,0,0,0,0,0,0,0,0,0,0,0,0,0,0,0,0,0,0,0,0,1,0,0,0,0,0,0,0,0,0,0,0,0,0,0,0,0,0,0,4,2,2,2,3,9,3,11,0,0,0
1485.ps1,1,2238,1,2237.0,2237,0,22,15,15,9,9,3,3,7,309,3,9,0,0,7,0,0,0,0,5,22,5,0,0,0,0,0,0,0,0,0,0,0,0,0,0,0,0,0,0,0,0,0,0,0,0,0,0,0,0,0,0,0,0,0,0,0,0,0,0,0,0,0,0,0,0,0,0,0,0,0,0,0,0,0,0,0,0,0,0,0,0,0,0,0,0,0,0,0,0,0,0,7,4,2,4,10,12,1,22,2,1,2
1503.ps1,1,2326,1,2325.0,2325,0,22,15,15,9,9,3,3,7,327,3,9,0,0,7,0,0,0,0,3,22,5,0,0,0,0,0,0,0,0,0,0,0,0,0,0,0,0,0,0,0,0,0,0,0,0,0,0,0,0,0,0,0,0,0,0,0,0,0,0,0,0,0,0,0,0,0,0,0,0,0,0,0,0,0,0,0,0,0,0,0,0,0,0,0,0,0,0,0,0,0,0,7,4,2,4,10,12,1,22,2,1,2
1483.ps1,1,2238,1,2237.0,2237,0,22,15,15,9,9,3,3,7,309,3,9,0,0,7,0,0,0,0,5,22,5,0,0,0,0,0,0,0,0,0,0,0,0,0,0,0,0,0,0,0,0,0,0,0,0,0,0,0,0,0,0,0,0,0,0,0,0,0,0,0,0,0,0,0,0,0,0,0,0,0,0,0,0,0,0,0,0,0,0,0,0,0,0,0,0,0,0,0,0,0,0,7,4,2,4,10,12,1,22,2,1,2
1498.ps1,1,2670,1,2669.0,2669,0,22,15,15,9,9,3,3,7,393,3,9,0,0,7,0,0,0,0,4,22,5,0,0,0,0,0,0,0,0,0,0,0,0,0,0,0,0,0,0,0,0,0,0,0,0,0,0,0,0,0,0,0,0,0,0,0,0,0,0,0,0,0,0,0,0,0,0,0,0,0,0,0,0,0,0,0,0,0,0,0,0,0,0,0,0,0,0,0,0,0,0,7,4,2,4,10,12,1,22,2,1,2
1507.ps1,1,2326,1,2325.0,2325,0,22,15,15,9,9,3,3,7,327,3,9,0,0,7,0,0,0,0,3,22,5,0,0,0,0,0,0,0,0,0,0,0,0,0,0,0,0,0,0,0,0,0,0,0,0,0,0,0,0,0,0,0,0,0,0,0,0,0,0,0,0,0,0,0,0,0,0,0,0,0,0,0,0,0,0,0,0,0,0,0,0,0,0,0,0,0,0,0,0,0,0,7,4,2,4,10,12,1,22,2,1,2
152.ps1,1,81,1,81.0,81,0,3,0,0,0,0,0,0,1,0,0,1,0,0,1,0,0,0,0,2,3,2,0,0,0,0,0,0,0,0,0,0,0,0,0,0,0,0,0,0,0,0,0,0,0,0,0,0,0,0,0,0,0,0,0,0,0,0,0,0,0,0,0,0,0,0,0,0,0,1,0,0,0,0,0,0,0,0,0,0,0,0,0,0,0,0,0,0,0,0,0,0,1,0,1,0,1,2,0,3,0,0,0
1505.ps1,1,2251,1,2250.0,2250,0,22,15,15,9,9,3,3,7,309,3,9,0,0,7,0,0,0,0,4,22,5,0,0,0,0,0,0,0,0,0,0,0,0,0,0,0,0,0,0,0,0,0,0,0,0,0,0,0,0,0,0,0,0,0,0,0,0,0,0,0,0,0,0,0,0,0,0,0,0,0,0,0,0,0,0,0,0,0,0,0,0,0,0,0,0,0,0,0,0,0,0,7,4,2,4,10,12,1,22,2,1,2
1512.ps1,1,2327,1,2326.0,2326,0,22,15,15,9,9,3,3,7,327,3,9,0,0,7,0,0,0,0,4,22,5,0,0,0,0,0,0,0,0,0,0,0,0,0,0,0,0,0,0,0,0,0,0,0,0,0,0,0,0,0,0,0,0,0,0,0,0,0,0,0,0,0,0,0,0,0,0,0,0,0,0,0,0,0,0,0,0,0,0,0,0,0,0,0,0,0,0,0,0,0,0,7,4,2,4,10,12,1,22,2,1,2
150.ps1,1,2342,1,2341.0,2341,0,22,15,15,9,9,3,3,7,327,3,9,0,0,7,0,0,0,0,4,19,5,0,0,0,0,0,0,0,0,0,0,0,0,0,0,0,0,0,0,0,0,0,0,0,0,0,0,0,0,0,0,0,0,0,0,0,0,0,0,0,0,0,0,0,0,0,0,0,0,0,0,0,0,0,0,0,0,0,0,0,0,0,0,0,0,0,0,0,0,0,0,7,4,2,4,10,12,1,22,2,1,2
1508.ps1,1,2282,1,2281.0,2281,0,22,15,15,9,9,3,3,7,318,3,9,0,0,7,0,0,0,0,4,22,5,0,0,0,0,0,0,0,0,0,0,0,0,0,0,0,0,0,0,0,0,0,0,0,0,0,0,0,0,0,0,0,0,0,0,0,0,0,0,0,0,0,0,0,0,0,0,0,0,0,0,0,0,0,0,0,0,0,0,0,0,0,0,0,0,0,0,0,0,0,0,7,4,2,4,10,12,1,22,2,1,2
1522.ps1,1,2453,1,2452.0,2452,0,22,15,15,9,9,3,3,7,352,3,9,0,0,7,0,0,0,0,5,22,5,0,0,0,0,0,0,0,0,0,0,0,0,0,0,0,0,0,0,0,0,0,0,0,0,0,0,0,0,0,0,0,0,0,0,0,0,0,0,0,0,0,0,0,0,0,0,0,0,0,0,0,0,0,0,0,0,0,0,0,0,0,0,0,0,0,0,0,0,0,0,7,4,2,4,10,12,1,22,2,1,2
1511.ps1,1,2609,1,2608.0,2608,0,33,18,18,12,12,5,5,12,327,4,11,0,0,11,0,0,0,2,2,31,11,0,0,0,0,0,0,0,0,0,0,0,0,0,0,0,0,0,0,0,0,0,0,0,0,0,0,0,0,0,0,0,0,0,0,0,0,0,0,0,0,0,0,0,0,0,0,0,0,0,0,0,1,0,0,0,0,0,0,0,0,0,0,0,0,0,0,0,0,0,0,4,2,2,2,3,9,3,11,0,0,0
1516.ps1,1,179,1,178.0,178,1,1,3,3,1,1,1,1,7,0,0,2,0,3,1,0,0,0,0,3,1,1,0,0,0,0,0,0,0,0,0,0,0,0,0,0,0,0,0,0,0,0,0,0,0,0,0,0,0,0,0,0,0,0,0,0,0,0,0,0,0,0,0,0,0,0,0,0,0,0,0,0,0,0,0,0,0,0,1,0,0,0,0,0,0,0,0,0,1,1,0,0,1,0,2,1,4,6,1,1,0,0,2
1529.ps1,1,2340,1,2339.0,2339,0,22,15,15,9,9,3,3,7,327,3,9,0,0,7,0,0,0,0,4,22,5,0,0,0,0,0,0,0,0,0,0,0,0,0,0,0,0,0,0,0,0,0,0,0,0,0,0,0,0,0,0,0,0,0,0,0,0,0,0,0,0,0,0,0,0,0,0,0,0,0,0,0,0,0,0,0,0,0,0,0,0,0,0,0,0,0,0,0,0,0,0,7,4,2,4,10,12,1,22,2,1,2
1535.ps1,1,2453,1,2452.0,2452,0,22,15,15,9,9,3,3,7,352,3,9,0,0,7,0,0,0,0,5,22,5,0,0,0,0,0,0,0,0,0,0,0,0,0,0,0,0,0,0,0,0,0,0,0,0,0,0,0,0,0,0,0,0,0,0,0,0,0,0,0,0,0,0,0,0,0,0,0,0,0,0,0,0,0,0,0,0,0,0,0,0,0,0,0,0,0,0,0,0,0,0,7,4,2,4,10,12,1,22,2,1,2
1538.ps1,1,2328,1,2327.0,2327,0,22,15,15,9,9,3,3,7,327,3,9,0,0,7,0,0,0,0,5,22,5,0,0,0,0,0,0,0,0,0,0,0,0,0,0,0,0,0,0,0,0,0,0,0,0,0,0,0,0,0,0,0,0,0,0,0,0,0,0,0,0,0,0,0,0,0,0,0,0,0,0,0,0,0,0,0,0,0,0,0,0,0,0,0,0,0,0,0,0,0,0,7,4,2,4,10,12,1,22,2,1,2
1520.ps1,1,2418,1,2417.0,2417,0,22,15,15,9,9,3,3,7,345,3,9,0,0,7,0,0,0,0,5,22,5,0,0,0,0,0,0,0,0,0,0,0,0,0,0,0,0,0,0,0,0,0,0,0,0,0,0,0,0,0,0,0,0,0,0,0,0,0,0,0,0,0,0,0,0,0,0,0,0,0,0,0,0,0,0,0,0,0,0,0,0,0,0,0,0,0,0,0,0,0,0,7,4,2,4,10,12,1,22,2,1,2
1541.ps1,1,2453,1,2452.0,2452,0,22,15,15,9,9,3,3,7,352,3,9,0,0,7,0,0,0,0,5,22,5,0,0,0,0,0,0,0,0,0,0,0,0,0,0,0,0,0,0,0,0,0,0,0,0,0,0,0,0,0,0,0,0,0,0,0,0,0,0,0,0,0,0,0,0,0,0,0,0,0,0,0,0,0,0,0,0,0,0,0,0,0,0,0,0,0,0,0,0,0,0,7,4,2,4,10,12,1,22,2,1,2
1546.ps1,1,2238,1,2237.0,2237,0,22,15,15,9,9,3,3,7,309,3,9,0,0,7,0,0,0,0,5,22,5,0,0,0,0,0,0,0,0,0,0,0,0,0,0,0,0,0,0,0,0,0,0,0,0,0,0,0,0,0,0,0,0,0,0,0,0,0,0,0,0,0,0,0,0,0,0,0,0,0,0,0,0,0,0,0,0,0,0,0,0,0,0,0,0,0,0,0,0,0,0,7,4,2,4,10,12,1,22,2,1,2
1545.ps1,1,137,1,136.0,136,1,4,3,3,0,0,0,0,6,1,1,2,0,3,1,0,0,0,0,7,4,2,0,0,0,0,0,0,0,0,0,0,0,0,0,0,0,0,0,0,0,0,0,0,0,0,0,0,0,0,0,0,0,0,0,0,0,0,0,0,0,0,0,0,0,0,0,0,0,0,0,0,0,0,0,0,0,0,0,0,0,0,0,0,0,0,0,1,1,0,1,0,1,1,2,1,4,6,0,4,0,0,2
1542.ps1,1,2237,1,2236.0,2236,0,22,15,15,9,9,3,3,7,309,3,9,0,0,7,0,0,0,0,4,22,5,0,0,0,0,0,0,0,0,0,0,0,0,0,0,0,0,0,0,0,0,0,0,0,0,0,0,0,0,0,0,0,0,0,0,0,0,0,0,0,0,0,0,0,0,0,0,0,0,0,0,0,0,0,0,0,0,0,0,0,0,0,0,0,0,0,0,0,0,0,0,7,4,2,4,10,12,1,22,2,1,2
1539.ps1,1,2238,1,2237.0,2237,0,22,15,15,9,9,3,3,7,309,3,9,0,0,7,0,0,0,0,5,22,5,0,0,0,0,0,0,0,0,0,0,0,0,0,0,0,0,0,0,0,0,0,0,0,0,0,0,0,0,0,0,0,0,0,0,0,0,0,0,0,0,0,0,0,0,0,0,0,0,0,0,0,0,0,0,0,0,0,0,0,0,0,0,0,0,0,0,0,0,0,0,7,4,2,4,10,12,1,22,2,1,2
1543.ps1,1,2238,1,2237.0,2237,0,22,15,15,9,9,3,3,7,309,3,9,0,0,7,0,0,0,0,5,22,5,0,0,0,0,0,0,0,0,0,0,0,0,0,0,0,0,0,0,0,0,0,0,0,0,0,0,0,0,0,0,0,0,0,0,0,0,0,0,0,0,0,0,0,0,0,0,0,0,0,0,0,0,0,0,0,0,0,0,0,0,0,0,0,0,0,0,0,0,0,0,7,4,2,4,10,12,1,22,2,1,2
1555.ps1,1,2614,1,2613.0,2613,0,33,18,18,12,12,5,5,12,327,4,11,0,0,11,0,0,0,2,2,30,11,0,0,0,0,0,0,0,0,0,0,0,0,0,0,0,0,0,0,0,0,0,0,0,0,0,0,0,0,0,0,0,0,0,0,0,0,0,0,0,0,0,0,0,0,0,0,0,0,0,0,0,1,0,0,0,0,0,0,0,0,0,0,1,0,0,0,0,0,0,0,4,2,2,2,3,9,3,11,0,0,0
1556.ps1,1,2222,1,2221.0,2221,0,22,15,15,9,9,3,3,7,306,3,9,0,0,7,0,0,0,0,4,22,5,0,0,0,0,0,0,0,0,0,0,0,0,0,0,0,0,0,0,0,0,0,0,0,0,0,0,0,0,0,0,0,0,0,0,0,0,0,0,0,0,0,0,0,0,0,0,0,0,0,0,0,0,0,0,0,0,0,0,0,0,0,0,0,0,0,0,0,0,0,0,7,4,2,4,10,12,1,22,2,1,2
155.ps1,1,2328,1,2327.0,2327,0,22,15,15,9,9,3,3,7,327,3,9,0,0,7,0,0,0,0,5,22,5,0,0,0,0,0,0,0,0,0,0,0,0,0,0,0,0,0,0,0,0,0,0,0,0,0,0,0,0,0,0,0,0,0,0,0,0,0,0,0,0,0,0,0,0,0,0,0,0,0,0,0,0,0,0,0,0,0,0,0,0,0,0,0,0,0,0,0,0,0,0,7,4,2,4,10,12,1,22,2,1,2
1559.ps1,1,2465,1,2464.0,2464,0,22,15,15,9,9,3,3,7,352,3,9,0,0,7,0,0,0,0,4,22,5,0,0,0,0,0,0,0,0,0,0,0,0,0,0,0,0,0,0,0,0,0,0,0,0,0,0,0,0,0,0,0,0,0,0,0,0,0,0,0,0,0,0,0,0,0,0,0,0,0,0,0,0,0,0,0,0,0,0,0,0,0,0,0,0,0,0,0,0,0,0,7,4,2,4,10,12,1,22,2,1,2
1564.ps1,1,2250,1,2249.0,2249,0,22,15,15,9,9,3,3,7,309,3,9,0,0,7,0,0,0,0,4,22,5,0,0,0,0,0,0,0,0,0,0,0,0,0,0,0,0,0,0,0,0,0,0,0,0,0,0,0,0,0,0,0,0,0,0,0,0,0,0,0,0,0,0,0,0,0,0,0,0,0,0,0,0,0,0,0,0,0,0,0,0,0,0,0,0,0,0,0,0,0,0,7,4,2,4,10,12,1,22,2,1,2
1572.ps1,1,2342,1,2341.0,2341,0,22,15,15,9,9,3,3,7,327,3,9,0,0,7,0,0,0,0,4,19,5,0,0,0,0,0,0,0,0,0,0,0,0,0,0,0,0,0,0,0,0,0,0,0,0,0,0,0,0,0,0,0,0,0,0,0,0,0,0,0,0,0,0,0,0,0,0,0,0,0,0,0,0,0,0,0,0,0,0,0,0,0,0,0,0,0,0,0,0,0,0,7,4,2,4,10,12,1,22,2,1,2
1578.ps1,1,2328,1,2327.0,2327,0,22,15,15,9,9,3,3,7,327,3,9,0,0,7,0,0,0,0,5,22,5,0,0,0,0,0,0,0,0,0,0,0,0,0,0,0,0,0,0,0,0,0,0,0,0,0,0,0,0,0,0,0,0,0,0,0,0,0,0,0,0,0,0,0,0,0,0,0,0,0,0,0,0,0,0,0,0,0,0,0,0,0,0,0,0,0,0,0,0,0,0,7,4,2,4,10,12,1,22,2,1,2
1570.ps1,1,2283,1,2282.0,2282,0,22,15,15,9,9,3,3,7,318,3,9,0,0,7,0,0,0,0,5,22,5,0,0,0,0,0,0,0,0,0,0,0,0,0,0,0,0,0,0,0,0,0,0,0,0,0,0,0,0,0,0,0,0,0,0,0,0,0,0,0,0,0,0,0,0,0,0,0,0,0,0,0,0,0,0,0,0,0,0,0,0,0,0,0,0,0,0,0,0,0,0,7,4,2,4,10,12,1,22,2,1,2
157.ps1,1,2337,1,2336.0,2336,0,22,15,15,9,9,3,3,7,327,3,9,0,0,7,0,0,0,0,4,22,5,0,0,0,0,0,0,0,0,0,0,0,0,0,0,0,0,0,0,0,0,0,0,0,0,0,0,0,0,0,0,0,0,0,0,0,0,0,0,0,0,0,0,0,0,0,0,0,0,0,0,0,0,0,0,0,0,0,0,0,0,0,0,0,0,0,0,0,0,0,0,7,4,2,4,10,12,1,22,2,1,2
1568.ps1,1,2339,1,2338.0,2338,0,22,15,15,9,9,3,3,7,327,3,9,0,0,7,0,0,0,0,4,22,5,0,0,0,0,0,0,0,0,0,0,0,0,0,0,0,0,0,0,0,0,0,0,0,0,0,0,0,0,0,0,0,0,0,0,0,0,0,0,0,0,0,0,0,0,0,0,0,0,0,0,0,0,0,0,0,0,0,0,0,0,0,0,0,0,0,0,0,0,0,0,7,4,2,4,10,12,1,22,2,1,2
1575.ps1,1,2327,1,2326.0,2326,0,22,15,15,9,9,3,3,7,327,3,9,0,0,7,0,0,0,0,4,22,5,0,0,0,0,0,0,0,0,0,0,0,0,0,0,0,0,0,0,0,0,0,0,0,0,0,0,0,0,0,0,0,0,0,0,0,0,0,0,0,0,0,0,0,0,0,0,0,0,0,0,0,0,0,0,0,0,0,0,0,0,0,0,0,0,0,0,0,0,0,0,7,4,2,4,10,12,1,22,2,1,2
1571.ps1,1,2237,1,2236.0,2236,0,22,15,15,9,9,3,3,7,309,3,9,0,0,7,0,0,0,0,4,22,5,0,0,0,0,0,0,0,0,0,0,0,0,0,0,0,0,0,0,0,0,0,0,0,0,0,0,0,0,0,0,0,0,0,0,0,0,0,0,0,0,0,0,0,0,0,0,0,0,0,0,0,0,0,0,0,0,0,0,0,0,0,0,0,0,0,0,0,0,0,0,7,4,2,4,10,12,1,22,2,1,2
1577.ps1,1,2237,1,2236.0,2236,0,22,15,15,9,9,3,3,7,309,3,9,0,0,7,0,0,0,0,4,22,5,0,0,0,0,0,0,0,0,0,0,0,0,0,0,0,0,0,0,0,0,0,0,0,0,0,0,0,0,0,0,0,0,0,0,0,0,0,0,0,0,0,0,0,0,0,0,0,0,0,0,0,0,0,0,0,0,0,0,0,0,0,0,0,0,0,0,0,0,0,0,7,4,2,4,10,12,1,22,2,1,2
1584.ps1,1,190,1,189.0,189,1,3,3,3,1,1,0,0,11,1,0,1,0,3,1,0,0,0,0,3,3,2,0,0,0,0,0,0,0,0,0,0,0,0,0,0,0,0,0,0,0,0,0,0,0,0,0,0,0,0,0,0,0,0,0,0,0,0,0,0,0,0,0,0,0,0,0,0,0,0,0,0,0,0,0,0,0,0,0,0,0,0,0,0,0,0,0,1,1,0,1,0,1,0,2,2,3,6,1,3,0,0,1
1581.ps1,1,2283,1,2282.0,2282,0,22,15,15,9,9,3,3,7,318,3,9,0,0,7,0,0,0,0,5,22,5,0,0,0,0,0,0,0,0,0,0,0,0,0,0,0,0,0,0,0,0,0,0,0,0,0,0,0,0,0,0,0,0,0,0,0,0,0,0,0,0,0,0,0,0,0,0,0,0,0,0,0,0,0,0,0,0,0,0,0,0,0,0,0,0,0,0,0,0,0,0,7,4,2,4,10,12,1,22,2,1,2
1600.ps1,1,2250,1,2249.0,2249,0,22,15,15,9,9,3,3,7,309,3,9,0,0,7,0,0,0,0,5,22,5,0,0,0,0,0,0,0,0,0,0,0,0,0,0,0,0,0,0,0,0,0,0,0,0,0,0,0,0,0,0,0,0,0,0,0,0,0,0,0,0,0,0,0,0,0,0,0,0,0,0,0,0,0,0,0,0,0,0,0,0,0,0,0,0,0,0,0,0,0,0,7,4,2,4,10,12,1,22,2,1,2
1593.ps1,1,2237,1,2236.0,2236,0,22,15,15,9,9,3,3,7,309,3,9,0,0,7,0,0,0,0,4,22,5,0,0,0,0,0,0,0,0,0,0,0,0,0,0,0,0,0,0,0,0,0,0,0,0,0,0,0,0,0,0,0,0,0,0,0,0,0,0,0,0,0,0,0,0,0,0,0,0,0,0,0,0,0,0,0,0,0,0,0,0,0,0,0,0,0,0,0,0,0,0,7,4,2,4,10,12,1,22,2,1,2
1597.ps1,1,250,1,249.0,249,1,0,2,2,0,0,0,0,8,0,0,8,0,9,0,0,0,0,0,7,0,1,0,0,0,0,0,0,0,0,0,0,0,0,0,0,0,0,0,0,0,0,0,0,0,0,0,0,0,0,0,0,0,0,0,0,0,1,0,0,0,0,0,0,0,1,0,0,0,1,0,0,0,0,0,0,0,0,0,0,0,0,0,0,0,0,0,0,1,1,0,0,0,0,3,1,3,8,0,0,0,0,1
1594.ps1,1,2237,1,2236.0,2236,0,22,15,15,9,9,3,3,7,309,3,9,0,0,7,0,0,0,0,4,22,5,0,0,0,0,0,0,0,0,0,0,0,0,0,0,0,0,0,0,0,0,0,0,0,0,0,0,0,0,0,0,0,0,0,0,0,0,0,0,0,0,0,0,0,0,0,0,0,0,0,0,0,0,0,0,0,0,0,0,0,0,0,0,0,0,0,0,0,0,0,0,7,4,2,4,10,12,1,22,2,1,2
1587.ps1,1,2343,1,2342.0,2342,0,22,15,15,9,9,3,3,7,327,3,9,0,0,7,0,0,0,0,5,22,5,0,0,0,0,0,0,0,0,0,0,0,0,0,0,0,0,0,0,0,0,0,0,0,0,0,0,0,0,0,0,0,0,0,0,0,0,0,0,0,0,0,0,0,0,0,0,0,0,0,0,0,0,0,0,0,0,0,0,0,0,0,0,0,0,0,0,0,0,0,0,7,4,2,4,10,12,1,22,2,1,2
1580.ps1,1,2328,1,2327.0,2327,0,22,15,15,9,9,3,3,7,327,3,9,0,0,7,0,0,0,0,5,22,5,0,0,0,0,0,0,0,0,0,0,0,0,0,0,0,0,0,0,0,0,0,0,0,0,0,0,0,0,0,0,0,0,0,0,0,0,0,0,0,0,0,0,0,0,0,0,0,0,0,0,0,0,0,0,0,0,0,0,0,0,0,0,0,0,0,0,0,0,0,0,7,4,2,4,10,12,1,22,2,1,2
1617.ps1,1,2248,1,2247.0,2247,0,22,15,15,9,9,3,3,7,309,3,9,0,0,7,0,0,0,0,3,22,5,0,0,0,0,0,0,0,0,0,0,0,0,0,0,0,0,0,0,0,0,0,0,0,0,0,0,0,0,0,0,0,0,0,0,0,0,0,0,0,0,0,0,0,0,0,0,0,0,0,0,0,0,0,0,0,0,0,0,0,0,0,0,0,0,0,0,0,0,0,0,7,4,2,4,10,12,1,22,2,1,2
161.ps1,1,2282,1,2281.0,2281,0,22,15,15,9,9,3,3,7,318,3,9,0,0,7,0,0,0,0,4,22,5,0,0,0,0,0,0,0,0,0,0,0,0,0,0,0,0,0,0,0,0,0,0,0,0,0,0,0,0,0,0,0,0,0,0,0,0,0,0,0,0,0,0,0,0,0,0,0,0,0,0,0,0,0,0,0,0,0,0,0,0,0,0,0,0,0,0,0,0,0,0,7,4,2,4,10,12,1,22,2,1,2
1623.ps1,1,2222,1,2221.0,2221,0,22,15,15,9,9,3,3,7,306,3,9,0,0,7,0,0,0,0,4,22,5,0,0,0,0,0,0,0,0,0,0,0,0,0,0,0,0,0,0,0,0,0,0,0,0,0,0,0,0,0,0,0,0,0,0,0,0,0,0,0,0,0,0,0,0,0,0,0,0,0,0,0,0,0,0,0,0,0,0,0,0,0,0,0,0,0,0,0,0,0,0,7,4,2,4,10,12,1,22,2,1,2
1603.ps1,1,2339,1,2338.0,2338,0,22,15,15,9,9,3,3,7,327,3,9,0,0,7,0,0,0,0,4,22,5,0,0,0,0,0,0,0,0,0,0,0,0,0,0,0,0,0,0,0,0,0,0,0,0,0,0,0,0,0,0,0,0,0,0,0,0,0,0,0,0,0,0,0,0,0,0,0,0,0,0,0,0,0,0,0,0,0,0,0,0,0,0,0,0,0,0,0,0,0,0,7,4,2,4,10,12,1,22,2,1,2
1612.ps1,1,2341,1,2340.0,2340,0,22,15,15,9,9,3,3,7,327,3,9,0,0,7,0,0,0,0,5,17,5,0,0,0,0,0,0,0,0,0,0,0,0,0,0,0,0,0,0,0,0,0,0,0,0,0,0,0,0,0,0,0,0,0,0,0,0,0,0,0,0,0,0,0,0,0,0,0,0,0,0,0,0,0,0,0,0,0,0,0,0,0,0,0,0,0,0,0,0,0,0,7,4,2,4,10,12,1,22,2,1,2
1611.ps1,1,160,1,159.0,159,1,2,3,3,0,0,0,0,8,1,0,2,0,4,0,0,0,0,0,6,2,3,0,0,0,0,0,0,0,0,0,0,0,0,0,0,0,0,0,0,0,0,0,0,0,0,0,0,0,0,0,0,0,0,0,0,0,0,0,0,0,0,0,0,0,0,0,0,0,0,0,0,0,0,0,0,0,0,0,0,0,0,0,0,0,0,0,1,1,0,1,0,0,0,2,1,4,5,0,2,0,0,2
1601.ps1,1,2338,1,2337.0,2337,0,22,15,15,9,9,3,3,7,327,3,9,0,0,7,0,0,0,0,5,22,5,0,0,0,0,0,0,0,0,0,0,0,0,0,0,0,0,0,0,0,0,0,0,0,0,0,0,0,0,0,0,0,0,0,0,0,0,0,0,0,0,0,0,0,0,0,0,0,0,0,0,0,0,0,0,0,0,0,0,0,0,0,0,0,0,0,0,0,0,0,0,7,4,2,4,10,12,1,22,2,1,2
1620.ps1,1,2327,1,2326.0,2326,0,22,15,15,9,9,3,3,7,327,3,9,0,0,7,0,0,0,0,4,22,5,0,0,0,0,0,0,0,0,0,0,0,0,0,0,0,0,0,0,0,0,0,0,0,0,0,0,0,0,0,0,0,0,0,0,0,0,0,0,0,0,0,0,0,0,0,0,0,0,0,0,0,0,0,0,0,0,0,0,0,0,0,0,0,0,0,0,0,0,0,0,7,4,2,4,10,12,1,22,2,1,2
1618.ps1,1,2336,1,2335.0,2335,0,22,15,15,9,9,3,3,7,327,3,9,0,0,7,0,0,0,0,3,22,5,0,0,0,0,0,0,0,0,0,0,0,0,0,0,0,0,0,0,0,0,0,0,0,0,0,0,0,0,0,0,0,0,0,0,0,0,0,0,0,0,0,0,0,0,0,0,0,0,0,0,0,0,0,0,0,0,0,0,0,0,0,0,0,0,0,0,0,0,0,0,7,4,2,4,10,12,1,22,2,1,2
1621.ps1,1,2327,1,2326.0,2326,0,22,15,15,9,9,3,3,7,327,3,9,0,0,7,0,0,0,0,4,22,5,0,0,0,0,0,0,0,0,0,0,0,0,0,0,0,0,0,0,0,0,0,0,0,0,0,0,0,0,0,0,0,0,0,0,0,0,0,0,0,0,0,0,0,0,0,0,0,0,0,0,0,0,0,0,0,0,0,0,0,0,0,0,0,0,0,0,0,0,0,0,7,4,2,4,10,12,1,22,2,1,2
163.ps1,1,2713,1,2712.0,2712,0,22,15,15,9,9,3,3,7,402,3,9,0,0,7,0,0,0,0,5,22,5,0,0,0,0,0,0,0,0,0,0,0,0,0,0,0,0,0,0,0,0,0,0,0,0,0,0,0,0,0,0,0,0,0,0,0,0,0,0,0,0,0,0,0,0,0,0,0,0,0,0,0,0,0,0,0,0,0,0,0,0,0,0,0,0,0,0,0,0,0,0,7,4,2,4,10,12,1,22,2,1,2
1632.ps1,1,2327,1,2326.0,2326,0,22,15,15,9,9,3,3,7,327,3,9,0,0,7,0,0,0,0,4,22,5,0,0,0,0,0,0,0,0,0,0,0,0,0,0,0,0,0,0,0,0,0,0,0,0,0,0,0,0,0,0,0,0,0,0,0,0,0,0,0,0,0,0,0,0,0,0,0,0,0,0,0,0,0,0,0,0,0,0,0,0,0,0,0,0,0,0,0,0,0,0,7,4,2,4,10,12,1,22,2,1,2
1639.ps1,1,2451,1,2450.0,2450,0,22,15,15,9,9,3,3,7,352,3,9,0,0,7,0,0,0,0,3,22,5,0,0,0,0,0,0,0,0,0,0,0,0,0,0,0,0,0,0,0,0,0,0,0,0,0,0,0,0,0,0,0,0,0,0,0,0,0,0,0,0,0,0,0,0,0,0,0,0,0,0,0,0,0,0,0,0,0,0,0,0,0,0,0,0,0,0,0,0,0,0,7,4,2,4,10,12,1,22,2,1,2
1642.ps1,1,2238,1,2237.0,2237,0,22,15,15,9,9,3,3,7,309,3,9,0,0,7,0,0,0,0,5,22,5,0,0,0,0,0,0,0,0,0,0,0,0,0,0,0,0,0,0,0,0,0,0,0,0,0,0,0,0,0,0,0,0,0,0,0,0,0,0,0,0,0,0,0,0,0,0,0,0,0,0,0,0,0,0,0,0,0,0,0,0,0,0,0,0,0,0,0,0,0,0,7,4,2,4,10,12,1,22,2,1,2
1640.ps1,1,2343,1,2342.0,2342,0,22,15,15,9,9,3,3,7,327,3,9,0,0,7,0,0,0,0,5,22,5,0,0,0,0,0,0,0,0,0,0,0,0,0,0,0,0,0,0,0,0,0,0,0,0,0,0,0,0,0,0,0,0,0,0,0,0,0,0,0,0,0,0,0,0,0,0,0,0,0,0,0,0,0,0,0,0,0,0,0,0,0,0,0,0,0,0,0,0,0,0,7,4,2,4,10,12,1,22,2,1,2
1638.ps1,1,2283,1,2282.0,2282,0,22,15,15,9,9,3,3,7,318,3,9,0,0,7,0,0,0,0,5,22,5,0,0,0,0,0,0,0,0,0,0,0,0,0,0,0,0,0,0,0,0,0,0,0,0,0,0,0,0,0,0,0,0,0,0,0,0,0,0,0,0,0,0,0,0,0,0,0,0,0,0,0,0,0,0,0,0,0,0,0,0,0,0,0,0,0,0,0,0,0,0,7,4,2,4,10,12,1,22,2,1,2
1657.ps1,1,2686,1,2685.0,2685,0,22,15,15,9,9,3,3,7,397,3,9,0,0,7,0,0,0,0,3,22,5,0,0,0,0,0,0,0,0,0,0,0,0,0,0,0,0,0,0,0,0,0,0,0,0,0,0,0,0,0,0,0,0,0,0,0,0,0,0,0,0,0,0,0,0,0,0,0,0,0,0,0,0,0,0,0,0,0,0,0,0,0,0,0,0,0,0,0,0,0,0,7,4,2,4,10,12,1,22,2,1,2
1626.ps1,1,2451,1,2450.0,2450,0,22,15,15,9,9,3,3,7,352,3,9,0,0,7,0,0,0,0,3,22,5,0,0,0,0,0,0,0,0,0,0,0,0,0,0,0,0,0,0,0,0,0,0,0,0,0,0,0,0,0,0,0,0,0,0,0,0,0,0,0,0,0,0,0,0,0,0,0,0,0,0,0,0,0,0,0,0,0,0,0,0,0,0,0,0,0,0,0,0,0,0,7,4,2,4,10,12,1,22,2,1,2
1659.ps1,1,2604,1,2603.0,2603,0,33,18,18,12,12,5,5,12,327,4,11,0,0,11,0,0,0,2,2,33,11,0,0,0,0,0,0,0,0,0,0,0,0,0,0,0,0,0,0,0,0,0,0,0,0,0,0,0,0,0,0,0,0,0,0,0,0,0,0,0,0,0,0,0,0,0,0,0,0,0,0,0,1,0,0,0,0,0,0,0,0,0,0,0,0,0,0,0,0,0,0,4,2,2,2,3,9,3,11,0,0,0
1655.ps1,1,2308,1,2307.0,2307,0,24,15,15,11,11,3,3,7,309,3,9,0,0,8,0,0,0,0,5,24,5,0,0,0,0,0,0,0,0,0,0,0,0,0,0,0,0,0,0,0,0,0,0,0,0,0,0,0,0,0,0,0,0,0,0,0,0,0,0,0,0,0,0,0,0,0,0,0,0,0,0,0,0,0,0,0,0,0,0,0,0,0,0,0,0,0,0,0,0,0,0,8,4,2,4,10,12,1,24,3,1,2
165.ps1,1,2237,1,2236.0,2236,0,22,15,15,9,9,3,3,7,309,3,9,0,0,7,0,0,0,0,4,22,5,0,0,0,0,0,0,0,0,0,0,0,0,0,0,0,0,0,0,0,0,0,0,0,0,0,0,0,0,0,0,0,0,0,0,0,0,0,0,0,0,0,0,0,0,0,0,0,0,0,0,0,0,0,0,0,0,0,0,0,0,0,0,0,0,0,0,0,0,0,0,7,4,2,4,10,12,1,22,2,1,2
1654.ps1,1,2248,1,2247.0,2247,0,22,15,15,9,9,3,3,7,309,3,9,0,0,7,0,0,0,0,5,20,5,0,0,0,0,0,0,0,0,0,0,0,0,0,0,0,0,0,0,0,0,0,0,0,0,0,0,0,0,0,0,0,0,0,0,0,0,0,0,0,0,0,0,0,0,0,0,0,0,0,0,0,0,0,0,0,0,0,0,0,0,0,0,0,0,0,0,0,0,0,0,7,4,2,4,10,12,1,22,2,1,2
1624.ps1,1,2236,1,2235.0,2235,0,22,15,15,9,9,3,3,7,309,3,9,0,0,7,0,0,0,0,3,22,5,0,0,0,0,0,0,0,0,0,0,0,0,0,0,0,0,0,0,0,0,0,0,0,0,0,0,0,0,0,0,0,0,0,0,0,0,0,0,0,0,0,0,0,0,0,0,0,0,0,0,0,0,0,0,0,0,0,0,0,0,0,0,0,0,0,0,0,0,0,0,7,4,2,4,10,12,1,22,2,1,2
1650.ps1,1,2485,1,2484.0,2484,0,33,18,18,12,12,5,5,12,309,4,11,0,0,11,0,0,0,2,2,26,11,0,0,0,0,0,0,0,0,0,0,0,0,0,0,0,0,0,0,0,0,0,0,0,0,0,0,0,0,0,0,0,0,0,0,0,0,0,0,0,0,0,0,0,0,0,0,0,0,0,0,0,1,0,0,0,0,0,0,0,0,0,0,0,0,0,0,0,0,0,0,4,2,2,2,3,9,3,11,0,0,0
1662.ps1,1,139,1,138.0,138,1,4,3,3,0,0,0,0,8,1,1,2,0,3,1,0,0,0,0,6,4,2,0,0,0,0,0,0,0,0,0,0,0,0,0,0,0,0,0,0,0,0,0,0,0,0,0,0,0,0,0,0,0,0,0,0,0,0,0,0,0,0,0,0,0,0,0,0,0,0,0,0,0,0,0,0,0,0,0,0,0,0,0,0,0,0,0,1,1,0,1,0,1,1,2,1,4,6,0,4,0,0,2
166.ps1,1,2283,1,2282.0,2282,0,22,15,15,9,9,3,3,7,318,3,9,0,0,7,0,0,0,0,5,22,5,0,0,0,0,0,0,0,0,0,0,0,0,0,0,0,0,0,0,0,0,0,0,0,0,0,0,0,0,0,0,0,0,0,0,0,0,0,0,0,0,0,0,0,0,0,0,0,0,0,0,0,0,0,0,0,0,0,0,0,0,0,0,0,0,0,0,0,0,0,0,7,4,2,4,10,12,1,22,2,1,2
1679.ps1,1,2341,1,2340.0,2340,0,22,15,15,9,9,3,3,7,327,3,9,0,0,7,0,0,0,0,5,22,5,0,0,0,0,0,0,0,0,0,0,0,0,0,0,0,0,0,0,0,0,0,0,0,0,0,0,0,0,0,0,0,0,0,0,0,0,0,0,0,0,0,0,0,0,0,0,0,0,0,0,0,0,0,0,0,0,0,0,0,0,0,0,0,0,0,0,0,0,0,0,7,4,2,4,10,12,1,22,2,1,2
1660.ps1,1,2319,1,2318.0,2318,0,18,8,8,4,4,2,2,20,2,26,8,0,21,12,0,0,0,0,3,18,6,0,0,0,0,0,0,0,0,0,0,0,0,0,0,0,0,0,0,0,0,0,0,0,0,0,0,0,0,0,0,0,0,0,0,0,0,0,0,0,0,0,0,0,0,0,0,0,0,1,0,0,0,0,1,0,0,2,1,0,0,0,1,0,0,0,0,0,0,0,3,10,2,1,1,2,14,2,16,0,0,0
1680.ps1,1,2223,1,2222.0,2222,0,22,15,15,9,9,3,3,7,306,3,9,0,0,7,0,0,0,0,5,22,5,0,0,0,0,0,0,0,0,0,0,0,0,0,0,0,0,0,0,0,0,0,0,0,0,0,0,0,0,0,0,0,0,0,0,0,0,0,0,0,0,0,0,0,0,0,0,0,0,0,0,0,0,0,0,0,0,0,0,0,0,0,0,0,0,0,0,0,0,0,0,7,4,2,4,10,12,1,22,2,1,2
1663.ps1,1,2250,1,2249.0,2249,0,22,15,15,9,9,3,3,7,309,3,9,0,0,7,0,0,0,0,5,20,5,0,0,0,0,0,0,0,0,0,0,0,0,0,0,0,0,0,0,0,0,0,0,0,0,0,0,0,0,0,0,0,0,0,0,0,0,0,0,0,0,0,0,0,0,0,0,0,0,0,0,0,0,0,0,0,0,0,0,0,0,0,0,0,0,0,0,0,0,0,0,7,4,2,4,10,12,1,22,2,1,2
168.ps1,1,525,1,524.0,524,1,17,6,6,8,8,3,3,23,2,2,4,1,5,8,0,2,1,0,3,17,5,0,0,0,0,0,0,0,0,0,0,0,0,0,0,0,0,0,0,0,0,0,0,0,0,0,0,0,0,0,0,0,0,0,0,0,0,0,0,0,0,0,0,0,0,0,0,0,0,0,0,0,0,0,0,0,0,1,0,0,0,0,0,0,0,0,1,1,1,0,0,8,3,3,2,9,19,3,16,2,0,3
1683.ps1,1,2192,1,2191.0,2191,0,22,15,15,9,9,3,3,7,300,3,9,0,0,7,0,0,0,0,4,22,5,0,0,0,0,0,0,0,0,0,0,0,0,0,0,0,0,0,0,0,0,0,0,0,0,0,0,0,0,0,0,0,0,0,0,0,0,0,0,0,0,0,0,0,0,0,0,0,0,0,0,0,0,0,0,0,0,0,0,0,0,0,0,0,0,0,0,0,0,0,0,7,4,2,4,10,12,1,22,2,1,2
1693.ps1,1,148,1,147.0,147,1,2,3,3,0,0,0,0,8,1,0,2,0,3,0,0,0,0,0,5,2,3,0,0,0,0,0,0,0,0,0,0,0,0,0,0,0,0,0,0,0,0,0,0,0,0,0,0,0,0,0,0,0,0,0,0,0,0,0,0,0,0,0,0,0,0,0,0,0,0,0,0,0,0,0,0,0,0,0,0,0,0,0,0,0,0,0,1,1,0,1,0,0,0,2,1,4,5,0,2,0,0,2
1685.ps1,1,2327,1,2326.0,2326,0,22,15,15,9,9,3,3,7,327,3,9,0,0,7,0,0,0,0,4,22,5,0,0,0,0,0,0,0,0,0,0,0,0,0,0,0,0,0,0,0,0,0,0,0,0,0,0,0,0,0,0,0,0,0,0,0,0,0,0,0,0,0,0,0,0,0,0,0,0,0,0,0,0,0,0,0,0,0,0,0,0,0,0,0,0,0,0,0,0,0,0,7,4,2,4,10,12,1,22,2,1,2
1664.ps1,1,2342,1,2341.0,2341,0,22,15,15,9,9,3,3,7,327,3,9,0,0,7,0,0,0,0,4,22,5,0,0,0,0,0,0,0,0,0,0,0,0,0,0,0,0,0,0,0,0,0,0,0,0,0,0,0,0,0,0,0,0,0,0,0,0,0,0,0,0,0,0,0,0,0,0,0,0,0,0,0,0,0,0,0,0,0,0,0,0,0,0,0,0,0,0,0,0,0,0,7,4,2,4,10,12,1,22,2,1,2
169.ps1,1,1518,1,1517.0,1517,0,4,9,9,3,3,0,0,8,3,23,4,0,14,2,0,0,0,0,11,0,1,0,0,0,0,0,0,0,0,0,0,0,0,0,0,0,0,0,0,0,0,0,0,0,0,0,0,0,0,0,0,0,0,1,0,0,0,0,0,0,0,0,0,0,0,0,0,0,0,1,0,0,0,0,1,0,0,0,0,0,0,0,0,0,0,0,0,0,0,0,0,0,0,4,2,8,12,3,0,0,3,3
170.ps1,1,2252,1,2251.0,2251,0,22,15,15,9,9,3,3,7,309,3,9,0,0,7,0,0,0,0,5,22,5,0,0,0,0,0,0,0,0,0,0,0,0,0,0,0,0,0,0,0,0,0,0,0,0,0,0,0,0,0,0,0,0,0,0,0,0,0,0,0,0,0,0,0,0,0,0,0,0,0,0,0,0,0,0,0,0,0,0,0,0,0,0,0,0,0,0,0,0,0,0,7,4,2,4,10,12,1,22,2,1,2
1702.ps1,1,505,1,504.0,504,1,15,6,6,8,8,1,1,23,1,2,4,0,5,8,0,2,0,0,3,15,5,0,0,0,0,0,0,0,0,0,0,0,0,0,0,0,0,0,0,0,0,0,0,0,0,0,0,0,0,0,0,0,0,0,0,0,0,0,0,0,0,0,0,0,0,0,0,0,0,0,0,0,0,0,0,0,0,0,0,0,0,0,0,0,0,0,1,1,1,0,0,8,3,3,2,8,19,3,15,2,0,3
1706.ps1,1,2281,1,2280.0,2280,0,22,15,15,9,9,3,3,7,318,3,9,0,0,7,0,0,0,0,3,22,5,0,0,0,0,0,0,0,0,0,0,0,0,0,0,0,0,0,0,0,0,0,0,0,0,0,0,0,0,0,0,0,0,0,0,0,0,0,0,0,0,0,0,0,0,0,0,0,0,0,0,0,0,0,0,0,0,0,0,0,0,0,0,0,0,0,0,0,0,0,0,7,4,2,4,10,12,1,22,2,1,2
1694.ps1,1,2237,1,2236.0,2236,0,22,15,15,9,9,3,3,7,309,3,9,0,0,7,0,0,0,0,4,22,5,0,0,0,0,0,0,0,0,0,0,0,0,0,0,0,0,0,0,0,0,0,0,0,0,0,0,0,0,0,0,0,0,0,0,0,0,0,0,0,0,0,0,0,0,0,0,0,0,0,0,0,0,0,0,0,0,0,0,0,0,0,0,0,0,0,0,0,0,0,0,7,4,2,4,10,12,1,22,2,1,2
1700.ps1,1,2236,1,2235.0,2235,0,22,15,15,9,9,3,3,7,309,3,9,0,0,7,0,0,0,0,3,22,5,0,0,0,0,0,0,0,0,0,0,0,0,0,0,0,0,0,0,0,0,0,0,0,0,0,0,0,0,0,0,0,0,0,0,0,0,0,0,0,0,0,0,0,0,0,0,0,0,0,0,0,0,0,0,0,0,0,0,0,0,0,0,0,0,0,0,0,0,0,0,7,4,2,4,10,12,1,22,2,1,2
17.ps1,1,2238,1,2237.0,2237,0,22,15,15,9,9,3,3,7,309,3,9,0,0,7,0,0,0,0,5,22,5,0,0,0,0,0,0,0,0,0,0,0,0,0,0,0,0,0,0,0,0,0,0,0,0,0,0,0,0,0,0,0,0,0,0,0,0,0,0,0,0,0,0,0,0,0,0,0,0,0,0,0,0,0,0,0,0,0,0,0,0,0,0,0,0,0,0,0,0,0,0,7,4,2,4,10,12,1,22,2,1,2
1686.ps1,1,2342,1,2341.0,2341,0,22,15,15,9,9,3,3,7,327,3,9,0,0,7,0,0,0,0,4,22,5,0,0,0,0,0,0,0,0,0,0,0,0,0,0,0,0,0,0,0,0,0,0,0,0,0,0,0,0,0,0,0,0,0,0,0,0,0,0,0,0,0,0,0,0,0,0,0,0,0,0,0,0,0,0,0,0,0,0,0,0,0,0,0,0,0,0,0,0,0,0,7,4,2,4,10,12,1,22,2,1,2
172.ps1,1,2485,1,2484.0,2484,0,33,18,18,12,12,5,5,12,309,4,11,0,0,11,0,0,0,2,2,26,11,0,0,0,0,0,0,0,0,0,0,0,0,0,0,0,0,0,0,0,0,0,0,0,0,0,0,0,0,0,0,0,0,0,0,0,0,0,0,0,0,0,0,0,0,0,0,0,0,0,0,0,1,0,0,0,0,0,0,0,0,0,0,0,0,0,0,0,0,0,0,4,2,2,2,3,9,3,11,0,0,0
1713.ps1,1,2238,1,2237.0,2237,0,22,15,15,9,9,3,3,7,309,3,9,0,0,7,0,0,0,0,5,22,5,0,0,0,0,0,0,0,0,0,0,0,0,0,0,0,0,0,0,0,0,0,0,0,0,0,0,0,0,0,0,0,0,0,0,0,0,0,0,0,0,0,0,0,0,0,0,0,0,0,0,0,0,0,0,0,0,0,0,0,0,0,0,0,0,0,0,0,0,0,0,7,4,2,4,10,12,1,22,2,1,2
1712.ps1,1,2341,1,2340.0,2340,0,22,15,15,9,9,3,3,7,327,3,9,0,0,7,0,0,0,0,5,22,5,0,0,0,0,0,0,0,0,0,0,0,0,0,0,0,0,0,0,0,0,0,0,0,0,0,0,0,0,0,0,0,0,0,0,0,0,0,0,0,0,0,0,0,0,0,0,0,0,0,0,0,0,0,0,0,0,0,0,0,0,0,0,0,0,0,0,0,0,0,0,7,4,2,4,10,12,1,22,2,1,2
1728.ps1,1,527,1,526.0,526,1,16,6,6,8,8,2,3,24,1,3,4,1,5,8,1,2,1,0,3,16,5,0,0,0,0,0,0,0,0,0,0,0,0,0,0,0,0,0,0,0,0,0,0,0,0,0,0,0,0,0,0,0,0,0,0,0,0,0,0,0,0,0,0,0,0,0,0,0,0,0,0,0,0,0,0,0,0,1,0,0,0,0,0,0,0,0,1,1,1,0,0,8,3,3,2,9,19,3,16,2,0,3
1729.ps1,1,2237,1,2236.0,2236,0,22,15,15,9,9,3,3,7,309,3,9,0,0,7,0,0,0,0,4,22,5,0,0,0,0,0,0,0,0,0,0,0,0,0,0,0,0,0,0,0,0,0,0,0,0,0,0,0,0,0,0,0,0,0,0,0,0,0,0,0,0,0,0,0,0,0,0,0,0,0,0,0,0,0,0,0,0,0,0,0,0,0,0,0,0,0,0,0,0,0,0,7,4,2,4,10,12,1,22,2,1,2
1721.ps1,1,2207,1,2206.0,2206,0,22,15,15,9,9,3,3,7,300,3,9,0,0,7,0,0,0,0,5,22,5,0,0,0,0,0,0,0,0,0,0,0,0,0,0,0,0,0,0,0,0,0,0,0,0,0,0,0,0,0,0,0,0,0,0,0,0,0,0,0,0,0,0,0,0,0,0,0,0,0,0,0,0,0,0,0,0,0,0,0,0,0,0,0,0,0,0,0,0,0,0,7,4,2,4,10,12,1,22,2,1,2
1736.ps1,1,2328,1,2327.0,2327,0,22,15,15,9,9,3,3,7,327,3,9,0,0,7,0,0,0,0,5,22,5,0,0,0,0,0,0,0,0,0,0,0,0,0,0,0,0,0,0,0,0,0,0,0,0,0,0,0,0,0,0,0,0,0,0,0,0,0,0,0,0,0,0,0,0,0,0,0,0,0,0,0,0,0,0,0,0,0,0,0,0,0,0,0,0,0,0,0,0,0,0,7,4,2,4,10,12,1,22,2,1,2
1698.ps1,1,2252,1,2251.0,2251,0,22,15,15,9,9,3,3,7,309,3,9,0,0,7,0,0,0,0,5,22,5,0,0,0,0,0,0,0,0,0,0,0,0,0,0,0,0,0,0,0,0,0,0,0,0,0,0,0,0,0,0,0,0,0,0,0,0,0,0,0,0,0,0,0,0,0,0,0,0,0,0,0,0,0,0,0,0,0,0,0,0,0,0,0,0,0,0,0,0,0,0,7,4,2,4,10,12,1,22,2,1,2
1735.ps1,1,2341,1,2340.0,2340,0,22,15,15,9,9,3,3,7,327,3,9,0,0,7,0,0,0,0,5,19,5,0,0,0,0,0,0,0,0,0,0,0,0,0,0,0,0,0,0,0,0,0,0,0,0,0,0,0,0,0,0,0,0,0,0,0,0,0,0,0,0,0,0,0,0,0,0,0,0,0,0,0,0,0,0,0,0,0,0,0,0,0,0,0,0,0,0,0,0,0,0,7,4,2,4,10,12,1,22,2,1,2
1737.ps1,1,2337,1,2336.0,2336,0,22,15,15,9,9,3,3,7,327,3,9,0,0,7,0,0,0,0,4,22,5,0,0,0,0,0,0,0,0,0,0,0,0,0,0,0,0,0,0,0,0,0,0,0,0,0,0,0,0,0,0,0,0,0,0,0,0,0,0,0,0,0,0,0,0,0,0,0,0,0,0,0,0,0,0,0,0,0,0,0,0,0,0,0,0,0,0,0,0,0,0,7,4,2,4,10,12,1,22,2,1,2
1738.ps1,1,448,1,447.0,447,1,16,7,7,7,8,1,1,22,1,3,5,0,6,7,0,3,1,0,4,15,5,0,0,0,0,0,0,0,0,0,0,0,0,0,0,0,0,0,0,0,0,0,0,0,0,0,0,0,0,0,0,0,0,0,0,0,0,0,0,0,0,0,0,0,0,0,0,0,0,0,0,0,0,0,0,0,0,0,0,0,0,0,0,0,0,0,1,1,1,0,0,7,3,3,2,8,18,2,15,2,0,3
1745.ps1,1,2236,1,2235.0,2235,0,22,15,15,9,9,3,3,7,306,3,9,0,0,7,0,0,0,0,4,22,5,0,0,0,0,0,0,0,0,0,0,0,0,0,0,0,0,0,0,0,0,0,0,0,0,0,0,0,0,0,0,0,0,0,0,0,0,0,0,0,0,0,0,0,0,0,0,0,0,0,0,0,0,0,0,0,0,0,0,0,0,0,0,0,0,0,0,0,0,0,0,7,4,2,4,10,12,1,22,2,1,2
1724.ps1,1,133,1,132.0,132,1,0,2,2,0,0,0,0,8,1,0,2,0,4,0,0,0,0,0,5,0,3,0,0,0,0,0,0,0,0,0,0,0,0,0,0,0,0,0,0,0,0,0,0,0,0,0,0,0,0,0,0,0,0,0,0,0,0,0,0,0,0,0,0,0,0,0,0,0,0,0,0,0,0,0,0,0,0,0,0,0,0,0,0,0,0,0,1,1,0,1,0,0,0,2,1,3,7,0,0,0,0,1
1718.ps1,1,2281,1,2280.0,2280,0,22,15,15,9,9,3,3,7,318,3,9,0,0,7,0,0,0,0,3,22,5,0,0,0,0,0,0,0,0,0,0,0,0,0,0,0,0,0,0,0,0,0,0,0,0,0,0,0,0,0,0,0,0,0,0,0,0,0,0,0,0,0,0,0,0,0,0,0,0,0,0,0,0,0,0,0,0,0,0,0,0,0,0,0,0,0,0,0,0,0,0,7,4,2,4,10,12,1,22,2,1,2
1751.ps1,1,445,1,444.0,444,1,16,7,6,7,8,1,2,22,1,2,5,0,5,7,0,2,0,0,3,15,5,0,0,0,0,0,0,0,0,0,0,0,0,0,0,0,0,0,0,0,0,0,0,0,0,0,0,0,0,0,0,0,0,0,0,0,0,0,0,0,0,0,0,0,0,0,0,0,0,0,0,0,0,0,0,0,0,0,0,0,0,0,0,0,0,0,1,1,1,0,0,7,3,3,2,8,18,2,15,2,0,3
1722.ps1,1,2339,1,2338.0,2338,0,18,8,8,4,4,2,2,20,2,29,8,0,25,13,0,0,0,0,3,18,6,0,0,0,0,0,0,0,0,0,0,0,0,0,0,0,0,0,0,0,0,0,0,0,0,0,0,0,0,0,0,0,0,3,0,0,0,0,0,0,0,0,0,0,0,0,0,0,0,1,0,0,0,0,1,0,0,2,1,0,0,0,1,0,0,0,0,0,0,0,3,10,2,1,1,2,14,2,16,0,0,0
1746.ps1,1,2452,1,2451.0,2451,0,22,15,15,9,9,3,3,7,352,3,9,0,0,7,0,0,0,0,4,22,5,0,0,0,0,0,0,0,0,0,0,0,0,0,0,0,0,0,0,0,0,0,0,0,0,0,0,0,0,0,0,0,0,0,0,0,0,0,0,0,0,0,0,0,0,0,0,0,0,0,0,0,0,0,0,0,0,0,0,0,0,0,0,0,0,0,0,0,0,0,0,7,4,2,4,10,12,1,22,2,1,2
1743.ps1,1,2237,1,2236.0,2236,0,22,15,15,9,9,3,3,7,309,3,9,0,0,7,0,0,0,0,4,22,5,0,0,0,0,0,0,0,0,0,0,0,0,0,0,0,0,0,0,0,0,0,0,0,0,0,0,0,0,0,0,0,0,0,0,0,0,0,0,0,0,0,0,0,0,0,0,0,0,0,0,0,0,0,0,0,0,0,0,0,0,0,0,0,0,0,0,0,0,0,0,7,4,2,4,10,12,1,22,2,1,2
1747.ps1,1,2328,1,2327.0,2327,0,22,15,15,9,9,3,3,7,327,3,9,0,0,7,0,0,0,0,5,22,5,0,0,0,0,0,0,0,0,0,0,0,0,0,0,0,0,0,0,0,0,0,0,0,0,0,0,0,0,0,0,0,0,0,0,0,0,0,0,0,0,0,0,0,0,0,0,0,0,0,0,0,0,0,0,0,0,0,0,0,0,0,0,0,0,0,0,0,0,0,0,7,4,2,4,10,12,1,22,2,1,2
1720.ps1,1,2338,1,2337.0,2337,0,22,15,15,9,9,3,3,7,327,3,9,0,0,7,0,0,0,0,3,22,5,0,0,0,0,0,0,0,0,0,0,0,0,0,0,0,0,0,0,0,0,0,0,0,0,0,0,0,0,0,0,0,0,0,0,0,0,0,0,0,0,0,0,0,0,0,0,0,0,0,0,0,0,0,0,0,0,0,0,0,0,0,0,0,0,0,0,0,0,0,0,7,4,2,4,10,12,1,22,2,1,2
1740.ps1,1,2237,1,2236.0,2236,0,22,15,15,9,9,3,3,7,309,3,9,0,0,7,0,0,0,0,4,22,5,0,0,0,0,0,0,0,0,0,0,0,0,0,0,0,0,0,0,0,0,0,0,0,0,0,0,0,0,0,0,0,0,0,0,0,0,0,0,0,0,0,0,0,0,0,0,0,0,0,0,0,0,0,0,0,0,0,0,0,0,0,0,0,0,0,0,0,0,0,0,7,4,2,4,10,12,1,22,2,1,2
1760.ps1,1,2236,1,2235.0,2235,0,22,15,15,9,9,3,3,7,309,3,9,0,0,7,0,0,0,0,3,22,5,0,0,0,0,0,0,0,0,0,0,0,0,0,0,0,0,0,0,0,0,0,0,0,0,0,0,0,0,0,0,0,0,0,0,0,0,0,0,0,0,0,0,0,0,0,0,0,0,0,0,0,0,0,0,0,0,0,0,0,0,0,0,0,0,0,0,0,0,0,0,7,4,2,4,10,12,1,22,2,1,2
1761.ps1,1,2238,1,2237.0,2237,0,22,15,15,9,9,3,3,7,309,3,9,0,0,7,0,0,0,0,5,22,5,0,0,0,0,0,0,0,0,0,0,0,0,0,0,0,0,0,0,0,0,0,0,0,0,0,0,0,0,0,0,0,0,0,0,0,0,0,0,0,0,0,0,0,0,0,0,0,0,0,0,0,0,0,0,0,0,0,0,0,0,0,0,0,0,0,0,0,0,0,0,7,4,2,4,10,12,1,22,2,1,2
173.ps1,1,2528,1,2527.0,2527,0,22,15,15,9,9,3,3,7,367,3,9,0,0,7,0,0,0,0,5,22,5,0,0,0,0,0,0,0,0,0,0,0,0,0,0,0,0,0,0,0,0,0,0,0,0,0,0,0,0,0,0,0,0,0,0,0,0,0,0,0,0,0,0,0,0,0,0,0,0,0,0,0,0,0,0,0,0,0,0,0,0,0,0,0,0,0,0,0,0,0,0,7,4,2,4,10,12,1,22,2,1,2
1762.ps1,1,2238,1,2237.0,2237,0,22,15,15,9,9,3,3,7,309,3,9,0,0,7,0,0,0,0,5,22,5,0,0,0,0,0,0,0,0,0,0,0,0,0,0,0,0,0,0,0,0,0,0,0,0,0,0,0,0,0,0,0,0,0,0,0,0,0,0,0,0,0,0,0,0,0,0,0,0,0,0,0,0,0,0,0,0,0,0,0,0,0,0,0,0,0,0,0,0,0,0,7,4,2,4,10,12,1,22,2,1,2
1748.ps1,1,2545,1,2544.0,2544,0,22,15,15,9,9,3,3,7,368,3,9,0,0,7,0,0,0,0,4,22,5,0,0,0,0,0,0,0,0,0,0,0,0,0,0,0,0,0,0,0,0,0,0,0,0,0,0,0,0,0,0,0,0,0,0,0,0,0,0,0,0,0,0,0,0,0,0,0,0,0,0,0,0,0,0,0,0,0,0,0,0,0,0,0,0,0,0,0,0,0,0,7,4,2,4,10,12,1,22,2,1,2
177.ps1,1,2237,1,2236.0,2236,0,22,15,15,9,9,3,3,7,309,3,9,0,0,7,0,0,0,0,4,22,5,0,0,0,0,0,0,0,0,0,0,0,0,0,0,0,0,0,0,0,0,0,0,0,0,0,0,0,0,0,0,0,0,0,0,0,0,0,0,0,0,0,0,0,0,0,0,0,0,0,0,0,0,0,0,0,0,0,0,0,0,0,0,0,0,0,0,0,0,0,0,7,4,2,4,10,12,1,22,2,1,2
1677.ps1,1,2236,1,2235.0,2235,0,22,15,15,9,9,3,3,7,309,3,9,0,0,7,0,0,0,0,3,22,5,0,0,0,0,0,0,0,0,0,0,0,0,0,0,0,0,0,0,0,0,0,0,0,0,0,0,0,0,0,0,0,0,0,0,0,0,0,0,0,0,0,0,0,0,0,0,0,0,0,0,0,0,0,0,0,0,0,0,0,0,0,0,0,0,0,0,0,0,0,0,7,4,2,4,10,12,1,22,2,1,2
1765.ps1,1,129,1,128.0,128,1,0,2,2,0,0,0,0,7,1,0,2,0,3,0,0,0,0,0,7,0,3,0,0,0,0,0,0,0,0,0,0,0,0,0,0,0,0,0,0,0,0,0,0,0,0,0,0,0,0,0,0,0,0,0,0,0,0,0,0,0,0,0,0,0,0,0,0,0,0,0,0,0,0,0,0,0,0,0,0,0,0,0,0,0,0,0,1,1,0,1,0,0,0,2,1,3,7,0,0,0,0,1
1771.ps1,1,2342,1,2341.0,2341,0,22,15,15,9,9,3,3,7,327,3,9,0,0,7,0,0,0,0,4,22,5,0,0,0,0,0,0,0,0,0,0,0,0,0,0,0,0,0,0,0,0,0,0,0,0,0,0,0,0,0,0,0,0,0,0,0,0,0,0,0,0,0,0,0,0,0,0,0,0,0,0,0,0,0,0,0,0,0,0,0,0,0,0,0,0,0,0,0,0,0,0,7,4,2,4,10,12,1,22,2,1,2
1766.ps1,1,2327,1,2326.0,2326,0,22,15,15,9,9,3,3,7,327,3,9,0,0,7,0,0,0,0,4,22,5,0,0,0,0,0,0,0,0,0,0,0,0,0,0,0,0,0,0,0,0,0,0,0,0,0,0,0,0,0,0,0,0,0,0,0,0,0,0,0,0,0,0,0,0,0,0,0,0,0,0,0,0,0,0,0,0,0,0,0,0,0,0,0,0,0,0,0,0,0,0,7,4,2,4,10,12,1,22,2,1,2
1759.ps1,1,2339,1,2338.0,2338,0,22,15,15,9,9,3,3,7,327,3,9,0,0,7,0,0,0,0,4,22,5,0,0,0,0,0,0,0,0,0,0,0,0,0,0,0,0,0,0,0,0,0,0,0,0,0,0,0,0,0,0,0,0,0,0,0,0,0,0,0,0,0,0,0,0,0,0,0,0,0,0,0,0,0,0,0,0,0,0,0,0,0,0,0,0,0,0,0,0,0,0,7,4,2,4,10,12,1,22,2,1,2
1767.ps1,1,1240,1,1240.0,1240,0,46,9,9,1,1,0,0,34,5,0,4,0,2,25,0,0,0,0,4,46,17,0,0,0,0,0,0,0,0,0,0,0,0,0,0,0,0,0,0,0,0,0,0,0,0,0,0,0,0,0,0,0,0,0,0,0,0,0,0,0,0,0,0,0,0,0,0,0,0,0,0,0,0,0,0,0,0,5,1,0,0,0,0,0,0,0,0,0,0,0,0,25,0,2,8,5,49,1,46,0,0,1
1753.ps1,1,437,1,436.0,436,1,9,7,7,0,0,2,2,11,1,0,7,0,6,5,0,0,0,2,12,9,4,0,0,0,0,0,0,0,0,0,0,0,0,0,0,0,0,0,0,0,0,0,0,0,0,0,0,0,0,0,0,0,0,1,0,0,0,0,0,0,0,0,0,0,0,0,0,0,0,0,0,0,0,0,0,0,0,0,0,0,0,0,0,0,0,0,0,2,1,1,0,2,1,7,2,9,13,0,9,0,0,4
176.ps1,1,2238,1,2237.0,2237,0,22,15,15,9,9,3,3,7,309,3,9,0,0,7,0,0,0,0,5,22,5,0,0,0,0,0,0,0,0,0,0,0,0,0,0,0,0,0,0,0,0,0,0,0,0,0,0,0,0,0,0,0,0,0,0,0,0,0,0,0,0,0,0,0,0,0,0,0,0,0,0,0,0,0,0,0,0,0,0,0,0,0,0,0,0,0,0,0,0,0,0,7,4,2,4,10,12,1,22,2,1,2
1725.ps1,1,2238,1,2237.0,2237,0,22,15,15,9,9,3,3,7,309,3,9,0,0,7,0,0,0,0,5,22,5,0,0,0,0,0,0,0,0,0,0,0,0,0,0,0,0,0,0,0,0,0,0,0,0,0,0,0,0,0,0,0,0,0,0,0,0,0,0,0,0,0,0,0,0,0,0,0,0,0,0,0,0,0,0,0,0,0,0,0,0,0,0,0,0,0,0,0,0,0,0,7,4,2,4,10,12,1,22,2,1,2
1775.ps1,1,2237,1,2236.0,2236,0,22,15,15,9,9,3,3,7,309,3,9,0,0,7,0,0,0,0,4,22,5,0,0,0,0,0,0,0,0,0,0,0,0,0,0,0,0,0,0,0,0,0,0,0,0,0,0,0,0,0,0,0,0,0,0,0,0,0,0,0,0,0,0,0,0,0,0,0,0,0,0,0,0,0,0,0,0,0,0,0,0,0,0,0,0,0,0,0,0,0,0,7,4,2,4,10,12,1,22,2,1,2
1774.ps1,1,2192,1,2191.0,2191,0,22,15,15,9,9,3,3,7,300,3,9,0,0,7,0,0,0,0,4,22,5,0,0,0,0,0,0,0,0,0,0,0,0,0,0,0,0,0,0,0,0,0,0,0,0,0,0,0,0,0,0,0,0,0,0,0,0,0,0,0,0,0,0,0,0,0,0,0,0,0,0,0,0,0,0,0,0,0,0,0,0,0,0,0,0,0,0,0,0,0,0,7,4,2,4,10,12,1,22,2,1,2
1781.ps1,1,2452,1,2451.0,2451,0,22,15,15,9,9,3,3,7,352,3,9,0,0,7,0,0,0,0,4,22,5,0,0,0,0,0,0,0,0,0,0,0,0,0,0,0,0,0,0,0,0,0,0,0,0,0,0,0,0,0,0,0,0,0,0,0,0,0,0,0,0,0,0,0,0,0,0,0,0,0,0,0,0,0,0,0,0,0,0,0,0,0,0,0,0,0,0,0,0,0,0,7,4,2,4,10,12,1,22,2,1,2
1800.ps1,1,190,1,189.0,189,1,2,3,3,0,0,0,0,7,1,0,2,0,3,0,0,0,0,0,5,2,3,0,0,0,0,0,0,0,0,0,0,0,0,0,0,0,0,0,0,0,0,0,0,0,0,0,0,0,0,0,0,0,0,0,0,0,0,0,0,0,0,0,0,0,0,0,0,0,0,0,0,0,0,0,0,0,0,0,0,0,0,0,0,0,0,0,1,1,0,1,0,0,0,2,1,4,5,0,2,0,0,2
1807.ps1,1,504,1,503.0,503,1,16,6,6,8,8,2,2,21,1,2,4,0,4,8,0,2,0,0,4,16,6,0,0,0,0,0,0,0,0,0,0,0,0,0,0,0,0,0,0,0,0,0,0,0,0,0,0,0,0,0,0,0,0,0,0,0,0,0,0,0,0,0,0,0,0,0,0,0,0,0,0,0,0,0,0,0,0,1,0,0,0,0,0,0,0,0,1,1,1,0,0,8,3,3,2,9,19,3,16,2,0,3
179.ps1,1,148,1,147.0,147,1,2,3,3,0,0,0,0,7,1,0,2,0,4,0,0,0,0,0,5,2,3,0,0,0,0,0,0,0,0,0,0,0,0,0,0,0,0,0,0,0,0,0,0,0,0,0,0,0,0,0,0,0,0,0,0,0,0,0,0,0,0,0,0,0,0,0,0,0,0,0,0,0,0,0,0,0,0,0,0,0,0,0,0,0,0,0,1,1,0,1,0,0,0,2,1,4,5,0,2,0,0,2
1780.ps1,1,2575,1,2574.0,2574,0,34,18,18,12,12,5,5,12,318,4,16,0,0,12,0,0,0,2,2,32,12,0,0,0,0,0,0,0,0,0,0,0,0,0,0,0,0,0,0,0,0,0,0,0,0,0,0,0,0,0,0,0,0,0,0,0,0,0,0,0,0,0,0,0,0,0,0,0,0,0,0,0,1,0,0,0,0,0,0,0,0,0,0,0,0,0,0,0,0,0,0,5,2,2,2,3,10,3,12,0,0,0
1773.ps1,1,2238,1,2237.0,2237,0,22,15,15,9,9,3,3,7,309,3,9,0,0,7,0,0,0,0,5,22,5,0,0,0,0,0,0,0,0,0,0,0,0,0,0,0,0,0,0,0,0,0,0,0,0,0,0,0,0,0,0,0,0,0,0,0,0,0,0,0,0,0,0,0,0,0,0,0,0,0,0,0,0,0,0,0,0,0,0,0,0,0,0,0,0,0,0,0,0,0,0,7,4,2,4,10,12,1,22,2,1,2
1803.ps1,1,2250,1,2249.0,2249,0,22,15,15,9,9,3,3,7,309,3,9,0,0,7,0,0,0,0,4,22,5,0,0,0,0,0,0,0,0,0,0,0,0,0,0,0,0,0,0,0,0,0,0,0,0,0,0,0,0,0,0,0,0,0,0,0,0,0,0,0,0,0,0,0,0,0,0,0,0,0,0,0,0,0,0,0,0,0,0,0,0,0,0,0,0,0,0,0,0,0,0,7,4,2,4,10,12,1,22,2,1,2
1816.ps1,1,2252,1,2251.0,2251,0,22,15,15,9,9,3,3,7,309,3,9,0,0,7,0,0,0,0,5,22,5,0,0,0,0,0,0,0,0,0,0,0,0,0,0,0,0,0,0,0,0,0,0,0,0,0,0,0,0,0,0,0,0,0,0,0,0,0,0,0,0,0,0,0,0,0,0,0,0,0,0,0,0,0,0,0,0,0,0,0,0,0,0,0,0,0,0,0,0,0,0,7,4,2,4,10,12,1,22,2,1,2
1823.ps1,1,2327,1,2326.0,2326,0,22,15,15,9,9,3,3,7,327,3,9,0,0,7,0,0,0,0,4,22,5,0,0,0,0,0,0,0,0,0,0,0,0,0,0,0,0,0,0,0,0,0,0,0,0,0,0,0,0,0,0,0,0,0,0,0,0,0,0,0,0,0,0,0,0,0,0,0,0,0,0,0,0,0,0,0,0,0,0,0,0,0,0,0,0,0,0,0,0,0,0,7,4,2,4,10,12,1,22,2,1,2
1819.ps1,1,2193,1,2192.0,2192,0,22,15,15,9,9,3,3,7,300,3,9,0,0,7,0,0,0,0,5,22,5,0,0,0,0,0,0,0,0,0,0,0,0,0,0,0,0,0,0,0,0,0,0,0,0,0,0,0,0,0,0,0,0,0,0,0,0,0,0,0,0,0,0,0,0,0,0,0,0,0,0,0,0,0,0,0,0,0,0,0,0,0,0,0,0,0,0,0,0,0,0,7,4,2,4,10,12,1,22,2,1,2
1825.ps1,1,2327,1,2326.0,2326,0,22,15,15,9,9,3,3,7,327,3,9,0,0,7,0,0,0,0,4,22,5,0,0,0,0,0,0,0,0,0,0,0,0,0,0,0,0,0,0,0,0,0,0,0,0,0,0,0,0,0,0,0,0,0,0,0,0,0,0,0,0,0,0,0,0,0,0,0,0,0,0,0,0,0,0,0,0,0,0,0,0,0,0,0,0,0,0,0,0,0,0,7,4,2,4,10,12,1,22,2,1,2
182.ps1,1,2451,1,2450.0,2450,0,22,15,15,9,9,3,3,7,352,3,9,0,0,7,0,0,0,0,3,22,5,0,0,0,0,0,0,0,0,0,0,0,0,0,0,0,0,0,0,0,0,0,0,0,0,0,0,0,0,0,0,0,0,0,0,0,0,0,0,0,0,0,0,0,0,0,0,0,0,0,0,0,0,0,0,0,0,0,0,0,0,0,0,0,0,0,0,0,0,0,0,7,4,2,4,10,12,1,22,2,1,2
1779.ps1,1,2252,1,2251.0,2251,0,22,15,15,9,9,3,3,7,309,3,9,0,0,7,0,0,0,0,5,22,5,0,0,0,0,0,0,0,0,0,0,0,0,0,0,0,0,0,0,0,0,0,0,0,0,0,0,0,0,0,0,0,0,0,0,0,0,0,0,0,0,0,0,0,0,0,0,0,0,0,0,0,0,0,0,0,0,0,0,0,0,0,0,0,0,0,0,0,0,0,0,7,4,2,4,10,12,1,22,2,1,2
1824.ps1,1,138,1,137.0,137,1,0,2,2,0,0,0,0,8,1,0,2,0,4,0,0,0,0,0,5,0,3,0,0,0,0,0,0,0,0,0,0,0,0,0,0,0,0,0,0,0,0,0,0,0,0,0,0,0,0,0,0,0,0,0,0,0,0,0,0,0,0,0,0,0,0,0,0,0,0,0,0,0,0,0,0,0,0,0,0,0,0,0,0,0,0,0,1,1,0,1,0,0,0,2,1,3,7,0,0,0,0,1
1791.ps1,1,2452,1,2451.0,2451,0,22,15,15,9,9,3,3,7,352,3,9,0,0,7,0,0,0,0,4,22,5,0,0,0,0,0,0,0,0,0,0,0,0,0,0,0,0,0,0,0,0,0,0,0,0,0,0,0,0,0,0,0,0,0,0,0,0,0,0,0,0,0,0,0,0,0,0,0,0,0,0,0,0,0,0,0,0,0,0,0,0,0,0,0,0,0,0,0,0,0,0,7,4,2,4,10,12,1,22,2,1,2
1796.ps1,1,2338,1,2337.0,2337,0,22,15,15,9,9,3,3,7,327,3,9,0,0,7,0,0,0,0,3,22,5,0,0,0,0,0,0,0,0,0,0,0,0,0,0,0,0,0,0,0,0,0,0,0,0,0,0,0,0,0,0,0,0,0,0,0,0,0,0,0,0,0,0,0,0,0,0,0,0,0,0,0,0,0,0,0,0,0,0,0,0,0,0,0,0,0,0,0,0,0,0,7,4,2,4,10,12,1,22,2,1,2
1777.ps1,1,2485,1,2484.0,2484,0,33,18,18,12,12,5,5,12,309,4,11,0,0,11,0,0,0,2,2,26,11,0,0,0,0,0,0,0,0,0,0,0,0,0,0,0,0,0,0,0,0,0,0,0,0,0,0,0,0,0,0,0,0,0,0,0,0,0,0,0,0,0,0,0,0,0,0,0,0,0,0,0,1,0,0,0,0,0,0,0,0,0,0,0,0,0,0,0,0,0,0,4,2,2,2,3,9,3,11,0,0,0
1833.ps1,1,2237,1,2236.0,2236,0,22,15,15,9,9,3,3,7,309,3,9,0,0,7,0,0,0,0,4,22,5,0,0,0,0,0,0,0,0,0,0,0,0,0,0,0,0,0,0,0,0,0,0,0,0,0,0,0,0,0,0,0,0,0,0,0,0,0,0,0,0,0,0,0,0,0,0,0,0,0,0,0,0,0,0,0,0,0,0,0,0,0,0,0,0,0,0,0,0,0,0,7,4,2,4,10,12,1,22,2,1,2
1794.ps1,1,2453,1,2452.0,2452,0,22,15,15,9,9,3,3,7,352,3,9,0,0,7,0,0,0,0,5,22,5,0,0,0,0,0,0,0,0,0,0,0,0,0,0,0,0,0,0,0,0,0,0,0,0,0,0,0,0,0,0,0,0,0,0,0,0,0,0,0,0,0,0,0,0,0,0,0,0,0,0,0,0,0,0,0,0,0,0,0,0,0,0,0,0,0,0,0,0,0,0,7,4,2,4,10,12,1,22,2,1,2
1830.ps1,1,2328,1,2327.0,2327,0,22,15,15,9,9,3,3,7,327,3,9,0,0,7,0,0,0,0,5,22,5,0,0,0,0,0,0,0,0,0,0,0,0,0,0,0,0,0,0,0,0,0,0,0,0,0,0,0,0,0,0,0,0,0,0,0,0,0,0,0,0,0,0,0,0,0,0,0,0,0,0,0,0,0,0,0,0,0,0,0,0,0,0,0,0,0,0,0,0,0,0,7,4,2,4,10,12,1,22,2,1,2
1782.ps1,1,2452,1,2451.0,2451,0,22,15,15,9,9,3,3,7,352,3,9,0,0,7,0,0,0,0,4,22,5,0,0,0,0,0,0,0,0,0,0,0,0,0,0,0,0,0,0,0,0,0,0,0,0,0,0,0,0,0,0,0,0,0,0,0,0,0,0,0,0,0,0,0,0,0,0,0,0,0,0,0,0,0,0,0,0,0,0,0,0,0,0,0,0,0,0,0,0,0,0,7,4,2,4,10,12,1,22,2,1,2
1839.ps1,1,156,1,155.0,155,1,2,3,3,0,0,0,0,9,1,0,2,0,3,0,0,0,0,0,5,2,3,0,0,0,0,0,0,0,0,0,0,0,0,0,0,0,0,0,0,0,0,0,0,0,0,0,0,0,0,0,0,0,0,0,0,0,0,0,0,0,0,0,0,0,0,0,0,0,0,0,0,0,0,0,0,0,0,0,0,0,0,0,0,0,0,0,1,1,0,1,0,0,0,2,1,4,5,0,2,0,0,2
1837.ps1,1,85,1,84.0,84,1,0,3,3,0,0,0,0,5,0,0,1,0,3,0,0,0,0,0,3,0,1,0,0,0,0,0,0,0,0,0,0,0,0,0,0,0,0,0,0,0,0,0,0,0,0,0,0,0,0,0,0,0,0,0,0,0,0,0,0,0,0,0,0,0,0,0,0,0,0,0,0,0,0,0,0,0,0,0,0,0,0,0,0,0,0,0,0,1,1,0,0,0,0,2,1,3,5,0,0,0,0,2
1840.ps1,1,166,1,165.0,165,1,0,2,2,0,0,0,0,11,1,0,3,0,6,0,0,0,0,0,4,0,3,0,0,0,0,0,0,0,0,0,0,0,0,0,0,0,0,0,0,0,0,0,0,0,0,0,0,0,0,0,0,0,0,0,0,0,0,0,0,0,0,0,0,0,0,0,0,0,1,0,0,0,0,0,0,0,0,0,0,0,0,0,0,0,0,0,1,1,0,1,0,0,0,2,1,3,7,0,0,0,0,1
1843.ps1,1,2453,1,2452.0,2452,0,22,15,15,9,9,3,3,7,352,3,9,0,0,7,0,0,0,0,5,22,5,0,0,0,0,0,0,0,0,0,0,0,0,0,0,0,0,0,0,0,0,0,0,0,0,0,0,0,0,0,0,0,0,0,0,0,0,0,0,0,0,0,0,0,0,0,0,0,0,0,0,0,0,0,0,0,0,0,0,0,0,0,0,0,0,0,0,0,0,0,0,7,4,2,4,10,12,1,22,2,1,2
1853.ps1,1,3357,1,3356.0,3356,0,22,15,15,9,9,3,3,7,533,3,9,0,0,7,0,0,0,0,4,22,5,0,0,0,0,0,0,0,0,0,0,0,0,0,0,0,0,0,0,0,0,0,0,0,0,0,0,0,0,0,0,0,0,0,0,0,0,0,0,0,0,0,0,0,0,0,0,0,0,0,0,0,0,0,0,0,0,0,0,0,0,0,0,0,0,0,0,0,0,0,0,7,4,2,4,10,12,1,22,2,1,2
185.ps1,1,138,1,137.0,137,1,0,2,2,0,0,0,0,8,1,0,2,0,4,0,0,0,0,0,5,0,3,0,0,0,0,0,0,0,0,0,0,0,0,0,0,0,0,0,0,0,0,0,0,0,0,0,0,0,0,0,0,0,0,0,0,0,0,0,0,0,0,0,0,0,0,0,0,0,0,0,0,0,0,0,0,0,0,0,0,0,0,0,0,0,0,0,1,1,0,1,0,0,0,2,1,3,7,0,0,0,0,1
1826.ps1,1,2247,1,2246.0,2246,0,22,15,15,9,9,3,3,7,309,3,9,0,0,7,0,0,0,0,4,22,5,0,0,0,0,0,0,0,0,0,0,0,0,0,0,0,0,0,0,0,0,0,0,0,0,0,0,0,0,0,0,0,0,0,0,0,0,0,0,0,0,0,0,0,0,0,0,0,0,0,0,0,0,0,0,0,0,0,0,0,0,0,0,0,0,0,0,0,0,0,0,7,4,2,4,10,12,1,22,2,1,2
1848.ps1,1,2327,1,2326.0,2326,0,22,15,15,9,9,3,3,7,327,3,9,0,0,7,0,0,0,0,4,22,5,0,0,0,0,0,0,0,0,0,0,0,0,0,0,0,0,0,0,0,0,0,0,0,0,0,0,0,0,0,0,0,0,0,0,0,0,0,0,0,0,0,0,0,0,0,0,0,0,0,0,0,0,0,0,0,0,0,0,0,0,0,0,0,0,0,0,0,0,0,0,7,4,2,4,10,12,1,22,2,1,2
1854.ps1,1,2418,1,2417.0,2417,0,22,15,15,9,9,3,3,7,345,3,9,0,0,7,0,0,0,0,5,22,5,0,0,0,0,0,0,0,0,0,0,0,0,0,0,0,0,0,0,0,0,0,0,0,0,0,0,0,0,0,0,0,0,0,0,0,0,0,0,0,0,0,0,0,0,0,0,0,0,0,0,0,0,0,0,0,0,0,0,0,0,0,0,0,0,0,0,0,0,0,0,7,4,2,4,10,12,1,22,2,1,2
1846.ps1,1,2328,1,2327.0,2327,0,22,15,15,9,9,3,3,7,327,3,9,0,0,7,0,0,0,0,5,22,5,0,0,0,0,0,0,0,0,0,0,0,0,0,0,0,0,0,0,0,0,0,0,0,0,0,0,0,0,0,0,0,0,0,0,0,0,0,0,0,0,0,0,0,0,0,0,0,0,0,0,0,0,0,0,0,0,0,0,0,0,0,0,0,0,0,0,0,0,0,0,7,4,2,4,10,12,1,22,2,1,2
1852.ps1,1,2238,1,2237.0,2237,0,22,15,15,9,9,3,3,7,309,3,9,0,0,7,0,0,0,0,5,22,5,0,0,0,0,0,0,0,0,0,0,0,0,0,0,0,0,0,0,0,0,0,0,0,0,0,0,0,0,0,0,0,0,0,0,0,0,0,0,0,0,0,0,0,0,0,0,0,0,0,0,0,0,0,0,0,0,0,0,0,0,0,0,0,0,0,0,0,0,0,0,7,4,2,4,10,12,1,22,2,1,2
1856.ps1,1,184,1,183.0,183,1,2,3,3,0,0,0,0,7,1,0,2,0,4,0,0,0,0,0,4,2,3,0,0,0,0,0,0,0,0,0,0,0,0,0,0,0,0,0,0,0,0,0,0,0,0,0,0,0,0,0,0,0,0,0,0,0,0,0,0,0,0,0,0,0,0,0,0,0,0,0,0,0,0,0,0,0,0,0,0,0,0,0,0,0,0,0,1,1,0,1,0,0,0,2,1,4,5,0,2,0,0,2
1868.ps1,1,2251,1,2250.0,2250,0,22,15,15,9,9,3,3,7,309,3,9,0,0,7,0,0,0,0,4,22,5,0,0,0,0,0,0,0,0,0,0,0,0,0,0,0,0,0,0,0,0,0,0,0,0,0,0,0,0,0,0,0,0,0,0,0,0,0,0,0,0,0,0,0,0,0,0,0,0,0,0,0,0,0,0,0,0,0,0,0,0,0,0,0,0,0,0,0,0,0,0,7,4,2,4,10,12,1,22,2,1,2
1851.ps1,1,2238,1,2237.0,2237,0,22,15,15,9,9,3,3,7,309,3,9,0,0,7,0,0,0,0,5,22,5,0,0,0,0,0,0,0,0,0,0,0,0,0,0,0,0,0,0,0,0,0,0,0,0,0,0,0,0,0,0,0,0,0,0,0,0,0,0,0,0,0,0,0,0,0,0,0,0,0,0,0,0,0,0,0,0,0,0,0,0,0,0,0,0,0,0,0,0,0,0,7,4,2,4,10,12,1,22,2,1,2
1849.ps1,1,2252,1,2251.0,2251,0,22,15,15,9,9,3,3,7,309,3,9,0,0,7,0,0,0,0,5,22,5,0,0,0,0,0,0,0,0,0,0,0,0,0,0,0,0,0,0,0,0,0,0,0,0,0,0,0,0,0,0,0,0,0,0,0,0,0,0,0,0,0,0,0,0,0,0,0,0,0,0,0,0,0,0,0,0,0,0,0,0,0,0,0,0,0,0,0,0,0,0,7,4,2,4,10,12,1,22,2,1,2
1855.ps1,1,2327,1,2326.0,2326,0,22,15,15,9,9,3,3,7,327,3,9,0,0,7,0,0,0,0,4,22,5,0,0,0,0,0,0,0,0,0,0,0,0,0,0,0,0,0,0,0,0,0,0,0,0,0,0,0,0,0,0,0,0,0,0,0,0,0,0,0,0,0,0,0,0,0,0,0,0,0,0,0,0,0,0,0,0,0,0,0,0,0,0,0,0,0,0,0,0,0,0,7,4,2,4,10,12,1,22,2,1,2
1875.ps1,1,2282,1,2281.0,2281,0,22,15,15,9,9,3,3,7,318,3,9,0,0,7,0,0,0,0,4,22,5,0,0,0,0,0,0,0,0,0,0,0,0,0,0,0,0,0,0,0,0,0,0,0,0,0,0,0,0,0,0,0,0,0,0,0,0,0,0,0,0,0,0,0,0,0,0,0,0,0,0,0,0,0,0,0,0,0,0,0,0,0,0,0,0,0,0,0,0,0,0,7,4,2,4,10,12,1,22,2,1,2
1878.ps1,1,140,1,139.0,139,1,0,2,2,0,0,0,0,8,1,0,2,0,4,0,0,0,0,0,6,0,3,0,0,0,0,0,0,0,0,0,0,0,0,0,0,0,0,0,0,0,0,0,0,0,0,0,0,0,0,0,0,0,0,0,0,0,0,0,0,0,0,0,0,0,0,0,0,0,0,0,0,0,0,0,0,0,0,0,0,0,0,0,0,0,0,0,1,1,0,1,0,0,0,2,1,3,7,0,0,0,0,1
1861.ps1,1,145,1,144.0,144,1,0,2,2,0,0,0,0,8,1,0,2,0,3,0,0,0,0,0,5,0,3,0,0,0,0,0,0,0,0,0,0,0,0,0,0,0,0,0,0,0,0,0,0,0,0,0,0,0,0,0,0,0,0,0,0,0,0,0,0,0,0,0,0,0,0,0,0,0,0,0,0,0,0,0,0,0,0,0,0,0,0,0,0,0,0,0,1,1,0,1,0,0,0,2,1,3,7,0,0,0,0,1
187.ps1,1,2341,1,2340.0,2340,0,22,15,15,9,9,3,3,7,327,3,9,0,0,7,0,0,0,0,5,22,5,0,0,0,0,0,0,0,0,0,0,0,0,0,0,0,0,0,0,0,0,0,0,0,0,0,0,0,0,0,0,0,0,0,0,0,0,0,0,0,0,0,0,0,0,0,0,0,0,0,0,0,0,0,0,0,0,0,0,0,0,0,0,0,0,0,0,0,0,0,0,7,4,2,4,10,12,1,22,2,1,2
1885.ps1,1,128,1,127.0,127,1,0,2,2,0,0,0,0,7,1,0,2,0,3,0,0,0,0,0,4,0,3,0,0,0,0,0,0,0,0,0,0,0,0,0,0,0,0,0,0,0,0,0,0,0,0,0,0,0,0,0,0,0,0,0,0,0,0,0,0,0,0,0,0,0,0,0,0,0,0,0,0,0,0,0,0,0,0,0,0,0,0,0,0,0,0,0,1,1,0,1,0,0,0,2,1,3,7,0,0,0,0,1
1895.ps1,1,2238,1,2237.0,2237,0,22,15,15,9,9,3,3,7,309,3,9,0,0,7,0,0,0,0,5,22,5,0,0,0,0,0,0,0,0,0,0,0,0,0,0,0,0,0,0,0,0,0,0,0,0,0,0,0,0,0,0,0,0,0,0,0,0,0,0,0,0,0,0,0,0,0,0,0,0,0,0,0,0,0,0,0,0,0,0,0,0,0,0,0,0,0,0,0,0,0,0,7,4,2,4,10,12,1,22,2,1,2
1877.ps1,1,155,1,154.0,154,1,2,3,3,0,0,0,0,9,1,0,2,0,3,0,0,0,0,0,5,2,3,0,0,0,0,0,0,0,0,0,0,0,0,0,0,0,0,0,0,0,0,0,0,0,0,0,0,0,0,0,0,0,0,0,0,0,0,0,0,0,0,0,0,0,0,0,0,0,0,0,0,0,0,0,0,0,0,0,0,0,0,0,0,0,0,0,1,1,0,1,0,0,0,2,1,4,5,0,2,0,0,2
1880.ps1,1,2252,1,2251.0,2251,0,22,15,15,9,9,3,3,7,309,3,9,0,0,7,0,0,0,0,5,22,5,0,0,0,0,0,0,0,0,0,0,0,0,0,0,0,0,0,0,0,0,0,0,0,0,0,0,0,0,0,0,0,0,0,0,0,0,0,0,0,0,0,0,0,0,0,0,0,0,0,0,0,0,0,0,0,0,0,0,0,0,0,0,0,0,0,0,0,0,0,0,7,4,2,4,10,12,1,22,2,1,2
1879.ps1,1,2251,1,2250.0,2250,0,22,15,15,9,9,3,3,7,309,3,9,0,0,7,0,0,0,0,5,22,5,0,0,0,0,0,0,0,0,0,0,0,0,0,0,0,0,0,0,0,0,0,0,0,0,0,0,0,0,0,0,0,0,0,0,0,0,0,0,0,0,0,0,0,0,0,0,0,0,0,0,0,0,0,0,0,0,0,0,0,0,0,0,0,0,0,0,0,0,0,0,7,4,2,4,10,12,1,22,2,1,2
1883.ps1,1,2330,1,2329.0,2329,1,58,29,29,1,1,8,8,30,5,9,34,0,3,24,7,1,0,2,32,58,120,0,0,0,0,0,0,0,0,0,0,0,0,0,0,0,0,0,0,0,0,0,0,0,0,0,0,0,0,0,0,0,0,1,0,0,0,0,0,0,0,0,0,0,0,0,0,0,2,0,0,0,0,0,0,0,0,1,0,0,0,0,0,0,0,0,1,1,1,1,0,19,16,22,8,132,158,0,58,0,2,13
189.ps1,1,2246,1,2245.0,2245,0,22,15,15,9,9,3,3,7,309,3,9,0,0,7,0,0,0,0,3,22,5,0,0,0,0,0,0,0,0,0,0,0,0,0,0,0,0,0,0,0,0,0,0,0,0,0,0,0,0,0,0,0,0,0,0,0,0,0,0,0,0,0,0,0,0,0,0,0,0,0,0,0,0,0,0,0,0,0,0,0,0,0,0,0,0,0,0,0,0,0,0,7,4,2,4,10,12,1,22,2,1,2
1874.ps1,1,2237,1,2236.0,2236,0,22,15,15,9,9,3,3,7,309,3,9,0,0,7,0,0,0,0,4,22,5,0,0,0,0,0,0,0,0,0,0,0,0,0,0,0,0,0,0,0,0,0,0,0,0,0,0,0,0,0,0,0,0,0,0,0,0,0,0,0,0,0,0,0,0,0,0,0,0,0,0,0,0,0,0,0,0,0,0,0,0,0,0,0,0,0,0,0,0,0,0,7,4,2,4,10,12,1,22,2,1,2
1864.ps1,1,2297,1,2296.0,2296,0,22,15,15,9,9,3,3,7,318,3,9,0,0,7,0,0,0,0,5,22,5,0,0,0,0,0,0,0,0,0,0,0,0,0,0,0,0,0,0,0,0,0,0,0,0,0,0,0,0,0,0,0,0,0,0,0,0,0,0,0,0,0,0,0,0,0,0,0,0,0,0,0,0,0,0,0,0,0,0,0,0,0,0,0,0,0,0,0,0,0,0,7,4,2,4,10,12,1,22,2,1,2
1887.ps1,1,2236,1,2235.0,2235,0,22,15,15,9,9,3,3,7,309,3,9,0,0,7,0,0,0,0,3,22,5,0,0,0,0,0,0,0,0,0,0,0,0,0,0,0,0,0,0,0,0,0,0,0,0,0,0,0,0,0,0,0,0,0,0,0,0,0,0,0,0,0,0,0,0,0,0,0,0,0,0,0,0,0,0,0,0,0,0,0,0,0,0,0,0,0,0,0,0,0,0,7,4,2,4,10,12,1,22,2,1,2
1905.ps1,1,2281,1,2280.0,2280,0,22,15,15,9,9,3,3,7,318,3,9,0,0,7,0,0,0,0,3,22,5,0,0,0,0,0,0,0,0,0,0,0,0,0,0,0,0,0,0,0,0,0,0,0,0,0,0,0,0,0,0,0,0,0,0,0,0,0,0,0,0,0,0,0,0,0,0,0,0,0,0,0,0,0,0,0,0,0,0,0,0,0,0,0,0,0,0,0,0,0,0,7,4,2,4,10,12,1,22,2,1,2
1882.ps1,1,131,1,130.0,130,1,0,2,2,0,0,0,0,7,1,0,2,0,3,0,0,0,0,0,6,0,3,0,0,0,0,0,0,0,0,0,0,0,0,0,0,0,0,0,0,0,0,0,0,0,0,0,0,0,0,0,0,0,0,0,0,0,0,0,0,0,0,0,0,0,0,0,0,0,0,0,0,0,0,0,0,0,0,0,0,0,0,0,0,0,0,0,1,1,0,1,0,0,0,2,1,3,7,0,0,0,0,1
1901.ps1,1,2252,1,2251.0,2251,0,22,15,15,9,9,3,3,7,309,3,9,0,0,7,0,0,0,0,5,22,5,0,0,0,0,0,0,0,0,0,0,0,0,0,0,0,0,0,0,0,0,0,0,0,0,0,0,0,0,0,0,0,0,0,0,0,0,0,0,0,0,0,0,0,0,0,0,0,0,0,0,0,0,0,0,0,0,0,0,0,0,0,0,0,0,0,0,0,0,0,0,7,4,2,4,10,12,1,22,2,1,2
1910.ps1,1,156,1,155.0,155,1,2,3,3,0,0,0,0,8,1,0,2,0,4,0,0,0,0,0,5,2,3,0,0,0,0,0,0,0,0,0,0,0,0,0,0,0,0,0,0,0,0,0,0,0,0,0,0,0,0,0,0,0,0,0,0,0,0,0,0,0,0,0,0,0,0,0,0,0,0,0,0,0,0,0,0,0,0,0,0,0,0,0,0,0,0,0,1,1,0,1,0,0,0,2,1,4,5,0,2,0,0,2
1906.ps1,1,170,1,169.0,169,1,4,3,3,0,0,0,0,6,1,1,2,0,3,1,0,0,0,0,5,4,2,0,0,0,0,0,0,0,0,0,0,0,0,0,0,0,0,0,0,0,0,0,0,0,0,0,0,0,0,0,0,0,0,0,0,0,0,0,0,0,0,0,0,0,0,0,0,0,0,0,0,0,0,0,0,0,0,0,0,0,0,0,0,0,0,0,1,1,0,1,0,1,1,2,1,4,6,0,4,0,0,2
1896.ps1,1,2327,1,2326.0,2326,0,22,15,15,9,9,3,3,7,327,3,9,0,0,7,0,0,0,0,4,22,5,0,0,0,0,0,0,0,0,0,0,0,0,0,0,0,0,0,0,0,0,0,0,0,0,0,0,0,0,0,0,0,0,0,0,0,0,0,0,0,0,0,0,0,0,0,0,0,0,0,0,0,0,0,0,0,0,0,0,0,0,0,0,0,0,0,0,0,0,0,0,7,4,2,4,10,12,1,22,2,1,2
1911.ps1,1,2326,1,2325.0,2325,0,22,15,15,9,9,3,3,7,327,3,9,0,0,7,0,0,0,0,3,22,5,0,0,0,0,0,0,0,0,0,0,0,0,0,0,0,0,0,0,0,0,0,0,0,0,0,0,0,0,0,0,0,0,0,0,0,0,0,0,0,0,0,0,0,0,0,0,0,0,0,0,0,0,0,0,0,0,0,0,0,0,0,0,0,0,0,0,0,0,0,0,7,4,2,4,10,12,1,22,2,1,2
191.ps1,1,527,1,526.0,526,1,16,6,7,8,9,3,2,23,1,2,4,0,5,8,0,2,1,0,5,16,5,0,0,0,0,0,0,0,0,0,0,0,0,0,0,0,0,0,0,0,0,0,0,0,0,0,0,0,0,0,0,0,0,0,0,0,0,0,0,0,0,0,0,0,0,0,0,0,0,0,0,0,0,0,0,0,0,1,0,0,0,0,0,0,0,0,1,1,1,0,0,8,3,3,2,9,19,3,16,2,0,3
1908.ps1,1,2237,1,2236.0,2236,0,22,15,15,9,9,3,3,7,309,3,9,0,0,7,0,0,0,0,4,22,5,0,0,0,0,0,0,0,0,0,0,0,0,0,0,0,0,0,0,0,0,0,0,0,0,0,0,0,0,0,0,0,0,0,0,0,0,0,0,0,0,0,0,0,0,0,0,0,0,0,0,0,0,0,0,0,0,0,0,0,0,0,0,0,0,0,0,0,0,0,0,7,4,2,4,10,12,1,22,2,1,2
1919.ps1,1,2328,1,2327.0,2327,0,22,15,15,9,9,3,3,7,327,3,9,0,0,7,0,0,0,0,5,22,5,0,0,0,0,0,0,0,0,0,0,0,0,0,0,0,0,0,0,0,0,0,0,0,0,0,0,0,0,0,0,0,0,0,0,0,0,0,0,0,0,0,0,0,0,0,0,0,0,0,0,0,0,0,0,0,0,0,0,0,0,0,0,0,0,0,0,0,0,0,0,7,4,2,4,10,12,1,22,2,1,2
1912.ps1,1,2515,1,2514.0,2514,0,34,18,18,12,12,5,5,12,306,4,16,0,0,12,0,0,0,2,2,32,12,0,0,0,0,0,0,0,0,0,0,0,0,0,0,0,0,0,0,0,0,0,0,0,0,0,0,0,0,0,0,0,0,0,0,0,0,0,0,0,0,0,0,0,0,0,0,0,0,0,0,0,1,0,0,0,0,0,0,0,0,0,0,0,0,0,0,0,0,0,0,5,2,2,2,3,10,3,12,0,0,0
1886.ps1,1,2236,1,2235.0,2235,0,22,15,15,9,9,3,3,7,309,3,9,0,0,7,0,0,0,0,3,22,5,0,0,0,0,0,0,0,0,0,0,0,0,0,0,0,0,0,0,0,0,0,0,0,0,0,0,0,0,0,0,0,0,0,0,0,0,0,0,0,0,0,0,0,0,0,0,0,0,0,0,0,0,0,0,0,0,0,0,0,0,0,0,0,0,0,0,0,0,0,0,7,4,2,4,10,12,1,22,2,1,2
1916.ps1,1,428,1,427.0,427,1,10,7,7,2,2,1,1,19,1,0,4,0,8,5,0,0,0,0,7,10,3,0,0,0,0,0,0,0,0,0,0,0,0,0,0,0,0,0,0,0,0,0,0,0,0,0,0,0,0,0,0,0,0,0,0,0,0,0,0,0,0,0,0,0,0,0,0,0,0,0,0,0,0,0,0,0,0,2,0,0,0,0,0,0,0,0,1,1,1,0,0,5,0,3,3,7,15,2,10,0,0,2
1913.ps1,1,2395,1,2394.0,2394,0,18,8,8,4,4,2,2,20,2,28,8,0,18,11,0,0,0,0,3,18,6,0,0,0,0,0,0,0,0,0,0,0,0,0,0,0,0,0,0,0,0,0,0,0,0,0,0,0,0,0,0,0,0,0,0,0,0,0,0,0,0,0,0,0,0,0,0,0,0,1,0,0,0,0,1,0,0,2,1,0,0,0,1,0,0,0,0,0,0,0,3,10,2,1,1,2,14,2,16,0,0,0
1915.ps1,1,2500,1,2499.0,2499,0,22,15,15,9,9,3,3,7,359,3,9,0,0,7,0,0,0,0,3,22,5,0,0,0,0,0,0,0,0,0,0,0,0,0,0,0,0,0,0,0,0,0,0,0,0,0,0,0,0,0,0,0,0,0,0,0,0,0,0,0,0,0,0,0,0,0,0,0,0,0,0,0,0,0,0,0,0,0,0,0,0,0,0,0,0,0,0,0,0,0,0,7,4,2,4,10,12,1,22,2,1,2
1922.ps1,1,2341,1,2340.0,2340,0,22,15,15,9,9,3,3,7,327,3,9,0,0,7,0,0,0,0,5,22,5,0,0,0,0,0,0,0,0,0,0,0,0,0,0,0,0,0,0,0,0,0,0,0,0,0,0,0,0,0,0,0,0,0,0,0,0,0,0,0,0,0,0,0,0,0,0,0,0,0,0,0,0,0,0,0,0,0,0,0,0,0,0,0,0,0,0,0,0,0,0,7,4,2,4,10,12,1,22,2,1,2
1926.ps1,1,2341,1,2340.0,2340,0,22,15,15,9,9,3,3,7,327,3,9,0,0,7,0,0,0,0,5,19,5,0,0,0,0,0,0,0,0,0,0,0,0,0,0,0,0,0,0,0,0,0,0,0,0,0,0,0,0,0,0,0,0,0,0,0,0,0,0,0,0,0,0,0,0,0,0,0,0,0,0,0,0,0,0,0,0,0,0,0,0,0,0,0,0,0,0,0,0,0,0,7,4,2,4,10,12,1,22,2,1,2
1927.ps1,1,122,1,121.0,121,1,0,2,2,0,0,0,0,7,1,0,2,0,3,0,0,0,0,0,5,0,3,0,0,0,0,0,0,0,0,0,0,0,0,0,0,0,0,0,0,0,0,0,0,0,0,0,0,0,0,0,0,0,0,0,0,0,0,0,0,0,0,0,0,0,0,0,0,0,0,0,0,0,0,0,0,0,0,0,0,0,0,0,0,0,0,0,1,1,0,1,0,0,0,2,1,3,7,0,0,0,0,1
1937.ps1,1,2237,1,2236.0,2236,0,22,15,15,9,9,3,3,7,309,3,9,0,0,7,0,0,0,0,4,22,5,0,0,0,0,0,0,0,0,0,0,0,0,0,0,0,0,0,0,0,0,0,0,0,0,0,0,0,0,0,0,0,0,0,0,0,0,0,0,0,0,0,0,0,0,0,0,0,0,0,0,0,0,0,0,0,0,0,0,0,0,0,0,0,0,0,0,0,0,0,0,7,4,2,4,10,12,1,22,2,1,2
1925.ps1,1,2236,1,2235.0,2235,0,22,15,15,9,9,3,3,7,309,3,9,0,0,7,0,0,0,0,3,22,5,0,0,0,0,0,0,0,0,0,0,0,0,0,0,0,0,0,0,0,0,0,0,0,0,0,0,0,0,0,0,0,0,0,0,0,0,0,0,0,0,0,0,0,0,0,0,0,0,0,0,0,0,0,0,0,0,0,0,0,0,0,0,0,0,0,0,0,0,0,0,7,4,2,4,10,12,1,22,2,1,2
1941.ps1,1,173,1,172.0,172,1,2,3,3,0,0,0,0,8,1,0,2,0,4,0,0,0,0,0,5,2,3,0,0,0,0,0,0,0,0,0,0,0,0,0,0,0,0,0,0,0,0,0,0,0,0,0,0,0,0,0,0,0,0,0,0,0,0,0,0,0,0,0,0,0,0,0,0,0,0,0,0,0,0,0,0,0,0,0,0,0,0,0,0,0,0,0,1,1,0,1,0,0,0,2,1,4,5,0,2,0,0,2
192.ps1,1,2238,1,2237.0,2237,0,22,15,15,9,9,3,3,7,309,3,9,0,0,7,0,0,0,0,5,22,5,0,0,0,0,0,0,0,0,0,0,0,0,0,0,0,0,0,0,0,0,0,0,0,0,0,0,0,0,0,0,0,0,0,0,0,0,0,0,0,0,0,0,0,0,0,0,0,0,0,0,0,0,0,0,0,0,0,0,0,0,0,0,0,0,0,0,0,0,0,0,7,4,2,4,10,12,1,22,2,1,2
1946.ps1,1,150,1,149.0,149,1,0,2,2,0,0,0,0,9,1,0,3,0,5,0,0,0,0,0,4,0,3,0,0,0,0,0,0,0,0,0,0,0,0,0,0,0,0,0,0,0,0,0,0,0,0,0,0,0,0,0,0,0,0,0,0,0,0,0,0,0,0,0,0,0,0,0,0,0,0,0,0,0,0,0,0,0,0,0,0,0,0,0,0,0,0,0,1,1,0,1,0,0,0,2,1,3,7,0,0,0,0,1
1957.ps1,1,2250,1,2249.0,2249,0,22,15,15,9,9,3,3,7,309,3,9,0,0,7,0,0,0,0,5,19,5,0,0,0,0,0,0,0,0,0,0,0,0,0,0,0,0,0,0,0,0,0,0,0,0,0,0,0,0,0,0,0,0,0,0,0,0,0,0,0,0,0,0,0,0,0,0,0,0,0,0,0,0,0,0,0,0,0,0,0,0,0,0,0,0,0,0,0,0,0,0,7,4,2,4,10,12,1,22,2,1,2
1948.ps1,1,2453,1,2452.0,2452,0,22,15,15,9,9,3,3,7,352,3,9,0,0,7,0,0,0,0,5,22,5,0,0,0,0,0,0,0,0,0,0,0,0,0,0,0,0,0,0,0,0,0,0,0,0,0,0,0,0,0,0,0,0,0,0,0,0,0,0,0,0,0,0,0,0,0,0,0,0,0,0,0,0,0,0,0,0,0,0,0,0,0,0,0,0,0,0,0,0,0,0,7,4,2,4,10,12,1,22,2,1,2
196.ps1,1,2283,1,2282.0,2282,0,22,15,15,9,9,3,3,7,318,3,9,0,0,7,0,0,0,0,5,22,5,0,0,0,0,0,0,0,0,0,0,0,0,0,0,0,0,0,0,0,0,0,0,0,0,0,0,0,0,0,0,0,0,0,0,0,0,0,0,0,0,0,0,0,0,0,0,0,0,0,0,0,0,0,0,0,0,0,0,0,0,0,0,0,0,0,0,0,0,0,0,7,4,2,4,10,12,1,22,2,1,2
1952.ps1,1,2236,1,2235.0,2235,0,22,15,15,9,9,3,3,7,309,3,9,0,0,7,0,0,0,0,3,22,5,0,0,0,0,0,0,0,0,0,0,0,0,0,0,0,0,0,0,0,0,0,0,0,0,0,0,0,0,0,0,0,0,0,0,0,0,0,0,0,0,0,0,0,0,0,0,0,0,0,0,0,0,0,0,0,0,0,0,0,0,0,0,0,0,0,0,0,0,0,0,7,4,2,4,10,12,1,22,2,1,2
1947.ps1,1,2282,1,2281.0,2281,0,22,15,15,9,9,3,3,7,318,3,9,0,0,7,0,0,0,0,4,22,5,0,0,0,0,0,0,0,0,0,0,0,0,0,0,0,0,0,0,0,0,0,0,0,0,0,0,0,0,0,0,0,0,0,0,0,0,0,0,0,0,0,0,0,0,0,0,0,0,0,0,0,0,0,0,0,0,0,0,0,0,0,0,0,0,0,0,0,0,0,0,7,4,2,4,10,12,1,22,2,1,2
1939.ps1,1,988,1,987.0,987,1,68,14,15,23,23,6,5,44,11,7,4,1,6,21,0,8,0,2,3,68,10,0,0,0,0,0,0,0,0,0,0,0,0,0,0,0,0,0,0,0,0,0,0,0,0,0,0,0,0,0,0,0,0,0,0,0,0,0,0,0,0,0,0,0,0,0,0,0,0,0,0,0,0,0,0,0,0,1,0,0,0,0,0,0,0,0,1,1,0,0,0,19,17,7,7,16,36,5,68,1,5,6
1949.ps1,1,2238,1,2237.0,2237,0,22,15,15,9,9,3,3,7,309,3,9,0,0,7,0,0,0,0,5,22,5,0,0,0,0,0,0,0,0,0,0,0,0,0,0,0,0,0,0,0,0,0,0,0,0,0,0,0,0,0,0,0,0,0,0,0,0,0,0,0,0,0,0,0,0,0,0,0,0,0,0,0,0,0,0,0,0,0,0,0,0,0,0,0,0,0,0,0,0,0,0,7,4,2,4,10,12,1,22,2,1,2
1962.ps1,1,2343,1,2342.0,2342,0,22,15,15,9,9,3,3,7,327,3,9,0,0,7,0,0,0,0,5,22,5,0,0,0,0,0,0,0,0,0,0,0,0,0,0,0,0,0,0,0,0,0,0,0,0,0,0,0,0,0,0,0,0,0,0,0,0,0,0,0,0,0,0,0,0,0,0,0,0,0,0,0,0,0,0,0,0,0,0,0,0,0,0,0,0,0,0,0,0,0,0,7,4,2,4,10,12,1,22,2,1,2
1972.ps1,1,2327,1,2326.0,2326,0,22,15,15,9,9,3,3,7,327,3,9,0,0,7,0,0,0,0,4,22,5,0,0,0,0,0,0,0,0,0,0,0,0,0,0,0,0,0,0,0,0,0,0,0,0,0,0,0,0,0,0,0,0,0,0,0,0,0,0,0,0,0,0,0,0,0,0,0,0,0,0,0,0,0,0,0,0,0,0,0,0,0,0,0,0,0,0,0,0,0,0,7,4,2,4,10,12,1,22,2,1,2
1967.ps1,1,2252,1,2251.0,2251,0,22,15,15,9,9,3,3,7,309,3,9,0,0,7,0,0,0,0,5,22,5,0,0,0,0,0,0,0,0,0,0,0,0,0,0,0,0,0,0,0,0,0,0,0,0,0,0,0,0,0,0,0,0,0,0,0,0,0,0,0,0,0,0,0,0,0,0,0,0,0,0,0,0,0,0,0,0,0,0,0,0,0,0,0,0,0,0,0,0,0,0,7,4,2,4,10,12,1,22,2,1,2
1961.ps1,1,2327,1,2326.0,2326,0,22,15,15,9,9,3,3,7,327,3,9,0,0,7,0,0,0,0,4,22,5,0,0,0,0,0,0,0,0,0,0,0,0,0,0,0,0,0,0,0,0,0,0,0,0,0,0,0,0,0,0,0,0,0,0,0,0,0,0,0,0,0,0,0,0,0,0,0,0,0,0,0,0,0,0,0,0,0,0,0,0,0,0,0,0,0,0,0,0,0,0,7,4,2,4,10,12,1,22,2,1,2
1971.ps1,1,2339,1,2338.0,2338,0,22,15,15,9,9,3,3,7,327,3,9,0,0,7,0,0,0,0,4,22,5,0,0,0,0,0,0,0,0,0,0,0,0,0,0,0,0,0,0,0,0,0,0,0,0,0,0,0,0,0,0,0,0,0,0,0,0,0,0,0,0,0,0,0,0,0,0,0,0,0,0,0,0,0,0,0,0,0,0,0,0,0,0,0,0,0,0,0,0,0,0,7,4,2,4,10,12,1,22,2,1,2
1964.ps1,1,2582,1,2581.0,2581,0,22,15,15,9,9,3,3,7,375,3,9,0,0,7,0,0,0,0,4,22,5,0,0,0,0,0,0,0,0,0,0,0,0,0,0,0,0,0,0,0,0,0,0,0,0,0,0,0,0,0,0,0,0,0,0,0,0,0,0,0,0,0,0,0,0,0,0,0,0,0,0,0,0,0,0,0,0,0,0,0,0,0,0,0,0,0,0,0,0,0,0,7,4,2,4,10,12,1,22,2,1,2
1965.ps1,1,2237,1,2236.0,2236,0,22,15,15,9,9,3,3,7,309,3,9,0,0,7,0,0,0,0,4,22,5,0,0,0,0,0,0,0,0,0,0,0,0,0,0,0,0,0,0,0,0,0,0,0,0,0,0,0,0,0,0,0,0,0,0,0,0,0,0,0,0,0,0,0,0,0,0,0,0,0,0,0,0,0,0,0,0,0,0,0,0,0,0,0,0,0,0,0,0,0,0,7,4,2,4,10,12,1,22,2,1,2
1973.ps1,1,449,1,448.0,448,1,15,6,6,7,7,1,1,21,1,2,4,0,5,7,0,2,0,0,3,15,5,0,0,0,0,0,0,0,0,0,0,0,0,0,0,0,0,0,0,0,0,0,0,0,0,0,0,0,0,0,0,0,0,0,0,0,0,0,0,0,0,0,0,0,0,0,0,0,0,0,0,0,0,0,0,0,0,0,0,0,0,0,0,0,0,0,1,1,1,0,0,7,3,3,2,8,18,2,15,2,0,3
1978.ps1,1,154,1,153.0,153,1,2,3,3,0,0,0,0,8,1,0,2,0,3,0,0,0,0,0,5,2,3,0,0,0,0,0,0,0,0,0,0,0,0,0,0,0,0,0,0,0,0,0,0,0,0,0,0,0,0,0,0,0,0,0,0,0,0,0,0,0,0,0,0,0,0,0,0,0,0,0,0,0,0,0,0,0,0,0,0,0,0,0,0,0,0,0,1,1,0,1,0,0,0,2,1,4,5,0,2,0,0,2
197.ps1,1,2363,1,2362.0,2362,0,2,6,6,2,2,0,0,7,2,41,3,0,23,1,0,0,0,0,9,2,1,0,0,0,0,0,0,0,0,0,0,0,0,0,0,0,0,0,0,0,0,0,0,0,0,0,0,0,0,0,0,0,0,1,0,0,0,0,0,0,0,0,0,0,0,0,0,0,0,1,0,0,0,0,1,0,0,0,0,0,0,0,0,0,0,0,0,0,0,0,0,1,0,4,2,6,11,2,2,0,2,4
1974.ps1,1,2530,1,2529.0,2529,0,34,18,18,12,12,5,5,12,309,4,16,0,0,12,0,0,0,2,2,32,12,0,0,0,0,0,0,0,0,0,0,0,0,0,0,0,0,0,0,0,0,0,0,0,0,0,0,0,0,0,0,0,0,0,0,0,0,0,0,0,0,0,0,0,0,0,0,0,0,0,0,0,1,0,0,0,0,0,0,0,0,0,0,0,0,0,0,0,0,0,0,5,2,2,2,3,10,3,12,0,0,0
1983.ps1,1,2238,1,2237.0,2237,0,22,15,15,9,9,3,3,7,309,3,9,0,0,7,0,0,0,0,5,22,5,0,0,0,0,0,0,0,0,0,0,0,0,0,0,0,0,0,0,0,0,0,0,0,0,0,0,0,0,0,0,0,0,0,0,0,0,0,0,0,0,0,0,0,0,0,0,0,0,0,0,0,0,0,0,0,0,0,0,0,0,0,0,0,0,0,0,0,0,0,0,7,4,2,4,10,12,1,22,2,1,2
1991.ps1,1,2327,1,2326.0,2326,0,22,15,15,9,9,3,3,7,327,3,9,0,0,7,0,0,0,0,4,22,5,0,0,0,0,0,0,0,0,0,0,0,0,0,0,0,0,0,0,0,0,0,0,0,0,0,0,0,0,0,0,0,0,0,0,0,0,0,0,0,0,0,0,0,0,0,0,0,0,0,0,0,0,0,0,0,0,0,0,0,0,0,0,0,0,0,0,0,0,0,0,7,4,2,4,10,12,1,22,2,1,2
1976.ps1,1,2238,1,2237.0,2237,0,22,15,15,9,9,3,3,7,309,3,9,0,0,7,0,0,0,0,5,22,5,0,0,0,0,0,0,0,0,0,0,0,0,0,0,0,0,0,0,0,0,0,0,0,0,0,0,0,0,0,0,0,0,0,0,0,0,0,0,0,0,0,0,0,0,0,0,0,0,0,0,0,0,0,0,0,0,0,0,0,0,0,0,0,0,0,0,0,0,0,0,7,4,2,4,10,12,1,22,2,1,2
1982.ps1,1,2249,1,2248.0,2248,0,22,15,15,9,9,3,3,7,309,3,9,0,0,7,0,0,0,0,4,22,5,0,0,0,0,0,0,0,0,0,0,0,0,0,0,0,0,0,0,0,0,0,0,0,0,0,0,0,0,0,0,0,0,0,0,0,0,0,0,0,0,0,0,0,0,0,0,0,0,0,0,0,0,0,0,0,0,0,0,0,0,0,0,0,0,0,0,0,0,0,0,7,4,2,4,10,12,1,22,2,1,2
1988.ps1,1,2342,1,2341.0,2341,0,22,15,15,9,9,3,3,7,327,3,9,0,0,7,0,0,0,0,4,22,5,0,0,0,0,0,0,0,0,0,0,0,0,0,0,0,0,0,0,0,0,0,0,0,0,0,0,0,0,0,0,0,0,0,0,0,0,0,0,0,0,0,0,0,0,0,0,0,0,0,0,0,0,0,0,0,0,0,0,0,0,0,0,0,0,0,0,0,0,0,0,7,4,2,4,10,12,1,22,2,1,2
1990.ps1,1,2328,1,2327.0,2327,0,22,15,15,9,9,3,3,7,327,3,9,0,0,7,0,0,0,0,5,22,5,0,0,0,0,0,0,0,0,0,0,0,0,0,0,0,0,0,0,0,0,0,0,0,0,0,0,0,0,0,0,0,0,0,0,0,0,0,0,0,0,0,0,0,0,0,0,0,0,0,0,0,0,0,0,0,0,0,0,0,0,0,0,0,0,0,0,0,0,0,0,7,4,2,4,10,12,1,22,2,1,2
1994.ps1,1,2328,1,2327.0,2327,0,22,15,15,9,9,3,3,7,327,3,9,0,0,7,0,0,0,0,5,22,5,0,0,0,0,0,0,0,0,0,0,0,0,0,0,0,0,0,0,0,0,0,0,0,0,0,0,0,0,0,0,0,0,0,0,0,0,0,0,0,0,0,0,0,0,0,0,0,0,0,0,0,0,0,0,0,0,0,0,0,0,0,0,0,0,0,0,0,0,0,0,7,4,2,4,10,12,1,22,2,1,2
2005.ps1,1,2328,1,2327.0,2327,0,22,15,15,9,9,3,3,7,327,3,9,0,0,7,0,0,0,0,5,22,5,0,0,0,0,0,0,0,0,0,0,0,0,0,0,0,0,0,0,0,0,0,0,0,0,0,0,0,0,0,0,0,0,0,0,0,0,0,0,0,0,0,0,0,0,0,0,0,0,0,0,0,0,0,0,0,0,0,0,0,0,0,0,0,0,0,0,0,0,0,0,7,4,2,4,10,12,1,22,2,1,2
2000.ps1,1,351,1,350.0,350,0,13,7,7,4,4,0,0,15,3,0,2,0,0,5,0,0,0,0,5,13,1,0,0,0,0,0,0,0,0,0,0,0,0,0,0,0,0,0,0,0,0,0,0,0,0,0,0,0,0,0,0,0,0,0,0,0,0,0,0,0,0,0,0,0,0,0,0,0,0,0,0,0,0,0,0,0,0,0,0,0,0,0,0,0,0,0,0,0,0,0,0,5,0,2,6,6,14,2,13,1,1,1
1992.ps1,1,159,1,158.0,158,1,2,3,3,0,0,0,0,9,1,0,2,0,3,0,0,0,0,0,5,2,3,0,0,0,0,0,0,0,0,0,0,0,0,0,0,0,0,0,0,0,0,0,0,0,0,0,0,0,0,0,0,0,0,0,0,0,0,0,0,0,0,0,0,0,0,0,0,0,0,0,0,0,0,0,0,0,0,0,0,0,0,0,0,0,0,0,1,1,0,1,0,0,0,2,1,4,5,0,2,0,0,2
2001.ps1,1,2693,1,2692.0,2692,0,22,15,15,9,9,3,3,7,400,3,9,0,0,7,0,0,0,0,5,22,5,0,0,0,0,0,0,0,0,0,0,0,0,0,0,0,0,0,0,0,0,0,0,0,0,0,0,0,0,0,0,0,0,0,0,0,0,0,0,0,0,0,0,0,0,0,0,0,0,0,0,0,0,0,0,0,0,0,0,0,0,0,0,0,0,0,0,0,0,0,0,7,4,2,4,10,12,1,22,2,1,2
1998.ps1,1,2250,1,2249.0,2249,0,22,15,15,9,9,3,3,7,309,3,9,0,0,7,0,0,0,0,4,22,5,0,0,0,0,0,0,0,0,0,0,0,0,0,0,0,0,0,0,0,0,0,0,0,0,0,0,0,0,0,0,0,0,0,0,0,0,0,0,0,0,0,0,0,0,0,0,0,0,0,0,0,0,0,0,0,0,0,0,0,0,0,0,0,0,0,0,0,0,0,0,7,4,2,4,10,12,1,22,2,1,2
2004.ps1,1,2817,1,2816.0,2816,0,34,18,18,12,12,5,5,12,363,4,16,0,0,12,0,0,0,2,2,32,12,0,0,0,0,0,0,0,0,0,0,0,0,0,0,0,0,0,0,0,0,0,0,0,0,0,0,0,0,0,0,0,0,0,0,0,0,0,0,0,0,0,0,0,0,0,0,0,0,0,0,0,1,0,0,0,0,0,0,0,0,0,0,0,0,0,0,0,0,0,0,5,2,2,2,3,10,3,12,0,0,0
201.ps1,1,2365,1,2364.0,2364,1,58,29,29,1,1,8,8,30,5,9,34,0,3,24,7,1,0,2,35,58,118,0,0,0,0,0,0,0,0,0,0,0,0,0,0,0,0,0,0,0,0,0,0,0,0,0,0,0,0,0,0,0,0,1,0,0,0,0,0,0,0,0,0,0,0,0,0,0,1,0,0,0,0,0,0,0,0,1,0,0,0,0,0,0,0,0,1,1,1,1,0,19,16,22,8,130,156,0,58,0,2,13
2006.ps1,1,2237,1,2236.0,2236,0,22,15,15,9,9,3,3,7,309,3,9,0,0,7,0,0,0,0,4,22,5,0,0,0,0,0,0,0,0,0,0,0,0,0,0,0,0,0,0,0,0,0,0,0,0,0,0,0,0,0,0,0,0,0,0,0,0,0,0,0,0,0,0,0,0,0,0,0,0,0,0,0,0,0,0,0,0,0,0,0,0,0,0,0,0,0,0,0,0,0,0,7,4,2,4,10,12,1,22,2,1,2
2008.ps1,1,2236,1,2235.0,2235,0,22,15,15,9,9,3,3,7,309,3,9,0,0,7,0,0,0,0,3,22,5,0,0,0,0,0,0,0,0,0,0,0,0,0,0,0,0,0,0,0,0,0,0,0,0,0,0,0,0,0,0,0,0,0,0,0,0,0,0,0,0,0,0,0,0,0,0,0,0,0,0,0,0,0,0,0,0,0,0,0,0,0,0,0,0,0,0,0,0,0,0,7,4,2,4,10,12,1,22,2,1,2
2021.ps1,1,447,1,446.0,446,1,15,6,6,7,7,1,1,21,1,2,4,0,5,7,0,2,0,0,4,15,5,0,0,0,0,0,0,0,0,0,0,0,0,0,0,0,0,0,0,0,0,0,0,0,0,0,0,0,0,0,0,0,0,0,0,0,0,0,0,0,0,0,0,0,0,0,0,0,0,0,0,0,0,0,0,0,0,0,0,0,0,0,0,0,0,0,1,1,1,0,0,7,3,3,2,8,18,2,15,2,0,3
200.ps1,1,2282,1,2281.0,2281,0,22,15,15,9,9,3,3,7,318,3,9,0,0,7,0,0,0,0,4,22,5,0,0,0,0,0,0,0,0,0,0,0,0,0,0,0,0,0,0,0,0,0,0,0,0,0,0,0,0,0,0,0,0,0,0,0,0,0,0,0,0,0,0,0,0,0,0,0,0,0,0,0,0,0,0,0,0,0,0,0,0,0,0,0,0,0,0,0,0,0,0,7,4,2,4,10,12,1,22,2,1,2
2012.ps1,1,2237,1,2236.0,2236,0,22,15,15,9,9,3,3,7,309,3,9,0,0,7,0,0,0,0,4,22,5,0,0,0,0,0,0,0,0,0,0,0,0,0,0,0,0,0,0,0,0,0,0,0,0,0,0,0,0,0,0,0,0,0,0,0,0,0,0,0,0,0,0,0,0,0,0,0,0,0,0,0,0,0,0,0,0,0,0,0,0,0,0,0,0,0,0,0,0,0,0,7,4,2,4,10,12,1,22,2,1,2
2011.ps1,1,2238,1,2237.0,2237,0,22,15,15,9,9,3,3,7,309,3,9,0,0,7,0,0,0,0,5,22,5,0,0,0,0,0,0,0,0,0,0,0,0,0,0,0,0,0,0,0,0,0,0,0,0,0,0,0,0,0,0,0,0,0,0,0,0,0,0,0,0,0,0,0,0,0,0,0,0,0,0,0,0,0,0,0,0,0,0,0,0,0,0,0,0,0,0,0,0,0,0,7,4,2,4,10,12,1,22,2,1,2
2035.ps1,1,2327,1,2326.0,2326,0,22,15,15,9,9,3,3,7,327,3,9,0,0,7,0,0,0,0,4,22,5,0,0,0,0,0,0,0,0,0,0,0,0,0,0,0,0,0,0,0,0,0,0,0,0,0,0,0,0,0,0,0,0,0,0,0,0,0,0,0,0,0,0,0,0,0,0,0,0,0,0,0,0,0,0,0,0,0,0,0,0,0,0,0,0,0,0,0,0,0,0,7,4,2,4,10,12,1,22,2,1,2
2017.ps1,1,2250,1,2249.0,2249,0,22,15,15,9,9,3,3,7,309,3,9,0,0,7,0,0,0,0,4,19,5,0,0,0,0,0,0,0,0,0,0,0,0,0,0,0,0,0,0,0,0,0,0,0,0,0,0,0,0,0,0,0,0,0,0,0,0,0,0,0,0,0,0,0,0,0,0,0,0,0,0,0,0,0,0,0,0,0,0,0,0,0,0,0,0,0,0,0,0,0,0,7,4,2,4,10,12,1,22,2,1,2
2013.ps1,1,989,1,988.0,988,1,68,15,14,24,23,6,6,44,11,8,4,0,6,21,1,8,0,1,4,68,10,0,0,0,0,0,0,0,0,0,0,0,0,0,0,0,0,0,0,0,0,0,0,0,0,0,0,0,0,0,0,0,0,0,0,0,0,0,0,0,0,0,0,0,0,0,0,0,0,0,0,0,0,0,0,0,0,1,0,0,0,0,0,0,0,0,1,1,0,0,0,19,17,7,7,16,36,5,68,1,5,6
2030.ps1,1,2237,1,2236.0,2236,0,22,15,15,9,9,3,3,7,309,3,9,0,0,7,0,0,0,0,4,22,5,0,0,0,0,0,0,0,0,0,0,0,0,0,0,0,0,0,0,0,0,0,0,0,0,0,0,0,0,0,0,0,0,0,0,0,0,0,0,0,0,0,0,0,0,0,0,0,0,0,0,0,0,0,0,0,0,0,0,0,0,0,0,0,0,0,0,0,0,0,0,7,4,2,4,10,12,1,22,2,1,2
2014.ps1,1,2238,1,2237.0,2237,0,22,15,15,9,9,3,3,7,309,3,9,0,0,7,0,0,0,0,5,22,5,0,0,0,0,0,0,0,0,0,0,0,0,0,0,0,0,0,0,0,0,0,0,0,0,0,0,0,0,0,0,0,0,0,0,0,0,0,0,0,0,0,0,0,0,0,0,0,0,0,0,0,0,0,0,0,0,0,0,0,0,0,0,0,0,0,0,0,0,0,0,7,4,2,4,10,12,1,22,2,1,2
2033.ps1,1,449,1,448.0,448,1,16,7,7,8,8,2,1,21,1,2,4,0,5,7,0,3,0,1,3,16,5,0,0,0,0,0,0,0,0,0,0,0,0,0,0,0,0,0,0,0,0,0,0,0,0,0,0,0,0,0,0,0,0,0,0,0,0,0,0,0,0,0,0,0,0,0,0,0,0,0,0,0,0,0,0,0,0,0,0,0,0,0,0,0,0,0,1,1,1,0,0,7,3,3,2,8,18,2,15,2,0,3
2038.ps1,1,2319,1,2318.0,2318,0,18,8,8,4,4,2,2,20,2,34,8,0,22,12,0,0,0,0,3,18,6,0,0,0,0,0,0,0,0,0,0,0,0,0,0,0,0,0,0,0,0,0,0,0,0,0,0,0,0,0,0,0,0,0,0,0,0,0,0,0,0,0,0,0,0,0,0,0,0,1,0,0,0,0,1,0,0,2,1,0,0,0,1,0,0,0,0,0,0,0,3,10,2,1,1,2,14,2,16,0,0,0
2048.ps1,1,2528,1,2527.0,2527,0,22,15,15,9,9,3,3,7,367,3,9,0,0,7,0,0,0,0,5,22,5,0,0,0,0,0,0,0,0,0,0,0,0,0,0,0,0,0,0,0,0,0,0,0,0,0,0,0,0,0,0,0,0,0,0,0,0,0,0,0,0,0,0,0,0,0,0,0,0,0,0,0,0,0,0,0,0,0,0,0,0,0,0,0,0,0,0,0,0,0,0,7,4,2,4,10,12,1,22,2,1,2
2032.ps1,1,2238,1,2237.0,2237,0,22,15,15,9,9,3,3,7,309,3,9,0,0,7,0,0,0,0,5,22,5,0,0,0,0,0,0,0,0,0,0,0,0,0,0,0,0,0,0,0,0,0,0,0,0,0,0,0,0,0,0,0,0,0,0,0,0,0,0,0,0,0,0,0,0,0,0,0,0,0,0,0,0,0,0,0,0,0,0,0,0,0,0,0,0,0,0,0,0,0,0,7,4,2,4,10,12,1,22,2,1,2
2061.ps1,1,2283,1,2282.0,2282,0,22,15,15,9,9,3,3,7,318,3,9,0,0,7,0,0,0,0,5,22,5,0,0,0,0,0,0,0,0,0,0,0,0,0,0,0,0,0,0,0,0,0,0,0,0,0,0,0,0,0,0,0,0,0,0,0,0,0,0,0,0,0,0,0,0,0,0,0,0,0,0,0,0,0,0,0,0,0,0,0,0,0,0,0,0,0,0,0,0,0,0,7,4,2,4,10,12,1,22,2,1,2
2050.ps1,1,2342,1,2341.0,2341,0,22,15,15,9,9,3,3,7,327,3,9,0,0,7,0,0,0,0,5,22,5,0,0,0,0,0,0,0,0,0,0,0,0,0,0,0,0,0,0,0,0,0,0,0,0,0,0,0,0,0,0,0,0,0,0,0,0,0,0,0,0,0,0,0,0,0,0,0,0,0,0,0,0,0,0,0,0,0,0,0,0,0,0,0,0,0,0,0,0,0,0,7,4,2,4,10,12,1,22,2,1,2
2040.ps1,1,3027,1,3026.0,3026,0,22,15,15,9,9,3,3,7,467,3,9,0,0,7,0,0,0,0,4,22,5,0,0,0,0,0,0,0,0,0,0,0,0,0,0,0,0,0,0,0,0,0,0,0,0,0,0,0,0,0,0,0,0,0,0,0,0,0,0,0,0,0,0,0,0,0,0,0,0,0,0,0,0,0,0,0,0,0,0,0,0,0,0,0,0,0,0,0,0,0,0,7,4,2,4,10,12,1,22,2,1,2
2037.ps1,1,2452,1,2451.0,2451,0,22,15,15,9,9,3,3,7,352,3,9,0,0,7,0,0,0,0,4,22,5,0,0,0,0,0,0,0,0,0,0,0,0,0,0,0,0,0,0,0,0,0,0,0,0,0,0,0,0,0,0,0,0,0,0,0,0,0,0,0,0,0,0,0,0,0,0,0,0,0,0,0,0,0,0,0,0,0,0,0,0,0,0,0,0,0,0,0,0,0,0,7,4,2,4,10,12,1,22,2,1,2
2053.ps1,1,2451,1,2450.0,2450,0,22,15,15,9,9,3,3,7,352,3,9,0,0,7,0,0,0,0,3,22,5,0,0,0,0,0,0,0,0,0,0,0,0,0,0,0,0,0,0,0,0,0,0,0,0,0,0,0,0,0,0,0,0,0,0,0,0,0,0,0,0,0,0,0,0,0,0,0,0,0,0,0,0,0,0,0,0,0,0,0,0,0,0,0,0,0,0,0,0,0,0,7,4,2,4,10,12,1,22,2,1,2
2070.ps1,1,134,1,133.0,133,1,4,3,3,0,0,0,0,8,1,1,2,0,3,1,0,0,0,0,5,4,2,0,0,0,0,0,0,0,0,0,0,0,0,0,0,0,0,0,0,0,0,0,0,0,0,0,0,0,0,0,0,0,0,0,0,0,0,0,0,0,0,0,0,0,0,0,0,0,0,0,0,0,0,0,0,0,0,0,0,0,0,0,0,0,0,0,1,1,0,1,0,1,1,2,1,4,6,0,4,0,0,2
207.ps1,1,2565,1,2564.0,2564,0,22,15,15,9,9,3,3,7,372,3,9,0,0,7,0,0,0,0,4,22,5,0,0,0,0,0,0,0,0,0,0,0,0,0,0,0,0,0,0,0,0,0,0,0,0,0,0,0,0,0,0,0,0,0,0,0,0,0,0,0,0,0,0,0,0,0,0,0,0,0,0,0,0,0,0,0,0,0,0,0,0,0,0,0,0,0,0,0,0,0,0,7,4,2,4,10,12,1,22,2,1,2
2043.ps1,1,2452,1,2451.0,2451,0,22,15,15,9,9,3,3,7,352,3,9,0,0,7,0,0,0,0,4,22,5,0,0,0,0,0,0,0,0,0,0,0,0,0,0,0,0,0,0,0,0,0,0,0,0,0,0,0,0,0,0,0,0,0,0,0,0,0,0,0,0,0,0,0,0,0,0,0,0,0,0,0,0,0,0,0,0,0,0,0,0,0,0,0,0,0,0,0,0,0,0,7,4,2,4,10,12,1,22,2,1,2
2079.ps1,1,2237,1,2236.0,2236,0,22,15,15,9,9,3,3,7,309,3,9,0,0,7,0,0,0,0,4,22,5,0,0,0,0,0,0,0,0,0,0,0,0,0,0,0,0,0,0,0,0,0,0,0,0,0,0,0,0,0,0,0,0,0,0,0,0,0,0,0,0,0,0,0,0,0,0,0,0,0,0,0,0,0,0,0,0,0,0,0,0,0,0,0,0,0,0,0,0,0,0,7,4,2,4,10,12,1,22,2,1,2
2084.ps1,1,2452,1,2451.0,2451,0,22,15,15,9,9,3,3,7,352,3,9,0,0,7,0,0,0,0,4,22,5,0,0,0,0,0,0,0,0,0,0,0,0,0,0,0,0,0,0,0,0,0,0,0,0,0,0,0,0,0,0,0,0,0,0,0,0,0,0,0,0,0,0,0,0,0,0,0,0,0,0,0,0,0,0,0,0,0,0,0,0,0,0,0,0,0,0,0,0,0,0,7,4,2,4,10,12,1,22,2,1,2
208.ps1,1,2207,1,2206.0,2206,0,22,15,15,9,9,3,3,7,300,3,9,0,0,7,0,0,0,0,5,22,5,0,0,0,0,0,0,0,0,0,0,0,0,0,0,0,0,0,0,0,0,0,0,0,0,0,0,0,0,0,0,0,0,0,0,0,0,0,0,0,0,0,0,0,0,0,0,0,0,0,0,0,0,0,0,0,0,0,0,0,0,0,0,0,0,0,0,0,0,0,0,7,4,2,4,10,12,1,22,2,1,2
2083.ps1,1,2340,1,2339.0,2339,0,22,15,15,9,9,3,3,7,327,3,9,0,0,7,0,0,0,0,5,22,5,0,0,0,0,0,0,0,0,0,0,0,0,0,0,0,0,0,0,0,0,0,0,0,0,0,0,0,0,0,0,0,0,0,0,0,0,0,0,0,0,0,0,0,0,0,0,0,0,0,0,0,0,0,0,0,0,0,0,0,0,0,0,0,0,0,0,0,0,0,0,7,4,2,4,10,12,1,22,2,1,2
2082.ps1,1,2237,1,2236.0,2236,0,22,15,15,9,9,3,3,7,309,3,9,0,0,7,0,0,0,0,4,22,5,0,0,0,0,0,0,0,0,0,0,0,0,0,0,0,0,0,0,0,0,0,0,0,0,0,0,0,0,0,0,0,0,0,0,0,0,0,0,0,0,0,0,0,0,0,0,0,0,0,0,0,0,0,0,0,0,0,0,0,0,0,0,0,0,0,0,0,0,0,0,7,4,2,4,10,12,1,22,2,1,2
2072.ps1,1,2251,1,2250.0,2250,0,22,15,15,9,9,3,3,7,309,3,9,0,0,7,0,0,0,0,4,22,5,0,0,0,0,0,0,0,0,0,0,0,0,0,0,0,0,0,0,0,0,0,0,0,0,0,0,0,0,0,0,0,0,0,0,0,0,0,0,0,0,0,0,0,0,0,0,0,0,0,0,0,0,0,0,0,0,0,0,0,0,0,0,0,0,0,0,0,0,0,0,7,4,2,4,10,12,1,22,2,1,2
210.ps1,1,2567,1,2566.0,2566,0,22,15,15,9,9,3,3,7,375,3,9,0,0,7,0,0,0,0,4,22,5,0,0,0,0,0,0,0,0,0,0,0,0,0,0,0,0,0,0,0,0,0,0,0,0,0,0,0,0,0,0,0,0,0,0,0,0,0,0,0,0,0,0,0,0,0,0,0,0,0,0,0,0,0,0,0,0,0,0,0,0,0,0,0,0,0,0,0,0,0,0,7,4,2,4,10,12,1,22,2,1,2
2092.ps1,1,2665,1,2664.0,2664,0,22,15,15,9,9,3,3,7,392,3,9,0,0,7,0,0,0,0,5,20,5,0,0,0,0,0,0,0,0,0,0,0,0,0,0,0,0,0,0,0,0,0,0,0,0,0,0,0,0,0,0,0,0,0,0,0,0,0,0,0,0,0,0,0,0,0,0,0,0,0,0,0,0,0,0,0,0,0,0,0,0,0,0,0,0,0,0,0,0,0,0,7,4,2,4,10,12,1,22,2,1,2
2102.ps1,1,2327,1,2326.0,2326,0,22,15,15,9,9,3,3,7,327,3,9,0,0,7,0,0,0,0,4,22,5,0,0,0,0,0,0,0,0,0,0,0,0,0,0,0,0,0,0,0,0,0,0,0,0,0,0,0,0,0,0,0,0,0,0,0,0,0,0,0,0,0,0,0,0,0,0,0,0,0,0,0,0,0,0,0,0,0,0,0,0,0,0,0,0,0,0,0,0,0,0,7,4,2,4,10,12,1,22,2,1,2
2106.ps1,1,3148,1,3147.0,3147,0,22,15,15,9,9,3,3,7,489,3,9,0,0,7,0,0,0,0,5,20,5,0,0,0,0,0,0,0,0,0,0,0,0,0,0,0,0,0,0,0,0,0,0,0,0,0,0,0,0,0,0,0,0,0,0,0,0,0,0,0,0,0,0,0,0,0,0,0,0,0,0,0,0,0,0,0,0,0,0,0,0,0,0,0,0,0,0,0,0,0,0,7,4,2,4,10,12,1,22,2,1,2
2103.ps1,1,129,1,128.0,128,1,0,2,2,0,0,0,0,7,1,0,2,0,3,0,0,0,0,0,7,0,3,0,0,0,0,0,0,0,0,0,0,0,0,0,0,0,0,0,0,0,0,0,0,0,0,0,0,0,0,0,0,0,0,0,0,0,0,0,0,0,0,0,0,0,0,0,0,0,0,0,0,0,0,0,0,0,0,0,0,0,0,0,0,0,0,0,1,1,0,1,0,0,0,2,1,3,7,0,0,0,0,1
2091.ps1,1,2692,1,2691.0,2691,0,22,15,15,9,9,3,3,7,397,3,9,0,0,7,0,0,0,0,4,22,5,0,0,0,0,0,0,0,0,0,0,0,0,0,0,0,0,0,0,0,0,0,0,0,0,0,0,0,0,0,0,0,0,0,0,0,0,0,0,0,0,0,0,0,0,0,0,0,0,0,0,0,0,0,0,0,0,0,0,0,0,0,0,0,0,0,0,0,0,0,0,7,4,2,4,10,12,1,22,2,1,2
2115.ps1,1,82,1,81.0,81,0,1,3,3,1,1,1,1,7,0,1,2,1,0,1,0,0,0,0,2,1,2,0,0,0,0,0,0,0,0,0,0,0,0,0,0,0,0,0,0,0,0,0,0,0,0,0,0,0,0,0,0,0,0,0,0,0,0,0,0,0,0,0,0,0,0,0,0,0,0,0,0,0,0,0,0,0,0,0,0,0,0,0,0,0,0,0,0,0,0,0,0,0,2,2,0,3,5,0,1,0,0,1
21.ps1,1,313,1,312.0,312,1,15,2,2,2,2,0,0,12,0,1,4,0,3,9,0,0,0,0,6,15,1,0,0,0,0,0,0,0,0,0,0,0,0,0,0,0,0,0,0,0,0,0,0,0,0,0,0,0,0,0,0,0,0,0,0,0,0,0,0,0,0,0,0,0,0,0,0,0,0,0,0,0,0,0,0,0,0,1,0,0,0,0,0,0,0,0,0,1,1,0,0,8,1,2,2,2,10,2,15,0,0,0
209.ps1,1,2327,1,2326.0,2326,0,22,15,15,9,9,3,3,7,327,3,9,0,0,7,0,0,0,0,4,22,5,0,0,0,0,0,0,0,0,0,0,0,0,0,0,0,0,0,0,0,0,0,0,0,0,0,0,0,0,0,0,0,0,0,0,0,0,0,0,0,0,0,0,0,0,0,0,0,0,0,0,0,0,0,0,0,0,0,0,0,0,0,0,0,0,0,0,0,0,0,0,7,4,2,4,10,12,1,22,2,1,2
2121.ps1,1,157,1,156.0,156,1,2,3,3,0,0,0,0,9,1,0,2,0,3,0,0,0,0,0,4,2,3,0,0,0,0,0,0,0,0,0,0,0,0,0,0,0,0,0,0,0,0,0,0,0,0,0,0,0,0,0,0,0,0,0,0,0,0,0,0,0,0,0,0,0,0,0,0,0,0,0,0,0,0,0,0,0,0,0,0,0,0,0,0,0,0,0,1,1,0,1,0,0,0,2,1,4,5,0,2,0,0,2
2112.ps1,1,2238,1,2237.0,2237,0,22,15,15,9,9,3,3,7,309,3,9,0,0,7,0,0,0,0,5,22,5,0,0,0,0,0,0,0,0,0,0,0,0,0,0,0,0,0,0,0,0,0,0,0,0,0,0,0,0,0,0,0,0,0,0,0,0,0,0,0,0,0,0,0,0,0,0,0,0,0,0,0,0,0,0,0,0,0,0,0,0,0,0,0,0,0,0,0,0,0,0,7,4,2,4,10,12,1,22,2,1,2
2117.ps1,1,3142,1,3141.0,3141,0,22,15,15,9,9,3,3,7,487,3,9,0,0,7,0,0,0,0,4,19,5,0,0,0,0,0,0,0,0,0,0,0,0,0,0,0,0,0,0,0,0,0,0,0,0,0,0,0,0,0,0,0,0,0,0,0,0,0,0,0,0,0,0,0,0,0,0,0,0,0,0,0,0,0,0,0,0,0,0,0,0,0,0,0,0,0,0,0,0,0,0,7,4,2,4,10,12,1,22,2,1,2
2127.ps1,1,531,1,530.0,530,1,16,6,7,8,8,2,3,23,2,2,4,0,5,8,1,3,1,0,3,16,5,0,0,0,0,0,0,0,0,0,0,0,0,0,0,0,0,0,0,0,0,0,0,0,0,0,0,0,0,0,0,0,0,0,0,0,0,0,0,0,0,0,0,0,0,0,0,0,0,0,0,0,0,0,0,0,0,1,0,0,0,0,0,0,0,0,1,1,1,0,0,8,3,3,2,9,19,3,16,2,0,3
2108.ps1,1,2238,1,2237.0,2237,0,22,15,15,9,9,3,3,7,309,3,9,0,0,7,0,0,0,0,5,22,5,0,0,0,0,0,0,0,0,0,0,0,0,0,0,0,0,0,0,0,0,0,0,0,0,0,0,0,0,0,0,0,0,0,0,0,0,0,0,0,0,0,0,0,0,0,0,0,0,0,0,0,0,0,0,0,0,0,0,0,0,0,0,0,0,0,0,0,0,0,0,7,4,2,4,10,12,1,22,2,1,2
2113.ps1,1,451,1,450.0,450,1,15,6,6,7,7,1,1,21,1,2,4,0,5,7,0,2,0,0,4,15,5,0,0,0,0,0,0,0,0,0,0,0,0,0,0,0,0,0,0,0,0,0,0,0,0,0,0,0,0,0,0,0,0,0,0,0,0,0,0,0,0,0,0,0,0,0,0,0,0,0,0,0,0,0,0,0,0,0,0,0,0,0,0,0,0,0,1,1,1,0,0,7,3,3,2,8,18,2,15,2,0,3
2131.ps1,1,2575,1,2574.0,2574,0,33,18,18,12,12,5,5,12,327,4,11,0,0,11,0,0,0,2,2,26,11,0,0,0,0,0,0,0,0,0,0,0,0,0,0,0,0,0,0,0,0,0,0,0,0,0,0,0,0,0,0,0,0,0,0,0,0,0,0,0,0,0,0,0,0,0,0,0,0,0,0,0,1,0,0,0,0,0,0,0,0,0,0,0,0,0,0,0,0,0,0,4,2,2,2,3,9,3,11,0,0,0
2107.ps1,1,2223,1,2222.0,2222,0,22,15,15,9,9,3,3,7,306,3,9,0,0,7,0,0,0,0,5,22,5,0,0,0,0,0,0,0,0,0,0,0,0,0,0,0,0,0,0,0,0,0,0,0,0,0,0,0,0,0,0,0,0,0,0,0,0,0,0,0,0,0,0,0,0,0,0,0,0,0,0,0,0,0,0,0,0,0,0,0,0,0,0,0,0,0,0,0,0,0,0,7,4,2,4,10,12,1,22,2,1,2
2128.ps1,1,2745,1,2744.0,2744,0,34,18,18,12,12,5,5,12,352,4,16,0,0,12,0,0,0,2,2,32,12,0,0,0,0,0,0,0,0,0,0,0,0,0,0,0,0,0,0,0,0,0,0,0,0,0,0,0,0,0,0,0,0,0,0,0,0,0,0,0,0,0,0,0,0,0,0,0,0,0,0,0,1,0,0,0,0,0,0,0,0,0,0,0,0,0,0,0,0,0,0,5,2,2,2,3,10,3,12,0,0,0
2122.ps1,1,2238,1,2237.0,2237,0,22,15,15,9,9,3,3,7,309,3,9,0,0,7,0,0,0,0,5,22,5,0,0,0,0,0,0,0,0,0,0,0,0,0,0,0,0,0,0,0,0,0,0,0,0,0,0,0,0,0,0,0,0,0,0,0,0,0,0,0,0,0,0,0,0,0,0,0,0,0,0,0,0,0,0,0,0,0,0,0,0,0,0,0,0,0,0,0,0,0,0,7,4,2,4,10,12,1,22,2,1,2
2129.ps1,1,2340,1,2339.0,2339,0,22,15,15,9,9,3,3,7,327,3,9,0,0,7,0,0,0,0,4,19,5,0,0,0,0,0,0,0,0,0,0,0,0,0,0,0,0,0,0,0,0,0,0,0,0,0,0,0,0,0,0,0,0,0,0,0,0,0,0,0,0,0,0,0,0,0,0,0,0,0,0,0,0,0,0,0,0,0,0,0,0,0,0,0,0,0,0,0,0,0,0,7,4,2,4,10,12,1,22,2,1,2
2141.ps1,1,2248,1,2247.0,2247,0,22,15,15,9,9,3,3,7,309,3,9,0,0,7,0,0,0,0,5,22,5,0,0,0,0,0,0,0,0,0,0,0,0,0,0,0,0,0,0,0,0,0,0,0,0,0,0,0,0,0,0,0,0,0,0,0,0,0,0,0,0,0,0,0,0,0,0,0,0,0,0,0,0,0,0,0,0,0,0,0,0,0,0,0,0,0,0,0,0,0,0,7,4,2,4,10,12,1,22,2,1,2
2139.ps1,1,872,1,871.0,871,1,44,18,18,13,13,1,1,30,3,10,10,0,4,14,0,1,0,0,13,40,4,0,0,0,0,0,0,0,0,0,0,0,0,0,0,0,0,0,0,0,0,0,0,0,0,0,0,0,0,0,0,0,0,0,0,0,0,0,0,0,0,0,0,0,0,0,0,0,1,1,0,0,2,0,1,0,0,0,0,0,0,0,0,0,0,0,0,1,1,0,0,13,15,7,8,13,31,7,40,0,3,5
2135.ps1,1,2249,1,2248.0,2248,0,22,15,15,9,9,3,3,7,309,3,9,0,0,7,0,0,0,0,4,20,5,0,0,0,0,0,0,0,0,0,0,0,0,0,0,0,0,0,0,0,0,0,0,0,0,0,0,0,0,0,0,0,0,0,0,0,0,0,0,0,0,0,0,0,0,0,0,0,0,0,0,0,0,0,0,0,0,0,0,0,0,0,0,0,0,0,0,0,0,0,0,7,4,2,4,10,12,1,22,2,1,2
2134.ps1,1,2237,1,2236.0,2236,0,22,15,15,9,9,3,3,7,309,3,9,0,0,7,0,0,0,0,4,22,5,0,0,0,0,0,0,0,0,0,0,0,0,0,0,0,0,0,0,0,0,0,0,0,0,0,0,0,0,0,0,0,0,0,0,0,0,0,0,0,0,0,0,0,0,0,0,0,0,0,0,0,0,0,0,0,0,0,0,0,0,0,0,0,0,0,0,0,0,0,0,7,4,2,4,10,12,1,22,2,1,2
2133.ps1,1,2327,1,2326.0,2326,0,22,15,15,9,9,3,3,7,327,3,9,0,0,7,0,0,0,0,4,22,5,0,0,0,0,0,0,0,0,0,0,0,0,0,0,0,0,0,0,0,0,0,0,0,0,0,0,0,0,0,0,0,0,0,0,0,0,0,0,0,0,0,0,0,0,0,0,0,0,0,0,0,0,0,0,0,0,0,0,0,0,0,0,0,0,0,0,0,0,0,0,7,4,2,4,10,12,1,22,2,1,2
2149.ps1,1,2327,1,2326.0,2326,0,18,8,8,4,4,2,2,20,2,29,8,0,32,13,0,0,0,0,3,18,6,0,0,0,0,0,0,0,0,0,0,0,0,0,0,0,0,0,0,0,0,0,0,0,0,0,0,0,0,0,0,0,0,3,0,0,0,0,0,0,0,0,0,0,0,0,0,0,0,1,0,0,0,0,1,0,0,2,1,0,0,0,1,0,0,0,0,0,0,0,3,10,2,1,1,2,14,2,16,0,0,0
215.ps1,1,2282,1,2281.0,2281,0,22,15,15,9,9,3,3,7,318,3,9,0,0,7,0,0,0,0,4,22,5,0,0,0,0,0,0,0,0,0,0,0,0,0,0,0,0,0,0,0,0,0,0,0,0,0,0,0,0,0,0,0,0,0,0,0,0,0,0,0,0,0,0,0,0,0,0,0,0,0,0,0,0,0,0,0,0,0,0,0,0,0,0,0,0,0,0,0,0,0,0,7,4,2,4,10,12,1,22,2,1,2
2137.ps1,1,143,1,142.0,142,1,0,2,2,0,0,0,0,8,1,0,2,0,6,0,0,0,0,0,5,0,3,0,0,0,0,0,0,0,0,0,0,0,0,0,0,0,0,0,0,0,0,0,0,0,0,0,0,0,0,0,0,0,0,0,0,0,0,0,0,0,0,0,0,0,0,0,0,0,0,0,0,0,0,0,0,0,0,0,0,0,0,0,0,0,0,0,1,1,0,1,0,0,0,2,1,3,7,0,0,0,0,1
2156.ps1,1,2222,1,2221.0,2221,0,22,15,15,9,9,3,3,7,306,3,9,0,0,7,0,0,0,0,4,22,5,0,0,0,0,0,0,0,0,0,0,0,0,0,0,0,0,0,0,0,0,0,0,0,0,0,0,0,0,0,0,0,0,0,0,0,0,0,0,0,0,0,0,0,0,0,0,0,0,0,0,0,0,0,0,0,0,0,0,0,0,0,0,0,0,0,0,0,0,0,0,7,4,2,4,10,12,1,22,2,1,2
2142.ps1,1,2575,1,2574.0,2574,0,34,18,18,12,12,5,5,12,318,4,16,0,0,12,0,0,0,2,2,32,12,0,0,0,0,0,0,0,0,0,0,0,0,0,0,0,0,0,0,0,0,0,0,0,0,0,0,0,0,0,0,0,0,0,0,0,0,0,0,0,0,0,0,0,0,0,0,0,0,0,0,0,1,0,0,0,0,0,0,0,0,0,0,0,0,0,0,0,0,0,0,5,2,2,2,3,10,3,12,0,0,0
2153.ps1,1,153,1,152.0,152,1,2,3,3,0,0,0,0,8,1,0,2,0,3,0,0,0,0,0,6,2,3,0,0,0,0,0,0,0,0,0,0,0,0,0,0,0,0,0,0,0,0,0,0,0,0,0,0,0,0,0,0,0,0,0,0,0,0,0,0,0,0,0,0,0,0,0,0,0,0,0,0,0,0,0,0,0,0,0,0,0,0,0,0,0,0,0,1,1,0,1,0,0,0,2,1,4,5,0,2,0,0,2
2172.ps1,1,2343,1,2342.0,2342,0,22,15,15,9,9,3,3,7,327,3,9,0,0,7,0,0,0,0,5,20,5,0,0,0,0,0,0,0,0,0,0,0,0,0,0,0,0,0,0,0,0,0,0,0,0,0,0,0,0,0,0,0,0,0,0,0,0,0,0,0,0,0,0,0,0,0,0,0,0,0,0,0,0,0,0,0,0,0,0,0,0,0,0,0,0,0,0,0,0,0,0,7,4,2,4,10,12,1,22,2,1,2
2169.ps1,1,2247,1,2246.0,2246,0,22,15,15,9,9,3,3,7,309,3,9,0,0,7,0,0,0,0,4,22,5,0,0,0,0,0,0,0,0,0,0,0,0,0,0,0,0,0,0,0,0,0,0,0,0,0,0,0,0,0,0,0,0,0,0,0,0,0,0,0,0,0,0,0,0,0,0,0,0,0,0,0,0,0,0,0,0,0,0,0,0,0,0,0,0,0,0,0,0,0,0,7,4,2,4,10,12,1,22,2,1,2
2160.ps1,1,2327,1,2326.0,2326,0,22,15,15,9,9,3,3,7,327,3,9,0,0,7,0,0,0,0,4,22,5,0,0,0,0,0,0,0,0,0,0,0,0,0,0,0,0,0,0,0,0,0,0,0,0,0,0,0,0,0,0,0,0,0,0,0,0,0,0,0,0,0,0,0,0,0,0,0,0,0,0,0,0,0,0,0,0,0,0,0,0,0,0,0,0,0,0,0,0,0,0,7,4,2,4,10,12,1,22,2,1,2
2168.ps1,1,2283,1,2282.0,2282,0,22,15,15,9,9,3,3,7,318,3,9,0,0,7,0,0,0,0,5,22,5,0,0,0,0,0,0,0,0,0,0,0,0,0,0,0,0,0,0,0,0,0,0,0,0,0,0,0,0,0,0,0,0,0,0,0,0,0,0,0,0,0,0,0,0,0,0,0,0,0,0,0,0,0,0,0,0,0,0,0,0,0,0,0,0,0,0,0,0,0,0,7,4,2,4,10,12,1,22,2,1,2
2163.ps1,1,2928,1,2927.0,2927,0,33,18,18,12,12,5,5,12,391,4,11,0,0,11,0,0,0,2,2,33,11,0,0,0,0,0,0,0,0,0,0,0,0,0,0,0,0,0,0,0,0,0,0,0,0,0,0,0,0,0,0,0,0,0,0,0,0,0,0,0,0,0,0,0,0,0,0,0,0,0,0,0,1,0,0,0,0,0,0,0,0,0,0,0,0,0,0,0,0,0,0,4,2,2,2,3,9,3,11,0,0,0
2173.ps1,1,2252,1,2251.0,2251,0,22,15,15,9,9,3,3,7,309,3,9,0,0,7,0,0,0,0,5,22,5,0,0,0,0,0,0,0,0,0,0,0,0,0,0,0,0,0,0,0,0,0,0,0,0,0,0,0,0,0,0,0,0,0,0,0,0,0,0,0,0,0,0,0,0,0,0,0,0,0,0,0,0,0,0,0,0,0,0,0,0,0,0,0,0,0,0,0,0,0,0,7,4,2,4,10,12,1,22,2,1,2
217.ps1,1,2327,1,2326.0,2326,0,22,15,15,9,9,3,3,7,327,3,9,0,0,7,0,0,0,0,4,22,5,0,0,0,0,0,0,0,0,0,0,0,0,0,0,0,0,0,0,0,0,0,0,0,0,0,0,0,0,0,0,0,0,0,0,0,0,0,0,0,0,0,0,0,0,0,0,0,0,0,0,0,0,0,0,0,0,0,0,0,0,0,0,0,0,0,0,0,0,0,0,7,4,2,4,10,12,1,22,2,1,2
2174.ps1,1,143,1,142.0,142,1,2,3,3,0,0,0,0,6,1,0,2,0,3,0,0,0,0,0,5,2,3,0,0,0,0,0,0,0,0,0,0,0,0,0,0,0,0,0,0,0,0,0,0,0,0,0,0,0,0,0,0,0,0,0,0,0,0,0,0,0,0,0,0,0,0,0,0,0,0,0,0,0,0,0,0,0,0,0,0,0,0,0,0,0,0,0,1,1,0,1,0,0,0,2,1,4,5,0,2,0,0,2
2140.ps1,1,2238,1,2237.0,2237,0,22,15,15,9,9,3,3,7,309,3,9,0,0,7,0,0,0,0,5,22,5,0,0,0,0,0,0,0,0,0,0,0,0,0,0,0,0,0,0,0,0,0,0,0,0,0,0,0,0,0,0,0,0,0,0,0,0,0,0,0,0,0,0,0,0,0,0,0,0,0,0,0,0,0,0,0,0,0,0,0,0,0,0,0,0,0,0,0,0,0,0,7,4,2,4,10,12,1,22,2,1,2
2189.ps1,1,2318,1,2317.0,2317,0,18,8,8,4,4,2,2,20,2,22,8,0,23,13,0,0,0,0,2,18,6,0,0,0,0,0,0,0,0,0,0,0,0,0,0,0,0,0,0,0,0,0,0,0,0,0,0,0,0,0,0,0,0,3,0,0,0,0,0,0,0,0,0,0,0,0,0,0,0,1,0,0,0,0,1,0,0,2,1,0,0,0,1,0,0,0,0,0,0,0,3,10,2,1,1,2,14,2,16,0,0,0
2188.ps1,1,2325,1,2324.0,2324,0,2,6,6,2,2,0,0,7,2,35,3,0,28,2,0,0,0,0,7,2,1,0,0,0,0,0,0,0,0,0,0,0,0,0,0,0,0,0,0,0,0,0,0,0,0,0,0,0,0,0,0,0,0,1,0,0,0,0,0,0,0,0,0,0,0,0,0,0,0,1,0,0,0,0,1,0,0,0,0,0,0,0,0,0,0,0,0,0,0,0,0,1,0,4,2,6,11,2,2,0,2,4
2181.ps1,1,2282,1,2281.0,2281,0,22,15,15,9,9,3,3,7,318,3,9,0,0,7,0,0,0,0,4,22,5,0,0,0,0,0,0,0,0,0,0,0,0,0,0,0,0,0,0,0,0,0,0,0,0,0,0,0,0,0,0,0,0,0,0,0,0,0,0,0,0,0,0,0,0,0,0,0,0,0,0,0,0,0,0,0,0,0,0,0,0,0,0,0,0,0,0,0,0,0,0,7,4,2,4,10,12,1,22,2,1,2
2176.ps1,1,2237,1,2236.0,2236,0,22,15,15,9,9,3,3,7,309,3,9,0,0,7,0,0,0,0,4,22,5,0,0,0,0,0,0,0,0,0,0,0,0,0,0,0,0,0,0,0,0,0,0,0,0,0,0,0,0,0,0,0,0,0,0,0,0,0,0,0,0,0,0,0,0,0,0,0,0,0,0,0,0,0,0,0,0,0,0,0,0,0,0,0,0,0,0,0,0,0,0,7,4,2,4,10,12,1,22,2,1,2
2195.ps1,1,2237,1,2236.0,2236,0,22,15,15,9,9,3,3,7,309,3,9,0,0,7,0,0,0,0,4,22,5,0,0,0,0,0,0,0,0,0,0,0,0,0,0,0,0,0,0,0,0,0,0,0,0,0,0,0,0,0,0,0,0,0,0,0,0,0,0,0,0,0,0,0,0,0,0,0,0,0,0,0,0,0,0,0,0,0,0,0,0,0,0,0,0,0,0,0,0,0,0,7,4,2,4,10,12,1,22,2,1,2
2177.ps1,1,2648,1,2647.0,2647,0,22,15,15,9,9,3,3,7,391,3,9,0,0,7,0,0,0,0,5,22,5,0,0,0,0,0,0,0,0,0,0,0,0,0,0,0,0,0,0,0,0,0,0,0,0,0,0,0,0,0,0,0,0,0,0,0,0,0,0,0,0,0,0,0,0,0,0,0,0,0,0,0,0,0,0,0,0,0,0,0,0,0,0,0,0,0,0,0,0,0,0,7,4,2,4,10,12,1,22,2,1,2
2191.ps1,1,2326,1,2325.0,2325,0,22,15,15,9,9,3,3,7,327,3,9,0,0,7,0,0,0,0,3,22,5,0,0,0,0,0,0,0,0,0,0,0,0,0,0,0,0,0,0,0,0,0,0,0,0,0,0,0,0,0,0,0,0,0,0,0,0,0,0,0,0,0,0,0,0,0,0,0,0,0,0,0,0,0,0,0,0,0,0,0,0,0,0,0,0,0,0,0,0,0,0,7,4,2,4,10,12,1,22,2,1,2
2208.ps1,1,2282,1,2281.0,2281,0,22,15,15,9,9,3,3,7,318,3,9,0,0,7,0,0,0,0,4,22,5,0,0,0,0,0,0,0,0,0,0,0,0,0,0,0,0,0,0,0,0,0,0,0,0,0,0,0,0,0,0,0,0,0,0,0,0,0,0,0,0,0,0,0,0,0,0,0,0,0,0,0,0,0,0,0,0,0,0,0,0,0,0,0,0,0,0,0,0,0,0,7,4,2,4,10,12,1,22,2,1,2
2216.ps1,1,2328,1,2327.0,2327,0,22,15,15,9,9,3,3,7,327,3,9,0,0,7,0,0,0,0,5,22,5,0,0,0,0,0,0,0,0,0,0,0,0,0,0,0,0,0,0,0,0,0,0,0,0,0,0,0,0,0,0,0,0,0,0,0,0,0,0,0,0,0,0,0,0,0,0,0,0,0,0,0,0,0,0,0,0,0,0,0,0,0,0,0,0,0,0,0,0,0,0,7,4,2,4,10,12,1,22,2,1,2
2220.ps1,1,2282,1,2281.0,2281,0,22,15,15,9,9,3,3,7,318,3,9,0,0,7,0,0,0,0,4,22,5,0,0,0,0,0,0,0,0,0,0,0,0,0,0,0,0,0,0,0,0,0,0,0,0,0,0,0,0,0,0,0,0,0,0,0,0,0,0,0,0,0,0,0,0,0,0,0,0,0,0,0,0,0,0,0,0,0,0,0,0,0,0,0,0,0,0,0,0,0,0,7,4,2,4,10,12,1,22,2,1,2
2200.ps1,1,997,1,996.0,996,1,68,14,14,23,23,5,5,42,10,8,4,0,6,21,0,8,0,1,3,68,10,0,0,0,0,0,0,0,0,0,0,0,0,0,0,0,0,0,0,0,0,0,0,0,0,0,0,0,0,0,0,0,0,0,0,0,0,0,0,0,0,0,0,0,0,0,0,0,0,0,0,0,0,0,0,0,0,1,0,0,0,0,0,0,0,0,1,1,0,0,0,19,17,7,7,16,36,5,68,1,5,6
220.ps1,1,2193,1,2192.0,2192,0,22,15,15,9,9,3,3,7,300,3,9,0,0,7,0,0,0,0,5,22,5,0,0,0,0,0,0,0,0,0,0,0,0,0,0,0,0,0,0,0,0,0,0,0,0,0,0,0,0,0,0,0,0,0,0,0,0,0,0,0,0,0,0,0,0,0,0,0,0,0,0,0,0,0,0,0,0,0,0,0,0,0,0,0,0,0,0,0,0,0,0,7,4,2,4,10,12,1,22,2,1,2
2212.ps1,1,2452,1,2451.0,2451,0,22,15,15,9,9,3,3,7,352,3,9,0,0,7,0,0,0,0,4,22,5,0,0,0,0,0,0,0,0,0,0,0,0,0,0,0,0,0,0,0,0,0,0,0,0,0,0,0,0,0,0,0,0,0,0,0,0,0,0,0,0,0,0,0,0,0,0,0,0,0,0,0,0,0,0,0,0,0,0,0,0,0,0,0,0,0,0,0,0,0,0,7,4,2,4,10,12,1,22,2,1,2
2218.ps1,1,204,1,203.0,203,1,3,0,0,0,0,0,0,9,0,0,3,0,6,0,0,0,0,0,7,3,3,0,0,0,0,0,0,0,0,0,0,0,0,0,0,0,0,0,0,0,0,0,0,0,0,0,0,0,0,0,0,0,0,0,0,0,0,0,0,0,0,0,0,0,0,0,0,0,1,0,0,0,0,0,0,0,0,0,0,0,0,0,0,0,0,0,0,0,0,0,0,0,0,3,0,3,6,0,3,0,0,0
2196.ps1,1,2327,1,2326.0,2326,0,22,15,15,9,9,3,3,7,327,3,9,0,0,7,0,0,0,0,4,22,5,0,0,0,0,0,0,0,0,0,0,0,0,0,0,0,0,0,0,0,0,0,0,0,0,0,0,0,0,0,0,0,0,0,0,0,0,0,0,0,0,0,0,0,0,0,0,0,0,0,0,0,0,0,0,0,0,0,0,0,0,0,0,0,0,0,0,0,0,0,0,7,4,2,4,10,12,1,22,2,1,2
2209.ps1,1,2238,1,2237.0,2237,0,22,15,15,9,9,3,3,7,309,3,9,0,0,7,0,0,0,0,5,22,5,0,0,0,0,0,0,0,0,0,0,0,0,0,0,0,0,0,0,0,0,0,0,0,0,0,0,0,0,0,0,0,0,0,0,0,0,0,0,0,0,0,0,0,0,0,0,0,0,0,0,0,0,0,0,0,0,0,0,0,0,0,0,0,0,0,0,0,0,0,0,7,4,2,4,10,12,1,22,2,1,2
2245.ps1,1,121,1,120.0,120,1,0,2,2,0,0,0,0,7,1,0,2,0,3,0,0,0,0,0,4,0,3,0,0,0,0,0,0,0,0,0,0,0,0,0,0,0,0,0,0,0,0,0,0,0,0,0,0,0,0,0,0,0,0,0,0,0,0,0,0,0,0,0,0,0,0,0,0,0,0,0,0,0,0,0,0,0,0,0,0,0,0,0,0,0,0,0,1,1,0,1,0,0,0,2,1,3,7,0,0,0,0,1
2223.ps1,1,130,1,129.0,129,1,0,2,2,0,0,0,0,7,1,0,2,0,3,0,0,0,0,0,6,0,3,0,0,0,0,0,0,0,0,0,0,0,0,0,0,0,0,0,0,0,0,0,0,0,0,0,0,0,0,0,0,0,0,0,0,0,0,0,0,0,0,0,0,0,0,0,0,0,0,0,0,0,0,0,0,0,0,0,0,0,0,0,0,0,0,0,1,1,0,1,0,0,0,2,1,3,7,0,0,0,0,1
2222.ps1,1,2342,1,2341.0,2341,0,22,15,15,9,9,3,3,7,327,3,9,0,0,7,0,0,0,0,4,19,5,0,0,0,0,0,0,0,0,0,0,0,0,0,0,0,0,0,0,0,0,0,0,0,0,0,0,0,0,0,0,0,0,0,0,0,0,0,0,0,0,0,0,0,0,0,0,0,0,0,0,0,0,0,0,0,0,0,0,0,0,0,0,0,0,0,0,0,0,0,0,7,4,2,4,10,12,1,22,2,1,2
2230.ps1,1,161,1,160.0,160,1,2,3,3,0,0,0,0,8,1,0,2,0,5,0,0,0,0,0,6,2,3,0,0,0,0,0,0,0,0,0,0,0,0,0,0,0,0,0,0,0,0,0,0,0,0,0,0,0,0,0,0,0,0,0,0,0,0,0,0,0,0,0,0,0,0,0,0,0,0,0,0,0,0,0,0,0,0,0,0,0,0,0,0,0,0,0,1,1,0,1,0,0,0,2,1,4,5,0,2,0,0,2
2234.ps1,1,2251,1,2250.0,2250,0,22,15,15,9,9,3,3,7,309,3,9,0,0,7,0,0,0,0,4,22,5,0,0,0,0,0,0,0,0,0,0,0,0,0,0,0,0,0,0,0,0,0,0,0,0,0,0,0,0,0,0,0,0,0,0,0,0,0,0,0,0,0,0,0,0,0,0,0,0,0,0,0,0,0,0,0,0,0,0,0,0,0,0,0,0,0,0,0,0,0,0,7,4,2,4,10,12,1,22,2,1,2
224.ps1,1,2191,1,2190.0,2190,0,22,15,15,9,9,3,3,7,300,3,9,0,0,7,0,0,0,0,3,22,5,0,0,0,0,0,0,0,0,0,0,0,0,0,0,0,0,0,0,0,0,0,0,0,0,0,0,0,0,0,0,0,0,0,0,0,0,0,0,0,0,0,0,0,0,0,0,0,0,0,0,0,0,0,0,0,0,0,0,0,0,0,0,0,0,0,0,0,0,0,0,7,4,2,4,10,12,1,22,2,1,2
2240.ps1,1,2327,1,2326.0,2326,0,22,15,15,9,9,3,3,7,327,3,9,0,0,7,0,0,0,0,4,22,5,0,0,0,0,0,0,0,0,0,0,0,0,0,0,0,0,0,0,0,0,0,0,0,0,0,0,0,0,0,0,0,0,0,0,0,0,0,0,0,0,0,0,0,0,0,0,0,0,0,0,0,0,0,0,0,0,0,0,0,0,0,0,0,0,0,0,0,0,0,0,7,4,2,4,10,12,1,22,2,1,2
2227.ps1,1,154,1,153.0,153,1,2,3,3,0,0,0,0,9,1,0,2,0,3,0,0,0,0,0,5,2,3,0,0,0,0,0,0,0,0,0,0,0,0,0,0,0,0,0,0,0,0,0,0,0,0,0,0,0,0,0,0,0,0,0,0,0,0,0,0,0,0,0,0,0,0,0,0,0,0,0,0,0,0,0,0,0,0,0,0,0,0,0,0,0,0,0,1,1,0,1,0,0,0,2,1,4,5,0,2,0,0,2
2243.ps1,1,2236,1,2235.0,2235,0,22,15,15,9,9,3,3,7,309,3,9,0,0,7,0,0,0,0,3,22,5,0,0,0,0,0,0,0,0,0,0,0,0,0,0,0,0,0,0,0,0,0,0,0,0,0,0,0,0,0,0,0,0,0,0,0,0,0,0,0,0,0,0,0,0,0,0,0,0,0,0,0,0,0,0,0,0,0,0,0,0,0,0,0,0,0,0,0,0,0,0,7,4,2,4,10,12,1,22,2,1,2
2241.ps1,1,2238,1,2237.0,2237,0,22,15,15,9,9,3,3,7,309,3,9,0,0,7,0,0,0,0,5,22,5,0,0,0,0,0,0,0,0,0,0,0,0,0,0,0,0,0,0,0,0,0,0,0,0,0,0,0,0,0,0,0,0,0,0,0,0,0,0,0,0,0,0,0,0,0,0,0,0,0,0,0,0,0,0,0,0,0,0,0,0,0,0,0,0,0,0,0,0,0,0,7,4,2,4,10,12,1,22,2,1,2
2248.ps1,1,2337,1,2336.0,2336,0,22,15,15,9,9,3,3,7,327,3,9,0,0,7,0,0,0,0,4,22,5,0,0,0,0,0,0,0,0,0,0,0,0,0,0,0,0,0,0,0,0,0,0,0,0,0,0,0,0,0,0,0,0,0,0,0,0,0,0,0,0,0,0,0,0,0,0,0,0,0,0,0,0,0,0,0,0,0,0,0,0,0,0,0,0,0,0,0,0,0,0,7,4,2,4,10,12,1,22,2,1,2
2246.ps1,1,2327,1,2326.0,2326,0,22,15,15,9,9,3,3,7,327,3,9,0,0,7,0,0,0,0,4,22,5,0,0,0,0,0,0,0,0,0,0,0,0,0,0,0,0,0,0,0,0,0,0,0,0,0,0,0,0,0,0,0,0,0,0,0,0,0,0,0,0,0,0,0,0,0,0,0,0,0,0,0,0,0,0,0,0,0,0,0,0,0,0,0,0,0,0,0,0,0,0,7,4,2,4,10,12,1,22,2,1,2
2258.ps1,1,2236,1,2235.0,2235,0,22,15,15,9,9,3,3,7,309,3,9,0,0,7,0,0,0,0,3,22,5,0,0,0,0,0,0,0,0,0,0,0,0,0,0,0,0,0,0,0,0,0,0,0,0,0,0,0,0,0,0,0,0,0,0,0,0,0,0,0,0,0,0,0,0,0,0,0,0,0,0,0,0,0,0,0,0,0,0,0,0,0,0,0,0,0,0,0,0,0,0,7,4,2,4,10,12,1,22,2,1,2
2249.ps1,1,2451,1,2450.0,2450,0,22,15,15,9,9,3,3,7,352,3,9,0,0,7,0,0,0,0,3,22,5,0,0,0,0,0,0,0,0,0,0,0,0,0,0,0,0,0,0,0,0,0,0,0,0,0,0,0,0,0,0,0,0,0,0,0,0,0,0,0,0,0,0,0,0,0,0,0,0,0,0,0,0,0,0,0,0,0,0,0,0,0,0,0,0,0,0,0,0,0,0,7,4,2,4,10,12,1,22,2,1,2
2253.ps1,1,124,1,123.0,123,1,0,2,2,0,0,0,0,7,1,0,2,0,4,0,0,0,0,0,6,0,3,0,0,0,0,0,0,0,0,0,0,0,0,0,0,0,0,0,0,0,0,0,0,0,0,0,0,0,0,0,0,0,0,0,0,0,0,0,0,0,0,0,0,0,0,0,0,0,0,0,0,0,0,0,0,0,0,0,0,0,0,0,0,0,0,0,1,1,0,1,0,0,0,2,1,3,7,0,0,0,0,1
2256.ps1,1,2452,1,2451.0,2451,0,22,15,15,9,9,3,3,7,352,3,9,0,0,7,0,0,0,0,4,22,5,0,0,0,0,0,0,0,0,0,0,0,0,0,0,0,0,0,0,0,0,0,0,0,0,0,0,0,0,0,0,0,0,0,0,0,0,0,0,0,0,0,0,0,0,0,0,0,0,0,0,0,0,0,0,0,0,0,0,0,0,0,0,0,0,0,0,0,0,0,0,7,4,2,4,10,12,1,22,2,1,2
2266.ps1,1,2327,1,2326.0,2326,0,22,15,15,9,9,3,3,7,327,3,9,0,0,7,0,0,0,0,4,22,5,0,0,0,0,0,0,0,0,0,0,0,0,0,0,0,0,0,0,0,0,0,0,0,0,0,0,0,0,0,0,0,0,0,0,0,0,0,0,0,0,0,0,0,0,0,0,0,0,0,0,0,0,0,0,0,0,0,0,0,0,0,0,0,0,0,0,0,0,0,0,7,4,2,4,10,12,1,22,2,1,2
2259.ps1,1,2745,1,2744.0,2744,0,34,18,18,12,12,5,5,12,352,4,16,0,0,12,0,0,0,2,2,32,12,0,0,0,0,0,0,0,0,0,0,0,0,0,0,0,0,0,0,0,0,0,0,0,0,0,0,0,0,0,0,0,0,0,0,0,0,0,0,0,0,0,0,0,0,0,0,0,0,0,0,0,1,0,0,0,0,0,0,0,0,0,0,0,0,0,0,0,0,0,0,5,2,2,2,3,10,3,12,0,0,0
2265.ps1,1,2237,1,2236.0,2236,0,22,15,15,9,9,3,3,7,309,3,9,0,0,7,0,0,0,0,4,22,5,0,0,0,0,0,0,0,0,0,0,0,0,0,0,0,0,0,0,0,0,0,0,0,0,0,0,0,0,0,0,0,0,0,0,0,0,0,0,0,0,0,0,0,0,0,0,0,0,0,0,0,0,0,0,0,0,0,0,0,0,0,0,0,0,0,0,0,0,0,0,7,4,2,4,10,12,1,22,2,1,2
2272.ps1,1,2251,1,2250.0,2250,0,22,15,15,9,9,3,3,7,309,3,9,0,0,7,0,0,0,0,4,22,5,0,0,0,0,0,0,0,0,0,0,0,0,0,0,0,0,0,0,0,0,0,0,0,0,0,0,0,0,0,0,0,0,0,0,0,0,0,0,0,0,0,0,0,0,0,0,0,0,0,0,0,0,0,0,0,0,0,0,0,0,0,0,0,0,0,0,0,0,0,0,7,4,2,4,10,12,1,22,2,1,2
2278.ps1,1,2328,1,2327.0,2327,0,22,15,15,9,9,3,3,7,327,3,9,0,0,7,0,0,0,0,5,22,5,0,0,0,0,0,0,0,0,0,0,0,0,0,0,0,0,0,0,0,0,0,0,0,0,0,0,0,0,0,0,0,0,0,0,0,0,0,0,0,0,0,0,0,0,0,0,0,0,0,0,0,0,0,0,0,0,0,0,0,0,0,0,0,0,0,0,0,0,0,0,7,4,2,4,10,12,1,22,2,1,2
2277.ps1,1,2222,1,2221.0,2221,0,22,15,15,9,9,3,3,7,306,3,9,0,0,7,0,0,0,0,4,22,5,0,0,0,0,0,0,0,0,0,0,0,0,0,0,0,0,0,0,0,0,0,0,0,0,0,0,0,0,0,0,0,0,0,0,0,0,0,0,0,0,0,0,0,0,0,0,0,0,0,0,0,0,0,0,0,0,0,0,0,0,0,0,0,0,0,0,0,0,0,0,7,4,2,4,10,12,1,22,2,1,2
2274.ps1,1,2222,1,2221.0,2221,0,22,15,15,9,9,3,3,7,306,3,9,0,0,7,0,0,0,0,4,22,5,0,0,0,0,0,0,0,0,0,0,0,0,0,0,0,0,0,0,0,0,0,0,0,0,0,0,0,0,0,0,0,0,0,0,0,0,0,0,0,0,0,0,0,0,0,0,0,0,0,0,0,0,0,0,0,0,0,0,0,0,0,0,0,0,0,0,0,0,0,0,7,4,2,4,10,12,1,22,2,1,2
2283.ps1,1,2238,1,2237.0,2237,0,22,15,15,9,9,3,3,7,309,3,9,0,0,7,0,0,0,0,5,22,5,0,0,0,0,0,0,0,0,0,0,0,0,0,0,0,0,0,0,0,0,0,0,0,0,0,0,0,0,0,0,0,0,0,0,0,0,0,0,0,0,0,0,0,0,0,0,0,0,0,0,0,0,0,0,0,0,0,0,0,0,0,0,0,0,0,0,0,0,0,0,7,4,2,4,10,12,1,22,2,1,2
2271.ps1,1,2860,1,2859.0,2859,0,34,18,18,12,12,5,5,12,375,4,16,0,0,12,0,0,0,2,2,32,12,0,0,0,0,0,0,0,0,0,0,0,0,0,0,0,0,0,0,0,0,0,0,0,0,0,0,0,0,0,0,0,0,0,0,0,0,0,0,0,0,0,0,0,0,0,0,0,0,0,0,0,1,0,0,0,0,0,0,0,0,0,0,0,0,0,0,0,0,0,0,5,2,2,2,3,10,3,12,0,0,0
2292.ps1,1,2328,1,2327.0,2327,0,22,15,15,9,9,3,3,7,327,3,9,0,0,7,0,0,0,0,5,22,5,0,0,0,0,0,0,0,0,0,0,0,0,0,0,0,0,0,0,0,0,0,0,0,0,0,0,0,0,0,0,0,0,0,0,0,0,0,0,0,0,0,0,0,0,0,0,0,0,0,0,0,0,0,0,0,0,0,0,0,0,0,0,0,0,0,0,0,0,0,0,7,4,2,4,10,12,1,22,2,1,2
2291.ps1,1,134,1,133.0,133,1,4,3,3,0,0,0,0,8,1,1,2,0,3,1,0,0,0,0,5,4,2,0,0,0,0,0,0,0,0,0,0,0,0,0,0,0,0,0,0,0,0,0,0,0,0,0,0,0,0,0,0,0,0,0,0,0,0,0,0,0,0,0,0,0,0,0,0,0,0,0,0,0,0,0,0,0,0,0,0,0,0,0,0,0,0,0,1,1,0,1,0,1,1,2,1,4,6,0,4,0,0,2
2282.ps1,1,2547,1,2546.0,2546,0,22,15,15,9,9,3,3,7,368,3,9,0,0,7,0,0,0,0,5,22,5,0,0,0,0,0,0,0,0,0,0,0,0,0,0,0,0,0,0,0,0,0,0,0,0,0,0,0,0,0,0,0,0,0,0,0,0,0,0,0,0,0,0,0,0,0,0,0,0,0,0,0,0,0,0,0,0,0,0,0,0,0,0,0,0,0,0,0,0,0,0,7,4,2,4,10,12,1,22,2,1,2
2279.ps1,1,2701,1,2700.0,2700,0,22,15,15,9,9,3,3,7,402,3,9,0,0,7,0,0,0,0,3,22,5,0,0,0,0,0,0,0,0,0,0,0,0,0,0,0,0,0,0,0,0,0,0,0,0,0,0,0,0,0,0,0,0,0,0,0,0,0,0,0,0,0,0,0,0,0,0,0,0,0,0,0,0,0,0,0,0,0,0,0,0,0,0,0,0,0,0,0,0,0,0,7,4,2,4,10,12,1,22,2,1,2
2295.ps1,1,594,1,593.0,593,1,16,6,6,9,9,2,2,24,1,2,5,0,5,9,0,2,0,0,3,16,5,0,0,0,0,0,0,0,0,0,0,0,0,0,0,0,0,0,0,0,0,0,0,0,0,0,0,0,0,0,0,0,0,0,0,0,0,0,0,0,0,0,0,0,0,0,0,0,0,0,0,0,0,0,0,0,0,1,0,0,0,0,0,0,0,0,1,1,1,0,0,9,3,3,2,9,20,4,16,2,0,3
2284.ps1,1,153,1,152.0,152,1,0,2,2,0,0,0,0,7,1,0,2,0,5,0,0,0,0,0,7,0,3,0,0,0,0,0,0,0,0,0,0,0,0,0,0,0,0,0,0,0,0,0,0,0,0,0,0,0,0,0,0,0,0,0,0,0,0,0,0,0,0,0,0,0,0,0,0,0,0,0,0,0,0,0,0,0,0,0,0,0,0,0,0,0,0,0,1,1,0,1,0,0,0,2,1,3,7,0,0,0,0,1
2296.ps1,1,2237,1,2236.0,2236,0,22,15,15,9,9,3,3,7,309,3,9,0,0,7,0,0,0,0,4,22,5,0,0,0,0,0,0,0,0,0,0,0,0,0,0,0,0,0,0,0,0,0,0,0,0,0,0,0,0,0,0,0,0,0,0,0,0,0,0,0,0,0,0,0,0,0,0,0,0,0,0,0,0,0,0,0,0,0,0,0,0,0,0,0,0,0,0,0,0,0,0,7,4,2,4,10,12,1,22,2,1,2
2309.ps1,1,190,1,189.0,189,1,2,3,3,0,0,0,0,8,1,0,2,0,5,0,0,0,0,0,4,2,3,0,0,0,0,0,0,0,0,0,0,0,0,0,0,0,0,0,0,0,0,0,0,0,0,0,0,0,0,0,0,0,0,1,0,0,0,0,0,0,0,0,0,0,0,0,0,0,0,0,0,0,0,0,0,0,0,0,0,0,0,0,0,0,0,0,1,1,0,1,0,0,0,2,1,4,5,0,2,0,0,2
2306.ps1,1,2327,1,2326.0,2326,0,22,15,15,9,9,3,3,7,327,3,9,0,0,7,0,0,0,0,4,22,5,0,0,0,0,0,0,0,0,0,0,0,0,0,0,0,0,0,0,0,0,0,0,0,0,0,0,0,0,0,0,0,0,0,0,0,0,0,0,0,0,0,0,0,0,0,0,0,0,0,0,0,0,0,0,0,0,0,0,0,0,0,0,0,0,0,0,0,0,0,0,7,4,2,4,10,12,1,22,2,1,2
2294.ps1,1,148,1,147.0,147,1,2,3,3,0,0,0,0,8,1,0,2,0,3,0,0,0,0,0,5,2,3,0,0,0,0,0,0,0,0,0,0,0,0,0,0,0,0,0,0,0,0,0,0,0,0,0,0,0,0,0,0,0,0,0,0,0,0,0,0,0,0,0,0,0,0,0,0,0,0,0,0,0,0,0,0,0,0,0,0,0,0,0,0,0,0,0,1,1,0,1,0,0,0,2,1,4,5,0,2,0,0,2
2285.ps1,1,2251,1,2250.0,2250,0,22,15,15,9,9,3,3,7,309,3,9,0,0,7,0,0,0,0,4,22,5,0,0,0,0,0,0,0,0,0,0,0,0,0,0,0,0,0,0,0,0,0,0,0,0,0,0,0,0,0,0,0,0,0,0,0,0,0,0,0,0,0,0,0,0,0,0,0,0,0,0,0,0,0,0,0,0,0,0,0,0,0,0,0,0,0,0,0,0,0,0,7,4,2,4,10,12,1,22,2,1,2
2299.ps1,1,2238,1,2237.0,2237,0,22,15,15,9,9,3,3,7,309,3,9,0,0,7,0,0,0,0,5,22,5,0,0,0,0,0,0,0,0,0,0,0,0,0,0,0,0,0,0,0,0,0,0,0,0,0,0,0,0,0,0,0,0,0,0,0,0,0,0,0,0,0,0,0,0,0,0,0,0,0,0,0,0,0,0,0,0,0,0,0,0,0,0,0,0,0,0,0,0,0,0,7,4,2,4,10,12,1,22,2,1,2
2311.ps1,1,136,1,135.0,135,1,4,3,3,0,0,0,0,6,1,1,2,0,3,1,0,0,0,0,5,4,2,0,0,0,0,0,0,0,0,0,0,0,0,0,0,0,0,0,0,0,0,0,0,0,0,0,0,0,0,0,0,0,0,0,0,0,0,0,0,0,0,0,0,0,0,0,0,0,0,0,0,0,0,0,0,0,0,0,0,0,0,0,0,0,0,0,1,1,0,1,0,1,1,2,1,4,6,0,4,0,0,2
2301.ps1,1,2246,1,2245.0,2245,0,22,15,15,9,9,3,3,7,309,3,9,0,0,7,0,0,0,0,3,22,5,0,0,0,0,0,0,0,0,0,0,0,0,0,0,0,0,0,0,0,0,0,0,0,0,0,0,0,0,0,0,0,0,0,0,0,0,0,0,0,0,0,0,0,0,0,0,0,0,0,0,0,0,0,0,0,0,0,0,0,0,0,0,0,0,0,0,0,0,0,0,7,4,2,4,10,12,1,22,2,1,2
230.ps1,1,2238,1,2237.0,2237,0,22,15,15,9,9,3,3,7,309,3,9,0,0,7,0,0,0,0,5,22,5,0,0,0,0,0,0,0,0,0,0,0,0,0,0,0,0,0,0,0,0,0,0,0,0,0,0,0,0,0,0,0,0,0,0,0,0,0,0,0,0,0,0,0,0,0,0,0,0,0,0,0,0,0,0,0,0,0,0,0,0,0,0,0,0,0,0,0,0,0,0,7,4,2,4,10,12,1,22,2,1,2
2302.ps1,1,847,1,847.0,847,1,29,10,10,8,8,0,0,31,5,0,6,0,4,14,0,0,0,0,16,29,5,0,0,0,0,0,0,0,0,0,0,0,0,0,0,0,0,0,0,0,0,0,0,0,0,0,0,0,0,0,0,0,0,0,0,0,0,0,0,0,0,0,0,0,0,0,0,0,0,0,0,0,3,0,0,0,0,0,0,0,0,0,0,0,0,0,1,1,0,0,0,14,0,7,10,9,34,8,29,0,0,0
2321.ps1,1,2236,1,2235.0,2235,0,22,15,15,9,9,3,3,7,309,3,9,0,0,7,0,0,0,0,3,22,5,0,0,0,0,0,0,0,0,0,0,0,0,0,0,0,0,0,0,0,0,0,0,0,0,0,0,0,0,0,0,0,0,0,0,0,0,0,0,0,0,0,0,0,0,0,0,0,0,0,0,0,0,0,0,0,0,0,0,0,0,0,0,0,0,0,0,0,0,0,0,7,4,2,4,10,12,1,22,2,1,2
2326.ps1,1,2238,1,2237.0,2237,0,22,15,15,9,9,3,3,7,309,3,9,0,0,7,0,0,0,0,5,22,5,0,0,0,0,0,0,0,0,0,0,0,0,0,0,0,0,0,0,0,0,0,0,0,0,0,0,0,0,0,0,0,0,0,0,0,0,0,0,0,0,0,0,0,0,0,0,0,0,0,0,0,0,0,0,0,0,0,0,0,0,0,0,0,0,0,0,0,0,0,0,7,4,2,4,10,12,1,22,2,1,2
2315.ps1,1,2237,1,2236.0,2236,0,22,15,15,9,9,3,3,7,309,3,9,0,0,7,0,0,0,0,4,22,5,0,0,0,0,0,0,0,0,0,0,0,0,0,0,0,0,0,0,0,0,0,0,0,0,0,0,0,0,0,0,0,0,0,0,0,0,0,0,0,0,0,0,0,0,0,0,0,0,0,0,0,0,0,0,0,0,0,0,0,0,0,0,0,0,0,0,0,0,0,0,7,4,2,4,10,12,1,22,2,1,2
2323.ps1,1,2250,1,2249.0,2249,0,22,15,15,9,9,3,3,7,309,3,9,0,0,7,0,0,0,0,3,22,5,0,0,0,0,0,0,0,0,0,0,0,0,0,0,0,0,0,0,0,0,0,0,0,0,0,0,0,0,0,0,0,0,0,0,0,0,0,0,0,0,0,0,0,0,0,0,0,0,0,0,0,0,0,0,0,0,0,0,0,0,0,0,0,0,0,0,0,0,0,0,7,4,2,4,10,12,1,22,2,1,2
2329.ps1,1,2587,1,2586.0,2586,0,22,15,15,9,9,3,3,7,377,3,9,0,0,7,0,0,0,0,4,22,5,0,0,0,0,0,0,0,0,0,0,0,0,0,0,0,0,0,0,0,0,0,0,0,0,0,0,0,0,0,0,0,0,0,0,0,0,0,0,0,0,0,0,0,0,0,0,0,0,0,0,0,0,0,0,0,0,0,0,0,0,0,0,0,0,0,0,0,0,0,0,7,4,2,4,10,12,1,22,2,1,2
2318.ps1,1,2247,1,2246.0,2246,0,22,15,15,9,9,3,3,7,309,3,9,0,0,7,0,0,0,0,4,22,5,0,0,0,0,0,0,0,0,0,0,0,0,0,0,0,0,0,0,0,0,0,0,0,0,0,0,0,0,0,0,0,0,0,0,0,0,0,0,0,0,0,0,0,0,0,0,0,0,0,0,0,0,0,0,0,0,0,0,0,0,0,0,0,0,0,0,0,0,0,0,7,4,2,4,10,12,1,22,2,1,2
2327.ps1,1,2238,1,2237.0,2237,0,22,15,15,9,9,3,3,7,309,3,9,0,0,7,0,0,0,0,5,22,5,0,0,0,0,0,0,0,0,0,0,0,0,0,0,0,0,0,0,0,0,0,0,0,0,0,0,0,0,0,0,0,0,0,0,0,0,0,0,0,0,0,0,0,0,0,0,0,0,0,0,0,0,0,0,0,0,0,0,0,0,0,0,0,0,0,0,0,0,0,0,7,4,2,4,10,12,1,22,2,1,2
2330.ps1,1,2282,1,2281.0,2281,0,22,15,15,9,9,3,3,7,318,3,9,0,0,7,0,0,0,0,4,22,5,0,0,0,0,0,0,0,0,0,0,0,0,0,0,0,0,0,0,0,0,0,0,0,0,0,0,0,0,0,0,0,0,0,0,0,0,0,0,0,0,0,0,0,0,0,0,0,0,0,0,0,0,0,0,0,0,0,0,0,0,0,0,0,0,0,0,0,0,0,0,7,4,2,4,10,12,1,22,2,1,2
2313.ps1,1,2452,1,2451.0,2451,0,22,15,15,9,9,3,3,7,352,3,9,0,0,7,0,0,0,0,4,22,5,0,0,0,0,0,0,0,0,0,0,0,0,0,0,0,0,0,0,0,0,0,0,0,0,0,0,0,0,0,0,0,0,0,0,0,0,0,0,0,0,0,0,0,0,0,0,0,0,0,0,0,0,0,0,0,0,0,0,0,0,0,0,0,0,0,0,0,0,0,0,7,4,2,4,10,12,1,22,2,1,2
2347.ps1,1,81,1,80.0,80,0,1,3,3,1,1,1,1,5,0,1,2,1,0,1,0,0,0,0,3,1,2,0,0,0,0,0,0,0,0,0,0,0,0,0,0,0,0,0,0,0,0,0,0,0,0,0,0,0,0,0,0,0,0,0,0,0,0,0,0,0,0,0,0,0,0,0,0,0,0,0,0,0,0,0,0,0,0,0,0,0,0,0,0,0,0,0,0,0,0,0,0,0,2,2,0,3,5,0,1,0,0,1
234.ps1,1,2338,1,2337.0,2337,0,22,15,15,9,9,3,3,7,327,3,9,0,0,7,0,0,0,0,5,22,5,0,0,0,0,0,0,0,0,0,0,0,0,0,0,0,0,0,0,0,0,0,0,0,0,0,0,0,0,0,0,0,0,0,0,0,0,0,0,0,0,0,0,0,0,0,0,0,0,0,0,0,0,0,0,0,0,0,0,0,0,0,0,0,0,0,0,0,0,0,0,7,4,2,4,10,12,1,22,2,1,2
2334.ps1,1,2343,1,2342.0,2342,0,22,15,15,9,9,3,3,7,327,3,9,0,0,7,0,0,0,0,5,20,5,0,0,0,0,0,0,0,0,0,0,0,0,0,0,0,0,0,0,0,0,0,0,0,0,0,0,0,0,0,0,0,0,0,0,0,0,0,0,0,0,0,0,0,0,0,0,0,0,0,0,0,0,0,0,0,0,0,0,0,0,0,0,0,0,0,0,0,0,0,0,7,4,2,4,10,12,1,22,2,1,2
2338.ps1,1,2905,1,2904.0,2904,0,33,18,18,12,12,5,5,12,387,4,11,0,0,11,0,0,0,2,2,31,11,0,0,0,0,0,0,0,0,0,0,0,0,0,0,0,0,0,0,0,0,0,0,0,0,0,0,0,0,0,0,0,0,0,0,0,0,0,0,0,0,0,0,0,0,0,0,0,0,0,0,0,1,0,0,0,0,0,0,0,0,0,0,0,0,0,0,0,0,0,0,4,2,2,2,3,9,3,11,0,0,0
2346.ps1,1,2526,1,2525.0,2525,0,22,15,15,9,9,3,3,7,364,3,9,0,0,7,0,0,0,0,4,22,5,0,0,0,0,0,0,0,0,0,0,0,0,0,0,0,0,0,0,0,0,0,0,0,0,0,0,0,0,0,0,0,0,0,0,0,0,0,0,0,0,0,0,0,0,0,0,0,0,0,0,0,0,0,0,0,0,0,0,0,0,0,0,0,0,0,0,0,0,0,0,7,4,2,4,10,12,1,22,2,1,2
2343.ps1,1,2283,1,2282.0,2282,0,22,15,15,9,9,3,3,7,318,3,9,0,0,7,0,0,0,0,5,22,5,0,0,0,0,0,0,0,0,0,0,0,0,0,0,0,0,0,0,0,0,0,0,0,0,0,0,0,0,0,0,0,0,0,0,0,0,0,0,0,0,0,0,0,0,0,0,0,0,0,0,0,0,0,0,0,0,0,0,0,0,0,0,0,0,0,0,0,0,0,0,7,4,2,4,10,12,1,22,2,1,2
2333.ps1,1,139,1,138.0,138,1,0,2,2,0,0,0,0,8,1,0,2,0,4,0,0,0,0,0,4,0,3,0,0,0,0,0,0,0,0,0,0,0,0,0,0,0,0,0,0,0,0,0,0,0,0,0,0,0,0,0,0,0,0,0,0,0,0,0,0,0,0,0,0,0,0,0,0,0,0,0,0,0,0,0,0,0,0,0,0,0,0,0,0,0,0,0,1,1,0,1,0,0,0,2,1,3,7,0,0,0,0,1
2369.ps1,1,155,1,154.0,154,1,0,2,2,0,0,0,0,7,1,0,3,0,6,0,0,0,0,0,5,0,3,0,0,0,0,0,0,0,0,0,0,0,0,0,0,0,0,0,0,0,0,0,0,0,0,0,0,0,0,0,0,0,0,0,0,0,0,0,0,0,0,0,0,0,0,0,0,0,0,0,0,0,0,0,0,0,0,0,0,0,0,0,0,0,0,0,1,1,0,1,0,0,0,2,1,3,7,0,0,0,0,1
2350.ps1,1,2452,1,2451.0,2451,0,22,15,15,9,9,3,3,7,352,3,9,0,0,7,0,0,0,0,4,22,5,0,0,0,0,0,0,0,0,0,0,0,0,0,0,0,0,0,0,0,0,0,0,0,0,0,0,0,0,0,0,0,0,0,0,0,0,0,0,0,0,0,0,0,0,0,0,0,0,0,0,0,0,0,0,0,0,0,0,0,0,0,0,0,0,0,0,0,0,0,0,7,4,2,4,10,12,1,22,2,1,2
2357.ps1,1,2252,1,2251.0,2251,0,22,15,15,9,9,3,3,7,309,3,9,0,0,7,0,0,0,0,4,22,5,0,0,0,0,0,0,0,0,0,0,0,0,0,0,0,0,0,0,0,0,0,0,0,0,0,0,0,0,0,0,0,0,0,0,0,0,0,0,0,0,0,0,0,0,0,0,0,0,0,0,0,0,0,0,0,0,0,0,0,0,0,0,0,0,0,0,0,0,0,0,7,4,2,4,10,12,1,22,2,1,2
2381.ps1,1,429,1,428.0,428,1,7,3,3,4,4,0,0,22,1,1,2,0,5,6,0,0,0,0,3,7,3,0,0,0,0,0,0,0,0,0,0,0,0,0,0,0,0,0,0,0,0,0,0,0,0,0,0,0,0,0,0,0,0,0,0,0,0,0,0,0,0,0,0,0,0,0,0,0,0,0,0,0,0,0,0,0,0,0,0,0,0,0,0,0,0,0,1,1,1,0,0,5,1,1,2,3,15,4,7,0,0,0
2349.ps1,1,2661,1,2660.0,2660,0,22,15,15,9,9,3,3,7,392,3,9,0,0,7,0,0,0,0,3,22,5,0,0,0,0,0,0,0,0,0,0,0,0,0,0,0,0,0,0,0,0,0,0,0,0,0,0,0,0,0,0,0,0,0,0,0,0,0,0,0,0,0,0,0,0,0,0,0,0,0,0,0,0,0,0,0,0,0,0,0,0,0,0,0,0,0,0,0,0,0,0,7,4,2,4,10,12,1,22,2,1,2
2353.ps1,1,2237,1,2236.0,2236,0,22,15,15,9,9,3,3,7,309,3,9,0,0,7,0,0,0,0,4,22,5,0,0,0,0,0,0,0,0,0,0,0,0,0,0,0,0,0,0,0,0,0,0,0,0,0,0,0,0,0,0,0,0,0,0,0,0,0,0,0,0,0,0,0,0,0,0,0,0,0,0,0,0,0,0,0,0,0,0,0,0,0,0,0,0,0,0,0,0,0,0,7,4,2,4,10,12,1,22,2,1,2
2365.ps1,1,2451,1,2450.0,2450,0,22,15,15,9,9,3,3,7,352,3,9,0,0,7,0,0,0,0,3,22,5,0,0,0,0,0,0,0,0,0,0,0,0,0,0,0,0,0,0,0,0,0,0,0,0,0,0,0,0,0,0,0,0,0,0,0,0,0,0,0,0,0,0,0,0,0,0,0,0,0,0,0,0,0,0,0,0,0,0,0,0,0,0,0,0,0,0,0,0,0,0,7,4,2,4,10,12,1,22,2,1,2
2351.ps1,1,2338,1,2337.0,2337,0,18,8,8,4,4,2,2,20,2,34,8,0,19,12,0,0,0,0,2,18,6,0,0,0,0,0,0,0,0,0,0,0,0,0,0,0,0,0,0,0,0,0,0,0,0,0,0,0,0,0,0,0,0,1,0,0,0,0,0,0,0,0,0,0,0,0,0,0,0,1,0,0,0,0,1,0,0,2,1,0,0,0,1,0,0,0,0,0,0,0,3,10,2,1,1,2,14,2,16,0,0,0
2371.ps1,1,143,1,142.0,142,1,0,2,2,0,0,0,0,8,1,0,2,0,4,0,0,0,0,0,4,0,3,0,0,0,0,0,0,0,0,0,0,0,0,0,0,0,0,0,0,0,0,0,0,0,0,0,0,0,0,0,0,0,0,0,0,0,0,0,0,0,0,0,0,0,0,0,0,0,0,0,0,0,0,0,0,0,0,0,0,0,0,0,0,0,0,0,1,1,0,1,0,0,0,2,1,3,7,0,0,0,0,1
2364.ps1,1,2328,1,2327.0,2327,0,22,15,15,9,9,3,3,7,327,3,9,0,0,7,0,0,0,0,5,22,5,0,0,0,0,0,0,0,0,0,0,0,0,0,0,0,0,0,0,0,0,0,0,0,0,0,0,0,0,0,0,0,0,0,0,0,0,0,0,0,0,0,0,0,0,0,0,0,0,0,0,0,0,0,0,0,0,0,0,0,0,0,0,0,0,0,0,0,0,0,0,7,4,2,4,10,12,1,22,2,1,2
2383.ps1,1,2246,1,2245.0,2245,0,22,15,15,9,9,3,3,7,309,3,9,0,0,7,0,0,0,0,3,22,5,0,0,0,0,0,0,0,0,0,0,0,0,0,0,0,0,0,0,0,0,0,0,0,0,0,0,0,0,0,0,0,0,0,0,0,0,0,0,0,0,0,0,0,0,0,0,0,0,0,0,0,0,0,0,0,0,0,0,0,0,0,0,0,0,0,0,0,0,0,0,7,4,2,4,10,12,1,22,2,1,2
240.ps1,1,2466,1,2465.0,2465,0,22,15,15,9,9,3,3,7,352,3,9,0,0,7,0,0,0,0,5,22,5,0,0,0,0,0,0,0,0,0,0,0,0,0,0,0,0,0,0,0,0,0,0,0,0,0,0,0,0,0,0,0,0,0,0,0,0,0,0,0,0,0,0,0,0,0,0,0,0,0,0,0,0,0,0,0,0,0,0,0,0,0,0,0,0,0,0,0,0,0,0,7,4,2,4,10,12,1,22,2,1,2
2388.ps1,1,2522,1,2521.0,2521,0,22,15,15,9,9,3,3,7,363,3,9,0,0,7,0,0,0,0,5,22,5,0,0,0,0,0,0,0,0,0,0,0,0,0,0,0,0,0,0,0,0,0,0,0,0,0,0,0,0,0,0,0,0,0,0,0,0,0,0,0,0,0,0,0,0,0,0,0,0,0,0,0,0,0,0,0,0,0,0,0,0,0,0,0,0,0,0,0,0,0,0,7,4,2,4,10,12,1,22,2,1,2
2362.ps1,1,2251,1,2250.0,2250,0,22,15,15,9,9,3,3,7,309,3,9,0,0,7,0,0,0,0,4,22,5,0,0,0,0,0,0,0,0,0,0,0,0,0,0,0,0,0,0,0,0,0,0,0,0,0,0,0,0,0,0,0,0,0,0,0,0,0,0,0,0,0,0,0,0,0,0,0,0,0,0,0,0,0,0,0,0,0,0,0,0,0,0,0,0,0,0,0,0,0,0,7,4,2,4,10,12,1,22,2,1,2
2386.ps1,1,2247,1,2246.0,2246,0,22,15,15,9,9,3,3,7,309,3,9,0,0,7,0,0,0,0,4,20,5,0,0,0,0,0,0,0,0,0,0,0,0,0,0,0,0,0,0,0,0,0,0,0,0,0,0,0,0,0,0,0,0,0,0,0,0,0,0,0,0,0,0,0,0,0,0,0,0,0,0,0,0,0,0,0,0,0,0,0,0,0,0,0,0,0,0,0,0,0,0,7,4,2,4,10,12,1,22,2,1,2
2380.ps1,1,2451,1,2450.0,2450,0,22,15,15,9,9,3,3,7,352,3,9,0,0,7,0,0,0,0,3,22,5,0,0,0,0,0,0,0,0,0,0,0,0,0,0,0,0,0,0,0,0,0,0,0,0,0,0,0,0,0,0,0,0,0,0,0,0,0,0,0,0,0,0,0,0,0,0,0,0,0,0,0,0,0,0,0,0,0,0,0,0,0,0,0,0,0,0,0,0,0,0,7,4,2,4,10,12,1,22,2,1,2
2378.ps1,1,2251,1,2250.0,2250,0,22,15,15,9,9,3,3,7,309,3,9,0,0,7,0,0,0,0,4,22,5,0,0,0,0,0,0,0,0,0,0,0,0,0,0,0,0,0,0,0,0,0,0,0,0,0,0,0,0,0,0,0,0,0,0,0,0,0,0,0,0,0,0,0,0,0,0,0,0,0,0,0,0,0,0,0,0,0,0,0,0,0,0,0,0,0,0,0,0,0,0,7,4,2,4,10,12,1,22,2,1,2
2405.ps1,1,2327,1,2326.0,2326,0,22,15,15,9,9,3,3,7,327,3,9,0,0,7,0,0,0,0,4,22,5,0,0,0,0,0,0,0,0,0,0,0,0,0,0,0,0,0,0,0,0,0,0,0,0,0,0,0,0,0,0,0,0,0,0,0,0,0,0,0,0,0,0,0,0,0,0,0,0,0,0,0,0,0,0,0,0,0,0,0,0,0,0,0,0,0,0,0,0,0,0,7,4,2,4,10,12,1,22,2,1,2
2418.ps1,1,2249,1,2248.0,2248,0,22,15,15,9,9,3,3,7,309,3,9,0,0,7,0,0,0,0,4,22,5,0,0,0,0,0,0,0,0,0,0,0,0,0,0,0,0,0,0,0,0,0,0,0,0,0,0,0,0,0,0,0,0,0,0,0,0,0,0,0,0,0,0,0,0,0,0,0,0,0,0,0,0,0,0,0,0,0,0,0,0,0,0,0,0,0,0,0,0,0,0,7,4,2,4,10,12,1,22,2,1,2
2407.ps1,1,2238,1,2237.0,2237,0,22,15,15,9,9,3,3,7,309,3,9,0,0,7,0,0,0,0,5,22,5,0,0,0,0,0,0,0,0,0,0,0,0,0,0,0,0,0,0,0,0,0,0,0,0,0,0,0,0,0,0,0,0,0,0,0,0,0,0,0,0,0,0,0,0,0,0,0,0,0,0,0,0,0,0,0,0,0,0,0,0,0,0,0,0,0,0,0,0,0,0,7,4,2,4,10,12,1,22,2,1,2
239.ps1,1,2253,1,2252.0,2252,0,22,15,15,9,9,3,3,7,309,3,9,0,0,7,0,0,0,0,5,19,5,0,0,0,0,0,0,0,0,0,0,0,0,0,0,0,0,0,0,0,0,0,0,0,0,0,0,0,0,0,0,0,0,0,0,0,0,0,0,0,0,0,0,0,0,0,0,0,0,0,0,0,0,0,0,0,0,0,0,0,0,0,0,0,0,0,0,0,0,0,0,7,4,2,4,10,12,1,22,2,1,2
2399.ps1,1,2339,1,2338.0,2338,0,22,15,15,9,9,3,3,7,327,3,9,0,0,7,0,0,0,0,3,19,5,0,0,0,0,0,0,0,0,0,0,0,0,0,0,0,0,0,0,0,0,0,0,0,0,0,0,0,0,0,0,0,0,0,0,0,0,0,0,0,0,0,0,0,0,0,0,0,0,0,0,0,0,0,0,0,0,0,0,0,0,0,0,0,0,0,0,0,0,0,0,7,4,2,4,10,12,1,22,2,1,2
2411.ps1,1,2331,1,2330.0,2330,0,18,8,8,4,4,2,2,20,2,28,8,0,20,13,0,0,0,0,3,18,6,0,0,0,0,0,0,0,0,0,0,0,0,0,0,0,0,0,0,0,0,0,0,0,0,0,0,0,0,0,0,0,0,1,0,0,0,0,0,0,0,0,0,0,0,0,0,0,0,1,0,0,0,0,1,0,0,2,1,0,0,0,1,0,0,0,0,0,0,0,3,10,2,1,1,2,14,2,16,0,0,0
2422.ps1,1,2452,1,2451.0,2451,0,22,15,15,9,9,3,3,7,352,3,9,0,0,7,0,0,0,0,4,22,5,0,0,0,0,0,0,0,0,0,0,0,0,0,0,0,0,0,0,0,0,0,0,0,0,0,0,0,0,0,0,0,0,0,0,0,0,0,0,0,0,0,0,0,0,0,0,0,0,0,0,0,0,0,0,0,0,0,0,0,0,0,0,0,0,0,0,0,0,0,0,7,4,2,4,10,12,1,22,2,1,2
2395.ps1,1,2238,1,2237.0,2237,0,22,15,15,9,9,3,3,7,309,3,9,0,0,7,0,0,0,0,5,22,5,0,0,0,0,0,0,0,0,0,0,0,0,0,0,0,0,0,0,0,0,0,0,0,0,0,0,0,0,0,0,0,0,0,0,0,0,0,0,0,0,0,0,0,0,0,0,0,0,0,0,0,0,0,0,0,0,0,0,0,0,0,0,0,0,0,0,0,0,0,0,7,4,2,4,10,12,1,22,2,1,2
2412.ps1,1,2236,1,2235.0,2235,0,22,15,15,9,9,3,3,7,309,3,9,0,0,7,0,0,0,0,3,22,5,0,0,0,0,0,0,0,0,0,0,0,0,0,0,0,0,0,0,0,0,0,0,0,0,0,0,0,0,0,0,0,0,0,0,0,0,0,0,0,0,0,0,0,0,0,0,0,0,0,0,0,0,0,0,0,0,0,0,0,0,0,0,0,0,0,0,0,0,0,0,7,4,2,4,10,12,1,22,2,1,2
2423.ps1,1,2452,1,2451.0,2451,0,22,15,15,9,9,3,3,7,352,3,9,0,0,7,0,0,0,0,4,22,5,0,0,0,0,0,0,0,0,0,0,0,0,0,0,0,0,0,0,0,0,0,0,0,0,0,0,0,0,0,0,0,0,0,0,0,0,0,0,0,0,0,0,0,0,0,0,0,0,0,0,0,0,0,0,0,0,0,0,0,0,0,0,0,0,0,0,0,0,0,0,7,4,2,4,10,12,1,22,2,1,2
241.ps1,1,2342,1,2341.0,2341,0,22,15,15,9,9,3,3,7,327,3,9,0,0,7,0,0,0,0,4,22,5,0,0,0,0,0,0,0,0,0,0,0,0,0,0,0,0,0,0,0,0,0,0,0,0,0,0,0,0,0,0,0,0,0,0,0,0,0,0,0,0,0,0,0,0,0,0,0,0,0,0,0,0,0,0,0,0,0,0,0,0,0,0,0,0,0,0,0,0,0,0,7,4,2,4,10,12,1,22,2,1,2
2433.ps1,1,2343,1,2342.0,2342,0,22,15,15,9,9,3,3,7,327,3,9,0,0,7,0,0,0,0,5,22,5,0,0,0,0,0,0,0,0,0,0,0,0,0,0,0,0,0,0,0,0,0,0,0,0,0,0,0,0,0,0,0,0,0,0,0,0,0,0,0,0,0,0,0,0,0,0,0,0,0,0,0,0,0,0,0,0,0,0,0,0,0,0,0,0,0,0,0,0,0,0,7,4,2,4,10,12,1,22,2,1,2
244.ps1,1,2251,1,2250.0,2250,0,22,15,15,9,9,3,3,7,309,3,9,0,0,7,0,0,0,0,4,22,5,0,0,0,0,0,0,0,0,0,0,0,0,0,0,0,0,0,0,0,0,0,0,0,0,0,0,0,0,0,0,0,0,0,0,0,0,0,0,0,0,0,0,0,0,0,0,0,0,0,0,0,0,0,0,0,0,0,0,0,0,0,0,0,0,0,0,0,0,0,0,7,4,2,4,10,12,1,22,2,1,2
2438.ps1,1,146,1,145.0,145,1,2,3,3,0,0,0,0,8,1,0,2,0,3,0,0,0,0,0,5,2,3,0,0,0,0,0,0,0,0,0,0,0,0,0,0,0,0,0,0,0,0,0,0,0,0,0,0,0,0,0,0,0,0,0,0,0,0,0,0,0,0,0,0,0,0,0,0,0,0,0,0,0,0,0,0,0,0,0,0,0,0,0,0,0,0,0,1,1,0,1,0,0,0,2,1,4,5,0,2,0,0,2
2432.ps1,1,2330,1,2329.0,2329,0,18,8,8,4,4,2,2,20,2,27,8,0,27,11,0,0,0,0,2,18,6,0,0,0,0,0,0,0,0,0,0,0,0,0,0,0,0,0,0,0,0,0,0,0,0,0,0,0,0,0,0,0,0,1,0,0,0,0,0,0,0,0,0,0,0,0,0,0,0,1,0,0,0,0,1,0,0,2,1,0,0,0,1,0,0,0,0,0,0,0,3,10,2,1,1,2,14,2,16,0,0,0
2440.ps1,1,132,1,131.0,131,1,0,2,2,0,0,0,0,8,1,0,2,0,3,0,0,0,0,0,6,0,3,0,0,0,0,0,0,0,0,0,0,0,0,0,0,0,0,0,0,0,0,0,0,0,0,0,0,0,0,0,0,0,0,0,0,0,0,0,0,0,0,0,0,0,0,0,0,0,0,0,0,0,0,0,0,0,0,0,0,0,0,0,0,0,0,0,1,1,0,1,0,0,0,2,1,3,7,0,0,0,0,1
2452.ps1,1,2237,1,2236.0,2236,0,22,15,15,9,9,3,3,7,309,3,9,0,0,7,0,0,0,0,4,22,5,0,0,0,0,0,0,0,0,0,0,0,0,0,0,0,0,0,0,0,0,0,0,0,0,0,0,0,0,0,0,0,0,0,0,0,0,0,0,0,0,0,0,0,0,0,0,0,0,0,0,0,0,0,0,0,0,0,0,0,0,0,0,0,0,0,0,0,0,0,0,7,4,2,4,10,12,1,22,2,1,2
2439.ps1,1,2341,1,2340.0,2340,0,22,15,15,9,9,3,3,7,327,3,9,0,0,7,0,0,0,0,5,22,5,0,0,0,0,0,0,0,0,0,0,0,0,0,0,0,0,0,0,0,0,0,0,0,0,0,0,0,0,0,0,0,0,0,0,0,0,0,0,0,0,0,0,0,0,0,0,0,0,0,0,0,0,0,0,0,0,0,0,0,0,0,0,0,0,0,0,0,0,0,0,7,4,2,4,10,12,1,22,2,1,2
2429.ps1,1,2452,1,2451.0,2451,0,22,15,15,9,9,3,3,7,352,3,9,0,0,7,0,0,0,0,4,22,5,0,0,0,0,0,0,0,0,0,0,0,0,0,0,0,0,0,0,0,0,0,0,0,0,0,0,0,0,0,0,0,0,0,0,0,0,0,0,0,0,0,0,0,0,0,0,0,0,0,0,0,0,0,0,0,0,0,0,0,0,0,0,0,0,0,0,0,0,0,0,7,4,2,4,10,12,1,22,2,1,2
2450.ps1,1,2237,1,2236.0,2236,0,22,15,15,9,9,3,3,7,309,3,9,0,0,7,0,0,0,0,4,22,5,0,0,0,0,0,0,0,0,0,0,0,0,0,0,0,0,0,0,0,0,0,0,0,0,0,0,0,0,0,0,0,0,0,0,0,0,0,0,0,0,0,0,0,0,0,0,0,0,0,0,0,0,0,0,0,0,0,0,0,0,0,0,0,0,0,0,0,0,0,0,7,4,2,4,10,12,1,22,2,1,2
2445.ps1,1,2328,1,2327.0,2327,0,22,15,15,9,9,3,3,7,327,3,9,0,0,7,0,0,0,0,5,22,5,0,0,0,0,0,0,0,0,0,0,0,0,0,0,0,0,0,0,0,0,0,0,0,0,0,0,0,0,0,0,0,0,0,0,0,0,0,0,0,0,0,0,0,0,0,0,0,0,0,0,0,0,0,0,0,0,0,0,0,0,0,0,0,0,0,0,0,0,0,0,7,4,2,4,10,12,1,22,2,1,2
2462.ps1,1,2306,1,2305.0,2305,0,18,8,8,4,4,2,2,20,2,40,8,0,19,12,0,0,0,0,2,18,6,0,0,0,0,0,0,0,0,0,0,0,0,0,0,0,0,0,0,0,0,0,0,0,0,0,0,0,0,0,0,0,0,1,0,0,0,0,0,0,0,0,0,0,0,0,0,0,0,1,0,0,0,0,1,0,0,2,1,0,0,0,2,0,0,0,0,0,0,0,3,10,2,1,1,2,14,2,16,0,0,0
2442.ps1,1,449,1,448.0,448,1,15,7,6,7,7,1,2,22,1,3,4,1,5,7,1,2,1,0,4,15,5,0,0,0,0,0,0,0,0,0,0,0,0,0,0,0,0,0,0,0,0,0,0,0,0,0,0,0,0,0,0,0,0,0,0,0,0,0,0,0,0,0,0,0,0,0,0,0,0,0,0,0,0,0,0,0,0,0,0,0,0,0,0,0,0,0,1,1,1,0,0,7,3,3,2,8,18,2,15,2,0,3
2470.ps1,1,2237,1,2236.0,2236,0,22,15,15,9,9,3,3,7,309,3,9,0,0,7,0,0,0,0,4,22,5,0,0,0,0,0,0,0,0,0,0,0,0,0,0,0,0,0,0,0,0,0,0,0,0,0,0,0,0,0,0,0,0,0,0,0,0,0,0,0,0,0,0,0,0,0,0,0,0,0,0,0,0,0,0,0,0,0,0,0,0,0,0,0,0,0,0,0,0,0,0,7,4,2,4,10,12,1,22,2,1,2
2477.ps1,1,137,1,136.0,136,1,4,3,3,0,0,0,0,6,1,1,2,0,3,1,0,0,0,0,6,4,2,0,0,0,0,0,0,0,0,0,0,0,0,0,0,0,0,0,0,0,0,0,0,0,0,0,0,0,0,0,0,0,0,0,0,0,0,0,0,0,0,0,0,0,0,0,0,0,0,0,0,0,0,0,0,0,0,0,0,0,0,0,0,0,0,0,1,1,0,1,0,1,1,2,1,4,6,0,4,0,0,2
2464.ps1,1,2336,1,2335.0,2335,0,22,15,15,9,9,3,3,7,327,3,9,0,0,7,0,0,0,0,3,20,5,0,0,0,0,0,0,0,0,0,0,0,0,0,0,0,0,0,0,0,0,0,0,0,0,0,0,0,0,0,0,0,0,0,0,0,0,0,0,0,0,0,0,0,0,0,0,0,0,0,0,0,0,0,0,0,0,0,0,0,0,0,0,0,0,0,0,0,0,0,0,7,4,2,4,10,12,1,22,2,1,2
2465.ps1,1,2339,1,2338.0,2338,0,22,15,15,9,9,3,3,7,327,3,9,0,0,7,0,0,0,0,4,22,5,0,0,0,0,0,0,0,0,0,0,0,0,0,0,0,0,0,0,0,0,0,0,0,0,0,0,0,0,0,0,0,0,0,0,0,0,0,0,0,0,0,0,0,0,0,0,0,0,0,0,0,0,0,0,0,0,0,0,0,0,0,0,0,0,0,0,0,0,0,0,7,4,2,4,10,12,1,22,2,1,2
2458.ps1,1,141,1,140.0,140,1,0,2,2,0,0,0,0,7,1,0,2,0,5,0,0,0,0,0,6,0,3,0,0,0,0,0,0,0,0,0,0,0,0,0,0,0,0,0,0,0,0,0,0,0,0,0,0,0,0,0,0,0,0,0,0,0,0,0,0,0,0,0,0,0,0,0,0,0,0,0,0,0,0,0,0,0,0,0,0,0,0,0,0,0,0,0,1,1,0,1,0,0,0,2,1,3,7,0,0,0,0,1
2461.ps1,1,2238,1,2237.0,2237,0,22,15,15,9,9,3,3,7,309,3,9,0,0,7,0,0,0,0,5,22,5,0,0,0,0,0,0,0,0,0,0,0,0,0,0,0,0,0,0,0,0,0,0,0,0,0,0,0,0,0,0,0,0,0,0,0,0,0,0,0,0,0,0,0,0,0,0,0,0,0,0,0,0,0,0,0,0,0,0,0,0,0,0,0,0,0,0,0,0,0,0,7,4,2,4,10,12,1,22,2,1,2
2498.ps1,1,2237,1,2236.0,2236,0,22,15,15,9,9,3,3,7,309,3,9,0,0,7,0,0,0,0,4,22,5,0,0,0,0,0,0,0,0,0,0,0,0,0,0,0,0,0,0,0,0,0,0,0,0,0,0,0,0,0,0,0,0,0,0,0,0,0,0,0,0,0,0,0,0,0,0,0,0,0,0,0,0,0,0,0,0,0,0,0,0,0,0,0,0,0,0,0,0,0,0,7,4,2,4,10,12,1,22,2,1,2
2481.ps1,1,2530,1,2529.0,2529,0,34,18,18,12,12,5,5,12,309,4,16,0,0,12,0,0,0,2,2,32,12,0,0,0,0,0,0,0,0,0,0,0,0,0,0,0,0,0,0,0,0,0,0,0,0,0,0,0,0,0,0,0,0,0,0,0,0,0,0,0,0,0,0,0,0,0,0,0,0,0,0,0,1,0,0,0,0,0,0,0,0,0,0,0,0,0,0,0,0,0,0,5,2,2,2,3,10,3,12,0,0,0
2496.ps1,1,2453,1,2452.0,2452,0,22,15,15,9,9,3,3,7,352,3,9,0,0,7,0,0,0,0,5,22,5,0,0,0,0,0,0,0,0,0,0,0,0,0,0,0,0,0,0,0,0,0,0,0,0,0,0,0,0,0,0,0,0,0,0,0,0,0,0,0,0,0,0,0,0,0,0,0,0,0,0,0,0,0,0,0,0,0,0,0,0,0,0,0,0,0,0,0,0,0,0,7,4,2,4,10,12,1,22,2,1,2
2487.ps1,1,2452,1,2451.0,2451,0,22,15,15,9,9,3,3,7,352,3,9,0,0,7,0,0,0,0,4,22,5,0,0,0,0,0,0,0,0,0,0,0,0,0,0,0,0,0,0,0,0,0,0,0,0,0,0,0,0,0,0,0,0,0,0,0,0,0,0,0,0,0,0,0,0,0,0,0,0,0,0,0,0,0,0,0,0,0,0,0,0,0,0,0,0,0,0,0,0,0,0,7,4,2,4,10,12,1,22,2,1,2
2478.ps1,1,2191,1,2190.0,2190,0,22,15,15,9,9,3,3,7,300,3,9,0,0,7,0,0,0,0,3,22,5,0,0,0,0,0,0,0,0,0,0,0,0,0,0,0,0,0,0,0,0,0,0,0,0,0,0,0,0,0,0,0,0,0,0,0,0,0,0,0,0,0,0,0,0,0,0,0,0,0,0,0,0,0,0,0,0,0,0,0,0,0,0,0,0,0,0,0,0,0,0,7,4,2,4,10,12,1,22,2,1,2
2505.ps1,1,2339,1,2338.0,2338,0,22,15,15,9,9,3,3,7,327,3,9,0,0,7,0,0,0,0,4,20,5,0,0,0,0,0,0,0,0,0,0,0,0,0,0,0,0,0,0,0,0,0,0,0,0,0,0,0,0,0,0,0,0,0,0,0,0,0,0,0,0,0,0,0,0,0,0,0,0,0,0,0,0,0,0,0,0,0,0,0,0,0,0,0,0,0,0,0,0,0,0,7,4,2,4,10,12,1,22,2,1,2
2511.ps1,1,2237,1,2236.0,2236,0,22,15,15,9,9,3,3,7,309,3,9,0,0,7,0,0,0,0,4,22,5,0,0,0,0,0,0,0,0,0,0,0,0,0,0,0,0,0,0,0,0,0,0,0,0,0,0,0,0,0,0,0,0,0,0,0,0,0,0,0,0,0,0,0,0,0,0,0,0,0,0,0,0,0,0,0,0,0,0,0,0,0,0,0,0,0,0,0,0,0,0,7,4,2,4,10,12,1,22,2,1,2
2490.ps1,1,2338,1,2337.0,2337,0,22,15,15,9,9,3,3,7,327,3,9,0,0,7,0,0,0,0,3,22,5,0,0,0,0,0,0,0,0,0,0,0,0,0,0,0,0,0,0,0,0,0,0,0,0,0,0,0,0,0,0,0,0,0,0,0,0,0,0,0,0,0,0,0,0,0,0,0,0,0,0,0,0,0,0,0,0,0,0,0,0,0,0,0,0,0,0,0,0,0,0,7,4,2,4,10,12,1,22,2,1,2
2514.ps1,1,2339,1,2338.0,2338,0,22,15,15,9,9,3,3,7,327,3,9,0,0,7,0,0,0,0,4,22,5,0,0,0,0,0,0,0,0,0,0,0,0,0,0,0,0,0,0,0,0,0,0,0,0,0,0,0,0,0,0,0,0,0,0,0,0,0,0,0,0,0,0,0,0,0,0,0,0,0,0,0,0,0,0,0,0,0,0,0,0,0,0,0,0,0,0,0,0,0,0,7,4,2,4,10,12,1,22,2,1,2
251.ps1,1,2518,1,2517.0,2517,0,33,18,18,12,12,5,5,12,309,4,11,0,0,11,0,0,0,2,2,33,11,0,0,0,0,0,0,0,0,0,0,0,0,0,0,0,0,0,0,0,0,0,0,0,0,0,0,0,0,0,0,0,0,0,0,0,0,0,0,0,0,0,0,0,0,0,0,0,0,0,0,0,1,0,0,0,0,0,0,0,0,0,0,0,0,0,0,0,0,0,0,4,2,2,2,3,9,3,11,0,0,0
25.ps1,1,2326,1,2325.0,2325,0,18,8,8,4,4,2,2,20,2,34,8,0,25,13,0,0,0,0,2,18,6,0,0,0,0,0,0,0,0,0,0,0,0,0,0,0,0,0,0,0,0,0,0,0,0,0,0,0,0,0,0,0,0,1,0,0,0,0,0,0,0,0,0,0,0,0,0,0,0,1,0,0,0,0,1,0,0,2,1,0,0,0,1,0,0,0,0,0,0,0,3,10,2,1,1,2,14,2,16,0,0,0
2530.ps1,1,126,1,125.0,125,1,0,2,2,0,0,0,0,8,1,0,2,0,4,0,0,0,0,0,5,0,3,0,0,0,0,0,0,0,0,0,0,0,0,0,0,0,0,0,0,0,0,0,0,0,0,0,0,0,0,0,0,0,0,0,0,0,0,0,0,0,0,0,0,0,0,0,0,0,0,0,0,0,0,0,0,0,0,0,0,0,0,0,0,0,0,0,1,1,0,1,0,0,0,2,1,3,7,0,0,0,0,1
253.ps1,1,2282,1,2281.0,2281,0,22,15,15,9,9,3,3,7,318,3,9,0,0,7,0,0,0,0,4,22,5,0,0,0,0,0,0,0,0,0,0,0,0,0,0,0,0,0,0,0,0,0,0,0,0,0,0,0,0,0,0,0,0,0,0,0,0,0,0,0,0,0,0,0,0,0,0,0,0,0,0,0,0,0,0,0,0,0,0,0,0,0,0,0,0,0,0,0,0,0,0,7,4,2,4,10,12,1,22,2,1,2
2527.ps1,1,160,1,159.0,159,1,2,3,3,0,0,0,0,9,1,0,2,0,3,0,0,0,0,0,6,2,3,0,0,0,0,0,0,0,0,0,0,0,0,0,0,0,0,0,0,0,0,0,0,0,0,0,0,0,0,0,0,0,0,0,0,0,0,0,0,0,0,0,0,0,0,0,0,0,0,0,0,0,0,0,0,0,0,0,0,0,0,0,0,0,0,0,1,1,0,1,0,0,0,2,1,4,5,0,2,0,0,2
252.ps1,1,146,1,145.0,145,1,2,3,3,0,0,0,0,8,1,0,2,0,3,0,0,0,0,0,5,2,3,0,0,0,0,0,0,0,0,0,0,0,0,0,0,0,0,0,0,0,0,0,0,0,0,0,0,0,0,0,0,0,0,0,0,0,0,0,0,0,0,0,0,0,0,0,0,0,0,0,0,0,0,0,0,0,0,0,0,0,0,0,0,0,0,0,1,1,0,1,0,0,0,2,1,4,5,0,2,0,0,2
2519.ps1,1,2697,1,2696.0,2696,0,22,15,15,9,9,3,3,7,398,3,9,0,0,7,0,0,0,0,4,22,5,0,0,0,0,0,0,0,0,0,0,0,0,0,0,0,0,0,0,0,0,0,0,0,0,0,0,0,0,0,0,0,0,0,0,0,0,0,0,0,0,0,0,0,0,0,0,0,0,0,0,0,0,0,0,0,0,0,0,0,0,0,0,0,0,0,0,0,0,0,0,7,4,2,4,10,12,1,22,2,1,2
2532.ps1,1,2327,1,2326.0,2326,0,22,15,15,9,9,3,3,7,327,3,9,0,0,7,0,0,0,0,4,22,5,0,0,0,0,0,0,0,0,0,0,0,0,0,0,0,0,0,0,0,0,0,0,0,0,0,0,0,0,0,0,0,0,0,0,0,0,0,0,0,0,0,0,0,0,0,0,0,0,0,0,0,0,0,0,0,0,0,0,0,0,0,0,0,0,0,0,0,0,0,0,7,4,2,4,10,12,1,22,2,1,2
2535.ps1,1,86,1,85.0,85,0,1,3,3,1,1,1,1,6,0,1,2,1,0,1,0,0,0,0,2,1,2,0,0,0,0,0,0,0,0,0,0,0,0,0,0,0,0,0,0,0,0,0,0,0,0,0,0,0,0,0,0,0,0,0,0,0,0,0,0,0,0,0,0,0,0,0,0,0,0,0,0,0,0,0,0,0,0,0,0,0,0,0,0,0,0,0,0,0,0,0,0,0,2,2,0,3,5,0,1,0,0,1
254.ps1,1,143,1,142.0,142,1,2,3,3,0,0,0,0,8,1,0,2,0,3,0,0,0,0,0,4,2,3,0,0,0,0,0,0,0,0,0,0,0,0,0,0,0,0,0,0,0,0,0,0,0,0,0,0,0,0,0,0,0,0,0,0,0,0,0,0,0,0,0,0,0,0,0,0,0,0,0,0,0,0,0,0,0,0,0,0,0,0,0,0,0,0,0,1,1,0,1,0,0,0,2,1,4,5,0,2,0,0,2
2543.ps1,1,2238,1,2237.0,2237,0,22,15,15,9,9,3,3,7,309,3,9,0,0,7,0,0,0,0,5,22,5,0,0,0,0,0,0,0,0,0,0,0,0,0,0,0,0,0,0,0,0,0,0,0,0,0,0,0,0,0,0,0,0,0,0,0,0,0,0,0,0,0,0,0,0,0,0,0,0,0,0,0,0,0,0,0,0,0,0,0,0,0,0,0,0,0,0,0,0,0,0,7,4,2,4,10,12,1,22,2,1,2
2560.ps1,1,2453,1,2452.0,2452,0,22,15,15,9,9,3,3,7,352,3,9,0,0,7,0,0,0,0,5,22,5,0,0,0,0,0,0,0,0,0,0,0,0,0,0,0,0,0,0,0,0,0,0,0,0,0,0,0,0,0,0,0,0,0,0,0,0,0,0,0,0,0,0,0,0,0,0,0,0,0,0,0,0,0,0,0,0,0,0,0,0,0,0,0,0,0,0,0,0,0,0,7,4,2,4,10,12,1,22,2,1,2
255.ps1,1,2236,1,2235.0,2235,0,22,15,15,9,9,3,3,7,309,3,9,0,0,7,0,0,0,0,3,22,5,0,0,0,0,0,0,0,0,0,0,0,0,0,0,0,0,0,0,0,0,0,0,0,0,0,0,0,0,0,0,0,0,0,0,0,0,0,0,0,0,0,0,0,0,0,0,0,0,0,0,0,0,0,0,0,0,0,0,0,0,0,0,0,0,0,0,0,0,0,0,7,4,2,4,10,12,1,22,2,1,2
2541.ps1,1,2282,1,2281.0,2281,0,22,15,15,9,9,3,3,7,318,3,9,0,0,7,0,0,0,0,4,22,5,0,0,0,0,0,0,0,0,0,0,0,0,0,0,0,0,0,0,0,0,0,0,0,0,0,0,0,0,0,0,0,0,0,0,0,0,0,0,0,0,0,0,0,0,0,0,0,0,0,0,0,0,0,0,0,0,0,0,0,0,0,0,0,0,0,0,0,0,0,0,7,4,2,4,10,12,1,22,2,1,2
2552.ps1,1,2282,1,2281.0,2281,0,22,15,15,9,9,3,3,7,318,3,9,0,0,7,0,0,0,0,4,22,5,0,0,0,0,0,0,0,0,0,0,0,0,0,0,0,0,0,0,0,0,0,0,0,0,0,0,0,0,0,0,0,0,0,0,0,0,0,0,0,0,0,0,0,0,0,0,0,0,0,0,0,0,0,0,0,0,0,0,0,0,0,0,0,0,0,0,0,0,0,0,7,4,2,4,10,12,1,22,2,1,2
2562.ps1,1,2328,1,2327.0,2327,0,22,15,15,9,9,3,3,7,327,3,9,0,0,7,0,0,0,0,5,22,5,0,0,0,0,0,0,0,0,0,0,0,0,0,0,0,0,0,0,0,0,0,0,0,0,0,0,0,0,0,0,0,0,0,0,0,0,0,0,0,0,0,0,0,0,0,0,0,0,0,0,0,0,0,0,0,0,0,0,0,0,0,0,0,0,0,0,0,0,0,0,7,4,2,4,10,12,1,22,2,1,2
2567.ps1,1,2252,1,2251.0,2251,0,22,15,15,9,9,3,3,7,309,3,9,0,0,7,0,0,0,0,5,22,5,0,0,0,0,0,0,0,0,0,0,0,0,0,0,0,0,0,0,0,0,0,0,0,0,0,0,0,0,0,0,0,0,0,0,0,0,0,0,0,0,0,0,0,0,0,0,0,0,0,0,0,0,0,0,0,0,0,0,0,0,0,0,0,0,0,0,0,0,0,0,7,4,2,4,10,12,1,22,2,1,2
2565.ps1,1,455,1,454.0,454,1,15,6,6,7,7,1,1,20,1,2,4,0,5,7,0,2,0,0,3,15,5,0,0,0,0,0,0,0,0,0,0,0,0,0,0,0,0,0,0,0,0,0,0,0,0,0,0,0,0,0,0,0,0,0,0,0,0,0,0,0,0,0,0,0,0,0,0,0,0,0,0,0,0,0,0,0,0,0,0,0,0,0,0,0,0,0,1,1,1,0,0,7,3,3,2,8,18,2,15,2,0,3
2558.ps1,1,2606,1,2605.0,2605,0,33,18,18,12,12,5,5,12,327,4,11,0,0,11,0,0,0,2,2,33,11,0,0,0,0,0,0,0,0,0,0,0,0,0,0,0,0,0,0,0,0,0,0,0,0,0,0,0,0,0,0,0,0,0,0,0,0,0,0,0,0,0,0,0,0,0,0,0,0,0,0,0,1,0,0,0,0,0,0,0,0,0,0,0,0,0,0,0,0,0,0,4,2,2,2,3,9,3,11,0,0,0
2556.ps1,1,2250,1,2249.0,2249,0,22,15,15,9,9,3,3,7,309,3,9,0,0,7,0,0,0,0,4,22,5,0,0,0,0,0,0,0,0,0,0,0,0,0,0,0,0,0,0,0,0,0,0,0,0,0,0,0,0,0,0,0,0,0,0,0,0,0,0,0,0,0,0,0,0,0,0,0,0,0,0,0,0,0,0,0,0,0,0,0,0,0,0,0,0,0,0,0,0,0,0,7,4,2,4,10,12,1,22,2,1,2
2557.ps1,1,2282,1,2281.0,2281,0,22,15,15,9,9,3,3,7,318,3,9,0,0,7,0,0,0,0,4,22,5,0,0,0,0,0,0,0,0,0,0,0,0,0,0,0,0,0,0,0,0,0,0,0,0,0,0,0,0,0,0,0,0,0,0,0,0,0,0,0,0,0,0,0,0,0,0,0,0,0,0,0,0,0,0,0,0,0,0,0,0,0,0,0,0,0,0,0,0,0,0,7,4,2,4,10,12,1,22,2,1,2
2537.ps1,1,2251,1,2250.0,2250,0,22,15,15,9,9,3,3,7,309,3,9,0,0,7,0,0,0,0,3,17,5,0,0,0,0,0,0,0,0,0,0,0,0,0,0,0,0,0,0,0,0,0,0,0,0,0,0,0,0,0,0,0,0,0,0,0,0,0,0,0,0,0,0,0,0,0,0,0,0,0,0,0,0,0,0,0,0,0,0,0,0,0,0,0,0,0,0,0,0,0,0,7,4,2,4,10,12,1,22,2,1,2
2573.ps1,1,448,1,447.0,447,1,15,6,6,7,7,1,1,21,1,2,4,0,5,7,0,2,0,0,3,15,5,0,0,0,0,0,0,0,0,0,0,0,0,0,0,0,0,0,0,0,0,0,0,0,0,0,0,0,0,0,0,0,0,0,0,0,0,0,0,0,0,0,0,0,0,0,0,0,0,0,0,0,0,0,0,0,0,0,0,0,0,0,0,0,0,0,1,1,1,0,0,7,3,3,2,8,18,2,15,2,0,3
2575.ps1,1,2340,1,2339.0,2339,0,22,15,15,9,9,3,3,7,327,3,9,0,0,7,0,0,0,0,4,22,5,0,0,0,0,0,0,0,0,0,0,0,0,0,0,0,0,0,0,0,0,0,0,0,0,0,0,0,0,0,0,0,0,0,0,0,0,0,0,0,0,0,0,0,0,0,0,0,0,0,0,0,0,0,0,0,0,0,0,0,0,0,0,0,0,0,0,0,0,0,0,7,4,2,4,10,12,1,22,2,1,2
2593.ps1,1,2643,1,2642.0,2642,0,22,15,15,9,9,3,3,7,390,3,9,0,0,7,0,0,0,0,5,22,5,0,0,0,0,0,0,0,0,0,0,0,0,0,0,0,0,0,0,0,0,0,0,0,0,0,0,0,0,0,0,0,0,0,0,0,0,0,0,0,0,0,0,0,0,0,0,0,0,0,0,0,0,0,0,0,0,0,0,0,0,0,0,0,0,0,0,0,0,0,0,7,4,2,4,10,12,1,22,2,1,2
2579.ps1,1,2337,1,2336.0,2336,0,22,15,15,9,9,3,3,7,327,3,9,0,0,7,0,0,0,0,4,22,5,0,0,0,0,0,0,0,0,0,0,0,0,0,0,0,0,0,0,0,0,0,0,0,0,0,0,0,0,0,0,0,0,0,0,0,0,0,0,0,0,0,0,0,0,0,0,0,0,0,0,0,0,0,0,0,0,0,0,0,0,0,0,0,0,0,0,0,0,0,0,7,4,2,4,10,12,1,22,2,1,2
2580.ps1,1,2318,1,2317.0,2317,0,18,8,8,4,4,2,2,20,2,19,8,0,31,11,0,0,0,0,2,18,6,0,0,0,0,0,0,0,0,0,0,0,0,0,0,0,0,0,0,0,0,0,0,0,0,0,0,0,0,0,0,0,0,0,0,0,0,0,0,0,0,0,0,0,0,0,0,0,0,1,0,0,0,0,1,0,0,2,1,0,0,0,1,0,0,0,0,0,0,0,3,10,2,1,1,2,14,2,16,0,0,0
2592.ps1,1,2325,1,2324.0,2324,1,58,29,29,1,1,8,8,30,5,9,34,0,3,24,7,1,0,2,31,58,118,0,0,0,0,0,0,0,0,0,0,0,0,0,0,0,0,0,0,0,0,0,0,0,0,0,0,0,0,0,0,0,0,2,0,0,0,0,0,0,0,0,0,0,0,0,0,0,1,0,0,0,0,0,0,0,0,1,0,0,0,0,0,0,0,0,1,1,1,1,0,19,16,22,8,130,156,0,58,0,2,13
2602.ps1,1,153,1,152.0,152,1,4,3,3,0,0,0,0,7,1,1,2,0,5,1,0,0,0,0,6,4,2,0,0,0,0,0,0,0,0,0,0,0,0,0,0,0,0,0,0,0,0,0,0,0,0,0,0,0,0,0,0,0,0,0,0,0,0,0,0,0,0,0,0,0,0,0,0,0,0,0,0,0,0,0,0,0,0,0,0,0,0,0,0,0,0,0,1,1,0,1,0,1,1,2,1,4,6,0,4,0,0,2
2594.ps1,1,2453,1,2452.0,2452,0,22,15,15,9,9,3,3,7,352,3,9,0,0,7,0,0,0,0,5,22,5,0,0,0,0,0,0,0,0,0,0,0,0,0,0,0,0,0,0,0,0,0,0,0,0,0,0,0,0,0,0,0,0,0,0,0,0,0,0,0,0,0,0,0,0,0,0,0,0,0,0,0,0,0,0,0,0,0,0,0,0,0,0,0,0,0,0,0,0,0,0,7,4,2,4,10,12,1,22,2,1,2
2576.ps1,1,2282,1,2281.0,2281,0,22,15,15,9,9,3,3,7,318,3,9,0,0,7,0,0,0,0,4,22,5,0,0,0,0,0,0,0,0,0,0,0,0,0,0,0,0,0,0,0,0,0,0,0,0,0,0,0,0,0,0,0,0,0,0,0,0,0,0,0,0,0,0,0,0,0,0,0,0,0,0,0,0,0,0,0,0,0,0,0,0,0,0,0,0,0,0,0,0,0,0,7,4,2,4,10,12,1,22,2,1,2
2607.ps1,1,161,1,160.0,160,1,6,2,2,0,0,0,0,7,0,0,2,0,4,3,0,0,0,0,4,6,1,0,0,0,0,0,0,0,0,0,0,0,0,0,0,0,0,0,0,0,0,0,0,0,0,0,0,0,0,0,0,0,0,0,0,0,0,0,0,0,0,0,0,0,0,0,0,0,0,0,0,0,0,0,0,0,0,1,0,0,0,0,0,0,0,0,0,1,1,0,0,3,0,2,1,3,9,0,6,0,0,1
2610.ps1,1,2342,1,2341.0,2341,0,22,15,15,9,9,3,3,7,327,3,9,0,0,7,0,0,0,0,4,22,5,0,0,0,0,0,0,0,0,0,0,0,0,0,0,0,0,0,0,0,0,0,0,0,0,0,0,0,0,0,0,0,0,0,0,0,0,0,0,0,0,0,0,0,0,0,0,0,0,0,0,0,0,0,0,0,0,0,0,0,0,0,0,0,0,0,0,0,0,0,0,7,4,2,4,10,12,1,22,2,1,2
2603.ps1,1,2283,1,2282.0,2282,0,22,15,15,9,9,3,3,7,318,3,9,0,0,7,0,0,0,0,5,22,5,0,0,0,0,0,0,0,0,0,0,0,0,0,0,0,0,0,0,0,0,0,0,0,0,0,0,0,0,0,0,0,0,0,0,0,0,0,0,0,0,0,0,0,0,0,0,0,0,0,0,0,0,0,0,0,0,0,0,0,0,0,0,0,0,0,0,0,0,0,0,7,4,2,4,10,12,1,22,2,1,2
258.ps1,1,2237,1,2236.0,2236,0,22,15,15,9,9,3,3,7,309,3,9,0,0,7,0,0,0,0,4,22,5,0,0,0,0,0,0,0,0,0,0,0,0,0,0,0,0,0,0,0,0,0,0,0,0,0,0,0,0,0,0,0,0,0,0,0,0,0,0,0,0,0,0,0,0,0,0,0,0,0,0,0,0,0,0,0,0,0,0,0,0,0,0,0,0,0,0,0,0,0,0,7,4,2,4,10,12,1,22,2,1,2
2613.ps1,1,2251,1,2250.0,2250,0,22,15,15,9,9,3,3,7,309,3,9,0,0,7,0,0,0,0,4,22,5,0,0,0,0,0,0,0,0,0,0,0,0,0,0,0,0,0,0,0,0,0,0,0,0,0,0,0,0,0,0,0,0,0,0,0,0,0,0,0,0,0,0,0,0,0,0,0,0,0,0,0,0,0,0,0,0,0,0,0,0,0,0,0,0,0,0,0,0,0,0,7,4,2,4,10,12,1,22,2,1,2
2631.ps1,1,2236,1,2235.0,2235,0,22,15,15,9,9,3,3,7,309,3,9,0,0,7,0,0,0,0,3,22,5,0,0,0,0,0,0,0,0,0,0,0,0,0,0,0,0,0,0,0,0,0,0,0,0,0,0,0,0,0,0,0,0,0,0,0,0,0,0,0,0,0,0,0,0,0,0,0,0,0,0,0,0,0,0,0,0,0,0,0,0,0,0,0,0,0,0,0,0,0,0,7,4,2,4,10,12,1,22,2,1,2
2609.ps1,1,2251,1,2250.0,2250,0,22,15,15,9,9,3,3,7,309,3,9,0,0,7,0,0,0,0,4,22,5,0,0,0,0,0,0,0,0,0,0,0,0,0,0,0,0,0,0,0,0,0,0,0,0,0,0,0,0,0,0,0,0,0,0,0,0,0,0,0,0,0,0,0,0,0,0,0,0,0,0,0,0,0,0,0,0,0,0,0,0,0,0,0,0,0,0,0,0,0,0,7,4,2,4,10,12,1,22,2,1,2
2625.ps1,1,162,1,161.0,161,1,2,3,3,0,0,0,0,8,1,0,2,0,4,0,0,0,0,0,6,2,3,0,0,0,0,0,0,0,0,0,0,0,0,0,0,0,0,0,0,0,0,0,0,0,0,0,0,0,0,0,0,0,0,0,0,0,0,0,0,0,0,0,0,0,0,0,0,0,0,0,0,0,0,0,0,0,0,0,0,0,0,0,0,0,0,0,1,1,0,1,0,0,0,2,1,4,5,0,2,0,0,2
2628.ps1,1,2327,1,2326.0,2326,0,22,15,15,9,9,3,3,7,327,3,9,0,0,7,0,0,0,0,4,22,5,0,0,0,0,0,0,0,0,0,0,0,0,0,0,0,0,0,0,0,0,0,0,0,0,0,0,0,0,0,0,0,0,0,0,0,0,0,0,0,0,0,0,0,0,0,0,0,0,0,0,0,0,0,0,0,0,0,0,0,0,0,0,0,0,0,0,0,0,0,0,7,4,2,4,10,12,1,22,2,1,2
2632.ps1,1,449,1,448.0,448,1,15,6,6,7,7,1,1,21,1,2,4,0,5,7,0,2,0,0,3,15,5,0,0,0,0,0,0,0,0,0,0,0,0,0,0,0,0,0,0,0,0,0,0,0,0,0,0,0,0,0,0,0,0,0,0,0,0,0,0,0,0,0,0,0,0,0,0,0,0,0,0,0,0,0,0,0,0,0,0,0,0,0,0,0,0,0,1,1,1,0,0,7,3,3,2,8,18,2,15,2,0,3
2634.ps1,1,2193,1,2192.0,2192,0,22,15,15,9,9,3,3,7,300,3,9,0,0,7,0,0,0,0,5,22,5,0,0,0,0,0,0,0,0,0,0,0,0,0,0,0,0,0,0,0,0,0,0,0,0,0,0,0,0,0,0,0,0,0,0,0,0,0,0,0,0,0,0,0,0,0,0,0,0,0,0,0,0,0,0,0,0,0,0,0,0,0,0,0,0,0,0,0,0,0,0,7,4,2,4,10,12,1,22,2,1,2
2650.ps1,1,2253,1,2252.0,2252,0,22,15,15,9,9,3,3,7,309,3,9,0,0,7,0,0,0,0,5,22,5,0,0,0,0,0,0,0,0,0,0,0,0,0,0,0,0,0,0,0,0,0,0,0,0,0,0,0,0,0,0,0,0,0,0,0,0,0,0,0,0,0,0,0,0,0,0,0,0,0,0,0,0,0,0,0,0,0,0,0,0,0,0,0,0,0,0,0,0,0,0,7,4,2,4,10,12,1,22,2,1,2
263.ps1,1,2340,1,2339.0,2339,0,22,15,15,9,9,3,3,7,327,3,9,0,0,7,0,0,0,0,5,22,5,0,0,0,0,0,0,0,0,0,0,0,0,0,0,0,0,0,0,0,0,0,0,0,0,0,0,0,0,0,0,0,0,0,0,0,0,0,0,0,0,0,0,0,0,0,0,0,0,0,0,0,0,0,0,0,0,0,0,0,0,0,0,0,0,0,0,0,0,0,0,7,4,2,4,10,12,1,22,2,1,2
2648.ps1,1,2511,1,2510.0,2510,0,22,15,15,9,9,3,3,7,361,3,9,0,0,7,0,0,0,0,4,22,5,0,0,0,0,0,0,0,0,0,0,0,0,0,0,0,0,0,0,0,0,0,0,0,0,0,0,0,0,0,0,0,0,0,0,0,0,0,0,0,0,0,0,0,0,0,0,0,0,0,0,0,0,0,0,0,0,0,0,0,0,0,0,0,0,0,0,0,0,0,0,7,4,2,4,10,12,1,22,2,1,2
2649.ps1,1,2341,1,2340.0,2340,0,22,15,15,9,9,3,3,7,327,3,9,0,0,7,0,0,0,0,5,22,5,0,0,0,0,0,0,0,0,0,0,0,0,0,0,0,0,0,0,0,0,0,0,0,0,0,0,0,0,0,0,0,0,0,0,0,0,0,0,0,0,0,0,0,0,0,0,0,0,0,0,0,0,0,0,0,0,0,0,0,0,0,0,0,0,0,0,0,0,0,0,7,4,2,4,10,12,1,22,2,1,2
2645.ps1,1,2238,1,2237.0,2237,0,22,15,15,9,9,3,3,7,309,3,9,0,0,7,0,0,0,0,5,22,5,0,0,0,0,0,0,0,0,0,0,0,0,0,0,0,0,0,0,0,0,0,0,0,0,0,0,0,0,0,0,0,0,0,0,0,0,0,0,0,0,0,0,0,0,0,0,0,0,0,0,0,0,0,0,0,0,0,0,0,0,0,0,0,0,0,0,0,0,0,0,7,4,2,4,10,12,1,22,2,1,2
2651.ps1,1,2193,1,2192.0,2192,0,22,15,15,9,9,3,3,7,300,3,9,0,0,7,0,0,0,0,5,22,5,0,0,0,0,0,0,0,0,0,0,0,0,0,0,0,0,0,0,0,0,0,0,0,0,0,0,0,0,0,0,0,0,0,0,0,0,0,0,0,0,0,0,0,0,0,0,0,0,0,0,0,0,0,0,0,0,0,0,0,0,0,0,0,0,0,0,0,0,0,0,7,4,2,4,10,12,1,22,2,1,2
2687.ps1,1,2337,1,2336.0,2336,0,22,15,15,9,9,3,3,7,327,3,9,0,0,7,0,0,0,0,4,22,5,0,0,0,0,0,0,0,0,0,0,0,0,0,0,0,0,0,0,0,0,0,0,0,0,0,0,0,0,0,0,0,0,0,0,0,0,0,0,0,0,0,0,0,0,0,0,0,0,0,0,0,0,0,0,0,0,0,0,0,0,0,0,0,0,0,0,0,0,0,0,7,4,2,4,10,12,1,22,2,1,2
2657.ps1,1,156,1,155.0,155,1,0,2,2,0,0,0,0,7,1,0,2,0,4,0,0,0,0,0,4,0,3,0,0,0,0,0,0,0,0,0,0,0,0,0,0,0,0,0,0,0,0,0,0,0,0,0,0,0,0,0,0,0,0,0,0,0,0,0,0,0,0,0,0,0,0,0,0,0,0,0,0,0,0,0,0,0,0,0,0,0,0,0,0,0,0,0,1,1,0,1,0,0,0,2,1,3,7,0,0,0,0,1
2647.ps1,1,2452,1,2451.0,2451,0,22,15,15,9,9,3,3,7,352,3,9,0,0,7,0,0,0,0,4,22,5,0,0,0,0,0,0,0,0,0,0,0,0,0,0,0,0,0,0,0,0,0,0,0,0,0,0,0,0,0,0,0,0,0,0,0,0,0,0,0,0,0,0,0,0,0,0,0,0,0,0,0,0,0,0,0,0,0,0,0,0,0,0,0,0,0,0,0,0,0,0,7,4,2,4,10,12,1,22,2,1,2
2664.ps1,1,2527,1,2526.0,2526,0,22,15,15,9,9,3,3,7,364,3,9,0,0,7,0,0,0,0,5,22,5,0,0,0,0,0,0,0,0,0,0,0,0,0,0,0,0,0,0,0,0,0,0,0,0,0,0,0,0,0,0,0,0,0,0,0,0,0,0,0,0,0,0,0,0,0,0,0,0,0,0,0,0,0,0,0,0,0,0,0,0,0,0,0,0,0,0,0,0,0,0,7,4,2,4,10,12,1,22,2,1,2
2685.ps1,1,2334,1,2333.0,2333,0,18,8,8,4,4,2,2,20,2,35,8,0,21,11,0,0,0,0,2,18,6,0,0,0,0,0,0,0,0,0,0,0,0,0,0,0,0,0,0,0,0,0,0,0,0,0,0,0,0,0,0,0,0,0,0,0,0,0,0,0,0,0,0,0,0,0,0,0,0,1,0,0,0,0,1,0,0,2,1,0,0,0,1,0,0,0,0,0,0,0,3,10,2,1,1,2,14,2,16,0,0,0
2680.ps1,1,2251,1,2250.0,2250,0,22,15,15,9,9,3,3,7,309,3,9,0,0,7,0,0,0,0,4,22,5,0,0,0,0,0,0,0,0,0,0,0,0,0,0,0,0,0,0,0,0,0,0,0,0,0,0,0,0,0,0,0,0,0,0,0,0,0,0,0,0,0,0,0,0,0,0,0,0,0,0,0,0,0,0,0,0,0,0,0,0,0,0,0,0,0,0,0,0,0,0,7,4,2,4,10,12,1,22,2,1,2
265.ps1,1,2192,1,2191.0,2191,0,22,15,15,9,9,3,3,7,300,3,9,0,0,7,0,0,0,0,4,22,5,0,0,0,0,0,0,0,0,0,0,0,0,0,0,0,0,0,0,0,0,0,0,0,0,0,0,0,0,0,0,0,0,0,0,0,0,0,0,0,0,0,0,0,0,0,0,0,0,0,0,0,0,0,0,0,0,0,0,0,0,0,0,0,0,0,0,0,0,0,0,7,4,2,4,10,12,1,22,2,1,2
2669.ps1,1,2308,1,2307.0,2307,0,24,15,15,11,11,3,3,7,309,3,9,0,0,8,0,0,0,0,5,24,5,0,0,0,0,0,0,0,0,0,0,0,0,0,0,0,0,0,0,0,0,0,0,0,0,0,0,0,0,0,0,0,0,0,0,0,0,0,0,0,0,0,0,0,0,0,0,0,0,0,0,0,0,0,0,0,0,0,0,0,0,0,0,0,0,0,0,0,0,0,0,8,4,2,4,10,12,1,24,3,1,2
2654.ps1,1,2338,1,2337.0,2337,0,22,15,15,9,9,3,3,7,327,3,9,0,0,7,0,0,0,0,5,19,5,0,0,0,0,0,0,0,0,0,0,0,0,0,0,0,0,0,0,0,0,0,0,0,0,0,0,0,0,0,0,0,0,0,0,0,0,0,0,0,0,0,0,0,0,0,0,0,0,0,0,0,0,0,0,0,0,0,0,0,0,0,0,0,0,0,0,0,0,0,0,7,4,2,4,10,12,1,22,2,1,2
2676.ps1,1,307,1,306.0,306,1,15,2,2,2,2,0,0,13,0,1,3,0,3,9,0,0,0,0,6,15,1,0,0,0,0,0,0,0,0,0,0,0,0,0,0,0,0,0,0,0,0,0,0,0,0,0,0,0,0,0,0,0,0,0,0,0,0,0,0,0,0,0,0,0,0,0,0,0,0,0,0,0,0,0,0,0,0,1,0,0,0,0,0,0,0,0,0,1,1,0,0,8,1,2,2,2,10,2,15,0,0,0
2699.ps1,1,2327,1,2326.0,2326,0,22,15,15,9,9,3,3,7,327,3,9,0,0,7,0,0,0,0,4,22,5,0,0,0,0,0,0,0,0,0,0,0,0,0,0,0,0,0,0,0,0,0,0,0,0,0,0,0,0,0,0,0,0,0,0,0,0,0,0,0,0,0,0,0,0,0,0,0,0,0,0,0,0,0,0,0,0,0,0,0,0,0,0,0,0,0,0,0,0,0,0,7,4,2,4,10,12,1,22,2,1,2
2692.ps1,1,207,1,206.0,206,1,0,2,2,0,0,0,0,7,0,0,7,0,7,0,0,0,0,0,5,0,1,0,0,0,0,0,0,0,0,0,0,0,0,0,0,0,0,0,0,0,0,0,0,0,0,0,0,0,0,0,0,0,0,0,0,0,0,0,0,0,0,0,0,0,1,0,0,0,1,0,0,0,0,0,0,0,0,0,0,0,0,0,0,0,0,0,0,1,1,0,0,0,0,3,1,3,8,0,0,0,0,1
2709.ps1,1,2327,1,2326.0,2326,0,22,15,15,9,9,3,3,7,327,3,9,0,0,7,0,0,0,0,4,22,5,0,0,0,0,0,0,0,0,0,0,0,0,0,0,0,0,0,0,0,0,0,0,0,0,0,0,0,0,0,0,0,0,0,0,0,0,0,0,0,0,0,0,0,0,0,0,0,0,0,0,0,0,0,0,0,0,0,0,0,0,0,0,0,0,0,0,0,0,0,0,7,4,2,4,10,12,1,22,2,1,2
2693.ps1,1,2250,1,2249.0,2249,0,22,15,15,9,9,3,3,7,309,3,9,0,0,7,0,0,0,0,3,22,5,0,0,0,0,0,0,0,0,0,0,0,0,0,0,0,0,0,0,0,0,0,0,0,0,0,0,0,0,0,0,0,0,0,0,0,0,0,0,0,0,0,0,0,0,0,0,0,0,0,0,0,0,0,0,0,0,0,0,0,0,0,0,0,0,0,0,0,0,0,0,7,4,2,4,10,12,1,22,2,1,2
2711.ps1,1,2283,1,2282.0,2282,0,22,15,15,9,9,3,3,7,318,3,9,0,0,7,0,0,0,0,5,22,5,0,0,0,0,0,0,0,0,0,0,0,0,0,0,0,0,0,0,0,0,0,0,0,0,0,0,0,0,0,0,0,0,0,0,0,0,0,0,0,0,0,0,0,0,0,0,0,0,0,0,0,0,0,0,0,0,0,0,0,0,0,0,0,0,0,0,0,0,0,0,7,4,2,4,10,12,1,22,2,1,2
2695.ps1,1,2334,1,2333.0,2333,0,2,6,6,2,2,0,0,7,2,36,3,0,38,1,0,0,0,0,8,2,1,0,0,0,0,0,0,0,0,0,0,0,0,0,0,0,0,0,0,0,0,0,0,0,0,0,0,0,0,0,0,0,0,2,0,0,0,0,0,0,0,0,0,0,0,0,0,0,0,1,0,0,0,0,1,0,0,0,0,0,0,0,0,0,0,0,0,0,0,0,0,1,0,4,2,6,11,2,2,0,2,4
2706.ps1,1,2237,1,2236.0,2236,0,22,15,15,9,9,3,3,7,309,3,9,0,0,7,0,0,0,0,4,22,5,0,0,0,0,0,0,0,0,0,0,0,0,0,0,0,0,0,0,0,0,0,0,0,0,0,0,0,0,0,0,0,0,0,0,0,0,0,0,0,0,0,0,0,0,0,0,0,0,0,0,0,0,0,0,0,0,0,0,0,0,0,0,0,0,0,0,0,0,0,0,7,4,2,4,10,12,1,22,2,1,2
271.ps1,1,2527,1,2526.0,2526,0,33,18,18,12,12,5,5,12,309,4,11,0,0,11,0,0,0,2,2,33,11,0,0,0,0,0,0,0,0,0,0,0,0,0,0,0,0,0,0,0,0,0,0,0,0,0,0,0,0,0,0,0,0,0,0,0,0,0,0,0,0,0,0,0,0,0,0,0,0,0,0,0,1,0,0,0,0,0,0,0,0,0,0,1,0,0,0,0,0,0,0,4,2,2,2,3,9,3,11,0,0,0
2715.ps1,1,2326,1,2325.0,2325,0,22,15,15,9,9,3,3,7,327,3,9,0,0,7,0,0,0,0,3,22,5,0,0,0,0,0,0,0,0,0,0,0,0,0,0,0,0,0,0,0,0,0,0,0,0,0,0,0,0,0,0,0,0,0,0,0,0,0,0,0,0,0,0,0,0,0,0,0,0,0,0,0,0,0,0,0,0,0,0,0,0,0,0,0,0,0,0,0,0,0,0,7,4,2,4,10,12,1,22,2,1,2
2702.ps1,1,2327,1,2326.0,2326,0,22,15,15,9,9,3,3,7,327,3,9,0,0,7,0,0,0,0,4,22,5,0,0,0,0,0,0,0,0,0,0,0,0,0,0,0,0,0,0,0,0,0,0,0,0,0,0,0,0,0,0,0,0,0,0,0,0,0,0,0,0,0,0,0,0,0,0,0,0,0,0,0,0,0,0,0,0,0,0,0,0,0,0,0,0,0,0,0,0,0,0,7,4,2,4,10,12,1,22,2,1,2
2710.ps1,1,2237,1,2236.0,2236,0,22,15,15,9,9,3,3,7,309,3,9,0,0,7,0,0,0,0,4,22,5,0,0,0,0,0,0,0,0,0,0,0,0,0,0,0,0,0,0,0,0,0,0,0,0,0,0,0,0,0,0,0,0,0,0,0,0,0,0,0,0,0,0,0,0,0,0,0,0,0,0,0,0,0,0,0,0,0,0,0,0,0,0,0,0,0,0,0,0,0,0,7,4,2,4,10,12,1,22,2,1,2
2727.ps1,1,2307,1,2306.0,2306,0,24,15,15,11,11,3,3,7,309,3,9,0,0,8,0,0,0,0,4,24,5,0,0,0,0,0,0,0,0,0,0,0,0,0,0,0,0,0,0,0,0,0,0,0,0,0,0,0,0,0,0,0,0,0,0,0,0,0,0,0,0,0,0,0,0,0,0,0,0,0,0,0,0,0,0,0,0,0,0,0,0,0,0,0,0,0,0,0,0,0,0,8,4,2,4,10,12,1,24,3,1,2
2746.ps1,1,2247,1,2246.0,2246,0,22,15,15,9,9,3,3,7,309,3,9,0,0,7,0,0,0,0,4,22,5,0,0,0,0,0,0,0,0,0,0,0,0,0,0,0,0,0,0,0,0,0,0,0,0,0,0,0,0,0,0,0,0,0,0,0,0,0,0,0,0,0,0,0,0,0,0,0,0,0,0,0,0,0,0,0,0,0,0,0,0,0,0,0,0,0,0,0,0,0,0,7,4,2,4,10,12,1,22,2,1,2
2717.ps1,1,2238,1,2237.0,2237,0,22,15,15,9,9,3,3,7,309,3,9,0,0,7,0,0,0,0,5,22,5,0,0,0,0,0,0,0,0,0,0,0,0,0,0,0,0,0,0,0,0,0,0,0,0,0,0,0,0,0,0,0,0,0,0,0,0,0,0,0,0,0,0,0,0,0,0,0,0,0,0,0,0,0,0,0,0,0,0,0,0,0,0,0,0,0,0,0,0,0,0,7,4,2,4,10,12,1,22,2,1,2
2724.ps1,1,2338,1,2337.0,2337,0,22,15,15,9,9,3,3,7,327,3,9,0,0,7,0,0,0,0,5,22,5,0,0,0,0,0,0,0,0,0,0,0,0,0,0,0,0,0,0,0,0,0,0,0,0,0,0,0,0,0,0,0,0,0,0,0,0,0,0,0,0,0,0,0,0,0,0,0,0,0,0,0,0,0,0,0,0,0,0,0,0,0,0,0,0,0,0,0,0,0,0,7,4,2,4,10,12,1,22,2,1,2
2713.ps1,1,148,1,147.0,147,1,2,3,3,0,0,0,0,7,1,0,2,0,4,0,0,0,0,0,5,2,3,0,0,0,0,0,0,0,0,0,0,0,0,0,0,0,0,0,0,0,0,0,0,0,0,0,0,0,0,0,0,0,0,0,0,0,0,0,0,0,0,0,0,0,0,0,0,0,0,0,0,0,0,0,0,0,0,0,0,0,0,0,0,0,0,0,1,1,0,1,0,0,0,2,1,4,5,0,2,0,0,2
2752.ps1,1,87,1,86.0,86,0,1,3,3,1,1,1,1,6,0,1,2,1,0,1,0,0,0,0,3,1,2,0,0,0,0,0,0,0,0,0,0,0,0,0,0,0,0,0,0,0,0,0,0,0,0,0,0,0,0,0,0,0,0,0,0,0,0,0,0,0,0,0,0,0,0,0,0,0,0,0,0,0,0,0,0,0,0,0,0,0,0,0,0,0,0,0,0,0,0,0,0,0,2,2,0,3,5,0,1,0,0,1
2732.ps1,1,2340,1,2339.0,2339,0,22,15,15,9,9,3,3,7,327,3,9,0,0,7,0,0,0,0,4,22,5,0,0,0,0,0,0,0,0,0,0,0,0,0,0,0,0,0,0,0,0,0,0,0,0,0,0,0,0,0,0,0,0,0,0,0,0,0,0,0,0,0,0,0,0,0,0,0,0,0,0,0,0,0,0,0,0,0,0,0,0,0,0,0,0,0,0,0,0,0,0,7,4,2,4,10,12,1,22,2,1,2
2743.ps1,1,2337,1,2336.0,2336,0,22,15,15,9,9,3,3,7,327,3,9,0,0,7,0,0,0,0,4,22,5,0,0,0,0,0,0,0,0,0,0,0,0,0,0,0,0,0,0,0,0,0,0,0,0,0,0,0,0,0,0,0,0,2,0,0,0,0,0,0,0,0,0,0,0,0,0,0,0,0,0,0,0,0,0,0,0,0,0,0,0,0,0,0,0,0,0,0,0,0,0,7,4,2,4,10,12,1,22,2,1,2
2753.ps1,1,2693,1,2692.0,2692,0,22,15,15,9,9,3,3,7,397,3,9,0,0,7,0,0,0,0,5,22,5,0,0,0,0,0,0,0,0,0,0,0,0,0,0,0,0,0,0,0,0,0,0,0,0,0,0,0,0,0,0,0,0,0,0,0,0,0,0,0,0,0,0,0,0,0,0,0,0,0,0,0,0,0,0,0,0,0,0,0,0,0,0,0,0,0,0,0,0,0,0,7,4,2,4,10,12,1,22,2,1,2
2742.ps1,1,3178,1,3177.0,3177,0,22,15,15,9,9,3,3,7,494,3,9,0,0,7,0,0,0,0,5,22,5,0,0,0,0,0,0,0,0,0,0,0,0,0,0,0,0,0,0,0,0,0,0,0,0,0,0,0,0,0,0,0,0,0,0,0,0,0,0,0,0,0,0,0,0,0,0,0,0,0,0,0,0,0,0,0,0,0,0,0,0,0,0,0,0,0,0,0,0,0,0,7,4,2,4,10,12,1,22,2,1,2
2730.ps1,1,2281,1,2280.0,2280,0,2,6,6,2,2,0,0,7,2,43,3,0,30,3,0,0,0,0,7,2,1,0,0,0,0,0,0,0,0,0,0,0,0,0,0,0,0,0,0,0,0,0,0,0,0,0,0,0,0,0,0,0,0,4,0,0,0,0,0,0,0,0,0,0,0,0,0,0,0,1,0,0,0,0,1,0,0,0,0,0,0,0,0,0,0,0,0,0,0,0,0,1,0,4,2,6,11,2,2,0,2,4
272.ps1,1,2530,1,2529.0,2529,0,34,18,18,12,12,5,5,12,309,4,16,0,0,12,0,0,0,2,2,32,12,0,0,0,0,0,0,0,0,0,0,0,0,0,0,0,0,0,0,0,0,0,0,0,0,0,0,0,0,0,0,0,0,0,0,0,0,0,0,0,0,0,0,0,0,0,0,0,0,0,0,0,1,0,0,0,0,0,0,0,0,0,0,0,0,0,0,0,0,0,0,5,2,2,2,3,10,3,12,0,0,0
2756.ps1,1,2326,1,2325.0,2325,0,22,15,15,9,9,3,3,7,327,3,9,0,0,7,0,0,0,0,3,22,5,0,0,0,0,0,0,0,0,0,0,0,0,0,0,0,0,0,0,0,0,0,0,0,0,0,0,0,0,0,0,0,0,0,0,0,0,0,0,0,0,0,0,0,0,0,0,0,0,0,0,0,0,0,0,0,0,0,0,0,0,0,0,0,0,0,0,0,0,0,0,7,4,2,4,10,12,1,22,2,1,2
2763.ps1,1,2702,1,2701.0,2701,0,22,15,15,9,9,3,3,7,402,3,9,0,0,7,0,0,0,0,4,22,5,0,0,0,0,0,0,0,0,0,0,0,0,0,0,0,0,0,0,0,0,0,0,0,0,0,0,0,0,0,0,0,0,0,0,0,0,0,0,0,0,0,0,0,0,0,0,0,0,0,0,0,0,0,0,0,0,0,0,0,0,0,0,0,0,0,0,0,0,0,0,7,4,2,4,10,12,1,22,2,1,2
2764.ps1,1,2237,1,2236.0,2236,0,22,15,15,9,9,3,3,7,309,3,9,0,0,7,0,0,0,0,4,22,5,0,0,0,0,0,0,0,0,0,0,0,0,0,0,0,0,0,0,0,0,0,0,0,0,0,0,0,0,0,0,0,0,0,0,0,0,0,0,0,0,0,0,0,0,0,0,0,0,0,0,0,0,0,0,0,0,0,0,0,0,0,0,0,0,0,0,0,0,0,0,7,4,2,4,10,12,1,22,2,1,2
2757.ps1,1,2327,1,2326.0,2326,0,22,15,15,9,9,3,3,7,327,3,9,0,0,7,0,0,0,0,4,22,5,0,0,0,0,0,0,0,0,0,0,0,0,0,0,0,0,0,0,0,0,0,0,0,0,0,0,0,0,0,0,0,0,0,0,0,0,0,0,0,0,0,0,0,0,0,0,0,0,0,0,0,0,0,0,0,0,0,0,0,0,0,0,0,0,0,0,0,0,0,0,7,4,2,4,10,12,1,22,2,1,2
2760.ps1,1,2250,1,2249.0,2249,0,22,15,15,9,9,3,3,7,309,3,9,0,0,7,0,0,0,0,3,22,5,0,0,0,0,0,0,0,0,0,0,0,0,0,0,0,0,0,0,0,0,0,0,0,0,0,0,0,0,0,0,0,0,0,0,0,0,0,0,0,0,0,0,0,0,0,0,0,0,0,0,0,0,0,0,0,0,0,0,0,0,0,0,0,0,0,0,0,0,0,0,7,4,2,4,10,12,1,22,2,1,2
2768.ps1,1,162,1,161.0,161,1,2,3,3,0,0,0,0,8,1,0,2,0,3,0,0,0,0,0,5,2,3,0,0,0,0,0,0,0,0,0,0,0,0,0,0,0,0,0,0,0,0,0,0,0,0,0,0,0,0,0,0,0,0,0,0,0,0,0,0,0,0,0,0,0,0,0,0,0,0,0,0,0,0,0,0,0,0,0,0,0,0,0,0,0,0,0,1,1,0,1,0,0,0,2,1,4,5,0,2,0,0,2
276.ps1,1,504,1,503.0,503,1,15,7,6,8,8,1,1,23,1,3,5,1,6,9,1,2,0,1,3,15,5,0,0,0,0,0,0,0,0,0,0,0,0,0,0,0,0,0,0,0,0,0,0,0,0,0,0,0,0,0,0,0,0,0,0,0,0,0,0,0,0,0,0,0,0,0,0,0,0,0,0,0,0,0,0,0,0,0,0,0,0,0,0,0,0,0,1,1,1,0,0,8,3,3,2,8,19,3,15,2,0,3
2766.ps1,1,191,1,190.0,190,1,3,3,3,1,1,0,0,11,1,0,1,0,3,1,0,0,0,0,3,3,2,0,0,0,0,0,0,0,0,0,0,0,0,0,0,0,0,0,0,0,0,0,0,0,0,0,0,0,0,0,0,0,0,0,0,0,0,0,0,0,0,0,0,0,0,0,0,0,0,0,0,0,0,0,0,0,0,0,0,0,0,0,0,0,0,0,1,1,0,1,0,1,0,2,2,3,6,1,3,0,0,1
2769.ps1,1,121,1,120.0,120,1,0,2,2,0,0,0,0,7,1,0,2,0,3,0,0,0,0,0,6,0,3,0,0,0,0,0,0,0,0,0,0,0,0,0,0,0,0,0,0,0,0,0,0,0,0,0,0,0,0,0,0,0,0,0,0,0,0,0,0,0,0,0,0,0,0,0,0,0,0,0,0,0,0,0,0,0,0,0,0,0,0,0,0,0,0,0,1,1,0,1,0,0,0,2,1,3,7,0,0,0,0,1
2771.ps1,1,151,1,150.0,150,1,2,3,3,0,0,0,0,9,1,0,2,0,3,0,0,0,0,0,5,2,3,0,0,0,0,0,0,0,0,0,0,0,0,0,0,0,0,0,0,0,0,0,0,0,0,0,0,0,0,0,0,0,0,0,0,0,0,0,0,0,0,0,0,0,0,0,0,0,0,0,0,0,0,0,0,0,0,0,0,0,0,0,0,0,0,0,1,1,0,1,0,0,0,2,1,4,5,0,2,0,0,2
2781.ps1,1,2236,1,2235.0,2235,0,22,15,15,9,9,3,3,7,309,3,9,0,0,7,0,0,0,0,3,22,5,0,0,0,0,0,0,0,0,0,0,0,0,0,0,0,0,0,0,0,0,0,0,0,0,0,0,0,0,0,0,0,0,0,0,0,0,0,0,0,0,0,0,0,0,0,0,0,0,0,0,0,0,0,0,0,0,0,0,0,0,0,0,0,0,0,0,0,0,0,0,7,4,2,4,10,12,1,22,2,1,2
2770.ps1,1,127,1,126.0,126,1,0,2,2,0,0,0,0,7,1,0,2,0,3,0,0,0,0,0,6,0,3,0,0,0,0,0,0,0,0,0,0,0,0,0,0,0,0,0,0,0,0,0,0,0,0,0,0,0,0,0,0,0,0,0,0,0,0,0,0,0,0,0,0,0,0,0,0,0,0,0,0,0,0,0,0,0,0,0,0,0,0,0,0,0,0,0,1,1,0,1,0,0,0,2,1,3,7,0,0,0,0,1
2774.ps1,1,2306,1,2305.0,2305,0,18,8,8,4,4,2,2,20,2,29,8,0,33,13,0,0,0,0,2,18,6,0,0,0,0,0,0,0,0,0,0,0,0,0,0,0,0,0,0,0,0,0,0,0,0,0,0,0,0,0,0,0,0,0,0,0,0,0,0,0,0,0,0,0,0,0,0,0,0,1,0,0,0,0,1,0,0,2,1,0,0,0,1,0,0,0,0,0,0,0,3,10,2,1,1,2,14,2,16,0,0,0
2765.ps1,1,530,1,529.0,529,1,16,6,6,8,8,2,2,23,1,2,4,0,5,8,0,2,0,0,4,16,5,0,0,0,0,0,0,0,0,0,0,0,0,0,0,0,0,0,0,0,0,0,0,0,0,0,0,0,0,0,0,0,0,0,0,0,0,0,0,0,0,0,0,0,0,0,0,0,0,0,0,0,0,0,0,0,0,1,0,0,0,0,0,0,0,0,1,1,1,0,0,8,3,3,2,9,19,3,16,2,0,3
2775.ps1,1,134,1,133.0,133,1,0,2,2,0,0,0,0,8,1,0,2,0,5,0,0,0,0,0,6,0,3,0,0,0,0,0,0,0,0,0,0,0,0,0,0,0,0,0,0,0,0,0,0,0,0,0,0,0,0,0,0,0,0,0,0,0,0,0,0,0,0,0,0,0,0,0,0,0,0,0,0,0,0,0,0,0,0,0,0,0,0,0,0,0,0,0,1,1,0,1,0,0,0,2,1,3,7,0,0,0,0,1
2772.ps1,1,2452,1,2451.0,2451,0,22,15,15,9,9,3,3,7,352,3,9,0,0,7,0,0,0,0,4,22,5,0,0,0,0,0,0,0,0,0,0,0,0,0,0,0,0,0,0,0,0,0,0,0,0,0,0,0,0,0,0,0,0,0,0,0,0,0,0,0,0,0,0,0,0,0,0,0,0,0,0,0,0,0,0,0,0,0,0,0,0,0,0,0,0,0,0,0,0,0,0,7,4,2,4,10,12,1,22,2,1,2
279.ps1,1,2191,1,2190.0,2190,0,22,15,15,9,9,3,3,7,300,3,9,0,0,7,0,0,0,0,3,22,5,0,0,0,0,0,0,0,0,0,0,0,0,0,0,0,0,0,0,0,0,0,0,0,0,0,0,0,0,0,0,0,0,0,0,0,0,0,0,0,0,0,0,0,0,0,0,0,0,0,0,0,0,0,0,0,0,0,0,0,0,0,0,0,0,0,0,0,0,0,0,7,4,2,4,10,12,1,22,2,1,2
2788.ps1,1,2417,1,2416.0,2416,0,22,15,15,9,9,3,3,7,345,3,9,0,0,7,0,0,0,0,4,22,5,0,0,0,0,0,0,0,0,0,0,0,0,0,0,0,0,0,0,0,0,0,0,0,0,0,0,0,0,0,0,0,0,0,0,0,0,0,0,0,0,0,0,0,0,0,0,0,0,0,0,0,0,0,0,0,0,0,0,0,0,0,0,0,0,0,0,0,0,0,0,7,4,2,4,10,12,1,22,2,1,2
278.ps1,1,2452,1,2451.0,2451,0,22,15,15,9,9,3,3,7,352,3,9,0,0,7,0,0,0,0,4,22,5,0,0,0,0,0,0,0,0,0,0,0,0,0,0,0,0,0,0,0,0,0,0,0,0,0,0,0,0,0,0,0,0,0,0,0,0,0,0,0,0,0,0,0,0,0,0,0,0,0,0,0,0,0,0,0,0,0,0,0,0,0,0,0,0,0,0,0,0,0,0,7,4,2,4,10,12,1,22,2,1,2
2789.ps1,1,1638,1,1637.0,1637,0,4,9,9,3,3,0,0,8,3,18,4,0,17,2,0,0,0,0,11,0,1,0,0,0,0,0,0,0,0,0,0,0,0,0,0,0,0,0,0,0,0,0,0,0,0,0,0,0,0,0,0,0,0,0,0,0,0,0,0,0,0,0,0,0,0,0,0,0,0,1,0,0,0,0,1,0,0,0,0,0,0,0,0,0,0,0,0,0,0,0,0,0,0,4,2,8,12,3,0,0,3,3
2794.ps1,1,2340,1,2339.0,2339,0,22,15,15,9,9,3,3,7,327,3,9,0,0,7,0,0,0,0,4,22,5,0,0,0,0,0,0,0,0,0,0,0,0,0,0,0,0,0,0,0,0,0,0,0,0,0,0,0,0,0,0,0,0,0,0,0,0,0,0,0,0,0,0,0,0,0,0,0,0,0,0,0,0,0,0,0,0,0,0,0,0,0,0,0,0,0,0,0,0,0,0,7,4,2,4,10,12,1,22,2,1,2
28.ps1,1,445,1,444.0,444,1,15,6,6,7,7,1,1,21,1,2,4,0,5,7,0,2,0,0,3,15,5,0,0,0,0,0,0,0,0,0,0,0,0,0,0,0,0,0,0,0,0,0,0,0,0,0,0,0,0,0,0,0,0,0,0,0,0,0,0,0,0,0,0,0,0,0,0,0,0,0,0,0,0,0,0,0,0,0,0,0,0,0,0,0,0,0,1,1,1,0,0,7,3,3,2,8,18,2,15,2,0,3
2792.ps1,1,896,1,896.0,896,1,19,19,19,7,7,3,3,44,6,0,5,0,13,7,0,0,0,0,8,19,9,0,0,0,0,0,0,0,0,0,0,0,0,0,0,0,0,0,0,0,0,0,0,0,0,0,0,0,0,0,0,0,0,0,0,0,0,0,0,0,0,0,0,0,0,0,0,0,0,2,0,0,0,0,0,0,0,1,0,0,0,0,0,0,0,0,1,1,3,0,0,4,0,5,13,15,39,7,19,0,0,3
2783.ps1,1,2485,1,2484.0,2484,0,33,18,18,12,12,5,5,12,309,4,11,0,0,11,0,0,0,2,2,26,11,0,0,0,0,0,0,0,0,0,0,0,0,0,0,0,0,0,0,0,0,0,0,0,0,0,0,0,0,0,0,0,0,0,0,0,0,0,0,0,0,0,0,0,0,0,0,0,0,0,0,0,1,0,0,0,0,0,0,0,0,0,0,0,0,0,0,0,0,0,0,4,2,2,2,3,9,3,11,0,0,0
2811.ps1,1,2327,1,2326.0,2326,0,22,15,15,9,9,3,3,7,327,3,9,0,0,7,0,0,0,0,4,22,5,0,0,0,0,0,0,0,0,0,0,0,0,0,0,0,0,0,0,0,0,0,0,0,0,0,0,0,0,0,0,0,0,0,0,0,0,0,0,0,0,0,0,0,0,0,0,0,0,0,0,0,0,0,0,0,0,0,0,0,0,0,0,0,0,0,0,0,0,0,0,7,4,2,4,10,12,1,22,2,1,2
2801.ps1,1,2326,1,2325.0,2325,0,22,15,15,9,9,3,3,7,327,3,9,0,0,7,0,0,0,0,3,22,5,0,0,0,0,0,0,0,0,0,0,0,0,0,0,0,0,0,0,0,0,0,0,0,0,0,0,0,0,0,0,0,0,0,0,0,0,0,0,0,0,0,0,0,0,0,0,0,0,0,0,0,0,0,0,0,0,0,0,0,0,0,0,0,0,0,0,0,0,0,0,7,4,2,4,10,12,1,22,2,1,2
2808.ps1,1,450,1,449.0,449,1,15,6,6,7,7,1,1,20,1,2,4,0,5,7,0,2,0,0,3,15,5,0,0,0,0,0,0,0,0,0,0,0,0,0,0,0,0,0,0,0,0,0,0,0,0,0,0,0,0,0,0,0,0,0,0,0,0,0,0,0,0,0,0,0,0,0,0,0,0,0,0,0,0,0,0,0,0,0,0,0,0,0,0,0,0,0,1,1,1,0,0,7,3,3,2,8,18,2,15,2,0,3
2809.ps1,1,148,1,147.0,147,1,0,3,3,0,0,0,0,7,1,0,2,0,5,0,0,0,0,0,5,0,3,0,0,0,0,0,0,0,0,0,0,0,0,0,0,0,0,0,0,0,0,0,0,0,0,0,0,0,0,0,0,0,0,0,0,0,0,0,0,0,0,0,0,0,0,0,0,0,0,0,0,0,0,0,0,0,0,0,0,0,0,0,0,0,0,0,0,1,0,1,0,0,0,2,1,4,7,0,0,0,0,2
281.ps1,1,142,1,141.0,141,1,0,2,2,0,0,0,0,8,1,0,2,0,6,0,0,0,0,0,5,0,3,0,0,0,0,0,0,0,0,0,0,0,0,0,0,0,0,0,0,0,0,0,0,0,0,0,0,0,0,0,0,0,0,0,0,0,0,0,0,0,0,0,0,0,0,0,0,0,0,0,0,0,0,0,0,0,0,0,0,0,0,0,0,0,0,0,1,1,0,1,0,0,0,2,1,3,7,0,0,0,0,1
2818.ps1,1,163,1,162.0,162,1,2,3,3,0,0,0,0,7,1,0,3,0,4,0,0,0,0,0,5,2,3,0,0,0,0,0,0,0,0,0,0,0,0,0,0,0,0,0,0,0,0,0,0,0,0,0,0,0,0,0,0,0,0,0,0,0,0,0,0,0,0,0,0,0,0,0,0,0,0,0,0,0,0,0,0,0,0,0,0,0,0,0,0,0,0,0,1,1,0,1,0,0,0,2,1,4,5,0,2,0,0,2
282.ps1,1,2602,1,2601.0,2601,0,33,18,18,12,12,5,5,12,327,4,11,0,0,11,0,0,0,2,2,28,11,0,0,0,0,0,0,0,0,0,0,0,0,0,0,0,0,0,0,0,0,0,0,0,0,0,0,0,0,0,0,0,0,0,0,0,0,0,0,0,0,0,0,0,0,0,0,0,0,0,0,0,1,0,0,0,0,0,0,0,0,0,0,0,0,0,0,0,0,0,0,4,2,2,2,3,9,3,11,0,0,0
2819.ps1,1,2237,1,2236.0,2236,0,22,15,15,9,9,3,3,7,309,3,9,0,0,7,0,0,0,0,4,22,5,0,0,0,0,0,0,0,0,0,0,0,0,0,0,0,0,0,0,0,0,0,0,0,0,0,0,0,0,0,0,0,0,0,0,0,0,0,0,0,0,0,0,0,0,0,0,0,0,0,0,0,0,0,0,0,0,0,0,0,0,0,0,0,0,0,0,0,0,0,0,7,4,2,4,10,12,1,22,2,1,2
2812.ps1,1,2527,1,2526.0,2526,0,22,15,15,9,9,3,3,7,364,3,9,0,0,7,0,0,0,0,5,22,5,0,0,0,0,0,0,0,0,0,0,0,0,0,0,0,0,0,0,0,0,0,0,0,0,0,0,0,0,0,0,0,0,0,0,0,0,0,0,0,0,0,0,0,0,0,0,0,0,0,0,0,0,0,0,0,0,0,0,0,0,0,0,0,0,0,0,0,0,0,0,7,4,2,4,10,12,1,22,2,1,2
2817.ps1,1,2452,1,2451.0,2451,0,22,15,15,9,9,3,3,7,352,3,9,0,0,7,0,0,0,0,4,22,5,0,0,0,0,0,0,0,0,0,0,0,0,0,0,0,0,0,0,0,0,0,0,0,0,0,0,0,0,0,0,0,0,0,0,0,0,0,0,0,0,0,0,0,0,0,0,0,0,0,0,0,0,0,0,0,0,0,0,0,0,0,0,0,0,0,0,0,0,0,0,7,4,2,4,10,12,1,22,2,1,2
2821.ps1,1,2485,1,2484.0,2484,0,33,18,18,12,12,5,5,12,309,4,11,0,0,11,0,0,0,2,2,26,11,0,0,0,0,0,0,0,0,0,0,0,0,0,0,0,0,0,0,0,0,0,0,0,0,0,0,0,0,0,0,0,0,0,0,0,0,0,0,0,0,0,0,0,0,0,0,0,0,0,0,0,1,0,0,0,0,0,0,0,0,0,0,0,0,0,0,0,0,0,0,4,2,2,2,3,9,3,11,0,0,0
2823.ps1,1,2237,1,2236.0,2236,0,22,15,15,9,9,3,3,7,309,3,9,0,0,7,0,0,0,0,4,22,5,0,0,0,0,0,0,0,0,0,0,0,0,0,0,0,0,0,0,0,0,0,0,0,0,0,0,0,0,0,0,0,0,0,0,0,0,0,0,0,0,0,0,0,0,0,0,0,0,0,0,0,0,0,0,0,0,0,0,0,0,0,0,0,0,0,0,0,0,0,0,7,4,2,4,10,12,1,22,2,1,2
2847.ps1,1,2326,1,2325.0,2325,0,22,15,15,9,9,3,3,7,327,3,9,0,0,7,0,0,0,0,3,22,5,0,0,0,0,0,0,0,0,0,0,0,0,0,0,0,0,0,0,0,0,0,0,0,0,0,0,0,0,0,0,0,0,0,0,0,0,0,0,0,0,0,0,0,0,0,0,0,0,0,0,0,0,0,0,0,0,0,0,0,0,0,0,0,0,0,0,0,0,0,0,7,4,2,4,10,12,1,22,2,1,2
2843.ps1,1,2294,1,2293.0,2293,0,18,8,8,4,4,2,2,20,2,28,8,0,22,13,0,0,0,0,2,18,6,0,0,0,0,0,0,0,0,0,0,0,0,0,0,0,0,0,0,0,0,0,0,0,0,0,0,0,0,0,0,0,0,2,0,0,0,0,0,0,0,0,0,0,0,0,0,0,0,1,0,0,0,0,1,0,0,2,1,0,0,0,1,0,0,0,0,0,0,0,3,10,2,1,1,2,14,2,16,0,0,0
2827.ps1,1,2236,1,2235.0,2235,0,22,15,15,9,9,3,3,7,309,3,9,0,0,7,0,0,0,0,3,22,5,0,0,0,0,0,0,0,0,0,0,0,0,0,0,0,0,0,0,0,0,0,0,0,0,0,0,0,0,0,0,0,0,0,0,0,0,0,0,0,0,0,0,0,0,0,0,0,0,0,0,0,0,0,0,0,0,0,0,0,0,0,0,0,0,0,0,0,0,0,0,7,4,2,4,10,12,1,22,2,1,2
2868.ps1,1,2526,1,2525.0,2525,0,22,15,15,9,9,3,3,7,364,3,9,0,0,7,0,0,0,0,4,22,5,0,0,0,0,0,0,0,0,0,0,0,0,0,0,0,0,0,0,0,0,0,0,0,0,0,0,0,0,0,0,0,0,0,0,0,0,0,0,0,0,0,0,0,0,0,0,0,0,0,0,0,0,0,0,0,0,0,0,0,0,0,0,0,0,0,0,0,0,0,0,7,4,2,4,10,12,1,22,2,1,2
2848.ps1,1,146,1,145.0,145,1,4,3,3,0,0,0,0,7,1,1,2,0,4,1,0,0,0,0,4,4,2,0,0,0,0,0,0,0,0,0,0,0,0,0,0,0,0,0,0,0,0,0,0,0,0,0,0,0,0,0,0,0,0,0,0,0,0,0,0,0,0,0,0,0,0,0,0,0,0,0,0,0,0,0,0,0,0,0,0,0,0,0,0,0,0,0,1,1,0,1,0,1,1,2,1,4,6,0,4,0,0,2
2855.ps1,1,2326,1,2325.0,2325,0,22,15,15,9,9,3,3,7,327,3,9,0,0,7,0,0,0,0,3,22,5,0,0,0,0,0,0,0,0,0,0,0,0,0,0,0,0,0,0,0,0,0,0,0,0,0,0,0,0,0,0,0,0,0,0,0,0,0,0,0,0,0,0,0,0,0,0,0,0,0,0,0,0,0,0,0,0,0,0,0,0,0,0,0,0,0,0,0,0,0,0,7,4,2,4,10,12,1,22,2,1,2
2842.ps1,1,2453,1,2452.0,2452,0,22,15,15,9,9,3,3,7,352,3,9,0,0,7,0,0,0,0,5,22,5,0,0,0,0,0,0,0,0,0,0,0,0,0,0,0,0,0,0,0,0,0,0,0,0,0,0,0,0,0,0,0,0,0,0,0,0,0,0,0,0,0,0,0,0,0,0,0,0,0,0,0,0,0,0,0,0,0,0,0,0,0,0,0,0,0,0,0,0,0,0,7,4,2,4,10,12,1,22,2,1,2
2862.ps1,1,2281,1,2280.0,2280,0,22,15,15,9,9,3,3,7,318,3,9,0,0,7,0,0,0,0,3,22,5,0,0,0,0,0,0,0,0,0,0,0,0,0,0,0,0,0,0,0,0,0,0,0,0,0,0,0,0,0,0,0,0,0,0,0,0,0,0,0,0,0,0,0,0,0,0,0,0,0,0,0,0,0,0,0,0,0,0,0,0,0,0,0,0,0,0,0,0,0,0,7,4,2,4,10,12,1,22,2,1,2
2872.ps1,1,2236,1,2235.0,2235,0,22,15,15,9,9,3,3,7,309,3,9,0,0,7,0,0,0,0,3,22,5,0,0,0,0,0,0,0,0,0,0,0,0,0,0,0,0,0,0,0,0,0,0,0,0,0,0,0,0,0,0,0,0,0,0,0,0,0,0,0,0,0,0,0,0,0,0,0,0,0,0,0,0,0,0,0,0,0,0,0,0,0,0,0,0,0,0,0,0,0,0,7,4,2,4,10,12,1,22,2,1,2
2852.ps1,1,158,1,157.0,157,1,2,3,3,0,0,0,0,8,1,0,2,0,3,0,0,0,0,0,5,2,3,0,0,0,0,0,0,0,0,0,0,0,0,0,0,0,0,0,0,0,0,0,0,0,0,0,0,0,0,0,0,0,0,0,0,0,0,0,0,0,0,0,0,0,0,0,0,0,0,0,0,0,0,0,0,0,0,0,0,0,0,0,0,0,0,0,1,1,0,1,0,0,0,2,1,4,5,0,2,0,0,2
2865.ps1,1,2250,1,2249.0,2249,0,22,15,15,9,9,3,3,7,309,3,9,0,0,7,0,0,0,0,4,22,5,0,0,0,0,0,0,0,0,0,0,0,0,0,0,0,0,0,0,0,0,0,0,0,0,0,0,0,0,0,0,0,0,0,0,0,0,0,0,0,0,0,0,0,0,0,0,0,0,0,0,0,0,0,0,0,0,0,0,0,0,0,0,0,0,0,0,0,0,0,0,7,4,2,4,10,12,1,22,2,1,2
2871.ps1,1,2328,1,2327.0,2327,0,22,15,15,9,9,3,3,7,327,3,9,0,0,7,0,0,0,0,5,22,5,0,0,0,0,0,0,0,0,0,0,0,0,0,0,0,0,0,0,0,0,0,0,0,0,0,0,0,0,0,0,0,0,0,0,0,0,0,0,0,0,0,0,0,0,0,0,0,0,0,0,0,0,0,0,0,0,0,0,0,0,0,0,0,0,0,0,0,0,0,0,7,4,2,4,10,12,1,22,2,1,2
2882.ps1,1,2322,1,2321.0,2321,0,18,8,8,4,4,2,2,20,2,26,8,0,25,12,0,0,0,0,2,18,6,0,0,0,0,0,0,0,0,0,0,0,0,0,0,0,0,0,0,0,0,0,0,0,0,0,0,0,0,0,0,0,0,3,0,0,0,0,0,0,0,0,0,0,0,0,0,0,0,1,0,0,0,0,1,0,0,2,1,0,0,0,1,0,0,0,0,0,0,0,3,10,2,1,1,2,14,2,16,0,0,0
2869.ps1,1,2453,1,2452.0,2452,0,22,15,15,9,9,3,3,7,352,3,9,0,0,7,0,0,0,0,5,22,5,0,0,0,0,0,0,0,0,0,0,0,0,0,0,0,0,0,0,0,0,0,0,0,0,0,0,0,0,0,0,0,0,0,0,0,0,0,0,0,0,0,0,0,0,0,0,0,0,0,0,0,0,0,0,0,0,0,0,0,0,0,0,0,0,0,0,0,0,0,0,7,4,2,4,10,12,1,22,2,1,2
2884.ps1,1,138,1,137.0,137,0,2,3,3,0,0,0,0,8,1,0,2,0,1,0,0,0,0,0,7,2,3,0,0,0,0,0,0,0,0,0,0,0,0,0,0,0,0,0,0,0,0,0,0,0,0,0,0,0,0,0,0,0,0,0,0,0,0,0,0,0,0,0,0,0,0,0,0,0,0,0,0,0,0,0,0,0,0,0,0,0,0,0,0,0,0,0,1,1,0,1,0,0,0,2,1,4,5,0,2,0,0,2
2863.ps1,1,2452,1,2451.0,2451,0,22,15,15,9,9,3,3,7,352,3,9,0,0,7,0,0,0,0,4,22,5,0,0,0,0,0,0,0,0,0,0,0,0,0,0,0,0,0,0,0,0,0,0,0,0,0,0,0,0,0,0,0,0,0,0,0,0,0,0,0,0,0,0,0,0,0,0,0,0,0,0,0,0,0,0,0,0,0,0,0,0,0,0,0,0,0,0,0,0,0,0,7,4,2,4,10,12,1,22,2,1,2
2881.ps1,1,2338,1,2337.0,2337,0,22,15,15,9,9,3,3,7,327,3,9,0,0,7,0,0,0,0,5,22,5,0,0,0,0,0,0,0,0,0,0,0,0,0,0,0,0,0,0,0,0,0,0,0,0,0,0,0,0,0,0,0,0,0,0,0,0,0,0,0,0,0,0,0,0,0,0,0,0,0,0,0,0,0,0,0,0,0,0,0,0,0,0,0,0,0,0,0,0,0,0,7,4,2,4,10,12,1,22,2,1,2
2885.ps1,1,2314,1,2313.0,2313,0,18,8,8,4,4,2,2,20,2,35,8,0,26,13,0,0,0,0,2,18,6,0,0,0,0,0,0,0,0,0,0,0,0,0,0,0,0,0,0,0,0,0,0,0,0,0,0,0,0,0,0,0,0,2,0,0,0,0,0,0,0,0,0,0,0,0,0,0,0,1,0,0,0,0,1,0,0,2,1,0,0,0,1,0,0,0,0,0,0,0,3,10,2,1,1,2,14,2,16,0,0,0
2877.ps1,1,2236,1,2235.0,2235,0,22,15,15,9,9,3,3,7,309,3,9,0,0,7,0,0,0,0,3,22,5,0,0,0,0,0,0,0,0,0,0,0,0,0,0,0,0,0,0,0,0,0,0,0,0,0,0,0,0,0,0,0,0,0,0,0,0,0,0,0,0,0,0,0,0,0,0,0,0,0,0,0,0,0,0,0,0,0,0,0,0,0,0,0,0,0,0,0,0,0,0,7,4,2,4,10,12,1,22,2,1,2
2891.ps1,1,1417,1,1417.0,1417,0,53,22,22,15,15,6,6,25,5,12,25,0,0,20,0,0,0,0,24,47,13,0,0,0,0,0,0,0,0,0,0,0,0,0,0,0,0,0,0,0,0,0,0,0,0,0,0,0,0,0,0,0,0,0,0,0,0,0,0,0,0,0,0,0,0,0,0,0,1,0,0,0,0,0,0,0,0,3,0,0,0,0,0,0,0,0,0,0,0,0,0,17,1,11,6,32,42,3,47,5,3,4
2886.ps1,1,2141,1,2140.0,2140,0,22,15,15,9,9,3,3,7,20,3,9,0,0,7,0,0,0,0,197,22,5,0,0,0,0,0,0,0,0,0,0,0,0,0,0,0,0,0,0,0,0,0,0,0,0,0,0,0,0,0,0,0,0,0,0,0,0,0,0,0,0,0,0,0,0,0,0,0,0,0,0,0,0,0,0,0,0,0,0,0,0,0,0,0,0,0,0,0,0,0,0,7,4,3,4,11,13,1,22,2,0,2
2894.ps1,1,93,1,92.0,92,1,0,3,3,0,0,0,0,6,0,0,2,0,3,0,0,0,0,0,4,0,1,0,0,0,0,0,0,0,0,0,0,0,0,0,0,0,0,0,0,0,0,0,0,0,0,0,0,0,0,0,0,0,0,0,0,0,0,0,0,0,0,0,0,0,0,0,0,0,0,0,0,0,0,0,0,0,0,0,0,0,0,0,0,0,0,0,0,1,1,0,0,0,0,2,1,3,5,0,0,0,0,2
2887.ps1,1,2237,1,2236.0,2236,0,22,15,15,9,9,3,3,7,309,3,9,0,0,7,0,0,0,0,4,22,5,0,0,0,0,0,0,0,0,0,0,0,0,0,0,0,0,0,0,0,0,0,0,0,0,0,0,0,0,0,0,0,0,0,0,0,0,0,0,0,0,0,0,0,0,0,0,0,0,0,0,0,0,0,0,0,0,0,0,0,0,0,0,0,0,0,0,0,0,0,0,7,4,2,4,10,12,1,22,2,1,2
2890.ps1,1,2251,1,2250.0,2250,0,22,15,15,9,9,3,3,7,309,3,9,0,0,7,0,0,0,0,4,22,5,0,0,0,0,0,0,0,0,0,0,0,0,0,0,0,0,0,0,0,0,0,0,0,0,0,0,0,0,0,0,0,0,0,0,0,0,0,0,0,0,0,0,0,0,0,0,0,0,0,0,0,0,0,0,0,0,0,0,0,0,0,0,0,0,0,0,0,0,0,0,7,4,2,4,10,12,1,22,2,1,2
29.ps1,1,2293,1,2292.0,2292,0,2,6,6,2,2,0,0,7,2,27,3,0,32,3,0,0,0,0,7,2,1,0,0,0,0,0,0,0,0,0,0,0,0,0,0,0,0,0,0,0,0,0,0,0,0,0,0,0,0,0,0,0,0,3,0,0,0,0,0,0,0,0,0,0,0,0,0,0,0,1,0,0,0,0,1,0,0,0,0,0,0,0,0,0,0,0,0,0,0,0,0,1,0,4,2,6,11,2,2,0,2,4
2897.ps1,1,2327,1,2326.0,2326,0,22,15,15,9,9,3,3,7,327,3,9,0,0,7,0,0,0,0,4,22,5,0,0,0,0,0,0,0,0,0,0,0,0,0,0,0,0,0,0,0,0,0,0,0,0,0,0,0,0,0,0,0,0,0,0,0,0,0,0,0,0,0,0,0,0,0,0,0,0,0,0,0,0,0,0,0,0,0,0,0,0,0,0,0,0,0,0,0,0,0,0,7,4,2,4,10,12,1,22,2,1,2
2906.ps1,1,126,1,125.0,125,1,0,2,2,0,0,0,0,7,1,0,2,0,3,0,0,0,0,0,5,0,3,0,0,0,0,0,0,0,0,0,0,0,0,0,0,0,0,0,0,0,0,0,0,0,0,0,0,0,0,0,0,0,0,0,0,0,0,0,0,0,0,0,0,0,0,0,0,0,0,0,0,0,0,0,0,0,0,0,0,0,0,0,0,0,0,0,1,1,0,1,0,0,0,2,1,3,7,0,0,0,0,1
2918.ps1,1,2251,1,2250.0,2250,0,22,15,15,9,9,3,3,7,309,3,9,0,0,7,0,0,0,0,4,22,5,0,0,0,0,0,0,0,0,0,0,0,0,0,0,0,0,0,0,0,0,0,0,0,0,0,0,0,0,0,0,0,0,0,0,0,0,0,0,0,0,0,0,0,0,0,0,0,0,0,0,0,0,0,0,0,0,0,0,0,0,0,0,0,0,0,0,0,0,0,0,7,4,2,4,10,12,1,22,2,1,2
290.ps1,1,2340,1,2339.0,2339,0,22,15,15,9,9,3,3,7,327,3,9,0,0,7,0,0,0,0,5,22,5,0,0,0,0,0,0,0,0,0,0,0,0,0,0,0,0,0,0,0,0,0,0,0,0,0,0,0,0,0,0,0,0,0,0,0,0,0,0,0,0,0,0,0,0,0,0,0,0,0,0,0,0,0,0,0,0,0,0,0,0,0,0,0,0,0,0,0,0,0,0,7,4,2,4,10,12,1,22,2,1,2
2921.ps1,1,2251,1,2250.0,2250,0,22,15,15,9,9,3,3,7,309,3,9,0,0,7,0,0,0,0,5,20,5,0,0,0,0,0,0,0,0,0,0,0,0,0,0,0,0,0,0,0,0,0,0,0,0,0,0,0,0,0,0,0,0,0,0,0,0,0,0,0,0,0,0,0,0,0,0,0,0,0,0,0,0,0,0,0,0,0,0,0,0,0,0,0,0,0,0,0,0,0,0,7,4,2,4,10,12,1,22,2,1,2
2911.ps1,1,2575,1,2574.0,2574,0,33,18,18,12,12,5,5,12,327,4,11,0,0,11,0,0,0,2,2,26,11,0,0,0,0,0,0,0,0,0,0,0,0,0,0,0,0,0,0,0,0,0,0,0,0,0,0,0,0,0,0,0,0,0,0,0,0,0,0,0,0,0,0,0,0,0,0,0,0,0,0,0,1,0,0,0,0,0,0,0,0,0,0,0,0,0,0,0,0,0,0,4,2,2,2,3,9,3,11,0,0,0
2908.ps1,1,512,1,511.0,511,1,22,14,14,3,3,2,2,21,7,3,5,0,0,8,0,1,0,1,8,22,3,0,0,0,0,0,0,0,0,0,0,0,0,0,0,0,0,0,0,0,0,0,0,0,0,0,0,0,0,0,0,0,0,0,0,0,0,0,0,0,0,0,0,0,0,0,0,0,0,0,0,0,0,0,0,0,0,0,0,0,0,0,0,0,0,0,0,0,0,0,0,8,5,6,7,12,22,1,22,1,1,6
2919.ps1,1,2546,1,2545.0,2545,0,22,15,15,9,9,3,3,7,368,3,9,0,0,7,0,0,0,0,4,22,5,0,0,0,0,0,0,0,0,0,0,0,0,0,0,0,0,0,0,0,0,0,0,0,0,0,0,0,0,0,0,0,0,0,0,0,0,0,0,0,0,0,0,0,0,0,0,0,0,0,0,0,0,0,0,0,0,0,0,0,0,0,0,0,0,0,0,0,0,0,0,7,4,2,4,10,12,1,22,2,1,2
293.ps1,1,2453,1,2452.0,2452,0,22,15,15,9,9,3,3,7,352,3,9,0,0,7,0,0,0,0,5,22,5,0,0,0,0,0,0,0,0,0,0,0,0,0,0,0,0,0,0,0,0,0,0,0,0,0,0,0,0,0,0,0,0,0,0,0,0,0,0,0,0,0,0,0,0,0,0,0,0,0,0,0,0,0,0,0,0,0,0,0,0,0,0,0,0,0,0,0,0,0,0,7,4,2,4,10,12,1,22,2,1,2
2928.ps1,1,2248,1,2247.0,2247,0,22,15,15,9,9,3,3,7,309,3,9,0,0,7,0,0,0,0,5,19,5,0,0,0,0,0,0,0,0,0,0,0,0,0,0,0,0,0,0,0,0,0,0,0,0,0,0,0,0,0,0,0,0,0,0,0,0,0,0,0,0,0,0,0,0,0,0,0,0,0,0,0,0,0,0,0,0,0,0,0,0,0,0,0,0,0,0,0,0,0,0,7,4,2,4,10,12,1,22,2,1,2
2930.ps1,1,2340,1,2339.0,2339,0,22,15,15,9,9,3,3,7,327,3,9,0,0,7,0,0,0,0,5,22,5,0,0,0,0,0,0,0,0,0,0,0,0,0,0,0,0,0,0,0,0,0,0,0,0,0,0,0,0,0,0,0,0,0,0,0,0,0,0,0,0,0,0,0,0,0,0,0,0,0,0,0,0,0,0,0,0,0,0,0,0,0,0,0,0,0,0,0,0,0,0,7,4,2,4,10,12,1,22,2,1,2
2940.ps1,1,2340,1,2339.0,2339,0,22,15,15,9,9,3,3,7,327,3,9,0,0,7,0,0,0,0,4,20,5,0,0,0,0,0,0,0,0,0,0,0,0,0,0,0,0,0,0,0,0,0,0,0,0,0,0,0,0,0,0,0,0,0,0,0,0,0,0,0,0,0,0,0,0,0,0,0,0,0,0,0,0,0,0,0,0,0,0,0,0,0,0,0,0,0,0,0,0,0,0,7,4,2,4,10,12,1,22,2,1,2
2974.ps1,1,2283,1,2282.0,2282,0,22,15,15,9,9,3,3,7,318,3,9,0,0,7,0,0,0,0,5,22,5,0,0,0,0,0,0,0,0,0,0,0,0,0,0,0,0,0,0,0,0,0,0,0,0,0,0,0,0,0,0,0,0,0,0,0,0,0,0,0,0,0,0,0,0,0,0,0,0,0,0,0,0,0,0,0,0,0,0,0,0,0,0,0,0,0,0,0,0,0,0,7,4,2,4,10,12,1,22,2,1,2
2933.ps1,1,2530,1,2529.0,2529,0,34,18,18,12,12,5,5,12,309,4,16,0,0,12,0,0,0,2,2,32,12,0,0,0,0,0,0,0,0,0,0,0,0,0,0,0,0,0,0,0,0,0,0,0,0,0,0,0,0,0,0,0,0,0,0,0,0,0,0,0,0,0,0,0,0,0,0,0,0,0,0,0,1,0,0,0,0,0,0,0,0,0,0,0,0,0,0,0,0,0,0,5,2,2,2,3,10,3,12,0,0,0
2949.ps1,1,2238,1,2237.0,2237,0,22,15,15,9,9,3,3,7,309,3,9,0,0,7,0,0,0,0,5,22,5,0,0,0,0,0,0,0,0,0,0,0,0,0,0,0,0,0,0,0,0,0,0,0,0,0,0,0,0,0,0,0,0,0,0,0,0,0,0,0,0,0,0,0,0,0,0,0,0,0,0,0,0,0,0,0,0,0,0,0,0,0,0,0,0,0,0,0,0,0,0,7,4,2,4,10,12,1,22,2,1,2
2970.ps1,1,2340,1,2339.0,2339,0,22,15,15,9,9,3,3,7,327,3,9,0,0,7,0,0,0,0,4,17,5,0,0,0,0,0,0,0,0,0,0,0,0,0,0,0,0,0,0,0,0,0,0,0,0,0,0,0,0,0,0,0,0,0,0,0,0,0,0,0,0,0,0,0,0,0,0,0,0,0,0,0,0,0,0,0,0,0,0,0,0,0,0,0,0,0,0,0,0,0,0,7,4,2,4,10,12,1,22,2,1,2
2931.ps1,1,2206,1,2205.0,2205,0,22,15,15,9,9,3,3,7,300,3,9,0,0,7,0,0,0,0,4,22,5,0,0,0,0,0,0,0,0,0,0,0,0,0,0,0,0,0,0,0,0,0,0,0,0,0,0,0,0,0,0,0,0,0,0,0,0,0,0,0,0,0,0,0,0,0,0,0,0,0,0,0,0,0,0,0,0,0,0,0,0,0,0,0,0,0,0,0,0,0,0,7,4,2,4,10,12,1,22,2,1,2
2945.ps1,1,2248,1,2247.0,2247,0,22,15,15,9,9,3,3,7,309,3,9,0,0,7,0,0,0,0,5,22,5,0,0,0,0,0,0,0,0,0,0,0,0,0,0,0,0,0,0,0,0,0,0,0,0,0,0,0,0,0,0,0,0,0,0,0,0,0,0,0,0,0,0,0,0,0,0,0,0,0,0,0,0,0,0,0,0,0,0,0,0,0,0,0,0,0,0,0,0,0,0,7,4,2,4,10,12,1,22,2,1,2
2956.ps1,1,2452,1,2451.0,2451,0,22,15,15,9,9,3,3,7,352,3,9,0,0,7,0,0,0,0,4,22,5,0,0,0,0,0,0,0,0,0,0,0,0,0,0,0,0,0,0,0,0,0,0,0,0,0,0,0,0,0,0,0,0,0,0,0,0,0,0,0,0,0,0,0,0,0,0,0,0,0,0,0,0,0,0,0,0,0,0,0,0,0,0,0,0,0,0,0,0,0,0,7,4,2,4,10,12,1,22,2,1,2
2968.ps1,1,2237,1,2236.0,2236,0,22,15,15,9,9,3,3,7,309,3,9,0,0,7,0,0,0,0,4,22,5,0,0,0,0,0,0,0,0,0,0,0,0,0,0,0,0,0,0,0,0,0,0,0,0,0,0,0,0,0,0,0,0,0,0,0,0,0,0,0,0,0,0,0,0,0,0,0,0,0,0,0,0,0,0,0,0,0,0,0,0,0,0,0,0,0,0,0,0,0,0,7,4,2,4,10,12,1,22,2,1,2
2992.ps1,1,2252,1,2251.0,2251,0,22,15,15,9,9,3,3,7,309,3,9,0,0,7,0,0,0,0,5,22,5,0,0,0,0,0,0,0,0,0,0,0,0,0,0,0,0,0,0,0,0,0,0,0,0,0,0,0,0,0,0,0,0,0,0,0,0,0,0,0,0,0,0,0,0,0,0,0,0,0,0,0,0,0,0,0,0,0,0,0,0,0,0,0,0,0,0,0,0,0,0,7,4,2,4,10,12,1,22,2,1,2
2976.ps1,1,2339,1,2338.0,2338,0,22,15,15,9,9,3,3,7,327,3,9,0,0,7,0,0,0,0,4,22,5,0,0,0,0,0,0,0,0,0,0,0,0,0,0,0,0,0,0,0,0,0,0,0,0,0,0,0,0,0,0,0,0,0,0,0,0,0,0,0,0,0,0,0,0,0,0,0,0,0,0,0,0,0,0,0,0,0,0,0,0,0,0,0,0,0,0,0,0,0,0,7,4,2,4,10,12,1,22,2,1,2
2985.ps1,1,2745,1,2744.0,2744,0,34,18,18,12,12,5,5,12,352,4,16,0,0,12,0,0,0,2,2,32,12,0,0,0,0,0,0,0,0,0,0,0,0,0,0,0,0,0,0,0,0,0,0,0,0,0,0,0,0,0,0,0,0,0,0,0,0,0,0,0,0,0,0,0,0,0,0,0,0,0,0,0,1,0,0,0,0,0,0,0,0,0,0,0,0,0,0,0,0,0,0,5,2,2,2,3,10,3,12,0,0,0
2987.ps1,1,2237,1,2236.0,2236,0,22,15,15,9,9,3,3,7,309,3,9,0,0,7,0,0,0,0,4,22,5,0,0,0,0,0,0,0,0,0,0,0,0,0,0,0,0,0,0,0,0,0,0,0,0,0,0,0,0,0,0,0,0,0,0,0,0,0,0,0,0,0,0,0,0,0,0,0,0,0,0,0,0,0,0,0,0,0,0,0,0,0,0,0,0,0,0,0,0,0,0,7,4,2,4,10,12,1,22,2,1,2
2989.ps1,1,143,1,142.0,142,1,2,3,3,0,0,0,0,8,1,0,2,0,3,0,0,0,0,0,4,2,3,0,0,0,0,0,0,0,0,0,0,0,0,0,0,0,0,0,0,0,0,0,0,0,0,0,0,0,0,0,0,0,0,0,0,0,0,0,0,0,0,0,0,0,0,0,0,0,0,0,0,0,0,0,0,0,0,0,0,0,0,0,0,0,0,0,1,1,0,1,0,0,0,2,1,4,5,0,2,0,0,2
2979.ps1,1,2252,1,2251.0,2251,0,22,15,15,9,9,3,3,7,309,3,9,0,0,7,0,0,0,0,5,22,5,0,0,0,0,0,0,0,0,0,0,0,0,0,0,0,0,0,0,0,0,0,0,0,0,0,0,0,0,0,0,0,0,0,0,0,0,0,0,0,0,0,0,0,0,0,0,0,0,0,0,0,0,0,0,0,0,0,0,0,0,0,0,0,0,0,0,0,0,0,0,7,4,2,4,10,12,1,22,2,1,2
2998.ps1,1,2342,1,2341.0,2341,0,22,15,15,9,9,3,3,7,327,3,9,0,0,7,0,0,0,0,4,20,5,0,0,0,0,0,0,0,0,0,0,0,0,0,0,0,0,0,0,0,0,0,0,0,0,0,0,0,0,0,0,0,0,0,0,0,0,0,0,0,0,0,0,0,0,0,0,0,0,0,0,0,0,0,0,0,0,0,0,0,0,0,0,0,0,0,0,0,0,0,0,7,4,2,4,10,12,1,22,2,1,2
2994.ps1,1,2341,1,2340.0,2340,0,22,15,15,9,9,3,3,7,327,3,9,0,0,7,0,0,0,0,5,19,5,0,0,0,0,0,0,0,0,0,0,0,0,0,0,0,0,0,0,0,0,0,0,0,0,0,0,0,0,0,0,0,0,0,0,0,0,0,0,0,0,0,0,0,0,0,0,0,0,0,0,0,0,0,0,0,0,0,0,0,0,0,0,0,0,0,0,0,0,0,0,7,4,2,4,10,12,1,22,2,1,2
3009.ps1,1,2328,1,2327.0,2327,0,22,15,15,9,9,3,3,7,327,3,9,0,0,7,0,0,0,0,5,22,5,0,0,0,0,0,0,0,0,0,0,0,0,0,0,0,0,0,0,0,0,0,0,0,0,0,0,0,0,0,0,0,0,0,0,0,0,0,0,0,0,0,0,0,0,0,0,0,0,0,0,0,0,0,0,0,0,0,0,0,0,0,0,0,0,0,0,0,0,0,0,7,4,2,4,10,12,1,22,2,1,2
2993.ps1,1,2223,1,2222.0,2222,0,22,15,15,9,9,3,3,7,306,3,9,0,0,7,0,0,0,0,5,22,5,0,0,0,0,0,0,0,0,0,0,0,0,0,0,0,0,0,0,0,0,0,0,0,0,0,0,0,0,0,0,0,0,0,0,0,0,0,0,0,0,0,0,0,0,0,0,0,0,0,0,0,0,0,0,0,0,0,0,0,0,0,0,0,0,0,0,0,0,0,0,7,4,2,4,10,12,1,22,2,1,2
3.ps1,1,2657,1,2656.0,2656,0,22,15,15,9,9,3,3,7,393,3,9,0,0,7,0,0,0,0,4,22,5,0,0,0,0,0,0,0,0,0,0,0,0,0,0,0,0,0,0,0,0,0,0,0,0,0,0,0,0,0,0,0,0,0,0,0,0,0,0,0,0,0,0,0,0,0,0,0,0,0,0,0,0,0,0,0,0,0,0,0,0,0,0,0,0,0,0,0,0,0,0,7,4,2,4,10,12,1,22,2,1,2
3021.ps1,1,2237,1,2236.0,2236,0,22,15,15,9,9,3,3,7,309,3,9,0,0,7,0,0,0,0,4,22,5,0,0,0,0,0,0,0,0,0,0,0,0,0,0,0,0,0,0,0,0,0,0,0,0,0,0,0,0,0,0,0,0,0,0,0,0,0,0,0,0,0,0,0,0,0,0,0,0,0,0,0,0,0,0,0,0,0,0,0,0,0,0,0,0,0,0,0,0,0,0,7,4,2,4,10,12,1,22,2,1,2
299.ps1,1,2453,1,2452.0,2452,0,22,15,15,9,9,3,3,7,352,3,9,0,0,7,0,0,0,0,5,22,5,0,0,0,0,0,0,0,0,0,0,0,0,0,0,0,0,0,0,0,0,0,0,0,0,0,0,0,0,0,0,0,0,0,0,0,0,0,0,0,0,0,0,0,0,0,0,0,0,0,0,0,0,0,0,0,0,0,0,0,0,0,0,0,0,0,0,0,0,0,0,7,4,2,4,10,12,1,22,2,1,2
2981.ps1,1,144,1,143.0,143,1,2,3,3,0,0,0,0,8,1,0,2,0,3,0,0,0,0,0,5,2,3,0,0,0,0,0,0,0,0,0,0,0,0,0,0,0,0,0,0,0,0,0,0,0,0,0,0,0,0,0,0,0,0,0,0,0,0,0,0,0,0,0,0,0,0,0,0,0,0,0,0,0,0,0,0,0,0,0,0,0,0,0,0,0,0,0,1,1,0,1,0,0,0,2,1,4,5,0,2,0,0,2
3037.ps1,1,2451,1,2450.0,2450,0,22,15,15,9,9,3,3,7,352,3,9,0,0,7,0,0,0,0,3,22,5,0,0,0,0,0,0,0,0,0,0,0,0,0,0,0,0,0,0,0,0,0,0,0,0,0,0,0,0,0,0,0,0,0,0,0,0,0,0,0,0,0,0,0,0,0,0,0,0,0,0,0,0,0,0,0,0,0,0,0,0,0,0,0,0,0,0,0,0,0,0,7,4,2,4,10,12,1,22,2,1,2
3029.ps1,1,2340,1,2339.0,2339,0,22,15,15,9,9,3,3,7,327,3,9,0,0,7,0,0,0,0,4,22,5,0,0,0,0,0,0,0,0,0,0,0,0,0,0,0,0,0,0,0,0,0,0,0,0,0,0,0,0,0,0,0,0,0,0,0,0,0,0,0,0,0,0,0,0,0,0,0,0,0,0,0,0,0,0,0,0,0,0,0,0,0,0,0,0,0,0,0,0,0,0,7,4,2,4,10,12,1,22,2,1,2
3032.ps1,1,2192,1,2191.0,2191,0,22,15,15,9,9,3,3,7,300,3,9,0,0,7,0,0,0,0,4,22,5,0,0,0,0,0,0,0,0,0,0,0,0,0,0,0,0,0,0,0,0,0,0,0,0,0,0,0,0,0,0,0,0,0,0,0,0,0,0,0,0,0,0,0,0,0,0,0,0,0,0,0,0,0,0,0,0,0,0,0,0,0,0,0,0,0,0,0,0,0,0,7,4,2,4,10,12,1,22,2,1,2
301.ps1,1,2238,1,2237.0,2237,0,22,15,15,9,9,3,3,7,309,3,9,0,0,7,0,0,0,0,5,22,5,0,0,0,0,0,0,0,0,0,0,0,0,0,0,0,0,0,0,0,0,0,0,0,0,0,0,0,0,0,0,0,0,0,0,0,0,0,0,0,0,0,0,0,0,0,0,0,0,0,0,0,0,0,0,0,0,0,0,0,0,0,0,0,0,0,0,0,0,0,0,7,4,2,4,10,12,1,22,2,1,2
3043.ps1,1,191,1,190.0,190,1,2,3,3,0,0,0,0,8,1,0,2,0,5,1,0,0,0,0,5,2,3,0,0,0,0,0,0,0,0,0,0,0,0,0,0,0,0,0,0,0,0,0,0,0,0,0,0,0,0,0,0,0,0,0,0,0,0,0,0,0,0,0,0,0,0,0,0,0,0,0,0,0,0,0,0,0,0,0,0,0,0,0,0,0,0,0,1,1,0,1,0,0,0,2,1,4,5,0,2,0,0,2
3028.ps1,1,2452,1,2451.0,2451,0,22,15,15,9,9,3,3,7,352,3,9,0,0,7,0,0,0,0,4,22,5,0,0,0,0,0,0,0,0,0,0,0,0,0,0,0,0,0,0,0,0,0,0,0,0,0,0,0,0,0,0,0,0,0,0,0,0,0,0,0,0,0,0,0,0,0,0,0,0,0,0,0,0,0,0,0,0,0,0,0,0,0,0,0,0,0,0,0,0,0,0,7,4,2,4,10,12,1,22,2,1,2
3024.ps1,1,2236,1,2235.0,2235,0,22,15,15,9,9,3,3,7,309,3,9,0,0,7,0,0,0,0,3,22,5,0,0,0,0,0,0,0,0,0,0,0,0,0,0,0,0,0,0,0,0,0,0,0,0,0,0,0,0,0,0,0,0,0,0,0,0,0,0,0,0,0,0,0,0,0,0,0,0,0,0,0,0,0,0,0,0,0,0,0,0,0,0,0,0,0,0,0,0,0,0,7,4,2,4,10,12,1,22,2,1,2
3036.ps1,1,2452,1,2451.0,2451,0,22,15,15,9,9,3,3,7,352,3,9,0,0,7,0,0,0,0,4,22,5,0,0,0,0,0,0,0,0,0,0,0,0,0,0,0,0,0,0,0,0,0,0,0,0,0,0,0,0,0,0,0,0,0,0,0,0,0,0,0,0,0,0,0,0,0,0,0,0,0,0,0,0,0,0,0,0,0,0,0,0,0,0,0,0,0,0,0,0,0,0,7,4,2,4,10,12,1,22,2,1,2
3046.ps1,1,2283,1,2282.0,2282,0,22,15,15,9,9,3,3,7,318,3,9,0,0,7,0,0,0,0,5,22,5,0,0,0,0,0,0,0,0,0,0,0,0,0,0,0,0,0,0,0,0,0,0,0,0,0,0,0,0,0,0,0,0,0,0,0,0,0,0,0,0,0,0,0,0,0,0,0,0,0,0,0,0,0,0,0,0,0,0,0,0,0,0,0,0,0,0,0,0,0,0,7,4,2,4,10,12,1,22,2,1,2
3022.ps1,1,2237,1,2236.0,2236,0,22,15,15,9,9,3,3,7,309,3,9,0,0,7,0,0,0,0,4,22,5,0,0,0,0,0,0,0,0,0,0,0,0,0,0,0,0,0,0,0,0,0,0,0,0,0,0,0,0,0,0,0,0,0,0,0,0,0,0,0,0,0,0,0,0,0,0,0,0,0,0,0,0,0,0,0,0,0,0,0,0,0,0,0,0,0,0,0,0,0,0,7,4,2,4,10,12,1,22,2,1,2
3053.ps1,1,462,1,461.0,461,1,15,6,6,7,7,1,1,20,1,2,5,0,5,7,0,2,0,0,3,15,5,0,0,0,0,0,0,0,0,0,0,0,0,0,0,0,0,0,0,0,0,0,0,0,0,0,0,0,0,0,0,0,0,0,0,0,0,0,0,0,0,0,0,0,0,0,0,0,0,0,0,0,0,0,0,0,0,0,0,0,0,0,0,0,0,0,1,1,1,0,0,7,3,3,2,8,18,2,15,2,0,3
3048.ps1,1,2713,1,2712.0,2712,0,22,15,15,9,9,3,3,7,402,3,9,0,0,7,0,0,0,0,3,22,5,0,0,0,0,0,0,0,0,0,0,0,0,0,0,0,0,0,0,0,0,0,0,0,0,0,0,0,0,0,0,0,0,0,0,0,0,0,0,0,0,0,0,0,0,0,0,0,0,0,0,0,0,0,0,0,0,0,0,0,0,0,0,0,0,0,0,0,0,0,0,7,4,2,4,10,12,1,22,2,1,2
3031.ps1,1,2328,1,2327.0,2327,0,22,15,15,9,9,3,3,7,327,3,9,0,0,7,0,0,0,0,5,22,5,0,0,0,0,0,0,0,0,0,0,0,0,0,0,0,0,0,0,0,0,0,0,0,0,0,0,0,0,0,0,0,0,0,0,0,0,0,0,0,0,0,0,0,0,0,0,0,0,0,0,0,0,0,0,0,0,0,0,0,0,0,0,0,0,0,0,0,0,0,0,7,4,2,4,10,12,1,22,2,1,2
3054.ps1,1,2340,1,2339.0,2339,0,22,15,15,9,9,3,3,7,327,3,9,0,0,7,0,0,0,0,5,22,5,0,0,0,0,0,0,0,0,0,0,0,0,0,0,0,0,0,0,0,0,0,0,0,0,0,0,0,0,0,0,0,0,0,0,0,0,0,0,0,0,0,0,0,0,0,0,0,0,0,0,0,0,0,0,0,0,0,0,0,0,0,0,0,0,0,0,0,0,0,0,7,4,2,4,10,12,1,22,2,1,2
3051.ps1,1,2334,1,2333.0,2333,0,18,8,8,4,4,2,2,20,2,28,8,0,28,12,0,0,0,0,2,18,6,0,0,0,0,0,0,0,0,0,0,0,0,0,0,0,0,0,0,0,0,0,0,0,0,0,0,0,0,0,0,0,0,3,0,0,0,0,0,0,0,0,0,0,0,0,0,0,0,1,0,0,0,0,1,0,0,2,1,0,0,0,1,0,0,0,0,0,0,0,3,10,2,1,1,2,14,2,16,0,0,0
3056.ps1,1,2306,1,2305.0,2305,0,24,15,15,11,11,3,3,7,309,3,9,0,0,8,0,0,0,0,3,24,5,0,0,0,0,0,0,0,0,0,0,0,0,0,0,0,0,0,0,0,0,0,0,0,0,0,0,0,0,0,0,0,0,0,0,0,0,0,0,0,0,0,0,0,0,0,0,0,0,0,0,0,0,0,0,0,0,0,0,0,0,0,0,0,0,0,0,0,0,0,0,8,4,2,4,10,12,1,24,3,1,2
3052.ps1,1,138,1,137.0,137,1,4,3,3,0,0,0,0,6,1,1,2,0,3,1,0,0,0,0,6,4,2,0,0,0,0,0,0,0,0,0,0,0,0,0,0,0,0,0,0,0,0,0,0,0,0,0,0,0,0,0,0,0,0,0,0,0,0,0,0,0,0,0,0,0,0,0,0,0,0,0,0,0,0,0,0,0,0,0,0,0,0,0,0,0,0,0,1,1,0,1,0,1,1,2,1,4,6,0,4,0,0,2
3044.ps1,1,2192,1,2191.0,2191,0,22,15,15,9,9,3,3,7,300,3,9,0,0,7,0,0,0,0,4,22,5,0,0,0,0,0,0,0,0,0,0,0,0,0,0,0,0,0,0,0,0,0,0,0,0,0,0,0,0,0,0,0,0,0,0,0,0,0,0,0,0,0,0,0,0,0,0,0,0,0,0,0,0,0,0,0,0,0,0,0,0,0,0,0,0,0,0,0,0,0,0,7,4,2,4,10,12,1,22,2,1,2
3049.ps1,1,2252,1,2251.0,2251,0,22,15,15,9,9,3,3,7,309,3,9,0,0,7,0,0,0,0,5,22,5,0,0,0,0,0,0,0,0,0,0,0,0,0,0,0,0,0,0,0,0,0,0,0,0,0,0,0,0,0,0,0,0,0,0,0,0,0,0,0,0,0,0,0,0,0,0,0,0,0,0,0,0,0,0,0,0,0,0,0,0,0,0,0,0,0,0,0,0,0,0,7,4,2,4,10,12,1,22,2,1,2
3059.ps1,1,2238,1,2237.0,2237,0,22,15,15,9,9,3,3,7,309,3,9,0,0,7,0,0,0,0,5,22,5,0,0,0,0,0,0,0,0,0,0,0,0,0,0,0,0,0,0,0,0,0,0,0,0,0,0,0,0,0,0,0,0,0,0,0,0,0,0,0,0,0,0,0,0,0,0,0,0,0,0,0,0,0,0,0,0,0,0,0,0,0,0,0,0,0,0,0,0,0,0,7,4,2,4,10,12,1,22,2,1,2
3069.ps1,1,2238,1,2237.0,2237,0,22,15,15,9,9,3,3,7,309,3,9,0,0,7,0,0,0,0,5,22,5,0,0,0,0,0,0,0,0,0,0,0,0,0,0,0,0,0,0,0,0,0,0,0,0,0,0,0,0,0,0,0,0,0,0,0,0,0,0,0,0,0,0,0,0,0,0,0,0,0,0,0,0,0,0,0,0,0,0,0,0,0,0,0,0,0,0,0,0,0,0,7,4,2,4,10,12,1,22,2,1,2
3060.ps1,1,452,1,451.0,451,1,15,6,6,7,7,1,1,21,1,2,4,0,5,7,0,2,0,0,4,15,5,0,0,0,0,0,0,0,0,0,0,0,0,0,0,0,0,0,0,0,0,0,0,0,0,0,0,0,0,0,0,0,0,0,0,0,0,0,0,0,0,0,0,0,0,0,0,0,0,0,0,0,0,0,0,0,0,0,0,0,0,0,0,0,0,0,1,1,1,0,0,7,3,3,2,8,18,2,15,2,0,3
3072.ps1,1,2340,1,2339.0,2339,0,22,15,15,9,9,3,3,7,327,3,9,0,0,7,0,0,0,0,4,22,5,0,0,0,0,0,0,0,0,0,0,0,0,0,0,0,0,0,0,0,0,0,0,0,0,0,0,0,0,0,0,0,0,0,0,0,0,0,0,0,0,0,0,0,0,0,0,0,0,0,0,0,0,0,0,0,0,0,0,0,0,0,0,0,0,0,0,0,0,0,0,7,4,2,4,10,12,1,22,2,1,2
3092.ps1,1,2340,1,2339.0,2339,0,22,15,15,9,9,3,3,7,327,3,9,0,0,7,0,0,0,0,5,22,5,0,0,0,0,0,0,0,0,0,0,0,0,0,0,0,0,0,0,0,0,0,0,0,0,0,0,0,0,0,0,0,0,0,0,0,0,0,0,0,0,0,0,0,0,0,0,0,0,0,0,0,0,0,0,0,0,0,0,0,0,0,0,0,0,0,0,0,0,0,0,7,4,2,4,10,12,1,22,2,1,2
3095.ps1,1,2656,1,2655.0,2655,0,22,15,15,9,9,3,3,7,390,3,9,0,0,7,0,0,0,0,5,19,5,0,0,0,0,0,0,0,0,0,0,0,0,0,0,0,0,0,0,0,0,0,0,0,0,0,0,0,0,0,0,0,0,0,0,0,0,0,0,0,0,0,0,0,0,0,0,0,0,0,0,0,0,0,0,0,0,0,0,0,0,0,0,0,0,0,0,0,0,0,0,7,4,2,4,10,12,1,22,2,1,2
3093.ps1,1,2497,1,2496.0,2496,0,22,15,15,9,9,3,3,7,359,3,9,0,0,7,0,0,0,0,4,22,5,0,0,0,0,0,0,0,0,0,0,0,0,0,0,0,0,0,0,0,0,0,0,0,0,0,0,0,0,0,0,0,0,0,0,0,0,0,0,0,0,0,0,0,0,0,0,0,0,0,0,0,0,0,0,0,0,0,0,0,0,0,0,0,0,0,0,0,0,0,0,7,4,2,4,10,12,1,22,2,1,2
3096.ps1,1,2342,1,2341.0,2341,0,22,15,15,9,9,3,3,7,327,3,9,0,0,7,0,0,0,0,4,22,5,0,0,0,0,0,0,0,0,0,0,0,0,0,0,0,0,0,0,0,0,0,0,0,0,0,0,0,0,0,0,0,0,0,0,0,0,0,0,0,0,0,0,0,0,0,0,0,0,0,0,0,0,0,0,0,0,0,0,0,0,0,0,0,0,0,0,0,0,0,0,7,4,2,4,10,12,1,22,2,1,2
3070.ps1,1,2553,1,2552.0,2552,0,22,15,15,9,9,3,3,7,369,3,9,0,0,7,0,0,0,0,5,22,5,0,0,0,0,0,0,0,0,0,0,0,0,0,0,0,0,0,0,0,0,0,0,0,0,0,0,0,0,0,0,0,0,0,0,0,0,0,0,0,0,0,0,0,0,0,0,0,0,0,0,0,0,0,0,0,0,0,0,0,0,0,0,0,0,0,0,0,0,0,0,7,4,2,4,10,12,1,22,2,1,2
3097.ps1,1,992,1,991.0,991,1,68,15,14,24,23,6,6,44,11,7,4,0,7,21,1,8,0,1,3,68,10,0,0,0,0,0,0,0,0,0,0,0,0,0,0,0,0,0,0,0,0,0,0,0,0,0,0,0,0,0,0,0,0,0,0,0,0,0,0,0,0,0,0,0,0,0,0,0,0,0,0,0,0,0,0,0,0,1,0,0,0,0,0,0,0,0,1,1,0,0,0,19,17,7,7,16,36,5,68,1,5,6
3073.ps1,1,2342,1,2341.0,2341,0,22,15,15,9,9,3,3,7,327,3,9,0,0,7,0,0,0,0,5,22,5,0,0,0,0,0,0,0,0,0,0,0,0,0,0,0,0,0,0,0,0,0,0,0,0,0,0,0,0,0,0,0,0,0,0,0,0,0,0,0,0,0,0,0,0,0,0,0,0,0,0,0,0,0,0,0,0,0,0,0,0,0,0,0,0,0,0,0,0,0,0,7,4,2,4,10,12,1,22,2,1,2
3084.ps1,1,160,1,159.0,159,1,0,3,3,0,0,0,0,10,0,0,3,0,6,0,0,0,0,0,8,0,1,0,0,0,0,0,0,0,0,0,0,0,0,0,0,0,0,0,0,0,0,0,0,0,0,0,0,0,0,0,0,0,0,0,0,0,0,0,0,0,0,0,0,0,0,0,0,0,0,0,0,0,0,0,0,0,0,0,0,0,0,0,0,0,0,0,0,1,1,0,0,0,0,4,1,5,10,0,0,0,0,2
3062.ps1,1,83,1,82.0,82,1,0,3,3,0,0,0,0,5,0,0,1,0,3,0,0,0,0,0,3,0,1,0,0,0,0,0,0,0,0,0,0,0,0,0,0,0,0,0,0,0,0,0,0,0,0,0,0,0,0,0,0,0,0,0,0,0,0,0,0,0,0,0,0,0,0,0,0,0,0,0,0,0,0,0,0,0,0,0,0,0,0,0,0,0,0,0,0,1,1,0,0,0,0,2,1,3,5,0,0,0,0,2
3094.ps1,1,507,1,506.0,506,1,19,7,7,7,7,4,4,21,1,2,7,0,5,9,0,2,0,0,4,19,5,0,0,0,0,0,0,0,0,0,0,0,0,0,0,0,0,0,0,0,0,0,0,0,0,0,0,0,0,0,0,0,0,0,0,0,0,0,0,0,0,0,0,0,0,0,0,0,0,0,0,0,0,0,0,0,0,0,0,0,0,0,0,0,0,0,1,1,1,0,0,9,4,4,2,11,19,2,19,2,0,3
3111.ps1,1,444,1,443.0,443,1,15,6,6,7,7,1,1,21,1,2,4,0,5,7,0,2,0,0,3,15,5,0,0,0,0,0,0,0,0,0,0,0,0,0,0,0,0,0,0,0,0,0,0,0,0,0,0,0,0,0,0,0,0,0,0,0,0,0,0,0,0,0,0,0,0,0,0,0,0,0,0,0,0,0,0,0,0,0,0,0,0,0,0,0,0,0,1,1,1,0,0,7,3,3,2,8,18,2,15,2,0,3
3098.ps1,1,451,1,450.0,450,1,15,7,6,7,7,1,2,21,1,2,4,0,5,7,1,2,1,0,4,15,5,0,0,0,0,0,0,0,0,0,0,0,0,0,0,0,0,0,0,0,0,0,0,0,0,0,0,0,0,0,0,0,0,0,0,0,0,0,0,0,0,0,0,0,0,0,0,0,0,0,0,0,0,0,0,0,0,0,0,0,0,0,0,0,0,0,1,1,1,0,0,7,3,3,2,8,18,2,15,2,0,3
3109.ps1,1,2250,1,2249.0,2249,0,22,15,15,9,9,3,3,7,309,3,9,0,0,7,0,0,0,0,3,22,5,0,0,0,0,0,0,0,0,0,0,0,0,0,0,0,0,0,0,0,0,0,0,0,0,0,0,0,0,0,0,0,0,0,0,0,0,0,0,0,0,0,0,0,0,0,0,0,0,0,0,0,0,0,0,0,0,0,0,0,0,0,0,0,0,0,0,0,0,0,0,7,4,2,4,10,12,1,22,2,1,2
3103.ps1,1,448,1,447.0,447,1,16,6,7,7,8,1,2,21,1,3,4,1,6,7,0,2,0,0,3,15,5,0,0,0,0,0,0,0,0,0,0,0,0,0,0,0,0,0,0,0,0,0,0,0,0,0,0,0,0,0,0,0,0,0,0,0,0,0,0,0,0,0,0,0,0,0,0,0,0,0,0,0,0,0,0,0,0,0,0,0,0,0,0,0,0,0,1,1,1,0,0,7,3,3,2,8,18,2,15,2,0,3
3104.ps1,1,2341,1,2340.0,2340,0,22,15,15,9,9,3,3,7,327,3,9,0,0,7,0,0,0,0,5,20,5,0,0,0,0,0,0,0,0,0,0,0,0,0,0,0,0,0,0,0,0,0,0,0,0,0,0,0,0,0,0,0,0,0,0,0,0,0,0,0,0,0,0,0,0,0,0,0,0,0,0,0,0,0,0,0,0,0,0,0,0,0,0,0,0,0,0,0,0,0,0,7,4,2,4,10,12,1,22,2,1,2
3099.ps1,1,2342,1,2341.0,2341,0,22,15,15,9,9,3,3,7,327,3,9,0,0,7,0,0,0,0,4,20,5,0,0,0,0,0,0,0,0,0,0,0,0,0,0,0,0,0,0,0,0,0,0,0,0,0,0,0,0,0,0,0,0,0,0,0,0,0,0,0,0,0,0,0,0,0,0,0,0,0,0,0,0,0,0,0,0,0,0,0,0,0,0,0,0,0,0,0,0,0,0,7,4,2,4,10,12,1,22,2,1,2
3100.ps1,1,86,1,85.0,85,1,0,3,3,0,0,0,0,4,0,0,1,0,4,0,0,0,0,0,3,0,1,0,0,0,0,0,0,0,0,0,0,0,0,0,0,0,0,0,0,0,0,0,0,0,0,0,0,0,0,0,0,0,0,0,0,0,0,0,0,0,0,0,0,0,0,0,0,0,0,0,0,0,0,0,0,0,0,0,0,0,0,0,0,0,0,0,0,1,1,0,0,0,0,2,1,3,5,0,0,0,0,2
3108.ps1,1,2453,1,2452.0,2452,0,22,15,15,9,9,3,3,7,352,3,9,0,0,7,0,0,0,0,5,22,5,0,0,0,0,0,0,0,0,0,0,0,0,0,0,0,0,0,0,0,0,0,0,0,0,0,0,0,0,0,0,0,0,0,0,0,0,0,0,0,0,0,0,0,0,0,0,0,0,0,0,0,0,0,0,0,0,0,0,0,0,0,0,0,0,0,0,0,0,0,0,7,4,2,4,10,12,1,22,2,1,2
3105.ps1,1,2739,1,2738.0,2738,0,18,8,8,4,4,2,2,20,2,32,8,0,36,12,0,0,0,0,3,18,6,0,0,0,0,0,0,0,0,0,0,0,0,0,0,0,0,0,0,0,0,0,0,0,0,0,0,0,0,0,0,0,0,0,0,0,0,0,0,0,0,0,0,0,0,0,0,0,0,1,0,0,0,0,1,0,0,2,1,0,0,0,1,0,0,0,0,0,0,0,3,10,2,1,1,2,14,2,16,0,0,0
3119.ps1,1,447,1,446.0,446,1,15,6,7,7,8,2,1,21,1,2,4,0,5,7,0,2,1,0,4,15,5,0,0,0,0,0,0,0,0,0,0,0,0,0,0,0,0,0,0,0,0,0,0,0,0,0,0,0,0,0,0,0,0,0,0,0,0,0,0,0,0,0,0,0,0,0,0,0,0,0,0,0,0,0,0,0,0,0,0,0,0,0,0,0,0,0,1,1,1,0,0,7,3,3,2,8,18,2,15,2,0,3
3121.ps1,1,2340,1,2339.0,2339,0,22,15,15,9,9,3,3,7,327,3,9,0,0,7,0,0,0,0,5,22,5,0,0,0,0,0,0,0,0,0,0,0,0,0,0,0,0,0,0,0,0,0,0,0,0,0,0,0,0,0,0,0,0,0,0,0,0,0,0,0,0,0,0,0,0,0,0,0,0,0,0,0,0,0,0,0,0,0,0,0,0,0,0,0,0,0,0,0,0,0,0,7,4,2,4,10,12,1,22,2,1,2
3128.ps1,1,2247,1,2246.0,2246,0,22,15,15,9,9,3,3,7,309,3,9,0,0,7,0,0,0,0,4,22,5,0,0,0,0,0,0,0,0,0,0,0,0,0,0,0,0,0,0,0,0,0,0,0,0,0,0,0,0,0,0,0,0,0,0,0,0,0,0,0,0,0,0,0,0,0,0,0,0,0,0,0,0,0,0,0,0,0,0,0,0,0,0,0,0,0,0,0,0,0,0,7,4,2,4,10,12,1,22,2,1,2
311.ps1,1,2339,1,2338.0,2338,0,22,15,15,9,9,3,3,7,327,3,9,0,0,7,0,0,0,0,4,22,5,0,0,0,0,0,0,0,0,0,0,0,0,0,0,0,0,0,0,0,0,0,0,0,0,0,0,0,0,0,0,0,0,0,0,0,0,0,0,0,0,0,0,0,0,0,0,0,0,0,0,0,0,0,0,0,0,0,0,0,0,0,0,0,0,0,0,0,0,0,0,7,4,2,4,10,12,1,22,2,1,2
3120.ps1,1,2251,1,2250.0,2250,0,22,15,15,9,9,3,3,7,309,3,9,0,0,7,0,0,0,0,4,22,5,0,0,0,0,0,0,0,0,0,0,0,0,0,0,0,0,0,0,0,0,0,0,0,0,0,0,0,0,0,0,0,0,0,0,0,0,0,0,0,0,0,0,0,0,0,0,0,0,0,0,0,0,0,0,0,0,0,0,0,0,0,0,0,0,0,0,0,0,0,0,7,4,2,4,10,12,1,22,2,1,2
3136.ps1,1,451,1,450.0,450,1,16,7,7,8,7,2,1,22,2,2,5,1,6,7,1,2,0,0,4,15,5,0,0,0,0,0,0,0,0,0,0,0,0,0,0,0,0,0,0,0,0,0,0,0,0,0,0,0,0,0,0,0,0,0,0,0,0,0,0,0,0,0,0,0,0,0,0,0,0,0,0,0,0,0,0,0,0,0,0,0,0,0,0,0,0,0,1,1,1,0,0,7,3,3,2,8,18,2,15,2,0,3
3137.ps1,1,450,1,449.0,449,1,16,7,6,7,8,2,1,21,1,2,5,0,5,7,0,2,1,1,5,15,5,0,0,0,0,0,0,0,0,0,0,0,0,0,0,0,0,0,0,0,0,0,0,0,0,0,0,0,0,0,0,0,0,0,0,0,0,0,0,0,0,0,0,0,0,0,0,0,0,0,0,0,0,0,0,0,0,0,0,0,0,0,0,0,0,0,1,1,1,0,0,7,3,3,2,8,18,2,15,2,0,3
3133.ps1,1,2339,1,2338.0,2338,0,22,15,15,9,9,3,3,7,327,3,9,0,0,7,0,0,0,0,4,22,5,0,0,0,0,0,0,0,0,0,0,0,0,0,0,0,0,0,0,0,0,0,0,0,0,0,0,0,0,0,0,0,0,0,0,0,0,0,0,0,0,0,0,0,0,0,0,0,0,0,0,0,0,0,0,0,0,0,0,0,0,0,0,0,0,0,0,0,0,0,0,7,4,2,4,10,12,1,22,2,1,2
3129.ps1,1,2307,1,2306.0,2306,0,24,15,15,11,11,3,3,7,309,3,9,0,0,8,0,0,0,0,4,24,5,0,0,0,0,0,0,0,0,0,0,0,0,0,0,0,0,0,0,0,0,0,0,0,0,0,0,0,0,0,0,0,0,0,0,0,0,0,0,0,0,0,0,0,0,0,0,0,0,0,0,0,0,0,0,0,0,0,0,0,0,0,0,0,0,0,0,0,0,0,0,8,4,2,4,10,12,1,24,3,1,2
3123.ps1,1,2250,1,2249.0,2249,0,22,15,15,9,9,3,3,7,309,3,9,0,0,7,0,0,0,0,5,22,5,0,0,0,0,0,0,0,0,0,0,0,0,0,0,0,0,0,0,0,0,0,0,0,0,0,0,0,0,0,0,0,0,0,0,0,0,0,0,0,0,0,0,0,0,0,0,0,0,0,0,0,0,0,0,0,0,0,0,0,0,0,0,0,0,0,0,0,0,0,0,7,4,2,4,10,12,1,22,2,1,2
3141.ps1,1,2507,1,2506.0,2506,0,22,15,15,9,9,3,3,7,360,3,9,0,0,7,0,0,0,0,4,22,5,0,0,0,0,0,0,0,0,0,0,0,0,0,0,0,0,0,0,0,0,0,0,0,0,0,0,0,0,0,0,0,0,0,0,0,0,0,0,0,0,0,0,0,0,0,0,0,0,0,0,0,0,0,0,0,0,0,0,0,0,0,0,0,0,0,0,0,0,0,0,7,4,2,4,10,12,1,22,2,1,2
3134.ps1,1,506,1,505.0,505,1,15,6,6,8,8,1,1,23,1,2,4,0,5,8,0,2,0,0,3,15,5,0,0,0,0,0,0,0,0,0,0,0,0,0,0,0,0,0,0,0,0,0,0,0,0,0,0,0,0,0,0,0,0,0,0,0,0,0,0,0,0,0,0,0,0,0,0,0,0,0,0,0,0,0,0,0,0,0,0,0,0,0,0,0,0,0,1,1,1,0,0,8,3,3,2,8,19,3,15,2,0,3
3143.ps1,1,598,1,597.0,597,1,23,6,6,2,2,3,3,18,3,3,10,0,2,11,0,0,0,0,9,23,5,0,0,0,0,0,0,0,0,0,0,0,0,0,0,0,0,0,0,0,0,0,0,0,0,0,0,0,0,0,0,0,0,0,0,0,0,0,0,0,0,0,0,0,0,0,0,0,0,0,0,0,0,0,0,0,0,1,1,0,0,0,0,0,0,0,0,0,0,0,0,10,6,5,5,7,24,2,23,0,1,0
3146.ps1,1,2340,1,2339.0,2339,0,22,15,15,9,9,3,3,7,327,3,9,0,0,7,0,0,0,0,4,22,5,0,0,0,0,0,0,0,0,0,0,0,0,0,0,0,0,0,0,0,0,0,0,0,0,0,0,0,0,0,0,0,0,0,0,0,0,0,0,0,0,0,0,0,0,0,0,0,0,0,0,0,0,0,0,0,0,0,0,0,0,0,0,0,0,0,0,0,0,0,0,7,4,2,4,10,12,1,22,2,1,2
3152.ps1,1,2577,1,2576.0,2576,0,22,15,15,9,9,3,3,7,374,3,9,0,0,7,0,0,0,0,4,19,5,0,0,0,0,0,0,0,0,0,0,0,0,0,0,0,0,0,0,0,0,0,0,0,0,0,0,0,0,0,0,0,0,0,0,0,0,0,0,0,0,0,0,0,0,0,0,0,0,0,0,0,0,0,0,0,0,0,0,0,0,0,0,0,0,0,0,0,0,0,0,7,4,2,4,10,12,1,22,2,1,2
316.ps1,1,2337,1,2336.0,2336,0,22,15,15,9,9,3,3,7,327,3,9,0,0,7,0,0,0,0,4,22,5,0,0,0,0,0,0,0,0,0,0,0,0,0,0,0,0,0,0,0,0,0,0,0,0,0,0,0,0,0,0,0,0,0,0,0,0,0,0,0,0,0,0,0,0,0,0,0,0,0,0,0,0,0,0,0,0,0,0,0,0,0,0,0,0,0,0,0,0,0,0,7,4,2,4,10,12,1,22,2,1,2
314.ps1,1,2236,1,2235.0,2235,0,22,15,15,9,9,3,3,7,309,3,9,0,0,7,0,0,0,0,3,22,5,0,0,0,0,0,0,0,0,0,0,0,0,0,0,0,0,0,0,0,0,0,0,0,0,0,0,0,0,0,0,0,0,0,0,0,0,0,0,0,0,0,0,0,0,0,0,0,0,0,0,0,0,0,0,0,0,0,0,0,0,0,0,0,0,0,0,0,0,0,0,7,4,2,4,10,12,1,22,2,1,2
3156.ps1,1,2487,1,2486.0,2486,0,22,15,15,9,9,3,3,7,356,3,9,0,0,7,0,0,0,0,4,22,5,0,0,0,0,0,0,0,0,0,0,0,0,0,0,0,0,0,0,0,0,0,0,0,0,0,0,0,0,0,0,0,0,0,0,0,0,0,0,0,0,0,0,0,0,0,0,0,0,0,0,0,0,0,0,0,0,0,0,0,0,0,0,0,0,0,0,0,0,0,0,7,4,2,4,10,12,1,22,2,1,2
3159.ps1,1,2683,1,2682.0,2682,0,22,15,15,9,9,3,3,7,396,3,9,0,0,7,0,0,0,0,5,22,5,0,0,0,0,0,0,0,0,0,0,0,0,0,0,0,0,0,0,0,0,0,0,0,0,0,0,0,0,0,0,0,0,0,0,0,0,0,0,0,0,0,0,0,0,0,0,0,0,0,0,0,0,0,0,0,0,0,0,0,0,0,0,0,0,0,0,0,0,0,0,7,4,2,4,10,12,1,22,2,1,2
3164.ps1,1,536,1,535.0,535,1,16,6,6,8,8,2,2,22,1,2,5,0,5,8,0,2,0,0,3,16,5,0,0,0,0,0,0,0,0,0,0,0,0,0,0,0,0,0,0,0,0,0,0,0,0,0,0,0,0,0,0,0,0,0,0,0,0,0,0,0,0,0,0,0,0,0,0,0,0,0,0,0,0,0,0,0,0,1,0,0,0,0,0,0,0,0,1,1,1,0,0,8,3,3,2,9,19,3,16,2,0,3
3138.ps1,1,504,1,503.0,503,1,15,7,7,9,8,1,2,23,1,3,4,1,5,9,1,3,0,0,3,15,5,0,0,0,0,0,0,0,0,0,0,0,0,0,0,0,0,0,0,0,0,0,0,0,0,0,0,0,0,0,0,0,0,0,0,0,0,0,0,0,0,0,0,0,0,0,0,0,0,0,0,0,0,0,0,0,0,0,0,0,0,0,0,0,0,0,1,1,1,0,0,8,3,3,2,8,19,3,15,2,0,3
3157.ps1,1,2338,1,2337.0,2337,0,22,15,15,9,9,3,3,7,327,3,9,0,0,7,0,0,0,0,5,22,5,0,0,0,0,0,0,0,0,0,0,0,0,0,0,0,0,0,0,0,0,0,0,0,0,0,0,0,0,0,0,0,0,0,0,0,0,0,0,0,0,0,0,0,0,0,0,0,0,0,0,0,0,0,0,0,0,0,0,0,0,0,0,0,0,0,0,0,0,0,0,7,4,2,4,10,12,1,22,2,1,2
3153.ps1,1,2341,1,2340.0,2340,0,22,15,15,9,9,3,3,7,327,3,9,0,0,7,0,0,0,0,4,22,5,0,0,0,0,0,0,0,0,0,0,0,0,0,0,0,0,0,0,0,0,0,0,0,0,0,0,0,0,0,0,0,0,0,0,0,0,0,0,0,0,0,0,0,0,0,0,0,0,0,0,0,0,0,0,0,0,0,0,0,0,0,0,0,0,0,0,0,0,0,0,7,4,2,4,10,12,1,22,2,1,2
3154.ps1,1,2695,1,2694.0,2694,0,22,15,15,9,9,3,3,7,398,3,9,0,0,7,0,0,0,0,4,22,5,0,0,0,0,0,0,0,0,0,0,0,0,0,0,0,0,0,0,0,0,0,0,0,0,0,0,0,0,0,0,0,0,0,0,0,0,0,0,0,0,0,0,0,0,0,0,0,0,0,0,0,0,0,0,0,0,0,0,0,0,0,0,0,0,0,0,0,0,0,0,7,4,2,4,10,12,1,22,2,1,2
3183.ps1,1,504,1,503.0,503,1,15,6,6,8,8,1,1,23,1,2,4,0,5,8,0,2,0,0,3,15,5,0,0,0,0,0,0,0,0,0,0,0,0,0,0,0,0,0,0,0,0,0,0,0,0,0,0,0,0,0,0,0,0,0,0,0,0,0,0,0,0,0,0,0,0,0,0,0,0,0,0,0,0,0,0,0,0,0,0,0,0,0,0,0,0,0,1,1,1,0,0,8,3,3,2,8,19,3,15,2,0,3
318.ps1,1,2337,1,2336.0,2336,0,22,15,15,9,9,3,3,7,327,3,9,0,0,7,0,0,0,0,4,22,5,0,0,0,0,0,0,0,0,0,0,0,0,0,0,0,0,0,0,0,0,0,0,0,0,0,0,0,0,0,0,0,0,0,0,0,0,0,0,0,0,0,0,0,0,0,0,0,0,0,0,0,0,0,0,0,0,0,0,0,0,0,0,0,0,0,0,0,0,0,0,7,4,2,4,10,12,1,22,2,1,2
3178.ps1,1,2499,1,2498.0,2498,0,22,15,15,9,9,3,3,7,359,3,9,0,0,7,0,0,0,0,4,22,5,0,0,0,0,0,0,0,0,0,0,0,0,0,0,0,0,0,0,0,0,0,0,0,0,0,0,0,0,0,0,0,0,0,0,0,0,0,0,0,0,0,0,0,0,0,0,0,0,0,0,0,0,0,0,0,0,0,0,0,0,0,0,0,0,0,0,0,0,0,0,7,4,2,4,10,12,1,22,2,1,2
3185.ps1,1,508,1,507.0,507,1,19,8,7,7,8,4,4,21,1,2,7,1,5,9,1,3,0,1,4,19,5,0,0,0,0,0,0,0,0,0,0,0,0,0,0,0,0,0,0,0,0,0,0,0,0,0,0,0,0,0,0,0,0,0,0,0,0,0,0,0,0,0,0,0,0,0,0,0,0,0,0,0,0,0,0,0,0,0,0,0,0,0,0,0,0,0,1,1,1,0,0,9,4,4,2,11,19,2,19,2,0,3
3193.ps1,1,2452,1,2451.0,2451,0,22,15,15,9,9,3,3,7,352,3,9,0,0,7,0,0,0,0,4,22,5,0,0,0,0,0,0,0,0,0,0,0,0,0,0,0,0,0,0,0,0,0,0,0,0,0,0,0,0,0,0,0,0,0,0,0,0,0,0,0,0,0,0,0,0,0,0,0,0,0,0,0,0,0,0,0,0,0,0,0,0,0,0,0,0,0,0,0,0,0,0,7,4,2,4,10,12,1,22,2,1,2
3182.ps1,1,585,1,584.0,584,1,17,7,7,9,10,2,2,25,1,3,4,0,6,10,0,2,0,1,4,17,5,0,0,0,0,0,0,0,0,0,0,0,0,0,0,0,0,0,0,0,0,0,0,0,0,0,0,0,0,0,0,0,0,0,0,0,0,0,0,0,0,0,0,0,0,0,0,0,0,0,0,0,0,0,0,0,0,1,0,0,0,0,0,0,0,0,1,1,1,0,0,9,3,3,2,9,20,4,16,2,0,3
3195.ps1,1,3217,1,3216.0,3216,0,22,15,15,9,9,3,3,7,505,3,9,0,0,7,0,0,0,0,4,22,5,0,0,0,0,0,0,0,0,0,0,0,0,0,0,0,0,0,0,0,0,0,0,0,0,0,0,0,0,0,0,0,0,0,0,0,0,0,0,0,0,0,0,0,0,0,0,0,0,0,0,0,0,0,0,0,0,0,0,0,0,0,0,0,0,0,0,0,0,0,0,7,4,2,4,10,12,1,22,2,1,2
3197.ps1,1,2238,1,2237.0,2237,0,22,15,15,9,9,3,3,7,309,3,9,0,0,7,0,0,0,0,5,22,5,0,0,0,0,0,0,0,0,0,0,0,0,0,0,0,0,0,0,0,0,0,0,0,0,0,0,0,0,0,0,0,0,0,0,0,0,0,0,0,0,0,0,0,0,0,0,0,0,0,0,0,0,0,0,0,0,0,0,0,0,0,0,0,0,0,0,0,0,0,0,7,4,2,4,10,12,1,22,2,1,2
3186.ps1,1,2342,1,2341.0,2341,0,22,15,15,9,9,3,3,7,327,3,9,0,0,7,0,0,0,0,4,22,5,0,0,0,0,0,0,0,0,0,0,0,0,0,0,0,0,0,0,0,0,0,0,0,0,0,0,0,0,0,0,0,0,0,0,0,0,0,0,0,0,0,0,0,0,0,0,0,0,0,0,0,0,0,0,0,0,0,0,0,0,0,0,0,0,0,0,0,0,0,0,7,4,2,4,10,12,1,22,2,1,2
3184.ps1,1,2338,1,2337.0,2337,0,18,8,8,4,4,2,2,20,2,28,8,0,18,13,0,0,0,0,2,18,6,0,0,0,0,0,0,0,0,0,0,0,0,0,0,0,0,0,0,0,0,0,0,0,0,0,0,0,0,0,0,0,0,1,0,0,0,0,0,0,0,0,0,0,0,0,0,0,0,1,0,0,0,0,1,0,0,2,1,0,0,0,1,0,0,0,0,0,0,0,3,10,2,1,1,2,14,2,16,0,0,0
3205.ps1,1,448,1,447.0,447,1,15,7,6,8,7,1,1,21,1,2,5,1,5,7,0,3,1,0,3,15,5,0,0,0,0,0,0,0,0,0,0,0,0,0,0,0,0,0,0,0,0,0,0,0,0,0,0,0,0,0,0,0,0,0,0,0,0,0,0,0,0,0,0,0,0,0,0,0,0,0,0,0,0,0,0,0,0,0,0,0,0,0,0,0,0,0,1,1,1,0,0,7,3,3,2,8,18,2,15,2,0,3
3210.ps1,1,449,1,448.0,448,1,15,6,6,7,7,1,1,21,1,2,4,0,5,7,0,2,0,0,4,15,5,0,0,0,0,0,0,0,0,0,0,0,0,0,0,0,0,0,0,0,0,0,0,0,0,0,0,0,0,0,0,0,0,0,0,0,0,0,0,0,0,0,0,0,0,0,0,0,0,0,0,0,0,0,0,0,0,0,0,0,0,0,0,0,0,0,1,1,1,0,0,7,3,3,2,8,18,2,15,2,0,3
3174.ps1,1,2340,1,2339.0,2339,0,22,15,15,9,9,3,3,7,327,3,9,0,0,7,0,0,0,0,5,22,5,0,0,0,0,0,0,0,0,0,0,0,0,0,0,0,0,0,0,0,0,0,0,0,0,0,0,0,0,0,0,0,0,0,0,0,0,0,0,0,0,0,0,0,0,0,0,0,0,0,0,0,0,0,0,0,0,0,0,0,0,0,0,0,0,0,0,0,0,0,0,7,4,2,4,10,12,1,22,2,1,2
3199.ps1,1,2339,1,2338.0,2338,0,22,15,15,9,9,3,3,7,327,3,9,0,0,7,0,0,0,0,3,22,5,0,0,0,0,0,0,0,0,0,0,0,0,0,0,0,0,0,0,0,0,0,0,0,0,0,0,0,0,0,0,0,0,0,0,0,0,0,0,0,0,0,0,0,0,0,0,0,0,0,0,0,0,0,0,0,0,0,0,0,0,0,0,0,0,0,0,0,0,0,0,7,4,2,4,10,12,1,22,2,1,2
3203.ps1,1,506,1,505.0,505,1,15,6,6,9,9,1,1,23,1,2,4,1,6,8,0,3,1,0,4,15,5,0,0,0,0,0,0,0,0,0,0,0,0,0,0,0,0,0,0,0,0,0,0,0,0,0,0,0,0,0,0,0,0,0,0,0,0,0,0,0,0,0,0,0,0,0,0,0,0,0,0,0,0,0,0,0,0,0,0,0,0,0,0,0,0,0,1,1,1,0,0,8,3,3,2,8,19,3,15,2,0,3
3196.ps1,1,2453,1,2452.0,2452,0,22,15,15,9,9,3,3,7,352,3,9,0,0,7,0,0,0,0,5,22,5,0,0,0,0,0,0,0,0,0,0,0,0,0,0,0,0,0,0,0,0,0,0,0,0,0,0,0,0,0,0,0,0,0,0,0,0,0,0,0,0,0,0,0,0,0,0,0,0,0,0,0,0,0,0,0,0,0,0,0,0,0,0,0,0,0,0,0,0,0,0,7,4,2,4,10,12,1,22,2,1,2
3211.ps1,1,2237,1,2236.0,2236,0,22,15,15,9,9,3,3,7,309,3,9,0,0,7,0,0,0,0,4,22,5,0,0,0,0,0,0,0,0,0,0,0,0,0,0,0,0,0,0,0,0,0,0,0,0,0,0,0,0,0,0,0,0,0,0,0,0,0,0,0,0,0,0,0,0,0,0,0,0,0,0,0,0,0,0,0,0,0,0,0,0,0,0,0,0,0,0,0,0,0,0,7,4,2,4,10,12,1,22,2,1,2
3223.ps1,1,449,1,448.0,448,1,15,6,7,8,7,2,1,21,1,3,4,1,5,7,1,3,0,1,4,15,5,0,0,0,0,0,0,0,0,0,0,0,0,0,0,0,0,0,0,0,0,0,0,0,0,0,0,0,0,0,0,0,0,0,0,0,0,0,0,0,0,0,0,0,0,0,0,0,0,0,0,0,0,0,0,0,0,0,0,0,0,0,0,0,0,0,1,1,1,0,0,7,3,3,2,8,18,2,15,2,0,3
3217.ps1,1,2339,1,2338.0,2338,0,22,15,15,9,9,3,3,7,327,3,9,0,0,7,0,0,0,0,4,22,5,0,0,0,0,0,0,0,0,0,0,0,0,0,0,0,0,0,0,0,0,0,0,0,0,0,0,0,0,0,0,0,0,0,0,0,0,0,0,0,0,0,0,0,0,0,0,0,0,0,0,0,0,0,0,0,0,0,0,0,0,0,0,0,0,0,0,0,0,0,0,7,4,2,4,10,12,1,22,2,1,2
3220.ps1,1,448,1,447.0,447,1,16,6,6,8,7,1,1,21,2,2,5,1,5,7,1,2,0,0,3,16,5,0,0,0,0,0,0,0,0,0,0,0,0,0,0,0,0,0,0,0,0,0,0,0,0,0,0,0,0,0,0,0,0,0,0,0,0,0,0,0,0,0,0,0,0,0,0,0,0,0,0,0,0,0,0,0,0,0,0,0,0,0,0,0,0,0,1,1,1,0,0,7,3,3,2,8,18,2,15,2,0,3
3202.ps1,1,450,1,449.0,449,1,15,6,6,7,7,1,1,21,1,2,4,0,5,7,0,2,0,0,3,15,5,0,0,0,0,0,0,0,0,0,0,0,0,0,0,0,0,0,0,0,0,0,0,0,0,0,0,0,0,0,0,0,0,0,0,0,0,0,0,0,0,0,0,0,0,0,0,0,0,0,0,0,0,0,0,0,0,0,0,0,0,0,0,0,0,0,1,1,1,0,0,7,3,3,2,8,18,2,15,2,0,3
3221.ps1,1,503,1,502.0,502,1,16,7,6,9,9,1,1,24,1,2,4,0,5,8,0,3,0,1,3,16,5,0,0,0,0,0,0,0,0,0,0,0,0,0,0,0,0,0,0,0,0,0,0,0,0,0,0,0,0,0,0,0,0,0,0,0,0,0,0,0,0,0,0,0,0,0,0,0,0,0,0,0,0,0,0,0,0,0,0,0,0,0,0,0,0,0,1,1,1,0,0,8,3,3,2,8,19,3,15,2,0,3
3200.ps1,1,2338,1,2337.0,2337,0,22,15,15,9,9,3,3,7,327,3,9,0,0,7,0,0,0,0,5,22,5,0,0,0,0,0,0,0,0,0,0,0,0,0,0,0,0,0,0,0,0,0,0,0,0,0,0,0,0,0,0,0,0,0,0,0,0,0,0,0,0,0,0,0,0,0,0,0,0,0,0,0,0,0,0,0,0,0,0,0,0,0,0,0,0,0,0,0,0,0,0,7,4,2,4,10,12,1,22,2,1,2
3219.ps1,1,447,1,446.0,446,1,16,7,6,7,7,1,1,22,1,2,4,1,5,7,0,2,0,1,3,15,5,0,0,0,0,0,0,0,0,0,0,0,0,0,0,0,0,0,0,0,0,0,0,0,0,0,0,0,0,0,0,0,0,0,0,0,0,0,0,0,0,0,0,0,0,0,0,0,0,0,0,0,0,0,0,0,0,0,0,0,0,0,0,0,0,0,1,1,1,0,0,7,3,3,2,8,18,2,15,2,0,3
3225.ps1,1,2247,1,2246.0,2246,0,22,15,15,9,9,3,3,7,309,3,9,0,0,7,0,0,0,0,4,22,5,0,0,0,0,0,0,0,0,0,0,0,0,0,0,0,0,0,0,0,0,0,0,0,0,0,0,0,0,0,0,0,0,0,0,0,0,0,0,0,0,0,0,0,0,0,0,0,0,0,0,0,0,0,0,0,0,0,0,0,0,0,0,0,0,0,0,0,0,0,0,7,4,2,4,10,12,1,22,2,1,2
3232.ps1,1,451,1,450.0,450,1,15,6,6,7,7,1,1,21,1,2,4,0,5,7,1,3,1,1,4,15,5,0,0,0,0,0,0,0,0,0,0,0,0,0,0,0,0,0,0,0,0,0,0,0,0,0,0,0,0,0,0,0,0,0,0,0,0,0,0,0,0,0,0,0,0,0,0,0,0,0,0,0,0,0,0,0,0,0,0,0,0,0,0,0,0,0,1,1,1,0,0,7,3,3,2,8,18,2,15,2,0,3
3230.ps1,1,2238,1,2237.0,2237,0,22,15,15,9,9,3,3,7,309,3,9,0,0,7,0,0,0,0,5,22,5,0,0,0,0,0,0,0,0,0,0,0,0,0,0,0,0,0,0,0,0,0,0,0,0,0,0,0,0,0,0,0,0,0,0,0,0,0,0,0,0,0,0,0,0,0,0,0,0,0,0,0,0,0,0,0,0,0,0,0,0,0,0,0,0,0,0,0,0,0,0,7,4,2,4,10,12,1,22,2,1,2
3236.ps1,1,451,1,450.0,450,1,15,6,6,7,7,1,1,21,1,2,4,0,5,7,0,2,0,0,3,15,5,0,0,0,0,0,0,0,0,0,0,0,0,0,0,0,0,0,0,0,0,0,0,0,0,0,0,0,0,0,0,0,0,0,0,0,0,0,0,0,0,0,0,0,0,0,0,0,0,0,0,0,0,0,0,0,0,0,0,0,0,0,0,0,0,0,1,1,1,0,0,7,3,3,2,8,18,2,15,2,0,3
3228.ps1,1,2653,1,2652.0,2652,0,22,15,15,9,9,3,3,7,389,3,9,0,0,7,0,0,0,0,5,19,5,0,0,0,0,0,0,0,0,0,0,0,0,0,0,0,0,0,0,0,0,0,0,0,0,0,0,0,0,0,0,0,0,0,0,0,0,0,0,0,0,0,0,0,0,0,0,0,0,0,0,0,0,0,0,0,0,0,0,0,0,0,0,0,0,0,0,0,0,0,0,7,4,2,4,10,12,1,22,2,1,2
3235.ps1,1,2311,1,2310.0,2310,0,18,8,8,4,4,2,2,20,2,28,8,0,24,11,0,0,0,0,3,18,6,0,0,0,0,0,0,0,0,0,0,0,0,0,0,0,0,0,0,0,0,0,0,0,0,0,0,0,0,0,0,0,0,0,0,0,0,0,0,0,0,0,0,0,0,0,0,0,0,1,0,0,0,0,1,0,0,2,1,0,0,0,1,0,0,0,0,0,0,0,3,10,2,1,1,2,14,2,16,0,0,0
3245.ps1,1,2252,1,2251.0,2251,0,22,15,15,9,9,3,3,7,309,3,9,0,0,7,0,0,0,0,5,22,5,0,0,0,0,0,0,0,0,0,0,0,0,0,0,0,0,0,0,0,0,0,0,0,0,0,0,0,0,0,0,0,0,0,0,0,0,0,0,0,0,0,0,0,0,0,0,0,0,0,0,0,0,0,0,0,0,0,0,0,0,0,0,0,0,0,0,0,0,0,0,7,4,2,4,10,12,1,22,2,1,2
3240.ps1,1,2343,1,2342.0,2342,0,22,15,15,9,9,3,3,7,327,3,9,0,0,7,0,0,0,0,5,20,5,0,0,0,0,0,0,0,0,0,0,0,0,0,0,0,0,0,0,0,0,0,0,0,0,0,0,0,0,0,0,0,0,0,0,0,0,0,0,0,0,0,0,0,0,0,0,0,0,0,0,0,0,0,0,0,0,0,0,0,0,0,0,0,0,0,0,0,0,0,0,7,4,2,4,10,12,1,22,2,1,2
324.ps1,1,2417,1,2416.0,2416,0,22,15,15,9,9,3,3,7,345,3,9,0,0,7,0,0,0,0,4,22,5,0,0,0,0,0,0,0,0,0,0,0,0,0,0,0,0,0,0,0,0,0,0,0,0,0,0,0,0,0,0,0,0,0,0,0,0,0,0,0,0,0,0,0,0,0,0,0,0,0,0,0,0,0,0,0,0,0,0,0,0,0,0,0,0,0,0,0,0,0,0,7,4,2,4,10,12,1,22,2,1,2
3233.ps1,1,530,1,529.0,529,1,16,7,7,8,8,3,2,22,2,3,5,0,5,9,0,3,0,1,4,16,5,0,0,0,0,0,0,0,0,0,0,0,0,0,0,0,0,0,0,0,0,0,0,0,0,0,0,0,0,0,0,0,0,0,0,0,0,0,0,0,0,0,0,0,0,0,0,0,0,0,0,0,0,0,0,0,0,1,0,0,0,0,0,0,0,0,1,1,1,0,0,8,3,3,2,9,19,3,16,2,0,3
3248.ps1,1,2343,1,2342.0,2342,0,22,15,15,9,9,3,3,7,327,3,9,0,0,7,0,0,0,0,5,22,5,0,0,0,0,0,0,0,0,0,0,0,0,0,0,0,0,0,0,0,0,0,0,0,0,0,0,0,0,0,0,0,0,0,0,0,0,0,0,0,0,0,0,0,0,0,0,0,0,0,0,0,0,0,0,0,0,0,0,0,0,0,0,0,0,0,0,0,0,0,0,7,4,2,4,10,12,1,22,2,1,2
3247.ps1,1,2576,1,2575.0,2575,0,22,15,15,9,9,3,3,7,374,3,9,0,0,7,0,0,0,0,5,22,5,0,0,0,0,0,0,0,0,0,0,0,0,0,0,0,0,0,0,0,0,0,0,0,0,0,0,0,0,0,0,0,0,0,0,0,0,0,0,0,0,0,0,0,0,0,0,0,0,0,0,0,0,0,0,0,0,0,0,0,0,0,0,0,0,0,0,0,0,0,0,7,4,2,4,10,12,1,22,2,1,2
3252.ps1,1,2340,1,2339.0,2339,0,22,15,15,9,9,3,3,7,327,3,9,0,0,7,0,0,0,0,4,22,5,0,0,0,0,0,0,0,0,0,0,0,0,0,0,0,0,0,0,0,0,0,0,0,0,0,0,0,0,0,0,0,0,0,0,0,0,0,0,0,0,0,0,0,0,0,0,0,0,0,0,0,0,0,0,0,0,0,0,0,0,0,0,0,0,0,0,0,0,0,0,7,4,2,4,10,12,1,22,2,1,2
3242.ps1,1,2326,1,2325.0,2325,0,18,8,8,4,4,2,2,20,2,28,8,0,25,11,0,0,0,0,2,18,6,0,0,0,0,0,0,0,0,0,0,0,0,0,0,0,0,0,0,0,0,0,0,0,0,0,0,0,0,0,0,0,0,1,0,0,0,0,0,0,0,0,0,0,0,0,0,0,0,1,0,0,0,0,1,0,0,2,1,0,0,0,1,0,0,0,0,0,0,0,3,10,2,1,1,2,14,2,16,0,0,0
3251.ps1,1,2342,1,2341.0,2341,0,22,15,15,9,9,3,3,7,327,3,9,0,0,7,0,0,0,0,4,22,5,0,0,0,0,0,0,0,0,0,0,0,0,0,0,0,0,0,0,0,0,0,0,0,0,0,0,0,0,0,0,0,0,0,0,0,0,0,0,0,0,0,0,0,0,0,0,0,0,0,0,0,0,0,0,0,0,0,0,0,0,0,0,0,0,0,0,0,0,0,0,7,4,2,4,10,12,1,22,2,1,2
3255.ps1,1,2342,1,2341.0,2341,0,22,15,15,9,9,3,3,7,327,3,9,0,0,7,0,0,0,0,4,22,5,0,0,0,0,0,0,0,0,0,0,0,0,0,0,0,0,0,0,0,0,0,0,0,0,0,0,0,0,0,0,0,0,0,0,0,0,0,0,0,0,0,0,0,0,0,0,0,0,0,0,0,0,0,0,0,0,0,0,0,0,0,0,0,0,0,0,0,0,0,0,7,4,2,4,10,12,1,22,2,1,2
3257.ps1,1,1010,1,1009.0,1009,0,24,6,6,0,0,10,10,10,6,0,18,8,12,8,0,0,0,0,20,24,22,0,0,0,0,0,0,0,0,0,0,0,0,0,0,0,0,0,0,0,0,0,0,0,0,0,0,0,0,0,0,0,0,0,0,0,0,0,0,0,0,0,0,0,0,0,0,0,0,0,0,0,0,0,0,0,0,0,0,0,0,0,4,0,0,0,0,0,0,0,0,6,10,14,2,14,42,0,24,0,6,0
3254.ps1,1,2248,1,2247.0,2247,0,22,15,15,9,9,3,3,7,309,3,9,0,0,7,0,0,0,0,5,22,5,0,0,0,0,0,0,0,0,0,0,0,0,0,0,0,0,0,0,0,0,0,0,0,0,0,0,0,0,0,0,0,0,0,0,0,0,0,0,0,0,0,0,0,0,0,0,0,0,0,0,0,0,0,0,0,0,0,0,0,0,0,0,0,0,0,0,0,0,0,0,7,4,2,4,10,12,1,22,2,1,2
3264.ps1,1,2461,1,2460.0,2460,0,22,15,15,9,9,3,3,7,351,3,9,0,0,7,0,0,0,0,3,22,5,0,0,0,0,0,0,0,0,0,0,0,0,0,0,0,0,0,0,0,0,0,0,0,0,0,0,0,0,0,0,0,0,0,0,0,0,0,0,0,0,0,0,0,0,0,0,0,0,0,0,0,0,0,0,0,0,0,0,0,0,0,0,0,0,0,0,0,0,0,0,7,4,2,4,10,12,1,22,2,1,2
3262.ps1,1,132,1,131.0,131,1,0,2,2,0,0,0,0,7,1,0,2,0,3,0,0,0,0,0,5,0,3,0,0,0,0,0,0,0,0,0,0,0,0,0,0,0,0,0,0,0,0,0,0,0,0,0,0,0,0,0,0,0,0,0,0,0,0,0,0,0,0,0,0,0,0,0,0,0,0,0,0,0,0,0,0,0,0,0,0,0,0,0,0,0,0,0,1,1,0,1,0,0,0,2,1,3,7,0,0,0,0,1
3269.ps1,1,2206,1,2205.0,2205,0,22,15,15,9,9,3,3,7,300,3,9,0,0,7,0,0,0,0,4,22,5,0,0,0,0,0,0,0,0,0,0,0,0,0,0,0,0,0,0,0,0,0,0,0,0,0,0,0,0,0,0,0,0,0,0,0,0,0,0,0,0,0,0,0,0,0,0,0,0,0,0,0,0,0,0,0,0,0,0,0,0,0,0,0,0,0,0,0,0,0,0,7,4,2,4,10,12,1,22,2,1,2
3253.ps1,1,208,1,207.0,207,1,0,5,5,0,0,0,0,10,0,0,3,0,6,0,0,0,0,0,14,0,1,0,0,0,0,0,0,0,0,0,0,0,0,0,0,0,0,0,0,0,0,0,0,0,0,0,0,0,0,0,0,0,0,0,0,0,0,0,0,0,0,0,0,0,0,0,0,0,0,0,0,0,0,0,0,0,0,0,0,0,0,0,0,0,0,0,0,1,1,0,0,0,0,9,1,12,18,0,0,0,0,4
3258.ps1,1,2328,1,2327.0,2327,0,22,15,15,9,9,3,3,7,327,3,9,0,0,7,0,0,0,0,5,22,5,0,0,0,0,0,0,0,0,0,0,0,0,0,0,0,0,0,0,0,0,0,0,0,0,0,0,0,0,0,0,0,0,0,0,0,0,0,0,0,0,0,0,0,0,0,0,0,0,0,0,0,0,0,0,0,0,0,0,0,0,0,0,0,0,0,0,0,0,0,0,7,4,2,4,10,12,1,22,2,1,2
3280.ps1,1,448,1,447.0,447,1,15,6,6,7,7,1,1,21,1,2,4,0,5,7,0,2,0,0,3,15,5,0,0,0,0,0,0,0,0,0,0,0,0,0,0,0,0,0,0,0,0,0,0,0,0,0,0,0,0,0,0,0,0,0,0,0,0,0,0,0,0,0,0,0,0,0,0,0,0,0,0,0,0,0,0,0,0,0,0,0,0,0,0,0,0,0,1,1,1,0,0,7,3,3,2,8,18,2,15,2,0,3
3283.ps1,1,2341,1,2340.0,2340,0,22,15,15,9,9,3,3,7,327,3,9,0,0,7,0,0,0,0,5,19,5,0,0,0,0,0,0,0,0,0,0,0,0,0,0,0,0,0,0,0,0,0,0,0,0,0,0,0,0,0,0,0,0,0,0,0,0,0,0,0,0,0,0,0,0,0,0,0,0,0,0,0,0,0,0,0,0,0,0,0,0,0,0,0,0,0,0,0,0,0,0,7,4,2,4,10,12,1,22,2,1,2
3270.ps1,1,508,1,507.0,507,1,16,6,6,8,8,1,1,22,1,2,5,1,5,8,0,2,1,1,3,16,5,0,0,0,0,0,0,0,0,0,0,0,0,0,0,0,0,0,0,0,0,0,0,0,0,0,0,0,0,0,0,0,0,0,0,0,0,0,0,0,0,0,0,0,0,0,0,0,0,0,0,0,0,0,0,0,0,0,0,0,0,0,0,0,0,0,1,1,1,0,0,8,3,3,2,8,19,3,15,2,0,3
3265.ps1,1,505,1,504.0,504,1,15,6,6,8,8,1,1,23,1,2,4,0,5,8,0,2,0,0,3,15,5,0,0,0,0,0,0,0,0,0,0,0,0,0,0,0,0,0,0,0,0,0,0,0,0,0,0,0,0,0,0,0,0,0,0,0,0,0,0,0,0,0,0,0,0,0,0,0,0,0,0,0,0,0,0,0,0,0,0,0,0,0,0,0,0,0,1,1,1,0,0,8,3,3,2,8,19,3,15,2,0,3
3276.ps1,1,2338,1,2337.0,2337,0,22,15,15,9,9,3,3,7,327,3,9,0,0,7,0,0,0,0,3,22,5,0,0,0,0,0,0,0,0,0,0,0,0,0,0,0,0,0,0,0,0,0,0,0,0,0,0,0,0,0,0,0,0,0,0,0,0,0,0,0,0,0,0,0,0,0,0,0,0,0,0,0,0,0,0,0,0,0,0,0,0,0,0,0,0,0,0,0,0,0,0,7,4,2,4,10,12,1,22,2,1,2
3273.ps1,1,2338,1,2337.0,2337,0,22,15,15,9,9,3,3,7,327,3,9,0,0,7,0,0,0,0,5,20,5,0,0,0,0,0,0,0,0,0,0,0,0,0,0,0,0,0,0,0,0,0,0,0,0,0,0,0,0,0,0,0,0,0,0,0,0,0,0,0,0,0,0,0,0,0,0,0,0,0,0,0,0,0,0,0,0,0,0,0,0,0,0,0,0,0,0,0,0,0,0,7,4,2,4,10,12,1,22,2,1,2
3278.ps1,1,132,1,131.0,131,1,2,5,5,0,0,0,0,4,0,3,1,0,3,1,0,0,0,0,3,2,2,0,0,0,0,0,0,0,0,0,0,0,0,0,0,0,0,0,0,0,0,0,0,0,0,0,0,0,0,0,0,0,0,0,0,0,0,0,0,0,0,0,0,0,0,0,0,0,0,0,0,0,0,0,0,0,0,0,0,0,0,0,0,0,0,0,0,1,1,0,0,0,3,2,1,5,6,0,2,0,0,4
3287.ps1,1,2247,1,2246.0,2246,0,22,15,15,9,9,3,3,7,309,3,9,0,0,7,0,0,0,0,4,22,5,0,0,0,0,0,0,0,0,0,0,0,0,0,0,0,0,0,0,0,0,0,0,0,0,0,0,0,0,0,0,0,0,0,0,0,0,0,0,0,0,0,0,0,0,0,0,0,0,0,0,0,0,0,0,0,0,0,0,0,0,0,0,0,0,0,0,0,0,0,0,7,4,2,4,10,12,1,22,2,1,2
3294.ps1,1,2339,1,2338.0,2338,0,22,15,15,9,9,3,3,7,327,3,9,0,0,7,0,0,0,0,4,17,5,0,0,0,0,0,0,0,0,0,0,0,0,0,0,0,0,0,0,0,0,0,0,0,0,0,0,0,0,0,0,0,0,0,0,0,0,0,0,0,0,0,0,0,0,0,0,0,0,0,0,0,0,0,0,0,0,0,0,0,0,0,0,0,0,0,0,0,0,0,0,7,4,2,4,10,12,1,22,2,1,2
3275.ps1,1,2343,1,2342.0,2342,0,22,15,15,9,9,3,3,7,327,3,9,0,0,7,0,0,0,0,5,22,5,0,0,0,0,0,0,0,0,0,0,0,0,0,0,0,0,0,0,0,0,0,0,0,0,0,0,0,0,0,0,0,0,0,0,0,0,0,0,0,0,0,0,0,0,0,0,0,0,0,0,0,0,0,0,0,0,0,0,0,0,0,0,0,0,0,0,0,0,0,0,7,4,2,4,10,12,1,22,2,1,2
3296.ps1,1,5546,1,5546.0,5546,0,141,57,57,8,8,10,10,226,32,4,66,0,6,89,0,0,0,0,113,141,47,0,0,0,0,0,0,0,0,0,0,0,0,0,0,0,0,0,0,0,0,0,0,0,0,0,0,0,0,0,0,0,0,0,0,0,0,0,0,0,0,0,0,0,0,0,0,0,4,0,0,0,0,0,0,0,0,0,0,0,0,0,0,0,0,0,0,0,0,0,0,88,20,51,23,108,255,3,141,3,30,32
3300.ps1,1,524,1,523.0,523,1,16,6,6,9,9,2,2,23,1,3,5,0,6,8,1,2,0,0,4,16,5,0,0,0,0,0,0,0,0,0,0,0,0,0,0,0,0,0,0,0,0,0,0,0,0,0,0,0,0,0,0,0,0,0,0,0,0,0,0,0,0,0,0,0,0,0,0,0,0,0,0,0,0,0,0,0,0,1,0,0,0,0,0,0,0,0,1,1,1,0,0,8,3,3,2,9,19,3,16,2,0,3
3284.ps1,1,2345,1,2344.0,2344,0,22,15,15,9,9,3,3,7,327,3,9,0,0,7,0,0,0,0,4,22,5,0,0,0,0,0,0,0,0,0,0,0,0,0,0,0,0,0,0,0,0,0,0,0,0,0,0,0,0,0,0,0,0,0,0,0,0,0,0,0,0,0,0,0,0,0,0,0,0,0,0,0,0,0,0,0,0,0,0,0,0,0,0,0,0,0,0,0,0,0,0,7,4,2,4,10,12,1,22,2,1,2
3297.ps1,1,2328,1,2327.0,2327,0,22,15,15,9,9,3,3,7,327,3,9,0,0,7,0,0,0,0,5,22,5,0,0,0,0,0,0,0,0,0,0,0,0,0,0,0,0,0,0,0,0,0,0,0,0,0,0,0,0,0,0,0,0,0,0,0,0,0,0,0,0,0,0,0,0,0,0,0,0,0,0,0,0,0,0,0,0,0,0,0,0,0,0,0,0,0,0,0,0,0,0,7,4,2,4,10,12,1,22,2,1,2
3288.ps1,1,450,1,449.0,449,1,16,7,6,8,8,2,1,21,1,3,4,1,5,7,0,2,0,0,3,16,5,0,0,0,0,0,0,0,0,0,0,0,0,0,0,0,0,0,0,0,0,0,0,0,0,0,0,0,0,0,0,0,0,0,0,0,0,0,0,0,0,0,0,0,0,0,0,0,0,0,0,0,0,0,0,0,0,0,0,0,0,0,0,0,0,0,1,1,1,0,0,7,3,3,2,8,18,2,15,2,0,3
3298.ps1,1,2502,1,2501.0,2501,0,34,18,18,12,12,5,5,12,300,4,16,0,0,12,0,0,0,2,2,32,12,0,0,0,0,0,0,0,0,0,0,0,0,0,0,0,0,0,0,0,0,0,0,0,0,0,0,0,0,0,0,0,0,0,0,0,0,0,0,0,0,0,0,0,0,0,0,0,0,0,0,0,1,0,0,0,0,0,0,0,0,0,0,0,0,0,0,0,0,0,0,5,2,2,2,3,10,3,12,0,0,0
3299.ps1,1,2340,1,2339.0,2339,0,22,15,15,9,9,3,3,7,327,3,9,0,0,7,0,0,0,0,5,22,5,0,0,0,0,0,0,0,0,0,0,0,0,0,0,0,0,0,0,0,0,0,0,0,0,0,0,0,0,0,0,0,0,0,0,0,0,0,0,0,0,0,0,0,0,0,0,0,0,0,0,0,0,0,0,0,0,0,0,0,0,0,0,0,0,0,0,0,0,0,0,7,4,2,4,10,12,1,22,2,1,2
3307.ps1,1,450,1,449.0,449,1,15,6,6,7,7,1,1,21,1,2,4,0,5,7,0,2,0,0,3,15,5,0,0,0,0,0,0,0,0,0,0,0,0,0,0,0,0,0,0,0,0,0,0,0,0,0,0,0,0,0,0,0,0,0,0,0,0,0,0,0,0,0,0,0,0,0,0,0,0,0,0,0,0,0,0,0,0,0,0,0,0,0,0,0,0,0,1,1,1,0,0,7,3,3,2,8,18,2,15,2,0,3
3289.ps1,1,2237,1,2236.0,2236,0,22,15,15,9,9,3,3,7,309,3,9,0,0,7,0,0,0,0,4,22,5,0,0,0,0,0,0,0,0,0,0,0,0,0,0,0,0,0,0,0,0,0,0,0,0,0,0,0,0,0,0,0,0,0,0,0,0,0,0,0,0,0,0,0,0,0,0,0,0,0,0,0,0,0,0,0,0,0,0,0,0,0,0,0,0,0,0,0,0,0,0,7,4,2,4,10,12,1,22,2,1,2
3303.ps1,1,2340,1,2339.0,2339,0,22,15,15,9,9,3,3,7,327,3,9,0,0,7,0,0,0,0,4,22,5,0,0,0,0,0,0,0,0,0,0,0,0,0,0,0,0,0,0,0,0,0,0,0,0,0,0,0,0,0,0,0,0,0,0,0,0,0,0,0,0,0,0,0,0,0,0,0,0,0,0,0,0,0,0,0,0,0,0,0,0,0,0,0,0,0,0,0,0,0,0,7,4,2,4,10,12,1,22,2,1,2
3313.ps1,1,2252,1,2251.0,2251,0,22,15,15,9,9,3,3,7,309,3,9,0,0,7,0,0,0,0,4,22,5,0,0,0,0,0,0,0,0,0,0,0,0,0,0,0,0,0,0,0,0,0,0,0,0,0,0,0,0,0,0,0,0,0,0,0,0,0,0,0,0,0,0,0,0,0,0,0,0,0,0,0,0,0,0,0,0,0,0,0,0,0,0,0,0,0,0,0,0,0,0,7,4,2,4,10,12,1,22,2,1,2
3302.ps1,1,599,1,598.0,598,1,20,7,7,8,8,5,5,23,1,2,7,0,5,10,0,2,0,0,6,20,5,0,0,0,0,0,0,0,0,0,0,0,0,0,0,0,0,0,0,0,0,0,0,0,0,0,0,0,0,0,0,0,0,0,0,0,0,0,0,0,0,0,0,0,0,0,0,0,0,0,0,0,0,0,0,0,0,1,0,0,0,0,0,0,0,0,1,1,1,0,0,10,4,5,2,13,21,3,20,2,0,3
3328.ps1,1,559,1,559.0,559,0,10,3,3,0,0,3,3,1,1,0,21,0,0,1,0,0,0,0,21,10,4,0,0,0,0,0,0,0,0,0,0,0,0,0,0,0,0,0,0,0,0,0,0,0,0,0,0,0,0,0,0,0,0,0,0,0,0,0,0,0,0,0,0,0,0,0,0,0,0,0,0,0,0,0,0,0,0,0,0,0,0,0,0,0,0,0,0,0,0,0,0,1,0,8,0,9,15,0,10,0,0,1
3320.ps1,1,449,1,448.0,448,1,16,6,6,8,7,1,1,22,1,3,4,1,6,7,0,2,0,0,4,15,5,0,0,0,0,0,0,0,0,0,0,0,0,0,0,0,0,0,0,0,0,0,0,0,0,0,0,0,0,0,0,0,0,0,0,0,0,0,0,0,0,0,0,0,0,0,0,0,0,0,0,0,0,0,0,0,0,0,0,0,0,0,0,0,0,0,1,1,1,0,0,7,3,3,2,8,18,2,15,2,0,3
3314.ps1,1,2334,1,2333.0,2333,0,18,8,8,4,4,2,2,20,2,26,8,0,34,11,0,0,0,0,2,18,6,0,0,0,0,0,0,0,0,0,0,0,0,0,0,0,0,0,0,0,0,0,0,0,0,0,0,0,0,0,0,0,0,1,0,0,0,0,0,0,0,0,0,0,0,0,0,0,0,1,0,0,0,0,1,0,0,2,1,0,0,0,1,0,0,0,0,0,0,0,3,10,2,1,1,2,14,2,16,0,0,0
3310.ps1,1,2452,1,2451.0,2451,0,22,15,15,9,9,3,3,7,352,3,9,0,0,7,0,0,0,0,4,22,5,0,0,0,0,0,0,0,0,0,0,0,0,0,0,0,0,0,0,0,0,0,0,0,0,0,0,0,0,0,0,0,0,0,0,0,0,0,0,0,0,0,0,0,0,0,0,0,0,0,0,0,0,0,0,0,0,0,0,0,0,0,0,0,0,0,0,0,0,0,0,7,4,2,4,10,12,1,22,2,1,2
3321.ps1,1,2531,1,2530.0,2530,0,33,18,18,12,12,5,5,12,309,4,11,0,0,11,0,0,0,2,2,33,11,0,0,0,0,0,0,0,0,0,0,0,0,0,0,0,0,0,0,0,0,0,0,0,0,0,0,0,0,0,0,0,0,2,0,0,0,0,0,0,0,0,0,0,0,0,0,0,0,0,0,0,1,0,0,0,0,0,0,0,0,0,0,1,0,0,0,0,0,0,0,4,2,2,2,3,9,3,11,0,0,0
3317.ps1,1,2327,1,2326.0,2326,0,22,15,15,9,9,3,3,7,327,3,9,0,0,7,0,0,0,0,4,22,5,0,0,0,0,0,0,0,0,0,0,0,0,0,0,0,0,0,0,0,0,0,0,0,0,0,0,0,0,0,0,0,0,0,0,0,0,0,0,0,0,0,0,0,0,0,0,0,0,0,0,0,0,0,0,0,0,0,0,0,0,0,0,0,0,0,0,0,0,0,0,7,4,2,4,10,12,1,22,2,1,2
3323.ps1,1,3149,1,3148.0,3148,0,22,15,15,9,9,3,3,7,489,3,9,0,0,7,0,0,0,0,4,22,5,0,0,0,0,0,0,0,0,0,0,0,0,0,0,0,0,0,0,0,0,0,0,0,0,0,0,0,0,0,0,0,0,0,0,0,0,0,0,0,0,0,0,0,0,0,0,0,0,0,0,0,0,0,0,0,0,0,0,0,0,0,0,0,0,0,0,0,0,0,0,7,4,2,4,10,12,1,22,2,1,2
3333.ps1,1,518,1,517.0,517,1,15,6,6,8,8,1,1,23,1,2,4,0,5,8,0,2,0,0,4,15,5,0,0,0,0,0,0,0,0,0,0,0,0,0,0,0,0,0,0,0,0,0,0,0,0,0,0,0,0,0,0,0,0,0,0,0,0,0,0,0,0,0,0,0,0,0,0,0,0,0,0,0,0,0,0,0,0,0,0,0,0,0,0,0,0,0,1,1,1,0,0,8,3,3,2,8,19,3,15,2,0,3
3305.ps1,1,507,1,506.0,506,1,15,6,6,8,8,1,1,23,1,2,4,0,5,8,0,2,0,0,4,15,5,0,0,0,0,0,0,0,0,0,0,0,0,0,0,0,0,0,0,0,0,0,0,0,0,0,0,0,0,0,0,0,0,0,0,0,0,0,0,0,0,0,0,0,0,0,0,0,0,0,0,0,0,0,0,0,0,0,0,0,0,0,0,0,0,0,1,1,1,0,0,8,3,3,2,8,19,3,15,2,0,3
3326.ps1,1,2342,1,2341.0,2341,0,22,15,15,9,9,3,3,7,327,3,9,0,0,7,0,0,0,0,4,22,5,0,0,0,0,0,0,0,0,0,0,0,0,0,0,0,0,0,0,0,0,0,0,0,0,0,0,0,0,0,0,0,0,0,0,0,0,0,0,0,0,0,0,0,0,0,0,0,0,0,0,0,0,0,0,0,0,0,0,0,0,0,0,0,0,0,0,0,0,0,0,7,4,2,4,10,12,1,22,2,1,2
3340.ps1,1,2342,1,2341.0,2341,0,22,15,15,9,9,3,3,7,327,3,9,0,0,7,0,0,0,0,4,20,5,0,0,0,0,0,0,0,0,0,0,0,0,0,0,0,0,0,0,0,0,0,0,0,0,0,0,0,0,0,0,0,0,0,0,0,0,0,0,0,0,0,0,0,0,0,0,0,0,0,0,0,0,0,0,0,0,0,0,0,0,0,0,0,0,0,0,0,0,0,0,7,4,2,4,10,12,1,22,2,1,2
3341.ps1,1,588,1,587.0,587,1,20,8,7,8,8,6,6,24,2,2,7,0,5,11,0,3,0,0,4,20,5,0,0,0,0,0,0,0,0,0,0,0,0,0,0,0,0,0,0,0,0,0,0,0,0,0,0,0,0,0,0,0,0,0,0,0,0,0,0,0,0,0,0,0,0,0,0,0,0,0,0,0,0,0,0,0,0,1,0,0,0,0,0,0,0,0,1,1,1,0,0,10,4,4,2,12,20,3,20,2,0,3
3334.ps1,1,2337,1,2336.0,2336,0,22,15,15,9,9,3,3,7,327,3,9,0,0,7,0,0,0,0,4,22,5,0,0,0,0,0,0,0,0,0,0,0,0,0,0,0,0,0,0,0,0,0,0,0,0,0,0,0,0,0,0,0,0,0,0,0,0,0,0,0,0,0,0,0,0,0,0,0,0,0,0,0,0,0,0,0,0,0,0,0,0,0,0,0,0,0,0,0,0,0,0,7,4,2,4,10,12,1,22,2,1,2
3336.ps1,1,2767,1,2766.0,2766,0,22,15,15,9,9,3,3,7,412,3,9,0,0,7,0,0,0,0,4,22,5,0,0,0,0,0,0,0,0,0,0,0,0,0,0,0,0,0,0,0,0,0,0,0,0,0,0,0,0,0,0,0,0,0,0,0,0,0,0,0,0,0,0,0,0,0,0,0,0,0,0,0,0,0,0,0,0,0,0,0,0,0,0,0,0,0,0,0,0,0,0,7,4,2,4,10,12,1,22,2,1,2
3342.ps1,1,506,1,505.0,505,1,15,6,6,8,8,1,1,23,1,2,4,0,5,8,0,2,0,0,3,15,5,0,0,0,0,0,0,0,0,0,0,0,0,0,0,0,0,0,0,0,0,0,0,0,0,0,0,0,0,0,0,0,0,0,0,0,0,0,0,0,0,0,0,0,0,0,0,0,0,0,0,0,0,0,0,0,0,0,0,0,0,0,0,0,0,0,1,1,1,0,0,8,3,3,2,8,19,3,15,2,0,3
3346.ps1,1,2485,1,2484.0,2484,0,33,18,18,12,12,5,5,12,309,4,11,0,0,11,0,0,0,2,2,26,11,0,0,0,0,0,0,0,0,0,0,0,0,0,0,0,0,0,0,0,0,0,0,0,0,0,0,0,0,0,0,0,0,0,0,0,0,0,0,0,0,0,0,0,0,0,0,0,0,0,0,0,1,0,0,0,0,0,0,0,0,0,0,0,0,0,0,0,0,0,0,4,2,2,2,3,9,3,11,0,0,0
3329.ps1,1,87,1,86.0,86,0,1,3,3,1,1,1,1,6,0,1,2,1,0,1,0,0,0,0,3,1,2,0,0,0,0,0,0,0,0,0,0,0,0,0,0,0,0,0,0,0,0,0,0,0,0,0,0,0,0,0,0,0,0,0,0,0,0,0,0,0,0,0,0,0,0,0,0,0,0,0,0,0,0,0,0,0,0,0,0,0,0,0,0,0,0,0,0,0,0,0,0,0,2,2,0,3,5,0,1,0,0,1
3344.ps1,1,2452,1,2451.0,2451,0,22,15,15,9,9,3,3,7,352,3,9,0,0,7,0,0,0,0,4,22,5,0,0,0,0,0,0,0,0,0,0,0,0,0,0,0,0,0,0,0,0,0,0,0,0,0,0,0,0,0,0,0,0,0,0,0,0,0,0,0,0,0,0,0,0,0,0,0,0,0,0,0,0,0,0,0,0,0,0,0,0,0,0,0,0,0,0,0,0,0,0,7,4,2,4,10,12,1,22,2,1,2
3347.ps1,1,2252,1,2251.0,2251,0,22,15,15,9,9,3,3,7,309,3,9,0,0,7,0,0,0,0,4,22,5,0,0,0,0,0,0,0,0,0,0,0,0,0,0,0,0,0,0,0,0,0,0,0,0,0,0,0,0,0,0,0,0,0,0,0,0,0,0,0,0,0,0,0,0,0,0,0,0,0,0,0,0,0,0,0,0,0,0,0,0,0,0,0,0,0,0,0,0,0,0,7,4,2,4,10,12,1,22,2,1,2
3351.ps1,1,448,1,447.0,447,1,15,6,6,7,7,1,1,21,1,2,4,0,5,7,0,2,0,0,3,15,5,0,0,0,0,0,0,0,0,0,0,0,0,0,0,0,0,0,0,0,0,0,0,0,0,0,0,0,0,0,0,0,0,0,0,0,0,0,0,0,0,0,0,0,0,0,0,0,0,0,0,0,0,0,0,0,0,0,0,0,0,0,0,0,0,0,1,1,1,0,0,7,3,3,2,8,18,2,15,2,0,3
3350.ps1,1,2451,1,2450.0,2450,0,22,15,15,9,9,3,3,7,352,3,9,0,0,7,0,0,0,0,3,22,5,0,0,0,0,0,0,0,0,0,0,0,0,0,0,0,0,0,0,0,0,0,0,0,0,0,0,0,0,0,0,0,0,0,0,0,0,0,0,0,0,0,0,0,0,0,0,0,0,0,0,0,0,0,0,0,0,0,0,0,0,0,0,0,0,0,0,0,0,0,0,7,4,2,4,10,12,1,22,2,1,2
335.ps1,1,2337,1,2336.0,2336,0,22,15,15,9,9,3,3,7,327,3,9,0,0,7,0,0,0,0,4,22,5,0,0,0,0,0,0,0,0,0,0,0,0,0,0,0,0,0,0,0,0,0,0,0,0,0,0,0,0,0,0,0,0,0,0,0,0,0,0,0,0,0,0,0,0,0,0,0,0,0,0,0,0,0,0,0,0,0,0,0,0,0,0,0,0,0,0,0,0,0,0,7,4,2,4,10,12,1,22,2,1,2
3353.ps1,1,2340,1,2339.0,2339,0,22,15,15,9,9,3,3,7,327,3,9,0,0,7,0,0,0,0,4,20,5,0,0,0,0,0,0,0,0,0,0,0,0,0,0,0,0,0,0,0,0,0,0,0,0,0,0,0,0,0,0,0,0,0,0,0,0,0,0,0,0,0,0,0,0,0,0,0,0,0,0,0,0,0,0,0,0,0,0,0,0,0,0,0,0,0,0,0,0,0,0,7,4,2,4,10,12,1,22,2,1,2
3357.ps1,1,2326,1,2325.0,2325,0,18,8,8,4,4,2,2,20,2,37,8,0,32,13,0,0,0,0,2,18,6,0,0,0,0,0,0,0,0,0,0,0,0,0,0,0,0,0,0,0,0,0,0,0,0,0,0,0,0,0,0,0,0,2,0,0,0,0,0,0,0,0,0,0,0,0,0,0,0,1,0,0,0,0,1,0,0,2,1,0,0,0,1,0,0,0,0,0,0,0,3,10,2,1,1,2,14,2,16,0,0,0
3360.ps1,1,648,1,648.0,648,0,0,0,0,0,0,0,0,8,0,0,11,1,8,0,0,0,0,0,26,0,6,0,0,0,0,0,0,0,0,0,0,0,0,0,0,0,0,0,0,0,0,0,0,0,0,0,0,0,0,0,0,0,0,0,0,0,0,0,0,0,0,0,0,0,0,0,0,0,0,0,0,0,0,0,0,0,0,0,0,0,0,0,0,0,0,0,0,0,0,0,0,0,0,8,0,8,30,0,0,0,0,0
3368.ps1,1,2385,1,2384.0,2384,0,2,6,6,2,2,0,0,7,2,38,3,0,35,1,0,0,0,0,7,2,1,0,0,0,0,0,0,0,0,0,0,0,0,0,0,0,0,0,0,0,0,0,0,0,0,0,0,0,0,0,0,0,0,2,0,0,0,0,0,0,0,0,0,0,0,0,0,0,0,1,0,0,0,0,1,0,0,0,0,0,0,0,0,0,0,0,0,0,0,0,0,1,0,4,2,6,11,2,2,0,2,4
3352.ps1,1,2252,1,2251.0,2251,0,22,15,15,9,9,3,3,7,309,3,9,0,0,7,0,0,0,0,4,20,5,0,0,0,0,0,0,0,0,0,0,0,0,0,0,0,0,0,0,0,0,0,0,0,0,0,0,0,0,0,0,0,0,0,0,0,0,0,0,0,0,0,0,0,0,0,0,0,0,0,0,0,0,0,0,0,0,0,0,0,0,0,0,0,0,0,0,0,0,0,0,7,4,2,4,10,12,1,22,2,1,2
3358.ps1,1,2339,1,2338.0,2338,0,22,15,15,9,9,3,3,7,327,3,9,0,0,7,0,0,0,0,4,22,5,0,0,0,0,0,0,0,0,0,0,0,0,0,0,0,0,0,0,0,0,0,0,0,0,0,0,0,0,0,0,0,0,0,0,0,0,0,0,0,0,0,0,0,0,0,0,0,0,0,0,0,0,0,0,0,0,0,0,0,0,0,0,0,0,0,0,0,0,0,0,7,4,2,4,10,12,1,22,2,1,2
3372.ps1,1,2250,1,2249.0,2249,0,22,15,15,9,9,3,3,7,309,3,9,0,0,7,0,0,0,0,4,22,5,0,0,0,0,0,0,0,0,0,0,0,0,0,0,0,0,0,0,0,0,0,0,0,0,0,0,0,0,0,0,0,0,0,0,0,0,0,0,0,0,0,0,0,0,0,0,0,0,0,0,0,0,0,0,0,0,0,0,0,0,0,0,0,0,0,0,0,0,0,0,7,4,2,4,10,12,1,22,2,1,2
3373.ps1,1,2532,1,2531.0,2531,0,22,15,15,9,9,3,3,7,365,3,9,0,0,7,0,0,0,0,5,22,5,0,0,0,0,0,0,0,0,0,0,0,0,0,0,0,0,0,0,0,0,0,0,0,0,0,0,0,0,0,0,0,0,0,0,0,0,0,0,0,0,0,0,0,0,0,0,0,0,0,0,0,0,0,0,0,0,0,0,0,0,0,0,0,0,0,0,0,0,0,0,7,4,2,4,10,12,1,22,2,1,2
3363.ps1,1,2340,1,2339.0,2339,0,22,15,15,9,9,3,3,7,327,3,9,0,0,7,0,0,0,0,4,19,5,0,0,0,0,0,0,0,0,0,0,0,0,0,0,0,0,0,0,0,0,0,0,0,0,0,0,0,0,0,0,0,0,0,0,0,0,0,0,0,0,0,0,0,0,0,0,0,0,0,0,0,0,0,0,0,0,0,0,0,0,0,0,0,0,0,0,0,0,0,0,7,4,2,4,10,12,1,22,2,1,2
3371.ps1,1,2252,1,2251.0,2251,0,22,15,15,9,9,3,3,7,309,3,9,0,0,7,0,0,0,0,5,22,5,0,0,0,0,0,0,0,0,0,0,0,0,0,0,0,0,0,0,0,0,0,0,0,0,0,0,0,0,0,0,0,0,0,0,0,0,0,0,0,0,0,0,0,0,0,0,0,0,0,0,0,0,0,0,0,0,0,0,0,0,0,0,0,0,0,0,0,0,0,0,7,4,2,4,10,12,1,22,2,1,2
3365.ps1,1,448,1,447.0,447,1,16,6,6,8,7,1,1,21,1,2,4,0,6,7,0,2,0,0,3,16,5,0,0,0,0,0,0,0,0,0,0,0,0,0,0,0,0,0,0,0,0,0,0,0,0,0,0,0,0,0,0,0,0,0,0,0,0,0,0,0,0,0,0,0,0,0,0,0,0,0,0,0,0,0,0,0,0,0,0,0,0,0,0,0,0,0,1,1,1,0,0,7,3,3,2,8,18,2,15,2,0,3
3376.ps1,1,2341,1,2340.0,2340,0,22,15,15,9,9,3,3,7,327,3,9,0,0,7,0,0,0,0,5,22,5,0,0,0,0,0,0,0,0,0,0,0,0,0,0,0,0,0,0,0,0,0,0,0,0,0,0,0,0,0,0,0,0,0,0,0,0,0,0,0,0,0,0,0,0,0,0,0,0,0,0,0,0,0,0,0,0,0,0,0,0,0,0,0,0,0,0,0,0,0,0,7,4,2,4,10,12,1,22,2,1,2
3375.ps1,1,2340,1,2339.0,2339,0,22,15,15,9,9,3,3,7,327,3,9,0,0,7,0,0,0,0,4,19,5,0,0,0,0,0,0,0,0,0,0,0,0,0,0,0,0,0,0,0,0,0,0,0,0,0,0,0,0,0,0,0,0,0,0,0,0,0,0,0,0,0,0,0,0,0,0,0,0,0,0,0,0,0,0,0,0,0,0,0,0,0,0,0,0,0,0,0,0,0,0,7,4,2,4,10,12,1,22,2,1,2
3369.ps1,1,506,1,505.0,505,1,15,6,6,8,8,1,1,23,1,2,4,0,5,8,0,2,0,0,4,15,5,0,0,0,0,0,0,0,0,0,0,0,0,0,0,0,0,0,0,0,0,0,0,0,0,0,0,0,0,0,0,0,0,0,0,0,0,0,0,0,0,0,0,0,0,0,0,0,0,0,0,0,0,0,0,0,0,0,0,0,0,0,0,0,0,0,1,1,1,0,0,8,3,3,2,8,19,3,15,2,0,3
3377.ps1,1,449,1,448.0,448,1,16,6,7,7,8,2,1,21,2,2,4,1,6,8,1,2,1,0,3,16,5,0,0,0,0,0,0,0,0,0,0,0,0,0,0,0,0,0,0,0,0,0,0,0,0,0,0,0,0,0,0,0,0,0,0,0,0,0,0,0,0,0,0,0,0,0,0,0,0,0,0,0,0,0,0,0,0,0,0,0,0,0,0,0,0,0,1,1,1,0,0,7,3,3,2,8,18,2,15,2,0,3
339.ps1,1,122,1,121.0,121,1,0,2,2,0,0,0,0,7,1,0,2,0,3,0,0,0,0,0,6,0,3,0,0,0,0,0,0,0,0,0,0,0,0,0,0,0,0,0,0,0,0,0,0,0,0,0,0,0,0,0,0,0,0,0,0,0,0,0,0,0,0,0,0,0,0,0,0,0,0,0,0,0,0,0,0,0,0,0,0,0,0,0,0,0,0,0,1,1,0,1,0,0,0,2,1,3,7,0,0,0,0,1
3384.ps1,1,2728,1,2727.0,2727,0,27,18,18,10,10,4,4,10,374,3,11,0,0,8,0,0,0,1,2,27,9,0,0,0,0,0,0,0,0,0,0,0,0,0,0,0,0,0,0,0,0,0,0,0,0,0,0,0,0,0,0,0,0,0,0,0,0,0,0,0,0,0,0,0,0,0,0,0,0,0,0,1,0,0,0,0,0,0,0,0,0,0,0,0,0,0,0,0,0,0,0,3,1,2,2,3,7,2,9,0,0,0
3382.ps1,1,2327,1,2326.0,2326,0,22,15,15,9,9,3,3,7,327,3,9,0,0,7,0,0,0,0,4,22,5,0,0,0,0,0,0,0,0,0,0,0,0,0,0,0,0,0,0,0,0,0,0,0,0,0,0,0,0,0,0,0,0,0,0,0,0,0,0,0,0,0,0,0,0,0,0,0,0,0,0,0,0,0,0,0,0,0,0,0,0,0,0,0,0,0,0,0,0,0,0,7,4,2,4,10,12,1,22,2,1,2
3393.ps1,1,2282,1,2281.0,2281,0,22,15,15,9,9,3,3,7,318,3,9,0,0,7,0,0,0,0,4,22,5,0,0,0,0,0,0,0,0,0,0,0,0,0,0,0,0,0,0,0,0,0,0,0,0,0,0,0,0,0,0,0,0,0,0,0,0,0,0,0,0,0,0,0,0,0,0,0,0,0,0,0,0,0,0,0,0,0,0,0,0,0,0,0,0,0,0,0,0,0,0,7,4,2,4,10,12,1,22,2,1,2
3401.ps1,1,2222,1,2221.0,2221,0,22,15,15,9,9,3,3,7,306,3,9,0,0,7,0,0,0,0,4,22,5,0,0,0,0,0,0,0,0,0,0,0,0,0,0,0,0,0,0,0,0,0,0,0,0,0,0,0,0,0,0,0,0,0,0,0,0,0,0,0,0,0,0,0,0,0,0,0,0,0,0,0,0,0,0,0,0,0,0,0,0,0,0,0,0,0,0,0,0,0,0,7,4,2,4,10,12,1,22,2,1,2
3395.ps1,1,2238,1,2237.0,2237,0,22,15,15,9,9,3,3,7,309,3,9,0,0,7,0,0,0,0,5,22,5,0,0,0,0,0,0,0,0,0,0,0,0,0,0,0,0,0,0,0,0,0,0,0,0,0,0,0,0,0,0,0,0,0,0,0,0,0,0,0,0,0,0,0,0,0,0,0,0,0,0,0,0,0,0,0,0,0,0,0,0,0,0,0,0,0,0,0,0,0,0,7,4,2,4,10,12,1,22,2,1,2
3398.ps1,1,2338,1,2337.0,2337,0,22,15,15,9,9,3,3,7,327,3,9,0,0,7,0,0,0,0,3,20,5,0,0,0,0,0,0,0,0,0,0,0,0,0,0,0,0,0,0,0,0,0,0,0,0,0,0,0,0,0,0,0,0,0,0,0,0,0,0,0,0,0,0,0,0,0,0,0,0,0,0,0,0,0,0,0,0,0,0,0,0,0,0,0,0,0,0,0,0,0,0,7,4,2,4,10,12,1,22,2,1,2
3402.ps1,1,2297,1,2296.0,2296,0,22,15,15,9,9,3,3,7,318,3,9,0,0,7,0,0,0,0,4,22,5,0,0,0,0,0,0,0,0,0,0,0,0,0,0,0,0,0,0,0,0,0,0,0,0,0,0,0,0,0,0,0,0,0,0,0,0,0,0,0,0,0,0,0,0,0,0,0,0,0,0,0,0,0,0,0,0,0,0,0,0,0,0,0,0,0,0,0,0,0,0,7,4,2,4,10,12,1,22,2,1,2
3405.ps1,1,2339,1,2338.0,2338,0,22,15,15,9,9,3,3,7,327,3,9,0,0,7,0,0,0,0,4,19,5,0,0,0,0,0,0,0,0,0,0,0,0,0,0,0,0,0,0,0,0,0,0,0,0,0,0,0,0,0,0,0,0,0,0,0,0,0,0,0,0,0,0,0,0,0,0,0,0,0,0,0,0,0,0,0,0,0,0,0,0,0,0,0,0,0,0,0,0,0,0,7,4,2,4,10,12,1,22,2,1,2
3406.ps1,1,2339,1,2338.0,2338,0,22,15,15,9,9,3,3,7,327,3,9,0,0,7,0,0,0,0,4,22,5,0,0,0,0,0,0,0,0,0,0,0,0,0,0,0,0,0,0,0,0,0,0,0,0,0,0,0,0,0,0,0,0,0,0,0,0,0,0,0,0,0,0,0,0,0,0,0,0,0,0,0,0,0,0,0,0,0,0,0,0,0,0,0,0,0,0,0,0,0,0,7,4,2,4,10,12,1,22,2,1,2
3415.ps1,1,2337,1,2336.0,2336,0,22,15,15,9,9,3,3,7,327,3,9,0,0,7,0,0,0,0,4,22,5,0,0,0,0,0,0,0,0,0,0,0,0,0,0,0,0,0,0,0,0,0,0,0,0,0,0,0,0,0,0,0,0,0,0,0,0,0,0,0,0,0,0,0,0,0,0,0,0,0,0,0,0,0,0,0,0,0,0,0,0,0,0,0,0,0,0,0,0,0,0,7,4,2,4,10,12,1,22,2,1,2
3409.ps1,1,2340,1,2339.0,2339,0,22,15,15,9,9,3,3,7,327,3,9,0,0,7,0,0,0,0,4,22,5,0,0,0,0,0,0,0,0,0,0,0,0,0,0,0,0,0,0,0,0,0,0,0,0,0,0,0,0,0,0,0,0,2,0,0,0,0,0,0,0,0,0,0,0,0,0,0,0,0,0,0,0,0,0,0,0,0,0,0,0,0,0,0,0,0,0,0,0,0,0,7,4,2,4,10,12,1,22,2,1,2
3416.ps1,1,444,1,443.0,443,1,15,6,6,7,7,1,1,21,1,2,4,0,5,7,0,2,0,0,3,15,5,0,0,0,0,0,0,0,0,0,0,0,0,0,0,0,0,0,0,0,0,0,0,0,0,0,0,0,0,0,0,0,0,0,0,0,0,0,0,0,0,0,0,0,0,0,0,0,0,0,0,0,0,0,0,0,0,0,0,0,0,0,0,0,0,0,1,1,1,0,0,7,3,3,2,8,18,2,15,2,0,3
341.ps1,1,2250,1,2249.0,2249,0,22,15,15,9,9,3,3,7,309,3,9,0,0,7,0,0,0,0,4,19,5,0,0,0,0,0,0,0,0,0,0,0,0,0,0,0,0,0,0,0,0,0,0,0,0,0,0,0,0,0,0,0,0,0,0,0,0,0,0,0,0,0,0,0,0,0,0,0,0,0,0,0,0,0,0,0,0,0,0,0,0,0,0,0,0,0,0,0,0,0,0,7,4,2,4,10,12,1,22,2,1,2
3412.ps1,1,2341,1,2340.0,2340,0,22,15,15,9,9,3,3,7,327,3,9,0,0,7,0,0,0,0,5,22,5,0,0,0,0,0,0,0,0,0,0,0,0,0,0,0,0,0,0,0,0,0,0,0,0,0,0,0,0,0,0,0,0,0,0,0,0,0,0,0,0,0,0,0,0,0,0,0,0,0,0,0,0,0,0,0,0,0,0,0,0,0,0,0,0,0,0,0,0,0,0,7,4,2,4,10,12,1,22,2,1,2
3418.ps1,1,2621,1,2620.0,2620,0,22,15,15,9,9,3,3,7,383,3,9,0,0,7,0,0,0,0,3,22,5,0,0,0,0,0,0,0,0,0,0,0,0,0,0,0,0,0,0,0,0,0,0,0,0,0,0,0,0,0,0,0,0,0,0,0,0,0,0,0,0,0,0,0,0,0,0,0,0,0,0,0,0,0,0,0,0,0,0,0,0,0,0,0,0,0,0,0,0,0,0,7,4,2,4,10,12,1,22,2,1,2
3404.ps1,1,252,1,251.0,251,1,0,3,3,0,0,0,0,14,0,0,6,0,12,0,0,0,0,0,8,0,1,0,0,0,0,0,0,0,0,0,0,0,0,0,0,0,0,0,0,0,0,0,0,0,0,0,0,0,0,0,0,0,0,0,0,0,0,0,0,0,0,0,0,0,0,0,0,0,0,0,0,0,0,0,0,0,0,0,0,0,0,0,0,0,0,0,0,1,1,0,0,0,0,3,1,4,10,0,0,0,0,2
342.ps1,1,2350,1,2349.0,2349,0,18,8,8,4,4,2,2,20,2,17,8,0,26,13,0,0,0,0,2,18,6,0,0,0,0,0,0,0,0,0,0,0,0,0,0,0,0,0,0,0,0,0,0,0,0,0,0,0,0,0,0,0,0,0,0,0,0,0,0,0,0,0,0,0,0,0,0,0,0,1,0,0,0,0,1,0,0,2,1,0,0,0,1,0,0,0,0,0,0,0,3,10,2,1,1,2,14,2,16,0,0,0
3422.ps1,1,2338,1,2337.0,2337,0,22,15,15,9,9,3,3,7,327,3,9,0,0,7,0,0,0,0,3,22,5,0,0,0,0,0,0,0,0,0,0,0,0,0,0,0,0,0,0,0,0,0,0,0,0,0,0,0,0,0,0,0,0,0,0,0,0,0,0,0,0,0,0,0,0,0,0,0,0,0,0,0,0,0,0,0,0,0,0,0,0,0,0,0,0,0,0,0,0,0,0,7,4,2,4,10,12,1,22,2,1,2
3440.ps1,1,2237,1,2236.0,2236,0,22,15,15,9,9,3,3,7,309,3,9,0,0,7,0,0,0,0,4,22,5,0,0,0,0,0,0,0,0,0,0,0,0,0,0,0,0,0,0,0,0,0,0,0,0,0,0,0,0,0,0,0,0,0,0,0,0,0,0,0,0,0,0,0,0,0,0,0,0,0,0,0,0,0,0,0,0,0,0,0,0,0,0,0,0,0,0,0,0,0,0,7,4,2,4,10,12,1,22,2,1,2
3432.ps1,1,87,1,86.0,86,1,0,2,2,0,0,0,0,5,0,0,1,0,3,0,0,0,0,0,4,0,1,0,0,0,0,0,0,0,0,0,0,0,0,0,0,0,0,0,0,0,0,0,0,0,0,0,0,0,0,0,0,0,0,0,0,0,0,0,0,0,0,0,0,0,0,0,0,0,0,0,0,0,0,0,0,0,0,0,0,0,0,0,0,0,0,0,0,1,1,0,0,0,0,2,1,2,5,0,0,0,0,1
3434.ps1,1,2338,1,2337.0,2337,0,22,15,15,9,9,3,3,7,327,3,9,0,0,7,0,0,0,0,5,22,5,0,0,0,0,0,0,0,0,0,0,0,0,0,0,0,0,0,0,0,0,0,0,0,0,0,0,0,0,0,0,0,0,0,0,0,0,0,0,0,0,0,0,0,0,0,0,0,0,0,0,0,0,0,0,0,0,0,0,0,0,0,0,0,0,0,0,0,0,0,0,7,4,2,4,10,12,1,22,2,1,2
3442.ps1,1,2342,1,2341.0,2341,0,22,15,15,9,9,3,3,7,327,3,9,0,0,7,0,0,0,0,4,22,5,0,0,0,0,0,0,0,0,0,0,0,0,0,0,0,0,0,0,0,0,0,0,0,0,0,0,0,0,0,0,0,0,0,0,0,0,0,0,0,0,0,0,0,0,0,0,0,0,0,0,0,0,0,0,0,0,0,0,0,0,0,0,0,0,0,0,0,0,0,0,7,4,2,4,10,12,1,22,2,1,2
3451.ps1,1,2342,1,2341.0,2341,0,22,15,15,9,9,3,3,7,327,3,9,0,0,7,0,0,0,0,4,22,5,0,0,0,0,0,0,0,0,0,0,0,0,0,0,0,0,0,0,0,0,0,0,0,0,0,0,0,0,0,0,0,0,0,0,0,0,0,0,0,0,0,0,0,0,0,0,0,0,0,0,0,0,0,0,0,0,0,0,0,0,0,0,0,0,0,0,0,0,0,0,7,4,2,4,10,12,1,22,2,1,2
3427.ps1,1,2576,1,2575.0,2575,0,22,15,15,9,9,3,3,7,374,3,9,0,0,7,0,0,0,0,5,22,5,0,0,0,0,0,0,0,0,0,0,0,0,0,0,0,0,0,0,0,0,0,0,0,0,0,0,0,0,0,0,0,0,0,0,0,0,0,0,0,0,0,0,0,0,0,0,0,0,0,0,0,0,0,0,0,0,0,0,0,0,0,0,0,0,0,0,0,0,0,0,7,4,2,4,10,12,1,22,2,1,2
3475.ps1,1,2247,1,2246.0,2246,0,22,15,15,9,9,3,3,7,309,3,9,0,0,7,0,0,0,0,4,22,5,0,0,0,0,0,0,0,0,0,0,0,0,0,0,0,0,0,0,0,0,0,0,0,0,0,0,0,0,0,0,0,0,0,0,0,0,0,0,0,0,0,0,0,0,0,0,0,0,0,0,0,0,0,0,0,0,0,0,0,0,0,0,0,0,0,0,0,0,0,0,7,4,2,4,10,12,1,22,2,1,2
3477.ps1,1,2338,1,2337.0,2337,0,22,15,15,9,9,3,3,7,327,3,9,0,0,7,0,0,0,0,5,22,5,0,0,0,0,0,0,0,0,0,0,0,0,0,0,0,0,0,0,0,0,0,0,0,0,0,0,0,0,0,0,0,0,0,0,0,0,0,0,0,0,0,0,0,0,0,0,0,0,0,0,0,0,0,0,0,0,0,0,0,0,0,0,0,0,0,0,0,0,0,0,7,4,2,4,10,12,1,22,2,1,2
348.ps1,1,2237,1,2236.0,2236,0,22,15,15,9,9,3,3,7,309,3,9,0,0,7,0,0,0,0,4,22,5,0,0,0,0,0,0,0,0,0,0,0,0,0,0,0,0,0,0,0,0,0,0,0,0,0,0,0,0,0,0,0,0,0,0,0,0,0,0,0,0,0,0,0,0,0,0,0,0,0,0,0,0,0,0,0,0,0,0,0,0,0,0,0,0,0,0,0,0,0,0,7,4,2,4,10,12,1,22,2,1,2
3458.ps1,1,2327,1,2326.0,2326,0,22,15,15,9,9,3,3,7,327,3,9,0,0,7,0,0,0,0,4,22,5,0,0,0,0,0,0,0,0,0,0,0,0,0,0,0,0,0,0,0,0,0,0,0,0,0,0,0,0,0,0,0,0,0,0,0,0,0,0,0,0,0,0,0,0,0,0,0,0,0,0,0,0,0,0,0,0,0,0,0,0,0,0,0,0,0,0,0,0,0,0,7,4,2,4,10,12,1,22,2,1,2
3465.ps1,1,2338,1,2337.0,2337,0,22,15,15,9,9,3,3,7,327,3,9,0,0,7,0,0,0,0,5,22,5,0,0,0,0,0,0,0,0,0,0,0,0,0,0,0,0,0,0,0,0,0,0,0,0,0,0,0,0,0,0,0,0,0,0,0,0,0,0,0,0,0,0,0,0,0,0,0,0,0,0,0,0,0,0,0,0,0,0,0,0,0,0,0,0,0,0,0,0,0,0,7,4,2,4,10,12,1,22,2,1,2
3469.ps1,1,2337,1,2336.0,2336,0,22,15,15,9,9,3,3,7,327,3,9,0,0,7,0,0,0,0,4,22,5,0,0,0,0,0,0,0,0,0,0,0,0,0,0,0,0,0,0,0,0,0,0,0,0,0,0,0,0,0,0,0,0,0,0,0,0,0,0,0,0,0,0,0,0,0,0,0,0,0,0,0,0,0,0,0,0,0,0,0,0,0,0,0,0,0,0,0,0,0,0,7,4,2,4,10,12,1,22,2,1,2
3493.ps1,1,2452,1,2451.0,2451,0,22,15,15,9,9,3,3,7,352,3,9,0,0,7,0,0,0,0,4,22,5,0,0,0,0,0,0,0,0,0,0,0,0,0,0,0,0,0,0,0,0,0,0,0,0,0,0,0,0,0,0,0,0,0,0,0,0,0,0,0,0,0,0,0,0,0,0,0,0,0,0,0,0,0,0,0,0,0,0,0,0,0,0,0,0,0,0,0,0,0,0,7,4,2,4,10,12,1,22,2,1,2
3487.ps1,1,2394,1,2393.0,2393,0,18,8,8,4,4,2,2,20,2,37,8,0,19,11,0,0,0,0,2,18,6,0,0,0,0,0,0,0,0,0,0,0,0,0,0,0,0,0,0,0,0,0,0,0,0,0,0,0,0,0,0,0,0,0,0,0,0,0,0,0,0,0,0,0,0,0,0,0,0,1,0,0,0,0,1,0,0,2,1,0,0,0,1,0,0,0,0,0,0,0,3,10,2,1,1,2,14,2,16,0,0,0
3474.ps1,1,578,1,577.0,577,1,16,6,6,9,9,2,2,23,1,2,4,0,5,9,0,2,0,0,3,16,5,0,0,0,0,0,0,0,0,0,0,0,0,0,0,0,0,0,0,0,0,0,0,0,0,0,0,0,0,0,0,0,0,0,0,0,0,0,0,0,0,0,0,0,0,0,0,0,0,0,0,0,0,0,0,0,0,1,0,0,0,0,0,0,0,0,1,1,1,0,0,9,3,3,2,9,20,4,16,2,0,3
3473.ps1,1,2547,1,2546.0,2546,0,34,18,18,12,12,5,5,12,309,4,16,0,0,12,0,0,0,2,2,32,12,0,0,0,0,0,0,0,0,0,0,0,0,0,0,0,0,0,0,0,0,0,0,0,0,0,0,0,0,0,0,0,0,0,0,0,0,0,0,0,0,0,0,0,0,0,0,0,0,0,0,0,1,0,0,0,0,0,0,0,0,0,0,0,0,0,0,0,0,0,0,5,2,2,2,3,10,3,12,0,0,0
3502.ps1,1,2527,1,2526.0,2526,0,22,15,15,9,9,3,3,7,364,3,9,0,0,7,0,0,0,0,5,22,5,0,0,0,0,0,0,0,0,0,0,0,0,0,0,0,0,0,0,0,0,0,0,0,0,0,0,0,0,0,0,0,0,0,0,0,0,0,0,0,0,0,0,0,0,0,0,0,0,0,0,0,0,0,0,0,0,0,0,0,0,0,0,0,0,0,0,0,0,0,0,7,4,2,4,10,12,1,22,2,1,2
3503.ps1,1,2340,1,2339.0,2339,0,22,15,15,9,9,3,3,7,327,3,9,0,0,7,0,0,0,0,4,19,5,0,0,0,0,0,0,0,0,0,0,0,0,0,0,0,0,0,0,0,0,0,0,0,0,0,0,0,0,0,0,0,0,0,0,0,0,0,0,0,0,0,0,0,0,0,0,0,0,0,0,0,0,0,0,0,0,0,0,0,0,0,0,0,0,0,0,0,0,0,0,7,4,2,4,10,12,1,22,2,1,2
35.ps1,1,278,1,277.0,277,1,0,2,2,0,0,0,0,8,0,0,7,0,11,0,0,0,0,0,7,0,1,0,0,0,0,0,0,0,0,0,0,0,0,0,0,0,0,0,0,0,0,0,0,0,0,0,0,0,0,0,0,0,0,0,0,0,0,0,0,0,0,0,0,0,1,0,0,0,1,0,0,0,0,0,0,0,0,0,0,0,0,0,0,0,0,0,0,1,1,0,0,0,0,3,1,3,8,0,0,0,0,1
3500.ps1,1,2763,1,2762.0,2762,0,22,15,15,9,9,3,3,7,410,3,9,0,0,7,0,0,0,0,4,22,5,0,0,0,0,0,0,0,0,0,0,0,0,0,0,0,0,0,0,0,0,0,0,0,0,0,0,0,0,0,0,0,0,0,0,0,0,0,0,0,0,0,0,0,0,0,0,0,0,0,0,0,0,0,0,0,0,0,0,0,0,0,0,0,0,0,0,0,0,0,0,7,4,2,4,10,12,1,22,2,1,2
3505.ps1,1,2340,1,2339.0,2339,0,22,15,15,9,9,3,3,7,327,3,9,0,0,7,0,0,0,0,4,22,5,0,0,0,0,0,0,0,0,0,0,0,0,0,0,0,0,0,0,0,0,0,0,0,0,0,0,0,0,0,0,0,0,0,0,0,0,0,0,0,0,0,0,0,0,0,0,0,0,0,0,0,0,0,0,0,0,0,0,0,0,0,0,0,0,0,0,0,0,0,0,7,4,2,4,10,12,1,22,2,1,2
3501.ps1,1,446,1,445.0,445,1,15,6,6,7,7,1,1,21,1,2,4,0,5,7,0,2,0,0,4,15,5,0,0,0,0,0,0,0,0,0,0,0,0,0,0,0,0,0,0,0,0,0,0,0,0,0,0,0,0,0,0,0,0,0,0,0,0,0,0,0,0,0,0,0,0,0,0,0,0,0,0,0,0,0,0,0,0,0,0,0,0,0,0,0,0,0,1,1,1,0,0,7,3,3,2,8,18,2,15,2,0,3
3509.ps1,1,448,1,447.0,447,1,15,6,6,7,7,1,1,21,1,2,4,0,5,7,0,2,0,0,3,15,5,0,0,0,0,0,0,0,0,0,0,0,0,0,0,0,0,0,0,0,0,0,0,0,0,0,0,0,0,0,0,0,0,0,0,0,0,0,0,0,0,0,0,0,0,0,0,0,0,0,0,0,0,0,0,0,0,0,0,0,0,0,0,0,0,0,1,1,1,0,0,7,3,3,2,8,18,2,15,2,0,3
3515.ps1,1,2318,1,2317.0,2317,0,18,8,8,4,4,2,2,20,2,28,8,0,25,13,0,0,0,0,2,18,6,0,0,0,0,0,0,0,0,0,0,0,0,0,0,0,0,0,0,0,0,0,0,0,0,0,0,0,0,0,0,0,0,3,0,0,0,0,0,0,0,0,0,0,0,0,0,0,0,1,0,0,0,0,1,0,0,2,1,0,0,0,1,0,0,0,0,0,0,0,3,10,2,1,1,2,14,2,16,0,0,0
3506.ps1,1,2656,1,2655.0,2655,0,22,15,15,9,9,3,3,7,390,3,9,0,0,7,0,0,0,0,5,22,5,0,0,0,0,0,0,0,0,0,0,0,0,0,0,0,0,0,0,0,0,0,0,0,0,0,0,0,0,0,0,0,0,0,0,0,0,0,0,0,0,0,0,0,0,0,0,0,0,0,0,0,0,0,0,0,0,0,0,0,0,0,0,0,0,0,0,0,0,0,0,7,4,2,4,10,12,1,22,2,1,2
3511.ps1,1,2339,1,2338.0,2338,0,22,15,15,9,9,3,3,7,327,3,9,0,0,7,0,0,0,0,4,20,5,0,0,0,0,0,0,0,0,0,0,0,0,0,0,0,0,0,0,0,0,0,0,0,0,0,0,0,0,0,0,0,0,0,0,0,0,0,0,0,0,0,0,0,0,0,0,0,0,0,0,0,0,0,0,0,0,0,0,0,0,0,0,0,0,0,0,0,0,0,0,7,4,2,4,10,12,1,22,2,1,2
3532.ps1,1,2340,1,2339.0,2339,0,22,15,15,9,9,3,3,7,327,3,9,0,0,7,0,0,0,0,4,22,5,0,0,0,0,0,0,0,0,0,0,0,0,0,0,0,0,0,0,0,0,0,0,0,0,0,0,0,0,0,0,0,0,0,0,0,0,0,0,0,0,0,0,0,0,0,0,0,0,0,0,0,0,0,0,0,0,0,0,0,0,0,0,0,0,0,0,0,0,0,0,7,4,2,4,10,12,1,22,2,1,2
354.ps1,1,2453,1,2452.0,2452,0,22,15,15,9,9,3,3,7,352,3,9,0,0,7,0,0,0,0,5,22,5,0,0,0,0,0,0,0,0,0,0,0,0,0,0,0,0,0,0,0,0,0,0,0,0,0,0,0,0,0,0,0,0,0,0,0,0,0,0,0,0,0,0,0,0,0,0,0,0,0,0,0,0,0,0,0,0,0,0,0,0,0,0,0,0,0,0,0,0,0,0,7,4,2,4,10,12,1,22,2,1,2
353.ps1,1,2516,1,2515.0,2515,0,22,15,15,9,9,3,3,7,362,3,9,0,0,7,0,0,0,0,4,22,5,0,0,0,0,0,0,0,0,0,0,0,0,0,0,0,0,0,0,0,0,0,0,0,0,0,0,0,0,0,0,0,0,0,0,0,0,0,0,0,0,0,0,0,0,0,0,0,0,0,0,0,0,0,0,0,0,0,0,0,0,0,0,0,0,0,0,0,0,0,0,7,4,2,4,10,12,1,22,2,1,2
3547.ps1,1,449,1,448.0,448,1,15,6,6,7,7,1,1,21,1,2,4,0,5,7,0,2,0,0,4,15,5,0,0,0,0,0,0,0,0,0,0,0,0,0,0,0,0,0,0,0,0,0,0,0,0,0,0,0,0,0,0,0,0,0,0,0,0,0,0,0,0,0,0,0,0,0,0,0,0,0,0,0,0,0,0,0,0,0,0,0,0,0,0,0,0,0,1,1,1,0,0,7,3,3,2,8,18,2,15,2,0,3
3546.ps1,1,447,1,446.0,446,1,15,6,6,7,7,1,1,21,1,2,4,0,5,7,0,2,0,0,3,15,5,0,0,0,0,0,0,0,0,0,0,0,0,0,0,0,0,0,0,0,0,0,0,0,0,0,0,0,0,0,0,0,0,0,0,0,0,0,0,0,0,0,0,0,0,0,0,0,0,0,0,0,0,0,0,0,0,0,0,0,0,0,0,0,0,0,1,1,1,0,0,7,3,3,2,8,18,2,15,2,0,3
3552.ps1,1,2782,1,2782.0,2782,0,22,15,15,0,0,15,15,15,0,5,97,0,0,8,0,0,0,0,124,22,48,1,1,0,0,0,0,0,0,0,0,0,0,0,0,0,0,0,0,0,0,0,0,0,0,0,0,0,0,0,0,0,0,0,0,0,0,0,0,0,0,0,0,0,0,0,0,0,8,0,0,0,0,0,0,0,0,0,0,0,0,0,0,0,0,0,0,0,0,0,0,8,5,53,0,68,113,0,22,0,0,6
3541.ps1,1,584,1,583.0,583,1,16,6,6,9,10,2,2,25,2,2,4,1,5,9,0,2,1,1,4,16,5,0,0,0,0,0,0,0,0,0,0,0,0,0,0,0,0,0,0,0,0,0,0,0,0,0,0,0,0,0,0,0,0,0,0,0,0,0,0,0,0,0,0,0,0,0,0,0,0,0,0,0,0,0,0,0,0,1,0,0,0,0,0,0,0,0,1,1,1,0,0,9,3,3,2,9,20,4,16,2,0,3
355.ps1,1,144,1,143.0,143,1,0,2,2,0,0,0,0,7,1,0,2,0,4,0,0,0,0,0,5,0,3,0,0,0,0,0,0,0,0,0,0,0,0,0,0,0,0,0,0,0,0,0,0,0,0,0,0,0,0,0,0,0,0,0,0,0,0,0,0,0,0,0,0,0,0,0,0,0,0,0,0,0,0,0,0,0,0,0,0,0,0,0,0,0,0,0,1,1,0,1,0,0,0,2,1,3,7,0,0,0,0,1
3570.ps1,1,2207,1,2206.0,2206,0,22,15,15,9,9,3,3,7,300,3,9,0,0,7,0,0,0,0,5,22,5,0,0,0,0,0,0,0,0,0,0,0,0,0,0,0,0,0,0,0,0,0,0,0,0,0,0,0,0,0,0,0,0,0,0,0,0,0,0,0,0,0,0,0,0,0,0,0,0,0,0,0,0,0,0,0,0,0,0,0,0,0,0,0,0,0,0,0,0,0,0,7,4,2,4,10,12,1,22,2,1,2
3574.ps1,1,2525,1,2524.0,2524,0,33,18,18,12,12,5,5,12,309,4,11,0,0,11,0,0,0,2,2,33,11,0,0,0,0,0,0,0,0,0,0,0,0,0,0,0,0,0,0,0,0,0,0,0,0,0,0,0,0,0,0,0,0,0,0,0,0,0,0,0,0,0,0,0,0,0,0,0,0,0,0,0,1,0,0,0,0,0,0,0,0,0,0,1,0,0,0,0,0,0,0,4,2,2,2,3,9,3,11,0,0,0
3568.ps1,1,2343,1,2342.0,2342,0,22,15,15,9,9,3,3,7,327,3,9,0,0,7,0,0,0,0,5,22,5,0,0,0,0,0,0,0,0,0,0,0,0,0,0,0,0,0,0,0,0,0,0,0,0,0,0,0,0,0,0,0,0,0,0,0,0,0,0,0,0,0,0,0,0,0,0,0,0,0,0,0,0,0,0,0,0,0,0,0,0,0,0,0,0,0,0,0,0,0,0,7,4,2,4,10,12,1,22,2,1,2
3566.ps1,1,2339,1,2338.0,2338,0,22,15,15,9,9,3,3,7,327,3,9,0,0,7,0,0,0,0,4,22,5,0,0,0,0,0,0,0,0,0,0,0,0,0,0,0,0,0,0,0,0,0,0,0,0,0,0,0,0,0,0,0,0,0,0,0,0,0,0,0,0,0,0,0,0,0,0,0,0,0,0,0,0,0,0,0,0,0,0,0,0,0,0,0,0,0,0,0,0,0,0,7,4,2,4,10,12,1,22,2,1,2
3573.ps1,1,2339,1,2338.0,2338,0,22,15,15,9,9,3,3,7,327,3,9,0,0,7,0,0,0,0,4,22,5,0,0,0,0,0,0,0,0,0,0,0,0,0,0,0,0,0,0,0,0,0,0,0,0,0,0,0,0,0,0,0,0,3,0,0,0,0,0,0,0,0,0,0,0,0,0,0,0,0,0,0,0,0,0,0,0,0,0,0,0,0,0,0,0,0,0,0,0,0,0,7,4,2,4,10,12,1,22,2,1,2
3556.ps1,1,2343,1,2342.0,2342,0,22,15,15,9,9,3,3,7,327,3,9,0,0,7,0,0,0,0,5,22,5,0,0,0,0,0,0,0,0,0,0,0,0,0,0,0,0,0,0,0,0,0,0,0,0,0,0,0,0,0,0,0,0,0,0,0,0,0,0,0,0,0,0,0,0,0,0,0,0,0,0,0,0,0,0,0,0,0,0,0,0,0,0,0,0,0,0,0,0,0,0,7,4,2,4,10,12,1,22,2,1,2
3563.ps1,1,2605,1,2604.0,2604,0,33,18,18,12,12,5,5,12,327,4,11,0,0,11,0,0,0,2,2,31,11,0,0,0,0,0,0,0,0,0,0,0,0,0,0,0,0,0,0,0,0,0,0,0,0,0,0,0,0,0,0,0,0,0,0,0,0,0,0,0,0,0,0,0,0,0,0,0,0,0,0,0,1,0,0,0,0,0,0,0,0,0,0,0,0,0,0,0,0,0,0,4,2,2,2,3,9,3,11,0,0,0
357.ps1,1,2247,1,2246.0,2246,0,22,15,15,9,9,3,3,7,309,3,9,0,0,7,0,0,0,0,4,22,5,0,0,0,0,0,0,0,0,0,0,0,0,0,0,0,0,0,0,0,0,0,0,0,0,0,0,0,0,0,0,0,0,0,0,0,0,0,0,0,0,0,0,0,0,0,0,0,0,0,0,0,0,0,0,0,0,0,0,0,0,0,0,0,0,0,0,0,0,0,0,7,4,2,4,10,12,1,22,2,1,2
3598.ps1,1,238,1,237.0,237,1,2,5,5,0,0,1,1,8,1,0,9,0,3,0,0,0,0,0,7,2,4,0,0,0,0,0,0,0,0,0,0,0,0,0,0,0,0,0,0,0,0,0,0,0,0,0,0,0,0,0,0,0,0,0,0,0,0,0,0,0,0,0,0,0,0,0,0,0,0,0,0,0,0,0,0,0,0,0,0,0,0,0,0,0,0,0,1,1,0,1,0,0,1,4,1,6,11,0,2,0,0,3
3608.ps1,1,504,1,503.0,503,1,15,7,6,8,9,1,1,23,1,2,4,0,6,8,1,2,0,0,3,15,5,0,0,0,0,0,0,0,0,0,0,0,0,0,0,0,0,0,0,0,0,0,0,0,0,0,0,0,0,0,0,0,0,0,0,0,0,0,0,0,0,0,0,0,0,0,0,0,0,0,0,0,0,0,0,0,0,0,0,0,0,0,0,0,0,0,1,1,1,0,0,8,3,3,2,8,19,3,15,2,0,3
3579.ps1,1,2340,1,2339.0,2339,0,22,15,15,9,9,3,3,7,327,3,9,0,0,7,0,0,0,0,4,22,5,0,0,0,0,0,0,0,0,0,0,0,0,0,0,0,0,0,0,0,0,0,0,0,0,0,0,0,0,0,0,0,0,0,0,0,0,0,0,0,0,0,0,0,0,0,0,0,0,0,0,0,0,0,0,0,0,0,0,0,0,0,0,0,0,0,0,0,0,0,0,7,4,2,4,10,12,1,22,2,1,2
3620.ps1,1,2250,1,2249.0,2249,0,22,15,15,9,9,3,3,7,309,3,9,0,0,7,0,0,0,0,4,22,5,0,0,0,0,0,0,0,0,0,0,0,0,0,0,0,0,0,0,0,0,0,0,0,0,0,0,0,0,0,0,0,0,0,0,0,0,0,0,0,0,0,0,0,0,0,0,0,0,0,0,0,0,0,0,0,0,0,0,0,0,0,0,0,0,0,0,0,0,0,0,7,4,2,4,10,12,1,22,2,1,2
3605.ps1,1,2336,1,2335.0,2335,0,22,15,15,9,9,3,3,7,327,3,9,0,0,7,0,0,0,0,3,22,5,0,0,0,0,0,0,0,0,0,0,0,0,0,0,0,0,0,0,0,0,0,0,0,0,0,0,0,0,0,0,0,0,0,0,0,0,0,0,0,0,0,0,0,0,0,0,0,0,0,0,0,0,0,0,0,0,0,0,0,0,0,0,0,0,0,0,0,0,0,0,7,4,2,4,10,12,1,22,2,1,2
3612.ps1,1,506,1,505.0,505,1,15,6,6,8,8,1,1,23,1,2,4,0,5,8,0,2,0,0,3,15,5,0,0,0,0,0,0,0,0,0,0,0,0,0,0,0,0,0,0,0,0,0,0,0,0,0,0,0,0,0,0,0,0,0,0,0,0,0,0,0,0,0,0,0,0,0,0,0,0,0,0,0,0,0,0,0,0,0,0,0,0,0,0,0,0,0,1,1,1,0,0,8,3,3,2,8,19,3,15,2,0,3
3627.ps1,1,2251,1,2250.0,2250,0,22,15,15,9,9,3,3,7,309,3,9,0,0,7,0,0,0,0,4,22,5,0,0,0,0,0,0,0,0,0,0,0,0,0,0,0,0,0,0,0,0,0,0,0,0,0,0,0,0,0,0,0,0,0,0,0,0,0,0,0,0,0,0,0,0,0,0,0,0,0,0,0,0,0,0,0,0,0,0,0,0,0,0,0,0,0,0,0,0,0,0,7,4,2,4,10,12,1,22,2,1,2
3636.ps1,1,2340,1,2339.0,2339,0,22,15,15,9,9,3,3,7,327,3,9,0,0,7,0,0,0,0,5,22,5,0,0,0,0,0,0,0,0,0,0,0,0,0,0,0,0,0,0,0,0,0,0,0,0,0,0,0,0,0,0,0,0,0,0,0,0,0,0,0,0,0,0,0,0,0,0,0,0,0,0,0,0,0,0,0,0,0,0,0,0,0,0,0,0,0,0,0,0,0,0,7,4,2,4,10,12,1,22,2,1,2
3629.ps1,1,2341,1,2340.0,2340,0,22,15,15,9,9,3,3,7,327,3,9,0,0,7,0,0,0,0,5,20,5,0,0,0,0,0,0,0,0,0,0,0,0,0,0,0,0,0,0,0,0,0,0,0,0,0,0,0,0,0,0,0,0,0,0,0,0,0,0,0,0,0,0,0,0,0,0,0,0,0,0,0,0,0,0,0,0,0,0,0,0,0,0,0,0,0,0,0,0,0,0,7,4,2,4,10,12,1,22,2,1,2
3597.ps1,1,2344,1,2343.0,2343,0,22,15,15,9,9,3,3,7,327,3,9,0,0,7,0,0,0,0,5,22,5,0,0,0,0,0,0,0,0,0,0,0,0,0,0,0,0,0,0,0,0,0,0,0,0,0,0,0,0,0,0,0,0,0,0,0,0,0,0,0,0,0,0,0,0,0,0,0,0,0,0,0,0,0,0,0,0,0,0,0,0,0,0,0,0,0,0,0,0,0,0,7,4,2,4,10,12,1,22,2,1,2
3662.ps1,1,535,1,534.0,534,1,17,7,6,8,8,3,2,22,1,2,6,0,6,9,0,2,0,0,3,17,5,0,0,0,0,0,0,0,0,0,0,0,0,0,0,0,0,0,0,0,0,0,0,0,0,0,0,0,0,0,0,0,0,0,0,0,0,0,0,0,0,0,0,0,0,0,0,0,0,0,0,0,0,0,0,0,0,1,0,0,0,0,0,0,0,0,1,1,1,0,0,8,3,3,2,9,19,3,16,2,0,3
3657.ps1,1,2339,1,2338.0,2338,0,22,15,15,9,9,3,3,7,327,3,9,0,0,7,0,0,0,0,4,22,5,0,0,0,0,0,0,0,0,0,0,0,0,0,0,0,0,0,0,0,0,0,0,0,0,0,0,0,0,0,0,0,0,0,0,0,0,0,0,0,0,0,0,0,0,0,0,0,0,0,0,0,0,0,0,0,0,0,0,0,0,0,0,0,0,0,0,0,0,0,0,7,4,2,4,10,12,1,22,2,1,2
3638.ps1,1,2606,1,2605.0,2605,0,33,18,18,12,12,5,5,12,327,4,11,0,0,11,0,0,0,2,2,30,11,0,0,0,0,0,0,0,0,0,0,0,0,0,0,0,0,0,0,0,0,0,0,0,0,0,0,0,0,0,0,0,0,0,0,0,0,0,0,0,0,0,0,0,0,0,0,0,0,0,0,0,1,0,0,0,0,0,0,0,0,0,0,0,0,0,0,0,0,0,0,4,2,2,2,3,9,3,11,0,0,0
3674.ps1,1,449,1,448.0,448,1,15,6,6,8,7,1,2,21,1,2,4,1,6,8,0,2,0,0,5,15,5,0,0,0,0,0,0,0,0,0,0,0,0,0,0,0,0,0,0,0,0,0,0,0,0,0,0,0,0,0,0,0,0,0,0,0,0,0,0,0,0,0,0,0,0,0,0,0,0,0,0,0,0,0,0,0,0,0,0,0,0,0,0,0,0,0,1,1,1,0,0,7,3,3,2,8,18,2,15,2,0,3
3651.ps1,1,448,1,447.0,447,1,15,6,7,7,8,2,1,22,1,3,5,1,5,7,1,2,1,1,3,15,5,0,0,0,0,0,0,0,0,0,0,0,0,0,0,0,0,0,0,0,0,0,0,0,0,0,0,0,0,0,0,0,0,0,0,0,0,0,0,0,0,0,0,0,0,0,0,0,0,0,0,0,0,0,0,0,0,0,0,0,0,0,0,0,0,0,1,1,1,0,0,7,3,3,2,8,18,2,15,2,0,3
3664.ps1,1,2342,1,2341.0,2341,0,22,15,15,9,9,3,3,7,327,3,9,0,0,7,0,0,0,0,4,22,5,0,0,0,0,0,0,0,0,0,0,0,0,0,0,0,0,0,0,0,0,0,0,0,0,0,0,0,0,0,0,0,0,0,0,0,0,0,0,0,0,0,0,0,0,0,0,0,0,0,0,0,0,0,0,0,0,0,0,0,0,0,0,0,0,0,0,0,0,0,0,7,4,2,4,10,12,1,22,2,1,2
3691.ps1,1,447,1,446.0,446,1,15,6,6,7,7,1,1,21,2,2,5,1,6,7,0,3,1,0,3,15,5,0,0,0,0,0,0,0,0,0,0,0,0,0,0,0,0,0,0,0,0,0,0,0,0,0,0,0,0,0,0,0,0,0,0,0,0,0,0,0,0,0,0,0,0,0,0,0,0,0,0,0,0,0,0,0,0,0,0,0,0,0,0,0,0,0,1,1,1,0,0,7,3,3,2,8,18,2,15,2,0,3
369.ps1,1,2238,1,2237.0,2237,0,22,15,15,9,9,3,3,7,309,3,9,0,0,7,0,0,0,0,5,22,5,0,0,0,0,0,0,0,0,0,0,0,0,0,0,0,0,0,0,0,0,0,0,0,0,0,0,0,0,0,0,0,0,0,0,0,0,0,0,0,0,0,0,0,0,0,0,0,0,0,0,0,0,0,0,0,0,0,0,0,0,0,0,0,0,0,0,0,0,0,0,7,4,2,4,10,12,1,22,2,1,2
3686.ps1,1,2339,1,2338.0,2338,0,22,15,15,9,9,3,3,7,327,3,9,0,0,7,0,0,0,0,4,22,5,0,0,0,0,0,0,0,0,0,0,0,0,0,0,0,0,0,0,0,0,0,0,0,0,0,0,0,0,0,0,0,0,0,0,0,0,0,0,0,0,0,0,0,0,0,0,0,0,0,0,0,0,0,0,0,0,0,0,0,0,0,0,0,0,0,0,0,0,0,0,7,4,2,4,10,12,1,22,2,1,2
3683.ps1,1,2237,1,2236.0,2236,0,22,15,15,9,9,3,3,7,306,3,9,0,0,7,0,0,0,0,4,22,5,0,0,0,0,0,0,0,0,0,0,0,0,0,0,0,0,0,0,0,0,0,0,0,0,0,0,0,0,0,0,0,0,0,0,0,0,0,0,0,0,0,0,0,0,0,0,0,0,0,0,0,0,0,0,0,0,0,0,0,0,0,0,0,0,0,0,0,0,0,0,7,4,2,4,10,12,1,22,2,1,2
3695.ps1,1,3473,1,3472.0,3472,0,22,15,15,9,9,3,3,7,556,3,9,0,0,7,0,0,0,0,5,22,5,0,0,0,0,0,0,0,0,0,0,0,0,0,0,0,0,0,0,0,0,0,0,0,0,0,0,0,0,0,0,0,0,0,0,0,0,0,0,0,0,0,0,0,0,0,0,0,0,0,0,0,0,0,0,0,0,0,0,0,0,0,0,0,0,0,0,0,0,0,0,7,4,2,4,10,12,1,22,2,1,2
3692.ps1,1,2342,1,2341.0,2341,0,22,15,15,9,9,3,3,7,327,3,9,0,0,7,0,0,0,0,4,17,5,0,0,0,0,0,0,0,0,0,0,0,0,0,0,0,0,0,0,0,0,0,0,0,0,0,0,0,0,0,0,0,0,0,0,0,0,0,0,0,0,0,0,0,0,0,0,0,0,0,0,0,0,0,0,0,0,0,0,0,0,0,0,0,0,0,0,0,0,0,0,7,4,2,4,10,12,1,22,2,1,2
3688.ps1,1,277,1,276.0,276,0,6,0,0,0,0,0,0,6,0,0,8,0,0,1,0,0,0,0,14,6,2,0,0,0,0,0,0,0,0,0,0,0,0,0,0,0,0,0,0,0,0,0,0,0,0,0,0,0,0,0,0,0,0,0,0,0,0,0,0,0,0,0,0,0,0,0,0,0,0,0,0,0,0,0,0,0,0,0,0,0,0,0,0,0,0,0,0,0,0,0,0,1,0,5,0,5,7,0,6,0,0,0
3690.ps1,1,2340,1,2339.0,2339,0,22,15,15,9,9,3,3,7,327,3,9,0,0,7,0,0,0,0,5,19,5,0,0,0,0,0,0,0,0,0,0,0,0,0,0,0,0,0,0,0,0,0,0,0,0,0,0,0,0,0,0,0,0,0,0,0,0,0,0,0,0,0,0,0,0,0,0,0,0,0,0,0,0,0,0,0,0,0,0,0,0,0,0,0,0,0,0,0,0,0,0,7,4,2,4,10,12,1,22,2,1,2
3702.ps1,1,561,1,560.0,560,1,19,7,7,8,8,4,4,23,1,2,7,0,5,10,0,2,0,0,4,19,5,0,0,0,0,0,0,0,0,0,0,0,0,0,0,0,0,0,0,0,0,0,0,0,0,0,0,0,0,0,0,0,0,0,0,0,0,0,0,0,0,0,0,0,0,0,0,0,0,0,0,0,0,0,0,0,0,0,0,0,0,0,0,0,0,0,1,1,1,0,0,10,4,4,2,11,20,3,19,2,0,3
370.ps1,1,2283,1,2282.0,2282,0,22,15,15,9,9,3,3,7,318,3,9,0,0,7,0,0,0,0,5,22,5,0,0,0,0,0,0,0,0,0,0,0,0,0,0,0,0,0,0,0,0,0,0,0,0,0,0,0,0,0,0,0,0,0,0,0,0,0,0,0,0,0,0,0,0,0,0,0,0,0,0,0,0,0,0,0,0,0,0,0,0,0,0,0,0,0,0,0,0,0,0,7,4,2,4,10,12,1,22,2,1,2
3704.ps1,1,2249,1,2248.0,2248,0,22,15,15,9,9,3,3,7,309,3,9,0,0,7,0,0,0,0,4,20,5,0,0,0,0,0,0,0,0,0,0,0,0,0,0,0,0,0,0,0,0,0,0,0,0,0,0,0,0,0,0,0,0,0,0,0,0,0,0,0,0,0,0,0,0,0,0,0,0,0,0,0,0,0,0,0,0,0,0,0,0,0,0,0,0,0,0,0,0,0,0,7,4,2,4,10,12,1,22,2,1,2
3701.ps1,1,4595,1,4595.0,4595,0,140,97,97,31,31,27,27,20,18,20,123,0,2,63,0,0,0,0,31,139,29,0,0,0,0,0,0,0,0,0,0,0,0,0,0,0,0,0,0,0,0,0,0,0,0,0,0,0,0,0,0,0,0,0,0,0,0,0,0,0,0,0,0,0,0,0,0,0,2,0,0,0,0,0,0,0,0,1,0,0,0,0,0,0,0,0,0,0,0,0,0,54,61,15,23,79,73,1,139,5,0,44
3706.ps1,1,2340,1,2339.0,2339,0,22,15,15,9,9,3,3,7,327,3,9,0,0,7,0,0,0,0,4,22,5,0,0,0,0,0,0,0,0,0,0,0,0,0,0,0,0,0,0,0,0,0,0,0,0,0,0,0,0,0,0,0,0,0,0,0,0,0,0,0,0,0,0,0,0,0,0,0,0,0,0,0,0,0,0,0,0,0,0,0,0,0,0,0,0,0,0,0,0,0,0,7,4,2,4,10,12,1,22,2,1,2
3740.ps1,1,448,1,447.0,447,1,15,6,6,7,7,1,1,21,1,2,4,0,5,7,0,2,0,0,3,15,5,0,0,0,0,0,0,0,0,0,0,0,0,0,0,0,0,0,0,0,0,0,0,0,0,0,0,0,0,0,0,0,0,0,0,0,0,0,0,0,0,0,0,0,0,0,0,0,0,0,0,0,0,0,0,0,0,0,0,0,0,0,0,0,0,0,1,1,1,0,0,7,3,3,2,8,18,2,15,2,0,3
3718.ps1,1,538,1,537.0,537,1,16,6,6,9,8,2,3,22,1,2,5,1,6,9,0,2,0,0,4,16,5,0,0,0,0,0,0,0,0,0,0,0,0,0,0,0,0,0,0,0,0,0,0,0,0,0,0,0,0,0,0,0,0,0,0,0,0,0,0,0,0,0,0,0,0,0,0,0,0,0,0,0,0,0,0,0,0,1,0,0,0,0,0,0,0,0,1,1,1,0,0,8,3,3,2,9,19,3,16,2,0,3
3729.ps1,1,2343,1,2342.0,2342,0,22,15,15,9,9,3,3,7,327,3,9,0,0,7,0,0,0,0,5,20,5,0,0,0,0,0,0,0,0,0,0,0,0,0,0,0,0,0,0,0,0,0,0,0,0,0,0,0,0,0,0,0,0,0,0,0,0,0,0,0,0,0,0,0,0,0,0,0,0,0,0,0,0,0,0,0,0,0,0,0,0,0,0,0,0,0,0,0,0,0,0,7,4,2,4,10,12,1,22,2,1,2
3770.ps1,1,445,1,444.0,444,1,15,6,7,7,7,2,1,20,1,2,4,0,6,7,1,2,0,0,3,15,5,0,0,0,0,0,0,0,0,0,0,0,0,0,0,0,0,0,0,0,0,0,0,0,0,0,0,0,0,0,0,0,0,0,0,0,0,0,0,0,0,0,0,0,0,0,0,0,0,0,0,0,0,0,0,0,0,0,0,0,0,0,0,0,0,0,1,1,1,0,0,7,3,3,2,8,18,2,15,2,0,3
3771.ps1,1,451,1,450.0,450,1,15,6,6,7,7,1,1,21,1,2,4,0,5,7,0,2,0,0,3,15,5,0,0,0,0,0,0,0,0,0,0,0,0,0,0,0,0,0,0,0,0,0,0,0,0,0,0,0,0,0,0,0,0,0,0,0,0,0,0,0,0,0,0,0,0,0,0,0,0,0,0,0,0,0,0,0,0,0,0,0,0,0,0,0,0,0,1,1,1,0,0,7,3,3,2,8,18,2,15,2,0,3
3720.ps1,1,510,1,509.0,509,1,16,6,6,8,8,1,1,22,2,2,5,0,5,9,0,2,0,0,4,16,5,0,0,0,0,0,0,0,0,0,0,0,0,0,0,0,0,0,0,0,0,0,0,0,0,0,0,0,0,0,0,0,0,0,0,0,0,0,0,0,0,0,0,0,0,0,0,0,0,0,0,0,0,0,0,0,0,0,0,0,0,0,0,0,0,0,1,1,1,0,0,8,3,3,2,8,19,3,15,2,0,3
3714.ps1,1,2248,1,2247.0,2247,0,22,15,15,9,9,3,3,7,309,3,9,0,0,7,0,0,0,0,5,22,5,0,0,0,0,0,0,0,0,0,0,0,0,0,0,0,0,0,0,0,0,0,0,0,0,0,0,0,0,0,0,0,0,0,0,0,0,0,0,0,0,0,0,0,0,0,0,0,0,0,0,0,0,0,0,0,0,0,0,0,0,0,0,0,0,0,0,0,0,0,0,7,4,2,4,10,12,1,22,2,1,2
3725.ps1,1,505,1,504.0,504,1,15,6,6,8,8,1,1,23,1,2,4,0,5,8,0,2,0,0,3,15,5,0,0,0,0,0,0,0,0,0,0,0,0,0,0,0,0,0,0,0,0,0,0,0,0,0,0,0,0,0,0,0,0,0,0,0,0,0,0,0,0,0,0,0,0,0,0,0,0,0,0,0,0,0,0,0,0,0,0,0,0,0,0,0,0,0,1,1,1,0,0,8,3,3,2,8,19,3,15,2,0,3
3709.ps1,1,449,1,448.0,448,1,15,6,6,8,8,1,2,21,1,2,4,1,6,8,0,2,0,1,3,15,5,0,0,0,0,0,0,0,0,0,0,0,0,0,0,0,0,0,0,0,0,0,0,0,0,0,0,0,0,0,0,0,0,0,0,0,0,0,0,0,0,0,0,0,0,0,0,0,0,0,0,0,0,0,0,0,0,0,0,0,0,0,0,0,0,0,1,1,1,0,0,7,3,3,2,8,18,2,15,2,0,3
3782.ps1,1,450,1,449.0,449,1,15,6,7,7,8,2,1,21,2,2,4,0,5,7,0,3,1,0,3,15,5,0,0,0,0,0,0,0,0,0,0,0,0,0,0,0,0,0,0,0,0,0,0,0,0,0,0,0,0,0,0,0,0,0,0,0,0,0,0,0,0,0,0,0,0,0,0,0,0,0,0,0,0,0,0,0,0,0,0,0,0,0,0,0,0,0,1,1,1,0,0,7,3,3,2,8,18,2,15,2,0,3
3752.ps1,1,506,1,505.0,505,1,16,6,6,9,8,1,2,24,2,3,4,0,5,8,1,2,0,1,4,15,5,0,0,0,0,0,0,0,0,0,0,0,0,0,0,0,0,0,0,0,0,0,0,0,0,0,0,0,0,0,0,0,0,0,0,0,0,0,0,0,0,0,0,0,0,0,0,0,0,0,0,0,0,0,0,0,0,0,0,0,0,0,0,0,0,0,1,1,1,0,0,8,3,3,2,8,19,3,15,2,0,3
3769.ps1,1,504,1,503.0,503,1,15,6,6,8,8,1,1,23,1,2,4,0,5,8,0,2,0,0,3,15,5,0,0,0,0,0,0,0,0,0,0,0,0,0,0,0,0,0,0,0,0,0,0,0,0,0,0,0,0,0,0,0,0,0,0,0,0,0,0,0,0,0,0,0,0,0,0,0,0,0,0,0,0,0,0,0,0,0,0,0,0,0,0,0,0,0,1,1,1,0,0,8,3,3,2,8,19,3,15,2,0,3
3745.ps1,1,2250,1,2249.0,2249,0,22,15,15,9,9,3,3,7,309,3,9,0,0,7,0,0,0,0,5,22,5,0,0,0,0,0,0,0,0,0,0,0,0,0,0,0,0,0,0,0,0,0,0,0,0,0,0,0,0,0,0,0,0,0,0,0,0,0,0,0,0,0,0,0,0,0,0,0,0,0,0,0,0,0,0,0,0,0,0,0,0,0,0,0,0,0,0,0,0,0,0,7,4,2,4,10,12,1,22,2,1,2
3778.ps1,1,128,1,127.0,127,1,0,2,2,0,0,0,0,7,1,0,2,0,3,0,0,0,0,0,6,0,3,0,0,0,0,0,0,0,0,0,0,0,0,0,0,0,0,0,0,0,0,0,0,0,0,0,0,0,0,0,0,0,0,0,0,0,0,0,0,0,0,0,0,0,0,0,0,0,0,0,0,0,0,0,0,0,0,0,0,0,0,0,0,0,0,0,1,1,0,1,0,0,0,2,1,3,7,0,0,0,0,1
3772.ps1,1,2638,1,2637.0,2637,0,22,15,15,9,9,3,3,7,387,3,9,0,0,7,0,0,0,0,5,22,5,0,0,0,0,0,0,0,0,0,0,0,0,0,0,0,0,0,0,0,0,0,0,0,0,0,0,0,0,0,0,0,0,0,0,0,0,0,0,0,0,0,0,0,0,0,0,0,0,0,0,0,0,0,0,0,0,0,0,0,0,0,0,0,0,0,0,0,0,0,0,7,4,2,4,10,12,1,22,2,1,2
3783.ps1,1,507,1,506.0,506,1,15,6,6,8,9,2,1,23,1,2,4,0,5,8,0,2,1,1,4,15,5,0,0,0,0,0,0,0,0,0,0,0,0,0,0,0,0,0,0,0,0,0,0,0,0,0,0,0,0,0,0,0,0,0,0,0,0,0,0,0,0,0,0,0,0,0,0,0,0,0,0,0,0,0,0,0,0,0,0,0,0,0,0,0,0,0,1,1,1,0,0,8,3,3,2,8,19,3,15,2,0,3
3774.ps1,1,2341,1,2340.0,2340,0,22,15,15,9,9,3,3,7,327,3,9,0,0,7,0,0,0,0,5,19,5,0,0,0,0,0,0,0,0,0,0,0,0,0,0,0,0,0,0,0,0,0,0,0,0,0,0,0,0,0,0,0,0,0,0,0,0,0,0,0,0,0,0,0,0,0,0,0,0,0,0,0,0,0,0,0,0,0,0,0,0,0,0,0,0,0,0,0,0,0,0,7,4,2,4,10,12,1,22,2,1,2
3791.ps1,1,569,1,568.0,568,1,20,7,7,8,8,4,4,22,2,2,8,0,5,11,0,2,0,0,6,20,5,0,0,0,0,0,0,0,0,0,0,0,0,0,0,0,0,0,0,0,0,0,0,0,0,0,0,0,0,0,0,0,0,0,0,0,0,0,0,0,0,0,0,0,0,0,0,0,0,0,0,0,0,0,0,0,0,0,0,0,0,0,0,0,0,0,1,1,1,0,0,10,4,4,2,11,20,3,19,2,0,3
3792.ps1,1,450,1,449.0,449,1,15,6,6,7,7,1,1,21,1,2,4,0,5,8,1,2,1,0,4,15,5,0,0,0,0,0,0,0,0,0,0,0,0,0,0,0,0,0,0,0,0,0,0,0,0,0,0,0,0,0,0,0,0,0,0,0,0,0,0,0,0,0,0,0,0,0,0,0,0,0,0,0,0,0,0,0,0,0,0,0,0,0,0,0,0,0,1,1,1,0,0,7,3,3,2,8,18,2,15,2,0,3
3798.ps1,1,450,1,449.0,449,1,15,6,6,7,7,1,1,21,1,2,4,0,5,7,0,2,0,0,4,15,5,0,0,0,0,0,0,0,0,0,0,0,0,0,0,0,0,0,0,0,0,0,0,0,0,0,0,0,0,0,0,0,0,0,0,0,0,0,0,0,0,0,0,0,0,0,0,0,0,0,0,0,0,0,0,0,0,0,0,0,0,0,0,0,0,0,1,1,1,0,0,7,3,3,2,8,18,2,15,2,0,3
378.ps1,1,2339,1,2338.0,2338,0,22,15,15,9,9,3,3,7,327,3,9,0,0,7,0,0,0,0,4,22,5,0,0,0,0,0,0,0,0,0,0,0,0,0,0,0,0,0,0,0,0,0,0,0,0,0,0,0,0,0,0,0,0,0,0,0,0,0,0,0,0,0,0,0,0,0,0,0,0,0,0,0,0,0,0,0,0,0,0,0,0,0,0,0,0,0,0,0,0,0,0,7,4,2,4,10,12,1,22,2,1,2
3726.ps1,1,530,1,529.0,529,1,16,6,6,8,8,2,3,24,1,2,4,0,5,8,1,2,0,0,4,16,5,0,0,0,0,0,0,0,0,0,0,0,0,0,0,0,0,0,0,0,0,0,0,0,0,0,0,0,0,0,0,0,0,0,0,0,0,0,0,0,0,0,0,0,0,0,0,0,0,0,0,0,0,0,0,0,0,1,0,0,0,0,0,0,0,0,1,1,1,0,0,8,3,3,2,9,19,3,16,2,0,3
3799.ps1,1,2343,1,2342.0,2342,0,22,15,15,9,9,3,3,7,327,3,9,0,0,7,0,0,0,0,5,19,5,0,0,0,0,0,0,0,0,0,0,0,0,0,0,0,0,0,0,0,0,0,0,0,0,0,0,0,0,0,0,0,0,0,0,0,0,0,0,0,0,0,0,0,0,0,0,0,0,0,0,0,0,0,0,0,0,0,0,0,0,0,0,0,0,0,0,0,0,0,0,7,4,2,4,10,12,1,22,2,1,2
3816.ps1,1,154,1,153.0,153,1,4,1,1,0,0,0,0,8,0,0,2,0,3,2,0,0,0,0,5,4,1,0,0,0,0,0,0,0,0,0,0,0,0,0,0,0,0,0,0,0,0,0,0,0,0,0,0,0,0,0,0,0,0,0,0,0,0,0,0,0,0,0,0,0,0,0,0,0,1,0,0,0,0,0,0,0,0,0,0,0,0,0,0,0,0,0,1,1,1,0,0,2,0,3,1,3,8,0,4,0,0,0
3808.ps1,1,2251,1,2250.0,2250,0,22,15,15,9,9,3,3,7,309,3,9,0,0,7,0,0,0,0,4,22,5,0,0,0,0,0,0,0,0,0,0,0,0,0,0,0,0,0,0,0,0,0,0,0,0,0,0,0,0,0,0,0,0,0,0,0,0,0,0,0,0,0,0,0,0,0,0,0,0,0,0,0,0,0,0,0,0,0,0,0,0,0,0,0,0,0,0,0,0,0,0,7,4,2,4,10,12,1,22,2,1,2
3748.ps1,1,449,1,448.0,448,1,15,6,6,7,7,1,1,21,1,2,4,0,5,7,0,2,0,0,4,15,5,0,0,0,0,0,0,0,0,0,0,0,0,0,0,0,0,0,0,0,0,0,0,0,0,0,0,0,0,0,0,0,0,0,0,0,0,0,0,0,0,0,0,0,0,0,0,0,0,0,0,0,0,0,0,0,0,0,0,0,0,0,0,0,0,0,1,1,1,0,0,7,3,3,2,8,18,2,15,2,0,3
3814.ps1,1,2338,1,2337.0,2337,0,22,15,15,9,9,3,3,7,327,3,9,0,0,7,0,0,0,0,3,22,5,0,0,0,0,0,0,0,0,0,0,0,0,0,0,0,0,0,0,0,0,0,0,0,0,0,0,0,0,0,0,0,0,0,0,0,0,0,0,0,0,0,0,0,0,0,0,0,0,0,0,0,0,0,0,0,0,0,0,0,0,0,0,0,0,0,0,0,0,0,0,7,4,2,4,10,12,1,22,2,1,2
3835.ps1,1,505,1,504.0,504,1,15,6,7,8,9,2,1,24,2,2,4,0,5,8,0,2,0,0,3,15,5,0,0,0,0,0,0,0,0,0,0,0,0,0,0,0,0,0,0,0,0,0,0,0,0,0,0,0,0,0,0,0,0,0,0,0,0,0,0,0,0,0,0,0,0,0,0,0,0,0,0,0,0,0,0,0,0,0,0,0,0,0,0,0,0,0,1,1,1,0,0,8,3,3,2,8,19,3,15,2,0,3
3822.ps1,1,2453,1,2452.0,2452,0,22,15,15,9,9,3,3,7,352,3,9,0,0,7,0,0,0,0,5,22,5,0,0,0,0,0,0,0,0,0,0,0,0,0,0,0,0,0,0,0,0,0,0,0,0,0,0,0,0,0,0,0,0,0,0,0,0,0,0,0,0,0,0,0,0,0,0,0,0,0,0,0,0,0,0,0,0,0,0,0,0,0,0,0,0,0,0,0,0,0,0,7,4,2,4,10,12,1,22,2,1,2
3833.ps1,1,2340,1,2339.0,2339,0,22,15,15,9,9,3,3,7,327,3,9,0,0,7,0,0,0,0,4,19,5,0,0,0,0,0,0,0,0,0,0,0,0,0,0,0,0,0,0,0,0,0,0,0,0,0,0,0,0,0,0,0,0,0,0,0,0,0,0,0,0,0,0,0,0,0,0,0,0,0,0,0,0,0,0,0,0,0,0,0,0,0,0,0,0,0,0,0,0,0,0,7,4,2,4,10,12,1,22,2,1,2
3834.ps1,1,563,1,562.0,562,1,18,7,7,7,7,1,2,26,2,3,7,1,9,7,0,2,1,1,10,17,8,0,0,0,0,0,0,0,0,0,0,0,0,0,0,0,0,0,0,0,0,0,0,0,0,0,0,0,0,0,0,0,0,0,0,0,0,0,0,0,0,0,0,0,0,0,0,0,0,0,0,0,0,0,0,0,0,0,0,0,0,0,0,0,0,0,1,1,1,0,0,7,3,5,2,11,21,2,17,2,0,4
3856.ps1,1,2252,1,2251.0,2251,0,22,15,15,9,9,3,3,7,309,3,9,0,0,7,0,0,0,0,4,22,5,0,0,0,0,0,0,0,0,0,0,0,0,0,0,0,0,0,0,0,0,0,0,0,0,0,0,0,0,0,0,0,0,0,0,0,0,0,0,0,0,0,0,0,0,0,0,0,0,0,0,0,0,0,0,0,0,0,0,0,0,0,0,0,0,0,0,0,0,0,0,7,4,2,4,10,12,1,22,2,1,2
3828.ps1,1,2463,1,2462.0,2462,0,22,15,15,9,9,3,3,7,352,3,9,0,0,7,0,0,0,0,5,20,5,0,0,0,0,0,0,0,0,0,0,0,0,0,0,0,0,0,0,0,0,0,0,0,0,0,0,0,0,0,0,0,0,0,0,0,0,0,0,0,0,0,0,0,0,0,0,0,0,0,0,0,0,0,0,0,0,0,0,0,0,0,0,0,0,0,0,0,0,0,0,7,4,2,4,10,12,1,22,2,1,2
3824.ps1,1,506,1,505.0,505,1,16,7,6,9,8,2,1,23,2,2,5,0,5,8,1,3,1,0,4,16,5,0,0,0,0,0,0,0,0,0,0,0,0,0,0,0,0,0,0,0,0,0,0,0,0,0,0,0,0,0,0,0,0,0,0,0,0,0,0,0,0,0,0,0,0,0,0,0,0,0,0,0,0,0,0,0,0,0,0,0,0,0,0,0,0,0,1,1,1,0,0,8,3,3,2,8,19,3,15,2,0,3
3863.ps1,1,2307,1,2306.0,2306,0,24,15,15,11,11,3,3,7,309,3,9,0,0,8,0,0,0,0,4,24,5,0,0,0,0,0,0,0,0,0,0,0,0,0,0,0,0,0,0,0,0,0,0,0,0,0,0,0,0,0,0,0,0,0,0,0,0,0,0,0,0,0,0,0,0,0,0,0,0,0,0,0,0,0,0,0,0,0,0,0,0,0,0,0,0,0,0,0,0,0,0,8,4,2,4,10,12,1,24,3,1,2
3846.ps1,1,2340,1,2339.0,2339,0,22,15,15,9,9,3,3,7,327,3,9,0,0,7,0,0,0,0,5,22,5,0,0,0,0,0,0,0,0,0,0,0,0,0,0,0,0,0,0,0,0,0,0,0,0,0,0,0,0,0,0,0,0,0,0,0,0,0,0,0,0,0,0,0,0,0,0,0,0,0,0,0,0,0,0,0,0,0,0,0,0,0,0,0,0,0,0,0,0,0,0,7,4,2,4,10,12,1,22,2,1,2
3858.ps1,1,2338,1,2337.0,2337,0,22,15,15,9,9,3,3,7,327,3,9,0,0,7,0,0,0,0,3,22,5,0,0,0,0,0,0,0,0,0,0,0,0,0,0,0,0,0,0,0,0,0,0,0,0,0,0,0,0,0,0,0,0,0,0,0,0,0,0,0,0,0,0,0,0,0,0,0,0,0,0,0,0,0,0,0,0,0,0,0,0,0,0,0,0,0,0,0,0,0,0,7,4,2,4,10,12,1,22,2,1,2
3838.ps1,1,2341,1,2340.0,2340,0,22,15,15,9,9,3,3,7,327,3,9,0,0,7,0,0,0,0,3,22,5,0,0,0,0,0,0,0,0,0,0,0,0,0,0,0,0,0,0,0,0,0,0,0,0,0,0,0,0,0,0,0,0,0,0,0,0,0,0,0,0,0,0,0,0,0,0,0,0,0,0,0,0,0,0,0,0,0,0,0,0,0,0,0,0,0,0,0,0,0,0,7,4,2,4,10,12,1,22,2,1,2
3857.ps1,1,2485,1,2484.0,2484,0,34,18,18,12,12,5,5,12,300,4,16,0,0,12,0,0,0,2,2,32,12,0,0,0,0,0,0,0,0,0,0,0,0,0,0,0,0,0,0,0,0,0,0,0,0,0,0,0,0,0,0,0,0,0,0,0,0,0,0,0,0,0,0,0,0,0,0,0,0,0,0,0,1,0,0,0,0,0,0,0,0,0,0,0,0,0,0,0,0,0,0,5,2,2,2,3,10,3,12,0,0,0
3865.ps1,1,2336,1,2335.0,2335,0,22,15,15,9,9,3,3,7,327,3,9,0,0,7,0,0,0,0,3,22,5,0,0,0,0,0,0,0,0,0,0,0,0,0,0,0,0,0,0,0,0,0,0,0,0,0,0,0,0,0,0,0,0,0,0,0,0,0,0,0,0,0,0,0,0,0,0,0,0,0,0,0,0,0,0,0,0,0,0,0,0,0,0,0,0,0,0,0,0,0,0,7,4,2,4,10,12,1,22,2,1,2
3866.ps1,1,2572,1,2571.0,2571,0,22,15,15,9,9,3,3,7,374,3,9,0,0,7,0,0,0,0,4,19,5,0,0,0,0,0,0,0,0,0,0,0,0,0,0,0,0,0,0,0,0,0,0,0,0,0,0,0,0,0,0,0,0,0,0,0,0,0,0,0,0,0,0,0,0,0,0,0,0,0,0,0,0,0,0,0,0,0,0,0,0,0,0,0,0,0,0,0,0,0,0,7,4,2,4,10,12,1,22,2,1,2
3868.ps1,1,525,1,524.0,524,1,16,6,6,8,8,2,2,21,1,2,4,0,5,8,0,2,0,0,4,16,5,0,0,0,0,0,0,0,0,0,0,0,0,0,0,0,0,0,0,0,0,0,0,0,0,0,0,0,0,0,0,0,0,0,0,0,0,0,0,0,0,0,0,0,0,0,0,0,0,0,0,0,0,0,0,0,0,1,0,0,0,0,0,0,0,0,1,1,1,0,0,8,3,3,2,9,19,3,16,2,0,3
3874.ps1,1,447,1,446.0,446,1,15,6,6,7,7,1,2,22,1,2,5,0,6,7,1,2,1,0,4,15,5,0,0,0,0,0,0,0,0,0,0,0,0,0,0,0,0,0,0,0,0,0,0,0,0,0,0,0,0,0,0,0,0,0,0,0,0,0,0,0,0,0,0,0,0,0,0,0,0,0,0,0,0,0,0,0,0,0,0,0,0,0,0,0,0,0,1,1,1,0,0,7,3,3,2,8,18,2,15,2,0,3
3869.ps1,1,2483,1,2482.0,2482,0,18,8,8,4,4,2,2,20,2,33,8,0,32,11,0,0,0,0,3,18,6,0,0,0,0,0,0,0,0,0,0,0,0,0,0,0,0,0,0,0,0,0,0,0,0,0,0,0,0,0,0,0,0,1,0,0,0,0,0,0,0,0,0,0,0,0,0,0,0,1,0,0,0,0,1,0,0,2,1,0,0,0,1,0,0,0,0,0,0,0,3,10,2,1,1,2,14,2,16,0,0,0
387.ps1,1,2328,1,2327.0,2327,0,22,15,15,9,9,3,3,7,327,3,9,0,0,7,0,0,0,0,5,22,5,0,0,0,0,0,0,0,0,0,0,0,0,0,0,0,0,0,0,0,0,0,0,0,0,0,0,0,0,0,0,0,0,0,0,0,0,0,0,0,0,0,0,0,0,0,0,0,0,0,0,0,0,0,0,0,0,0,0,0,0,0,0,0,0,0,0,0,0,0,0,7,4,2,4,10,12,1,22,2,1,2
3875.ps1,1,2338,1,2337.0,2337,0,22,15,15,9,9,3,3,7,327,3,9,0,0,7,0,0,0,0,5,22,5,0,0,0,0,0,0,0,0,0,0,0,0,0,0,0,0,0,0,0,0,0,0,0,0,0,0,0,0,0,0,0,0,0,0,0,0,0,0,0,0,0,0,0,0,0,0,0,0,0,0,0,0,0,0,0,0,0,0,0,0,0,0,0,0,0,0,0,0,0,0,7,4,2,4,10,12,1,22,2,1,2
3898.ps1,1,2338,1,2337.0,2337,0,22,15,15,9,9,3,3,7,327,3,9,0,0,7,0,0,0,0,5,22,5,0,0,0,0,0,0,0,0,0,0,0,0,0,0,0,0,0,0,0,0,0,0,0,0,0,0,0,0,0,0,0,0,0,0,0,0,0,0,0,0,0,0,0,0,0,0,0,0,0,0,0,0,0,0,0,0,0,0,0,0,0,0,0,0,0,0,0,0,0,0,7,4,2,4,10,12,1,22,2,1,2
3886.ps1,1,2341,1,2340.0,2340,0,22,15,15,9,9,3,3,7,327,3,9,0,0,7,0,0,0,0,3,22,5,0,0,0,0,0,0,0,0,0,0,0,0,0,0,0,0,0,0,0,0,0,0,0,0,0,0,0,0,0,0,0,0,0,0,0,0,0,0,0,0,0,0,0,0,0,0,0,0,0,0,0,0,0,0,0,0,0,0,0,0,0,0,0,0,0,0,0,0,0,0,7,4,2,4,10,12,1,22,2,1,2
3894.ps1,1,2340,1,2339.0,2339,0,22,15,15,9,9,3,3,7,327,3,9,0,0,7,0,0,0,0,4,22,5,0,0,0,0,0,0,0,0,0,0,0,0,0,0,0,0,0,0,0,0,0,0,0,0,0,0,0,0,0,0,0,0,0,0,0,0,0,0,0,0,0,0,0,0,0,0,0,0,0,0,0,0,0,0,0,0,0,0,0,0,0,0,0,0,0,0,0,0,0,0,7,4,2,4,10,12,1,22,2,1,2
390.ps1,1,2251,1,2250.0,2250,0,22,15,15,9,9,3,3,7,309,3,9,0,0,7,0,0,0,0,4,22,5,0,0,0,0,0,0,0,0,0,0,0,0,0,0,0,0,0,0,0,0,0,0,0,0,0,0,0,0,0,0,0,0,0,0,0,0,0,0,0,0,0,0,0,0,0,0,0,0,0,0,0,0,0,0,0,0,0,0,0,0,0,0,0,0,0,0,0,0,0,0,7,4,2,4,10,12,1,22,2,1,2
3903.ps1,1,1467,1,1467.0,1467,0,18,16,16,0,0,0,0,35,0,16,13,1,25,1,0,0,0,0,47,18,26,0,0,0,0,0,0,0,0,0,0,0,0,0,0,0,0,0,0,0,0,0,0,0,0,0,0,0,0,0,0,0,0,0,0,0,0,0,0,0,0,0,0,0,0,0,0,0,1,0,0,0,0,0,0,0,0,0,0,0,0,0,0,0,0,0,0,0,0,0,0,1,16,22,0,38,84,0,18,0,0,16
3906.ps1,1,2343,1,2342.0,2342,0,22,15,15,9,9,3,3,7,327,3,9,0,0,7,0,0,0,0,5,22,5,0,0,0,0,0,0,0,0,0,0,0,0,0,0,0,0,0,0,0,0,0,0,0,0,0,0,0,0,0,0,0,0,0,0,0,0,0,0,0,0,0,0,0,0,0,0,0,0,0,0,0,0,0,0,0,0,0,0,0,0,0,0,0,0,0,0,0,0,0,0,7,4,2,4,10,12,1,22,2,1,2
3918.ps1,1,2573,1,2572.0,2572,0,22,15,15,9,9,3,3,7,374,3,9,0,0,7,0,0,0,0,5,22,5,0,0,0,0,0,0,0,0,0,0,0,0,0,0,0,0,0,0,0,0,0,0,0,0,0,0,0,0,0,0,0,0,0,0,0,0,0,0,0,0,0,0,0,0,0,0,0,0,0,0,0,0,0,0,0,0,0,0,0,0,0,0,0,0,0,0,0,0,0,0,7,4,2,4,10,12,1,22,2,1,2
392.ps1,1,2341,1,2340.0,2340,0,22,15,15,9,9,3,3,7,327,3,9,0,0,7,0,0,0,0,5,22,5,0,0,0,0,0,0,0,0,0,0,0,0,0,0,0,0,0,0,0,0,0,0,0,0,0,0,0,0,0,0,0,0,0,0,0,0,0,0,0,0,0,0,0,0,0,0,0,0,0,0,0,0,0,0,0,0,0,0,0,0,0,0,0,0,0,0,0,0,0,0,7,4,2,4,10,12,1,22,2,1,2
3915.ps1,1,2340,1,2339.0,2339,0,22,15,15,9,9,3,3,7,327,3,9,0,0,7,0,0,0,0,4,22,5,0,0,0,0,0,0,0,0,0,0,0,0,0,0,0,0,0,0,0,0,0,0,0,0,0,0,0,0,0,0,0,0,2,0,0,0,0,0,0,0,0,0,0,0,0,0,0,0,0,0,0,0,0,0,0,0,0,0,0,0,0,0,0,0,0,0,0,0,0,0,7,4,2,4,10,12,1,22,2,1,2
3935.ps1,1,2342,1,2341.0,2341,0,22,15,15,9,9,3,3,7,327,3,9,0,0,7,0,0,0,0,4,20,5,0,0,0,0,0,0,0,0,0,0,0,0,0,0,0,0,0,0,0,0,0,0,0,0,0,0,0,0,0,0,0,0,0,0,0,0,0,0,0,0,0,0,0,0,0,0,0,0,0,0,0,0,0,0,0,0,0,0,0,0,0,0,0,0,0,0,0,0,0,0,7,4,2,4,10,12,1,22,2,1,2
3907.ps1,1,449,1,448.0,448,1,15,6,6,7,7,1,1,21,1,2,4,0,5,7,0,2,0,0,4,15,5,0,0,0,0,0,0,0,0,0,0,0,0,0,0,0,0,0,0,0,0,0,0,0,0,0,0,0,0,0,0,0,0,0,0,0,0,0,0,0,0,0,0,0,0,0,0,0,0,0,0,0,0,0,0,0,0,0,0,0,0,0,0,0,0,0,1,1,1,0,0,7,3,3,2,8,18,2,15,2,0,3
3891.ps1,1,506,1,505.0,505,1,15,6,6,8,8,1,1,23,1,2,4,0,5,8,0,2,0,0,3,15,5,0,0,0,0,0,0,0,0,0,0,0,0,0,0,0,0,0,0,0,0,0,0,0,0,0,0,0,0,0,0,0,0,0,0,0,0,0,0,0,0,0,0,0,0,0,0,0,0,0,0,0,0,0,0,0,0,0,0,0,0,0,0,0,0,0,1,1,1,0,0,8,3,3,2,8,19,3,15,2,0,3
3902.ps1,1,2340,1,2339.0,2339,0,22,15,15,9,9,3,3,7,327,3,9,0,0,7,0,0,0,0,4,22,5,0,0,0,0,0,0,0,0,0,0,0,0,0,0,0,0,0,0,0,0,0,0,0,0,0,0,0,0,0,0,0,0,0,0,0,0,0,0,0,0,0,0,0,0,0,0,0,0,0,0,0,0,0,0,0,0,0,0,0,0,0,0,0,0,0,0,0,0,0,0,7,4,2,4,10,12,1,22,2,1,2
3920.ps1,1,2343,1,2342.0,2342,0,22,15,15,9,9,3,3,7,327,3,9,0,0,7,0,0,0,0,5,22,5,0,0,0,0,0,0,0,0,0,0,0,0,0,0,0,0,0,0,0,0,0,0,0,0,0,0,0,0,0,0,0,0,0,0,0,0,0,0,0,0,0,0,0,0,0,0,0,0,0,0,0,0,0,0,0,0,0,0,0,0,0,0,0,0,0,0,0,0,0,0,7,4,2,4,10,12,1,22,2,1,2
3940.ps1,1,2499,1,2498.0,2498,0,22,15,15,9,9,3,3,7,359,3,9,0,0,7,0,0,0,0,4,20,5,0,0,0,0,0,0,0,0,0,0,0,0,0,0,0,0,0,0,0,0,0,0,0,0,0,0,0,0,0,0,0,0,0,0,0,0,0,0,0,0,0,0,0,0,0,0,0,0,0,0,0,0,0,0,0,0,0,0,0,0,0,0,0,0,0,0,0,0,0,0,7,4,2,4,10,12,1,22,2,1,2
3952.ps1,1,96,1,95.0,95,1,0,2,2,0,0,0,0,5,0,0,1,0,3,0,0,0,0,0,4,0,1,0,0,0,0,0,0,0,0,0,0,0,0,0,0,0,0,0,0,0,0,0,0,0,0,0,0,0,0,0,0,0,0,1,0,0,0,0,0,0,0,0,0,0,0,0,0,0,0,0,0,0,0,0,0,0,0,0,0,0,0,0,0,0,0,0,0,1,1,0,0,0,0,2,1,2,5,0,0,0,0,1
3968.ps1,1,934,1,934.0,934,1,2,11,11,9,9,7,7,18,2,2,3,0,5,18,1,1,1,0,2,2,5,0,0,0,0,0,0,0,0,0,0,0,0,0,0,0,0,0,0,0,0,0,0,0,0,0,0,0,0,0,0,0,0,0,0,0,0,0,0,0,0,0,0,0,0,0,0,0,0,0,0,0,0,0,0,0,0,0,0,0,0,0,0,0,0,0,0,0,0,0,0,1,0,1,1,2,4,1,2,0,0,0
3954.ps1,1,2338,1,2337.0,2337,0,22,15,15,9,9,3,3,7,327,3,9,0,0,7,0,0,0,0,5,22,5,0,0,0,0,0,0,0,0,0,0,0,0,0,0,0,0,0,0,0,0,0,0,0,0,0,0,0,0,0,0,0,0,0,0,0,0,0,0,0,0,0,0,0,0,0,0,0,0,0,0,0,0,0,0,0,0,0,0,0,0,0,0,0,0,0,0,0,0,0,0,7,4,2,4,10,12,1,22,2,1,2
3938.ps1,1,2340,1,2339.0,2339,0,22,15,15,9,9,3,3,7,327,3,9,0,0,7,0,0,0,0,5,22,5,0,0,0,0,0,0,0,0,0,0,0,0,0,0,0,0,0,0,0,0,0,0,0,0,0,0,0,0,0,0,0,0,0,0,0,0,0,0,0,0,0,0,0,0,0,0,0,0,0,0,0,0,0,0,0,0,0,0,0,0,0,0,0,0,0,0,0,0,0,0,7,4,2,4,10,12,1,22,2,1,2
3956.ps1,1,2342,1,2341.0,2341,0,22,15,15,9,9,3,3,7,327,3,9,0,0,7,0,0,0,0,4,19,5,0,0,0,0,0,0,0,0,0,0,0,0,0,0,0,0,0,0,0,0,0,0,0,0,0,0,0,0,0,0,0,0,0,0,0,0,0,0,0,0,0,0,0,0,0,0,0,0,0,0,0,0,0,0,0,0,0,0,0,0,0,0,0,0,0,0,0,0,0,0,7,4,2,4,10,12,1,22,2,1,2
396.ps1,1,2452,1,2451.0,2451,0,22,15,15,9,9,3,3,7,352,3,9,0,0,7,0,0,0,0,4,22,5,0,0,0,0,0,0,0,0,0,0,0,0,0,0,0,0,0,0,0,0,0,0,0,0,0,0,0,0,0,0,0,0,0,0,0,0,0,0,0,0,0,0,0,0,0,0,0,0,0,0,0,0,0,0,0,0,0,0,0,0,0,0,0,0,0,0,0,0,0,0,7,4,2,4,10,12,1,22,2,1,2
3959.ps1,1,2337,1,2336.0,2336,0,22,15,15,9,9,3,3,7,327,3,9,0,0,7,0,0,0,0,4,22,5,0,0,0,0,0,0,0,0,0,0,0,0,0,0,0,0,0,0,0,0,0,0,0,0,0,0,0,0,0,0,0,0,0,0,0,0,0,0,0,0,0,0,0,0,0,0,0,0,0,0,0,0,0,0,0,0,0,0,0,0,0,0,0,0,0,0,0,0,0,0,7,4,2,4,10,12,1,22,2,1,2
3957.ps1,1,2338,1,2337.0,2337,0,22,15,15,9,9,3,3,7,327,3,9,0,0,7,0,0,0,0,3,22,5,0,0,0,0,0,0,0,0,0,0,0,0,0,0,0,0,0,0,0,0,0,0,0,0,0,0,0,0,0,0,0,0,0,0,0,0,0,0,0,0,0,0,0,0,0,0,0,0,0,0,0,0,0,0,0,0,0,0,0,0,0,0,0,0,0,0,0,0,0,0,7,4,2,4,10,12,1,22,2,1,2
3966.ps1,1,2307,1,2306.0,2306,0,24,15,15,11,11,3,3,7,309,3,9,0,0,8,0,0,0,0,4,24,5,0,0,0,0,0,0,0,0,0,0,0,0,0,0,0,0,0,0,0,0,0,0,0,0,0,0,0,0,0,0,0,0,0,0,0,0,0,0,0,0,0,0,0,0,0,0,0,0,0,0,0,0,0,0,0,0,0,0,0,0,0,0,0,0,0,0,0,0,0,0,8,4,2,4,10,12,1,24,3,1,2
3982.ps1,1,2337,1,2336.0,2336,0,22,15,15,9,9,3,3,7,327,3,9,0,0,7,0,0,0,0,4,20,5,0,0,0,0,0,0,0,0,0,0,0,0,0,0,0,0,0,0,0,0,0,0,0,0,0,0,0,0,0,0,0,0,0,0,0,0,0,0,0,0,0,0,0,0,0,0,0,0,0,0,0,0,0,0,0,0,0,0,0,0,0,0,0,0,0,0,0,0,0,0,7,4,2,4,10,12,1,22,2,1,2
3963.ps1,1,504,1,503.0,503,1,15,6,6,8,8,1,1,23,1,2,4,0,5,8,0,2,0,0,3,15,5,0,0,0,0,0,0,0,0,0,0,0,0,0,0,0,0,0,0,0,0,0,0,0,0,0,0,0,0,0,0,0,0,0,0,0,0,0,0,0,0,0,0,0,0,0,0,0,0,0,0,0,0,0,0,0,0,0,0,0,0,0,0,0,0,0,1,1,1,0,0,8,3,3,2,8,19,3,15,2,0,3
3985.ps1,1,2341,1,2340.0,2340,0,22,15,15,9,9,3,3,7,327,3,9,0,0,7,0,0,0,0,5,22,5,0,0,0,0,0,0,0,0,0,0,0,0,0,0,0,0,0,0,0,0,0,0,0,0,0,0,0,0,0,0,0,0,0,0,0,0,0,0,0,0,0,0,0,0,0,0,0,0,0,0,0,0,0,0,0,0,0,0,0,0,0,0,0,0,0,0,0,0,0,0,7,4,2,4,10,12,1,22,2,1,2
3984.ps1,1,2605,1,2604.0,2604,0,33,18,18,12,12,5,5,12,327,4,11,0,0,11,0,0,0,2,2,27,11,0,0,0,0,0,0,0,0,0,0,0,0,0,0,0,0,0,0,0,0,0,0,0,0,0,0,0,0,0,0,0,0,0,0,0,0,0,0,0,0,0,0,0,0,0,0,0,0,0,0,0,1,0,0,0,0,0,0,0,0,0,0,0,0,0,0,0,0,0,0,4,2,2,2,3,9,3,11,0,0,0
3970.ps1,1,2337,1,2336.0,2336,0,22,15,15,9,9,3,3,7,327,3,9,0,0,7,0,0,0,0,4,22,5,0,0,0,0,0,0,0,0,0,0,0,0,0,0,0,0,0,0,0,0,0,0,0,0,0,0,0,0,0,0,0,0,0,0,0,0,0,0,0,0,0,0,0,0,0,0,0,0,0,0,0,0,0,0,0,0,0,0,0,0,0,0,0,0,0,0,0,0,0,0,7,4,2,4,10,12,1,22,2,1,2
397.ps1,1,2327,1,2326.0,2326,0,22,15,15,9,9,3,3,7,327,3,9,0,0,7,0,0,0,0,4,22,5,0,0,0,0,0,0,0,0,0,0,0,0,0,0,0,0,0,0,0,0,0,0,0,0,0,0,0,0,0,0,0,0,0,0,0,0,0,0,0,0,0,0,0,0,0,0,0,0,0,0,0,0,0,0,0,0,0,0,0,0,0,0,0,0,0,0,0,0,0,0,7,4,2,4,10,12,1,22,2,1,2
4.ps1,1,2322,1,2321.0,2321,0,18,8,8,4,4,2,2,20,2,30,8,0,23,11,0,0,0,0,2,18,6,0,0,0,0,0,0,0,0,0,0,0,0,0,0,0,0,0,0,0,0,0,0,0,0,0,0,0,0,0,0,0,0,2,0,0,0,0,0,0,0,0,0,0,0,0,0,0,0,1,0,0,0,0,1,0,0,2,1,0,0,0,1,0,0,0,0,0,0,0,3,10,2,1,1,2,14,2,16,0,0,0
3979.ps1,1,2577,1,2576.0,2576,0,22,15,15,9,9,3,3,7,374,3,9,0,0,7,0,0,0,0,4,22,5,0,0,0,0,0,0,0,0,0,0,0,0,0,0,0,0,0,0,0,0,0,0,0,0,0,0,0,0,0,0,0,0,0,0,0,0,0,0,0,0,0,0,0,0,0,0,0,0,0,0,0,0,0,0,0,0,0,0,0,0,0,0,0,0,0,0,0,0,0,0,7,4,2,4,10,12,1,22,2,1,2
402.ps1,1,2238,1,2237.0,2237,0,22,15,15,9,9,3,3,7,309,3,9,0,0,7,0,0,0,0,5,22,5,0,0,0,0,0,0,0,0,0,0,0,0,0,0,0,0,0,0,0,0,0,0,0,0,0,0,0,0,0,0,0,0,0,0,0,0,0,0,0,0,0,0,0,0,0,0,0,0,0,0,0,0,0,0,0,0,0,0,0,0,0,0,0,0,0,0,0,0,0,0,7,4,2,4,10,12,1,22,2,1,2
4024.ps1,1,2557,1,2556.0,2556,0,22,15,15,9,9,3,3,7,371,3,9,0,0,7,0,0,0,0,4,22,5,0,0,0,0,0,0,0,0,0,0,0,0,0,0,0,0,0,0,0,0,0,0,0,0,0,0,0,0,0,0,0,0,0,0,0,0,0,0,0,0,0,0,0,0,0,0,0,0,0,0,0,0,0,0,0,0,0,0,0,0,0,0,0,0,0,0,0,0,0,0,7,4,2,4,10,12,1,22,2,1,2
4038.ps1,1,450,1,449.0,449,1,15,6,6,7,7,1,1,21,1,2,4,0,5,7,0,2,0,0,3,15,5,0,0,0,0,0,0,0,0,0,0,0,0,0,0,0,0,0,0,0,0,0,0,0,0,0,0,0,0,0,0,0,0,0,0,0,0,0,0,0,0,0,0,0,0,0,0,0,0,0,0,0,0,0,0,0,0,0,0,0,0,0,0,0,0,0,1,1,1,0,0,7,3,3,2,8,18,2,15,2,0,3
3999.ps1,1,2337,1,2336.0,2336,0,22,15,15,9,9,3,3,7,327,3,9,0,0,7,0,0,0,0,4,22,5,0,0,0,0,0,0,0,0,0,0,0,0,0,0,0,0,0,0,0,0,0,0,0,0,0,0,0,0,0,0,0,0,0,0,0,0,0,0,0,0,0,0,0,0,0,0,0,0,0,0,0,0,0,0,0,0,0,0,0,0,0,0,0,0,0,0,0,0,0,0,7,4,2,4,10,12,1,22,2,1,2
4027.ps1,1,507,1,506.0,506,1,15,6,6,8,8,1,1,23,1,2,4,0,5,8,0,2,0,0,4,15,5,0,0,0,0,0,0,0,0,0,0,0,0,0,0,0,0,0,0,0,0,0,0,0,0,0,0,0,0,0,0,0,0,0,0,0,0,0,0,0,0,0,0,0,0,0,0,0,0,0,0,0,0,0,0,0,0,0,0,0,0,0,0,0,0,0,1,1,1,0,0,8,3,3,2,8,19,3,15,2,0,3
4020.ps1,1,2339,1,2338.0,2338,0,22,15,15,9,9,3,3,7,327,3,9,0,0,7,0,0,0,0,4,19,5,0,0,0,0,0,0,0,0,0,0,0,0,0,0,0,0,0,0,0,0,0,0,0,0,0,0,0,0,0,0,0,0,0,0,0,0,0,0,0,0,0,0,0,0,0,0,0,0,0,0,0,0,0,0,0,0,0,0,0,0,0,0,0,0,0,0,0,0,0,0,7,4,2,4,10,12,1,22,2,1,2
4007.ps1,1,2340,1,2339.0,2339,0,22,15,15,9,9,3,3,7,327,3,9,0,0,7,0,0,0,0,5,20,5,0,0,0,0,0,0,0,0,0,0,0,0,0,0,0,0,0,0,0,0,0,0,0,0,0,0,0,0,0,0,0,0,0,0,0,0,0,0,0,0,0,0,0,0,0,0,0,0,0,0,0,0,0,0,0,0,0,0,0,0,0,0,0,0,0,0,0,0,0,0,7,4,2,4,10,12,1,22,2,1,2
4031.ps1,1,2340,1,2339.0,2339,0,22,15,15,9,9,3,3,7,327,3,9,0,0,7,0,0,0,0,5,22,5,0,0,0,0,0,0,0,0,0,0,0,0,0,0,0,0,0,0,0,0,0,0,0,0,0,0,0,0,0,0,0,0,0,0,0,0,0,0,0,0,0,0,0,0,0,0,0,0,0,0,0,0,0,0,0,0,0,0,0,0,0,0,0,0,0,0,0,0,0,0,7,4,2,4,10,12,1,22,2,1,2
4040.ps1,1,2338,1,2337.0,2337,0,22,15,15,9,9,3,3,7,327,3,9,0,0,7,0,0,0,0,5,22,5,0,0,0,0,0,0,0,0,0,0,0,0,0,0,0,0,0,0,0,0,0,0,0,0,0,0,0,0,0,0,0,0,0,0,0,0,0,0,0,0,0,0,0,0,0,0,0,0,0,0,0,0,0,0,0,0,0,0,0,0,0,0,0,0,0,0,0,0,0,0,7,4,2,4,10,12,1,22,2,1,2
4033.ps1,1,589,1,588.0,588,1,20,7,7,8,8,5,5,23,1,2,7,0,5,10,0,2,0,0,4,20,5,0,0,0,0,0,0,0,0,0,0,0,0,0,0,0,0,0,0,0,0,0,0,0,0,0,0,0,0,0,0,0,0,0,0,0,0,0,0,0,0,0,0,0,0,0,0,0,0,0,0,0,0,0,0,0,0,1,0,0,0,0,0,0,0,0,1,1,1,0,0,10,4,4,2,12,20,3,20,2,0,3
4045.ps1,1,2657,1,2656.0,2656,0,22,15,15,9,9,3,3,7,391,3,9,0,0,7,0,0,0,0,4,22,5,0,0,0,0,0,0,0,0,0,0,0,0,0,0,0,0,0,0,0,0,0,0,0,0,0,0,0,0,0,0,0,0,0,0,0,0,0,0,0,0,0,0,0,0,0,0,0,0,0,0,0,0,0,0,0,0,0,0,0,0,0,0,0,0,0,0,0,0,0,0,7,4,2,4,10,12,1,22,2,1,2
4049.ps1,1,2252,1,2251.0,2251,0,22,15,15,9,9,3,3,7,309,3,9,0,0,7,0,0,0,0,4,22,5,0,0,0,0,0,0,0,0,0,0,0,0,0,0,0,0,0,0,0,0,0,0,0,0,0,0,0,0,0,0,0,0,0,0,0,0,0,0,0,0,0,0,0,0,0,0,0,0,0,0,0,0,0,0,0,0,0,0,0,0,0,0,0,0,0,0,0,0,0,0,7,4,2,4,10,12,1,22,2,1,2
4062.ps1,1,504,1,503.0,503,1,15,7,7,9,8,2,2,24,2,3,4,0,5,9,0,3,0,1,4,15,5,0,0,0,0,0,0,0,0,0,0,0,0,0,0,0,0,0,0,0,0,0,0,0,0,0,0,0,0,0,0,0,0,0,0,0,0,0,0,0,0,0,0,0,0,0,0,0,0,0,0,0,0,0,0,0,0,0,0,0,0,0,0,0,0,0,1,1,1,0,0,8,3,3,2,8,19,3,15,2,0,3
406.ps1,1,2328,1,2327.0,2327,0,22,15,15,9,9,3,3,7,327,3,9,0,0,7,0,0,0,0,5,22,5,0,0,0,0,0,0,0,0,0,0,0,0,0,0,0,0,0,0,0,0,0,0,0,0,0,0,0,0,0,0,0,0,0,0,0,0,0,0,0,0,0,0,0,0,0,0,0,0,0,0,0,0,0,0,0,0,0,0,0,0,0,0,0,0,0,0,0,0,0,0,7,4,2,4,10,12,1,22,2,1,2
4032.ps1,1,2340,1,2339.0,2339,0,22,15,15,9,9,3,3,7,327,3,9,0,0,7,0,0,0,0,4,22,5,0,0,0,0,0,0,0,0,0,0,0,0,0,0,0,0,0,0,0,0,0,0,0,0,0,0,0,0,0,0,0,0,0,0,0,0,0,0,0,0,0,0,0,0,0,0,0,0,0,0,0,0,0,0,0,0,0,0,0,0,0,0,0,0,0,0,0,0,0,0,7,4,2,4,10,12,1,22,2,1,2
405.ps1,1,2556,1,2555.0,2555,0,22,15,15,9,9,3,3,7,370,3,9,0,0,7,0,0,0,0,4,22,5,0,0,0,0,0,0,0,0,0,0,0,0,0,0,0,0,0,0,0,0,0,0,0,0,0,0,0,0,0,0,0,0,0,0,0,0,0,0,0,0,0,0,0,0,0,0,0,0,0,0,0,0,0,0,0,0,0,0,0,0,0,0,0,0,0,0,0,0,0,0,7,4,2,4,10,12,1,22,2,1,2
409.ps1,1,2236,1,2235.0,2235,0,22,15,15,9,9,3,3,7,309,3,9,0,0,7,0,0,0,0,3,22,5,0,0,0,0,0,0,0,0,0,0,0,0,0,0,0,0,0,0,0,0,0,0,0,0,0,0,0,0,0,0,0,0,0,0,0,0,0,0,0,0,0,0,0,0,0,0,0,0,0,0,0,0,0,0,0,0,0,0,0,0,0,0,0,0,0,0,0,0,0,0,7,4,2,4,10,12,1,22,2,1,2
4057.ps1,1,443,1,442.0,442,1,15,6,6,7,7,1,2,22,1,2,4,1,6,7,0,3,0,0,4,15,5,0,0,0,0,0,0,0,0,0,0,0,0,0,0,0,0,0,0,0,0,0,0,0,0,0,0,0,0,0,0,0,0,0,0,0,0,0,0,0,0,0,0,0,0,0,0,0,0,0,0,0,0,0,0,0,0,0,0,0,0,0,0,0,0,0,1,1,1,0,0,7,3,3,2,8,18,2,15,2,0,3
4073.ps1,1,2573,1,2572.0,2572,0,22,15,15,9,9,3,3,7,374,3,9,0,0,7,0,0,0,0,5,22,5,0,0,0,0,0,0,0,0,0,0,0,0,0,0,0,0,0,0,0,0,0,0,0,0,0,0,0,0,0,0,0,0,0,0,0,0,0,0,0,0,0,0,0,0,0,0,0,0,0,0,0,0,0,0,0,0,0,0,0,0,0,0,0,0,0,0,0,0,0,0,7,4,2,4,10,12,1,22,2,1,2
4064.ps1,1,2252,1,2251.0,2251,0,22,15,15,9,9,3,3,7,309,3,9,0,0,7,0,0,0,0,5,22,5,0,0,0,0,0,0,0,0,0,0,0,0,0,0,0,0,0,0,0,0,0,0,0,0,0,0,0,0,0,0,0,0,0,0,0,0,0,0,0,0,0,0,0,0,0,0,0,0,0,0,0,0,0,0,0,0,0,0,0,0,0,0,0,0,0,0,0,0,0,0,7,4,2,4,10,12,1,22,2,1,2
4065.ps1,1,2343,1,2342.0,2342,0,22,15,15,9,9,3,3,7,327,3,9,0,0,7,0,0,0,0,5,22,5,0,0,0,0,0,0,0,0,0,0,0,0,0,0,0,0,0,0,0,0,0,0,0,0,0,0,0,0,0,0,0,0,0,0,0,0,0,0,0,0,0,0,0,0,0,0,0,0,0,0,0,0,0,0,0,0,0,0,0,0,0,0,0,0,0,0,0,0,0,0,7,4,2,4,10,12,1,22,2,1,2
416.ps1,1,2282,1,2281.0,2281,0,22,15,15,9,9,3,3,7,318,3,9,0,0,7,0,0,0,0,4,22,5,0,0,0,0,0,0,0,0,0,0,0,0,0,0,0,0,0,0,0,0,0,0,0,0,0,0,0,0,0,0,0,0,0,0,0,0,0,0,0,0,0,0,0,0,0,0,0,0,0,0,0,0,0,0,0,0,0,0,0,0,0,0,0,0,0,0,0,0,0,0,7,4,2,4,10,12,1,22,2,1,2
413.ps1,1,2237,1,2236.0,2236,0,22,15,15,9,9,3,3,7,309,3,9,0,0,7,0,0,0,0,4,22,5,0,0,0,0,0,0,0,0,0,0,0,0,0,0,0,0,0,0,0,0,0,0,0,0,0,0,0,0,0,0,0,0,0,0,0,0,0,0,0,0,0,0,0,0,0,0,0,0,0,0,0,0,0,0,0,0,0,0,0,0,0,0,0,0,0,0,0,0,0,0,7,4,2,4,10,12,1,22,2,1,2
414.ps1,1,2236,1,2235.0,2235,0,22,15,15,9,9,3,3,7,309,3,9,0,0,7,0,0,0,0,3,22,5,0,0,0,0,0,0,0,0,0,0,0,0,0,0,0,0,0,0,0,0,0,0,0,0,0,0,0,0,0,0,0,0,0,0,0,0,0,0,0,0,0,0,0,0,0,0,0,0,0,0,0,0,0,0,0,0,0,0,0,0,0,0,0,0,0,0,0,0,0,0,7,4,2,4,10,12,1,22,2,1,2
423.ps1,1,2995,1,2994.0,2994,0,33,18,18,12,12,5,5,12,402,4,11,0,0,11,0,0,0,2,2,31,11,0,0,0,0,0,0,0,0,0,0,0,0,0,0,0,0,0,0,0,0,0,0,0,0,0,0,0,0,0,0,0,0,0,0,0,0,0,0,0,0,0,0,0,0,0,0,0,0,0,0,0,1,0,0,0,0,0,0,0,0,0,0,1,0,0,0,0,0,0,0,4,2,2,2,3,9,3,11,0,0,0
417.ps1,1,2237,1,2236.0,2236,0,22,15,15,9,9,3,3,7,309,3,9,0,0,7,0,0,0,0,4,22,5,0,0,0,0,0,0,0,0,0,0,0,0,0,0,0,0,0,0,0,0,0,0,0,0,0,0,0,0,0,0,0,0,0,0,0,0,0,0,0,0,0,0,0,0,0,0,0,0,0,0,0,0,0,0,0,0,0,0,0,0,0,0,0,0,0,0,0,0,0,0,7,4,2,4,10,12,1,22,2,1,2
438.ps1,1,143,1,142.0,142,1,0,2,2,0,0,0,0,8,1,0,2,0,6,0,0,0,0,0,5,0,3,0,0,0,0,0,0,0,0,0,0,0,0,0,0,0,0,0,0,0,0,0,0,0,0,0,0,0,0,0,0,0,0,0,0,0,0,0,0,0,0,0,0,0,0,0,0,0,0,0,0,0,0,0,0,0,0,0,0,0,0,0,0,0,0,0,1,1,0,1,0,0,0,2,1,3,7,0,0,0,0,1
420.ps1,1,2453,1,2452.0,2452,0,22,15,15,9,9,3,3,7,352,3,9,0,0,7,0,0,0,0,5,22,5,0,0,0,0,0,0,0,0,0,0,0,0,0,0,0,0,0,0,0,0,0,0,0,0,0,0,0,0,0,0,0,0,0,0,0,0,0,0,0,0,0,0,0,0,0,0,0,0,0,0,0,0,0,0,0,0,0,0,0,0,0,0,0,0,0,0,0,0,0,0,7,4,2,4,10,12,1,22,2,1,2
445.ps1,1,2530,1,2529.0,2529,0,34,18,18,12,12,5,5,12,309,4,16,0,0,12,0,0,0,2,2,32,12,0,0,0,0,0,0,0,0,0,0,0,0,0,0,0,0,0,0,0,0,0,0,0,0,0,0,0,0,0,0,0,0,0,0,0,0,0,0,0,0,0,0,0,0,0,0,0,0,0,0,0,1,0,0,0,0,0,0,0,0,0,0,0,0,0,0,0,0,0,0,5,2,2,2,3,10,3,12,0,0,0
42.ps1,1,2340,1,2339.0,2339,0,22,15,15,9,9,3,3,7,327,3,9,0,0,7,0,0,0,0,4,22,5,0,0,0,0,0,0,0,0,0,0,0,0,0,0,0,0,0,0,0,0,0,0,0,0,0,0,0,0,0,0,0,0,0,0,0,0,0,0,0,0,0,0,0,0,0,0,0,0,0,0,0,0,0,0,0,0,0,0,0,0,0,0,0,0,0,0,0,0,0,0,7,4,2,4,10,12,1,22,2,1,2
44.ps1,1,2328,1,2327.0,2327,0,22,15,15,9,9,3,3,7,327,3,9,0,0,7,0,0,0,0,5,22,5,0,0,0,0,0,0,0,0,0,0,0,0,0,0,0,0,0,0,0,0,0,0,0,0,0,0,0,0,0,0,0,0,0,0,0,0,0,0,0,0,0,0,0,0,0,0,0,0,0,0,0,0,0,0,0,0,0,0,0,0,0,0,0,0,0,0,0,0,0,0,7,4,2,4,10,12,1,22,2,1,2
435.ps1,1,2237,1,2236.0,2236,0,22,15,15,9,9,3,3,7,309,3,9,0,0,7,0,0,0,0,4,22,5,0,0,0,0,0,0,0,0,0,0,0,0,0,0,0,0,0,0,0,0,0,0,0,0,0,0,0,0,0,0,0,0,0,0,0,0,0,0,0,0,0,0,0,0,0,0,0,0,0,0,0,0,0,0,0,0,0,0,0,0,0,0,0,0,0,0,0,0,0,0,7,4,2,4,10,12,1,22,2,1,2
43.ps1,1,2327,1,2326.0,2326,0,22,15,15,9,9,3,3,7,327,3,9,0,0,7,0,0,0,0,4,22,5,0,0,0,0,0,0,0,0,0,0,0,0,0,0,0,0,0,0,0,0,0,0,0,0,0,0,0,0,0,0,0,0,0,0,0,0,0,0,0,0,0,0,0,0,0,0,0,0,0,0,0,0,0,0,0,0,0,0,0,0,0,0,0,0,0,0,0,0,0,0,7,4,2,4,10,12,1,22,2,1,2
458.ps1,1,2547,1,2546.0,2546,0,34,18,18,12,12,5,5,12,309,4,16,0,0,12,0,0,0,2,2,32,12,0,0,0,0,0,0,0,0,0,0,0,0,0,0,0,0,0,0,0,0,0,0,0,0,0,0,0,0,0,0,0,0,0,0,0,0,0,0,0,0,0,0,0,0,0,0,0,0,0,0,0,1,0,0,0,0,0,0,0,0,0,0,0,0,0,0,0,0,0,0,5,2,2,2,3,10,3,12,0,0,0
450.ps1,1,80,1,79.0,79,1,0,2,2,0,0,0,0,3,0,0,1,0,3,0,0,0,0,0,3,0,1,0,0,0,0,0,0,0,0,0,0,0,0,0,0,0,0,0,0,0,0,0,0,0,0,0,0,0,0,0,0,0,0,0,0,0,0,0,0,0,0,0,0,0,0,0,0,0,0,0,0,0,0,0,0,0,0,0,0,0,0,0,0,0,0,0,0,1,1,0,0,0,0,2,1,2,5,0,0,0,0,1
446.ps1,1,131,1,130.0,130,1,0,2,2,0,0,0,0,7,1,0,2,0,3,0,0,0,0,0,4,0,3,0,0,0,0,0,0,0,0,0,0,0,0,0,0,0,0,0,0,0,0,0,0,0,0,0,0,0,0,0,0,0,0,0,0,0,0,0,0,0,0,0,0,0,0,0,0,0,0,0,0,0,0,0,0,0,0,0,0,0,0,0,0,0,0,0,1,1,0,1,0,0,0,2,1,3,7,0,0,0,0,1
462.ps1,1,2237,1,2236.0,2236,0,22,15,15,9,9,3,3,7,309,3,9,0,0,7,0,0,0,0,4,22,5,0,0,0,0,0,0,0,0,0,0,0,0,0,0,0,0,0,0,0,0,0,0,0,0,0,0,0,0,0,0,0,0,0,0,0,0,0,0,0,0,0,0,0,0,0,0,0,0,0,0,0,0,0,0,0,0,0,0,0,0,0,0,0,0,0,0,0,0,0,0,7,4,2,4,10,12,1,22,2,1,2
465.ps1,1,2341,1,2340.0,2340,0,22,15,15,9,9,3,3,7,327,3,9,0,0,7,0,0,0,0,3,22,5,0,0,0,0,0,0,0,0,0,0,0,0,0,0,0,0,0,0,0,0,0,0,0,0,0,0,0,0,0,0,0,0,0,0,0,0,0,0,0,0,0,0,0,0,0,0,0,0,0,0,0,0,0,0,0,0,0,0,0,0,0,0,0,0,0,0,0,0,0,0,7,4,2,4,10,12,1,22,2,1,2
464.ps1,1,2326,1,2325.0,2325,0,22,15,15,9,9,3,3,7,327,3,9,0,0,7,0,0,0,0,3,22,5,0,0,0,0,0,0,0,0,0,0,0,0,0,0,0,0,0,0,0,0,0,0,0,0,0,0,0,0,0,0,0,0,0,0,0,0,0,0,0,0,0,0,0,0,0,0,0,0,0,0,0,0,0,0,0,0,0,0,0,0,0,0,0,0,0,0,0,0,0,0,7,4,2,4,10,12,1,22,2,1,2
459.ps1,1,2290,1,2289.0,2289,0,2,6,6,2,2,0,0,7,2,42,3,0,41,3,0,0,0,0,8,2,1,0,0,0,0,0,0,0,0,0,0,0,0,0,0,0,0,0,0,0,0,0,0,0,0,0,0,0,0,0,0,0,0,1,0,0,0,0,0,0,0,0,0,0,0,0,0,0,0,1,0,0,0,0,1,0,0,0,0,0,0,0,0,0,0,0,0,0,0,0,0,1,0,4,2,6,11,2,2,0,2,4
475.ps1,1,121,1,120.0,120,0,0,2,2,0,0,0,0,2,3,0,2,0,0,0,1,0,0,0,2,0,2,0,0,0,0,0,0,0,0,0,0,0,0,0,0,0,0,0,0,0,0,0,0,0,0,0,0,0,0,0,0,0,0,0,0,0,0,0,0,0,0,0,0,0,0,0,0,0,0,0,0,0,0,0,0,0,0,0,0,0,0,0,0,0,0,0,0,0,0,0,0,0,0,1,1,2,5,0,0,0,0,1
486.ps1,1,2487,1,2486.0,2486,0,22,15,15,9,9,3,3,7,356,3,9,0,0,7,0,0,0,0,5,22,5,0,0,0,0,0,0,0,0,0,0,0,0,0,0,0,0,0,0,0,0,0,0,0,0,0,0,0,0,0,0,0,0,0,0,0,0,0,0,0,0,0,0,0,0,0,0,0,0,0,0,0,0,0,0,0,0,0,0,0,0,0,0,0,0,0,0,0,0,0,0,7,4,2,4,10,12,1,22,2,1,2
505.ps1,1,2192,1,2191.0,2191,0,22,15,15,9,9,3,3,7,300,3,9,0,0,7,0,0,0,0,4,22,5,0,0,0,0,0,0,0,0,0,0,0,0,0,0,0,0,0,0,0,0,0,0,0,0,0,0,0,0,0,0,0,0,0,0,0,0,0,0,0,0,0,0,0,0,0,0,0,0,0,0,0,0,0,0,0,0,0,0,0,0,0,0,0,0,0,0,0,0,0,0,7,4,2,4,10,12,1,22,2,1,2
468.ps1,1,450,1,449.0,449,1,15,6,6,7,7,1,1,21,1,2,4,0,5,7,0,2,0,0,4,15,5,0,0,0,0,0,0,0,0,0,0,0,0,0,0,0,0,0,0,0,0,0,0,0,0,0,0,0,0,0,0,0,0,0,0,0,0,0,0,0,0,0,0,0,0,0,0,0,0,0,0,0,0,0,0,0,0,0,0,0,0,0,0,0,0,0,1,1,1,0,0,7,3,3,2,8,18,2,15,2,0,3
484.ps1,1,2192,1,2191.0,2191,0,22,15,15,9,9,3,3,7,300,3,9,0,0,7,0,0,0,0,4,22,5,0,0,0,0,0,0,0,0,0,0,0,0,0,0,0,0,0,0,0,0,0,0,0,0,0,0,0,0,0,0,0,0,0,0,0,0,0,0,0,0,0,0,0,0,0,0,0,0,0,0,0,0,0,0,0,0,0,0,0,0,0,0,0,0,0,0,0,0,0,0,7,4,2,4,10,12,1,22,2,1,2
516.ps1,1,2339,1,2338.0,2338,0,22,15,15,9,9,3,3,7,327,3,9,0,0,7,0,0,0,0,4,22,5,0,0,0,0,0,0,0,0,0,0,0,0,0,0,0,0,0,0,0,0,0,0,0,0,0,0,0,0,0,0,0,0,0,0,0,0,0,0,0,0,0,0,0,0,0,0,0,0,0,0,0,0,0,0,0,0,0,0,0,0,0,0,0,0,0,0,0,0,0,0,7,4,2,4,10,12,1,22,2,1,2
493.ps1,1,2327,1,2326.0,2326,0,22,15,15,9,9,3,3,7,327,3,9,0,0,7,0,0,0,0,4,22,5,0,0,0,0,0,0,0,0,0,0,0,0,0,0,0,0,0,0,0,0,0,0,0,0,0,0,0,0,0,0,0,0,0,0,0,0,0,0,0,0,0,0,0,0,0,0,0,0,0,0,0,0,0,0,0,0,0,0,0,0,0,0,0,0,0,0,0,0,0,0,7,4,2,4,10,12,1,22,2,1,2
491.ps1,1,2328,1,2327.0,2327,0,22,15,15,9,9,3,3,7,327,3,9,0,0,7,0,0,0,0,5,22,5,0,0,0,0,0,0,0,0,0,0,0,0,0,0,0,0,0,0,0,0,0,0,0,0,0,0,0,0,0,0,0,0,0,0,0,0,0,0,0,0,0,0,0,0,0,0,0,0,0,0,0,0,0,0,0,0,0,0,0,0,0,0,0,0,0,0,0,0,0,0,7,4,2,4,10,12,1,22,2,1,2
510.ps1,1,2453,1,2452.0,2452,0,22,15,15,9,9,3,3,7,352,3,9,0,0,7,0,0,0,0,5,22,5,0,0,0,0,0,0,0,0,0,0,0,0,0,0,0,0,0,0,0,0,0,0,0,0,0,0,0,0,0,0,0,0,0,0,0,0,0,0,0,0,0,0,0,0,0,0,0,0,0,0,0,0,0,0,0,0,0,0,0,0,0,0,0,0,0,0,0,0,0,0,7,4,2,4,10,12,1,22,2,1,2
548.ps1,1,2314,1,2313.0,2313,0,18,8,8,4,4,2,2,20,2,23,8,0,30,11,0,0,0,0,2,18,6,0,0,0,0,0,0,0,0,0,0,0,0,0,0,0,0,0,0,0,0,0,0,0,0,0,0,0,0,0,0,0,1,1,0,0,0,0,0,0,0,0,0,0,0,0,0,0,0,1,0,0,0,0,1,0,0,2,1,0,0,0,1,0,0,0,0,0,0,0,3,10,2,1,1,2,14,2,16,0,0,0
519.ps1,1,2237,1,2236.0,2236,0,22,15,15,9,9,3,3,7,309,3,9,0,0,7,0,0,0,0,4,22,5,0,0,0,0,0,0,0,0,0,0,0,0,0,0,0,0,0,0,0,0,0,0,0,0,0,0,0,0,0,0,0,0,0,0,0,0,0,0,0,0,0,0,0,0,0,0,0,0,0,0,0,0,0,0,0,0,0,0,0,0,0,0,0,0,0,0,0,0,0,0,7,4,2,4,10,12,1,22,2,1,2
508.ps1,1,2238,1,2237.0,2237,0,22,15,15,9,9,3,3,7,309,3,9,0,0,7,0,0,0,0,5,22,5,0,0,0,0,0,0,0,0,0,0,0,0,0,0,0,0,0,0,0,0,0,0,0,0,0,0,0,0,0,0,0,0,0,0,0,0,0,0,0,0,0,0,0,0,0,0,0,0,0,0,0,0,0,0,0,0,0,0,0,0,0,0,0,0,0,0,0,0,0,0,7,4,2,4,10,12,1,22,2,1,2
536.ps1,1,2327,1,2326.0,2326,0,22,15,15,9,9,3,3,7,327,3,9,0,0,7,0,0,0,0,4,22,5,0,0,0,0,0,0,0,0,0,0,0,0,0,0,0,0,0,0,0,0,0,0,0,0,0,0,0,0,0,0,0,0,0,0,0,0,0,0,0,0,0,0,0,0,0,0,0,0,0,0,0,0,0,0,0,0,0,0,0,0,0,0,0,0,0,0,0,0,0,0,7,4,2,4,10,12,1,22,2,1,2
540.ps1,1,2237,1,2236.0,2236,0,22,15,15,9,9,3,3,7,309,3,9,0,0,7,0,0,0,0,4,22,5,0,0,0,0,0,0,0,0,0,0,0,0,0,0,0,0,0,0,0,0,0,0,0,0,0,0,0,0,0,0,0,0,0,0,0,0,0,0,0,0,0,0,0,0,0,0,0,0,0,0,0,0,0,0,0,0,0,0,0,0,0,0,0,0,0,0,0,0,0,0,7,4,2,4,10,12,1,22,2,1,2
520.ps1,1,2485,1,2484.0,2484,0,34,18,18,12,12,5,5,12,300,4,16,0,0,12,0,0,0,2,2,32,12,0,0,0,0,0,0,0,0,0,0,0,0,0,0,0,0,0,0,0,0,0,0,0,0,0,0,0,0,0,0,0,0,0,0,0,0,0,0,0,0,0,0,0,0,0,0,0,0,0,0,0,1,0,0,0,0,0,0,0,0,0,0,0,0,0,0,0,0,0,0,5,2,2,2,3,10,3,12,0,0,0
556.ps1,1,2337,1,2336.0,2336,0,22,15,15,9,9,3,3,7,327,3,9,0,0,7,0,0,0,0,4,22,5,0,0,0,0,0,0,0,0,0,0,0,0,0,0,0,0,0,0,0,0,0,0,0,0,0,0,0,0,0,0,0,0,0,0,0,0,0,0,0,0,0,0,0,0,0,0,0,0,0,0,0,0,0,0,0,0,0,0,0,0,0,0,0,0,0,0,0,0,0,0,7,4,2,4,10,12,1,22,2,1,2
558.ps1,1,2935,1,2934.0,2934,0,34,18,18,12,12,5,5,12,390,4,16,0,0,12,0,0,0,2,2,32,12,0,0,0,0,0,0,0,0,0,0,0,0,0,0,0,0,0,0,0,0,0,0,0,0,0,0,0,0,0,0,0,0,0,0,0,0,0,0,0,0,0,0,0,0,0,0,0,0,0,0,0,1,0,0,0,0,0,0,0,0,0,0,0,0,0,0,0,0,0,0,5,2,2,2,3,10,3,12,0,0,0
551.ps1,1,2237,1,2236.0,2236,0,22,15,15,9,9,3,3,7,309,3,9,0,0,7,0,0,0,0,4,22,5,0,0,0,0,0,0,0,0,0,0,0,0,0,0,0,0,0,0,0,0,0,0,0,0,0,0,0,0,0,0,0,0,0,0,0,0,0,0,0,0,0,0,0,0,0,0,0,0,0,0,0,0,0,0,0,0,0,0,0,0,0,0,0,0,0,0,0,0,0,0,7,4,2,4,10,12,1,22,2,1,2
56.ps1,1,2327,1,2326.0,2326,0,22,15,15,9,9,3,3,7,327,3,9,0,0,7,0,0,0,0,4,22,5,0,0,0,0,0,0,0,0,0,0,0,0,0,0,0,0,0,0,0,0,0,0,0,0,0,0,0,0,0,0,0,0,0,0,0,0,0,0,0,0,0,0,0,0,0,0,0,0,0,0,0,0,0,0,0,0,0,0,0,0,0,0,0,0,0,0,0,0,0,0,7,4,2,4,10,12,1,22,2,1,2
552.ps1,1,2237,1,2236.0,2236,0,22,15,15,9,9,3,3,7,309,3,9,0,0,7,0,0,0,0,4,22,5,0,0,0,0,0,0,0,0,0,0,0,0,0,0,0,0,0,0,0,0,0,0,0,0,0,0,0,0,0,0,0,0,0,0,0,0,0,0,0,0,0,0,0,0,0,0,0,0,0,0,0,0,0,0,0,0,0,0,0,0,0,0,0,0,0,0,0,0,0,0,7,4,2,4,10,12,1,22,2,1,2
560.ps1,1,2515,1,2514.0,2514,0,34,18,18,12,12,5,5,12,306,4,16,0,0,12,0,0,0,2,2,32,12,0,0,0,0,0,0,0,0,0,0,0,0,0,0,0,0,0,0,0,0,0,0,0,0,0,0,0,0,0,0,0,0,0,0,0,0,0,0,0,0,0,0,0,0,0,0,0,0,0,0,0,1,0,0,0,0,0,0,0,0,0,0,0,0,0,0,0,0,0,0,5,2,2,2,3,10,3,12,0,0,0
553.ps1,1,2251,1,2250.0,2250,0,22,15,15,9,9,3,3,7,309,3,9,0,0,7,0,0,0,0,4,22,5,0,0,0,0,0,0,0,0,0,0,0,0,0,0,0,0,0,0,0,0,0,0,0,0,0,0,0,0,0,0,0,0,0,0,0,0,0,0,0,0,0,0,0,0,0,0,0,0,0,0,0,0,0,0,0,0,0,0,0,0,0,0,0,0,0,0,0,0,0,0,7,4,2,4,10,12,1,22,2,1,2
57.ps1,1,2283,1,2282.0,2282,0,22,15,15,9,9,3,3,7,318,3,9,0,0,7,0,0,0,0,5,22,5,0,0,0,0,0,0,0,0,0,0,0,0,0,0,0,0,0,0,0,0,0,0,0,0,0,0,0,0,0,0,0,0,0,0,0,0,0,0,0,0,0,0,0,0,0,0,0,0,0,0,0,0,0,0,0,0,0,0,0,0,0,0,0,0,0,0,0,0,0,0,7,4,2,4,10,12,1,22,2,1,2
564.ps1,1,2238,1,2237.0,2237,0,22,15,15,9,9,3,3,7,309,3,9,0,0,7,0,0,0,0,5,22,5,0,0,0,0,0,0,0,0,0,0,0,0,0,0,0,0,0,0,0,0,0,0,0,0,0,0,0,0,0,0,0,0,0,0,0,0,0,0,0,0,0,0,0,0,0,0,0,0,0,0,0,0,0,0,0,0,0,0,0,0,0,0,0,0,0,0,0,0,0,0,7,4,2,4,10,12,1,22,2,1,2
576.ps1,1,2485,1,2484.0,2484,0,33,18,18,12,12,5,5,12,309,4,11,0,0,11,0,0,0,2,2,26,11,0,0,0,0,0,0,0,0,0,0,0,0,0,0,0,0,0,0,0,0,0,0,0,0,0,0,0,0,0,0,0,0,0,0,0,0,0,0,0,0,0,0,0,0,0,0,0,0,0,0,0,1,0,0,0,0,0,0,0,0,0,0,0,0,0,0,0,0,0,0,4,2,2,2,3,9,3,11,0,0,0
59.ps1,1,2238,1,2237.0,2237,0,22,15,15,9,9,3,3,7,309,3,9,0,0,7,0,0,0,0,5,22,5,0,0,0,0,0,0,0,0,0,0,0,0,0,0,0,0,0,0,0,0,0,0,0,0,0,0,0,0,0,0,0,0,0,0,0,0,0,0,0,0,0,0,0,0,0,0,0,0,0,0,0,0,0,0,0,0,0,0,0,0,0,0,0,0,0,0,0,0,0,0,7,4,2,4,10,12,1,22,2,1,2
594.ps1,1,2338,1,2337.0,2337,0,22,15,15,9,9,3,3,7,327,3,9,0,0,7,0,0,0,0,5,22,5,0,0,0,0,0,0,0,0,0,0,0,0,0,0,0,0,0,0,0,0,0,0,0,0,0,0,0,0,0,0,0,0,0,0,0,0,0,0,0,0,0,0,0,0,0,0,0,0,0,0,0,0,0,0,0,0,0,0,0,0,0,0,0,0,0,0,0,0,0,0,7,4,2,4,10,12,1,22,2,1,2
573.ps1,1,451,1,450.0,450,1,15,6,6,7,7,1,1,21,1,2,4,0,5,7,0,2,0,0,3,15,5,0,0,0,0,0,0,0,0,0,0,0,0,0,0,0,0,0,0,0,0,0,0,0,0,0,0,0,0,0,0,0,0,0,0,0,0,0,0,0,0,0,0,0,0,0,0,0,0,0,0,0,0,0,0,0,0,0,0,0,0,0,0,0,0,0,1,1,1,0,0,7,3,3,2,8,18,2,15,2,0,3
611.ps1,1,2282,1,2281.0,2281,0,22,15,15,9,9,3,3,7,318,3,9,0,0,7,0,0,0,0,4,22,5,0,0,0,0,0,0,0,0,0,0,0,0,0,0,0,0,0,0,0,0,0,0,0,0,0,0,0,0,0,0,0,0,0,0,0,0,0,0,0,0,0,0,0,0,0,0,0,0,0,0,0,0,0,0,0,0,0,0,0,0,0,0,0,0,0,0,0,0,0,0,7,4,2,4,10,12,1,22,2,1,2
577.ps1,1,2340,1,2339.0,2339,0,22,15,15,9,9,3,3,7,327,3,9,0,0,7,0,0,0,0,4,22,5,0,0,0,0,0,0,0,0,0,0,0,0,0,0,0,0,0,0,0,0,0,0,0,0,0,0,0,0,0,0,0,0,0,0,0,0,0,0,0,0,0,0,0,0,0,0,0,0,0,0,0,0,0,0,0,0,0,0,0,0,0,0,0,0,0,0,0,0,0,0,7,4,2,4,10,12,1,22,2,1,2
604.ps1,1,185,1,184.0,184,1,4,3,3,0,0,0,0,8,1,1,2,0,4,1,0,0,0,0,6,4,2,0,0,0,0,0,0,0,0,0,0,0,0,0,0,0,0,0,0,0,0,0,0,0,0,0,0,0,0,0,0,0,0,0,0,0,0,0,0,0,0,0,0,0,0,0,0,0,0,0,0,0,0,0,0,0,0,0,0,0,0,0,0,0,0,0,1,1,0,1,0,1,1,2,1,4,6,0,4,0,0,2
609.ps1,1,2252,1,2251.0,2251,0,22,15,15,9,9,3,3,7,309,3,9,0,0,7,0,0,0,0,5,22,5,0,0,0,0,0,0,0,0,0,0,0,0,0,0,0,0,0,0,0,0,0,0,0,0,0,0,0,0,0,0,0,0,0,0,0,0,0,0,0,0,0,0,0,0,0,0,0,0,0,0,0,0,0,0,0,0,0,0,0,0,0,0,0,0,0,0,0,0,0,0,7,4,2,4,10,12,1,22,2,1,2
630.ps1,1,135,1,134.0,134,1,4,3,3,0,0,0,0,6,1,1,2,0,3,1,0,0,0,0,6,4,2,0,0,0,0,0,0,0,0,0,0,0,0,0,0,0,0,0,0,0,0,0,0,0,0,0,0,0,0,0,0,0,0,0,0,0,0,0,0,0,0,0,0,0,0,0,0,0,0,0,0,0,0,0,0,0,0,0,0,0,0,0,0,0,0,0,1,1,0,1,0,1,1,2,1,4,6,0,4,0,0,2
617.ps1,1,3185,1,3184.0,3184,0,34,18,18,12,12,5,5,12,440,4,16,0,0,12,0,0,0,2,2,32,12,0,0,0,0,0,0,0,0,0,0,0,0,0,0,0,0,0,0,0,0,0,0,0,0,0,0,0,0,0,0,0,0,0,0,0,0,0,0,0,0,0,0,0,0,0,0,0,0,0,0,0,1,0,0,0,0,0,0,0,0,0,0,0,0,0,0,0,0,0,0,5,2,2,2,3,10,3,12,0,0,0
654.ps1,1,2340,1,2339.0,2339,0,22,15,15,9,9,3,3,7,327,3,9,0,0,7,0,0,0,0,4,19,5,0,0,0,0,0,0,0,0,0,0,0,0,0,0,0,0,0,0,0,0,0,0,0,0,0,0,0,0,0,0,0,0,0,0,0,0,0,0,0,0,0,0,0,0,0,0,0,0,0,0,0,0,0,0,0,0,0,0,0,0,0,0,0,0,0,0,0,0,0,0,7,4,2,4,10,12,1,22,2,1,2
637.ps1,1,2206,1,2205.0,2205,0,22,15,15,9,9,3,3,7,300,3,9,0,0,7,0,0,0,0,4,22,5,0,0,0,0,0,0,0,0,0,0,0,0,0,0,0,0,0,0,0,0,0,0,0,0,0,0,0,0,0,0,0,0,0,0,0,0,0,0,0,0,0,0,0,0,0,0,0,0,0,0,0,0,0,0,0,0,0,0,0,0,0,0,0,0,0,0,0,0,0,0,7,4,2,4,10,12,1,22,2,1,2
643.ps1,1,2282,1,2281.0,2281,0,22,15,15,9,9,3,3,7,318,3,9,0,0,7,0,0,0,0,4,22,5,0,0,0,0,0,0,0,0,0,0,0,0,0,0,0,0,0,0,0,0,0,0,0,0,0,0,0,0,0,0,0,0,0,0,0,0,0,0,0,0,0,0,0,0,0,0,0,0,0,0,0,0,0,0,0,0,0,0,0,0,0,0,0,0,0,0,0,0,0,0,7,4,2,4,10,12,1,22,2,1,2
615.ps1,1,2327,1,2326.0,2326,0,22,15,15,9,9,3,3,7,327,3,9,0,0,7,0,0,0,0,4,22,5,0,0,0,0,0,0,0,0,0,0,0,0,0,0,0,0,0,0,0,0,0,0,0,0,0,0,0,0,0,0,0,0,0,0,0,0,0,0,0,0,0,0,0,0,0,0,0,0,0,0,0,0,0,0,0,0,0,0,0,0,0,0,0,0,0,0,0,0,0,0,7,4,2,4,10,12,1,22,2,1,2
618.ps1,1,2252,1,2251.0,2251,0,22,15,15,9,9,3,3,7,309,3,9,0,0,7,0,0,0,0,5,22,5,0,0,0,0,0,0,0,0,0,0,0,0,0,0,0,0,0,0,0,0,0,0,0,0,0,0,0,0,0,0,0,0,0,0,0,0,0,0,0,0,0,0,0,0,0,0,0,0,0,0,0,0,0,0,0,0,0,0,0,0,0,0,0,0,0,0,0,0,0,0,7,4,2,4,10,12,1,22,2,1,2
616.ps1,1,116,1,115.0,115,1,0,3,3,0,0,0,0,6,0,0,4,0,3,0,0,0,0,0,3,0,2,0,0,0,0,0,0,0,0,0,0,0,0,0,0,0,0,0,0,0,0,0,0,0,0,0,0,0,0,0,0,0,0,0,0,0,0,0,0,0,0,0,0,0,0,0,0,0,0,0,0,0,0,0,0,0,0,0,0,0,0,0,1,0,0,0,0,1,1,0,1,0,0,1,0,1,3,0,0,0,0,0
650.ps1,1,2247,1,2246.0,2246,0,22,15,15,9,9,3,3,7,309,3,9,0,0,7,0,0,0,0,4,19,5,0,0,0,0,0,0,0,0,0,0,0,0,0,0,0,0,0,0,0,0,0,0,0,0,0,0,0,0,0,0,0,0,0,0,0,0,0,0,0,0,0,0,0,0,0,0,0,0,0,0,0,0,0,0,0,0,0,0,0,0,0,0,0,0,0,0,0,0,0,0,7,4,2,4,10,12,1,22,2,1,2
649.ps1,1,2237,1,2236.0,2236,0,22,15,15,9,9,3,3,7,309,3,9,0,0,7,0,0,0,0,4,22,5,0,0,0,0,0,0,0,0,0,0,0,0,0,0,0,0,0,0,0,0,0,0,0,0,0,0,0,0,0,0,0,0,0,0,0,0,0,0,0,0,0,0,0,0,0,0,0,0,0,0,0,0,0,0,0,0,0,0,0,0,0,0,0,0,0,0,0,0,0,0,7,4,2,4,10,12,1,22,2,1,2
661.ps1,1,2342,1,2341.0,2341,0,22,15,15,9,9,3,3,7,327,3,9,0,0,7,0,0,0,0,4,22,5,0,0,0,0,0,0,0,0,0,0,0,0,0,0,0,0,0,0,0,0,0,0,0,0,0,0,0,0,0,0,0,0,0,0,0,0,0,0,0,0,0,0,0,0,0,0,0,0,0,0,0,0,0,0,0,0,0,0,0,0,0,0,0,0,0,0,0,0,0,0,7,4,2,4,10,12,1,22,2,1,2
665.ps1,1,120,1,119.0,119,1,0,2,2,0,0,0,0,7,1,0,2,0,3,0,0,0,0,0,5,0,3,0,0,0,0,0,0,0,0,0,0,0,0,0,0,0,0,0,0,0,0,0,0,0,0,0,0,0,0,0,0,0,0,0,0,0,0,0,0,0,0,0,0,0,0,0,0,0,0,0,0,0,0,0,0,0,0,0,0,0,0,0,0,0,0,0,1,1,0,1,0,0,0,2,1,3,7,0,0,0,0,1
702.ps1,1,2327,1,2326.0,2326,0,22,15,15,9,9,3,3,7,327,3,9,0,0,7,0,0,0,0,4,22,5,0,0,0,0,0,0,0,0,0,0,0,0,0,0,0,0,0,0,0,0,0,0,0,0,0,0,0,0,0,0,0,0,0,0,0,0,0,0,0,0,0,0,0,0,0,0,0,0,0,0,0,0,0,0,0,0,0,0,0,0,0,0,0,0,0,0,0,0,0,0,7,4,2,4,10,12,1,22,2,1,2
657.ps1,1,2341,1,2340.0,2340,0,22,15,15,9,9,3,3,7,327,3,9,0,0,7,0,0,0,0,3,22,5,0,0,0,0,0,0,0,0,0,0,0,0,0,0,0,0,0,0,0,0,0,0,0,0,0,0,0,0,0,0,0,0,0,0,0,0,0,0,0,0,0,0,0,0,0,0,0,0,0,0,0,0,0,0,0,0,0,0,0,0,0,0,0,0,0,0,0,0,0,0,7,4,2,4,10,12,1,22,2,1,2
672.ps1,1,451,1,450.0,450,1,15,6,6,7,7,1,1,20,1,2,4,0,5,7,0,2,0,0,3,15,5,0,0,0,0,0,0,0,0,0,0,0,0,0,0,0,0,0,0,0,0,0,0,0,0,0,0,0,0,0,0,0,0,0,0,0,0,0,0,0,0,0,0,0,0,0,0,0,0,0,0,0,0,0,0,0,0,0,0,0,0,0,0,0,0,0,1,1,1,0,0,7,3,3,2,8,18,2,15,2,0,3
696.ps1,1,136,1,135.0,135,1,0,2,2,0,0,0,0,7,1,0,2,0,4,0,0,0,0,0,5,0,3,0,0,0,0,0,0,0,0,0,0,0,0,0,0,0,0,0,0,0,0,0,0,0,0,0,0,0,0,0,0,0,0,0,0,0,0,0,0,0,0,0,0,0,0,0,0,0,0,0,0,0,0,0,0,0,0,0,0,0,0,0,0,0,0,0,1,1,0,1,0,0,0,2,1,3,7,0,0,0,0,1
678.ps1,1,2452,1,2451.0,2451,0,22,15,15,9,9,3,3,7,352,3,9,0,0,7,0,0,0,0,4,22,5,0,0,0,0,0,0,0,0,0,0,0,0,0,0,0,0,0,0,0,0,0,0,0,0,0,0,0,0,0,0,0,0,0,0,0,0,0,0,0,0,0,0,0,0,0,0,0,0,0,0,0,0,0,0,0,0,0,0,0,0,0,0,0,0,0,0,0,0,0,0,7,4,2,4,10,12,1,22,2,1,2
660.ps1,1,2642,1,2641.0,2641,0,22,15,15,9,9,3,3,7,390,3,9,0,0,7,0,0,0,0,4,22,5,0,0,0,0,0,0,0,0,0,0,0,0,0,0,0,0,0,0,0,0,0,0,0,0,0,0,0,0,0,0,0,0,0,0,0,0,0,0,0,0,0,0,0,0,0,0,0,0,0,0,0,0,0,0,0,0,0,0,0,0,0,0,0,0,0,0,0,0,0,0,7,4,2,4,10,12,1,22,2,1,2
700.ps1,1,2237,1,2236.0,2236,0,22,15,15,9,9,3,3,7,309,3,9,0,0,7,0,0,0,0,4,22,5,0,0,0,0,0,0,0,0,0,0,0,0,0,0,0,0,0,0,0,0,0,0,0,0,0,0,0,0,0,0,0,0,0,0,0,0,0,0,0,0,0,0,0,0,0,0,0,0,0,0,0,0,0,0,0,0,0,0,0,0,0,0,0,0,0,0,0,0,0,0,7,4,2,4,10,12,1,22,2,1,2
666.ps1,1,2295,1,2294.0,2294,0,18,8,8,4,4,2,2,20,2,21,8,0,31,12,0,0,0,0,3,18,6,0,0,0,0,0,0,0,0,0,0,0,0,0,0,0,0,0,0,0,0,0,0,0,0,0,0,0,0,0,0,0,0,1,0,0,0,0,0,0,0,0,0,0,0,0,0,0,0,1,0,0,0,0,1,0,0,2,1,0,0,0,1,0,0,0,0,0,0,0,3,10,2,1,1,2,14,2,16,0,0,0
692.ps1,1,2282,1,2281.0,2281,0,22,15,15,9,9,3,3,7,318,3,9,0,0,7,0,0,0,0,4,22,5,0,0,0,0,0,0,0,0,0,0,0,0,0,0,0,0,0,0,0,0,0,0,0,0,0,0,0,0,0,0,0,0,0,0,0,0,0,0,0,0,0,0,0,0,0,0,0,0,0,0,0,0,0,0,0,0,0,0,0,0,0,0,0,0,0,0,0,0,0,0,7,4,2,4,10,12,1,22,2,1,2
71.ps1,1,2238,1,2237.0,2237,0,22,15,15,9,9,3,3,7,309,3,9,0,0,7,0,0,0,0,5,22,5,0,0,0,0,0,0,0,0,0,0,0,0,0,0,0,0,0,0,0,0,0,0,0,0,0,0,0,0,0,0,0,0,0,0,0,0,0,0,0,0,0,0,0,0,0,0,0,0,0,0,0,0,0,0,0,0,0,0,0,0,0,0,0,0,0,0,0,0,0,0,7,4,2,4,10,12,1,22,2,1,2
714.ps1,1,140,1,139.0,139,1,0,2,2,0,0,0,0,8,1,0,2,0,6,0,0,0,0,0,5,0,3,0,0,0,0,0,0,0,0,0,0,0,0,0,0,0,0,0,0,0,0,0,0,0,0,0,0,0,0,0,0,0,0,0,0,0,0,0,0,0,0,0,0,0,0,0,0,0,0,0,0,0,0,0,0,0,0,0,0,0,0,0,0,0,0,0,1,1,0,1,0,0,0,2,1,3,7,0,0,0,0,1
710.ps1,1,172,1,171.0,171,1,4,3,3,0,0,0,0,6,1,1,2,0,3,1,0,0,0,0,5,4,2,0,0,0,0,0,0,0,0,0,0,0,0,0,0,0,0,0,0,0,0,0,0,0,0,0,0,0,0,0,0,0,0,0,0,0,0,0,0,0,0,0,0,0,0,0,0,0,0,0,0,0,0,0,0,0,0,0,0,0,0,0,0,0,0,0,1,1,0,1,0,1,1,2,1,4,6,0,4,0,0,2
719.ps1,1,2238,1,2237.0,2237,0,22,15,15,9,9,3,3,7,309,3,9,0,0,7,0,0,0,0,5,22,5,0,0,0,0,0,0,0,0,0,0,0,0,0,0,0,0,0,0,0,0,0,0,0,0,0,0,0,0,0,0,0,0,0,0,0,0,0,0,0,0,0,0,0,0,0,0,0,0,0,0,0,0,0,0,0,0,0,0,0,0,0,0,0,0,0,0,0,0,0,0,7,4,2,4,10,12,1,22,2,1,2
670.ps1,1,2237,1,2236.0,2236,0,22,15,15,9,9,3,3,7,309,3,9,0,0,7,0,0,0,0,4,22,5,0,0,0,0,0,0,0,0,0,0,0,0,0,0,0,0,0,0,0,0,0,0,0,0,0,0,0,0,0,0,0,0,0,0,0,0,0,0,0,0,0,0,0,0,0,0,0,0,0,0,0,0,0,0,0,0,0,0,0,0,0,0,0,0,0,0,0,0,0,0,7,4,2,4,10,12,1,22,2,1,2
722.ps1,1,311,1,310.0,310,1,15,2,2,2,2,0,0,12,0,1,3,0,3,9,0,0,0,0,5,15,1,0,0,0,0,0,0,0,0,0,0,0,0,0,0,0,0,0,0,0,0,0,0,0,0,0,0,0,0,0,0,0,0,0,0,0,0,0,0,0,0,0,0,0,0,0,0,0,0,0,0,0,0,0,0,0,0,1,0,0,0,0,0,0,0,0,0,1,1,0,0,8,1,2,2,2,10,2,15,0,0,0
738.ps1,1,2221,1,2220.0,2220,0,22,15,15,9,9,3,3,7,306,3,9,0,0,7,0,0,0,0,3,22,5,0,0,0,0,0,0,0,0,0,0,0,0,0,0,0,0,0,0,0,0,0,0,0,0,0,0,0,0,0,0,0,0,0,0,0,0,0,0,0,0,0,0,0,0,0,0,0,0,0,0,0,0,0,0,0,0,0,0,0,0,0,0,0,0,0,0,0,0,0,0,7,4,2,4,10,12,1,22,2,1,2
709.ps1,1,2251,1,2250.0,2250,0,22,15,15,9,9,3,3,7,309,3,9,0,0,7,0,0,0,0,4,22,5,0,0,0,0,0,0,0,0,0,0,0,0,0,0,0,0,0,0,0,0,0,0,0,0,0,0,0,0,0,0,0,0,0,0,0,0,0,0,0,0,0,0,0,0,0,0,0,0,0,0,0,0,0,0,0,0,0,0,0,0,0,0,0,0,0,0,0,0,0,0,7,4,2,4,10,12,1,22,2,1,2
740.ps1,1,2453,1,2452.0,2452,0,22,15,15,9,9,3,3,7,352,3,9,0,0,7,0,0,0,0,5,22,5,0,0,0,0,0,0,0,0,0,0,0,0,0,0,0,0,0,0,0,0,0,0,0,0,0,0,0,0,0,0,0,0,0,0,0,0,0,0,0,0,0,0,0,0,0,0,0,0,0,0,0,0,0,0,0,0,0,0,0,0,0,0,0,0,0,0,0,0,0,0,7,4,2,4,10,12,1,22,2,1,2
746.ps1,1,2328,1,2327.0,2327,0,22,15,15,9,9,3,3,7,327,3,9,0,0,7,0,0,0,0,5,22,5,0,0,0,0,0,0,0,0,0,0,0,0,0,0,0,0,0,0,0,0,0,0,0,0,0,0,0,0,0,0,0,0,0,0,0,0,0,0,0,0,0,0,0,0,0,0,0,0,0,0,0,0,0,0,0,0,0,0,0,0,0,0,0,0,0,0,0,0,0,0,7,4,2,4,10,12,1,22,2,1,2
730.ps1,1,2238,1,2237.0,2237,0,22,15,15,9,9,3,3,7,309,3,9,0,0,7,0,0,0,0,5,22,5,0,0,0,0,0,0,0,0,0,0,0,0,0,0,0,0,0,0,0,0,0,0,0,0,0,0,0,0,0,0,0,0,0,0,0,0,0,0,0,0,0,0,0,0,0,0,0,0,0,0,0,0,0,0,0,0,0,0,0,0,0,0,0,0,0,0,0,0,0,0,7,4,2,4,10,12,1,22,2,1,2
728.ps1,1,2192,1,2191.0,2191,0,22,15,15,9,9,3,3,7,300,3,9,0,0,7,0,0,0,0,4,22,5,0,0,0,0,0,0,0,0,0,0,0,0,0,0,0,0,0,0,0,0,0,0,0,0,0,0,0,0,0,0,0,0,0,0,0,0,0,0,0,0,0,0,0,0,0,0,0,0,0,0,0,0,0,0,0,0,0,0,0,0,0,0,0,0,0,0,0,0,0,0,7,4,2,4,10,12,1,22,2,1,2
752.ps1,1,2237,1,2236.0,2236,0,22,15,15,9,9,3,3,7,309,3,9,0,0,7,0,0,0,0,4,22,5,0,0,0,0,0,0,0,0,0,0,0,0,0,0,0,0,0,0,0,0,0,0,0,0,0,0,0,0,0,0,0,0,0,0,0,0,0,0,0,0,0,0,0,0,0,0,0,0,0,0,0,0,0,0,0,0,0,0,0,0,0,0,0,0,0,0,0,0,0,0,7,4,2,4,10,12,1,22,2,1,2
763.ps1,1,2327,1,2326.0,2326,0,22,15,15,9,9,3,3,7,327,3,9,0,0,7,0,0,0,0,4,22,5,0,0,0,0,0,0,0,0,0,0,0,0,0,0,0,0,0,0,0,0,0,0,0,0,0,0,0,0,0,0,0,0,0,0,0,0,0,0,0,0,0,0,0,0,0,0,0,0,0,0,0,0,0,0,0,0,0,0,0,0,0,0,0,0,0,0,0,0,0,0,7,4,2,4,10,12,1,22,2,1,2
776.ps1,1,240,1,239.0,239,1,0,2,2,0,0,0,0,8,0,0,7,0,8,0,0,0,0,0,6,0,1,0,0,0,0,0,0,0,0,0,0,0,0,0,0,0,0,0,0,0,0,0,0,0,0,0,0,0,0,0,0,0,0,0,0,0,0,0,0,0,0,0,0,0,1,0,0,0,1,0,0,0,0,0,0,0,0,0,0,0,0,0,0,0,0,0,0,1,1,0,0,0,0,3,1,3,8,0,0,0,0,1
765.ps1,1,124,1,123.0,123,1,0,2,2,0,0,0,0,7,1,0,2,0,3,0,0,0,0,0,5,0,3,0,0,0,0,0,0,0,0,0,0,0,0,0,0,0,0,0,0,0,0,0,0,0,0,0,0,0,0,0,0,0,0,0,0,0,0,0,0,0,0,0,0,0,0,0,0,0,0,0,0,0,0,0,0,0,0,0,0,0,0,0,0,0,0,0,1,1,0,1,0,0,0,2,1,3,7,0,0,0,0,1
770.ps1,1,2342,1,2341.0,2341,0,22,15,15,9,9,3,3,7,327,3,9,0,0,7,0,0,0,0,4,20,5,0,0,0,0,0,0,0,0,0,0,0,0,0,0,0,0,0,0,0,0,0,0,0,0,0,0,0,0,0,0,0,0,0,0,0,0,0,0,0,0,0,0,0,0,0,0,0,0,0,0,0,0,0,0,0,0,0,0,0,0,0,0,0,0,0,0,0,0,0,0,7,4,2,4,10,12,1,22,2,1,2
756.ps1,1,2550,1,2549.0,2549,0,22,15,15,9,9,3,3,7,369,3,9,0,0,7,0,0,0,0,5,22,5,0,0,0,0,0,0,0,0,0,0,0,0,0,0,0,0,0,0,0,0,0,0,0,0,0,0,0,0,0,0,0,0,0,0,0,0,0,0,0,0,0,0,0,0,0,0,0,0,0,0,0,0,0,0,0,0,0,0,0,0,0,0,0,0,0,0,0,0,0,0,7,4,2,4,10,12,1,22,2,1,2
78.ps1,1,130,1,129.0,129,1,0,2,2,0,0,0,0,8,1,0,2,0,3,0,0,0,0,0,5,0,3,0,0,0,0,0,0,0,0,0,0,0,0,0,0,0,0,0,0,0,0,0,0,0,0,0,0,0,0,0,0,0,0,0,0,0,0,0,0,0,0,0,0,0,0,0,0,0,0,0,0,0,0,0,0,0,0,0,0,0,0,0,0,0,0,0,1,1,0,1,0,0,0,2,1,3,7,0,0,0,0,1
793.ps1,1,2340,1,2339.0,2339,0,22,15,15,9,9,3,3,7,327,3,9,0,0,7,0,0,0,0,4,22,5,0,0,0,0,0,0,0,0,0,0,0,0,0,0,0,0,0,0,0,0,0,0,0,0,0,0,0,0,0,0,0,0,0,0,0,0,0,0,0,0,0,0,0,0,0,0,0,0,0,0,0,0,0,0,0,0,0,0,0,0,0,0,0,0,0,0,0,0,0,0,7,4,2,4,10,12,1,22,2,1,2
787.ps1,1,151,1,150.0,150,1,2,3,3,0,0,0,0,9,1,0,2,0,3,0,0,0,0,0,5,2,3,0,0,0,0,0,0,0,0,0,0,0,0,0,0,0,0,0,0,0,0,0,0,0,0,0,0,0,0,0,0,0,0,0,0,0,0,0,0,0,0,0,0,0,0,0,0,0,0,0,0,0,0,0,0,0,0,0,0,0,0,0,0,0,0,0,1,1,0,1,0,0,0,2,1,4,5,0,2,0,0,2
781.ps1,1,2453,1,2452.0,2452,0,22,15,15,9,9,3,3,7,352,3,9,0,0,7,0,0,0,0,5,22,5,0,0,0,0,0,0,0,0,0,0,0,0,0,0,0,0,0,0,0,0,0,0,0,0,0,0,0,0,0,0,0,0,0,0,0,0,0,0,0,0,0,0,0,0,0,0,0,0,0,0,0,0,0,0,0,0,0,0,0,0,0,0,0,0,0,0,0,0,0,0,7,4,2,4,10,12,1,22,2,1,2
777.ps1,1,2251,1,2250.0,2250,0,22,15,15,9,9,3,3,7,309,3,9,0,0,7,0,0,0,0,5,22,5,0,0,0,0,0,0,0,0,0,0,0,0,0,0,0,0,0,0,0,0,0,0,0,0,0,0,0,0,0,0,0,0,0,0,0,0,0,0,0,0,0,0,0,0,0,0,0,0,0,0,0,0,0,0,0,0,0,0,0,0,0,0,0,0,0,0,0,0,0,0,7,4,2,4,10,12,1,22,2,1,2
803.ps1,1,2905,1,2904.0,2904,0,33,18,18,12,12,5,5,12,393,4,11,0,0,11,0,0,0,2,2,26,11,0,0,0,0,0,0,0,0,0,0,0,0,0,0,0,0,0,0,0,0,0,0,0,0,0,0,0,0,0,0,0,0,0,0,0,0,0,0,0,0,0,0,0,0,0,0,0,0,0,0,0,1,0,0,0,0,0,0,0,0,0,0,0,0,0,0,0,0,0,0,4,2,2,2,3,9,3,11,0,0,0
784.ps1,1,78,1,77.0,77,0,1,3,3,1,1,1,1,5,0,1,2,1,0,1,0,0,0,0,3,1,2,0,0,0,0,0,0,0,0,0,0,0,0,0,0,0,0,0,0,0,0,0,0,0,0,0,0,0,0,0,0,0,0,0,0,0,0,0,0,0,0,0,0,0,0,0,0,0,0,0,0,0,0,0,0,0,0,0,0,0,0,0,0,0,0,0,0,0,0,0,0,0,2,2,0,3,5,0,1,0,0,1
795.ps1,1,2247,1,2246.0,2246,0,22,15,15,9,9,3,3,7,309,3,9,0,0,7,0,0,0,0,4,22,5,0,0,0,0,0,0,0,0,0,0,0,0,0,0,0,0,0,0,0,0,0,0,0,0,0,0,0,0,0,0,0,0,0,0,0,0,0,0,0,0,0,0,0,0,0,0,0,0,0,0,0,0,0,0,0,0,0,0,0,0,0,0,0,0,0,0,0,0,0,0,7,4,2,4,10,12,1,22,2,1,2
818.ps1,1,138,1,137.0,137,1,0,2,2,0,0,0,0,8,1,0,2,0,4,0,0,0,0,0,5,0,3,0,0,0,0,0,0,0,0,0,0,0,0,0,0,0,0,0,0,0,0,0,0,0,0,0,0,0,0,0,0,0,0,0,0,0,0,0,0,0,0,0,0,0,0,0,0,0,0,0,0,0,0,0,0,0,0,0,0,0,0,0,0,0,0,0,1,1,0,1,0,0,0,2,1,3,7,0,0,0,0,1
800.ps1,1,2238,1,2237.0,2237,0,22,15,15,9,9,3,3,7,309,3,9,0,0,7,0,0,0,0,5,22,5,0,0,0,0,0,0,0,0,0,0,0,0,0,0,0,0,0,0,0,0,0,0,0,0,0,0,0,0,0,0,0,0,0,0,0,0,0,0,0,0,0,0,0,0,0,0,0,0,0,0,0,0,0,0,0,0,0,0,0,0,0,0,0,0,0,0,0,0,0,0,7,4,2,4,10,12,1,22,2,1,2
823.ps1,1,2252,1,2251.0,2251,0,22,15,15,9,9,3,3,7,309,3,9,0,0,7,0,0,0,0,5,22,5,0,0,0,0,0,0,0,0,0,0,0,0,0,0,0,0,0,0,0,0,0,0,0,0,0,0,0,0,0,0,0,0,0,0,0,0,0,0,0,0,0,0,0,0,0,0,0,0,0,0,0,0,0,0,0,0,0,0,0,0,0,0,0,0,0,0,0,0,0,0,7,4,2,4,10,12,1,22,2,1,2
828.ps1,1,211,1,210.0,210,1,4,2,2,2,2,0,0,11,0,0,1,0,3,3,0,0,0,0,3,4,1,0,0,0,0,0,0,0,0,0,0,0,0,0,0,0,0,0,0,0,0,0,0,0,0,0,0,0,0,0,0,0,0,0,0,0,0,0,0,0,0,0,0,0,0,0,0,0,0,0,0,0,0,0,0,0,0,0,0,0,0,0,0,0,0,0,0,1,1,0,0,3,0,2,2,2,10,2,4,0,0,0
807.ps1,1,2550,1,2549.0,2549,0,22,15,15,9,9,3,3,7,369,3,9,0,0,7,0,0,0,0,4,22,5,0,0,0,0,0,0,0,0,0,0,0,0,0,0,0,0,0,0,0,0,0,0,0,0,0,0,0,0,0,0,0,0,0,0,0,0,0,0,0,0,0,0,0,0,0,0,0,0,0,0,0,0,0,0,0,0,0,0,0,0,0,0,0,0,0,0,0,0,0,0,7,4,2,4,10,12,1,22,2,1,2
812.ps1,1,2453,1,2452.0,2452,0,22,15,15,9,9,3,3,7,352,3,9,0,0,7,0,0,0,0,5,22,5,0,0,0,0,0,0,0,0,0,0,0,0,0,0,0,0,0,0,0,0,0,0,0,0,0,0,0,0,0,0,0,0,0,0,0,0,0,0,0,0,0,0,0,0,0,0,0,0,0,0,0,0,0,0,0,0,0,0,0,0,0,0,0,0,0,0,0,0,0,0,7,4,2,4,10,12,1,22,2,1,2
824.ps1,1,2237,1,2236.0,2236,0,22,15,15,9,9,3,3,7,309,3,9,0,0,7,0,0,0,0,4,22,5,0,0,0,0,0,0,0,0,0,0,0,0,0,0,0,0,0,0,0,0,0,0,0,0,0,0,0,0,0,0,0,0,0,0,0,0,0,0,0,0,0,0,0,0,0,0,0,0,0,0,0,0,0,0,0,0,0,0,0,0,0,0,0,0,0,0,0,0,0,0,7,4,2,4,10,12,1,22,2,1,2
840.ps1,1,2452,1,2451.0,2451,0,22,15,15,9,9,3,3,7,352,3,9,0,0,7,0,0,0,0,4,22,5,0,0,0,0,0,0,0,0,0,0,0,0,0,0,0,0,0,0,0,0,0,0,0,0,0,0,0,0,0,0,0,0,0,0,0,0,0,0,0,0,0,0,0,0,0,0,0,0,0,0,0,0,0,0,0,0,0,0,0,0,0,0,0,0,0,0,0,0,0,0,7,4,2,4,10,12,1,22,2,1,2
835.ps1,1,1426,1,1425.0,1425,0,4,9,9,3,3,0,0,8,3,25,4,0,14,1,0,0,0,0,11,0,1,0,0,0,0,0,0,0,0,0,0,0,0,0,0,0,0,0,0,0,0,0,0,0,0,0,0,0,0,0,0,0,0,2,0,0,0,0,0,0,0,0,0,0,0,0,0,0,0,1,0,0,0,0,1,0,0,0,0,0,0,0,0,0,0,0,0,0,0,0,0,0,0,4,2,8,12,3,0,0,3,3
838.ps1,1,2327,1,2326.0,2326,0,22,15,15,9,9,3,3,7,327,3,9,0,0,7,0,0,0,0,4,22,5,0,0,0,0,0,0,0,0,0,0,0,0,0,0,0,0,0,0,0,0,0,0,0,0,0,0,0,0,0,0,0,0,0,0,0,0,0,0,0,0,0,0,0,0,0,0,0,0,0,0,0,0,0,0,0,0,0,0,0,0,0,0,0,0,0,0,0,0,0,0,7,4,2,4,10,12,1,22,2,1,2
85.ps1,1,2342,1,2341.0,2341,0,22,15,15,9,9,3,3,7,327,3,9,0,0,7,0,0,0,0,4,22,5,0,0,0,0,0,0,0,0,0,0,0,0,0,0,0,0,0,0,0,0,0,0,0,0,0,0,0,0,0,0,0,0,0,0,0,0,0,0,0,0,0,0,0,0,0,0,0,0,0,0,0,0,0,0,0,0,0,0,0,0,0,0,0,0,0,0,0,0,0,0,7,4,2,4,10,12,1,22,2,1,2
866.ps1,1,137,1,136.0,136,1,4,3,3,0,0,0,0,7,1,1,2,0,3,1,0,0,0,0,6,4,2,0,0,0,0,0,0,0,0,0,0,0,0,0,0,0,0,0,0,0,0,0,0,0,0,0,0,0,0,0,0,0,0,0,0,0,0,0,0,0,0,0,0,0,0,0,0,0,0,0,0,0,0,0,0,0,0,0,0,0,0,0,0,0,0,0,1,1,0,1,0,1,1,2,1,4,6,0,4,0,0,2
842.ps1,1,3602,1,3601.0,3601,0,34,18,18,12,12,5,5,12,520,4,16,0,0,12,0,0,0,2,2,32,12,0,0,0,0,0,0,0,0,0,0,0,0,0,0,0,0,0,0,0,0,0,0,0,0,0,0,0,0,0,0,0,0,0,0,0,0,0,0,0,0,0,0,0,0,0,0,0,0,0,0,0,1,0,0,0,0,0,0,0,0,0,0,0,0,0,0,0,0,0,0,5,2,2,2,3,10,3,12,0,0,0
880.ps1,1,2252,1,2251.0,2251,0,22,15,15,9,9,3,3,7,309,3,9,0,0,7,0,0,0,0,5,22,5,0,0,0,0,0,0,0,0,0,0,0,0,0,0,0,0,0,0,0,0,0,0,0,0,0,0,0,0,0,0,0,0,0,0,0,0,0,0,0,0,0,0,0,0,0,0,0,0,0,0,0,0,0,0,0,0,0,0,0,0,0,0,0,0,0,0,0,0,0,0,7,4,2,4,10,12,1,22,2,1,2
856.ps1,1,2637,1,2636.0,2636,0,22,15,15,9,9,3,3,7,389,3,9,0,0,7,0,0,0,0,4,22,5,0,0,0,0,0,0,0,0,0,0,0,0,0,0,0,0,0,0,0,0,0,0,0,0,0,0,0,0,0,0,0,0,0,0,0,0,0,0,0,0,0,0,0,0,0,0,0,0,0,0,0,0,0,0,0,0,0,0,0,0,0,0,0,0,0,0,0,0,0,0,7,4,2,4,10,12,1,22,2,1,2
852.ps1,1,2237,1,2236.0,2236,0,22,15,15,9,9,3,3,7,309,3,9,0,0,7,0,0,0,0,4,22,5,0,0,0,0,0,0,0,0,0,0,0,0,0,0,0,0,0,0,0,0,0,0,0,0,0,0,0,0,0,0,0,0,0,0,0,0,0,0,0,0,0,0,0,0,0,0,0,0,0,0,0,0,0,0,0,0,0,0,0,0,0,0,0,0,0,0,0,0,0,0,7,4,2,4,10,12,1,22,2,1,2
837.ps1,1,148,1,147.0,147,1,4,3,3,0,0,0,0,7,1,1,2,0,4,1,0,0,0,0,6,4,2,0,0,0,0,0,0,0,0,0,0,0,0,0,0,0,0,0,0,0,0,0,0,0,0,0,0,0,0,0,0,0,0,0,0,0,0,0,0,0,0,0,0,0,0,0,0,0,0,0,0,0,0,0,0,0,0,0,0,0,0,0,0,0,0,0,1,1,0,1,0,1,1,2,1,4,6,0,4,0,0,2
882.ps1,1,165,1,164.0,164,1,4,3,3,0,0,0,0,6,1,1,2,0,7,1,0,0,0,0,5,4,2,0,0,0,0,0,0,0,0,0,0,0,0,0,0,0,0,0,0,0,0,0,0,0,0,0,0,0,0,0,0,0,0,0,0,0,0,0,0,0,0,0,0,0,0,0,0,0,0,0,0,0,0,0,0,0,0,0,0,0,0,0,0,0,0,0,1,1,0,1,0,1,1,2,1,4,6,0,4,0,0,2
898.ps1,1,2542,1,2541.0,2541,0,22,15,15,9,9,3,3,7,370,3,9,0,0,7,0,0,0,0,4,22,5,0,0,0,0,0,0,0,0,0,0,0,0,0,0,0,0,0,0,0,0,0,0,0,0,0,0,0,0,0,0,0,0,0,0,0,0,0,0,0,0,0,0,0,0,0,0,0,0,0,0,0,0,0,0,0,0,0,0,0,0,0,0,0,0,0,0,0,0,0,0,7,4,2,4,10,12,1,22,2,1,2
909.ps1,1,2341,1,2340.0,2340,0,22,15,15,9,9,3,3,7,327,3,9,0,0,7,0,0,0,0,5,20,5,0,0,0,0,0,0,0,0,0,0,0,0,0,0,0,0,0,0,0,0,0,0,0,0,0,0,0,0,0,0,0,0,0,0,0,0,0,0,0,0,0,0,0,0,0,0,0,0,0,0,0,0,0,0,0,0,0,0,0,0,0,0,0,0,0,0,0,0,0,0,7,4,2,4,10,12,1,22,2,1,2
849.ps1,1,2621,1,2620.0,2620,0,33,18,18,12,12,5,5,12,327,4,11,0,0,11,0,0,0,2,2,30,11,0,0,0,0,0,0,0,0,0,0,0,0,0,0,0,0,0,0,0,0,0,0,0,0,0,0,0,0,0,0,0,0,0,0,0,0,0,0,0,0,0,0,0,0,0,0,0,0,0,0,0,1,0,0,0,0,0,0,0,0,0,0,0,0,0,0,0,0,0,0,4,2,2,2,3,9,3,11,0,0,0
896.ps1,1,2327,1,2326.0,2326,0,22,15,15,9,9,3,3,7,327,3,9,0,0,7,0,0,0,0,4,22,5,0,0,0,0,0,0,0,0,0,0,0,0,0,0,0,0,0,0,0,0,0,0,0,0,0,0,0,0,0,0,0,0,0,0,0,0,0,0,0,0,0,0,0,0,0,0,0,0,0,0,0,0,0,0,0,0,0,0,0,0,0,0,0,0,0,0,0,0,0,0,7,4,2,4,10,12,1,22,2,1,2
854.ps1,1,2642,1,2641.0,2641,0,22,15,15,9,9,3,3,7,390,3,9,0,0,7,0,0,0,0,4,22,5,0,0,0,0,0,0,0,0,0,0,0,0,0,0,0,0,0,0,0,0,0,0,0,0,0,0,0,0,0,0,0,0,0,0,0,0,0,0,0,0,0,0,0,0,0,0,0,0,0,0,0,0,0,0,0,0,0,0,0,0,0,0,0,0,0,0,0,0,0,0,7,4,2,4,10,12,1,22,2,1,2
899.ps1,1,2326,1,2325.0,2325,0,22,15,15,9,9,3,3,7,327,3,9,0,0,7,0,0,0,0,3,22,5,0,0,0,0,0,0,0,0,0,0,0,0,0,0,0,0,0,0,0,0,0,0,0,0,0,0,0,0,0,0,0,0,0,0,0,0,0,0,0,0,0,0,0,0,0,0,0,0,0,0,0,0,0,0,0,0,0,0,0,0,0,0,0,0,0,0,0,0,0,0,7,4,2,4,10,12,1,22,2,1,2
915.ps1,1,2451,1,2450.0,2450,0,22,15,15,9,9,3,3,7,352,3,9,0,0,7,0,0,0,0,3,22,5,0,0,0,0,0,0,0,0,0,0,0,0,0,0,0,0,0,0,0,0,0,0,0,0,0,0,0,0,0,0,0,0,0,0,0,0,0,0,0,0,0,0,0,0,0,0,0,0,0,0,0,0,0,0,0,0,0,0,0,0,0,0,0,0,0,0,0,0,0,0,7,4,2,4,10,12,1,22,2,1,2
923.ps1,1,2238,1,2237.0,2237,0,22,15,15,9,9,3,3,7,309,3,9,0,0,7,0,0,0,0,5,22,5,0,0,0,0,0,0,0,0,0,0,0,0,0,0,0,0,0,0,0,0,0,0,0,0,0,0,0,0,0,0,0,0,0,0,0,0,0,0,0,0,0,0,0,0,0,0,0,0,0,0,0,0,0,0,0,0,0,0,0,0,0,0,0,0,0,0,0,0,0,0,7,4,2,4,10,12,1,22,2,1,2
942.ps1,1,2237,1,2236.0,2236,0,22,15,15,9,9,3,3,7,309,3,9,0,0,7,0,0,0,0,4,22,5,0,0,0,0,0,0,0,0,0,0,0,0,0,0,0,0,0,0,0,0,0,0,0,0,0,0,0,0,0,0,0,0,0,0,0,0,0,0,0,0,0,0,0,0,0,0,0,0,0,0,0,0,0,0,0,0,0,0,0,0,0,0,0,0,0,0,0,0,0,0,7,4,2,4,10,12,1,22,2,1,2
903.ps1,1,133,1,132.0,132,1,0,2,2,0,0,0,0,7,1,0,2,0,3,0,0,0,0,0,7,0,3,0,0,0,0,0,0,0,0,0,0,0,0,0,0,0,0,0,0,0,0,0,0,0,0,0,0,0,0,0,0,0,0,0,0,0,0,0,0,0,0,0,0,0,0,0,0,0,0,0,0,0,0,0,0,0,0,0,0,0,0,0,0,0,0,0,1,1,0,1,0,0,0,2,1,3,7,0,0,0,0,1
927.ps1,1,2237,1,2236.0,2236,0,22,15,15,9,9,3,3,7,309,3,9,0,0,7,0,0,0,0,4,22,5,0,0,0,0,0,0,0,0,0,0,0,0,0,0,0,0,0,0,0,0,0,0,0,0,0,0,0,0,0,0,0,0,0,0,0,0,0,0,0,0,0,0,0,0,0,0,0,0,0,0,0,0,0,0,0,0,0,0,0,0,0,0,0,0,0,0,0,0,0,0,7,4,2,4,10,12,1,22,2,1,2
873.ps1,1,449,1,448.0,448,1,15,6,6,7,7,1,1,21,1,2,4,0,5,7,0,2,0,0,3,15,5,0,0,0,0,0,0,0,0,0,0,0,0,0,0,0,0,0,0,0,0,0,0,0,0,0,0,0,0,0,0,0,0,0,0,0,0,0,0,0,0,0,0,0,0,0,0,0,0,0,0,0,0,0,0,0,0,0,0,0,0,0,0,0,0,0,1,1,1,0,0,7,3,3,2,8,18,2,15,2,0,3
934.ps1,1,2328,1,2327.0,2327,0,22,15,15,9,9,3,3,7,327,3,9,0,0,7,0,0,0,0,5,22,5,0,0,0,0,0,0,0,0,0,0,0,0,0,0,0,0,0,0,0,0,0,0,0,0,0,0,0,0,0,0,0,0,0,0,0,0,0,0,0,0,0,0,0,0,0,0,0,0,0,0,0,0,0,0,0,0,0,0,0,0,0,0,0,0,0,0,0,0,0,0,7,4,2,4,10,12,1,22,2,1,2
861.ps1,1,2327,1,2326.0,2326,0,22,15,15,9,9,3,3,7,327,3,9,0,0,7,0,0,0,0,4,22,5,0,0,0,0,0,0,0,0,0,0,0,0,0,0,0,0,0,0,0,0,0,0,0,0,0,0,0,0,0,0,0,0,0,0,0,0,0,0,0,0,0,0,0,0,0,0,0,0,0,0,0,0,0,0,0,0,0,0,0,0,0,0,0,0,0,0,0,0,0,0,7,4,2,4,10,12,1,22,2,1,2
894.ps1,1,2550,1,2549.0,2549,0,22,15,15,9,9,3,3,7,369,3,9,0,0,7,0,0,0,0,5,22,5,0,0,0,0,0,0,0,0,0,0,0,0,0,0,0,0,0,0,0,0,0,0,0,0,0,0,0,0,0,0,0,0,0,0,0,0,0,0,0,0,0,0,0,0,0,0,0,0,0,0,0,0,0,0,0,0,0,0,0,0,0,0,0,0,0,0,0,0,0,0,7,4,2,4,10,12,1,22,2,1,2
94.ps1,1,2339,1,2338.0,2338,0,22,15,15,9,9,3,3,7,327,3,9,0,0,7,0,0,0,0,4,19,5,0,0,0,0,0,0,0,0,0,0,0,0,0,0,0,0,0,0,0,0,0,0,0,0,0,0,0,0,0,0,0,0,0,0,0,0,0,0,0,0,0,0,0,0,0,0,0,0,0,0,0,0,0,0,0,0,0,0,0,0,0,0,0,0,0,0,0,0,0,0,7,4,2,4,10,12,1,22,2,1,2
859.ps1,1,2238,1,2237.0,2237,0,22,15,15,9,9,3,3,7,309,3,9,0,0,7,0,0,0,0,5,22,5,0,0,0,0,0,0,0,0,0,0,0,0,0,0,0,0,0,0,0,0,0,0,0,0,0,0,0,0,0,0,0,0,0,0,0,0,0,0,0,0,0,0,0,0,0,0,0,0,0,0,0,0,0,0,0,0,0,0,0,0,0,0,0,0,0,0,0,0,0,0,7,4,2,4,10,12,1,22,2,1,2
943.ps1,1,2328,1,2327.0,2327,0,22,15,15,9,9,3,3,7,327,3,9,0,0,7,0,0,0,0,5,22,5,0,0,0,0,0,0,0,0,0,0,0,0,0,0,0,0,0,0,0,0,0,0,0,0,0,0,0,0,0,0,0,0,0,0,0,0,0,0,0,0,0,0,0,0,0,0,0,0,0,0,0,0,0,0,0,0,0,0,0,0,0,0,0,0,0,0,0,0,0,0,7,4,2,4,10,12,1,22,2,1,2
961.ps1,1,2318,1,2317.0,2317,0,18,8,8,4,4,2,2,20,2,27,8,0,27,11,0,0,0,0,2,18,6,0,0,0,0,0,0,0,0,0,0,0,0,0,0,0,0,0,0,0,0,0,0,0,0,0,0,0,0,0,0,0,0,0,0,0,0,0,0,0,0,0,0,0,0,0,0,0,0,1,0,0,0,0,1,0,0,2,1,0,0,0,1,0,0,0,0,0,0,0,3,10,2,1,1,2,14,2,16,0,0,0
966.ps1,1,121,1,120.0,120,1,0,2,2,0,0,0,0,7,1,0,2,0,3,0,0,0,0,0,5,0,3,0,0,0,0,0,0,0,0,0,0,0,0,0,0,0,0,0,0,0,0,0,0,0,0,0,0,0,0,0,0,0,0,0,0,0,0,0,0,0,0,0,0,0,0,0,0,0,0,0,0,0,0,0,0,0,0,0,0,0,0,0,0,0,0,0,1,1,0,1,0,0,0,2,1,3,7,0,0,0,0,1
954.ps1,1,1244,1,1244.0,1244,0,46,9,9,1,1,0,0,34,5,0,4,0,2,25,0,0,0,0,3,46,17,0,0,0,0,0,0,0,0,0,0,0,0,0,0,0,0,0,0,0,0,0,0,0,0,0,0,0,0,0,0,0,0,0,0,0,0,0,0,0,0,0,0,0,0,0,0,0,0,0,0,0,0,0,0,0,0,5,1,0,0,0,0,0,0,0,0,0,0,0,0,25,0,2,8,5,49,1,46,0,0,1
973.ps1,1,2338,1,2337.0,2337,0,22,15,15,9,9,3,3,7,327,3,9,0,0,7,0,0,0,0,5,20,5,0,0,0,0,0,0,0,0,0,0,0,0,0,0,0,0,0,0,0,0,0,0,0,0,0,0,0,0,0,0,0,0,0,0,0,0,0,0,0,0,0,0,0,0,0,0,0,0,0,0,0,0,0,0,0,0,0,0,0,0,0,0,0,0,0,0,0,0,0,0,7,4,2,4,10,12,1,22,2,1,2
928.ps1,1,2453,1,2452.0,2452,0,22,15,15,9,9,3,3,7,352,3,9,0,0,7,0,0,0,0,5,22,5,0,0,0,0,0,0,0,0,0,0,0,0,0,0,0,0,0,0,0,0,0,0,0,0,0,0,0,0,0,0,0,0,0,0,0,0,0,0,0,0,0,0,0,0,0,0,0,0,0,0,0,0,0,0,0,0,0,0,0,0,0,0,0,0,0,0,0,0,0,0,7,4,2,4,10,12,1,22,2,1,2
978.ps1,1,3153,1,3152.0,3152,0,22,15,15,9,9,3,3,7,490,3,9,0,0,7,0,0,0,0,5,22,5,0,0,0,0,0,0,0,0,0,0,0,0,0,0,0,0,0,0,0,0,0,0,0,0,0,0,0,0,0,0,0,0,0,0,0,0,0,0,0,0,0,0,0,0,0,0,0,0,0,0,0,0,0,0,0,0,0,0,0,0,0,0,0,0,0,0,0,0,0,0,7,4,2,4,10,12,1,22,2,1,2
986.ps1,1,2307,1,2306.0,2306,0,24,15,15,11,11,3,3,7,309,3,9,0,0,8,0,0,0,0,4,24,5,0,0,0,0,0,0,0,0,0,0,0,0,0,0,0,0,0,0,0,0,0,0,0,0,0,0,0,0,0,0,0,0,0,0,0,0,0,0,0,0,0,0,0,0,0,0,0,0,0,0,0,0,0,0,0,0,0,0,0,0,0,0,0,0,0,0,0,0,0,0,8,4,2,4,10,12,1,24,3,1,2
975.ps1,1,2282,1,2281.0,2281,0,22,15,15,9,9,3,3,7,318,3,9,0,0,7,0,0,0,0,4,22,5,0,0,0,0,0,0,0,0,0,0,0,0,0,0,0,0,0,0,0,0,0,0,0,0,0,0,0,0,0,0,0,0,0,0,0,0,0,0,0,0,0,0,0,0,0,0,0,0,0,0,0,0,0,0,0,0,0,0,0,0,0,0,0,0,0,0,0,0,0,0,7,4,2,4,10,12,1,22,2,1,2
964.ps1,1,2318,1,2317.0,2317,0,18,8,8,4,4,2,2,20,2,29,8,0,25,11,0,0,0,0,2,18,6,0,0,0,0,0,0,0,0,0,0,0,0,0,0,0,0,0,0,0,0,0,0,0,0,0,0,0,0,0,0,0,0,2,0,0,0,0,0,0,0,0,0,0,0,0,0,0,0,1,0,0,0,0,1,0,0,2,1,0,0,0,1,0,0,0,0,0,0,0,3,10,2,1,1,2,14,2,16,0,0,0
958.ps1,1,2670,1,2669.0,2669,0,22,15,15,9,9,3,3,7,393,3,9,0,0,7,0,0,0,0,4,22,5,0,0,0,0,0,0,0,0,0,0,0,0,0,0,0,0,0,0,0,0,0,0,0,0,0,0,0,0,0,0,0,0,0,0,0,0,0,0,0,0,0,0,0,0,0,0,0,0,0,0,0,0,0,0,0,0,0,0,0,0,0,0,0,0,0,0,0,0,0,0,7,4,2,4,10,12,1,22,2,1,2
997.ps1,1,2249,1,2248.0,2248,0,22,15,15,9,9,3,3,7,309,3,9,0,0,7,0,0,0,0,4,22,5,0,0,0,0,0,0,0,0,0,0,0,0,0,0,0,0,0,0,0,0,0,0,0,0,0,0,0,0,0,0,0,0,0,0,0,0,0,0,0,0,0,0,0,0,0,0,0,0,0,0,0,0,0,0,0,0,0,0,0,0,0,0,0,0,0,0,0,0,0,0,7,4,2,4,10,12,1,22,2,1,2
967.ps1,1,2451,1,2450.0,2450,0,22,15,15,9,9,3,3,7,352,3,9,0,0,7,0,0,0,0,3,22,5,0,0,0,0,0,0,0,0,0,0,0,0,0,0,0,0,0,0,0,0,0,0,0,0,0,0,0,0,0,0,0,0,0,0,0,0,0,0,0,0,0,0,0,0,0,0,0,0,0,0,0,0,0,0,0,0,0,0,0,0,0,0,0,0,0,0,0,0,0,0,7,4,2,4,10,12,1,22,2,1,2
988.ps1,1,2452,1,2451.0,2451,0,22,15,15,9,9,3,3,7,352,3,9,0,0,7,0,0,0,0,4,22,5,0,0,0,0,0,0,0,0,0,0,0,0,0,0,0,0,0,0,0,0,0,0,0,0,0,0,0,0,0,0,0,0,0,0,0,0,0,0,0,0,0,0,0,0,0,0,0,0,0,0,0,0,0,0,0,0,0,0,0,0,0,0,0,0,0,0,0,0,0,0,7,4,2,4,10,12,1,22,2,1,2
