filename,label,script_length,line_count,avg_line_length,max_line_length,has_url_or_ip,char_dollar,char_lparen,char_rparen,char_lbracket,char_rbracket,char_lbrace,char_rbrace,char_dot,char_comma,char_plus,char_minus,char_star,char_slash,char_equal,char_exclaim,char_percent,char_caret,char_ampersand,char_backtick,var_count,string_literal_count,kw_get_command,kw_get_help,kw_get_process,kw_get_service,kw_get_childitem,kw_get_wmiobject,kw_get_alias,kw_get_member,kw_set_location,kw_get_location,kw_get_content,kw_set_content,kw_add_content,kw_write_host,kw_write_output,kw_write_verbose,kw_write_error,kw_start_transcript,kw_stop_transcript,kw_set_strictmode,kw_protect_cmsmessage,kw_unprotect_cmsmessage,kw_test_netconnection,kw_test_path,kw_import_module,kw_select_object,kw_where_object,kw_foreach_object,kw_get_acl,kw_set_acl,kw_get_filehash,kw_pwd,kw_gl,kw_invoke_obfuscation,kw_invoke_mimikatz,kw_powersploit,kw_powershell_empire,kw_nishang,kw_powerup,kw_p0wnedshell,kw_powerops,kw_poweliks,kw_kovter,kw_shellcode,kw_start_process,kw_invoke_webrequest,kw_invoke_restmethod,kw__f,kw__convert___frombase64string,kw__system_convert___frombase64string,kw__convert___tobase64string,kw__system_convert___tobase64string,kw_system_io_compression_deflatestream,kw_io_memorystream,kw__runtime_interopservices_marshal___ptrtostringansi,kw__runtime_interopservices_marshal___securestringtoglobalallocansi,kw__true,kw__false,kw_convertfrom_securestring,kw_convertto_securestring,kw_invoke_expression,kw_iex,kw__encodedcommand,kw__exec_bypass,kw__executionpolicy_bypass,kw_system_net_webclient,kw_net_webclient,kw_downloadstring,kw_downloadfile,kw_new_object,AssignmentStatementAst,BinaryExpressionAst,CommandAst,InvokeMemberExpressionAst,PipelineAst,StringConstantExpressionAst,TypeExpressionAst,VariableExpressionAst,ConvertExpressionAst,ArrayLiteralAst,ParenExpressionAst
1015.ps1,1,2734,1,2733.0,2733,0,2,21,21,23,23,3,3,7,321,80,12,0,0,7,0,0,0,1,0,2,71,0,0,0,0,0,0,0,0,0,0,0,0,0,0,0,0,0,0,0,0,0,0,0,0,0,0,0,0,0,0,0,0,0,0,0,0,0,0,0,0,0,0,0,0,0,0,0,0,0,0,0,0,0,0,0,0,0,0,0,0,0,0,0,0,0,0,0,0,0,0,0,80,1,0,7,71,0,2,12,3,6
1087.ps1,1,2965,1,2964.0,2964,0,2,28,28,24,24,5,5,17,314,61,12,0,0,11,0,0,0,2,0,1,59,0,0,0,0,0,0,0,0,0,0,0,0,0,0,0,0,0,0,0,0,0,0,0,0,0,0,0,0,0,0,0,0,0,0,0,0,0,0,0,0,0,0,0,0,0,0,0,0,0,0,0,1,0,0,0,0,0,0,0,0,0,2,0,0,0,0,0,0,0,0,0,58,1,4,7,63,0,1,11,1,6
1049.ps1,1,2107,1,2107.0,2107,0,0,34,34,13,13,7,7,82,13,56,17,2,0,23,1,0,0,1,0,0,58,0,0,0,0,0,0,0,0,0,0,0,0,0,0,0,0,0,0,0,0,0,0,0,0,0,0,0,0,0,0,0,0,0,0,0,0,0,0,0,0,0,0,0,0,0,0,0,0,0,0,0,0,0,0,0,0,0,0,0,0,0,0,0,0,0,0,0,0,0,10,0,57,2,2,5,62,0,0,7,1,4
1011.ps1,1,360,1,359.0,359,0,1,7,7,5,5,10,10,10,6,36,4,0,3,0,0,0,0,0,0,1,38,0,0,0,0,0,0,0,0,0,0,0,0,0,0,0,0,0,0,0,0,0,0,0,0,0,0,0,0,0,0,0,0,0,0,0,0,0,0,0,0,0,0,0,0,1,0,0,1,0,0,0,0,0,0,0,0,0,0,0,0,0,0,0,0,0,0,0,0,0,0,0,38,1,0,5,38,0,1,4,2,4
1045.ps1,1,2687,1,2686.0,2686,0,1,22,22,19,19,3,3,8,313,77,13,0,0,7,0,0,0,1,0,1,73,0,0,0,0,0,0,0,0,0,0,0,0,0,0,0,0,0,0,0,0,0,0,0,0,0,0,0,0,0,0,0,0,0,0,0,0,0,0,0,0,0,0,0,0,0,0,0,0,0,0,0,0,0,0,0,0,0,0,0,0,0,0,0,0,0,0,0,0,0,0,0,78,1,1,7,74,0,1,9,4,6
1004.ps1,1,1007,1,1006.0,1006,0,2,14,13,23,24,1,2,21,6,99,9,1,6,8,0,2,1,1,0,2,93,0,0,0,0,0,0,0,0,0,0,0,0,0,0,0,0,0,0,0,0,0,0,0,0,0,0,0,0,0,0,0,0,0,0,0,0,0,0,0,0,0,0,0,0,0,0,0,0,0,0,0,0,0,0,0,0,0,0,0,0,0,1,0,0,0,0,0,0,0,0,0,102,1,0,8,93,0,2,14,5,7
1061.ps1,1,2846,1,2845.0,2845,0,2,22,22,17,17,3,3,10,350,79,10,0,0,7,0,0,0,1,0,1,79,0,0,0,0,0,0,0,0,0,0,0,0,0,0,0,0,0,0,0,0,0,0,0,0,0,0,0,0,0,0,0,0,0,0,0,0,0,0,0,0,0,0,0,0,0,0,0,0,0,0,0,0,0,0,0,0,0,0,0,0,0,0,0,0,0,0,0,0,0,0,0,77,1,3,5,82,0,1,7,1,4
103.ps1,1,2697,1,2696.0,2696,0,0,22,22,19,19,3,3,9,332,55,13,2,0,7,0,0,0,0,0,0,52,0,0,0,0,0,0,0,0,0,0,0,0,0,0,0,0,0,0,0,0,0,0,0,0,0,0,0,0,0,0,0,0,0,0,0,0,0,0,0,0,0,0,0,0,0,0,0,0,0,0,0,0,0,0,0,0,0,0,0,0,0,0,0,0,0,0,0,0,0,0,0,56,2,0,8,54,0,0,9,4,7
1013.ps1,1,930,1,929.0,929,1,0,13,14,19,19,2,1,23,7,81,10,3,5,7,0,2,0,2,0,0,80,0,0,0,0,0,0,0,0,0,0,0,0,0,0,0,0,0,0,0,0,0,0,0,0,0,0,0,0,0,0,0,0,0,0,0,0,0,0,0,0,0,0,0,0,0,0,0,0,0,0,0,0,0,0,0,0,0,0,0,0,0,0,0,0,0,0,0,0,0,0,0,84,2,0,8,82,0,0,10,5,7
108.ps1,1,499,1,498.0,498,0,3,10,10,11,11,0,0,13,5,51,2,0,4,0,0,0,0,1,0,2,53,0,0,0,0,0,0,0,0,0,0,0,0,0,0,0,0,0,0,0,0,0,0,0,0,0,0,0,0,0,0,0,0,0,0,0,0,0,0,0,0,0,0,0,0,0,0,0,0,0,0,0,0,0,0,0,0,0,0,0,0,0,0,0,0,0,0,0,0,0,0,0,51,1,4,4,57,0,2,9,0,3
1044.ps1,1,2654,1,2653.0,2653,0,0,20,20,13,13,3,3,8,332,51,13,2,0,7,0,0,0,1,0,0,54,0,0,0,0,0,0,0,0,0,0,0,0,0,0,0,0,0,0,0,0,0,0,0,0,0,0,0,0,0,0,0,0,0,0,0,0,0,0,0,0,0,0,0,0,0,0,0,0,0,0,0,0,0,0,0,0,0,0,0,0,0,0,0,0,0,0,0,0,0,0,0,52,2,0,6,56,0,0,3,4,5
1031.ps1,1,2651,1,2650.0,2650,0,3,20,20,15,15,3,3,11,330,53,9,0,0,7,0,0,0,0,0,2,54,0,0,0,0,0,0,0,0,0,0,0,0,0,0,0,0,0,0,0,0,0,0,0,0,0,0,0,0,0,0,0,0,0,0,0,0,0,0,0,0,0,0,0,0,0,0,0,0,0,0,0,0,0,0,0,0,0,0,0,0,0,0,0,0,0,0,0,0,0,0,0,50,1,3,3,57,0,2,4,0,2
1008.ps1,1,2659,1,2658.0,2658,0,1,20,20,16,16,3,3,9,313,75,13,0,0,7,0,0,0,0,0,1,74,0,0,0,0,0,0,0,0,0,0,0,0,0,0,0,0,0,0,0,0,0,0,0,0,0,0,0,0,0,0,0,0,0,0,0,0,0,0,0,0,0,0,0,0,0,0,0,0,0,0,0,0,0,0,0,0,0,0,0,0,0,0,0,0,0,0,0,0,0,0,0,76,1,1,5,75,0,1,6,4,4
1042.ps1,1,2689,1,2688.0,2688,0,2,22,22,20,20,3,3,11,314,76,10,0,0,7,0,0,0,0,0,1,73,0,0,0,0,0,0,0,0,0,0,0,0,0,0,0,0,0,0,0,0,0,0,0,0,0,0,0,0,0,0,0,0,0,0,0,0,0,0,0,0,0,0,0,0,0,0,0,0,0,0,0,0,0,0,0,0,0,0,0,0,0,0,0,0,0,0,0,0,0,0,0,74,1,3,5,76,0,1,10,1,4
1019.ps1,1,2923,1,2922.0,2922,0,1,23,23,20,20,3,3,12,357,82,11,2,0,7,0,0,0,0,0,0,80,0,0,0,0,0,0,0,0,0,0,0,0,0,0,0,0,0,0,0,0,0,0,0,0,0,0,0,0,0,0,0,0,0,0,0,0,0,0,0,0,0,0,0,0,0,0,0,0,0,0,0,0,0,0,0,0,0,0,0,0,0,0,0,0,0,0,0,0,0,0,0,80,2,3,6,85,0,0,10,1,5
1005.ps1,1,2655,1,2654.0,2654,0,2,21,21,15,15,3,3,11,313,73,10,0,0,7,0,0,0,0,0,1,76,0,0,0,0,0,0,0,0,0,0,0,0,0,0,0,0,0,0,0,0,0,0,0,0,0,0,0,0,0,0,0,0,0,0,0,0,0,0,0,0,0,0,0,0,0,0,0,0,0,0,0,0,0,0,0,0,0,0,0,0,0,0,0,0,0,0,0,0,0,0,0,71,1,3,4,79,0,1,5,1,3
1072.ps1,1,2701,1,2700.0,2700,0,2,21,21,20,20,3,3,11,330,55,9,0,0,7,0,0,0,0,0,2,52,0,0,0,0,0,0,0,0,0,0,0,0,0,0,0,0,0,0,0,0,0,0,0,0,0,0,0,0,0,0,0,0,0,0,0,0,0,0,0,0,0,0,0,0,0,0,0,0,0,0,0,0,0,0,0,0,0,0,0,0,0,0,0,0,0,0,0,0,0,0,0,52,1,3,4,55,0,2,9,0,3
1055.ps1,1,504,1,503.0,503,0,1,10,10,12,12,0,0,9,6,37,7,0,4,0,0,0,0,0,0,1,37,0,0,0,0,0,0,0,0,0,0,0,0,0,0,0,0,0,0,0,0,0,0,0,0,0,0,0,0,0,0,0,0,0,0,0,0,0,0,0,0,0,0,0,0,0,0,0,0,0,0,0,0,0,0,0,0,0,0,0,0,0,0,0,0,0,0,0,0,0,1,0,42,1,0,8,37,0,1,11,5,7
1024.ps1,1,2614,1,2613.0,2613,0,2,21,21,20,20,3,3,7,312,55,12,0,0,7,0,0,0,1,0,2,49,0,0,0,0,0,0,0,0,0,0,0,0,0,0,0,0,0,0,0,0,0,0,0,0,0,0,0,0,0,0,0,0,0,0,0,0,0,0,0,0,0,0,0,0,0,0,0,0,0,0,0,0,0,0,0,0,0,0,0,0,0,0,0,0,0,0,0,0,0,0,0,55,1,0,7,49,0,2,9,3,6
101.ps1,1,2590,1,2589.0,2589,0,0,19,19,15,15,3,3,7,321,52,12,0,0,7,0,0,0,0,0,0,50,0,0,0,0,0,0,0,0,0,0,0,0,0,0,0,0,0,0,0,0,0,0,0,0,0,0,0,0,0,0,0,0,0,0,0,0,0,0,0,0,0,0,0,0,0,0,0,0,0,0,0,0,0,0,0,0,0,0,0,0,0,1,0,0,0,0,0,0,0,0,0,52,1,0,5,51,0,0,6,3,4
1071.ps1,1,2644,1,2643.0,2643,0,0,20,20,18,18,3,3,7,312,76,12,0,0,7,0,0,0,0,0,0,71,0,0,0,0,0,0,0,0,0,0,0,0,0,0,0,0,0,0,0,0,0,0,0,0,0,0,0,0,0,0,0,0,0,0,0,0,0,0,0,0,0,0,0,0,0,0,0,0,0,0,0,0,0,0,0,0,0,0,0,0,0,1,0,0,0,0,0,0,0,0,0,76,1,0,6,72,0,0,9,3,5
1040.ps1,1,406,1,405.0,405,1,2,8,8,9,9,0,0,9,5,29,6,0,3,0,0,0,0,0,0,2,30,0,0,0,0,0,0,0,0,0,0,0,0,0,0,0,0,0,0,0,0,0,0,0,0,0,0,0,0,0,0,0,0,0,0,0,0,0,0,0,0,0,0,0,0,0,0,0,0,0,0,0,0,0,0,0,0,0,0,0,0,0,0,0,0,0,0,0,0,0,0,0,33,1,0,6,30,0,2,7,4,5
1023.ps1,1,483,1,482.0,482,0,2,12,12,14,14,0,0,12,6,38,3,0,4,0,0,0,0,1,0,1,39,0,0,0,0,0,0,0,0,0,0,0,0,0,0,0,0,0,0,0,0,0,0,0,0,0,0,0,0,0,0,0,0,0,0,0,0,0,0,0,0,0,0,0,0,0,0,0,0,0,0,0,0,0,0,0,0,0,0,0,0,0,0,0,0,0,0,0,0,0,0,0,39,1,4,6,43,0,1,13,1,5
1002.ps1,1,2591,1,2590.0,2590,0,1,21,21,19,19,3,3,10,312,53,9,0,0,7,0,0,0,0,0,0,49,0,0,0,0,0,0,0,0,0,0,0,0,0,0,0,0,0,0,0,0,0,0,0,0,0,0,0,0,0,0,0,0,0,0,0,0,0,0,0,0,0,0,0,0,0,0,0,0,0,0,0,0,0,0,0,0,0,0,0,0,0,1,0,0,0,0,0,0,0,0,0,50,1,3,4,53,0,0,10,0,3
1070.ps1,1,2598,1,2597.0,2597,0,1,22,22,19,19,3,3,10,314,51,10,0,0,7,0,0,0,1,0,1,50,0,0,0,0,0,0,0,0,0,0,0,0,0,0,0,0,0,0,0,0,0,0,0,0,0,0,0,0,0,0,0,0,0,0,0,0,0,0,0,0,0,0,0,0,0,0,0,0,0,0,0,0,0,0,0,0,0,0,0,0,0,0,0,0,0,0,0,0,0,0,0,49,1,3,5,53,0,1,9,1,4
1051.ps1,1,2901,1,2900.0,2900,0,1,21,21,19,19,3,3,7,357,82,13,0,0,7,0,0,0,1,0,1,78,0,0,0,0,0,0,0,0,0,0,0,0,0,0,0,0,0,0,0,0,0,0,0,0,0,0,0,0,0,0,0,0,0,0,0,0,0,0,0,0,0,0,0,0,0,0,0,0,0,0,0,0,0,0,0,0,0,0,0,0,0,0,0,0,0,0,0,0,0,0,0,83,1,0,7,78,0,1,9,4,6
1026.ps1,1,6399,1,6398.0,6398,0,2,22,22,18,18,3,3,10,995,178,10,0,0,7,0,0,0,1,0,1,178,0,0,0,0,0,0,0,0,0,0,0,0,0,0,0,0,0,0,0,0,0,0,0,0,0,0,0,0,0,0,0,0,0,0,0,0,0,0,0,0,0,0,0,0,0,0,0,0,0,0,0,0,0,0,0,0,0,0,0,0,0,0,0,0,0,0,0,0,0,0,0,176,1,3,5,181,0,1,8,1,4
1003.ps1,1,2617,1,2616.0,2616,0,1,22,22,20,20,3,3,8,313,54,13,0,0,7,0,0,0,0,0,1,50,0,0,0,0,0,0,0,0,0,0,0,0,0,0,0,0,0,0,0,0,0,0,0,0,0,0,0,0,0,0,0,0,0,0,0,0,0,0,0,0,0,0,0,0,0,0,0,0,0,0,0,0,0,0,0,0,0,0,0,0,0,0,0,0,0,0,0,0,0,0,0,55,1,0,8,50,0,1,10,4,7
104.ps1,1,1530,1,1529.0,1529,1,1,24,25,41,41,6,5,49,16,50,5,1,7,21,0,8,0,3,0,1,39,0,0,0,0,0,0,0,0,0,0,0,0,0,0,0,0,0,0,0,0,0,0,0,0,0,0,0,0,0,0,0,0,0,0,0,0,0,0,0,0,0,0,0,0,0,0,0,0,0,0,0,0,0,0,0,0,0,0,0,0,0,1,0,0,0,0,0,0,0,1,0,43,1,5,6,44,0,1,17,1,5
1018.ps1,1,476,1,475.0,475,0,1,10,10,14,14,0,0,9,7,34,7,0,4,0,0,0,0,1,0,1,31,0,0,0,0,0,0,0,0,0,0,0,0,0,0,0,0,0,0,0,0,0,0,0,0,0,0,0,0,0,0,0,0,0,0,0,0,0,0,0,0,0,0,0,0,1,0,0,0,0,0,0,0,0,0,0,0,0,0,0,0,0,0,0,0,0,0,0,0,0,0,0,39,1,0,8,31,0,1,13,5,7
1007.ps1,1,2757,1,2756.0,2756,0,0,20,20,16,16,3,3,9,332,77,13,2,0,7,0,0,0,0,0,0,77,0,0,0,0,0,0,0,0,0,0,0,0,0,0,0,0,0,0,0,0,0,0,0,0,0,0,0,0,0,0,0,0,0,0,0,0,0,0,0,0,0,0,0,0,0,0,0,0,0,0,0,0,0,0,0,0,0,0,0,0,0,0,0,0,0,0,0,0,0,0,0,78,2,0,6,79,0,0,6,4,5
1038.ps1,1,2617,1,2616.0,2616,0,0,21,21,19,19,3,3,8,314,53,13,2,0,7,0,0,0,1,0,0,50,0,0,0,0,0,0,0,0,0,0,0,0,0,0,0,0,0,0,0,0,0,0,0,0,0,0,0,0,0,0,0,0,0,0,0,0,0,0,0,0,0,0,0,0,0,0,0,0,0,0,0,0,0,0,0,0,0,0,0,0,0,0,0,0,0,0,0,0,0,0,0,54,2,0,7,52,0,0,9,4,6
1000.ps1,1,375,1,374.0,374,1,2,6,6,6,6,10,10,10,4,43,3,0,4,0,0,0,0,0,0,2,43,0,0,0,0,0,0,0,0,0,0,0,0,0,0,0,0,0,0,0,0,0,0,0,0,0,0,0,0,0,0,0,0,0,0,0,0,0,0,0,0,0,0,0,0,1,0,0,1,0,0,0,0,0,0,0,0,0,0,0,0,0,0,0,0,0,0,0,0,1,0,0,44,1,0,4,43,0,2,4,1,3
1062.ps1,1,2632,1,2631.0,2631,0,0,19,19,15,15,3,3,7,312,74,13,0,0,7,0,0,0,0,0,0,72,0,0,0,0,0,0,0,0,0,0,0,0,0,0,0,0,0,0,0,0,0,0,0,0,0,0,0,0,0,0,0,0,0,0,0,0,0,0,0,0,0,0,0,0,0,0,0,0,0,0,0,0,0,0,0,0,0,0,0,0,1,0,0,0,0,0,0,0,0,0,0,74,1,0,5,73,0,0,6,3,4
1037.ps1,1,349,1,348.0,348,1,0,7,7,6,6,0,0,11,4,35,3,2,3,0,0,0,0,0,0,0,36,0,0,0,0,0,0,0,0,0,0,0,0,0,0,0,0,0,0,0,0,0,0,0,0,0,0,0,0,0,0,0,0,0,0,0,0,0,0,0,0,0,0,0,0,0,0,0,0,0,0,0,0,0,0,0,0,0,0,0,0,0,0,0,0,0,0,0,0,0,0,0,36,2,1,5,39,0,0,5,1,4
1028.ps1,1,2655,1,2654.0,2654,0,3,23,23,21,21,3,3,10,321,56,9,0,0,7,0,0,0,1,0,2,51,0,0,0,0,0,0,0,0,0,0,0,0,0,0,0,0,0,0,0,0,0,0,0,0,0,0,0,0,0,0,0,0,0,0,0,0,0,0,0,0,0,0,0,0,0,0,0,0,0,0,0,0,0,0,0,0,0,0,0,0,0,0,0,0,0,0,0,0,0,0,0,53,1,3,6,54,0,2,10,0,5
100.ps1,1,3032,1,3031.0,3031,0,1,27,27,23,23,5,5,18,315,60,17,2,0,12,0,0,0,2,0,0,60,0,0,0,0,0,0,0,0,0,0,0,0,0,0,0,0,0,0,0,0,0,0,0,0,0,0,0,0,0,0,0,0,0,0,0,0,0,0,0,0,0,0,0,0,0,0,0,0,0,0,0,1,0,0,0,0,0,0,0,0,0,2,0,0,0,0,0,0,0,0,0,57,2,4,6,66,0,0,10,1,5
1059.ps1,1,2996,1,2995.0,2995,0,2,22,22,21,21,5,5,13,313,86,15,0,0,11,0,0,0,2,0,2,83,0,0,0,0,0,0,0,0,0,0,0,0,0,0,0,0,0,0,0,0,0,0,0,0,0,0,0,0,0,0,0,0,0,0,0,0,0,0,0,0,0,0,0,0,0,0,0,0,0,0,0,0,0,0,0,0,0,0,0,0,0,2,0,0,0,0,0,0,0,0,0,86,1,0,5,83,0,2,7,4,4
1035.ps1,1,929,1,928.0,928,0,2,13,13,15,15,1,1,26,7,93,5,0,5,7,0,2,0,0,0,1,96,0,0,0,0,0,0,0,0,0,0,0,0,0,0,0,0,0,0,0,0,0,0,0,0,0,0,0,0,0,0,0,0,0,0,0,0,0,0,0,0,0,0,0,0,0,0,0,0,0,0,0,0,0,0,0,0,0,0,0,0,0,1,0,0,0,0,0,0,0,0,0,92,1,4,4,100,0,1,7,1,3
1017.ps1,1,553,1,552.0,552,0,1,14,14,16,16,0,0,15,7,55,3,2,3,0,0,0,0,0,0,0,54,0,0,0,0,0,0,0,0,0,0,0,0,0,0,0,0,0,0,0,0,0,0,0,0,0,0,0,0,0,0,0,0,0,0,0,0,0,0,0,0,0,0,0,0,0,0,0,0,0,0,0,0,0,0,0,0,0,0,0,0,0,0,0,0,0,0,0,0,0,0,0,56,2,4,8,60,0,0,15,1,7
1010.ps1,1,3016,1,3015.0,3015,0,0,17,17,19,19,2,2,24,7,110,9,2,31,11,0,0,0,1,0,0,81,0,0,0,0,0,0,0,0,0,0,0,0,0,0,0,0,0,0,0,0,0,0,0,0,0,0,0,0,0,0,0,0,1,0,0,0,0,0,0,0,0,0,0,0,0,0,0,0,0,0,0,0,0,1,0,0,0,0,0,0,0,1,0,0,0,0,0,0,0,3,0,85,2,3,7,86,0,0,14,1,6
1058.ps1,1,2769,1,2768.0,2768,0,2,23,23,18,18,3,3,11,331,78,10,0,0,7,0,0,0,0,0,1,78,0,0,0,0,0,0,0,0,0,0,0,0,0,0,0,0,0,0,0,0,0,0,0,0,0,0,0,0,0,0,0,0,0,0,0,0,0,0,0,0,0,0,0,0,0,0,0,0,0,0,0,0,0,0,0,0,0,0,0,0,0,0,0,0,0,0,0,0,0,0,0,76,1,3,6,81,0,1,8,1,5
1034.ps1,1,2786,1,2785.0,2785,0,1,23,23,22,22,3,3,11,332,79,10,0,0,7,0,0,0,0,0,1,75,0,0,0,0,0,0,0,0,0,0,0,0,0,0,0,0,0,0,0,0,0,0,0,0,0,0,0,0,0,0,0,0,0,0,0,0,0,0,0,0,0,0,0,0,0,0,0,0,0,0,0,0,0,0,0,0,0,0,0,0,0,0,0,0,0,0,0,0,0,0,0,77,1,3,6,78,0,1,12,1,5
1009.ps1,1,444,1,443.0,443,1,3,11,11,11,11,0,0,13,5,34,2,0,4,0,0,0,0,1,0,2,36,0,0,0,0,0,0,0,0,0,0,0,0,0,0,0,0,0,0,0,0,0,0,0,0,0,0,0,0,0,0,0,0,0,0,0,0,0,0,0,0,0,0,0,0,0,0,0,0,0,0,0,0,0,0,0,0,0,0,0,0,0,0,0,0,0,0,0,0,0,0,0,34,1,4,5,40,0,2,9,0,4
10.ps1,1,508,1,507.0,507,0,1,9,9,12,12,0,0,9,6,47,7,0,4,0,0,0,0,1,0,1,47,0,0,0,0,0,0,0,0,0,0,0,0,0,0,0,0,0,0,0,0,0,0,0,0,0,0,0,0,0,0,0,0,0,0,0,0,0,0,0,0,0,0,0,0,0,0,0,0,0,0,0,0,0,0,0,0,0,0,0,0,0,0,0,0,0,0,1,0,0,0,0,52,1,0,7,47,0,1,11,5,6
1053.ps1,1,2797,1,2796.0,2796,0,0,20,20,18,18,3,3,7,355,57,12,0,0,7,0,0,0,0,0,0,52,0,0,0,0,0,0,0,0,0,0,0,0,0,0,0,0,0,0,0,0,0,0,0,0,0,0,0,0,0,0,0,0,0,0,0,0,0,0,0,0,0,0,0,0,0,0,0,0,0,0,0,0,0,0,0,0,0,0,0,0,0,1,0,0,0,0,0,0,0,0,0,57,1,0,6,53,0,0,9,3,5
1032.ps1,1,2902,1,2901.0,2901,0,0,21,21,21,21,3,3,10,355,81,10,0,0,7,0,0,0,0,0,0,76,0,0,0,0,0,0,0,0,0,0,0,0,0,0,0,0,0,0,0,0,0,0,0,0,0,0,0,0,0,0,0,0,0,0,0,0,0,0,0,0,0,0,0,0,0,0,0,0,0,0,0,0,0,0,0,0,0,0,0,0,1,0,0,0,0,0,0,0,0,0,0,78,1,3,4,80,0,0,12,0,3
1006.ps1,1,2900,1,2899.0,2899,0,0,22,22,19,19,3,3,11,357,80,10,2,0,7,0,0,0,1,0,0,80,0,0,0,0,0,0,0,0,0,0,0,0,0,0,0,0,0,0,0,0,0,0,0,0,0,0,0,0,0,0,0,0,0,0,0,0,0,0,0,0,0,0,0,0,0,0,0,0,0,0,0,0,0,0,0,0,0,0,0,0,0,0,0,0,0,0,0,0,0,0,0,78,2,3,5,85,0,0,9,1,4
1001.ps1,1,2679,1,2678.0,2678,0,3,22,22,18,18,3,3,11,330,55,9,0,0,7,0,0,0,0,0,2,53,0,0,0,0,0,0,0,0,0,0,0,0,0,0,0,0,0,0,0,0,0,0,0,0,0,0,0,0,0,0,0,0,0,0,0,0,0,0,0,0,0,0,0,0,0,0,0,0,0,0,0,0,0,0,0,0,0,0,0,0,0,0,0,0,0,0,0,0,0,0,0,52,1,3,5,56,0,2,7,0,4
1092.ps1,1,366,1,365.0,365,1,0,7,7,3,3,8,8,7,4,36,5,2,3,1,0,0,0,1,0,0,38,0,0,0,0,0,0,0,0,0,0,0,0,0,0,0,0,0,0,0,0,0,0,0,0,0,0,0,0,0,0,0,0,0,0,0,0,0,0,0,0,0,0,0,0,0,0,0,1,0,0,0,0,0,0,0,0,0,0,0,0,0,0,0,0,0,0,0,0,0,0,0,37,2,0,5,40,0,0,2,2,4
1052.ps1,1,300,1,299.0,299,0,2,5,5,3,3,0,0,8,2,30,3,0,3,0,0,0,0,1,0,2,31,0,0,0,0,0,0,0,0,0,0,0,0,0,0,0,0,0,0,0,0,0,0,0,0,0,0,0,0,0,0,0,0,1,0,0,0,0,0,0,0,0,0,0,0,1,0,0,0,0,0,0,0,0,0,0,0,0,0,0,0,0,0,0,0,0,0,0,0,0,0,0,31,1,0,4,31,0,2,1,1,3
105.ps1,1,3078,1,3077.0,3077,0,2,21,21,20,20,3,3,8,403,64,12,0,0,7,0,0,0,0,0,2,58,0,0,0,0,0,0,0,0,0,0,0,0,0,0,0,0,0,0,0,0,0,0,0,0,0,0,0,0,0,0,0,0,0,0,0,0,0,0,0,0,0,0,0,0,0,0,0,0,0,0,0,0,0,0,0,0,0,0,0,0,0,0,0,0,0,0,0,0,0,0,0,64,1,0,7,58,0,2,9,3,6
1030.ps1,1,2657,1,2656.0,2656,0,3,23,23,21,21,3,3,11,321,56,9,0,0,7,0,0,0,0,0,2,51,0,0,0,0,0,0,0,0,0,0,0,0,0,0,0,0,0,0,0,0,0,0,0,0,0,0,0,0,0,0,0,0,0,0,0,0,0,0,0,0,0,0,0,0,0,0,0,0,0,0,0,0,0,0,0,0,0,0,0,0,0,0,0,0,0,0,0,0,0,0,0,53,1,3,6,54,0,2,10,0,5
1025.ps1,1,2810,1,2809.0,2809,0,3,21,21,18,18,3,3,11,355,57,9,0,0,7,0,0,0,0,0,2,55,0,0,0,0,0,0,0,0,0,0,0,0,0,0,0,0,0,0,0,0,0,0,0,0,0,0,0,0,0,0,0,0,0,0,0,0,0,0,0,0,0,0,0,0,0,0,0,0,0,0,0,0,0,0,0,0,0,0,0,0,0,0,0,0,0,0,0,0,0,0,0,54,1,3,4,58,0,2,7,0,3
1.ps1,1,2794,1,2793.0,2793,0,2,21,21,17,17,3,3,10,355,54,9,0,0,7,0,0,0,1,0,2,54,0,0,0,0,0,0,0,0,0,0,0,0,0,0,0,0,0,0,0,0,0,0,0,0,0,0,0,0,0,0,0,0,0,0,0,0,0,0,0,0,0,0,0,0,0,0,0,0,0,0,0,0,0,0,0,0,0,0,0,0,0,0,0,0,0,0,0,0,0,0,0,51,1,3,4,57,0,2,6,0,3
1078.ps1,1,2594,1,2593.0,2593,0,0,21,21,21,21,3,3,7,312,55,12,0,0,7,0,0,0,0,0,0,47,0,0,0,0,0,0,0,0,0,0,0,0,0,0,0,0,0,0,0,0,0,0,0,0,0,0,0,0,0,0,0,0,0,0,0,0,0,0,0,0,0,0,0,0,0,0,0,0,0,0,0,0,0,0,0,0,0,0,0,0,0,1,0,0,0,0,0,0,0,0,0,55,1,0,7,48,0,0,12,3,6
1088.ps1,1,2787,1,2786.0,2786,0,2,21,21,20,20,3,3,11,348,57,9,0,0,7,0,0,0,0,0,2,54,0,0,0,0,0,0,0,0,0,0,0,0,0,0,0,0,0,0,0,0,0,0,0,0,0,0,0,0,0,0,0,0,0,0,0,0,0,0,0,0,0,0,0,0,0,0,0,0,0,0,0,0,0,0,0,0,0,0,0,0,0,0,0,0,0,0,0,0,0,0,0,54,1,3,4,57,0,2,9,0,3
1093.ps1,1,2618,1,2617.0,2617,0,2,21,21,23,23,3,3,8,312,57,12,0,0,7,0,0,0,0,0,2,48,0,0,0,0,0,0,0,0,0,0,0,0,0,0,0,0,0,0,0,0,0,0,0,0,0,0,0,0,0,0,0,0,0,0,0,0,0,0,0,0,0,0,0,0,0,0,0,0,0,0,0,0,0,0,0,0,0,0,0,0,0,0,0,0,0,0,0,0,0,0,0,57,1,0,7,48,0,2,12,3,6
1095.ps1,1,2699,1,2698.0,2698,0,1,21,21,19,19,3,3,10,330,55,10,0,0,7,0,0,0,0,0,0,51,0,0,0,0,0,0,0,0,0,0,0,0,0,0,0,0,0,0,0,0,0,0,0,0,0,0,0,0,0,0,0,0,0,0,0,0,0,0,0,0,0,0,0,0,0,0,0,0,0,0,0,0,0,0,0,0,0,0,0,0,1,0,0,0,0,0,0,0,0,0,0,52,1,3,4,55,0,0,10,0,3
1107.ps1,1,2816,1,2815.0,2815,0,2,18,18,19,19,2,2,24,6,106,9,0,30,11,0,0,0,0,0,1,76,0,0,0,0,0,0,0,0,0,0,0,0,0,0,0,0,0,0,0,0,0,0,0,0,0,0,0,0,0,0,0,1,2,0,0,0,0,0,0,0,0,0,0,0,0,0,0,0,0,0,0,0,0,1,0,0,0,0,0,0,0,1,0,0,0,0,0,0,0,3,0,80,1,3,8,79,0,1,14,1,7
1101.ps1,1,2693,1,2692.0,2692,0,2,19,19,17,17,3,3,7,321,77,12,0,0,7,0,0,0,1,0,2,74,0,0,0,0,0,0,0,0,0,0,0,0,0,0,0,0,0,0,0,0,0,0,0,0,0,0,0,0,0,0,0,0,0,0,0,0,0,0,0,0,0,0,0,0,0,0,0,0,0,0,0,0,0,0,0,0,0,0,0,0,0,0,0,0,0,0,0,0,0,0,0,77,1,0,5,74,0,2,6,3,4
1099.ps1,1,2628,1,2627.0,2627,0,3,21,21,15,15,3,3,11,312,74,9,0,0,7,0,0,0,0,0,2,75,0,0,0,0,0,0,0,0,0,0,0,0,0,0,0,0,0,0,0,0,0,0,0,0,0,0,0,0,0,0,0,0,0,0,0,0,0,0,0,0,0,0,0,0,0,0,0,0,0,0,0,0,0,0,0,0,0,0,0,0,0,0,0,0,0,0,0,0,0,0,0,71,1,3,4,78,0,2,4,0,3
1063.ps1,1,2651,1,2650.0,2650,0,0,20,20,13,13,3,3,9,332,51,13,2,0,7,0,0,0,0,0,0,54,0,0,0,0,0,0,0,0,0,0,0,0,0,0,0,0,0,0,0,0,0,0,0,0,0,0,0,0,0,0,0,0,0,0,0,0,0,0,0,0,0,0,0,0,0,0,0,0,0,0,0,0,0,0,0,0,0,0,0,0,0,0,0,0,0,0,0,0,0,0,0,52,2,0,6,56,0,0,3,4,5
1081.ps1,1,2689,1,2688.0,2688,0,2,23,23,23,23,3,3,10,312,78,9,0,0,7,0,0,0,1,0,2,72,0,0,0,0,0,0,0,0,0,0,0,0,0,0,0,0,0,0,0,0,0,0,0,0,0,0,0,0,0,0,0,0,0,0,0,0,0,0,0,0,0,0,0,0,0,0,0,0,0,0,0,0,0,0,0,0,0,0,0,0,0,0,0,0,0,0,0,0,0,0,0,75,1,3,6,75,0,2,12,0,5
1108.ps1,1,2819,1,2818.0,2818,0,1,24,24,23,23,3,3,10,331,80,10,0,0,7,0,0,0,1,0,1,76,0,0,0,0,0,0,0,0,0,0,0,0,0,0,0,0,0,0,0,0,0,0,0,0,0,0,0,0,0,0,0,0,0,0,0,0,0,0,0,0,0,0,0,0,0,0,0,0,0,0,0,0,0,0,0,0,0,0,0,0,0,0,0,0,0,0,0,0,0,0,0,78,1,3,7,79,0,1,13,1,6
1098.ps1,1,2575,1,2574.0,2574,0,2,22,22,14,14,3,3,11,313,50,10,0,0,7,0,0,0,1,0,1,53,0,0,0,0,0,0,0,0,0,0,0,0,0,0,0,0,0,0,0,0,0,0,0,0,0,0,0,0,0,0,0,0,0,0,0,0,0,0,0,0,0,0,0,0,0,0,0,0,0,0,0,0,0,0,0,0,0,0,0,0,0,0,0,0,0,0,0,0,0,0,0,48,1,4,4,57,0,1,4,1,3
1096.ps1,1,2635,1,2634.0,2634,0,0,19,19,18,18,3,3,7,312,76,12,0,0,7,0,0,0,0,0,0,71,0,0,0,0,0,0,0,0,0,0,0,0,0,0,0,0,0,0,0,0,0,0,0,0,0,0,0,0,0,0,0,0,0,0,0,0,0,0,0,0,0,0,0,0,0,0,0,0,0,0,0,0,0,0,0,0,0,0,0,0,0,1,0,0,0,0,0,0,0,0,0,76,1,0,5,72,0,0,9,3,4
1102.ps1,1,3259,1,3258.0,3258,0,1,7,7,5,5,1,1,2,681,62,3,0,0,0,0,1,0,0,0,0,64,0,0,0,0,0,0,0,0,0,0,0,0,0,0,0,0,0,0,0,0,0,0,0,0,0,0,0,0,0,0,0,0,0,0,0,0,0,0,0,0,0,0,0,0,0,0,0,0,0,0,0,0,0,0,0,0,0,0,0,0,1,1,0,0,0,0,0,0,0,0,0,62,1,2,3,67,0,0,3,0,2
1084.ps1,1,2609,1,2608.0,2608,0,1,19,19,16,16,3,3,7,305,73,13,0,0,7,0,0,0,1,0,1,72,0,0,0,0,0,0,0,0,0,0,0,0,0,0,0,0,0,0,0,0,0,0,0,0,0,0,0,0,0,0,0,0,0,0,0,0,0,0,0,0,0,0,0,0,0,0,0,0,0,0,0,0,0,0,0,0,0,0,0,0,0,0,0,0,0,0,0,0,0,0,0,74,1,0,5,72,0,1,6,4,4
1118.ps1,1,475,1,474.0,474,0,0,8,8,13,13,0,0,8,5,38,7,0,3,0,0,0,0,0,0,0,34,0,0,0,0,0,0,0,0,0,0,0,0,0,0,0,0,0,0,0,0,0,0,0,0,0,0,0,0,0,0,0,0,0,0,0,0,0,0,0,0,0,0,0,0,0,0,0,0,0,0,0,0,0,0,0,0,0,0,0,0,1,0,0,0,0,0,0,0,0,1,0,42,1,0,6,35,0,0,13,4,5
1119.ps1,1,2617,1,2616.0,2616,0,2,23,23,23,23,3,3,10,312,55,9,0,0,7,0,0,0,1,0,2,49,0,0,0,0,0,0,0,0,0,0,0,0,0,0,0,0,0,0,0,0,0,0,0,0,0,0,0,0,0,0,0,0,0,0,0,0,0,0,0,0,0,0,0,0,0,0,0,0,0,0,0,0,0,0,0,0,0,0,0,0,0,0,0,0,0,0,0,0,0,0,0,52,1,3,6,52,0,2,12,0,5
1110.ps1,1,1152,1,1151.0,1151,1,2,17,18,28,28,1,1,26,5,147,5,0,5,7,0,2,0,1,0,2,137,0,0,0,0,0,0,0,0,0,0,0,0,0,0,0,0,0,0,0,0,0,0,0,0,0,0,0,0,0,0,0,0,0,0,0,0,0,0,0,0,0,0,0,0,0,0,0,0,0,0,0,0,0,0,0,0,0,0,0,0,0,1,0,0,0,0,0,0,0,0,0,144,1,4,8,141,0,2,18,0,7
1117.ps1,1,2669,1,2668.0,2668,0,0,20,20,16,16,3,3,9,314,74,13,2,0,7,0,0,0,0,0,0,74,0,0,0,0,0,0,0,0,0,0,0,0,0,0,0,0,0,0,0,0,0,0,0,0,0,0,0,0,0,0,0,0,0,0,0,0,0,0,0,0,0,0,0,0,0,0,0,0,0,0,0,0,0,0,0,0,0,0,0,0,0,0,0,0,0,0,0,0,0,0,0,75,2,0,6,76,0,0,6,4,5
110.ps1,1,2676,1,2675.0,2675,0,0,22,22,19,19,3,3,9,314,76,13,2,0,7,0,0,0,0,0,0,73,0,0,0,0,0,0,0,0,0,0,0,0,0,0,0,0,0,0,0,0,0,0,0,0,0,0,0,0,0,0,0,0,0,0,0,0,0,0,0,0,0,0,0,0,0,0,0,0,0,0,0,0,0,0,0,0,0,0,0,0,0,0,0,0,0,0,0,0,0,0,0,77,2,0,8,75,0,0,9,4,7
1126.ps1,1,435,1,434.0,434,1,2,7,7,9,9,0,0,6,5,42,6,0,4,0,0,0,0,1,0,2,43,0,0,0,0,0,0,0,0,0,0,0,0,0,0,0,0,0,0,0,0,0,0,0,0,0,0,0,0,0,0,0,0,0,0,0,0,0,0,0,0,0,0,0,0,0,0,0,0,0,0,0,0,0,0,0,0,0,0,0,0,0,0,0,0,0,0,1,0,0,0,0,46,1,0,5,43,0,2,7,4,4
1131.ps1,1,254,1,253.0,253,0,0,7,7,2,2,6,6,9,3,23,4,2,3,0,0,0,0,0,0,0,26,0,0,0,0,0,0,0,0,0,0,0,0,0,0,0,0,0,0,0,0,0,0,0,0,0,0,0,0,0,0,0,0,0,0,0,0,0,0,0,0,0,0,0,0,0,0,0,1,0,0,0,0,0,0,0,0,0,0,0,0,0,0,0,0,0,0,0,0,0,0,0,25,2,0,6,28,0,0,1,1,5
1120.ps1,1,2636,1,2635.0,2635,0,0,19,19,18,18,3,3,7,312,75,12,0,0,7,0,0,0,0,0,0,70,0,0,0,0,0,0,0,0,0,0,0,0,0,0,0,0,0,0,0,0,0,0,0,0,0,0,0,0,0,0,0,0,0,0,0,0,0,0,0,0,0,0,0,0,0,0,0,0,0,0,0,0,0,0,0,0,0,0,0,0,0,1,0,0,0,0,0,0,0,0,0,75,1,0,5,71,0,0,9,3,4
1123.ps1,1,2668,1,2667.0,2667,0,2,21,21,20,20,3,3,8,312,78,12,0,0,7,0,0,0,0,0,2,72,0,0,0,0,0,0,0,0,0,0,0,0,0,0,0,0,0,0,0,0,0,0,0,0,0,0,0,0,0,0,0,0,0,0,0,0,0,0,0,0,0,0,0,0,0,0,0,0,0,0,0,0,0,0,0,0,0,0,0,0,0,0,0,0,0,0,0,0,0,0,0,78,1,0,7,72,0,2,9,3,6
1137.ps1,1,2751,1,2750.0,2750,0,3,21,21,18,18,3,3,10,330,79,9,0,0,7,0,0,0,1,0,2,77,0,0,0,0,0,0,0,0,0,0,0,0,0,0,0,0,0,0,0,0,0,0,0,0,0,0,0,0,0,0,0,0,0,0,0,0,0,0,0,0,0,0,0,0,0,0,0,0,0,0,0,0,0,0,0,0,0,0,0,0,0,0,0,0,0,0,0,0,0,0,0,76,1,3,4,80,0,2,7,0,3
1127.ps1,1,2737,1,2736.0,2736,0,1,20,20,18,18,3,3,8,313,77,13,0,0,8,0,0,0,1,0,1,76,0,0,0,0,0,0,0,0,0,0,0,0,0,0,0,0,0,0,0,0,0,0,0,0,0,0,0,0,0,0,0,0,0,0,0,0,0,0,0,0,0,0,0,0,0,0,0,0,0,0,0,0,0,0,0,0,0,0,0,0,0,0,0,0,0,0,0,0,0,0,0,78,1,1,5,77,0,1,6,4,4
113.ps1,1,2677,1,2676.0,2676,0,1,24,24,20,20,3,3,11,314,76,10,2,0,7,0,0,0,1,0,0,74,0,0,0,0,0,0,0,0,0,0,0,0,0,0,0,0,0,0,0,0,0,0,0,0,0,0,0,0,0,0,0,0,0,0,0,0,0,0,0,0,0,0,0,0,0,0,0,0,0,0,0,0,0,0,0,0,0,0,0,0,0,0,0,0,0,0,0,0,0,0,0,74,2,3,7,79,0,0,10,1,6
1142.ps1,1,425,1,424.0,424,1,1,10,10,11,11,1,1,8,3,32,5,0,3,1,0,0,0,0,0,1,30,0,0,0,0,0,0,0,0,0,0,0,0,0,0,0,0,0,0,0,0,0,0,0,0,0,0,0,0,0,0,0,0,0,0,0,0,0,0,0,0,0,0,0,0,0,0,0,0,0,0,0,0,0,0,0,0,0,0,0,0,0,1,0,0,0,0,0,0,0,0,0,35,1,0,8,30,0,1,9,3,7
1132.ps1,1,3033,1,3032.0,3032,0,0,22,22,19,19,3,3,11,395,59,11,2,0,7,0,0,0,1,0,0,59,0,0,0,0,0,0,0,0,0,0,0,0,0,0,0,0,0,0,0,0,0,0,0,0,0,0,0,0,0,0,0,0,0,0,0,0,0,0,0,0,0,0,0,0,0,0,0,0,0,0,0,0,0,0,0,0,0,0,0,0,0,0,0,0,0,0,0,0,0,0,0,57,2,3,5,64,0,0,9,1,4
1128.ps1,1,2671,1,2670.0,2670,0,1,20,20,16,16,3,3,7,332,53,13,0,0,7,0,0,0,1,0,1,52,0,0,0,0,0,0,0,0,0,0,0,0,0,0,0,0,0,0,0,0,0,0,0,0,0,0,0,0,0,0,0,0,0,0,0,0,0,0,0,0,0,0,0,0,0,0,0,0,0,0,0,0,0,0,0,0,0,0,0,0,0,0,0,0,0,0,0,0,0,0,0,54,1,0,6,52,0,1,6,4,5
1149.ps1,1,2637,1,2636.0,2636,0,0,21,21,16,16,3,3,8,311,73,13,2,0,7,0,0,0,1,0,0,73,0,0,0,0,0,0,0,0,0,0,0,0,0,0,0,0,0,0,0,0,0,0,0,0,0,0,0,0,0,0,0,0,0,0,0,0,0,0,0,0,0,0,0,0,0,0,0,0,0,0,0,0,0,0,0,0,0,0,0,0,0,0,0,0,0,0,0,0,0,0,0,74,2,0,7,75,0,0,6,4,6
1145.ps1,1,2597,1,2596.0,2596,0,2,22,22,20,20,3,3,10,312,53,9,0,0,7,0,0,0,1,0,2,50,0,0,0,0,0,0,0,0,0,0,0,0,0,0,0,0,0,0,0,0,0,0,0,0,0,0,0,0,0,0,0,0,0,0,0,0,0,0,0,0,0,0,0,0,0,0,0,0,0,0,0,0,0,0,0,0,0,0,0,0,0,0,0,0,0,0,0,0,0,0,0,50,1,3,5,53,0,2,9,0,4
1139.ps1,1,2680,1,2679.0,2679,0,1,21,21,20,20,3,3,8,313,77,13,0,0,7,0,0,0,0,0,1,73,0,0,0,0,0,0,0,0,0,0,0,0,0,0,0,0,0,0,0,0,0,0,0,0,0,0,0,0,0,0,0,0,0,0,0,0,0,0,0,0,0,0,0,0,0,0,0,0,0,0,0,0,0,0,0,0,0,0,0,0,0,0,0,0,0,0,0,0,0,0,0,78,1,0,7,73,0,1,10,4,6
1138.ps1,1,2570,1,2569.0,2569,0,1,20,20,16,16,3,3,8,314,51,13,0,0,7,0,0,0,0,0,1,50,0,0,0,0,0,0,0,0,0,0,0,0,0,0,0,0,0,0,0,0,0,0,0,0,0,0,0,0,0,0,0,0,0,0,0,0,0,0,0,0,0,0,0,0,0,0,0,0,0,0,0,0,0,0,0,0,0,0,0,0,0,0,0,0,0,0,0,0,0,0,0,52,1,0,6,50,0,1,6,4,5
1146.ps1,1,441,1,440.0,440,1,0,10,10,11,11,0,0,9,7,29,7,2,3,0,0,0,0,1,0,0,30,0,0,0,0,0,0,0,0,0,0,0,0,0,0,0,0,0,0,0,0,0,0,0,0,0,0,0,0,0,0,0,0,0,0,0,0,0,0,0,0,0,0,0,0,0,0,0,0,0,0,0,0,0,0,0,0,0,0,0,0,0,0,0,0,0,0,1,0,0,0,0,34,2,0,8,32,0,0,10,5,7
1129.ps1,1,463,1,462.0,462,0,1,8,8,11,11,0,0,9,7,42,7,0,3,0,0,0,0,0,0,1,42,0,0,0,0,0,0,0,0,0,0,0,0,0,0,0,0,0,0,0,0,0,0,0,0,0,0,0,0,0,0,0,0,0,0,0,0,0,0,0,0,0,0,0,0,0,0,0,0,0,0,0,0,0,0,0,0,0,0,0,0,0,0,0,0,0,0,0,0,0,0,0,47,1,0,6,42,0,1,10,5,5
1150.ps1,1,441,1,440.0,440,1,0,5,5,5,5,0,0,9,1,44,8,0,9,0,0,0,0,0,0,0,43,0,0,0,0,0,0,0,0,0,0,0,0,0,0,0,0,0,0,0,0,0,0,0,0,0,0,0,0,0,0,0,0,0,0,0,0,0,0,0,0,0,0,0,0,0,0,0,1,0,0,0,0,0,0,0,0,0,0,0,0,0,1,0,0,0,0,0,0,0,0,0,44,1,1,3,45,0,0,5,0,2
1162.ps1,1,2763,1,2762.0,2762,0,0,20,20,16,16,3,3,9,332,77,14,2,0,7,0,0,0,0,0,0,77,0,0,0,0,0,0,0,0,0,0,0,0,0,0,0,0,0,0,0,0,0,0,0,0,0,0,0,0,0,0,0,0,0,0,0,0,0,0,0,0,0,0,0,0,0,0,0,0,0,0,0,0,0,0,0,0,0,0,0,0,0,0,0,0,0,0,0,0,0,0,0,78,2,0,6,79,0,0,6,4,5
1159.ps1,1,2883,1,2882.0,2882,0,3,21,21,18,18,3,3,10,355,82,9,0,0,7,0,0,0,1,0,2,80,0,0,0,0,0,0,0,0,0,0,0,0,0,0,0,0,0,0,0,0,0,0,0,0,0,0,0,0,0,0,0,0,0,0,0,0,0,0,0,0,0,0,0,0,0,0,0,0,0,0,0,0,0,0,0,0,0,0,0,0,0,0,0,0,0,0,0,0,0,0,0,79,1,3,4,83,0,2,7,0,3
116.ps1,1,2819,1,2818.0,2818,0,2,20,20,20,20,3,3,8,355,58,12,0,0,7,0,0,0,0,0,2,52,0,0,0,0,0,0,0,0,0,0,0,0,0,0,0,0,0,0,0,0,0,0,0,0,0,0,0,0,0,0,0,0,0,0,0,0,0,0,0,0,0,0,0,0,0,0,0,0,0,0,0,0,0,0,0,0,0,0,0,0,0,0,0,0,0,0,0,0,0,0,0,58,1,0,6,52,0,2,9,3,5
1135.ps1,1,2713,1,2712.0,2712,0,0,22,22,21,21,3,3,10,330,55,10,0,0,7,0,0,0,0,0,0,50,0,0,0,0,0,0,0,0,0,0,0,0,0,0,0,0,0,0,0,0,0,0,0,0,0,0,0,0,0,0,0,0,0,0,0,0,0,0,0,0,0,0,0,0,0,0,0,0,0,0,0,0,0,0,0,0,0,0,0,0,1,0,0,0,0,0,0,0,0,0,0,52,1,3,5,54,0,0,12,0,4
1156.ps1,1,2716,1,2715.0,2715,0,2,21,21,23,23,3,3,7,330,59,12,0,0,7,0,0,0,1,0,2,50,0,0,0,0,0,0,0,0,0,0,0,0,0,0,0,0,0,0,0,0,0,0,0,0,0,0,0,0,0,0,0,0,0,0,0,0,0,0,0,0,0,0,0,0,0,0,0,0,0,0,0,0,0,0,0,0,0,0,0,0,0,0,0,0,0,0,0,0,0,0,0,59,1,0,7,50,0,2,12,3,6
1163.ps1,1,3232,1,3231.0,3231,0,0,18,18,12,12,3,3,7,443,62,13,0,0,7,0,0,0,0,0,0,63,0,0,0,0,0,0,0,0,0,0,0,0,0,0,0,0,0,0,0,0,0,0,0,0,0,0,0,0,0,0,0,0,0,0,0,0,0,0,0,0,0,0,0,0,0,0,0,0,0,0,0,0,0,0,0,0,0,0,0,0,1,0,0,0,0,0,0,0,0,0,0,62,1,0,4,64,0,0,3,3,3
1158.ps1,1,2803,1,2802.0,2802,0,1,23,23,23,23,3,3,11,331,80,10,0,0,7,0,0,0,0,0,1,76,0,0,0,0,0,0,0,0,0,0,0,0,0,0,0,0,0,0,0,0,0,0,0,0,0,0,0,0,0,0,0,0,0,0,0,0,0,0,0,0,0,0,0,0,0,0,0,0,0,0,0,0,0,0,0,0,0,0,0,0,0,0,0,0,0,0,0,0,0,0,0,78,1,3,6,79,0,1,13,1,5
1160.ps1,1,2403,1,2402.0,2402,0,1,11,11,5,5,4,4,8,4,92,5,0,29,1,0,0,0,1,0,1,67,0,0,0,0,0,0,0,0,0,0,0,0,0,0,0,0,0,0,0,0,0,0,0,0,0,0,0,0,0,0,0,0,2,0,0,0,0,0,0,0,0,0,0,0,0,0,0,1,0,0,0,0,0,1,0,0,0,0,0,0,0,1,0,0,0,0,0,0,0,3,0,67,1,1,5,68,0,1,2,2,4
1176.ps1,1,3070,1,3069.0,3069,0,2,19,19,17,17,3,3,7,405,62,12,0,0,7,0,0,0,1,0,2,59,0,0,0,0,0,0,0,0,0,0,0,0,0,0,0,0,0,0,0,0,0,0,0,0,0,0,0,0,0,0,0,0,0,0,0,0,0,0,0,0,0,0,0,0,0,0,0,0,0,0,0,0,0,0,0,0,0,0,0,0,0,0,0,0,0,0,0,0,0,0,0,62,1,0,5,59,0,2,6,3,4
1167.ps1,1,2637,1,2636.0,2636,0,0,20,20,18,18,3,3,7,312,76,12,0,0,7,0,0,0,0,0,0,71,0,0,0,0,0,0,0,0,0,0,0,0,0,0,0,0,0,0,0,0,0,0,0,0,0,0,0,0,0,0,0,0,0,0,0,0,0,0,0,0,0,0,0,0,0,0,0,0,0,0,0,0,0,0,0,0,0,0,0,0,0,1,0,0,0,0,0,0,0,0,0,76,1,0,6,72,0,0,9,3,5
1188.ps1,1,2877,1,2876.0,2876,0,1,20,20,16,16,3,3,8,357,80,13,0,0,7,0,0,0,0,0,1,79,0,0,0,0,0,0,0,0,0,0,0,0,0,0,0,0,0,0,0,0,0,0,0,0,0,0,0,0,0,0,0,0,0,0,0,0,0,0,0,0,0,0,0,0,0,0,0,0,0,0,0,0,0,0,0,0,0,0,0,0,0,0,0,0,0,0,0,0,0,0,0,81,1,0,6,79,0,1,6,4,5
1170.ps1,1,2685,1,2684.0,2684,0,2,23,23,23,23,3,3,10,312,76,9,0,0,7,0,0,0,1,0,2,70,0,0,0,0,0,0,0,0,0,0,0,0,0,0,0,0,0,0,0,0,0,0,0,0,0,0,0,0,0,0,0,0,0,0,0,0,0,0,0,0,0,0,0,0,0,0,0,0,0,0,0,0,0,0,0,0,0,0,0,0,0,0,0,0,0,0,0,0,0,0,0,73,1,3,6,73,0,2,12,0,5
1171.ps1,1,2740,1,2739.0,2739,0,2,21,21,17,17,3,3,10,330,77,9,0,0,7,0,0,0,1,0,2,77,0,0,0,0,0,0,0,0,0,0,0,0,0,0,0,0,0,0,0,0,0,0,0,0,0,0,0,0,0,0,0,0,0,0,0,0,0,0,0,0,0,0,0,0,0,0,0,0,0,0,0,0,0,0,0,0,0,0,0,0,0,0,0,0,0,0,0,0,0,0,0,74,1,3,4,80,0,2,6,0,3
118.ps1,1,2638,1,2637.0,2637,0,0,20,20,18,18,3,3,7,312,76,12,0,0,7,0,0,0,0,0,0,71,0,0,0,0,0,0,0,0,0,0,0,0,0,0,0,0,0,0,0,0,0,0,0,0,0,0,0,0,0,0,0,0,0,0,0,0,0,0,0,0,0,0,0,0,0,0,0,0,0,0,0,0,0,0,0,0,0,0,0,0,0,1,0,0,0,0,0,0,0,0,0,76,1,0,6,72,0,0,9,3,5
1164.ps1,1,2575,1,2574.0,2574,0,0,21,21,18,18,3,3,10,312,51,9,0,0,7,0,0,0,0,0,0,49,0,0,0,0,0,0,0,0,0,0,0,0,0,0,0,0,0,0,0,0,0,0,0,0,0,0,0,0,0,0,0,0,0,0,0,0,0,0,0,0,0,0,0,0,0,0,0,0,0,0,0,0,0,0,0,0,0,0,0,0,0,1,0,0,0,0,0,0,0,0,0,48,1,3,4,53,0,0,9,0,3
1169.ps1,1,2617,1,2616.0,2616,0,2,18,18,14,14,3,3,8,312,74,12,0,0,7,0,0,0,0,0,2,74,0,0,0,0,0,0,0,0,0,0,0,0,0,0,0,0,0,0,0,0,0,0,0,0,0,0,0,0,0,0,0,0,0,0,0,0,0,0,0,0,0,0,0,0,0,0,0,0,0,0,0,0,0,0,0,0,0,0,0,0,0,0,0,0,0,0,0,0,0,0,0,74,1,0,4,74,0,2,3,3,3
1189.ps1,1,2733,1,2732.0,2732,0,0,23,23,22,22,3,3,9,332,57,14,2,0,7,0,0,0,0,0,0,51,0,0,0,0,0,0,0,0,0,0,0,0,0,0,0,0,0,0,0,0,0,0,0,0,0,0,0,0,0,0,0,0,0,0,0,0,0,0,0,0,0,0,0,0,0,0,0,0,0,0,0,0,0,0,0,0,0,0,0,0,0,0,0,0,0,0,0,0,0,0,0,58,2,0,9,53,0,0,12,4,8
1199.ps1,1,1238,1,1237.0,1237,0,1,19,19,27,28,3,2,31,9,127,6,3,5,9,0,2,0,1,1,0,125,0,0,0,0,0,0,0,0,0,0,0,0,0,0,0,0,0,0,0,0,0,0,0,0,0,0,0,0,0,0,0,0,0,0,0,0,0,0,0,0,0,0,0,0,0,0,0,0,0,0,0,0,0,0,0,0,0,0,0,0,0,0,0,0,0,0,0,0,0,0,0,126,2,6,8,133,0,0,18,1,7
12.ps1,1,2711,1,2710.0,2710,0,1,23,23,22,22,3,3,8,313,79,13,0,0,7,0,0,0,1,0,1,72,0,0,0,0,0,0,0,0,0,0,0,0,0,0,0,0,0,0,0,0,0,0,0,0,0,0,0,0,0,0,0,0,0,0,0,0,0,0,0,0,0,0,0,0,0,0,0,0,0,0,0,0,0,0,0,0,0,0,0,0,0,0,0,0,0,0,0,0,0,0,0,80,1,1,8,73,0,1,12,4,7
1194.ps1,1,3937,1,3936.0,3936,0,1,19,19,13,13,3,3,9,567,76,13,0,0,7,0,0,0,0,0,1,78,0,0,0,0,0,0,0,0,0,0,0,0,0,0,0,0,0,0,0,0,0,0,0,0,0,0,0,0,0,0,0,0,0,0,0,0,0,0,0,0,0,0,0,0,0,0,0,0,0,0,0,0,0,0,0,0,0,0,0,0,0,0,0,0,0,0,0,0,0,0,0,77,1,1,4,79,0,1,3,4,3
1200.ps1,1,446,1,445.0,445,0,1,10,10,10,10,0,0,12,5,48,2,0,4,0,0,0,0,0,0,0,49,0,0,0,0,0,0,0,0,0,0,0,0,0,0,0,0,0,0,0,0,0,0,0,0,0,0,0,0,0,0,0,0,0,0,0,0,0,0,0,0,0,0,0,0,0,0,0,0,0,0,0,0,0,0,0,0,0,0,0,0,0,1,0,0,0,0,0,0,0,0,0,48,1,4,4,54,0,0,10,0,3
119.ps1,1,327,1,326.0,326,0,1,7,7,2,2,6,6,10,2,36,4,0,6,0,0,0,0,0,0,1,38,0,0,0,0,0,0,0,0,0,0,0,0,0,0,0,0,0,0,0,0,0,0,0,0,0,0,0,0,0,0,0,0,0,0,0,0,0,0,0,0,0,0,0,0,0,0,0,1,0,0,0,0,0,0,0,0,0,0,0,0,0,0,0,0,0,0,0,0,1,1,0,38,1,1,5,39,0,1,1,1,4
121.ps1,1,2684,1,2683.0,2683,0,0,23,23,24,24,3,3,10,312,78,9,0,0,7,0,0,0,0,0,0,70,0,0,0,0,0,0,0,0,0,0,0,0,0,0,0,0,0,0,0,0,0,0,0,0,0,0,0,0,0,0,0,0,0,0,0,0,0,0,0,0,0,0,0,0,0,0,0,0,0,0,0,0,0,0,0,0,0,0,0,0,0,1,0,0,0,0,0,0,0,0,0,75,1,3,6,74,0,0,15,0,5
1192.ps1,1,2637,1,2636.0,2636,0,2,24,24,20,20,3,3,11,313,54,10,0,0,7,0,0,0,1,0,1,51,0,0,0,0,0,0,0,0,0,0,0,0,0,0,0,0,0,0,0,0,0,0,0,0,0,0,0,0,0,0,0,0,0,0,0,0,0,0,0,0,0,0,0,0,0,0,0,0,0,0,0,0,0,0,0,0,0,0,0,0,0,0,0,0,0,0,0,0,0,0,0,52,1,4,6,55,0,1,10,1,5
1209.ps1,1,3083,1,3082.0,3082,0,2,27,27,23,23,5,5,16,315,88,17,0,0,12,0,0,0,3,0,1,86,0,0,0,0,0,0,0,0,0,0,0,0,0,0,0,0,0,0,0,0,0,0,0,0,0,0,0,0,0,0,0,0,0,0,0,0,0,0,0,0,0,0,0,0,0,0,0,0,0,0,0,0,0,0,0,0,0,0,0,0,0,2,0,0,0,0,0,0,0,0,0,85,1,4,6,90,0,1,10,1,5
1216.ps1,1,2884,1,2883.0,2883,0,2,12,12,7,7,6,6,9,4,164,5,0,120,2,0,0,0,0,0,2,80,0,0,0,0,0,0,0,0,0,0,0,0,0,0,0,0,0,0,0,0,0,0,0,0,0,0,0,0,0,0,0,0,0,0,0,0,0,0,0,0,0,0,0,0,0,0,0,1,1,0,0,0,0,1,0,0,0,0,0,0,0,0,0,0,0,0,0,0,0,3,0,81,1,0,4,80,0,2,2,1,3
1215.ps1,1,1348,1,1347.0,1347,1,2,15,15,23,23,2,2,28,5,175,4,0,5,9,0,2,0,1,0,2,172,0,0,0,0,0,0,0,0,0,0,0,0,0,0,0,0,0,0,0,0,0,0,0,0,0,0,0,0,0,0,0,0,0,0,0,0,0,0,0,0,0,0,0,0,0,0,0,0,0,0,0,0,0,0,0,0,0,0,0,0,0,0,0,0,0,0,0,0,0,0,0,173,1,4,6,176,0,2,12,0,5
1219.ps1,1,2777,1,2776.0,2776,0,1,20,20,16,16,3,3,10,355,55,9,0,0,7,0,0,0,0,0,0,54,0,0,0,0,0,0,0,0,0,0,0,0,0,0,0,0,0,0,0,0,0,0,0,0,0,0,0,0,0,0,0,0,0,0,0,0,0,0,0,0,0,0,0,0,0,0,0,0,0,0,0,0,0,0,0,0,0,0,0,0,0,1,0,0,0,0,0,0,0,0,0,52,1,3,3,58,0,0,7,0,2
1217.ps1,1,2744,1,2743.0,2743,0,1,24,24,26,26,3,3,10,313,79,10,0,0,7,0,0,0,1,0,1,72,0,0,0,0,0,0,0,0,0,0,0,0,0,0,0,0,0,0,0,0,0,0,0,0,0,0,0,0,0,0,0,0,0,0,0,0,0,0,0,0,0,0,0,0,0,0,0,0,0,0,0,0,0,0,0,0,0,0,0,0,0,0,0,0,0,0,0,0,0,0,0,77,1,3,7,75,0,1,16,1,6
1212.ps1,1,3713,1,3712.0,3712,0,3,23,23,21,21,3,3,11,502,106,9,0,0,7,0,0,0,0,0,2,101,0,0,0,0,0,0,0,0,0,0,0,0,0,0,0,0,0,0,0,0,0,0,0,0,0,0,0,0,0,0,0,0,0,0,0,0,0,0,0,0,0,0,0,0,0,0,0,0,0,0,0,0,0,0,0,0,0,0,0,0,0,0,0,0,0,0,0,0,0,0,0,103,1,3,6,104,0,2,10,0,5
1229.ps1,1,2592,1,2591.0,2591,0,2,21,21,20,20,3,3,11,312,53,9,0,0,7,0,0,0,0,0,2,50,0,0,0,0,0,0,0,0,0,0,0,0,0,0,0,0,0,0,0,0,0,0,0,0,0,0,0,0,0,0,0,0,0,0,0,0,0,0,0,0,0,0,0,0,0,0,0,0,0,0,0,0,0,0,0,0,0,0,0,0,0,0,0,0,0,0,0,0,0,0,0,50,1,3,4,53,0,2,9,0,3
1223.ps1,1,295,1,294.0,294,1,2,7,7,3,3,0,0,8,2,29,3,0,5,0,0,0,0,0,0,2,30,0,0,0,0,0,0,0,0,0,0,0,0,0,0,0,0,0,0,0,0,0,0,0,0,0,0,0,0,0,0,0,0,0,0,0,0,0,0,0,0,0,0,0,0,0,0,0,0,0,0,0,0,0,0,0,0,0,0,0,0,0,0,0,0,0,0,0,0,0,0,0,30,1,0,5,30,0,2,1,1,4
1206.ps1,1,536,1,535.0,535,0,2,9,9,14,14,0,0,12,2,65,1,0,3,3,0,0,0,1,0,2,61,0,0,0,0,0,0,0,0,0,0,0,0,0,0,0,0,0,0,0,0,0,0,0,0,0,0,0,0,0,0,0,0,0,0,0,0,0,0,0,0,0,0,0,0,0,0,0,0,0,0,0,0,0,0,0,0,0,0,0,0,0,1,0,0,0,0,0,0,0,0,0,65,1,2,6,63,0,2,10,0,5
1220.ps1,1,2700,1,2699.0,2699,0,2,20,20,20,20,3,3,8,330,57,12,0,0,7,0,0,0,0,0,2,51,0,0,0,0,0,0,0,0,0,0,0,0,0,0,0,0,0,0,0,0,0,0,0,0,0,0,0,0,0,0,0,0,0,0,0,0,0,0,0,0,0,0,0,0,0,0,0,0,0,0,0,0,0,0,0,0,0,0,0,0,0,0,0,0,0,0,0,0,0,0,0,57,1,0,6,51,0,2,9,3,5
1224.ps1,1,1078,1,1077.0,1077,0,3,13,13,19,19,2,2,28,6,102,4,0,6,8,0,2,0,1,0,2,102,0,0,0,0,0,0,0,0,0,0,0,0,0,0,0,0,0,0,0,0,0,0,0,0,0,0,0,0,0,0,0,0,0,0,0,0,0,0,0,0,0,0,0,0,0,0,0,0,0,0,0,0,0,0,0,0,0,0,0,0,0,1,0,0,0,0,0,0,0,0,0,100,1,4,4,106,0,2,9,0,3
1238.ps1,1,2582,1,2581.0,2581,0,2,21,21,17,17,3,3,10,314,51,10,0,0,7,0,0,0,1,0,1,51,0,0,0,0,0,0,0,0,0,0,0,0,0,0,0,0,0,0,0,0,0,0,0,0,0,0,0,0,0,0,0,0,0,0,0,0,0,0,0,0,0,0,0,0,0,0,0,0,0,0,0,0,0,0,0,0,0,0,0,0,0,0,0,0,0,0,0,0,0,0,0,49,1,3,4,54,0,1,7,1,3
1222.ps1,1,2713,1,2712.0,2712,0,1,21,21,19,19,3,3,10,323,75,10,0,0,7,0,0,0,1,0,1,74,0,0,0,0,0,0,0,0,0,0,0,0,0,0,0,0,0,0,0,0,0,0,0,0,0,0,0,0,0,0,0,0,0,0,0,0,0,0,0,0,0,0,0,0,0,0,0,0,0,0,0,0,0,0,0,0,0,0,0,0,0,0,0,0,0,0,0,0,0,0,0,73,1,3,4,77,0,1,9,1,3
1226.ps1,1,2844,1,2843.0,2843,0,1,23,23,22,22,3,3,10,355,59,10,0,0,7,0,0,0,0,0,0,52,0,0,0,0,0,0,0,0,0,0,0,0,0,0,0,0,0,0,0,0,0,0,0,0,0,0,0,0,0,0,0,0,0,0,0,0,0,0,0,0,0,0,0,0,0,0,0,0,0,0,0,0,0,0,0,0,0,0,0,0,1,0,0,0,0,0,0,0,0,0,0,56,1,3,6,56,0,0,13,0,5
1244.ps1,1,2747,1,2746.0,2746,0,0,12,12,13,13,2,2,20,5,100,12,0,41,12,0,0,0,0,0,0,74,0,0,0,0,0,0,0,0,0,0,0,0,0,0,0,0,0,0,0,0,0,0,0,0,0,0,0,0,0,0,0,1,3,0,0,0,0,0,0,0,0,0,0,0,0,0,0,0,1,0,0,0,0,0,0,0,0,0,0,0,1,1,0,0,0,0,0,0,0,3,0,79,1,0,5,75,0,0,9,3,4
1232.ps1,1,959,1,958.0,958,0,2,14,14,21,20,1,1,25,6,96,4,0,5,7,1,3,1,2,0,2,94,0,0,0,0,0,0,0,0,0,0,0,0,0,0,0,0,0,0,0,0,0,0,0,0,0,0,0,0,0,0,0,0,0,0,0,0,0,0,0,0,0,0,0,0,0,0,0,0,0,0,0,0,0,0,0,0,0,0,0,0,0,0,0,0,0,0,0,0,0,0,0,93,1,4,5,98,0,2,11,0,4
1231.ps1,1,864,1,863.0,863,1,1,14,14,11,11,1,1,23,5,90,6,2,8,5,0,0,0,0,0,0,90,0,0,0,0,0,0,0,0,0,0,0,0,0,0,0,0,0,0,0,0,0,0,0,0,0,0,0,0,0,0,0,0,0,0,0,0,0,0,0,0,0,0,0,0,0,0,0,0,0,0,0,0,0,0,0,0,0,0,0,0,0,0,0,0,0,0,0,0,0,0,0,91,2,2,6,94,0,0,8,1,5
126.ps1,1,1172,1,1171.0,1171,1,2,14,14,21,21,1,1,27,5,149,4,0,5,8,0,2,0,1,0,2,148,0,0,0,0,0,0,0,0,0,0,0,0,0,0,0,0,0,0,0,0,0,0,0,0,0,0,0,0,0,0,0,0,0,0,0,0,0,0,0,0,0,0,0,0,0,0,0,0,0,0,0,0,0,0,0,0,0,0,0,0,0,0,0,0,0,0,0,0,0,0,0,147,1,4,5,152,0,2,11,0,4
1253.ps1,1,2667,1,2666.0,2666,0,2,23,23,23,23,3,3,10,321,56,9,0,0,7,0,0,0,1,0,2,50,0,0,0,0,0,0,0,0,0,0,0,0,0,0,0,0,0,0,0,0,0,0,0,0,0,0,0,0,0,0,0,0,0,0,0,0,0,0,0,0,0,0,0,0,0,0,0,0,0,0,0,0,0,0,0,0,0,0,0,0,0,0,0,0,0,0,0,0,0,0,0,53,1,3,6,53,0,2,12,0,5
1259.ps1,1,2626,1,2625.0,2625,0,0,19,19,15,15,3,3,7,312,73,12,0,0,7,0,0,0,0,0,0,71,0,0,0,0,0,0,0,0,0,0,0,0,0,0,0,0,0,0,0,0,0,0,0,0,0,0,0,0,0,0,0,0,0,0,0,0,0,0,0,0,0,0,0,0,0,0,0,0,0,0,0,0,0,0,0,0,0,0,0,0,0,1,0,0,0,0,0,0,0,0,0,73,1,0,5,72,0,0,6,3,4
1251.ps1,1,2706,1,2705.0,2705,0,1,21,21,19,19,3,3,9,331,56,13,0,0,7,0,0,0,0,0,1,52,0,0,0,0,0,0,0,0,0,0,0,0,0,0,0,0,0,0,0,0,0,0,0,0,0,0,0,0,0,0,0,0,0,0,0,0,0,0,0,0,0,0,0,0,0,0,0,0,0,0,0,0,0,0,0,0,0,0,0,0,0,0,0,0,0,0,0,0,0,0,0,57,1,1,6,53,0,1,9,4,5
1254.ps1,1,2544,1,2543.0,2543,0,1,20,20,17,17,3,3,8,304,51,13,0,0,7,0,0,0,0,0,1,50,0,0,0,0,0,0,0,0,0,0,0,0,0,0,0,0,0,0,0,0,0,0,0,0,0,0,0,0,0,0,0,0,0,0,0,0,0,0,0,0,0,0,0,0,0,0,0,0,0,0,0,0,0,0,0,0,0,0,0,0,0,0,0,0,0,0,0,0,0,0,0,52,1,0,6,50,0,1,7,4,5
1252.ps1,1,2693,1,2692.0,2692,0,2,21,21,23,23,3,3,8,312,80,12,0,0,7,0,0,0,0,0,2,71,0,0,0,0,0,0,0,0,0,0,0,0,0,0,0,0,0,0,0,0,0,0,0,0,0,0,0,0,0,0,0,0,0,0,0,0,0,0,0,0,0,0,0,0,0,0,0,0,0,0,0,0,0,0,0,0,0,0,0,0,0,0,0,0,0,0,0,0,0,0,0,80,1,0,7,71,0,2,12,3,6
1265.ps1,1,2604,1,2603.0,2603,0,1,22,22,19,19,3,3,10,312,53,10,0,0,7,0,0,0,0,0,0,49,0,0,0,0,0,0,0,0,0,0,0,0,0,0,0,0,0,0,0,0,0,0,0,0,0,0,0,0,0,0,0,0,0,0,0,0,0,0,0,0,0,0,0,0,0,0,0,0,0,0,0,0,0,0,0,0,0,0,0,0,1,0,0,0,0,0,0,0,0,0,0,50,1,3,5,53,0,0,10,0,4
1260.ps1,1,2638,1,2637.0,2637,0,2,19,19,17,17,3,3,7,312,76,12,0,0,7,0,0,0,1,0,2,73,0,0,0,0,0,0,0,0,0,0,0,0,0,0,0,0,0,0,0,0,0,0,0,0,0,0,0,0,0,0,0,0,0,0,0,0,0,0,0,0,0,0,0,0,0,0,0,0,0,0,0,0,0,0,0,0,0,0,0,0,0,0,0,0,0,0,0,0,0,0,0,76,1,0,5,73,0,2,6,3,4
1268.ps1,1,2858,1,2857.0,2857,0,2,21,21,20,20,3,3,11,348,81,9,0,0,7,0,0,0,0,0,2,78,0,0,0,0,0,0,0,0,0,0,0,0,0,0,0,0,0,0,0,0,0,0,0,0,0,0,0,0,0,0,0,0,0,0,0,0,0,0,0,0,0,0,0,0,0,0,0,0,0,0,0,0,0,0,0,0,0,0,0,0,0,0,0,0,0,0,0,0,0,0,0,78,1,3,4,81,0,2,9,0,3
1287.ps1,1,449,1,448.0,448,0,1,9,9,11,11,0,0,9,7,34,7,0,4,0,0,0,0,0,0,1,34,0,0,0,0,0,0,0,0,0,0,0,0,0,0,0,0,0,0,0,0,0,0,0,0,0,0,0,0,0,0,0,0,0,0,0,0,0,0,0,0,0,0,0,0,1,0,0,0,0,0,0,0,0,0,0,0,0,0,0,0,0,0,0,0,0,0,0,0,0,1,0,39,1,0,7,34,0,1,10,5,6
1273.ps1,1,538,1,538.0,538,0,1,6,6,6,6,0,0,7,4,60,9,0,3,1,0,0,0,0,0,1,65,0,0,0,0,0,0,0,0,0,0,0,0,0,0,0,0,0,0,0,0,0,0,0,0,0,0,0,0,0,0,0,0,0,0,0,0,0,0,0,0,0,0,0,0,0,0,0,0,0,0,0,0,0,0,0,0,0,0,0,0,0,0,0,0,0,0,0,0,0,0,0,64,1,0,6,65,0,1,4,4,5
1270.ps1,1,2653,1,2652.0,2652,0,2,21,21,17,17,3,3,11,312,74,9,0,0,7,0,0,0,0,0,2,74,0,0,0,0,0,0,0,0,0,0,0,0,0,0,0,0,0,0,0,0,0,0,0,0,0,0,0,0,0,0,0,0,0,0,0,0,0,0,0,0,0,0,0,0,0,0,0,0,0,0,0,0,0,0,0,0,0,0,0,0,0,0,0,0,0,0,0,0,0,0,0,71,1,3,4,77,0,2,6,0,3
1255.ps1,1,2646,1,2645.0,2645,0,0,19,19,15,15,3,3,7,330,53,12,0,0,7,0,0,0,0,0,0,51,0,0,0,0,0,0,0,0,0,0,0,0,0,0,0,0,0,0,0,0,0,0,0,0,0,0,0,0,0,0,0,0,0,0,0,0,0,0,0,0,0,0,0,0,0,0,0,0,0,0,0,0,0,0,0,0,0,0,0,0,0,1,0,0,0,0,0,0,0,0,0,53,1,0,5,52,0,0,6,3,4
1264.ps1,1,270,1,269.0,269,1,0,4,4,1,1,6,6,9,1,34,3,0,4,0,0,0,0,0,0,0,35,0,0,0,0,0,0,0,0,0,0,0,0,0,0,0,0,0,0,0,0,0,0,0,0,0,0,0,0,0,0,0,0,0,0,0,0,0,0,0,0,0,0,0,0,0,0,0,1,0,0,0,0,0,0,0,0,0,0,0,0,0,1,0,0,0,0,0,0,0,0,0,35,1,0,3,36,0,0,1,0,2
1269.ps1,1,357,1,356.0,356,0,0,7,7,6,6,0,0,9,4,34,5,2,6,0,0,0,0,1,0,0,35,0,0,0,0,0,0,0,0,0,0,0,0,0,0,0,0,0,0,0,0,0,0,0,0,0,0,0,0,0,0,0,0,0,0,0,0,0,0,0,0,0,0,0,0,0,0,0,0,0,0,0,0,0,0,0,0,0,0,0,0,0,0,0,0,0,0,0,0,0,0,0,35,2,1,5,38,0,0,5,1,4
1278.ps1,1,2698,1,2697.0,2697,0,1,21,21,22,22,3,3,7,314,77,13,0,0,7,0,0,0,1,0,1,70,0,0,0,0,0,0,0,0,0,0,0,0,0,0,0,0,0,0,0,0,0,0,0,0,0,0,0,0,0,0,0,0,0,0,0,0,0,0,0,0,0,0,0,0,0,0,0,0,0,0,0,0,0,0,0,0,0,0,0,0,0,0,0,0,0,0,0,0,0,0,0,78,1,0,7,70,0,1,12,4,6
1288.ps1,1,441,1,440.0,440,0,1,6,6,5,5,0,0,9,7,40,8,0,5,0,0,0,0,0,0,1,46,0,0,0,0,0,0,0,0,0,0,0,0,0,0,0,0,0,0,0,0,0,0,0,0,0,0,0,0,0,0,0,0,0,0,0,0,0,0,0,0,0,0,0,0,0,0,0,0,0,0,0,0,0,0,0,0,0,0,0,0,0,0,0,0,0,0,0,0,0,0,0,45,1,0,4,46,0,1,4,5,3
1289.ps1,1,2930,1,2929.0,2929,0,0,24,24,22,22,3,3,11,357,82,10,2,0,7,0,0,0,1,0,0,79,0,0,0,0,0,0,0,0,0,0,0,0,0,0,0,0,0,0,0,0,0,0,0,0,0,0,0,0,0,0,0,0,0,0,0,0,0,0,0,0,0,0,0,0,0,0,0,0,0,0,0,0,0,0,0,0,0,0,0,0,0,0,0,0,0,0,0,0,0,0,0,80,2,3,7,84,0,0,12,1,6
1292.ps1,1,2637,1,2636.0,2636,0,1,21,21,17,17,3,3,8,322,53,13,0,0,7,0,0,0,0,0,1,52,0,0,0,0,0,0,0,0,0,0,0,0,0,0,0,0,0,0,0,0,0,0,0,0,0,0,0,0,0,0,0,0,0,0,0,0,0,0,0,0,0,0,0,0,0,0,0,0,0,0,0,0,0,0,0,0,0,0,0,0,0,0,0,0,0,0,0,0,0,0,0,54,1,0,7,52,0,1,7,4,6
1303.ps1,1,2678,1,2677.0,2677,0,2,21,21,20,20,3,3,7,312,78,12,0,0,7,0,0,0,1,0,2,72,0,0,0,0,0,0,0,0,0,0,0,0,0,0,0,0,0,0,0,0,0,0,0,0,0,0,0,0,0,0,0,0,0,0,0,0,0,0,0,0,0,0,0,0,0,0,0,0,0,0,0,0,0,0,0,0,0,0,0,0,0,0,0,0,0,0,0,0,0,0,0,78,1,0,7,72,0,2,9,3,6
1290.ps1,1,2716,1,2715.0,2715,0,2,20,20,20,20,3,3,7,321,79,12,0,0,7,0,0,0,1,0,2,73,0,0,0,0,0,0,0,0,0,0,0,0,0,0,0,0,0,0,0,0,0,0,0,0,0,0,0,0,0,0,0,0,0,0,0,0,0,0,0,0,0,0,0,0,0,0,0,0,0,0,0,0,0,0,0,0,0,0,0,0,0,0,0,0,0,0,0,0,0,0,0,79,1,0,6,73,0,2,9,3,5
1297.ps1,1,480,1,479.0,479,1,1,10,10,14,14,0,0,7,7,34,7,0,5,0,0,0,0,1,0,1,31,0,0,0,0,0,0,0,0,0,0,0,0,0,0,0,0,0,0,0,0,0,0,0,0,0,0,0,0,0,0,0,0,0,0,0,0,0,0,0,0,0,0,0,0,1,0,0,0,0,0,0,0,0,0,0,0,0,0,0,0,0,0,0,0,0,0,0,0,0,0,0,39,1,0,8,31,0,1,13,5,7
1294.ps1,1,2721,1,2720.0,2720,0,2,22,22,20,20,3,3,11,323,77,10,0,0,7,0,0,0,0,0,1,74,0,0,0,0,0,0,0,0,0,0,0,0,0,0,0,0,0,0,0,0,0,0,0,0,0,0,0,0,0,0,0,0,0,0,0,0,0,0,0,0,0,0,0,0,0,0,0,0,0,0,0,0,0,0,0,0,0,0,0,0,0,0,0,0,0,0,0,0,0,0,0,75,1,3,5,77,0,1,10,1,4
1307.ps1,1,2714,1,2713.0,2713,0,1,23,23,23,23,3,3,10,313,77,10,0,0,7,0,0,0,1,0,1,73,0,0,0,0,0,0,0,0,0,0,0,0,0,0,0,0,0,0,0,0,0,0,0,0,0,0,0,0,0,0,0,0,0,0,0,0,0,0,0,0,0,0,0,0,0,0,0,0,0,0,0,0,0,0,0,0,0,0,0,0,0,0,0,0,0,0,0,0,0,0,0,75,1,3,6,76,0,1,13,1,5
130.ps1,1,2684,1,2683.0,2683,0,2,19,19,17,17,3,3,7,330,55,12,0,0,7,0,0,0,1,0,2,52,0,0,0,0,0,0,0,0,0,0,0,0,0,0,0,0,0,0,0,0,0,0,0,0,0,0,0,0,0,0,0,0,0,0,0,0,0,0,0,0,0,0,0,0,0,0,0,0,0,0,0,0,0,0,0,0,0,0,0,0,0,0,0,0,0,0,0,0,0,0,0,55,1,0,5,52,0,2,6,3,4
1304.ps1,1,3044,1,3043.0,3043,0,2,23,23,24,24,5,5,12,331,64,15,0,0,11,0,0,0,3,0,2,58,0,0,0,0,0,0,0,0,0,0,0,0,0,0,0,0,0,0,0,0,0,0,0,0,0,0,0,0,0,0,0,0,0,0,0,0,0,0,0,0,0,0,0,0,0,0,0,0,0,0,0,1,0,0,0,0,0,0,0,0,0,2,0,0,0,0,0,0,0,0,0,64,1,0,6,58,0,2,10,4,5
1314.ps1,1,2712,1,2711.0,2711,0,1,23,23,20,20,3,3,12,332,55,10,2,0,7,0,0,0,0,0,0,53,0,0,0,0,0,0,0,0,0,0,0,0,0,0,0,0,0,0,0,0,0,0,0,0,0,0,0,0,0,0,0,0,0,0,0,0,0,0,0,0,0,0,0,0,0,0,0,0,0,0,0,0,0,0,0,0,0,0,0,0,0,0,0,0,0,0,0,0,0,0,0,53,2,3,6,58,0,0,10,1,5
1312.ps1,1,2724,1,2723.0,2723,0,1,23,23,23,23,3,3,8,313,79,13,0,0,7,0,0,0,0,0,1,72,0,0,0,0,0,0,0,0,0,0,0,0,0,0,0,0,0,0,0,0,0,0,0,0,0,0,0,0,0,0,0,0,0,0,0,0,0,0,0,0,0,0,0,0,0,0,0,0,0,0,0,0,0,0,0,0,0,0,0,0,0,0,0,0,0,0,0,0,0,0,0,80,1,0,9,72,0,1,13,4,8
1302.ps1,1,2700,1,2699.0,2699,0,1,21,21,19,19,3,3,10,332,53,10,0,0,7,0,0,0,1,0,1,52,0,0,0,0,0,0,0,0,0,0,0,0,0,0,0,0,0,0,0,0,0,0,0,0,0,0,0,0,0,0,0,0,0,0,0,0,0,0,0,0,0,0,0,0,0,0,0,0,0,0,0,0,0,0,0,0,0,0,0,0,0,0,0,0,0,0,0,0,0,0,0,51,1,3,4,55,0,1,9,1,3
1308.ps1,1,2908,1,2907.0,2907,0,2,23,23,20,20,3,3,11,357,82,10,0,0,7,0,0,0,0,0,1,79,0,0,0,0,0,0,0,0,0,0,0,0,0,0,0,0,0,0,0,0,0,0,0,0,0,0,0,0,0,0,0,0,0,0,0,0,0,0,0,0,0,0,0,0,0,0,0,0,0,0,0,0,0,0,0,0,0,0,0,0,0,0,0,0,0,0,0,0,0,0,0,80,1,3,6,82,0,1,10,1,5
1318.ps1,1,2571,1,2570.0,2570,0,1,21,21,14,14,3,3,12,314,49,11,2,0,7,0,0,0,0,0,0,53,0,0,0,0,0,0,0,0,0,0,0,0,0,0,0,0,0,0,0,0,0,0,0,0,0,0,0,0,0,0,0,0,0,0,0,0,0,0,0,0,0,0,0,0,0,0,0,0,0,0,0,0,0,0,0,0,0,0,0,0,0,0,0,0,0,0,0,0,0,0,0,47,2,3,4,58,0,0,4,1,3
1321.ps1,1,2740,1,2739.0,2739,0,2,21,21,14,14,3,3,10,332,75,10,0,0,7,0,0,0,1,0,1,78,0,0,0,0,0,0,0,0,0,0,0,0,0,0,0,0,0,0,0,0,0,0,0,0,0,0,0,0,0,0,0,0,0,0,0,0,0,0,0,0,0,0,0,0,0,0,0,0,0,0,0,0,0,0,0,0,0,0,0,0,0,0,0,0,0,0,0,0,0,0,0,73,1,3,4,81,0,1,4,1,3
1315.ps1,1,6076,1,6076.0,6076,0,2,27,27,17,17,1,1,52,1181,116,14,1,0,16,0,0,0,0,0,2,117,0,0,0,0,0,0,0,0,0,0,0,0,0,0,0,0,0,0,0,0,0,0,0,0,0,0,0,0,0,0,0,0,0,0,0,0,0,0,0,0,0,0,0,0,0,0,0,0,0,0,0,1,0,1,0,0,0,0,0,0,0,0,0,0,0,0,0,0,0,5,0,115,1,4,4,121,0,2,9,0,3
132.ps1,1,2925,1,2924.0,2924,0,0,23,23,22,22,3,3,8,366,60,14,2,0,7,0,0,0,1,0,0,54,0,0,0,0,0,0,0,0,0,0,0,0,0,0,0,0,0,0,0,0,0,0,0,0,0,0,0,0,0,0,0,0,0,0,0,0,0,0,0,0,0,0,0,0,0,0,0,0,0,0,0,0,0,0,0,0,0,0,0,0,0,0,0,0,0,0,0,0,0,0,0,61,2,0,9,56,0,0,12,4,8
1320.ps1,1,2666,1,2665.0,2665,0,2,20,20,20,20,3,3,7,312,78,12,0,0,7,0,0,0,1,0,2,72,0,0,0,0,0,0,0,0,0,0,0,0,0,0,0,0,0,0,0,0,0,0,0,0,0,0,0,0,0,0,0,0,0,0,0,0,0,0,0,0,0,0,0,0,0,0,0,0,0,0,0,0,0,0,0,0,0,0,0,0,0,0,0,0,0,0,0,0,0,0,0,78,1,0,6,72,0,2,9,3,5
1322.ps1,1,510,1,509.0,509,0,2,12,12,16,16,0,0,11,5,51,2,0,4,0,0,0,0,0,0,2,49,0,0,0,0,0,0,0,0,0,0,0,0,0,0,0,0,0,0,0,0,0,0,0,0,0,0,0,0,0,0,0,0,0,0,0,0,0,0,0,0,0,0,0,0,0,0,0,0,0,0,0,0,0,0,0,0,0,0,0,0,0,0,0,0,0,0,0,0,0,0,0,51,1,4,6,53,0,2,14,0,5
1317.ps1,1,2694,1,2693.0,2693,0,2,22,22,23,23,3,3,8,312,80,12,0,0,7,0,0,0,0,0,2,71,0,0,0,0,0,0,0,0,0,0,0,0,0,0,0,0,0,0,0,0,0,0,0,0,0,0,0,0,0,0,0,0,0,0,0,0,0,0,0,0,0,0,0,0,0,0,0,0,0,0,0,0,0,0,0,0,0,0,0,0,0,0,0,0,0,0,0,0,0,0,0,80,1,0,8,71,0,2,12,3,7
133.ps1,1,427,1,426.0,426,0,3,11,11,9,9,0,0,12,5,36,2,0,3,0,0,0,0,1,0,2,39,0,0,0,0,0,0,0,0,0,0,0,0,0,0,0,0,0,0,0,0,0,0,0,0,0,0,0,0,0,0,0,0,0,0,0,0,0,0,0,0,0,0,0,0,0,0,0,0,0,0,0,0,0,0,0,0,0,0,0,0,0,0,0,0,0,1,1,0,0,0,0,36,1,4,5,43,0,2,7,0,4
1324.ps1,1,523,1,522.0,522,0,2,6,6,10,10,1,1,10,2,48,5,0,3,2,0,0,0,1,0,2,47,0,0,0,0,0,0,0,0,0,0,0,0,0,0,0,0,0,0,0,0,0,0,0,0,0,0,0,0,0,0,0,0,0,0,0,0,0,0,0,0,0,0,0,0,0,0,0,0,0,0,0,0,0,0,0,0,0,0,0,0,0,0,0,0,0,0,0,1,0,0,0,50,1,0,5,47,0,2,5,2,4
1328.ps1,1,2784,1,2783.0,2783,0,3,23,23,21,21,3,3,10,330,80,9,0,0,7,0,0,0,1,0,2,75,0,0,0,0,0,0,0,0,0,0,0,0,0,0,0,0,0,0,0,0,0,0,0,0,0,0,0,0,0,0,0,0,0,0,0,0,0,0,0,0,0,0,0,0,0,0,0,0,0,0,0,0,0,0,0,0,0,0,0,0,0,0,0,0,0,0,0,0,0,0,0,77,1,3,6,78,0,2,10,0,5
1319.ps1,1,2665,1,2664.0,2664,0,1,20,20,19,19,3,3,8,314,76,13,0,0,7,0,0,0,0,0,1,72,0,0,0,0,0,0,0,0,0,0,0,0,0,0,0,0,0,0,0,0,0,0,0,0,0,0,0,0,0,0,0,0,0,0,0,0,0,0,0,0,0,0,0,0,0,0,0,0,0,0,0,0,0,0,0,0,0,0,0,0,0,0,0,0,0,0,0,0,0,0,0,77,1,0,6,72,0,1,9,4,5
1329.ps1,1,357,1,356.0,356,0,0,5,5,4,4,10,10,8,4,42,3,0,4,0,0,0,0,0,0,0,43,0,0,0,0,0,0,0,0,0,0,0,0,0,0,0,0,0,0,0,0,0,0,0,0,0,0,0,0,0,0,0,0,0,0,0,0,0,0,0,0,0,0,0,0,0,0,0,1,0,0,0,0,0,0,0,0,0,0,0,0,0,1,0,0,0,0,0,0,0,0,0,43,1,0,3,44,0,0,4,1,2
1343.ps1,1,244,1,243.0,243,0,2,7,7,7,7,0,0,8,1,19,1,0,3,0,0,0,0,0,0,2,17,0,0,0,0,0,0,0,0,0,0,0,0,0,0,0,0,0,0,0,0,0,0,0,0,0,0,0,0,0,0,0,0,0,0,0,0,0,0,0,0,0,0,0,0,0,0,0,0,0,0,0,0,0,0,0,0,0,0,0,0,0,1,0,0,0,0,0,0,0,0,0,19,1,1,5,18,0,2,5,0,4
1332.ps1,1,475,1,474.0,474,0,1,13,13,14,14,0,0,12,6,35,3,0,3,0,0,0,0,1,0,1,36,0,0,0,0,0,0,0,0,0,0,0,0,0,0,0,0,0,0,0,0,0,0,0,0,0,0,0,0,0,0,0,0,0,0,0,0,0,0,0,0,0,0,0,0,0,0,0,0,0,0,0,0,0,0,0,0,0,0,0,0,0,0,0,0,0,0,0,0,0,0,0,36,1,4,7,40,0,1,13,1,6
1342.ps1,1,1243,1,1242.0,1242,1,1,17,16,25,24,2,2,28,6,148,6,0,6,8,1,2,1,1,0,1,146,0,0,0,0,0,0,0,0,0,0,0,0,0,0,0,0,0,0,0,0,0,0,0,0,0,0,0,0,0,0,0,0,0,0,0,0,0,0,0,0,0,0,0,0,0,0,0,0,0,0,0,0,0,0,0,0,0,0,0,0,0,1,0,0,0,0,0,0,0,0,0,147,1,4,7,150,0,1,15,1,6
1337.ps1,1,2614,1,2613.0,2613,0,3,24,24,24,24,3,3,10,309,57,9,0,0,7,0,0,0,1,0,2,49,0,0,0,0,0,0,0,0,0,0,0,0,0,0,0,0,0,0,0,0,0,0,0,0,0,0,0,0,0,0,0,0,0,0,0,0,0,0,0,0,0,0,0,0,0,0,0,0,0,0,0,0,0,0,0,0,0,0,0,0,0,0,0,0,0,0,0,0,0,0,0,54,1,3,7,52,0,2,13,0,6
134.ps1,1,2802,1,2801.0,2801,0,0,22,22,22,22,3,3,9,332,81,13,2,0,7,0,0,0,0,0,0,75,0,0,0,0,0,0,0,0,0,0,0,0,0,0,0,0,0,0,0,0,0,0,0,0,0,0,0,0,0,0,0,0,0,0,0,0,0,0,0,0,0,0,0,0,0,0,0,0,0,0,0,0,0,0,0,0,0,0,0,0,0,0,0,0,0,0,0,0,0,0,0,82,2,0,8,77,0,0,12,4,7
1330.ps1,1,2736,1,2735.0,2735,0,2,22,22,23,23,3,3,10,321,79,9,0,0,7,0,0,0,1,0,2,73,0,0,0,0,0,0,0,0,0,0,0,0,0,0,0,0,0,0,0,0,0,0,0,0,0,0,0,0,0,0,0,0,0,0,0,0,0,0,0,0,0,0,0,0,0,0,0,0,0,0,0,0,0,0,0,0,0,0,0,0,0,0,0,0,0,0,0,0,0,0,0,76,1,3,5,76,0,2,12,0,4
1338.ps1,1,2627,1,2626.0,2626,0,3,24,24,24,24,3,3,10,312,56,9,0,0,7,0,0,0,1,0,2,48,0,0,0,0,0,0,0,0,0,0,0,0,0,0,0,0,0,0,0,0,0,0,0,0,0,0,0,0,0,0,0,0,0,0,0,0,0,0,0,0,0,0,0,0,0,0,0,0,0,0,0,0,0,0,0,0,0,0,0,0,0,0,0,0,0,0,0,0,0,0,0,53,1,3,7,51,0,2,13,0,6
1352.ps1,1,2806,1,2805.0,2805,0,1,23,23,22,22,3,3,9,331,81,13,0,0,7,0,0,0,0,0,1,74,0,0,0,0,0,0,0,0,0,0,0,0,0,0,0,0,0,0,0,0,0,0,0,0,0,0,0,0,0,0,0,0,0,0,0,0,0,0,0,0,0,0,0,0,0,0,0,0,0,0,0,0,0,0,0,0,0,0,0,0,0,0,0,0,0,0,0,0,0,0,0,82,1,1,8,75,0,1,12,4,7
1359.ps1,1,2680,1,2679.0,2679,0,1,24,24,20,20,3,3,11,314,76,10,2,0,7,0,0,0,1,0,0,74,0,0,0,0,0,0,0,0,0,0,0,0,0,0,0,0,0,0,0,0,0,0,0,0,0,0,0,0,0,0,0,0,0,0,0,0,0,0,0,0,0,0,0,0,0,0,0,0,0,0,0,0,0,0,0,0,0,0,0,0,0,0,0,0,0,0,0,0,0,0,0,74,2,3,7,79,0,0,10,1,6
1366.ps1,1,2713,1,2712.0,2712,0,0,21,21,19,19,3,3,8,332,55,13,2,0,7,0,0,0,1,0,0,52,0,0,0,0,0,0,0,0,0,0,0,0,0,0,0,0,0,0,0,0,0,0,0,0,0,0,0,0,0,0,0,0,0,0,0,0,0,0,0,0,0,0,0,0,0,0,0,0,0,0,0,0,0,0,0,0,0,0,0,0,0,0,0,0,0,0,0,0,0,0,0,56,2,0,7,54,0,0,9,4,6
1380.ps1,1,2781,1,2780.0,2780,0,2,21,21,20,20,3,3,7,330,81,12,0,0,7,0,0,0,1,0,2,75,0,0,0,0,0,0,0,0,0,0,0,0,0,0,0,0,0,0,0,0,0,0,0,0,0,0,0,0,0,0,0,0,0,0,0,0,0,0,0,0,0,0,0,0,0,0,0,0,0,0,0,0,0,0,0,0,0,0,0,0,0,0,0,0,0,0,0,0,0,0,0,81,1,0,7,75,0,2,9,3,6
1349.ps1,1,433,1,432.0,432,1,2,10,10,11,11,0,0,13,5,32,2,0,3,0,0,0,0,1,0,2,34,0,0,0,0,0,0,0,0,0,0,0,0,0,0,0,0,0,0,0,0,0,0,0,0,0,0,0,0,0,0,0,0,0,0,0,0,0,0,0,0,0,0,0,0,1,0,0,0,0,0,0,0,0,0,0,0,0,0,0,0,0,0,0,0,0,0,0,0,0,0,0,32,1,4,4,38,0,2,9,0,3
1345.ps1,1,423,1,422.0,422,0,0,10,10,9,9,0,0,8,5,32,6,2,3,1,0,0,0,0,0,0,30,0,0,0,0,0,0,0,0,0,0,0,0,0,0,0,0,0,0,0,0,0,0,0,0,0,0,0,0,0,0,0,0,0,0,0,0,0,0,0,0,0,0,0,0,0,0,0,0,0,0,0,0,0,0,0,0,0,0,0,0,0,0,0,0,0,0,0,0,0,0,0,34,2,0,8,32,0,0,8,3,7
139.ps1,1,384,1,383.0,383,0,0,9,9,9,9,0,0,10,5,31,5,2,4,0,0,0,0,0,0,0,30,0,0,0,0,0,0,0,0,0,0,0,0,0,0,0,0,0,0,0,0,0,0,0,0,0,0,0,0,0,0,0,0,0,0,0,0,0,0,0,0,0,0,0,0,0,0,0,0,0,0,0,0,0,0,0,0,0,0,0,0,0,0,0,0,0,0,0,0,1,1,0,34,2,0,8,32,0,0,8,3,7
1357.ps1,1,2651,1,2650.0,2650,0,3,21,21,18,18,3,3,11,312,76,9,0,0,7,0,0,0,0,0,2,74,0,0,0,0,0,0,0,0,0,0,0,0,0,0,0,0,0,0,0,0,0,0,0,0,0,0,0,0,0,0,0,0,0,0,0,0,0,0,0,0,0,0,0,0,0,0,0,0,0,0,0,0,0,0,0,0,0,0,0,0,0,0,0,0,0,0,0,0,0,0,0,73,1,3,4,77,0,2,7,0,3
1365.ps1,1,2985,1,2984.0,2984,0,1,28,28,26,26,5,5,17,315,62,13,2,0,11,0,0,0,3,0,0,58,0,0,0,0,0,0,0,0,0,0,0,0,0,0,0,0,0,0,0,0,0,0,0,0,0,0,0,0,0,0,0,0,4,0,0,0,0,0,0,0,0,0,0,0,0,0,0,0,0,0,0,0,0,0,0,0,0,0,0,0,0,2,0,0,0,0,0,0,0,0,0,59,2,4,7,64,0,0,13,1,6
1361.ps1,1,858,1,858.0,858,0,0,6,6,6,6,0,0,6,4,111,5,3,10,0,0,0,0,1,0,0,113,0,0,0,0,0,0,0,0,0,0,0,0,0,0,0,0,0,0,0,0,0,0,0,0,0,0,0,0,0,0,0,0,0,0,0,0,0,0,0,0,0,0,0,0,0,0,0,0,0,0,0,0,0,0,0,0,0,0,0,0,0,0,0,0,0,0,0,0,0,0,0,114,2,0,7,115,0,0,5,3,6
1385.ps1,1,2600,1,2599.0,2599,0,0,23,23,19,19,3,3,12,314,51,10,2,0,7,0,0,0,0,0,0,51,0,0,0,0,0,0,0,0,0,0,0,0,0,0,0,0,0,0,0,0,0,0,0,0,0,0,0,0,0,0,0,0,0,0,0,0,0,0,0,0,0,0,0,0,0,0,0,0,0,0,0,0,0,0,0,0,0,0,0,0,0,0,0,0,0,0,0,0,0,0,0,49,2,3,6,56,0,0,9,1,5
1396.ps1,1,2653,1,2652.0,2652,0,1,23,23,23,23,3,3,10,304,76,10,0,0,7,0,0,0,1,0,1,72,0,0,0,0,0,0,0,0,0,0,0,0,0,0,0,0,0,0,0,0,0,0,0,0,0,0,0,0,0,0,0,0,0,0,0,0,0,0,0,0,0,0,0,0,0,0,0,0,0,0,0,0,0,0,0,0,0,0,0,0,0,0,0,0,0,0,0,0,0,0,0,74,1,3,6,75,0,1,13,1,5
1375.ps1,1,2695,1,2694.0,2694,0,0,16,16,12,12,2,2,25,7,80,9,2,28,13,0,0,0,0,0,0,54,0,0,0,0,0,0,0,0,0,0,0,0,0,0,0,0,0,0,0,0,0,0,0,0,0,0,0,0,0,0,0,0,3,0,0,0,0,0,0,0,0,0,0,0,0,0,0,0,0,0,0,0,0,1,0,0,0,0,0,0,0,1,0,0,0,0,0,0,0,3,0,51,2,3,6,59,0,0,7,1,5
1393.ps1,1,2774,1,2773.0,2773,0,0,20,20,21,21,3,3,7,330,81,12,0,0,7,0,0,0,0,0,0,73,0,0,0,0,0,0,0,0,0,0,0,0,0,0,0,0,0,0,0,0,0,0,0,0,0,0,0,0,0,0,0,0,0,0,0,0,0,0,0,0,0,0,0,0,0,0,0,0,0,0,0,0,0,0,0,0,0,0,0,0,0,1,0,0,0,0,0,0,0,0,0,81,1,0,6,74,0,0,12,3,5
1399.ps1,1,353,1,352.0,352,0,1,7,7,3,3,8,8,7,4,44,4,0,4,1,0,0,0,1,0,1,45,0,0,0,0,0,0,0,0,0,0,0,0,0,0,0,0,0,0,0,0,0,0,0,0,0,0,0,0,0,0,0,0,0,0,0,0,0,0,0,0,0,0,0,0,0,0,0,1,0,0,0,0,0,0,0,0,0,0,0,0,0,0,0,0,0,0,0,0,0,0,0,45,1,0,5,45,0,1,2,2,4
1403.ps1,1,2759,1,2758.0,2758,0,2,20,20,17,17,3,3,7,330,79,12,0,0,7,0,0,0,1,0,2,76,0,0,0,0,0,0,0,0,0,0,0,0,0,0,0,0,0,0,0,0,0,0,0,0,0,0,0,0,0,0,0,0,0,0,0,0,0,0,0,0,0,0,0,0,0,0,0,0,0,0,0,0,0,0,0,0,0,0,0,0,0,0,0,0,0,0,0,0,0,0,0,79,1,0,6,76,0,2,6,3,5
1388.ps1,1,2628,1,2627.0,2627,0,0,19,19,15,15,3,3,7,312,74,13,0,0,7,0,0,0,0,0,0,72,0,0,0,0,0,0,0,0,0,0,0,0,0,0,0,0,0,0,0,0,0,0,0,0,0,0,0,0,0,0,0,0,0,0,0,0,0,0,0,0,0,0,0,0,0,0,0,0,0,0,0,0,0,0,0,0,0,0,0,0,1,0,0,0,0,0,0,0,0,0,0,74,1,0,5,73,0,0,6,3,4
1400.ps1,1,2924,1,2923.0,2923,0,2,23,23,21,21,3,3,10,356,83,10,0,0,7,0,0,0,1,0,1,80,0,0,0,0,0,0,0,0,0,0,0,0,0,0,0,0,0,0,0,0,0,0,0,0,0,0,0,0,0,0,0,0,0,0,0,0,0,0,0,0,0,0,0,0,0,0,0,0,0,0,0,0,0,0,0,0,0,0,0,0,0,0,0,0,0,0,0,0,0,0,0,81,1,3,6,83,0,1,11,1,5
1402.ps1,1,2750,1,2749.0,2749,0,2,20,20,17,17,3,3,8,330,79,12,0,0,7,0,0,0,0,0,2,76,0,0,0,0,0,0,0,0,0,0,0,0,0,0,0,0,0,0,0,0,0,0,0,0,0,0,0,0,0,0,0,0,0,0,0,0,0,0,0,0,0,0,0,0,0,0,0,0,0,0,0,0,0,0,0,0,0,0,0,0,0,0,0,0,0,0,0,0,0,0,0,79,1,0,6,76,0,2,6,3,5
1407.ps1,1,2723,1,2722.0,2722,0,1,23,23,19,19,3,3,12,331,54,10,0,0,7,0,0,0,0,0,1,53,0,0,0,0,0,0,0,0,0,0,0,0,0,0,0,0,0,0,0,0,0,0,0,0,0,0,0,0,0,0,0,0,0,0,0,0,0,0,0,0,0,0,0,0,0,0,0,0,0,0,0,0,0,0,0,0,0,0,0,0,0,0,0,0,0,0,0,0,0,0,0,52,1,4,5,57,0,1,9,1,4
1413.ps1,1,3095,1,3094.0,3094,0,1,22,22,20,20,3,3,8,388,88,13,0,0,7,0,0,0,0,0,1,84,0,0,0,0,0,0,0,0,0,0,0,0,0,0,0,0,0,0,0,0,0,0,0,0,0,0,0,0,0,0,0,0,0,0,0,0,0,0,0,0,0,0,0,0,0,0,0,0,0,0,0,0,0,0,0,0,0,0,0,0,0,0,0,0,0,0,0,0,0,0,0,89,1,0,8,84,0,1,10,4,7
1417.ps1,1,277,1,276.0,276,0,0,4,4,2,2,0,0,7,2,30,3,0,3,0,0,0,0,0,0,0,32,0,0,0,0,0,0,0,0,0,0,0,0,0,0,0,0,0,0,0,0,0,0,0,0,0,0,0,0,0,0,0,0,0,0,0,0,0,0,0,0,0,0,0,0,0,0,0,0,0,0,0,0,0,0,0,0,0,0,0,0,1,0,0,0,0,0,1,0,0,0,0,30,1,1,2,34,0,0,2,0,1
141.ps1,1,3242,1,3241.0,3241,0,1,22,22,20,20,3,3,8,412,92,13,0,0,7,0,0,0,0,0,1,88,0,0,0,0,0,0,0,0,0,0,0,0,0,0,0,0,0,0,0,0,0,0,0,0,0,0,0,0,0,0,0,0,0,0,0,0,0,0,0,0,0,0,0,0,0,0,0,0,0,0,0,0,0,0,0,0,0,0,0,0,0,0,0,0,0,0,0,0,0,0,0,93,1,0,8,88,0,1,10,4,7
1406.ps1,1,354,1,353.0,353,0,1,6,6,5,5,10,10,9,6,31,4,0,2,0,0,0,0,0,0,1,33,0,0,0,0,0,0,0,0,0,0,0,0,0,0,0,0,0,0,0,0,0,0,0,0,0,0,0,0,0,0,0,0,0,0,0,0,0,0,0,0,0,0,0,0,0,0,0,1,0,0,0,0,0,0,0,0,0,0,0,0,0,0,0,0,0,0,0,0,0,0,0,33,1,0,4,33,0,1,4,2,3
1433.ps1,1,2597,1,2596.0,2596,0,2,22,22,20,20,3,3,10,309,53,9,0,0,7,0,0,0,1,0,2,50,0,0,0,0,0,0,0,0,0,0,0,0,0,0,0,0,0,0,0,0,0,0,0,0,0,0,0,0,0,0,0,0,0,0,0,0,0,0,0,0,0,0,0,0,0,0,0,0,0,0,0,0,0,0,0,0,0,0,0,0,0,0,0,0,0,0,0,0,0,0,0,50,1,3,5,53,0,2,9,0,4
1410.ps1,1,2610,1,2609.0,2609,0,2,20,20,20,20,3,3,7,312,55,12,0,0,7,0,0,0,1,0,2,49,0,0,0,0,0,0,0,0,0,0,0,0,0,0,0,0,0,0,0,0,0,0,0,0,0,0,0,0,0,0,0,0,0,0,0,0,0,0,0,0,0,0,0,0,0,0,0,0,0,0,0,0,0,0,0,0,0,0,0,0,0,0,0,0,0,0,0,0,0,0,0,55,1,0,6,49,0,2,9,3,5
1418.ps1,1,2824,1,2823.0,2823,0,1,20,20,16,16,3,3,9,340,79,13,0,0,7,0,0,0,0,0,1,78,0,0,0,0,0,0,0,0,0,0,0,0,0,0,0,0,0,0,0,0,0,0,0,0,0,0,0,0,0,0,0,0,0,0,0,0,0,0,0,0,0,0,0,0,0,0,0,0,0,0,0,0,0,0,0,0,0,0,0,0,0,0,0,0,0,0,0,0,0,0,0,80,1,1,5,79,0,1,6,4,4
1420.ps1,1,1221,1,1220.0,1220,1,1,14,14,28,27,1,1,20,8,146,13,1,6,7,0,2,0,1,0,1,140,0,0,0,0,0,0,0,0,0,0,0,0,0,0,0,0,0,0,0,0,0,0,0,0,0,0,0,0,0,0,0,0,0,0,0,0,0,0,0,0,0,0,0,0,0,0,0,0,0,0,0,0,0,0,0,0,0,0,0,0,0,1,0,0,0,0,0,1,0,0,0,151,1,0,9,140,0,1,19,7,8
1424.ps1,1,2746,1,2745.0,2745,0,3,21,21,18,18,3,3,10,330,79,9,0,0,7,0,0,0,1,0,2,77,0,0,0,0,0,0,0,0,0,0,0,0,0,0,0,0,0,0,0,0,0,0,0,0,0,0,0,0,0,0,0,0,0,0,0,0,0,0,0,0,0,0,0,0,0,0,0,0,0,0,0,0,0,0,0,0,0,0,0,0,0,0,0,0,0,0,0,0,0,0,0,76,1,3,4,80,0,2,7,0,3
1432.ps1,1,2713,1,2712.0,2712,0,2,22,22,20,20,3,3,11,332,55,10,0,0,7,0,0,0,0,0,1,52,0,0,0,0,0,0,0,0,0,0,0,0,0,0,0,0,0,0,0,0,0,0,0,0,0,0,0,0,0,0,0,0,0,0,0,0,0,0,0,0,0,0,0,0,0,0,0,0,0,0,0,0,0,0,0,0,0,0,0,0,0,0,0,0,0,0,0,0,0,0,0,53,1,3,5,55,0,1,10,1,4
1435.ps1,1,2732,1,2731.0,2731,0,0,19,19,13,13,3,3,9,332,75,13,2,0,7,0,0,0,0,0,0,78,0,0,0,0,0,0,0,0,0,0,0,0,0,0,0,0,0,0,0,0,0,0,0,0,0,0,0,0,0,0,0,0,0,0,0,0,0,0,0,0,0,0,0,0,0,0,0,0,0,0,0,0,0,0,0,0,0,0,0,0,0,0,0,0,0,0,0,0,0,0,0,76,2,0,5,80,0,0,3,4,4
1437.ps1,1,2663,1,2662.0,2662,0,1,21,21,19,19,3,3,11,314,74,10,0,0,7,0,0,0,0,0,1,73,0,0,0,0,0,0,0,0,0,0,0,0,0,0,0,0,0,0,0,0,0,0,0,0,0,0,0,0,0,0,0,0,0,0,0,0,0,0,0,0,0,0,0,0,0,0,0,0,0,0,0,0,0,0,0,0,0,0,0,0,0,0,0,0,0,0,0,0,0,0,0,72,1,3,4,76,0,1,9,1,3
1436.ps1,1,720,1,719.0,719,0,0,15,15,10,10,1,1,15,5,88,9,2,6,2,0,2,0,1,0,0,90,0,0,0,0,0,0,0,0,0,0,0,0,0,0,0,0,0,0,0,0,0,0,0,0,0,0,0,0,0,0,0,0,0,0,0,0,0,0,0,0,0,0,0,0,0,0,0,1,0,0,0,0,0,0,0,0,0,0,0,0,0,1,0,0,0,0,0,0,0,0,0,87,2,3,6,95,0,0,7,1,5
1445.ps1,1,2576,1,2575.0,2575,0,1,20,20,16,16,3,3,7,314,51,13,0,0,7,0,0,0,1,0,1,50,0,0,0,0,0,0,0,0,0,0,0,0,0,0,0,0,0,0,0,0,0,0,0,0,0,0,0,0,0,0,0,0,0,0,0,0,0,0,0,0,0,0,0,0,0,0,0,0,0,0,0,0,0,0,0,0,0,0,0,0,0,0,0,0,0,0,0,0,0,0,0,52,1,0,6,50,0,1,6,4,5
1448.ps1,1,2914,1,2913.0,2913,0,1,21,21,20,20,3,3,7,356,83,13,0,0,7,0,0,0,1,0,1,79,0,0,0,0,0,0,0,0,0,0,0,0,0,0,0,0,0,0,0,0,0,0,0,0,0,0,0,0,0,0,0,0,0,0,0,0,0,0,0,0,0,0,0,0,0,0,0,0,0,0,0,0,0,0,0,0,0,0,0,0,0,0,0,0,0,0,0,0,0,0,0,84,1,0,7,79,0,1,10,4,6
1459.ps1,1,405,1,404.0,404,1,1,8,8,5,5,10,10,10,5,47,4,0,4,0,0,0,0,0,0,1,49,0,0,0,0,0,0,0,0,0,0,0,0,0,0,0,0,0,0,0,0,0,0,0,0,0,0,0,0,0,0,0,0,0,0,0,0,0,0,0,0,0,0,0,0,0,0,0,1,0,0,0,0,0,0,0,0,0,0,0,0,0,0,0,0,0,0,0,0,0,0,0,49,1,1,5,50,0,1,4,2,4
1449.ps1,1,2693,1,2692.0,2692,0,1,22,22,20,20,3,3,10,313,75,10,0,0,7,0,0,0,1,0,1,74,0,0,0,0,0,0,0,0,0,0,0,0,0,0,0,0,0,0,0,0,0,0,0,0,0,0,0,0,0,0,0,0,0,0,0,0,0,0,0,0,0,0,0,0,0,0,0,0,0,0,0,0,0,0,0,0,0,0,0,0,0,0,0,0,0,0,0,0,0,0,0,73,1,3,5,77,0,1,10,1,4
145.ps1,1,2753,1,2752.0,2752,0,1,24,24,25,25,3,3,11,332,57,10,0,0,7,0,0,0,0,0,1,50,0,0,0,0,0,0,0,0,0,0,0,0,0,0,0,0,0,0,0,0,0,0,0,0,0,0,0,0,0,0,0,0,0,0,0,0,0,0,0,0,0,0,0,0,0,0,0,0,0,0,0,0,0,0,0,0,0,0,0,0,0,0,0,0,0,0,0,0,0,0,0,55,1,3,7,53,0,1,15,1,6
1453.ps1,1,1149,1,1148.0,1148,0,1,13,13,23,22,2,1,22,9,143,10,0,5,7,0,2,1,0,0,1,139,0,0,0,0,0,0,0,0,0,0,0,0,0,0,0,0,0,0,0,0,0,0,0,0,0,0,0,0,0,0,0,0,0,0,0,0,0,0,0,0,0,0,0,0,0,0,0,0,0,0,0,0,0,0,0,0,0,0,0,0,0,1,0,0,0,0,0,0,0,0,0,147,1,0,8,139,0,1,14,6,7
1460.ps1,1,2661,1,2660.0,2660,0,0,19,19,15,15,3,3,10,330,51,10,0,0,7,0,0,0,0,0,0,52,0,0,0,0,0,0,0,0,0,0,0,0,0,0,0,0,0,0,0,0,0,0,0,0,0,0,0,0,0,0,0,0,0,0,0,0,0,0,0,0,0,0,0,0,0,0,0,0,0,0,0,0,0,0,0,0,0,0,0,0,1,0,0,0,0,0,0,0,0,0,0,48,1,3,2,56,0,0,6,0,1
1455.ps1,1,3007,1,3006.0,3006,0,0,24,24,23,23,5,5,13,315,61,21,2,0,12,0,0,0,3,0,0,58,0,0,0,0,0,0,0,0,0,0,0,0,0,0,0,0,0,0,0,0,0,0,0,0,0,0,0,0,0,0,0,0,0,0,0,0,0,0,0,0,0,0,0,0,0,0,0,0,0,0,0,1,0,0,0,0,0,0,0,0,0,2,0,0,0,0,0,0,0,0,0,62,2,0,7,60,0,0,10,5,6
1456.ps1,1,2637,1,2636.0,2636,0,2,21,21,23,23,3,3,8,312,57,12,0,0,7,0,0,0,0,0,2,48,0,0,0,0,0,0,0,0,0,0,0,0,0,0,0,0,0,0,0,0,0,0,0,0,0,0,0,0,0,0,0,0,0,0,0,0,0,0,0,0,0,0,0,0,0,0,0,0,0,0,0,0,0,0,0,0,0,0,0,0,0,0,0,0,0,0,0,0,0,0,0,57,1,0,7,48,0,2,12,3,6
1465.ps1,1,2944,1,2943.0,2943,0,0,21,21,16,16,3,3,9,380,58,14,2,0,7,0,0,0,0,0,0,58,0,0,0,0,0,0,0,0,0,0,0,0,0,0,0,0,0,0,0,0,0,0,0,0,0,0,0,0,0,0,0,0,0,0,0,0,0,0,0,0,0,0,0,0,0,0,0,0,0,0,0,0,0,0,0,0,0,0,0,0,0,0,0,0,0,0,0,0,0,0,0,59,2,0,7,60,0,0,6,4,6
1478.ps1,1,330,1,329.0,329,0,2,7,7,6,6,0,0,7,2,40,3,0,3,0,0,0,0,1,0,2,38,0,0,0,0,0,0,0,0,0,0,0,0,0,0,0,0,0,0,0,0,0,0,0,0,0,0,0,0,0,0,0,0,0,0,0,0,0,0,0,0,0,0,0,0,0,0,0,0,0,0,0,0,0,0,0,0,0,0,0,0,0,0,0,0,0,0,0,0,0,0,0,41,1,0,6,38,0,2,4,1,5
1466.ps1,1,2953,1,2952.0,2952,0,1,21,21,19,19,3,3,7,380,60,13,0,0,7,0,0,0,1,0,1,56,0,0,0,0,0,0,0,0,0,0,0,0,0,0,0,0,0,0,0,0,0,0,0,0,0,0,0,0,0,0,0,0,0,0,0,0,0,0,0,0,0,0,0,0,0,0,0,0,0,0,0,0,0,0,0,0,0,0,0,0,0,0,0,0,0,0,0,0,0,0,0,61,1,0,7,56,0,1,9,4,6
1473.ps1,1,2818,1,2817.0,2817,0,1,22,22,23,23,3,3,7,331,82,13,0,0,7,0,0,0,1,0,1,75,0,0,0,0,0,0,0,0,0,0,0,0,0,0,0,0,0,0,0,0,0,0,0,0,0,0,0,0,0,0,0,0,0,0,0,0,0,0,0,0,0,0,0,0,0,0,0,0,0,0,0,0,0,0,0,0,0,0,0,0,0,0,0,0,0,0,0,0,0,0,0,83,1,0,8,75,0,1,13,4,7
148.ps1,1,2767,1,2766.0,2766,0,1,20,20,19,19,3,3,7,332,79,13,0,0,7,0,0,0,1,0,1,75,0,0,0,0,0,0,0,0,0,0,0,0,0,0,0,0,0,0,0,0,0,0,0,0,0,0,0,0,0,0,0,0,0,0,0,0,0,0,0,0,0,0,0,0,0,0,0,0,0,0,0,0,0,0,0,0,0,0,0,0,0,0,0,0,0,0,0,0,0,0,0,80,1,0,6,75,0,1,9,4,5
147.ps1,1,3170,1,3169.0,3169,0,2,27,27,25,25,5,5,17,333,90,12,0,0,11,0,0,0,2,0,1,87,0,0,0,0,0,0,0,0,0,0,0,0,0,0,0,0,0,0,0,0,0,0,0,0,0,0,0,0,0,0,0,0,0,0,0,0,0,0,0,0,0,0,0,0,0,0,0,0,0,0,0,1,0,0,0,0,0,0,0,0,0,2,0,0,0,0,0,0,0,0,0,87,1,4,6,91,0,1,12,1,5
1479.ps1,1,2773,1,2772.0,2772,0,1,20,20,17,17,3,3,7,331,78,13,0,0,7,0,0,0,1,0,1,77,0,0,0,0,0,0,0,0,0,0,0,0,0,0,0,0,0,0,0,0,0,0,0,0,0,0,0,0,0,0,0,0,0,0,0,0,0,0,0,0,0,0,0,0,0,0,0,0,0,0,0,0,0,0,0,0,0,0,0,0,0,0,0,0,0,0,0,0,0,0,0,79,1,0,6,77,0,1,7,4,5
1485.ps1,1,2641,1,2640.0,2640,0,1,23,23,25,25,3,3,11,314,55,10,0,0,7,0,0,0,0,0,1,48,0,0,0,0,0,0,0,0,0,0,0,0,0,0,0,0,0,0,0,0,0,0,0,0,0,0,0,0,0,0,0,0,0,0,0,0,0,0,0,0,0,0,0,0,0,0,0,0,0,0,0,0,0,0,0,0,0,0,0,0,0,0,0,0,0,0,0,0,0,0,0,53,1,3,6,51,0,1,15,1,5
1481.ps1,1,2702,1,2701.0,2701,0,1,21,21,19,19,3,3,10,332,53,10,0,0,7,0,0,0,1,0,1,52,0,0,0,0,0,0,0,0,0,0,0,0,0,0,0,0,0,0,0,0,0,0,0,0,0,0,0,0,0,0,0,0,0,0,0,0,0,0,0,0,0,0,0,0,0,0,0,0,0,0,0,0,0,0,0,0,0,0,0,0,0,0,0,0,0,0,0,0,0,0,0,51,1,3,4,55,0,1,9,1,3
1482.ps1,1,2672,1,2671.0,2671,0,1,21,21,21,21,3,3,10,314,52,10,0,0,8,0,0,0,1,0,1,51,0,0,0,0,0,0,0,0,0,0,0,0,0,0,0,0,0,0,0,0,0,0,0,0,0,0,0,0,0,0,0,0,0,0,0,0,0,0,0,0,0,0,0,0,0,0,0,0,0,0,0,0,0,0,0,0,0,0,0,0,0,0,0,0,0,0,0,0,0,0,0,50,1,3,4,54,0,1,9,1,3
1483.ps1,1,2593,1,2592.0,2592,0,1,22,22,17,17,3,3,12,314,51,11,2,0,7,0,0,0,0,0,0,52,0,0,0,0,0,0,0,0,0,0,0,0,0,0,0,0,0,0,0,0,0,0,0,0,0,0,0,0,0,0,0,0,0,0,0,0,0,0,0,0,0,0,0,0,0,0,0,0,0,0,0,0,0,0,0,0,0,0,0,0,0,0,0,0,0,0,0,0,0,0,0,49,2,3,5,57,0,0,7,1,4
1475.ps1,1,2674,1,2673.0,2673,0,2,22,22,23,23,3,3,7,321,58,12,0,0,7,0,0,0,1,0,2,49,0,0,0,0,0,0,0,0,0,0,0,0,0,0,0,0,0,0,0,0,0,0,0,0,0,0,0,0,0,0,0,0,0,0,0,0,0,0,0,0,0,0,0,0,0,0,0,0,0,0,0,0,0,0,0,0,0,0,0,0,0,0,0,0,0,0,0,0,0,0,0,58,1,0,8,49,0,2,12,3,7
1488.ps1,1,2596,1,2595.0,2595,0,1,20,20,19,19,3,3,7,314,53,13,0,0,7,0,0,0,1,0,1,49,0,0,0,0,0,0,0,0,0,0,0,0,0,0,0,0,0,0,0,0,0,0,0,0,0,0,0,0,0,0,0,0,0,0,0,0,0,0,0,0,0,0,0,0,0,0,0,0,0,0,0,0,0,0,0,0,0,0,0,0,0,0,0,0,0,0,0,0,0,0,0,54,1,0,6,49,0,1,9,4,5
1503.ps1,1,2670,1,2669.0,2669,0,1,20,20,16,16,3,3,8,332,53,13,0,0,7,0,0,0,0,0,1,52,0,0,0,0,0,0,0,0,0,0,0,0,0,0,0,0,0,0,0,0,0,0,0,0,0,0,0,0,0,0,0,0,0,0,0,0,0,0,0,0,0,0,0,0,0,0,0,0,0,0,0,0,0,0,0,0,0,0,0,0,0,0,0,0,0,0,0,0,0,0,0,54,1,0,6,52,0,1,6,4,5
1500.ps1,1,3109,1,3108.0,3108,0,2,21,21,18,18,5,5,12,331,87,15,0,0,11,0,0,0,3,0,2,87,0,0,0,0,0,0,0,0,0,0,0,0,0,0,0,0,0,0,0,0,0,0,0,0,0,0,0,0,0,0,0,0,0,0,0,0,0,0,0,0,0,0,0,0,0,0,0,0,0,0,0,1,0,0,0,0,0,0,0,0,0,2,0,0,0,0,0,0,0,0,0,87,1,0,4,87,0,2,4,4,3
1487.ps1,1,3092,1,3091.0,3091,0,1,24,24,26,26,5,5,12,333,64,16,0,0,11,0,0,0,3,0,1,57,0,0,0,0,0,0,0,0,0,0,0,0,0,0,0,0,0,0,0,0,0,0,0,0,0,0,0,0,0,0,0,0,0,0,0,0,0,0,0,0,0,0,0,0,0,0,0,0,0,0,0,1,0,0,0,0,0,0,0,0,0,2,0,0,0,0,0,0,0,0,0,65,1,0,7,57,0,1,13,5,6
1492.ps1,1,2612,1,2611.0,2611,0,1,23,23,19,19,3,3,12,313,52,10,0,0,7,0,0,0,0,0,1,51,0,0,0,0,0,0,0,0,0,0,0,0,0,0,0,0,0,0,0,0,0,0,0,0,0,0,0,0,0,0,0,0,0,0,0,0,0,0,0,0,0,0,0,0,0,0,0,0,0,0,0,0,0,0,0,0,0,0,0,0,0,0,0,0,0,0,0,0,0,0,0,50,1,4,5,55,0,1,9,1,4
150.ps1,1,2757,1,2756.0,2756,0,1,22,22,14,14,3,3,12,332,75,11,2,0,7,0,0,0,0,0,0,79,0,0,0,0,0,0,0,0,0,0,0,0,0,0,0,0,0,0,0,0,0,0,0,0,0,0,0,0,0,0,0,0,0,0,0,0,0,0,0,0,0,0,0,0,0,0,0,0,0,0,0,0,0,0,0,0,0,0,0,0,0,0,0,0,0,0,0,0,0,0,0,73,2,3,5,84,0,0,4,1,4
1507.ps1,1,2744,1,2743.0,2743,0,0,20,20,16,16,3,3,9,332,77,13,2,0,7,0,0,0,0,0,0,77,0,0,0,0,0,0,0,0,0,0,0,0,0,0,0,0,0,0,0,0,0,0,0,0,0,0,0,0,0,0,0,0,0,0,0,0,0,0,0,0,0,0,0,0,0,0,0,0,0,0,0,0,0,0,0,0,0,0,0,0,0,0,0,0,0,0,0,0,0,0,0,78,2,0,6,79,0,0,6,4,5
1512.ps1,1,2763,1,2762.0,2762,0,2,21,21,20,20,3,3,10,330,79,9,0,0,7,0,0,0,1,0,2,76,0,0,0,0,0,0,0,0,0,0,0,0,0,0,0,0,0,0,0,0,0,0,0,0,0,0,0,0,0,0,0,0,0,0,0,0,0,0,0,0,0,0,0,0,0,0,0,0,0,0,0,0,0,0,0,0,0,0,0,0,0,0,0,0,0,0,0,0,0,0,0,76,1,3,4,79,0,2,9,0,3
1495.ps1,1,2643,1,2642.0,2642,0,2,20,20,17,17,3,3,8,312,76,12,0,0,7,0,0,0,0,0,2,73,0,0,0,0,0,0,0,0,0,0,0,0,0,0,0,0,0,0,0,0,0,0,0,0,0,0,0,0,0,0,0,0,0,0,0,0,0,0,0,0,0,0,0,0,0,0,0,0,0,0,0,0,0,0,0,0,0,0,0,0,0,0,0,0,0,0,0,0,0,0,0,76,1,0,6,73,0,2,6,3,5
1508.ps1,1,2736,1,2735.0,2735,0,1,22,22,19,19,3,3,9,322,78,13,0,0,7,0,0,0,0,0,1,74,0,0,0,0,0,0,0,0,0,0,0,0,0,0,0,0,0,0,0,0,0,0,0,0,0,0,0,0,0,0,0,0,0,0,0,0,0,0,0,0,0,0,0,0,0,0,0,0,0,0,0,0,0,0,0,0,0,0,0,0,0,0,0,0,0,0,0,0,0,0,0,79,1,1,7,75,0,1,9,4,6
1498.ps1,1,3076,1,3075.0,3075,0,2,22,22,23,23,3,3,11,396,64,9,0,0,7,0,0,0,0,0,2,58,0,0,0,0,0,0,0,0,0,0,0,0,0,0,0,0,0,0,0,0,0,0,0,0,0,0,0,0,0,0,0,0,0,0,0,0,0,0,0,0,0,0,0,0,0,0,0,0,0,0,0,0,0,0,0,0,0,0,0,0,0,0,0,0,0,0,0,0,0,0,0,61,1,3,5,61,0,2,12,0,4
1505.ps1,1,2662,1,2661.0,2661,0,0,19,19,18,18,3,3,7,312,76,13,0,0,7,0,0,0,0,0,0,71,0,0,0,0,0,0,0,0,0,0,0,0,0,0,0,0,0,0,0,0,0,0,0,0,0,0,0,0,0,0,0,0,0,0,0,0,0,0,0,0,0,0,0,0,0,0,0,0,0,0,0,0,0,0,0,0,0,0,0,0,1,0,0,0,0,0,0,0,0,0,0,76,1,0,5,72,0,0,9,3,4
1516.ps1,1,466,1,465.0,465,0,0,9,9,11,11,1,1,9,2,53,3,0,3,1,0,0,0,0,0,0,50,0,0,0,0,0,0,0,0,0,0,0,0,0,0,0,0,0,0,0,0,0,0,0,0,0,0,0,0,0,0,0,0,0,0,0,0,0,0,0,0,0,0,0,0,0,0,0,0,0,0,0,0,0,0,0,0,0,0,0,0,1,1,0,0,0,0,0,0,0,0,0,53,1,2,5,53,0,0,10,0,4
1511.ps1,1,3163,1,3162.0,3162,0,0,25,25,23,23,5,5,13,333,90,16,2,0,11,0,0,0,3,0,0,87,0,0,0,0,0,0,0,0,0,0,0,0,0,0,0,0,0,0,0,0,0,0,0,0,0,0,0,0,0,0,0,0,0,0,0,0,0,0,0,0,0,0,0,0,0,0,0,0,0,0,0,0,0,0,0,0,0,0,0,0,0,2,0,0,0,0,0,0,0,0,0,91,2,0,8,89,0,0,10,5,7
152.ps1,1,335,1,335.0,335,0,2,4,4,10,10,0,0,2,5,21,6,0,0,1,0,0,0,0,0,2,23,0,0,0,0,0,0,0,0,0,0,0,0,0,0,0,0,0,0,0,0,0,0,0,0,0,0,0,0,0,0,0,0,0,0,0,0,0,0,0,0,0,0,0,0,0,0,0,0,0,0,0,0,0,0,0,0,0,0,0,0,0,0,0,0,0,0,0,0,0,0,0,26,1,0,5,23,0,2,8,5,4
1522.ps1,1,2962,1,2961.0,2961,0,1,25,25,25,25,3,3,12,356,85,10,0,0,7,0,0,0,0,0,1,78,0,0,0,0,0,0,0,0,0,0,0,0,0,0,0,0,0,0,0,0,0,0,0,0,0,0,0,0,0,0,0,0,0,0,0,0,0,0,0,0,0,0,0,0,0,0,0,0,0,0,0,0,0,0,0,0,0,0,0,0,0,0,0,0,0,0,0,0,0,0,0,83,1,4,7,82,0,1,15,1,6
1520.ps1,1,2720,1,2719.0,2719,0,1,19,19,13,13,3,3,10,348,53,9,0,0,7,0,0,0,0,0,0,55,0,0,0,0,0,0,0,0,0,0,0,0,0,0,0,0,0,0,0,0,0,0,0,0,0,0,0,0,0,0,0,0,0,0,0,0,0,0,0,0,0,0,0,0,0,0,0,0,0,0,0,0,0,0,0,0,0,0,0,0,0,1,0,0,0,0,0,0,0,0,0,50,1,3,2,59,0,0,4,0,1
1539.ps1,1,2625,1,2624.0,2624,0,2,24,24,20,20,3,3,11,313,54,10,0,0,7,0,0,0,1,0,1,51,0,0,0,0,0,0,0,0,0,0,0,0,0,0,0,0,0,0,0,0,0,0,0,0,0,0,0,0,0,0,0,0,0,0,0,0,0,0,0,0,0,0,0,0,0,0,0,0,0,0,0,0,0,0,0,0,0,0,0,0,0,0,0,0,0,0,0,0,0,0,0,52,1,4,6,55,0,1,10,1,5
1535.ps1,1,2897,1,2896.0,2896,0,1,20,20,16,16,3,3,8,356,81,13,0,0,7,0,0,0,1,0,1,80,0,0,0,0,0,0,0,0,0,0,0,0,0,0,0,0,0,0,0,0,0,0,0,0,0,0,0,0,0,0,0,0,0,0,0,0,0,0,0,0,0,0,0,0,0,0,0,0,0,0,0,0,0,0,0,0,0,0,0,0,0,0,0,0,0,0,0,0,0,0,0,82,1,1,5,81,0,1,6,4,4
1541.ps1,1,2857,1,2856.0,2856,0,0,23,23,22,22,3,3,12,357,57,11,2,0,7,0,0,0,0,0,0,54,0,0,0,0,0,0,0,0,0,0,0,0,0,0,0,0,0,0,0,0,0,0,0,0,0,0,0,0,0,0,0,0,2,0,0,0,0,0,0,0,0,0,0,0,0,0,0,0,0,0,0,0,0,0,0,0,0,0,0,0,0,0,0,0,0,0,0,0,0,0,0,55,2,3,6,59,0,0,12,1,5
1529.ps1,1,2704,1,2703.0,2703,0,0,18,18,12,12,3,3,7,330,75,12,0,0,7,0,0,0,0,0,0,76,0,0,0,0,0,0,0,0,0,0,0,0,0,0,0,0,0,0,0,0,0,0,0,0,0,0,0,0,0,0,0,0,0,0,0,0,0,0,0,0,0,0,0,0,0,0,0,0,0,0,0,0,0,0,0,0,0,0,0,0,0,1,0,0,0,0,0,0,0,0,0,75,1,0,4,77,0,0,3,3,3
1542.ps1,1,2611,1,2610.0,2610,0,1,23,23,20,20,3,3,10,313,52,10,0,0,7,0,0,0,1,0,1,51,0,0,0,0,0,0,0,0,0,0,0,0,0,0,0,0,0,0,0,0,0,0,0,0,0,0,0,0,0,0,0,0,0,0,0,0,0,0,0,0,0,0,0,0,0,0,0,0,0,0,0,0,0,0,0,0,0,0,0,0,0,0,0,0,0,0,0,0,0,0,0,50,1,3,6,54,0,1,10,1,5
1538.ps1,1,2809,1,2808.0,2808,0,1,22,22,22,22,3,3,9,331,82,13,0,0,7,0,0,0,0,0,1,75,0,0,0,0,0,0,0,0,0,0,0,0,0,0,0,0,0,0,0,0,0,0,0,0,0,0,0,0,0,0,0,0,0,0,0,0,0,0,0,0,0,0,0,0,0,0,0,0,0,0,0,0,0,0,0,0,0,0,0,0,0,0,0,0,0,0,0,0,0,0,0,83,1,1,7,76,0,1,12,4,6
1556.ps1,1,2510,1,2509.0,2509,0,0,18,18,12,12,3,3,7,309,49,12,0,0,7,0,0,0,0,0,0,50,0,0,0,0,0,0,0,0,0,0,0,0,0,0,0,0,0,0,0,0,0,0,0,0,0,0,0,0,0,0,0,0,0,0,0,0,0,0,0,0,0,0,0,0,0,0,0,0,0,0,0,0,0,0,0,0,0,0,0,0,0,1,0,0,0,0,0,0,0,0,0,49,1,0,4,51,0,0,3,3,3
1543.ps1,1,2582,1,2581.0,2581,0,3,21,21,18,18,3,3,11,312,53,9,0,0,7,0,0,0,0,0,2,51,0,0,0,0,0,0,0,0,0,0,0,0,0,0,0,0,0,0,0,0,0,0,0,0,0,0,0,0,0,0,0,0,0,0,0,0,0,0,0,0,0,0,0,0,0,0,0,0,0,0,0,0,0,0,0,0,0,0,0,0,0,0,0,0,0,0,0,0,0,0,0,50,1,3,4,54,0,2,7,0,3
1555.ps1,1,3132,1,3131.0,3131,0,1,23,23,17,17,5,5,13,332,87,16,0,0,11,0,0,0,3,0,1,89,0,0,0,0,0,0,0,0,0,0,0,0,0,0,0,0,0,0,0,0,0,0,0,0,0,0,0,0,0,0,0,0,0,0,0,0,0,0,0,0,0,0,0,0,0,0,0,0,0,0,0,1,0,0,0,0,0,0,0,0,0,2,0,0,0,0,0,0,0,0,0,88,1,1,5,90,0,1,4,5,4
1546.ps1,1,2587,1,2586.0,2586,0,2,22,22,17,17,3,3,10,314,51,10,0,0,7,0,0,0,1,0,1,51,0,0,0,0,0,0,0,0,0,0,0,0,0,0,0,0,0,0,0,0,0,0,0,0,0,0,0,0,0,0,0,0,0,0,0,0,0,0,0,0,0,0,0,0,0,0,0,0,0,0,0,0,0,0,0,0,0,0,0,0,0,0,0,0,0,0,0,0,0,0,0,49,1,3,5,54,0,1,7,1,4
155.ps1,1,2760,1,2759.0,2759,0,1,20,20,16,16,3,3,8,331,78,13,0,0,7,0,0,0,1,0,1,77,0,0,0,0,0,0,0,0,0,0,0,0,0,0,0,0,0,0,0,0,0,0,0,0,0,0,0,0,0,0,0,0,0,0,0,0,0,0,0,0,0,0,0,0,0,0,0,0,0,0,0,0,0,0,0,0,0,0,0,0,0,0,0,0,0,0,0,0,0,0,0,79,1,1,5,78,0,1,6,4,4
157.ps1,1,2664,1,2663.0,2663,0,2,21,21,14,14,3,3,10,332,51,10,0,0,7,0,0,0,1,0,1,54,0,0,0,0,0,0,0,0,0,0,0,0,0,0,0,0,0,0,0,0,0,0,0,0,0,0,0,0,0,0,0,0,0,0,0,0,0,0,0,0,0,0,0,0,0,0,0,0,0,0,0,0,0,0,0,0,0,0,0,0,0,0,0,0,0,0,0,0,0,0,0,49,1,3,4,57,0,1,4,1,3
1570.ps1,1,2621,1,2620.0,2620,0,2,20,20,17,17,3,3,8,321,54,12,0,0,7,0,0,0,0,0,2,51,0,0,0,0,0,0,0,0,0,0,0,0,0,0,0,0,0,0,0,0,0,0,0,0,0,0,0,0,0,0,0,0,0,0,0,0,0,0,0,0,0,0,0,0,0,0,0,0,0,0,0,0,0,0,0,0,0,0,0,0,0,0,0,0,0,0,0,0,0,0,0,54,1,0,6,51,0,2,6,3,5
1545.ps1,1,371,1,370.0,370,0,1,8,8,3,3,0,0,10,5,41,4,2,3,1,0,0,0,0,0,0,46,0,0,0,0,0,0,0,0,0,0,0,0,0,0,0,0,0,0,0,0,0,0,0,0,0,0,0,0,0,0,0,0,0,0,0,0,0,0,0,0,0,0,0,0,0,0,0,0,0,0,0,0,0,0,0,0,0,0,0,0,0,0,0,0,0,0,0,0,0,0,0,41,2,2,4,50,0,0,2,1,3
1559.ps1,1,2760,1,2759.0,2759,0,0,18,18,12,12,3,3,7,355,53,12,0,0,7,0,0,0,0,0,0,54,0,0,0,0,0,0,0,0,0,0,0,0,0,0,0,0,0,0,0,0,0,0,0,0,0,0,0,0,0,0,0,0,0,0,0,0,0,0,0,0,0,0,0,0,0,0,0,0,0,0,0,0,0,0,0,0,0,0,0,0,0,1,0,0,0,0,0,0,0,0,0,53,1,0,4,55,0,0,3,3,3
1572.ps1,1,2683,1,2682.0,2682,0,2,20,20,17,17,3,3,7,330,55,12,0,0,7,0,0,0,1,0,2,52,0,0,0,0,0,0,0,0,0,0,0,0,0,0,0,0,0,0,0,0,0,0,0,0,0,0,0,0,0,0,0,0,0,0,0,0,0,0,0,0,0,0,0,0,0,0,0,0,0,0,0,0,0,0,0,0,0,0,0,0,0,0,0,0,0,0,0,0,0,0,0,55,1,0,6,52,0,2,6,3,5
1575.ps1,1,2778,1,2777.0,2777,0,1,23,23,19,19,3,3,12,331,78,10,0,0,7,0,0,0,0,0,1,77,0,0,0,0,0,0,0,0,0,0,0,0,0,0,0,0,0,0,0,0,0,0,0,0,0,0,0,0,0,0,0,0,0,0,0,0,0,0,0,0,0,0,0,0,0,0,0,0,0,0,0,0,0,0,0,0,0,0,0,0,0,0,0,0,0,0,0,0,0,0,0,76,1,4,5,81,0,1,9,1,4
1564.ps1,1,2595,1,2594.0,2594,0,3,22,22,18,18,3,3,11,312,53,9,0,0,7,0,0,0,0,0,2,51,0,0,0,0,0,0,0,0,0,0,0,0,0,0,0,0,0,0,0,0,0,0,0,0,0,0,0,0,0,0,0,0,0,0,0,0,0,0,0,0,0,0,0,0,0,0,0,0,0,0,0,0,0,0,0,0,0,0,0,0,0,0,0,0,0,0,0,0,0,0,0,50,1,3,5,54,0,2,7,0,4
1577.ps1,1,2640,1,2639.0,2639,0,2,20,20,17,17,3,3,7,312,76,12,0,0,7,0,0,0,1,0,2,73,0,0,0,0,0,0,0,0,0,0,0,0,0,0,0,0,0,0,0,0,0,0,0,0,0,0,0,0,0,0,0,0,0,0,0,0,0,0,0,0,0,0,0,0,0,0,0,0,0,0,0,0,0,0,0,0,0,0,0,0,0,0,0,0,0,0,0,0,0,0,0,76,1,0,6,73,0,2,6,3,5
1578.ps1,1,2761,1,2760.0,2760,0,2,21,21,20,20,3,3,10,330,79,9,0,0,7,0,0,0,1,0,2,76,0,0,0,0,0,0,0,0,0,0,0,0,0,0,0,0,0,0,0,0,0,0,0,0,0,0,0,0,0,0,0,0,0,0,0,0,0,0,0,0,0,0,0,0,0,0,0,0,0,0,0,0,0,0,0,0,0,0,0,0,0,0,0,0,0,0,0,0,0,0,0,76,1,3,4,79,0,2,9,0,3
1571.ps1,1,2667,1,2666.0,2666,0,2,23,23,17,17,3,3,11,313,75,10,0,0,7,0,0,0,1,0,1,75,0,0,0,0,0,0,0,0,0,0,0,0,0,0,0,0,0,0,0,0,0,0,0,0,0,0,0,0,0,0,0,0,0,0,0,0,0,0,0,0,0,0,0,0,0,0,0,0,0,0,0,0,0,0,0,0,0,0,0,0,0,0,0,0,0,0,0,0,0,0,0,73,1,4,5,79,0,1,7,1,4
1593.ps1,1,2598,1,2597.0,2597,0,2,20,20,20,20,3,3,7,312,55,12,0,0,7,0,0,0,1,0,2,49,0,0,0,0,0,0,0,0,0,0,0,0,0,0,0,0,0,0,0,0,0,0,0,0,0,0,0,0,0,0,0,0,0,0,0,0,0,0,0,0,0,0,0,0,0,0,0,0,0,0,0,0,0,0,0,0,0,0,0,0,0,0,0,0,0,0,0,0,0,0,0,55,1,0,6,49,0,2,9,3,5
1568.ps1,1,2659,1,2658.0,2658,0,1,20,20,16,16,3,3,10,330,53,9,0,0,7,0,0,0,0,0,0,52,0,0,0,0,0,0,0,0,0,0,0,0,0,0,0,0,0,0,0,0,0,0,0,0,0,0,0,0,0,0,0,0,0,0,0,0,0,0,0,0,0,0,0,0,0,0,0,0,0,0,0,0,0,0,0,0,0,0,0,0,0,1,0,0,0,0,0,0,0,0,0,50,1,3,3,56,0,0,7,0,2
1580.ps1,1,2688,1,2687.0,2687,0,2,21,21,20,20,3,3,10,330,55,9,0,0,7,0,0,0,1,0,2,52,0,0,0,0,0,0,0,0,0,0,0,0,0,0,0,0,0,0,0,0,0,0,0,0,0,0,0,0,0,0,0,0,0,0,0,0,0,0,0,0,0,0,0,0,0,0,0,0,0,0,0,0,0,0,0,0,0,0,0,0,0,0,0,0,0,0,0,0,0,0,0,52,1,3,4,55,0,2,9,0,3
1581.ps1,1,2674,1,2673.0,2673,0,0,19,19,13,13,3,3,8,323,73,13,2,0,7,0,0,0,1,0,0,76,0,0,0,0,0,0,0,0,0,0,0,0,0,0,0,0,0,0,0,0,0,0,0,0,0,0,0,0,0,0,0,0,0,0,0,0,0,0,0,0,0,0,0,0,0,0,0,0,0,0,0,0,0,0,0,0,0,0,0,0,0,0,0,0,0,0,0,0,0,0,0,74,2,0,5,78,0,0,3,4,4
1597.ps1,1,531,1,530.0,530,0,1,6,6,2,2,0,0,9,3,72,10,0,9,0,0,0,0,0,0,1,75,0,0,0,0,0,0,0,0,0,0,0,0,0,0,0,0,0,0,0,0,0,0,0,0,0,0,0,0,0,0,0,0,0,0,0,0,0,0,0,0,0,0,0,1,0,0,0,1,0,0,0,0,0,0,0,0,0,0,0,0,0,0,0,0,0,0,0,0,0,0,0,74,1,0,5,75,0,1,1,2,4
1594.ps1,1,2669,1,2668.0,2668,0,3,22,22,21,21,3,3,11,312,77,9,0,0,7,0,0,0,0,0,2,72,0,0,0,0,0,0,0,0,0,0,0,0,0,0,0,0,0,0,0,0,0,0,0,0,0,0,0,0,0,0,0,0,0,0,0,0,0,0,0,0,0,0,0,0,0,0,0,0,0,0,0,0,0,0,0,0,0,0,0,0,0,0,0,0,0,0,0,0,0,0,0,74,1,3,5,75,0,2,10,0,4
1587.ps1,1,2701,1,2700.0,2700,0,1,20,20,16,16,3,3,9,331,54,13,0,0,7,0,0,0,0,0,1,53,0,0,0,0,0,0,0,0,0,0,0,0,0,0,0,0,0,0,0,0,0,0,0,0,0,0,0,0,0,0,0,0,0,0,0,0,0,0,0,0,0,0,0,0,0,0,0,0,0,0,0,0,0,0,0,0,0,0,0,0,0,0,0,0,0,0,0,0,0,0,0,55,1,1,5,54,0,1,6,4,4
1600.ps1,1,2563,1,2562.0,2562,0,2,19,19,14,14,3,3,8,312,51,12,0,0,7,0,0,0,0,0,2,51,0,0,0,0,0,0,0,0,0,0,0,0,0,0,0,0,0,0,0,0,0,0,0,0,0,0,0,0,0,0,0,0,0,0,0,0,0,0,0,0,0,0,0,0,0,0,0,0,0,0,0,0,0,0,0,0,0,0,0,0,0,0,0,0,0,0,0,0,0,0,0,51,1,0,5,51,0,2,3,3,4
1601.ps1,1,2731,1,2730.0,2730,0,1,21,21,16,16,3,3,10,330,77,9,0,0,7,0,0,0,0,0,0,76,0,0,0,0,0,0,0,0,0,0,0,0,0,0,0,0,0,0,0,0,0,0,0,0,0,0,0,0,0,0,0,0,0,0,0,0,0,0,0,0,0,0,0,0,0,0,0,0,0,0,0,0,0,0,0,0,0,0,0,0,0,1,0,0,0,0,0,0,0,0,0,74,1,3,4,80,0,0,7,0,3
1612.ps1,1,2679,1,2678.0,2678,0,2,20,20,17,17,3,3,10,330,53,9,0,0,7,0,0,0,1,0,2,53,0,0,0,0,0,0,0,0,0,0,0,0,0,0,0,0,0,0,0,0,0,0,0,0,0,0,0,0,0,0,0,0,0,0,0,0,0,0,0,0,0,0,0,0,0,0,0,0,0,0,0,0,0,0,0,0,0,0,0,0,0,0,0,0,0,0,0,0,0,0,0,50,1,3,3,56,0,2,6,0,2
1584.ps1,1,442,1,441.0,441,1,2,7,7,6,6,0,0,11,4,42,4,0,3,1,0,0,0,1,0,2,45,0,0,0,0,0,0,0,0,0,0,0,0,0,0,0,0,0,0,0,0,0,0,0,0,0,0,0,0,0,0,0,0,0,0,0,0,0,0,0,0,0,0,0,0,0,0,0,0,0,0,0,0,0,0,0,0,0,0,0,0,0,0,0,0,0,0,0,0,0,0,0,45,1,0,5,45,0,2,3,3,4
161.ps1,1,2630,1,2629.0,2629,0,0,19,19,18,18,3,3,7,321,54,13,0,0,7,0,0,0,0,0,0,49,0,0,0,0,0,0,0,0,0,0,0,0,0,0,0,0,0,0,0,0,0,0,0,0,0,0,0,0,0,0,0,0,0,0,0,0,0,0,0,0,0,0,0,0,0,0,0,0,0,0,0,0,0,0,0,0,0,0,0,0,1,0,0,0,0,0,0,0,0,0,0,54,1,0,5,50,0,0,9,3,4
1603.ps1,1,2793,1,2792.0,2792,0,2,22,22,23,23,3,3,10,330,81,9,0,0,7,0,0,0,1,0,2,75,0,0,0,0,0,0,0,0,0,0,0,0,0,0,0,0,0,0,0,0,0,0,0,0,0,0,0,0,0,0,0,0,0,0,0,0,0,0,0,0,0,0,0,0,0,0,0,0,0,0,0,0,0,0,0,0,0,0,0,0,0,0,0,0,0,0,0,0,0,0,0,78,1,3,5,78,0,2,12,0,4
1611.ps1,1,518,1,517.0,517,0,1,9,9,11,11,0,0,10,6,51,7,0,4,0,0,0,0,0,0,1,51,0,0,0,0,0,0,0,0,0,0,0,0,0,0,0,0,0,0,0,0,0,0,0,0,0,0,0,0,0,0,0,0,0,0,0,0,0,0,0,0,0,0,0,0,0,0,0,0,0,0,0,0,0,0,0,0,0,0,0,0,0,0,0,0,0,0,0,0,0,0,0,56,1,1,6,52,0,1,10,5,5
1618.ps1,1,2679,1,2678.0,2678,0,1,20,20,16,16,3,3,7,332,52,13,0,0,7,0,0,0,1,0,1,51,0,0,0,0,0,0,0,0,0,0,0,0,0,0,0,0,0,0,0,0,0,0,0,0,0,0,0,0,0,0,0,0,0,0,0,0,0,0,0,0,0,0,0,0,0,0,0,0,0,0,0,0,0,0,0,0,0,0,0,0,0,0,0,0,0,0,0,0,0,0,0,53,1,0,6,51,0,1,6,4,5
1623.ps1,1,2548,1,2547.0,2547,0,0,20,20,18,18,3,3,10,309,51,9,0,0,7,0,0,0,0,0,0,49,0,0,0,0,0,0,0,0,0,0,0,0,0,0,0,0,0,0,0,0,0,0,0,0,0,0,0,0,0,0,0,0,0,0,0,0,0,0,0,0,0,0,0,0,0,0,0,0,0,0,0,0,0,0,0,0,0,0,0,0,0,1,0,0,0,0,0,0,0,0,0,48,1,3,3,53,0,0,9,0,2
1620.ps1,1,2694,1,2693.0,2693,0,2,22,22,17,17,3,3,12,331,54,10,0,0,7,0,0,0,0,0,1,54,0,0,0,0,0,0,0,0,0,0,0,0,0,0,0,0,0,0,0,0,0,0,0,0,0,0,0,0,0,0,0,0,0,0,0,0,0,0,0,0,0,0,0,0,0,0,0,0,0,0,0,0,0,0,0,0,0,0,0,0,0,0,0,0,0,0,0,0,0,0,0,52,1,4,4,58,0,1,7,1,3
1624.ps1,1,2649,1,2648.0,2648,0,3,21,21,18,18,3,3,11,312,76,9,0,0,7,0,0,0,0,0,2,74,0,0,0,0,0,0,0,0,0,0,0,0,0,0,0,0,0,0,0,0,0,0,0,0,0,0,0,0,0,0,0,0,0,0,0,0,0,0,0,0,0,0,0,0,0,0,0,0,0,0,0,0,0,0,0,0,0,0,0,0,0,0,0,0,0,0,0,0,0,0,0,73,1,3,4,77,0,2,7,0,3
1617.ps1,1,2608,1,2607.0,2607,0,2,21,21,20,20,3,3,7,312,55,12,0,0,7,0,0,0,1,0,2,49,0,0,0,0,0,0,0,0,0,0,0,0,0,0,0,0,0,0,0,0,0,0,0,0,0,0,0,0,0,0,0,0,0,0,0,0,0,0,0,0,0,0,0,0,0,0,0,0,0,0,0,0,0,0,0,0,0,0,0,0,0,0,0,0,0,0,0,0,0,0,0,55,1,0,7,49,0,2,9,3,6
1621.ps1,1,2813,1,2812.0,2812,0,2,24,24,24,24,3,3,11,331,82,10,0,0,7,0,0,0,0,0,1,76,0,0,0,0,0,0,0,0,0,0,0,0,0,0,0,0,0,0,0,0,0,0,0,0,0,0,0,0,0,0,0,0,0,0,0,0,0,0,0,0,0,0,0,0,0,0,0,0,0,0,0,0,0,0,0,0,0,0,0,0,0,0,0,0,0,0,0,0,0,0,0,80,1,3,7,79,0,1,14,1,6
1639.ps1,1,2823,1,2822.0,2822,0,2,22,22,20,20,3,3,11,355,57,9,0,0,7,0,0,0,0,0,2,54,0,0,0,0,0,0,0,0,0,0,0,0,0,0,0,0,0,0,0,0,0,0,0,0,0,0,0,0,0,0,0,0,0,0,0,0,0,0,0,0,0,0,0,0,0,0,0,0,0,0,0,0,0,0,0,0,0,0,0,0,0,0,0,0,0,0,0,0,0,0,0,54,1,3,5,57,0,2,9,0,4
1654.ps1,1,2637,1,2636.0,2636,0,3,23,23,24,24,3,3,10,312,57,9,0,0,7,0,0,0,1,0,2,49,0,0,0,0,0,0,0,0,0,0,0,0,0,0,0,0,0,0,0,0,0,0,0,0,0,0,0,0,0,0,0,0,0,0,0,0,0,0,0,0,0,0,0,0,0,0,0,0,0,0,0,0,0,0,0,0,0,0,0,0,0,0,0,0,0,0,0,0,0,0,0,54,1,3,6,52,0,2,13,0,5
163.ps1,1,3217,1,3216.0,3216,0,3,24,24,24,24,3,3,10,405,94,9,0,0,7,0,0,0,1,0,2,86,0,0,0,0,0,0,0,0,0,0,0,0,0,0,0,0,0,0,0,0,0,0,0,0,0,0,0,0,0,0,0,0,0,0,0,0,0,0,0,0,0,0,0,0,0,0,0,0,0,0,0,0,0,0,0,0,0,0,0,0,0,0,0,0,0,0,0,0,0,0,0,91,1,3,7,89,0,2,13,0,6
1626.ps1,1,2886,1,2885.0,2885,0,1,25,25,25,25,3,3,12,356,59,10,0,0,7,0,0,0,0,0,1,52,0,0,0,0,0,0,0,0,0,0,0,0,0,0,0,0,0,0,0,0,0,0,0,0,0,0,0,0,0,0,0,0,0,0,0,0,0,0,0,0,0,0,0,0,0,0,0,0,0,0,0,0,0,0,0,0,0,0,0,0,0,0,0,0,0,0,0,0,0,0,0,57,1,4,7,56,0,1,15,1,6
1640.ps1,1,2754,1,2753.0,2753,0,1,23,23,23,23,3,3,7,331,58,13,0,0,7,0,0,0,1,0,1,51,0,0,0,0,0,0,0,0,0,0,0,0,0,0,0,0,0,0,0,0,0,0,0,0,0,0,0,0,0,0,0,0,0,0,0,0,0,0,0,0,0,0,0,0,0,0,0,0,0,0,0,0,0,0,0,0,0,0,0,0,0,0,0,0,0,0,0,0,0,0,0,59,1,0,9,51,0,1,13,4,8
1642.ps1,1,2610,1,2609.0,2609,0,0,19,19,15,15,3,3,10,312,72,9,0,0,7,0,0,0,0,0,0,73,0,0,0,0,0,0,0,0,0,0,0,0,0,0,0,0,0,0,0,0,0,0,0,0,0,0,0,0,0,0,0,0,0,0,0,0,0,0,0,0,0,0,0,0,0,0,0,0,0,0,0,0,0,0,0,0,0,0,0,0,0,1,0,0,0,0,0,0,0,0,0,69,1,3,2,77,0,0,6,0,1
165.ps1,1,2572,1,2571.0,2571,0,2,19,19,17,17,3,3,7,312,53,12,0,0,7,0,0,0,1,0,2,50,0,0,0,0,0,0,0,0,0,0,0,0,0,0,0,0,0,0,0,0,0,0,0,0,0,0,0,0,0,0,0,0,0,0,0,0,0,0,0,0,0,0,0,0,0,0,0,0,0,0,0,0,0,0,0,0,0,0,0,0,0,0,0,0,0,0,0,0,0,0,0,53,1,0,5,50,0,2,6,3,4
1632.ps1,1,2773,1,2772.0,2772,0,3,22,22,21,21,3,3,11,330,81,9,0,0,7,0,0,0,0,0,2,76,0,0,0,0,0,0,0,0,0,0,0,0,0,0,0,0,0,0,0,0,0,0,0,0,0,0,0,0,0,0,0,0,0,0,0,0,0,0,0,0,0,0,0,0,0,0,0,0,0,0,0,0,0,0,0,0,0,0,0,0,0,0,0,0,0,0,0,0,0,0,0,78,1,3,5,79,0,2,10,0,4
1638.ps1,1,2706,1,2705.0,2705,0,1,21,21,17,17,3,3,7,322,76,13,0,0,7,0,0,0,1,0,1,75,0,0,0,0,0,0,0,0,0,0,0,0,0,0,0,0,0,0,0,0,0,0,0,0,0,0,0,0,0,0,0,0,0,0,0,0,0,0,0,0,0,0,0,0,0,0,0,0,0,0,0,0,0,0,0,0,0,0,0,0,0,0,0,0,0,0,0,0,0,0,0,77,1,0,7,75,0,1,7,4,6
1650.ps1,1,2982,1,2981.0,2981,0,1,25,25,27,27,5,5,12,314,63,16,0,0,11,0,0,0,3,0,1,56,0,0,0,0,0,0,0,0,0,0,0,0,0,0,0,0,0,0,0,0,0,0,0,0,0,0,0,0,0,0,0,0,0,0,0,0,0,0,0,0,0,0,0,0,0,0,0,0,0,0,0,1,0,0,0,0,0,0,0,0,0,2,0,0,0,0,0,0,0,0,0,64,1,0,8,56,0,1,14,5,7
1679.ps1,1,2679,1,2678.0,2678,0,0,19,19,18,18,3,3,7,330,55,12,0,0,7,0,0,0,0,0,0,50,0,0,0,0,0,0,0,0,0,0,0,0,0,0,0,0,0,0,0,0,0,0,0,0,0,0,0,0,0,0,0,0,0,0,0,0,0,0,0,0,0,0,0,0,0,0,0,0,0,0,0,0,0,0,0,0,0,0,0,0,0,1,0,0,0,0,0,0,0,0,0,55,1,0,5,51,0,0,9,3,4
1655.ps1,1,2718,1,2717.0,2717,0,1,21,21,18,18,3,3,10,314,74,10,0,0,8,0,0,0,1,0,1,76,0,0,0,0,0,0,0,0,0,0,0,0,0,0,0,0,0,0,0,0,0,0,0,0,0,0,0,0,0,0,0,0,0,0,0,0,0,0,0,0,0,0,0,0,0,0,0,0,0,0,0,0,0,0,0,0,0,0,0,0,0,0,0,0,0,0,0,0,0,0,0,72,1,3,4,79,0,1,6,1,3
1662.ps1,1,337,1,336.0,336,0,1,8,8,3,3,8,8,9,3,38,4,0,3,1,0,0,0,1,0,1,39,0,0,0,0,0,0,0,0,0,0,0,0,0,0,0,0,0,0,0,0,0,0,0,0,0,0,0,0,0,0,0,0,0,0,0,0,0,0,0,0,0,0,0,0,0,0,0,1,0,0,0,0,0,0,0,0,0,0,0,0,0,0,0,0,0,0,0,0,0,0,0,39,1,1,5,40,0,1,2,2,4
166.ps1,1,2711,1,2710.0,2710,0,1,21,21,16,16,3,3,9,322,76,13,0,0,7,0,0,0,0,0,1,75,0,0,0,0,0,0,0,0,0,0,0,0,0,0,0,0,0,0,0,0,0,0,0,0,0,0,0,0,0,0,0,0,0,0,0,0,0,0,0,0,0,0,0,0,0,0,0,0,0,0,0,0,0,0,0,0,0,0,0,0,0,0,0,0,0,0,0,0,0,0,0,77,1,1,6,76,0,1,6,4,5
1660.ps1,1,2721,1,2720.0,2720,0,1,14,14,17,17,2,2,20,7,80,12,0,21,12,0,0,0,1,0,1,50,0,0,0,0,0,0,0,0,0,0,0,0,0,0,0,0,0,0,0,0,0,0,0,0,0,0,0,0,0,0,0,0,0,0,0,0,0,0,0,0,0,0,0,0,0,0,0,0,1,0,0,0,0,1,0,0,0,0,0,0,0,1,0,0,0,0,0,0,0,4,0,58,1,0,7,50,0,1,12,4,6
1657.ps1,1,3058,1,3057.0,3057,0,1,22,22,17,17,3,3,11,402,60,10,2,0,7,0,0,0,1,0,0,61,0,0,0,0,0,0,0,0,0,0,0,0,0,0,0,0,0,0,0,0,0,0,0,0,0,0,0,0,0,0,0,0,0,0,0,0,0,0,0,0,0,0,0,0,0,0,0,0,0,0,0,0,0,0,0,0,0,0,0,0,0,0,0,0,0,0,0,0,0,0,0,58,2,3,5,66,0,0,7,1,4
1664.ps1,1,2738,1,2737.0,2737,0,2,24,24,23,23,3,3,10,332,56,10,0,0,7,0,0,0,1,0,1,50,0,0,0,0,0,0,0,0,0,0,0,0,0,0,0,0,0,0,0,0,0,0,0,0,0,0,0,0,0,0,0,0,0,0,0,0,0,0,0,0,0,0,0,0,0,0,0,0,0,0,0,0,0,0,0,0,0,0,0,0,0,0,0,0,0,0,0,0,0,0,0,54,1,3,7,53,0,1,13,1,6
1659.ps1,1,3177,1,3176.0,3176,0,1,26,26,27,27,5,5,16,331,92,12,0,0,11,0,0,0,2,0,0,85,0,0,0,0,0,0,0,0,0,0,0,0,0,0,0,0,0,0,0,0,0,0,0,0,0,0,0,0,0,0,0,0,0,0,0,0,0,0,0,0,0,0,0,0,0,0,0,0,0,0,0,1,0,0,0,0,0,0,0,0,1,2,0,0,0,0,0,0,0,0,0,88,1,4,5,90,0,0,15,0,4
1663.ps1,1,2603,1,2602.0,2602,0,1,21,21,17,17,3,3,8,313,52,13,0,0,7,0,0,0,0,0,1,51,0,0,0,0,0,0,0,0,0,0,0,0,0,0,0,0,0,0,0,0,0,0,0,0,0,0,0,0,0,0,0,0,0,0,0,0,0,0,0,0,0,0,0,0,0,0,0,0,0,0,0,0,0,0,0,0,0,0,0,0,0,0,0,0,0,0,0,0,0,0,0,53,1,0,7,51,0,1,7,4,6
1680.ps1,1,2640,1,2639.0,2639,0,1,22,22,17,17,3,3,11,311,73,10,2,0,7,0,0,0,1,0,0,74,0,0,0,0,0,0,0,0,0,0,0,0,0,0,0,0,0,0,0,0,0,0,0,0,0,0,0,0,0,0,0,0,0,0,0,0,0,0,0,0,0,0,0,0,0,0,0,0,0,0,0,0,0,0,0,0,0,0,0,0,0,0,0,0,0,0,0,0,0,0,0,71,2,3,5,79,0,0,7,1,4
1686.ps1,1,2730,1,2729.0,2729,0,1,21,21,19,19,3,3,9,331,56,13,0,0,7,0,0,0,0,0,1,52,0,0,0,0,0,0,0,0,0,0,0,0,0,0,0,0,0,0,0,0,0,0,0,0,0,0,0,0,0,0,0,0,0,0,0,0,0,0,0,0,0,0,0,0,0,0,0,0,0,0,0,0,0,0,0,0,0,0,0,0,0,0,0,0,0,0,0,0,0,0,0,57,1,1,6,53,0,1,9,4,5
1694.ps1,1,2606,1,2605.0,2605,0,0,23,23,19,19,3,3,12,314,51,10,2,0,7,0,0,0,0,0,0,51,0,0,0,0,0,0,0,0,0,0,0,0,0,0,0,0,0,0,0,0,0,0,0,0,0,0,0,0,0,0,0,0,0,0,0,0,0,0,0,0,0,0,0,0,0,0,0,0,0,0,0,0,0,0,0,0,0,0,0,0,0,0,0,0,0,0,0,0,0,0,0,49,2,3,6,56,0,0,9,1,5
169.ps1,1,1809,1,1808.0,1808,0,1,15,15,14,14,0,0,10,7,73,5,0,14,2,0,0,0,1,0,1,48,0,0,0,0,0,0,0,0,0,0,0,0,0,0,0,0,0,0,0,0,0,0,0,0,0,0,0,0,0,0,0,0,1,0,0,0,0,0,0,0,0,0,0,0,0,0,0,0,1,0,0,0,0,1,0,0,0,0,0,0,0,0,0,0,0,0,0,0,0,3,0,51,1,2,5,50,0,1,10,1,4
1693.ps1,1,492,1,491.0,491,1,1,12,12,18,18,0,0,13,7,35,3,0,3,0,0,0,0,0,0,1,32,0,0,0,0,0,0,0,0,0,0,0,0,0,0,0,0,0,0,0,0,0,0,0,0,0,0,0,0,0,0,0,0,0,0,0,0,0,0,0,0,0,0,0,0,0,0,0,0,0,0,0,0,0,0,0,0,0,0,0,0,0,0,0,0,0,0,0,0,0,0,0,36,1,4,6,36,0,1,17,1,5
168.ps1,1,1051,1,1050.0,1050,1,0,13,13,22,22,3,3,25,8,95,9,3,5,8,0,2,1,0,0,0,91,0,0,0,0,0,0,0,0,0,0,0,0,0,0,0,0,0,0,0,0,0,0,0,0,0,0,0,0,0,0,0,0,0,0,0,0,0,0,0,0,0,0,0,0,0,0,0,0,0,0,0,0,0,0,0,0,0,0,0,0,0,1,0,0,0,0,0,0,0,0,0,98,2,0,8,93,0,0,13,5,7
1685.ps1,1,2672,1,2671.0,2671,0,1,21,21,19,19,3,3,10,330,55,9,0,0,7,0,0,0,0,0,0,51,0,0,0,0,0,0,0,0,0,0,0,0,0,0,0,0,0,0,0,0,0,0,0,0,0,0,0,0,0,0,0,0,0,0,0,0,0,0,0,0,0,0,0,0,0,0,0,0,0,0,0,0,0,0,0,0,0,0,0,0,0,1,0,0,0,0,0,0,0,0,0,52,1,3,4,55,0,0,10,0,3
1677.ps1,1,2593,1,2592.0,2592,0,1,21,21,19,19,3,3,10,314,51,10,0,0,7,0,0,0,1,0,1,50,0,0,0,0,0,0,0,0,0,0,0,0,0,0,0,0,0,0,0,0,0,0,0,0,0,0,0,0,0,0,0,0,0,0,0,0,0,0,0,0,0,0,0,0,0,0,0,0,0,0,0,0,0,0,0,0,0,0,0,0,0,0,0,0,0,0,0,0,0,0,0,49,1,3,4,53,0,1,9,1,3
1698.ps1,1,2659,1,2658.0,2658,0,2,19,19,17,17,3,3,8,312,76,12,0,0,7,0,0,0,0,0,2,73,0,0,0,0,0,0,0,0,0,0,0,0,0,0,0,0,0,0,0,0,0,0,0,0,0,0,0,0,0,0,0,0,0,0,0,0,0,0,0,0,0,0,0,0,0,0,0,0,0,0,0,0,0,0,0,0,0,0,0,0,0,0,0,0,0,0,0,0,0,0,0,76,1,0,5,73,0,2,6,3,4
1683.ps1,1,2619,1,2618.0,2618,0,2,20,20,20,20,3,3,7,303,77,12,0,0,7,0,0,0,1,0,2,71,0,0,0,0,0,0,0,0,0,0,0,0,0,0,0,0,0,0,0,0,0,0,0,0,0,0,0,0,0,0,0,0,0,0,0,0,0,0,0,0,0,0,0,0,0,0,0,0,0,0,0,0,0,0,0,0,0,0,0,0,0,0,0,0,0,0,0,0,0,0,0,77,1,0,6,71,0,2,9,3,5
17.ps1,1,2706,1,2705.0,2705,0,1,24,24,22,22,3,3,11,313,77,10,0,0,7,0,0,0,1,0,1,73,0,0,0,0,0,0,0,0,0,0,0,0,0,0,0,0,0,0,0,0,0,0,0,0,0,0,0,0,0,0,0,0,0,0,0,0,0,0,0,0,0,0,0,0,0,0,0,0,0,0,0,0,0,0,0,0,0,0,0,0,0,0,0,0,0,0,0,0,0,0,0,75,1,4,6,77,0,1,12,1,5
170.ps1,1,2634,1,2633.0,2633,0,2,22,22,23,23,3,3,10,312,55,9,0,0,7,0,0,0,1,0,2,49,0,0,0,0,0,0,0,0,0,0,0,0,0,0,0,0,0,0,0,0,0,0,0,0,0,0,0,0,0,0,0,0,0,0,0,0,0,0,0,0,0,0,0,0,0,0,0,0,0,0,0,0,0,0,0,0,0,0,0,0,0,0,0,0,0,0,0,0,0,0,0,52,1,3,5,52,0,2,12,0,4
172.ps1,1,2940,1,2939.0,2939,0,2,23,23,24,24,5,5,12,313,62,15,0,0,11,0,0,0,3,0,2,56,0,0,0,0,0,0,0,0,0,0,0,0,0,0,0,0,0,0,0,0,0,0,0,0,0,0,0,0,0,0,0,0,0,0,0,0,0,0,0,0,0,0,0,0,0,0,0,0,0,0,0,1,0,0,0,0,0,0,0,0,0,2,0,0,0,0,0,0,0,0,0,62,1,0,6,56,0,2,10,4,5
1700.ps1,1,2711,1,2710.0,2710,0,1,22,22,23,23,3,3,7,313,79,13,0,0,7,0,0,0,1,0,1,72,0,0,0,0,0,0,0,0,0,0,0,0,0,0,0,0,0,0,0,0,0,0,0,0,0,0,0,0,0,0,0,0,0,0,0,0,0,0,0,0,0,0,0,0,0,0,0,0,0,0,0,0,0,0,0,0,0,0,0,0,0,0,0,0,0,0,0,0,0,0,0,80,1,0,8,72,0,1,13,4,7
1712.ps1,1,2789,1,2788.0,2788,0,1,24,24,20,20,3,3,11,332,79,10,2,0,7,0,0,0,1,0,0,77,0,0,0,0,0,0,0,0,0,0,0,0,0,0,0,0,0,0,0,0,0,0,0,0,0,0,0,0,0,0,0,0,0,0,0,0,0,0,0,0,0,0,0,0,0,0,0,0,0,0,0,0,0,0,0,0,0,0,0,0,0,0,0,0,0,0,0,0,0,0,0,77,2,3,7,82,0,0,10,1,6
1706.ps1,1,2623,1,2622.0,2622,0,2,20,20,17,17,3,3,8,321,54,12,0,0,7,0,0,0,0,0,2,51,0,0,0,0,0,0,0,0,0,0,0,0,0,0,0,0,0,0,0,0,0,0,0,0,0,0,0,0,0,0,0,0,0,0,0,0,0,0,0,0,0,0,0,0,0,0,0,0,0,0,0,0,0,0,0,0,0,0,0,0,0,0,0,0,0,0,0,0,0,0,0,54,1,0,6,51,0,2,6,3,5
1718.ps1,1,2617,1,2616.0,2616,0,2,19,19,17,17,3,3,7,321,54,12,0,0,7,0,0,0,1,0,2,51,0,0,0,0,0,0,0,0,0,0,0,0,0,0,0,0,0,0,0,0,0,0,0,0,0,0,0,0,0,0,0,0,0,0,0,0,0,0,0,0,0,0,0,0,0,0,0,0,0,0,0,0,0,0,0,0,0,0,0,0,0,0,0,0,0,0,0,0,0,0,0,54,1,0,5,51,0,2,6,3,4
1702.ps1,1,1148,1,1147.0,1147,0,2,16,16,24,24,1,1,28,7,130,5,0,5,8,0,2,0,0,0,1,126,0,0,0,0,0,0,0,0,0,0,0,0,0,0,0,0,0,0,0,0,0,0,0,0,0,0,0,0,0,0,0,0,0,0,0,0,0,0,0,0,0,0,0,0,0,0,0,0,0,0,0,0,0,0,0,0,0,0,0,0,0,1,0,0,0,0,0,0,0,0,0,129,1,4,7,130,0,1,15,1,6
1722.ps1,1,2747,1,2746.0,2746,0,0,13,13,8,8,2,2,21,7,101,13,2,25,13,0,0,0,1,0,0,78,0,0,0,0,0,0,0,0,0,0,0,0,0,0,0,0,0,0,0,0,0,0,0,0,0,0,0,0,0,0,0,0,3,0,0,0,0,0,0,0,0,0,0,0,0,0,0,0,1,0,0,0,0,1,0,0,0,0,0,0,0,1,0,0,0,0,0,0,0,1,0,76,2,0,6,80,0,0,3,4,5
1729.ps1,1,2642,1,2641.0,2641,0,1,19,19,16,16,3,3,8,314,74,13,0,0,7,0,0,0,0,0,1,73,0,0,0,0,0,0,0,0,0,0,0,0,0,0,0,0,0,0,0,0,0,0,0,0,0,0,0,0,0,0,0,0,0,0,0,0,0,0,0,0,0,0,0,0,0,0,0,0,0,0,0,0,0,0,0,0,0,0,0,0,0,0,0,0,0,0,0,0,0,0,0,75,1,0,5,73,0,1,6,4,4
1713.ps1,1,2622,1,2621.0,2621,0,0,23,23,19,19,3,3,11,314,51,10,2,0,7,0,0,0,1,0,0,51,0,0,0,0,0,0,0,0,0,0,0,0,0,0,0,0,0,0,0,0,0,0,0,0,0,0,0,0,0,0,0,0,0,0,0,0,0,0,0,0,0,0,0,0,0,0,0,0,0,0,0,0,0,0,0,0,0,0,0,0,0,0,0,0,0,0,0,0,0,0,0,49,2,3,6,56,0,0,9,1,5
1724.ps1,1,315,1,314.0,314,1,2,7,7,6,6,0,0,8,2,32,3,0,4,0,0,0,0,1,0,2,30,0,0,0,0,0,0,0,0,0,0,0,0,0,0,0,0,0,0,0,0,0,0,0,0,0,0,0,0,0,0,0,0,0,0,0,0,0,0,0,0,0,0,0,0,0,0,0,0,0,0,0,0,0,0,0,0,0,0,0,0,0,0,0,0,0,0,0,0,0,0,0,33,1,0,6,30,0,2,4,1,5
1721.ps1,1,2532,1,2531.0,2531,0,0,19,19,18,18,3,3,7,303,52,12,0,0,7,0,0,0,0,0,0,47,0,0,0,0,0,0,0,0,0,0,0,0,0,0,0,0,0,0,0,0,0,0,0,0,0,0,0,0,0,0,0,0,0,0,0,0,0,0,0,0,0,0,0,0,0,0,0,0,0,0,0,0,0,0,0,0,0,0,0,0,0,1,0,0,0,0,0,0,0,0,0,52,1,0,5,48,0,0,9,3,4
1720.ps1,1,2802,1,2801.0,2801,0,1,23,23,22,22,3,3,10,332,79,10,0,0,7,0,0,0,1,0,1,75,0,0,0,0,0,0,0,0,0,0,0,0,0,0,0,0,0,0,0,0,0,0,0,0,0,0,0,0,0,0,0,0,0,0,0,0,0,0,0,0,0,0,0,0,0,0,0,0,0,0,0,0,0,0,0,0,0,0,0,0,0,0,0,0,0,0,0,0,0,0,0,77,1,3,6,78,0,1,12,1,5
1728.ps1,1,1186,1,1185.0,1185,1,2,12,12,20,20,2,3,25,5,147,8,1,5,8,1,2,1,0,0,2,142,0,0,0,0,0,0,0,0,0,0,0,0,0,0,0,0,0,0,0,0,0,0,0,0,0,0,0,0,0,0,0,0,0,0,0,0,0,0,0,0,0,0,0,0,0,0,0,0,0,0,0,0,0,0,0,0,0,0,0,0,0,0,0,0,0,0,0,0,0,0,0,148,1,0,7,142,0,2,10,4,6
1725.ps1,1,2691,1,2690.0,2690,0,2,22,22,23,23,3,3,8,312,80,12,0,0,7,0,0,0,0,0,2,71,0,0,0,0,0,0,0,0,0,0,0,0,0,0,0,0,0,0,0,0,0,0,0,0,0,0,0,0,0,0,0,0,0,0,0,0,0,0,0,0,0,0,0,0,0,0,0,0,0,0,0,0,0,0,0,0,0,0,0,0,0,0,0,0,0,0,0,0,0,0,0,80,1,0,8,71,0,2,12,3,7
1736.ps1,1,2774,1,2773.0,2773,0,3,23,23,21,21,3,3,10,330,81,9,0,0,7,0,0,0,1,0,2,76,0,0,0,0,0,0,0,0,0,0,0,0,0,0,0,0,0,0,0,0,0,0,0,0,0,0,0,0,0,0,0,0,0,0,0,0,0,0,0,0,0,0,0,0,0,0,0,0,0,0,0,0,0,0,0,0,0,0,0,0,0,0,0,0,0,0,0,0,0,0,0,78,1,3,6,79,0,2,10,0,5
173.ps1,1,2958,1,2957.0,2957,0,0,20,20,18,18,3,3,7,370,85,12,0,0,7,0,0,0,0,0,0,80,0,0,0,0,0,0,0,0,0,0,0,0,0,0,0,0,0,0,0,0,0,0,0,0,0,0,0,0,0,0,0,0,0,0,0,0,0,0,0,0,0,0,0,0,0,0,0,0,0,0,0,0,0,0,0,0,0,0,0,0,0,1,0,0,0,0,0,0,0,0,0,85,1,0,6,81,0,0,9,3,5
1737.ps1,1,2759,1,2758.0,2758,0,3,22,22,18,18,3,3,10,330,79,9,0,0,7,0,0,0,1,0,2,77,0,0,0,0,0,0,0,0,0,0,0,0,0,0,0,0,0,0,0,0,0,0,0,0,0,0,0,0,0,0,0,0,0,0,0,0,0,0,0,0,0,0,0,0,0,0,0,0,0,0,0,0,0,0,0,0,0,0,0,0,0,0,0,0,0,0,0,0,0,0,0,76,1,3,5,80,0,2,7,0,4
1746.ps1,1,2924,1,2923.0,2923,0,2,23,23,21,21,3,3,10,356,83,10,0,0,7,0,0,0,1,0,1,80,0,0,0,0,0,0,0,0,0,0,0,0,0,0,0,0,0,0,0,0,0,0,0,0,0,0,0,0,0,0,0,0,0,0,0,0,0,0,0,0,0,0,0,0,0,0,0,0,0,0,0,0,0,0,0,0,0,0,0,0,0,0,0,0,0,0,0,0,0,0,0,81,1,3,6,83,0,1,11,1,5
1743.ps1,1,2638,1,2637.0,2637,0,2,23,23,22,22,3,3,11,313,55,10,0,0,7,0,0,0,0,0,1,51,0,0,0,0,0,0,0,0,0,0,0,0,0,0,0,0,0,0,0,0,0,0,0,0,0,0,0,0,0,0,0,0,0,0,0,0,0,0,0,0,0,0,0,0,0,0,0,0,0,0,0,0,0,0,0,0,0,0,0,0,0,0,0,0,0,0,0,0,0,0,0,53,1,3,6,54,0,1,12,1,5
1738.ps1,1,1004,1,1003.0,1003,1,1,18,18,23,24,1,1,28,8,94,6,0,6,7,0,3,1,0,0,1,91,0,0,0,0,0,0,0,0,0,0,0,0,0,0,0,0,0,0,0,0,0,0,0,0,0,0,0,0,0,0,0,0,0,0,0,0,0,0,0,0,0,0,0,0,0,0,0,0,0,0,0,0,0,0,0,0,0,0,0,0,0,0,0,0,0,0,0,0,0,0,0,92,1,5,7,96,0,1,15,1,6
1740.ps1,1,2662,1,2661.0,2661,0,1,22,22,19,19,3,3,10,312,76,10,0,0,7,0,0,0,0,0,0,72,0,0,0,0,0,0,0,0,0,0,0,0,0,0,0,0,0,0,0,0,0,0,0,0,0,0,0,0,0,0,0,0,0,0,0,0,0,0,0,0,0,0,0,0,0,0,0,0,0,0,0,0,0,0,0,0,0,0,0,0,1,0,0,0,0,0,0,0,0,0,0,73,1,3,5,76,0,0,10,0,4
1745.ps1,1,2631,1,2630.0,2630,0,3,24,24,24,24,3,3,10,309,57,9,0,0,7,0,0,0,1,0,2,49,0,0,0,0,0,0,0,0,0,0,0,0,0,0,0,0,0,0,0,0,0,0,0,0,0,0,0,0,0,0,0,0,0,0,0,0,0,0,0,0,0,0,0,0,0,0,0,0,0,0,0,0,0,0,0,0,0,0,0,0,0,0,0,0,0,0,0,0,0,0,0,54,1,3,7,52,0,2,13,0,6
1735.ps1,1,2769,1,2768.0,2768,0,0,21,21,16,16,3,3,9,332,77,14,2,0,7,0,0,0,0,0,0,77,0,0,0,0,0,0,0,0,0,0,0,0,0,0,0,0,0,0,0,0,0,0,0,0,0,0,0,0,0,0,0,0,0,0,0,0,0,0,0,0,0,0,0,0,0,0,0,0,0,0,0,0,0,0,0,0,0,0,0,0,0,0,0,0,0,0,0,0,0,0,0,78,2,0,7,79,0,0,6,4,6
1747.ps1,1,2716,1,2715.0,2715,0,2,22,22,23,23,3,3,10,330,57,9,0,0,7,0,0,0,1,0,2,51,0,0,0,0,0,0,0,0,0,0,0,0,0,0,0,0,0,0,0,0,0,0,0,0,0,0,0,0,0,0,0,0,0,0,0,0,0,0,0,0,0,0,0,0,0,0,0,0,0,0,0,0,0,0,0,0,0,0,0,0,0,0,0,0,0,0,0,0,0,0,0,54,1,3,5,54,0,2,12,0,4
1751.ps1,1,1081,1,1080.0,1080,0,2,17,16,24,25,1,2,27,6,123,6,0,5,7,0,2,0,0,0,1,119,0,0,0,0,0,0,0,0,0,0,0,0,0,0,0,0,0,0,0,0,0,0,0,0,0,0,0,0,0,0,0,0,0,0,0,0,0,0,0,0,0,0,0,0,0,0,0,0,0,0,0,0,0,0,0,0,0,0,0,0,0,0,0,0,0,0,0,0,0,0,0,122,1,4,7,123,0,1,16,1,6
1753.ps1,1,1064,1,1063.0,1063,0,2,16,16,12,12,2,2,15,6,133,8,0,6,5,0,0,0,3,0,1,135,0,0,0,0,0,0,0,0,0,0,0,0,0,0,0,0,0,0,0,0,0,0,0,0,0,0,0,0,0,0,0,0,1,0,0,0,0,0,0,0,0,0,0,0,0,0,0,0,0,0,0,0,0,0,0,0,0,0,0,0,0,1,0,0,0,0,0,0,0,0,0,134,1,4,6,139,0,1,11,1,5
1748.ps1,1,3018,1,3017.0,3017,0,0,22,22,19,19,3,3,9,373,85,14,2,0,7,0,0,0,0,0,0,82,0,0,0,0,0,0,0,0,0,0,0,0,0,0,0,0,0,0,0,0,0,0,0,0,0,0,0,0,0,0,0,0,0,0,0,0,0,0,0,0,0,0,0,0,0,0,0,0,0,0,0,0,0,0,0,0,0,0,0,0,0,0,0,0,0,0,0,0,0,0,0,86,2,0,8,84,0,0,9,4,7
176.ps1,1,2600,1,2599.0,2599,0,2,20,20,20,20,3,3,8,312,55,12,0,0,7,0,0,0,0,0,2,49,0,0,0,0,0,0,0,0,0,0,0,0,0,0,0,0,0,0,0,0,0,0,0,0,0,0,0,0,0,0,0,0,0,0,0,0,0,0,0,0,0,0,0,0,0,0,0,0,0,0,0,0,0,0,0,0,0,0,0,0,0,0,0,0,0,0,0,0,0,0,0,55,1,0,6,49,0,2,9,3,5
1759.ps1,1,2752,1,2751.0,2751,0,2,20,20,17,17,3,3,7,330,79,12,0,0,7,0,0,0,1,0,2,76,0,0,0,0,0,0,0,0,0,0,0,0,0,0,0,0,0,0,0,0,0,0,0,0,0,0,0,0,0,0,0,0,0,0,0,0,0,0,0,0,0,0,0,0,0,0,0,0,0,0,0,0,0,0,0,0,0,0,0,0,0,0,0,0,0,0,0,0,0,0,0,79,1,0,6,76,0,2,6,3,5
1761.ps1,1,2695,1,2694.0,2694,0,1,22,22,22,22,3,3,7,314,77,13,0,0,7,0,0,0,1,0,1,70,0,0,0,0,0,0,0,0,0,0,0,0,0,0,0,0,0,0,0,0,0,0,0,0,0,0,0,0,0,0,0,0,0,0,0,0,0,0,0,0,0,0,0,0,0,0,0,0,0,0,0,0,0,0,0,0,0,0,0,0,0,0,0,0,0,0,0,0,0,0,0,78,1,0,8,70,0,1,12,4,7
1760.ps1,1,2634,1,2633.0,2633,0,1,24,24,22,22,3,3,12,313,54,10,0,0,7,0,0,0,0,0,1,50,0,0,0,0,0,0,0,0,0,0,0,0,0,0,0,0,0,0,0,0,0,0,0,0,0,0,0,0,0,0,0,0,0,0,0,0,0,0,0,0,0,0,0,0,0,0,0,0,0,0,0,0,0,0,0,0,0,0,0,0,0,0,0,0,0,0,0,0,0,0,0,52,1,4,6,54,0,1,12,1,5
1765.ps1,1,296,1,295.0,295,1,0,6,6,3,3,0,0,10,4,26,4,2,3,0,0,0,0,0,0,0,30,0,0,0,0,0,0,0,0,0,0,0,0,0,0,0,0,0,0,0,0,0,0,0,0,0,0,0,0,0,0,0,0,0,0,0,0,0,0,0,0,0,0,0,0,0,0,0,0,0,0,0,0,0,0,0,0,0,0,0,0,0,0,0,0,0,0,0,0,0,1,0,27,2,1,4,33,0,0,2,1,3
1771.ps1,1,2827,1,2826.0,2826,0,1,25,25,23,23,3,3,12,332,81,11,2,0,7,0,0,0,0,0,0,76,0,0,0,0,0,0,0,0,0,0,0,0,0,0,0,0,0,0,0,0,0,0,0,0,0,0,0,0,0,0,0,0,0,0,0,0,0,0,0,0,0,0,0,0,0,0,0,0,0,0,0,0,0,0,0,0,0,0,0,0,0,0,0,0,0,0,0,0,0,0,0,79,2,3,8,81,0,0,13,1,7
1766.ps1,1,2719,1,2718.0,2718,0,2,22,22,23,23,3,3,7,330,59,12,0,0,7,0,0,0,1,0,2,50,0,0,0,0,0,0,0,0,0,0,0,0,0,0,0,0,0,0,0,0,0,0,0,0,0,0,0,0,0,0,0,0,0,0,0,0,0,0,0,0,0,0,0,0,0,0,0,0,0,0,0,0,0,0,0,0,0,0,0,0,0,0,0,0,0,0,0,0,0,0,0,59,1,0,8,50,0,2,12,3,7
1762.ps1,1,2579,1,2578.0,2578,0,0,20,20,16,16,3,3,8,314,51,13,2,0,7,0,0,0,1,0,0,51,0,0,0,0,0,0,0,0,0,0,0,0,0,0,0,0,0,0,0,0,0,0,0,0,0,0,0,0,0,0,0,0,0,0,0,0,0,0,0,0,0,0,0,0,0,0,0,0,0,0,0,0,0,0,0,0,0,0,0,0,0,0,0,0,0,0,0,0,0,0,0,52,2,0,6,53,0,0,6,4,5
1767.ps1,1,1554,1,1554.0,1554,0,0,11,11,5,5,84,84,34,8,28,6,0,2,25,0,0,0,0,0,0,29,0,0,0,0,0,0,0,0,0,0,0,0,0,0,0,0,0,0,0,0,0,0,0,0,0,0,0,0,0,0,0,0,0,0,0,0,0,0,0,0,0,0,0,0,0,0,0,1,0,0,0,0,0,0,0,0,0,0,0,0,1,0,0,0,0,0,0,0,0,1,0,29,1,0,3,30,0,0,4,1,2
177.ps1,1,2644,1,2643.0,2643,0,1,19,19,16,16,3,3,8,314,74,13,0,0,7,0,0,0,0,0,1,73,0,0,0,0,0,0,0,0,0,0,0,0,0,0,0,0,0,0,0,0,0,0,0,0,0,0,0,0,0,0,0,0,0,0,0,0,0,0,0,0,0,0,0,0,0,0,0,0,0,0,0,0,0,0,0,0,0,0,0,0,0,0,0,0,0,0,0,0,0,0,0,75,1,0,5,73,0,1,6,4,4
1777.ps1,1,2912,1,2911.0,2911,0,0,22,22,22,22,5,5,12,313,60,15,0,0,11,0,0,0,2,0,0,55,0,0,0,0,0,0,0,0,0,0,0,0,0,0,0,0,0,0,0,0,0,0,0,0,0,0,0,0,0,0,0,0,0,0,0,0,0,0,0,0,0,0,0,0,0,0,0,0,0,0,0,1,0,0,0,0,0,0,0,0,0,3,0,0,0,0,0,0,0,0,0,60,1,0,5,56,0,0,10,4,4
1779.ps1,1,2621,1,2620.0,2620,0,3,23,23,21,21,3,3,11,312,55,9,0,0,7,0,0,0,0,0,2,50,0,0,0,0,0,0,0,0,0,0,0,0,0,0,0,0,0,0,0,0,0,0,0,0,0,0,0,0,0,0,0,0,0,0,0,0,0,0,0,0,0,0,0,0,0,0,0,0,0,0,0,0,0,0,0,0,0,0,0,0,0,0,0,0,0,0,0,0,0,0,0,52,1,3,6,53,0,2,10,0,5
1775.ps1,1,2597,1,2596.0,2596,0,2,20,20,20,20,3,3,8,312,55,12,0,0,7,0,0,0,0,0,2,49,0,0,0,0,0,0,0,0,0,0,0,0,0,0,0,0,0,0,0,0,0,0,0,0,0,0,0,0,0,0,0,0,0,0,0,0,0,0,0,0,0,0,0,0,0,0,0,0,0,0,0,0,0,0,0,0,0,0,0,0,0,0,0,0,0,0,0,0,0,0,0,55,1,0,6,49,0,2,9,3,5
1773.ps1,1,2607,1,2606.0,2606,0,0,22,22,21,21,3,3,10,312,53,10,0,0,7,0,0,0,0,0,0,48,0,0,0,0,0,0,0,0,0,0,0,0,0,0,0,0,0,0,0,0,0,0,0,0,0,0,0,0,0,0,0,0,0,0,0,0,0,0,0,0,0,0,0,0,0,0,0,0,0,0,0,0,0,0,0,0,0,0,0,0,1,0,0,0,0,0,0,0,0,0,0,50,1,3,5,52,0,0,12,0,4
1774.ps1,1,2598,1,2597.0,2597,0,2,24,24,24,24,3,3,10,304,55,10,0,0,7,0,0,0,1,0,1,49,0,0,0,0,0,0,0,0,0,0,0,0,0,0,0,0,0,0,0,0,0,0,0,0,0,0,0,0,0,0,0,0,0,0,0,0,0,0,0,0,0,0,0,0,0,0,0,0,0,0,0,0,0,0,0,0,0,0,0,0,0,0,0,0,0,0,0,0,0,0,0,53,1,3,7,52,0,1,14,1,6
1782.ps1,1,2904,1,2903.0,2903,0,1,21,21,19,19,3,3,8,357,82,13,0,0,7,0,0,0,0,0,1,78,0,0,0,0,0,0,0,0,0,0,0,0,0,0,0,0,0,0,0,0,0,0,0,0,0,0,0,0,0,0,0,0,0,0,0,0,0,0,0,0,0,0,0,0,0,0,0,0,0,0,0,0,0,0,0,0,0,0,0,0,0,0,0,0,0,0,0,0,0,0,0,83,1,0,7,78,0,1,9,4,6
1794.ps1,1,2912,1,2911.0,2911,0,3,23,23,21,21,3,3,10,355,84,9,0,0,7,0,0,0,1,0,2,79,0,0,0,0,0,0,0,0,0,0,0,0,0,0,0,0,0,0,0,0,0,0,0,0,0,0,0,0,0,0,0,0,0,0,0,0,0,0,0,0,0,0,0,0,0,0,0,0,0,0,0,0,0,0,0,0,0,0,0,0,0,0,0,0,0,0,0,0,0,0,0,81,1,3,6,82,0,2,10,0,5
179.ps1,1,506,1,505.0,505,0,0,12,12,20,20,0,0,11,5,45,2,0,4,0,0,0,0,0,0,0,38,0,0,0,0,0,0,0,0,0,0,0,0,0,0,0,0,0,0,0,0,0,0,0,0,0,0,0,0,0,0,0,0,0,0,0,0,0,0,0,0,0,0,0,0,0,0,0,0,0,0,0,0,0,0,0,0,0,0,0,0,0,1,0,0,0,0,0,0,0,0,0,45,1,4,6,43,0,0,20,0,5
1796.ps1,1,2671,1,2670.0,2670,0,1,19,19,14,14,3,3,8,331,52,13,0,0,7,0,0,0,0,0,1,54,0,0,0,0,0,0,0,0,0,0,0,0,0,0,0,0,0,0,0,0,0,0,0,0,0,0,0,0,0,0,0,0,0,0,0,0,0,0,0,0,0,0,0,0,0,0,0,0,0,0,0,0,0,0,0,0,0,0,0,0,0,0,0,0,0,0,0,0,0,0,0,53,1,0,5,54,0,1,4,4,4
1791.ps1,1,2776,1,2775.0,2775,0,1,18,18,13,13,3,3,8,357,53,13,0,0,7,0,0,0,0,0,1,55,0,0,0,0,0,0,0,0,0,0,0,0,0,0,0,0,0,0,0,0,0,0,0,0,0,0,0,0,0,0,0,0,0,0,0,0,0,0,0,0,0,0,0,0,0,0,0,0,0,0,0,0,0,0,0,0,0,0,0,0,0,0,0,0,0,0,0,0,0,0,0,54,1,0,4,55,0,1,3,4,3
1803.ps1,1,2674,1,2673.0,2673,0,2,21,21,20,20,3,3,8,312,78,12,0,0,7,0,0,0,0,0,2,72,0,0,0,0,0,0,0,0,0,0,0,0,0,0,0,0,0,0,0,0,0,0,0,0,0,0,0,0,0,0,0,0,0,0,0,0,0,0,0,0,0,0,0,0,0,0,0,0,0,0,0,0,0,0,0,0,0,0,0,0,0,0,0,0,0,0,0,0,0,0,0,78,1,0,7,72,0,2,9,3,6
1800.ps1,1,402,1,401.0,401,0,2,7,7,6,6,10,10,7,4,40,3,0,3,0,0,0,0,1,0,2,40,0,0,0,0,0,0,0,0,0,0,0,0,0,0,0,0,0,0,0,0,0,0,0,0,0,0,0,0,0,0,0,0,0,0,0,0,0,0,0,0,0,0,0,0,0,0,0,1,0,0,0,0,0,0,0,0,0,0,0,0,0,0,0,0,0,0,0,0,0,1,0,41,1,0,5,40,0,2,4,1,4
1780.ps1,1,3067,1,3066.0,3066,0,1,25,25,24,24,5,5,13,323,63,21,0,0,12,0,0,0,2,0,1,59,0,0,0,0,0,0,0,0,0,0,0,0,0,0,0,0,0,0,0,0,0,0,0,0,0,0,0,0,0,0,0,0,0,0,0,0,0,0,0,0,0,0,0,0,0,0,0,0,0,0,0,0,0,0,0,0,0,0,0,0,0,2,0,0,0,0,0,0,0,0,0,64,1,0,8,59,0,1,11,5,7
1781.ps1,1,2903,1,2902.0,2902,0,0,22,22,19,19,3,3,8,357,82,13,2,0,7,0,0,0,1,0,0,79,0,0,0,0,0,0,0,0,0,0,0,0,0,0,0,0,0,0,0,0,0,0,0,0,0,0,0,0,0,0,0,0,0,0,0,0,0,0,0,0,0,0,0,0,0,0,0,0,0,0,0,0,0,0,0,0,0,0,0,0,0,0,0,0,0,0,0,0,0,0,0,83,2,0,8,81,0,0,9,4,7
1823.ps1,1,2776,1,2775.0,2775,0,1,23,23,20,20,3,3,11,332,79,10,2,0,7,0,0,0,1,0,0,77,0,0,0,0,0,0,0,0,0,0,0,0,0,0,0,0,0,0,0,0,0,0,0,0,0,0,0,0,0,0,0,0,0,0,0,0,0,0,0,0,0,0,0,0,0,0,0,0,0,0,0,0,0,0,0,0,0,0,0,0,0,0,0,0,0,0,0,0,0,0,0,77,2,3,6,82,0,0,10,1,5
1819.ps1,1,2544,1,2543.0,2543,0,2,21,21,20,20,3,3,11,303,52,9,0,0,7,0,0,0,0,0,2,49,0,0,0,0,0,0,0,0,0,0,0,0,0,0,0,0,0,0,0,0,0,0,0,0,0,0,0,0,0,0,0,0,0,0,0,0,0,0,0,0,0,0,0,0,0,0,0,0,0,0,0,0,0,0,0,0,0,0,0,0,0,0,0,0,0,0,0,0,0,0,0,49,1,3,4,52,0,2,9,0,3
1807.ps1,1,1061,1,1060.0,1060,0,1,16,16,25,25,2,2,26,6,96,5,0,4,8,0,2,0,0,0,1,92,0,0,0,0,0,0,0,0,0,0,0,0,0,0,0,0,0,0,0,0,0,0,0,0,0,0,0,0,0,0,0,0,0,0,0,0,0,0,0,0,0,0,0,0,0,0,0,0,0,0,0,0,0,0,0,0,0,0,0,0,0,1,0,0,0,0,0,0,0,1,0,95,1,4,7,96,0,1,16,1,6
1825.ps1,1,2700,1,2699.0,2699,0,0,22,22,19,19,3,3,8,332,55,13,2,0,7,0,0,0,1,0,0,52,0,0,0,0,0,0,0,0,0,0,0,0,0,0,0,0,0,0,0,0,0,0,0,0,0,0,0,0,0,0,0,0,0,0,0,0,0,0,0,0,0,0,0,0,0,0,0,0,0,0,0,0,0,0,0,0,0,0,0,0,0,0,0,0,0,0,0,0,0,0,0,56,2,0,8,54,0,0,9,4,7
1816.ps1,1,2573,1,2572.0,2572,0,0,19,19,13,13,3,3,8,314,49,13,2,0,7,0,0,0,1,0,0,52,0,0,0,0,0,0,0,0,0,0,0,0,0,0,0,0,0,0,0,0,0,0,0,0,0,0,0,0,0,0,0,0,0,0,0,0,0,0,0,0,0,0,0,0,0,0,0,0,0,0,0,0,0,0,0,0,0,0,0,0,0,0,0,0,0,0,0,0,0,0,0,50,2,0,5,54,0,0,3,4,4
1826.ps1,1,2635,1,2634.0,2634,0,2,23,23,20,20,3,3,11,313,54,10,0,0,7,0,0,0,1,0,1,51,0,0,0,0,0,0,0,0,0,0,0,0,0,0,0,0,0,0,0,0,0,0,0,0,0,0,0,0,0,0,0,0,0,0,0,0,0,0,0,0,0,0,0,0,0,0,0,0,0,0,0,0,0,0,0,0,0,0,0,0,0,0,0,0,0,0,0,0,0,0,0,52,1,4,5,55,0,1,10,1,4
1824.ps1,1,291,1,290.0,290,1,0,5,5,1,1,6,6,8,1,36,4,0,4,0,0,0,0,0,0,0,37,0,0,0,0,0,0,0,0,0,0,0,0,0,0,0,0,0,0,0,0,0,0,0,0,0,0,0,0,0,0,0,0,0,0,0,0,0,0,0,0,0,0,0,0,0,0,0,1,0,0,0,0,0,0,0,0,0,0,0,0,1,0,0,0,0,0,0,0,0,0,0,37,1,0,4,38,0,0,1,0,3
182.ps1,1,2815,1,2814.0,2814,0,1,20,20,16,16,3,3,8,357,55,13,0,0,7,0,0,0,0,0,1,54,0,0,0,0,0,0,0,0,0,0,0,0,0,0,0,0,0,0,0,0,0,0,0,0,0,0,0,0,0,0,0,0,0,0,0,0,0,0,0,0,0,0,0,0,0,0,0,0,0,0,0,0,0,0,0,0,0,0,0,0,0,0,0,0,0,0,0,0,0,0,0,56,1,0,6,54,0,1,6,4,5
1830.ps1,1,2739,1,2738.0,2738,0,1,20,20,16,16,3,3,11,332,75,10,0,0,7,0,0,0,0,0,1,77,0,0,0,0,0,0,0,0,0,0,0,0,0,0,0,0,0,0,0,0,0,0,0,0,0,0,0,0,0,0,0,0,0,0,0,0,0,0,0,0,0,0,0,0,0,0,0,0,0,0,0,0,0,0,0,0,0,0,0,0,0,0,0,0,0,0,0,0,0,0,0,73,1,3,3,80,0,1,6,1,2
1843.ps1,1,2831,1,2830.0,2830,0,2,23,23,20,20,3,3,11,357,57,10,0,0,7,0,0,0,0,0,1,54,0,0,0,0,0,0,0,0,0,0,0,0,0,0,0,0,0,0,0,0,0,0,0,0,0,0,0,0,0,0,0,0,0,0,0,0,0,0,0,0,0,0,0,0,0,0,0,0,0,0,0,0,0,0,0,0,0,0,0,0,0,0,0,0,0,0,0,0,0,0,0,55,1,3,6,57,0,1,10,1,5
1839.ps1,1,404,1,403.0,403,0,0,8,8,5,5,10,10,10,6,49,4,2,3,0,0,0,0,1,0,0,52,0,0,0,0,0,0,0,0,0,0,0,0,0,0,0,0,0,0,0,0,0,0,0,0,0,0,0,0,0,0,0,0,0,0,0,0,0,0,0,0,0,0,0,0,0,0,0,1,0,0,0,0,0,0,0,0,0,0,0,0,0,0,0,0,0,0,0,0,0,0,0,51,2,0,6,54,0,0,4,2,5
1837.ps1,1,207,1,206.0,206,0,1,7,7,2,2,2,2,5,2,22,3,0,3,0,0,0,0,1,0,1,24,0,0,0,0,0,0,0,0,0,0,0,0,0,0,0,0,0,0,0,0,0,0,0,0,0,0,0,0,0,0,0,0,0,0,0,0,0,0,0,0,0,0,0,0,0,0,0,1,0,0,0,0,0,0,0,0,0,0,0,0,0,1,0,0,0,0,0,0,0,0,0,24,1,0,5,24,0,1,1,1,4
1833.ps1,1,2601,1,2600.0,2600,0,2,20,20,20,20,3,3,7,312,55,12,0,0,7,0,0,0,1,0,2,49,0,0,0,0,0,0,0,0,0,0,0,0,0,0,0,0,0,0,0,0,0,0,0,0,0,0,0,0,0,0,0,0,0,0,0,0,0,0,0,0,0,0,0,0,0,0,0,0,0,0,0,0,0,0,0,0,0,0,0,0,0,0,0,0,0,0,0,0,0,0,0,55,1,0,6,49,0,2,9,3,5
1846.ps1,1,2705,1,2704.0,2704,0,0,21,21,19,19,3,3,9,332,55,14,2,0,7,0,0,0,0,0,0,52,0,0,0,0,0,0,0,0,0,0,0,0,0,0,0,0,0,0,0,0,0,0,0,0,0,0,0,0,0,0,0,0,0,0,0,0,0,0,0,0,0,0,0,0,0,0,0,0,0,0,0,0,0,0,0,0,0,0,0,0,0,0,0,0,0,0,0,0,0,0,0,56,2,0,7,54,0,0,9,4,6
1840.ps1,1,341,1,340.0,340,1,1,6,6,2,2,6,6,11,3,37,5,0,6,0,0,0,0,1,0,1,39,0,0,0,0,0,0,0,0,0,0,0,0,0,0,0,0,0,0,0,0,0,0,0,0,0,0,0,0,0,0,0,0,0,0,0,0,0,0,0,0,0,0,0,0,0,0,0,1,0,0,0,0,0,0,0,0,0,0,0,0,0,0,0,0,0,0,0,0,0,0,0,39,1,0,5,39,0,1,1,1,4
185.ps1,1,312,1,311.0,311,0,0,7,7,3,3,0,0,10,4,29,3,2,4,0,0,0,0,1,0,0,33,0,0,0,0,0,0,0,0,0,0,0,0,0,0,0,0,0,0,0,0,0,0,0,0,0,0,0,0,0,0,0,0,0,0,0,0,0,0,0,0,0,0,0,0,0,0,0,0,0,0,0,0,0,0,0,0,0,0,0,0,0,0,0,0,0,0,0,0,0,0,0,30,2,1,5,36,0,0,2,1,4
1848.ps1,1,2721,1,2720.0,2720,0,0,23,23,22,22,3,3,9,332,57,13,2,0,7,0,0,0,0,0,0,51,0,0,0,0,0,0,0,0,0,0,0,0,0,0,0,0,0,0,0,0,0,0,0,0,0,0,0,0,0,0,0,0,0,0,0,0,0,0,0,0,0,0,0,0,0,0,0,0,0,0,0,0,0,0,0,0,0,0,0,0,0,0,0,0,0,0,0,0,0,0,0,58,2,0,9,53,0,0,12,4,8
1852.ps1,1,2590,1,2589.0,2589,0,1,20,20,17,17,3,3,8,313,52,13,0,0,7,0,0,0,0,0,1,51,0,0,0,0,0,0,0,0,0,0,0,0,0,0,0,0,0,0,0,0,0,0,0,0,0,0,0,0,0,0,0,0,0,0,0,0,0,0,0,0,0,0,0,0,0,0,0,0,0,0,0,0,0,0,0,0,0,0,0,0,0,0,0,0,0,0,0,0,0,0,0,53,1,0,6,51,0,1,7,4,5
1849.ps1,1,2651,1,2650.0,2650,0,1,20,20,14,14,3,3,8,313,73,13,0,0,7,0,0,0,0,0,1,75,0,0,0,0,0,0,0,0,0,0,0,0,0,0,0,0,0,0,0,0,0,0,0,0,0,0,0,0,0,0,0,0,0,0,0,0,0,0,0,0,0,0,0,0,0,0,0,0,0,0,0,0,0,0,0,0,0,0,0,0,0,0,0,0,0,0,0,0,0,0,0,74,1,0,6,75,0,1,4,4,5
1851.ps1,1,2599,1,2598.0,2598,0,2,20,20,20,20,3,3,7,312,55,12,0,0,7,0,0,0,1,0,2,49,0,0,0,0,0,0,0,0,0,0,0,0,0,0,0,0,0,0,0,0,0,0,0,0,0,0,0,0,0,0,0,0,0,0,0,0,0,0,0,0,0,0,0,0,0,0,0,0,0,0,0,0,0,0,0,0,0,0,0,0,0,0,0,0,0,0,0,0,0,0,0,55,1,0,6,49,0,2,9,3,5
1853.ps1,1,3831,1,3830.0,3830,0,1,19,19,13,13,3,3,10,536,106,10,0,0,7,0,0,0,0,0,0,108,0,0,0,0,0,0,0,0,0,0,0,0,0,0,0,0,0,0,0,0,0,0,0,0,0,0,0,0,0,0,0,0,0,0,0,0,0,0,0,0,0,0,0,0,0,0,0,0,0,0,0,0,0,0,0,0,0,0,0,0,1,0,0,0,0,0,0,0,0,0,0,103,1,3,2,112,0,0,4,0,1
1856.ps1,1,537,1,536.0,536,0,2,12,12,13,13,0,0,12,7,48,3,0,4,0,0,0,0,0,0,1,49,0,0,0,0,0,0,0,0,0,0,0,0,0,0,0,0,0,0,0,0,0,0,0,0,0,0,0,0,0,0,0,0,0,0,0,0,0,0,0,0,0,0,0,0,0,0,0,0,0,0,0,0,0,0,0,0,0,0,0,0,0,0,0,0,0,0,0,0,0,0,0,49,1,4,6,53,0,1,12,1,5
1864.ps1,1,2705,1,2704.0,2704,0,2,21,21,17,17,3,3,11,321,76,9,0,0,7,0,0,0,0,0,2,76,0,0,0,0,0,0,0,0,0,0,0,0,0,0,0,0,0,0,0,0,0,0,0,0,0,0,0,0,0,0,0,0,0,0,0,0,0,0,0,0,0,0,0,0,0,0,0,0,0,0,0,0,0,0,0,0,0,0,0,0,0,0,0,0,0,0,0,0,0,0,0,73,1,3,4,79,0,2,6,0,3
1854.ps1,1,2765,1,2764.0,2764,0,2,21,21,14,14,3,3,11,349,54,10,0,0,7,0,0,0,1,0,1,57,0,0,0,0,0,0,0,0,0,0,0,0,0,0,0,0,0,0,0,0,0,0,0,0,0,0,0,0,0,0,0,0,0,0,0,0,0,0,0,0,0,0,0,0,0,0,0,0,0,0,0,0,0,0,0,0,0,0,0,0,0,0,0,0,0,0,0,0,0,0,0,52,1,4,3,61,0,1,4,1,2
1861.ps1,1,279,1,278.0,278,1,1,6,6,2,2,6,6,9,3,24,4,0,3,0,0,0,0,0,0,1,26,0,0,0,0,0,0,0,0,0,0,0,0,0,0,0,0,0,0,0,0,0,0,0,0,0,0,0,0,0,0,0,0,0,0,0,0,0,0,0,0,0,0,0,0,0,0,0,1,0,0,0,0,0,0,0,0,0,0,0,0,0,0,0,0,0,0,0,0,0,1,0,26,1,0,5,26,0,1,1,1,4
1868.ps1,1,2705,1,2704.0,2704,0,2,22,22,23,23,3,3,8,312,80,12,0,0,7,0,0,0,0,0,2,71,0,0,0,0,0,0,0,0,0,0,0,0,0,0,0,0,0,0,0,0,0,0,0,0,0,0,0,0,0,0,0,0,0,0,0,0,0,0,0,0,0,0,0,0,0,0,0,0,0,0,0,0,0,0,0,0,0,0,0,0,0,0,0,0,0,0,0,0,0,0,0,80,1,0,8,71,0,2,12,3,7
1874.ps1,1,2709,1,2708.0,2708,0,1,22,22,23,23,3,3,8,313,79,13,0,0,7,0,0,0,0,0,1,72,0,0,0,0,0,0,0,0,0,0,0,0,0,0,0,0,0,0,0,0,0,0,0,0,0,0,0,0,0,0,0,0,0,0,0,0,0,0,0,0,0,0,0,0,0,0,0,0,0,0,0,0,0,0,0,0,0,0,0,0,0,0,0,0,0,0,0,0,0,0,0,80,1,0,8,72,0,1,13,4,7
1875.ps1,1,2643,1,2642.0,2642,0,1,21,21,19,19,3,3,8,323,53,13,0,0,7,0,0,0,0,0,1,49,0,0,0,0,0,0,0,0,0,0,0,0,0,0,0,0,0,0,0,0,0,0,0,0,0,0,0,0,0,0,0,0,0,0,0,0,0,0,0,0,0,0,0,0,0,0,0,0,0,0,0,0,0,0,0,0,0,0,0,0,0,0,0,0,0,0,0,0,0,0,0,54,1,0,7,49,0,1,9,4,6
1855.ps1,1,2702,1,2701.0,2701,0,2,22,22,20,20,3,3,11,332,54,10,0,0,7,0,0,0,0,0,1,51,0,0,0,0,0,0,0,0,0,0,0,0,0,0,0,0,0,0,0,0,0,0,0,0,0,0,0,0,0,0,0,0,0,0,0,0,0,0,0,0,0,0,0,0,0,0,0,0,0,0,0,0,0,0,0,0,0,0,0,0,0,0,0,0,0,0,0,0,0,0,0,52,1,3,5,54,0,1,10,1,4
187.ps1,1,2674,1,2673.0,2673,0,1,19,19,14,14,3,3,8,331,52,13,0,0,7,0,0,0,0,0,1,54,0,0,0,0,0,0,0,0,0,0,0,0,0,0,0,0,0,0,0,0,0,0,0,0,0,0,0,0,0,0,0,0,0,0,0,0,0,0,0,0,0,0,0,0,0,0,0,0,0,0,0,0,0,0,0,0,0,0,0,0,0,0,0,0,0,0,0,0,0,0,0,53,1,0,5,54,0,1,4,4,4
1885.ps1,1,261,1,260.0,260,0,0,7,7,2,2,6,6,9,3,20,4,2,3,0,0,0,0,0,0,0,23,0,0,0,0,0,0,0,0,0,0,0,0,0,0,0,0,0,0,0,0,0,0,0,0,0,0,0,0,0,0,0,0,0,0,0,0,0,0,0,0,0,0,0,0,0,0,0,1,0,0,0,0,0,0,0,0,0,0,0,0,0,0,0,0,0,0,0,0,0,0,0,22,2,0,6,25,0,0,1,1,5
1877.ps1,1,397,1,396.0,396,0,2,6,6,6,6,10,10,9,4,50,3,0,3,0,0,0,0,1,0,2,50,0,0,0,0,0,0,0,0,0,0,0,0,0,0,0,0,0,0,0,0,0,0,0,0,0,0,0,0,0,0,0,0,0,0,0,0,0,0,0,0,0,0,0,0,0,0,0,1,0,0,0,0,0,0,0,0,0,0,0,0,0,0,0,0,0,0,0,0,0,0,0,51,1,0,4,50,0,2,4,1,3
1882.ps1,1,293,1,292.0,292,0,2,6,6,3,3,0,0,7,2,32,3,0,3,0,0,0,0,1,0,2,33,0,0,0,0,0,0,0,0,0,0,0,0,0,0,0,0,0,0,0,0,0,0,0,0,0,0,0,0,0,0,0,0,0,0,0,0,0,0,0,0,0,0,0,0,0,0,0,0,0,0,0,0,0,0,0,0,0,0,0,0,0,0,0,0,0,0,0,0,0,0,0,33,1,0,5,33,0,2,1,1,4
1883.ps1,1,3373,1,3372.0,3372,1,1,40,40,20,20,8,8,36,11,74,35,0,3,24,7,1,0,2,0,1,64,0,0,1,0,0,1,0,0,0,0,0,0,0,0,0,0,0,0,0,0,0,0,0,4,0,0,0,0,0,0,0,0,0,0,0,0,0,0,0,0,0,0,0,0,0,0,0,2,0,0,0,0,0,0,0,0,0,0,0,0,0,2,0,0,0,0,1,1,1,3,0,66,1,5,7,69,0,1,18,1,6
1880.ps1,1,2660,1,2659.0,2659,0,2,22,22,14,14,3,3,11,313,73,10,0,0,7,0,0,0,1,0,1,76,0,0,0,0,0,0,0,0,0,0,0,0,0,0,0,0,0,0,0,0,0,0,0,0,0,0,0,0,0,0,0,0,0,0,0,0,0,0,0,0,0,0,0,0,0,0,0,0,0,0,0,0,0,0,0,0,0,0,0,0,0,0,0,0,0,0,0,0,0,0,0,71,1,4,4,80,0,1,4,1,3
1886.ps1,1,2642,1,2641.0,2641,0,1,20,20,16,16,3,3,7,314,74,13,0,0,7,0,0,0,1,0,1,73,0,0,0,0,0,0,0,0,0,0,0,0,0,0,0,0,0,0,0,0,0,0,0,0,0,0,0,0,0,0,0,0,0,0,0,0,0,0,0,0,0,0,0,0,0,0,0,0,0,0,0,0,0,0,0,0,0,0,0,0,0,0,0,0,0,0,0,0,0,0,0,75,1,0,6,73,0,1,6,4,5
1879.ps1,1,2645,1,2644.0,2644,0,0,19,19,15,15,3,3,7,312,74,13,0,0,7,0,0,0,0,0,0,72,0,0,0,0,0,0,0,0,0,0,0,0,0,0,0,0,0,0,0,0,0,0,0,0,0,0,0,0,0,0,0,0,0,0,0,0,0,0,0,0,0,0,0,0,0,0,0,0,0,0,0,0,0,0,0,0,0,0,0,0,1,0,0,0,0,0,0,0,0,0,0,74,1,0,5,73,0,0,6,3,4
1878.ps1,1,289,1,288.0,288,0,2,6,6,3,3,6,6,9,1,31,3,0,4,0,0,0,0,0,0,2,31,0,0,0,0,0,0,0,0,0,0,0,0,0,0,0,0,0,0,0,0,0,0,0,0,0,0,0,0,0,0,0,0,0,0,0,0,0,0,0,0,0,0,0,0,0,0,0,1,0,0,0,0,0,0,0,0,0,0,0,0,0,0,0,0,0,0,0,0,0,0,0,32,1,0,5,31,0,2,1,0,4
1896.ps1,1,2693,1,2692.0,2692,0,2,21,21,20,20,3,3,7,330,57,12,0,0,7,0,0,0,1,0,2,51,0,0,0,0,0,0,0,0,0,0,0,0,0,0,0,0,0,0,0,0,0,0,0,0,0,0,0,0,0,0,0,0,0,0,0,0,0,0,0,0,0,0,0,0,0,0,0,0,0,0,0,0,0,0,0,0,0,0,0,0,0,0,0,0,0,0,0,0,0,0,0,57,1,0,7,51,0,2,9,3,6
1905.ps1,1,2727,1,2726.0,2726,0,0,23,23,19,19,3,3,11,323,75,11,2,0,7,0,0,0,1,0,0,75,0,0,0,0,0,0,0,0,0,0,0,0,0,0,0,0,0,0,0,0,0,0,0,0,0,0,0,0,0,0,0,0,0,0,0,0,0,0,0,0,0,0,0,0,0,0,0,0,0,0,0,0,0,0,0,0,0,0,0,0,0,0,0,0,0,0,0,0,0,0,0,73,2,3,6,80,0,0,9,1,5
189.ps1,1,2563,1,2562.0,2562,0,1,19,19,13,13,3,3,8,314,49,13,0,0,7,0,0,0,0,0,1,51,0,0,0,0,0,0,0,0,0,0,0,0,0,0,0,0,0,0,0,0,0,0,0,0,0,0,0,0,0,0,0,0,0,0,0,0,0,0,0,0,0,0,0,0,0,0,0,0,0,0,0,0,0,0,0,0,0,0,0,0,0,0,0,0,0,0,0,0,0,0,0,50,1,0,5,51,0,1,3,4,4
1908.ps1,1,2581,1,2580.0,2580,0,2,21,21,17,17,3,3,11,314,51,10,0,0,7,0,0,0,0,0,1,51,0,0,0,0,0,0,0,0,0,0,0,0,0,0,0,0,0,0,0,0,0,0,0,0,0,0,0,0,0,0,0,0,0,0,0,0,0,0,0,0,0,0,0,0,0,0,0,0,0,0,0,0,0,0,0,0,0,0,0,0,0,0,0,0,0,0,0,0,0,0,0,49,1,3,4,54,0,1,7,1,3
191.ps1,1,1312,1,1311.0,1311,0,0,16,17,21,22,3,2,29,8,174,5,2,5,8,0,2,1,1,1,0,176,0,0,0,0,0,0,0,0,0,0,0,0,0,0,0,0,0,0,0,0,0,0,0,0,0,0,0,0,0,0,0,0,0,0,0,0,0,0,0,0,0,0,0,0,0,0,0,0,0,0,0,0,0,0,0,0,0,0,0,0,0,0,0,0,0,0,1,0,0,0,0,173,2,5,6,183,0,0,12,1,5
1887.ps1,1,2669,1,2668.0,2668,0,0,22,22,19,19,3,3,8,314,76,13,2,0,7,0,0,0,1,0,0,73,0,0,0,0,0,0,0,0,0,0,0,0,0,0,0,0,0,0,0,0,0,0,0,0,0,0,0,0,0,0,0,0,0,0,0,0,0,0,0,0,0,0,0,0,0,0,0,0,0,0,0,0,0,0,0,0,0,0,0,0,0,0,0,0,0,0,0,0,0,0,0,77,2,0,8,75,0,0,9,4,7
1901.ps1,1,2592,1,2591.0,2591,0,3,21,21,18,18,3,3,10,312,53,9,0,0,7,0,0,0,1,0,2,51,0,0,0,0,0,0,0,0,0,0,0,0,0,0,0,0,0,0,0,0,0,0,0,0,0,0,0,0,0,0,0,0,0,0,0,0,0,0,0,0,0,0,0,0,0,0,0,0,0,0,0,0,0,0,0,0,0,0,0,0,0,0,0,0,0,0,0,0,0,0,0,50,1,3,4,54,0,2,7,0,3
1906.ps1,1,394,1,393.0,393,1,1,8,8,4,4,8,8,7,3,46,4,0,3,1,0,0,0,0,0,1,47,0,0,0,0,0,0,0,0,0,0,0,0,0,0,0,0,0,0,0,0,0,0,0,0,0,0,0,0,0,0,0,0,0,0,0,0,0,0,0,0,0,0,0,0,0,0,0,1,0,0,0,0,0,0,0,0,0,0,0,0,0,0,0,0,0,0,0,0,0,0,0,47,1,0,6,47,0,1,3,2,5
1895.ps1,1,2590,1,2589.0,2589,0,1,21,21,17,17,3,3,7,313,52,13,0,0,7,0,0,0,1,0,1,51,0,0,0,0,0,0,0,0,0,0,0,0,0,0,0,0,0,0,0,0,0,0,0,0,0,0,0,0,0,0,0,0,0,0,0,0,0,0,0,0,0,0,0,0,0,0,0,0,0,0,0,0,0,0,0,0,0,0,0,0,0,0,0,0,0,0,0,0,0,0,0,53,1,0,7,51,0,1,7,4,6
1910.ps1,1,509,1,508.0,508,0,0,13,13,16,16,0,0,13,7,39,4,2,4,0,0,0,0,1,0,0,38,0,0,0,0,0,0,0,0,0,0,0,0,0,0,0,0,0,0,0,0,0,0,0,0,0,0,0,0,0,0,0,0,0,0,0,0,0,0,0,0,0,0,0,0,0,0,0,0,0,0,0,0,0,0,0,0,0,0,0,0,0,0,0,0,0,0,0,0,0,1,0,40,2,4,7,44,0,0,15,1,6
1912.ps1,1,3000,1,2999.0,2999,0,1,25,25,24,24,5,5,13,311,62,21,0,0,12,0,0,0,2,0,1,58,0,0,0,0,0,0,0,0,0,0,0,0,0,0,0,0,0,0,0,0,0,0,0,0,0,0,0,0,0,0,0,0,0,0,0,0,0,0,0,0,0,0,0,0,0,0,0,0,0,0,0,1,0,0,0,0,0,0,0,0,0,2,0,0,0,0,0,0,0,0,0,63,1,0,8,58,0,1,11,5,7
1913.ps1,1,2751,1,2750.0,2750,0,2,14,14,12,12,2,2,24,7,79,9,0,18,11,0,0,0,0,0,1,54,0,0,0,0,0,0,0,0,0,0,0,0,0,0,0,0,0,0,0,0,0,0,0,0,0,0,0,0,0,0,0,0,0,0,0,0,0,0,0,0,0,0,0,0,0,0,0,0,1,0,0,0,0,1,0,0,0,0,0,0,0,1,0,0,0,0,0,0,0,3,0,52,1,3,4,57,0,1,7,1,3
1911.ps1,1,2717,1,2716.0,2716,0,2,22,22,23,23,3,3,7,330,59,12,0,0,7,0,0,0,1,0,2,50,0,0,0,0,0,0,0,0,0,0,0,0,0,0,0,0,0,0,0,0,0,0,0,0,0,0,0,0,0,0,0,0,0,0,0,0,0,0,0,0,0,0,0,0,0,0,0,0,0,0,0,0,0,0,0,0,0,0,0,0,0,0,0,0,0,0,0,0,0,0,0,59,1,0,8,50,0,2,12,3,7
1915.ps1,1,2898,1,2897.0,2897,0,1,23,23,22,22,3,3,11,364,58,10,0,0,7,0,0,0,0,0,1,54,0,0,0,0,0,0,0,0,0,0,0,0,0,0,0,0,0,0,0,0,0,0,0,0,0,0,0,0,0,0,0,0,0,0,0,0,0,0,0,0,0,0,0,0,0,0,0,0,0,0,0,0,0,0,0,0,0,0,0,0,0,0,0,0,0,0,0,0,0,0,0,56,1,3,6,57,0,1,12,1,5
1919.ps1,1,2760,1,2759.0,2759,0,2,20,20,20,20,3,3,8,330,81,12,0,0,7,0,0,0,0,0,2,75,0,0,0,0,0,0,0,0,0,0,0,0,0,0,0,0,0,0,0,0,0,0,0,0,0,0,0,0,0,0,0,0,0,0,0,0,0,0,0,0,0,0,0,0,0,0,0,0,0,0,0,0,0,0,0,0,0,0,0,0,0,0,0,0,0,0,0,0,0,0,0,81,1,0,6,75,0,2,9,3,5
1925.ps1,1,2618,1,2617.0,2617,0,2,18,18,14,14,3,3,8,312,74,12,0,0,7,0,0,0,0,0,2,74,0,0,0,0,0,0,0,0,0,0,0,0,0,0,0,0,0,0,0,0,0,0,0,0,0,0,0,0,0,0,0,0,0,0,0,0,0,0,0,0,0,0,0,0,0,0,0,0,0,0,0,0,0,0,0,0,0,0,0,0,0,0,0,0,0,0,0,0,0,0,0,74,1,0,4,74,0,2,3,3,3
1926.ps1,1,2759,1,2758.0,2758,0,2,19,19,17,17,3,3,7,330,79,12,0,0,7,0,0,0,1,0,2,76,0,0,0,0,0,0,0,0,0,0,0,0,0,0,0,0,0,0,0,0,0,0,0,0,0,0,0,0,0,0,0,0,0,0,0,0,0,0,0,0,0,0,0,0,0,0,0,0,0,0,0,0,0,0,0,0,0,0,0,0,0,0,0,0,0,0,0,0,0,0,0,79,1,0,5,76,0,2,6,3,4
1939.ps1,1,1483,1,1482.0,1482,1,1,20,21,35,35,6,5,44,16,47,9,1,6,21,0,8,0,3,0,1,40,0,0,0,0,0,0,0,0,0,0,0,0,0,0,0,0,0,0,0,0,0,0,0,0,0,0,0,0,0,0,0,0,0,0,0,0,0,0,0,0,0,0,0,0,0,0,0,0,0,0,0,0,0,0,0,0,0,0,0,0,0,1,0,0,0,1,1,0,0,1,0,45,1,0,7,40,0,1,11,5,6
1916.ps1,1,810,1,809.0,809,0,2,13,13,11,11,1,1,22,3,81,4,0,8,5,0,0,0,0,0,2,80,0,0,0,0,0,0,0,0,0,0,0,0,0,0,0,0,0,0,0,0,0,0,0,0,0,0,0,0,0,0,0,0,0,0,0,0,0,0,0,0,0,0,0,0,0,0,0,0,0,0,0,0,0,0,0,0,0,0,0,0,0,1,0,0,0,0,0,0,0,0,0,81,1,2,5,82,0,2,7,0,4
1922.ps1,1,2710,1,2709.0,2709,0,2,20,20,17,17,3,3,8,330,55,12,0,0,7,0,0,0,0,0,2,52,0,0,0,0,0,0,0,0,0,0,0,0,0,0,0,0,0,0,0,0,0,0,0,0,0,0,0,0,0,0,0,0,23,0,0,0,0,0,0,0,0,0,0,0,0,0,0,0,0,0,0,0,0,0,0,0,0,0,0,0,0,0,0,0,0,0,0,0,0,0,0,55,1,0,6,52,0,2,6,3,5
192.ps1,1,2638,1,2637.0,2637,0,2,20,20,17,17,3,3,8,312,75,12,0,0,7,0,0,0,0,0,2,72,0,0,0,0,0,0,0,0,0,0,0,0,0,0,0,0,0,0,0,0,0,0,0,0,0,0,0,0,0,0,0,0,0,0,0,0,0,0,0,0,0,0,0,0,0,0,0,0,0,0,0,0,0,0,0,0,0,0,0,0,0,0,0,0,0,0,0,0,0,0,0,75,1,0,6,72,0,2,6,3,5
1941.ps1,1,410,1,409.0,409,0,0,8,8,5,5,10,10,10,6,42,5,2,4,0,0,0,0,0,0,0,45,0,0,0,0,0,0,0,0,0,0,0,0,0,0,0,0,0,0,0,0,0,0,0,0,0,0,0,0,0,0,0,0,0,0,0,0,0,0,0,0,0,0,0,0,0,0,0,1,0,0,0,0,0,0,0,0,0,0,0,0,0,0,0,0,0,0,0,0,0,0,0,44,2,0,6,47,0,0,4,2,5
1947.ps1,1,2646,1,2645.0,2645,0,1,23,23,17,17,3,3,12,323,52,11,2,0,7,0,0,0,0,0,0,53,0,0,0,0,0,0,0,0,0,0,0,0,0,0,0,0,0,0,0,0,0,0,0,0,0,0,0,0,0,0,0,0,0,0,0,0,0,0,0,0,0,0,0,0,0,0,0,0,0,0,0,0,0,0,0,0,0,0,0,0,0,0,0,0,0,0,0,0,0,0,0,50,2,3,6,58,0,0,7,1,5
1946.ps1,1,343,1,342.0,342,1,1,8,8,5,5,0,0,11,3,28,5,0,5,0,0,0,0,0,0,1,28,0,0,0,0,0,0,0,0,0,0,0,0,0,0,0,0,0,0,0,0,0,0,0,0,0,0,0,0,0,0,0,0,0,0,0,0,0,0,0,0,0,0,0,0,0,0,0,0,0,0,0,0,0,0,0,0,0,0,0,0,0,0,0,0,0,0,0,0,0,0,0,30,1,1,6,29,0,1,4,2,5
1961.ps1,1,2782,1,2781.0,2781,0,1,21,21,19,19,3,3,9,331,80,13,0,0,7,0,0,0,0,0,1,76,0,0,0,0,0,0,0,0,0,0,0,0,0,0,0,0,0,0,0,0,0,0,0,0,0,0,0,0,0,0,0,0,0,0,0,0,0,0,0,0,0,0,0,0,0,0,0,0,0,0,0,0,0,0,0,0,0,0,0,0,0,0,0,0,0,0,0,0,0,0,0,81,1,1,6,77,0,1,9,4,5
1927.ps1,1,258,1,257.0,257,1,2,5,5,4,4,0,0,9,2,22,2,0,3,0,0,0,0,0,0,2,23,0,0,0,0,0,0,0,0,0,0,0,0,0,0,0,0,0,0,0,0,0,0,0,0,0,0,0,0,0,0,0,0,0,0,0,0,0,0,0,0,0,0,0,0,0,0,0,0,0,0,0,0,0,0,0,0,0,0,0,0,0,0,0,0,0,0,0,0,0,0,0,22,1,1,3,24,0,2,2,0,2
1937.ps1,1,2578,1,2577.0,2577,0,1,19,19,16,16,3,3,8,314,51,13,0,0,7,0,0,0,0,0,1,50,0,0,0,0,0,0,0,0,0,0,0,0,0,0,0,0,0,0,0,0,0,0,0,0,0,0,0,0,0,0,0,0,0,0,0,0,0,0,0,0,0,0,0,0,0,0,0,0,0,0,0,0,0,0,0,0,0,0,0,0,0,0,0,0,0,0,0,0,0,0,0,52,1,0,5,50,0,1,6,4,4
1948.ps1,1,2801,1,2800.0,2800,0,2,19,19,17,17,3,3,8,355,57,12,0,0,7,0,0,0,0,0,2,54,0,0,0,0,0,0,0,0,0,0,0,0,0,0,0,0,0,0,0,0,0,0,0,0,0,0,0,0,0,0,0,0,0,0,0,0,0,0,0,0,0,0,0,0,0,0,0,0,0,0,0,0,0,0,0,0,0,0,0,0,0,0,0,0,0,0,0,0,0,0,0,57,1,0,5,54,0,2,6,3,4
1957.ps1,1,2679,1,2678.0,2678,0,1,20,20,19,19,3,3,7,314,76,13,0,0,7,0,0,0,1,0,1,72,0,0,0,0,0,0,0,0,0,0,0,0,0,0,0,0,0,0,0,0,0,0,0,0,0,0,0,0,0,0,0,0,0,0,0,0,0,0,0,0,0,0,0,0,0,0,0,0,0,0,0,0,0,0,0,0,0,0,0,0,0,0,0,0,0,0,0,0,0,0,0,77,1,0,6,72,0,1,9,4,5
1964.ps1,1,3023,1,3022.0,3022,0,3,21,21,18,18,3,3,10,378,86,9,0,0,7,0,0,0,1,0,2,84,0,0,0,0,0,0,0,0,0,0,0,0,0,0,0,0,0,0,0,0,0,0,0,0,0,0,0,0,0,0,0,0,0,0,0,0,0,0,0,0,0,0,0,0,0,0,0,0,0,0,0,0,0,0,0,0,0,0,0,0,0,0,0,0,0,0,0,0,0,0,0,83,1,3,4,87,0,2,7,0,3
1952.ps1,1,2554,1,2553.0,2553,0,2,19,19,14,14,3,3,7,312,51,12,0,0,7,0,0,0,1,0,2,51,0,0,0,0,0,0,0,0,0,0,0,0,0,0,0,0,0,0,0,0,0,0,0,0,0,0,0,0,0,0,0,0,0,0,0,0,0,0,0,0,0,0,0,0,0,0,0,0,0,0,0,0,0,0,0,0,0,0,0,0,0,0,0,0,0,0,0,0,0,0,0,51,1,0,5,51,0,2,3,3,4
1949.ps1,1,2683,1,2682.0,2682,0,1,22,22,19,19,3,3,8,313,77,13,0,0,7,0,0,0,1,0,1,73,0,0,0,0,0,0,0,0,0,0,0,0,0,0,0,0,0,0,0,0,0,0,0,0,0,0,0,0,0,0,0,0,0,0,0,0,0,0,0,0,0,0,0,0,0,0,0,0,0,0,0,0,0,0,0,0,0,0,0,0,0,0,0,0,0,0,0,0,0,0,0,78,1,1,7,74,0,1,9,4,6
1971.ps1,1,2707,1,2706.0,2706,0,2,21,21,20,20,3,3,8,330,57,12,0,0,7,0,0,0,0,0,2,51,0,0,0,0,0,0,0,0,0,0,0,0,0,0,0,0,0,0,0,0,0,0,0,0,0,0,0,0,0,0,0,0,0,0,0,0,0,0,0,0,0,0,0,0,0,0,0,0,0,0,0,0,0,0,0,0,0,0,0,0,0,0,0,0,0,0,0,0,0,0,0,57,1,0,7,51,0,2,9,3,6
1973.ps1,1,1034,1,1033.0,1033,0,1,16,16,22,22,1,1,25,6,102,5,0,5,7,0,2,0,1,0,1,100,0,0,0,0,0,0,0,0,0,0,0,0,0,0,0,0,0,0,0,0,0,0,0,0,0,0,0,0,0,0,0,0,0,0,0,0,0,0,0,0,0,0,0,0,0,0,0,0,0,0,0,0,0,0,0,0,0,0,0,0,0,0,0,0,0,0,0,0,0,1,0,101,1,4,7,104,0,1,14,1,6
1965.ps1,1,2578,1,2577.0,2577,0,1,21,21,19,19,3,3,10,312,53,9,0,0,7,0,0,0,0,0,0,49,0,0,0,0,0,0,0,0,0,0,0,0,0,0,0,0,0,0,0,0,0,0,0,0,0,0,0,0,0,0,0,0,0,0,0,0,0,0,0,0,0,0,0,0,0,0,0,0,0,0,0,0,0,0,0,0,0,0,0,0,0,1,0,0,0,0,0,0,0,0,0,50,1,3,4,53,0,0,10,0,3
1974.ps1,1,3055,1,3054.0,3054,0,2,22,22,21,21,5,5,13,313,88,20,0,0,12,0,0,0,2,0,2,85,0,0,0,0,0,0,0,0,0,0,0,0,0,0,0,0,0,0,0,0,0,0,0,0,0,0,0,0,0,0,0,0,0,0,0,0,0,0,0,0,0,0,0,0,0,0,0,0,0,0,0,0,0,0,0,0,0,0,0,0,0,2,0,0,0,0,0,0,0,0,0,88,1,0,5,85,0,2,7,4,4
1967.ps1,1,2717,1,2716.0,2716,0,1,24,24,23,23,3,3,11,313,77,10,0,0,7,0,0,0,0,0,1,73,0,0,0,0,0,0,0,0,0,0,0,0,0,0,0,0,0,0,0,0,0,0,0,0,0,0,0,0,0,0,0,0,0,0,0,0,0,0,0,0,0,0,0,0,0,0,0,0,0,0,0,0,0,0,0,0,0,0,0,0,0,0,0,0,0,0,0,0,0,0,0,75,1,3,7,76,0,1,13,1,6
1962.ps1,1,2689,1,2688.0,2688,0,0,21,21,16,16,3,3,8,332,53,13,2,0,7,0,0,0,1,0,0,53,0,0,0,0,0,0,0,0,0,0,0,0,0,0,0,0,0,0,0,0,0,0,0,0,0,0,0,0,0,0,0,0,0,0,0,0,0,0,0,0,0,0,0,0,0,0,0,0,0,0,0,0,0,0,0,0,0,0,0,0,0,0,0,0,0,0,0,0,0,0,0,54,2,0,7,55,0,0,6,4,6
197.ps1,1,2615,1,2614.0,2614,0,3,11,11,9,9,0,0,9,4,92,3,0,23,1,0,0,0,1,0,2,51,0,0,0,0,0,0,0,0,0,0,0,0,0,0,0,0,0,0,0,0,0,0,0,0,0,0,0,0,0,0,0,0,1,0,0,0,0,0,0,0,0,0,0,0,0,0,0,0,1,0,0,0,0,1,0,0,0,0,0,0,0,1,0,0,0,0,0,0,0,3,0,51,1,2,4,53,0,2,5,0,3
1972.ps1,1,2732,1,2731.0,2731,0,1,24,24,22,22,3,3,12,331,56,10,0,0,7,0,0,0,0,0,1,52,0,0,0,0,0,0,0,0,0,0,0,0,0,0,0,0,0,0,0,0,0,0,0,0,0,0,0,0,0,0,0,0,0,0,0,0,0,0,0,0,0,0,0,0,0,0,0,0,0,0,0,0,0,0,0,0,0,0,0,0,0,0,0,0,0,0,0,0,0,0,0,54,1,4,6,56,0,1,12,1,5
196.ps1,1,2693,1,2692.0,2692,0,1,19,19,16,16,3,3,7,323,75,13,0,0,7,0,0,0,1,0,1,74,0,0,0,0,0,0,0,0,0,0,0,0,0,0,0,0,0,0,0,0,0,0,0,0,0,0,0,0,0,0,0,0,0,0,0,0,0,0,0,0,0,0,0,0,0,0,0,0,0,0,0,0,0,0,0,0,0,0,0,0,0,0,0,0,0,0,0,0,0,0,0,76,1,0,5,74,0,1,6,4,4
1976.ps1,1,2649,1,2648.0,2648,0,0,20,20,16,16,3,3,8,314,74,13,2,0,7,0,0,0,1,0,0,74,0,0,0,0,0,0,0,0,0,0,0,0,0,0,0,0,0,0,0,0,0,0,0,0,0,0,0,0,0,0,0,0,0,0,0,0,0,0,0,0,0,0,0,0,0,0,0,0,0,0,0,0,0,0,0,0,0,0,0,0,0,0,0,0,0,0,0,0,0,0,0,75,2,0,6,76,0,0,6,4,5
1990.ps1,1,2693,1,2692.0,2692,0,2,20,20,20,20,3,3,7,330,57,12,0,0,7,0,0,0,1,0,2,51,0,0,0,0,0,0,0,0,0,0,0,0,0,0,0,0,0,0,0,0,0,0,0,0,0,0,0,0,0,0,0,0,0,0,0,0,0,0,0,0,0,0,0,0,0,0,0,0,0,0,0,0,0,0,0,0,0,0,0,0,0,0,0,0,0,0,0,0,0,0,0,57,1,0,6,51,0,2,9,3,5
1978.ps1,1,502,1,501.0,501,0,1,9,9,11,11,0,0,10,6,48,7,0,3,0,0,0,0,0,0,1,48,0,0,0,0,0,0,0,0,0,0,0,0,0,0,0,0,0,0,0,0,0,0,0,0,0,0,0,0,0,0,0,0,0,0,0,0,0,0,0,0,0,0,0,0,0,0,0,0,0,0,0,0,0,0,0,0,0,0,0,0,0,0,0,0,0,0,0,0,0,0,0,53,1,1,6,49,0,1,10,5,5
1982.ps1,1,2630,1,2629.0,2629,0,2,22,22,23,23,3,3,11,312,55,9,0,0,7,0,0,0,0,0,2,49,0,0,0,0,0,0,0,0,0,0,0,0,0,0,0,0,0,0,0,0,0,0,0,0,0,0,0,0,0,0,0,0,0,0,0,0,0,0,0,0,0,0,0,0,0,0,0,0,0,0,0,0,0,0,0,0,0,0,0,0,0,0,0,0,0,0,0,0,0,0,0,52,1,3,5,52,0,2,12,0,4
1991.ps1,1,2742,1,2741.0,2741,0,1,19,19,16,16,3,3,8,332,77,13,0,0,7,0,0,0,0,0,1,76,0,0,0,0,0,0,0,0,0,0,0,0,0,0,0,0,0,0,0,0,0,0,0,0,0,0,0,0,0,0,0,0,0,0,0,0,0,0,0,0,0,0,0,0,0,0,0,0,0,0,0,0,0,0,0,0,0,0,0,0,0,0,0,0,0,0,0,0,0,0,0,78,1,0,5,76,0,1,6,4,4
200.ps1,1,2614,1,2613.0,2613,0,0,19,19,18,18,3,3,7,321,54,12,0,0,7,0,0,0,0,0,0,49,0,0,0,0,0,0,0,0,0,0,0,0,0,0,0,0,0,0,0,0,0,0,0,0,0,0,0,0,0,0,0,0,0,0,0,0,0,0,0,0,0,0,0,0,0,0,0,0,0,0,0,0,0,0,0,0,0,0,0,0,0,1,0,0,0,0,0,0,0,0,0,54,1,0,5,50,0,0,9,3,4
1988.ps1,1,2691,1,2690.0,2690,0,0,19,19,18,18,3,3,7,330,55,13,0,0,7,0,0,0,0,0,0,50,0,0,0,0,0,0,0,0,0,0,0,0,0,0,0,0,0,0,0,0,0,0,0,0,0,0,0,0,0,0,0,0,0,0,0,0,0,0,0,0,0,0,0,0,0,0,0,0,0,0,0,0,0,0,0,0,0,0,0,0,1,0,0,0,0,0,0,0,0,0,0,55,1,0,5,51,0,0,9,3,4
1983.ps1,1,2581,1,2580.0,2580,0,0,20,20,18,18,3,3,7,312,53,13,0,0,7,0,0,0,0,0,0,48,0,0,0,0,0,0,0,0,0,0,0,0,0,0,0,0,0,0,0,0,0,0,0,0,0,0,0,0,0,0,0,0,0,0,0,0,0,0,0,0,0,0,0,0,0,0,0,0,0,0,0,0,0,0,0,0,0,0,0,0,1,0,0,0,0,0,0,0,0,0,0,53,1,0,6,49,0,0,9,3,5
1994.ps1,1,2748,1,2747.0,2747,0,2,20,20,17,17,3,3,8,330,79,12,0,0,7,0,0,0,0,0,2,76,0,0,0,0,0,0,0,0,0,0,0,0,0,0,0,0,0,0,0,0,0,0,0,0,0,0,0,0,0,0,0,0,0,0,0,0,0,0,0,0,0,0,0,0,0,0,0,0,0,0,0,0,0,0,0,0,0,0,0,0,0,0,0,0,0,0,0,0,0,0,0,79,1,0,6,76,0,2,6,3,5
1992.ps1,1,540,1,539.0,539,0,2,12,12,14,14,0,0,13,6,54,3,0,3,0,0,0,0,1,0,1,55,0,0,0,0,0,0,0,0,0,0,0,0,0,0,0,0,0,0,0,0,0,0,0,0,0,0,0,0,0,0,0,0,0,0,0,0,0,0,0,0,0,0,0,0,0,0,0,0,0,0,0,0,0,0,0,0,0,0,0,0,0,0,0,0,0,0,0,0,0,0,0,55,1,4,6,59,0,1,13,1,5
2001.ps1,1,3067,1,3066.0,3066,0,3,22,22,18,18,3,3,10,403,62,9,0,0,7,0,0,0,1,0,2,60,0,0,0,0,0,0,0,0,0,0,0,0,0,0,0,0,0,0,0,0,0,0,0,0,0,0,0,0,0,0,0,0,0,0,0,0,0,0,0,0,0,0,0,0,0,0,0,0,0,0,0,0,0,0,0,0,0,0,0,0,0,0,0,0,0,0,0,0,0,0,0,59,1,3,5,63,0,2,7,0,4
1998.ps1,1,2609,1,2608.0,2608,0,0,21,21,19,19,3,3,9,314,53,13,2,0,7,0,0,0,0,0,0,50,0,0,0,0,0,0,0,0,0,0,0,0,0,0,0,0,0,0,0,0,0,0,0,0,0,0,0,0,0,0,0,0,0,0,0,0,0,0,0,0,0,0,0,0,0,0,0,0,0,0,0,0,0,0,0,0,0,0,0,0,0,0,0,0,0,0,0,0,0,0,0,54,2,0,7,52,0,0,9,4,6
2000.ps1,1,843,1,842.0,842,0,1,13,13,13,13,0,0,16,7,113,5,0,0,5,0,0,0,0,0,1,111,0,0,0,0,0,0,0,0,0,0,0,0,0,0,0,0,0,0,0,0,0,0,0,0,0,0,0,0,0,0,0,0,1,0,0,0,0,0,0,0,0,0,0,0,0,0,0,0,0,0,0,0,0,0,0,0,0,0,0,0,0,0,0,0,0,0,0,0,0,0,0,116,1,0,7,111,0,1,8,3,6
2013.ps1,1,1465,1,1464.0,1464,1,0,23,22,36,35,6,6,48,15,47,5,0,6,21,1,8,0,1,0,0,39,0,0,0,0,0,0,0,0,0,0,0,0,0,0,0,0,0,0,0,0,0,0,0,0,0,0,0,0,0,0,0,0,0,0,0,0,0,0,0,0,0,0,0,0,0,0,0,0,0,0,0,0,0,0,0,0,0,0,0,0,1,1,0,0,0,1,1,0,0,1,0,39,1,4,5,44,0,0,12,0,4
2021.ps1,1,983,1,982.0,982,1,1,10,10,15,15,1,1,21,7,113,9,0,5,7,0,2,0,1,0,1,114,0,0,0,0,0,0,0,0,0,0,0,0,0,0,0,0,0,0,0,0,0,0,0,0,0,0,0,0,0,0,0,0,0,0,0,0,0,0,0,0,0,0,0,0,0,0,0,0,0,0,0,0,0,0,0,0,0,0,0,0,0,1,0,0,0,0,0,0,0,0,0,116,1,0,5,114,0,1,7,5,4
2008.ps1,1,2621,1,2620.0,2620,0,2,23,23,21,21,3,3,11,313,54,10,0,0,7,0,0,0,0,0,1,51,0,0,0,0,0,0,0,0,0,0,0,0,0,0,0,0,0,0,0,0,0,0,0,0,0,0,0,0,0,0,0,0,0,0,0,0,0,0,0,0,0,0,0,0,0,0,0,0,0,0,0,0,0,0,0,0,0,0,0,0,0,0,0,0,0,0,0,0,0,0,0,52,1,3,6,54,0,1,11,1,5
2006.ps1,1,2665,1,2664.0,2664,0,2,21,21,20,20,3,3,11,312,76,9,0,0,7,0,0,0,0,0,2,73,0,0,0,0,0,0,0,0,0,0,0,0,0,0,0,0,0,0,0,0,0,0,0,0,0,0,0,0,0,0,0,0,0,0,0,0,0,0,0,0,0,0,0,0,0,0,0,0,0,0,0,0,0,0,0,0,0,0,0,0,0,0,0,0,0,0,0,0,0,0,0,73,1,3,4,76,0,2,9,0,3
2011.ps1,1,2635,1,2634.0,2634,0,1,23,23,23,23,3,3,10,313,54,10,0,0,7,0,0,0,1,0,1,50,0,0,0,0,0,0,0,0,0,0,0,0,0,0,0,0,0,0,0,0,0,0,0,0,0,0,0,0,0,0,0,0,0,0,0,0,0,0,0,0,0,0,0,0,0,0,0,0,0,0,0,0,0,0,0,0,0,0,0,0,0,0,0,0,0,0,0,0,0,0,0,52,1,3,6,53,0,1,13,1,5
2005.ps1,1,2674,1,2673.0,2673,0,2,22,22,14,14,3,3,11,331,52,10,0,0,7,0,0,0,1,0,1,55,0,0,0,0,0,0,0,0,0,0,0,0,0,0,0,0,0,0,0,0,0,0,0,0,0,0,0,0,0,0,0,0,0,0,0,0,0,0,0,0,0,0,0,0,0,0,0,0,0,0,0,0,0,0,0,0,0,0,0,0,0,0,0,0,0,0,0,0,0,0,0,50,1,4,4,59,0,1,4,1,3
2004.ps1,1,3295,1,3294.0,3294,0,2,26,26,23,23,5,5,17,367,67,16,0,0,12,0,0,0,2,0,2,65,0,0,0,0,0,0,0,0,0,0,0,0,0,0,0,0,0,0,0,0,0,0,0,0,0,0,0,0,0,0,0,0,35,0,0,0,0,0,0,0,0,0,0,0,0,0,0,0,0,0,0,1,0,0,0,0,0,0,0,0,0,2,0,0,0,0,0,0,0,0,0,63,1,4,5,69,0,2,9,0,4
2012.ps1,1,2593,1,2592.0,2592,0,2,22,22,20,20,3,3,10,312,53,9,0,0,7,0,0,0,1,0,2,50,0,0,0,0,0,0,0,0,0,0,0,0,0,0,0,0,0,0,0,0,0,0,0,0,0,0,0,0,0,0,0,0,0,0,0,0,0,0,0,0,0,0,0,0,0,0,0,0,0,0,0,0,0,0,0,0,0,0,0,0,0,0,0,0,0,0,0,0,0,0,0,50,1,3,5,53,0,2,9,0,4
2017.ps1,1,2702,1,2701.0,2701,0,1,23,23,22,22,3,3,11,314,76,10,0,0,7,0,0,0,0,0,1,72,0,0,0,0,0,0,0,0,0,0,0,0,0,0,0,0,0,0,0,0,0,0,0,0,0,0,0,0,0,0,0,0,0,0,0,0,0,0,0,0,0,0,0,0,0,0,0,0,0,0,0,0,0,0,0,0,0,0,0,0,0,0,0,0,0,0,0,0,0,0,0,74,1,3,6,75,0,1,12,1,5
201.ps1,1,3333,1,3332.0,3332,1,2,35,35,14,14,8,8,30,10,74,39,0,3,24,7,1,0,3,0,2,64,0,0,1,0,0,1,0,0,0,0,0,0,0,0,0,0,0,0,0,0,0,0,0,5,0,0,0,0,0,0,0,0,1,0,0,0,0,0,0,0,0,0,0,0,0,0,0,1,0,0,0,0,0,0,0,0,0,0,0,0,0,2,0,0,0,0,1,0,1,3,0,70,1,0,7,64,0,2,11,5,6
2014.ps1,1,2701,1,2700.0,2700,0,3,23,23,24,24,3,3,11,312,80,9,0,0,7,0,0,0,0,0,2,72,0,0,0,0,0,0,0,0,0,0,0,0,0,0,0,0,0,0,0,0,0,0,0,0,0,0,0,0,0,0,0,0,0,0,0,0,0,0,0,0,0,0,0,0,0,0,0,0,0,0,0,0,0,0,0,0,0,0,0,0,0,0,0,0,0,0,0,0,0,0,0,77,1,3,6,75,0,2,13,0,5
2035.ps1,1,2729,1,2728.0,2728,0,0,23,23,22,22,3,3,9,332,56,13,2,0,7,0,0,0,0,0,0,50,0,0,0,0,0,0,0,0,0,0,0,0,0,0,0,0,0,0,0,0,0,0,0,0,0,0,0,0,0,0,0,0,0,0,0,0,0,0,0,0,0,0,0,0,0,0,0,0,0,0,0,0,0,0,0,0,0,0,0,0,0,0,0,0,0,0,0,0,0,0,0,57,2,0,9,52,0,0,12,4,8
2037.ps1,1,2881,1,2880.0,2880,0,3,21,21,18,18,3,3,11,355,82,9,0,0,7,0,0,0,0,0,2,80,0,0,0,0,0,0,0,0,0,0,0,0,0,0,0,0,0,0,0,0,0,0,0,0,0,0,0,0,0,0,0,0,0,0,0,0,0,0,0,0,0,0,0,0,0,0,0,0,0,0,0,0,0,0,0,0,0,0,0,0,0,0,0,0,0,0,0,0,0,0,0,79,1,3,4,83,0,2,7,0,3
2030.ps1,1,2662,1,2661.0,2661,0,1,22,22,17,17,3,3,11,314,74,11,2,0,7,0,0,0,1,0,0,75,0,0,0,0,0,0,0,0,0,0,0,0,0,0,0,0,0,0,0,0,0,0,0,0,0,0,0,0,0,0,0,0,0,0,0,0,0,0,0,0,0,0,0,0,0,0,0,0,0,0,0,0,0,0,0,0,0,0,0,0,0,0,0,0,0,0,0,0,0,0,0,72,2,3,5,80,0,0,7,1,4
2032.ps1,1,2560,1,2559.0,2559,0,0,18,18,15,15,3,3,7,312,51,13,0,0,7,0,0,0,0,0,0,49,0,0,0,0,0,0,0,0,0,0,0,0,0,0,0,0,0,0,0,0,0,0,0,0,0,0,0,0,0,0,0,0,0,0,0,0,0,0,0,0,0,0,0,0,0,0,0,0,0,0,0,0,0,0,0,0,0,0,0,0,1,0,0,0,0,0,0,0,0,0,0,51,1,0,4,50,0,0,6,3,3
2033.ps1,1,964,1,963.0,963,0,0,15,15,22,22,2,1,23,7,88,10,2,5,7,0,3,0,1,0,0,84,0,0,0,0,0,0,0,0,0,0,0,0,0,0,0,0,0,0,0,0,0,0,0,0,0,0,0,0,0,0,0,0,0,0,0,0,0,0,0,0,0,0,0,0,0,0,0,0,0,0,0,0,0,0,0,0,0,0,0,0,0,1,0,0,0,0,0,0,0,0,0,91,2,0,9,86,0,0,13,5,8
2038.ps1,1,2669,1,2668.0,2668,0,2,13,13,12,12,2,2,20,5,86,11,0,22,12,0,0,0,1,0,2,52,0,0,0,0,0,0,0,0,0,0,0,0,0,0,0,0,0,0,0,0,0,0,0,0,0,0,0,0,0,0,0,0,0,0,0,0,0,0,0,0,0,0,0,0,0,0,0,0,1,0,0,0,0,1,0,0,0,0,0,0,0,1,0,0,0,0,0,0,0,3,0,55,1,0,6,52,0,2,6,3,5
2048.ps1,1,2900,1,2899.0,2899,0,1,23,23,17,17,3,3,12,372,57,10,2,0,7,0,0,0,0,0,0,58,0,0,0,0,0,0,0,0,0,0,0,0,0,0,0,0,0,0,0,0,0,0,0,0,0,0,0,0,0,0,0,0,0,0,0,0,0,0,0,0,0,0,0,0,0,0,0,0,0,0,0,0,0,0,0,0,0,0,0,0,0,0,0,0,0,0,0,0,0,0,0,55,2,3,6,63,0,0,7,1,5
2040.ps1,1,3523,1,3522.0,3522,0,1,23,23,17,17,3,3,12,472,98,10,2,0,7,0,0,0,0,0,0,99,0,0,0,0,0,0,0,0,0,0,0,0,0,0,0,0,0,0,0,0,0,0,0,0,0,0,0,0,0,0,0,0,0,0,0,0,0,0,0,0,0,0,0,0,0,0,0,0,0,0,0,0,0,0,0,0,0,0,0,0,0,0,0,0,0,0,0,0,0,0,0,96,2,3,6,104,0,0,7,1,5
2050.ps1,1,2776,1,2775.0,2775,0,2,22,22,20,20,3,3,10,330,78,9,0,0,7,0,0,0,1,0,2,75,0,0,0,0,0,0,0,0,0,0,0,0,0,0,0,0,0,0,0,0,0,0,0,0,0,0,0,0,0,0,0,0,0,0,0,0,0,0,0,0,0,0,0,0,0,0,0,0,0,0,0,0,0,0,0,0,0,0,0,0,0,0,0,0,0,0,0,0,0,0,0,75,1,3,5,78,0,2,9,0,4
2043.ps1,1,2848,1,2847.0,2847,0,2,23,23,20,20,3,3,12,356,58,10,0,0,7,0,0,0,0,0,1,55,0,0,0,0,0,0,0,0,0,0,0,0,0,0,0,0,0,0,0,0,0,0,0,0,0,0,0,0,0,0,0,0,0,0,0,0,0,0,0,0,0,0,0,0,0,0,0,0,0,0,0,0,0,0,0,0,0,0,0,0,0,0,0,0,0,0,0,0,0,0,0,56,1,4,5,59,0,1,10,1,4
2053.ps1,1,2798,1,2797.0,2797,0,2,21,21,17,17,3,3,10,355,55,9,0,0,7,0,0,0,1,0,2,55,0,0,0,0,0,0,0,0,0,0,0,0,0,0,0,0,0,0,0,0,0,0,0,0,0,0,0,0,0,0,0,0,0,0,0,0,0,0,0,0,0,0,0,0,0,0,0,0,0,0,0,0,0,0,0,0,0,0,0,0,0,0,0,0,0,0,0,0,0,0,0,52,1,3,4,58,0,2,6,0,3
207.ps1,1,2962,1,2961.0,2961,0,2,22,22,23,23,3,3,10,375,61,9,0,0,7,0,0,0,1,0,2,55,0,0,0,0,0,0,0,0,0,0,0,0,0,0,0,0,0,0,0,0,0,0,0,0,0,0,0,0,0,0,0,0,0,0,0,0,0,0,0,0,0,0,0,0,0,0,0,0,0,0,0,0,0,0,0,0,0,0,0,0,0,0,0,0,0,0,0,0,0,0,0,58,1,3,5,58,0,2,12,0,4
2061.ps1,1,2659,1,2658.0,2658,0,0,21,21,21,21,3,3,7,321,56,13,0,0,7,0,0,0,0,0,0,48,0,0,0,0,0,0,0,0,0,0,0,0,0,0,0,0,0,0,0,0,0,0,0,0,0,0,0,0,0,0,0,0,0,0,0,0,0,0,0,0,0,0,0,0,0,0,0,0,0,0,0,0,0,0,0,0,0,0,0,0,1,0,0,0,0,0,0,0,0,0,0,56,1,0,7,49,0,0,12,3,6
2070.ps1,1,402,1,401.0,401,0,1,9,9,6,6,0,0,9,4,44,5,0,3,1,0,0,0,1,0,1,44,0,0,0,0,0,0,0,0,0,0,0,0,0,0,0,0,0,0,0,0,0,0,0,0,0,0,0,0,0,0,0,0,0,0,0,0,0,0,0,0,0,0,0,0,0,0,0,0,0,0,0,0,0,0,0,0,0,0,0,0,0,0,0,0,0,0,0,0,1,0,0,46,1,1,6,45,0,1,5,3,5
2079.ps1,1,2665,1,2664.0,2664,0,2,22,22,20,20,3,3,11,312,76,9,0,0,7,0,0,0,0,0,2,73,0,0,0,0,0,0,0,0,0,0,0,0,0,0,0,0,0,0,0,0,0,0,0,0,0,0,0,0,0,0,0,0,0,0,0,0,0,0,0,0,0,0,0,0,0,0,0,0,0,0,0,0,0,0,0,0,0,0,0,0,0,0,0,0,0,0,0,0,0,0,0,73,1,3,5,76,0,2,9,0,4
2082.ps1,1,2666,1,2665.0,2665,0,2,20,20,20,20,3,3,7,312,78,12,0,0,7,0,0,0,1,0,2,72,0,0,0,0,0,0,0,0,0,0,0,0,0,0,0,0,0,0,0,0,0,0,0,0,0,0,0,0,0,0,0,0,0,0,0,0,0,0,0,0,0,0,0,0,0,0,0,0,0,0,0,0,0,0,0,0,0,0,0,0,0,0,0,0,0,0,0,0,0,0,0,78,1,0,6,72,0,2,9,3,5
208.ps1,1,2558,1,2557.0,2557,0,1,23,23,17,17,3,3,12,305,50,10,2,0,7,0,0,0,0,0,0,51,0,0,0,0,0,0,0,0,0,0,0,0,0,0,0,0,0,0,0,0,0,0,0,0,0,0,0,0,0,0,0,0,0,0,0,0,0,0,0,0,0,0,0,0,0,0,0,0,0,0,0,0,0,0,0,0,0,0,0,0,0,0,0,0,0,0,0,0,0,0,0,48,2,3,6,56,0,0,7,1,5
2072.ps1,1,2636,1,2635.0,2635,0,2,19,19,14,14,3,3,7,312,74,12,0,0,7,0,0,0,1,0,2,74,0,0,0,0,0,0,0,0,0,0,0,0,0,0,0,0,0,0,0,0,0,0,0,0,0,0,0,0,0,0,0,0,0,0,0,0,0,0,0,0,0,0,0,0,0,0,0,0,0,0,0,0,0,0,0,0,0,0,0,0,0,0,0,0,0,0,0,0,0,0,0,74,1,0,5,74,0,2,3,3,4
2092.ps1,1,3152,1,3151.0,3151,0,2,22,22,23,23,3,3,11,395,91,9,0,0,7,0,0,0,0,0,2,85,0,0,0,0,0,0,0,0,0,0,0,0,0,0,0,0,0,0,0,0,0,0,0,0,0,0,0,0,0,0,0,0,0,0,0,0,0,0,0,0,0,0,0,0,0,0,0,0,0,0,0,0,0,0,0,0,0,0,0,0,0,0,0,0,0,0,0,0,0,0,0,88,1,3,5,88,0,2,12,0,4
21.ps1,1,586,1,585.0,585,0,1,6,6,5,5,17,17,13,2,57,6,0,3,9,0,0,0,1,0,1,58,0,0,0,0,0,0,0,0,0,0,0,0,0,0,0,0,0,0,0,0,0,0,0,0,0,0,0,0,0,0,0,0,0,0,0,0,0,0,0,0,0,0,0,0,0,0,0,1,0,0,0,0,0,0,0,0,0,0,0,0,0,0,0,0,0,0,0,0,0,0,0,58,1,1,4,59,0,1,2,2,3
2091.ps1,1,3169,1,3168.0,3168,0,0,21,21,19,19,3,3,8,402,90,13,2,0,7,0,0,0,1,0,0,87,0,0,0,0,0,0,0,0,0,0,0,0,0,0,0,0,0,0,0,0,0,0,0,0,0,0,0,0,0,0,0,0,0,0,0,0,0,0,0,0,0,0,0,0,0,0,0,0,0,0,0,0,0,0,0,0,0,0,0,0,0,0,0,0,0,0,0,0,0,0,0,91,2,0,7,89,0,0,9,4,6
209.ps1,1,2664,1,2663.0,2663,0,1,21,21,16,16,3,3,10,330,53,10,0,0,7,0,0,0,0,0,0,52,0,0,0,0,0,0,0,0,0,0,0,0,0,0,0,0,0,0,0,0,0,0,0,0,0,0,0,0,0,0,0,0,0,0,0,0,0,0,0,0,0,0,0,0,0,0,0,0,0,0,0,0,0,0,0,0,0,0,0,0,1,0,0,0,0,0,0,0,0,0,0,50,1,3,4,56,0,0,7,0,3
2084.ps1,1,2884,1,2883.0,2883,0,0,20,20,18,18,3,3,7,355,82,13,0,0,7,0,0,0,0,0,0,77,0,0,0,0,0,0,0,0,0,0,0,0,0,0,0,0,0,0,0,0,0,0,0,0,0,0,0,0,0,0,0,0,0,0,0,0,0,0,0,0,0,0,0,0,0,0,0,0,0,0,0,0,0,0,0,0,0,0,0,0,1,0,0,0,0,0,0,0,0,0,0,82,1,0,6,78,0,0,9,3,5
2083.ps1,1,2788,1,2787.0,2787,0,3,23,23,21,21,3,3,10,330,81,9,0,0,7,0,0,0,1,0,2,76,0,0,0,0,0,0,0,0,0,0,0,0,0,0,0,0,0,0,0,0,0,0,0,0,0,0,0,0,0,0,0,0,0,0,0,0,0,0,0,0,0,0,0,0,0,0,0,0,0,0,0,0,0,0,0,0,0,0,0,0,0,0,0,0,0,0,0,0,0,0,0,78,1,3,6,79,0,2,10,0,5
2103.ps1,1,310,1,309.0,309,0,2,6,6,7,7,0,0,9,2,32,2,0,3,0,0,0,0,0,0,2,30,0,0,0,0,0,0,0,0,0,0,0,0,0,0,0,0,0,0,0,0,0,0,0,0,0,0,0,0,0,0,0,0,0,0,0,0,0,0,0,0,0,0,0,0,0,0,0,0,0,0,0,0,0,0,0,0,0,0,0,0,0,0,0,0,0,0,0,0,0,0,0,32,1,1,4,31,0,2,5,0,3
2106.ps1,1,3528,1,3527.0,3527,0,0,19,19,18,18,3,3,7,492,70,12,0,0,7,0,0,0,0,0,0,65,0,0,0,0,0,0,0,0,0,0,0,0,0,0,0,0,0,0,0,0,0,0,0,0,0,0,0,0,0,0,0,0,0,0,0,0,0,0,0,0,0,0,0,0,0,0,0,0,0,0,0,0,0,0,0,0,0,0,0,0,0,1,0,0,0,0,0,0,0,0,0,70,1,0,5,66,0,0,9,3,4
210.ps1,1,2942,1,2941.0,2941,0,2,22,22,20,20,3,3,10,378,59,9,0,0,7,0,0,0,1,0,2,56,0,0,0,0,0,0,0,0,0,0,0,0,0,0,0,0,0,0,0,0,0,0,0,0,0,0,0,0,0,0,0,0,0,0,0,0,0,0,0,0,0,0,0,0,0,0,0,0,0,0,0,0,0,0,0,0,0,0,0,0,0,0,0,0,0,0,0,0,0,0,0,56,1,3,5,59,0,2,9,0,4
2108.ps1,1,2566,1,2565.0,2565,0,0,20,20,18,18,3,3,10,312,51,9,0,0,7,0,0,0,0,0,0,49,0,0,0,0,0,0,0,0,0,0,0,0,0,0,0,0,0,0,0,0,0,0,0,0,0,0,0,0,0,0,0,0,0,0,0,0,0,0,0,0,0,0,0,0,0,0,0,0,0,0,0,0,0,0,0,0,0,0,0,0,0,1,0,0,0,0,0,0,0,0,0,48,1,3,3,53,0,0,9,0,2
2115.ps1,1,287,1,286.0,286,0,1,8,8,7,7,1,1,9,3,28,3,1,0,1,0,0,0,1,0,1,31,0,0,0,0,0,0,0,0,0,0,0,0,0,0,0,0,0,0,0,0,0,0,0,0,0,0,0,0,0,0,0,0,0,0,0,0,0,0,0,0,0,0,0,0,0,0,0,0,0,0,0,0,0,0,0,0,0,0,0,0,0,0,0,0,0,0,0,0,0,0,0,28,1,2,4,33,0,1,5,1,3
2107.ps1,1,2530,1,2529.0,2529,0,0,19,19,15,15,3,3,7,309,51,12,0,0,7,0,0,0,0,0,0,49,0,0,0,0,0,0,0,0,0,0,0,0,0,0,0,0,0,0,0,0,0,0,0,0,0,0,0,0,0,0,0,0,0,0,0,0,0,0,0,0,0,0,0,0,0,0,0,0,0,0,0,0,0,0,0,0,0,0,0,0,0,1,0,0,0,0,0,0,0,0,0,51,1,0,5,50,0,0,6,3,4
2117.ps1,1,3612,1,3611.0,3611,0,0,18,18,15,15,3,3,7,490,101,13,0,0,7,0,0,0,0,0,0,99,0,0,0,0,0,0,0,0,0,0,0,0,0,0,0,0,0,0,0,0,0,0,0,0,0,0,0,0,0,0,0,0,0,0,0,0,0,0,0,0,0,0,0,0,0,0,0,0,0,0,0,0,0,0,0,0,0,0,0,0,1,0,0,0,0,0,0,0,0,0,0,101,1,0,4,100,0,0,6,3,3
2102.ps1,1,2702,1,2701.0,2701,0,3,23,23,21,21,3,3,10,330,57,9,0,0,7,0,0,0,1,0,2,52,0,0,0,0,0,0,0,0,0,0,0,0,0,0,0,0,0,0,0,0,0,0,0,0,0,0,0,0,0,0,0,0,0,0,0,0,0,0,0,0,0,0,0,0,0,0,0,0,0,0,0,0,0,0,0,0,0,0,0,0,0,0,0,0,0,0,0,0,0,0,0,54,1,3,6,55,0,2,10,0,5
2127.ps1,1,1098,1,1097.0,1097,0,2,11,12,17,17,2,3,24,6,123,8,0,5,8,1,3,1,0,0,2,122,0,0,0,0,0,0,0,0,0,0,0,0,0,0,0,0,0,0,0,0,0,0,0,0,0,0,0,0,0,0,0,0,0,0,0,0,0,0,0,0,0,0,0,0,0,0,0,0,0,0,0,0,0,0,0,0,0,0,0,0,0,1,0,0,0,0,0,0,0,1,0,125,1,0,6,122,0,2,7,4,5
2113.ps1,1,916,1,915.0,915,0,2,11,11,19,19,1,1,22,5,83,8,0,5,7,0,2,0,0,0,2,79,0,0,0,0,0,0,0,0,0,0,0,0,0,0,0,0,0,0,0,0,0,0,0,0,0,0,0,0,0,0,0,0,0,0,0,0,0,0,0,0,0,0,0,0,0,0,0,0,0,0,0,0,0,0,0,0,0,0,0,0,0,1,0,0,0,0,0,0,0,0,0,85,1,0,6,79,0,2,10,4,5
2121.ps1,1,363,1,362.0,362,0,1,8,8,5,5,10,10,10,5,31,4,0,3,0,0,0,0,1,0,1,33,0,0,0,0,0,0,0,0,0,0,0,0,0,0,0,0,0,0,0,0,0,0,0,0,0,0,0,0,0,0,0,0,0,0,0,0,0,0,0,0,0,0,0,0,0,0,0,1,0,0,0,0,0,0,0,0,0,0,0,0,0,0,0,0,0,0,0,0,0,0,0,33,1,1,5,34,0,1,4,2,4
2112.ps1,1,2691,1,2690.0,2690,0,2,23,23,23,23,3,3,11,312,78,9,0,0,7,0,0,0,0,0,2,72,0,0,0,0,0,0,0,0,0,0,0,0,0,0,0,0,0,0,0,0,0,0,0,0,0,0,0,0,0,0,0,0,0,0,0,0,0,0,0,0,0,0,0,0,0,0,0,0,0,0,0,0,0,0,0,0,0,0,0,0,0,0,0,0,0,0,0,0,0,0,0,75,1,3,6,75,0,2,12,0,5
2129.ps1,1,2762,1,2761.0,2761,0,2,21,21,17,17,3,3,10,332,76,10,0,0,7,0,0,0,1,0,1,76,0,0,0,0,0,0,0,0,0,0,0,0,0,0,0,0,0,0,0,0,0,0,0,0,0,0,0,0,0,0,0,0,0,0,0,0,0,0,0,0,0,0,0,0,0,0,0,0,0,0,0,0,0,0,0,0,0,0,0,0,0,0,0,0,0,0,0,0,0,0,0,74,1,3,4,79,0,1,7,1,3
2134.ps1,1,2703,1,2702.0,2702,0,1,23,23,22,22,3,3,11,313,77,10,0,0,7,0,0,0,1,0,1,73,0,0,0,0,0,0,0,0,0,0,0,0,0,0,0,0,0,0,0,0,0,0,0,0,0,0,0,0,0,0,0,0,0,0,0,0,0,0,0,0,0,0,0,0,0,0,0,0,0,0,0,0,0,0,0,0,0,0,0,0,0,0,0,0,0,0,0,0,0,0,0,75,1,4,5,77,0,1,12,1,4
2122.ps1,1,2649,1,2648.0,2648,0,0,24,24,25,25,3,3,12,314,55,10,2,0,7,0,0,0,0,0,0,49,0,0,0,0,0,0,0,0,0,0,0,0,0,0,0,0,0,0,0,0,0,0,0,0,0,0,0,0,0,0,0,0,0,0,0,0,0,0,0,0,0,0,0,0,0,0,0,0,0,0,0,0,0,0,0,0,0,0,0,0,0,0,0,0,0,0,0,0,0,0,0,53,2,3,7,54,0,0,15,1,6
2137.ps1,1,315,1,314.0,314,1,1,7,7,5,5,0,0,8,4,26,4,0,6,0,0,0,0,1,0,1,26,0,0,0,0,0,0,0,0,0,0,0,0,0,0,0,0,0,0,0,0,0,0,0,0,0,0,0,0,0,0,0,0,0,0,0,0,0,0,0,0,0,0,0,0,0,0,0,0,0,0,0,0,0,0,0,0,0,0,0,0,0,0,0,0,0,0,0,0,0,1,0,28,1,0,6,26,0,1,4,2,5
2139.ps1,1,1907,1,1906.0,1906,0,2,24,24,24,24,1,1,31,6,276,13,0,4,14,0,1,0,0,0,2,263,0,0,0,0,0,0,0,0,0,0,0,0,0,0,0,0,0,0,0,0,0,0,0,0,0,0,0,0,0,0,0,0,0,0,0,0,0,0,0,0,0,0,0,0,0,0,0,1,0,0,0,0,0,0,0,0,0,0,0,0,0,0,0,0,0,0,0,0,0,0,0,269,1,0,7,263,0,2,9,3,6
2131.ps1,1,3117,1,3116.0,3116,0,0,23,23,25,25,5,5,12,331,91,15,0,0,11,0,0,0,2,0,0,83,0,0,0,0,0,0,0,0,0,0,0,0,0,0,0,0,0,0,0,0,0,0,0,0,0,0,0,0,0,0,0,0,0,0,0,0,0,0,0,0,0,0,0,0,0,0,0,0,0,0,0,0,0,0,0,0,0,0,0,0,0,2,0,0,0,0,0,0,0,0,0,91,1,0,6,84,0,0,13,4,5
2128.ps1,1,3375,1,3374.0,3374,0,1,26,26,29,29,5,5,14,357,99,21,0,0,12,0,0,0,2,0,1,89,0,0,0,0,0,0,0,0,0,0,0,0,0,0,0,0,0,0,0,0,0,0,0,0,0,0,0,0,0,0,0,0,0,0,0,0,0,0,0,0,0,0,0,0,0,0,0,0,0,0,0,1,0,0,0,0,0,0,0,0,0,2,0,0,0,0,0,0,0,0,0,100,1,1,8,90,0,1,16,5,7
2135.ps1,1,2574,1,2573.0,2573,0,0,20,20,13,13,3,3,9,314,49,13,2,0,7,0,0,0,0,0,0,52,0,0,0,0,0,0,0,0,0,0,0,0,0,0,0,0,0,0,0,0,0,0,0,0,0,0,0,0,0,0,0,0,0,0,0,0,0,0,0,0,0,0,0,0,0,0,0,0,0,0,0,0,0,0,0,0,0,0,0,0,0,0,0,0,0,0,0,0,0,0,0,50,2,0,6,54,0,0,3,4,5
2133.ps1,1,2718,1,2717.0,2717,0,1,23,23,22,22,3,3,11,332,55,10,0,0,7,0,0,0,0,0,1,51,0,0,0,0,0,0,0,0,0,0,0,0,0,0,0,0,0,0,0,0,0,0,0,0,0,0,0,0,0,0,0,0,0,0,0,0,0,0,0,0,0,0,0,0,0,0,0,0,0,0,0,0,0,0,0,0,0,0,0,0,0,0,0,0,0,0,0,0,0,0,0,53,1,3,6,54,0,1,12,1,5
2140.ps1,1,2680,1,2679.0,2679,0,0,21,21,19,19,3,3,8,314,76,14,2,0,7,0,0,0,1,0,0,73,0,0,0,0,0,0,0,0,0,0,0,0,0,0,0,0,0,0,0,0,0,0,0,0,0,0,0,0,0,0,0,0,0,0,0,0,0,0,0,0,0,0,0,0,0,0,0,0,0,0,0,0,0,0,0,0,0,0,0,0,0,0,0,0,0,0,0,0,0,0,0,77,2,0,7,75,0,0,9,4,6
2141.ps1,1,2675,1,2674.0,2674,0,0,22,22,19,19,3,3,12,314,74,10,2,0,7,0,0,0,0,0,0,74,0,0,0,0,0,0,0,0,0,0,0,0,0,0,0,0,0,0,0,0,0,0,0,0,0,0,0,0,0,0,0,0,0,0,0,0,0,0,0,0,0,0,0,0,0,0,0,0,0,0,0,0,0,0,0,0,0,0,0,0,0,0,0,0,0,0,0,0,0,0,0,72,2,3,5,79,0,0,9,1,4
2149.ps1,1,2747,1,2746.0,2746,0,2,17,17,19,19,2,2,23,6,84,9,0,32,13,0,0,0,1,0,1,52,0,0,0,0,0,0,0,0,0,0,0,0,0,0,0,0,0,0,0,0,0,0,0,0,0,0,0,0,0,0,0,0,3,0,0,0,0,0,0,0,0,0,0,0,0,0,0,0,1,0,0,0,0,1,0,0,0,0,0,0,0,0,0,0,0,0,0,0,0,3,0,56,1,3,7,55,0,1,14,1,6
2163.ps1,1,3441,1,3440.0,3440,0,1,25,25,26,26,5,5,12,397,71,16,0,0,11,0,0,0,3,0,1,64,0,0,0,0,0,0,0,0,0,0,0,0,0,0,0,0,0,0,0,0,0,0,0,0,0,0,0,0,0,0,0,0,0,0,0,0,0,0,0,0,0,0,0,0,0,0,0,0,0,0,0,0,0,0,0,0,0,0,0,0,0,1,0,0,0,0,0,0,0,0,0,72,1,0,8,64,0,1,13,5,7
2156.ps1,1,2545,1,2544.0,2544,0,0,20,20,13,13,3,3,9,311,49,13,2,0,7,0,0,0,0,0,0,52,0,0,0,0,0,0,0,0,0,0,0,0,0,0,0,0,0,0,0,0,0,0,0,0,0,0,0,0,0,0,0,0,0,0,0,0,0,0,0,0,0,0,0,0,0,0,0,0,0,0,0,0,0,0,0,0,0,0,0,0,0,0,0,0,0,0,0,0,0,0,0,50,2,0,6,54,0,0,3,4,5
2142.ps1,1,3081,1,3080.0,3080,0,1,28,28,26,26,5,5,17,324,64,17,2,0,12,0,0,0,3,0,0,60,0,0,0,0,0,0,0,0,0,0,0,0,0,0,0,0,0,0,0,0,0,0,0,0,0,0,0,0,0,0,0,0,0,0,0,0,0,0,0,0,0,0,0,0,0,0,0,0,0,0,0,1,0,0,0,0,0,0,0,0,0,2,0,0,0,0,0,0,0,0,0,61,2,4,7,66,0,0,13,1,6
215.ps1,1,2717,1,2716.0,2716,0,1,23,23,22,22,3,3,10,321,79,9,0,0,7,0,0,0,0,0,0,72,0,0,0,0,0,0,0,0,0,0,0,0,0,0,0,0,0,0,0,0,0,0,0,0,0,0,0,0,0,0,0,0,0,0,0,0,0,0,0,0,0,0,0,0,0,0,0,0,0,0,0,0,0,0,0,0,0,0,0,0,0,1,0,0,0,0,0,0,0,0,0,76,1,3,6,76,0,0,13,0,5
2160.ps1,1,2720,1,2719.0,2719,0,1,18,18,13,13,3,3,7,332,75,13,0,0,7,0,0,0,1,0,1,77,0,0,0,0,0,0,0,0,0,0,0,0,0,0,0,0,0,0,0,0,0,0,0,0,0,0,0,0,0,0,0,0,0,0,0,0,0,0,0,0,0,0,0,0,0,0,0,0,0,0,0,0,0,0,0,0,0,0,0,0,0,0,0,0,0,0,0,0,0,0,0,76,1,0,4,77,0,1,3,4,3
2153.ps1,1,370,1,369.0,369,0,1,7,7,5,5,10,10,8,6,40,4,0,3,0,0,0,0,1,0,1,42,0,0,0,0,0,0,0,0,0,0,0,0,0,0,0,0,0,0,0,0,0,0,0,0,0,0,0,0,0,0,0,0,0,0,0,0,0,0,0,0,0,0,0,0,0,0,0,1,0,0,0,0,0,0,0,0,0,0,0,0,0,0,0,0,0,0,0,0,0,0,0,42,1,0,5,42,0,1,4,2,4
2169.ps1,1,2622,1,2621.0,2621,0,0,21,21,19,19,3,3,9,314,53,14,2,0,7,0,0,0,0,0,0,50,0,0,0,0,0,0,0,0,0,0,0,0,0,0,0,0,0,0,0,0,0,0,0,0,0,0,0,0,0,0,0,0,0,0,0,0,0,0,0,0,0,0,0,0,0,0,0,0,0,0,0,0,0,0,0,0,0,0,0,0,0,0,0,0,0,0,0,0,0,0,0,54,2,0,7,52,0,0,9,4,6
2172.ps1,1,2783,1,2782.0,2782,0,1,21,21,19,19,3,3,7,332,79,13,0,0,7,0,0,0,1,0,1,75,0,0,0,0,0,0,0,0,0,0,0,0,0,0,0,0,0,0,0,0,0,0,0,0,0,0,0,0,0,0,0,0,0,0,0,0,0,0,0,0,0,0,0,0,0,0,0,0,0,0,0,0,0,0,0,0,0,0,0,0,0,0,0,0,0,0,0,0,0,0,0,80,1,0,7,75,0,1,9,4,6
217.ps1,1,2706,1,2705.0,2705,0,1,21,21,20,20,3,3,8,331,56,13,0,0,7,0,0,0,0,0,1,52,0,0,0,0,0,0,0,0,0,0,0,0,0,0,0,0,0,0,0,0,0,0,0,0,0,0,0,0,0,0,0,0,0,0,0,0,0,0,0,0,0,0,0,0,0,0,0,0,0,0,0,0,0,0,0,0,0,0,0,0,0,0,0,0,0,0,0,0,0,0,0,57,1,0,7,52,0,1,10,4,6
2168.ps1,1,2743,1,2742.0,2742,0,0,22,22,22,22,3,3,9,323,79,13,2,0,7,0,0,0,0,0,0,73,0,0,0,0,0,0,0,0,0,0,0,0,0,0,0,0,0,0,0,0,0,0,0,0,0,0,0,0,0,0,0,0,0,0,0,0,0,0,0,0,0,0,0,0,0,0,0,0,0,0,0,0,0,0,0,0,0,0,0,0,0,0,0,0,0,0,0,0,0,0,0,80,2,0,8,75,0,0,12,4,7
2174.ps1,1,333,1,332.0,332,1,2,7,7,6,6,10,10,7,4,34,3,0,3,0,0,0,0,0,0,2,34,0,0,0,0,0,0,0,0,0,0,0,0,0,0,0,0,0,0,0,0,0,0,0,0,0,0,0,0,0,0,0,0,0,0,0,0,0,0,0,0,0,0,0,0,0,0,0,1,0,0,0,0,0,0,0,0,0,0,0,0,0,0,0,0,0,0,0,0,0,0,0,35,1,0,5,34,0,2,4,1,4
2176.ps1,1,2596,1,2595.0,2595,0,2,20,20,20,20,3,3,8,312,55,12,0,0,7,0,0,0,0,0,2,49,0,0,0,0,0,0,0,0,0,0,0,0,0,0,0,0,0,0,0,0,0,0,0,0,0,0,0,0,0,0,0,0,0,0,0,0,0,0,0,0,0,0,0,0,0,0,0,0,0,0,0,0,0,0,0,0,0,0,0,0,0,0,0,0,0,0,0,0,0,0,0,55,1,0,6,49,0,2,9,3,5
2181.ps1,1,2670,1,2669.0,2669,0,2,23,23,21,21,3,3,10,322,55,10,0,0,7,0,0,0,1,0,1,52,0,0,0,0,0,0,0,0,0,0,0,0,0,0,0,0,0,0,0,0,0,0,0,0,0,0,0,0,0,0,0,0,0,0,0,0,0,0,0,0,0,0,0,0,0,0,0,0,0,0,0,0,0,0,0,0,0,0,0,0,0,0,0,0,0,0,0,0,0,0,0,53,1,3,6,55,0,1,11,1,5
2177.ps1,1,3131,1,3130.0,3130,0,2,22,22,23,23,3,3,11,394,90,9,0,0,7,0,0,0,0,0,2,84,0,0,0,0,0,0,0,0,0,0,0,0,0,0,0,0,0,0,0,0,0,0,0,0,0,0,0,0,0,0,0,0,0,0,0,0,0,0,0,0,0,0,0,0,0,0,0,0,0,0,0,0,0,0,0,0,0,0,0,0,0,0,0,0,0,0,0,0,0,0,0,87,1,3,5,87,0,2,12,0,4
2196.ps1,1,2728,1,2727.0,2727,0,0,23,23,22,22,3,3,11,332,55,10,2,0,7,0,0,0,1,0,0,52,0,0,0,0,0,0,0,0,0,0,0,0,0,0,0,0,0,0,0,0,0,0,0,0,0,0,0,0,0,0,0,0,0,0,0,0,0,0,0,0,0,0,0,0,0,0,0,0,0,0,0,0,0,0,0,0,0,0,0,0,0,0,0,0,0,0,0,0,0,0,0,53,2,3,6,57,0,0,12,1,5
2200.ps1,1,1480,1,1479.0,1479,1,1,22,22,35,35,5,5,46,16,45,5,0,6,21,0,8,0,2,0,1,40,0,0,0,0,0,0,0,0,0,0,0,0,0,0,0,0,0,0,0,0,0,0,0,0,0,0,0,0,0,0,0,0,0,0,0,0,0,0,0,0,0,0,0,0,0,0,0,0,0,0,0,0,0,0,0,0,0,0,0,0,0,1,0,0,0,0,0,0,0,0,0,38,1,4,5,44,0,1,11,1,4
2173.ps1,1,2589,1,2588.0,2588,0,2,19,19,17,17,3,3,8,312,53,12,0,0,7,0,0,0,0,0,2,50,0,0,0,0,0,0,0,0,0,0,0,0,0,0,0,0,0,0,0,0,0,0,0,0,0,0,0,0,0,0,0,0,0,0,0,0,0,0,0,0,0,0,0,0,0,0,0,0,0,0,0,0,0,0,0,0,0,0,0,0,0,0,0,0,0,0,0,0,0,0,0,53,1,0,5,50,0,2,6,3,4
2191.ps1,1,2734,1,2733.0,2733,0,0,19,19,18,18,3,3,7,330,79,12,0,0,7,0,0,0,0,0,0,74,0,0,0,0,0,0,0,0,0,0,0,0,0,0,0,0,0,0,0,0,0,0,0,0,0,0,0,0,0,0,0,0,0,0,0,0,0,0,0,0,0,0,0,0,0,0,0,0,0,0,0,0,0,0,0,0,0,0,0,0,0,1,0,0,0,0,0,0,0,0,0,79,1,0,5,75,0,0,9,3,4
2195.ps1,1,2699,1,2698.0,2698,0,2,23,23,23,23,3,3,10,314,78,10,0,0,7,0,0,0,1,0,1,72,0,0,0,0,0,0,0,0,0,0,0,0,0,0,0,0,0,0,0,0,0,0,0,0,0,0,0,0,0,0,0,0,0,0,0,0,0,0,0,0,0,0,0,0,0,0,0,0,0,0,0,0,0,0,0,0,0,0,0,0,0,0,0,0,0,0,0,0,0,0,0,76,1,3,6,75,0,1,13,1,5
2189.ps1,1,2686,1,2685.0,2685,0,0,14,14,11,11,2,2,22,7,72,13,2,23,13,0,0,0,0,0,0,53,0,0,0,0,0,0,0,0,0,0,0,0,0,0,0,0,0,0,0,0,0,0,0,0,0,0,0,0,0,0,0,0,3,0,0,0,0,0,0,0,0,0,0,0,0,0,0,0,1,0,0,0,0,1,0,0,0,0,0,0,0,1,0,0,0,0,0,0,0,3,0,54,2,0,7,55,0,0,6,4,6
2216.ps1,1,2702,1,2701.0,2701,0,0,22,22,19,19,3,3,9,332,55,13,2,0,7,0,0,0,0,0,0,52,0,0,0,0,0,0,0,0,0,0,0,0,0,0,0,0,0,0,0,0,0,0,0,0,0,0,0,0,0,0,0,0,0,0,0,0,0,0,0,0,0,0,0,0,0,0,0,0,0,0,0,0,0,0,0,0,0,0,0,0,0,0,0,0,0,0,0,0,0,0,0,56,2,0,8,54,0,0,9,4,7
2188.ps1,1,2627,1,2626.0,2626,0,1,9,9,5,5,0,0,7,6,105,6,0,28,2,0,0,0,1,0,1,74,0,0,0,0,0,0,0,0,0,0,0,0,0,0,0,0,0,0,0,0,0,0,0,0,0,0,0,0,0,0,0,0,1,0,0,0,0,0,0,0,0,0,0,0,0,0,0,0,1,0,0,0,0,1,0,0,0,0,0,0,0,1,0,0,0,0,0,0,0,2,0,73,1,0,4,74,0,1,2,3,3
2209.ps1,1,2582,1,2581.0,2581,0,2,19,19,17,17,3,3,8,312,53,12,0,0,7,0,0,0,0,0,2,50,0,0,0,0,0,0,0,0,0,0,0,0,0,0,0,0,0,0,0,0,0,0,0,0,0,0,0,0,0,0,0,0,0,0,0,0,0,0,0,0,0,0,0,0,0,0,0,0,0,0,0,0,0,0,0,0,0,0,0,0,0,0,0,0,0,0,0,0,0,0,0,53,1,0,5,50,0,2,6,3,4
2212.ps1,1,2916,1,2915.0,2915,0,1,23,23,19,19,3,3,12,356,81,10,0,0,7,0,0,0,0,0,1,80,0,0,0,0,0,0,0,0,0,0,0,0,0,0,0,0,0,0,0,0,0,0,0,0,0,0,0,0,0,0,0,0,0,0,0,0,0,0,0,0,0,0,0,0,0,0,0,0,0,0,0,0,0,0,0,0,0,0,0,0,0,0,0,0,0,0,0,0,0,0,0,79,1,4,5,84,0,1,9,1,4
2208.ps1,1,2652,1,2651.0,2651,0,2,21,21,20,20,3,3,7,321,56,12,0,0,7,0,0,0,1,0,2,50,0,0,0,0,0,0,0,0,0,0,0,0,0,0,0,0,0,0,0,0,0,0,0,0,0,0,0,0,0,0,0,0,0,0,0,0,0,0,0,0,0,0,0,0,0,0,0,0,0,0,0,0,0,0,0,0,0,0,0,0,0,0,0,0,0,0,0,0,0,0,0,56,1,0,7,50,0,2,9,3,6
220.ps1,1,2643,1,2642.0,2642,0,2,24,24,20,20,3,3,12,304,76,10,0,0,7,0,0,0,0,0,1,73,0,0,0,0,0,0,0,0,0,0,0,0,0,0,0,0,0,0,0,0,0,0,0,0,0,0,0,0,0,0,0,0,0,0,0,0,0,0,0,0,0,0,0,0,0,0,0,0,0,0,0,0,0,0,0,0,0,0,0,0,0,0,0,0,0,0,0,0,0,0,0,74,1,4,6,77,0,1,10,1,5
2220.ps1,1,2623,1,2622.0,2622,0,2,19,19,17,17,3,3,7,321,53,12,0,0,7,0,0,0,1,0,2,50,0,0,0,0,0,0,0,0,0,0,0,0,0,0,0,0,0,0,0,0,0,0,0,0,0,0,0,0,0,0,0,0,0,0,0,0,0,0,0,0,0,0,0,0,0,0,0,0,0,0,0,0,0,0,0,0,0,0,0,0,0,0,0,0,0,0,0,0,0,0,0,53,1,0,5,50,0,2,6,3,4
2223.ps1,1,326,1,325.0,325,0,0,6,6,3,3,0,0,10,4,39,3,2,3,0,0,0,0,0,0,0,43,0,0,0,0,0,0,0,0,0,0,0,0,0,0,0,0,0,0,0,0,0,0,0,0,0,0,0,0,0,0,0,0,0,0,0,0,0,0,0,0,0,0,0,0,0,0,0,0,0,0,0,0,0,0,0,0,0,0,0,0,0,0,0,0,0,0,0,0,0,0,0,40,2,1,4,46,0,0,2,1,3
2227.ps1,1,319,1,318.0,318,0,2,6,6,6,6,10,10,9,4,26,3,0,3,0,0,0,0,1,0,2,26,0,0,0,0,0,0,0,0,0,0,0,0,0,0,0,0,0,0,0,0,0,0,0,0,0,0,0,0,0,0,0,0,0,0,0,0,0,0,0,0,0,0,0,0,0,0,0,1,0,0,0,0,0,0,0,0,0,0,0,0,0,0,0,0,0,0,0,0,0,1,0,27,1,0,4,26,0,2,4,1,3
2230.ps1,1,377,1,376.0,376,0,0,6,6,4,4,10,10,8,4,44,4,0,5,0,0,0,0,0,0,0,45,0,0,0,0,0,0,0,0,0,0,0,0,0,0,0,0,0,0,0,0,0,0,0,0,0,0,0,0,0,0,0,0,0,0,0,0,0,0,0,0,0,0,0,0,0,0,0,1,0,0,0,0,0,0,0,0,0,0,0,0,1,0,0,0,0,0,0,0,0,0,0,45,1,0,4,46,0,0,4,1,3
2222.ps1,1,2712,1,2711.0,2711,0,1,21,21,19,19,3,3,7,332,55,13,0,0,7,0,0,0,1,0,1,51,0,0,0,0,0,0,0,0,0,0,0,0,0,0,0,0,0,0,0,0,0,0,0,0,0,0,0,0,0,0,0,0,0,0,0,0,0,0,0,0,0,0,0,0,0,0,0,0,0,0,0,0,0,0,0,0,0,0,0,0,0,0,0,0,0,0,0,0,0,0,0,56,1,0,7,51,0,1,9,4,6
2234.ps1,1,2654,1,2653.0,2653,0,2,20,20,17,17,3,3,10,312,74,9,0,0,7,0,0,0,1,0,2,74,0,0,0,0,0,0,0,0,0,0,0,0,0,0,0,0,0,0,0,0,0,0,0,0,0,0,0,0,0,0,0,0,0,0,0,0,0,0,0,0,0,0,0,0,0,0,0,0,0,0,0,0,0,0,0,0,0,0,0,0,0,0,0,0,0,0,0,0,0,0,0,71,1,3,3,77,0,2,6,0,2
2240.ps1,1,2727,1,2726.0,2726,0,2,23,23,23,23,3,3,11,332,57,10,0,0,7,0,0,0,0,0,1,51,0,0,0,0,0,0,0,0,0,0,0,0,0,0,0,0,0,0,0,0,0,0,0,0,0,0,0,0,0,0,0,0,0,0,0,0,0,0,0,0,0,0,0,0,0,0,0,0,0,0,0,0,0,0,0,0,0,0,0,0,0,0,0,0,0,0,0,0,0,0,0,55,1,3,6,54,0,1,13,1,5
224.ps1,1,2621,1,2620.0,2620,0,2,21,21,20,20,3,3,8,303,77,12,0,0,7,0,0,0,0,0,2,71,0,0,0,0,0,0,0,0,0,0,0,0,0,0,0,0,0,0,0,0,0,0,0,0,0,0,0,0,0,0,0,0,0,0,0,0,0,0,0,0,0,0,0,0,0,0,0,0,0,0,0,0,0,0,0,0,0,0,0,0,0,0,0,0,0,0,0,0,0,0,0,77,1,0,7,71,0,2,9,3,6
2245.ps1,1,264,1,263.0,263,0,1,6,6,2,2,6,6,7,3,27,4,0,3,0,0,0,0,1,0,1,29,0,0,0,0,0,0,0,0,0,0,0,0,0,0,0,0,0,0,0,0,0,0,0,0,0,0,0,0,0,0,0,0,0,0,0,0,0,0,0,0,0,0,0,0,0,0,0,1,0,0,0,0,0,0,0,0,0,0,0,0,0,0,0,0,0,0,0,0,0,0,0,29,1,0,5,29,0,1,1,1,4
2243.ps1,1,2678,1,2677.0,2677,0,0,22,22,19,19,3,3,12,314,74,11,2,0,7,0,0,0,0,0,0,74,0,0,0,0,0,0,0,0,0,0,0,0,0,0,0,0,0,0,0,0,0,0,0,0,0,0,0,0,0,0,0,0,0,0,0,0,0,0,0,0,0,0,0,0,0,0,0,0,0,0,0,0,0,0,0,0,0,0,0,0,0,0,0,0,0,0,0,0,0,0,0,72,2,3,5,79,0,0,9,1,4
2218.ps1,1,517,1,516.0,516,0,1,5,5,7,7,0,0,10,5,53,7,0,6,0,0,0,0,0,0,1,55,0,0,0,0,0,0,0,0,0,0,0,0,0,0,0,0,0,0,0,0,0,0,0,0,0,0,0,0,0,0,0,0,0,0,0,0,0,0,0,0,0,0,0,0,0,0,0,1,0,0,0,0,0,0,0,0,0,0,0,0,0,1,0,0,0,0,0,0,0,0,0,57,1,0,6,55,0,1,6,4,5
2248.ps1,1,2802,1,2801.0,2801,0,2,24,24,20,20,3,3,11,331,80,10,0,0,7,0,0,0,1,0,1,77,0,0,0,0,0,0,0,0,0,0,0,0,0,0,0,0,0,0,0,0,0,0,0,0,0,0,0,0,0,0,0,0,0,0,0,0,0,0,0,0,0,0,0,0,0,0,0,0,0,0,0,0,0,0,0,0,0,0,0,0,0,0,0,0,0,0,0,0,0,0,0,78,1,4,6,81,0,1,10,1,5
2241.ps1,1,2662,1,2661.0,2661,0,1,20,20,16,16,3,3,9,313,75,13,0,0,7,0,0,0,0,0,1,74,0,0,0,0,0,0,0,0,0,0,0,0,0,0,0,0,0,0,0,0,0,0,0,0,0,0,0,0,0,0,0,0,0,0,0,0,0,0,0,0,0,0,0,0,0,0,0,0,0,0,0,0,0,0,0,0,0,0,0,0,0,0,0,0,0,0,0,0,0,0,0,76,1,1,5,75,0,1,6,4,4
2249.ps1,1,2880,1,2879.0,2879,0,1,19,19,16,16,3,3,7,357,80,13,0,0,7,0,0,0,1,0,1,79,0,0,0,0,0,0,0,0,0,0,0,0,0,0,0,0,0,0,0,0,0,0,0,0,0,0,0,0,0,0,0,0,0,0,0,0,0,0,0,0,0,0,0,0,0,0,0,0,0,0,0,0,0,0,0,0,0,0,0,0,0,0,0,0,0,0,0,0,0,0,0,81,1,0,5,79,0,1,6,4,4
2265.ps1,1,2604,1,2603.0,2603,0,3,22,22,21,21,3,3,11,312,55,9,0,0,7,0,0,0,0,0,2,50,0,0,0,0,0,0,0,0,0,0,0,0,0,0,0,0,0,0,0,0,0,0,0,0,0,0,0,0,0,0,0,0,0,0,0,0,0,0,0,0,0,0,0,0,0,0,0,0,0,0,0,0,0,0,0,0,0,0,0,0,0,0,0,0,0,0,0,0,0,0,0,52,1,3,5,53,0,2,10,0,4
2246.ps1,1,2729,1,2728.0,2728,0,2,24,24,23,23,3,3,11,332,57,10,0,0,7,0,0,0,0,0,1,51,0,0,0,0,0,0,0,0,0,0,0,0,0,0,0,0,0,0,0,0,0,0,0,0,0,0,0,0,0,0,0,0,0,0,0,0,0,0,0,0,0,0,0,0,0,0,0,0,0,0,0,0,0,0,0,0,0,0,0,0,0,0,0,0,0,0,0,0,0,0,0,55,1,3,7,54,0,1,13,1,6
2253.ps1,1,308,1,307.0,307,0,1,6,6,3,3,6,6,8,2,36,4,0,4,0,0,0,0,0,0,1,38,0,0,0,0,0,0,0,0,0,0,0,0,0,0,0,0,0,0,0,0,0,0,0,0,0,0,0,0,0,0,0,0,0,0,0,0,0,0,0,0,0,0,0,0,0,0,0,1,0,0,0,0,0,0,0,0,0,0,0,0,0,0,0,0,0,0,0,0,0,0,0,38,1,0,5,38,0,1,2,1,4
2272.ps1,1,2667,1,2666.0,2666,0,0,20,20,18,18,3,3,7,312,76,13,0,0,7,0,0,0,0,0,0,71,0,0,0,0,0,0,0,0,0,0,0,0,0,0,0,0,0,0,0,0,0,0,0,0,0,0,0,0,0,0,0,0,0,0,0,0,0,0,0,0,0,0,0,0,0,0,0,0,0,0,0,0,0,0,0,0,0,0,0,0,1,0,0,0,0,0,0,0,0,0,0,76,1,0,6,72,0,0,9,3,5
2278.ps1,1,2745,1,2744.0,2744,0,0,21,21,16,16,3,3,9,332,77,13,2,0,7,0,0,0,0,0,0,77,0,0,0,0,0,0,0,0,0,0,0,0,0,0,0,0,0,0,0,0,0,0,0,0,0,0,0,0,0,0,0,0,0,0,0,0,0,0,0,0,0,0,0,0,0,0,0,0,0,0,0,0,0,0,0,0,0,0,0,0,0,0,0,0,0,0,0,0,0,0,0,78,2,0,7,79,0,0,6,4,6
2274.ps1,1,2603,1,2602.0,2602,0,2,22,22,23,23,3,3,10,309,55,9,0,0,7,0,0,0,1,0,2,49,0,0,0,0,0,0,0,0,0,0,0,0,0,0,0,0,0,0,0,0,0,0,0,0,0,0,0,0,0,0,0,0,0,0,0,0,0,0,0,0,0,0,0,0,0,0,0,0,0,0,0,0,0,0,0,0,0,0,0,0,0,0,0,0,0,0,0,0,0,0,0,52,1,3,5,52,0,2,12,0,4
2256.ps1,1,2960,1,2959.0,2959,0,0,24,24,25,25,3,3,12,357,84,11,2,0,7,0,0,0,0,0,0,78,0,0,0,0,0,0,0,0,0,0,0,0,0,0,0,0,0,0,0,0,0,0,0,0,0,0,0,0,0,0,0,0,0,0,0,0,0,0,0,0,0,0,0,0,0,0,0,0,0,0,0,0,0,0,0,0,0,0,0,0,0,0,0,0,0,0,0,0,0,0,0,82,2,3,7,83,0,0,15,1,6
2282.ps1,1,2998,1,2997.0,2997,0,0,21,21,21,21,3,3,7,371,87,12,0,0,7,0,0,0,0,0,0,79,0,0,0,0,0,0,0,0,0,0,0,0,0,0,0,0,0,0,0,0,0,0,0,0,0,0,0,0,0,0,0,0,0,0,0,0,0,0,0,0,0,0,0,0,0,0,0,0,0,0,0,0,0,0,0,0,0,0,0,0,0,1,0,0,0,0,0,0,0,0,0,87,1,0,7,80,0,0,12,3,6
2258.ps1,1,2641,1,2640.0,2640,0,1,20,20,14,14,3,3,8,313,73,13,0,0,7,0,0,0,0,0,1,75,0,0,0,0,0,0,0,0,0,0,0,0,0,0,0,0,0,0,0,0,0,0,0,0,0,0,0,0,0,0,0,0,0,0,0,0,0,0,0,0,0,0,0,0,0,0,0,0,0,0,0,0,0,0,0,0,0,0,0,0,0,0,0,0,0,0,0,0,0,0,0,74,1,0,6,75,0,1,4,4,5
2259.ps1,1,3330,1,3329.0,3329,0,0,28,28,25,25,5,5,17,358,94,17,2,0,12,0,0,0,3,0,0,92,0,0,0,0,0,0,0,0,0,0,0,0,0,0,0,0,0,0,0,0,0,0,0,0,0,0,0,0,0,0,0,0,0,0,0,0,0,0,0,0,0,0,0,0,0,0,0,0,0,0,0,1,0,0,0,0,0,0,0,0,0,2,0,0,0,0,0,0,0,0,0,91,2,4,7,98,0,0,12,1,6
2266.ps1,1,2774,1,2773.0,2773,0,3,22,22,21,21,3,3,10,330,81,9,0,0,7,0,0,0,1,0,2,76,0,0,0,0,0,0,0,0,0,0,0,0,0,0,0,0,0,0,0,0,0,0,0,0,0,0,0,0,0,0,0,0,0,0,0,0,0,0,0,0,0,0,0,0,0,0,0,0,0,0,0,0,0,0,0,0,0,0,0,0,0,0,0,0,0,0,0,0,0,0,0,78,1,3,5,79,0,2,10,0,4
2271.ps1,1,3411,1,3410.0,3410,0,1,23,23,20,20,5,5,12,381,95,21,0,0,12,0,0,0,3,0,1,94,0,0,0,0,0,0,0,0,0,0,0,0,0,0,0,0,0,0,0,0,0,0,0,0,0,0,0,0,0,0,0,0,0,0,0,0,0,0,0,0,0,0,0,0,0,0,0,0,0,0,0,0,0,0,0,0,0,0,0,0,0,1,0,0,0,0,0,0,0,0,0,96,1,0,6,94,0,1,7,5,5
2279.ps1,1,3192,1,3191.0,3191,0,2,23,23,23,23,3,3,11,405,92,9,0,0,7,0,0,0,0,0,2,86,0,0,0,0,0,0,0,0,0,0,0,0,0,0,0,0,0,0,0,0,0,0,0,0,0,0,0,0,0,0,0,0,0,0,0,0,0,0,0,0,0,0,0,0,0,0,0,0,0,0,0,0,0,0,0,0,0,0,0,0,0,0,0,0,0,0,0,0,0,0,0,89,1,3,6,89,0,2,12,0,5
2284.ps1,1,324,1,323.0,323,0,1,6,6,2,2,0,0,7,4,33,4,0,5,0,0,0,0,1,0,1,36,0,0,0,0,0,0,0,0,0,0,0,0,0,0,0,0,0,0,0,0,0,0,0,0,0,0,0,0,0,0,0,0,0,0,0,0,0,0,0,0,0,0,0,0,0,0,0,0,0,0,0,0,0,0,0,0,0,0,0,0,0,0,0,0,0,0,1,0,0,1,0,35,1,0,5,36,0,1,1,2,4
2277.ps1,1,2669,1,2668.0,2668,0,2,22,22,23,23,3,3,10,309,77,9,0,0,7,0,0,0,1,0,2,71,0,0,0,0,0,0,0,0,0,0,0,0,0,0,0,0,0,0,0,0,0,0,0,0,0,0,0,0,0,0,0,0,0,0,0,0,0,0,0,0,0,0,0,0,0,0,0,0,0,0,0,0,0,0,0,0,0,0,0,0,0,0,0,0,0,0,0,0,0,0,0,74,1,3,5,74,0,2,12,0,4
2294.ps1,1,389,1,388.0,388,0,1,7,7,6,6,10,10,9,5,45,4,0,3,0,0,0,0,0,0,1,47,0,0,0,0,0,0,0,0,0,0,0,0,0,0,0,0,0,0,0,0,0,0,0,0,0,0,0,0,0,0,0,0,0,0,0,0,0,0,0,0,0,0,0,0,0,0,0,1,0,0,0,0,0,0,0,0,0,0,0,0,0,0,0,0,0,0,0,0,0,0,0,47,1,0,5,47,0,1,5,2,4
2285.ps1,1,2673,1,2672.0,2672,0,2,22,22,24,24,3,3,10,312,57,9,0,0,7,0,0,0,1,0,2,50,0,0,0,0,0,0,0,0,0,0,0,0,0,0,0,0,0,0,0,0,0,0,0,0,0,0,0,0,0,0,0,0,0,0,0,0,0,0,0,0,0,0,0,0,0,0,0,0,0,0,0,0,0,0,0,0,0,0,0,0,0,0,0,0,0,0,0,0,0,0,0,54,1,3,5,53,0,2,13,0,4
2292.ps1,1,2750,1,2749.0,2749,0,3,22,22,18,18,3,3,11,330,79,9,0,0,7,0,0,0,0,0,2,77,0,0,0,0,0,0,0,0,0,0,0,0,0,0,0,0,0,0,0,0,0,0,0,0,0,0,0,0,0,0,0,0,0,0,0,0,0,0,0,0,0,0,0,0,0,0,0,0,0,0,0,0,0,0,0,0,0,0,0,0,0,0,0,0,0,0,0,0,0,0,0,76,1,3,5,80,0,2,7,0,4
2295.ps1,1,1318,1,1317.0,1317,0,1,15,15,20,20,2,2,30,7,166,6,2,5,9,0,2,0,0,0,0,167,0,0,0,0,0,0,0,0,0,0,0,0,0,0,0,0,0,0,0,0,0,0,0,0,0,0,0,0,0,0,0,0,0,0,0,0,0,0,0,0,0,0,0,0,0,0,0,0,0,0,0,0,0,0,0,0,0,0,0,0,0,0,0,0,0,0,0,0,0,0,0,165,2,4,6,173,0,0,10,1,5
2296.ps1,1,2625,1,2624.0,2624,0,1,22,22,22,22,3,3,8,314,55,13,0,0,7,0,0,0,0,0,1,48,0,0,0,0,0,0,0,0,0,0,0,0,0,0,0,0,0,0,0,0,0,0,0,0,0,0,0,0,0,0,0,0,0,0,0,0,0,0,0,0,0,0,0,0,0,0,0,0,0,0,0,0,0,0,0,0,0,0,0,0,0,0,0,0,0,0,0,0,0,0,0,56,1,0,8,48,0,1,12,4,7
2283.ps1,1,2619,1,2618.0,2618,0,1,24,24,20,20,3,3,11,314,53,11,2,0,7,0,0,0,1,0,0,51,0,0,0,0,0,0,0,0,0,0,0,0,0,0,0,0,0,0,0,0,0,0,0,0,0,0,0,0,0,0,0,0,0,0,0,0,0,0,0,0,0,0,0,0,0,0,0,0,0,0,0,0,0,0,0,0,0,0,0,0,0,0,0,0,0,0,0,0,0,0,0,51,2,3,7,56,0,0,10,1,6
2291.ps1,1,316,1,315.0,315,0,1,6,6,3,3,8,8,9,4,38,4,0,3,1,0,0,0,0,0,1,39,0,0,0,0,0,0,0,0,0,0,0,0,0,0,0,0,0,0,0,0,0,0,0,0,0,0,0,0,0,0,0,0,0,0,0,0,0,0,0,0,0,0,0,0,0,0,0,1,0,0,0,0,0,0,0,0,0,0,0,0,0,0,0,0,0,0,0,0,0,0,0,39,1,0,4,39,0,1,2,2,3
230.ps1,1,2681,1,2680.0,2680,0,1,24,24,20,20,3,3,11,314,76,10,2,0,7,0,0,0,1,0,0,74,0,0,0,0,0,0,0,0,0,0,0,0,0,0,0,0,0,0,0,0,0,0,0,0,0,0,0,0,0,0,0,0,0,0,0,0,0,0,0,0,0,0,0,0,0,0,0,0,0,0,0,0,0,0,0,0,0,0,0,0,0,0,0,0,0,0,0,0,0,0,0,74,2,3,7,79,0,0,10,1,6
2301.ps1,1,2658,1,2657.0,2657,0,3,22,22,18,18,3,3,11,312,75,9,0,0,7,0,0,0,0,0,2,73,0,0,0,0,0,0,0,0,0,0,0,0,0,0,0,0,0,0,0,0,0,0,0,0,0,0,0,0,0,0,0,0,0,0,0,0,0,0,0,0,0,0,0,0,0,0,0,0,0,0,0,0,0,0,0,0,0,0,0,0,0,0,0,0,0,0,0,0,0,0,0,72,1,3,5,76,0,2,7,0,4
2309.ps1,1,442,1,441.0,441,0,0,8,8,5,5,10,10,10,6,49,4,2,5,0,0,0,0,0,0,0,52,0,0,0,0,0,0,0,0,0,0,0,0,0,0,0,0,0,0,0,0,0,0,0,0,0,0,0,0,0,0,0,0,0,0,0,0,0,0,0,0,0,0,0,0,0,0,0,1,0,0,0,0,0,0,0,0,0,0,0,0,0,0,0,0,0,0,0,0,0,0,0,51,2,0,6,54,0,0,4,2,5
2302.ps1,1,1514,1,1514.0,1514,0,2,13,13,13,13,41,41,31,7,176,7,0,4,14,0,0,0,1,0,2,176,0,0,0,0,0,0,0,0,0,0,0,0,0,0,0,0,0,0,0,0,0,0,0,0,0,0,0,0,0,0,0,0,0,0,0,0,0,0,0,0,0,0,0,0,0,0,0,1,0,0,0,0,0,0,0,0,0,0,0,0,0,0,0,0,0,0,0,0,0,0,0,177,1,0,4,176,0,2,3,1,3
2313.ps1,1,2813,1,2812.0,2812,0,0,20,20,18,18,3,3,7,355,57,13,0,0,7,0,0,0,0,0,0,52,0,0,0,0,0,0,0,0,0,0,0,0,0,0,0,0,0,0,0,0,0,0,0,0,0,0,0,0,0,0,0,0,0,0,0,0,0,0,0,0,0,0,0,0,0,0,0,0,0,0,0,0,0,0,0,0,0,0,0,0,1,0,0,0,0,0,0,0,0,0,0,57,1,0,6,53,0,0,9,3,5
2318.ps1,1,2592,1,2591.0,2591,0,3,22,22,18,18,3,3,10,312,53,9,0,0,7,0,0,0,1,0,2,51,0,0,0,0,0,0,0,0,0,0,0,0,0,0,0,0,0,0,0,0,0,0,0,0,0,0,0,0,0,0,0,0,0,0,0,0,0,0,0,0,0,0,0,0,0,0,0,0,0,0,0,0,0,0,0,0,0,0,0,0,0,0,0,0,0,0,0,0,0,0,0,50,1,3,5,54,0,2,7,0,4
2299.ps1,1,2691,1,2690.0,2690,0,2,23,23,23,23,3,3,11,312,78,9,0,0,7,0,0,0,0,0,2,72,0,0,0,0,0,0,0,0,0,0,0,0,0,0,0,0,0,0,0,0,0,0,0,0,0,0,0,0,0,0,0,0,0,0,0,0,0,0,0,0,0,0,0,0,0,0,0,0,0,0,0,0,0,0,0,0,0,0,0,0,0,0,0,0,0,0,0,0,0,0,0,75,1,3,6,75,0,2,12,0,5
2306.ps1,1,2794,1,2793.0,2793,0,1,21,21,22,22,3,3,8,332,81,13,0,0,7,0,0,0,0,0,1,74,0,0,0,0,0,0,0,0,0,0,0,0,0,0,0,0,0,0,0,0,0,0,0,0,0,0,0,0,0,0,0,0,0,0,0,0,0,0,0,0,0,0,0,0,0,0,0,0,0,0,0,0,0,0,0,0,0,0,0,0,0,0,0,0,0,0,0,0,0,0,0,82,1,0,7,74,0,1,12,4,6
2315.ps1,1,2620,1,2619.0,2619,0,2,22,22,23,23,3,3,11,312,55,9,0,0,7,0,0,0,0,0,2,49,0,0,0,0,0,0,0,0,0,0,0,0,0,0,0,0,0,0,0,0,0,0,0,0,0,0,0,0,0,0,0,0,0,0,0,0,0,0,0,0,0,0,0,0,0,0,0,0,0,0,0,0,0,0,0,0,0,0,0,0,0,0,0,0,0,0,0,0,0,0,0,52,1,3,5,52,0,2,12,0,4
2321.ps1,1,2699,1,2698.0,2698,0,2,23,23,23,23,3,3,10,314,78,10,0,0,7,0,0,0,1,0,1,72,0,0,0,0,0,0,0,0,0,0,0,0,0,0,0,0,0,0,0,0,0,0,0,0,0,0,0,0,0,0,0,0,0,0,0,0,0,0,0,0,0,0,0,0,0,0,0,0,0,0,0,0,0,0,0,0,0,0,0,0,0,0,0,0,0,0,0,0,0,0,0,76,1,3,6,75,0,1,13,1,5
2323.ps1,1,2640,1,2639.0,2639,0,0,22,22,24,24,3,3,10,312,55,10,0,0,7,0,0,0,0,0,0,47,0,0,0,0,0,0,0,0,0,0,0,0,0,0,0,0,0,0,0,0,0,0,0,0,0,0,0,0,0,0,0,0,0,0,0,0,0,0,0,0,0,0,0,0,0,0,0,0,0,0,0,0,0,0,0,0,0,0,0,0,1,0,0,0,0,0,0,0,0,0,0,52,1,3,5,51,0,0,15,0,4
2327.ps1,1,2686,1,2685.0,2685,0,2,21,21,23,23,3,3,8,312,80,12,0,0,7,0,0,0,0,0,2,71,0,0,0,0,0,0,0,0,0,0,0,0,0,0,0,0,0,0,0,0,0,0,0,0,0,0,0,0,0,0,0,0,0,0,0,0,0,0,0,0,0,0,0,0,0,0,0,0,0,0,0,0,0,0,0,0,0,0,0,0,0,0,0,0,0,0,0,0,0,0,0,80,1,0,7,71,0,2,12,3,6
2311.ps1,1,372,1,371.0,371,1,1,8,8,9,9,0,0,7,5,34,5,0,3,1,0,0,0,0,0,1,31,0,0,0,0,0,0,0,0,0,0,0,0,0,0,0,0,0,0,0,0,0,0,0,0,0,0,0,0,0,0,0,0,0,0,0,0,0,0,0,0,0,0,0,0,0,0,0,0,0,0,0,0,0,0,0,0,0,0,0,0,0,0,0,0,0,0,0,0,0,1,0,36,1,0,6,31,0,1,8,3,5
2326.ps1,1,2712,1,2711.0,2711,0,2,24,24,26,26,3,3,10,312,80,9,0,0,7,0,0,0,1,0,2,71,0,0,0,0,0,0,0,0,0,0,0,0,0,0,0,0,0,0,0,0,0,0,0,0,0,0,0,0,0,0,0,0,0,0,0,0,0,0,0,0,0,0,0,0,0,0,0,0,0,0,0,0,0,0,0,0,0,0,0,0,0,0,0,0,0,0,0,0,0,0,0,77,1,3,7,74,0,2,15,0,6
2333.ps1,1,322,1,321.0,321,0,0,6,6,4,4,0,0,8,2,34,4,0,4,0,0,0,0,0,0,0,33,0,0,0,0,0,0,0,0,0,0,0,0,0,0,0,0,0,0,0,0,0,0,0,0,0,0,0,0,0,0,0,0,0,0,0,0,0,0,0,0,0,0,0,0,0,0,0,0,0,0,0,0,0,0,0,0,0,0,0,0,1,0,0,0,0,0,0,0,0,0,0,35,1,0,5,34,0,0,4,1,4
2329.ps1,1,3024,1,3023.0,3023,0,2,20,20,17,17,3,3,8,380,86,12,0,0,7,0,0,0,0,0,2,83,0,0,0,0,0,0,0,0,0,0,0,0,0,0,0,0,0,0,0,0,0,0,0,0,0,0,0,0,0,0,0,0,0,0,0,0,0,0,0,0,0,0,0,0,0,0,0,0,0,0,0,0,0,0,0,0,0,0,0,0,0,0,0,0,0,0,0,0,0,0,0,86,1,0,6,83,0,2,6,3,5
234.ps1,1,2705,1,2704.0,2704,0,2,21,21,20,20,3,3,7,330,57,12,0,0,7,0,0,0,1,0,2,51,0,0,0,0,0,0,0,0,0,0,0,0,0,0,0,0,0,0,0,0,0,0,0,0,0,0,0,0,0,0,0,0,0,0,0,0,0,0,0,0,0,0,0,0,0,0,0,0,0,0,0,0,0,0,0,0,0,0,0,0,0,0,0,0,0,0,0,0,0,0,0,57,1,0,7,51,0,2,9,3,6
2334.ps1,1,2758,1,2757.0,2757,0,1,20,20,16,16,3,3,7,332,77,13,0,0,7,0,0,0,1,0,1,76,0,0,0,0,0,0,0,0,0,0,0,0,0,0,0,0,0,0,0,0,0,0,0,0,0,0,0,0,0,0,0,0,0,0,0,0,0,0,0,0,0,0,0,0,0,0,0,0,0,0,0,0,0,0,0,0,0,0,0,0,0,0,0,0,0,0,0,0,0,0,0,78,1,0,6,76,0,1,6,4,5
2346.ps1,1,3003,1,3002.0,3002,0,1,22,22,22,22,3,3,11,369,84,10,0,0,7,0,0,0,0,0,1,80,0,0,0,0,0,0,0,0,0,0,0,0,0,0,0,0,0,0,0,0,0,0,0,0,0,0,0,0,0,0,0,0,0,0,0,0,0,0,0,0,0,0,0,0,0,0,0,0,0,0,0,0,0,0,0,0,0,0,0,0,0,0,0,0,0,0,0,0,0,0,0,82,1,3,5,83,0,1,12,1,4
2338.ps1,1,3497,1,3496.0,3496,0,2,26,26,26,26,5,5,16,391,101,11,0,0,11,0,0,0,3,0,2,96,0,0,0,0,0,0,0,0,0,0,0,0,0,0,0,0,0,0,0,0,0,0,0,0,0,0,0,0,0,0,0,0,0,0,0,0,0,0,0,0,0,0,0,0,0,0,0,0,0,0,0,1,0,0,0,0,0,0,0,0,0,2,0,0,0,0,0,0,0,0,0,97,1,4,5,100,0,2,12,0,4
2343.ps1,1,2661,1,2660.0,2660,0,1,24,24,20,20,3,3,11,323,54,10,2,0,7,0,0,0,1,0,0,52,0,0,0,0,0,0,0,0,0,0,0,0,0,0,0,0,0,0,0,0,0,0,0,0,0,0,0,0,0,0,0,0,0,0,0,0,0,0,0,0,0,0,0,0,0,0,0,0,0,0,0,0,0,0,0,0,0,0,0,0,0,0,0,0,0,0,0,0,0,0,0,52,2,3,7,57,0,0,10,1,6
2330.ps1,1,2596,1,2595.0,2595,0,2,18,18,14,14,3,3,8,321,52,12,0,0,7,0,0,0,0,0,2,52,0,0,0,0,0,0,0,0,0,0,0,0,0,0,0,0,0,0,0,0,0,0,0,0,0,0,0,0,0,0,0,0,0,0,0,0,0,0,0,0,0,0,0,0,0,0,0,0,0,0,0,0,0,0,0,0,0,0,0,0,0,0,0,0,0,0,0,0,0,0,0,52,1,0,4,52,0,2,3,3,3
2347.ps1,1,253,1,252.0,252,0,0,7,7,4,4,1,1,6,4,24,5,3,0,1,0,0,0,1,0,0,28,0,0,0,0,0,0,0,0,0,0,0,0,0,0,0,0,0,0,0,0,0,0,0,0,0,0,0,0,0,0,0,0,0,0,0,0,0,0,0,0,0,0,0,0,0,0,0,0,0,0,0,0,0,0,0,0,0,0,0,0,0,0,0,0,0,0,0,0,0,0,0,26,2,0,5,30,0,0,2,3,4
2350.ps1,1,2820,1,2819.0,2819,0,2,20,20,20,20,3,3,7,355,59,12,0,0,7,0,0,0,1,0,2,53,0,0,0,0,0,0,0,0,0,0,0,0,0,0,0,0,0,0,0,0,0,0,0,0,0,0,0,0,0,0,0,0,0,0,0,0,0,0,0,0,0,0,0,0,0,0,0,0,0,0,0,0,0,0,0,0,0,0,0,0,0,0,0,0,0,0,0,0,0,0,0,59,1,0,6,53,0,2,9,3,5
2353.ps1,1,2664,1,2663.0,2663,0,1,20,20,19,19,3,3,7,314,76,13,0,0,7,0,0,0,1,0,1,72,0,0,0,0,0,0,0,0,0,0,0,0,0,0,0,0,0,0,0,0,0,0,0,0,0,0,0,0,0,0,0,0,0,0,0,0,0,0,0,0,0,0,0,0,0,0,0,0,0,0,0,0,0,0,0,0,0,0,0,0,0,0,0,0,0,0,0,0,0,0,0,77,1,0,6,72,0,1,9,4,5
2357.ps1,1,2676,1,2675.0,2675,0,1,23,23,17,17,3,3,12,314,74,10,2,0,7,0,0,0,0,0,0,75,0,0,0,0,0,0,0,0,0,0,0,0,0,0,0,0,0,0,0,0,0,0,0,0,0,0,0,0,0,0,0,0,0,0,0,0,0,0,0,0,0,0,0,0,0,0,0,0,0,0,0,0,0,0,0,0,0,0,0,0,0,0,0,0,0,0,0,0,0,0,0,72,2,3,6,80,0,0,7,1,5
2349.ps1,1,3165,1,3164.0,3164,0,0,22,22,22,22,3,3,9,397,91,13,2,0,7,0,0,0,0,0,0,85,0,0,0,0,0,0,0,0,0,0,0,0,0,0,0,0,0,0,0,0,0,0,0,0,0,0,0,0,0,0,0,0,0,0,0,0,0,0,0,0,0,0,0,0,0,0,0,0,0,0,0,0,0,0,0,0,0,0,0,0,0,0,0,0,0,0,0,0,0,0,0,92,2,0,8,87,0,0,12,4,7
2351.ps1,1,2760,1,2759.0,2759,0,2,13,13,12,12,2,2,20,5,110,11,0,19,12,0,0,0,1,0,2,76,0,0,0,0,0,0,0,0,0,0,0,0,0,0,0,0,0,0,0,0,0,0,0,0,0,0,0,0,0,0,0,0,1,0,0,0,0,0,0,0,0,0,0,0,0,0,0,0,1,0,0,0,0,0,0,0,0,0,0,0,0,1,0,0,0,0,0,0,0,4,0,79,1,0,6,76,0,2,6,3,5
2362.ps1,1,2704,1,2703.0,2703,0,1,21,21,22,22,3,3,7,314,78,13,0,0,7,0,0,0,1,0,1,71,0,0,0,0,0,0,0,0,0,0,0,0,0,0,0,0,0,0,0,0,0,0,0,0,0,0,0,0,0,0,0,0,0,0,0,0,0,0,0,0,0,0,0,0,0,0,0,0,0,0,0,0,0,0,0,0,0,0,0,0,0,0,0,0,0,0,0,0,0,0,0,79,1,0,7,71,0,1,12,4,6
2371.ps1,1,357,1,356.0,356,0,1,7,7,6,6,0,0,9,4,38,3,0,4,0,0,0,0,1,0,1,38,0,0,0,0,0,0,0,0,0,0,0,0,0,0,0,0,0,0,0,0,0,0,0,0,0,0,0,0,0,0,0,0,0,0,0,0,0,0,0,0,0,0,0,0,0,0,0,0,0,0,0,0,0,0,0,0,0,0,0,0,0,0,0,0,0,0,0,0,0,0,0,39,1,1,5,39,0,1,5,1,4
2365.ps1,1,2870,1,2869.0,2869,0,2,20,20,17,17,3,3,10,355,80,9,0,0,7,0,0,0,1,0,2,80,0,0,0,0,0,0,0,0,0,0,0,0,0,0,0,0,0,0,0,0,0,0,0,0,0,0,0,0,0,0,0,0,0,0,0,0,0,0,0,0,0,0,0,0,0,0,0,0,0,0,0,0,0,0,0,0,0,0,0,0,0,0,0,0,0,0,0,0,0,0,0,77,1,3,3,83,0,2,6,0,2
2383.ps1,1,2718,1,2717.0,2717,0,2,23,23,26,26,3,3,11,312,79,9,0,0,7,0,0,0,0,0,2,70,0,0,0,0,0,0,0,0,0,0,0,0,0,0,0,0,0,0,0,0,0,0,0,0,0,0,0,0,0,0,0,0,0,0,0,0,0,0,0,0,0,0,0,0,0,0,0,0,0,0,0,0,0,0,0,0,0,0,0,0,0,0,0,0,0,0,0,0,0,0,0,76,1,3,6,73,0,2,15,0,5
2380.ps1,1,2811,1,2810.0,2810,0,0,20,20,16,16,3,3,8,357,55,13,2,0,7,0,0,0,1,0,0,55,0,0,0,0,0,0,0,0,0,0,0,0,0,0,0,0,0,0,0,0,0,0,0,0,0,0,0,0,0,0,0,0,0,0,0,0,0,0,0,0,0,0,0,0,0,0,0,0,0,0,0,0,0,0,0,0,0,0,0,0,0,0,0,0,0,0,0,0,0,0,0,56,2,0,6,57,0,0,6,4,5
2386.ps1,1,2648,1,2647.0,2647,0,1,22,22,23,23,3,3,8,313,56,13,0,0,7,0,0,0,0,0,1,49,0,0,0,0,0,0,0,0,0,0,0,0,0,0,0,0,0,0,0,0,0,0,0,0,0,0,0,0,0,0,0,0,0,0,0,0,0,0,0,0,0,0,0,0,0,0,0,0,0,0,0,0,0,0,0,0,0,0,0,0,0,0,0,0,0,0,0,0,0,0,0,57,1,0,8,49,0,1,13,4,7
2364.ps1,1,2741,1,2740.0,2740,0,2,20,20,17,17,3,3,8,330,79,12,0,0,7,0,0,0,0,0,2,76,0,0,0,0,0,0,0,0,0,0,0,0,0,0,0,0,0,0,0,0,0,0,0,0,0,0,0,0,0,0,0,0,0,0,0,0,0,0,0,0,0,0,0,0,0,0,0,0,0,0,0,0,0,0,0,0,0,0,0,0,0,0,0,0,0,0,0,0,0,0,0,79,1,0,6,76,0,2,6,3,5
2378.ps1,1,2596,1,2595.0,2595,0,2,22,22,17,17,3,3,10,314,51,10,0,0,7,0,0,0,1,0,1,51,0,0,0,0,0,0,0,0,0,0,0,0,0,0,0,0,0,0,0,0,0,0,0,0,0,0,0,0,0,0,0,0,0,0,0,0,0,0,0,0,0,0,0,0,0,0,0,0,0,0,0,0,0,0,0,0,0,0,0,0,0,0,0,0,0,0,0,0,0,0,0,49,1,3,5,54,0,1,7,1,4
2381.ps1,1,852,1,851.0,851,0,2,9,9,15,15,0,0,22,4,88,5,0,5,6,0,0,0,1,0,2,84,0,0,0,0,0,0,0,0,0,0,0,0,0,0,0,0,0,0,0,0,0,0,0,0,0,0,0,0,0,0,0,0,0,0,0,0,0,0,0,0,0,0,0,0,0,0,0,0,0,0,0,0,0,0,0,0,0,0,0,0,0,0,0,0,0,0,0,0,0,0,0,90,1,0,7,84,0,2,9,3,6
2369.ps1,1,399,1,398.0,398,1,2,7,7,7,7,0,0,8,2,51,3,0,6,0,0,0,0,1,0,2,49,0,0,0,0,0,0,0,0,0,0,0,0,0,0,0,0,0,0,0,0,0,0,0,0,0,0,0,0,0,0,0,0,0,0,0,0,0,0,0,0,0,0,0,0,0,0,0,0,0,0,0,0,0,0,0,0,0,0,0,0,0,0,0,0,0,0,0,0,0,0,0,51,1,1,5,50,0,2,5,0,4
2395.ps1,1,2588,1,2587.0,2587,0,0,21,21,16,16,3,3,8,314,51,13,2,0,7,0,0,0,1,0,0,51,0,0,0,0,0,0,0,0,0,0,0,0,0,0,0,0,0,0,0,0,0,0,0,0,0,0,0,0,0,0,0,0,0,0,0,0,0,0,0,0,0,0,0,0,0,0,0,0,0,0,0,0,0,0,0,0,0,0,0,0,0,0,0,0,0,0,0,0,0,0,0,52,2,0,7,53,0,0,6,4,6
2388.ps1,1,2983,1,2982.0,2982,0,3,22,22,21,21,3,3,10,366,86,9,0,0,7,0,0,0,1,0,2,81,0,0,0,0,0,0,0,0,0,0,0,0,0,0,0,0,0,0,0,0,0,0,0,0,0,0,0,0,0,0,0,0,0,0,0,0,0,0,0,0,0,0,0,0,0,0,0,0,0,0,0,0,0,0,0,0,0,0,0,0,0,0,0,0,0,0,0,0,0,0,0,83,1,3,5,84,0,2,10,0,4
2399.ps1,1,2703,1,2702.0,2702,0,1,21,21,16,16,3,3,9,331,54,13,0,0,7,0,0,0,0,0,1,53,0,0,0,0,0,0,0,0,0,0,0,0,0,0,0,0,0,0,0,0,0,0,0,0,0,0,0,0,0,0,0,0,0,0,0,0,0,0,0,0,0,0,0,0,0,0,0,0,0,0,0,0,0,0,0,0,0,0,0,0,0,0,0,0,0,0,0,0,0,0,0,55,1,1,6,54,0,1,6,4,5
2405.ps1,1,2763,1,2762.0,2762,0,1,21,21,19,19,3,3,7,332,79,13,0,0,7,0,0,0,1,0,1,75,0,0,0,0,0,0,0,0,0,0,0,0,0,0,0,0,0,0,0,0,0,0,0,0,0,0,0,0,0,0,0,0,0,0,0,0,0,0,0,0,0,0,0,0,0,0,0,0,0,0,0,0,0,0,0,0,0,0,0,0,0,0,0,0,0,0,0,0,0,0,0,80,1,0,7,75,0,1,9,4,6
2407.ps1,1,2671,1,2670.0,2670,0,2,23,23,18,18,3,3,11,313,75,10,0,0,7,0,0,0,0,0,1,75,0,0,0,0,0,0,0,0,0,0,0,0,0,0,0,0,0,0,0,0,0,0,0,0,0,0,0,0,0,0,0,0,0,0,0,0,0,0,0,0,0,0,0,0,0,0,0,0,0,0,0,0,0,0,0,0,0,0,0,0,0,0,0,0,0,0,0,0,0,0,0,73,1,3,6,78,0,1,8,1,5
239.ps1,1,2557,1,2556.0,2556,0,1,19,19,13,13,3,3,10,312,49,10,0,0,7,0,0,0,0,0,0,51,0,0,0,0,0,0,0,0,0,0,0,0,0,0,0,0,0,0,0,0,0,0,0,0,0,0,0,0,0,0,0,0,0,0,0,0,0,0,0,0,0,0,0,0,0,0,0,0,0,0,0,0,0,0,0,0,0,0,0,0,1,0,0,0,0,0,0,0,0,0,0,46,1,3,2,55,0,0,4,0,1
241.ps1,1,2737,1,2736.0,2736,0,1,22,22,22,22,3,3,8,332,57,13,0,0,7,0,0,0,0,0,1,50,0,0,0,0,0,0,0,0,0,0,0,0,0,0,0,0,0,0,0,0,0,0,0,0,0,0,0,0,0,0,0,0,0,0,0,0,0,0,0,0,0,0,0,0,0,0,0,0,0,0,0,0,0,0,0,0,0,0,0,0,0,0,0,0,0,0,0,0,0,0,0,58,1,0,8,50,0,1,12,4,7
2411.ps1,1,2738,1,2737.0,2737,0,2,17,17,18,18,2,2,24,7,82,9,0,20,13,0,0,0,0,0,1,51,0,0,0,0,0,0,0,0,0,0,0,0,0,0,0,0,0,0,0,0,0,0,0,0,0,0,0,0,0,0,0,0,1,0,0,0,0,0,0,0,0,0,0,0,0,0,0,0,0,0,0,0,0,1,0,0,0,0,0,0,0,1,0,0,0,0,0,0,0,3,0,55,1,3,7,54,0,1,13,1,6
2418.ps1,1,2602,1,2601.0,2601,0,1,22,22,17,17,3,3,11,314,51,10,2,0,7,0,0,0,1,0,0,52,0,0,0,0,0,0,0,0,0,0,0,0,0,0,0,0,0,0,0,0,0,0,0,0,0,0,0,0,0,0,0,0,0,0,0,0,0,0,0,0,0,0,0,0,0,0,0,0,0,0,0,0,0,0,0,0,0,0,0,0,0,0,0,0,0,0,0,0,0,0,0,49,2,3,5,57,0,0,7,1,4
2422.ps1,1,2902,1,2901.0,2901,0,1,21,21,19,19,3,3,7,357,82,13,0,0,7,0,0,0,1,0,1,78,0,0,0,0,0,0,0,0,0,0,0,0,0,0,0,0,0,0,0,0,0,0,0,0,0,0,0,0,0,0,0,0,0,0,0,0,0,0,0,0,0,0,0,0,0,0,0,0,0,0,0,0,0,0,0,0,0,0,0,0,0,0,0,0,0,0,0,0,0,0,0,83,1,0,7,78,0,1,9,4,6
240.ps1,1,2922,1,2921.0,2921,0,2,21,21,20,20,3,3,7,355,85,12,0,0,7,0,0,0,1,0,2,79,0,0,0,0,0,0,0,0,0,0,0,0,0,0,0,0,0,0,0,0,0,0,0,0,0,0,0,0,0,0,0,0,0,0,0,0,0,0,0,0,0,0,0,0,0,0,0,0,0,0,0,0,0,0,0,0,0,0,0,0,0,0,0,0,0,0,0,0,0,0,0,85,1,0,7,79,0,2,9,3,6
2412.ps1,1,2689,1,2688.0,2688,0,2,23,23,23,23,3,3,11,312,78,9,0,0,7,0,0,0,0,0,2,72,0,0,0,0,0,0,0,0,0,0,0,0,0,0,0,0,0,0,0,0,0,0,0,0,0,0,0,0,0,0,0,0,0,0,0,0,0,0,0,0,0,0,0,0,0,0,0,0,0,0,0,0,0,0,0,0,0,0,0,0,0,0,0,0,0,0,0,0,0,0,0,75,1,3,6,75,0,2,12,0,5
2438.ps1,1,403,1,402.0,402,1,3,11,11,9,9,0,0,12,5,29,2,0,3,0,0,0,0,1,0,2,32,0,0,0,0,0,0,0,0,0,0,0,0,0,0,0,0,0,0,0,0,0,0,0,0,0,0,0,0,0,0,0,0,0,0,0,0,0,0,0,0,0,0,0,0,0,0,0,0,0,0,0,0,0,0,0,0,0,0,0,0,0,0,0,0,0,0,0,0,0,0,0,29,1,4,5,36,0,2,7,0,4
2429.ps1,1,2903,1,2902.0,2902,0,0,22,22,19,19,3,3,11,357,79,10,2,0,7,0,0,0,1,0,0,79,0,0,0,0,0,0,0,0,0,0,0,0,0,0,0,0,0,0,0,0,0,0,0,0,0,0,0,0,0,0,0,0,0,0,0,0,0,0,0,0,0,0,0,0,0,0,0,0,0,0,0,0,0,0,0,0,0,0,0,0,0,0,0,0,0,0,0,0,0,0,0,77,2,3,5,84,0,0,9,1,4
2432.ps1,1,2673,1,2672.0,2672,0,3,15,15,11,11,2,2,23,5,79,8,0,27,11,0,0,0,1,0,2,54,0,0,0,0,0,0,0,0,0,0,0,0,0,0,0,0,0,0,0,0,0,0,0,0,0,0,0,0,0,0,0,0,1,0,0,0,0,0,0,0,0,0,0,0,0,0,0,0,1,0,0,0,0,1,0,0,0,0,0,0,0,1,0,0,0,0,0,0,0,4,0,52,1,3,5,57,0,2,5,0,4
2423.ps1,1,2880,1,2879.0,2879,0,2,20,20,17,17,3,3,8,355,82,12,0,0,7,0,0,0,0,0,2,79,0,0,0,0,0,0,0,0,0,0,0,0,0,0,0,0,0,0,0,0,0,0,0,0,0,0,0,0,0,0,0,0,0,0,0,0,0,0,0,0,0,0,0,0,0,0,0,0,0,0,0,0,0,0,0,0,0,0,0,0,0,0,0,0,0,0,0,0,0,0,0,82,1,0,6,79,0,2,6,3,5
2433.ps1,1,2707,1,2706.0,2706,0,2,21,21,20,20,3,3,10,330,55,9,0,0,7,0,0,0,1,0,2,52,0,0,0,0,0,0,0,0,0,0,0,0,0,0,0,0,0,0,0,0,0,0,0,0,0,0,0,0,0,0,0,0,0,0,0,0,0,0,0,0,0,0,0,0,0,0,0,0,0,0,0,0,0,0,0,0,0,0,0,0,0,0,0,0,0,0,0,0,0,0,0,52,1,3,4,55,0,2,9,0,3
2439.ps1,1,2749,1,2748.0,2748,0,1,19,19,14,14,3,3,7,331,76,13,0,0,7,0,0,0,1,0,1,78,0,0,0,0,0,0,0,0,0,0,0,0,0,0,0,0,0,0,0,0,0,0,0,0,0,0,0,0,0,0,0,0,0,0,0,0,0,0,0,0,0,0,0,0,0,0,0,0,0,0,0,0,0,0,0,0,0,0,0,0,0,0,0,0,0,0,0,0,0,0,0,77,1,0,5,78,0,1,4,4,4
2442.ps1,1,1098,1,1097.0,1097,0,1,11,10,15,15,1,2,22,7,149,9,1,5,7,1,2,1,1,0,1,149,0,0,0,0,0,0,0,0,0,0,0,0,0,0,0,0,0,0,0,0,0,0,0,0,0,0,0,0,0,0,0,0,0,0,0,0,0,0,0,0,0,0,0,0,0,0,0,0,0,0,0,0,0,0,0,0,0,0,0,0,0,1,0,0,0,0,0,0,0,1,0,151,1,0,5,149,0,1,7,5,4
2440.ps1,1,340,1,339.0,339,0,2,6,6,6,6,0,0,9,2,41,3,0,3,0,0,0,0,0,0,2,39,0,0,0,0,0,0,0,0,0,0,0,0,0,0,0,0,0,0,0,0,0,0,0,0,0,0,0,0,0,0,0,0,0,0,0,0,0,0,0,0,0,0,0,0,0,0,0,0,0,0,0,0,0,0,0,0,0,0,0,0,0,0,0,0,0,0,0,0,0,1,0,42,1,0,5,39,0,2,4,1,4
2465.ps1,1,2792,1,2791.0,2791,0,1,22,22,19,19,3,3,12,331,78,10,0,0,7,0,0,0,0,0,1,77,0,0,0,0,0,0,0,0,0,0,0,0,0,0,0,0,0,0,0,0,0,0,0,0,0,0,0,0,0,0,0,0,0,0,0,0,0,0,0,0,0,0,0,0,0,0,0,0,0,0,0,0,0,0,0,0,0,0,0,0,0,0,0,0,0,0,0,0,0,0,0,76,1,4,4,81,0,1,9,1,3
2450.ps1,1,2583,1,2582.0,2582,0,0,21,21,16,16,3,3,12,314,49,11,2,0,7,0,0,0,0,0,0,52,0,0,0,0,0,0,0,0,0,0,0,0,0,0,0,0,0,0,0,0,0,0,0,0,0,0,0,0,0,0,0,0,0,0,0,0,0,0,0,0,0,0,0,0,0,0,0,0,0,0,0,0,0,0,0,0,0,0,0,0,0,0,0,0,0,0,0,0,0,0,0,47,2,3,4,57,0,0,6,1,3
244.ps1,1,2703,1,2702.0,2702,0,1,23,23,22,22,3,3,10,314,76,10,0,0,7,0,0,0,1,0,1,72,0,0,0,0,0,0,0,0,0,0,0,0,0,0,0,0,0,0,0,0,0,0,0,0,0,0,0,0,0,0,0,0,0,0,0,0,0,0,0,0,0,0,0,0,0,0,0,0,0,0,0,0,0,0,0,0,0,0,0,0,0,0,0,0,0,0,0,0,0,0,0,74,1,3,6,75,0,1,12,1,5
2470.ps1,1,2661,1,2660.0,2660,0,2,21,21,20,20,3,3,8,312,77,12,0,0,7,0,0,0,0,0,2,71,0,0,0,0,0,0,0,0,0,0,0,0,0,0,0,0,0,0,0,0,0,0,0,0,0,0,0,0,0,0,0,0,0,0,0,0,0,0,0,0,0,0,0,0,0,0,0,0,0,0,0,0,0,0,0,0,0,0,0,0,0,0,0,0,0,0,0,0,0,0,0,77,1,0,7,71,0,2,9,3,6
2445.ps1,1,2727,1,2726.0,2726,0,2,24,24,23,23,3,3,10,332,57,10,0,0,7,0,0,0,1,0,1,51,0,0,0,0,0,0,0,0,0,0,0,0,0,0,0,0,0,0,0,0,0,0,0,0,0,0,0,0,0,0,0,0,0,0,0,0,0,0,0,0,0,0,0,0,0,0,0,0,0,0,0,0,0,0,0,0,0,0,0,0,0,0,0,0,0,0,0,0,0,0,0,55,1,3,7,54,0,1,13,1,6
2464.ps1,1,2685,1,2684.0,2684,0,1,20,20,16,16,3,3,8,332,53,13,0,0,7,0,0,0,0,0,1,52,0,0,0,0,0,0,0,0,0,0,0,0,0,0,0,0,0,0,0,0,0,0,0,0,0,0,0,0,0,0,0,0,0,0,0,0,0,0,0,0,0,0,0,0,0,0,0,0,0,0,0,0,0,0,0,0,0,0,0,0,0,0,0,0,0,0,0,0,0,0,0,54,1,0,6,52,0,1,6,4,5
2462.ps1,1,2718,1,2717.0,2717,0,3,14,14,11,11,2,2,24,5,115,8,0,19,12,0,0,0,0,0,2,77,0,0,0,0,0,0,0,0,0,0,0,0,0,0,0,0,0,0,0,0,0,0,0,0,0,0,0,0,0,0,0,0,1,0,0,0,0,0,0,0,0,0,0,0,0,0,0,0,0,0,0,0,0,0,0,0,0,0,0,0,0,2,0,0,0,0,0,0,0,4,0,75,1,3,4,80,0,2,5,0,3
2452.ps1,1,2578,1,2577.0,2577,0,2,20,20,17,17,3,3,7,312,53,12,0,0,7,0,0,0,1,0,2,50,0,0,0,0,0,0,0,0,0,0,0,0,0,0,0,0,0,0,0,0,0,0,0,0,0,0,0,0,0,0,0,0,0,0,0,0,0,0,0,0,0,0,0,0,0,0,0,0,0,0,0,0,0,0,0,0,0,0,0,0,0,0,0,0,0,0,0,0,0,0,0,53,1,0,6,50,0,2,6,3,5
2461.ps1,1,2697,1,2696.0,2696,0,0,22,22,24,24,3,3,10,312,78,10,0,0,7,0,0,0,0,0,0,70,0,0,0,0,0,0,0,0,0,0,0,0,0,0,0,0,0,0,0,0,0,0,0,0,0,0,0,0,0,0,0,0,0,0,0,0,0,0,0,0,0,0,0,0,0,0,0,0,0,0,0,0,0,0,0,0,0,0,0,0,1,0,0,0,0,0,0,0,0,0,0,75,1,3,5,74,0,0,15,0,4
2458.ps1,1,351,1,350.0,350,0,1,7,7,3,3,0,0,9,3,39,3,0,5,0,0,0,0,1,0,1,42,0,0,0,0,0,0,0,0,0,0,0,0,0,0,0,0,0,0,0,0,0,0,0,0,0,0,0,0,0,0,0,0,0,0,0,0,0,0,0,0,0,0,0,0,0,0,0,0,0,0,0,0,0,0,0,0,0,0,0,0,0,0,0,0,0,0,0,0,0,0,0,40,1,2,4,44,0,1,2,1,3
2481.ps1,1,3007,1,3006.0,3006,0,0,24,24,23,23,5,5,13,315,61,21,2,0,12,0,0,0,3,0,0,58,0,0,0,0,0,0,0,0,0,0,0,0,0,0,0,0,0,0,0,0,0,0,0,0,0,0,0,0,0,0,0,0,0,0,0,0,0,0,0,0,0,0,0,0,0,0,0,0,0,0,0,1,0,0,0,0,0,0,0,0,0,2,0,0,0,0,0,0,0,0,0,62,2,0,7,60,0,0,10,5,6
2490.ps1,1,2774,1,2773.0,2773,0,1,22,22,19,19,3,3,10,332,77,10,0,0,7,0,0,0,1,0,1,76,0,0,0,0,0,0,0,0,0,0,0,0,0,0,0,0,0,0,0,0,0,0,0,0,0,0,0,0,0,0,0,0,0,0,0,0,0,0,0,0,0,0,0,0,0,0,0,0,0,0,0,0,0,0,0,0,0,0,0,0,0,0,0,0,0,0,0,0,0,0,0,75,1,3,5,79,0,1,9,1,4
2478.ps1,1,2511,1,2510.0,2510,0,0,20,20,18,18,3,3,10,303,49,9,0,0,7,0,0,0,0,0,0,47,0,0,0,0,0,0,0,0,0,0,0,0,0,0,0,0,0,0,0,0,0,0,0,0,0,0,0,0,0,0,0,0,0,0,0,0,0,0,0,0,0,0,0,0,0,0,0,0,0,0,0,0,0,0,0,0,0,0,0,0,0,1,0,0,0,0,0,0,0,0,0,46,1,3,3,51,0,0,9,0,2
2487.ps1,1,2892,1,2891.0,2891,0,1,22,22,16,16,3,3,11,356,79,10,0,0,7,0,0,0,1,0,1,81,0,0,0,0,0,0,0,0,0,0,0,0,0,0,0,0,0,0,0,0,0,0,0,0,0,0,0,0,0,0,0,0,0,0,0,0,0,0,0,0,0,0,0,0,0,0,0,0,0,0,0,0,0,0,0,0,0,0,0,0,0,0,0,0,0,0,0,0,0,0,0,77,1,4,4,85,0,1,6,1,3
2477.ps1,1,290,1,289.0,289,0,1,7,7,2,2,0,0,8,3,23,3,0,3,1,0,0,0,0,0,0,26,0,0,0,0,0,0,0,0,0,0,0,0,0,0,0,0,0,0,0,0,0,0,0,0,0,0,0,0,0,0,0,0,0,0,0,0,0,0,0,0,0,0,0,0,0,0,0,0,0,0,0,0,0,0,0,0,0,0,0,0,1,0,0,0,0,0,0,0,0,0,0,22,1,2,3,29,0,0,2,0,2
2498.ps1,1,2615,1,2614.0,2614,0,0,18,18,15,15,3,3,7,312,74,12,0,0,7,0,0,0,0,0,0,72,0,0,0,0,0,0,0,0,0,0,0,0,0,0,0,0,0,0,0,0,0,0,0,0,0,0,0,0,0,0,0,0,0,0,0,0,0,0,0,0,0,0,0,0,0,0,0,0,0,0,0,0,0,0,0,0,0,0,0,0,0,1,0,0,0,0,0,0,0,0,0,74,1,0,4,73,0,0,6,3,3
251.ps1,1,3066,1,3065.0,3065,0,2,27,27,22,22,5,5,18,314,86,12,0,0,11,0,0,0,2,0,1,86,0,0,0,0,0,0,0,0,0,0,0,0,0,0,0,0,0,0,0,0,0,0,0,0,0,0,0,0,0,0,0,0,0,0,0,0,0,0,0,0,0,0,0,0,0,0,0,0,0,0,0,0,0,0,0,0,0,0,0,0,0,2,0,0,0,0,0,0,0,0,0,83,1,5,5,91,0,1,9,1,4
2511.ps1,1,2618,1,2617.0,2617,0,2,19,19,14,14,3,3,8,312,74,12,0,0,7,0,0,0,0,0,2,74,0,0,0,0,0,0,0,0,0,0,0,0,0,0,0,0,0,0,0,0,0,0,0,0,0,0,0,0,0,0,0,0,0,0,0,0,0,0,0,0,0,0,0,0,0,0,0,0,0,0,0,0,0,0,0,0,0,0,0,0,0,0,0,0,0,0,0,0,0,0,0,74,1,0,5,74,0,2,3,3,4
2527.ps1,1,466,1,465.0,465,0,1,8,8,8,8,0,0,9,7,43,7,0,3,0,0,0,0,1,0,1,46,0,0,0,0,0,0,0,0,0,0,0,0,0,0,0,0,0,0,0,0,0,0,0,0,0,0,0,0,0,0,0,0,0,0,0,0,0,0,0,0,0,0,0,0,0,0,0,0,0,0,0,0,0,0,0,0,0,0,0,0,0,0,0,0,0,0,0,0,0,0,0,48,1,0,6,46,0,1,7,5,5
25.ps1,1,2742,1,2741.0,2741,0,1,15,15,10,10,2,2,25,7,108,9,2,25,13,0,0,0,0,0,0,79,0,0,0,0,0,0,0,0,0,0,0,0,0,0,0,0,0,0,0,0,0,0,0,0,0,0,0,0,0,0,0,0,1,0,0,0,0,0,0,0,0,0,0,0,0,0,0,0,0,0,0,0,0,1,0,0,0,0,0,0,0,1,0,0,0,0,0,0,0,4,0,75,2,3,5,84,0,0,5,1,4
2496.ps1,1,2902,1,2901.0,2901,0,3,22,22,21,21,3,3,10,355,83,9,0,0,7,0,0,0,1,0,2,78,0,0,0,0,0,0,0,0,0,0,0,0,0,0,0,0,0,0,0,0,0,0,0,0,0,0,0,0,0,0,0,0,0,0,0,0,0,0,0,0,0,0,0,0,0,0,0,0,0,0,0,0,0,0,0,0,0,0,0,0,0,0,0,0,0,0,0,0,0,0,0,80,1,3,5,81,0,2,10,0,4
2505.ps1,1,2686,1,2685.0,2685,0,3,21,21,18,18,3,3,11,330,55,9,0,0,7,0,0,0,0,0,2,53,0,0,0,0,0,0,0,0,0,0,0,0,0,0,0,0,0,0,0,0,0,0,0,0,0,0,0,0,0,0,0,0,0,0,0,0,0,0,0,0,0,0,0,0,0,0,0,0,0,0,0,0,0,0,0,0,0,0,0,0,0,0,0,0,0,0,0,0,0,0,0,52,1,3,4,56,0,2,7,0,3
2530.ps1,1,304,1,303.0,303,1,2,6,6,3,3,0,0,8,2,37,3,0,4,0,0,0,0,1,0,2,38,0,0,0,0,0,0,0,0,0,0,0,0,0,0,0,0,0,0,0,0,0,0,0,0,0,0,0,0,0,0,0,0,0,0,0,0,0,0,0,0,0,0,0,0,0,0,0,0,0,0,0,0,0,0,0,0,0,0,0,0,0,0,0,0,0,0,0,0,0,0,0,38,1,0,5,38,0,2,1,1,4
2519.ps1,1,3077,1,3076.0,3076,0,1,20,20,16,16,3,3,9,402,61,13,0,0,7,0,0,0,0,0,1,60,0,0,0,0,0,0,0,0,0,0,0,0,0,0,0,0,0,0,0,0,0,0,0,0,0,0,0,0,0,0,0,0,0,0,0,0,0,0,0,0,0,0,0,0,0,0,0,0,0,0,0,0,0,0,0,0,0,0,0,0,0,0,0,0,0,0,0,0,0,0,0,62,1,1,5,61,0,1,6,4,4
2514.ps1,1,2711,1,2710.0,2710,0,0,21,21,19,19,3,3,8,332,55,13,2,0,7,0,0,0,1,0,0,52,0,0,0,0,0,0,0,0,0,0,0,0,0,0,0,0,0,0,0,0,0,0,0,0,0,0,0,0,0,0,0,0,0,0,0,0,0,0,0,0,0,0,0,0,0,0,0,0,0,0,0,0,0,0,0,0,0,0,0,0,0,0,0,0,0,0,0,0,0,0,0,56,2,0,7,54,0,0,9,4,6
252.ps1,1,329,1,328.0,328,0,0,5,5,4,4,10,10,8,4,35,4,0,3,0,0,0,0,0,0,0,36,0,0,0,0,0,0,0,0,0,0,0,0,0,0,0,0,0,0,0,0,0,0,0,0,0,0,0,0,0,0,0,0,0,0,0,0,0,0,0,0,0,0,0,0,0,0,0,1,0,0,0,0,0,0,0,0,0,0,0,0,1,0,0,0,0,0,0,0,0,0,0,36,1,0,3,37,0,0,4,1,2
2535.ps1,1,259,1,258.0,258,0,0,8,8,11,11,1,1,8,2,20,2,1,0,1,0,0,0,0,0,0,16,0,0,0,0,0,0,0,0,0,0,0,0,0,0,0,0,0,0,0,0,0,0,0,0,0,0,0,0,0,0,0,0,0,0,0,0,0,0,0,0,0,0,0,0,0,0,0,0,0,0,0,0,0,0,0,0,0,0,0,0,0,1,0,0,0,0,0,0,0,0,0,19,1,2,4,19,0,0,10,0,3
254.ps1,1,333,1,332.0,332,0,0,8,8,5,5,10,10,10,6,27,4,2,3,0,0,0,0,0,0,0,30,0,0,0,0,0,0,0,0,0,0,0,0,0,0,0,0,0,0,0,0,0,0,0,0,0,0,0,0,0,0,0,0,0,0,0,0,0,0,0,0,0,0,0,0,0,0,0,1,0,0,0,0,0,0,0,0,0,0,0,0,0,0,0,0,0,0,0,0,0,0,0,29,2,0,6,32,0,0,4,2,5
2537.ps1,1,2617,1,2616.0,2616,0,1,21,21,19,19,3,3,8,314,53,13,0,0,7,0,0,0,0,0,1,49,0,0,0,0,0,0,0,0,0,0,0,0,0,0,0,0,0,0,0,0,0,0,0,0,0,0,0,0,0,0,0,0,0,0,0,0,0,0,0,0,0,0,0,0,0,0,0,0,0,0,0,0,0,0,0,0,0,0,0,0,0,0,0,0,0,0,0,0,0,0,0,54,1,0,7,49,0,1,9,4,6
255.ps1,1,2595,1,2594.0,2594,0,1,22,22,19,19,3,3,11,314,51,10,0,0,7,0,0,0,0,0,1,50,0,0,0,0,0,0,0,0,0,0,0,0,0,0,0,0,0,0,0,0,0,0,0,0,0,0,0,0,0,0,0,0,0,0,0,0,0,0,0,0,0,0,0,0,0,0,0,0,0,0,0,0,0,0,0,0,0,0,0,0,0,0,0,0,0,0,0,0,0,0,0,49,1,3,5,53,0,1,9,1,4
253.ps1,1,2714,1,2713.0,2713,0,2,22,22,17,17,3,3,12,322,76,10,0,0,7,0,0,0,0,0,1,76,0,0,0,0,0,0,0,0,0,0,0,0,0,0,0,0,0,0,0,0,0,0,0,0,0,0,0,0,0,0,0,0,0,0,0,0,0,0,0,0,0,0,0,0,0,0,0,0,0,0,0,0,0,0,0,0,0,0,0,0,0,0,0,0,0,0,0,0,0,0,0,74,1,4,4,80,0,1,7,1,3
2556.ps1,1,2597,1,2596.0,2596,0,2,22,22,17,17,3,3,10,314,51,10,0,0,7,0,0,0,1,0,1,51,0,0,0,0,0,0,0,0,0,0,0,0,0,0,0,0,0,0,0,0,0,0,0,0,0,0,0,0,0,0,0,0,0,0,0,0,0,0,0,0,0,0,0,0,0,0,0,0,0,0,0,0,0,0,0,0,0,0,0,0,0,0,0,0,0,0,0,0,0,0,0,49,1,3,5,54,0,1,7,1,4
2541.ps1,1,2654,1,2653.0,2653,0,0,18,18,12,12,3,3,7,321,73,13,0,0,7,0,0,0,0,0,0,74,0,0,0,0,0,0,0,0,0,0,0,0,0,0,0,0,0,0,0,0,0,0,0,0,0,0,0,0,0,0,0,0,0,0,0,0,0,0,0,0,0,0,0,0,0,0,0,0,0,0,0,0,0,0,0,0,0,0,0,0,1,0,0,0,0,0,0,0,0,0,0,73,1,0,4,75,0,0,3,3,3
2557.ps1,1,2651,1,2650.0,2650,0,1,21,21,19,19,3,3,7,323,54,13,0,0,7,0,0,0,1,0,1,50,0,0,0,0,0,0,0,0,0,0,0,0,0,0,0,0,0,0,0,0,0,0,0,0,0,0,0,0,0,0,0,0,0,0,0,0,0,0,0,0,0,0,0,0,0,0,0,0,0,0,0,0,0,0,0,0,0,0,0,0,0,0,0,0,0,0,0,0,0,0,0,55,1,0,7,50,0,1,9,4,6
2532.ps1,1,2748,1,2747.0,2747,0,0,21,21,16,16,3,3,9,332,77,13,2,0,7,0,0,0,0,0,0,77,0,0,0,0,0,0,0,0,0,0,0,0,0,0,0,0,0,0,0,0,0,0,0,0,0,0,0,0,0,0,0,0,0,0,0,0,0,0,0,0,0,0,0,0,0,0,0,0,0,0,0,0,0,0,0,0,0,0,0,0,0,0,0,0,0,0,0,0,0,0,0,78,2,0,7,79,0,0,6,4,6
2552.ps1,1,2692,1,2691.0,2691,0,0,20,20,18,18,3,3,7,321,77,12,0,0,7,0,0,0,0,0,0,72,0,0,0,0,0,0,0,0,0,0,0,0,0,0,0,0,0,0,0,0,0,0,0,0,0,0,0,0,0,0,0,0,0,0,0,0,0,0,0,0,0,0,0,0,0,0,0,0,0,0,0,0,0,0,0,0,0,0,0,0,0,1,0,0,0,0,0,0,0,0,0,77,1,0,6,73,0,0,9,3,5
2560.ps1,1,2926,1,2925.0,2925,0,1,21,21,22,22,3,3,8,357,84,13,0,0,7,0,0,0,0,0,1,77,0,0,0,0,0,0,0,0,0,0,0,0,0,0,0,0,0,0,0,0,0,0,0,0,0,0,0,0,0,0,0,0,0,0,0,0,0,0,0,0,0,0,0,0,0,0,0,0,0,0,0,0,0,0,0,0,0,0,0,0,0,0,0,0,0,0,0,0,0,0,0,85,1,0,7,77,0,1,12,4,6
2543.ps1,1,2548,1,2547.0,2547,0,1,19,19,13,13,3,3,8,314,49,13,0,0,7,0,0,0,0,0,1,51,0,0,0,0,0,0,0,0,0,0,0,0,0,0,0,0,0,0,0,0,0,0,0,0,0,0,0,0,0,0,0,0,0,0,0,0,0,0,0,0,0,0,0,0,0,0,0,0,0,0,0,0,0,0,0,0,0,0,0,0,0,0,0,0,0,0,0,0,0,0,0,50,1,0,5,51,0,1,3,4,4
2562.ps1,1,2729,1,2728.0,2728,0,0,20,20,13,13,3,3,8,332,75,13,2,0,7,0,0,0,1,0,0,78,0,0,0,0,0,0,0,0,0,0,0,0,0,0,0,0,0,0,0,0,0,0,0,0,0,0,0,0,0,0,0,0,0,0,0,0,0,0,0,0,0,0,0,0,0,0,0,0,0,0,0,0,0,0,0,0,0,0,0,0,0,0,0,0,0,0,0,0,0,0,0,76,2,0,6,80,0,0,3,4,5
2565.ps1,1,943,1,942.0,942,1,1,15,15,20,20,1,1,26,7,82,5,2,5,7,0,2,0,0,0,0,82,0,0,0,0,0,0,0,0,0,0,0,0,0,0,0,0,0,0,0,0,0,0,0,0,0,0,0,0,0,0,0,0,0,0,0,0,0,0,0,0,0,0,0,0,0,0,0,0,0,0,0,0,0,0,0,0,0,0,0,0,0,1,0,0,0,0,0,0,0,0,0,81,2,4,6,88,0,0,12,1,5
258.ps1,1,2573,1,2572.0,2572,0,1,19,19,16,16,3,3,7,314,51,13,0,0,7,0,0,0,1,0,1,50,0,0,0,0,0,0,0,0,0,0,0,0,0,0,0,0,0,0,0,0,0,0,0,0,0,0,0,0,0,0,0,0,0,0,0,0,0,0,0,0,0,0,0,0,0,0,0,0,0,0,0,0,0,0,0,0,0,0,0,0,0,0,0,0,0,0,0,0,0,0,0,52,1,0,5,50,0,1,6,4,4
2575.ps1,1,2785,1,2784.0,2784,0,0,21,21,21,21,3,3,10,330,79,10,0,0,7,0,0,0,0,0,0,74,0,0,0,0,0,0,0,0,0,0,0,0,0,0,0,0,0,0,0,0,0,0,0,0,0,0,0,0,0,0,0,0,0,0,0,0,0,0,0,0,0,0,0,0,0,0,0,0,0,0,0,0,0,0,0,0,0,0,0,0,1,0,0,0,0,0,0,0,0,0,0,76,1,3,4,78,0,0,12,0,3
2558.ps1,1,3177,1,3176.0,3176,0,1,28,28,30,30,5,5,17,333,67,12,2,0,11,0,0,0,3,0,0,60,0,0,0,0,0,0,0,0,0,0,0,0,0,0,0,0,0,0,0,0,0,0,0,0,0,0,0,0,0,0,0,0,0,0,0,0,0,0,0,0,0,0,0,0,0,0,0,0,0,0,0,0,0,0,0,0,0,0,0,0,0,2,0,0,0,0,0,0,0,0,0,64,2,4,7,66,0,0,17,1,6
2567.ps1,1,2694,1,2693.0,2693,0,1,24,24,20,20,3,3,12,314,76,10,2,0,7,0,0,0,0,0,0,74,0,0,0,0,0,0,0,0,0,0,0,0,0,0,0,0,0,0,0,0,0,0,0,0,0,0,0,0,0,0,0,0,0,0,0,0,0,0,0,0,0,0,0,0,0,0,0,0,0,0,0,0,0,0,0,0,0,0,0,0,0,0,0,0,0,0,0,0,0,0,0,74,2,3,7,79,0,0,10,1,6
2579.ps1,1,2750,1,2749.0,2749,0,2,19,19,17,17,3,3,8,330,79,12,0,0,7,0,0,0,0,0,2,76,0,0,0,0,0,0,0,0,0,0,0,0,0,0,0,0,0,0,0,0,0,0,0,0,0,0,0,0,0,0,0,0,0,0,0,0,0,0,0,0,0,0,0,0,0,0,0,0,0,0,0,0,0,0,0,0,0,0,0,0,0,0,0,0,0,0,0,0,0,0,0,79,1,0,5,76,0,2,6,3,4
2573.ps1,1,959,1,958.0,958,0,2,10,10,13,13,1,1,22,5,102,8,0,5,7,0,2,0,0,0,2,104,0,0,0,0,0,0,0,0,0,0,0,0,0,0,0,0,0,0,0,0,0,0,0,0,0,0,0,0,0,0,0,0,0,0,0,0,0,0,0,0,0,0,0,0,0,0,0,0,0,0,0,0,0,0,0,0,0,0,0,0,0,1,0,0,0,0,0,1,0,0,0,104,1,0,5,104,0,2,4,4,4
2592.ps1,1,3415,1,3414.0,3414,0,2,36,36,17,17,8,8,30,10,104,39,0,3,24,7,1,0,3,0,2,91,0,0,1,0,0,1,0,0,0,0,0,0,0,0,0,0,0,0,0,0,0,0,0,3,0,0,0,0,0,0,0,0,2,0,0,0,0,0,0,0,0,0,0,0,0,0,0,1,0,0,0,0,0,0,0,0,0,0,0,0,0,2,0,0,0,1,1,0,0,3,0,100,1,0,8,91,0,2,14,5,7
2593.ps1,1,3060,1,3059.0,3059,0,1,18,18,13,13,3,3,7,395,84,13,0,0,7,0,0,0,1,0,1,86,0,0,0,0,0,0,0,0,0,0,0,0,0,0,0,0,0,0,0,0,0,0,0,0,0,0,0,0,0,0,0,0,0,0,0,0,0,0,0,0,0,0,0,0,0,0,0,0,0,0,0,0,0,0,0,0,0,0,0,0,0,0,0,0,0,0,0,0,0,0,0,85,1,0,4,86,0,1,3,4,3
2580.ps1,1,2814,1,2813.0,2813,0,1,16,16,17,17,2,2,25,6,96,9,0,31,11,0,0,0,0,0,1,76,0,0,0,0,0,0,0,0,0,0,0,0,0,0,0,0,0,0,0,0,0,0,0,0,0,0,0,0,0,0,0,1,0,0,0,0,0,0,0,0,0,0,0,0,0,0,0,0,1,0,0,0,0,1,0,0,0,0,0,0,0,1,0,0,0,0,0,0,0,3,0,78,1,4,5,80,0,1,12,1,4
2602.ps1,1,350,1,349.0,349,0,1,7,7,3,3,8,8,7,4,42,4,0,5,1,0,0,0,1,0,1,43,0,0,0,0,0,0,0,0,0,0,0,0,0,0,0,0,0,0,0,0,0,0,0,0,0,0,0,0,0,0,0,0,0,0,0,0,0,0,0,0,0,0,0,0,0,0,0,1,0,0,0,0,0,0,0,0,0,0,0,0,0,0,0,0,0,0,0,0,0,0,0,43,1,0,5,43,0,1,2,2,4
2576.ps1,1,2591,1,2590.0,2590,0,0,19,19,15,15,3,3,7,321,52,12,0,0,7,0,0,0,0,0,0,50,0,0,0,0,0,0,0,0,0,0,0,0,0,0,0,0,0,0,0,0,0,0,0,0,0,0,0,0,0,0,0,0,0,0,0,0,0,0,0,0,0,0,0,0,0,0,0,0,0,0,0,0,0,0,0,0,0,0,0,0,0,1,0,0,0,0,0,0,0,0,0,52,1,0,5,51,0,0,6,3,4
2603.ps1,1,2628,1,2627.0,2627,0,0,22,22,16,16,3,3,12,323,50,10,2,0,7,0,0,0,0,0,0,53,0,0,0,0,0,0,0,0,0,0,0,0,0,0,0,0,0,0,0,0,0,0,0,0,0,0,0,0,0,0,0,0,0,0,0,0,0,0,0,0,0,0,0,0,0,0,0,0,0,0,0,0,0,0,0,0,0,0,0,0,0,0,0,0,0,0,0,0,0,0,0,48,2,3,5,58,0,0,6,1,4
2625.ps1,1,478,1,477.0,477,0,1,10,10,12,12,0,0,8,6,38,7,0,4,0,0,0,0,1,0,1,38,0,0,0,0,0,0,0,0,0,0,0,0,0,0,0,0,0,0,0,0,0,0,0,0,0,0,0,0,0,0,0,0,0,0,0,0,0,0,0,0,0,0,0,0,0,0,0,0,0,0,0,0,0,0,0,0,0,0,0,0,0,0,0,0,0,0,0,0,0,0,0,43,1,0,8,38,0,1,11,5,7
2609.ps1,1,2648,1,2647.0,2647,0,1,21,21,16,16,3,3,10,312,74,10,0,0,7,0,0,0,0,0,0,73,0,0,0,0,0,0,0,0,0,0,0,0,0,0,0,0,0,0,0,0,0,0,0,0,0,0,0,0,0,0,0,0,0,0,0,0,0,0,0,0,0,0,0,0,0,0,0,0,0,0,0,0,0,0,0,0,0,0,0,0,1,0,0,0,0,0,0,0,0,0,0,71,1,3,4,77,0,0,7,0,3
2594.ps1,1,2921,1,2920.0,2920,0,1,22,22,22,22,3,3,11,357,82,10,0,0,7,0,0,0,0,0,1,78,0,0,0,0,0,0,0,0,0,0,0,0,0,0,0,0,0,0,0,0,0,0,0,0,0,0,0,0,0,0,0,0,0,0,0,0,0,0,0,0,0,0,0,0,0,0,0,0,0,0,0,0,0,0,0,0,0,0,0,0,0,0,0,0,0,0,0,0,0,0,0,80,1,3,5,81,0,1,12,1,4
2610.ps1,1,2707,1,2706.0,2706,0,1,20,20,19,19,3,3,8,332,55,13,0,0,7,0,0,0,0,0,1,51,0,0,0,0,0,0,0,0,0,0,0,0,0,0,0,0,0,0,0,0,0,0,0,0,0,0,0,0,0,0,0,0,0,0,0,0,0,0,0,0,0,0,0,0,0,0,0,0,0,0,0,0,0,0,0,0,0,0,0,0,0,0,0,0,0,0,0,0,0,0,0,56,1,0,6,51,0,1,9,4,5
2607.ps1,1,467,1,466.0,466,0,1,8,8,8,8,0,0,10,3,53,3,0,4,3,0,0,0,1,0,1,54,0,0,0,0,0,0,0,0,0,0,0,0,0,0,0,0,0,0,0,0,0,0,0,0,0,0,0,0,0,0,0,0,0,0,0,0,0,0,0,0,0,0,0,0,0,0,0,0,0,0,0,0,0,0,0,0,0,0,0,0,0,0,0,0,0,0,0,0,0,0,0,54,1,3,4,57,0,1,7,1,3
2631.ps1,1,2612,1,2611.0,2611,0,1,23,23,20,20,3,3,10,313,52,10,0,0,7,0,0,0,1,0,1,51,0,0,0,0,0,0,0,0,0,0,0,0,0,0,0,0,0,0,0,0,0,0,0,0,0,0,0,0,0,0,0,0,0,0,0,0,0,0,0,0,0,0,0,0,0,0,0,0,0,0,0,0,0,0,0,0,0,0,0,0,0,0,0,0,0,0,0,0,0,0,0,50,1,3,6,54,0,1,10,1,5
2628.ps1,1,2723,1,2722.0,2722,0,2,21,21,23,23,3,3,8,330,59,12,0,0,7,0,0,0,0,0,2,50,0,0,0,0,0,0,0,0,0,0,0,0,0,0,0,0,0,0,0,0,0,0,0,0,0,0,0,0,0,0,0,0,0,0,0,0,0,0,0,0,0,0,0,0,0,0,0,0,0,0,0,0,0,0,0,0,0,0,0,0,0,0,0,0,0,0,0,0,0,0,0,59,1,0,7,50,0,2,12,3,6
2613.ps1,1,2615,1,2614.0,2614,0,2,21,21,20,20,3,3,7,312,55,12,0,0,7,0,0,0,1,0,2,49,0,0,0,0,0,0,0,0,0,0,0,0,0,0,0,0,0,0,0,0,0,0,0,0,0,0,0,0,0,0,0,0,0,0,0,0,0,0,0,0,0,0,0,0,0,0,0,0,0,0,0,0,0,0,0,0,0,0,0,0,0,0,0,0,0,0,0,0,0,0,0,55,1,0,7,49,0,2,9,3,6
2645.ps1,1,2688,1,2687.0,2687,0,1,22,22,22,22,3,3,10,314,76,10,0,0,7,0,0,0,1,0,1,72,0,0,0,0,0,0,0,0,0,0,0,0,0,0,0,0,0,0,0,0,0,0,0,0,0,0,0,0,0,0,0,0,0,0,0,0,0,0,0,0,0,0,0,0,0,0,0,0,0,0,0,0,0,0,0,0,0,0,0,0,0,0,0,0,0,0,0,0,0,0,0,74,1,3,5,75,0,1,12,1,4
263.ps1,1,2771,1,2770.0,2770,0,2,21,21,20,20,3,3,10,330,79,9,0,0,7,0,0,0,1,0,2,76,0,0,0,0,0,0,0,0,0,0,0,0,0,0,0,0,0,0,0,0,0,0,0,0,0,0,0,0,0,0,0,0,0,0,0,0,0,0,0,0,0,0,0,0,0,0,0,0,0,0,0,0,0,0,0,0,0,0,0,0,0,0,0,0,0,0,0,0,0,0,0,76,1,3,4,79,0,2,9,0,3
2634.ps1,1,2619,1,2618.0,2618,0,1,21,21,19,19,3,3,7,305,75,13,0,0,7,0,0,0,1,0,1,71,0,0,0,0,0,0,0,0,0,0,0,0,0,0,0,0,0,0,0,0,0,0,0,0,0,0,0,0,0,0,0,0,0,0,0,0,0,0,0,0,0,0,0,0,0,0,0,0,0,0,0,0,0,0,0,0,0,0,0,0,0,0,0,0,0,0,0,0,0,0,0,76,1,0,7,71,0,1,9,4,6
2632.ps1,1,1059,1,1058.0,1058,1,1,14,14,21,21,1,1,23,6,119,9,0,5,7,0,2,0,0,0,1,114,0,0,0,0,0,0,0,0,0,0,0,0,0,0,0,0,0,0,0,0,0,0,0,0,0,0,0,0,0,0,0,0,0,0,0,0,0,0,0,0,0,0,0,0,0,0,0,0,0,0,0,0,0,0,0,0,0,0,0,0,0,1,0,0,0,0,0,0,0,0,0,122,1,1,8,115,0,1,13,5,7
2647.ps1,1,2871,1,2870.0,2870,0,0,20,20,18,18,3,3,7,355,82,12,0,0,7,0,0,0,0,0,0,77,0,0,0,0,0,0,0,0,0,0,0,0,0,0,0,0,0,0,0,0,0,0,0,0,0,0,0,0,0,0,0,0,0,0,0,0,0,0,0,0,0,0,0,0,0,0,0,0,0,0,0,0,0,0,0,0,0,0,0,0,0,1,0,0,0,0,0,0,0,0,0,82,1,0,6,78,0,0,9,3,5
2649.ps1,1,2757,1,2756.0,2756,0,2,20,20,17,17,3,3,8,330,79,12,0,0,7,0,0,0,0,0,2,76,0,0,0,0,0,0,0,0,0,0,0,0,0,0,0,0,0,0,0,0,0,0,0,0,0,0,0,0,0,0,0,0,0,0,0,0,0,0,0,0,0,0,0,0,0,0,0,0,0,0,0,0,0,0,0,0,0,0,0,0,0,0,0,0,0,0,0,0,0,0,0,79,1,0,6,76,0,2,6,3,5
265.ps1,1,2530,1,2529.0,2529,0,0,19,19,18,18,3,3,7,303,52,13,0,0,7,0,0,0,0,0,0,47,0,0,0,0,0,0,0,0,0,0,0,0,0,0,0,0,0,0,0,0,0,0,0,0,0,0,0,0,0,0,0,0,0,0,0,0,0,0,0,0,0,0,0,0,0,0,0,0,0,0,0,0,0,0,0,0,0,0,0,0,1,0,0,0,0,0,0,0,0,0,0,52,1,0,5,48,0,0,9,3,4
2648.ps1,1,2988,1,2987.0,2987,0,2,24,24,20,20,3,3,11,365,84,10,0,0,7,0,0,0,1,0,1,81,0,0,0,0,0,0,0,0,0,0,0,0,0,0,0,0,0,0,0,0,0,0,0,0,0,0,0,0,0,0,0,0,0,0,0,0,0,0,0,0,0,0,0,0,0,0,0,0,0,0,0,0,0,0,0,0,0,0,0,0,0,0,0,0,0,0,0,0,0,0,0,82,1,4,6,85,0,1,10,1,5
2657.ps1,1,331,1,330.0,330,1,1,6,6,3,3,0,0,8,3,29,4,0,4,0,0,0,0,0,0,1,32,0,0,0,0,0,0,0,0,0,0,0,0,0,0,0,0,0,0,0,0,0,0,0,0,0,0,0,0,0,0,0,0,0,0,0,0,0,0,0,0,0,0,0,0,0,0,0,0,0,0,0,0,0,0,0,0,0,0,0,0,0,0,0,0,0,0,0,0,0,0,0,31,1,0,5,32,0,1,2,2,4
2651.ps1,1,2595,1,2594.0,2594,0,2,24,24,26,26,3,3,11,303,56,9,0,0,7,0,0,0,0,0,2,47,0,0,0,0,0,0,0,0,0,0,0,0,0,0,0,0,0,0,0,0,0,0,0,0,0,0,0,0,0,0,0,0,0,0,0,0,0,0,0,0,0,0,0,0,0,0,0,0,0,0,0,0,0,0,0,0,0,0,0,0,0,0,0,0,0,0,0,0,0,0,0,53,1,3,7,50,0,2,15,0,6
2692.ps1,1,392,1,391.0,391,1,1,6,6,3,3,2,2,7,1,40,9,0,7,0,0,0,0,1,0,1,42,0,0,0,0,0,0,0,0,0,0,0,0,0,0,0,0,0,0,0,0,0,0,0,0,0,0,0,0,0,0,0,0,0,0,0,0,0,0,0,0,0,0,0,0,0,0,0,2,0,0,0,0,0,0,0,0,0,0,0,0,0,1,0,0,0,0,0,0,0,0,0,42,1,0,5,42,0,1,2,1,4
2676.ps1,1,569,1,568.0,568,1,2,5,5,6,6,17,17,13,1,60,4,0,3,9,0,0,0,1,0,2,59,0,0,0,0,0,0,0,0,0,0,0,0,0,0,0,0,0,0,0,0,0,0,0,0,0,0,0,0,0,0,0,0,0,0,0,0,0,0,0,0,0,0,0,0,0,0,0,1,0,0,0,0,0,0,0,0,0,0,0,0,0,0,0,0,0,0,0,0,0,0,0,60,1,0,4,59,0,2,2,1,3
2664.ps1,1,2989,1,2988.0,2988,0,3,22,22,21,21,3,3,11,367,87,9,0,0,7,0,0,0,0,0,2,82,0,0,0,0,0,0,0,0,0,0,0,0,0,0,0,0,0,0,0,0,0,0,0,0,0,0,0,0,0,0,0,0,0,0,0,0,0,0,0,0,0,0,0,0,0,0,0,0,0,0,0,0,0,0,0,0,0,0,0,0,0,0,0,0,0,0,0,0,0,0,0,84,1,3,5,85,0,2,10,0,4
2687.ps1,1,2737,1,2736.0,2736,0,3,21,21,15,15,3,3,10,330,77,9,0,0,7,0,0,0,1,0,2,78,0,0,0,0,0,0,0,0,0,0,0,0,0,0,0,0,0,0,0,0,0,0,0,0,0,0,0,0,0,0,0,0,0,0,0,0,0,0,0,0,0,0,0,0,0,0,0,0,0,0,0,0,0,0,0,0,0,0,0,0,0,0,0,0,0,0,0,0,0,0,0,74,1,3,4,81,0,2,4,0,3
2654.ps1,1,2655,1,2654.0,2654,0,2,18,18,14,14,3,3,7,330,53,12,0,0,7,0,0,0,1,0,2,53,0,0,0,0,0,0,0,0,0,0,0,0,0,0,0,0,0,0,0,0,0,0,0,0,0,0,0,0,0,0,0,0,0,0,0,0,0,0,0,0,0,0,0,0,0,0,0,0,0,0,0,0,0,0,0,0,0,0,0,0,0,0,0,0,0,0,0,0,0,0,0,53,1,0,4,53,0,2,3,3,3
2669.ps1,1,2743,1,2742.0,2742,0,2,20,20,22,22,3,3,7,312,80,12,0,0,8,0,0,0,1,0,2,74,0,0,0,0,0,0,0,0,0,0,0,0,0,0,0,0,0,0,0,0,0,0,0,0,0,0,0,0,0,0,0,0,0,0,0,0,0,0,0,0,0,0,0,0,0,0,0,0,0,0,0,0,0,0,0,0,0,0,0,0,0,0,0,0,0,0,0,0,0,0,0,80,1,0,6,74,0,2,9,3,5
2680.ps1,1,2614,1,2613.0,2613,0,1,21,21,19,19,3,3,8,314,53,13,0,0,7,0,0,0,0,0,1,49,0,0,0,0,0,0,0,0,0,0,0,0,0,0,0,0,0,0,0,0,0,0,0,0,0,0,0,0,0,0,0,0,0,0,0,0,0,0,0,0,0,0,0,0,0,0,0,0,0,0,0,0,0,0,0,0,0,0,0,0,0,0,0,0,0,0,0,0,0,0,0,54,1,0,7,49,0,1,9,4,6
2650.ps1,1,2692,1,2691.0,2691,0,1,22,22,20,20,3,3,11,313,75,10,0,0,7,0,0,0,0,0,1,74,0,0,0,0,0,0,0,0,0,0,0,0,0,0,0,0,0,0,0,0,0,0,0,0,0,0,0,0,0,0,0,0,0,0,0,0,0,0,0,0,0,0,0,0,0,0,0,0,0,0,0,0,0,0,0,0,0,0,0,0,0,0,0,0,0,0,0,0,0,0,0,73,1,3,5,77,0,1,10,1,4
2693.ps1,1,2614,1,2613.0,2613,0,0,23,23,19,19,3,3,11,314,51,10,2,0,7,0,0,0,1,0,0,51,0,0,0,0,0,0,0,0,0,0,0,0,0,0,0,0,0,0,0,0,0,0,0,0,0,0,0,0,0,0,0,0,0,0,0,0,0,0,0,0,0,0,0,0,0,0,0,0,0,0,0,0,0,0,0,0,0,0,0,0,0,0,0,0,0,0,0,0,0,0,0,49,2,3,6,56,0,0,9,1,5
2706.ps1,1,2640,1,2639.0,2639,0,0,20,20,18,18,3,3,7,312,76,12,0,0,7,0,0,0,0,0,0,71,0,0,0,0,0,0,0,0,0,0,0,0,0,0,0,0,0,0,0,0,0,0,0,0,0,0,0,0,0,0,0,0,0,0,0,0,0,0,0,0,0,0,0,0,0,0,0,0,0,0,0,0,0,0,0,0,0,0,0,0,0,1,0,0,0,0,0,0,0,0,0,76,1,0,6,72,0,0,9,3,5
2695.ps1,1,2566,1,2565.0,2565,0,2,10,10,6,6,0,0,7,4,85,5,0,38,1,0,0,0,1,0,2,51,0,0,0,0,0,0,0,0,0,0,0,0,0,0,0,0,0,0,0,0,0,0,0,0,0,0,0,0,0,0,0,0,1,0,0,0,0,0,0,0,0,0,0,0,0,0,0,0,0,0,0,0,0,1,0,0,0,0,0,0,0,1,0,0,0,0,0,0,0,2,0,51,1,0,5,51,0,2,2,2,4
2699.ps1,1,2742,1,2741.0,2741,0,2,19,19,17,17,3,3,8,330,79,12,0,0,7,0,0,0,0,0,2,76,0,0,0,0,0,0,0,0,0,0,0,0,0,0,0,0,0,0,0,0,0,0,0,0,0,0,0,0,0,0,0,0,0,0,0,0,0,0,0,0,0,0,0,0,0,0,0,0,0,0,0,0,0,0,0,0,0,0,0,0,0,0,0,0,0,0,0,0,0,0,0,79,1,0,5,76,0,2,6,3,4
2685.ps1,1,2706,1,2705.0,2705,0,1,15,15,13,13,2,2,23,6,86,9,0,21,11,0,0,0,1,0,1,54,0,0,0,0,0,0,0,0,0,0,0,0,0,0,0,0,0,0,0,0,0,0,0,0,0,0,0,0,0,0,0,0,0,0,0,0,0,0,0,0,0,0,0,0,0,0,0,0,0,0,0,0,0,0,0,0,0,0,0,0,0,1,0,0,0,0,0,0,0,4,0,52,1,3,5,57,0,1,8,1,4
2710.ps1,1,2599,1,2598.0,2598,0,2,23,23,17,17,3,3,12,313,52,10,0,0,7,0,0,0,0,0,1,52,0,0,0,0,0,0,0,0,0,0,0,0,0,0,0,0,0,0,0,0,0,0,0,0,0,0,0,0,0,0,0,0,0,0,0,0,0,0,0,0,0,0,0,0,0,0,0,0,0,0,0,0,0,0,0,0,0,0,0,0,0,0,0,0,0,0,0,0,0,0,0,50,1,4,5,56,0,1,7,1,4
2702.ps1,1,2791,1,2790.0,2790,0,1,22,22,19,19,3,3,9,331,80,13,0,0,7,0,0,0,0,0,1,76,0,0,0,0,0,0,0,0,0,0,0,0,0,0,0,0,0,0,0,0,0,0,0,0,0,0,0,0,0,0,0,0,0,0,0,0,0,0,0,0,0,0,0,0,0,0,0,0,0,0,0,0,0,0,0,0,0,0,0,0,0,0,0,0,0,0,0,0,0,0,0,81,1,1,7,77,0,1,9,4,6
2713.ps1,1,407,1,406.0,406,1,0,8,8,10,10,0,0,7,5,32,6,0,4,0,0,0,0,0,0,0,31,0,0,0,0,0,0,0,0,0,0,0,0,0,0,0,0,0,0,0,0,0,0,0,0,0,0,0,0,0,0,0,0,0,0,0,0,0,0,0,0,0,0,0,0,0,0,0,0,0,0,0,0,0,0,0,0,0,0,0,0,0,1,0,0,0,0,0,0,0,0,0,36,1,0,6,32,0,0,10,4,5
271.ps1,1,3089,1,3088.0,3088,0,1,26,26,27,27,5,5,16,313,89,12,0,0,11,0,0,0,2,0,0,82,0,0,0,0,0,0,0,0,0,0,0,0,0,0,0,0,0,0,0,0,0,0,0,0,0,0,0,0,0,0,0,0,0,0,0,0,0,0,0,0,0,0,0,0,0,0,0,0,0,0,0,0,0,0,0,0,0,0,0,0,1,2,0,0,0,0,0,0,0,0,0,85,1,4,5,87,0,0,15,0,4
2711.ps1,1,2735,1,2734.0,2734,0,1,21,21,22,22,3,3,7,323,79,13,0,0,7,0,0,0,1,0,1,72,0,0,0,0,0,0,0,0,0,0,0,0,0,0,0,0,0,0,0,0,0,0,0,0,0,0,0,0,0,0,0,0,0,0,0,0,0,0,0,0,0,0,0,0,0,0,0,0,0,0,0,0,0,0,0,0,0,0,0,0,0,0,0,0,0,0,0,0,0,0,0,80,1,0,7,72,0,1,12,4,6
2715.ps1,1,2648,1,2647.0,2647,0,2,19,19,14,14,3,3,8,330,53,12,0,0,7,0,0,0,0,0,2,53,0,0,0,0,0,0,0,0,0,0,0,0,0,0,0,0,0,0,0,0,0,0,0,0,0,0,0,0,0,0,0,0,0,0,0,0,0,0,0,0,0,0,0,0,0,0,0,0,0,0,0,0,0,0,0,0,0,0,0,0,0,0,0,0,0,0,0,0,0,0,0,53,1,0,5,53,0,2,3,3,4
2709.ps1,1,2697,1,2696.0,2696,0,2,20,20,20,20,3,3,8,330,57,12,0,0,7,0,0,0,0,0,2,51,0,0,0,0,0,0,0,0,0,0,0,0,0,0,0,0,0,0,0,0,0,0,0,0,0,0,0,0,0,0,0,0,0,0,0,0,0,0,0,0,0,0,0,0,0,0,0,0,0,0,0,0,0,0,0,0,0,0,0,0,0,0,0,0,0,0,0,0,0,0,0,57,1,0,6,51,0,2,9,3,5
2724.ps1,1,2794,1,2793.0,2793,0,1,22,22,19,19,3,3,8,331,80,13,0,0,7,0,0,0,1,0,1,76,0,0,0,0,0,0,0,0,0,0,0,0,0,0,0,0,0,0,0,0,0,0,0,0,0,0,0,0,0,0,0,0,0,0,0,0,0,0,0,0,0,0,0,0,0,0,0,0,0,0,0,0,0,0,0,0,0,0,0,0,0,0,0,0,0,0,0,0,0,0,0,81,1,1,7,77,0,1,9,4,6
272.ps1,1,3053,1,3052.0,3052,0,1,23,23,20,20,5,5,12,315,86,21,0,0,12,0,0,0,3,0,1,85,0,0,0,0,0,0,0,0,0,0,0,0,0,0,0,0,0,0,0,0,0,0,0,0,0,0,0,0,0,0,0,0,0,0,0,0,0,0,0,0,0,0,0,0,0,0,0,0,0,0,0,1,0,0,0,0,0,0,0,0,0,2,0,0,0,0,0,0,0,0,0,87,1,0,6,85,0,1,7,5,5
2742.ps1,1,3618,1,3617.0,3617,0,2,23,23,20,20,3,3,12,498,73,10,0,0,7,0,0,0,0,0,1,70,0,0,0,0,0,0,0,0,0,0,0,0,0,0,0,0,0,0,0,0,0,0,0,0,0,0,0,0,0,0,0,0,0,0,0,0,0,0,0,0,0,0,0,0,0,0,0,0,0,0,0,0,0,0,0,0,0,0,0,0,0,0,0,0,0,0,0,0,0,0,0,71,1,4,5,74,0,1,10,1,4
2717.ps1,1,2669,1,2668.0,2668,0,2,20,20,20,20,3,3,8,312,78,12,0,0,7,0,0,0,0,0,2,72,0,0,0,0,0,0,0,0,0,0,0,0,0,0,0,0,0,0,0,0,0,0,0,0,0,0,0,0,0,0,0,0,0,0,0,0,0,0,0,0,0,0,0,0,0,0,0,0,0,0,0,0,0,0,0,0,0,0,0,0,0,0,0,0,0,0,0,0,0,0,0,78,1,0,6,72,0,2,9,3,5
2732.ps1,1,2786,1,2785.0,2785,0,3,23,23,21,21,3,3,10,330,81,9,0,0,7,0,0,0,1,0,2,76,0,0,0,0,0,0,0,0,0,0,0,0,0,0,0,0,0,0,0,0,0,0,0,0,0,0,0,0,0,0,0,0,0,0,0,0,0,0,0,0,0,0,0,0,0,0,0,0,0,0,0,0,0,0,0,0,0,0,0,0,0,0,0,0,0,0,0,0,0,0,0,78,1,3,6,79,0,2,10,0,5
2727.ps1,1,2699,1,2698.0,2698,0,2,18,18,16,16,3,3,7,312,76,12,0,0,8,0,0,0,1,0,2,76,0,0,0,0,0,0,0,0,0,0,0,0,0,0,0,0,0,0,0,0,0,0,0,0,0,0,0,0,0,0,0,0,0,0,0,0,0,0,0,0,0,0,0,0,0,0,0,0,0,0,0,0,0,0,0,0,0,0,0,0,0,0,0,0,0,0,0,0,0,0,0,76,1,0,4,76,0,2,3,3,3
2730.ps1,1,2585,1,2584.0,2584,0,1,11,11,7,7,0,0,9,4,113,4,0,30,3,0,0,0,0,0,0,71,0,0,0,0,0,0,0,0,0,0,0,0,0,0,0,0,0,0,0,0,0,0,0,0,0,0,0,0,0,0,0,0,3,0,0,0,0,0,0,0,0,0,0,0,0,0,0,0,0,0,0,0,0,0,0,0,0,0,0,0,1,1,0,0,0,0,0,0,0,1,0,70,1,2,4,74,0,0,5,0,3
2743.ps1,1,2801,1,2800.0,2800,0,1,21,21,22,22,3,3,7,332,81,13,0,0,7,0,0,0,1,0,1,74,0,0,0,0,0,0,0,0,0,0,0,0,0,0,0,0,0,0,0,0,0,0,0,0,0,0,0,0,0,0,0,0,2,0,0,0,0,0,0,0,0,0,0,0,0,0,0,0,0,0,0,0,0,0,0,0,0,0,0,0,0,0,0,0,0,0,0,0,0,0,0,82,1,0,7,74,0,1,12,4,6
2752.ps1,1,281,1,280.0,280,0,3,8,8,8,8,1,1,8,2,30,2,1,0,1,0,0,0,1,0,2,29,0,0,0,0,0,0,0,0,0,0,0,0,0,0,0,0,0,0,0,0,0,0,0,0,0,0,0,0,0,0,0,0,0,0,0,0,0,0,0,0,0,0,0,0,0,0,0,0,0,0,0,0,0,0,0,0,0,0,0,0,0,0,0,0,0,0,0,0,0,0,0,29,1,2,4,31,0,2,5,0,3
2746.ps1,1,2659,1,2658.0,2658,0,3,21,21,18,18,3,3,10,312,76,9,0,0,7,0,0,0,1,0,2,74,0,0,0,0,0,0,0,0,0,0,0,0,0,0,0,0,0,0,0,0,0,0,0,0,0,0,0,0,0,0,0,0,0,0,0,0,0,0,0,0,0,0,0,0,0,0,0,0,0,0,0,0,0,0,0,0,0,0,0,0,0,0,0,0,0,0,0,0,0,0,0,73,1,3,4,77,0,2,7,0,3
276.ps1,1,1183,1,1182.0,1182,0,2,15,14,19,19,1,1,28,5,156,5,1,6,9,1,2,0,1,0,2,155,0,0,0,0,0,0,0,0,0,0,0,0,0,0,0,0,0,0,0,0,0,0,0,0,0,0,0,0,0,0,0,0,0,0,0,0,0,0,0,0,0,0,0,0,0,0,0,0,0,0,0,0,0,0,0,0,0,0,0,0,0,0,0,0,0,0,0,0,0,0,0,153,1,4,5,159,0,2,9,0,4
2757.ps1,1,2691,1,2690.0,2690,0,2,21,21,20,20,3,3,10,330,55,9,0,0,7,0,0,0,1,0,2,52,0,0,0,0,0,0,0,0,0,0,0,0,0,0,0,0,0,0,0,0,0,0,0,0,0,0,0,0,0,0,0,0,0,0,0,0,0,0,0,0,0,0,0,0,0,0,0,0,0,0,0,0,0,0,0,0,0,0,0,0,0,0,0,0,0,0,0,0,0,0,0,52,1,3,4,55,0,2,9,0,3
2753.ps1,1,3176,1,3175.0,3175,0,1,22,22,19,19,3,3,11,401,89,10,0,0,7,0,0,0,1,0,1,88,0,0,0,0,0,0,0,0,0,0,0,0,0,0,0,0,0,0,0,0,0,0,0,0,0,0,0,0,0,0,0,0,0,0,0,0,0,0,0,0,0,0,0,0,0,0,0,0,0,0,0,0,0,0,0,0,0,0,0,0,0,0,0,0,0,0,0,0,0,0,0,87,1,4,4,92,0,1,9,1,3
2763.ps1,1,3049,1,3048.0,3048,0,3,20,20,15,15,3,3,11,405,60,9,0,0,7,0,0,0,0,0,2,61,0,0,0,0,0,0,0,0,0,0,0,0,0,0,0,0,0,0,0,0,0,0,0,0,0,0,0,0,0,0,0,0,0,0,0,0,0,0,0,0,0,0,0,0,0,0,0,0,0,0,0,0,0,0,0,0,0,0,0,0,0,0,0,0,0,0,0,0,0,0,0,57,1,3,3,64,0,2,4,0,2
2756.ps1,1,2717,1,2716.0,2716,0,0,23,23,22,22,3,3,11,332,55,10,2,0,7,0,0,0,1,0,0,52,0,0,0,0,0,0,0,0,0,0,0,0,0,0,0,0,0,0,0,0,0,0,0,0,0,0,0,0,0,0,0,0,0,0,0,0,0,0,0,0,0,0,0,0,0,0,0,0,0,0,0,0,0,0,0,0,0,0,0,0,0,0,0,0,0,0,0,0,0,0,0,53,2,3,6,57,0,0,12,1,5
2769.ps1,1,268,1,267.0,267,0,2,5,5,3,3,0,0,7,2,28,3,0,3,0,0,0,0,1,0,2,29,0,0,0,0,0,0,0,0,0,0,0,0,0,0,0,0,0,0,0,0,0,0,0,0,0,0,0,0,0,0,0,0,0,0,0,0,0,0,0,0,0,0,0,0,1,0,0,0,0,0,0,0,0,0,0,0,0,0,0,0,0,0,0,0,0,0,0,0,0,0,0,29,1,0,4,29,0,2,1,1,3
2768.ps1,1,478,1,477.0,477,0,2,9,9,12,12,0,0,8,5,43,6,0,3,0,0,0,0,1,0,2,41,0,0,0,0,0,0,0,0,0,0,0,0,0,0,0,0,0,0,0,0,0,0,0,0,0,0,0,0,0,0,0,0,0,0,0,0,0,0,0,0,0,0,0,0,0,0,0,0,0,0,0,0,0,0,0,0,0,0,0,0,0,0,0,0,0,0,0,0,0,0,0,47,1,0,7,41,0,2,10,4,6
2765.ps1,1,1177,1,1176.0,1176,0,1,14,14,20,20,2,2,27,5,145,4,0,5,8,0,2,0,0,0,0,143,0,0,0,0,0,0,0,0,0,0,0,0,0,0,0,0,0,0,0,0,0,0,0,0,0,0,0,0,0,0,0,0,0,0,0,0,0,0,0,0,0,0,0,0,0,0,0,0,0,0,0,0,0,0,0,0,0,0,0,0,0,2,0,0,0,0,0,0,0,0,0,143,1,4,5,148,0,0,12,0,4
2771.ps1,1,474,1,473.0,473,1,1,9,9,8,8,0,0,10,6,46,7,0,3,0,0,0,0,1,0,1,49,0,0,0,0,0,0,0,0,0,0,0,0,0,0,0,0,0,0,0,0,0,0,0,0,0,0,0,0,0,0,0,0,0,0,0,0,0,0,0,0,0,0,0,0,0,0,0,0,0,0,0,0,0,0,0,0,0,0,0,0,0,0,0,0,0,0,0,0,0,0,0,51,1,1,6,50,0,1,7,5,5
2760.ps1,1,2581,1,2580.0,2580,0,1,20,20,14,14,3,3,7,313,50,13,0,0,7,0,0,0,1,0,1,52,0,0,0,0,0,0,0,0,0,0,0,0,0,0,0,0,0,0,0,0,0,0,0,0,0,0,0,0,0,0,0,0,0,0,0,0,0,0,0,0,0,0,0,0,0,0,0,0,0,0,0,0,0,0,0,0,0,0,0,0,0,0,0,0,0,0,0,0,0,0,0,51,1,0,6,52,0,1,4,4,5
2764.ps1,1,2610,1,2609.0,2609,0,0,18,18,15,15,3,3,7,312,74,12,0,0,7,0,0,0,0,0,0,72,0,0,0,0,0,0,0,0,0,0,0,0,0,0,0,0,0,0,0,0,0,0,0,0,0,0,0,0,0,0,0,0,0,0,0,0,0,0,0,0,0,0,0,0,0,0,0,0,0,0,0,0,0,0,0,0,0,0,0,0,0,1,0,0,0,0,0,0,0,0,0,74,1,0,4,73,0,0,6,3,3
2770.ps1,1,305,1,304.0,304,0,1,6,6,2,2,6,6,8,2,35,4,0,3,0,0,0,0,1,0,1,37,0,0,0,0,0,0,0,0,0,0,0,0,0,0,0,0,0,0,0,0,0,0,0,0,0,0,0,0,0,0,0,0,0,0,0,0,0,0,0,0,0,0,0,0,0,0,0,1,0,0,0,0,0,0,0,0,0,0,0,0,0,0,0,0,0,0,0,0,0,0,0,37,1,1,4,38,0,1,1,1,3
2766.ps1,1,508,1,507.0,507,0,3,10,10,11,11,0,0,14,4,54,1,0,3,1,0,0,0,1,0,2,53,0,0,0,0,0,0,0,0,0,0,0,0,0,0,0,0,0,0,0,0,0,0,0,0,0,0,0,0,0,0,0,0,0,0,0,0,0,0,0,0,0,0,0,0,0,0,0,0,0,0,0,0,0,0,0,0,0,0,0,0,0,0,0,0,0,0,0,0,0,0,0,54,1,3,5,56,0,2,8,0,4
2775.ps1,1,302,1,301.0,301,1,1,6,6,3,3,6,6,9,2,33,4,0,5,0,0,0,0,0,0,1,35,0,0,0,0,0,0,0,0,0,0,0,0,0,0,0,0,0,0,0,0,0,0,0,0,0,0,0,0,0,0,0,0,0,0,0,0,0,0,0,0,0,0,0,0,0,0,0,1,0,0,0,0,0,0,0,0,0,0,0,0,0,0,0,0,0,0,0,0,0,0,0,35,1,0,5,35,0,1,2,1,4
2789.ps1,1,1863,1,1862.0,1862,0,0,13,13,6,6,6,6,10,6,67,7,2,17,2,0,0,0,0,0,0,52,0,0,0,0,0,0,0,0,0,0,0,0,0,0,0,0,0,0,0,0,0,0,0,0,0,0,0,0,0,0,0,0,0,0,0,0,0,0,0,0,0,0,0,0,0,0,0,1,1,0,0,0,0,1,0,0,0,0,0,0,0,0,0,0,0,0,0,0,0,3,0,51,2,0,5,54,0,0,2,2,4
2772.ps1,1,2910,1,2909.0,2909,0,0,20,20,21,21,3,3,7,355,84,13,0,0,7,0,0,0,0,0,0,76,0,0,0,0,0,0,0,0,0,0,0,0,0,0,0,0,0,0,0,0,0,0,0,0,0,0,0,0,0,0,0,0,0,0,0,0,0,0,0,0,0,0,0,0,0,0,0,0,0,0,0,0,0,0,0,0,0,0,0,0,1,0,0,0,0,0,0,0,0,0,0,84,1,0,6,77,0,0,12,3,5
278.ps1,1,2839,1,2838.0,2838,0,1,23,23,20,20,3,3,11,357,56,10,2,0,7,0,0,0,1,0,0,54,0,0,0,0,0,0,0,0,0,0,0,0,0,0,0,0,0,0,0,0,0,0,0,0,0,0,0,0,0,0,0,0,0,0,0,0,0,0,0,0,0,0,0,0,0,0,0,0,0,0,0,0,0,0,0,0,0,0,0,0,0,0,0,0,0,0,0,0,0,0,0,54,2,3,6,59,0,0,10,1,5
2774.ps1,1,2699,1,2698.0,2698,0,3,15,15,15,15,2,2,23,5,84,8,0,33,13,0,0,0,1,0,2,53,0,0,0,0,0,0,0,0,0,0,0,0,0,0,0,0,0,0,0,0,0,0,0,0,0,0,0,0,0,0,0,0,0,0,0,0,0,0,0,0,0,0,0,0,0,0,0,0,0,0,0,0,0,1,0,0,0,0,0,0,0,1,0,0,0,0,0,0,0,2,0,55,1,3,5,56,0,2,9,0,4
2788.ps1,1,2789,1,2788.0,2788,0,2,22,22,20,20,3,3,10,348,57,9,0,0,7,0,0,0,1,0,2,54,0,0,0,0,0,0,0,0,0,0,0,0,0,0,0,0,0,0,0,0,0,0,0,0,0,0,0,0,0,0,0,0,0,0,0,0,0,0,0,0,0,0,0,0,0,0,0,0,0,0,0,0,0,0,0,0,0,0,0,0,0,0,0,0,0,0,0,0,0,0,0,54,1,3,5,57,0,2,9,0,4
2783.ps1,1,2942,1,2941.0,2941,0,1,23,23,23,23,5,5,12,315,60,16,0,0,11,0,0,0,3,0,1,56,0,0,0,0,0,0,0,0,0,0,0,0,0,0,0,0,0,0,0,0,0,0,0,0,0,0,0,0,0,0,0,0,0,0,0,0,0,0,0,0,0,0,0,0,0,0,0,0,0,0,0,0,0,0,0,0,0,0,0,0,0,2,0,0,0,0,0,0,0,0,0,61,1,0,6,56,0,1,10,5,5
2781.ps1,1,2584,1,2583.0,2583,0,3,22,22,18,18,3,3,11,312,53,9,0,0,7,0,0,0,0,0,2,51,0,0,0,0,0,0,0,0,0,0,0,0,0,0,0,0,0,0,0,0,0,0,0,0,0,0,0,0,0,0,0,0,0,0,0,0,0,0,0,0,0,0,0,0,0,0,0,0,0,0,0,0,0,0,0,0,0,0,0,0,0,0,0,0,0,0,0,0,0,0,0,50,1,3,5,54,0,2,7,0,4
2801.ps1,1,2770,1,2769.0,2769,0,2,21,21,20,20,3,3,7,330,81,12,0,0,7,0,0,0,1,0,2,75,0,0,0,0,0,0,0,0,0,0,0,0,0,0,0,0,0,0,0,0,0,0,0,0,0,0,0,0,0,0,0,0,0,0,0,0,0,0,0,0,0,0,0,0,0,0,0,0,0,0,0,0,0,0,0,0,0,0,0,0,0,0,0,0,0,0,0,0,0,0,0,81,1,0,7,75,0,2,9,3,6
2792.ps1,1,1582,1,1582.0,1582,1,2,25,25,21,21,3,3,45,9,151,8,0,13,7,0,0,0,0,0,2,145,0,0,0,0,0,0,0,0,0,0,0,0,0,0,0,0,0,0,0,0,0,0,0,0,0,0,0,0,0,0,0,0,0,0,0,0,0,0,0,0,0,0,0,0,0,0,0,0,0,0,0,0,0,0,0,0,0,0,0,0,0,2,0,0,0,0,0,1,0,0,0,154,1,0,7,145,0,2,12,3,6
2794.ps1,1,2741,1,2740.0,2740,0,1,25,25,23,23,3,3,11,332,57,10,2,0,7,0,0,0,1,0,0,52,0,0,0,0,0,0,0,0,0,0,0,0,0,0,0,0,0,0,0,0,0,0,0,0,0,0,0,0,0,0,0,0,0,0,0,0,0,0,0,0,0,0,0,0,0,0,0,0,0,0,0,0,0,0,0,0,0,0,0,0,0,0,0,0,0,0,0,0,0,0,0,55,2,3,8,57,0,0,13,1,7
2809.ps1,1,272,1,271.0,271,1,2,6,6,3,3,6,6,8,1,24,3,0,5,0,0,0,0,0,0,2,24,0,0,0,0,0,0,0,0,0,0,0,0,0,0,0,0,0,0,0,0,0,0,0,0,0,0,0,0,0,0,0,0,0,0,0,0,0,0,0,0,0,0,0,0,1,0,0,1,0,0,0,0,0,0,0,0,0,0,0,0,0,0,0,0,0,0,0,0,1,0,0,25,1,0,4,24,0,2,1,0,3
279.ps1,1,2571,1,2570.0,2570,0,1,21,21,19,19,3,3,8,304,53,13,0,0,7,0,0,0,1,0,1,49,0,0,0,0,0,0,0,0,0,0,0,0,0,0,0,0,0,0,0,0,0,0,0,0,0,0,0,0,0,0,0,0,0,0,0,0,0,0,0,0,0,0,0,0,0,0,0,0,0,0,0,0,0,0,0,0,0,0,0,0,0,0,0,0,0,0,0,0,0,0,0,54,1,1,6,50,0,1,9,4,5
2812.ps1,1,2954,1,2953.0,2953,0,0,25,25,25,25,3,3,11,369,61,10,2,0,7,0,0,0,1,0,0,55,0,0,0,0,0,0,0,0,0,0,0,0,0,0,0,0,0,0,0,0,0,0,0,0,0,0,0,0,0,0,0,0,0,0,0,0,0,0,0,0,0,0,0,0,0,0,0,0,0,0,0,0,0,0,0,0,0,0,0,0,0,0,0,0,0,0,0,0,0,0,0,59,2,3,8,60,0,0,15,1,7
281.ps1,1,329,1,328.0,328,0,2,6,6,3,3,0,0,8,2,40,3,0,6,0,0,0,0,1,0,2,41,0,0,0,0,0,0,0,0,0,0,0,0,0,0,0,0,0,0,0,0,0,0,0,0,0,0,0,0,0,0,0,0,0,0,0,0,0,0,0,0,0,0,0,0,0,0,0,0,0,0,0,0,0,0,0,0,0,0,0,0,0,0,0,0,0,0,0,0,0,0,0,41,1,0,5,41,0,2,1,1,4
2808.ps1,1,985,1,984.0,984,0,1,11,11,18,18,1,1,21,7,105,9,0,5,7,0,2,0,0,0,1,103,0,0,0,0,0,0,0,0,0,0,0,0,0,0,0,0,0,0,0,0,0,0,0,0,0,0,0,0,0,0,0,0,0,0,0,0,0,0,0,0,0,0,0,0,0,0,0,0,0,0,0,0,0,0,0,0,0,0,0,0,0,0,0,0,0,0,0,0,0,0,0,108,1,0,6,103,0,1,10,5,5
2811.ps1,1,2686,1,2685.0,2685,0,1,22,22,17,17,3,3,12,332,53,10,2,0,7,0,0,0,0,0,0,54,0,0,0,0,0,0,0,0,0,0,0,0,0,0,0,0,0,0,0,0,0,0,0,0,0,0,0,0,0,0,0,0,0,0,0,0,0,0,0,0,0,0,0,0,0,0,0,0,0,0,0,0,0,0,0,0,0,0,0,0,0,0,0,0,0,0,0,0,0,0,0,51,2,3,5,59,0,0,7,1,4
2818.ps1,1,450,1,449.0,449,1,2,10,10,10,10,0,0,12,5,37,3,0,4,0,0,0,0,0,0,2,41,0,0,0,0,0,0,0,0,0,0,0,0,0,0,0,0,0,0,0,0,0,0,0,0,0,0,0,0,0,0,0,0,0,0,0,0,0,0,0,0,0,0,0,0,0,0,0,0,0,0,0,0,0,0,0,0,0,0,0,0,0,0,0,0,0,0,0,0,1,1,0,37,1,4,4,45,0,2,8,0,3
2819.ps1,1,2573,1,2572.0,2572,0,1,21,21,16,16,3,3,11,314,49,10,0,0,7,0,0,0,0,0,1,51,0,0,0,0,0,0,0,0,0,0,0,0,0,0,0,0,0,0,0,0,0,0,0,0,0,0,0,0,0,0,0,0,0,0,0,0,0,0,0,0,0,0,0,0,0,0,0,0,0,0,0,0,0,0,0,0,0,0,0,0,0,0,0,0,0,0,0,0,0,0,0,47,1,3,4,54,0,1,6,1,3
28.ps1,1,1057,1,1056.0,1056,1,0,9,9,14,14,1,1,21,5,141,9,0,5,7,0,2,0,0,0,0,141,0,0,0,0,0,0,0,0,0,0,0,0,0,0,0,0,0,0,0,0,0,0,0,0,0,0,0,0,0,0,0,0,0,0,0,0,0,0,0,0,0,0,0,0,0,0,0,0,0,0,0,0,0,0,0,0,0,0,0,0,1,0,0,0,0,0,0,0,0,0,0,143,1,0,4,142,0,0,7,4,3
2827.ps1,1,2674,1,2673.0,2673,0,2,23,23,20,20,3,3,10,314,76,10,0,0,7,0,0,0,1,0,1,73,0,0,0,0,0,0,0,0,0,0,0,0,0,0,0,0,0,0,0,0,0,0,0,0,0,0,0,0,0,0,0,0,0,0,0,0,0,0,0,0,0,0,0,0,0,0,0,0,0,0,0,0,0,0,0,0,0,0,0,0,0,0,0,0,0,0,0,0,0,0,0,74,1,3,6,76,0,1,10,1,5
2847.ps1,1,2692,1,2691.0,2691,0,1,21,21,19,19,3,3,7,332,55,13,0,0,7,0,0,0,1,0,1,51,0,0,0,0,0,0,0,0,0,0,0,0,0,0,0,0,0,0,0,0,0,0,0,0,0,0,0,0,0,0,0,0,0,0,0,0,0,0,0,0,0,0,0,0,0,0,0,0,0,0,0,0,0,0,0,0,0,0,0,0,0,0,0,0,0,0,0,0,0,0,0,56,1,0,7,51,0,1,9,4,6
282.ps1,1,3053,1,3052.0,3052,0,1,25,25,22,22,5,5,16,331,62,12,0,0,11,0,0,0,2,0,0,59,0,0,0,0,0,0,0,0,0,0,0,0,0,0,0,0,0,0,0,0,0,0,0,0,0,0,0,0,0,0,0,0,0,0,0,0,0,0,0,0,0,0,0,0,0,0,0,0,0,0,0,1,0,0,0,0,0,0,0,0,1,2,0,0,0,0,0,0,0,0,0,58,1,4,4,64,0,0,10,0,3
2821.ps1,1,3035,1,3034.0,3034,0,2,27,27,26,26,5,5,17,313,88,11,0,0,11,0,0,0,2,0,2,83,0,0,0,0,0,0,0,0,0,0,0,0,0,0,0,0,0,0,0,0,0,0,0,0,0,0,0,0,0,0,0,0,0,0,0,0,0,0,0,0,0,0,0,0,0,0,0,0,0,0,0,1,0,0,0,0,0,0,0,0,0,2,0,0,0,0,0,0,0,0,0,84,1,4,6,87,0,2,12,0,5
2823.ps1,1,2679,1,2678.0,2678,0,1,22,22,20,20,3,3,10,313,75,10,0,0,7,0,0,0,1,0,1,74,0,0,0,0,0,0,0,0,0,0,0,0,0,0,0,0,0,0,0,0,0,0,0,0,0,0,0,0,0,0,0,0,0,0,0,0,0,0,0,0,0,0,0,0,0,0,0,0,0,0,0,0,0,0,0,0,0,0,0,0,0,0,0,0,0,0,0,0,0,0,0,73,1,3,5,77,0,1,10,1,4
2817.ps1,1,2869,1,2868.0,2868,0,1,23,23,22,22,3,3,9,356,60,13,0,0,7,0,0,0,0,0,1,53,0,0,0,0,0,0,0,0,0,0,0,0,0,0,0,0,0,0,0,0,0,0,0,0,0,0,0,0,0,0,0,0,0,0,0,0,0,0,0,0,0,0,0,0,0,0,0,0,0,0,0,0,0,0,0,0,0,0,0,0,0,0,0,0,0,0,0,0,0,0,0,61,1,1,8,54,0,1,12,4,7
2848.ps1,1,427,1,426.0,426,0,2,9,9,12,12,0,0,10,3,47,2,0,4,1,0,0,0,0,0,2,42,0,0,0,0,0,0,0,0,0,0,0,0,0,0,0,0,0,0,0,0,0,0,0,0,0,0,0,0,0,0,0,0,0,0,0,0,0,0,0,0,0,0,0,0,0,0,0,0,0,0,0,0,0,0,0,0,0,0,0,0,0,0,0,0,0,0,0,0,0,0,0,46,1,2,5,44,0,2,10,0,4
2842.ps1,1,2896,1,2895.0,2895,0,1,20,20,19,19,3,3,8,357,82,13,0,0,7,0,0,0,0,0,1,78,0,0,0,0,0,0,0,0,0,0,0,0,0,0,0,0,0,0,0,0,0,0,0,0,0,0,0,0,0,0,0,0,0,0,0,0,0,0,0,0,0,0,0,0,0,0,0,0,0,0,0,0,0,0,0,0,0,0,0,0,0,0,0,0,0,0,0,0,0,0,0,83,1,0,6,78,0,1,9,4,5
2852.ps1,1,499,1,498.0,498,0,2,13,13,16,16,0,0,13,7,39,3,0,3,0,0,0,0,0,0,1,37,0,0,0,0,0,0,0,0,0,0,0,0,0,0,0,0,0,0,0,0,0,0,0,0,0,0,0,0,0,0,0,0,0,0,0,0,0,0,0,0,0,0,0,0,1,0,0,0,0,0,0,0,0,0,0,0,0,0,0,0,0,0,0,0,0,0,0,0,0,0,0,40,1,4,7,41,0,1,15,1,6
2843.ps1,1,2732,1,2731.0,2731,0,1,14,14,9,9,2,2,23,7,100,9,0,22,13,0,0,0,1,0,1,78,0,0,0,0,0,0,0,0,0,0,0,0,0,0,0,0,0,0,0,0,0,0,0,0,0,0,0,0,0,0,0,0,2,0,0,0,0,0,0,0,0,0,0,0,0,0,0,0,0,0,0,0,0,0,0,0,0,0,0,0,0,1,0,0,0,0,0,0,0,3,0,73,1,3,4,81,0,1,4,1,3
2862.ps1,1,2693,1,2692.0,2692,0,1,20,20,16,16,3,3,7,323,75,13,0,0,7,0,0,0,1,0,1,74,0,0,0,0,0,0,0,0,0,0,0,0,0,0,0,0,0,0,0,0,0,0,0,0,0,0,0,0,0,0,0,0,0,0,0,0,0,0,0,0,0,0,0,0,0,0,0,0,0,0,0,0,0,0,0,0,0,0,0,0,0,0,0,0,0,0,0,0,0,0,0,76,1,0,6,74,0,1,6,4,5
2855.ps1,1,2762,1,2761.0,2761,0,2,20,20,20,20,3,3,8,330,80,12,0,0,7,0,0,0,0,0,2,74,0,0,0,0,0,0,0,0,0,0,0,0,0,0,0,0,0,0,0,0,0,0,0,0,0,0,0,0,0,0,0,0,0,0,0,0,0,0,0,0,0,0,0,0,0,0,0,0,0,0,0,0,0,0,0,0,0,0,0,0,0,0,0,0,0,0,0,0,0,0,0,80,1,0,6,74,0,2,9,3,5
2863.ps1,1,2876,1,2875.0,2875,0,2,19,19,17,17,3,3,7,355,82,12,0,0,7,0,0,0,1,0,2,79,0,0,0,0,0,0,0,0,0,0,0,0,0,0,0,0,0,0,0,0,0,0,0,0,0,0,0,0,0,0,0,0,0,0,0,0,0,0,0,0,0,0,0,0,0,0,0,0,0,0,0,0,0,0,0,0,0,0,0,0,0,0,0,0,0,0,0,0,0,0,0,82,1,0,5,79,0,2,6,3,4
2881.ps1,1,2726,1,2725.0,2725,0,2,22,22,23,23,3,3,10,330,57,9,0,0,7,0,0,0,1,0,2,51,0,0,0,0,0,0,0,0,0,0,0,0,0,0,0,0,0,0,0,0,0,0,0,0,0,0,0,0,0,0,0,0,0,0,0,0,0,0,0,0,0,0,0,0,0,0,0,0,0,0,0,0,0,0,0,0,0,0,0,0,0,0,0,0,0,0,0,0,0,0,0,54,1,3,5,54,0,2,12,0,4
2868.ps1,1,2913,1,2912.0,2912,0,3,22,22,21,21,3,3,11,367,61,9,0,0,7,0,0,0,0,0,2,56,0,0,0,0,0,0,0,0,0,0,0,0,0,0,0,0,0,0,0,0,0,0,0,0,0,0,0,0,0,0,0,0,0,0,0,0,0,0,0,0,0,0,0,0,0,0,0,0,0,0,0,0,0,0,0,0,0,0,0,0,0,0,0,0,0,0,0,0,0,0,0,58,1,3,5,59,0,2,10,0,4
2865.ps1,1,2609,1,2608.0,2608,0,2,22,22,17,17,3,3,11,313,52,10,0,0,7,0,0,0,1,0,1,52,0,0,0,0,0,0,0,0,0,0,0,0,0,0,0,0,0,0,0,0,0,0,0,0,0,0,0,0,0,0,0,0,0,0,0,0,0,0,0,0,0,0,0,0,0,0,0,0,0,0,0,0,0,0,0,0,0,0,0,0,0,0,0,0,0,0,0,0,0,0,0,50,1,4,4,56,0,1,7,1,3
2877.ps1,1,2660,1,2659.0,2659,0,1,25,25,26,26,3,3,10,313,56,10,0,0,7,0,0,0,1,0,1,49,0,0,0,0,0,0,0,0,0,0,0,0,0,0,0,0,0,0,0,0,0,0,0,0,0,0,0,0,0,0,0,0,0,0,0,0,0,0,0,0,0,0,0,0,0,0,0,0,0,0,0,0,0,0,0,0,0,0,0,0,0,0,0,0,0,0,0,0,0,0,0,54,1,3,8,52,0,1,16,1,7
2871.ps1,1,2681,1,2680.0,2680,0,2,22,22,17,17,3,3,10,332,53,10,0,0,7,0,0,0,1,0,1,53,0,0,0,0,0,0,0,0,0,0,0,0,0,0,0,0,0,0,0,0,0,0,0,0,0,0,0,0,0,0,0,0,0,0,0,0,0,0,0,0,0,0,0,0,0,0,0,0,0,0,0,0,0,0,0,0,0,0,0,0,0,0,0,0,0,0,0,0,0,0,0,51,1,3,5,56,0,1,7,1,4
2872.ps1,1,2653,1,2652.0,2652,0,0,20,20,16,16,3,3,8,314,74,13,2,0,7,0,0,0,1,0,0,74,0,0,0,0,0,0,0,0,0,0,0,0,0,0,0,0,0,0,0,0,0,0,0,0,0,0,0,0,0,0,0,0,0,0,0,0,0,0,0,0,0,0,0,0,0,0,0,0,0,0,0,0,0,0,0,0,0,0,0,0,0,0,0,0,0,0,0,0,0,0,0,75,2,0,6,76,0,0,6,4,5
2882.ps1,1,2730,1,2729.0,2729,0,0,12,12,10,10,2,2,20,5,100,12,0,25,12,0,0,0,0,0,0,75,0,0,0,0,0,0,0,0,0,0,0,0,0,0,0,0,0,0,0,0,0,0,0,0,0,0,0,0,0,0,0,0,3,0,0,0,0,0,0,0,0,0,0,0,0,0,0,0,0,0,0,0,0,1,0,0,0,0,0,0,1,1,0,0,0,0,0,0,0,4,0,77,1,0,5,76,0,0,6,3,4
2869.ps1,1,2821,1,2820.0,2820,0,1,21,21,16,16,3,3,9,356,56,13,0,0,7,0,0,0,0,0,1,55,0,0,0,0,0,0,0,0,0,0,0,0,0,0,0,0,0,0,0,0,0,0,0,0,0,0,0,0,0,0,0,0,0,0,0,0,0,0,0,0,0,0,0,0,0,0,0,0,0,0,0,0,0,0,0,0,0,0,0,0,0,0,0,0,0,0,0,0,0,0,0,57,1,1,6,56,0,1,6,4,5
2885.ps1,1,2769,1,2768.0,2768,0,1,12,12,12,12,2,2,20,7,110,12,0,26,13,0,0,0,1,0,1,76,0,0,0,0,0,0,0,0,0,0,0,0,0,0,0,0,0,0,0,0,0,0,0,0,0,0,0,0,0,0,0,0,2,0,0,0,0,0,0,0,0,0,0,0,0,0,0,0,0,0,0,0,0,1,0,0,0,0,0,0,0,1,0,0,0,0,0,0,0,3,0,79,1,0,5,76,0,1,7,4,4
2884.ps1,1,349,1,348.0,348,0,1,7,7,5,5,10,10,8,6,38,4,0,1,0,0,0,0,1,0,1,40,0,0,0,0,0,0,0,0,0,0,0,0,0,0,0,0,0,0,0,0,0,0,0,0,0,0,0,0,0,0,0,0,0,0,0,0,0,0,0,0,0,0,0,0,0,0,0,1,0,0,0,0,0,0,0,0,0,0,0,0,0,0,0,0,0,0,0,0,0,0,0,40,1,0,5,40,0,1,4,2,4
2886.ps1,1,3067,1,3066.0,3066,0,2,25,25,28,28,3,3,12,26,88,10,0,0,7,0,0,0,0,0,1,80,0,0,0,0,0,0,0,0,0,0,0,0,0,0,0,0,0,0,0,0,0,0,0,0,0,0,0,0,0,0,0,0,0,0,0,0,0,0,0,0,0,0,0,0,0,0,0,0,0,0,0,0,0,0,0,0,0,0,0,0,0,0,0,0,0,0,0,0,0,0,0,86,1,4,7,84,0,1,18,1,6
2891.ps1,1,1870,1,1870.0,1870,0,0,28,28,23,23,6,6,27,11,61,30,2,0,20,0,0,0,0,0,0,53,0,0,0,0,0,0,0,0,0,0,0,0,0,0,0,0,1,0,0,0,0,0,0,0,0,0,0,0,0,0,0,0,0,0,0,0,0,0,0,0,0,0,0,0,0,0,0,1,0,0,0,0,0,0,0,0,0,0,0,0,0,0,0,0,0,0,0,0,0,1,0,54,2,0,7,55,0,0,7,5,6
2887.ps1,1,2592,1,2591.0,2591,0,1,21,21,16,16,3,3,8,313,52,13,0,0,7,0,0,0,1,0,1,51,0,0,0,0,0,0,0,0,0,0,0,0,0,0,0,0,0,0,0,0,0,0,0,0,0,0,0,0,0,0,0,0,0,0,0,0,0,0,0,0,0,0,0,0,0,0,0,0,0,0,0,0,0,0,0,0,0,0,0,0,0,0,0,0,0,0,0,0,0,0,0,53,1,1,6,52,0,1,6,4,5
290.ps1,1,2761,1,2760.0,2760,0,3,22,22,18,18,3,3,10,330,79,9,0,0,7,0,0,0,1,0,2,77,0,0,0,0,0,0,0,0,0,0,0,0,0,0,0,0,0,0,0,0,0,0,0,0,0,0,0,0,0,0,0,0,0,0,0,0,0,0,0,0,0,0,0,0,0,0,0,0,0,0,0,0,0,0,0,0,0,0,0,0,0,0,0,0,0,0,0,0,0,0,0,76,1,3,5,80,0,2,7,0,4
29.ps1,1,2647,1,2646.0,2646,0,1,12,12,10,10,0,0,11,5,99,4,0,32,3,0,0,0,0,0,1,73,0,0,0,0,0,0,0,0,0,0,0,0,0,0,0,0,0,0,0,0,0,0,0,0,0,0,0,0,0,0,0,0,3,0,0,0,0,0,0,0,0,0,0,0,0,0,0,0,1,0,0,0,0,0,0,0,0,0,0,0,0,1,0,0,0,0,0,0,0,3,0,73,1,3,4,76,0,1,7,1,3
2897.ps1,1,2791,1,2790.0,2790,0,2,22,22,23,23,3,3,8,330,83,12,0,0,7,0,0,0,0,0,2,74,0,0,0,0,0,0,0,0,0,0,0,0,0,0,0,0,0,0,0,0,0,0,0,0,0,0,0,0,0,0,0,0,0,0,0,0,0,0,0,0,0,0,0,0,0,0,0,0,0,0,0,0,0,0,0,0,0,0,0,0,0,0,0,0,0,0,0,0,0,0,0,83,1,0,8,74,0,2,12,3,7
2894.ps1,1,248,1,247.0,247,0,1,8,8,5,5,0,0,7,3,22,4,0,3,0,0,0,0,0,0,1,22,0,0,0,0,0,0,0,0,0,0,0,0,0,0,0,0,0,0,0,0,0,0,0,0,0,0,0,0,0,0,0,0,0,0,0,0,0,0,0,0,0,0,0,0,0,0,0,0,0,0,0,0,0,0,0,0,0,0,0,0,0,0,0,0,0,0,0,0,0,0,0,24,1,0,6,22,0,1,4,2,5
2890.ps1,1,2586,1,2585.0,2585,0,2,20,20,17,17,3,3,7,312,53,12,0,0,7,0,0,0,1,0,2,50,0,0,0,0,0,0,0,0,0,0,0,0,0,0,0,0,0,0,0,0,0,0,0,0,0,0,0,0,0,0,0,0,0,0,0,0,0,0,0,0,0,0,0,0,0,0,0,0,0,0,0,0,0,0,0,0,0,0,0,0,0,0,0,0,0,0,0,0,0,0,0,53,1,0,6,50,0,2,6,3,5
2906.ps1,1,313,1,312.0,312,0,1,6,6,3,3,0,0,8,4,35,3,0,3,0,0,0,0,1,0,1,38,0,0,0,0,0,0,0,0,0,0,0,0,0,0,0,0,0,0,0,0,0,0,0,0,0,0,0,0,0,0,0,0,0,0,0,0,0,0,0,0,0,0,0,0,0,0,0,0,0,0,0,0,0,0,0,0,0,0,0,0,0,0,0,0,0,0,0,0,0,0,0,36,1,1,4,39,0,1,2,1,3
2919.ps1,1,2896,1,2895.0,2895,0,2,19,19,17,17,3,3,7,371,59,12,0,0,7,0,0,0,1,0,2,56,0,0,0,0,0,0,0,0,0,0,0,0,0,0,0,0,0,0,0,0,0,0,0,0,0,0,0,0,0,0,0,0,0,0,0,0,0,0,0,0,0,0,0,0,0,0,0,0,0,0,0,0,0,0,0,0,0,0,0,0,0,0,0,0,0,0,0,0,0,0,0,59,1,0,5,56,0,2,6,3,4
2918.ps1,1,2605,1,2604.0,2604,0,1,22,22,19,19,3,3,10,312,53,10,0,0,7,0,0,0,0,0,0,49,0,0,0,0,0,0,0,0,0,0,0,0,0,0,0,0,0,0,0,0,0,0,0,0,0,0,0,0,0,0,0,0,0,0,0,0,0,0,0,0,0,0,0,0,0,0,0,0,0,0,0,0,0,0,0,0,0,0,0,0,1,0,0,0,0,0,0,0,0,0,0,50,1,3,5,53,0,0,10,0,4
2908.ps1,1,1180,1,1179.0,1179,0,1,20,20,11,11,2,2,22,11,158,9,0,0,8,0,1,0,1,0,1,157,0,0,0,0,0,0,0,0,0,0,0,0,0,0,0,0,0,0,0,0,0,0,0,0,0,0,0,0,0,0,0,0,0,0,0,0,0,0,0,0,0,0,0,0,0,0,0,0,0,0,0,0,0,0,0,0,0,0,0,0,0,1,0,0,0,0,0,0,0,0,0,159,1,0,7,157,0,1,7,4,6
2921.ps1,1,2674,1,2673.0,2673,0,1,23,23,17,17,3,3,11,314,74,10,2,0,7,0,0,0,1,0,0,75,0,0,0,0,0,0,0,0,0,0,0,0,0,0,0,0,0,0,0,0,0,0,0,0,0,0,0,0,0,0,0,0,0,0,0,0,0,0,0,0,0,0,0,0,0,0,0,0,0,0,0,0,0,0,0,0,0,0,0,0,0,0,0,0,0,0,0,0,0,0,0,72,2,3,6,80,0,0,7,1,5
293.ps1,1,2921,1,2920.0,2920,0,2,22,22,23,23,3,3,10,355,84,9,0,0,7,0,0,0,1,0,2,78,0,0,0,0,0,0,0,0,0,0,0,0,0,0,0,0,0,0,0,0,0,0,0,0,0,0,0,0,0,0,0,0,0,0,0,0,0,0,0,0,0,0,0,0,0,0,0,0,0,0,0,0,0,0,0,0,0,0,0,0,0,0,0,0,0,0,0,0,0,0,0,81,1,3,5,81,0,2,12,0,4
2931.ps1,1,2570,1,2569.0,2569,0,2,21,21,20,20,3,3,8,303,54,12,0,0,7,0,0,0,0,0,2,48,0,0,0,0,0,0,0,0,0,0,0,0,0,0,0,0,0,0,0,0,0,0,0,0,0,0,0,0,0,0,0,0,0,0,0,0,0,0,0,0,0,0,0,0,0,0,0,0,0,0,0,0,0,0,0,0,0,0,0,0,0,0,0,0,0,0,0,0,0,0,0,54,1,0,7,48,0,2,9,3,6
2911.ps1,1,3119,1,3118.0,3118,0,2,23,23,24,24,5,5,13,331,91,15,0,0,11,0,0,0,2,0,2,85,0,0,0,0,0,0,0,0,0,0,0,0,0,0,0,0,0,0,0,0,0,0,0,0,0,0,0,0,0,0,0,0,0,0,0,0,0,0,0,0,0,0,0,0,0,0,0,0,0,0,0,0,0,0,0,0,0,0,0,0,0,2,0,0,0,0,0,0,0,0,0,91,1,0,6,85,0,2,10,4,5
2945.ps1,1,2652,1,2651.0,2651,0,2,23,23,26,26,3,3,10,312,57,9,0,0,7,0,0,0,1,0,2,48,0,0,0,0,0,0,0,0,0,0,0,0,0,0,0,0,0,0,0,0,0,0,0,0,0,0,0,0,0,0,0,0,0,0,0,0,0,0,0,0,0,0,0,0,0,0,0,0,0,0,0,0,0,0,0,0,0,0,0,0,0,0,0,0,0,0,0,0,0,0,0,54,1,3,6,51,0,2,15,0,5
2928.ps1,1,2655,1,2654.0,2654,0,2,24,24,26,26,3,3,11,312,57,9,0,0,7,0,0,0,0,0,2,48,0,0,0,0,0,0,0,0,0,0,0,0,0,0,0,0,0,0,0,0,0,0,0,0,0,0,0,0,0,0,0,0,0,0,0,0,0,0,0,0,0,0,0,0,0,0,0,0,0,0,0,0,0,0,0,0,0,0,0,0,0,0,0,0,0,0,0,0,0,0,0,54,1,3,7,51,0,2,15,0,6
2956.ps1,1,2836,1,2835.0,2835,0,1,21,21,20,20,3,3,7,356,58,13,0,0,7,0,0,0,1,0,1,54,0,0,0,0,0,0,0,0,0,0,0,0,0,0,0,0,0,0,0,0,0,0,0,0,0,0,0,0,0,0,0,0,0,0,0,0,0,0,0,0,0,0,0,0,0,0,0,0,0,0,0,0,0,0,0,0,0,0,0,0,0,0,0,0,0,0,0,0,0,0,0,59,1,0,7,54,0,1,10,4,6
2930.ps1,1,2721,1,2720.0,2720,0,1,21,21,19,19,3,3,9,331,56,13,0,0,7,0,0,0,0,0,1,52,0,0,0,0,0,0,0,0,0,0,0,0,0,0,0,0,0,0,0,0,0,0,0,0,0,0,0,0,0,0,0,0,0,0,0,0,0,0,0,0,0,0,0,0,0,0,0,0,0,0,0,0,0,0,0,0,0,0,0,0,0,0,0,0,0,0,0,0,0,0,0,57,1,1,6,53,0,1,9,4,5
2933.ps1,1,3107,1,3106.0,3106,0,3,27,27,27,27,5,5,17,313,92,16,0,0,12,0,0,0,2,0,2,85,0,0,0,0,0,0,0,0,0,0,0,0,0,0,0,0,0,0,0,0,0,0,0,0,0,0,0,0,0,0,0,0,0,0,0,0,0,0,0,0,0,0,0,0,0,0,0,0,0,0,0,0,0,0,0,0,0,0,0,0,0,2,0,0,0,0,0,0,0,0,0,88,1,4,6,89,0,2,13,0,5
2979.ps1,1,2591,1,2590.0,2590,0,2,20,20,17,17,3,3,8,312,53,12,0,0,7,0,0,0,0,0,2,50,0,0,0,0,0,0,0,0,0,0,0,0,0,0,0,0,0,0,0,0,0,0,0,0,0,0,0,0,0,0,0,0,0,0,0,0,0,0,0,0,0,0,0,0,0,0,0,0,0,0,0,0,0,0,0,0,0,0,0,0,0,0,0,0,0,0,0,0,0,0,0,53,1,0,6,50,0,2,6,3,5
2949.ps1,1,2599,1,2598.0,2598,0,0,17,17,12,12,3,3,7,312,72,13,0,0,7,0,0,0,0,0,0,73,0,0,0,0,0,0,0,0,0,0,0,0,0,0,0,0,0,0,0,0,0,0,0,0,0,0,0,0,0,0,0,0,0,0,0,0,0,0,0,0,0,0,0,0,0,0,0,0,0,0,0,0,0,0,0,0,0,0,0,0,1,0,0,0,0,0,0,0,0,0,0,72,1,0,3,74,0,0,3,3,2
2968.ps1,1,2658,1,2657.0,2657,0,1,20,20,17,17,3,3,8,313,75,13,0,0,7,0,0,0,0,0,1,74,0,0,0,0,0,0,0,0,0,0,0,0,0,0,0,0,0,0,0,0,0,0,0,0,0,0,0,0,0,0,0,0,0,0,0,0,0,0,0,0,0,0,0,0,0,0,0,0,0,0,0,0,0,0,0,0,0,0,0,0,0,0,0,0,0,0,0,0,0,0,0,76,1,0,6,74,0,1,7,4,5
2940.ps1,1,2799,1,2798.0,2798,0,1,23,23,20,20,3,3,12,332,79,11,2,0,7,0,0,0,0,0,0,77,0,0,0,0,0,0,0,0,0,0,0,0,0,0,0,0,0,0,0,0,0,0,0,0,0,0,0,0,0,0,0,0,0,0,0,0,0,0,0,0,0,0,0,0,0,0,0,0,0,0,0,0,0,0,0,0,0,0,0,0,0,0,0,0,0,0,0,0,0,0,0,77,2,3,6,82,0,0,10,1,5
2970.ps1,1,2774,1,2773.0,2773,0,2,21,21,20,20,3,3,10,330,79,9,0,0,7,0,0,0,1,0,2,76,0,0,0,0,0,0,0,0,0,0,0,0,0,0,0,0,0,0,0,0,0,0,0,0,0,0,0,0,0,0,0,0,0,0,0,0,0,0,0,0,0,0,0,0,0,0,0,0,0,0,0,0,0,0,0,0,0,0,0,0,0,0,0,0,0,0,0,0,0,0,0,76,1,3,4,79,0,2,9,0,3
2981.ps1,1,525,1,524.0,524,0,1,14,14,16,16,0,0,14,7,48,3,2,3,0,0,0,0,0,0,0,47,0,0,0,0,0,0,0,0,0,0,0,0,0,0,0,0,0,0,0,0,0,0,0,0,0,0,0,0,0,0,0,0,0,0,0,0,0,0,0,0,0,0,0,0,0,0,0,0,0,0,0,0,0,0,0,0,0,0,0,0,0,0,0,0,0,0,0,0,0,0,0,49,2,4,8,53,0,0,15,1,7
2974.ps1,1,2673,1,2672.0,2672,0,2,24,24,21,21,3,3,11,322,55,10,0,0,7,0,0,0,0,0,1,52,0,0,0,0,0,0,0,0,0,0,0,0,0,0,0,0,0,0,0,0,0,0,0,0,0,0,0,0,0,0,0,0,0,0,0,0,0,0,0,0,0,0,0,0,0,0,0,0,0,0,0,0,0,0,0,0,0,0,0,0,0,0,0,0,0,0,0,0,0,0,0,53,1,3,7,55,0,1,11,1,6
2989.ps1,1,436,1,435.0,435,0,0,9,9,9,9,0,0,12,5,40,3,0,3,0,0,0,0,0,0,0,43,0,0,0,0,0,0,0,0,0,0,0,0,0,0,0,0,0,0,0,0,0,0,0,0,0,0,0,0,0,0,0,0,0,0,0,0,0,0,0,0,0,0,0,0,0,0,0,0,0,0,0,0,0,0,0,0,0,0,0,0,1,0,0,0,0,0,0,0,0,0,0,40,1,4,3,48,0,0,9,0,2
2985.ps1,1,3266,1,3265.0,3265,0,2,22,22,18,18,5,5,13,356,92,20,0,0,12,0,0,0,2,0,2,92,0,0,0,0,0,0,0,0,0,0,0,0,0,0,0,0,0,0,0,0,0,0,0,0,0,0,0,0,0,0,0,0,0,0,0,0,0,0,0,0,0,0,0,0,0,0,0,0,0,0,0,0,0,0,0,0,0,0,0,0,0,2,0,0,0,0,0,0,0,0,0,92,1,0,5,92,0,2,4,4,4
2987.ps1,1,2673,1,2672.0,2672,0,3,22,22,21,21,3,3,11,312,78,9,0,0,7,0,0,0,0,0,2,73,0,0,0,0,0,0,0,0,0,0,0,0,0,0,0,0,0,0,0,0,0,0,0,0,0,0,0,0,0,0,0,0,0,0,0,0,0,0,0,0,0,0,0,0,0,0,0,0,0,0,0,0,0,0,0,0,0,0,0,0,0,0,0,0,0,0,0,0,0,0,0,75,1,3,5,76,0,2,10,0,4
2976.ps1,1,2764,1,2763.0,2763,0,3,21,21,18,18,3,3,11,330,79,9,0,0,7,0,0,0,0,0,2,77,0,0,0,0,0,0,0,0,0,0,0,0,0,0,0,0,0,0,0,0,0,0,0,0,0,0,0,0,0,0,0,0,0,0,0,0,0,0,0,0,0,0,0,0,0,0,0,0,0,0,0,0,0,0,0,0,0,0,0,0,0,0,0,0,0,0,0,0,0,0,0,76,1,3,4,80,0,2,7,0,3
299.ps1,1,2848,1,2847.0,2847,0,2,23,23,20,20,3,3,12,356,58,10,0,0,7,0,0,0,0,0,1,55,0,0,0,0,0,0,0,0,0,0,0,0,0,0,0,0,0,0,0,0,0,0,0,0,0,0,0,0,0,0,0,0,0,0,0,0,0,0,0,0,0,0,0,0,0,0,0,0,0,0,0,0,0,0,0,0,0,0,0,0,0,0,0,0,0,0,0,0,0,0,0,56,1,4,5,59,0,1,10,1,4
2992.ps1,1,2586,1,2585.0,2585,0,2,21,21,15,15,3,3,10,313,50,10,0,0,7,0,0,0,1,0,1,53,0,0,0,0,0,0,0,0,0,0,0,0,0,0,0,0,0,0,0,0,0,0,0,0,0,0,0,0,0,0,0,0,0,0,0,0,0,0,0,0,0,0,0,0,0,0,0,0,0,0,0,0,0,0,0,0,0,0,0,0,0,0,0,0,0,0,0,0,0,0,0,48,1,3,4,56,0,1,5,1,3
3022.ps1,1,2633,1,2632.0,2632,0,3,24,24,24,24,3,3,11,312,57,9,0,0,7,0,0,0,0,0,2,49,0,0,0,0,0,0,0,0,0,0,0,0,0,0,0,0,0,0,0,0,0,0,0,0,0,0,0,0,0,0,0,0,0,0,0,0,0,0,0,0,0,0,0,0,0,0,0,0,0,0,0,0,0,0,0,0,0,0,0,0,0,0,0,0,0,0,0,0,0,0,0,54,1,3,7,52,0,2,13,0,6
3021.ps1,1,2663,1,2662.0,2662,0,2,20,20,20,20,3,3,8,312,78,12,0,0,7,0,0,0,0,0,2,72,0,0,0,0,0,0,0,0,0,0,0,0,0,0,0,0,0,0,0,0,0,0,0,0,0,0,0,0,0,0,0,0,0,0,0,0,0,0,0,0,0,0,0,0,0,0,0,0,0,0,0,0,0,0,0,0,0,0,0,0,0,0,0,0,0,0,0,0,0,0,0,78,1,0,6,72,0,2,9,3,5
2993.ps1,1,2621,1,2620.0,2620,0,1,20,20,13,13,3,3,9,310,72,13,0,0,7,0,0,0,0,0,1,74,0,0,0,0,0,0,0,0,0,0,0,0,0,0,0,0,0,0,0,0,0,0,0,0,0,0,0,0,0,0,0,0,0,0,0,0,0,0,0,0,0,0,0,0,0,0,0,0,0,0,0,0,0,0,0,0,0,0,0,0,0,0,0,0,0,0,0,0,0,0,0,73,1,1,5,75,0,1,3,4,4
3.ps1,1,3151,1,3150.0,3150,0,1,21,21,22,22,3,3,8,398,91,13,0,0,7,0,0,0,0,0,1,84,0,0,0,0,0,0,0,0,0,0,0,0,0,0,0,0,0,0,0,0,0,0,0,0,0,0,0,0,0,0,0,0,0,0,0,0,0,0,0,0,0,0,0,0,0,0,0,0,0,0,0,0,0,0,0,0,0,0,0,0,0,0,0,0,0,0,0,0,0,0,0,92,1,0,7,84,0,1,12,4,6
2998.ps1,1,2705,1,2704.0,2704,0,2,22,22,20,20,3,3,10,330,55,9,0,0,7,0,0,0,1,0,2,52,0,0,0,0,0,0,0,0,0,0,0,0,0,0,0,0,0,0,0,0,0,0,0,0,0,0,0,0,0,0,0,0,0,0,0,0,0,0,0,0,0,0,0,0,0,0,0,0,0,0,0,0,0,0,0,0,0,0,0,0,0,0,0,0,0,0,0,0,0,0,0,52,1,3,5,55,0,2,9,0,4
3009.ps1,1,2688,1,2687.0,2687,0,2,21,21,20,20,3,3,11,330,55,9,0,0,7,0,0,0,0,0,2,52,0,0,0,0,0,0,0,0,0,0,0,0,0,0,0,0,0,0,0,0,0,0,0,0,0,0,0,0,0,0,0,0,0,0,0,0,0,0,0,0,0,0,0,0,0,0,0,0,0,0,0,0,0,0,0,0,0,0,0,0,0,0,0,0,0,0,0,0,0,0,0,52,1,3,4,55,0,2,9,0,3
3029.ps1,1,2795,1,2794.0,2794,0,1,22,22,19,19,3,3,8,331,80,13,0,0,7,0,0,0,1,0,1,76,0,0,0,0,0,0,0,0,0,0,0,0,0,0,0,0,0,0,0,0,0,0,0,0,0,0,0,0,0,0,0,0,0,0,0,0,0,0,0,0,0,0,0,0,0,0,0,0,0,0,0,0,0,0,0,0,0,0,0,0,0,0,0,0,0,0,0,0,0,0,0,81,1,1,7,77,0,1,9,4,6
2994.ps1,1,2779,1,2778.0,2778,0,2,20,20,20,20,3,3,7,330,81,12,0,0,7,0,0,0,1,0,2,75,0,0,0,0,0,0,0,0,0,0,0,0,0,0,0,0,0,0,0,0,0,0,0,0,0,0,0,0,0,0,0,0,0,0,0,0,0,0,0,0,0,0,0,0,0,0,0,0,0,0,0,0,0,0,0,0,0,0,0,0,0,0,0,0,0,0,0,0,0,0,0,81,1,0,6,75,0,2,9,3,5
301.ps1,1,2650,1,2649.0,2649,0,0,19,19,18,18,3,3,7,312,76,13,0,0,7,0,0,0,0,0,0,71,0,0,0,0,0,0,0,0,0,0,0,0,0,0,0,0,0,0,0,0,0,0,0,0,0,0,0,0,0,0,0,0,0,0,0,0,0,0,0,0,0,0,0,0,0,0,0,0,0,0,0,0,0,0,0,0,0,0,0,0,1,0,0,0,0,0,0,0,0,0,0,76,1,0,5,72,0,0,9,3,4
3031.ps1,1,2692,1,2691.0,2691,0,2,20,20,20,20,3,3,7,330,57,12,0,0,7,0,0,0,1,0,2,51,0,0,0,0,0,0,0,0,0,0,0,0,0,0,0,0,0,0,0,0,0,0,0,0,0,0,0,0,0,0,0,0,0,0,0,0,0,0,0,0,0,0,0,0,0,0,0,0,0,0,0,0,0,0,0,0,0,0,0,0,0,0,0,0,0,0,0,0,0,0,0,57,1,0,6,51,0,2,9,3,5
3028.ps1,1,2894,1,2893.0,2893,0,1,22,22,19,19,3,3,10,355,82,10,0,0,7,0,0,0,0,0,0,78,0,0,0,0,0,0,0,0,0,0,0,0,0,0,0,0,0,0,0,0,0,0,0,0,0,0,0,0,0,0,0,0,0,0,0,0,0,0,0,0,0,0,0,0,0,0,0,0,0,0,0,0,0,0,0,0,0,0,0,0,1,0,0,0,0,0,0,0,0,0,0,79,1,3,5,82,0,0,10,0,4
3044.ps1,1,2581,1,2580.0,2580,0,0,19,19,15,15,3,3,7,303,73,13,0,0,7,0,0,0,0,0,0,71,0,0,0,0,0,0,0,0,0,0,0,0,0,0,0,0,0,0,0,0,0,0,0,0,0,0,0,0,0,0,0,0,0,0,0,0,0,0,0,0,0,0,0,0,0,0,0,0,0,0,0,0,0,0,0,0,0,0,0,0,1,0,0,0,0,0,0,0,0,0,0,73,1,0,5,72,0,0,6,3,4
3032.ps1,1,2613,1,2612.0,2612,0,1,20,20,16,16,3,3,9,304,74,13,0,0,7,0,0,0,0,0,1,73,0,0,0,0,0,0,0,0,0,0,0,0,0,0,0,0,0,0,0,0,0,0,0,0,0,0,0,0,0,0,0,0,0,0,0,0,0,0,0,0,0,0,0,0,0,0,0,0,0,0,0,0,0,0,0,0,0,0,0,0,0,0,0,0,0,0,0,0,0,0,0,75,1,1,5,74,0,1,6,4,4
3024.ps1,1,2675,1,2674.0,2674,0,1,23,23,20,20,3,3,11,314,76,10,2,0,7,0,0,0,1,0,0,74,0,0,0,0,0,0,0,0,0,0,0,0,0,0,0,0,0,0,0,0,0,0,0,0,0,0,0,0,0,0,0,0,0,0,0,0,0,0,0,0,0,0,0,0,0,0,0,0,0,0,0,0,0,0,0,0,0,0,0,0,0,0,0,0,0,0,0,0,0,0,0,74,2,3,6,79,0,0,10,1,5
3037.ps1,1,2898,1,2897.0,2897,0,2,22,22,20,20,3,3,11,355,82,9,0,0,7,0,0,0,0,0,2,79,0,0,0,0,0,0,0,0,0,0,0,0,0,0,0,0,0,0,0,0,0,0,0,0,0,0,0,0,0,0,0,0,0,0,0,0,0,0,0,0,0,0,0,0,0,0,0,0,0,0,0,0,0,0,0,0,0,0,0,0,0,0,0,0,0,0,0,0,0,0,0,79,1,3,5,82,0,2,9,0,4
3043.ps1,1,581,1,580.0,580,0,2,13,13,22,22,0,0,13,5,47,2,0,5,1,0,0,0,0,0,2,39,0,0,0,0,0,0,0,0,0,0,0,0,0,0,0,0,0,0,0,0,0,0,0,0,0,0,0,0,0,0,0,0,0,0,0,0,0,0,0,0,0,0,0,0,0,0,0,0,0,0,0,0,0,0,0,0,0,0,0,0,0,0,0,0,0,0,0,0,0,0,0,47,1,4,7,43,0,2,20,0,6
3052.ps1,1,350,1,349.0,349,0,2,6,6,4,4,0,0,7,3,39,4,0,3,1,0,0,0,0,0,2,40,0,0,0,0,0,0,0,0,0,0,0,0,0,0,0,0,0,0,0,0,0,0,0,0,0,0,0,0,0,0,0,0,0,0,0,0,0,0,0,0,0,0,0,0,0,0,0,0,0,0,0,0,0,0,0,0,0,0,0,0,0,0,0,0,0,0,0,0,0,0,0,40,1,0,4,40,0,2,2,2,3
3051.ps1,1,2740,1,2739.0,2739,0,0,13,13,8,8,2,2,21,7,100,12,2,28,12,0,0,0,1,0,0,78,0,0,0,0,0,0,0,0,0,0,0,0,0,0,0,0,0,0,0,0,0,0,0,0,0,0,0,0,0,0,0,0,3,0,0,0,0,0,0,0,0,0,0,0,0,0,0,0,1,0,0,0,0,1,0,0,0,0,0,0,0,1,0,0,0,0,0,0,0,3,0,76,2,0,6,80,0,0,3,4,5
3036.ps1,1,2868,1,2867.0,2867,0,2,23,23,26,26,3,3,11,355,61,9,0,0,7,0,0,0,0,0,2,52,0,0,0,0,0,0,0,0,0,0,0,0,0,0,0,0,0,0,0,0,0,0,0,0,0,0,0,0,0,0,0,0,0,0,0,0,0,0,0,0,0,0,0,0,0,0,0,0,0,0,0,0,0,0,0,0,0,0,0,0,0,0,0,0,0,0,0,0,0,0,0,58,1,3,6,55,0,2,15,0,5
3046.ps1,1,2679,1,2678.0,2678,0,1,20,20,16,16,3,3,10,321,74,10,0,0,7,0,0,0,0,0,0,73,0,0,0,0,0,0,0,0,0,0,0,0,0,0,0,0,0,0,0,0,0,0,0,0,0,0,0,0,0,0,0,0,0,0,0,0,0,0,0,0,0,0,0,0,0,0,0,0,0,0,0,0,0,0,0,0,0,0,0,0,1,0,0,0,0,0,0,0,0,0,0,71,1,3,3,77,0,0,7,0,2
3049.ps1,1,2589,1,2588.0,2588,0,2,20,20,17,17,3,3,7,312,53,12,0,0,7,0,0,0,1,0,2,50,0,0,0,0,0,0,0,0,0,0,0,0,0,0,0,0,0,0,0,0,0,0,0,0,0,0,0,0,0,0,0,0,0,0,0,0,0,0,0,0,0,0,0,0,0,0,0,0,0,0,0,0,0,0,0,0,0,0,0,0,0,0,0,0,0,0,0,0,0,0,0,53,1,0,6,50,0,2,6,3,5
3053.ps1,1,1101,1,1100.0,1100,1,1,12,12,16,16,1,1,20,6,142,10,0,5,7,0,2,0,1,0,1,143,0,0,0,0,0,0,0,0,0,0,0,0,0,0,0,0,0,0,0,0,0,0,0,0,0,0,0,0,0,0,0,0,0,0,0,0,0,0,0,0,0,0,0,0,0,0,0,0,0,0,0,0,0,0,0,0,0,0,0,0,0,1,0,0,0,0,0,0,0,0,0,145,1,0,7,143,0,1,8,5,6
3048.ps1,1,3107,1,3106.0,3106,0,1,21,21,19,19,3,3,7,407,62,13,0,0,7,0,0,0,1,0,1,58,0,0,0,0,0,0,0,0,0,0,0,0,0,0,0,0,0,0,0,0,0,0,0,0,0,0,0,0,0,0,0,0,0,0,0,0,0,0,0,0,0,0,0,0,0,0,0,0,0,0,0,0,0,0,0,0,0,0,0,0,0,0,0,0,0,0,0,0,0,0,0,63,1,0,7,58,0,1,9,4,6
3054.ps1,1,2751,1,2750.0,2750,0,2,19,19,17,17,3,3,7,330,79,12,0,0,7,0,0,0,1,0,2,76,0,0,0,0,0,0,0,0,0,0,0,0,0,0,0,0,0,0,0,0,0,0,0,0,0,0,0,0,0,0,0,0,0,0,0,0,0,0,0,0,0,0,0,0,0,0,0,0,0,0,0,0,0,0,0,0,0,0,0,0,0,0,0,0,0,0,0,0,0,0,0,79,1,0,5,76,0,2,6,3,4
3059.ps1,1,2652,1,2651.0,2651,0,2,22,22,17,17,3,3,11,314,74,10,0,0,7,0,0,0,0,0,1,74,0,0,0,0,0,0,0,0,0,0,0,0,0,0,0,0,0,0,0,0,0,0,0,0,0,0,0,0,0,0,0,0,0,0,0,0,0,0,0,0,0,0,0,0,0,0,0,0,0,0,0,0,0,0,0,0,0,0,0,0,0,0,0,0,0,0,0,0,0,0,0,72,1,3,5,77,0,1,7,1,4
3073.ps1,1,2702,1,2701.0,2701,0,2,21,21,20,20,3,3,11,330,55,9,0,0,7,0,0,0,0,0,2,52,0,0,0,0,0,0,0,0,0,0,0,0,0,0,0,0,0,0,0,0,0,0,0,0,0,0,0,0,0,0,0,0,0,0,0,0,0,0,0,0,0,0,0,0,0,0,0,0,0,0,0,0,0,0,0,0,0,0,0,0,0,0,0,0,0,0,0,0,0,0,0,52,1,3,4,55,0,2,9,0,3
3056.ps1,1,2690,1,2689.0,2689,0,1,24,24,22,22,3,3,12,314,54,10,2,0,8,0,0,0,0,0,0,52,0,0,0,0,0,0,0,0,0,0,0,0,0,0,0,0,0,0,0,0,0,0,0,0,0,0,0,0,0,0,0,0,0,0,0,0,0,0,0,0,0,0,0,0,0,0,0,0,0,0,0,0,0,0,0,0,0,0,0,0,0,0,0,0,0,0,0,0,0,0,0,52,2,3,7,57,0,0,10,1,6
3069.ps1,1,2602,1,2601.0,2601,0,3,22,22,21,21,3,3,11,312,55,9,0,0,7,0,0,0,0,0,2,50,0,0,0,0,0,0,0,0,0,0,0,0,0,0,0,0,0,0,0,0,0,0,0,0,0,0,0,0,0,0,0,0,0,0,0,0,0,0,0,0,0,0,0,0,0,0,0,0,0,0,0,0,0,0,0,0,0,0,0,0,0,0,0,0,0,0,0,0,0,0,0,52,1,3,5,53,0,2,10,0,4
3072.ps1,1,2711,1,2710.0,2710,0,2,21,21,20,20,3,3,7,330,57,12,0,0,7,0,0,0,1,0,2,51,0,0,0,0,0,0,0,0,0,0,0,0,0,0,0,0,0,0,0,0,0,0,0,0,0,0,0,0,0,0,0,0,0,0,0,0,0,0,0,0,0,0,0,0,0,0,0,0,0,0,0,0,0,0,0,0,0,0,0,0,0,0,0,0,0,0,0,0,0,0,0,57,1,0,7,51,0,2,9,3,6
3062.ps1,1,155,1,154.0,154,0,0,5,5,1,1,2,2,5,0,16,2,0,3,0,0,0,0,0,0,0,17,0,0,0,0,0,0,0,0,0,0,0,0,0,0,0,0,0,0,0,0,0,0,0,0,0,0,0,0,0,0,0,0,0,0,0,0,0,0,0,0,0,0,0,0,0,0,0,1,0,0,0,0,0,0,0,0,0,0,0,0,0,2,0,0,0,0,0,0,0,0,0,17,1,0,3,18,0,0,1,0,2
3092.ps1,1,2661,1,2660.0,2660,0,1,18,18,13,13,3,3,7,332,51,13,0,0,7,0,0,0,1,0,1,53,0,0,0,0,0,0,0,0,0,0,0,0,0,0,0,0,0,0,0,0,0,0,0,0,0,0,0,0,0,0,0,0,0,0,0,0,0,0,0,0,0,0,0,0,0,0,0,0,0,0,0,0,0,0,0,0,0,0,0,0,0,0,0,0,0,0,0,0,0,0,0,52,1,0,4,53,0,1,3,4,3
3084.ps1,1,325,1,324.0,324,0,2,6,6,3,3,2,2,10,0,41,4,0,6,0,0,0,0,1,0,2,41,0,0,0,0,0,0,0,0,0,0,0,0,0,0,0,0,0,0,0,0,0,0,0,0,0,0,0,0,0,0,0,0,0,0,0,0,0,0,0,0,0,0,0,0,0,0,0,1,0,0,0,0,0,0,0,0,0,0,0,0,0,0,0,0,0,0,0,0,0,1,0,42,1,0,4,41,0,2,1,0,3
3060.ps1,1,954,1,953.0,953,1,2,13,13,22,22,1,1,22,5,90,8,0,5,7,0,2,0,0,0,2,83,0,0,0,0,0,0,0,0,0,0,0,0,0,0,0,0,0,0,0,0,0,0,0,0,0,0,0,0,0,0,0,0,0,0,0,0,0,0,0,0,0,0,0,0,0,0,0,0,0,0,0,0,0,0,0,0,0,0,0,0,0,0,0,0,0,0,1,0,0,0,0,92,1,0,8,83,0,2,13,4,7
3070.ps1,1,3017,1,3016.0,3016,0,3,23,23,21,21,3,3,11,372,87,9,0,0,7,0,0,0,0,0,2,82,0,0,0,0,0,0,0,0,0,0,0,0,0,0,0,0,0,0,0,0,0,0,0,0,0,0,0,0,0,0,0,0,0,0,0,0,0,0,0,0,0,0,0,0,0,0,0,0,0,0,0,0,0,0,0,0,0,0,0,0,0,0,0,0,0,0,0,0,0,0,0,84,1,3,6,85,0,2,10,0,5
3095.ps1,1,3111,1,3110.0,3110,0,1,20,20,16,16,3,3,8,394,87,13,0,0,7,0,0,0,1,0,1,86,0,0,0,0,0,0,0,0,0,0,0,0,0,0,0,0,0,0,0,0,0,0,0,0,0,0,0,0,0,0,0,0,0,0,0,0,0,0,0,0,0,0,0,0,0,0,0,0,0,0,0,0,0,0,0,0,0,0,0,0,0,0,0,0,0,0,0,0,0,0,0,88,1,1,5,87,0,1,6,4,4
3096.ps1,1,2728,1,2727.0,2727,0,1,22,22,19,19,3,3,8,331,56,13,0,0,7,0,0,0,1,0,1,52,0,0,0,0,0,0,0,0,0,0,0,0,0,0,0,0,0,0,0,0,0,0,0,0,0,0,0,0,0,0,0,0,0,0,0,0,0,0,0,0,0,0,0,0,0,0,0,0,0,0,0,0,0,0,0,0,0,0,0,0,0,0,0,0,0,0,0,0,0,0,0,57,1,1,7,53,0,1,9,4,6
3094.ps1,1,1239,1,1238.0,1238,0,1,15,15,19,19,4,4,25,7,165,8,0,5,9,0,2,0,1,0,1,166,0,0,0,0,0,0,0,0,0,0,0,0,0,0,0,0,0,0,0,0,0,0,0,0,0,0,0,0,0,0,0,0,0,0,0,0,0,0,0,0,0,0,0,0,0,0,0,0,0,0,0,0,0,0,0,0,0,0,0,0,0,1,0,0,0,0,0,0,0,1,0,164,1,4,5,170,0,1,11,1,4
3100.ps1,1,258,1,257.0,257,0,1,8,8,6,6,0,0,5,2,26,3,0,4,0,0,0,0,0,0,1,26,0,0,0,0,0,0,0,0,0,0,0,0,0,0,0,0,0,0,0,0,0,0,0,0,0,0,0,0,0,0,0,0,0,0,0,0,0,0,0,0,0,0,0,0,0,0,0,0,0,0,0,0,0,0,0,0,0,0,0,0,0,1,0,0,0,0,0,0,0,0,0,28,1,0,6,26,0,1,5,2,5
3099.ps1,1,2787,1,2786.0,2786,0,0,23,23,19,19,3,3,11,332,77,10,2,0,7,0,0,0,1,0,0,77,0,0,0,0,0,0,0,0,0,0,0,0,0,0,0,0,0,0,0,0,0,0,0,0,0,0,0,0,0,0,0,0,0,0,0,0,0,0,0,0,0,0,0,0,0,0,0,0,0,0,0,0,0,0,0,0,0,0,0,0,0,0,0,0,0,0,0,0,0,0,0,75,2,3,6,82,0,0,9,1,5
3097.ps1,1,1444,1,1443.0,1443,1,2,19,18,33,32,6,6,44,15,45,8,0,7,21,1,8,0,2,0,2,39,0,0,0,0,0,0,0,0,0,0,0,0,0,0,0,0,0,0,0,0,0,0,0,0,0,0,0,0,0,0,0,0,0,0,0,0,0,0,0,0,0,0,0,0,0,0,0,0,0,0,0,0,0,0,0,0,0,0,0,0,0,1,0,0,0,1,1,0,0,1,0,42,1,0,5,39,0,2,7,4,4
3104.ps1,1,2661,1,2660.0,2660,0,1,19,19,13,13,3,3,7,332,51,13,0,0,7,0,0,0,1,0,1,53,0,0,0,0,0,0,0,0,0,0,0,0,0,0,0,0,0,0,0,0,0,0,0,0,0,0,0,0,0,0,0,0,0,0,0,0,0,0,0,0,0,0,0,0,0,0,0,0,0,0,0,0,0,0,0,0,0,0,0,0,0,0,0,0,0,0,0,0,0,0,0,52,1,0,5,53,0,1,3,4,4
3098.ps1,1,909,1,908.0,908,1,1,12,11,15,15,1,2,21,7,84,9,0,5,7,1,2,1,1,0,1,85,0,0,0,0,0,0,0,0,0,0,0,0,0,0,0,0,0,0,0,0,0,0,0,0,0,0,0,0,0,0,0,0,0,0,0,0,0,0,0,0,0,0,0,0,0,0,0,0,0,0,0,0,0,0,0,0,0,0,0,0,0,1,0,0,0,0,0,0,0,1,0,87,1,0,6,85,0,1,7,5,5
3103.ps1,1,932,1,931.0,931,0,0,10,11,15,16,1,2,21,6,95,9,1,6,7,0,2,0,0,0,0,95,0,0,0,0,0,0,0,0,0,0,0,0,0,0,0,0,0,0,0,0,0,0,0,0,0,0,0,0,0,0,0,0,0,0,0,0,0,0,0,0,0,0,0,0,0,0,0,0,0,0,0,0,0,0,0,0,0,0,0,0,0,1,0,0,0,0,0,1,0,0,0,97,1,0,5,96,0,0,8,5,4
3109.ps1,1,2619,1,2618.0,2618,0,3,22,22,21,21,3,3,11,312,55,9,0,0,7,0,0,0,0,0,2,50,0,0,0,0,0,0,0,0,0,0,0,0,0,0,0,0,0,0,0,0,0,0,0,0,0,0,0,0,0,0,0,0,0,0,0,0,0,0,0,0,0,0,0,0,0,0,0,0,0,0,0,0,0,0,0,0,0,0,0,0,0,0,0,0,0,0,0,0,0,0,0,52,1,3,5,53,0,2,10,0,4
3105.ps1,1,3198,1,3197.0,3197,0,1,13,13,11,11,2,2,21,7,118,12,0,36,12,0,0,0,0,0,1,88,0,0,0,0,0,0,0,0,0,0,0,0,0,0,0,0,0,0,0,0,0,0,0,0,0,0,0,0,0,0,0,0,0,0,0,0,0,0,0,0,0,0,0,0,0,0,0,0,0,0,0,0,0,1,0,0,0,0,0,0,0,1,0,0,0,0,0,0,0,4,0,90,1,0,6,88,0,1,6,4,5
311.ps1,1,2805,1,2804.0,2804,0,0,24,24,22,22,3,3,11,332,79,10,2,0,7,0,0,0,1,0,0,76,0,0,0,0,0,0,0,0,0,0,0,0,0,0,0,0,0,0,0,0,0,0,0,0,0,0,0,0,0,0,0,0,0,0,0,0,0,0,0,0,0,0,0,0,0,0,0,0,0,0,0,0,0,0,0,0,0,0,0,0,0,0,0,0,0,0,0,0,0,0,0,77,2,3,7,81,0,0,12,1,6
3093.ps1,1,2889,1,2888.0,2888,0,1,22,22,22,22,3,3,11,364,57,10,0,0,7,0,0,0,0,0,1,53,0,0,0,0,0,0,0,0,0,0,0,0,0,0,0,0,0,0,0,0,0,0,0,0,0,0,0,0,0,0,0,0,0,0,0,0,0,0,0,0,0,0,0,0,0,0,0,0,0,0,0,0,0,0,0,0,0,0,0,0,0,0,0,0,0,0,0,0,0,0,0,55,1,3,5,56,0,1,12,1,4
3108.ps1,1,2888,1,2887.0,2887,0,1,21,21,17,17,3,3,8,356,81,13,0,0,7,0,0,0,0,0,1,80,0,0,0,0,0,0,0,0,0,0,0,0,0,0,0,0,0,0,0,0,0,0,0,0,0,0,0,0,0,0,0,0,0,0,0,0,0,0,0,0,0,0,0,0,0,0,0,0,0,0,0,0,0,0,0,0,0,0,0,0,0,0,0,0,0,0,0,0,0,0,0,82,1,0,7,80,0,1,7,4,6
3120.ps1,1,2674,1,2673.0,2673,0,1,22,22,17,17,3,3,12,314,74,10,2,0,7,0,0,0,0,0,0,75,0,0,0,0,0,0,0,0,0,0,0,0,0,0,0,0,0,0,0,0,0,0,0,0,0,0,0,0,0,0,0,0,0,0,0,0,0,0,0,0,0,0,0,0,0,0,0,0,0,0,0,0,0,0,0,0,0,0,0,0,0,0,0,0,0,0,0,0,0,0,0,72,2,3,5,80,0,0,7,1,4
3111.ps1,1,1069,1,1068.0,1068,0,3,14,14,16,16,1,1,25,5,143,4,0,5,7,0,2,0,1,0,2,144,0,0,0,0,0,0,0,0,0,0,0,0,0,0,0,0,0,0,0,0,0,0,0,0,0,0,0,0,0,0,0,0,0,0,0,0,0,0,0,0,0,0,0,0,0,0,0,0,0,0,0,0,0,0,0,0,0,0,0,0,0,1,0,0,0,0,0,0,0,0,0,141,1,4,5,148,0,2,7,0,4
3123.ps1,1,2691,1,2690.0,2690,0,3,23,23,21,21,3,3,11,312,78,9,0,0,7,0,0,0,0,0,2,73,0,0,0,0,0,0,0,0,0,0,0,0,0,0,0,0,0,0,0,0,0,0,0,0,0,0,0,0,0,0,0,0,0,0,0,0,0,0,0,0,0,0,0,0,0,0,0,0,0,0,0,0,0,0,0,0,0,0,0,0,0,0,0,0,0,0,0,0,0,0,0,75,1,3,6,76,0,2,10,0,5
3119.ps1,1,1107,1,1106.0,1106,0,1,12,13,19,20,2,1,23,7,134,10,0,5,7,0,2,1,0,0,1,133,0,0,0,0,0,0,0,0,0,0,0,0,0,0,0,0,0,0,0,0,0,0,0,0,0,0,0,0,0,0,0,0,0,0,0,0,0,0,0,0,0,0,0,0,0,0,0,0,0,0,0,0,0,0,0,0,0,0,0,0,0,0,0,0,0,0,0,0,0,0,0,138,1,1,6,134,0,1,11,6,5
3134.ps1,1,1101,1,1100.0,1100,0,2,10,10,17,17,1,1,23,5,134,8,0,5,8,0,2,0,1,0,2,133,0,0,0,0,0,0,0,0,0,0,0,0,0,0,0,0,0,0,0,0,0,0,0,0,0,0,0,0,0,0,0,0,0,0,0,0,0,0,0,0,0,0,0,0,0,0,0,0,0,0,0,0,0,0,0,0,0,0,0,0,0,1,0,0,0,0,0,0,0,0,0,136,1,0,5,133,0,2,7,4,4
3121.ps1,1,2708,1,2707.0,2707,0,1,21,21,19,19,3,3,7,332,55,13,0,0,7,0,0,0,1,0,1,51,0,0,0,0,0,0,0,0,0,0,0,0,0,0,0,0,0,0,0,0,0,0,0,0,0,0,0,0,0,0,0,0,0,0,0,0,0,0,0,0,0,0,0,0,0,0,0,0,0,0,0,0,0,0,0,0,0,0,0,0,0,0,0,0,0,0,0,0,0,0,0,56,1,0,7,51,0,1,9,4,6
3128.ps1,1,2614,1,2613.0,2613,0,3,22,22,21,21,3,3,11,312,55,9,0,0,7,0,0,0,0,0,2,50,0,0,0,0,0,0,0,0,0,0,0,0,0,0,0,0,0,0,0,0,0,0,0,0,0,0,0,0,0,0,0,0,0,0,0,0,0,0,0,0,0,0,0,0,0,0,0,0,0,0,0,0,0,0,0,0,0,0,0,0,0,0,0,0,0,0,0,0,0,0,0,52,1,3,5,53,0,2,10,0,4
3137.ps1,1,1106,1,1105.0,1105,1,2,17,16,25,26,2,1,27,6,127,5,0,5,7,0,2,1,1,0,2,124,0,0,0,0,0,0,0,0,0,0,0,0,0,0,0,0,0,0,0,0,0,0,0,0,0,0,0,0,0,0,0,0,0,0,0,0,0,0,0,0,0,0,0,0,0,0,0,0,0,0,0,0,0,0,0,0,0,0,0,0,0,1,0,0,0,0,0,0,0,0,0,125,1,5,6,129,0,2,16,0,5
3129.ps1,1,2643,1,2642.0,2642,0,0,19,19,20,20,3,3,7,312,53,12,0,0,8,0,0,0,0,0,0,48,0,0,0,0,0,0,0,0,0,0,0,0,0,0,0,0,0,0,0,0,0,0,0,0,0,0,0,0,0,0,0,0,0,0,0,0,0,0,0,0,0,0,0,0,0,0,0,0,0,0,0,0,0,0,0,0,0,0,0,0,0,1,0,0,0,0,0,0,0,0,0,53,1,0,5,49,0,0,9,3,4
3133.ps1,1,2691,1,2690.0,2690,0,3,22,22,18,18,3,3,11,330,55,9,0,0,7,0,0,0,0,0,2,53,0,0,0,0,0,0,0,0,0,0,0,0,0,0,0,0,0,0,0,0,0,0,0,0,0,0,0,0,0,0,0,0,0,0,0,0,0,0,0,0,0,0,0,0,0,0,0,0,0,0,0,0,0,0,0,0,0,0,0,0,0,0,0,0,0,0,0,0,0,0,0,52,1,3,5,56,0,2,7,0,4
3136.ps1,1,1130,1,1129.0,1129,1,1,15,15,25,24,2,1,22,9,124,12,1,6,7,1,2,0,1,0,1,121,0,0,0,0,0,0,0,0,0,0,0,0,0,0,0,0,0,0,0,0,0,0,0,0,0,0,0,0,0,0,0,0,0,0,0,0,0,0,0,0,0,0,0,0,0,0,0,0,0,0,0,0,0,0,0,0,0,0,0,0,0,1,0,0,0,0,0,0,0,0,0,129,1,0,9,121,0,1,16,7,8
314.ps1,1,2548,1,2547.0,2547,0,1,18,18,13,13,3,3,7,314,49,13,0,0,7,0,0,0,1,0,1,51,0,0,0,0,0,0,0,0,0,0,0,0,0,0,0,0,0,0,0,0,0,0,0,0,0,0,0,0,0,0,0,0,0,0,0,0,0,0,0,0,0,0,0,0,0,0,0,0,0,0,0,0,0,0,0,0,0,0,0,0,0,0,0,0,0,0,0,0,0,0,0,50,1,0,4,51,0,1,3,4,3
3141.ps1,1,2970,1,2969.0,2969,0,2,22,22,20,20,3,3,11,365,84,10,0,0,7,0,0,0,0,0,1,81,0,0,0,0,0,0,0,0,0,0,0,0,0,0,0,0,0,0,0,0,0,0,0,0,0,0,0,0,0,0,0,0,0,0,0,0,0,0,0,0,0,0,0,0,0,0,0,0,0,0,0,0,0,0,0,0,0,0,0,0,0,0,0,0,0,0,0,0,0,0,0,82,1,3,5,84,0,1,10,1,4
3152.ps1,1,2945,1,2944.0,2944,0,1,22,22,17,17,3,3,12,379,58,10,2,0,7,0,0,0,0,0,0,59,0,0,0,0,0,0,0,0,0,0,0,0,0,0,0,0,0,0,0,0,0,0,0,0,0,0,0,0,0,0,0,0,0,0,0,0,0,0,0,0,0,0,0,0,0,0,0,0,0,0,0,0,0,0,0,0,0,0,0,0,0,0,0,0,0,0,0,0,0,0,0,56,2,3,5,64,0,0,7,1,4
3146.ps1,1,2707,1,2706.0,2706,0,2,23,23,18,18,3,3,10,331,54,10,0,0,7,0,0,0,1,0,1,54,0,0,0,0,0,0,0,0,0,0,0,0,0,0,0,0,0,0,0,0,0,0,0,0,0,0,0,0,0,0,0,0,0,0,0,0,0,0,0,0,0,0,0,0,0,0,0,0,0,0,0,0,0,0,0,0,0,0,0,0,0,0,0,0,0,0,0,0,0,0,0,52,1,3,6,57,0,1,8,1,5
3154.ps1,1,3176,1,3175.0,3175,0,3,23,23,21,21,3,3,11,401,92,9,0,0,7,0,0,0,0,0,2,87,0,0,0,0,0,0,0,0,0,0,0,0,0,0,0,0,0,0,0,0,0,0,0,0,0,0,0,0,0,0,0,0,0,0,0,0,0,0,0,0,0,0,0,0,0,0,0,0,0,0,0,0,0,0,0,0,0,0,0,0,0,0,0,0,0,0,0,0,0,0,0,89,1,3,6,90,0,2,10,0,5
3138.ps1,1,1260,1,1259.0,1259,0,1,17,17,20,19,1,2,30,8,168,6,3,5,9,1,3,0,0,0,0,170,0,0,0,0,0,0,0,0,0,0,0,0,0,0,0,0,0,0,0,0,0,0,0,0,0,0,0,0,0,0,0,0,0,0,0,0,0,0,0,0,0,0,0,0,0,0,0,0,0,0,0,0,0,0,0,0,0,0,0,0,0,1,0,0,0,0,0,0,0,0,0,166,2,5,6,177,0,0,10,1,5
3153.ps1,1,2699,1,2698.0,2698,0,1,20,20,17,17,3,3,7,331,54,13,0,0,7,0,0,0,1,0,1,53,0,0,0,0,0,0,0,0,0,0,0,0,0,0,0,0,0,0,0,0,0,0,0,0,0,0,0,0,0,0,0,0,0,0,0,0,0,0,0,0,0,0,0,0,0,0,0,0,0,0,0,0,0,0,0,0,0,0,0,0,0,0,0,0,0,0,0,0,0,0,0,55,1,0,6,53,0,1,7,4,5
3143.ps1,1,1365,1,1364.0,1364,0,1,12,12,9,9,3,3,20,7,189,14,0,2,11,0,0,0,0,0,1,188,0,0,0,0,0,0,0,0,0,0,0,0,0,0,0,0,0,0,0,0,0,0,0,0,0,0,0,0,0,0,0,0,0,0,0,0,0,0,0,0,0,0,0,0,0,0,0,0,0,0,0,0,0,0,0,0,0,0,0,0,0,0,0,0,0,0,0,0,0,0,0,190,1,1,6,189,0,1,6,4,5
3157.ps1,1,2771,1,2770.0,2770,0,1,21,21,19,19,3,3,10,332,77,10,0,0,7,0,0,0,1,0,1,76,0,0,0,0,0,0,0,0,0,0,0,0,0,0,0,0,0,0,0,0,0,0,0,0,0,0,0,0,0,0,0,0,0,0,0,0,0,0,0,0,0,0,0,0,0,0,0,0,0,0,0,0,0,0,0,0,0,0,0,0,0,0,0,0,0,0,0,0,0,0,0,75,1,3,4,79,0,1,9,1,3
3156.ps1,1,2939,1,2938.0,2938,0,1,20,20,19,19,3,3,7,361,83,13,0,0,7,0,0,0,1,0,1,79,0,0,0,0,0,0,0,0,0,0,0,0,0,0,0,0,0,0,0,0,0,0,0,0,0,0,0,0,0,0,0,0,0,0,0,0,0,0,0,0,0,0,0,0,0,0,0,0,0,0,0,0,0,0,0,0,0,0,0,0,0,0,0,0,0,0,0,0,0,0,0,84,1,0,6,79,0,1,9,4,5
3174.ps1,1,2676,1,2675.0,2675,0,1,19,19,16,16,3,3,7,332,53,13,0,0,7,0,0,0,1,0,1,52,0,0,0,0,0,0,0,0,0,0,0,0,0,0,0,0,0,0,0,0,0,0,0,0,0,0,0,0,0,0,0,0,0,0,0,0,0,0,0,0,0,0,0,0,0,0,0,0,0,0,0,0,0,0,0,0,0,0,0,0,0,0,0,0,0,0,0,0,0,0,0,54,1,0,5,52,0,1,6,4,4
316.ps1,1,2753,1,2752.0,2752,0,2,19,19,17,17,3,3,8,330,79,12,0,0,7,0,0,0,0,0,2,76,0,0,0,0,0,0,0,0,0,0,0,0,0,0,0,0,0,0,0,0,0,0,0,0,0,0,0,0,0,0,0,0,0,0,0,0,0,0,0,0,0,0,0,0,0,0,0,0,0,0,0,0,0,0,0,0,0,0,0,0,0,0,0,0,0,0,0,0,0,0,0,79,1,0,5,76,0,2,6,3,4
3164.ps1,1,1122,1,1121.0,1121,0,2,15,15,22,22,2,2,27,5,118,5,0,5,8,0,2,0,0,0,2,115,0,0,0,0,0,0,0,0,0,0,0,0,0,0,0,0,0,0,0,0,0,0,0,0,0,0,0,0,0,0,0,0,0,0,0,0,0,0,0,0,0,0,0,0,0,0,0,0,0,0,0,0,0,0,0,0,0,0,0,0,0,1,0,0,0,0,0,0,0,0,0,116,1,4,6,119,0,2,12,0,5
3159.ps1,1,3090,1,3089.0,3089,0,1,24,24,20,20,3,3,11,401,62,11,2,0,7,0,0,0,1,0,0,60,0,0,0,0,0,0,0,0,0,0,0,0,0,0,0,0,0,0,0,0,0,0,0,0,0,0,0,0,0,0,0,0,0,0,0,0,0,0,0,0,0,0,0,0,0,0,0,0,0,0,0,0,0,0,0,0,0,0,0,0,0,0,0,0,0,0,0,0,0,0,0,60,2,3,7,65,0,0,10,1,6
318.ps1,1,2782,1,2781.0,2781,0,3,23,23,21,21,3,3,10,330,80,9,0,0,7,0,0,0,1,0,2,75,0,0,0,0,0,0,0,0,0,0,0,0,0,0,0,0,0,0,0,0,0,0,0,0,0,0,0,0,0,0,0,0,0,0,0,0,0,0,0,0,0,0,0,0,0,0,0,0,0,0,0,0,0,0,0,0,0,0,0,0,0,0,0,0,0,0,0,0,0,0,0,77,1,3,6,78,0,2,10,0,5
3178.ps1,1,2904,1,2903.0,2903,0,2,21,21,23,23,3,3,7,362,62,12,0,0,7,0,0,0,1,0,2,53,0,0,0,0,0,0,0,0,0,0,0,0,0,0,0,0,0,0,0,0,0,0,0,0,0,0,0,0,0,0,0,0,0,0,0,0,0,0,0,0,0,0,0,0,0,0,0,0,0,0,0,0,0,0,0,0,0,0,0,0,0,0,0,0,0,0,0,0,0,0,0,62,1,0,7,53,0,2,12,3,6
3183.ps1,1,1239,1,1238.0,1238,1,2,17,17,25,25,1,1,28,7,159,5,0,5,8,0,2,0,0,0,1,153,0,0,0,0,0,0,0,0,0,0,0,0,0,0,0,0,0,0,0,0,0,0,0,0,0,0,0,0,0,0,0,0,0,0,0,0,0,0,0,0,0,0,0,0,0,0,0,0,0,0,0,0,0,0,0,0,0,0,0,0,0,1,0,0,0,0,0,0,0,0,0,158,1,4,8,157,0,1,16,1,7
3184.ps1,1,2757,1,2756.0,2756,0,2,13,13,12,12,2,2,20,5,104,11,0,18,13,0,0,0,1,0,2,76,0,0,0,0,0,0,0,0,0,0,0,0,0,0,0,0,0,0,0,0,0,0,0,0,0,0,0,0,0,0,0,0,1,0,0,0,0,0,0,0,0,0,0,0,0,0,0,0,1,0,0,0,0,1,0,0,0,0,0,0,0,1,0,0,0,0,0,0,0,4,0,79,1,0,6,76,0,2,6,3,5
3182.ps1,1,1188,1,1187.0,1187,0,2,16,16,23,24,2,2,29,5,123,4,0,6,10,0,2,0,2,0,2,119,0,0,0,0,0,0,0,0,0,0,0,0,0,0,0,0,0,0,0,0,0,0,0,0,0,0,0,0,0,0,0,0,0,0,0,0,0,0,0,0,0,0,0,0,0,0,0,0,0,0,0,0,0,0,0,0,0,0,0,0,0,1,0,0,0,1,1,0,0,0,0,120,1,4,6,123,0,2,12,0,5
3185.ps1,1,1223,1,1222.0,1222,1,3,21,20,30,31,4,4,27,6,133,7,1,5,9,1,3,0,1,0,2,123,0,0,0,0,0,0,0,0,0,0,0,0,0,0,0,0,0,0,0,0,0,0,0,0,0,0,0,0,0,0,0,0,0,0,0,0,0,0,0,0,0,0,0,0,0,0,0,0,0,0,0,0,0,0,0,0,0,0,0,0,0,1,0,0,0,0,0,0,0,0,0,131,1,5,9,128,0,2,21,0,8
3186.ps1,1,2687,1,2686.0,2686,0,2,19,19,17,17,3,3,8,330,55,12,0,0,7,0,0,0,0,0,2,52,0,0,0,0,0,0,0,0,0,0,0,0,0,0,0,0,0,0,0,0,0,0,0,0,0,0,0,0,0,0,0,0,0,0,0,0,0,0,0,0,0,0,0,0,0,0,0,0,0,0,0,0,0,0,0,0,0,0,0,0,0,0,0,0,0,0,0,0,0,0,0,55,1,0,5,52,0,2,6,3,4
3195.ps1,1,3718,1,3717.0,3717,0,0,20,20,16,16,3,3,9,510,103,13,2,0,7,0,0,0,0,0,0,103,0,0,0,0,0,0,0,0,0,0,0,0,0,0,0,0,0,0,0,0,0,0,0,0,0,0,0,0,0,0,0,0,0,0,0,0,0,0,0,0,0,0,0,0,0,0,0,0,0,0,0,0,0,0,0,0,0,0,0,0,0,0,0,0,0,0,0,0,0,0,0,104,2,0,6,105,0,0,6,4,5
3196.ps1,1,2873,1,2872.0,2872,0,1,22,22,14,14,3,3,12,357,78,11,2,0,7,0,0,0,0,0,0,82,0,0,0,0,0,0,0,0,0,0,0,0,0,0,0,0,0,0,0,0,0,0,0,0,0,0,0,0,0,0,0,0,0,0,0,0,0,0,0,0,0,0,0,0,0,0,0,0,0,0,0,0,0,0,0,0,0,0,0,0,0,0,0,0,0,0,0,0,0,0,0,76,2,3,5,87,0,0,4,1,4
3193.ps1,1,2913,1,2912.0,2912,0,1,21,21,20,20,3,3,7,356,83,13,0,0,7,0,0,0,1,0,1,79,0,0,0,0,0,0,0,0,0,0,0,0,0,0,0,0,0,0,0,0,0,0,0,0,0,0,0,0,0,0,0,0,0,0,0,0,0,0,0,0,0,0,0,0,0,0,0,0,0,0,0,0,0,0,0,0,0,0,0,0,0,0,0,0,0,0,0,0,0,0,0,84,1,0,7,79,0,1,10,4,6
3199.ps1,1,2752,1,2751.0,2751,0,1,20,20,16,16,3,3,7,332,77,13,0,0,7,0,0,0,1,0,1,76,0,0,0,0,0,0,0,0,0,0,0,0,0,0,0,0,0,0,0,0,0,0,0,0,0,0,0,0,0,0,0,0,0,0,0,0,0,0,0,0,0,0,0,0,0,0,0,0,0,0,0,0,0,0,0,0,0,0,0,0,0,0,0,0,0,0,0,0,0,0,0,78,1,0,6,76,0,1,6,4,5
3200.ps1,1,2678,1,2677.0,2677,0,0,19,19,18,18,3,3,7,330,55,12,0,0,7,0,0,0,0,0,0,50,0,0,0,0,0,0,0,0,0,0,0,0,0,0,0,0,0,0,0,0,0,0,0,0,0,0,0,0,0,0,0,0,0,0,0,0,0,0,0,0,0,0,0,0,0,0,0,0,0,0,0,0,0,0,0,0,0,0,0,0,0,1,0,0,0,0,0,0,0,0,0,55,1,0,5,51,0,0,9,3,4
3197.ps1,1,2659,1,2658.0,2658,0,1,24,24,25,25,3,3,12,313,56,10,0,0,7,0,0,0,0,0,1,49,0,0,0,0,0,0,0,0,0,0,0,0,0,0,0,0,0,0,0,0,0,0,0,0,0,0,0,0,0,0,0,0,0,0,0,0,0,0,0,0,0,0,0,0,0,0,0,0,0,0,0,0,0,0,0,0,0,0,0,0,0,0,0,0,0,0,0,0,0,0,0,54,1,4,6,53,0,1,15,1,5
3205.ps1,1,1051,1,1050.0,1050,1,0,12,11,22,21,1,1,21,6,120,10,1,5,7,0,3,1,0,0,0,115,0,0,0,0,0,0,0,0,0,0,0,0,0,0,0,0,0,0,0,0,0,0,0,0,0,0,0,0,0,0,0,0,0,0,0,0,0,0,0,0,0,0,0,0,0,0,0,0,0,0,0,0,0,0,0,0,0,0,0,0,0,1,0,0,0,0,0,0,0,0,0,123,1,0,6,116,0,0,14,5,5
3202.ps1,1,1005,1,1004.0,1004,0,0,12,12,18,18,1,1,23,7,109,9,2,5,7,0,2,0,0,0,0,108,0,0,0,0,0,0,0,0,0,0,0,0,0,0,0,0,0,0,0,0,0,0,0,0,0,0,0,0,0,0,0,0,0,0,0,0,0,0,0,0,0,0,0,0,0,0,0,0,0,0,0,0,0,0,0,0,0,0,0,0,0,1,0,0,0,0,0,0,0,1,0,112,2,0,7,110,0,0,10,5,6
3203.ps1,1,1205,1,1204.0,1204,0,0,16,16,29,29,1,1,28,6,138,5,1,6,8,0,3,1,0,1,0,131,0,0,0,0,0,0,0,0,0,0,0,0,0,0,0,0,0,0,0,0,0,0,0,0,0,0,0,0,0,0,0,0,0,0,0,0,0,0,0,0,0,0,0,0,0,0,0,0,0,0,0,0,0,0,0,0,0,0,0,0,1,0,0,0,0,0,0,0,0,0,0,136,1,5,6,137,0,0,20,0,5
3210.ps1,1,976,1,975.0,975,0,0,8,8,11,11,1,1,21,5,121,9,0,5,7,0,2,0,0,0,0,124,0,0,0,0,0,0,0,0,0,0,0,0,0,0,0,0,0,0,0,0,0,0,0,0,0,0,0,0,0,0,0,0,0,0,0,0,0,0,0,0,0,0,0,0,0,0,0,0,0,0,0,0,0,0,0,0,0,0,0,0,1,0,0,0,0,0,0,0,0,0,0,123,1,0,3,125,0,0,4,4,2
3223.ps1,1,959,1,958.0,958,0,1,10,11,16,15,2,1,21,7,105,9,1,5,7,1,3,0,2,0,1,105,0,0,0,0,0,0,0,0,0,0,0,0,0,0,0,0,0,0,0,0,0,0,0,0,0,0,0,0,0,0,0,0,0,0,0,0,0,0,0,0,0,0,0,0,0,0,0,0,0,0,0,0,0,0,0,0,0,0,0,0,0,1,0,0,0,0,0,0,0,0,0,107,1,0,5,105,0,1,7,5,4
3220.ps1,1,1126,1,1125.0,1125,0,1,11,11,19,18,1,1,22,8,151,10,1,5,7,1,2,0,0,0,1,149,0,0,0,0,0,0,0,0,0,0,0,0,0,0,0,0,0,0,0,0,0,0,0,0,0,0,0,0,0,0,0,0,0,0,0,0,0,0,0,0,0,0,0,0,0,0,0,0,0,0,0,0,0,0,0,0,0,0,0,0,0,0,0,0,0,0,0,0,0,0,0,154,1,0,6,149,0,1,10,5,5
3211.ps1,1,2626,1,2625.0,2625,0,2,20,20,14,14,3,3,10,314,72,10,0,0,7,0,0,0,1,0,1,75,0,0,0,0,0,0,0,0,0,0,0,0,0,0,0,0,0,0,0,0,0,0,0,0,0,0,0,0,0,0,0,0,0,0,0,0,0,0,0,0,0,0,0,0,0,0,0,0,0,0,0,0,0,0,0,0,0,0,0,0,0,0,0,0,0,0,0,0,0,0,0,70,1,3,3,78,0,1,4,1,2
3217.ps1,1,2787,1,2786.0,2786,0,2,22,22,20,20,3,3,10,332,79,10,0,0,7,0,0,0,1,0,1,76,0,0,0,0,0,0,0,0,0,0,0,0,0,0,0,0,0,0,0,0,0,0,0,0,0,0,0,0,0,0,0,0,0,0,0,0,0,0,0,0,0,0,0,0,0,0,0,0,0,0,0,0,0,0,0,0,0,0,0,0,0,0,0,0,0,0,0,0,0,0,0,77,1,3,5,79,0,1,10,1,4
3221.ps1,1,1160,1,1159.0,1159,0,2,13,12,25,25,1,1,25,6,132,9,0,5,8,0,3,0,1,0,2,126,0,0,0,0,0,0,0,0,0,0,0,0,0,0,0,0,0,0,0,0,0,0,0,0,0,0,0,0,0,0,0,0,0,0,0,0,0,0,0,0,0,0,0,0,0,0,0,0,0,0,0,0,0,0,0,0,0,0,0,0,0,0,0,0,0,0,0,0,0,0,0,135,1,0,7,126,0,2,14,5,6
3225.ps1,1,2585,1,2584.0,2584,0,0,20,20,16,16,3,3,9,314,51,13,2,0,7,0,0,0,0,0,0,51,0,0,0,0,0,0,0,0,0,0,0,0,0,0,0,0,0,0,0,0,0,0,0,0,0,0,0,0,0,0,0,0,0,0,0,0,0,0,0,0,0,0,0,0,0,0,0,0,0,0,0,0,0,0,0,0,0,0,0,0,0,0,0,0,0,0,0,0,0,0,0,52,2,0,6,53,0,0,6,4,5
3219.ps1,1,954,1,953.0,953,1,1,13,12,21,21,1,1,23,7,88,9,1,5,7,0,2,0,1,0,1,83,0,0,0,0,0,0,0,0,0,0,0,0,0,0,0,0,0,0,0,0,0,0,0,0,0,0,0,0,0,0,0,0,0,0,0,0,0,0,0,0,0,0,0,0,0,0,0,0,0,0,0,0,0,0,0,0,0,0,0,0,0,1,0,0,0,0,0,0,0,0,0,91,1,0,7,83,0,1,13,5,6
3228.ps1,1,3100,1,3099.0,3099,0,3,22,22,18,18,3,3,11,392,88,9,0,0,7,0,0,0,0,0,2,86,0,0,0,0,0,0,0,0,0,0,0,0,0,0,0,0,0,0,0,0,0,0,0,0,0,0,0,0,0,0,0,0,0,0,0,0,0,0,0,0,0,0,0,0,0,0,0,0,0,0,0,0,0,0,0,0,0,0,0,0,0,0,0,0,0,0,0,0,0,0,0,85,1,3,5,89,0,2,7,0,4
3236.ps1,1,1028,1,1027.0,1027,0,1,15,15,22,22,1,1,25,5,113,5,0,5,7,0,2,0,0,0,0,108,0,0,0,0,0,0,0,0,0,0,0,0,0,0,0,0,0,0,0,0,0,0,0,0,0,0,0,0,0,0,0,0,0,0,0,0,0,0,0,0,0,0,0,0,0,0,0,0,0,0,0,0,0,0,0,0,0,0,0,0,1,1,0,0,0,0,0,0,0,0,0,111,1,4,6,113,0,0,15,0,5
3232.ps1,1,1054,1,1053.0,1053,1,1,14,14,19,19,1,1,26,6,121,5,0,5,7,1,3,1,1,1,0,121,0,0,0,0,0,0,0,0,0,0,0,0,0,0,0,0,0,0,0,0,0,0,0,0,0,0,0,0,0,0,0,0,0,0,0,0,0,0,0,0,0,0,0,0,0,0,0,0,0,0,0,0,0,0,0,0,0,0,0,0,1,0,0,0,0,0,0,0,0,0,0,119,1,5,4,127,0,0,12,0,3
3235.ps1,1,2672,1,2671.0,2671,0,2,16,16,10,10,2,2,24,6,79,9,0,24,11,0,0,0,1,0,1,55,0,0,0,0,0,0,0,0,0,0,0,0,0,0,0,0,0,0,0,0,0,0,0,0,0,0,0,0,0,0,0,0,0,0,0,0,0,0,0,0,0,0,0,0,0,0,0,0,0,0,0,0,0,1,0,0,0,0,0,0,0,1,0,0,0,0,0,0,0,4,0,52,1,4,5,59,0,1,5,1,4
3230.ps1,1,2579,1,2578.0,2578,0,0,20,20,16,16,3,3,9,314,51,13,2,0,7,0,0,0,0,0,0,51,0,0,0,0,0,0,0,0,0,0,0,0,0,0,0,0,0,0,0,0,0,0,0,0,0,0,0,0,0,0,0,0,0,0,0,0,0,0,0,0,0,0,0,0,0,0,0,0,0,0,0,0,0,0,0,0,0,0,0,0,0,0,0,0,0,0,0,0,0,0,0,52,2,0,6,53,0,0,6,4,5
3247.ps1,1,2977,1,2976.0,2976,0,1,22,22,19,19,3,3,8,378,61,13,0,0,7,0,0,0,1,0,1,57,0,0,0,0,0,0,0,0,0,0,0,0,0,0,0,0,0,0,0,0,0,0,0,0,0,0,0,0,0,0,0,0,0,0,0,0,0,0,0,0,0,0,0,0,0,0,0,0,0,0,0,0,0,0,0,0,0,0,0,0,0,0,0,0,0,0,0,0,0,0,0,62,1,1,7,58,0,1,9,4,6
324.ps1,1,2877,1,2876.0,2876,0,2,22,22,23,23,3,3,10,348,83,9,0,0,7,0,0,0,1,0,2,77,0,0,0,0,0,0,0,0,0,0,0,0,0,0,0,0,0,0,0,0,0,0,0,0,0,0,0,0,0,0,0,0,0,0,0,0,0,0,0,0,0,0,0,0,0,0,0,0,0,0,0,0,0,0,0,0,0,0,0,0,0,0,0,0,0,0,0,0,0,0,0,80,1,3,5,80,0,2,12,0,4
3248.ps1,1,2717,1,2716.0,2716,0,0,20,20,21,21,3,3,7,330,57,13,0,0,7,0,0,0,0,0,0,49,0,0,0,0,0,0,0,0,0,0,0,0,0,0,0,0,0,0,0,0,0,0,0,0,0,0,0,0,0,0,0,0,0,0,0,0,0,0,0,0,0,0,0,0,0,0,0,0,0,0,0,0,0,0,0,0,0,0,0,0,1,0,0,0,0,0,0,0,0,0,0,57,1,0,6,50,0,0,12,3,5
3233.ps1,1,1161,1,1160.0,1160,0,1,15,15,23,23,3,2,27,8,128,6,0,5,9,0,3,0,1,0,1,125,0,0,0,0,0,0,0,0,0,0,0,0,0,0,0,0,0,0,0,0,0,0,0,0,0,0,0,0,0,0,0,0,0,0,0,0,0,0,0,0,0,0,0,0,0,0,0,0,0,0,0,0,0,0,0,0,0,0,0,0,0,1,0,0,0,0,0,0,0,1,0,126,1,4,5,129,0,1,14,1,4
3242.ps1,1,2768,1,2767.0,2767,0,1,14,14,14,14,2,2,23,7,102,9,0,25,11,0,0,0,1,0,1,76,0,0,0,0,0,0,0,0,0,0,0,0,0,0,0,0,0,0,0,0,0,0,0,0,0,0,0,0,0,0,0,0,1,0,0,0,0,0,0,0,0,0,0,0,0,0,0,0,1,0,0,0,0,1,0,0,0,0,0,0,0,1,0,0,0,0,0,0,0,4,0,75,1,3,4,79,0,1,9,1,3
3240.ps1,1,2777,1,2776.0,2776,0,2,20,20,20,20,3,3,8,330,81,12,0,0,7,0,0,0,0,0,2,75,0,0,0,0,0,0,0,0,0,0,0,0,0,0,0,0,0,0,0,0,0,0,0,0,0,0,0,0,0,0,0,0,0,0,0,0,0,0,0,0,0,0,0,0,0,0,0,0,0,0,0,0,0,0,0,0,0,0,0,0,0,0,0,0,0,0,0,0,0,0,0,81,1,0,6,75,0,2,9,3,5
3245.ps1,1,2695,1,2694.0,2694,0,1,23,23,20,20,3,3,10,313,75,10,0,0,7,0,0,0,1,0,1,74,0,0,0,0,0,0,0,0,0,0,0,0,0,0,0,0,0,0,0,0,0,0,0,0,0,0,0,0,0,0,0,0,0,0,0,0,0,0,0,0,0,0,0,0,0,0,0,0,0,0,0,0,0,0,0,0,0,0,0,0,0,0,0,0,0,0,0,0,0,0,0,73,1,3,6,77,0,1,10,1,5
3252.ps1,1,2758,1,2757.0,2757,0,1,19,19,16,16,3,3,7,332,77,13,0,0,7,0,0,0,1,0,1,76,0,0,0,0,0,0,0,0,0,0,0,0,0,0,0,0,0,0,0,0,0,0,0,0,0,0,0,0,0,0,0,0,0,0,0,0,0,0,0,0,0,0,0,0,0,0,0,0,0,0,0,0,0,0,0,0,0,0,0,0,0,0,0,0,0,0,0,0,0,0,0,78,1,0,5,76,0,1,6,4,4
3251.ps1,1,2781,1,2780.0,2780,0,0,21,21,19,19,3,3,9,332,79,13,2,0,7,0,0,0,0,0,0,76,0,0,0,0,0,0,0,0,0,0,0,0,0,0,0,0,0,0,0,0,0,0,0,0,0,0,0,0,0,0,0,0,0,0,0,0,0,0,0,0,0,0,0,0,0,0,0,0,0,0,0,0,0,0,0,0,0,0,0,0,0,0,0,0,0,0,0,0,0,0,0,80,2,0,7,78,0,0,9,4,6
3262.ps1,1,301,1,300.0,300,0,1,7,7,5,5,0,0,7,4,26,4,0,3,0,0,0,0,1,0,1,26,0,0,0,0,0,0,0,0,0,0,0,0,0,0,0,0,0,0,0,0,0,0,0,0,0,0,0,0,0,0,0,0,0,0,0,0,0,0,0,0,0,0,0,0,0,0,0,0,0,0,0,0,0,0,0,0,0,0,0,0,0,0,0,0,0,0,0,0,0,0,0,28,1,0,6,26,0,1,4,2,5
3254.ps1,1,2645,1,2644.0,2644,0,1,23,23,23,23,3,3,11,313,54,10,0,0,7,0,0,0,0,0,1,50,0,0,0,0,0,0,0,0,0,0,0,0,0,0,0,0,0,0,0,0,0,0,0,0,0,0,0,0,0,0,0,0,0,0,0,0,0,0,0,0,0,0,0,0,0,0,0,0,0,0,0,0,0,0,0,0,0,0,0,0,0,0,0,0,0,0,0,0,0,0,0,52,1,3,6,53,0,1,13,1,5
3253.ps1,1,487,1,486.0,486,1,2,9,9,7,7,0,0,11,2,60,5,0,6,0,0,0,0,0,0,2,59,0,0,0,0,0,0,0,0,0,0,0,0,0,0,0,0,0,0,0,0,0,0,0,0,0,0,0,0,0,0,0,0,0,0,0,0,0,0,0,0,0,0,0,0,0,0,0,0,0,0,0,0,0,0,0,0,0,0,0,0,0,1,0,0,0,0,0,0,0,0,0,62,1,0,5,59,0,2,5,2,4
3255.ps1,1,2681,1,2680.0,2680,0,2,19,19,17,17,3,3,8,330,55,12,0,0,7,0,0,0,0,0,2,52,0,0,0,0,0,0,0,0,0,0,0,0,0,0,0,0,0,0,0,0,0,0,0,0,0,0,0,0,0,0,0,0,0,0,0,0,0,0,0,0,0,0,0,0,0,0,0,0,0,0,0,0,0,0,0,0,0,0,0,0,0,0,0,0,0,0,0,0,0,0,0,55,1,0,5,52,0,2,6,3,4
3264.ps1,1,2834,1,2833.0,2833,0,1,21,21,19,19,3,3,7,356,56,13,0,0,7,0,0,0,1,0,1,52,0,0,0,0,0,0,0,0,0,0,0,0,0,0,0,0,0,0,0,0,0,0,0,0,0,0,0,0,0,0,0,0,0,0,0,0,0,0,0,0,0,0,0,0,0,0,0,0,0,0,0,0,0,0,0,0,0,0,0,0,0,0,0,0,0,0,0,0,0,0,0,57,1,0,7,52,0,1,9,4,6
3269.ps1,1,2603,1,2602.0,2602,0,2,19,19,17,17,3,3,7,303,75,12,0,0,7,0,0,0,1,0,2,72,0,0,0,0,0,0,0,0,0,0,0,0,0,0,0,0,0,0,0,0,0,0,0,0,0,0,0,0,0,0,0,0,0,0,0,0,0,0,0,0,0,0,0,0,0,0,0,0,0,0,0,0,0,0,0,0,0,0,0,0,0,0,0,0,0,0,0,0,0,0,0,75,1,0,5,72,0,2,6,3,4
3257.ps1,1,1433,1,1432.0,1432,0,2,15,15,13,13,10,10,14,12,27,19,8,12,8,0,0,0,1,0,1,28,0,0,0,0,0,0,0,0,0,0,0,0,0,0,0,0,0,0,0,0,0,0,0,0,0,0,0,0,0,0,0,0,0,0,0,0,0,0,0,0,0,0,0,0,2,0,0,0,0,0,0,0,0,0,0,0,0,0,0,0,0,3,0,0,0,0,0,0,0,0,0,28,1,4,6,32,0,1,12,1,5
3258.ps1,1,2657,1,2656.0,2656,0,0,19,19,15,15,3,3,7,330,53,13,0,0,7,0,0,0,0,0,0,51,0,0,0,0,0,0,0,0,0,0,0,0,0,0,0,0,0,0,0,0,0,0,0,0,0,0,0,0,0,0,0,0,0,0,0,0,0,0,0,0,0,0,0,0,0,0,0,0,0,0,0,0,0,0,0,0,0,0,0,0,1,0,0,0,0,0,0,0,0,0,0,53,1,0,5,52,0,0,6,3,4
3270.ps1,1,1115,1,1114.0,1114,0,0,10,10,19,19,1,1,22,6,129,10,1,5,8,0,2,1,1,0,0,127,0,0,0,0,0,0,0,0,0,0,0,0,0,0,0,0,0,0,0,0,0,0,0,0,0,0,0,0,0,0,0,0,0,0,0,0,0,0,0,0,0,0,0,0,0,0,0,0,0,0,0,0,0,0,0,0,0,0,0,0,0,1,0,0,0,0,0,0,0,0,0,132,1,0,5,128,0,0,11,5,4
3265.ps1,1,1066,1,1065.0,1065,0,0,14,14,18,18,1,1,28,7,115,5,2,5,8,0,2,0,1,0,0,118,0,0,0,0,0,0,0,0,0,0,0,0,0,0,0,0,0,0,0,0,0,0,0,0,0,0,0,0,0,0,0,0,0,0,0,0,0,0,0,0,0,0,0,0,0,0,0,0,0,0,0,0,0,0,0,0,0,0,0,0,0,1,0,0,0,0,0,0,0,0,0,114,2,4,5,124,0,0,9,1,4
3273.ps1,1,2738,1,2737.0,2737,0,3,23,23,24,24,3,3,11,330,59,9,0,0,7,0,0,0,0,0,2,51,0,0,0,0,0,0,0,0,0,0,0,0,0,0,0,0,0,0,0,0,0,0,0,0,0,0,0,0,0,0,0,0,0,0,0,0,0,0,0,0,0,0,0,0,0,0,0,0,0,0,0,0,0,0,0,0,0,0,0,0,0,0,0,0,0,0,0,0,0,0,0,56,1,3,6,54,0,2,13,0,5
3276.ps1,1,2727,1,2726.0,2726,0,2,23,23,21,21,3,3,11,331,56,10,0,0,7,0,0,0,0,0,1,53,0,0,0,0,0,0,0,0,0,0,0,0,0,0,0,0,0,0,0,0,0,0,0,0,0,0,0,0,0,0,0,0,0,0,0,0,0,0,0,0,0,0,0,0,0,0,0,0,0,0,0,0,0,0,0,0,0,0,0,0,0,0,0,0,0,0,0,0,0,0,0,54,1,3,6,56,0,1,11,1,5
3275.ps1,1,2791,1,2790.0,2790,0,0,23,23,19,19,3,3,12,332,77,11,2,0,7,0,0,0,0,0,0,77,0,0,0,0,0,0,0,0,0,0,0,0,0,0,0,0,0,0,0,0,0,0,0,0,0,0,0,0,0,0,0,0,0,0,0,0,0,0,0,0,0,0,0,0,0,0,0,0,0,0,0,0,0,0,0,0,0,0,0,0,0,0,0,0,0,0,0,0,0,0,0,75,2,3,6,82,0,0,9,1,5
3287.ps1,1,2675,1,2674.0,2674,0,2,20,20,20,20,3,3,8,312,78,12,0,0,7,0,0,0,0,0,2,72,0,0,0,0,0,0,0,0,0,0,0,0,0,0,0,0,0,0,0,0,0,0,0,0,0,0,0,0,0,0,0,0,0,0,0,0,0,0,0,0,0,0,0,0,0,0,0,0,0,0,0,0,0,0,0,0,0,0,0,0,0,0,0,0,0,0,0,0,0,0,0,78,1,0,6,72,0,2,9,3,5
3283.ps1,1,2708,1,2707.0,2707,0,2,20,20,20,20,3,3,7,330,57,12,0,0,7,0,0,0,1,0,2,51,0,0,0,0,0,0,0,0,0,0,0,0,0,0,0,0,0,0,0,0,0,0,0,0,0,0,0,0,0,0,0,0,0,0,0,0,0,0,0,0,0,0,0,0,0,0,0,0,0,0,0,0,0,0,0,0,0,0,0,0,0,0,0,0,0,0,0,0,0,0,0,57,1,0,6,51,0,2,9,3,5
3278.ps1,1,325,1,324.0,324,0,2,9,9,6,6,0,0,6,2,32,1,0,3,1,0,0,0,1,0,2,31,0,0,0,0,0,0,0,0,0,0,0,0,0,0,0,0,0,0,0,0,0,0,0,0,0,0,0,0,0,0,0,0,0,0,0,0,0,0,0,0,0,0,0,0,0,0,0,0,0,0,0,0,0,0,0,0,0,0,0,0,0,1,0,0,0,0,0,0,0,1,0,29,1,2,3,33,0,2,4,0,2
3288.ps1,1,1124,1,1123.0,1123,0,1,13,12,19,19,2,1,23,6,147,9,1,5,7,0,2,0,0,0,1,144,0,0,0,0,0,0,0,0,0,0,0,0,0,0,0,0,0,0,0,0,0,0,0,0,0,0,0,0,0,0,0,0,0,0,0,0,0,0,0,0,0,0,0,0,0,0,0,0,0,0,0,0,0,0,0,0,0,0,0,0,0,0,0,0,0,0,0,0,0,0,0,149,1,1,6,145,0,1,10,5,5
3284.ps1,1,2736,1,2735.0,2735,0,0,23,23,22,22,3,3,11,332,55,10,2,0,7,0,0,0,1,0,0,52,0,0,0,0,0,0,0,0,0,0,0,0,0,0,0,0,0,0,0,0,0,0,0,0,0,0,0,0,0,0,0,0,0,0,0,0,0,0,0,0,0,0,0,0,0,0,0,0,0,0,0,0,0,0,0,0,0,0,0,0,0,0,0,0,0,0,0,0,0,0,0,53,2,3,6,57,0,0,12,1,5
3298.ps1,1,3082,1,3081.0,3081,0,0,25,25,26,26,5,5,14,306,89,21,2,0,12,0,0,0,2,0,0,83,0,0,0,0,0,0,0,0,0,0,0,0,0,0,0,0,0,0,0,0,0,0,0,0,0,0,0,0,0,0,0,0,0,0,0,0,0,0,0,0,0,0,0,0,0,0,0,0,0,0,0,0,0,0,0,0,0,0,0,0,0,2,0,0,0,0,0,0,0,0,0,90,2,0,8,85,0,0,13,5,7
3297.ps1,1,2770,1,2769.0,2769,0,2,21,21,20,20,3,3,7,330,81,12,0,0,7,0,0,0,1,0,2,75,0,0,0,0,0,0,0,0,0,0,0,0,0,0,0,0,0,0,0,0,0,0,0,0,0,0,0,0,0,0,0,0,0,0,0,0,0,0,0,0,0,0,0,0,0,0,0,0,0,0,0,0,0,0,0,0,0,0,0,0,0,0,0,0,0,0,0,0,0,0,0,81,1,0,7,75,0,2,9,3,6
3296.ps1,1,6687,1,6687.0,6687,0,3,67,67,22,22,10,10,231,37,187,66,0,6,89,0,0,0,1,0,2,184,0,0,0,0,0,1,0,0,0,0,0,0,0,1,0,0,0,0,0,0,0,0,0,0,0,0,0,0,0,0,0,0,0,0,0,0,0,0,0,0,0,0,0,0,0,0,0,2,0,0,0,0,0,0,0,0,0,0,0,0,0,0,0,0,0,0,0,0,0,36,0,183,1,5,6,189,0,2,12,0,5
3280.ps1,1,1023,1,1022.0,1022,0,2,14,14,20,20,1,1,25,7,114,5,0,5,7,0,2,0,1,0,1,113,0,0,0,0,0,0,0,0,0,0,0,0,0,0,0,0,0,0,0,0,0,0,0,0,0,0,0,0,0,0,0,0,0,0,0,0,0,0,0,0,0,0,0,0,0,0,0,0,0,0,0,0,0,0,0,0,0,0,0,0,0,1,0,0,0,0,0,0,0,0,0,113,1,4,5,117,0,1,12,1,4
3294.ps1,1,2793,1,2792.0,2792,0,1,21,21,19,19,3,3,9,331,80,13,0,0,7,0,0,0,0,0,1,76,0,0,0,0,0,0,0,0,0,0,0,0,0,0,0,0,0,0,0,0,0,0,0,0,0,0,0,0,0,0,0,0,0,0,0,0,0,0,0,0,0,0,0,0,0,0,0,0,0,0,0,0,0,0,0,0,0,0,0,0,0,0,0,0,0,0,0,0,0,0,0,81,1,1,6,77,0,1,9,4,5
3289.ps1,1,2649,1,2648.0,2648,0,0,20,20,16,16,3,3,9,314,74,13,2,0,7,0,0,0,0,0,0,74,0,0,0,0,0,0,0,0,0,0,0,0,0,0,0,0,0,0,0,0,0,0,0,0,0,0,0,0,0,0,0,0,0,0,0,0,0,0,0,0,0,0,0,0,0,0,0,0,0,0,0,0,0,0,0,0,0,0,0,0,0,0,0,0,0,0,0,0,0,0,0,75,2,0,6,76,0,0,6,4,5
3302.ps1,1,1412,1,1411.0,1411,0,2,16,16,24,24,5,5,28,7,185,8,0,5,10,0,2,0,0,0,1,181,0,0,0,0,0,0,0,0,0,0,0,0,0,0,0,0,0,0,0,0,0,0,0,0,0,0,0,0,0,0,0,0,0,0,0,0,0,0,0,0,0,0,0,0,0,0,0,0,0,0,0,0,0,0,0,0,0,0,0,0,0,0,0,0,0,0,0,0,0,0,0,184,1,4,6,185,0,1,15,1,5
3300.ps1,1,1284,1,1283.0,1283,0,1,13,13,28,28,2,2,23,9,150,12,0,6,8,1,2,0,1,0,1,143,0,0,0,0,0,0,0,0,0,0,0,0,0,0,0,0,0,0,0,0,0,0,0,0,0,0,0,0,0,0,0,0,0,0,0,0,0,0,0,0,0,0,0,0,0,0,0,0,0,0,0,0,0,0,0,0,0,0,0,0,0,1,0,0,0,0,0,0,0,0,0,154,1,0,8,143,0,1,18,7,7
3299.ps1,1,2672,1,2671.0,2671,0,0,20,20,18,18,3,3,10,330,53,9,0,0,7,0,0,0,0,0,0,51,0,0,0,0,0,0,0,0,0,0,0,0,0,0,0,0,0,0,0,0,0,0,0,0,0,0,0,0,0,0,0,0,0,0,0,0,0,0,0,0,0,0,0,0,0,0,0,0,0,0,0,0,0,0,0,0,0,0,0,0,0,1,0,0,0,0,0,0,0,0,0,50,1,3,3,55,0,0,9,0,2
3310.ps1,1,2828,1,2827.0,2827,0,2,21,21,20,20,3,3,7,355,59,12,0,0,7,0,0,0,1,0,2,53,0,0,0,0,0,0,0,0,0,0,0,0,0,0,0,0,0,0,0,0,0,0,0,0,0,0,0,0,0,0,0,0,0,0,0,0,0,0,0,0,0,0,0,0,0,0,0,0,0,0,0,0,0,0,0,0,0,0,0,0,0,0,0,0,0,0,0,0,0,0,0,59,1,0,7,53,0,2,9,3,6
3321.ps1,1,2994,1,2993.0,2993,0,2,23,23,24,24,5,5,12,313,63,15,0,0,11,0,0,0,3,0,2,57,0,0,0,0,0,0,0,0,0,0,0,0,0,0,0,0,0,0,0,0,0,0,0,0,0,0,0,0,0,0,0,0,2,0,0,0,0,0,0,0,0,0,0,0,0,0,0,0,0,0,0,1,0,0,0,0,0,0,0,0,0,2,1,0,0,0,0,0,0,0,0,63,1,0,6,57,0,2,10,4,5
3305.ps1,1,1107,1,1106.0,1106,1,1,12,12,19,19,1,1,24,7,128,9,0,5,8,0,2,0,0,0,1,126,0,0,0,0,0,0,0,0,0,0,0,0,0,0,0,0,0,0,0,0,0,0,0,0,0,0,0,0,0,0,0,0,0,0,0,0,0,0,0,0,0,0,0,0,0,0,0,0,0,0,0,0,0,0,0,0,0,0,0,0,0,0,0,0,0,0,0,0,0,0,0,131,1,0,7,126,0,1,10,5,6
3303.ps1,1,2765,1,2764.0,2764,0,0,19,19,18,18,3,3,7,330,79,13,0,0,7,0,0,0,0,0,0,74,0,0,0,0,0,0,0,0,0,0,0,0,0,0,0,0,0,0,0,0,0,0,0,0,0,0,0,0,0,0,0,0,0,0,0,0,0,0,0,0,0,0,0,0,0,0,0,0,0,0,0,0,0,0,0,0,0,0,0,0,1,0,0,0,0,0,0,0,0,0,0,79,1,0,5,75,0,0,9,3,4
3314.ps1,1,2778,1,2777.0,2777,0,1,15,15,14,14,2,2,24,7,100,9,0,34,11,0,0,0,0,0,1,76,0,0,0,0,0,0,0,0,0,0,0,0,0,0,0,0,0,0,0,0,0,0,0,0,0,0,0,0,0,0,0,0,1,0,0,0,0,0,0,0,0,0,0,0,0,0,0,0,0,0,0,0,0,0,0,0,0,0,0,0,0,1,0,0,0,0,0,0,0,4,0,75,1,3,5,79,0,1,9,1,4
3307.ps1,1,980,1,979.0,979,0,0,11,11,15,15,1,1,22,7,109,9,2,5,7,0,2,0,1,0,0,111,0,0,0,0,0,0,0,0,0,0,0,0,0,0,0,0,0,0,0,0,0,0,0,0,0,0,0,0,0,0,0,0,0,0,0,0,0,0,0,0,0,0,0,0,0,0,0,0,0,0,0,0,0,0,0,0,0,0,0,0,0,0,0,0,0,0,0,0,0,0,0,112,2,0,6,113,0,0,7,5,5
3313.ps1,1,2692,1,2691.0,2691,0,1,23,23,20,20,3,3,11,314,76,10,2,0,7,0,0,0,1,0,0,74,0,0,0,0,0,0,0,0,0,0,0,0,0,0,0,0,0,0,0,0,0,0,0,0,0,0,0,0,0,0,0,0,0,0,0,0,0,0,0,0,0,0,0,0,0,0,0,0,0,0,0,0,0,0,0,0,0,0,0,0,0,0,0,0,0,0,0,0,0,0,0,74,2,3,6,79,0,0,10,1,5
3329.ps1,1,266,1,265.0,265,0,1,9,9,7,7,1,1,10,4,19,3,3,0,1,0,0,0,0,0,0,21,0,0,0,0,0,0,0,0,0,0,0,0,0,0,0,0,0,0,0,0,0,0,0,0,0,0,0,0,0,0,0,0,0,0,0,0,0,0,0,0,0,0,0,0,0,0,0,0,0,0,0,0,0,0,0,0,0,0,0,0,0,1,0,0,0,0,0,0,0,0,0,19,2,2,5,25,0,0,5,1,4
3320.ps1,1,1143,1,1142.0,1142,0,3,16,16,25,24,1,1,26,5,149,4,1,6,7,0,2,0,1,0,2,142,0,0,0,0,0,0,0,0,0,0,0,0,0,0,0,0,0,0,0,0,0,0,0,0,0,0,0,0,0,0,0,0,0,0,0,0,0,0,0,0,0,0,0,0,0,0,0,0,0,0,0,0,0,0,0,0,0,0,0,0,0,0,0,0,0,0,0,0,0,0,0,146,1,4,7,146,0,2,15,0,6
3328.ps1,1,1256,1,1256.0,1256,0,0,9,9,12,12,3,3,3,8,141,27,2,0,1,0,0,0,0,0,0,143,0,0,0,0,0,0,0,0,0,0,0,0,0,0,0,0,0,0,0,0,0,0,0,0,0,0,0,0,0,0,0,0,0,0,0,0,0,0,0,0,0,0,0,0,0,0,0,0,0,0,0,0,0,0,0,0,0,0,0,0,0,0,0,0,0,0,0,0,0,0,0,147,2,0,7,145,0,0,11,6,6
3333.ps1,1,1062,1,1061.0,1061,1,3,15,15,20,20,1,1,28,5,110,4,0,5,8,0,2,0,0,0,2,108,0,0,0,0,0,0,0,0,0,0,0,0,0,0,0,0,0,0,0,0,0,0,0,0,0,0,0,0,0,0,0,0,0,0,0,0,0,0,0,0,0,0,0,0,0,0,0,0,0,0,0,0,0,0,0,0,0,0,0,0,0,1,0,0,0,0,0,0,0,0,0,108,1,4,6,112,0,2,10,0,5
3323.ps1,1,3554,1,3553.0,3553,0,1,21,21,16,16,3,3,8,493,69,13,0,0,7,0,0,0,1,0,1,68,0,0,0,0,0,0,0,0,0,0,0,0,0,0,0,0,0,0,0,0,0,0,0,0,0,0,0,0,0,0,0,0,0,0,0,0,0,0,0,0,0,0,0,0,0,0,0,0,0,0,0,0,0,0,0,0,0,0,0,0,0,0,0,0,0,0,0,0,0,0,0,70,1,1,6,69,0,1,6,4,5
3342.ps1,1,1274,1,1273.0,1273,1,2,14,14,26,26,1,1,24,5,172,8,0,5,8,0,2,0,0,0,2,162,0,0,0,0,0,0,0,0,0,0,0,0,0,0,0,0,0,0,0,0,0,0,0,0,0,0,0,0,0,0,0,0,0,0,0,0,0,0,0,0,0,0,0,0,0,0,0,0,0,0,0,0,0,0,0,0,0,0,0,0,0,1,0,0,0,0,0,0,0,0,0,174,1,0,9,162,0,2,16,4,8
3336.ps1,1,3234,1,3233.0,3233,0,1,21,21,19,19,3,3,10,415,92,10,0,0,7,0,0,0,0,0,0,88,0,0,0,0,0,0,0,0,0,0,0,0,0,0,0,0,0,0,0,0,0,0,0,0,0,0,0,0,0,0,0,0,0,0,0,0,0,0,0,0,0,0,0,0,0,0,0,0,0,0,0,0,0,0,0,0,0,0,0,0,1,0,0,0,0,0,0,0,0,0,0,89,1,3,4,92,0,0,10,0,3
3317.ps1,1,2737,1,2736.0,2736,0,2,19,19,17,17,3,3,8,330,79,12,0,0,7,0,0,0,0,0,2,76,0,0,0,0,0,0,0,0,0,0,0,0,0,0,0,0,0,0,0,0,0,0,0,0,0,0,0,0,0,0,0,0,0,0,0,0,0,0,0,0,0,0,0,0,0,0,0,0,0,0,0,0,0,0,0,0,0,0,0,0,0,0,0,0,0,0,0,0,0,0,0,79,1,0,5,76,0,2,6,3,4
3326.ps1,1,2686,1,2685.0,2685,0,2,19,19,17,17,3,3,7,330,55,12,0,0,7,0,0,0,1,0,2,52,0,0,0,0,0,0,0,0,0,0,0,0,0,0,0,0,0,0,0,0,0,0,0,0,0,0,0,0,0,0,0,0,0,0,0,0,0,0,0,0,0,0,0,0,0,0,0,0,0,0,0,0,0,0,0,0,0,0,0,0,0,0,0,0,0,0,0,0,0,0,0,55,1,0,5,52,0,2,6,3,4
3334.ps1,1,2808,1,2807.0,2807,0,2,23,23,23,23,3,3,11,332,81,10,0,0,7,0,0,0,0,0,1,75,0,0,0,0,0,0,0,0,0,0,0,0,0,0,0,0,0,0,0,0,0,0,0,0,0,0,0,0,0,0,0,0,0,0,0,0,0,0,0,0,0,0,0,0,0,0,0,0,0,0,0,0,0,0,0,0,0,0,0,0,0,0,0,0,0,0,0,0,0,0,0,79,1,3,6,78,0,1,13,1,5
3341.ps1,1,1319,1,1318.0,1318,0,1,18,17,24,24,6,6,29,7,152,8,0,5,11,0,3,0,1,0,1,148,0,0,0,0,0,0,0,0,0,0,0,0,0,0,0,0,0,0,0,0,0,0,0,0,0,0,0,0,0,0,0,0,0,0,0,0,0,0,0,0,0,0,0,0,0,0,0,0,0,0,0,0,0,0,0,0,0,0,0,0,0,1,0,0,0,0,0,0,0,0,0,151,1,5,6,153,0,1,15,1,5
3347.ps1,1,2614,1,2613.0,2613,0,2,23,23,18,18,3,3,10,313,52,10,0,0,7,0,0,0,1,0,1,52,0,0,0,0,0,0,0,0,0,0,0,0,0,0,0,0,0,0,0,0,0,0,0,0,0,0,0,0,0,0,0,0,0,0,0,0,0,0,0,0,0,0,0,0,0,0,0,0,0,0,0,0,0,0,0,0,0,0,0,0,0,0,0,0,0,0,0,0,0,0,0,50,1,3,6,55,0,1,8,1,5
3340.ps1,1,2678,1,2677.0,2677,0,2,19,19,17,17,3,3,8,330,54,12,0,0,7,0,0,0,0,0,2,51,0,0,0,0,0,0,0,0,0,0,0,0,0,0,0,0,0,0,0,0,0,0,0,0,0,0,0,0,0,0,0,0,0,0,0,0,0,0,0,0,0,0,0,0,0,0,0,0,0,0,0,0,0,0,0,0,0,0,0,0,0,0,0,0,0,0,0,0,0,0,0,54,1,0,5,51,0,2,6,3,4
3346.ps1,1,2989,1,2988.0,2988,0,1,22,22,20,20,5,5,12,315,82,16,0,0,11,0,0,0,3,0,1,81,0,0,0,0,0,0,0,0,0,0,0,0,0,0,0,0,0,0,0,0,0,0,0,0,0,0,0,0,0,0,0,0,0,0,0,0,0,0,0,0,0,0,0,0,0,0,0,0,0,0,0,1,0,0,0,0,0,0,0,0,0,2,0,0,0,0,0,0,0,0,0,83,1,0,5,81,0,1,7,5,4
335.ps1,1,2723,1,2722.0,2722,0,1,22,22,20,20,3,3,7,331,56,13,0,0,7,0,0,0,1,0,1,52,0,0,0,0,0,0,0,0,0,0,0,0,0,0,0,0,0,0,0,0,0,0,0,0,0,0,0,0,0,0,0,0,0,0,0,0,0,0,0,0,0,0,0,0,0,0,0,0,0,0,0,0,0,0,0,0,0,0,0,0,0,0,0,0,0,0,0,0,0,0,0,57,1,0,8,52,0,1,10,4,7
3344.ps1,1,2892,1,2891.0,2891,0,2,21,21,20,20,3,3,8,355,84,12,0,0,7,0,0,0,0,0,2,78,0,0,0,0,0,0,0,0,0,0,0,0,0,0,0,0,0,0,0,0,0,0,0,0,0,0,0,0,0,0,0,0,0,0,0,0,0,0,0,0,0,0,0,0,0,0,0,0,0,0,0,0,0,0,0,0,0,0,0,0,0,0,0,0,0,0,0,0,0,0,0,84,1,0,7,78,0,2,9,3,6
3350.ps1,1,2889,1,2888.0,2888,0,0,20,20,16,16,3,3,9,357,80,13,2,0,7,0,0,0,0,0,0,80,0,0,0,0,0,0,0,0,0,0,0,0,0,0,0,0,0,0,0,0,0,0,0,0,0,0,0,0,0,0,0,0,0,0,0,0,0,0,0,0,0,0,0,0,0,0,0,0,0,0,0,0,0,0,0,0,0,0,0,0,0,0,0,0,0,0,0,0,0,0,0,81,2,0,6,82,0,0,6,4,5
3351.ps1,1,974,1,973.0,973,1,1,11,11,13,13,1,1,21,6,111,9,0,5,7,0,2,0,1,0,1,115,0,0,0,0,0,0,0,0,0,0,0,0,0,0,0,0,0,0,0,0,0,0,0,0,0,0,0,0,0,0,0,0,0,0,0,0,0,0,0,0,0,0,0,0,0,0,0,0,0,0,0,0,0,0,0,0,0,0,0,0,0,0,0,0,0,0,0,0,0,0,0,114,1,0,6,115,0,1,5,5,5
3353.ps1,1,2815,1,2814.0,2814,0,3,24,24,24,24,3,3,10,330,83,9,0,0,7,0,0,0,1,0,2,75,0,0,0,0,0,0,0,0,0,0,0,0,0,0,0,0,0,0,0,0,0,0,0,0,0,0,0,0,0,0,0,0,0,0,0,0,0,0,0,0,0,0,0,0,0,0,0,0,0,0,0,0,0,0,0,0,0,0,0,0,0,0,0,0,0,0,0,0,0,0,0,80,1,3,7,78,0,2,13,0,6
3368.ps1,1,2734,1,2733.0,2733,0,0,12,12,8,8,0,0,9,6,112,7,2,35,1,0,0,0,0,0,0,76,0,0,0,0,0,0,0,0,0,0,0,0,0,0,0,0,0,0,0,0,0,0,0,0,0,0,0,0,0,0,0,0,2,0,0,0,0,0,0,0,0,0,0,0,0,0,0,0,0,0,0,0,0,1,0,0,0,0,0,0,0,1,0,0,0,0,0,0,0,2,0,77,2,0,7,78,0,0,5,3,6
3352.ps1,1,2584,1,2583.0,2583,0,2,20,20,17,17,3,3,7,312,53,12,0,0,7,0,0,0,1,0,2,50,0,0,0,0,0,0,0,0,0,0,0,0,0,0,0,0,0,0,0,0,0,0,0,0,0,0,0,0,0,0,0,0,0,0,0,0,0,0,0,0,0,0,0,0,0,0,0,0,0,0,0,0,0,0,0,0,0,0,0,0,0,0,0,0,0,0,0,0,0,0,0,53,1,0,6,50,0,2,6,3,5
3372.ps1,1,2578,1,2577.0,2577,0,0,19,19,13,13,3,3,8,314,49,14,2,0,7,0,0,0,1,0,0,52,0,0,0,0,0,0,0,0,0,0,0,0,0,0,0,0,0,0,0,0,0,0,0,0,0,0,0,0,0,0,0,0,0,0,0,0,0,0,0,0,0,0,0,0,0,0,0,0,0,0,0,0,0,0,0,0,0,0,0,0,0,0,0,0,0,0,0,0,0,0,0,50,2,0,5,54,0,0,3,4,4
3360.ps1,1,1464,1,1464.0,1464,0,1,6,6,6,6,0,0,11,4,211,12,1,8,0,0,0,0,0,0,1,213,0,0,0,0,0,0,0,0,0,0,0,0,0,0,0,0,0,0,0,0,0,0,0,0,0,0,0,0,0,0,0,0,0,0,0,0,0,0,0,0,0,0,0,0,0,0,0,0,0,0,0,0,0,0,0,0,0,0,0,0,0,0,0,0,0,0,0,0,0,0,0,212,1,2,5,215,0,1,5,1,4
3358.ps1,1,2760,1,2759.0,2759,0,1,20,20,16,16,3,3,8,332,77,13,0,0,7,0,0,0,0,0,1,76,0,0,0,0,0,0,0,0,0,0,0,0,0,0,0,0,0,0,0,0,0,0,0,0,0,0,0,0,0,0,0,0,0,0,0,0,0,0,0,0,0,0,0,0,0,0,0,0,0,0,0,0,0,0,0,0,0,0,0,0,0,0,0,0,0,0,0,0,0,0,0,78,1,0,6,76,0,1,6,4,5
3365.ps1,1,1130,1,1129.0,1129,1,1,13,13,22,21,1,1,21,7,148,9,0,6,7,0,2,0,1,0,1,143,0,0,0,0,0,0,0,0,0,0,0,0,0,0,0,0,0,0,0,0,0,0,0,0,0,0,0,0,0,0,0,0,0,0,0,0,0,0,0,0,0,0,0,0,0,0,0,0,0,0,0,0,0,0,0,0,0,0,0,0,0,0,0,0,0,0,0,0,0,0,0,151,1,0,8,143,0,1,13,5,7
3369.ps1,1,1098,1,1097.0,1097,0,2,12,12,23,23,1,1,23,5,120,8,0,5,8,0,2,0,1,0,2,113,0,0,0,0,0,0,0,0,0,0,0,0,0,0,0,0,0,0,0,0,0,0,0,0,0,0,0,0,0,0,0,0,0,0,0,0,0,0,0,0,0,0,0,0,0,0,0,0,0,0,0,0,0,0,0,0,0,0,0,0,0,1,0,0,0,0,0,0,0,0,0,122,1,0,7,113,0,2,13,4,6
3363.ps1,1,2705,1,2704.0,2704,0,2,20,20,20,20,3,3,7,330,57,12,0,0,7,0,0,0,1,0,2,51,0,0,0,0,0,0,0,0,0,0,0,0,0,0,0,0,0,0,0,0,0,0,0,0,0,0,0,0,0,0,0,0,0,0,0,0,0,0,0,0,0,0,0,0,0,0,0,0,0,0,0,0,0,0,0,0,0,0,0,0,0,0,0,0,0,0,0,0,0,0,0,57,1,0,6,51,0,2,9,3,5
3373.ps1,1,2924,1,2923.0,2923,0,1,21,21,20,20,3,3,8,369,60,13,0,0,7,0,0,0,0,0,1,56,0,0,0,0,0,0,0,0,0,0,0,0,0,0,0,0,0,0,0,0,0,0,0,0,0,0,0,0,0,0,0,0,0,0,0,0,0,0,0,0,0,0,0,0,0,0,0,0,0,0,0,0,0,0,0,0,0,0,0,0,0,0,0,0,0,0,0,0,0,0,0,61,1,0,7,56,0,1,10,4,6
3357.ps1,1,2745,1,2744.0,2744,0,1,13,13,11,11,2,2,20,7,110,12,0,32,13,0,0,0,1,0,1,75,0,0,0,0,0,0,0,0,0,0,0,0,0,0,0,0,0,0,0,0,0,0,0,0,0,0,0,0,0,0,0,0,2,0,0,0,0,0,0,0,0,0,0,0,0,0,0,0,0,0,0,0,0,1,0,0,0,0,0,0,0,1,0,0,0,0,0,0,0,4,0,77,1,0,6,75,0,1,6,4,5
3371.ps1,1,2615,1,2614.0,2614,0,0,21,21,19,19,3,3,8,314,53,13,2,0,7,0,0,0,1,0,0,50,0,0,0,0,0,0,0,0,0,0,0,0,0,0,0,0,0,0,0,0,0,0,0,0,0,0,0,0,0,0,0,0,0,0,0,0,0,0,0,0,0,0,0,0,0,0,0,0,0,0,0,0,0,0,0,0,0,0,0,0,0,0,0,0,0,0,0,0,0,0,0,54,2,0,7,52,0,0,9,4,6
3375.ps1,1,2725,1,2724.0,2724,0,1,21,21,19,19,3,3,8,331,56,13,0,0,7,0,0,0,1,0,1,52,0,0,0,0,0,0,0,0,0,0,0,0,0,0,0,0,0,0,0,0,0,0,0,0,0,0,0,0,0,0,0,0,0,0,0,0,0,0,0,0,0,0,0,0,0,0,0,0,0,0,0,0,0,0,0,0,0,0,0,0,0,0,0,0,0,0,0,0,0,0,0,57,1,1,6,53,0,1,9,4,5
3384.ps1,1,3262,1,3261.0,3261,0,2,30,30,27,27,4,4,16,380,67,12,0,0,8,0,0,0,1,0,1,64,0,0,0,0,0,0,0,0,0,0,0,0,0,0,0,0,0,0,0,0,0,0,0,0,0,0,0,0,0,0,0,0,0,0,0,0,0,0,0,0,0,0,0,0,0,0,0,0,0,0,0,0,0,0,0,0,0,0,0,0,0,2,0,0,0,0,0,0,0,0,0,65,1,5,8,69,0,1,16,1,7
339.ps1,1,274,1,273.0,273,0,0,4,4,2,2,0,0,8,2,35,2,0,3,0,0,0,0,0,0,0,37,0,0,0,0,0,0,0,0,0,0,0,0,0,0,0,0,0,0,0,0,0,0,0,0,0,0,0,0,0,0,0,0,0,0,0,0,0,0,0,0,0,0,0,0,0,0,0,0,0,0,0,0,0,0,0,0,0,0,0,0,0,1,0,0,0,0,0,0,0,0,0,35,1,1,2,39,0,0,2,0,1
3377.ps1,1,1094,1,1093.0,1093,1,1,16,17,22,23,2,1,26,7,133,4,1,6,8,1,2,1,0,0,0,130,0,0,0,0,0,0,0,0,0,0,0,0,0,0,0,0,0,0,0,0,0,0,0,0,0,0,0,0,0,0,0,0,0,0,0,0,0,0,0,0,0,0,0,0,0,0,0,0,0,0,0,0,0,0,0,0,0,0,0,0,0,2,0,0,0,0,0,0,0,0,0,131,1,5,6,136,0,0,15,0,5
3382.ps1,1,2682,1,2681.0,2681,0,1,20,20,17,17,3,3,7,331,54,13,0,0,7,0,0,0,1,0,1,53,0,0,0,0,0,0,0,0,0,0,0,0,0,0,0,0,0,0,0,0,0,0,0,0,0,0,0,0,0,0,0,0,0,0,0,0,0,0,0,0,0,0,0,0,0,0,0,0,0,0,0,0,0,0,0,0,0,0,0,0,0,0,0,0,0,0,0,0,0,0,0,55,1,0,6,53,0,1,7,4,5
3401.ps1,1,2594,1,2593.0,2593,0,3,23,23,21,21,3,3,10,309,55,9,0,0,7,0,0,0,1,0,2,50,0,0,0,0,0,0,0,0,0,0,0,0,0,0,0,0,0,0,0,0,0,0,0,0,0,0,0,0,0,0,0,0,0,0,0,0,0,0,0,0,0,0,0,0,0,0,0,0,0,0,0,0,0,0,0,0,0,0,0,0,0,0,0,0,0,0,0,0,0,0,0,52,1,3,6,53,0,2,10,0,5
3398.ps1,1,2780,1,2779.0,2779,0,0,22,22,24,24,3,3,9,332,59,13,2,0,7,0,0,0,0,0,0,51,0,0,0,0,0,0,0,0,0,0,0,0,0,0,0,0,0,0,0,0,0,0,0,0,0,0,0,0,0,0,0,0,0,0,0,0,0,0,0,0,0,0,0,0,0,0,0,0,0,0,0,0,0,0,0,0,0,0,0,0,0,0,0,0,0,0,0,0,0,0,0,60,2,0,8,53,0,0,14,4,7
3395.ps1,1,2589,1,2588.0,2588,0,1,20,20,16,16,3,3,9,313,52,13,0,0,7,0,0,0,0,0,1,51,0,0,0,0,0,0,0,0,0,0,0,0,0,0,0,0,0,0,0,0,0,0,0,0,0,0,0,0,0,0,0,0,0,0,0,0,0,0,0,0,0,0,0,0,0,0,0,0,0,0,0,0,0,0,0,0,0,0,0,0,0,0,0,0,0,0,0,0,0,0,0,53,1,1,5,52,0,1,6,4,4
3404.ps1,1,501,1,500.0,500,1,2,6,6,4,4,0,0,16,1,63,6,0,12,0,0,0,0,0,0,2,64,0,0,0,0,0,0,0,0,0,0,0,0,0,0,0,0,0,0,0,0,0,0,0,0,0,0,0,0,0,0,0,0,0,0,0,0,0,0,0,0,0,0,0,0,0,0,0,0,0,0,0,0,0,0,0,0,0,0,0,0,0,1,0,0,0,0,0,0,0,0,0,63,1,1,3,65,0,2,2,0,2
3376.ps1,1,2802,1,2801.0,2801,0,2,23,23,21,21,3,3,10,331,80,10,0,0,7,0,0,0,1,0,1,77,0,0,0,0,0,0,0,0,0,0,0,0,0,0,0,0,0,0,0,0,0,0,0,0,0,0,0,0,0,0,0,0,0,0,0,0,0,0,0,0,0,0,0,0,0,0,0,0,0,0,0,0,0,0,0,0,0,0,0,0,0,0,0,0,0,0,0,0,0,0,0,78,1,3,6,80,0,1,11,1,5
3393.ps1,1,2591,1,2590.0,2590,0,0,18,18,15,15,3,3,7,321,52,12,0,0,7,0,0,0,0,0,0,50,0,0,0,0,0,0,0,0,0,0,0,0,0,0,0,0,0,0,0,0,0,0,0,0,0,0,0,0,0,0,0,0,0,0,0,0,0,0,0,0,0,0,0,0,0,0,0,0,0,0,0,0,0,0,0,0,0,0,0,0,0,1,0,0,0,0,0,0,0,0,0,52,1,0,4,51,0,0,6,3,3
3405.ps1,1,2773,1,2772.0,2772,0,2,20,20,20,20,3,3,8,330,81,12,0,0,7,0,0,0,0,0,2,75,0,0,0,0,0,0,0,0,0,0,0,0,0,0,0,0,0,0,0,0,0,0,0,0,0,0,0,0,0,0,0,0,0,0,0,0,0,0,0,0,0,0,0,0,0,0,0,0,0,0,0,0,0,0,0,0,0,0,0,0,0,0,0,0,0,0,0,0,0,0,0,81,1,0,6,75,0,2,9,3,5
3406.ps1,1,2760,1,2759.0,2759,0,0,20,20,16,16,3,3,8,332,77,13,2,0,7,0,0,0,1,0,0,77,0,0,0,0,0,0,0,0,0,0,0,0,0,0,0,0,0,0,0,0,0,0,0,0,0,0,0,0,0,0,0,0,0,0,0,0,0,0,0,0,0,0,0,0,0,0,0,0,0,0,0,0,0,0,0,0,0,0,0,0,0,0,0,0,0,0,0,0,0,0,0,78,2,0,6,79,0,0,6,4,5
3409.ps1,1,2679,1,2678.0,2678,0,2,21,21,17,17,3,3,10,330,53,9,0,0,7,0,0,0,1,0,2,53,0,0,0,0,0,0,0,0,0,0,0,0,0,0,0,0,0,0,0,0,0,0,0,0,0,0,0,0,0,0,0,0,2,0,0,0,0,0,0,0,0,0,0,0,0,0,0,0,0,0,0,0,0,0,0,0,0,0,0,0,0,0,0,0,0,0,0,0,0,0,0,50,1,3,4,56,0,2,6,0,3
341.ps1,1,2635,1,2634.0,2634,0,1,23,23,22,22,3,3,11,314,53,10,0,0,7,0,0,0,0,0,1,49,0,0,0,0,0,0,0,0,0,0,0,0,0,0,0,0,0,0,0,0,0,0,0,0,0,0,0,0,0,0,0,0,0,0,0,0,0,0,0,0,0,0,0,0,0,0,0,0,0,0,0,0,0,0,0,0,0,0,0,0,0,0,0,0,0,0,0,0,0,0,0,51,1,3,6,52,0,1,12,1,5
3402.ps1,1,2757,1,2756.0,2756,0,1,21,21,22,22,3,3,8,323,80,13,0,0,7,0,0,0,0,0,1,73,0,0,0,0,0,0,0,0,0,0,0,0,0,0,0,0,0,0,0,0,0,0,0,0,0,0,0,0,0,0,0,0,0,0,0,0,0,0,0,0,0,0,0,0,0,0,0,0,0,0,0,0,0,0,0,0,0,0,0,0,0,0,0,0,0,0,0,0,0,0,0,81,1,0,7,73,0,1,12,4,6
3415.ps1,1,2772,1,2771.0,2771,0,2,21,21,20,20,3,3,10,330,79,9,0,0,7,0,0,0,1,0,2,76,0,0,0,0,0,0,0,0,0,0,0,0,0,0,0,0,0,0,0,0,0,0,0,0,0,0,0,0,0,0,0,0,0,0,0,0,0,0,0,0,0,0,0,0,0,0,0,0,0,0,0,0,0,0,0,0,0,0,0,0,0,0,0,0,0,0,0,0,0,0,0,76,1,3,4,79,0,2,9,0,3
3412.ps1,1,2782,1,2781.0,2781,0,1,21,21,19,19,3,3,8,332,79,13,0,0,7,0,0,0,0,0,1,75,0,0,0,0,0,0,0,0,0,0,0,0,0,0,0,0,0,0,0,0,0,0,0,0,0,0,0,0,0,0,0,0,0,0,0,0,0,0,0,0,0,0,0,0,0,0,0,0,0,0,0,0,0,0,0,0,0,0,0,0,0,0,0,0,0,0,0,0,0,0,0,80,1,0,7,75,0,1,9,4,6
3416.ps1,1,1116,1,1115.0,1115,0,2,16,16,26,26,1,1,25,5,137,4,0,5,7,0,2,0,1,0,2,130,0,0,0,0,0,0,0,0,0,0,0,0,0,0,0,0,0,0,0,0,0,0,0,0,0,0,0,0,0,0,0,0,0,0,0,0,0,0,0,0,0,0,0,0,0,0,0,0,0,0,0,0,0,0,0,0,0,0,0,0,0,0,0,0,0,0,0,0,0,0,0,135,1,4,7,134,0,2,17,0,6
3432.ps1,1,266,1,265.0,265,0,1,8,8,7,7,0,0,6,2,26,2,0,3,0,0,0,0,1,0,1,26,0,0,0,0,0,0,0,0,0,0,0,0,0,0,0,0,0,0,0,0,0,0,0,0,0,0,0,0,0,0,0,0,0,0,0,0,0,0,0,0,0,0,0,0,0,0,0,0,0,0,0,0,0,0,0,0,0,0,0,0,0,0,0,0,0,0,0,0,0,0,0,27,1,1,6,27,0,1,6,1,5
3418.ps1,1,3009,1,3008.0,3008,0,2,20,20,20,20,3,3,8,386,63,12,0,0,7,0,0,0,0,0,2,57,0,0,0,0,0,0,0,0,0,0,0,0,0,0,0,0,0,0,0,0,0,0,0,0,0,0,0,0,0,0,0,0,0,0,0,0,0,0,0,0,0,0,0,0,0,0,0,0,0,0,0,0,0,0,0,0,0,0,0,0,0,0,0,0,0,0,0,0,0,0,0,63,1,0,6,57,0,2,9,3,5
3434.ps1,1,2773,1,2772.0,2772,0,1,22,22,19,19,3,3,10,332,76,10,0,0,7,0,0,0,1,0,1,75,0,0,0,0,0,0,0,0,0,0,0,0,0,0,0,0,0,0,0,0,0,0,0,0,0,0,0,0,0,0,0,0,0,0,0,0,0,0,0,0,0,0,0,0,0,0,0,0,0,0,0,0,0,0,0,0,0,0,0,0,0,0,0,0,0,0,0,0,0,0,0,74,1,3,5,78,0,1,9,1,4
342.ps1,1,2776,1,2775.0,2775,0,0,11,11,10,10,2,2,20,5,92,11,0,26,13,0,0,0,0,0,0,76,0,0,0,0,0,0,0,0,0,0,0,0,0,0,0,0,0,0,0,0,0,0,0,0,0,0,0,0,0,0,0,0,0,0,0,0,0,0,0,0,0,0,0,0,0,0,0,0,1,0,0,0,0,1,0,0,0,0,0,0,0,2,0,0,0,0,0,0,0,2,0,78,1,0,4,77,0,0,6,3,3
3427.ps1,1,2906,1,2905.0,2905,0,2,18,18,14,14,3,3,8,377,58,12,0,0,7,0,0,0,0,0,2,58,0,0,0,0,0,0,0,0,0,0,0,0,0,0,0,0,0,0,0,0,0,0,0,0,0,0,0,0,0,0,0,0,0,0,0,0,0,0,0,0,0,0,0,0,0,0,0,0,0,0,0,0,0,0,0,0,0,0,0,0,0,0,0,0,0,0,0,0,0,0,0,58,1,0,4,58,0,2,3,3,3
3422.ps1,1,2727,1,2726.0,2726,0,2,18,18,14,14,3,3,8,330,77,12,0,0,7,0,0,0,0,0,2,77,0,0,0,0,0,0,0,0,0,0,0,0,0,0,0,0,0,0,0,0,0,0,0,0,0,0,0,0,0,0,0,0,0,0,0,0,0,0,0,0,0,0,0,0,0,0,0,0,0,0,0,0,0,0,0,0,0,0,0,0,0,0,0,0,0,0,0,0,0,0,0,77,1,0,4,77,0,2,3,3,3
3451.ps1,1,2773,1,2772.0,2772,0,0,20,20,16,16,3,3,8,332,77,14,2,0,7,0,0,0,1,0,0,77,0,0,0,0,0,0,0,0,0,0,0,0,0,0,0,0,0,0,0,0,0,0,0,0,0,0,0,0,0,0,0,0,0,0,0,0,0,0,0,0,0,0,0,0,0,0,0,0,0,0,0,0,0,0,0,0,0,0,0,0,0,0,0,0,0,0,0,0,0,0,0,78,2,0,6,79,0,0,6,4,5
3440.ps1,1,2643,1,2642.0,2642,0,1,20,20,16,16,3,3,8,314,74,13,0,0,7,0,0,0,0,0,1,73,0,0,0,0,0,0,0,0,0,0,0,0,0,0,0,0,0,0,0,0,0,0,0,0,0,0,0,0,0,0,0,0,0,0,0,0,0,0,0,0,0,0,0,0,0,0,0,0,0,0,0,0,0,0,0,0,0,0,0,0,0,0,0,0,0,0,0,0,0,0,0,75,1,0,6,73,0,1,6,4,5
3442.ps1,1,2703,1,2702.0,2702,0,2,22,22,20,20,3,3,10,330,55,9,0,0,7,0,0,0,1,0,2,52,0,0,0,0,0,0,0,0,0,0,0,0,0,0,0,0,0,0,0,0,0,0,0,0,0,0,0,0,0,0,0,0,0,0,0,0,0,0,0,0,0,0,0,0,0,0,0,0,0,0,0,0,0,0,0,0,0,0,0,0,0,0,0,0,0,0,0,0,0,0,0,52,1,3,5,55,0,2,9,0,4
3474.ps1,1,1227,1,1226.0,1226,1,0,16,16,25,25,2,2,28,7,128,5,2,5,9,0,2,0,1,0,0,125,0,0,0,0,0,0,0,0,0,0,0,0,0,0,0,0,0,0,0,0,0,0,0,0,0,0,0,0,0,0,0,0,0,0,0,0,0,0,0,0,0,0,0,0,0,0,0,0,0,0,0,0,0,0,0,0,0,0,0,0,0,1,0,0,0,0,0,0,0,0,0,127,2,4,7,131,0,0,15,1,6
3465.ps1,1,2677,1,2676.0,2676,0,0,19,19,18,18,3,3,7,330,55,12,0,0,7,0,0,0,0,0,0,50,0,0,0,0,0,0,0,0,0,0,0,0,0,0,0,0,0,0,0,0,0,0,0,0,0,0,0,0,0,0,0,0,0,0,0,0,0,0,0,0,0,0,0,0,0,0,0,0,0,0,0,0,0,0,0,0,0,0,0,0,0,1,0,0,0,0,0,0,0,0,0,55,1,0,5,51,0,0,9,3,4
3458.ps1,1,2782,1,2781.0,2781,0,1,24,24,20,20,3,3,11,332,79,10,2,0,7,0,0,0,1,0,0,77,0,0,0,0,0,0,0,0,0,0,0,0,0,0,0,0,0,0,0,0,0,0,0,0,0,0,0,0,0,0,0,0,0,0,0,0,0,0,0,0,0,0,0,0,0,0,0,0,0,0,0,0,0,0,0,0,0,0,0,0,0,0,0,0,0,0,0,0,0,0,0,77,2,3,7,82,0,0,10,1,6
3475.ps1,1,2710,1,2709.0,2709,0,0,22,22,22,22,3,3,9,314,78,14,2,0,7,0,0,0,0,0,0,72,0,0,0,0,0,0,0,0,0,0,0,0,0,0,0,0,0,0,0,0,0,0,0,0,0,0,0,0,0,0,0,0,0,0,0,0,0,0,0,0,0,0,0,0,0,0,0,0,0,0,0,0,0,0,0,0,0,0,0,0,0,0,0,0,0,0,0,0,0,0,0,79,2,0,8,74,0,0,12,4,7
3493.ps1,1,2810,1,2809.0,2809,0,2,21,21,17,17,3,3,10,357,55,10,0,0,7,0,0,0,1,0,1,55,0,0,0,0,0,0,0,0,0,0,0,0,0,0,0,0,0,0,0,0,0,0,0,0,0,0,0,0,0,0,0,0,0,0,0,0,0,0,0,0,0,0,0,0,0,0,0,0,0,0,0,0,0,0,0,0,0,0,0,0,0,0,0,0,0,0,0,0,0,0,0,53,1,3,4,58,0,1,7,1,3
3473.ps1,1,2994,1,2993.0,2993,0,2,23,23,21,21,5,5,12,313,61,20,0,0,12,0,0,0,3,0,2,58,0,0,0,0,0,0,0,0,0,0,0,0,0,0,0,0,0,0,0,0,0,0,0,0,0,0,0,0,0,0,0,0,0,0,0,0,0,0,0,0,0,0,0,0,0,0,0,0,0,0,0,1,0,0,0,0,0,0,0,0,0,2,0,0,0,0,0,0,0,0,0,61,1,0,6,58,0,2,7,4,5
3503.ps1,1,2779,1,2778.0,2778,0,1,22,22,19,19,3,3,11,332,77,10,0,0,7,0,0,0,0,0,1,76,0,0,0,0,0,0,0,0,0,0,0,0,0,0,0,0,0,0,0,0,0,0,0,0,0,0,0,0,0,0,0,0,0,0,0,0,0,0,0,0,0,0,0,0,0,0,0,0,0,0,0,0,0,0,0,0,0,0,0,0,0,0,0,0,0,0,0,0,0,0,0,75,1,3,5,79,0,1,9,1,4
3477.ps1,1,2780,1,2779.0,2779,0,2,20,20,20,20,3,3,8,330,81,12,0,0,7,0,0,0,0,0,2,75,0,0,0,0,0,0,0,0,0,0,0,0,0,0,0,0,0,0,0,0,0,0,0,0,0,0,0,0,0,0,0,0,0,0,0,0,0,0,0,0,0,0,0,0,0,0,0,0,0,0,0,0,0,0,0,0,0,0,0,0,0,0,0,0,0,0,0,0,0,0,0,81,1,0,6,75,0,2,9,3,5
3501.ps1,1,1084,1,1083.0,1083,0,1,13,13,19,19,1,1,21,6,135,9,0,5,7,0,2,0,1,0,1,133,0,0,0,0,0,0,0,0,0,0,0,0,0,0,0,0,0,0,0,0,0,0,0,0,0,0,0,0,0,0,0,0,0,0,0,0,0,0,0,0,0,0,0,0,0,0,0,0,0,0,0,0,0,0,0,0,0,0,0,0,0,1,0,0,0,0,0,0,0,0,0,138,1,0,8,133,0,1,11,5,7
3487.ps1,1,2736,1,2735.0,2735,0,0,14,14,13,13,2,2,23,5,88,8,0,19,11,0,0,0,0,0,0,52,0,0,0,0,0,0,0,0,0,0,0,0,0,0,0,0,0,0,0,0,0,0,0,0,0,0,0,0,0,0,0,0,0,0,0,0,0,0,0,0,0,0,0,0,0,0,0,0,0,0,0,0,0,1,0,0,0,0,0,0,0,2,0,0,0,0,0,0,0,3,0,51,1,3,4,56,0,0,9,0,3
3469.ps1,1,2685,1,2684.0,2684,0,3,21,21,18,18,3,3,10,330,55,9,0,0,7,0,0,0,1,0,2,53,0,0,0,0,0,0,0,0,0,0,0,0,0,0,0,0,0,0,0,0,0,0,0,0,0,0,0,0,0,0,0,0,0,0,0,0,0,0,0,0,0,0,0,0,0,0,0,0,0,0,0,0,0,0,0,0,0,0,0,0,0,0,0,0,0,0,0,0,0,0,0,52,1,3,4,56,0,2,7,0,3
348.ps1,1,2626,1,2625.0,2625,0,1,21,21,16,16,3,3,10,312,74,9,0,0,7,0,0,0,0,0,0,73,0,0,0,0,0,0,0,0,0,0,0,0,0,0,0,0,0,0,0,0,0,0,0,0,0,0,0,0,0,0,0,0,0,0,0,0,0,0,0,0,0,0,0,0,0,0,0,0,0,0,0,0,0,0,0,0,0,0,0,0,0,1,0,0,0,0,0,0,0,0,0,71,1,3,4,77,0,0,7,0,3
3509.ps1,1,1095,1,1094.0,1094,0,0,13,13,19,19,1,1,25,5,144,5,0,5,7,0,2,0,0,0,0,142,0,0,0,0,0,0,0,0,0,0,0,0,0,0,0,0,0,0,0,0,0,0,0,0,0,0,0,0,0,0,0,0,0,0,0,0,0,0,0,0,0,0,0,0,0,0,0,0,0,0,0,0,0,0,0,0,0,0,0,0,1,1,0,0,0,0,0,0,0,0,0,142,1,4,4,147,0,0,12,0,3
3500.ps1,1,3125,1,3124.0,3124,0,2,20,20,17,17,3,3,7,413,63,12,0,0,7,0,0,0,1,0,2,60,0,0,0,0,0,0,0,0,0,0,0,0,0,0,0,0,0,0,0,0,0,0,0,0,0,0,0,0,0,0,0,0,0,0,0,0,0,0,0,0,0,0,0,0,0,0,0,0,0,0,0,0,0,0,0,0,0,0,0,0,0,0,0,0,0,0,0,0,0,0,0,63,1,0,6,60,0,2,6,3,5
35.ps1,1,565,1,564.0,564,1,0,6,6,2,2,2,2,10,2,76,9,2,11,0,0,0,0,0,0,0,79,0,0,0,0,0,0,0,0,0,0,0,0,0,0,0,0,0,0,0,0,0,0,0,0,0,0,0,0,0,0,0,0,0,0,0,0,0,0,0,0,0,0,0,0,0,0,0,1,0,0,0,0,0,0,0,0,0,0,0,0,0,1,0,0,0,0,0,0,0,0,0,78,2,0,5,81,0,0,1,1,4
3505.ps1,1,2788,1,2787.0,2787,0,2,22,22,20,20,3,3,10,332,79,10,0,0,7,0,0,0,1,0,1,76,0,0,0,0,0,0,0,0,0,0,0,0,0,0,0,0,0,0,0,0,0,0,0,0,0,0,0,0,0,0,0,0,0,0,0,0,0,0,0,0,0,0,0,0,0,0,0,0,0,0,0,0,0,0,0,0,0,0,0,0,0,0,0,0,0,0,0,0,0,0,0,77,1,3,5,79,0,1,10,1,4
3502.ps1,1,2879,1,2878.0,2878,0,2,21,21,17,17,3,3,10,367,57,9,0,0,7,0,0,0,1,0,2,57,0,0,0,0,0,0,0,0,0,0,0,0,0,0,0,0,0,0,0,0,0,0,0,0,0,0,0,0,0,0,0,0,0,0,0,0,0,0,0,0,0,0,0,0,0,0,0,0,0,0,0,0,0,0,0,0,0,0,0,0,0,0,0,0,0,0,0,0,0,0,0,54,1,3,4,60,0,2,6,0,3
3511.ps1,1,2727,1,2726.0,2726,0,2,19,19,14,14,3,3,7,330,77,12,0,0,7,0,0,0,1,0,2,77,0,0,0,0,0,0,0,0,0,0,0,0,0,0,0,0,0,0,0,0,0,0,0,0,0,0,0,0,0,0,0,0,0,0,0,0,0,0,0,0,0,0,0,0,0,0,0,0,0,0,0,0,0,0,0,0,0,0,0,0,0,0,0,0,0,0,0,0,0,0,0,77,1,0,5,77,0,2,3,3,4
3506.ps1,1,2990,1,2989.0,2989,0,2,18,18,14,14,3,3,8,393,59,12,0,0,7,0,0,0,0,0,2,59,0,0,0,0,0,0,0,0,0,0,0,0,0,0,0,0,0,0,0,0,0,0,0,0,0,0,0,0,0,0,0,0,0,0,0,0,0,0,0,0,0,0,0,0,0,0,0,0,0,0,0,0,0,0,0,0,0,0,0,0,0,0,0,0,0,0,0,0,0,0,0,59,1,0,4,59,0,2,3,3,3
3532.ps1,1,2728,1,2727.0,2727,0,2,23,23,23,23,3,3,11,330,57,9,0,0,7,0,0,0,0,0,2,51,0,0,0,0,0,0,0,0,0,0,0,0,0,0,0,0,0,0,0,0,0,0,0,0,0,0,0,0,0,0,0,0,0,0,0,0,0,0,0,0,0,0,0,0,0,0,0,0,0,0,0,0,0,0,0,0,0,0,0,0,0,0,0,0,0,0,0,0,0,0,0,54,1,3,6,54,0,2,12,0,5
3563.ps1,1,3218,1,3217.0,3217,0,3,28,28,32,32,5,5,17,331,96,11,0,0,11,0,0,0,2,0,2,85,0,0,0,0,0,0,0,0,0,0,0,0,0,0,0,0,0,0,0,0,0,0,0,0,0,0,0,0,0,0,0,0,0,0,0,0,0,0,0,0,0,0,0,0,0,0,0,0,0,0,0,1,0,0,0,0,0,0,0,0,0,2,0,0,0,0,0,0,0,0,0,92,1,4,7,89,0,2,18,0,6
3541.ps1,1,1215,1,1214.0,1214,0,3,17,17,21,22,2,2,31,8,123,4,1,5,9,0,2,1,2,1,2,125,0,0,0,0,0,0,0,0,0,0,0,0,0,0,0,0,0,0,0,0,0,0,0,0,0,0,0,0,0,0,0,0,0,0,0,0,0,0,0,0,0,0,0,0,0,0,0,0,0,0,0,0,0,0,0,0,0,0,0,0,0,0,0,0,0,0,0,0,0,0,0,121,1,6,6,131,0,2,10,0,5
353.ps1,1,2871,1,2870.0,2870,0,2,19,19,17,17,3,3,7,365,58,12,0,0,7,0,0,0,1,0,2,55,0,0,0,0,0,0,0,0,0,0,0,0,0,0,0,0,0,0,0,0,0,0,0,0,0,0,0,0,0,0,0,0,0,0,0,0,0,0,0,0,0,0,0,0,0,0,0,0,0,0,0,0,0,0,0,0,0,0,0,0,0,0,0,0,0,0,0,0,0,0,0,58,1,0,5,55,0,2,6,3,4
3556.ps1,1,2690,1,2689.0,2689,0,2,21,21,17,17,3,3,11,332,53,10,0,0,7,0,0,0,0,0,1,53,0,0,0,0,0,0,0,0,0,0,0,0,0,0,0,0,0,0,0,0,0,0,0,0,0,0,0,0,0,0,0,0,0,0,0,0,0,0,0,0,0,0,0,0,0,0,0,0,0,0,0,0,0,0,0,0,0,0,0,0,0,0,0,0,0,0,0,0,0,0,0,51,1,3,4,56,0,1,7,1,3
3552.ps1,1,3360,1,3360.0,3360,0,0,22,22,10,10,15,15,19,5,95,98,2,0,8,0,0,0,1,0,0,93,2,0,0,0,0,0,0,0,0,0,0,0,0,24,0,0,0,0,0,0,0,0,0,8,3,0,0,0,0,0,0,0,0,0,0,0,0,0,0,0,0,0,0,0,0,0,0,8,0,0,0,0,0,0,0,0,0,0,0,0,0,0,0,0,0,0,0,0,0,0,0,91,2,3,5,98,0,0,9,1,4
354.ps1,1,2876,1,2875.0,2875,0,1,21,21,16,16,3,3,11,357,78,10,0,0,7,0,0,0,0,0,1,80,0,0,0,0,0,0,0,0,0,0,0,0,0,0,0,0,0,0,0,0,0,0,0,0,0,0,0,0,0,0,0,0,0,0,0,0,0,0,0,0,0,0,0,0,0,0,0,0,0,0,0,0,0,0,0,0,0,0,0,0,0,0,0,0,0,0,0,0,0,0,0,76,1,3,4,83,0,1,6,1,3
3546.ps1,1,1095,1,1094.0,1094,0,0,11,11,15,15,1,1,22,7,147,9,2,5,7,0,2,0,1,0,0,149,0,0,0,0,0,0,0,0,0,0,0,0,0,0,0,0,0,0,0,0,0,0,0,0,0,0,0,0,0,0,0,0,0,0,0,0,0,0,0,0,0,0,0,0,0,0,0,0,0,0,0,0,0,0,0,0,0,0,0,0,0,1,0,0,0,0,0,0,0,1,0,150,2,0,6,151,0,0,7,5,5
355.ps1,1,325,1,324.0,324,0,1,6,6,3,3,6,6,8,2,37,4,0,4,0,0,0,0,0,0,1,39,0,0,0,0,0,0,0,0,0,0,0,0,0,0,0,0,0,0,0,0,0,0,0,0,0,0,0,0,0,0,0,0,0,0,0,0,0,0,0,0,0,0,0,0,1,0,0,1,0,0,0,0,0,0,0,0,0,0,0,0,0,0,0,0,0,0,0,0,0,0,0,39,1,0,5,39,0,1,2,1,4
3547.ps1,1,1026,1,1025.0,1025,0,1,15,15,22,22,1,1,25,7,110,5,0,5,7,0,2,0,1,0,1,108,0,0,0,0,0,0,0,0,0,0,0,0,0,0,0,0,0,0,0,0,0,0,0,0,0,0,0,0,0,0,0,0,0,0,0,0,0,0,0,0,0,0,0,0,0,0,0,0,0,0,0,0,0,0,0,0,0,0,0,0,0,1,0,0,0,0,0,0,0,0,0,109,1,4,6,112,0,1,14,1,5
3515.ps1,1,2747,1,2746.0,2746,0,3,15,15,13,13,2,2,23,5,104,8,0,25,13,0,0,0,1,0,2,77,0,0,0,0,0,0,0,0,0,0,0,0,0,0,0,0,0,0,0,0,0,0,0,0,0,0,0,0,0,0,0,0,3,0,0,0,0,0,0,0,0,0,0,0,0,0,0,0,1,0,0,0,0,1,0,0,0,0,0,0,0,1,0,0,0,0,0,0,0,4,0,76,1,3,5,80,0,2,7,0,4
357.ps1,1,2607,1,2606.0,2606,0,2,22,22,18,18,3,3,11,313,52,10,0,0,7,0,0,0,0,0,1,52,0,0,0,0,0,0,0,0,0,0,0,0,0,0,0,0,0,0,0,0,0,0,0,0,0,0,0,0,0,0,0,0,0,0,0,0,0,0,0,0,0,0,0,0,0,0,0,0,0,0,0,0,0,0,0,0,0,0,0,0,0,0,0,0,0,0,0,0,0,0,0,50,1,3,5,55,0,1,8,1,4
3573.ps1,1,2768,1,2767.0,2767,0,1,20,20,16,16,3,3,9,331,78,13,0,0,7,0,0,0,0,0,1,77,0,0,0,0,0,0,0,0,0,0,0,0,0,0,0,0,0,0,0,0,0,0,0,0,0,0,0,0,0,0,0,0,3,0,0,0,0,0,0,0,0,0,0,0,0,0,0,0,0,0,0,0,0,0,0,0,0,0,0,0,0,0,0,0,0,0,0,0,0,0,0,79,1,1,5,78,0,1,6,4,4
3579.ps1,1,2765,1,2764.0,2764,0,0,19,19,18,18,3,3,7,330,79,13,0,0,7,0,0,0,0,0,0,74,0,0,0,0,0,0,0,0,0,0,0,0,0,0,0,0,0,0,0,0,0,0,0,0,0,0,0,0,0,0,0,0,0,0,0,0,0,0,0,0,0,0,0,0,0,0,0,0,0,0,0,0,0,0,0,0,0,0,0,0,1,0,0,0,0,0,0,0,0,0,0,79,1,0,5,75,0,0,9,3,4
3566.ps1,1,2681,1,2680.0,2680,0,1,19,19,16,16,3,3,8,332,53,13,0,0,7,0,0,0,0,0,1,52,0,0,0,0,0,0,0,0,0,0,0,0,0,0,0,0,0,0,0,0,0,0,0,0,0,0,0,0,0,0,0,0,0,0,0,0,0,0,0,0,0,0,0,0,0,0,0,0,0,0,0,0,0,0,0,0,0,0,0,0,0,0,0,0,0,0,0,0,0,0,0,54,1,0,5,52,0,1,6,4,4
3568.ps1,1,2779,1,2778.0,2778,0,2,20,20,20,20,3,3,8,330,81,12,0,0,7,0,0,0,0,0,2,75,0,0,0,0,0,0,0,0,0,0,0,0,0,0,0,0,0,0,0,0,0,0,0,0,0,0,0,0,0,0,0,0,0,0,0,0,0,0,0,0,0,0,0,0,0,0,0,0,0,0,0,0,0,0,0,0,0,0,0,0,0,0,0,0,0,0,0,0,0,0,0,81,1,0,6,75,0,2,9,3,5
3570.ps1,1,2550,1,2549.0,2549,0,0,20,20,16,16,3,3,8,305,50,13,2,0,7,0,0,0,1,0,0,50,0,0,0,0,0,0,0,0,0,0,0,0,0,0,0,0,0,0,0,0,0,0,0,0,0,0,0,0,0,0,0,0,0,0,0,0,0,0,0,0,0,0,0,0,0,0,0,0,0,0,0,0,0,0,0,0,0,0,0,0,0,0,0,0,0,0,0,0,0,0,0,51,2,0,6,52,0,0,6,4,5
3620.ps1,1,2712,1,2711.0,2711,0,0,23,23,22,22,3,3,12,314,76,11,2,0,7,0,0,0,0,0,0,73,0,0,0,0,0,0,0,0,0,0,0,0,0,0,0,0,0,0,0,0,0,0,0,0,0,0,0,0,0,0,0,0,0,0,0,0,0,0,0,0,0,0,0,0,0,0,0,0,0,0,0,0,0,0,0,0,0,0,0,0,0,0,0,0,0,0,0,0,0,0,0,74,2,3,6,78,0,0,12,1,5
3605.ps1,1,2750,1,2749.0,2749,0,2,20,20,17,17,3,3,8,330,79,12,0,0,7,0,0,0,0,0,2,76,0,0,0,0,0,0,0,0,0,0,0,0,0,0,0,0,0,0,0,0,0,0,0,0,0,0,0,0,0,0,0,0,0,0,0,0,0,0,0,0,0,0,0,0,0,0,0,0,0,0,0,0,0,0,0,0,0,0,0,0,0,0,0,0,0,0,0,0,0,0,0,79,1,0,6,76,0,2,6,3,5
3598.ps1,1,620,1,619.0,619,0,0,14,14,15,15,1,1,12,5,61,9,0,3,0,0,0,0,0,0,0,58,0,0,0,0,0,0,0,0,0,0,0,0,0,0,0,0,0,0,0,0,0,0,0,0,0,0,0,0,0,0,0,0,0,0,0,0,0,0,0,0,0,0,0,0,0,0,0,0,0,0,0,0,0,0,0,0,0,0,0,0,0,1,0,0,0,0,0,0,0,0,0,61,1,4,6,63,0,0,15,0,5
3608.ps1,1,1226,1,1225.0,1225,0,2,15,14,19,20,1,1,27,7,167,5,0,6,8,1,2,0,1,0,1,167,0,0,0,0,0,0,0,0,0,0,0,0,0,0,0,0,0,0,0,0,0,0,0,0,0,0,0,0,0,0,0,0,0,0,0,0,0,0,0,0,0,0,0,0,0,0,0,0,0,0,0,0,0,0,0,0,0,0,0,0,0,1,0,0,0,0,0,0,0,0,0,166,1,4,5,171,0,1,10,1,4
3612.ps1,1,1157,1,1156.0,1156,0,2,15,15,20,20,1,1,28,6,139,5,0,5,8,0,2,0,0,0,1,139,0,0,0,0,0,0,0,0,0,0,0,0,0,0,0,0,0,0,0,0,0,0,0,0,0,0,0,0,0,0,0,0,0,0,0,0,0,0,0,0,0,0,0,0,0,0,0,0,0,0,0,0,0,0,0,0,0,0,0,0,0,0,0,0,0,0,0,0,0,0,0,138,1,4,6,143,0,1,11,1,5
3597.ps1,1,2777,1,2776.0,2776,0,1,21,21,19,19,3,3,11,332,77,10,0,0,7,0,0,0,0,0,1,76,0,0,0,0,0,0,0,0,0,0,0,0,0,0,0,0,0,0,0,0,0,0,0,0,0,0,0,0,0,0,0,0,0,0,0,0,0,0,0,0,0,0,0,0,0,0,0,0,0,0,0,0,0,0,0,0,0,0,0,0,0,0,0,0,0,0,0,0,0,0,0,75,1,3,4,79,0,1,9,1,3
3574.ps1,1,3015,1,3014.0,3014,0,2,25,25,27,27,5,5,13,313,65,15,0,0,11,0,0,0,2,0,2,56,0,0,0,0,0,0,0,0,0,0,0,0,0,0,0,0,0,0,0,0,0,0,0,0,0,0,0,0,0,0,0,0,0,0,0,0,0,0,0,0,0,0,0,0,0,0,0,0,0,0,0,1,0,0,0,0,0,0,0,0,0,2,0,0,0,0,0,0,0,0,0,65,1,0,8,56,0,2,13,4,7
3627.ps1,1,2610,1,2609.0,2609,0,1,21,21,19,19,3,3,10,314,51,10,0,0,7,0,0,0,1,0,1,50,0,0,0,0,0,0,0,0,0,0,0,0,0,0,0,0,0,0,0,0,0,0,0,0,0,0,0,0,0,0,0,0,0,0,0,0,0,0,0,0,0,0,0,0,0,0,0,0,0,0,0,0,0,0,0,0,0,0,0,0,0,0,0,0,0,0,0,0,0,0,0,49,1,3,4,53,0,1,9,1,3
3629.ps1,1,2782,1,2781.0,2781,0,1,21,21,19,19,3,3,7,332,79,13,0,0,7,0,0,0,1,0,1,75,0,0,0,0,0,0,0,0,0,0,0,0,0,0,0,0,0,0,0,0,0,0,0,0,0,0,0,0,0,0,0,0,0,0,0,0,0,0,0,0,0,0,0,0,0,0,0,0,0,0,0,0,0,0,0,0,0,0,0,0,0,0,0,0,0,0,0,0,0,0,0,80,1,0,7,75,0,1,9,4,6
3636.ps1,1,2684,1,2683.0,2683,0,1,20,20,16,16,3,3,7,332,53,13,0,0,7,0,0,0,1,0,1,52,0,0,0,0,0,0,0,0,0,0,0,0,0,0,0,0,0,0,0,0,0,0,0,0,0,0,0,0,0,0,0,0,0,0,0,0,0,0,0,0,0,0,0,0,0,0,0,0,0,0,0,0,0,0,0,0,0,0,0,0,0,0,0,0,0,0,0,0,0,0,0,54,1,0,6,52,0,1,6,4,5
3638.ps1,1,3159,1,3158.0,3158,0,1,26,26,24,24,5,5,16,333,88,12,0,0,11,0,0,0,3,0,1,87,0,0,0,0,0,0,0,0,0,0,0,0,0,0,0,0,0,0,0,0,0,0,0,0,0,0,0,0,0,0,0,0,0,0,0,0,0,0,0,0,0,0,0,0,0,0,0,0,0,0,0,0,0,0,0,0,0,0,0,0,0,2,0,0,0,0,0,0,0,0,0,85,1,4,5,91,0,1,11,1,4
3651.ps1,1,1074,1,1073.0,1073,0,2,15,16,18,19,2,1,27,6,132,6,1,5,7,1,2,1,2,0,1,131,0,0,0,0,0,0,0,0,0,0,0,0,0,0,0,0,0,0,0,0,0,0,0,0,0,0,0,0,0,0,0,0,0,0,0,0,0,0,0,0,0,0,0,0,0,0,0,0,0,0,0,0,0,0,0,0,0,0,0,0,0,1,0,0,0,0,0,0,0,0,0,130,1,5,5,136,0,1,10,1,4
3657.ps1,1,2778,1,2777.0,2777,0,0,23,23,19,19,3,3,11,332,77,10,2,0,7,0,0,0,1,0,0,77,0,0,0,0,0,0,0,0,0,0,0,0,0,0,0,0,0,0,0,0,0,0,0,0,0,0,0,0,0,0,0,0,0,0,0,0,0,0,0,0,0,0,0,0,0,0,0,0,0,0,0,0,0,0,0,0,0,0,0,0,0,0,0,0,0,0,0,0,0,0,0,75,2,3,6,82,0,0,9,1,5
3664.ps1,1,2660,1,2659.0,2659,0,2,18,18,14,14,3,3,7,330,52,12,0,0,7,0,0,0,1,0,2,52,0,0,0,0,0,0,0,0,0,0,0,0,0,0,0,0,0,0,0,0,0,0,0,0,0,0,0,0,0,0,0,0,0,0,0,0,0,0,0,0,0,0,0,0,0,0,0,0,0,0,0,0,0,0,0,0,0,0,0,0,0,0,0,0,0,0,0,0,0,0,0,52,1,0,4,52,0,2,3,3,3
369.ps1,1,2648,1,2647.0,2647,0,0,21,21,16,16,3,3,9,314,74,13,2,0,7,0,0,0,0,0,0,74,0,0,0,0,0,0,0,0,0,0,0,0,0,0,0,0,0,0,0,0,0,0,0,0,0,0,0,0,0,0,0,0,0,0,0,0,0,0,0,0,0,0,0,0,0,0,0,0,0,0,0,0,0,0,0,0,0,0,0,0,0,0,0,0,0,0,0,0,0,0,0,75,2,0,7,76,0,0,6,4,6
3688.ps1,1,619,1,618.0,618,0,1,4,4,4,4,22,22,7,4,80,10,0,0,1,0,0,0,0,0,1,82,0,0,0,0,0,0,0,0,0,0,0,0,0,0,0,0,0,0,0,0,0,0,0,0,0,0,0,0,0,0,0,0,0,0,0,0,0,0,0,0,0,0,0,0,0,0,0,1,0,0,0,0,0,0,0,0,0,0,0,0,0,0,0,0,0,0,0,0,0,0,0,82,1,0,5,82,0,1,3,2,4
3686.ps1,1,2745,1,2744.0,2744,0,1,23,23,23,23,3,3,11,331,56,10,0,0,7,0,0,0,0,0,1,52,0,0,0,0,0,0,0,0,0,0,0,0,0,0,0,0,0,0,0,0,0,0,0,0,0,0,0,0,0,0,0,0,0,0,0,0,0,0,0,0,0,0,0,0,0,0,0,0,0,0,0,0,0,0,0,0,0,0,0,0,0,0,0,0,0,0,0,0,0,0,0,54,1,3,6,55,0,1,13,1,5
3674.ps1,1,1182,1,1181.0,1181,0,0,16,16,28,27,1,2,26,6,149,5,1,6,8,0,2,0,0,1,0,142,0,0,0,0,0,0,0,0,0,0,0,0,0,0,0,0,0,0,0,0,0,0,0,0,0,0,0,0,0,0,0,0,0,0,0,0,0,0,0,0,0,0,0,0,0,0,0,0,0,0,0,0,0,0,0,0,0,0,0,0,1,0,0,0,0,0,0,0,0,0,0,147,1,5,6,148,0,0,20,0,5
3662.ps1,1,1117,1,1116.0,1116,0,2,13,12,20,20,3,2,23,5,120,10,0,6,9,0,2,0,0,0,2,116,0,0,0,0,0,0,0,0,0,0,0,0,0,0,0,0,0,0,0,0,0,0,0,0,0,0,0,0,0,0,0,0,0,0,0,0,0,0,0,0,0,0,0,0,0,0,0,0,0,0,0,0,0,0,0,0,0,0,0,0,0,0,0,0,0,0,0,0,0,0,0,122,1,0,7,116,0,2,10,4,6
3692.ps1,1,2694,1,2693.0,2693,0,0,20,20,18,18,3,3,7,330,55,13,0,0,7,0,0,0,0,0,0,50,0,0,0,0,0,0,0,0,0,0,0,0,0,0,0,0,0,0,0,0,0,0,0,0,0,0,0,0,0,0,0,0,0,0,0,0,0,0,0,0,0,0,0,0,0,0,0,0,0,0,0,0,0,0,0,0,0,0,0,0,1,0,0,0,0,0,0,0,0,0,0,55,1,0,6,51,0,0,9,3,5
3690.ps1,1,2801,1,2800.0,2800,0,2,22,22,23,23,3,3,11,330,81,9,0,0,7,0,0,0,0,0,2,75,0,0,0,0,0,0,0,0,0,0,0,0,0,0,0,0,0,0,0,0,0,0,0,0,0,0,0,0,0,0,0,0,0,0,0,0,0,0,0,0,0,0,0,0,0,0,0,0,0,0,0,0,0,0,0,0,0,0,0,0,0,0,0,0,0,0,0,0,0,0,0,78,1,3,5,78,0,2,12,0,4
3691.ps1,1,1054,1,1053.0,1053,0,3,16,16,19,19,1,1,26,7,122,5,1,6,7,0,3,1,1,0,2,122,0,0,0,0,0,0,0,0,0,0,0,0,0,0,0,0,0,0,0,0,0,0,0,0,0,0,0,0,0,0,0,0,0,0,0,0,0,0,0,0,0,0,0,0,0,0,0,0,0,0,0,0,0,0,0,0,0,0,0,0,0,1,0,0,0,0,0,0,0,0,0,120,1,5,6,127,0,2,10,0,5
3683.ps1,1,2625,1,2624.0,2624,0,3,21,21,15,15,3,3,11,309,74,9,0,0,7,0,0,0,0,0,2,75,0,0,0,0,0,0,0,0,0,0,0,0,0,0,0,0,0,0,0,0,0,0,0,0,0,0,0,0,0,0,0,0,0,0,0,0,0,0,0,0,0,0,0,0,0,0,0,0,0,0,0,0,0,0,0,0,0,0,0,0,0,0,0,0,0,0,0,0,0,0,0,71,1,3,4,78,0,2,4,0,3
3695.ps1,1,3967,1,3966.0,3966,0,1,19,19,13,13,3,3,8,561,109,13,0,0,7,0,0,0,0,0,1,111,0,0,0,0,0,0,0,0,0,0,0,0,0,0,0,0,0,0,0,0,0,0,0,0,0,0,0,0,0,0,0,0,0,0,0,0,0,0,0,0,0,0,0,0,0,0,0,0,0,0,0,0,0,0,0,0,0,0,0,0,0,0,0,0,0,0,0,0,0,0,0,110,1,0,5,111,0,1,3,4,4
3701.ps1,1,5533,1,5533.0,5533,0,2,109,109,50,50,27,27,26,25,127,124,0,2,63,0,0,0,0,0,1,104,0,0,2,0,0,0,0,0,0,0,0,0,0,0,0,1,0,0,0,0,0,0,0,0,0,0,1,0,0,0,0,0,0,0,0,0,0,0,0,0,0,0,0,0,0,0,0,3,0,0,0,0,0,0,0,0,0,0,0,0,0,0,0,0,0,0,0,0,0,2,0,108,1,5,8,109,0,1,18,1,7
3702.ps1,1,1288,1,1287.0,1287,0,1,15,15,18,18,4,4,28,6,164,8,0,5,10,0,2,0,1,0,1,166,0,0,0,0,0,0,0,0,0,0,0,0,0,0,0,0,0,0,0,0,0,0,0,0,0,0,0,0,0,0,0,0,0,0,0,0,0,0,0,0,0,0,0,0,0,0,0,0,0,0,0,0,0,0,0,0,0,0,0,0,0,0,0,0,0,0,0,0,0,0,0,163,1,5,4,171,0,1,9,1,3
3709.ps1,1,1179,1,1178.0,1178,0,0,15,15,26,26,1,2,22,8,149,10,3,6,8,0,2,0,2,0,0,143,0,0,0,0,0,0,0,0,0,0,0,0,0,0,0,0,0,0,0,0,0,0,0,0,0,0,0,0,0,0,0,0,0,0,0,0,0,0,0,0,0,0,0,0,0,0,0,0,0,0,0,0,0,0,0,0,0,0,0,0,0,1,0,0,0,0,0,0,0,0,0,153,2,0,10,145,0,0,17,6,9
370.ps1,1,2679,1,2678.0,2678,0,3,24,24,24,24,3,3,10,321,58,9,0,0,7,0,0,0,1,0,2,50,0,0,0,0,0,0,0,0,0,0,0,0,0,0,0,0,0,0,0,0,0,0,0,0,0,0,0,0,0,0,0,0,0,0,0,0,0,0,0,0,0,0,0,0,0,0,0,0,0,0,0,0,0,0,0,0,0,0,0,0,0,0,0,0,0,0,0,0,0,0,0,55,1,3,7,53,0,2,13,0,6
3706.ps1,1,2788,1,2787.0,2787,0,3,22,22,21,21,3,3,10,330,81,9,0,0,7,0,0,0,1,0,2,76,0,0,0,0,0,0,0,0,0,0,0,0,0,0,0,0,0,0,0,0,0,0,0,0,0,0,0,0,0,0,0,0,0,0,0,0,0,0,0,0,0,0,0,0,0,0,0,0,0,0,0,0,0,0,0,0,0,0,0,0,0,0,0,0,0,0,0,0,0,0,0,78,1,3,5,79,0,2,10,0,4
3704.ps1,1,2703,1,2702.0,2702,0,1,22,22,22,22,3,3,7,314,78,13,0,0,7,0,0,0,1,0,1,71,0,0,0,0,0,0,0,0,0,0,0,0,0,0,0,0,0,0,0,0,0,0,0,0,0,0,0,0,0,0,0,0,0,0,0,0,0,0,0,0,0,0,0,0,0,0,0,0,0,0,0,0,0,0,0,0,0,0,0,0,0,0,0,0,0,0,0,0,0,0,0,79,1,0,8,71,0,1,12,4,7
3720.ps1,1,1283,1,1282.0,1282,0,1,14,14,25,25,1,1,22,9,155,12,0,5,9,0,2,0,1,0,1,152,0,0,0,0,0,0,0,0,0,0,0,0,0,0,0,0,0,0,0,0,0,0,0,0,0,0,0,0,0,0,0,0,0,0,0,0,0,0,0,0,0,0,0,0,0,0,0,0,0,0,0,0,0,0,0,0,0,0,0,0,0,0,0,0,0,0,0,0,0,0,0,160,1,0,9,152,0,1,16,7,8
3726.ps1,1,1186,1,1185.0,1185,1,2,15,15,22,22,2,3,29,6,136,4,0,5,8,1,2,0,1,0,2,135,0,0,0,0,0,0,0,0,0,0,0,0,0,0,0,0,0,0,0,0,0,0,0,0,0,0,0,0,0,0,0,0,0,0,0,0,0,0,0,0,0,0,0,0,0,0,0,0,0,0,0,0,0,0,0,0,0,0,0,0,0,1,0,0,0,0,0,1,0,0,0,134,1,5,5,140,0,2,12,0,4
3725.ps1,1,1104,1,1103.0,1103,1,2,12,12,21,21,1,1,24,5,121,8,0,5,8,0,2,0,0,0,2,116,0,0,0,0,0,0,0,0,0,0,0,0,0,0,0,0,0,0,0,0,0,0,0,0,0,0,0,0,0,0,0,0,0,0,0,0,0,0,0,0,0,0,0,0,0,0,0,0,0,0,0,0,0,0,0,0,0,0,0,0,0,1,0,0,0,0,0,0,0,0,0,123,1,0,7,116,0,2,11,4,6
3714.ps1,1,2580,1,2579.0,2579,0,1,20,20,16,16,3,3,10,314,49,10,0,0,7,0,0,0,1,0,1,51,0,0,0,0,0,0,0,0,0,0,0,0,0,0,0,0,0,0,0,0,0,0,0,0,0,0,0,0,0,0,0,0,0,0,0,0,0,0,0,0,0,0,0,0,0,0,0,0,0,0,0,0,0,0,0,0,0,0,0,0,0,0,0,0,0,0,0,0,0,0,0,47,1,3,3,54,0,1,6,1,2
3718.ps1,1,1153,1,1152.0,1152,0,2,11,11,19,18,2,3,22,6,130,10,1,6,9,0,2,0,1,0,2,130,0,0,0,0,0,0,0,0,0,0,0,0,0,0,0,0,0,0,0,0,0,0,0,0,0,0,0,0,0,0,0,0,0,0,0,0,0,0,0,0,0,0,0,0,0,0,0,0,0,0,0,0,0,0,0,0,0,0,0,0,0,1,0,0,0,0,0,0,0,0,0,133,1,0,6,130,0,2,8,5,5
3748.ps1,1,1039,1,1038.0,1038,0,2,16,16,23,23,1,1,26,6,108,5,0,5,7,0,2,0,1,0,1,104,0,0,0,0,0,0,0,0,0,0,0,0,0,0,0,0,0,0,0,0,0,0,0,0,0,0,0,0,0,0,0,0,0,0,0,0,0,0,0,0,0,0,0,0,0,0,0,0,0,0,0,0,0,0,0,0,0,0,0,0,0,1,0,0,0,0,0,0,0,0,0,107,1,5,6,109,0,1,15,1,5
3740.ps1,1,1052,1,1051.0,1051,1,3,13,13,15,15,1,1,25,5,137,4,0,5,7,0,2,0,1,0,2,140,0,0,0,0,0,0,0,0,0,0,0,0,0,0,0,0,0,0,0,0,0,0,0,0,0,0,0,0,0,0,0,0,0,0,0,0,0,0,0,0,0,0,0,0,0,0,0,0,0,0,0,0,0,0,0,0,0,0,0,0,0,1,0,0,0,0,0,0,0,0,0,135,1,4,4,144,0,2,6,0,3
3745.ps1,1,2632,1,2631.0,2631,0,2,22,22,23,23,3,3,11,312,55,9,0,0,7,0,0,0,0,0,2,49,0,0,0,0,0,0,0,0,0,0,0,0,0,0,0,0,0,0,0,0,0,0,0,0,0,0,0,0,0,0,0,0,0,0,0,0,0,0,0,0,0,0,0,0,0,0,0,0,0,0,0,0,0,0,0,0,0,0,0,0,0,0,0,0,0,0,0,0,0,0,0,52,1,3,5,52,0,2,12,0,4
3770.ps1,1,1128,1,1127.0,1127,0,2,16,17,23,23,2,1,26,6,141,4,0,6,7,1,2,0,0,0,2,139,0,0,0,0,0,0,0,0,0,0,0,0,0,0,0,0,0,0,0,0,0,0,0,0,0,0,0,0,0,0,0,0,0,0,0,0,0,0,0,0,0,0,0,0,0,0,0,0,0,0,0,0,0,0,0,0,0,0,0,0,0,1,0,0,0,0,0,0,0,0,0,139,1,5,6,144,0,2,14,0,5
3752.ps1,1,1230,1,1229.0,1229,0,2,15,15,22,21,1,2,29,8,163,5,0,5,8,1,2,0,1,0,1,161,0,0,0,0,0,0,0,0,0,0,0,0,0,0,0,0,0,0,0,0,0,0,0,0,0,0,0,0,0,0,0,0,0,0,0,0,0,0,0,0,0,0,0,0,0,0,0,0,0,0,0,0,0,0,0,0,0,0,0,0,0,1,0,0,0,0,0,0,0,0,0,161,1,4,6,165,0,1,12,1,5
3771.ps1,1,985,1,984.0,984,0,1,15,15,20,20,1,1,27,6,96,5,0,5,7,0,2,0,0,0,1,95,0,0,0,0,0,0,0,0,0,0,0,0,0,0,0,0,0,0,0,0,0,0,0,0,0,0,0,0,0,0,0,0,0,0,0,0,0,0,0,0,0,0,0,0,0,0,0,0,0,0,0,0,0,0,0,0,0,0,0,0,0,0,0,0,0,0,0,0,0,0,0,95,1,5,5,100,0,1,12,1,4
3769.ps1,1,1119,1,1118.0,1118,1,0,11,11,18,18,1,1,23,5,139,8,0,5,8,0,2,0,0,0,0,136,0,0,0,0,0,0,0,0,0,0,0,0,0,0,0,0,0,0,0,0,0,0,0,0,0,0,0,0,0,0,0,0,0,0,0,0,0,0,0,0,0,0,0,0,0,0,0,0,0,0,0,0,0,0,0,0,0,0,0,0,0,2,0,0,0,0,0,0,0,0,0,141,1,0,6,137,0,0,10,4,5
3778.ps1,1,248,1,247.0,247,1,2,5,5,3,3,6,6,7,1,22,3,0,3,0,0,0,0,1,0,2,22,0,0,0,0,0,0,0,0,0,0,0,0,0,0,0,0,0,0,0,0,0,0,0,0,0,0,0,0,0,0,0,0,0,0,0,0,0,0,0,0,0,0,0,0,0,0,0,1,0,0,0,0,0,0,0,0,0,0,0,0,0,0,0,0,0,0,1,0,0,0,0,23,1,0,4,22,0,2,1,0,3
3729.ps1,1,2746,1,2745.0,2745,0,0,20,20,18,18,3,3,7,330,79,12,0,0,7,0,0,0,0,0,0,74,0,0,0,0,0,0,0,0,0,0,0,0,0,0,0,0,0,0,0,0,0,0,0,0,0,0,0,0,0,0,0,0,0,0,0,0,0,0,0,0,0,0,0,0,0,0,0,0,0,0,0,0,0,0,0,0,0,0,0,0,0,1,0,0,0,0,0,0,0,0,0,79,1,0,6,75,0,0,9,3,5
3774.ps1,1,2778,1,2777.0,2777,0,2,20,20,20,20,3,3,8,330,81,12,0,0,7,0,0,0,0,0,2,75,0,0,0,0,0,0,0,0,0,0,0,0,0,0,0,0,0,0,0,0,0,0,0,0,0,0,0,0,0,0,0,0,0,0,0,0,0,0,0,0,0,0,0,0,0,0,0,0,0,0,0,0,0,0,0,0,0,0,0,0,0,0,0,0,0,0,0,0,0,0,0,81,1,0,6,75,0,2,9,3,5
378.ps1,1,2793,1,2792.0,2792,0,1,22,22,20,20,3,3,8,331,79,13,0,0,7,0,0,0,0,0,1,75,0,0,0,0,0,0,0,0,0,0,0,0,0,0,0,0,0,0,0,0,0,0,0,0,0,0,0,0,0,0,0,0,0,0,0,0,0,0,0,0,0,0,0,0,0,0,0,0,0,0,0,0,0,0,0,0,0,0,0,0,0,0,0,0,0,0,0,0,0,0,0,80,1,0,8,75,0,1,10,4,7
3772.ps1,1,3059,1,3058.0,3058,0,0,19,19,15,15,3,3,10,390,84,10,0,0,7,0,0,0,0,0,0,85,0,0,0,0,0,0,0,0,0,0,0,0,0,0,0,0,0,0,0,0,0,0,0,0,0,0,0,0,0,0,0,0,0,0,0,0,0,0,0,0,0,0,0,0,0,0,0,0,0,0,0,0,0,0,0,0,0,0,0,0,1,0,0,0,0,0,0,0,0,0,0,81,1,3,2,89,0,0,6,0,1
3783.ps1,1,1328,1,1327.0,1327,0,1,15,15,27,28,2,1,23,7,173,10,0,5,8,0,2,1,2,0,1,166,0,0,0,0,0,0,0,0,0,0,0,0,0,0,0,0,0,0,0,0,0,0,0,0,0,0,0,0,0,0,0,0,0,0,0,0,0,0,0,0,0,0,0,0,0,0,0,0,0,0,0,0,0,0,0,0,0,0,0,0,0,0,0,0,0,0,0,0,0,0,0,177,1,0,10,166,0,1,18,6,9
3782.ps1,1,1119,1,1118.0,1118,0,1,14,15,21,22,2,1,22,7,139,9,0,5,7,0,3,1,1,0,1,134,0,0,0,0,0,0,0,0,0,0,0,0,0,0,0,0,0,0,0,0,0,0,0,0,0,0,0,0,0,0,0,0,0,0,0,0,0,0,0,0,0,0,0,0,0,0,0,0,0,0,0,0,0,0,0,0,0,0,0,0,0,0,0,0,0,0,0,0,0,0,0,142,1,1,8,135,0,1,13,5,7
3798.ps1,1,1116,1,1115.0,1115,0,3,14,14,21,21,1,1,25,5,146,4,0,5,7,0,2,0,1,0,2,143,0,0,0,0,0,0,0,0,0,0,0,0,0,0,0,0,0,0,0,0,0,0,0,0,0,0,0,0,0,0,0,0,0,0,0,0,0,0,0,0,0,0,0,0,0,0,0,0,0,0,0,0,0,0,0,0,0,0,0,0,0,1,0,0,0,0,0,0,0,0,0,144,1,4,5,147,0,2,12,0,4
3816.ps1,1,426,1,425.0,425,0,1,7,7,13,13,0,0,9,5,30,6,0,3,2,0,0,0,0,0,1,26,0,0,0,0,0,0,0,0,0,0,0,0,0,0,0,0,0,0,0,0,0,0,0,0,0,0,0,0,0,0,0,0,0,0,0,0,0,0,0,0,0,0,0,0,0,0,0,1,0,0,0,0,0,0,0,0,0,0,0,0,0,0,0,0,0,0,0,0,0,0,0,34,1,0,7,26,0,1,12,4,6
3791.ps1,1,1242,1,1241.0,1241,0,0,21,21,29,29,4,4,30,10,111,9,2,5,11,0,2,0,0,1,0,108,0,0,0,0,0,0,0,0,0,0,0,0,0,0,0,0,0,0,0,0,0,0,0,0,0,0,0,0,0,0,0,0,0,0,0,0,0,0,0,0,0,0,0,0,0,0,0,0,0,0,0,0,0,0,0,0,0,0,0,0,0,1,0,0,0,0,0,0,0,0,0,110,2,6,9,116,0,0,20,1,8
3814.ps1,1,2776,1,2775.0,2775,0,2,20,20,20,20,3,3,7,330,81,12,0,0,7,0,0,0,1,0,2,75,0,0,0,0,0,0,0,0,0,0,0,0,0,0,0,0,0,0,0,0,0,0,0,0,0,0,0,0,0,0,0,0,0,0,0,0,0,0,0,0,0,0,0,0,0,0,0,0,0,0,0,0,0,0,0,0,0,0,0,0,0,0,0,0,0,0,0,0,0,0,0,81,1,0,6,75,0,2,9,3,5
3799.ps1,1,2740,1,2739.0,2739,0,3,20,20,15,15,3,3,11,330,77,9,0,0,7,0,0,0,0,0,2,78,0,0,0,0,0,0,0,0,0,0,0,0,0,0,0,0,0,0,0,0,0,0,0,0,0,0,0,0,0,0,0,0,0,0,0,0,0,0,0,0,0,0,0,0,0,0,0,0,0,0,0,0,0,0,0,0,0,0,0,0,0,0,0,0,0,0,0,0,0,0,0,74,1,3,3,81,0,2,4,0,2
3822.ps1,1,2921,1,2920.0,2920,0,2,21,21,23,23,3,3,7,355,86,12,0,0,7,0,0,0,1,0,2,77,0,0,0,0,0,0,0,0,0,0,0,0,0,0,0,0,0,0,0,0,0,0,0,0,0,0,0,0,0,0,0,0,0,0,0,0,0,0,0,0,0,0,0,0,0,0,0,0,0,0,0,0,0,0,0,0,0,0,0,0,0,0,0,0,0,0,0,0,0,0,0,86,1,0,7,77,0,2,12,3,6
3808.ps1,1,2708,1,2707.0,2707,0,1,21,21,22,22,3,3,7,314,78,13,0,0,7,0,0,0,1,0,1,71,0,0,0,0,0,0,0,0,0,0,0,0,0,0,0,0,0,0,0,0,0,0,0,0,0,0,0,0,0,0,0,0,0,0,0,0,0,0,0,0,0,0,0,0,0,0,0,0,0,0,0,0,0,0,0,0,0,0,0,0,0,0,0,0,0,0,0,0,0,0,0,79,1,0,7,71,0,1,12,4,6
3792.ps1,1,1076,1,1075.0,1075,0,1,19,19,28,28,1,1,28,8,100,6,2,5,8,1,2,1,0,0,0,95,0,0,0,0,0,0,0,0,0,0,0,0,0,0,0,0,0,0,0,0,0,0,0,0,0,0,0,0,0,0,0,0,0,0,0,0,0,0,0,0,0,0,0,0,0,0,0,0,0,0,0,0,0,0,0,0,0,0,0,0,0,1,0,0,0,0,0,0,0,1,0,99,2,5,9,102,0,0,20,1,8
3833.ps1,1,2736,1,2735.0,2735,0,0,23,23,22,22,3,3,11,332,55,10,2,0,7,0,0,0,1,0,0,52,0,0,0,0,0,0,0,0,0,0,0,0,0,0,0,0,0,0,0,0,0,0,0,0,0,0,0,0,0,0,0,0,0,0,0,0,0,0,0,0,0,0,0,0,0,0,0,0,0,0,0,0,0,0,0,0,0,0,0,0,0,0,0,0,0,0,0,0,0,0,0,53,2,3,6,57,0,0,12,1,5
3828.ps1,1,2900,1,2899.0,2899,0,0,20,20,18,18,3,3,7,355,83,13,0,0,7,0,0,0,0,0,0,78,0,0,0,0,0,0,0,0,0,0,0,0,0,0,0,0,0,0,0,0,0,0,0,0,0,0,0,0,0,0,0,0,0,0,0,0,0,0,0,0,0,0,0,0,0,0,0,0,0,0,0,0,0,0,0,0,0,0,0,0,1,0,0,0,0,0,0,0,0,0,0,83,1,0,6,79,0,0,9,3,5
3838.ps1,1,2817,1,2816.0,2816,0,1,25,25,23,23,3,3,12,332,81,10,2,0,7,0,0,0,0,0,0,76,0,0,0,0,0,0,0,0,0,0,0,0,0,0,0,0,0,0,0,0,0,0,0,0,0,0,0,0,0,0,0,0,0,0,0,0,0,0,0,0,0,0,0,0,0,0,0,0,0,0,0,0,0,0,0,0,0,0,0,0,0,0,0,0,0,0,0,0,0,0,0,79,2,3,8,81,0,0,13,1,7
3824.ps1,1,1128,1,1127.0,1127,1,2,14,13,26,25,2,1,23,8,110,11,0,5,8,1,3,1,1,0,2,105,0,0,0,0,0,0,0,0,0,0,0,0,0,0,0,0,0,0,0,0,0,0,0,0,0,0,0,0,0,0,0,0,0,0,0,0,0,0,0,0,0,0,0,0,0,0,0,0,0,0,0,0,0,0,0,0,0,0,0,0,0,1,0,0,0,0,0,0,0,0,0,114,1,0,8,105,0,2,15,6,7
3846.ps1,1,2681,1,2680.0,2680,0,2,21,21,17,17,3,3,11,330,53,9,0,0,7,0,0,0,0,0,2,53,0,0,0,0,0,0,0,0,0,0,0,0,0,0,0,0,0,0,0,0,0,0,0,0,0,0,0,0,0,0,0,0,0,0,0,0,0,0,0,0,0,0,0,0,0,0,0,0,0,0,0,0,0,0,0,0,0,0,0,0,0,0,0,0,0,0,0,0,0,0,0,50,1,3,4,56,0,2,6,0,3
3856.ps1,1,2566,1,2565.0,2565,0,1,21,21,16,16,3,3,10,312,51,9,0,0,7,0,0,0,0,0,0,50,0,0,0,0,0,0,0,0,0,0,0,0,0,0,0,0,0,0,0,0,0,0,0,0,0,0,0,0,0,0,0,0,0,0,0,0,0,0,0,0,0,0,0,0,0,0,0,0,0,0,0,0,0,0,0,0,0,0,0,0,0,1,0,0,0,0,0,0,0,0,0,48,1,3,4,54,0,0,7,0,3
3863.ps1,1,2776,1,2775.0,2775,0,0,22,22,24,24,3,3,8,314,80,13,2,0,8,0,0,0,1,0,0,74,0,0,0,0,0,0,0,0,0,0,0,0,0,0,0,0,0,0,0,0,0,0,0,0,0,0,0,0,0,0,0,0,0,0,0,0,0,0,0,0,0,0,0,0,0,0,0,0,0,0,0,0,0,0,0,0,0,0,0,0,0,0,0,0,0,0,0,0,0,0,0,81,2,0,8,76,0,0,12,4,7
3834.ps1,1,1331,1,1330.0,1330,1,2,17,17,25,25,1,2,33,8,154,7,1,9,7,0,2,1,1,1,2,152,0,0,0,0,0,0,0,0,0,0,0,0,0,0,0,0,0,0,0,0,0,0,0,0,0,0,0,0,0,0,0,0,0,0,0,0,0,0,0,0,0,0,0,0,0,0,0,0,0,0,0,0,0,0,0,0,0,0,0,0,0,0,0,0,0,0,0,0,0,0,0,151,1,6,5,158,0,2,16,0,4
3835.ps1,1,1040,1,1039.0,1039,1,0,16,17,21,22,2,1,30,8,95,6,2,5,8,0,2,0,0,0,0,95,0,0,0,0,0,0,0,0,0,0,0,0,0,0,0,0,0,0,0,0,0,0,0,0,0,0,0,0,0,0,0,0,0,0,0,0,0,0,0,0,0,0,0,0,0,0,0,0,0,0,0,0,0,0,0,0,0,0,0,0,0,0,0,0,0,0,0,0,0,1,0,94,2,4,7,101,0,0,12,1,6
387.ps1,1,2761,1,2760.0,2760,0,1,22,22,17,17,3,3,11,332,77,11,2,0,7,0,0,0,1,0,0,78,0,0,0,0,0,0,0,0,0,0,0,0,0,0,0,0,0,0,0,0,0,0,0,0,0,0,0,0,0,0,0,0,0,0,0,0,0,0,0,0,0,0,0,0,0,0,0,0,0,0,0,0,0,0,0,0,0,0,0,0,0,0,0,0,0,0,0,0,0,0,0,75,2,3,5,83,0,0,7,1,4
3857.ps1,1,2944,1,2943.0,2943,0,1,25,25,22,22,5,5,17,306,58,17,0,0,12,0,0,0,2,0,1,58,0,0,0,0,0,0,0,0,0,0,0,0,0,0,0,0,0,0,0,0,0,0,0,0,0,0,0,0,0,0,0,0,0,0,0,0,0,0,0,0,0,0,0,0,0,0,0,0,0,0,0,0,0,0,0,0,0,0,0,0,0,2,0,0,0,0,0,0,0,0,0,55,1,4,4,62,0,1,9,1,3
3868.ps1,1,1144,1,1143.0,1143,0,0,11,11,18,18,2,2,21,5,138,9,0,5,8,0,2,0,0,0,0,135,0,0,0,0,0,0,0,0,0,0,0,0,0,0,0,0,0,0,0,0,0,0,0,0,0,0,0,0,0,0,0,0,0,0,0,0,0,0,0,0,0,0,0,0,0,0,0,0,0,0,0,0,0,0,0,0,0,0,0,0,1,1,0,0,0,0,0,0,0,0,0,140,1,0,6,136,0,0,10,4,5
3865.ps1,1,2750,1,2749.0,2749,0,2,19,19,17,17,3,3,8,330,79,12,0,0,7,0,0,0,0,0,2,76,0,0,0,0,0,0,0,0,0,0,0,0,0,0,0,0,0,0,0,0,0,0,0,0,0,0,0,0,0,0,0,0,0,0,0,0,0,0,0,0,0,0,0,0,0,0,0,0,0,0,0,0,0,0,0,0,0,0,0,0,0,0,0,0,0,0,0,0,0,0,0,79,1,0,5,76,0,2,6,3,4
3866.ps1,1,2931,1,2930.0,2930,0,2,19,19,17,17,3,3,8,377,60,12,0,0,7,0,0,0,0,0,2,57,0,0,0,0,0,0,0,0,0,0,0,0,0,0,0,0,0,0,0,0,0,0,0,0,0,0,0,0,0,0,0,0,0,0,0,0,0,0,0,0,0,0,0,0,0,0,0,0,0,0,0,0,0,0,0,0,0,0,0,0,0,0,0,0,0,0,0,0,0,0,0,60,1,0,5,57,0,2,6,3,4
3874.ps1,1,1017,1,1016.0,1016,0,0,11,11,16,16,1,2,23,8,109,12,2,6,7,1,2,1,1,0,0,112,0,0,0,0,0,0,0,0,0,0,0,0,0,0,0,0,0,0,0,0,0,0,0,0,0,0,0,0,0,0,0,0,0,0,0,0,0,0,0,0,0,0,0,0,0,0,0,0,0,0,0,0,0,0,0,0,0,0,0,0,0,0,0,0,0,0,0,0,0,0,0,113,2,0,6,114,0,0,8,6,5
3858.ps1,1,2780,1,2779.0,2779,0,2,21,21,20,20,3,3,7,330,81,12,0,0,7,0,0,0,1,0,2,75,0,0,0,0,0,0,0,0,0,0,0,0,0,0,0,0,0,0,0,0,0,0,0,0,0,0,0,0,0,0,0,0,0,0,0,0,0,0,0,0,0,0,0,0,0,0,0,0,0,0,0,0,0,0,0,0,0,0,0,0,0,0,0,0,0,0,0,0,0,0,0,81,1,0,7,75,0,2,9,3,6
3886.ps1,1,2736,1,2735.0,2735,0,0,22,22,20,20,3,3,12,332,54,11,2,0,7,0,0,0,0,0,0,53,0,0,0,0,0,0,0,0,0,0,0,0,0,0,0,0,0,0,0,0,0,0,0,0,0,0,0,0,0,0,0,0,0,0,0,0,0,0,0,0,0,0,0,0,0,0,0,0,0,0,0,0,0,0,0,0,0,0,0,0,0,0,0,0,0,0,0,0,0,0,0,52,2,3,5,58,0,0,10,1,4
3869.ps1,1,2933,1,2932.0,2932,0,2,14,14,15,15,2,2,20,5,115,11,0,32,11,0,0,0,1,0,2,79,0,0,0,0,0,0,0,0,0,0,0,0,0,0,0,0,0,0,0,0,0,0,0,0,0,0,0,0,0,0,0,0,1,0,0,0,0,0,0,0,0,0,0,0,0,0,0,0,1,0,0,0,0,1,0,0,0,0,0,0,0,1,0,0,0,0,0,0,0,2,0,85,1,0,7,79,0,2,9,3,6
3875.ps1,1,2676,1,2675.0,2675,0,2,19,19,17,17,3,3,8,330,55,12,0,0,7,0,0,0,0,0,2,52,0,0,0,0,0,0,0,0,0,0,0,0,0,0,0,0,0,0,0,0,0,0,0,0,0,0,0,0,0,0,0,0,0,0,0,0,0,0,0,0,0,0,0,0,0,0,0,0,0,0,0,0,0,0,0,0,0,0,0,0,0,0,0,0,0,0,0,0,0,0,0,55,1,0,5,52,0,2,6,3,4
3894.ps1,1,2707,1,2706.0,2706,0,0,22,22,19,19,3,3,11,332,53,10,2,0,7,0,0,0,1,0,0,53,0,0,0,0,0,0,0,0,0,0,0,0,0,0,0,0,0,0,0,0,0,0,0,0,0,0,0,0,0,0,0,0,0,0,0,0,0,0,0,0,0,0,0,0,0,0,0,0,0,0,0,0,0,0,0,0,0,0,0,0,0,0,0,0,0,0,0,0,0,0,0,51,2,3,5,58,0,0,9,1,4
3898.ps1,1,2686,1,2685.0,2685,0,3,22,22,18,18,3,3,11,330,55,9,0,0,7,0,0,0,0,0,2,53,0,0,0,0,0,0,0,0,0,0,0,0,0,0,0,0,0,0,0,0,0,0,0,0,0,0,0,0,0,0,0,0,0,0,0,0,0,0,0,0,0,0,0,0,0,0,0,0,0,0,0,0,0,0,0,0,0,0,0,0,0,0,0,0,0,0,0,0,0,0,0,52,1,3,5,56,0,2,7,0,4
3902.ps1,1,2767,1,2766.0,2766,0,1,22,22,17,17,3,3,11,332,76,10,2,0,7,0,0,0,1,0,0,77,0,0,0,0,0,0,0,0,0,0,0,0,0,0,0,0,0,0,0,0,0,0,0,0,0,0,0,0,0,0,0,0,0,0,0,0,0,0,0,0,0,0,0,0,0,0,0,0,0,0,0,0,0,0,0,0,0,0,0,0,0,0,0,0,0,0,0,0,0,0,0,74,2,3,5,82,0,0,7,1,4
3891.ps1,1,1192,1,1191.0,1191,0,0,10,10,18,18,1,1,23,5,160,9,0,5,8,0,2,0,0,0,0,157,0,0,0,0,0,0,0,0,0,0,0,0,0,0,0,0,0,0,0,0,0,0,0,0,0,0,0,0,0,0,0,0,0,0,0,0,0,0,0,0,0,0,0,0,0,0,0,0,0,0,0,0,0,0,0,0,0,0,0,0,1,0,0,0,0,0,0,0,0,0,0,162,1,0,5,158,0,0,10,4,4
3906.ps1,1,2819,1,2818.0,2818,0,0,22,22,22,22,3,3,8,332,81,13,2,0,7,0,0,0,1,0,0,75,0,0,0,0,0,0,0,0,0,0,0,0,0,0,0,0,0,0,0,0,0,0,0,0,0,0,0,0,0,0,0,0,0,0,0,0,0,0,0,0,0,0,0,0,0,0,0,0,0,0,0,0,0,0,0,0,0,0,0,0,0,0,0,0,0,0,0,0,0,0,0,82,2,0,8,77,0,0,12,4,7
3920.ps1,1,2761,1,2760.0,2760,0,3,21,21,18,18,3,3,10,330,78,9,0,0,7,0,0,0,1,0,2,76,0,0,0,0,0,0,0,0,0,0,0,0,0,0,0,0,0,0,0,0,0,0,0,0,0,0,0,0,0,0,0,0,0,0,0,0,0,0,0,0,0,0,0,0,0,0,0,0,0,0,0,0,0,0,0,0,0,0,0,0,0,0,0,0,0,0,0,0,0,0,0,75,1,3,4,79,0,2,7,0,3
3903.ps1,1,1896,1,1896.0,1896,0,0,22,22,7,7,0,0,36,5,51,17,3,25,1,0,0,0,1,0,0,38,0,0,0,0,0,0,0,0,0,0,0,0,0,0,0,0,0,0,0,0,0,0,0,0,0,0,0,0,0,0,0,0,0,0,0,0,0,0,0,0,0,0,0,0,0,0,0,1,0,0,0,0,0,0,0,0,0,0,0,0,0,0,0,0,0,0,0,0,0,0,0,39,2,0,7,40,0,0,6,4,6
390.ps1,1,2700,1,2699.0,2699,0,1,23,23,20,20,3,3,12,314,75,11,2,0,7,0,0,0,0,0,0,73,0,0,0,0,0,0,0,0,0,0,0,0,0,0,0,0,0,0,0,0,0,0,0,0,0,0,0,0,0,0,0,0,0,0,0,0,0,0,0,0,0,0,0,0,0,0,0,0,0,0,0,0,0,0,0,0,0,0,0,0,0,0,0,0,0,0,0,0,0,0,0,73,2,3,6,78,0,0,10,1,5
3940.ps1,1,2900,1,2899.0,2899,0,0,19,19,15,15,3,3,7,362,82,12,0,0,7,0,0,0,0,0,0,80,0,0,0,0,0,0,0,0,0,0,0,0,0,0,0,0,0,0,0,0,0,0,0,0,0,0,0,0,0,0,0,0,0,0,0,0,0,0,0,0,0,0,0,0,0,0,0,0,0,0,0,0,0,0,0,0,0,0,0,0,0,1,0,0,0,0,0,0,0,0,0,82,1,0,5,81,0,0,6,3,4
3938.ps1,1,2786,1,2785.0,2785,0,3,23,23,21,21,3,3,11,330,81,9,0,0,7,0,0,0,0,0,2,76,0,0,0,0,0,0,0,0,0,0,0,0,0,0,0,0,0,0,0,0,0,0,0,0,0,0,0,0,0,0,0,0,0,0,0,0,0,0,0,0,0,0,0,0,0,0,0,0,0,0,0,0,0,0,0,0,0,0,0,0,0,0,0,0,0,0,0,0,0,0,0,78,1,3,6,79,0,2,10,0,5
3935.ps1,1,2802,1,2801.0,2801,0,1,22,22,22,22,3,3,10,332,79,10,0,0,7,0,0,0,1,0,1,75,0,0,0,0,0,0,0,0,0,0,0,0,0,0,0,0,0,0,0,0,0,0,0,0,0,0,0,0,0,0,0,0,0,0,0,0,0,0,0,0,0,0,0,0,0,0,0,0,0,0,0,0,0,0,0,0,0,0,0,0,0,0,0,0,0,0,0,0,0,0,0,77,1,3,5,78,0,1,12,1,4
392.ps1,1,2712,1,2711.0,2711,0,3,22,22,21,21,3,3,11,330,57,9,0,0,7,0,0,0,0,0,2,52,0,0,0,0,0,0,0,0,0,0,0,0,0,0,0,0,0,0,0,0,0,0,0,0,0,0,0,0,0,0,0,0,0,0,0,0,0,0,0,0,0,0,0,0,0,0,0,0,0,0,0,0,0,0,0,0,0,0,0,0,0,0,0,0,0,0,0,0,0,0,0,54,1,3,5,55,0,2,10,0,4
3907.ps1,1,884,1,883.0,883,1,2,10,10,16,16,1,1,22,5,81,8,0,5,7,0,2,0,0,0,2,80,0,0,0,0,0,0,0,0,0,0,0,0,0,0,0,0,0,0,0,0,0,0,0,0,0,0,0,0,0,0,0,0,0,0,0,0,0,0,0,0,0,0,0,0,0,0,0,0,0,0,0,0,0,0,0,0,0,0,0,0,0,1,0,0,0,0,1,0,0,1,0,83,1,0,5,80,0,2,7,4,4
3918.ps1,1,3017,1,3016.0,3016,0,3,22,22,18,18,3,3,11,377,86,9,0,0,7,0,0,0,0,0,2,84,0,0,0,0,0,0,0,0,0,0,0,0,0,0,0,0,0,0,0,0,0,0,0,0,0,0,0,0,0,0,0,0,0,0,0,0,0,0,0,0,0,0,0,0,0,0,0,0,0,0,0,0,0,0,0,0,0,0,0,0,0,0,0,0,0,0,0,0,0,0,0,83,1,3,5,87,0,2,7,0,4
3915.ps1,1,2844,1,2843.0,2843,0,1,25,25,26,26,3,3,11,331,82,10,0,0,7,0,0,0,0,0,1,75,0,0,0,0,0,0,0,0,0,0,0,0,0,0,0,0,0,0,0,0,0,0,0,0,0,0,0,0,0,0,0,0,2,0,0,0,0,0,0,0,0,0,0,0,0,0,0,0,0,0,0,0,0,0,0,0,0,0,0,0,0,0,0,0,0,0,0,0,0,0,0,80,1,3,8,78,0,1,16,1,7
3952.ps1,1,183,1,182.0,182,0,0,5,5,1,1,2,2,5,0,21,2,0,3,0,0,0,0,0,0,0,22,0,0,0,0,0,0,0,0,0,0,0,0,0,0,0,0,0,0,0,0,0,0,0,0,0,0,0,0,0,0,0,0,0,0,0,0,0,0,0,0,0,0,0,0,0,0,0,1,0,0,0,0,0,0,0,0,0,0,0,0,0,1,0,0,0,0,0,0,0,0,0,22,1,0,4,23,0,0,1,0,3
3957.ps1,1,2630,1,2629.0,2629,0,0,17,17,12,12,3,3,7,330,51,12,0,0,7,0,0,0,0,0,0,52,0,0,0,0,0,0,0,0,0,0,0,0,0,0,0,0,0,0,0,0,0,0,0,0,0,0,0,0,0,0,0,0,0,0,0,0,0,0,0,0,0,0,0,0,0,0,0,0,0,0,0,0,0,0,0,0,0,0,0,0,0,1,0,0,0,0,0,0,0,0,0,51,1,0,3,53,0,0,3,3,2
3956.ps1,1,2832,1,2831.0,2831,0,2,24,24,23,23,3,3,11,331,82,10,0,0,7,0,0,0,1,0,1,76,0,0,0,0,0,0,0,0,0,0,0,0,0,0,0,0,0,0,0,0,0,0,0,0,0,0,0,0,0,0,0,0,0,0,0,0,0,0,0,0,0,0,0,0,0,0,0,0,0,0,0,0,0,0,0,0,0,0,0,0,0,0,0,0,0,0,0,0,0,0,0,80,1,4,6,80,0,1,13,1,5
396.ps1,1,2902,1,2901.0,2901,0,2,23,23,18,18,3,3,11,356,81,10,0,0,7,0,0,0,0,0,1,81,0,0,0,0,0,0,0,0,0,0,0,0,0,0,0,0,0,0,0,0,0,0,0,0,0,0,0,0,0,0,0,0,0,0,0,0,0,0,0,0,0,0,0,0,0,0,0,0,0,0,0,0,0,0,0,0,0,0,0,0,0,0,0,0,0,0,0,0,0,0,0,79,1,3,6,84,0,1,8,1,5
3963.ps1,1,1069,1,1068.0,1068,0,2,14,14,24,24,1,1,28,5,108,4,0,5,8,0,2,0,0,0,2,104,0,0,0,0,0,0,0,0,0,0,0,0,0,0,0,0,0,0,0,0,0,0,0,0,0,0,0,0,0,0,0,0,0,0,0,0,0,0,0,0,0,0,0,0,0,0,0,0,0,0,0,0,0,0,0,0,0,0,0,0,0,1,0,0,0,0,0,0,0,1,0,106,1,4,5,108,0,2,14,0,4
3954.ps1,1,2681,1,2680.0,2680,0,1,21,21,19,19,3,3,10,330,55,9,0,0,7,0,0,0,0,0,0,51,0,0,0,0,0,0,0,0,0,0,0,0,0,0,0,0,0,0,0,0,0,0,0,0,0,0,0,0,0,0,0,0,0,0,0,0,0,0,0,0,0,0,0,0,0,0,0,0,0,0,0,0,0,0,0,0,0,0,0,0,0,1,0,0,0,0,0,0,0,0,0,52,1,3,4,55,0,0,10,0,3
3959.ps1,1,2781,1,2780.0,2780,0,3,22,22,21,21,3,3,11,330,81,9,0,0,7,0,0,0,0,0,2,76,0,0,0,0,0,0,0,0,0,0,0,0,0,0,0,0,0,0,0,0,0,0,0,0,0,0,0,0,0,0,0,0,0,0,0,0,0,0,0,0,0,0,0,0,0,0,0,0,0,0,0,0,0,0,0,0,0,0,0,0,0,0,0,0,0,0,0,0,0,0,0,78,1,3,5,79,0,2,10,0,4
3966.ps1,1,2730,1,2729.0,2729,0,3,22,22,20,20,3,3,10,312,78,9,0,0,8,0,0,0,1,0,2,76,0,0,0,0,0,0,0,0,0,0,0,0,0,0,0,0,0,0,0,0,0,0,0,0,0,0,0,0,0,0,0,0,0,0,0,0,0,0,0,0,0,0,0,0,0,0,0,0,0,0,0,0,0,0,0,0,0,0,0,0,0,0,0,0,0,0,0,0,0,0,0,75,1,3,5,79,0,2,7,0,4
397.ps1,1,2648,1,2647.0,2647,0,1,20,20,16,16,3,3,10,330,53,9,0,0,7,0,0,0,0,0,0,52,0,0,0,0,0,0,0,0,0,0,0,0,0,0,0,0,0,0,0,0,0,0,0,0,0,0,0,0,0,0,0,0,0,0,0,0,0,0,0,0,0,0,0,0,0,0,0,0,0,0,0,0,0,0,0,0,0,0,0,0,0,1,0,0,0,0,0,0,0,0,0,50,1,3,3,56,0,0,7,0,2
3968.ps1,1,1540,1,1540.0,1540,0,2,15,15,16,16,7,7,19,4,159,5,0,5,18,1,1,1,0,0,2,156,0,0,0,0,0,0,0,0,0,0,0,0,0,0,0,0,0,0,0,0,0,0,0,0,0,0,0,0,0,0,0,0,0,0,0,0,0,0,0,0,0,0,0,0,0,0,0,0,0,0,0,0,0,0,0,0,0,0,0,0,0,0,0,0,0,0,0,0,0,0,0,159,1,0,5,156,0,2,5,2,4
3985.ps1,1,2701,1,2700.0,2700,0,1,22,22,16,16,3,3,11,331,52,10,0,0,7,0,0,0,1,0,1,54,0,0,0,0,0,0,0,0,0,0,0,0,0,0,0,0,0,0,0,0,0,0,0,0,0,0,0,0,0,0,0,0,0,0,0,0,0,0,0,0,0,0,0,0,0,0,0,0,0,0,0,0,0,0,0,0,0,0,0,0,0,0,0,0,0,0,0,0,0,0,0,50,1,4,4,58,0,1,6,1,3
3982.ps1,1,2806,1,2805.0,2805,0,0,23,23,22,22,3,3,12,332,79,10,2,0,7,0,0,0,0,0,0,76,0,0,0,0,0,0,0,0,0,0,0,0,0,0,0,0,0,0,0,0,0,0,0,0,0,0,0,0,0,0,0,0,0,0,0,0,0,0,0,0,0,0,0,0,0,0,0,0,0,0,0,0,0,0,0,0,0,0,0,0,0,0,0,0,0,0,0,0,0,0,0,77,2,3,6,81,0,0,12,1,5
3970.ps1,1,2773,1,2772.0,2772,0,2,22,22,20,20,3,3,11,330,79,9,0,0,7,0,0,0,0,0,2,76,0,0,0,0,0,0,0,0,0,0,0,0,0,0,0,0,0,0,0,0,0,0,0,0,0,0,0,0,0,0,0,0,0,0,0,0,0,0,0,0,0,0,0,0,0,0,0,0,0,0,0,0,0,0,0,0,0,0,0,0,0,0,0,0,0,0,0,0,0,0,0,76,1,3,5,79,0,2,9,0,4
3999.ps1,1,2786,1,2785.0,2785,0,1,22,22,19,19,3,3,11,331,78,10,0,0,7,0,0,0,1,0,1,77,0,0,0,0,0,0,0,0,0,0,0,0,0,0,0,0,0,0,0,0,0,0,0,0,0,0,0,0,0,0,0,0,0,0,0,0,0,0,0,0,0,0,0,0,0,0,0,0,0,0,0,0,0,0,0,0,0,0,0,0,0,0,0,0,0,0,0,0,0,0,0,76,1,4,4,81,0,1,9,1,3
4007.ps1,1,2741,1,2740.0,2740,0,0,19,19,15,15,3,3,7,330,77,13,0,0,7,0,0,0,0,0,0,75,0,0,0,0,0,0,0,0,0,0,0,0,0,0,0,0,0,0,0,0,0,0,0,0,0,0,0,0,0,0,0,0,0,0,0,0,0,0,0,0,0,0,0,0,0,0,0,0,0,0,0,0,0,0,0,0,0,0,0,0,1,0,0,0,0,0,0,0,0,0,0,77,1,0,5,76,0,0,6,3,4
3979.ps1,1,2914,1,2913.0,2913,0,1,21,21,16,16,3,3,10,377,58,9,0,0,7,0,0,0,0,0,0,57,0,0,0,0,0,0,0,0,0,0,0,0,0,0,0,0,0,0,0,0,0,0,0,0,0,0,0,0,0,0,0,0,0,0,0,0,0,0,0,0,0,0,0,0,0,0,0,0,0,0,0,0,0,0,0,0,0,0,0,0,0,1,0,0,0,0,0,0,0,0,0,55,1,3,4,61,0,0,7,0,3
4020.ps1,1,2737,1,2736.0,2736,0,0,18,18,15,15,3,3,7,330,77,13,0,0,7,0,0,0,0,0,0,75,0,0,0,0,0,0,0,0,0,0,0,0,0,0,0,0,0,0,0,0,0,0,0,0,0,0,0,0,0,0,0,0,0,0,0,0,0,0,0,0,0,0,0,0,0,0,0,0,0,0,0,0,0,0,0,0,0,0,0,0,1,0,0,0,0,0,0,0,0,0,0,77,1,0,4,76,0,0,6,3,3
402.ps1,1,2608,1,2607.0,2607,0,2,22,22,20,20,3,3,11,314,53,10,0,0,7,0,0,0,0,0,1,50,0,0,0,0,0,0,0,0,0,0,0,0,0,0,0,0,0,0,0,0,0,0,0,0,0,0,0,0,0,0,0,0,0,0,0,0,0,0,0,0,0,0,0,0,0,0,0,0,0,0,0,0,0,0,0,0,0,0,0,0,0,0,0,0,0,0,0,0,0,0,0,51,1,3,5,53,0,1,10,1,4
4024.ps1,1,3050,1,3049.0,3049,0,0,24,24,22,22,3,3,12,376,86,10,2,0,7,0,0,0,0,0,0,83,0,0,0,0,0,0,0,0,0,0,0,0,0,0,0,0,0,0,0,0,0,0,0,0,0,0,0,0,0,0,0,0,0,0,0,0,0,0,0,0,0,0,0,0,0,0,0,0,0,0,0,0,0,0,0,0,0,0,0,0,0,0,0,0,0,0,0,0,0,0,0,84,2,3,7,88,0,0,12,1,6
4033.ps1,1,1244,1,1243.0,1243,1,0,13,13,16,16,5,5,25,7,145,12,2,5,10,0,2,0,0,0,0,147,0,0,0,0,0,0,0,0,0,0,0,0,0,0,0,0,0,0,0,0,0,0,0,0,0,0,0,0,0,0,0,0,0,0,0,0,0,0,0,0,0,0,0,0,0,0,0,0,0,0,0,0,0,0,0,0,0,0,0,0,0,1,0,0,0,0,0,0,0,0,0,148,2,0,7,149,0,0,7,5,6
4.ps1,1,2641,1,2640.0,2640,0,0,12,12,10,10,2,2,20,5,80,11,0,23,11,0,0,0,0,0,0,51,0,0,0,0,0,0,0,0,0,0,0,0,0,0,0,0,0,0,0,0,0,0,0,0,0,0,0,0,0,0,0,0,2,0,0,0,0,0,0,0,0,0,0,0,0,0,0,0,1,0,0,0,0,1,0,0,0,0,0,0,0,2,0,0,0,0,0,0,0,3,0,53,1,0,5,52,0,0,6,3,4
4032.ps1,1,2742,1,2741.0,2741,0,3,21,21,15,15,3,3,11,330,77,9,0,0,7,0,0,0,0,0,2,78,0,0,0,0,0,0,0,0,0,0,0,0,0,0,0,0,0,0,0,0,0,0,0,0,0,0,0,0,0,0,0,0,0,0,0,0,0,0,0,0,0,0,0,0,0,0,0,0,0,0,0,0,0,0,0,0,0,0,0,0,0,0,0,0,0,0,0,0,0,0,0,74,1,3,4,81,0,2,4,0,3
4031.ps1,1,2650,1,2649.0,2649,0,0,19,19,15,15,3,3,10,330,51,9,0,0,7,0,0,0,0,0,0,52,0,0,0,0,0,0,0,0,0,0,0,0,0,0,0,0,0,0,0,0,0,0,0,0,0,0,0,0,0,0,0,0,0,0,0,0,0,0,0,0,0,0,0,0,0,0,0,0,0,0,0,0,0,0,0,0,0,0,0,0,0,1,0,0,0,0,0,0,0,0,0,48,1,3,2,56,0,0,6,0,1
4027.ps1,1,957,1,956.0,956,0,0,9,9,15,15,1,1,23,5,93,8,0,5,8,0,2,0,0,0,0,93,0,0,0,0,0,0,0,0,0,0,0,0,0,0,0,0,0,0,0,0,0,0,0,0,0,0,0,0,0,0,0,0,0,0,0,0,0,0,0,0,0,0,0,0,0,0,0,0,0,0,0,0,0,0,0,0,0,0,0,0,0,1,0,0,0,0,0,0,0,1,0,95,1,0,4,94,0,0,7,4,3
4038.ps1,1,1018,1,1017.0,1017,1,1,17,17,24,24,1,1,26,7,99,6,2,5,7,0,2,0,1,0,0,94,0,0,0,0,0,0,0,0,0,0,0,0,0,0,0,0,0,0,0,0,0,0,0,0,0,0,0,0,0,0,0,0,0,0,0,0,0,0,0,0,0,0,0,0,0,0,0,0,0,0,0,0,0,0,0,0,0,0,0,0,0,0,0,0,0,0,0,1,0,0,0,98,2,4,8,100,0,0,16,1,7
4040.ps1,1,2745,1,2744.0,2744,0,1,19,19,14,14,3,3,8,331,76,13,0,0,7,0,0,0,0,0,1,78,0,0,0,0,0,0,0,0,0,0,0,0,0,0,0,0,0,0,0,0,0,0,0,0,0,0,0,0,0,0,0,0,0,0,0,0,0,0,0,0,0,0,0,0,0,0,0,0,0,0,0,0,0,0,0,0,0,0,0,0,0,0,0,0,0,0,0,0,0,0,0,77,1,0,5,78,0,1,4,4,4
4045.ps1,1,3087,1,3086.0,3086,0,0,18,18,15,15,3,3,7,394,87,13,0,0,7,0,0,0,0,0,0,85,0,0,0,0,0,0,0,0,0,0,0,0,0,0,0,0,0,0,0,0,0,0,0,0,0,0,0,0,0,0,0,0,0,0,0,0,0,0,0,0,0,0,0,0,0,0,0,0,0,0,0,0,0,0,0,0,0,0,0,0,1,0,0,0,0,0,0,0,0,0,0,87,1,0,4,86,0,0,6,3,3
3984.ps1,1,3185,1,3184.0,3184,0,1,28,28,26,26,5,5,16,332,91,12,0,0,11,0,0,0,3,0,1,88,0,0,0,0,0,0,0,0,0,0,0,0,0,0,0,0,0,0,0,0,0,0,0,0,0,0,0,0,0,0,0,0,0,0,0,0,0,0,0,0,0,0,0,0,0,0,0,0,0,0,0,1,0,0,0,0,0,0,0,0,0,2,0,0,0,0,0,0,0,0,0,88,1,4,7,92,0,1,13,1,6
406.ps1,1,2695,1,2694.0,2694,0,1,21,21,19,19,3,3,8,332,55,13,0,0,7,0,0,0,0,0,1,51,0,0,0,0,0,0,0,0,0,0,0,0,0,0,0,0,0,0,0,0,0,0,0,0,0,0,0,0,0,0,0,0,0,0,0,0,0,0,0,0,0,0,0,0,0,0,0,0,0,0,0,0,0,0,0,0,0,0,0,0,0,0,0,0,0,0,0,0,0,0,0,56,1,0,7,51,0,1,9,4,6
405.ps1,1,2954,1,2953.0,2953,0,1,22,22,22,22,3,3,10,375,59,10,0,0,7,0,0,0,1,0,1,55,0,0,0,0,0,0,0,0,0,0,0,0,0,0,0,0,0,0,0,0,0,0,0,0,0,0,0,0,0,0,0,0,0,0,0,0,0,0,0,0,0,0,0,0,0,0,0,0,0,0,0,0,0,0,0,0,0,0,0,0,0,0,0,0,0,0,0,0,0,0,0,57,1,3,5,58,0,1,12,1,4
4049.ps1,1,2674,1,2673.0,2673,0,1,20,20,17,17,3,3,7,313,75,13,0,0,7,0,0,0,1,0,1,74,0,0,0,0,0,0,0,0,0,0,0,0,0,0,0,0,0,0,0,0,0,0,0,0,0,0,0,0,0,0,0,0,0,0,0,0,0,0,0,0,0,0,0,0,0,0,0,0,0,0,0,0,0,0,0,0,0,0,0,0,0,0,0,0,0,0,0,0,0,0,0,76,1,0,6,74,0,1,7,4,5
4062.ps1,1,1227,1,1226.0,1226,1,1,14,14,27,26,2,2,24,9,144,10,0,5,9,0,3,0,2,0,1,136,0,0,0,0,0,0,0,0,0,0,0,0,0,0,0,0,0,0,0,0,0,0,0,0,0,0,0,0,0,0,0,0,0,0,0,0,0,0,0,0,0,0,0,0,0,0,0,0,0,0,0,0,0,0,0,0,0,0,0,0,0,0,0,0,0,0,0,0,0,0,0,147,1,0,8,136,0,1,17,6,7
4057.ps1,1,1112,1,1111.0,1111,0,2,16,16,23,23,1,2,29,7,128,4,1,6,7,0,3,0,0,0,2,128,0,0,0,0,0,0,0,0,0,0,0,0,0,0,0,0,0,0,0,0,0,0,0,0,0,0,0,0,0,0,0,0,0,0,0,0,0,0,0,0,0,0,0,0,0,0,0,0,0,0,0,0,0,0,0,0,0,0,0,0,0,0,0,0,0,0,0,0,0,0,0,126,1,6,5,134,0,2,14,0,4
4064.ps1,1,2618,1,2617.0,2617,0,3,22,22,21,21,3,3,10,312,55,9,0,0,7,0,0,0,1,0,2,50,0,0,0,0,0,0,0,0,0,0,0,0,0,0,0,0,0,0,0,0,0,0,0,0,0,0,0,0,0,0,0,0,0,0,0,0,0,0,0,0,0,0,0,0,0,0,0,0,0,0,0,0,0,0,0,0,0,0,0,0,0,0,0,0,0,0,0,0,0,0,0,52,1,3,5,53,0,2,10,0,4
413.ps1,1,2644,1,2643.0,2643,0,1,22,22,19,19,3,3,10,312,76,9,0,0,7,0,0,0,0,0,0,72,0,0,0,0,0,0,0,0,0,0,0,0,0,0,0,0,0,0,0,0,0,0,0,0,0,0,0,0,0,0,0,0,0,0,0,0,0,0,0,0,0,0,0,0,0,0,0,0,0,0,0,0,0,0,0,0,0,0,0,0,0,1,0,0,0,0,0,0,0,0,0,73,1,3,5,76,0,0,10,0,4
42.ps1,1,2753,1,2752.0,2752,0,2,19,19,17,17,3,3,8,330,79,12,0,0,7,0,0,0,0,0,2,76,0,0,0,0,0,0,0,0,0,0,0,0,0,0,0,0,0,0,0,0,0,0,0,0,0,0,0,0,0,0,0,0,0,0,0,0,0,0,0,0,0,0,0,0,0,0,0,0,0,0,0,0,0,0,0,0,0,0,0,0,0,0,0,0,0,0,0,0,0,0,0,79,1,0,5,76,0,2,6,3,4
4065.ps1,1,2788,1,2787.0,2787,0,3,22,22,21,21,3,3,11,330,81,9,0,0,7,0,0,0,0,0,2,76,0,0,0,0,0,0,0,0,0,0,0,0,0,0,0,0,0,0,0,0,0,0,0,0,0,0,0,0,0,0,0,0,0,0,0,0,0,0,0,0,0,0,0,0,0,0,0,0,0,0,0,0,0,0,0,0,0,0,0,0,0,0,0,0,0,0,0,0,0,0,0,78,1,3,5,79,0,2,10,0,4
420.ps1,1,2896,1,2895.0,2895,0,2,21,21,20,20,3,3,10,355,82,9,0,0,7,0,0,0,1,0,2,79,0,0,0,0,0,0,0,0,0,0,0,0,0,0,0,0,0,0,0,0,0,0,0,0,0,0,0,0,0,0,0,0,0,0,0,0,0,0,0,0,0,0,0,0,0,0,0,0,0,0,0,0,0,0,0,0,0,0,0,0,0,0,0,0,0,0,0,0,0,0,0,79,1,3,4,82,0,2,9,0,3
4073.ps1,1,2945,1,2944.0,2944,0,1,21,21,17,17,3,3,8,378,58,13,0,0,7,0,0,0,0,0,1,57,0,0,0,0,0,0,0,0,0,0,0,0,0,0,0,0,0,0,0,0,0,0,0,0,0,0,0,0,0,0,0,0,0,0,0,0,0,0,0,0,0,0,0,0,0,0,0,0,0,0,0,0,0,0,0,0,0,0,0,0,0,0,0,0,0,0,0,0,0,0,0,59,1,0,7,57,0,1,7,4,6
417.ps1,1,2547,1,2546.0,2546,0,2,18,18,14,14,3,3,8,312,51,12,0,0,7,0,0,0,0,0,2,51,0,0,0,0,0,0,0,0,0,0,0,0,0,0,0,0,0,0,0,0,0,0,0,0,0,0,0,0,0,0,0,0,0,0,0,0,0,0,0,0,0,0,0,0,0,0,0,0,0,0,0,0,0,0,0,0,0,0,0,0,0,0,0,0,0,0,0,0,0,0,0,51,1,0,4,51,0,2,3,3,3
414.ps1,1,2645,1,2644.0,2644,0,2,23,23,26,26,3,3,10,312,57,9,0,0,7,0,0,0,1,0,2,48,0,0,0,0,0,0,0,0,0,0,0,0,0,0,0,0,0,0,0,0,0,0,0,0,0,0,0,0,0,0,0,0,0,0,0,0,0,0,0,0,0,0,0,0,0,0,0,0,0,0,0,0,0,0,0,0,0,0,0,0,0,0,0,0,0,0,0,0,0,0,0,54,1,3,6,51,0,2,15,0,5
416.ps1,1,2681,1,2680.0,2680,0,1,24,24,23,23,3,3,11,322,55,10,0,0,7,0,0,0,0,0,1,51,0,0,0,0,0,0,0,0,0,0,0,0,0,0,0,0,0,0,0,0,0,0,0,0,0,0,0,0,0,0,0,0,0,0,0,0,0,0,0,0,0,0,0,0,0,0,0,0,0,0,0,0,0,0,0,0,0,0,0,0,0,0,0,0,0,0,0,0,0,0,0,53,1,3,7,54,0,1,13,1,6
409.ps1,1,2546,1,2545.0,2545,0,0,19,19,15,15,3,3,7,312,51,12,0,0,7,0,0,0,0,0,0,49,0,0,0,0,0,0,0,0,0,0,0,0,0,0,0,0,0,0,0,0,0,0,0,0,0,0,0,0,0,0,0,0,3,0,0,0,0,0,0,0,0,0,0,0,0,0,0,0,0,0,0,0,0,0,0,0,0,0,0,0,0,1,0,0,0,0,0,0,0,0,0,51,1,0,5,50,0,0,6,3,4
438.ps1,1,363,1,362.0,362,1,2,7,7,7,7,0,0,10,2,42,2,0,6,0,0,0,0,0,0,2,40,0,0,0,0,0,0,0,0,0,0,0,0,0,0,0,0,0,0,0,0,0,0,0,0,0,0,0,0,0,0,0,0,0,0,0,0,0,0,0,0,0,0,0,0,0,0,0,0,0,0,0,0,0,0,0,0,0,0,0,0,0,0,0,0,0,0,0,0,0,0,0,42,1,1,5,41,0,2,5,0,4
43.ps1,1,2675,1,2674.0,2674,0,1,22,22,19,19,3,3,10,330,55,9,0,0,7,0,0,0,0,0,0,51,0,0,0,0,0,0,0,0,0,0,0,0,0,0,0,0,0,0,0,0,0,0,0,0,0,0,0,0,0,0,0,0,0,0,0,0,0,0,0,0,0,0,0,0,0,0,0,0,0,0,0,0,0,0,0,0,0,0,0,0,0,1,0,0,0,0,0,0,0,0,0,52,1,3,5,55,0,0,10,0,4
458.ps1,1,3015,1,3014.0,3014,0,3,27,27,24,24,5,5,17,313,63,16,0,0,12,0,0,0,2,0,2,59,0,0,0,0,0,0,0,0,0,0,0,0,0,0,0,0,0,0,0,0,0,0,0,0,0,0,0,0,0,0,0,0,0,0,0,0,0,0,0,0,0,0,0,0,0,0,0,0,0,0,0,1,0,0,0,0,0,0,0,0,0,2,0,0,0,0,0,0,0,0,0,59,1,4,6,63,0,2,10,0,5
435.ps1,1,2615,1,2614.0,2614,0,0,23,23,24,24,3,3,10,312,55,9,0,0,7,0,0,0,0,0,0,47,0,0,0,0,0,0,0,0,0,0,0,0,0,0,0,0,0,0,0,0,0,0,0,0,0,0,0,0,0,0,0,0,0,0,0,0,0,0,0,0,0,0,0,0,0,0,0,0,0,0,0,0,0,0,0,0,0,0,0,0,0,1,0,0,0,0,0,0,0,0,0,52,1,3,6,51,0,0,15,0,5
423.ps1,1,3516,1,3515.0,3515,0,2,28,28,25,25,5,5,17,407,71,12,0,0,11,0,0,0,3,0,1,68,0,0,0,0,0,0,0,0,0,0,0,0,0,0,0,0,0,0,0,0,0,0,0,0,0,0,0,0,0,0,0,0,0,0,0,0,0,0,0,0,0,0,0,0,0,0,0,0,0,0,0,0,0,0,0,0,0,0,0,0,0,2,1,0,0,0,0,0,0,0,0,68,1,5,6,73,0,1,12,1,5
462.ps1,1,2556,1,2555.0,2555,0,0,19,19,15,15,3,3,7,312,51,13,0,0,7,0,0,0,0,0,0,49,0,0,0,0,0,0,0,0,0,0,0,0,0,0,0,0,0,0,0,0,0,0,0,0,0,0,0,0,0,0,0,0,0,0,0,0,0,0,0,0,0,0,0,0,0,0,0,0,0,0,0,0,0,0,0,0,0,0,0,0,1,0,0,0,0,0,0,0,0,0,0,51,1,0,5,50,0,0,6,3,4
446.ps1,1,323,1,322.0,322,0,2,6,6,6,6,0,0,8,2,35,3,0,3,0,0,0,0,0,0,2,33,0,0,0,0,0,0,0,0,0,0,0,0,0,0,0,0,0,0,0,0,0,0,0,0,0,0,0,0,0,0,0,0,0,0,0,0,0,0,0,0,0,0,0,0,0,0,0,0,0,0,0,0,0,0,0,0,0,0,0,0,0,0,0,0,0,0,0,0,0,0,0,36,1,0,5,33,0,2,4,1,4
459.ps1,1,2491,1,2490.0,2490,0,2,10,10,6,6,4,4,8,3,90,4,0,41,3,0,0,0,0,0,2,48,0,0,0,0,0,0,0,0,0,0,0,0,0,0,0,0,0,0,0,0,0,0,0,0,0,0,0,0,0,0,0,0,1,0,0,0,0,0,0,0,0,0,0,0,0,0,0,1,1,0,0,0,0,1,0,0,0,0,0,0,0,1,0,0,0,0,0,0,0,1,0,49,1,0,5,48,0,2,2,1,4
44.ps1,1,2813,1,2812.0,2812,0,2,24,24,26,26,3,3,10,330,83,9,0,0,7,0,0,0,1,0,2,74,0,0,0,0,0,0,0,0,0,0,0,0,0,0,0,0,0,0,0,0,0,0,0,0,0,0,0,0,0,0,0,0,0,0,0,0,0,0,0,0,0,0,0,0,0,0,0,0,0,0,0,0,0,0,0,0,0,0,0,0,0,0,0,0,0,0,0,0,0,0,0,80,1,3,7,77,0,2,15,0,6
445.ps1,1,3054,1,3053.0,3053,0,3,29,29,30,30,5,5,17,313,67,16,0,0,12,0,0,0,2,0,2,57,0,0,0,0,0,0,0,0,0,0,0,0,0,0,0,0,0,0,0,0,0,0,0,0,0,0,0,0,0,0,0,0,0,0,0,0,0,0,0,0,0,0,0,0,0,0,0,0,0,0,0,1,0,0,0,0,0,0,0,0,0,2,0,0,0,0,0,0,0,0,0,63,1,4,8,61,0,2,16,0,7
450.ps1,1,215,1,214.0,214,0,2,5,5,3,3,0,0,3,1,25,2,0,3,0,0,0,0,1,0,2,26,0,0,0,0,0,0,0,0,0,0,0,0,0,0,0,0,0,0,0,0,0,0,0,0,0,0,0,0,0,0,0,0,0,0,0,0,0,0,0,0,0,0,0,0,0,0,0,0,0,0,0,0,0,0,0,0,0,0,0,0,0,0,0,0,0,0,0,0,0,0,0,26,1,0,4,26,0,2,1,1,3
468.ps1,1,957,1,956.0,956,1,1,15,15,15,15,1,1,27,7,97,6,2,5,7,0,2,0,0,0,0,101,0,0,0,0,0,0,0,0,0,0,0,0,0,0,0,0,0,0,0,0,0,0,0,0,0,0,0,0,0,0,0,0,0,0,0,0,0,0,0,0,0,0,0,0,0,0,0,0,0,0,0,0,0,0,0,0,0,0,0,0,0,1,0,0,0,0,0,1,0,0,0,96,2,4,6,107,0,0,7,1,5
491.ps1,1,2704,1,2703.0,2703,0,0,18,18,12,12,3,3,7,330,75,13,0,0,7,0,0,0,0,0,0,76,0,0,0,0,0,0,0,0,0,0,0,0,0,0,0,0,0,0,0,0,0,0,0,0,0,0,0,0,0,0,0,0,0,0,0,0,0,0,0,0,0,0,0,0,0,0,0,0,0,0,0,0,0,0,0,0,0,0,0,0,1,0,0,0,0,0,0,0,0,0,0,75,1,0,4,77,0,0,3,3,3
493.ps1,1,2718,1,2717.0,2717,0,2,21,21,23,23,3,3,7,330,59,12,0,0,7,0,0,0,1,0,2,50,0,0,0,0,0,0,0,0,0,0,0,0,0,0,0,0,0,0,0,0,0,0,0,0,0,0,0,0,0,0,0,0,0,0,0,0,0,0,0,0,0,0,0,0,0,0,0,0,0,0,0,0,0,0,0,0,0,0,0,0,0,0,0,0,0,0,0,0,0,0,0,59,1,0,7,50,0,2,12,3,6
510.ps1,1,2940,1,2939.0,2939,0,1,24,24,22,22,3,3,12,356,83,10,0,0,7,0,0,0,0,0,1,79,0,0,0,0,0,0,0,0,0,0,0,0,0,0,0,0,0,0,0,0,0,0,0,0,0,0,0,0,0,0,0,0,0,0,0,0,0,0,0,0,0,0,0,0,0,0,0,0,0,0,0,0,0,0,0,0,0,0,0,0,0,0,0,0,0,0,0,0,0,0,0,81,1,4,6,83,0,1,12,1,5
465.ps1,1,2661,1,2660.0,2660,0,0,19,19,15,15,3,3,7,330,53,12,0,0,7,0,0,0,0,0,0,51,0,0,0,0,0,0,0,0,0,0,0,0,0,0,0,0,0,0,0,0,0,0,0,0,0,0,0,0,0,0,0,0,0,0,0,0,0,0,0,0,0,0,0,0,0,0,0,0,0,0,0,0,0,0,0,0,0,0,0,0,0,1,0,0,0,0,0,0,0,0,0,53,1,0,5,52,0,0,6,3,4
475.ps1,1,267,1,266.0,266,0,0,6,6,3,3,0,0,4,6,19,4,2,0,0,1,0,0,1,0,0,23,0,0,0,0,0,0,0,0,0,0,0,0,0,0,0,0,0,0,0,0,0,0,0,0,0,0,0,0,0,0,0,0,0,0,0,0,0,0,0,0,0,0,0,0,0,0,0,0,0,0,0,0,0,0,0,0,0,0,0,0,0,0,0,0,0,0,0,0,0,0,0,20,2,1,4,26,0,0,2,1,3
464.ps1,1,2704,1,2703.0,2703,0,2,22,22,20,20,3,3,11,332,55,10,0,0,7,0,0,0,0,0,1,52,0,0,0,0,0,0,0,0,0,0,0,0,0,0,0,0,0,0,0,0,0,0,0,0,0,0,0,0,0,0,0,0,0,0,0,0,0,0,0,0,0,0,0,0,0,0,0,0,0,0,0,0,0,0,0,0,0,0,0,0,0,0,0,0,0,0,0,0,0,0,0,53,1,3,5,55,0,1,10,1,4
486.ps1,1,2787,1,2786.0,2786,0,0,17,17,12,12,3,3,7,359,54,12,0,0,7,0,0,0,0,0,0,55,0,0,0,0,0,0,0,0,0,0,0,0,0,0,0,0,0,0,0,0,0,0,0,0,0,0,0,0,0,0,0,0,0,0,0,0,0,0,0,0,0,0,0,0,0,0,0,0,0,0,0,0,0,0,0,0,0,0,0,0,0,1,0,0,0,0,0,0,0,0,0,54,1,0,3,56,0,0,3,3,2
505.ps1,1,2658,1,2657.0,2657,0,1,24,24,22,22,3,3,12,304,76,10,0,0,7,0,0,0,0,0,1,72,0,0,0,0,0,0,0,0,0,0,0,0,0,0,0,0,0,0,0,0,0,0,0,0,0,0,0,0,0,0,0,0,0,0,0,0,0,0,0,0,0,0,0,0,0,0,0,0,0,0,0,0,0,0,0,0,0,0,0,0,0,0,0,0,0,0,0,0,0,0,0,74,1,4,6,76,0,1,12,1,5
484.ps1,1,2518,1,2517.0,2517,0,0,20,20,18,18,3,3,10,303,50,9,0,0,7,0,0,0,0,0,0,48,0,0,0,0,0,0,0,0,0,0,0,0,0,0,0,0,0,0,0,0,0,0,0,0,0,0,0,0,0,0,0,0,0,0,0,0,0,0,0,0,0,0,0,0,0,0,0,0,0,0,0,0,0,0,0,0,0,0,0,0,0,1,0,0,0,0,0,0,0,0,0,47,1,3,3,52,0,0,9,0,2
516.ps1,1,2683,1,2682.0,2682,0,1,19,19,16,16,3,3,8,332,53,13,0,0,7,0,0,0,0,0,1,52,0,0,0,0,0,0,0,0,0,0,0,0,0,0,0,0,0,0,0,0,0,0,0,0,0,0,0,0,0,0,0,0,0,0,0,0,0,0,0,0,0,0,0,0,0,0,0,0,0,0,0,0,0,0,0,0,0,0,0,0,0,0,0,0,0,0,0,0,0,0,0,54,1,0,5,52,0,1,6,4,4
540.ps1,1,2609,1,2608.0,2608,0,1,21,21,20,20,3,3,8,313,54,13,0,0,7,0,0,0,0,0,1,50,0,0,0,0,0,0,0,0,0,0,0,0,0,0,0,0,0,0,0,0,0,0,0,0,0,0,0,0,0,0,0,0,0,0,0,0,0,0,0,0,0,0,0,0,0,0,0,0,0,0,0,0,0,0,0,0,0,0,0,0,0,0,0,0,0,0,0,0,0,0,0,55,1,0,7,50,0,1,10,4,6
536.ps1,1,2792,1,2791.0,2791,0,2,24,24,20,20,3,3,11,331,80,10,0,0,7,0,0,0,1,0,1,77,0,0,0,0,0,0,0,0,0,0,0,0,0,0,0,0,0,0,0,0,0,0,0,0,0,0,0,0,0,0,0,0,0,0,0,0,0,0,0,0,0,0,0,0,0,0,0,0,0,0,0,0,0,0,0,0,0,0,0,0,0,0,0,0,0,0,0,0,0,0,0,78,1,4,6,81,0,1,10,1,5
508.ps1,1,2629,1,2628.0,2628,0,0,20,20,13,13,3,3,8,314,72,13,2,0,7,0,0,0,1,0,0,75,0,0,0,0,0,0,0,0,0,0,0,0,0,0,0,0,0,0,0,0,0,0,0,0,0,0,0,0,0,0,0,0,0,0,0,0,0,0,0,0,0,0,0,0,0,0,0,0,0,0,0,0,0,0,0,0,0,0,0,0,0,0,0,0,0,0,0,0,0,0,0,73,2,0,6,77,0,0,3,4,5
520.ps1,1,2948,1,2947.0,2947,0,1,24,24,23,23,5,5,13,306,60,21,0,0,12,0,0,0,2,0,1,56,0,0,0,0,0,0,0,0,0,0,0,0,0,0,0,0,0,0,0,0,0,0,0,0,0,0,0,0,0,0,0,0,0,0,0,0,0,0,0,0,0,0,0,0,0,0,0,0,0,0,0,1,0,0,0,0,0,0,0,0,0,2,0,0,0,0,0,0,0,0,0,61,1,0,7,56,0,1,10,5,6
519.ps1,1,2612,1,2611.0,2611,0,1,21,21,20,20,3,3,8,313,54,13,0,0,7,0,0,0,0,0,1,50,0,0,0,0,0,0,0,0,0,0,0,0,0,0,0,0,0,0,0,0,0,0,0,0,0,0,0,0,0,0,0,0,0,0,0,0,0,0,0,0,0,0,0,0,0,0,0,0,0,0,0,0,0,0,0,0,0,0,0,0,0,0,0,0,0,0,0,0,0,0,0,55,1,0,7,50,0,1,10,4,6
558.ps1,1,3524,1,3523.0,3523,0,1,28,28,29,29,5,5,17,395,72,17,0,0,12,0,0,0,2,0,1,67,0,0,0,0,0,0,0,0,0,0,0,0,0,0,0,0,0,0,0,0,0,0,0,0,0,0,0,0,0,0,0,0,0,0,0,0,0,0,0,0,0,0,0,0,0,0,0,0,0,0,0,1,0,0,0,0,0,0,0,0,0,2,0,0,0,0,0,0,0,0,0,69,1,4,7,71,0,1,16,1,6
548.ps1,1,2643,1,2642.0,2642,0,1,13,13,9,9,2,2,23,5,73,9,0,30,11,0,0,0,0,0,0,53,0,0,0,0,0,0,0,0,0,0,0,0,0,0,0,0,0,0,0,0,0,0,0,0,0,0,0,0,0,0,0,1,1,0,0,0,0,0,0,0,0,0,0,0,0,0,0,0,0,0,0,0,0,0,0,0,0,0,0,0,1,1,0,0,0,0,0,0,0,4,0,50,1,3,3,57,0,0,5,0,2
560.ps1,1,3060,1,3059.0,3059,0,2,24,24,24,24,5,5,12,310,89,20,0,0,12,0,0,0,3,0,2,83,0,0,0,0,0,0,0,0,0,0,0,0,0,0,0,0,0,0,0,0,0,0,0,0,0,0,0,0,0,0,0,0,0,0,0,0,0,0,0,0,0,0,0,0,0,0,0,0,0,0,0,1,0,0,0,0,0,0,0,0,0,1,0,0,0,0,0,0,0,0,0,89,1,0,7,83,0,2,10,4,6
552.ps1,1,2619,1,2618.0,2618,0,2,23,23,23,23,3,3,10,312,55,9,0,0,7,0,0,0,1,0,2,49,0,0,0,0,0,0,0,0,0,0,0,0,0,0,0,0,0,0,0,0,0,0,0,0,0,0,0,0,0,0,0,0,0,0,0,0,0,0,0,0,0,0,0,0,0,0,0,0,0,0,0,0,0,0,0,0,0,0,0,0,0,0,0,0,0,0,0,0,0,0,0,52,1,3,6,52,0,2,12,0,5
56.ps1,1,2765,1,2764.0,2764,0,2,21,21,20,20,3,3,7,330,81,12,0,0,7,0,0,0,1,0,2,75,0,0,0,0,0,0,0,0,0,0,0,0,0,0,0,0,0,0,0,0,0,0,0,0,0,0,0,0,0,0,0,0,0,0,0,0,0,0,0,0,0,0,0,0,0,0,0,0,0,0,0,0,0,0,0,0,0,0,0,0,0,0,0,0,0,0,0,0,0,0,0,81,1,0,7,75,0,2,9,3,6
551.ps1,1,2617,1,2616.0,2616,0,2,22,22,23,23,3,3,11,312,55,9,0,0,7,0,0,0,0,0,2,49,0,0,0,0,0,0,0,0,0,0,0,0,0,0,0,0,0,0,0,0,0,0,0,0,0,0,0,0,0,0,0,0,0,0,0,0,0,0,0,0,0,0,0,0,0,0,0,0,0,0,0,0,0,0,0,0,0,0,0,0,0,0,0,0,0,0,0,0,0,0,0,52,1,3,5,52,0,2,12,0,4
556.ps1,1,2745,1,2744.0,2744,0,1,22,22,22,22,3,3,9,331,58,13,0,0,7,0,0,0,0,0,1,51,0,0,0,0,0,0,0,0,0,0,0,0,0,0,0,0,0,0,0,0,0,0,0,0,0,0,0,0,0,0,0,0,0,0,0,0,0,0,0,0,0,0,0,0,0,0,0,0,0,0,0,0,0,0,0,0,0,0,0,0,0,0,0,0,0,0,0,0,0,0,0,59,1,1,7,52,0,1,12,4,6
553.ps1,1,2712,1,2711.0,2711,0,3,23,23,24,24,3,3,11,312,80,9,0,0,7,0,0,0,0,0,2,72,0,0,0,0,0,0,0,0,0,0,0,0,0,0,0,0,0,0,0,0,0,0,0,0,0,0,0,0,0,0,0,0,0,0,0,0,0,0,0,0,0,0,0,0,0,0,0,0,0,0,0,0,0,0,0,0,0,0,0,0,0,0,0,0,0,0,0,0,0,0,0,77,1,3,6,75,0,2,13,0,5
564.ps1,1,2590,1,2589.0,2589,0,1,21,21,17,17,3,3,7,313,52,13,0,0,7,0,0,0,1,0,1,51,0,0,0,0,0,0,0,0,0,0,0,0,0,0,0,0,0,0,0,0,0,0,0,0,0,0,0,0,0,0,0,0,0,0,0,0,0,0,0,0,0,0,0,0,0,0,0,0,0,0,0,0,0,0,0,0,0,0,0,0,0,0,0,0,0,0,0,0,0,0,0,53,1,0,7,51,0,1,7,4,6
57.ps1,1,2747,1,2746.0,2746,0,2,24,24,23,23,3,3,11,323,79,10,0,0,7,0,0,0,0,0,1,73,0,0,0,0,0,0,0,0,0,0,0,0,0,0,0,0,0,0,0,0,0,0,0,0,0,0,0,0,0,0,0,0,0,0,0,0,0,0,0,0,0,0,0,0,0,0,0,0,0,0,0,0,0,0,0,0,0,0,0,0,0,0,0,0,0,0,0,0,0,0,0,77,1,3,7,76,0,1,13,1,6
573.ps1,1,970,1,969.0,969,1,0,16,16,20,20,1,1,27,7,90,6,2,5,7,0,2,0,0,0,0,90,0,0,0,0,0,0,0,0,0,0,0,0,0,0,0,0,0,0,0,0,0,0,0,0,0,0,0,0,0,0,0,0,0,0,0,0,0,0,0,0,0,0,0,0,0,0,0,0,0,0,0,0,0,0,0,0,0,0,0,0,0,0,0,0,0,0,0,0,0,0,0,89,2,4,7,96,0,0,12,1,6
577.ps1,1,2698,1,2697.0,2697,0,1,22,22,19,19,3,3,10,330,55,10,0,0,7,0,0,0,0,0,0,51,0,0,0,0,0,0,0,0,0,0,0,0,0,0,0,0,0,0,0,0,0,0,0,0,0,0,0,0,0,0,0,0,0,0,0,0,0,0,0,0,0,0,0,0,0,0,0,0,0,0,0,0,0,0,0,0,0,0,0,0,1,0,0,0,0,0,0,0,0,0,0,52,1,3,5,55,0,0,10,0,4
59.ps1,1,2599,1,2598.0,2598,0,2,20,20,20,20,3,3,7,312,55,12,0,0,7,0,0,0,1,0,2,49,0,0,0,0,0,0,0,0,0,0,0,0,0,0,0,0,0,0,0,0,0,0,0,0,0,0,0,0,0,0,0,0,0,0,0,0,0,0,0,0,0,0,0,0,0,0,0,0,0,0,0,0,0,0,0,0,0,0,0,0,0,0,0,0,0,0,0,0,0,0,0,55,1,0,6,49,0,2,9,3,5
604.ps1,1,505,1,504.0,504,1,1,10,10,10,10,0,0,10,5,49,6,0,4,1,0,0,0,0,0,1,47,0,0,0,0,0,0,0,0,0,0,0,0,0,0,0,0,0,0,0,0,0,0,0,0,0,0,0,0,0,0,0,0,0,0,0,0,0,0,0,0,0,0,0,0,0,0,0,0,0,0,0,0,0,0,0,0,0,0,0,0,0,0,0,0,0,0,0,0,1,0,0,52,1,1,7,48,0,1,9,4,6
594.ps1,1,2781,1,2780.0,2780,0,2,21,21,20,20,3,3,8,330,81,12,0,0,7,0,0,0,0,0,2,75,0,0,0,0,0,0,0,0,0,0,0,0,0,0,0,0,0,0,0,0,0,0,0,0,0,0,0,0,0,0,0,0,0,0,0,0,0,0,0,0,0,0,0,0,0,0,0,0,0,0,0,0,0,0,0,0,0,0,0,0,0,0,0,0,0,0,0,0,0,0,0,81,1,0,7,75,0,2,9,3,6
617.ps1,1,3834,1,3833.0,3833,0,3,28,28,29,29,5,5,17,444,111,16,0,0,12,0,0,0,2,0,2,103,0,0,0,0,0,0,0,0,0,0,0,0,0,0,0,0,0,0,0,0,0,0,0,0,0,0,0,0,0,0,0,0,0,0,0,0,0,0,0,0,0,0,0,0,0,0,0,0,0,0,0,0,0,0,0,0,0,0,0,0,0,1,0,0,0,0,0,0,0,0,0,107,1,4,7,107,0,2,15,0,6
609.ps1,1,2679,1,2678.0,2678,0,2,21,21,20,20,3,3,7,312,78,12,0,0,7,0,0,0,1,0,2,72,0,0,0,0,0,0,0,0,0,0,0,0,0,0,0,0,0,0,0,0,0,0,0,0,0,0,0,0,0,0,0,0,0,0,0,0,0,0,0,0,0,0,0,0,0,0,0,0,0,0,0,0,0,0,0,0,0,0,0,0,0,0,0,0,0,0,0,0,0,0,0,78,1,0,7,72,0,2,9,3,6
630.ps1,1,388,1,387.0,387,0,1,10,10,10,10,0,0,6,4,35,5,0,3,1,0,0,0,1,0,1,32,0,0,0,0,0,0,0,0,0,0,0,0,0,0,0,0,0,0,0,0,0,0,0,0,0,0,0,0,0,0,0,0,0,0,0,0,0,0,0,0,0,0,0,0,0,0,0,0,0,0,0,0,0,0,0,0,0,0,0,0,0,0,0,0,0,0,0,0,0,0,0,37,1,0,8,32,0,1,9,3,7
616.ps1,1,343,1,342.0,342,1,2,10,10,12,12,0,0,8,2,30,4,0,3,0,0,0,0,1,0,2,26,0,0,0,0,0,0,0,0,0,0,0,0,0,0,0,0,0,0,0,0,0,0,0,0,0,0,0,0,0,0,0,0,0,0,0,0,0,0,0,0,0,0,0,0,0,0,0,0,0,0,0,0,0,0,0,0,0,0,0,0,0,1,0,0,0,0,0,0,0,0,0,30,1,2,6,28,0,2,10,0,5
618.ps1,1,2657,1,2656.0,2656,0,1,20,20,16,16,3,3,8,314,74,13,0,0,7,0,0,0,0,0,1,73,0,0,0,0,0,0,0,0,0,0,0,0,0,0,0,0,0,0,0,0,0,0,0,0,0,0,0,0,0,0,0,0,0,0,0,0,0,0,0,0,0,0,0,0,0,0,0,0,0,0,0,0,0,0,0,0,0,0,0,0,0,0,0,0,0,0,0,0,0,0,0,75,1,0,6,73,0,1,6,4,5
611.ps1,1,2708,1,2707.0,2707,0,2,21,21,20,20,3,3,11,321,77,9,0,0,7,0,0,0,0,0,2,74,0,0,0,0,0,0,0,0,0,0,0,0,0,0,0,0,0,0,0,0,0,0,0,0,0,0,0,0,0,0,0,0,0,0,0,0,0,0,0,0,0,0,0,0,0,0,0,0,0,0,0,0,0,0,0,0,0,0,0,0,0,0,0,0,0,0,0,0,0,0,0,74,1,3,4,77,0,2,9,0,3
615.ps1,1,2743,1,2742.0,2742,0,1,20,20,16,16,3,3,8,332,77,13,0,0,7,0,0,0,0,0,1,76,0,0,0,0,0,0,0,0,0,0,0,0,0,0,0,0,0,0,0,0,0,0,0,0,0,0,0,0,0,0,0,0,0,0,0,0,0,0,0,0,0,0,0,0,0,0,0,0,0,0,0,0,0,0,0,0,0,0,0,0,0,0,0,0,0,0,0,0,0,0,0,78,1,0,6,76,0,1,6,4,5
643.ps1,1,2645,1,2644.0,2644,0,1,21,21,19,19,3,3,8,323,54,13,0,0,7,0,0,0,0,0,1,50,0,0,0,0,0,0,0,0,0,0,0,0,0,0,0,0,0,0,0,0,0,0,0,0,0,0,0,0,0,0,0,0,0,0,0,0,0,0,0,0,0,0,0,0,0,0,0,0,0,0,0,0,0,0,0,0,0,0,0,0,0,0,0,0,0,0,0,0,0,0,0,55,1,0,7,50,0,1,9,4,6
650.ps1,1,2656,1,2655.0,2655,0,1,24,24,25,25,3,3,10,314,55,10,0,0,7,0,0,0,1,0,1,48,0,0,0,0,0,0,0,0,0,0,0,0,0,0,0,0,0,0,0,0,0,0,0,0,0,0,0,0,0,0,0,0,0,0,0,0,0,0,0,0,0,0,0,0,0,0,0,0,0,0,0,0,0,0,0,0,0,0,0,0,0,0,0,0,0,0,0,0,0,0,0,53,1,3,7,51,0,1,15,1,6
657.ps1,1,2705,1,2704.0,2704,0,2,21,21,20,20,3,3,7,330,57,12,0,0,7,0,0,0,1,0,2,51,0,0,0,0,0,0,0,0,0,0,0,0,0,0,0,0,0,0,0,0,0,0,0,0,0,0,0,0,0,0,0,0,0,0,0,0,0,0,0,0,0,0,0,0,0,0,0,0,0,0,0,0,0,0,0,0,0,0,0,0,0,0,0,0,0,0,0,0,0,0,0,57,1,0,7,51,0,2,9,3,6
637.ps1,1,2539,1,2538.0,2538,0,2,20,20,17,17,3,3,7,303,51,12,0,0,7,0,0,0,1,0,2,48,0,0,0,0,0,0,0,0,0,0,0,0,0,0,0,0,0,0,0,0,0,0,0,0,0,0,0,0,0,0,0,0,0,0,0,0,0,0,0,0,0,0,0,0,0,0,0,0,0,0,0,0,0,0,0,0,0,0,0,0,0,0,0,0,0,0,0,0,0,0,0,51,1,0,6,48,0,2,6,3,5
576.ps1,1,3074,1,3073.0,3073,0,1,28,28,28,28,5,5,17,315,88,13,2,0,11,0,0,0,3,0,0,83,0,0,0,0,0,0,0,0,0,0,0,0,0,0,0,0,0,0,0,0,0,0,0,0,0,0,0,0,0,0,0,0,0,0,0,0,0,0,0,0,0,0,0,0,0,0,0,0,0,0,0,1,0,0,0,0,0,0,0,0,0,2,0,0,0,0,0,0,0,0,0,85,2,4,7,89,0,0,15,1,6
665.ps1,1,263,1,262.0,262,0,0,5,5,1,1,0,0,7,2,33,3,0,3,0,0,0,0,0,0,0,35,0,0,0,0,0,0,0,0,0,0,0,0,0,0,0,0,0,0,0,0,0,0,0,0,0,0,0,0,0,0,0,0,0,0,0,0,0,0,0,0,0,0,0,0,0,0,0,0,0,0,0,0,0,0,0,0,0,0,0,0,0,1,0,0,0,0,0,0,0,0,0,34,1,0,4,36,0,0,1,1,3
654.ps1,1,2751,1,2750.0,2750,0,2,19,19,17,17,3,3,7,330,79,12,0,0,7,0,0,0,1,0,2,76,0,0,0,0,0,0,0,0,0,0,0,0,0,0,0,0,0,0,0,0,0,0,0,0,0,0,0,0,0,0,0,0,0,0,0,0,0,0,0,0,0,0,0,0,0,0,0,0,0,0,0,0,0,0,0,0,0,0,0,0,0,0,0,0,0,0,0,0,0,0,0,79,1,0,5,76,0,2,6,3,4
666.ps1,1,2612,1,2611.0,2611,0,3,14,14,8,8,2,2,23,5,70,8,0,31,12,0,0,0,1,0,2,54,0,0,0,0,0,0,0,0,0,0,0,0,0,0,0,0,0,0,0,0,0,0,0,0,0,0,0,0,0,0,0,0,1,0,0,0,0,0,0,0,0,0,0,0,0,0,0,0,1,0,0,0,0,0,0,0,0,0,0,0,0,0,0,0,0,0,0,0,0,4,0,49,1,3,4,57,0,2,2,0,3
661.ps1,1,2695,1,2694.0,2694,0,2,22,22,17,17,3,3,11,332,53,10,0,0,7,0,0,0,0,0,1,53,0,0,0,0,0,0,0,0,0,0,0,0,0,0,0,0,0,0,0,0,0,0,0,0,0,0,0,0,0,0,0,0,0,0,0,0,0,0,0,0,0,0,0,0,0,0,0,0,0,0,0,0,0,0,0,0,0,0,0,0,0,0,0,0,0,0,0,0,0,0,0,51,1,3,5,56,0,1,7,1,4
660.ps1,1,3037,1,3036.0,3036,0,0,20,20,21,21,3,3,7,393,63,13,0,0,7,0,0,0,0,0,0,55,0,0,0,0,0,0,0,0,0,0,0,0,0,0,0,0,0,0,0,0,0,0,0,0,0,0,0,0,0,0,0,0,0,0,0,0,0,0,0,0,0,0,0,0,0,0,0,0,0,0,0,0,0,0,0,0,0,0,0,0,1,0,0,0,0,0,0,0,0,0,0,63,1,0,6,56,0,0,12,3,5
649.ps1,1,2653,1,2652.0,2652,0,0,20,20,18,18,3,3,7,312,76,13,0,0,7,0,0,0,0,0,0,71,0,0,0,0,0,0,0,0,0,0,0,0,0,0,0,0,0,0,0,0,0,0,0,0,0,0,0,0,0,0,0,0,0,0,0,0,0,0,0,0,0,0,0,0,0,0,0,0,0,0,0,0,0,0,0,0,0,0,0,0,1,0,0,0,0,0,0,0,0,0,0,76,1,0,6,72,0,0,9,3,5
702.ps1,1,2762,1,2761.0,2761,0,1,22,22,17,17,3,3,12,332,77,11,2,0,7,0,0,0,0,0,0,78,0,0,0,0,0,0,0,0,0,0,0,0,0,0,0,0,0,0,0,0,0,0,0,0,0,0,0,0,0,0,0,0,0,0,0,0,0,0,0,0,0,0,0,0,0,0,0,0,0,0,0,0,0,0,0,0,0,0,0,0,0,0,0,0,0,0,0,0,0,0,0,75,2,3,5,83,0,0,7,1,4
672.ps1,1,968,1,967.0,967,1,1,14,14,22,22,1,1,20,6,89,9,0,5,7,0,2,0,1,0,1,84,0,0,0,0,0,0,0,0,0,0,0,0,0,0,0,0,0,0,0,0,0,0,0,0,0,0,0,0,0,0,0,0,0,0,0,0,0,0,0,0,0,0,0,0,0,0,0,0,0,0,0,0,0,0,0,0,0,0,0,0,0,0,0,0,0,0,0,0,0,0,0,92,1,0,9,84,0,1,14,5,8
670.ps1,1,2695,1,2694.0,2694,0,3,23,23,24,24,3,3,11,312,79,9,0,0,7,0,0,0,0,0,2,71,0,0,0,0,0,0,0,0,0,0,0,0,0,0,0,0,0,0,0,0,0,0,0,0,0,0,0,0,0,0,0,0,0,0,0,0,0,0,0,0,0,0,0,0,0,0,0,0,0,0,0,0,0,0,0,0,0,0,0,0,0,0,0,0,0,0,0,0,0,0,0,76,1,3,6,74,0,2,13,0,5
692.ps1,1,2679,1,2678.0,2678,0,0,19,19,15,15,3,3,7,321,75,13,0,0,7,0,0,0,0,0,0,73,0,0,0,0,0,0,0,0,0,0,0,0,0,0,0,0,0,0,0,0,0,0,0,0,0,0,0,0,0,0,0,0,2,0,0,0,0,0,0,0,0,0,0,0,0,0,0,0,0,0,0,0,0,0,0,0,0,0,0,0,1,0,0,0,0,0,0,0,0,0,0,75,1,0,5,74,0,0,6,3,4
700.ps1,1,2688,1,2687.0,2687,0,2,21,21,23,23,3,3,7,312,80,12,0,0,7,0,0,0,1,0,2,71,0,0,0,0,0,0,0,0,0,0,0,0,0,0,0,0,0,0,0,0,0,0,0,0,0,0,0,0,0,0,0,0,0,0,0,0,0,0,0,0,0,0,0,0,0,0,0,0,0,0,0,0,0,0,0,0,0,0,0,0,0,0,0,0,0,0,0,0,0,0,0,80,1,0,7,71,0,2,12,3,6
710.ps1,1,375,1,374.0,374,0,0,8,8,3,3,8,8,7,4,39,5,2,3,1,0,0,0,1,0,0,41,0,0,0,0,0,0,0,0,0,0,0,0,0,0,0,0,0,0,0,0,0,0,0,0,0,0,0,0,0,0,0,0,0,0,0,0,0,0,0,0,0,0,0,0,0,0,0,1,0,0,0,0,0,0,0,0,0,0,0,0,0,0,0,0,0,0,0,0,0,0,0,40,2,0,6,43,0,0,2,2,5
678.ps1,1,2804,1,2803.0,2803,0,2,20,20,17,17,3,3,8,355,57,12,0,0,7,0,0,0,0,0,2,54,0,0,0,0,0,0,0,0,0,0,0,0,0,0,0,0,0,0,0,0,0,0,0,0,0,0,0,0,0,0,0,0,0,0,0,0,0,0,0,0,0,0,0,0,0,0,0,0,0,0,0,0,0,0,0,0,0,0,0,0,0,0,0,0,0,0,0,0,0,0,0,57,1,0,6,54,0,2,6,3,5
696.ps1,1,323,1,322.0,322,0,1,6,6,3,3,0,0,8,4,36,3,0,4,0,0,0,0,1,0,1,39,0,0,0,0,0,0,0,0,0,0,0,0,0,0,0,0,0,0,0,0,0,0,0,0,0,0,0,0,0,0,0,0,0,0,0,0,0,0,0,0,0,0,0,0,0,0,0,0,0,0,0,0,0,0,0,0,0,0,0,0,0,0,0,0,0,0,0,0,0,0,0,37,1,1,4,40,0,1,2,1,3
714.ps1,1,360,1,359.0,359,0,2,6,6,6,6,0,0,8,2,44,3,0,6,0,0,0,0,1,0,2,42,0,0,0,0,0,0,0,0,0,0,0,0,0,0,0,0,0,0,0,0,0,0,0,0,0,0,0,0,0,0,0,0,0,0,0,0,0,0,0,0,0,0,0,0,0,0,0,0,0,0,0,0,0,0,0,0,0,0,0,0,0,0,0,0,0,0,0,0,0,0,0,45,1,0,5,42,0,2,4,1,4
709.ps1,1,2590,1,2589.0,2589,0,2,19,19,17,17,3,3,8,312,53,12,0,0,7,0,0,0,0,0,2,50,0,0,0,0,0,0,0,0,0,0,0,0,0,0,0,0,0,0,0,0,0,0,0,0,0,0,0,0,0,0,0,0,0,0,0,0,0,0,0,0,0,0,0,0,0,0,0,0,0,0,0,0,0,0,0,0,0,0,0,0,0,0,0,0,0,0,0,0,0,0,0,53,1,0,5,50,0,2,6,3,4
71.ps1,1,2684,1,2683.0,2683,0,0,23,23,24,24,3,3,10,312,78,9,0,0,7,0,0,0,0,0,0,70,0,0,0,0,0,0,0,0,0,0,0,0,0,0,0,0,0,0,0,0,0,0,0,0,0,0,0,0,0,0,0,0,0,0,0,0,0,0,0,0,0,0,0,0,0,0,0,0,0,0,0,0,0,0,0,0,0,0,0,0,0,1,0,0,0,0,0,0,0,0,0,75,1,3,6,74,0,0,15,0,5
728.ps1,1,2525,1,2524.0,2524,0,0,20,20,18,18,3,3,7,303,52,12,0,0,7,0,0,0,0,0,0,47,0,0,0,0,0,0,0,0,0,0,0,0,0,0,0,0,0,0,0,0,0,0,0,0,0,0,0,0,0,0,0,0,0,0,0,0,0,0,0,0,0,0,0,0,0,0,0,0,0,0,0,0,0,0,0,0,0,0,0,0,0,1,0,0,0,0,0,0,0,0,0,52,1,0,6,48,0,0,9,3,5
746.ps1,1,2731,1,2730.0,2730,0,0,19,19,15,15,3,3,7,330,77,13,0,0,7,0,0,0,0,0,0,75,0,0,0,0,0,0,0,0,0,0,0,0,0,0,0,0,0,0,0,0,0,0,0,0,0,0,0,0,0,0,0,0,0,0,0,0,0,0,0,0,0,0,0,0,0,0,0,0,0,0,0,0,0,0,0,0,0,0,0,0,1,0,0,0,0,0,0,0,0,0,0,77,1,0,5,76,0,0,6,3,4
719.ps1,1,2638,1,2637.0,2637,0,2,20,20,17,17,3,3,10,312,74,9,0,0,7,0,0,0,1,0,2,74,0,0,0,0,0,0,0,0,0,0,0,0,0,0,0,0,0,0,0,0,0,0,0,0,0,0,0,0,0,0,0,0,0,0,0,0,0,0,0,0,0,0,0,0,0,0,0,0,0,0,0,0,0,0,0,0,0,0,0,0,0,0,0,0,0,0,0,0,0,0,0,71,1,3,3,77,0,2,6,0,2
738.ps1,1,2628,1,2627.0,2627,0,2,23,23,26,26,3,3,10,309,57,9,0,0,7,0,0,0,1,0,2,48,0,0,0,0,0,0,0,0,0,0,0,0,0,0,0,0,0,0,0,0,0,0,0,0,0,0,0,0,0,0,0,0,0,0,0,0,0,0,0,0,0,0,0,0,0,0,0,0,0,0,0,0,0,0,0,0,0,0,0,0,0,0,0,0,0,0,0,0,0,0,0,54,1,3,6,51,0,2,15,0,5
730.ps1,1,2667,1,2666.0,2666,0,2,20,20,20,20,3,3,7,312,78,12,0,0,7,0,0,0,1,0,2,72,0,0,0,0,0,0,0,0,0,0,0,0,0,0,0,0,0,0,0,0,0,0,0,0,0,0,0,0,0,0,0,0,0,0,0,0,0,0,0,0,0,0,0,0,0,0,0,0,0,0,0,0,0,0,0,0,0,0,0,0,0,0,0,0,0,0,0,0,0,0,0,78,1,0,6,72,0,2,9,3,5
722.ps1,1,684,1,683.0,683,1,0,9,9,10,10,0,0,15,4,71,5,2,3,9,0,0,0,1,0,0,72,0,0,0,0,0,0,0,0,0,0,0,0,0,0,0,0,0,0,0,0,0,0,0,0,0,0,0,0,0,0,0,0,0,0,0,0,0,0,0,0,0,0,0,0,0,0,0,0,0,0,0,0,0,0,0,0,0,0,0,0,0,0,0,0,0,0,0,0,0,0,0,71,2,2,6,76,0,0,7,1,5
765.ps1,1,300,1,299.0,299,1,1,7,7,5,5,0,0,8,3,24,4,0,3,0,0,0,0,1,0,1,24,0,0,0,0,0,0,0,0,0,0,0,0,0,0,0,0,0,0,0,0,0,0,0,0,0,0,0,0,0,0,0,0,0,0,0,0,0,0,0,0,0,0,0,0,1,0,0,0,0,0,0,0,0,0,0,0,0,0,0,0,0,0,0,0,0,0,0,0,0,0,0,26,1,1,5,25,0,1,4,2,4
740.ps1,1,2842,1,2841.0,2841,0,1,21,21,19,19,3,3,9,356,58,13,0,0,7,0,0,0,0,0,1,54,0,0,0,0,0,0,0,0,0,0,0,0,0,0,0,0,0,0,0,0,0,0,0,0,0,0,0,0,0,0,0,0,0,0,0,0,0,0,0,0,0,0,0,0,0,0,0,0,0,0,0,0,0,0,0,0,0,0,0,0,0,0,0,0,0,0,0,0,0,0,0,59,1,1,6,55,0,1,9,4,5
752.ps1,1,2586,1,2585.0,2585,0,1,22,22,19,19,3,3,10,312,52,10,0,0,7,0,0,0,0,0,0,48,0,0,0,0,0,0,0,0,0,0,0,0,0,0,0,0,0,0,0,0,0,0,0,0,0,0,0,0,0,0,0,0,0,0,0,0,0,0,0,0,0,0,0,0,0,0,0,0,0,0,0,0,0,0,0,0,0,0,0,0,1,0,0,0,0,0,0,0,0,0,0,49,1,3,5,52,0,0,10,0,4
777.ps1,1,2602,1,2601.0,2601,0,0,21,21,21,21,3,3,10,312,53,9,0,0,7,0,0,0,0,0,0,48,0,0,0,0,0,0,0,0,0,0,0,0,0,0,0,0,0,0,0,0,0,0,0,0,0,0,0,0,0,0,0,0,0,0,0,0,0,0,0,0,0,0,0,0,0,0,0,0,0,0,0,0,0,0,0,0,0,0,0,0,0,1,0,0,0,0,0,0,0,0,0,50,1,3,4,52,0,0,12,0,3
763.ps1,1,2641,1,2640.0,2640,0,0,19,19,15,15,3,3,7,330,53,12,0,0,7,0,0,0,0,0,0,51,0,0,0,0,0,0,0,0,0,0,0,0,0,0,0,0,0,0,0,0,0,0,0,0,0,0,0,0,0,0,0,0,0,0,0,0,0,0,0,0,0,0,0,0,0,0,0,0,0,0,0,0,0,0,0,0,0,0,0,0,0,1,0,0,0,0,0,0,0,0,0,53,1,0,5,52,0,0,6,3,4
770.ps1,1,2757,1,2756.0,2756,0,2,19,19,17,17,3,3,8,330,79,12,0,0,7,0,0,0,0,0,2,76,0,0,0,0,0,0,0,0,0,0,0,0,0,0,0,0,0,0,0,0,0,0,0,0,0,0,0,0,0,0,0,0,0,0,0,0,0,0,0,0,0,0,0,0,0,0,0,0,0,0,0,0,0,0,0,0,0,0,0,0,0,0,0,0,0,0,0,0,0,0,0,79,1,0,5,76,0,2,6,3,4
776.ps1,1,441,1,440.0,440,1,0,6,6,3,3,0,0,11,3,43,8,2,8,0,0,0,0,0,0,0,47,0,0,0,0,0,0,0,0,0,0,0,0,0,0,0,0,0,0,0,0,0,0,0,0,0,0,0,0,0,0,0,0,0,0,0,0,0,0,0,0,0,0,0,1,0,0,0,0,0,0,0,0,0,0,0,0,0,0,0,0,0,0,0,0,0,0,1,0,0,0,0,44,2,1,4,50,0,0,2,1,3
756.ps1,1,2980,1,2979.0,2979,0,1,21,21,19,19,3,3,10,372,84,9,0,0,7,0,0,0,0,0,0,80,0,0,0,0,0,0,0,0,0,0,0,0,0,0,0,0,0,0,0,0,0,0,0,0,0,0,0,0,0,0,0,0,0,0,0,0,0,0,0,0,0,0,0,0,0,0,0,0,0,0,0,0,0,0,0,0,0,0,0,0,0,1,0,0,0,0,0,0,0,0,0,81,1,3,4,84,0,0,10,0,3
795.ps1,1,2712,1,2711.0,2711,0,1,23,23,23,23,3,3,11,313,77,10,0,0,7,0,0,0,0,0,1,73,0,0,0,0,0,0,0,0,0,0,0,0,0,0,0,0,0,0,0,0,0,0,0,0,0,0,0,0,0,0,0,0,0,0,0,0,0,0,0,0,0,0,0,0,0,0,0,0,0,0,0,0,0,0,0,0,0,0,0,0,0,0,0,0,0,0,0,0,0,0,0,75,1,3,6,76,0,1,13,1,5
78.ps1,1,292,1,291.0,291,0,2,5,5,3,3,6,6,9,1,36,3,0,3,0,0,0,0,0,0,2,36,0,0,0,0,0,0,0,0,0,0,0,0,0,0,0,0,0,0,0,0,0,0,0,0,0,0,0,0,0,0,0,0,0,0,0,0,0,0,0,0,0,0,0,0,0,0,0,1,0,0,0,0,0,0,0,0,0,0,0,0,0,0,0,0,0,0,0,0,0,0,0,37,1,0,4,36,0,2,1,0,3
793.ps1,1,2824,1,2823.0,2823,0,2,24,24,26,26,3,3,10,330,83,9,0,0,7,0,0,0,1,0,2,74,0,0,0,0,0,0,0,0,0,0,0,0,0,0,0,0,0,0,0,0,0,0,0,0,0,0,0,0,0,0,0,0,0,0,0,0,0,0,0,0,0,0,0,0,0,0,0,0,0,0,0,0,0,0,0,0,0,0,0,0,0,0,0,0,0,0,0,0,0,0,0,80,1,3,7,77,0,2,15,0,6
803.ps1,1,3438,1,3437.0,3437,0,3,25,25,18,18,5,5,16,397,97,11,0,0,11,0,0,0,3,0,2,99,0,0,0,0,0,0,0,0,0,0,0,0,0,0,0,0,0,0,0,0,0,0,0,0,0,0,0,0,0,0,0,0,0,0,0,0,0,0,0,0,0,0,0,0,0,0,0,0,0,0,0,0,0,0,0,0,0,0,0,0,0,1,0,0,0,0,0,0,0,0,0,93,1,4,4,103,0,2,4,0,3
781.ps1,1,2805,1,2804.0,2804,0,0,20,20,16,16,3,3,8,357,55,13,2,0,7,0,0,0,1,0,0,55,0,0,0,0,0,0,0,0,0,0,0,0,0,0,0,0,0,0,0,0,0,0,0,0,0,0,0,0,0,0,0,0,0,0,0,0,0,0,0,0,0,0,0,0,0,0,0,0,0,0,0,0,0,0,0,0,0,0,0,0,0,0,0,0,0,0,0,0,0,0,0,56,2,0,6,57,0,0,6,4,5
807.ps1,1,2895,1,2894.0,2894,0,0,19,19,15,15,3,3,7,372,57,13,0,0,7,0,0,0,0,0,0,55,0,0,0,0,0,0,0,0,0,0,0,0,0,0,0,0,0,0,0,0,0,0,0,0,0,0,0,0,0,0,0,0,0,0,0,0,0,0,0,0,0,0,0,0,0,0,0,0,0,0,0,0,0,0,0,0,0,0,0,0,1,0,0,0,0,0,0,0,0,0,0,57,1,0,5,56,0,0,6,3,4
784.ps1,1,221,1,220.0,220,0,2,8,8,4,4,1,1,8,4,15,3,1,0,1,0,0,0,0,0,1,19,0,0,0,0,0,0,0,0,0,0,0,0,0,0,0,0,0,0,0,0,0,0,0,0,0,0,0,0,0,0,0,0,0,0,0,0,0,0,0,0,0,0,0,0,0,0,0,0,0,0,0,0,0,0,0,0,0,0,0,0,0,1,0,0,0,0,0,0,0,0,0,15,1,2,4,21,0,1,2,1,3
787.ps1,1,437,1,436.0,436,0,2,9,9,12,12,0,0,10,5,33,6,0,3,0,0,0,0,0,0,2,31,0,0,0,0,0,0,0,0,0,0,0,0,0,0,0,0,0,0,0,0,0,0,0,0,0,0,0,0,0,0,0,0,0,0,0,0,0,0,0,0,0,0,0,0,0,0,0,0,0,0,0,0,0,0,0,0,0,0,0,0,0,0,0,0,0,0,0,0,0,0,0,37,1,0,7,31,0,2,10,4,6
812.ps1,1,2873,1,2872.0,2872,0,1,20,20,16,16,3,3,11,357,78,10,0,0,7,0,0,0,0,0,1,80,0,0,0,0,0,0,0,0,0,0,0,0,0,0,0,0,0,0,0,0,0,0,0,0,0,0,0,0,0,0,0,0,0,0,0,0,0,0,0,0,0,0,0,0,0,0,0,0,0,0,0,0,0,0,0,0,0,0,0,0,0,0,0,0,0,0,0,0,0,0,0,76,1,3,3,83,0,1,6,1,2
818.ps1,1,340,1,339.0,339,0,0,8,8,6,6,0,0,11,4,32,3,2,4,0,0,0,0,0,0,0,33,0,0,0,0,0,0,0,0,0,0,0,0,0,0,0,0,0,0,0,0,0,0,0,0,0,0,0,0,0,0,0,0,0,0,0,0,0,0,0,0,0,0,0,0,0,0,0,0,0,0,0,0,0,0,0,0,0,0,0,0,0,0,0,0,0,0,0,0,0,0,0,33,2,1,6,36,0,0,5,1,5
800.ps1,1,2636,1,2635.0,2635,0,1,24,24,23,23,3,3,11,313,54,10,0,0,7,0,0,0,0,0,1,50,0,0,0,0,0,0,0,0,0,0,0,0,0,0,0,0,0,0,0,0,0,0,0,0,0,0,0,0,0,0,0,0,0,0,0,0,0,0,0,0,0,0,0,0,0,0,0,0,0,0,0,0,0,0,0,0,0,0,0,0,0,0,0,0,0,0,0,0,0,0,0,52,1,3,7,53,0,1,13,1,6
828.ps1,1,424,1,423.0,423,0,1,7,7,6,6,6,6,11,2,42,3,0,3,3,0,0,0,1,0,1,44,0,0,0,0,0,0,0,0,0,0,0,0,0,0,0,0,0,0,0,0,0,0,0,0,0,0,0,0,0,0,0,0,0,0,0,0,0,0,0,0,0,0,0,0,0,0,0,1,0,0,0,0,0,0,0,0,0,0,0,0,0,0,0,0,0,0,0,0,0,0,0,44,1,0,6,44,0,1,3,2,5
824.ps1,1,2626,1,2625.0,2625,0,2,20,20,14,14,3,3,11,314,72,10,0,0,7,0,0,0,0,0,1,75,0,0,0,0,0,0,0,0,0,0,0,0,0,0,0,0,0,0,0,0,0,0,0,0,0,0,0,0,0,0,0,0,0,0,0,0,0,0,0,0,0,0,0,0,0,0,0,0,0,0,0,0,0,0,0,0,0,0,0,0,0,0,0,0,0,0,0,0,0,0,0,70,1,3,3,78,0,1,4,1,2
840.ps1,1,2813,1,2812.0,2812,0,1,21,21,17,17,3,3,11,356,54,10,0,0,7,0,0,0,0,0,1,56,0,0,0,0,0,0,0,0,0,0,0,0,0,0,0,0,0,0,0,0,0,0,0,0,0,0,0,0,0,0,0,0,0,0,0,0,0,0,0,0,0,0,0,0,0,0,0,0,0,0,0,0,0,0,0,0,0,0,0,0,0,0,0,0,0,0,0,0,0,0,0,52,1,3,4,59,0,1,7,1,3
823.ps1,1,2587,1,2586.0,2586,0,1,21,21,16,16,3,3,11,314,49,10,0,0,7,0,0,0,0,0,1,51,0,0,0,0,0,0,0,0,0,0,0,0,0,0,0,0,0,0,0,0,0,0,0,0,0,0,0,0,0,0,0,0,0,0,0,0,0,0,0,0,0,0,0,0,0,0,0,0,0,0,0,0,0,0,0,0,0,0,0,0,0,0,0,0,0,0,0,0,0,0,0,47,1,3,4,54,0,1,6,1,3
837.ps1,1,349,1,348.0,348,0,0,6,6,4,4,0,0,9,3,40,2,0,4,1,0,0,0,0,0,0,42,0,0,0,0,0,0,0,0,0,0,0,0,0,0,0,0,0,0,0,0,0,0,0,0,0,0,0,0,0,0,0,0,0,0,0,0,0,0,0,0,0,0,0,0,0,0,0,0,0,0,0,0,0,0,0,0,0,0,0,0,0,1,0,0,0,0,0,0,0,0,0,39,1,2,2,45,0,0,4,0,1
852.ps1,1,2681,1,2680.0,2680,0,1,23,23,19,19,3,3,12,313,75,10,0,0,7,0,0,0,0,0,1,74,0,0,0,0,0,0,0,0,0,0,0,0,0,0,0,0,0,0,0,0,0,0,0,0,0,0,0,0,0,0,0,0,0,0,0,0,0,0,0,0,0,0,0,0,0,0,0,0,0,0,0,0,0,0,0,0,0,0,0,0,0,0,0,0,0,0,0,0,0,0,0,73,1,4,5,78,0,1,9,1,4
859.ps1,1,2665,1,2664.0,2664,0,2,20,20,20,20,3,3,7,312,78,12,0,0,7,0,0,0,1,0,2,72,0,0,0,0,0,0,0,0,0,0,0,0,0,0,0,0,0,0,0,0,0,0,0,0,0,0,0,0,0,0,0,0,0,0,0,0,0,0,0,0,0,0,0,0,0,0,0,0,0,0,0,0,0,0,0,0,0,0,0,0,0,0,0,0,0,0,0,0,0,0,0,78,1,0,6,72,0,2,9,3,5
842.ps1,1,4167,1,4166.0,4166,0,2,27,27,25,25,5,5,18,525,83,17,0,0,12,0,0,0,2,0,1,80,0,0,0,0,0,0,0,0,0,0,0,0,0,0,0,0,0,0,0,0,0,0,0,0,0,0,0,0,0,0,0,0,0,0,0,0,0,0,0,0,0,0,0,0,0,0,0,0,0,0,0,1,0,0,0,0,0,0,0,0,0,2,0,0,0,0,0,0,0,0,0,80,1,5,5,85,0,1,12,1,4
835.ps1,1,1589,1,1588.0,1588,0,0,14,14,6,6,6,6,10,6,53,7,2,14,1,0,0,0,0,0,0,31,0,0,0,0,0,0,0,0,0,0,0,0,0,0,0,0,0,0,0,0,0,0,0,0,0,0,0,0,0,0,0,0,2,0,0,0,0,0,0,0,0,0,0,0,0,0,0,1,0,0,0,0,0,1,0,0,0,0,0,0,1,0,0,0,0,0,0,0,0,3,0,30,2,0,6,33,0,0,2,2,5
85.ps1,1,2729,1,2728.0,2728,0,1,22,22,22,22,3,3,11,332,55,10,0,0,7,0,0,0,0,0,1,51,0,0,0,0,0,0,0,0,0,0,0,0,0,0,0,0,0,0,0,0,0,0,0,0,0,0,0,0,0,0,0,0,0,0,0,0,0,0,0,0,0,0,0,0,0,0,0,0,0,0,0,0,0,0,0,0,0,0,0,0,0,0,0,0,0,0,0,0,0,0,0,53,1,3,5,54,0,1,12,1,4
838.ps1,1,2780,1,2779.0,2779,0,1,22,22,20,20,3,3,7,331,79,13,0,0,7,0,0,0,1,0,1,75,0,0,0,0,0,0,0,0,0,0,0,0,0,0,0,0,0,0,0,0,0,0,0,0,0,0,0,0,0,0,0,0,0,0,0,0,0,0,0,0,0,0,0,0,0,0,0,0,0,0,0,0,0,0,0,0,0,0,0,0,0,0,0,0,0,0,0,0,0,0,0,80,1,0,8,75,0,1,10,4,7
861.ps1,1,2738,1,2737.0,2737,0,0,20,20,18,18,3,3,7,330,79,12,0,0,7,0,0,0,0,0,0,74,0,0,0,0,0,0,0,0,0,0,0,0,0,0,0,0,0,0,0,0,0,0,0,0,0,0,0,0,0,0,0,0,0,0,0,0,0,0,0,0,0,0,0,0,0,0,0,0,0,0,0,0,0,0,0,0,0,0,0,0,0,1,0,0,0,0,0,0,0,0,0,79,1,0,6,75,0,0,9,3,5
856.ps1,1,2974,1,2973.0,2973,0,2,18,18,14,14,3,3,7,392,59,12,0,0,7,0,0,0,1,0,2,59,0,0,0,0,0,0,0,0,0,0,0,0,0,0,0,0,0,0,0,0,0,0,0,0,0,0,0,0,0,0,0,0,0,0,0,0,0,0,0,0,0,0,0,0,0,0,0,0,0,0,0,0,0,0,0,0,0,0,0,0,0,0,0,0,0,0,0,0,0,0,0,59,1,0,4,59,0,2,3,3,3
873.ps1,1,1084,1,1083.0,1083,0,0,14,14,19,19,1,1,27,7,132,5,2,5,7,0,2,0,0,0,0,134,0,0,0,0,0,0,0,0,0,0,0,0,0,0,0,0,0,0,0,0,0,0,0,0,0,0,0,0,0,0,0,0,0,0,0,0,0,0,0,0,0,0,0,0,0,0,0,0,0,0,0,0,0,0,0,0,0,0,0,0,0,1,0,0,0,0,0,0,0,0,0,131,2,4,5,140,0,0,11,1,4
854.ps1,1,3119,1,3118.0,3118,0,0,22,22,19,19,3,3,8,395,88,13,2,0,7,0,0,0,1,0,0,85,0,0,0,0,0,0,0,0,0,0,0,0,0,0,0,0,0,0,0,0,0,0,0,0,0,0,0,0,0,0,0,0,0,0,0,0,0,0,0,0,0,0,0,0,0,0,0,0,0,0,0,0,0,0,0,0,0,0,0,0,0,0,0,0,0,0,0,0,0,0,0,89,2,0,8,87,0,0,9,4,7
894.ps1,1,3007,1,3006.0,3006,0,2,21,21,20,20,3,3,7,372,87,12,0,0,7,0,0,0,1,0,2,81,0,0,0,0,0,0,0,0,0,0,0,0,0,0,0,0,0,0,0,0,0,0,0,0,0,0,0,0,0,0,0,0,0,0,0,0,0,0,0,0,0,0,0,0,0,0,0,0,0,0,0,0,0,0,0,0,0,0,0,0,0,0,0,0,0,0,0,0,0,0,0,87,1,0,7,81,0,2,9,3,6
903.ps1,1,267,1,266.0,266,1,2,6,6,3,3,0,0,7,2,23,3,0,3,0,0,0,0,1,0,2,24,0,0,0,0,0,0,0,0,0,0,0,0,0,0,0,0,0,0,0,0,0,0,0,0,0,0,0,0,0,0,0,0,0,0,0,0,0,0,0,0,0,0,0,0,0,0,0,0,0,0,0,0,0,0,0,0,0,0,0,0,0,0,0,0,0,0,0,0,0,0,0,24,1,0,5,24,0,2,1,1,4
849.ps1,1,3151,1,3150.0,3150,0,0,23,23,20,20,5,5,14,333,88,16,2,0,11,0,0,0,2,0,0,88,0,0,0,0,0,0,0,0,0,0,0,0,0,0,0,0,0,0,0,0,0,0,0,0,0,0,0,0,0,0,0,0,0,0,0,0,0,0,0,0,0,0,0,0,0,0,0,0,0,0,0,0,0,0,0,0,0,0,0,0,0,2,0,0,0,0,0,0,0,0,0,89,2,0,6,90,0,0,7,5,5
882.ps1,1,458,1,457.0,457,1,1,9,9,9,9,0,0,6,5,52,5,0,7,1,0,0,0,1,0,1,49,0,0,0,0,0,0,0,0,0,0,0,0,0,0,0,0,0,0,0,0,0,0,0,0,0,0,0,0,0,0,0,0,0,0,0,0,0,0,0,0,0,0,0,0,0,0,0,0,0,0,0,0,0,0,0,0,0,0,0,0,0,0,0,0,0,0,0,0,0,0,0,54,1,0,7,49,0,1,8,3,6
880.ps1,1,2663,1,2662.0,2662,0,3,22,22,18,18,3,3,10,312,76,9,0,0,7,0,0,0,1,0,2,74,0,0,0,0,0,0,0,0,0,0,0,0,0,0,0,0,0,0,0,0,0,0,0,0,0,0,0,0,0,0,0,0,0,0,0,0,0,0,0,0,0,0,0,0,0,0,0,0,0,0,0,0,0,0,0,0,0,0,0,0,0,0,0,0,0,0,0,0,0,0,0,73,1,3,5,77,0,2,7,0,4
866.ps1,1,387,1,386.0,386,0,0,7,7,8,8,0,0,7,3,44,5,0,3,1,0,0,0,0,0,0,40,0,0,0,0,0,0,0,0,0,0,0,0,0,0,0,0,0,0,0,0,0,0,0,0,0,0,0,0,0,0,0,0,0,0,0,0,0,0,0,0,0,0,0,0,0,0,0,0,0,0,0,0,0,0,0,0,0,0,0,0,1,0,0,0,0,0,0,0,0,0,0,45,1,0,5,41,0,0,8,2,4
899.ps1,1,2678,1,2677.0,2677,0,2,22,22,17,17,3,3,10,332,53,10,0,0,7,0,0,0,1,0,1,53,0,0,0,0,0,0,0,0,0,0,0,0,0,0,0,0,0,0,0,0,0,0,0,0,0,0,0,0,0,0,0,0,0,0,0,0,0,0,0,0,0,0,0,0,0,0,0,0,0,0,0,0,0,0,0,0,0,0,0,0,0,0,0,0,0,0,0,0,0,0,0,51,1,3,5,56,0,1,7,1,4
928.ps1,1,2840,1,2839.0,2839,0,1,22,22,19,19,3,3,8,356,58,13,0,0,7,0,0,0,1,0,1,54,0,0,0,0,0,0,0,0,0,0,0,0,0,0,0,0,0,0,0,0,0,0,0,0,0,0,0,0,0,0,0,0,0,0,0,0,0,0,0,0,0,0,0,0,0,0,0,0,0,0,0,0,0,0,0,0,0,0,0,0,0,0,0,0,0,0,0,0,0,0,0,59,1,1,7,55,0,1,9,4,6
94.ps1,1,2728,1,2727.0,2727,0,2,23,23,21,21,3,3,10,331,56,10,0,0,7,0,0,0,1,0,1,53,0,0,0,0,0,0,0,0,0,0,0,0,0,0,0,0,0,0,0,0,0,0,0,0,0,0,0,0,0,0,0,0,0,0,0,0,0,0,0,0,0,0,0,0,0,0,0,0,0,0,0,0,0,0,0,0,0,0,0,0,0,0,0,0,0,0,0,0,0,0,0,54,1,3,6,56,0,1,11,1,5
896.ps1,1,2738,1,2737.0,2737,0,2,20,20,17,17,3,3,10,330,77,9,0,0,7,0,0,0,1,0,2,77,0,0,0,0,0,0,0,0,0,0,0,0,0,0,0,0,0,0,0,0,0,0,0,0,0,0,0,0,0,0,0,0,0,0,0,0,0,0,0,0,0,0,0,0,0,0,0,0,0,0,0,0,0,0,0,0,0,0,0,0,0,0,0,0,0,0,0,0,0,0,0,74,1,3,3,80,0,2,6,0,2
923.ps1,1,2666,1,2665.0,2665,0,1,20,20,19,19,3,3,7,314,76,13,0,0,7,0,0,0,1,0,1,72,0,0,0,0,0,0,0,0,0,0,0,0,0,0,0,0,0,0,0,0,0,0,0,0,0,0,0,0,0,0,0,0,0,0,0,0,0,0,0,0,0,0,0,0,0,0,0,0,0,0,0,0,0,0,0,0,0,0,0,0,0,0,0,0,0,0,0,0,0,0,0,77,1,0,6,72,0,1,9,4,5
934.ps1,1,2707,1,2706.0,2706,0,1,22,22,20,20,3,3,11,331,54,10,0,0,7,0,0,0,0,0,1,53,0,0,0,0,0,0,0,0,0,0,0,0,0,0,0,0,0,0,0,0,0,0,0,0,0,0,0,0,0,0,0,0,0,0,0,0,0,0,0,0,0,0,0,0,0,0,0,0,0,0,0,0,0,0,0,0,0,0,0,0,0,0,0,0,0,0,0,0,0,0,0,52,1,3,5,56,0,1,10,1,4
909.ps1,1,2779,1,2778.0,2778,0,1,21,21,19,19,3,3,8,332,79,13,0,0,7,0,0,0,0,0,1,75,0,0,0,0,0,0,0,0,0,0,0,0,0,0,0,0,0,0,0,0,0,0,0,0,0,0,0,0,0,0,0,0,0,0,0,0,0,0,0,0,0,0,0,0,0,0,0,0,0,0,0,0,0,0,0,0,0,0,0,0,0,0,0,0,0,0,0,0,0,0,0,80,1,0,7,75,0,1,9,4,6
898.ps1,1,3009,1,3008.0,3008,0,3,23,23,21,21,3,3,11,373,87,9,0,0,7,0,0,0,0,0,2,82,0,0,0,0,0,0,0,0,0,0,0,0,0,0,0,0,0,0,0,0,0,0,0,0,0,0,0,0,0,0,0,0,0,0,0,0,0,0,0,0,0,0,0,0,0,0,0,0,0,0,0,0,0,0,0,0,0,0,0,0,0,0,0,0,0,0,0,0,0,0,0,84,1,3,6,85,0,2,10,0,5
915.ps1,1,2924,1,2923.0,2923,0,2,23,23,23,23,3,3,10,355,84,9,0,0,7,0,0,0,1,0,2,78,0,0,0,0,0,0,0,0,0,0,0,0,0,0,0,0,0,0,0,0,0,0,0,0,0,0,0,0,0,0,0,0,0,0,0,0,0,0,0,0,0,0,0,0,0,0,0,0,0,0,0,0,0,0,0,0,0,0,0,0,0,0,0,0,0,0,0,0,0,0,0,81,1,3,6,81,0,2,12,0,5
927.ps1,1,2594,1,2593.0,2593,0,1,22,22,17,17,3,3,12,314,51,11,2,0,7,0,0,0,0,0,0,52,0,0,0,0,0,0,0,0,0,0,0,0,0,0,0,0,0,0,0,0,0,0,0,0,0,0,0,0,0,0,0,0,0,0,0,0,0,0,0,0,0,0,0,0,0,0,0,0,0,0,0,0,0,0,0,0,0,0,0,0,0,0,0,0,0,0,0,0,0,0,0,49,2,3,5,57,0,0,7,1,4
942.ps1,1,2686,1,2685.0,2685,0,1,21,21,19,19,3,3,9,313,77,13,0,0,7,0,0,0,0,0,1,73,0,0,0,0,0,0,0,0,0,0,0,0,0,0,0,0,0,0,0,0,0,0,0,0,0,0,0,0,0,0,0,0,0,0,0,0,0,0,0,0,0,0,0,0,0,0,0,0,0,0,0,0,0,0,0,0,0,0,0,0,0,0,0,0,0,0,0,0,0,0,0,78,1,1,6,74,0,1,9,4,5
954.ps1,1,1692,1,1692.0,1692,0,1,16,16,12,12,0,0,36,10,32,9,0,2,25,0,0,0,0,0,1,32,0,0,0,0,0,0,0,0,0,0,0,0,0,0,0,0,0,0,0,0,0,0,0,0,0,0,0,0,0,0,0,0,0,0,0,0,0,0,0,0,0,0,0,0,0,0,0,0,0,0,0,0,0,0,0,0,0,0,0,0,0,0,0,0,0,0,0,0,0,1,0,37,1,1,7,33,0,1,10,5,6
973.ps1,1,2806,1,2805.0,2805,0,3,23,23,24,24,3,3,10,330,83,9,0,0,7,0,0,0,1,0,2,75,0,0,0,0,0,0,0,0,0,0,0,0,0,0,0,0,0,0,0,0,0,0,0,0,0,0,0,0,0,0,0,0,0,0,0,0,0,0,0,0,0,0,0,0,0,0,0,0,0,0,0,0,0,0,0,0,0,0,0,0,0,0,0,0,0,0,0,0,0,0,0,80,1,3,6,78,0,2,13,0,5
943.ps1,1,2724,1,2723.0,2723,0,3,20,20,15,15,3,3,11,330,77,9,0,0,7,0,0,0,0,0,2,78,0,0,0,0,0,0,0,0,0,0,0,0,0,0,0,0,0,0,0,0,0,0,0,0,0,0,0,0,0,0,0,0,0,0,0,0,0,0,0,0,0,0,0,0,0,0,0,0,0,0,0,0,0,0,0,0,0,0,0,0,0,0,0,0,0,0,0,0,0,0,0,74,1,3,3,81,0,2,4,0,2
967.ps1,1,2819,1,2818.0,2818,0,1,21,21,19,19,3,3,11,357,55,10,0,0,7,0,0,0,0,0,1,54,0,0,0,0,0,0,0,0,0,0,0,0,0,0,0,0,0,0,0,0,0,0,0,0,0,0,0,0,0,0,0,0,0,0,0,0,0,0,0,0,0,0,0,0,0,0,0,0,0,0,0,0,0,0,0,0,0,0,0,0,0,0,0,0,0,0,0,0,0,0,0,53,1,3,4,57,0,1,9,1,3
961.ps1,1,2689,1,2688.0,2688,0,2,14,14,15,15,2,2,20,5,81,11,0,27,11,0,0,0,1,0,2,51,0,0,0,0,0,0,0,0,0,0,0,0,0,0,0,0,0,0,0,0,0,0,0,0,0,0,0,0,0,0,0,0,0,0,0,0,0,0,0,0,0,0,0,0,0,0,0,0,0,0,0,0,0,1,0,0,0,0,0,0,0,1,0,0,0,0,0,0,0,3,0,57,1,0,7,51,0,2,9,3,6
975.ps1,1,2693,1,2692.0,2692,0,1,19,19,16,16,3,3,7,323,75,13,0,0,7,0,0,0,1,0,1,74,0,0,0,0,0,0,0,0,0,0,0,0,0,0,0,0,0,0,0,0,0,0,0,0,0,0,0,0,0,0,0,0,0,0,0,0,0,0,0,0,0,0,0,0,0,0,0,0,0,0,0,0,0,0,0,0,0,0,0,0,0,0,0,0,0,0,0,0,0,0,0,76,1,0,5,74,0,1,6,4,4
958.ps1,1,3099,1,3098.0,3098,0,1,23,23,22,22,3,3,9,397,65,13,0,0,7,0,0,0,0,0,1,58,0,0,0,0,0,0,0,0,0,0,0,0,0,0,0,0,0,0,0,0,0,0,0,0,0,0,0,0,0,0,0,0,0,0,0,0,0,0,0,0,0,0,0,0,0,0,0,0,0,0,0,0,0,0,0,0,0,0,0,0,0,0,0,0,0,0,0,0,0,0,0,66,1,1,8,59,0,1,12,4,7
966.ps1,1,296,1,295.0,295,0,1,7,7,2,2,6,6,8,2,34,4,0,3,0,0,0,0,1,0,1,36,0,0,0,0,0,0,0,0,0,0,0,0,0,0,0,0,0,0,0,0,0,0,0,0,0,0,0,0,0,0,0,0,0,0,0,0,0,0,0,0,0,0,0,0,0,0,0,1,0,0,0,0,0,0,0,0,0,0,0,0,0,0,0,0,0,0,0,0,0,0,0,36,1,1,5,37,0,1,1,1,4
964.ps1,1,2737,1,2736.0,2736,0,1,16,16,20,20,2,2,23,7,83,9,0,25,11,0,0,0,1,0,1,50,0,0,0,0,0,0,0,0,0,0,0,0,0,0,0,0,0,0,0,0,0,0,0,0,0,0,0,0,0,0,0,0,2,0,0,0,0,0,0,0,0,0,0,0,0,0,0,0,1,0,0,0,0,1,0,0,0,0,0,0,0,1,0,0,0,0,0,0,0,4,0,55,1,3,6,53,0,1,15,1,5
986.ps1,1,2688,1,2687.0,2687,0,1,21,21,21,21,3,3,8,313,55,13,0,0,8,0,0,0,1,0,1,51,0,0,0,0,0,0,0,0,0,0,0,0,0,0,0,0,0,0,0,0,0,0,0,0,0,0,0,0,0,0,0,0,0,0,0,0,0,0,0,0,0,0,0,0,0,0,0,0,0,0,0,0,0,0,0,0,0,0,0,0,0,0,0,0,0,0,0,0,0,0,0,56,1,1,6,52,0,1,9,4,5
988.ps1,1,2910,1,2909.0,2909,0,0,21,21,19,19,3,3,9,357,82,13,2,0,7,0,0,0,0,0,0,79,0,0,0,0,0,0,0,0,0,0,0,0,0,0,0,0,0,0,0,0,0,0,0,0,0,0,0,0,0,0,0,0,0,0,0,0,0,0,0,0,0,0,0,0,0,0,0,0,0,0,0,0,0,0,0,0,0,0,0,0,0,0,0,0,0,0,0,0,0,0,0,83,2,0,7,81,0,0,9,4,6
978.ps1,1,3486,1,3485.0,3485,0,0,17,17,12,12,3,3,7,493,67,12,0,0,7,0,0,0,0,0,0,68,0,0,0,0,0,0,0,0,0,0,0,0,0,0,0,0,0,0,0,0,0,0,0,0,0,0,0,0,0,0,0,0,0,0,0,0,0,0,0,0,0,0,0,0,0,0,0,0,0,0,0,0,0,0,0,0,0,0,0,0,0,1,0,0,0,0,0,0,0,0,0,67,1,0,3,69,0,0,3,3,2
997.ps1,1,2609,1,2608.0,2608,0,2,20,20,20,20,3,3,8,312,55,12,0,0,7,0,0,0,0,0,2,49,0,0,0,0,0,0,0,0,0,0,0,0,0,0,0,0,0,0,0,0,0,0,0,0,0,0,0,0,0,0,0,0,0,0,0,0,0,0,0,0,0,0,0,0,0,0,0,0,0,0,0,0,0,0,0,0,0,0,0,0,0,0,0,0,0,0,0,0,0,0,0,55,1,0,6,49,0,2,9,3,5
