filename,label,script_length,line_count,avg_line_length,max_line_length,has_url_or_ip,char_dollar,char_lparen,char_rparen,char_lbracket,char_rbracket,char_lbrace,char_rbrace,char_dot,char_comma,char_plus,char_minus,char_star,char_slash,char_equal,char_exclaim,char_percent,char_caret,char_ampersand,char_backtick,var_count,string_literal_count,kw_get_command,kw_get_help,kw_get_process,kw_get_service,kw_get_childitem,kw_get_wmiobject,kw_get_alias,kw_get_member,kw_set_location,kw_get_location,kw_get_content,kw_set_content,kw_add_content,kw_write_host,kw_write_output,kw_write_verbose,kw_write_error,kw_start_transcript,kw_stop_transcript,kw_set_strictmode,kw_protect_cmsmessage,kw_unprotect_cmsmessage,kw_test_netconnection,kw_test_path,kw_import_module,kw_select_object,kw_where_object,kw_foreach_object,kw_get_acl,kw_set_acl,kw_get_filehash,kw_pwd,kw_gl,kw_invoke_obfuscation,kw_invoke_mimikatz,kw_powersploit,kw_powershell_empire,kw_nishang,kw_powerup,kw_p0wnedshell,kw_powerops,kw_poweliks,kw_kovter,kw_shellcode,kw_start_process,kw_invoke_webrequest,kw_invoke_restmethod,kw__f,kw__convert___frombase64string,kw__system_convert___frombase64string,kw__convert___tobase64string,kw__system_convert___tobase64string,kw_system_io_compression_deflatestream,kw_io_memorystream,kw__runtime_interopservices_marshal___ptrtostringansi,kw__runtime_interopservices_marshal___securestringtoglobalallocansi,kw__true,kw__false,kw_convertfrom_securestring,kw_convertto_securestring,kw_invoke_expression,kw_iex,kw__encodedcommand,kw__exec_bypass,kw__executionpolicy_bypass,kw_system_net_webclient,kw_net_webclient,kw_downloadstring,kw_downloadfile,kw_new_object,AssignmentStatementAst,BinaryExpressionAst,CommandAst,InvokeMemberExpressionAst,PipelineAst,StringConstantExpressionAst,TypeExpressionAst,VariableExpressionAst,ConvertExpressionAst,ArrayLiteralAst,ParenExpressionAst
101.ps1,1,2842,1,2841.0,2841,0,3,23,23,21,21,51,51,10,368,9,10,0,0,7,0,0,0,1,0,2,52,0,0,0,0,0,0,0,0,0,0,0,0,0,0,0,0,0,0,0,0,0,0,0,0,0,0,0,0,0,0,0,0,0,0,0,0,0,0,0,0,0,0,0,0,0,0,0,1,0,0,0,0,0,0,0,0,0,0,0,0,0,0,0,0,0,0,0,0,0,0,0,7,1,3,6,55,0,2,10,1,5
1035.ps1,1,1697,1,1696.0,1696,0,3,16,16,24,24,136,136,25,139,10,5,0,5,7,0,2,0,1,0,2,139,0,0,0,0,0,0,0,0,0,0,0,0,0,0,0,0,0,0,0,0,0,0,0,0,0,0,0,0,0,0,0,0,0,0,0,0,0,0,0,0,0,0,0,0,0,0,0,1,0,0,0,0,0,0,0,0,0,0,0,0,0,1,0,0,0,0,0,0,0,0,0,9,1,4,7,143,0,2,15,1,6
1058.ps1,1,3032,1,3031.0,3031,0,2,21,21,17,17,76,76,7,402,7,13,0,0,7,0,0,0,1,0,2,77,0,0,0,0,0,0,0,0,0,0,0,0,0,0,0,0,0,0,0,0,0,0,0,0,0,0,0,0,0,0,0,0,0,0,0,0,0,0,0,0,0,0,0,0,0,0,0,1,0,0,0,0,0,0,0,0,0,0,0,0,0,0,0,0,0,0,0,0,0,0,0,8,1,0,7,77,0,2,6,4,6
1034.ps1,1,3029,1,3028.0,3028,0,2,21,21,17,17,76,76,7,402,7,13,0,0,7,0,0,0,1,0,2,77,0,0,0,0,0,0,0,0,0,0,0,0,0,0,0,0,0,0,0,0,0,0,0,0,0,0,0,0,0,0,0,0,0,0,0,0,0,0,0,0,0,0,0,0,0,0,0,1,0,0,0,0,0,0,0,0,0,0,0,0,0,0,0,0,0,0,0,0,0,0,0,8,1,0,7,77,0,2,6,4,6
1024.ps1,1,2822,1,2821.0,2821,0,0,25,25,22,22,50,50,11,360,7,11,2,0,7,0,0,0,1,0,0,51,0,0,0,0,0,0,0,0,0,0,0,0,0,0,0,0,0,0,0,0,0,0,0,0,0,0,0,0,0,0,0,0,0,0,0,0,0,0,0,0,0,0,0,0,0,0,0,1,0,0,0,0,0,0,0,0,0,0,0,0,0,0,0,0,0,0,0,0,0,0,0,6,2,3,8,56,0,0,12,2,7
1059.ps1,1,3153,1,3152.0,3152,0,0,25,25,25,25,58,58,12,365,10,16,0,0,11,0,0,0,2,0,0,55,0,0,0,0,0,0,0,0,0,0,0,0,0,0,0,0,0,0,0,0,0,0,0,0,0,0,0,0,0,0,0,0,0,0,0,0,0,0,0,0,0,0,0,0,0,0,0,1,0,0,0,1,0,0,0,0,0,0,0,0,0,2,0,0,0,0,0,0,0,0,0,11,1,0,8,56,0,0,13,5,7
1055.ps1,1,532,1,531.0,531,1,0,6,6,4,4,48,48,8,41,0,5,0,4,0,0,0,0,0,0,0,39,0,0,0,0,0,0,0,0,0,0,0,0,0,0,0,0,0,0,0,0,0,0,0,0,0,0,0,0,0,0,0,0,0,0,0,0,0,0,0,0,0,0,0,0,0,0,0,2,0,0,0,0,0,0,0,0,0,0,0,0,1,0,0,0,0,0,0,0,1,1,0,2,1,0,4,40,0,0,4,2,3
1031.ps1,1,3042,1,3041.0,3041,0,2,23,23,17,17,76,76,10,404,5,11,0,0,7,0,0,0,1,0,1,78,0,0,0,0,0,0,0,0,0,0,0,0,0,0,0,0,0,0,0,0,0,0,0,0,0,0,0,0,0,0,0,0,0,0,0,0,0,0,0,0,0,0,0,0,0,0,0,1,0,0,0,0,0,0,0,0,0,0,0,0,0,0,0,0,0,0,0,0,0,0,0,4,1,3,6,81,0,1,7,2,5
1009.ps1,1,482,1,481.0,481,0,0,8,8,5,5,41,41,11,36,0,6,2,4,0,0,0,0,0,0,0,34,0,0,0,0,0,0,0,0,0,0,0,0,0,0,0,0,0,0,0,0,0,0,0,0,0,0,0,0,0,0,0,0,0,0,0,0,0,0,0,0,0,0,0,0,0,0,0,2,0,0,0,0,0,0,0,0,0,0,0,0,0,0,0,0,0,0,0,0,0,1,0,3,2,0,6,36,0,0,4,3,5
1032.ps1,1,3045,1,3044.0,3044,0,2,23,23,23,23,54,54,10,405,9,10,0,0,7,0,0,0,1,0,2,54,0,0,0,0,0,0,0,0,0,0,0,0,0,0,0,0,0,0,0,0,0,0,0,0,0,0,0,0,0,0,0,0,0,0,0,0,0,0,0,0,0,0,0,0,0,0,0,1,0,0,0,0,0,0,0,0,0,0,0,0,0,0,0,0,0,0,0,0,0,0,0,7,1,3,6,57,0,2,12,1,5
1008.ps1,1,2939,1,2938.0,2938,0,1,22,22,16,16,73,73,9,382,6,14,0,0,7,0,0,0,0,0,1,75,0,0,0,0,0,0,0,0,0,0,0,0,0,0,0,0,0,0,0,0,0,0,0,0,0,0,0,0,0,0,0,0,0,0,0,0,0,0,0,0,0,0,0,0,0,0,0,1,0,0,0,0,0,0,0,0,0,0,0,0,0,0,0,0,0,0,0,0,0,0,0,8,1,1,7,76,0,1,6,5,6
1052.ps1,1,369,1,368.0,368,0,1,7,7,2,2,28,28,10,23,1,5,0,3,0,0,0,0,0,0,1,25,0,0,0,0,0,0,0,0,0,0,0,0,0,0,0,0,0,0,0,0,0,0,0,0,0,0,0,0,0,0,0,0,1,0,0,0,0,0,0,0,0,0,0,0,0,0,0,2,0,0,0,0,0,0,0,0,0,0,0,0,0,0,0,0,0,0,0,0,0,0,0,4,1,1,5,26,0,1,1,2,4
1030.ps1,1,2979,1,2978.0,2978,0,2,23,23,17,17,74,74,11,393,5,11,0,0,7,0,0,0,0,0,1,76,0,0,0,0,0,0,0,0,0,0,0,0,0,0,0,0,0,0,0,0,0,0,0,0,0,0,0,0,0,0,0,0,0,0,0,0,0,0,0,0,0,0,0,0,0,0,0,1,0,0,0,0,0,0,0,0,0,0,0,0,0,0,0,0,0,0,0,0,0,0,0,4,1,3,6,79,0,1,7,2,5
1007.ps1,1,2882,1,2881.0,2881,0,0,21,21,16,16,52,52,9,380,5,14,2,0,7,0,0,0,0,0,0,54,0,0,0,0,0,0,0,0,0,0,0,0,0,0,0,0,0,0,0,0,0,0,0,0,0,0,0,0,0,0,0,0,0,0,0,0,0,0,0,0,0,0,0,0,0,0,0,1,0,0,0,0,0,0,0,0,0,0,0,0,0,0,0,0,0,0,0,0,0,0,0,7,2,0,7,56,0,0,6,5,6
1051.ps1,1,3208,1,3207.0,3207,0,3,23,23,21,21,79,79,10,430,9,10,0,0,7,0,0,0,1,0,2,80,0,0,0,0,0,0,0,0,0,0,0,0,0,0,0,0,0,0,0,0,0,0,0,0,0,0,0,0,0,0,0,0,0,0,0,0,0,0,0,0,0,0,0,0,0,0,0,1,0,0,0,0,0,0,0,0,0,0,0,0,0,0,0,0,0,0,0,0,0,0,0,7,1,3,6,83,0,2,10,1,5
1028.ps1,1,2988,1,2987.0,2987,0,1,23,23,19,19,74,74,10,391,7,11,0,0,7,0,0,0,0,0,0,74,0,0,0,0,0,0,0,0,0,0,0,0,0,0,0,0,0,0,0,0,0,0,0,0,0,0,0,0,0,0,0,0,0,0,0,0,0,0,0,0,0,0,0,0,0,0,0,1,0,0,0,0,0,0,0,0,0,0,0,0,1,0,0,0,0,0,0,0,0,0,0,5,1,3,6,78,0,0,10,1,5
1006.ps1,1,3004,1,3003.0,3003,0,1,21,21,16,16,54,54,8,407,5,14,0,0,7,0,0,0,0,0,1,55,0,0,0,0,0,0,0,0,0,0,0,0,0,0,0,0,0,0,0,0,0,0,0,0,0,0,0,0,0,0,0,0,0,0,0,0,0,0,0,0,0,0,0,0,0,0,0,1,0,0,0,0,0,0,0,0,0,0,0,0,0,0,0,0,0,0,0,0,0,0,0,7,1,0,7,55,0,1,6,5,6
105.ps1,1,3297,1,3296.0,3296,0,2,23,23,20,20,59,59,10,458,7,10,0,0,7,0,0,0,1,0,2,60,0,0,0,0,0,0,0,0,0,0,0,0,0,0,0,0,0,0,0,0,0,0,0,0,0,0,0,0,0,0,0,0,0,0,0,0,0,0,0,0,0,0,0,0,0,0,0,1,0,0,0,0,0,0,0,0,0,0,0,0,0,0,0,0,0,0,0,0,0,0,0,5,1,3,6,63,0,2,9,1,5
103.ps1,1,3039,1,3038.0,3038,0,3,22,22,18,18,76,76,10,402,7,10,0,0,7,0,0,0,1,0,2,78,0,0,0,0,0,0,0,0,0,0,0,0,0,0,0,0,0,0,0,0,0,0,0,0,0,0,0,0,0,0,0,0,0,0,0,0,0,0,0,0,0,0,0,0,0,0,0,1,0,0,0,0,0,0,0,0,0,0,0,0,0,0,0,0,0,0,0,0,0,0,0,5,1,3,5,81,0,2,7,1,4
1005.ps1,1,2987,1,2986.0,2986,0,2,22,22,23,23,73,73,7,381,11,13,0,0,7,0,0,0,1,0,2,72,0,0,0,0,0,0,0,0,0,0,0,0,0,0,0,0,0,0,0,0,0,0,0,0,0,0,0,0,0,0,0,0,0,0,0,0,0,0,0,0,0,0,0,0,0,0,0,1,0,0,0,0,0,0,0,0,0,0,0,0,0,0,0,0,0,0,0,0,0,0,0,12,1,0,8,72,0,2,12,4,7
1026.ps1,1,7186,1,7185.0,7185,0,2,23,23,23,23,176,176,8,1166,11,13,0,0,7,0,0,0,0,0,2,175,0,0,0,0,0,0,0,0,0,0,0,0,0,0,0,0,0,0,0,0,0,0,0,0,0,0,0,0,0,0,0,0,0,0,0,0,0,0,0,0,0,0,0,0,0,0,0,1,0,0,0,0,0,0,0,0,0,0,0,0,0,0,0,0,0,0,0,0,0,0,0,12,1,0,9,175,0,2,12,4,8
1015.ps1,1,2873,1,2872.0,2872,0,1,24,24,23,23,51,51,10,369,8,11,0,0,7,0,0,0,1,0,1,52,0,0,0,0,0,0,0,0,0,0,0,0,0,0,0,0,0,0,0,0,0,0,0,0,0,0,0,0,0,0,0,0,0,0,0,0,0,0,0,0,0,0,0,0,0,0,0,1,0,0,0,0,0,0,0,0,0,0,0,0,0,0,0,0,0,0,0,0,0,0,0,7,1,3,7,55,0,1,13,2,6
1049.ps1,1,2160,1,2160.0,2160,0,0,32,32,10,10,44,44,79,47,2,20,0,0,23,1,0,0,0,0,0,39,0,0,0,0,0,0,0,0,0,0,0,0,0,0,0,0,0,0,0,0,0,0,0,0,0,0,0,0,0,0,0,0,0,0,0,0,0,0,0,0,0,0,0,0,0,0,0,1,0,0,0,0,0,0,0,0,0,0,0,0,1,0,0,0,0,0,0,0,0,13,0,5,1,0,5,40,0,0,5,3,4
1025.ps1,1,3199,1,3198.0,3198,0,2,21,21,20,20,79,79,7,430,9,13,0,0,7,0,0,0,1,0,2,79,0,0,0,0,0,0,0,0,0,0,0,0,0,0,0,0,0,0,0,0,0,0,0,0,0,0,0,0,0,0,0,0,0,0,0,0,0,0,0,0,0,0,0,0,0,0,0,1,0,0,0,0,0,0,0,0,0,0,0,0,0,0,0,0,0,0,0,0,0,0,0,10,1,0,7,79,0,2,9,4,6
1004.ps1,1,1647,1,1646.0,1646,1,1,14,13,19,20,131,132,21,137,6,11,1,6,8,0,2,1,1,0,1,135,0,0,0,0,0,0,0,0,0,0,0,0,0,0,0,0,0,0,0,0,0,0,0,0,0,0,0,0,0,0,0,0,0,0,0,0,0,0,0,0,0,0,0,0,0,0,0,1,0,0,0,0,0,0,0,0,0,0,0,0,0,1,0,0,0,0,0,0,0,0,0,11,1,0,8,135,0,1,11,7,7
1045.ps1,1,2894,1,2893.0,2893,0,1,20,20,13,13,73,73,8,383,3,14,0,0,7,0,0,0,0,0,1,75,0,0,0,0,0,0,0,0,0,0,0,0,0,0,0,0,0,0,0,0,0,0,0,0,0,0,0,0,0,0,0,0,0,0,0,0,0,0,0,0,0,0,0,0,0,0,0,1,0,0,0,0,0,0,0,0,0,0,0,0,0,0,0,0,0,0,0,0,0,0,0,5,1,0,6,75,0,1,3,5,5
1023.ps1,1,474,1,473.0,473,0,1,7,7,5,5,43,43,9,38,0,5,0,4,0,0,0,0,0,0,1,35,0,0,0,0,0,0,0,0,0,0,0,0,0,0,0,0,0,0,0,0,0,0,0,0,0,0,0,0,0,0,0,0,0,0,0,0,0,0,0,0,0,0,0,0,0,0,0,2,0,0,0,0,0,0,0,0,0,0,0,0,0,0,0,0,0,0,0,0,0,0,0,3,1,0,5,35,0,1,4,3,4
1002.ps1,1,2964,1,2963.0,2963,0,0,22,22,19,19,73,73,9,383,7,14,2,0,7,0,0,0,0,0,0,74,0,0,0,0,0,0,0,0,0,0,0,0,0,0,0,0,0,0,0,0,0,0,0,0,0,0,0,0,0,0,0,0,0,0,0,0,0,0,0,0,0,0,0,0,0,0,0,1,0,0,0,0,0,0,0,0,0,0,0,0,0,0,0,0,0,0,0,0,0,0,0,9,2,0,8,76,0,0,9,5,7
1044.ps1,1,2881,1,2880.0,2880,0,1,22,22,19,19,52,52,10,378,7,11,0,0,7,0,0,0,0,0,0,52,0,0,0,0,0,0,0,0,0,0,0,0,0,0,0,0,0,0,0,0,0,0,0,0,0,0,0,0,0,0,0,0,0,0,0,0,0,0,0,0,0,0,0,0,0,0,0,1,0,0,0,0,0,0,0,0,0,0,0,0,1,0,0,0,0,0,0,0,0,0,0,5,1,3,5,56,0,0,10,1,4
1018.ps1,1,686,1,685.0,685,0,1,9,9,11,11,47,47,9,53,4,8,0,4,0,0,0,0,1,0,1,51,0,0,0,0,0,0,0,0,0,0,0,0,0,0,0,0,0,0,0,0,0,0,0,0,0,0,0,0,0,0,0,0,0,0,0,0,0,0,0,0,0,0,0,0,0,0,0,1,0,0,0,0,0,0,0,0,0,0,0,0,0,0,0,0,0,0,0,0,0,0,0,10,1,0,7,51,0,1,10,6,6
1000.ps1,1,669,1,668.0,668,0,2,8,8,9,9,48,48,10,52,4,7,0,4,0,0,0,0,0,0,2,53,0,0,0,0,0,0,0,0,0,0,0,0,0,0,0,0,0,0,0,0,0,0,0,0,0,0,0,0,0,0,0,0,0,0,0,0,0,0,0,0,0,0,0,0,0,0,0,1,0,0,0,0,0,0,0,0,0,0,0,0,0,0,0,0,0,0,0,0,0,0,0,9,1,0,6,53,0,2,7,5,5
1042.ps1,1,2777,1,2776.0,2776,0,2,21,21,17,17,50,50,7,358,7,13,0,0,7,0,0,0,1,0,2,51,0,0,0,0,0,0,0,0,0,0,0,0,0,0,0,0,0,0,0,0,0,0,0,0,0,0,0,0,0,0,0,0,0,0,0,0,0,0,0,0,0,0,0,0,0,0,0,1,0,0,0,0,0,0,0,0,0,0,0,0,0,0,0,0,0,0,0,0,0,0,0,8,1,0,7,51,0,2,6,4,6
1019.ps1,1,3007,1,3006.0,3006,0,2,22,22,17,17,54,54,10,407,5,11,0,0,7,0,0,0,1,0,1,56,0,0,0,0,0,0,0,0,0,0,0,0,0,0,0,0,0,0,0,0,0,0,0,0,0,0,0,0,0,0,0,0,0,0,0,0,0,0,0,0,0,0,0,0,0,0,0,1,0,0,0,0,0,0,0,0,0,0,0,0,0,0,0,0,0,0,0,0,0,0,0,4,1,3,5,59,0,1,7,2,4
100.ps1,1,3422,1,3421.0,3421,0,1,25,25,23,23,86,86,13,395,8,22,0,0,12,0,0,0,2,0,1,85,0,0,0,0,0,0,0,0,0,0,0,0,0,0,0,0,0,0,0,0,0,0,0,0,0,0,0,0,0,0,0,0,0,0,0,0,0,0,0,0,0,0,0,0,0,0,0,1,0,0,0,0,0,0,0,0,0,0,0,0,0,1,0,0,0,0,0,0,0,0,0,10,1,0,8,85,0,1,10,6,7
1040.ps1,1,672,1,671.0,671,0,2,12,12,13,13,46,46,13,50,4,3,0,3,0,0,0,0,0,0,2,51,0,0,0,0,0,0,0,0,0,0,0,0,0,0,0,0,0,0,0,0,0,0,0,0,0,0,0,0,0,0,0,0,0,0,0,0,0,0,0,0,0,0,0,0,0,0,0,1,0,0,0,0,0,0,0,0,0,0,0,0,0,0,0,0,0,0,0,0,0,0,0,5,1,4,6,55,0,2,11,1,5
1017.ps1,1,674,1,673.0,673,0,2,12,12,16,16,42,42,14,46,6,3,0,3,0,0,0,0,0,0,2,46,0,0,0,0,0,0,0,0,0,0,0,0,0,0,0,0,0,0,0,0,0,0,0,0,0,0,0,0,0,0,0,0,0,0,0,0,0,0,0,0,0,0,0,0,1,0,0,1,0,0,0,0,0,0,0,0,0,0,0,0,0,0,0,0,0,0,0,0,0,0,0,7,1,4,6,50,0,2,14,1,5
1001.ps1,1,2903,1,2902.0,2902,0,2,22,22,23,23,52,52,8,378,11,13,0,0,7,0,0,0,0,0,2,51,0,0,0,0,0,0,0,0,0,0,0,0,0,0,0,0,0,0,0,0,0,0,0,0,0,0,0,0,0,0,0,0,0,0,0,0,0,0,0,0,0,0,0,0,0,0,0,1,0,0,0,0,0,0,0,0,0,0,0,0,0,0,0,0,0,0,0,0,0,0,0,12,1,0,8,51,0,2,12,4,7
104.ps1,1,1552,1,1551.0,1551,1,1,22,23,38,38,30,29,45,39,15,10,1,7,21,0,8,0,2,0,1,28,0,0,0,0,0,0,0,0,0,0,0,0,0,0,0,0,0,0,0,0,0,0,0,0,0,0,0,0,0,0,0,0,0,0,0,0,0,0,0,0,0,0,0,0,0,0,0,1,0,0,0,0,0,0,0,0,0,0,0,0,0,1,0,0,0,1,1,0,0,1,0,13,1,0,9,28,0,1,14,6,8
1013.ps1,1,1487,1,1486.0,1486,0,2,16,17,22,22,113,112,26,115,8,5,1,5,7,0,2,0,2,0,2,116,0,0,0,0,0,0,0,0,0,0,0,0,0,0,0,0,0,0,0,0,0,0,0,0,0,0,0,0,0,0,0,0,0,0,0,0,0,0,0,0,0,0,0,0,0,0,0,1,0,0,0,0,0,0,0,0,0,0,0,0,0,0,0,0,0,0,0,0,0,0,0,7,1,4,7,120,0,2,12,1,6
10.ps1,1,570,1,569.0,569,0,2,10,10,12,12,30,30,9,34,6,7,0,4,0,0,0,0,1,0,2,34,0,0,0,0,0,0,0,0,0,0,0,0,0,0,0,0,0,0,0,0,0,0,0,0,0,0,0,0,0,0,0,0,0,0,0,0,0,0,0,0,0,0,0,0,0,0,0,1,0,0,0,0,0,0,0,0,0,0,0,0,0,0,0,0,0,0,0,0,0,0,0,11,1,0,8,34,0,2,10,5,7
1063.ps1,1,3097,1,3096.0,3096,0,1,25,25,23,23,76,76,12,404,9,12,2,0,7,0,0,0,0,0,0,77,0,0,0,0,0,0,0,0,0,0,0,0,0,0,0,0,0,0,0,0,0,0,0,0,0,0,0,0,0,0,0,0,0,0,0,0,0,0,0,0,0,0,0,0,0,0,0,1,0,0,0,0,0,0,0,0,0,0,0,0,0,0,0,0,0,0,0,0,0,0,0,8,2,3,8,82,0,0,13,2,7
1038.ps1,1,2799,1,2798.0,2798,0,2,24,24,17,17,50,50,11,359,6,11,0,0,7,0,0,0,1,0,1,53,0,0,0,0,0,0,0,0,0,0,0,0,0,0,0,0,0,0,0,0,0,0,0,0,0,0,0,0,0,0,0,0,0,0,0,0,0,0,0,0,0,0,0,0,0,0,0,1,0,0,0,0,0,0,0,0,0,0,0,0,0,0,0,0,0,0,0,0,0,0,0,5,1,4,6,57,0,1,7,2,5
1011.ps1,1,546,1,545.0,545,0,1,8,8,5,5,50,50,11,44,1,5,0,3,0,0,0,0,0,0,1,43,0,0,0,0,0,0,0,0,0,0,0,0,0,0,0,0,0,0,0,0,0,0,0,0,0,0,0,0,0,0,0,0,0,0,0,0,0,0,0,0,0,0,0,0,0,0,0,2,0,0,0,0,0,0,0,0,0,0,0,0,0,0,0,0,0,0,0,0,0,0,0,4,1,1,5,44,0,1,4,3,4
1003.ps1,1,2733,1,2732.0,2732,0,1,19,19,13,13,50,50,8,360,3,14,0,0,7,0,0,0,0,0,1,52,0,0,0,0,0,0,0,0,0,0,0,0,0,0,0,0,0,0,0,0,0,0,0,0,0,0,0,0,0,0,0,0,0,0,0,0,0,0,0,0,0,0,0,0,0,0,0,1,0,0,0,0,0,0,0,0,0,0,0,0,0,0,0,0,0,0,0,0,0,0,0,5,1,0,5,52,0,1,3,5,4
1061.ps1,1,3192,1,3191.0,3191,0,1,24,24,23,23,78,78,11,423,8,11,0,0,7,0,0,0,0,0,1,79,0,0,0,0,0,0,0,0,0,0,0,0,0,0,0,0,0,0,0,0,0,0,0,0,0,0,0,0,0,0,0,0,0,0,0,0,0,0,0,0,0,0,0,0,0,0,0,1,0,0,0,0,0,0,0,0,0,0,0,0,0,0,0,0,0,0,0,0,0,0,0,7,1,3,7,82,0,1,13,2,6
1037.ps1,1,420,1,419.0,419,1,1,7,7,2,2,36,36,10,31,1,5,0,3,0,0,0,0,0,0,1,33,0,0,0,0,0,0,0,0,0,0,0,0,0,0,0,0,0,0,0,0,0,0,0,0,0,0,0,0,0,0,0,0,0,0,0,0,0,0,0,0,0,0,0,0,0,0,0,2,0,0,0,0,0,0,0,0,0,0,0,0,0,0,0,0,0,0,0,0,0,0,0,4,1,1,5,34,0,1,1,2,4
1010.ps1,1,3280,1,3279.0,3279,0,1,18,18,15,15,80,80,24,84,30,10,2,31,11,0,0,0,1,0,0,83,0,0,0,0,0,0,0,0,0,0,0,0,0,0,0,0,0,0,0,0,0,0,0,0,0,0,0,0,0,0,0,0,1,0,0,0,0,0,0,0,0,0,0,0,0,0,0,1,1,0,0,0,0,1,0,0,0,0,0,0,0,0,0,0,0,0,0,0,0,3,0,6,2,3,8,88,0,0,10,2,7
1.ps1,1,2978,1,2977.0,2977,0,1,21,21,16,16,54,54,10,405,5,10,0,0,7,0,0,0,0,0,0,55,0,0,0,0,0,0,0,0,0,0,0,0,0,0,0,0,0,0,0,0,0,0,0,0,0,0,0,0,0,0,0,0,0,0,0,0,0,0,0,0,0,0,0,0,0,0,0,1,0,0,0,0,0,0,0,0,0,0,0,0,0,1,0,0,0,0,0,0,0,0,0,3,1,3,4,59,0,0,7,1,3
1062.ps1,1,2787,1,2786.0,2786,0,2,23,23,20,20,50,50,10,360,7,11,0,0,7,0,0,0,1,0,1,51,0,0,0,0,0,0,0,0,0,0,0,0,0,0,0,0,0,0,0,0,0,0,0,0,0,0,0,0,0,0,0,0,0,0,0,0,0,0,0,0,0,0,0,0,0,0,0,1,0,0,0,0,0,0,0,0,0,0,0,0,0,0,0,0,0,0,0,0,0,0,0,6,1,3,6,54,0,1,10,2,5
1071.ps1,1,2789,1,2788.0,2788,0,3,24,24,21,21,50,50,10,358,9,10,0,0,7,0,0,0,1,0,2,51,0,0,0,0,0,0,0,0,0,0,0,0,0,0,0,0,0,0,0,0,0,0,0,0,0,0,0,0,0,0,0,0,0,0,0,0,0,0,0,0,0,0,0,0,0,0,0,1,0,0,0,0,0,0,0,0,0,0,0,0,0,0,0,0,0,0,0,0,0,0,0,7,1,3,7,54,0,2,10,1,6
1072.ps1,1,3103,1,3102.0,3102,0,1,25,25,22,22,76,76,11,403,8,11,0,0,7,0,0,0,1,0,1,77,0,0,0,0,0,0,0,0,0,0,0,0,0,0,0,0,0,0,0,0,0,0,0,0,0,0,0,0,0,0,0,0,0,0,0,0,0,0,0,0,0,0,0,0,0,0,0,1,0,0,0,0,0,0,0,0,0,0,0,0,0,0,0,0,0,0,0,0,0,0,0,7,1,4,7,81,0,1,12,2,6
1092.ps1,1,561,1,560.0,560,0,0,9,9,7,7,40,40,8,42,3,3,0,3,1,0,0,0,0,0,0,42,0,0,0,0,0,0,0,0,0,0,0,0,0,0,0,0,0,0,0,0,0,0,0,0,0,0,0,0,0,0,0,0,0,0,0,0,0,0,0,0,0,0,0,0,0,0,0,1,0,0,0,0,0,0,0,0,0,0,0,0,0,1,0,0,0,0,0,0,0,0,0,3,1,2,5,45,0,0,7,1,4
1053.ps1,1,3158,1,3157.0,3157,0,2,21,21,14,14,79,79,11,432,3,11,0,0,7,0,0,0,0,0,1,82,0,0,0,0,0,0,0,0,0,0,0,0,0,0,0,0,0,0,0,0,0,0,0,0,0,0,0,0,0,0,0,0,0,0,0,0,0,0,0,0,0,0,0,0,0,0,0,1,0,0,0,0,0,0,0,0,0,0,0,0,0,0,0,0,0,0,0,0,0,0,0,2,1,3,4,85,0,1,4,2,3
1084.ps1,1,2867,1,2866.0,2866,0,0,19,19,15,15,72,72,7,371,5,14,0,0,7,0,0,0,0,0,0,72,0,0,0,0,0,0,0,0,0,0,0,0,0,0,0,0,0,0,0,0,0,0,0,0,0,0,0,0,0,0,0,0,0,0,0,0,0,0,0,0,0,0,0,0,0,0,0,1,0,0,0,0,0,0,0,0,0,0,0,0,1,0,0,0,0,0,0,0,0,0,0,6,1,0,5,73,0,0,6,4,4
1088.ps1,1,3016,1,3015.0,3015,0,2,23,23,23,23,54,54,7,398,11,13,0,0,7,0,0,0,1,0,2,53,0,0,0,0,0,0,0,0,0,0,0,0,0,0,0,0,0,0,0,0,0,0,0,0,0,0,0,0,0,0,0,0,0,0,0,0,0,0,0,0,0,0,0,0,0,0,0,1,0,0,0,0,0,0,0,0,0,0,0,0,0,0,0,0,0,0,0,0,0,0,0,12,1,0,9,53,0,2,12,4,8
1095.ps1,1,2869,1,2868.0,2868,0,2,22,22,17,17,52,52,10,378,5,10,0,0,7,0,0,0,1,0,2,54,0,0,0,0,0,0,0,0,0,0,0,0,0,0,0,0,0,0,0,0,0,0,0,0,0,0,0,0,0,0,0,0,0,0,0,0,0,0,0,0,0,0,0,0,0,0,0,1,0,0,0,0,0,0,0,0,0,0,0,0,0,0,0,0,0,0,0,0,0,0,0,3,1,3,5,57,0,2,6,1,4
1087.ps1,1,3185,1,3184.0,3184,0,2,28,28,25,25,58,58,17,366,9,13,0,0,11,0,0,0,3,0,1,59,0,0,0,0,0,0,0,0,0,0,0,0,0,0,0,0,0,0,0,0,0,0,0,0,0,0,0,0,0,0,0,0,0,0,0,0,0,0,0,0,0,0,0,0,0,0,0,1,0,0,0,1,0,0,0,0,0,0,0,0,0,2,0,0,0,0,0,0,0,0,0,7,1,5,6,64,0,1,12,2,5
1081.ps1,1,2925,1,2924.0,2924,0,0,21,21,16,16,73,73,8,383,5,14,2,0,7,0,0,0,1,0,0,75,0,0,0,0,0,0,0,0,0,0,0,0,0,0,0,0,0,0,0,0,0,0,0,0,0,0,0,0,0,0,0,0,0,0,0,0,0,0,0,0,0,0,0,0,0,0,0,1,0,0,0,0,0,0,0,0,0,0,0,0,0,0,0,0,0,0,0,0,0,0,0,7,2,0,7,77,0,0,6,5,6
1108.ps1,1,3065,1,3064.0,3064,0,1,22,22,16,16,76,76,8,403,6,14,0,0,7,0,0,0,1,0,1,78,0,0,0,0,0,0,0,0,0,0,0,0,0,0,0,0,0,0,0,0,0,0,0,0,0,0,0,0,0,0,0,0,0,0,0,0,0,0,0,0,0,0,0,0,0,0,0,1,0,0,0,0,0,0,0,0,0,0,0,0,0,0,0,0,0,0,0,0,0,0,0,8,1,1,7,79,0,1,6,5,6
108.ps1,1,581,1,580.0,580,1,1,11,11,14,14,27,27,10,33,6,8,0,4,0,0,0,0,0,0,1,30,0,0,0,0,0,0,0,0,0,0,0,0,0,0,0,0,0,0,0,0,0,0,0,0,0,0,0,0,0,0,0,0,0,0,0,0,0,0,0,0,0,0,0,0,0,0,0,1,0,0,0,0,0,0,0,0,0,0,0,0,0,0,0,0,0,0,0,0,0,0,0,12,1,0,9,30,0,1,13,6,8
1102.ps1,1,3781,1,3780.0,3780,0,1,11,11,11,11,92,92,1,772,5,6,0,0,0,0,1,0,1,0,1,94,0,0,0,0,0,0,0,0,0,0,0,0,0,0,0,0,0,0,0,0,0,0,0,0,0,0,0,0,0,0,0,0,0,0,0,0,0,0,0,0,0,0,0,0,0,0,0,1,0,0,0,0,0,0,0,0,0,0,0,0,0,1,0,0,0,0,0,0,0,0,0,9,1,1,8,95,0,1,8,4,7
1078.ps1,1,2761,1,2760.0,2760,0,2,21,21,17,17,50,50,8,358,7,13,0,0,7,0,0,0,0,0,2,51,0,0,0,0,0,0,0,0,0,0,0,0,0,0,0,0,0,0,0,0,0,0,0,0,0,0,0,0,0,0,0,0,0,0,0,0,0,0,0,0,0,0,0,0,0,0,0,1,0,0,0,0,0,0,0,0,0,0,0,0,0,0,0,0,0,0,0,0,0,0,0,8,1,0,7,51,0,2,6,4,6
1096.ps1,1,2950,1,2949.0,2949,0,1,22,22,20,20,72,72,8,381,8,14,0,0,7,0,0,0,0,0,1,73,0,0,0,0,0,0,0,0,0,0,0,0,0,0,0,0,0,0,0,0,0,0,0,0,0,0,0,0,0,0,0,0,0,0,0,0,0,0,0,0,0,0,0,0,0,0,0,1,0,0,0,0,0,0,0,0,0,0,0,0,0,0,0,0,0,0,0,0,0,0,0,10,1,0,8,73,0,1,10,5,7
1101.ps1,1,3029,1,3028.0,3028,0,1,24,24,23,23,74,74,10,392,8,11,0,0,7,0,0,0,1,0,1,75,0,0,0,0,0,0,0,0,0,0,0,0,0,0,0,0,0,0,0,0,0,0,0,0,0,0,0,0,0,0,0,0,0,0,0,0,0,0,0,0,0,0,0,0,0,0,0,1,0,0,0,0,0,0,0,0,0,0,0,0,0,0,0,0,0,0,0,0,0,0,0,7,1,3,7,78,0,1,13,2,6
1093.ps1,1,2825,1,2824.0,2824,0,1,23,23,23,23,50,50,7,359,10,14,0,0,7,0,0,0,1,0,1,50,0,0,0,0,0,0,0,0,0,0,0,0,0,0,0,0,0,0,0,0,0,0,0,0,0,0,0,0,0,0,0,0,0,0,0,0,0,0,0,0,0,0,0,0,0,0,0,1,0,0,0,0,0,0,0,0,0,0,0,0,0,0,0,0,0,0,0,0,0,0,0,12,1,0,9,50,0,1,13,5,8
1099.ps1,1,2814,1,2813.0,2813,0,1,23,23,22,22,50,50,7,360,9,14,0,0,7,0,0,0,1,0,1,49,0,0,0,0,0,0,0,0,0,0,0,0,0,0,0,0,0,0,0,0,0,0,0,0,0,0,0,0,0,0,0,0,0,0,0,0,0,0,0,0,0,0,0,0,0,0,0,1,0,0,0,0,0,0,0,0,0,0,0,0,0,0,0,0,0,0,0,0,0,0,0,11,1,0,9,49,0,1,12,5,8
1098.ps1,1,2777,1,2776.0,2776,0,1,21,21,17,17,50,50,7,359,6,14,0,0,7,0,0,0,1,0,1,52,0,0,0,0,0,0,0,0,0,0,0,0,0,0,0,0,0,0,0,0,0,0,0,0,0,0,0,0,0,0,0,0,0,0,0,0,0,0,0,0,0,0,0,0,0,0,0,1,0,0,0,0,0,0,0,0,0,0,0,0,0,0,0,0,0,0,0,0,0,0,0,8,1,0,7,52,0,1,7,5,6
1070.ps1,1,2802,1,2801.0,2801,0,1,23,23,20,20,50,50,8,359,8,14,0,0,7,0,0,0,0,0,1,51,0,0,0,0,0,0,0,0,0,0,0,0,0,0,0,0,0,0,0,0,0,0,0,0,0,0,0,0,0,0,0,0,0,0,0,0,0,0,0,0,0,0,0,0,0,0,0,1,0,0,0,0,0,0,0,0,0,0,0,0,0,0,0,0,0,0,0,0,0,0,0,10,1,0,9,51,0,1,10,5,8
1117.ps1,1,2790,1,2789.0,2789,0,1,22,22,16,16,50,50,9,359,6,14,0,0,7,0,0,0,0,0,1,52,0,0,0,0,0,0,0,0,0,0,0,0,0,0,0,0,0,0,0,0,0,0,0,0,0,0,0,0,0,0,0,0,0,0,0,0,0,0,0,0,0,0,0,0,0,0,0,1,0,0,0,0,0,0,0,0,0,0,0,0,0,0,0,0,0,0,0,0,0,0,0,8,1,1,7,53,0,1,6,5,6
1126.ps1,1,600,1,599.0,599,1,0,11,11,11,11,35,35,7,41,4,8,2,4,0,0,0,0,1,0,0,40,0,0,0,0,0,0,0,0,0,0,0,0,0,0,0,0,0,0,0,0,0,0,0,0,0,0,0,0,0,0,0,0,0,0,0,0,0,0,0,0,0,0,0,0,0,0,0,1,0,0,0,0,0,0,0,0,0,0,0,0,0,0,0,0,0,0,0,0,0,0,0,10,2,0,9,42,0,0,10,6,8
110.ps1,1,2932,1,2931.0,2931,0,2,21,21,20,20,72,72,8,380,9,13,0,0,7,0,0,0,0,0,2,72,0,0,0,0,0,0,0,0,0,0,0,0,0,0,0,0,0,0,0,0,0,0,0,0,0,0,0,0,0,0,0,0,0,0,0,0,0,0,0,0,0,0,0,0,0,0,0,1,0,0,0,0,0,0,0,0,0,0,0,0,0,0,0,0,0,0,0,0,0,0,0,10,1,0,7,72,0,2,9,4,6
1123.ps1,1,2795,1,2794.0,2794,0,0,22,22,19,19,50,50,8,360,7,15,2,0,7,0,0,0,1,0,0,51,0,0,0,0,0,0,0,0,0,0,0,0,0,0,0,0,0,0,0,0,0,0,0,0,0,0,0,0,0,0,0,0,0,0,0,0,0,0,0,0,0,0,0,0,0,0,0,1,0,0,0,0,0,0,0,0,0,0,0,0,0,0,0,0,0,0,0,0,0,0,0,9,2,0,8,53,0,0,9,5,7
1118.ps1,1,550,1,549.0,549,0,2,8,8,6,6,51,51,9,44,2,4,0,3,0,0,0,0,0,0,2,43,0,0,0,0,0,0,0,0,0,0,0,0,0,0,0,0,0,0,0,0,0,0,0,0,0,0,0,0,0,0,0,0,0,0,0,0,0,0,0,0,0,0,0,0,0,0,0,2,0,0,0,0,0,0,0,0,0,0,0,0,0,0,0,0,0,0,0,0,0,0,0,4,1,0,6,43,0,2,4,2,5
1107.ps1,1,2914,1,2913.0,2913,0,2,16,16,18,18,51,51,20,53,35,12,0,30,11,0,0,0,1,0,2,51,0,0,0,0,0,0,0,0,0,0,0,0,0,0,0,0,0,0,0,0,0,0,0,0,0,0,0,0,0,0,0,1,2,0,0,0,0,0,0,0,0,0,0,0,0,0,0,1,0,0,0,0,0,1,0,0,0,0,0,0,0,1,0,0,0,0,0,0,0,4,0,12,1,0,9,51,0,2,12,4,8
1120.ps1,1,2772,1,2771.0,2771,0,1,21,21,17,17,50,50,8,359,6,14,0,0,7,0,0,0,0,0,1,52,0,0,0,0,0,0,0,0,0,0,0,0,0,0,0,0,0,0,0,0,0,0,0,0,0,0,0,0,0,0,0,0,0,0,0,0,0,0,0,0,0,0,0,0,0,0,0,1,0,0,0,0,0,0,0,0,0,0,0,0,0,0,0,0,0,0,0,0,0,0,0,8,1,0,7,52,0,1,7,5,6
1110.ps1,1,1433,1,1432.0,1432,1,2,14,15,23,23,105,105,22,108,11,10,0,5,7,0,2,0,1,0,2,107,0,0,0,0,0,0,0,0,0,0,0,0,0,0,0,0,0,0,0,0,0,0,0,0,0,0,0,0,0,0,0,0,0,0,0,0,0,0,0,0,0,0,0,0,0,0,0,1,0,0,0,0,0,0,0,0,0,0,0,0,0,1,0,0,0,0,0,0,0,0,0,13,1,0,9,107,0,2,13,5,8
1128.ps1,1,3031,1,3030.0,3030,0,2,21,21,17,17,76,76,8,402,7,13,0,0,7,0,0,0,0,0,2,77,0,0,0,0,0,0,0,0,0,0,0,0,0,0,0,0,0,0,0,0,0,0,0,0,0,0,0,0,0,0,0,0,0,0,0,0,0,0,0,0,0,0,0,0,0,0,0,1,0,0,0,0,0,0,0,0,0,0,0,0,0,0,0,0,0,0,0,0,0,0,0,8,1,0,7,77,0,2,6,4,6
1127.ps1,1,3042,1,3041.0,3041,0,3,24,24,23,23,75,75,11,383,9,10,0,0,8,0,0,0,0,0,2,76,0,0,0,0,0,0,0,0,0,0,0,0,0,0,0,0,0,0,0,0,0,0,0,0,0,0,0,0,0,0,0,0,0,0,0,0,0,0,0,0,0,0,0,0,0,0,0,1,0,0,0,0,0,0,0,0,0,0,0,0,0,0,0,0,0,0,0,0,0,0,0,7,1,3,7,79,0,2,10,1,6
1119.ps1,1,2758,1,2757.0,2757,0,2,20,20,17,17,50,50,7,358,7,13,0,0,7,0,0,0,1,0,2,51,0,0,0,0,0,0,0,0,0,0,0,0,0,0,0,0,0,0,0,0,0,0,0,0,0,0,0,0,0,0,0,0,0,0,0,0,0,0,0,0,0,0,0,0,0,0,0,1,0,0,0,0,0,0,0,0,0,0,0,0,0,0,0,0,0,0,0,0,0,0,0,8,1,0,6,51,0,2,6,4,5
1137.ps1,1,2861,1,2860.0,2860,0,2,20,20,17,17,52,52,8,378,7,13,0,0,7,0,0,0,0,0,2,53,0,0,0,0,0,0,0,0,0,0,0,0,0,0,0,0,0,0,0,0,0,0,0,0,0,0,0,0,0,0,0,0,0,0,0,0,0,0,0,0,0,0,0,0,0,0,0,1,0,0,0,0,0,0,0,0,0,0,0,0,0,0,0,0,0,0,0,0,0,0,0,8,1,0,6,53,0,2,6,4,5
1129.ps1,1,471,1,470.0,470,0,2,7,7,6,6,44,44,9,37,2,4,0,3,0,0,0,0,0,0,2,36,0,0,0,0,0,0,0,0,0,0,0,0,0,0,0,0,0,0,0,0,0,0,0,0,0,0,0,0,0,0,0,0,0,0,0,0,0,0,0,0,0,0,0,0,0,0,0,2,0,0,0,0,0,0,0,0,0,0,0,0,0,0,0,0,0,0,0,0,0,0,0,4,1,0,5,36,0,2,4,2,4
1131.ps1,1,444,1,443.0,443,0,0,7,7,5,5,34,34,8,35,2,4,0,3,0,0,0,0,0,0,0,35,0,0,0,0,0,0,0,0,0,0,0,0,0,0,0,0,0,0,0,0,0,0,0,0,0,0,0,0,0,0,0,0,0,0,0,0,0,0,0,0,0,0,0,0,0,0,0,1,0,0,0,0,0,0,0,0,0,0,0,0,1,0,0,0,0,0,0,0,0,0,0,3,1,1,5,37,0,0,5,1,4
1145.ps1,1,2796,1,2795.0,2795,0,0,23,23,24,24,50,50,10,358,9,10,0,0,7,0,0,0,0,0,0,48,0,0,0,0,0,0,0,0,0,0,0,0,0,0,0,0,0,0,0,0,0,0,0,0,0,0,0,0,0,0,0,0,0,0,0,0,0,0,0,0,0,0,0,0,0,0,0,1,0,0,0,0,0,0,0,0,0,0,0,0,0,1,0,0,0,0,0,0,0,0,0,7,1,3,6,52,0,0,15,1,5
1138.ps1,1,2962,1,2961.0,2961,0,1,24,24,22,22,73,73,10,381,9,11,0,0,7,0,0,0,0,0,0,72,0,0,0,0,0,0,0,0,0,0,0,0,0,0,0,0,0,0,0,0,0,0,0,0,0,0,0,0,0,0,0,0,0,0,0,0,0,0,0,0,0,0,0,0,0,0,0,1,0,0,0,0,0,0,0,0,0,0,0,0,1,0,0,0,0,0,0,0,0,0,0,7,1,3,7,76,0,0,13,1,6
113.ps1,1,2934,1,2933.0,2933,0,0,22,22,16,16,73,73,9,383,5,14,2,0,7,0,0,0,0,0,0,75,0,0,0,0,0,0,0,0,0,0,0,0,0,0,0,0,0,0,0,0,0,0,0,0,0,0,0,0,0,0,0,0,0,0,0,0,0,0,0,0,0,0,0,0,0,0,0,1,0,0,0,0,0,0,0,0,0,0,0,0,0,0,0,0,0,0,0,0,0,0,0,7,2,0,8,77,0,0,6,5,7
1135.ps1,1,2904,1,2903.0,2903,0,2,24,24,17,17,52,52,11,379,6,11,0,0,7,0,0,0,1,0,1,55,0,0,0,0,0,0,0,0,0,0,0,0,0,0,0,0,0,0,0,0,0,0,0,0,0,0,0,0,0,0,0,0,0,0,0,0,0,0,0,0,0,0,0,0,0,0,0,1,0,0,0,0,0,0,0,0,0,0,0,0,0,0,0,0,0,0,0,0,0,0,0,5,1,4,6,59,0,1,7,2,5
1132.ps1,1,3278,1,3277.0,3277,0,0,24,24,24,24,58,58,10,447,9,11,0,0,7,0,0,0,0,0,0,56,0,0,0,0,0,0,0,0,0,0,0,0,0,0,0,0,0,0,0,0,0,0,0,0,0,0,0,0,0,0,0,0,0,0,0,0,0,0,0,0,0,0,0,0,0,0,0,1,0,0,0,0,0,0,0,0,0,0,0,0,1,0,0,0,0,0,0,0,0,0,0,7,1,3,7,60,0,0,15,1,6
1142.ps1,1,546,1,545.0,545,0,2,9,9,7,7,39,39,9,39,2,3,0,3,1,0,0,0,1,0,2,42,0,0,0,0,0,0,0,0,0,0,0,0,0,0,0,0,0,0,0,0,0,0,0,0,0,0,0,0,0,0,0,0,0,0,0,0,0,0,0,0,0,0,0,0,0,0,0,1,0,0,0,0,0,0,0,0,0,0,0,0,0,1,0,0,0,0,1,0,0,1,0,3,1,2,5,44,0,2,4,1,4
1156.ps1,1,2834,1,2833.0,2833,0,0,20,20,15,15,52,52,7,378,5,13,0,0,7,0,0,0,0,0,0,52,0,0,0,0,0,0,0,0,0,0,0,0,0,0,0,0,0,0,0,0,0,0,0,0,0,0,0,0,0,0,0,0,0,0,0,0,0,0,0,0,0,0,0,0,0,0,0,1,0,0,0,0,0,0,0,0,0,0,0,0,0,1,0,0,0,0,0,0,0,0,0,6,1,0,6,53,0,0,6,4,5
1150.ps1,1,752,1,751.0,751,1,1,8,8,3,3,65,65,9,63,1,11,0,9,0,0,0,0,0,0,1,66,0,0,0,0,0,0,0,0,0,0,0,0,0,0,0,0,0,0,0,0,0,0,0,0,0,0,0,0,0,0,0,0,0,0,0,0,0,0,0,0,0,0,0,0,0,0,0,2,0,0,0,0,0,0,0,0,0,0,0,0,0,1,0,0,0,0,0,0,0,0,0,4,1,0,7,66,0,1,2,2,6
1139.ps1,1,2925,1,2924.0,2924,0,2,21,21,17,17,73,73,7,381,7,13,0,0,7,0,0,0,1,0,2,74,0,0,0,0,0,0,0,0,0,0,0,0,0,0,0,0,0,0,0,0,0,0,0,0,0,0,0,0,0,0,0,0,0,0,0,0,0,0,0,0,0,0,0,0,0,0,0,1,0,0,0,0,0,0,0,0,0,0,0,0,0,0,0,0,0,0,0,0,0,0,0,8,1,0,7,74,0,2,6,4,6
1158.ps1,1,3098,1,3097.0,3097,0,1,23,23,23,23,76,76,7,403,10,14,0,0,7,0,0,0,1,0,1,76,0,0,0,0,0,0,0,0,0,0,0,0,0,0,0,0,0,0,0,0,0,0,0,0,0,0,0,0,0,0,0,0,0,0,0,0,0,0,0,0,0,0,0,0,0,0,0,1,0,0,0,0,0,0,0,0,0,0,0,0,0,0,0,0,0,0,0,0,0,0,0,12,1,0,9,76,0,1,13,5,8
1149.ps1,1,2913,1,2912.0,2912,0,1,21,21,17,17,72,72,7,378,6,14,0,0,7,0,0,0,1,0,1,74,0,0,0,0,0,0,0,0,0,0,0,0,0,0,0,0,0,0,0,0,0,0,0,0,0,0,0,0,0,0,0,0,0,0,0,0,0,0,0,0,0,0,0,0,0,0,0,1,0,0,0,0,0,0,0,0,0,0,0,0,0,0,0,0,0,0,0,0,0,0,0,8,1,0,7,74,0,1,7,5,6
1160.ps1,1,2496,1,2495.0,2495,0,1,10,10,5,5,48,48,7,48,27,6,0,29,1,0,0,0,1,0,1,46,0,0,0,0,0,0,0,0,0,0,0,0,0,0,0,0,0,0,0,0,0,0,0,0,0,0,0,0,0,0,0,0,2,0,0,0,0,0,0,0,0,0,0,0,0,0,0,2,1,0,0,0,0,1,0,0,0,0,0,0,0,1,0,0,0,0,0,0,0,3,0,3,1,0,5,46,0,1,2,3,4
1159.ps1,1,3078,1,3077.0,3077,0,2,26,26,23,23,54,54,12,406,10,11,0,0,7,0,0,0,0,0,1,55,0,0,0,0,0,0,0,0,0,0,0,0,0,0,0,0,0,0,0,0,0,0,0,0,0,0,0,0,0,0,0,0,0,0,0,0,0,0,0,0,0,0,0,0,0,0,0,1,0,0,0,0,0,0,0,0,0,0,0,0,0,0,0,0,0,0,0,0,0,0,0,9,1,4,8,59,0,1,13,2,7
1169.ps1,1,2762,1,2761.0,2761,0,2,21,21,17,17,50,50,8,358,7,13,0,0,7,0,0,0,0,0,2,51,0,0,0,0,0,0,0,0,0,0,0,0,0,0,0,0,0,0,0,0,0,0,0,0,0,0,0,0,0,0,0,0,0,0,0,0,0,0,0,0,0,0,0,0,0,0,0,1,0,0,0,0,0,0,0,0,0,0,0,0,0,0,0,0,0,0,0,0,0,0,0,8,1,0,7,51,0,2,6,4,6
1146.ps1,1,553,1,552.0,552,0,2,12,12,11,11,31,31,13,35,4,3,0,3,0,0,0,0,0,0,2,37,0,0,0,0,0,0,0,0,0,0,0,0,0,0,0,0,0,0,0,0,0,0,0,0,0,0,0,0,0,0,0,0,0,0,0,0,0,0,0,0,0,0,0,0,0,0,0,1,0,0,0,0,0,0,0,0,0,0,0,0,0,0,0,0,0,0,0,0,0,0,0,5,1,4,6,41,0,2,9,1,5
116.ps1,1,3033,1,3032.0,3032,0,0,22,22,21,21,54,54,10,405,7,11,0,0,7,0,0,0,0,0,0,53,0,0,0,0,0,0,0,0,0,0,0,0,0,0,0,0,0,0,0,0,0,0,0,0,0,0,0,0,0,0,0,0,0,0,0,0,0,0,0,0,0,0,0,0,0,0,0,1,0,0,0,0,0,0,0,0,0,0,0,0,1,0,0,0,0,0,0,0,0,0,0,5,1,3,5,57,0,0,12,1,4
1170.ps1,1,2964,1,2963.0,2963,0,1,22,22,22,22,73,73,7,383,9,14,0,0,7,0,0,0,1,0,1,72,0,0,0,0,0,0,0,0,0,0,0,0,0,0,0,0,0,0,0,0,0,0,0,0,0,0,0,0,0,0,0,0,0,0,0,0,0,0,0,0,0,0,0,0,0,0,0,1,0,0,0,0,0,0,0,0,0,0,0,0,0,0,0,0,0,0,0,0,0,0,0,11,1,0,8,72,0,1,12,5,7
1167.ps1,1,2742,1,2741.0,2741,0,3,21,21,15,15,50,50,11,358,5,10,0,0,7,0,0,0,0,0,2,53,0,0,0,0,0,0,0,0,0,0,0,0,0,0,0,0,0,0,0,0,0,0,0,0,0,0,0,0,0,0,0,0,0,0,0,0,0,0,0,0,0,0,0,0,0,0,0,1,0,0,0,0,0,0,0,0,0,0,0,0,0,0,0,0,0,0,0,0,0,0,0,3,1,3,4,56,0,2,4,1,3
1163.ps1,1,3483,1,3482.0,3482,0,1,19,19,13,13,63,63,8,504,3,14,0,0,7,0,0,0,0,0,1,65,0,0,0,0,0,0,0,0,0,0,0,0,0,0,0,0,0,0,0,0,0,0,0,0,0,0,0,0,0,0,0,0,0,0,0,0,0,0,0,0,0,0,0,0,0,0,0,1,0,0,0,0,0,0,0,0,0,0,0,0,0,0,0,0,0,0,0,0,0,0,0,5,1,0,5,65,0,1,3,5,4
118.ps1,1,2917,1,2916.0,2916,0,2,20,20,17,17,73,73,8,381,7,13,0,0,7,0,0,0,0,0,2,74,0,0,0,0,0,0,0,0,0,0,0,0,0,0,0,0,0,0,0,0,0,0,0,0,0,0,0,0,0,0,0,0,0,0,0,0,0,0,0,0,0,0,0,0,0,0,0,1,0,0,0,0,0,0,0,0,0,0,0,0,0,0,0,0,0,0,0,0,0,0,0,8,1,0,6,74,0,2,6,4,5
1164.ps1,1,2803,1,2802.0,2802,0,2,24,24,20,20,50,50,11,360,7,11,0,0,7,0,0,0,0,0,1,51,0,0,0,0,0,0,0,0,0,0,0,0,0,0,0,0,0,0,0,0,0,0,0,0,0,0,0,0,0,0,0,0,0,0,0,0,0,0,0,0,0,0,0,0,0,0,0,1,0,0,0,0,0,0,0,0,0,0,0,0,0,0,0,0,0,0,0,0,0,0,0,6,1,3,7,54,0,1,10,2,6
1171.ps1,1,3044,1,3043.0,3043,0,0,22,22,16,16,76,76,8,404,5,14,2,0,7,0,0,0,1,0,0,78,0,0,0,0,0,0,0,0,0,0,0,0,0,0,0,0,0,0,0,0,0,0,0,0,0,0,0,0,0,0,0,0,0,0,0,0,0,0,0,0,0,0,0,0,0,0,0,1,0,0,0,0,0,0,0,0,0,0,0,0,0,0,0,0,0,0,0,0,0,0,0,7,2,0,8,80,0,0,6,5,7
1162.ps1,1,3056,1,3055.0,3055,0,1,23,23,19,19,76,76,10,402,7,11,0,0,7,0,0,0,0,0,0,76,0,0,0,0,0,0,0,0,0,0,0,0,0,0,0,0,0,0,0,0,0,0,0,0,0,0,0,0,0,0,0,0,0,0,0,0,0,0,0,0,0,0,0,0,0,0,0,1,0,0,0,0,0,0,0,0,0,0,0,0,1,0,0,0,0,0,0,0,0,0,0,5,1,3,6,80,0,0,10,1,5
1176.ps1,1,3519,1,3518.0,3518,0,1,23,23,20,20,87,87,8,489,8,14,0,0,7,0,0,0,0,0,1,88,0,0,0,0,0,0,0,0,0,0,0,0,0,0,0,0,0,0,0,0,0,0,0,0,0,0,0,0,0,0,0,0,0,0,0,0,0,0,0,0,0,0,0,0,0,0,0,1,0,0,0,0,0,0,0,0,0,0,0,0,0,0,0,0,0,0,0,0,0,0,0,10,1,0,9,88,0,1,10,5,8
119.ps1,1,450,1,449.0,449,0,0,6,6,4,4,33,33,8,34,2,5,0,6,0,0,0,0,0,0,0,34,0,0,0,0,0,0,0,0,0,0,0,0,0,0,0,0,0,0,0,0,0,0,0,0,0,0,0,0,0,0,0,0,0,0,0,0,0,0,0,0,0,0,0,0,0,0,0,1,0,0,0,0,0,0,0,0,0,0,0,0,1,0,0,0,0,0,0,0,0,0,0,4,1,0,5,35,0,0,4,2,4
1192.ps1,1,2999,1,2998.0,2998,0,1,25,25,22,22,73,73,12,382,8,11,0,0,7,0,0,0,0,0,1,74,0,0,0,0,0,0,0,0,0,0,0,0,0,0,0,0,0,0,0,0,0,0,0,0,0,0,0,0,0,0,0,0,0,0,0,0,0,0,0,0,0,0,0,0,0,0,0,1,0,0,0,0,0,0,0,0,0,0,0,0,0,0,0,0,0,0,0,0,0,0,0,7,1,4,7,78,0,1,12,2,6
1189.ps1,1,2895,1,2894.0,2894,0,3,24,24,21,21,52,52,10,378,9,10,0,0,7,0,0,0,1,0,2,53,0,0,0,0,0,0,0,0,0,0,0,0,0,0,0,0,0,0,0,0,0,0,0,0,0,0,0,0,0,0,0,0,0,0,0,0,0,0,0,0,0,0,0,0,0,0,0,1,0,0,0,0,0,0,0,0,0,0,0,0,0,0,0,0,0,0,0,0,0,0,0,7,1,3,7,56,0,2,10,1,6
12.ps1,1,2966,1,2965.0,2965,0,1,23,23,22,22,73,73,7,383,9,14,0,0,7,0,0,0,1,0,1,72,0,0,0,0,0,0,0,0,0,0,0,0,0,0,0,0,0,0,0,0,0,0,0,0,0,0,0,0,0,0,0,0,0,0,0,0,0,0,0,0,0,0,0,0,0,0,0,1,0,0,0,0,0,0,0,0,0,0,0,0,0,0,0,0,0,0,0,0,0,0,0,11,1,0,9,72,0,1,12,5,8
1188.ps1,1,3210,1,3209.0,3209,0,0,23,23,21,21,79,79,10,430,7,11,0,0,7,0,0,0,0,0,0,78,0,0,0,0,0,0,0,0,0,0,0,0,0,0,0,0,0,0,0,0,0,0,0,0,0,0,0,0,0,0,0,0,0,0,0,0,0,0,0,0,0,0,0,0,0,0,0,1,0,0,0,0,0,0,0,0,0,0,0,0,1,0,0,0,0,0,0,0,0,0,0,5,1,3,6,82,0,0,12,1,5
1200.ps1,1,523,1,522.0,522,0,0,6,6,4,4,54,54,8,47,0,5,0,4,0,0,0,0,0,0,0,45,0,0,0,0,0,0,0,0,0,0,0,0,0,0,0,0,0,0,0,0,0,0,0,0,0,0,0,0,0,0,0,0,0,0,0,0,0,0,0,0,0,0,0,0,0,0,0,2,0,0,0,0,0,0,0,0,0,0,0,0,1,0,0,0,0,0,0,0,0,0,0,2,1,0,4,46,0,0,4,2,3
1206.ps1,1,559,1,558.0,558,1,2,7,7,6,6,48,48,11,42,2,3,0,3,3,0,0,0,0,0,2,44,0,0,0,0,0,0,0,0,0,0,0,0,0,0,0,0,0,0,0,0,0,0,0,0,0,0,0,0,0,0,0,0,0,0,0,0,0,0,0,0,0,0,0,0,0,0,0,2,0,0,0,0,0,0,0,0,0,0,0,0,0,0,0,0,0,0,0,0,0,0,0,4,1,0,6,44,0,2,2,2,5
1199.ps1,1,1966,1,1965.0,1965,0,0,9,9,14,15,167,166,24,170,2,12,1,5,9,0,2,0,0,0,0,171,0,0,0,0,0,0,0,0,0,0,0,0,0,0,0,0,0,0,0,0,0,0,0,0,0,0,0,0,0,0,0,0,0,0,0,0,0,0,0,0,0,0,0,0,0,0,0,1,0,0,0,0,0,0,0,0,0,0,0,0,1,1,0,0,0,0,0,0,0,0,0,7,1,0,4,172,0,0,6,7,3
1219.ps1,1,3207,1,3206.0,3206,0,2,24,24,20,20,79,79,10,432,7,11,0,0,7,0,0,0,1,0,1,80,0,0,0,0,0,0,0,0,0,0,0,0,0,0,0,0,0,0,0,0,0,0,0,0,0,0,0,0,0,0,0,0,0,0,0,0,0,0,0,0,0,0,0,0,0,0,0,1,0,0,0,0,0,0,0,0,0,0,0,0,0,0,0,0,0,0,0,0,0,0,0,6,1,3,7,83,0,1,10,2,6
1215.ps1,1,1683,1,1682.0,1682,0,1,12,12,17,17,125,125,25,129,4,10,0,5,9,0,2,0,0,0,1,128,0,0,0,0,0,0,0,0,0,0,0,0,0,0,0,0,0,0,0,0,0,0,0,0,0,0,0,0,0,0,0,0,0,0,0,0,0,0,0,0,0,0,0,0,0,0,0,1,0,0,0,0,0,0,0,0,0,0,0,0,0,1,0,0,0,0,0,0,0,0,0,8,1,0,7,128,0,1,7,6,6
1212.ps1,1,4119,1,4118.0,4118,0,0,25,25,22,22,100,100,11,600,7,12,2,0,7,0,0,0,1,0,0,101,0,0,0,0,0,0,0,0,0,0,0,0,0,0,0,0,0,0,0,0,0,0,0,0,0,0,0,0,0,0,0,0,0,0,0,0,0,0,0,0,0,0,0,0,0,0,0,1,0,0,0,0,0,0,0,0,0,0,0,0,0,0,0,0,0,0,0,0,0,0,0,6,2,3,8,106,0,0,12,2,7
1217.ps1,1,2812,1,2811.0,2811,0,1,24,24,20,20,50,50,12,360,7,11,2,0,7,0,0,0,0,0,0,52,0,0,0,0,0,0,0,0,0,0,0,0,0,0,0,0,0,0,0,0,0,0,0,0,0,0,0,0,0,0,0,0,0,0,0,0,0,0,0,0,0,0,0,0,0,0,0,1,0,0,0,0,0,0,0,0,0,0,0,0,0,0,0,0,0,0,0,0,0,0,0,6,2,3,7,57,0,0,10,2,6
1216.ps1,1,3094,1,3093.0,3093,0,1,16,16,11,11,53,53,11,58,87,6,0,120,2,0,0,0,1,0,1,57,0,0,0,0,0,0,0,0,0,0,0,0,0,0,0,0,0,0,0,0,0,0,0,0,0,0,0,0,0,0,0,0,0,0,0,0,0,0,0,0,0,0,0,0,0,0,0,1,0,0,0,0,0,1,0,0,0,0,0,0,1,0,0,0,0,0,0,0,0,3,0,5,1,3,5,60,0,1,7,2,4
121.ps1,1,2931,1,2930.0,2930,0,0,21,21,16,16,73,73,8,383,5,14,2,0,7,0,0,0,1,0,0,75,0,0,0,0,0,0,0,0,0,0,0,0,0,0,0,0,0,0,0,0,0,0,0,0,0,0,0,0,0,0,0,0,0,0,0,0,0,0,0,0,0,0,0,0,0,0,0,1,0,0,0,0,0,0,0,0,0,0,0,0,0,0,0,0,0,0,0,0,0,0,0,7,2,0,7,77,0,0,6,5,6
1194.ps1,1,4463,1,4462.0,4462,0,2,20,20,17,17,111,111,7,673,7,13,0,0,7,0,0,0,1,0,2,112,0,0,0,0,0,0,0,0,0,0,0,0,0,0,0,0,0,0,0,0,0,0,0,0,0,0,0,0,0,0,0,0,0,0,0,0,0,0,0,0,0,0,0,0,0,0,0,1,0,0,0,0,0,0,0,0,0,0,0,0,0,0,0,0,0,0,0,0,0,0,0,8,1,0,6,112,0,2,6,4,5
1209.ps1,1,3250,1,3249.0,3249,0,1,29,29,28,28,59,59,17,368,10,18,0,0,12,0,0,0,2,0,1,58,0,0,0,0,0,0,0,0,0,0,0,0,0,0,0,0,0,0,0,0,0,0,0,0,0,0,0,0,0,0,0,0,0,0,0,0,0,0,0,0,0,0,0,0,0,0,0,1,0,0,0,1,0,0,0,0,0,0,0,0,0,2,0,0,0,0,0,0,0,0,0,8,1,4,8,62,0,1,15,2,7
1229.ps1,1,2743,1,2742.0,2742,0,3,21,21,15,15,50,50,11,358,5,10,0,0,7,0,0,0,0,0,2,53,0,0,0,0,0,0,0,0,0,0,0,0,0,0,0,0,0,0,0,0,0,0,0,0,0,0,0,0,0,0,0,0,0,0,0,0,0,0,0,0,0,0,0,0,0,0,0,1,0,0,0,0,0,0,0,0,0,0,0,0,0,0,0,0,0,0,0,0,0,0,0,3,1,3,4,56,0,2,4,1,3
1222.ps1,1,2845,1,2844.0,2844,0,3,24,24,21,21,51,51,11,368,9,10,0,0,7,0,0,0,0,0,2,52,0,0,0,0,0,0,0,0,0,0,0,0,0,0,0,0,0,0,0,0,0,0,0,0,0,0,0,0,0,0,0,0,0,0,0,0,0,0,0,0,0,0,0,0,0,0,0,1,0,0,0,0,0,0,0,0,0,0,0,0,0,0,0,0,0,0,0,0,0,0,0,7,1,3,7,55,0,2,10,1,6
1226.ps1,1,3209,1,3208.0,3208,0,0,22,22,19,19,79,79,8,432,7,14,2,0,7,0,0,0,1,0,0,80,0,0,0,0,0,0,0,0,0,0,0,0,0,0,0,0,0,0,0,0,0,0,0,0,0,0,0,0,0,0,0,0,0,0,0,0,0,0,0,0,0,0,0,0,0,0,0,1,0,0,0,0,0,0,0,0,0,0,0,0,0,0,0,0,0,0,0,0,0,0,0,9,2,0,8,82,0,0,9,5,7
1220.ps1,1,3088,1,3087.0,3087,0,2,24,24,21,21,76,76,10,403,8,11,0,0,7,0,0,0,1,0,1,78,0,0,0,0,0,0,0,0,0,0,0,0,0,0,0,0,0,0,0,0,0,0,0,0,0,0,0,0,0,0,0,0,0,0,0,0,0,0,0,0,0,0,0,0,0,0,0,1,0,0,0,0,0,0,0,0,0,0,0,0,0,0,0,0,0,0,0,0,0,0,0,7,1,3,7,81,0,1,11,2,6
1232.ps1,1,1548,1,1547.0,1547,1,2,12,12,20,19,122,122,22,126,9,9,0,5,7,1,3,1,1,0,2,125,0,0,0,0,0,0,0,0,0,0,0,0,0,0,0,0,0,0,0,0,0,0,0,0,0,0,0,0,0,0,0,0,0,0,0,0,0,0,0,0,0,0,0,0,0,0,0,1,0,0,0,0,0,0,0,0,0,0,0,0,0,1,0,0,0,0,0,0,0,1,0,11,1,0,7,125,0,2,10,5,6
1224.ps1,1,1599,1,1598.0,1598,0,0,11,11,15,15,125,125,23,128,4,9,0,6,8,0,2,0,1,0,0,127,0,0,0,0,0,0,0,0,0,0,0,0,0,0,0,0,0,0,0,0,0,0,0,0,0,0,0,0,0,0,0,0,0,0,0,0,0,0,0,0,0,0,0,0,0,0,0,1,0,0,0,0,0,0,0,0,0,0,0,0,0,2,0,0,0,0,0,0,0,0,0,7,1,0,6,128,0,0,7,5,5
1231.ps1,1,1506,1,1505.0,1505,0,0,15,15,10,10,128,128,22,131,2,7,2,8,5,0,0,0,1,0,0,131,0,0,0,0,0,0,0,0,0,0,0,0,0,0,0,0,0,0,0,0,0,0,0,0,0,0,0,0,0,0,0,0,0,0,0,0,0,0,0,0,0,0,0,0,0,0,0,1,0,0,0,0,0,0,0,0,0,0,0,0,0,0,0,0,0,0,0,0,0,0,0,4,2,2,7,135,0,0,7,2,6
1244.ps1,1,2885,1,2884.0,2884,0,1,16,16,14,14,51,51,23,55,26,10,0,41,12,0,0,0,1,0,1,53,0,0,0,0,0,0,0,0,0,0,0,0,0,0,0,0,0,0,0,0,0,0,0,0,0,0,0,0,0,0,0,1,3,0,0,0,0,0,0,0,0,0,0,0,0,0,0,1,0,0,0,0,0,1,0,0,0,0,0,0,0,1,0,0,0,0,0,0,0,4,0,4,1,3,6,56,0,1,9,2,5
1238.ps1,1,2954,1,2953.0,2953,0,1,24,24,22,22,72,72,10,380,9,11,0,0,7,0,0,0,0,0,0,71,0,0,0,0,0,0,0,0,0,0,0,0,0,0,0,0,0,0,0,0,0,0,0,0,0,0,0,0,0,0,0,0,0,0,0,0,0,0,0,0,0,0,0,0,0,0,0,1,0,0,0,0,0,0,0,0,0,0,0,0,1,0,0,0,0,0,0,0,0,0,0,7,1,3,7,75,0,0,13,1,6
1252.ps1,1,2942,1,2941.0,2941,0,2,23,23,17,17,73,73,11,382,6,11,0,0,7,0,0,0,1,0,1,76,0,0,0,0,0,0,0,0,0,0,0,0,0,0,0,0,0,0,0,0,0,0,0,0,0,0,0,0,0,0,0,0,0,0,0,0,0,0,0,0,0,0,0,0,0,0,0,1,0,0,0,0,0,0,0,0,0,0,0,0,0,0,0,0,0,0,0,0,0,0,0,5,1,4,5,80,0,1,7,2,4
1223.ps1,1,400,1,399.0,399,1,1,8,8,2,2,25,25,8,27,1,5,0,5,0,0,0,0,1,0,1,29,0,0,0,0,0,0,0,0,0,0,0,0,0,0,0,0,0,0,0,0,0,0,0,0,0,0,0,0,0,0,0,0,0,0,0,0,0,0,0,0,0,0,0,0,0,0,0,1,0,0,0,0,0,0,0,0,0,0,0,0,0,0,0,0,0,0,0,0,0,0,0,4,1,1,5,30,0,1,1,3,4
1255.ps1,1,3036,1,3035.0,3035,0,1,21,21,16,16,76,76,7,404,5,14,0,0,7,0,0,0,1,0,1,77,0,0,0,0,0,0,0,0,0,0,0,0,0,0,0,0,0,0,0,0,0,0,0,0,0,0,0,0,0,0,0,0,0,0,0,0,0,0,0,0,0,0,0,0,0,0,0,1,0,0,0,0,0,0,0,0,0,0,0,0,0,0,0,0,0,0,0,0,0,0,0,7,1,0,7,77,0,1,6,5,6
1253.ps1,1,2966,1,2965.0,2965,0,1,21,21,13,13,74,74,8,392,4,14,0,0,7,0,0,0,1,0,1,77,0,0,0,0,0,0,0,0,0,0,0,0,0,0,0,0,0,0,0,0,0,0,0,0,0,0,0,0,0,0,0,0,0,0,0,0,0,0,0,0,0,0,0,0,0,0,0,1,0,0,0,0,0,0,0,0,0,0,0,0,0,0,0,0,0,0,0,0,0,0,0,6,1,1,6,78,0,1,3,5,5
1264.ps1,1,437,1,436.0,436,0,2,8,8,7,7,29,29,11,30,4,3,0,4,0,0,0,0,0,0,2,31,0,0,0,0,0,0,0,0,0,0,0,0,0,0,0,0,0,0,0,0,0,0,0,0,0,0,0,0,0,0,0,0,0,0,0,0,0,0,0,0,0,0,0,0,0,0,0,1,0,0,0,0,0,0,0,0,0,0,0,0,0,0,0,0,0,0,0,0,0,1,0,5,1,1,6,32,0,2,5,1,5
1269.ps1,1,417,1,416.0,416,0,0,7,7,5,5,29,29,8,30,2,4,0,6,0,0,0,0,0,0,0,30,0,0,0,0,0,0,0,0,0,0,0,0,0,0,0,0,0,0,0,0,0,0,0,0,0,0,0,0,0,0,0,0,0,0,0,0,0,0,0,0,0,0,0,0,1,0,0,1,0,0,0,0,0,0,0,0,0,0,0,0,0,1,0,0,0,0,0,0,1,0,0,3,1,1,5,32,0,0,5,1,4
1254.ps1,1,2777,1,2776.0,2776,0,1,24,24,25,25,49,49,11,350,9,11,0,0,7,0,0,0,0,0,1,48,0,0,0,0,0,0,0,0,0,0,0,0,0,0,0,0,0,0,0,0,0,0,0,0,0,0,0,0,0,0,0,0,0,0,0,0,0,0,0,0,0,0,0,0,0,0,0,1,0,0,0,0,0,0,0,0,0,0,0,0,0,0,0,0,0,0,0,0,0,0,0,8,1,3,7,51,0,1,15,2,6
1260.ps1,1,2747,1,2746.0,2746,0,0,20,20,15,15,50,50,7,358,5,14,0,0,7,0,0,0,0,0,0,50,0,0,0,0,0,0,0,0,0,0,0,0,0,0,0,0,0,0,0,0,0,0,0,0,0,0,0,0,0,0,0,0,0,0,0,0,0,0,0,0,0,0,0,0,0,0,0,1,0,0,0,0,0,0,0,0,0,0,0,0,1,0,0,0,0,0,0,0,0,0,0,6,1,0,6,51,0,0,6,4,5
1268.ps1,1,3161,1,3160.0,3160,0,1,21,21,19,19,78,78,8,424,7,14,0,0,7,0,0,0,0,0,1,78,0,0,0,0,0,0,0,0,0,0,0,0,0,0,0,0,0,0,0,0,0,0,0,0,0,0,0,0,0,0,0,0,0,0,0,0,0,0,0,0,0,0,0,0,0,0,0,1,0,0,0,0,0,0,0,0,0,0,0,0,0,0,0,0,0,0,0,0,0,0,0,9,1,0,7,78,0,1,9,5,6
1259.ps1,1,2756,1,2755.0,2755,0,0,20,20,13,13,50,50,9,360,3,14,2,0,7,0,0,0,0,0,0,53,0,0,0,0,0,0,0,0,0,0,0,0,0,0,0,0,0,0,0,0,0,0,0,0,0,0,0,0,0,0,0,0,0,0,0,0,0,0,0,0,0,0,0,0,0,0,0,1,0,0,0,0,0,0,0,0,0,0,0,0,0,0,0,0,0,0,0,0,0,0,0,5,2,0,6,55,0,0,3,5,5
126.ps1,1,1365,1,1364.0,1364,1,1,14,14,23,23,85,85,24,89,9,10,0,5,8,0,2,0,0,0,1,88,0,0,0,0,0,0,0,0,0,0,0,0,0,0,0,0,0,0,0,0,0,0,0,0,0,0,0,0,0,0,0,0,0,0,0,0,0,0,0,0,0,0,0,0,0,0,0,1,0,0,0,0,0,0,0,0,0,0,0,0,0,1,0,0,0,0,0,0,0,0,0,13,1,0,9,88,0,1,14,6,8
1265.ps1,1,2957,1,2956.0,2956,0,2,23,23,20,20,73,73,11,381,7,10,0,0,7,0,0,0,0,0,2,74,0,0,0,0,0,0,0,0,0,0,0,0,0,0,0,0,0,0,0,0,0,0,0,0,0,0,0,0,0,0,0,0,0,0,0,0,0,0,0,0,0,0,0,0,0,0,0,1,0,0,0,0,0,0,0,0,0,0,0,0,0,0,0,0,0,0,0,0,0,0,0,5,1,3,6,77,0,2,9,1,5
1270.ps1,1,2770,1,2769.0,2769,0,1,20,20,16,16,50,50,8,360,5,14,0,0,7,0,0,0,0,0,1,51,0,0,0,0,0,0,0,0,0,0,0,0,0,0,0,0,0,0,0,0,0,0,0,0,0,0,0,0,0,0,0,0,0,0,0,0,0,0,0,0,0,0,0,0,0,0,0,1,0,0,0,0,0,0,0,0,0,0,0,0,0,0,0,0,0,0,0,0,0,0,0,7,1,0,6,51,0,1,6,5,5
1251.ps1,1,3018,1,3017.0,3017,0,0,20,20,15,15,76,76,7,402,5,14,0,0,7,0,0,0,0,0,0,76,0,0,0,0,0,0,0,0,0,0,0,0,0,0,0,0,0,0,0,0,0,0,0,0,0,0,0,0,0,0,0,0,0,0,0,0,0,0,0,0,0,0,0,0,0,0,0,1,0,0,0,0,0,0,0,0,0,0,0,0,1,0,0,0,0,0,0,0,0,0,0,6,1,0,6,77,0,0,6,4,5
1287.ps1,1,693,1,692.0,692,0,2,12,12,8,8,51,51,13,57,2,4,0,4,0,0,0,0,0,0,1,58,0,0,0,0,0,0,0,0,0,0,0,0,0,0,0,0,0,0,0,0,0,0,0,0,0,0,0,0,0,0,0,0,0,0,0,0,0,0,0,0,0,0,0,0,0,0,0,1,0,0,0,0,0,0,0,0,0,0,0,0,0,0,0,0,0,0,0,0,0,0,0,4,1,4,6,62,0,1,7,2,5
1273.ps1,1,753,1,753.0,753,0,0,7,7,5,5,78,78,7,68,0,8,2,3,1,0,0,0,1,0,0,68,0,0,0,0,0,0,0,0,0,0,0,0,0,0,0,0,0,0,0,0,0,0,0,0,0,0,0,0,0,0,0,0,0,0,0,0,0,0,0,0,0,0,0,0,0,0,0,2,0,0,0,0,0,0,0,0,0,0,0,0,0,0,0,0,0,0,0,0,0,0,0,3,2,0,7,70,0,0,3,3,6
1288.ps1,1,535,1,534.0,534,1,1,8,8,5,5,32,32,9,38,0,9,0,5,0,0,0,0,0,0,1,38,0,0,0,0,0,0,0,0,0,0,0,0,0,0,0,0,0,0,0,0,0,0,0,0,0,0,0,0,0,0,0,0,0,0,0,0,0,0,0,0,0,0,0,0,0,0,0,1,0,0,0,0,0,0,0,0,0,0,0,0,0,0,0,0,0,0,0,0,0,0,0,6,1,0,6,38,0,1,4,6,5
1292.ps1,1,2828,1,2827.0,2827,0,1,23,23,17,17,51,51,11,370,5,11,2,0,7,0,0,0,1,0,0,54,0,0,0,0,0,0,0,0,0,0,0,0,0,0,0,0,0,0,0,0,0,0,0,0,0,0,0,0,0,0,0,0,0,0,0,0,0,0,0,0,0,0,0,0,0,0,0,1,0,0,0,0,0,0,0,0,0,0,0,0,0,0,0,0,0,0,0,0,0,0,0,4,2,3,6,59,0,0,7,2,5
1278.ps1,1,2948,1,2947.0,2947,0,0,23,23,21,21,73,73,10,381,7,10,0,0,7,0,0,0,0,0,0,72,0,0,0,0,0,0,0,0,0,0,0,0,0,0,0,0,0,0,0,0,0,0,0,0,0,0,0,0,0,0,0,0,0,0,0,0,0,0,0,0,0,0,0,0,0,0,0,1,0,0,0,0,0,0,0,0,0,0,0,0,0,1,0,0,0,0,0,0,0,0,0,5,1,3,6,76,0,0,12,1,5
1289.ps1,1,2995,1,2994.0,2994,0,0,20,20,18,18,54,54,7,405,7,13,0,0,7,0,0,0,0,0,0,53,0,0,0,0,0,0,0,0,0,0,0,0,0,0,0,0,0,0,0,0,0,0,0,0,0,0,0,0,0,0,0,0,0,0,0,0,0,0,0,0,0,0,0,0,0,0,0,1,0,0,0,0,0,0,0,0,0,0,0,0,0,1,0,0,0,0,0,0,0,0,0,8,1,0,6,54,0,0,9,4,5
1290.ps1,1,2863,1,2862.0,2862,0,2,25,25,20,20,51,51,12,369,8,11,0,0,7,0,0,0,0,0,1,53,0,0,0,0,0,0,0,0,0,0,0,0,0,0,0,0,0,0,0,0,0,0,0,0,0,0,0,0,0,0,0,0,0,0,0,0,0,0,0,0,0,0,0,0,0,0,0,1,0,0,0,0,0,0,0,0,0,0,0,0,0,0,0,0,0,0,0,0,0,0,0,7,1,4,7,57,0,1,10,2,6
130.ps1,1,2901,1,2900.0,2900,0,2,22,22,20,20,52,52,7,378,9,13,0,0,7,0,0,0,1,0,2,52,0,0,0,0,0,0,0,0,0,0,0,0,0,0,0,0,0,0,0,0,0,0,0,0,0,0,0,0,0,0,0,0,0,0,0,0,0,0,0,0,0,0,0,0,0,0,0,1,0,0,0,0,0,0,0,0,0,0,0,0,0,0,0,0,0,0,0,0,0,0,0,10,1,0,8,52,0,2,9,4,7
1294.ps1,1,2832,1,2831.0,2831,0,2,23,23,20,20,51,51,11,368,7,10,0,0,7,0,0,0,0,0,2,52,0,0,0,0,0,0,0,0,0,0,0,0,0,0,0,0,0,0,0,0,0,0,0,0,0,0,0,0,0,0,0,0,0,0,0,0,0,0,0,0,0,0,0,0,0,0,0,1,0,0,0,0,0,0,0,0,0,0,0,0,0,0,0,0,0,0,0,0,0,0,0,5,1,3,6,55,0,2,9,1,5
1297.ps1,1,643,1,642.0,642,0,2,12,12,16,16,36,36,12,40,6,3,0,5,0,0,0,0,0,0,2,40,0,0,0,0,0,0,0,0,0,0,0,0,0,0,0,0,0,0,0,0,0,0,0,0,0,0,0,0,0,0,0,0,0,0,0,0,0,0,0,0,0,0,0,0,0,0,0,1,0,0,0,0,0,0,0,0,0,0,0,0,0,0,0,0,0,0,0,0,0,0,0,7,1,4,6,44,0,2,14,1,5
1302.ps1,1,3065,1,3064.0,3064,0,1,22,22,16,16,76,76,8,403,6,14,0,0,7,0,0,0,1,0,1,78,0,0,0,0,0,0,0,0,0,0,0,0,0,0,0,0,0,0,0,0,0,0,0,0,0,0,0,0,0,0,0,0,0,0,0,0,0,0,0,0,0,0,0,0,0,0,0,1,0,0,0,0,0,0,0,0,0,0,0,0,0,0,0,0,0,0,0,0,0,0,0,8,1,1,7,79,0,1,6,5,6
1312.ps1,1,2774,1,2773.0,2773,0,2,21,21,17,17,50,50,8,358,7,13,0,0,7,0,0,0,0,0,2,51,0,0,0,0,0,0,0,0,0,0,0,0,0,0,0,0,0,0,0,0,0,0,0,0,0,0,0,0,0,0,0,0,0,0,0,0,0,0,0,0,0,0,0,0,0,0,0,1,0,0,0,0,0,0,0,0,0,0,0,0,0,0,0,0,0,0,0,0,0,0,0,8,1,0,7,51,0,2,6,4,6
1303.ps1,1,2799,1,2798.0,2798,0,1,22,22,19,19,50,50,7,360,7,14,0,0,7,0,0,0,1,0,1,50,0,0,0,0,0,0,0,0,0,0,0,0,0,0,0,0,0,0,0,0,0,0,0,0,0,0,0,0,0,0,0,0,0,0,0,0,0,0,0,0,0,0,0,0,0,0,0,1,0,0,0,0,0,0,0,0,0,0,0,0,0,0,0,0,0,0,0,0,0,0,0,9,1,0,8,50,0,1,9,5,7
1307.ps1,1,2777,1,2776.0,2776,0,0,22,22,16,16,50,50,11,360,3,11,2,0,7,0,0,0,1,0,0,53,0,0,0,0,0,0,0,0,0,0,0,0,0,0,0,0,0,0,0,0,0,0,0,0,0,0,0,0,0,0,0,0,0,0,0,0,0,0,0,0,0,0,0,0,0,0,0,1,0,0,0,0,0,0,0,0,0,0,0,0,0,0,0,0,0,0,0,0,0,0,0,2,2,3,5,58,0,0,6,2,4
1314.ps1,1,2880,1,2879.0,2879,0,1,21,21,16,16,52,52,9,379,6,14,0,0,7,0,0,0,0,0,1,54,0,0,0,0,0,0,0,0,0,0,0,0,0,0,0,0,0,0,0,0,0,0,0,0,0,0,0,0,0,0,0,0,0,0,0,0,0,0,0,0,0,0,0,0,0,0,0,1,0,0,0,0,0,0,0,0,0,0,0,0,0,0,0,0,0,0,0,0,0,0,0,8,1,1,6,55,0,1,6,5,5
1304.ps1,1,3403,1,3402.0,3402,0,1,22,22,17,17,87,87,12,414,4,17,0,0,11,0,0,0,3,0,1,88,0,0,0,0,0,0,0,0,0,0,0,0,0,0,0,0,0,0,0,0,0,0,0,0,0,0,0,0,0,0,0,0,0,0,0,0,0,0,0,0,0,0,0,0,0,0,0,1,0,0,0,0,0,0,0,0,0,0,0,0,0,2,0,0,0,0,0,0,0,0,0,6,1,0,5,88,0,1,4,6,4
1315.ps1,1,7017,1,7017.0,7017,0,2,28,28,21,21,169,169,48,1348,9,19,1,0,16,0,0,0,0,0,2,171,0,0,0,0,0,0,0,0,0,0,0,1,0,0,0,0,0,0,0,0,0,0,0,1,0,0,0,0,0,0,0,0,0,0,0,0,0,0,0,0,0,0,0,0,0,0,0,1,0,0,0,0,0,1,0,0,0,0,0,0,0,0,0,0,0,0,0,0,0,4,0,13,1,0,9,171,0,2,13,5,8
1319.ps1,1,2940,1,2939.0,2939,0,2,23,23,20,20,73,73,10,381,7,10,0,0,7,0,0,0,1,0,2,74,0,0,0,0,0,0,0,0,0,0,0,0,0,0,0,0,0,0,0,0,0,0,0,0,0,0,0,0,0,0,0,0,0,0,0,0,0,0,0,0,0,0,0,0,0,0,0,1,0,0,0,0,0,0,0,0,0,0,0,0,0,0,0,0,0,0,0,0,0,0,0,5,1,3,6,77,0,2,9,1,5
1308.ps1,1,3213,1,3212.0,3212,0,3,24,24,21,21,79,79,11,430,9,10,0,0,7,0,0,0,0,0,2,80,0,0,0,0,0,0,0,0,0,0,0,0,0,0,0,0,0,0,0,0,0,0,0,0,0,0,0,0,0,0,0,0,0,0,0,0,0,0,0,0,0,0,0,0,0,0,0,1,0,0,0,0,0,0,0,0,0,0,0,0,0,0,0,0,0,0,0,0,0,0,0,7,1,3,7,83,0,2,10,1,6
1318.ps1,1,2790,1,2789.0,2789,0,0,23,23,19,19,50,50,12,360,5,11,2,0,7,0,0,0,0,0,0,52,0,0,0,0,0,0,0,0,0,0,0,0,0,0,0,0,0,0,0,0,0,0,0,0,0,0,0,0,0,0,0,0,0,0,0,0,0,0,0,0,0,0,0,0,0,0,0,1,0,0,0,0,0,0,0,0,0,0,0,0,0,0,0,0,0,0,0,0,0,0,0,4,2,3,6,57,0,0,9,2,5
1317.ps1,1,2923,1,2922.0,2922,0,1,20,20,16,16,73,73,7,383,5,14,0,0,7,0,0,0,1,0,1,74,0,0,0,0,0,0,0,0,0,0,0,0,0,0,0,0,0,0,0,0,0,0,0,0,0,0,0,0,0,0,0,0,0,0,0,0,0,0,0,0,0,0,0,0,0,0,0,1,0,0,0,0,0,0,0,0,0,0,0,0,0,0,0,0,0,0,0,0,0,0,0,7,1,0,6,74,0,1,6,5,5
1322.ps1,1,502,1,501.0,501,0,0,7,7,4,4,50,50,6,43,0,5,0,4,0,0,0,0,0,0,0,41,0,0,0,0,0,0,0,0,0,0,0,0,0,0,0,0,0,0,0,0,0,0,0,0,0,0,0,0,0,0,0,0,0,0,0,0,0,0,0,0,0,0,0,0,0,0,0,2,0,0,0,0,0,0,0,0,0,0,0,0,1,0,0,0,0,0,0,0,0,0,0,2,1,0,5,42,0,0,4,2,4
132.ps1,1,3299,1,3298.0,3298,0,2,22,22,23,23,81,81,8,441,11,13,0,0,7,0,0,0,0,0,2,80,0,0,0,0,0,0,0,0,0,0,0,0,0,0,0,0,0,0,0,0,0,0,0,0,0,0,0,0,0,0,0,0,0,0,0,0,0,0,0,0,0,0,0,0,0,0,0,1,0,0,0,0,0,0,0,0,0,0,0,0,0,0,0,0,0,0,0,0,0,0,0,12,1,0,8,80,0,2,12,4,7
133.ps1,1,623,1,622.0,622,0,1,12,12,12,12,41,41,12,45,4,3,0,3,0,0,0,0,0,0,0,45,0,0,0,0,0,0,0,0,0,0,0,0,0,0,0,0,0,0,0,0,0,0,0,0,0,0,0,0,0,0,0,0,0,0,0,0,0,0,0,0,0,0,0,0,0,0,0,1,0,0,0,0,0,0,0,0,0,0,0,0,0,1,0,0,0,0,0,0,0,0,0,5,1,4,6,50,0,0,12,1,5
1329.ps1,1,582,1,581.0,581,0,2,12,12,10,10,30,30,13,35,3,4,0,4,0,0,0,0,1,0,1,37,0,0,0,0,0,0,0,0,0,0,0,0,0,0,0,0,0,0,0,0,0,0,0,0,0,0,0,0,0,0,0,0,0,0,0,0,0,0,0,0,0,0,0,0,0,0,0,1,0,0,0,0,0,0,0,0,0,0,0,0,0,0,0,0,0,0,0,0,0,0,0,5,1,5,5,42,0,1,9,2,4
1330.ps1,1,2784,1,2783.0,2783,0,0,20,20,15,15,51,51,7,368,5,13,0,0,7,0,0,0,0,0,0,51,0,0,0,0,0,0,0,0,0,0,0,0,0,0,0,0,0,0,0,0,0,0,0,0,0,0,0,0,0,0,0,0,0,0,0,0,0,0,0,0,0,0,0,0,0,0,0,1,0,0,0,0,0,0,0,0,0,0,0,0,0,1,0,0,0,0,0,0,0,0,0,6,1,0,6,52,0,0,6,4,5
1324.ps1,1,914,1,913.0,913,0,2,8,8,13,13,73,73,11,73,6,6,0,3,2,0,0,0,0,0,2,74,0,0,0,0,0,0,0,0,0,0,0,0,0,0,0,0,0,0,0,0,0,0,0,0,0,0,0,0,0,0,0,0,0,0,0,0,0,0,0,0,0,0,0,0,0,0,0,1,0,0,0,0,0,0,0,0,0,0,0,0,0,1,0,0,0,0,0,0,0,0,0,9,1,0,7,74,0,2,8,3,6
1328.ps1,1,2877,1,2876.0,2876,0,2,20,20,17,17,52,52,8,378,7,13,0,0,7,0,0,0,0,0,2,53,0,0,0,0,0,0,0,0,0,0,0,0,0,0,0,0,0,0,0,0,0,0,0,0,0,0,0,0,0,0,0,0,0,0,0,0,0,0,0,0,0,0,0,0,0,0,0,1,0,0,0,0,0,0,0,0,0,0,0,0,0,0,0,0,0,0,0,0,0,0,0,8,1,0,6,53,0,2,6,4,5
134.ps1,1,2860,1,2859.0,2859,0,2,21,21,17,17,52,52,10,378,5,10,0,0,7,0,0,0,1,0,2,54,0,0,0,0,0,0,0,0,0,0,0,0,0,0,0,0,0,0,0,0,0,0,0,0,0,0,0,0,0,0,0,0,0,0,0,0,0,0,0,0,0,0,0,0,0,0,0,1,0,0,0,0,0,0,0,0,0,0,0,0,0,0,0,0,0,0,0,0,0,0,0,3,1,3,4,57,0,2,6,1,3
1320.ps1,1,2899,1,2898.0,2898,0,1,19,19,13,13,73,73,7,383,3,14,0,0,7,0,0,0,1,0,1,75,0,0,0,0,0,0,0,0,0,0,0,0,0,0,0,0,0,0,0,0,0,0,0,0,0,0,0,0,0,0,0,0,0,0,0,0,0,0,0,0,0,0,0,0,0,0,0,1,0,0,0,0,0,0,0,0,0,0,0,0,0,0,0,0,0,0,0,0,0,0,0,5,1,0,5,75,0,1,3,5,4
1321.ps1,1,2911,1,2910.0,2910,0,3,23,23,21,21,52,52,10,378,9,10,0,0,7,0,0,0,1,0,2,53,0,0,0,0,0,0,0,0,0,0,0,0,0,0,0,0,0,0,0,0,0,0,0,0,0,0,0,0,0,0,0,0,0,0,0,0,0,0,0,0,0,0,0,0,0,0,0,1,0,0,0,0,0,0,0,0,0,0,0,0,0,0,0,0,0,0,0,0,0,0,0,7,1,3,6,56,0,2,10,1,5
1338.ps1,1,2801,1,2800.0,2800,0,2,23,23,23,23,50,50,11,358,9,10,0,0,7,0,0,0,0,0,2,50,0,0,0,0,0,0,0,0,0,0,0,0,0,0,0,0,0,0,0,0,0,0,0,0,0,0,0,0,0,0,0,0,0,0,0,0,0,0,0,0,0,0,0,0,0,0,0,1,0,0,0,0,0,0,0,0,0,0,0,0,0,0,0,0,0,0,0,0,0,0,0,7,1,3,6,53,0,2,12,1,5
1337.ps1,1,2754,1,2753.0,2753,0,0,21,21,16,16,50,50,8,357,5,15,2,0,7,0,0,0,1,0,0,52,0,0,0,0,0,0,0,0,0,0,0,0,0,0,0,0,0,0,0,0,0,0,0,0,0,0,0,0,0,0,0,0,0,0,0,0,0,0,0,0,0,0,0,0,0,0,0,1,0,0,0,0,0,0,0,0,0,0,0,0,0,0,0,0,0,0,0,0,0,0,0,7,2,0,7,54,0,0,6,5,6
1345.ps1,1,453,1,452.0,452,0,1,7,7,3,3,39,39,7,34,1,5,0,3,1,0,0,0,0,0,1,33,0,0,0,0,0,0,0,0,0,0,0,0,0,0,0,0,0,0,0,0,0,0,0,0,0,0,0,0,0,0,0,0,0,0,0,0,0,0,0,0,0,0,0,0,0,0,0,2,0,0,0,0,0,0,0,0,0,0,0,0,0,0,0,0,0,0,0,0,0,0,0,3,1,0,5,33,0,1,2,3,4
1343.ps1,1,336,1,335.0,335,0,0,6,6,1,1,27,27,6,27,0,4,0,3,0,0,0,0,0,0,0,29,0,0,0,0,0,0,0,0,0,0,0,0,0,0,0,0,0,0,0,0,0,0,0,0,0,0,0,0,0,0,0,0,0,0,0,0,0,0,0,0,0,0,0,0,0,0,0,1,0,0,0,0,0,0,0,0,0,0,0,0,1,0,0,0,0,0,0,0,0,0,0,2,1,0,5,30,0,0,1,2,4
1332.ps1,1,633,1,632.0,632,0,2,12,12,16,16,37,37,12,41,6,3,0,3,0,0,0,0,1,0,2,41,0,0,0,0,0,0,0,0,0,0,0,0,0,0,0,0,0,0,0,0,0,0,0,0,0,0,0,0,0,0,0,0,0,0,0,0,0,0,0,0,0,0,0,0,0,0,0,1,0,0,0,0,0,0,0,0,0,0,0,0,0,0,0,0,0,0,0,0,0,0,0,7,1,4,6,45,0,2,14,1,5
1342.ps1,1,1614,1,1613.0,1613,1,1,14,13,20,19,120,120,24,124,6,11,0,6,8,1,2,1,1,0,1,122,0,0,0,0,0,0,0,0,0,0,0,0,0,0,0,0,0,0,0,0,0,0,0,0,0,0,0,0,0,0,0,0,0,0,0,0,0,0,0,0,0,0,0,0,0,0,0,1,0,0,0,0,0,0,0,0,0,0,0,0,0,1,0,0,0,0,0,0,0,0,0,10,1,0,8,122,0,1,10,6,7
1366.ps1,1,2873,1,2872.0,2872,0,2,20,20,17,17,52,52,7,378,7,13,0,0,7,0,0,0,1,0,2,53,0,0,0,0,0,0,0,0,0,0,0,0,0,0,0,0,0,0,0,0,0,0,0,0,0,0,0,0,0,0,0,0,0,0,0,0,0,0,0,0,0,0,0,0,0,0,0,1,0,0,0,0,0,0,0,0,0,0,0,0,0,0,0,0,0,0,0,0,0,0,0,8,1,0,6,53,0,2,6,4,5
1352.ps1,1,3092,1,3091.0,3091,0,1,26,26,23,23,76,76,11,404,9,11,2,0,7,0,0,0,1,0,0,77,0,0,0,0,0,0,0,0,0,0,0,0,0,0,0,0,0,0,0,0,0,0,0,0,0,0,0,0,0,0,0,0,0,0,0,0,0,0,0,0,0,0,0,0,0,0,0,1,0,0,0,0,0,0,0,0,0,0,0,0,0,0,0,0,0,0,0,0,0,0,0,8,2,3,9,82,0,0,13,2,8
1357.ps1,1,2954,1,2953.0,2953,0,3,24,24,21,21,73,73,11,381,9,10,0,0,7,0,0,0,0,0,2,74,0,0,0,0,0,0,0,0,0,0,0,0,0,0,0,0,0,0,0,0,0,0,0,0,0,0,0,0,0,0,0,0,0,0,0,0,0,0,0,0,0,0,0,0,0,0,0,1,0,0,0,0,0,0,0,0,0,0,0,0,0,0,0,0,0,0,0,0,0,0,0,7,1,3,7,77,0,2,10,1,6
1349.ps1,1,648,1,647.0,647,0,0,10,10,11,11,46,46,13,50,2,3,0,3,0,0,0,0,0,0,0,50,0,0,0,0,0,0,0,0,0,0,0,0,0,0,0,0,0,0,0,0,0,0,0,0,0,0,0,0,0,0,0,0,0,0,0,0,0,0,0,0,0,0,0,0,0,0,0,1,0,0,0,0,0,0,0,0,0,0,0,0,0,1,0,0,0,0,0,0,0,0,0,3,1,4,4,55,0,0,11,1,3
1375.ps1,1,3068,1,3067.0,3067,0,0,15,15,14,14,75,75,21,79,34,13,2,28,13,0,0,0,1,0,0,77,0,0,0,0,0,0,0,0,0,0,0,0,0,0,0,0,0,0,0,0,0,0,0,0,0,0,0,0,0,0,0,0,3,0,0,0,0,0,0,0,0,0,0,0,0,0,0,1,0,0,0,0,0,1,0,0,0,0,0,0,0,0,0,0,0,0,0,0,0,3,0,9,2,0,8,79,0,0,9,5,7
1365.ps1,1,3352,1,3351.0,3351,0,3,28,28,26,26,84,84,17,391,10,12,0,0,11,0,0,0,2,0,2,84,0,0,0,0,0,0,0,0,0,0,0,0,0,0,0,0,0,0,0,0,0,0,0,0,0,0,0,0,0,0,0,0,0,0,0,0,0,0,0,0,0,0,0,0,0,0,0,1,0,0,0,1,0,0,0,0,0,0,0,0,0,2,0,0,0,0,0,0,0,0,0,7,1,4,7,88,0,2,12,1,6
1359.ps1,1,2760,1,2759.0,2759,0,1,21,21,16,16,50,50,7,360,5,14,0,0,7,0,0,0,1,0,1,51,0,0,0,0,0,0,0,0,0,0,0,0,0,0,0,0,0,0,0,0,0,0,0,0,0,0,0,0,0,0,0,0,0,0,0,0,0,0,0,0,0,0,0,0,0,0,0,1,0,0,0,0,0,0,0,0,0,0,0,0,0,0,0,0,0,0,0,0,0,0,0,7,1,0,7,51,0,1,6,5,6
1361.ps1,1,1027,1,1027.0,1027,0,0,5,5,5,5,78,78,5,79,2,4,1,10,0,0,0,0,0,0,0,80,0,0,0,0,0,0,0,0,0,0,0,0,0,0,0,0,0,0,0,0,0,0,0,0,0,0,0,0,0,0,0,0,0,0,0,0,0,0,0,0,0,0,0,0,0,0,0,1,0,0,0,0,0,0,0,0,0,0,0,0,0,1,0,0,0,0,0,0,0,0,0,5,1,0,6,81,0,0,5,3,5
1396.ps1,1,2730,1,2729.0,2729,0,0,22,22,21,21,49,49,7,348,9,13,0,0,7,0,0,0,0,0,0,47,0,0,0,0,0,0,0,0,0,0,0,0,0,0,0,0,0,0,0,0,0,0,0,0,0,0,0,0,0,0,0,0,0,0,0,0,0,0,0,0,0,0,0,0,0,0,0,1,0,0,0,0,0,0,0,0,0,0,0,0,0,1,0,0,0,0,0,0,0,0,0,10,1,0,8,48,0,0,12,4,7
1399.ps1,1,490,1,489.0,489,0,1,9,9,4,4,45,45,8,39,2,5,0,4,1,0,0,0,0,0,1,40,0,0,0,0,0,0,0,0,0,0,0,0,0,0,0,0,0,0,0,0,0,0,0,0,0,0,0,0,0,0,0,0,0,0,0,0,0,0,0,0,0,0,0,0,0,0,0,2,0,0,0,0,0,0,0,0,0,0,0,0,0,0,0,0,0,0,0,0,0,0,0,4,1,0,7,40,0,1,3,3,6
1380.ps1,1,2898,1,2897.0,2897,0,2,21,21,20,20,52,52,7,378,9,13,0,0,7,0,0,0,1,0,2,52,0,0,0,0,0,0,0,0,0,0,0,0,0,0,0,0,0,0,0,0,0,0,0,0,0,0,0,0,0,0,0,0,0,0,0,0,0,0,0,0,0,0,0,0,0,0,0,1,0,0,0,0,0,0,0,0,0,0,0,0,0,0,0,0,0,0,0,0,0,0,0,10,1,0,7,52,0,2,9,4,6
1402.ps1,1,3070,1,3069.0,3069,0,0,23,23,21,21,76,76,10,402,7,11,0,0,7,0,0,0,0,0,0,75,0,0,0,0,0,0,0,0,0,0,0,0,0,0,0,0,0,0,0,0,0,0,0,0,0,0,0,0,0,0,0,0,0,0,0,0,0,0,0,0,0,0,0,0,0,0,0,1,0,0,0,0,0,0,0,0,0,0,0,0,1,0,0,0,0,0,0,0,0,0,0,5,1,3,6,79,0,0,12,1,5
1385.ps1,1,2940,1,2939.0,2939,0,1,21,21,16,16,73,73,8,382,6,14,0,0,7,0,0,0,1,0,1,75,0,0,0,0,0,0,0,0,0,0,0,0,0,0,0,0,0,0,0,0,0,0,0,0,0,0,0,0,0,0,0,0,0,0,0,0,0,0,0,0,0,0,0,0,0,0,0,1,0,0,0,0,0,0,0,0,0,0,0,0,0,0,0,0,0,0,0,0,0,0,0,8,1,1,6,76,0,1,6,5,5
139.ps1,1,399,1,398.0,398,0,2,6,6,4,4,23,23,9,25,2,5,0,4,0,0,0,0,0,0,2,27,0,0,0,0,0,0,0,0,0,0,0,0,0,0,0,0,0,0,0,0,0,0,0,0,0,0,0,0,0,0,0,0,0,0,0,0,0,0,0,0,0,0,0,0,0,0,0,1,0,0,0,0,0,0,0,0,0,0,0,0,0,0,0,0,0,0,0,0,0,0,0,5,1,0,5,27,0,2,2,3,4
1407.ps1,1,2880,1,2879.0,2879,0,0,21,21,16,16,52,52,8,380,5,14,2,0,7,0,0,0,1,0,0,54,0,0,0,0,0,0,0,0,0,0,0,0,0,0,0,0,0,0,0,0,0,0,0,0,0,0,0,0,0,0,0,0,0,0,0,0,0,0,0,0,0,0,0,0,0,0,0,1,0,0,0,0,0,0,0,0,0,0,0,0,0,0,0,0,0,0,0,0,0,0,0,7,2,0,7,56,0,0,6,5,6
1388.ps1,1,2932,1,2931.0,2931,0,1,22,22,17,17,72,72,8,381,6,14,0,0,7,0,0,0,0,0,1,74,0,0,0,0,0,0,0,0,0,0,0,0,0,0,0,0,0,0,0,0,0,0,0,0,0,0,0,0,0,0,0,0,0,0,0,0,0,0,0,0,0,0,0,0,0,0,0,1,0,0,0,0,0,0,0,0,0,0,0,0,0,0,0,0,0,0,0,0,0,0,0,8,1,0,8,74,0,1,7,5,7
141.ps1,1,3402,1,3401.0,3401,0,1,23,23,23,23,60,60,7,468,10,14,0,0,7,0,0,0,1,0,1,60,0,0,0,0,0,0,0,0,0,0,0,0,0,0,0,0,0,0,0,0,0,0,0,0,0,0,0,0,0,0,0,0,0,0,0,0,0,0,0,0,0,0,0,0,0,0,0,1,0,0,0,0,0,0,0,0,0,0,0,0,0,0,0,0,0,0,0,0,0,0,0,12,1,0,9,60,0,1,13,5,8
1400.ps1,1,3035,1,3034.0,3034,0,0,22,22,19,19,54,54,9,407,7,15,2,0,7,0,0,0,0,0,0,55,0,0,0,0,0,0,0,0,0,0,0,0,0,0,0,0,0,0,0,0,0,0,0,0,0,0,0,0,0,0,0,0,0,0,0,0,0,0,0,0,0,0,0,0,0,0,0,1,0,0,0,0,0,0,0,0,0,0,0,0,0,0,0,0,0,0,0,0,0,0,0,9,2,0,8,57,0,0,9,5,7
1410.ps1,1,2958,1,2957.0,2957,0,1,23,23,19,19,73,73,11,383,5,11,0,0,7,0,0,0,0,0,1,74,0,0,0,0,0,0,0,0,0,0,0,0,0,0,0,0,0,0,0,0,0,0,0,0,0,0,0,0,0,0,0,0,0,0,0,0,0,0,0,0,0,0,0,0,0,0,0,1,0,0,0,0,0,0,0,0,0,0,0,0,0,0,0,0,0,0,0,0,0,0,0,4,1,3,6,77,0,1,9,2,5
1413.ps1,1,3222,1,3221.0,3221,0,0,22,22,19,19,57,57,8,442,7,15,2,0,7,0,0,0,1,0,0,58,0,0,0,0,0,0,0,0,0,0,0,0,0,0,0,0,0,0,0,0,0,0,0,0,0,0,0,0,0,0,0,0,0,0,0,0,0,0,0,0,0,0,0,0,0,0,0,1,0,0,0,0,0,0,0,0,0,0,0,0,0,0,0,0,0,0,0,0,0,0,0,9,2,0,8,60,0,0,9,5,7
1417.ps1,1,489,1,488.0,488,0,0,8,8,6,6,37,37,9,40,2,4,2,3,0,0,0,0,0,0,0,40,0,0,0,0,0,0,0,0,0,0,0,0,0,0,0,0,0,0,0,0,0,0,0,0,0,0,0,0,0,0,0,0,0,0,0,0,0,0,0,0,0,0,0,0,0,0,0,1,0,0,0,0,0,0,0,0,0,0,0,0,0,0,0,0,0,0,0,0,0,0,0,4,2,1,6,43,0,0,5,2,5
1406.ps1,1,667,1,666.0,666,0,2,13,13,14,14,41,41,13,45,6,3,0,2,0,0,0,0,0,0,2,46,0,0,0,0,0,0,0,0,0,0,0,0,0,0,0,0,0,0,0,0,0,0,0,0,0,0,0,0,0,0,0,0,0,0,0,0,0,0,0,0,0,0,0,0,0,0,0,1,0,0,0,0,0,0,0,0,0,0,0,0,0,0,0,0,0,0,0,0,0,0,0,7,1,4,7,50,0,2,12,1,6
1393.ps1,1,3068,1,3067.0,3067,0,2,22,22,20,20,76,76,8,402,9,13,0,0,7,0,0,0,0,0,2,76,0,0,0,0,0,0,0,0,0,0,0,0,0,0,0,0,0,0,0,0,0,0,0,0,0,0,0,0,0,0,0,0,0,0,0,0,0,0,0,0,0,0,0,0,0,0,0,1,0,0,0,0,0,0,0,0,0,0,0,0,0,0,0,0,0,0,0,0,0,0,0,10,1,0,8,76,0,2,9,4,7
1403.ps1,1,2918,1,2917.0,2917,0,1,23,23,19,19,52,52,8,379,8,14,0,0,7,0,0,0,1,0,1,53,0,0,0,0,0,0,0,0,0,0,0,0,0,0,0,0,0,0,0,0,0,0,0,0,0,0,0,0,0,0,0,0,0,0,0,0,0,0,0,0,0,0,0,0,0,0,0,1,0,0,0,0,0,0,0,0,0,0,0,0,0,0,0,0,0,0,0,0,0,0,0,10,1,1,8,54,0,1,9,5,7
1432.ps1,1,3066,1,3065.0,3065,0,2,22,22,20,20,76,76,8,402,9,13,0,0,7,0,0,0,0,0,2,76,0,0,0,0,0,0,0,0,0,0,0,0,0,0,0,0,0,0,0,0,0,0,0,0,0,0,0,0,0,0,0,0,0,0,0,0,0,0,0,0,0,0,0,0,0,0,0,1,0,0,0,0,0,0,0,0,0,0,0,0,0,0,0,0,0,0,0,0,0,0,0,10,1,0,8,76,0,2,9,4,7
1433.ps1,1,2932,1,2931.0,2931,0,1,21,21,17,17,73,73,8,379,6,14,0,0,7,0,0,0,0,0,1,75,0,0,0,0,0,0,0,0,0,0,0,0,0,0,0,0,0,0,0,0,0,0,0,0,0,0,0,0,0,0,0,0,0,0,0,0,0,0,0,0,0,0,0,0,0,0,0,1,0,0,0,0,0,0,0,0,0,0,0,0,0,0,0,0,0,0,0,0,0,0,0,8,1,0,7,75,0,1,7,5,6
1420.ps1,1,1552,1,1551.0,1551,0,1,19,19,29,28,107,107,26,114,10,8,1,6,7,0,2,0,1,1,1,112,0,0,0,0,0,0,0,0,0,0,0,0,0,0,0,0,0,0,0,0,0,0,0,0,0,0,0,0,0,0,0,0,0,0,0,0,0,0,0,0,0,0,0,0,0,0,0,1,0,0,0,0,0,0,0,0,0,0,0,0,0,1,0,0,0,0,0,0,0,0,0,10,1,6,8,118,0,1,20,2,7
1424.ps1,1,2872,1,2871.0,2871,0,2,22,22,17,17,52,52,11,380,5,11,0,0,7,0,0,0,0,0,1,54,0,0,0,0,0,0,0,0,0,0,0,0,0,0,0,0,0,0,0,0,0,0,0,0,0,0,0,0,0,0,0,0,0,0,0,0,0,0,0,0,0,0,0,0,0,0,0,1,0,0,0,0,0,0,0,0,0,0,0,0,0,0,0,0,0,0,0,0,0,0,0,4,1,3,5,57,0,1,7,2,4
1435.ps1,1,2918,1,2917.0,2917,0,1,24,24,22,22,52,52,11,380,7,11,0,0,7,0,0,0,0,0,1,52,0,0,0,0,0,0,0,0,0,0,0,0,0,0,0,0,0,0,0,0,0,0,0,0,0,0,0,0,0,0,0,0,0,0,0,0,0,0,0,0,0,0,0,0,0,0,0,1,0,0,0,0,0,0,0,0,0,0,0,0,0,0,0,0,0,0,0,0,0,0,0,6,1,3,7,55,0,1,12,2,6
1436.ps1,1,998,1,997.0,997,0,0,14,14,14,14,75,75,11,76,8,13,0,6,2,0,2,0,0,0,0,75,0,0,0,0,0,0,0,0,0,0,0,0,0,0,0,0,0,0,0,0,0,0,0,0,0,0,0,0,0,0,0,0,0,0,0,0,0,0,0,0,0,0,0,0,0,0,0,2,0,0,0,0,0,0,0,0,0,0,0,0,1,0,0,0,0,0,0,1,0,0,0,10,1,0,8,76,0,0,12,4,7
1418.ps1,1,3105,1,3104.0,3104,0,0,21,21,16,16,77,77,9,414,5,15,2,0,7,0,0,0,0,0,0,79,0,0,0,0,0,0,0,0,0,0,0,0,0,0,0,0,0,0,0,0,0,0,0,0,0,0,0,0,0,0,0,0,0,0,0,0,0,0,0,0,0,0,0,0,0,0,0,1,0,0,0,0,0,0,0,0,0,0,0,0,0,0,0,0,0,0,0,0,0,0,0,7,2,0,7,81,0,0,6,5,6
1445.ps1,1,2982,1,2981.0,2981,0,1,24,24,23,23,73,73,11,382,8,11,0,0,7,0,0,0,0,0,1,74,0,0,0,0,0,0,0,0,0,0,0,0,0,0,0,0,0,0,0,0,0,0,0,0,0,0,0,0,0,0,0,0,0,0,0,0,0,0,0,0,0,0,0,0,0,0,0,1,0,0,0,0,0,0,0,0,0,0,0,0,0,0,0,0,0,0,0,0,0,0,0,7,1,3,7,77,0,1,13,2,6
1449.ps1,1,2925,1,2924.0,2924,0,1,23,23,14,14,73,73,11,383,3,11,2,0,7,0,0,0,1,0,0,77,0,0,0,0,0,0,0,0,0,0,0,0,0,0,0,0,0,0,0,0,0,0,0,0,0,0,0,0,0,0,0,0,0,0,0,0,0,0,0,0,0,0,0,0,0,0,0,1,0,0,0,0,0,0,0,0,0,0,0,0,0,0,0,0,0,0,0,0,0,0,0,2,2,3,6,82,0,0,4,2,5
1460.ps1,1,2878,1,2877.0,2877,0,3,22,22,18,18,52,52,11,378,7,10,0,0,7,0,0,0,0,0,2,54,0,0,0,0,0,0,0,0,0,0,0,0,0,0,0,0,0,0,0,0,0,0,0,0,0,0,0,0,0,0,0,0,0,0,0,0,0,0,0,0,0,0,0,0,0,0,0,1,0,0,0,0,0,0,0,0,0,0,0,0,0,0,0,0,0,0,0,0,0,0,0,5,1,3,5,57,0,2,7,1,4
1455.ps1,1,3416,1,3415.0,3415,0,2,26,26,27,27,85,85,13,392,12,21,0,0,12,0,0,0,2,0,2,83,0,0,0,0,0,0,0,0,0,0,0,0,0,0,0,0,0,0,0,0,0,0,0,0,0,0,0,0,0,0,0,0,0,0,0,0,0,0,0,0,0,0,0,0,0,0,0,1,0,0,0,0,0,0,0,0,0,0,0,0,0,2,0,0,0,0,0,0,0,0,0,13,1,0,9,83,0,2,13,5,8
1448.ps1,1,3026,1,3025.0,3025,0,2,23,23,17,17,54,54,12,406,6,11,0,0,7,0,0,0,0,0,1,57,0,0,0,0,0,0,0,0,0,0,0,0,0,0,0,0,0,0,0,0,0,0,0,0,0,0,0,0,0,0,0,0,0,0,0,0,0,0,0,0,0,0,0,0,0,0,0,1,0,0,0,0,0,0,0,0,0,0,0,0,0,0,0,0,0,0,0,0,0,0,0,5,1,4,5,61,0,1,7,2,4
1459.ps1,1,525,1,524.0,524,0,2,8,8,6,6,32,32,9,36,2,7,0,4,0,0,0,0,0,0,2,38,0,0,0,0,0,0,0,0,0,0,0,0,0,0,0,0,0,0,0,0,0,0,0,0,0,0,0,0,0,0,0,0,0,0,0,0,0,0,0,0,0,0,0,0,1,0,0,1,0,0,0,0,0,0,0,0,0,0,0,0,0,0,0,0,0,0,0,0,1,0,0,7,1,0,6,38,0,2,4,5,5
1453.ps1,1,1728,1,1727.0,1727,0,3,19,19,30,29,133,132,27,137,12,5,0,5,7,0,2,1,0,0,2,135,0,0,0,0,0,0,0,0,0,0,0,0,0,0,0,0,0,0,0,0,0,0,0,0,0,0,0,0,0,0,0,0,0,0,0,0,0,0,0,0,0,0,0,0,0,0,0,1,0,0,0,0,0,0,0,0,0,0,0,0,0,1,0,0,0,0,0,0,0,0,0,11,1,5,9,140,0,2,20,1,8
1456.ps1,1,2829,1,2828.0,2828,0,3,24,24,24,24,50,50,10,358,11,10,0,0,7,0,0,0,1,0,2,50,0,0,0,0,0,0,0,0,0,0,0,0,0,0,0,0,0,0,0,0,0,0,0,0,0,0,0,0,0,0,0,0,0,0,0,0,0,0,0,0,0,0,0,0,0,0,0,1,0,0,0,0,0,0,0,0,0,0,0,0,0,0,0,0,0,0,0,0,0,0,0,9,1,3,7,53,0,2,13,1,6
1437.ps1,1,2909,1,2908.0,2908,0,1,20,20,14,14,73,73,8,382,4,14,0,0,7,0,0,0,0,0,1,76,0,0,0,0,0,0,0,0,0,0,0,0,0,0,0,0,0,0,0,0,0,0,0,0,0,0,0,0,0,0,0,0,0,0,0,0,0,0,0,0,0,0,0,0,0,0,0,1,0,0,0,0,0,0,0,0,0,0,0,0,0,0,0,0,0,0,0,0,0,0,0,6,1,0,6,76,0,1,4,5,5
145.ps1,1,2929,1,2928.0,2928,0,3,24,24,24,24,52,52,10,378,11,10,0,0,7,0,0,0,1,0,2,52,0,0,0,0,0,0,0,0,0,0,0,0,0,0,0,0,0,0,0,0,0,0,0,0,0,0,0,0,0,0,0,0,0,0,0,0,0,0,0,0,0,0,0,0,0,0,0,1,0,0,0,0,0,0,0,0,0,0,0,0,0,0,0,0,0,0,0,0,0,0,0,9,1,3,7,55,0,2,13,1,6
1473.ps1,1,2884,1,2883.0,2883,0,2,22,22,17,17,52,52,10,380,5,11,0,0,7,0,0,0,1,0,1,54,0,0,0,0,0,0,0,0,0,0,0,0,0,0,0,0,0,0,0,0,0,0,0,0,0,0,0,0,0,0,0,0,0,0,0,0,0,0,0,0,0,0,0,0,0,0,0,1,0,0,0,0,0,0,0,0,0,0,0,0,0,0,0,0,0,0,0,0,0,0,0,4,1,3,5,57,0,1,7,2,4
1465.ps1,1,3325,1,3324.0,3324,0,3,22,22,18,18,83,83,11,457,7,10,0,0,7,0,0,0,0,0,2,85,0,0,0,0,0,0,0,0,0,0,0,0,0,0,0,0,0,0,0,0,0,0,0,0,0,0,0,0,0,0,0,0,0,0,0,0,0,0,0,0,0,0,0,0,0,0,0,1,0,0,0,0,0,0,0,0,0,0,0,0,0,0,0,0,0,0,0,0,0,0,0,5,1,3,5,88,0,2,7,1,4
1478.ps1,1,368,1,367.0,367,1,1,8,8,5,5,21,21,7,24,2,5,0,3,0,0,0,0,1,0,1,23,0,0,0,0,0,0,0,0,0,0,0,0,0,0,0,0,0,0,0,0,0,0,0,0,0,0,0,0,0,0,0,0,0,0,0,0,0,0,0,0,0,0,0,0,0,0,0,1,0,0,0,0,0,0,0,0,0,0,0,0,0,0,0,0,0,0,0,0,0,0,0,5,1,0,7,23,0,1,4,3,6
1466.ps1,1,3158,1,3157.0,3157,0,1,23,23,17,17,57,57,12,433,5,12,2,0,7,0,0,0,0,0,0,60,0,0,0,0,0,0,0,0,0,0,0,0,0,0,0,0,0,0,0,0,0,0,0,0,0,0,0,0,0,0,0,0,0,0,0,0,0,0,0,0,0,0,0,0,0,0,0,1,0,0,0,0,0,0,0,0,0,0,0,0,0,0,0,0,0,0,0,0,0,0,0,4,2,3,6,65,0,0,7,2,5
1475.ps1,1,3005,1,3004.0,3004,0,2,24,24,20,20,74,74,11,393,7,11,0,0,7,0,0,0,0,0,1,75,0,0,0,0,0,0,0,0,0,0,0,0,0,0,0,0,0,0,0,0,0,0,0,0,0,0,0,0,0,0,0,0,0,0,0,0,0,0,0,0,0,0,0,0,0,0,0,1,0,0,0,0,0,0,0,0,0,0,0,0,0,0,0,0,0,0,0,0,0,0,0,6,1,3,7,78,0,1,10,2,6
147.ps1,1,3256,1,3255.0,3255,0,0,24,24,22,22,60,60,12,385,8,16,0,0,11,0,0,0,2,0,0,58,0,0,0,0,0,0,0,0,0,0,0,0,0,0,0,0,0,0,0,0,0,0,0,0,0,0,0,0,0,0,0,0,0,0,0,0,0,0,0,0,0,0,0,0,0,0,0,1,0,0,0,0,0,0,0,0,0,0,0,0,0,3,0,0,0,0,0,0,0,0,0,9,1,0,7,59,0,0,10,5,6
1481.ps1,1,3086,1,3085.0,3085,0,0,23,23,24,24,76,76,10,402,9,10,0,0,7,0,0,0,0,0,0,74,0,0,0,0,0,0,0,0,0,0,0,0,0,0,0,0,0,0,0,0,0,0,0,0,0,0,0,0,0,0,0,0,0,0,0,0,0,0,0,0,0,0,0,0,0,0,0,1,0,0,0,0,0,0,0,0,0,0,0,0,0,1,0,0,0,0,0,0,0,0,0,7,1,3,6,78,0,0,15,1,5
1479.ps1,1,3085,1,3084.0,3084,0,1,24,24,20,20,76,76,11,403,6,11,0,0,7,0,0,0,0,0,1,78,0,0,0,0,0,0,0,0,0,0,0,0,0,0,0,0,0,0,0,0,0,0,0,0,0,0,0,0,0,0,0,0,0,0,0,0,0,0,0,0,0,0,0,0,0,0,0,1,0,0,0,0,0,0,0,0,0,0,0,0,0,0,0,0,0,0,0,0,0,0,0,5,1,3,7,81,0,1,10,2,6
148.ps1,1,3015,1,3014.0,3014,0,3,22,22,15,15,76,76,11,402,5,10,0,0,7,0,0,0,0,0,2,79,0,0,0,0,0,0,0,0,0,0,0,0,0,0,0,0,0,0,0,0,0,0,0,0,0,0,0,0,0,0,0,0,21,0,0,0,0,0,0,0,0,0,0,0,0,0,0,1,0,0,0,0,0,0,0,0,0,0,0,0,0,0,0,0,0,0,0,0,0,0,0,3,1,3,5,82,0,2,4,1,4
1485.ps1,1,2830,1,2829.0,2829,0,2,24,24,26,26,50,50,10,358,11,10,0,0,7,0,0,0,1,0,2,49,0,0,0,0,0,0,0,0,0,0,0,0,0,0,0,0,0,0,0,0,0,0,0,0,0,0,0,0,0,0,0,0,0,0,0,0,0,0,0,0,0,0,0,0,0,0,0,1,0,0,0,0,0,0,0,0,0,0,0,0,0,0,0,0,0,0,0,0,0,0,0,9,1,3,7,52,0,2,15,1,6
1488.ps1,1,2757,1,2756.0,2756,0,1,23,23,14,14,50,50,12,360,3,12,2,0,7,0,0,0,0,0,0,54,0,0,0,0,0,0,0,0,0,0,0,0,0,0,0,0,0,0,0,0,0,0,0,0,0,0,0,0,0,0,0,0,0,0,0,0,0,0,0,0,0,0,0,0,0,0,0,1,0,0,0,0,0,0,0,0,0,0,0,0,0,0,0,0,0,0,0,0,0,0,0,2,2,3,6,59,0,0,4,2,5
1482.ps1,1,2876,1,2875.0,2875,0,0,23,23,21,21,51,51,8,361,7,15,2,0,8,0,0,0,1,0,0,52,0,0,0,0,0,0,0,0,0,0,0,0,0,0,0,0,0,0,0,0,0,0,0,0,0,0,0,0,0,0,0,0,0,0,0,0,0,0,0,0,0,0,0,0,0,0,0,1,0,0,0,0,0,0,0,0,0,0,0,0,0,0,0,0,0,0,0,0,0,0,0,9,2,0,9,54,0,0,9,5,8
1483.ps1,1,2756,1,2755.0,2755,0,2,20,20,17,17,50,50,7,358,7,13,0,0,7,0,0,0,1,0,2,51,0,0,0,0,0,0,0,0,0,0,0,0,0,0,0,0,0,0,0,0,0,0,0,0,0,0,0,0,0,0,0,0,0,0,0,0,0,0,0,0,0,0,0,0,0,0,0,1,0,0,0,0,0,0,0,0,0,0,0,0,0,0,0,0,0,0,0,0,0,0,0,8,1,0,6,51,0,2,6,4,5
1492.ps1,1,2750,1,2749.0,2749,0,1,22,22,16,16,50,50,10,358,5,11,0,0,7,0,0,0,0,0,0,51,0,0,0,0,0,0,0,0,0,0,0,0,0,0,0,0,0,0,0,0,0,0,0,0,0,0,0,0,0,0,0,0,0,0,0,0,0,0,0,0,0,0,0,0,0,0,0,1,0,0,0,0,0,0,0,0,0,0,0,0,1,0,0,0,0,0,0,0,0,0,0,3,1,3,5,55,0,0,7,1,4
1487.ps1,1,3332,1,3331.0,3331,0,2,28,28,28,28,60,60,16,387,10,13,0,0,11,0,0,0,3,0,1,59,0,0,0,0,0,0,0,0,0,0,0,0,0,0,0,0,0,0,0,0,0,0,0,0,0,0,0,0,0,0,0,0,0,0,0,0,0,0,0,0,0,0,0,0,0,0,0,1,0,0,0,0,0,0,0,0,0,0,0,0,0,2,0,0,0,0,0,0,0,0,0,8,1,4,7,63,0,1,15,2,6
1500.ps1,1,3337,1,3336.0,3336,0,2,27,27,30,30,60,60,13,385,14,16,0,0,11,0,0,0,2,0,2,57,0,0,0,0,0,0,0,0,0,0,0,0,0,0,0,0,0,0,0,0,0,0,0,0,0,0,0,0,0,0,0,0,0,0,0,0,0,0,0,0,0,0,0,0,0,0,0,1,0,0,0,1,0,0,0,0,0,0,0,0,0,2,0,0,0,0,0,0,0,0,0,15,1,0,10,57,0,2,16,5,9
1505.ps1,1,2977,1,2976.0,2976,0,1,25,25,20,20,73,73,11,383,7,11,2,0,7,0,0,0,1,0,0,75,0,0,0,0,0,0,0,0,0,0,0,0,0,0,0,0,0,0,0,0,0,0,0,0,0,0,0,0,0,0,0,0,0,0,0,0,0,0,0,0,0,0,0,0,0,0,0,1,0,0,0,0,0,0,0,0,0,0,0,0,0,0,0,0,0,0,0,0,0,0,0,6,2,3,8,80,0,0,10,2,7
150.ps1,1,3026,1,3025.0,3025,0,0,21,21,13,13,76,76,8,404,3,14,2,0,7,0,0,0,1,0,0,79,0,0,0,0,0,0,0,0,0,0,0,0,0,0,0,0,0,0,0,0,0,0,0,0,0,0,0,0,0,0,0,0,0,0,0,0,0,0,0,0,0,0,0,0,0,0,0,1,0,0,0,0,0,0,0,0,0,0,0,0,0,0,0,0,0,0,0,0,0,0,0,5,2,0,7,81,0,0,3,5,6
1495.ps1,1,2913,1,2912.0,2912,0,1,23,23,14,14,73,73,12,383,3,11,2,0,7,0,0,0,0,0,0,77,0,0,0,0,0,0,0,0,0,0,0,0,0,0,0,0,0,0,0,0,0,0,0,0,0,0,0,0,0,0,0,0,0,0,0,0,0,0,0,0,0,0,0,0,0,0,0,1,0,0,0,0,0,0,0,0,0,0,0,0,0,0,0,0,0,0,0,0,0,0,0,2,2,3,6,82,0,0,4,2,5
1511.ps1,1,3538,1,3537.0,3537,0,2,27,27,30,30,88,88,12,413,14,16,0,0,11,0,0,0,3,0,2,85,0,0,0,0,0,0,0,0,0,0,0,0,0,0,0,0,0,0,0,0,0,0,0,0,0,0,0,0,0,0,0,0,0,0,0,0,0,0,0,0,0,0,0,0,0,0,0,1,0,0,0,0,0,0,0,0,0,0,0,0,0,2,0,0,0,0,0,0,0,0,0,15,1,0,10,85,0,2,16,5,9
1503.ps1,1,2867,1,2866.0,2866,0,0,21,21,16,16,52,52,9,380,5,14,2,0,7,0,0,0,0,0,0,54,0,0,0,0,0,0,0,0,0,0,0,0,0,0,0,0,0,0,0,0,0,0,0,0,0,0,0,0,0,0,0,0,0,0,0,0,0,0,0,0,0,0,0,0,0,0,0,1,0,0,0,0,0,0,0,0,0,0,0,0,0,0,0,0,0,0,0,0,0,0,0,7,2,0,7,56,0,0,6,5,6
1498.ps1,1,3447,1,3446.0,3446,0,2,21,21,17,17,86,86,8,478,7,13,0,0,7,0,0,0,0,0,2,87,0,0,0,0,0,0,0,0,0,0,0,0,0,0,0,0,0,0,0,0,0,0,0,0,0,0,0,0,0,0,0,0,0,0,0,0,0,0,0,0,0,0,0,0,0,0,0,1,0,0,0,0,0,0,0,0,0,0,0,0,0,0,0,0,0,0,0,0,0,0,0,8,1,0,7,87,0,2,6,4,6
1516.ps1,1,591,1,590.0,590,0,1,9,9,7,7,42,42,9,43,3,6,0,3,1,0,0,0,0,0,1,45,0,0,0,0,0,0,0,0,0,0,0,0,0,0,0,0,0,0,0,0,0,0,0,0,0,0,0,0,0,0,0,0,0,0,0,0,0,0,0,0,0,0,0,0,0,0,0,1,0,0,0,0,0,0,0,0,0,0,0,0,0,1,0,0,0,0,0,0,0,0,0,7,1,1,6,46,0,1,5,4,5
1508.ps1,1,2868,1,2867.0,2867,0,0,24,24,22,22,51,51,8,370,9,14,2,0,7,0,0,0,1,0,0,51,0,0,0,0,0,0,0,0,0,0,0,0,0,0,0,0,0,0,0,0,0,0,0,0,0,0,0,0,0,0,0,0,0,0,0,0,0,0,0,0,0,0,0,0,0,0,0,1,0,0,0,0,0,0,0,0,0,0,0,0,0,0,0,0,0,0,0,0,0,0,0,11,2,0,10,53,0,0,12,5,9
152.ps1,1,341,1,341.0,341,0,1,5,5,6,6,32,32,2,27,0,4,0,0,1,0,0,0,0,0,1,24,0,0,0,0,0,0,0,0,0,0,0,0,0,0,0,0,0,0,0,0,0,0,0,0,0,0,0,0,0,0,0,0,0,0,0,0,0,0,0,0,0,0,0,0,0,0,0,3,0,0,0,0,0,0,0,0,0,0,0,0,0,0,0,0,0,0,0,0,0,0,0,3,1,0,6,24,0,1,5,3,5
1507.ps1,1,2878,1,2877.0,2877,0,1,24,24,17,17,52,52,11,380,5,11,2,0,7,0,0,0,1,0,0,55,0,0,0,0,0,0,0,0,0,0,0,0,0,0,0,0,0,0,0,0,0,0,0,0,0,0,0,0,0,0,0,0,0,0,0,0,0,0,0,0,0,0,0,0,0,0,0,1,0,0,0,0,0,0,0,0,0,0,0,0,0,0,0,0,0,0,0,0,0,0,0,4,2,3,7,60,0,0,7,2,6
1529.ps1,1,3101,1,3100.0,3100,0,2,25,25,23,23,76,76,10,404,9,11,0,0,7,0,0,0,1,0,1,76,0,0,0,0,0,0,0,0,0,0,0,0,0,0,0,0,0,0,0,0,0,0,0,0,0,0,0,0,0,0,0,0,0,0,0,0,0,0,0,0,0,0,0,0,0,0,0,1,0,0,0,0,0,0,0,0,0,0,0,0,0,0,0,0,0,0,0,0,0,0,0,8,1,3,8,79,0,1,13,2,7
1512.ps1,1,2868,1,2867.0,2867,0,3,22,22,18,18,52,52,10,378,7,10,0,0,7,0,0,0,1,0,2,54,0,0,0,0,0,0,0,0,0,0,0,0,0,0,0,0,0,0,0,0,0,0,0,0,0,0,0,0,0,0,0,0,0,0,0,0,0,0,0,0,0,0,0,0,0,0,0,1,0,0,0,0,0,0,0,0,0,0,0,0,0,0,0,0,0,0,0,0,0,0,0,5,1,3,5,57,0,2,7,1,4
1545.ps1,1,450,1,449.0,449,1,1,7,7,3,3,43,43,7,38,1,5,0,3,1,0,0,0,0,0,1,37,0,0,0,0,0,0,0,0,0,0,0,0,0,0,0,0,0,0,0,0,0,0,0,0,0,0,0,0,0,0,0,0,0,0,0,0,0,0,0,0,0,0,0,0,0,0,0,2,0,0,0,0,0,0,0,0,0,0,0,0,0,0,0,0,0,0,0,0,0,0,0,3,1,0,5,37,0,1,2,3,4
1520.ps1,1,3160,1,3159.0,3159,0,2,24,24,20,20,77,77,11,423,7,11,0,0,7,0,0,0,0,0,1,78,0,0,0,0,0,0,0,0,0,0,0,0,0,0,0,0,0,0,0,0,0,0,0,0,0,0,0,0,0,0,0,0,0,0,0,0,0,0,0,0,0,0,0,0,0,0,0,1,0,0,0,0,0,0,0,0,0,0,0,0,0,0,0,0,0,0,0,0,0,0,0,6,1,3,7,81,0,1,10,2,6
1541.ps1,1,3202,1,3201.0,3201,0,0,23,23,19,19,78,78,9,431,7,14,2,0,7,0,0,0,0,0,0,79,0,0,0,0,0,0,0,0,0,0,0,0,0,0,0,0,0,0,0,0,0,0,0,0,0,0,0,0,0,0,0,0,0,0,0,0,0,0,0,0,0,0,0,0,0,0,0,1,0,0,0,0,0,0,0,0,0,0,0,0,0,0,0,0,0,0,0,0,0,0,0,9,2,0,9,81,0,0,9,5,8
1538.ps1,1,2889,1,2888.0,2888,0,1,21,21,19,19,52,52,8,380,7,14,0,0,7,0,0,0,0,0,1,52,0,0,0,0,0,0,0,0,0,0,0,0,0,0,0,0,0,0,0,0,0,0,0,0,0,0,0,0,0,0,0,0,0,0,0,0,0,0,0,0,0,0,0,0,0,0,0,1,0,0,0,0,0,0,0,0,0,0,0,0,0,0,0,0,0,0,0,0,0,0,0,9,1,0,7,52,0,1,9,5,6
1535.ps1,1,3182,1,3181.0,3181,0,1,23,23,19,19,79,79,10,430,7,10,0,0,7,0,0,0,0,0,0,79,0,0,0,0,0,0,0,0,0,0,0,0,0,0,0,0,0,0,0,0,0,0,0,0,0,0,0,0,0,0,0,0,0,0,0,0,0,0,0,0,0,0,0,0,0,0,0,1,0,0,0,0,0,0,0,0,0,0,0,0,0,1,0,0,0,0,0,0,0,0,0,5,1,3,6,83,0,0,10,1,5
1522.ps1,1,3038,1,3037.0,3037,0,0,23,23,19,19,54,54,8,407,7,14,2,0,7,0,0,0,1,0,0,55,0,0,0,0,0,0,0,0,0,0,0,0,0,0,0,0,0,0,0,0,0,0,0,0,0,0,0,0,0,0,0,0,0,0,0,0,0,0,0,0,0,0,0,0,0,0,0,1,0,0,0,0,0,0,0,0,0,0,0,0,0,0,0,0,0,0,0,0,0,0,0,9,2,0,9,57,0,0,9,5,8
1539.ps1,1,2763,1,2762.0,2762,0,0,21,21,16,16,50,50,9,360,5,14,2,0,7,0,0,0,0,0,0,52,0,0,0,0,0,0,0,0,0,0,0,0,0,0,0,0,0,0,0,0,0,0,0,0,0,0,0,0,0,0,0,0,0,0,0,0,0,0,0,0,0,0,0,0,0,0,0,1,0,0,0,0,0,0,0,0,0,0,0,0,0,0,0,0,0,0,0,0,0,0,0,7,2,0,7,54,0,0,6,5,6
1542.ps1,1,2790,1,2789.0,2789,0,1,22,22,20,20,49,49,7,358,8,14,0,0,7,0,0,0,1,0,1,50,0,0,0,0,0,0,0,0,0,0,0,0,0,0,0,0,0,0,0,0,0,0,0,0,0,0,0,0,0,0,0,0,0,0,0,0,0,0,0,0,0,0,0,0,0,0,0,1,0,0,0,0,0,0,0,0,0,0,0,0,0,0,0,0,0,0,0,0,0,0,0,10,1,0,8,50,0,1,10,5,7
155.ps1,1,2902,1,2901.0,2901,0,1,23,23,20,20,52,52,10,379,6,11,0,0,7,0,0,0,1,0,1,54,0,0,0,0,0,0,0,0,0,0,0,0,0,0,0,0,0,0,0,0,0,0,0,0,0,0,0,0,0,0,0,0,0,0,0,0,0,0,0,0,0,0,0,0,0,0,0,1,0,0,0,0,0,0,0,0,0,0,0,0,0,0,0,0,0,0,0,0,0,0,0,5,1,3,6,57,0,1,10,2,5
1556.ps1,1,2898,1,2897.0,2897,0,1,20,20,16,16,72,72,7,379,5,14,0,0,7,0,0,0,1,0,1,73,0,0,0,0,0,0,0,0,0,0,0,0,0,0,0,0,0,0,0,0,0,0,0,0,0,0,0,0,0,0,0,0,0,0,0,0,0,0,0,0,0,0,0,0,0,0,0,1,0,0,0,0,0,0,0,0,0,0,0,0,0,0,0,0,0,0,0,0,0,0,0,7,1,0,6,73,0,1,6,5,5
1543.ps1,1,2893,1,2892.0,2892,0,2,19,19,14,14,73,73,8,381,5,13,0,0,7,0,0,0,0,0,2,75,0,0,0,0,0,0,0,0,0,0,0,0,0,0,0,0,0,0,0,0,0,0,0,0,0,0,0,0,0,0,0,0,0,0,0,0,0,0,0,0,0,0,0,0,0,0,0,1,0,0,0,0,0,0,0,0,0,0,0,0,0,0,0,0,0,0,0,0,0,0,0,6,1,0,5,75,0,2,3,4,4
1546.ps1,1,2911,1,2910.0,2910,0,0,21,21,18,18,73,73,10,381,5,10,0,0,7,0,0,0,0,0,0,73,0,0,0,0,0,0,0,0,0,0,0,0,0,0,0,0,0,0,0,0,0,0,0,0,0,0,0,0,0,0,0,0,0,0,0,0,0,0,0,0,0,0,0,0,0,0,0,1,0,0,0,0,0,0,0,0,0,0,0,0,0,1,0,0,0,0,0,0,0,0,0,3,1,3,4,77,0,0,9,1,3
1555.ps1,1,3318,1,3317.0,3317,0,3,27,27,26,26,61,61,16,386,10,12,0,0,11,0,0,0,3,0,2,61,0,0,0,0,0,0,0,0,0,0,0,0,0,0,0,0,0,0,0,0,0,0,0,0,0,0,0,0,0,0,0,0,0,0,0,0,0,0,0,0,0,0,0,0,0,0,0,1,0,0,0,0,0,0,0,0,0,0,0,0,0,2,1,0,0,0,0,0,0,0,0,7,1,4,6,65,0,2,12,1,5
1564.ps1,1,2819,1,2818.0,2818,0,1,23,23,22,22,50,50,10,360,7,11,0,0,7,0,0,0,1,0,1,50,0,0,0,0,0,0,0,0,0,0,0,0,0,0,0,0,0,0,0,0,0,0,0,0,0,0,0,0,0,0,0,0,0,0,0,0,0,0,0,0,0,0,0,0,0,0,0,1,0,0,0,0,0,0,0,0,0,0,0,0,0,0,0,0,0,0,0,0,0,0,0,6,1,3,6,53,0,1,12,2,5
157.ps1,1,2873,1,2872.0,2872,0,2,20,20,17,17,52,52,7,378,7,13,0,0,7,0,0,0,1,0,2,53,0,0,0,0,0,0,0,0,0,0,0,0,0,0,0,0,0,0,0,0,0,0,0,0,0,0,0,0,0,0,0,0,0,0,0,0,0,0,0,0,0,0,0,0,0,0,0,1,0,0,0,0,0,0,0,0,0,0,0,0,0,0,0,0,0,0,0,0,0,0,0,8,1,0,6,53,0,2,6,4,5
1559.ps1,1,3192,1,3191.0,3191,0,0,20,20,18,18,80,80,7,431,7,13,0,0,7,0,0,0,0,0,0,79,0,0,0,0,0,0,0,0,0,0,0,0,0,0,0,0,0,0,0,0,0,0,0,0,0,0,0,0,0,0,0,0,0,0,0,0,0,0,0,0,0,0,0,0,0,0,0,1,0,0,0,0,0,0,0,0,0,0,0,0,0,1,0,0,0,0,0,0,0,0,0,8,1,0,6,80,0,0,9,4,5
1568.ps1,1,3085,1,3084.0,3084,0,2,25,25,20,20,75,75,11,402,8,11,0,0,7,0,0,0,1,0,1,77,0,0,0,0,0,0,0,0,0,0,0,0,0,0,0,0,0,0,0,0,0,0,0,0,0,0,0,0,0,0,0,0,0,0,0,0,0,0,0,0,0,0,0,0,0,0,0,1,0,0,0,0,0,0,0,0,0,0,0,0,0,0,0,0,0,0,0,0,0,0,0,7,1,4,7,81,0,1,10,2,6
1572.ps1,1,2861,1,2860.0,2860,0,3,21,21,15,15,52,52,10,378,5,10,0,0,7,0,0,0,1,0,2,55,0,0,0,0,0,0,0,0,0,0,0,0,0,0,0,0,0,0,0,0,0,0,0,0,0,0,0,0,0,0,0,0,0,0,0,0,0,0,0,0,0,0,0,0,0,0,0,1,0,0,0,0,0,0,0,0,0,0,0,0,0,0,0,0,0,0,0,0,0,0,0,3,1,3,4,58,0,2,4,1,3
1571.ps1,1,2915,1,2914.0,2914,0,1,22,22,16,16,73,73,10,383,3,11,0,0,7,0,0,0,1,0,1,75,0,0,0,0,0,0,0,0,0,0,0,0,0,0,0,0,0,0,0,0,0,0,0,0,0,0,0,0,0,0,0,0,0,0,0,0,0,0,0,0,0,0,0,0,0,0,0,1,0,0,0,0,0,0,0,0,0,0,0,0,0,0,0,0,0,0,0,0,0,0,0,2,1,3,5,78,0,1,6,2,4
1580.ps1,1,2900,1,2899.0,2899,0,3,24,24,21,21,52,52,10,378,9,10,0,0,7,0,0,0,1,0,2,53,0,0,0,0,0,0,0,0,0,0,0,0,0,0,0,0,0,0,0,0,0,0,0,0,0,0,0,0,0,0,0,0,0,0,0,0,0,0,0,0,0,0,0,0,0,0,0,1,0,0,0,0,0,0,0,0,0,0,0,0,0,0,0,0,0,0,0,0,0,0,0,7,1,3,7,56,0,2,10,1,6
1570.ps1,1,2815,1,2814.0,2814,0,1,21,21,16,16,51,51,7,370,5,14,0,0,7,0,0,0,1,0,1,52,0,0,0,0,0,0,0,0,0,0,0,0,0,0,0,0,0,0,0,0,0,0,0,0,0,0,0,0,0,0,0,0,0,0,0,0,0,0,0,0,0,0,0,0,0,0,0,1,0,0,0,0,0,0,0,0,0,0,0,0,0,0,0,0,0,0,0,0,0,0,0,7,1,0,7,52,0,1,6,5,6
1577.ps1,1,2913,1,2912.0,2912,0,0,20,20,18,18,73,73,7,381,7,13,0,0,7,0,0,0,0,0,0,72,0,0,0,0,0,0,0,0,0,0,0,0,0,0,0,0,0,0,0,0,0,0,0,0,0,0,0,0,0,0,0,0,0,0,0,0,0,0,0,0,0,0,0,0,0,0,0,1,0,0,0,0,0,0,0,0,0,0,0,0,0,1,0,0,0,0,0,0,0,0,0,8,1,0,6,73,0,0,9,4,5
1581.ps1,1,2949,1,2948.0,2948,0,2,20,20,14,14,74,74,7,391,5,13,0,0,7,0,0,0,1,0,2,76,0,0,0,0,0,0,0,0,0,0,0,0,0,0,0,0,0,0,0,0,0,0,0,0,0,0,0,0,0,0,0,0,0,0,0,0,0,0,0,0,0,0,0,0,0,0,0,1,0,0,0,0,0,0,0,0,0,0,0,0,0,0,0,0,0,0,0,0,0,0,0,6,1,0,6,76,0,2,3,4,5
1578.ps1,1,3085,1,3084.0,3084,0,3,24,24,24,24,76,76,10,402,11,10,0,0,7,0,0,0,1,0,2,76,0,0,0,0,0,0,0,0,0,0,0,0,0,0,0,0,0,0,0,0,0,0,0,0,0,0,0,0,0,0,0,0,0,0,0,0,0,0,0,0,0,0,0,0,0,0,0,1,0,0,0,0,0,0,0,0,0,0,0,0,0,0,0,0,0,0,0,0,0,0,0,9,1,3,7,79,0,2,13,1,6
1575.ps1,1,3072,1,3071.0,3071,0,1,22,22,20,20,76,76,8,403,8,14,0,0,7,0,0,0,0,0,1,77,0,0,0,0,0,0,0,0,0,0,0,0,0,0,0,0,0,0,0,0,0,0,0,0,0,0,0,0,0,0,0,0,0,0,0,0,0,0,0,0,0,0,0,0,0,0,0,1,0,0,0,0,0,0,0,0,0,0,0,0,0,0,0,0,0,0,0,0,0,0,0,10,1,0,8,77,0,1,10,5,7
1584.ps1,1,664,1,663.0,663,0,0,8,8,5,5,63,63,13,58,0,5,2,3,1,0,0,0,0,0,0,57,0,0,0,0,0,0,0,0,0,0,0,0,0,0,0,0,0,0,0,0,0,0,0,0,0,0,0,0,0,0,0,0,0,0,0,0,0,0,0,0,0,0,0,0,0,0,0,2,0,0,0,0,0,0,0,0,0,0,0,0,0,0,0,0,0,0,0,0,0,0,0,3,2,0,6,59,0,0,3,3,5
1593.ps1,1,2780,1,2779.0,2779,0,2,21,21,20,20,50,50,8,358,9,13,0,0,7,0,0,0,0,0,2,50,0,0,0,0,0,0,0,0,0,0,0,0,0,0,0,0,0,0,0,0,0,0,0,0,0,0,0,0,0,0,0,0,0,0,0,0,0,0,0,0,0,0,0,0,0,0,0,1,0,0,0,0,0,0,0,0,0,0,0,0,0,0,0,0,0,0,0,0,0,0,0,10,1,0,7,50,0,2,9,4,6
1594.ps1,1,2989,1,2988.0,2988,0,2,24,24,26,26,73,73,11,381,11,10,0,0,7,0,0,0,0,0,2,72,0,0,0,0,0,0,0,0,0,0,0,0,0,0,0,0,0,0,0,0,0,0,0,0,0,0,0,0,0,0,0,0,0,0,0,0,0,0,0,0,0,0,0,0,0,0,0,1,0,0,0,0,0,0,0,0,0,0,0,0,0,0,0,0,0,0,0,0,0,0,0,9,1,3,7,75,0,2,15,1,6
1600.ps1,1,2791,1,2790.0,2790,0,2,21,21,20,20,50,50,7,358,9,13,0,0,7,0,0,0,1,0,2,50,0,0,0,0,0,0,0,0,0,0,0,0,0,0,0,0,0,0,0,0,0,0,0,0,0,0,0,0,0,0,0,0,0,0,0,0,0,0,0,0,0,0,0,0,0,0,0,1,0,0,0,0,0,0,0,0,0,0,0,0,0,0,0,0,0,0,0,0,0,0,0,10,1,0,7,50,0,2,9,4,6
1587.ps1,1,3018,1,3017.0,3017,0,0,19,19,15,15,76,76,7,402,5,13,0,0,7,0,0,0,0,0,0,76,0,0,0,0,0,0,0,0,0,0,0,0,0,0,0,0,0,0,0,0,0,0,0,0,0,0,0,0,0,0,0,0,23,0,0,0,0,0,0,0,0,0,0,0,0,0,0,1,0,0,0,0,0,0,0,0,0,0,0,0,0,1,0,0,0,0,0,0,0,0,0,6,1,0,5,77,0,0,6,4,4
1597.ps1,1,558,1,557.0,557,1,0,6,6,1,1,38,38,8,38,0,11,0,9,0,0,0,0,0,0,0,40,0,0,0,0,0,0,0,0,0,0,0,0,0,0,0,0,0,0,0,0,0,0,0,0,0,0,0,0,0,0,0,0,0,0,0,0,0,0,0,0,0,0,0,1,0,0,0,2,0,0,0,0,0,0,0,0,0,0,0,0,1,1,0,0,0,0,0,0,0,0,0,2,1,0,5,41,0,0,1,2,4
1601.ps1,1,3061,1,3060.0,3060,0,1,22,22,17,17,76,76,8,403,6,14,0,0,7,0,0,0,0,0,1,78,0,0,0,0,0,0,0,0,0,0,0,0,0,0,0,0,0,0,0,0,0,0,0,0,0,0,0,0,0,0,0,0,0,0,0,0,0,0,0,0,0,0,0,0,0,0,0,1,0,0,0,0,0,0,0,0,0,0,0,0,0,0,0,0,0,0,0,0,0,0,0,8,1,0,8,78,0,1,7,5,7
1617.ps1,1,2824,1,2823.0,2823,0,2,23,23,23,23,50,50,8,358,11,13,0,0,7,0,0,0,0,0,2,49,0,0,0,0,0,0,0,0,0,0,0,0,0,0,0,0,0,0,0,0,0,0,0,0,0,0,0,0,0,0,0,0,0,0,0,0,0,0,0,0,0,0,0,0,0,0,0,1,0,0,0,0,0,0,0,0,0,0,0,0,0,0,0,0,0,0,0,0,0,0,0,12,1,0,9,49,0,2,12,4,8
161.ps1,1,2946,1,2945.0,2945,0,2,20,20,14,14,74,74,8,391,5,13,0,0,7,0,0,0,0,0,2,76,0,0,0,0,0,0,0,0,0,0,0,0,0,0,0,0,0,0,0,0,0,0,0,0,0,0,0,0,0,0,0,0,0,0,0,0,0,0,0,0,0,0,0,0,0,0,0,1,0,0,0,0,0,0,0,0,0,0,0,0,0,0,0,0,0,0,0,0,0,0,0,6,1,0,6,76,0,2,3,4,5
1623.ps1,1,2753,1,2752.0,2752,0,3,23,23,18,18,50,50,11,355,7,10,0,0,7,0,0,0,0,0,2,52,0,0,0,0,0,0,0,0,0,0,0,0,0,0,0,0,0,0,0,0,0,0,0,0,0,0,0,0,0,0,0,0,0,0,0,0,0,0,0,0,0,0,0,0,0,0,0,1,0,0,0,0,0,0,0,0,0,0,0,0,0,0,0,0,0,0,0,0,0,0,0,5,1,3,6,55,0,2,7,1,5
1603.ps1,1,2933,1,2932.0,2932,0,0,25,25,22,22,52,52,12,380,7,11,2,0,7,0,0,0,0,0,0,53,0,0,0,0,0,0,0,0,0,0,0,0,0,0,0,0,0,0,0,0,0,0,0,0,0,0,0,0,0,0,0,0,0,0,0,0,0,0,0,0,0,0,0,0,0,0,0,1,0,0,0,0,0,0,0,0,0,0,0,0,0,0,0,0,0,0,0,0,0,0,0,6,2,3,8,58,0,0,12,2,7
1624.ps1,1,2783,1,2782.0,2782,0,2,23,23,17,17,50,50,12,359,6,11,0,0,7,0,0,0,0,0,1,53,0,0,0,0,0,0,0,0,0,0,0,0,0,0,0,0,0,0,0,0,0,0,0,0,0,0,0,0,0,0,0,0,0,0,0,0,0,0,0,0,0,0,0,0,0,0,0,1,0,0,0,0,0,0,0,0,0,0,0,0,0,0,0,0,0,0,0,0,0,0,0,5,1,4,5,57,0,1,7,2,4
1611.ps1,1,539,1,538.0,538,0,3,12,12,9,9,29,29,13,33,4,3,0,4,0,0,0,0,0,0,2,36,0,0,0,0,0,0,0,0,0,0,0,0,0,0,0,0,0,0,0,0,0,0,0,0,0,0,0,0,0,0,0,0,0,0,0,0,0,0,0,0,0,0,0,0,0,0,0,1,0,0,0,0,0,0,0,0,0,0,0,0,0,0,0,0,0,0,0,0,0,0,0,5,1,4,6,40,0,2,7,1,5
1621.ps1,1,3115,1,3114.0,3114,0,1,26,26,25,25,76,76,11,403,10,11,0,0,7,0,0,0,1,0,1,76,0,0,0,0,0,0,0,0,0,0,0,0,0,0,0,0,0,0,0,0,0,0,0,0,0,0,0,0,0,0,0,0,0,0,0,0,0,0,0,0,0,0,0,0,0,0,0,1,0,0,0,0,0,0,0,0,0,0,0,0,0,0,0,0,0,0,0,0,0,0,0,9,1,4,8,80,0,1,15,2,7
1632.ps1,1,3052,1,3051.0,3051,0,1,23,23,17,17,76,76,12,404,5,12,2,0,7,0,0,0,0,0,0,79,0,0,0,0,0,0,0,0,0,0,0,0,0,0,0,0,0,0,0,0,0,0,0,0,0,0,0,0,0,0,0,0,0,0,0,0,0,0,0,0,0,0,0,0,0,0,0,1,0,0,0,0,0,0,0,0,0,0,0,0,0,0,0,0,0,0,0,0,0,0,0,4,2,3,6,84,0,0,7,2,5
1638.ps1,1,2855,1,2854.0,2854,0,1,25,25,20,20,51,51,11,370,7,11,2,0,7,0,0,0,1,0,0,53,0,0,0,0,0,0,0,0,0,0,0,0,0,0,0,0,0,0,0,0,0,0,0,0,0,0,0,0,0,0,0,0,0,0,0,0,0,0,0,0,0,0,0,0,0,0,0,1,0,0,0,0,0,0,0,0,0,0,0,0,0,0,0,0,0,0,0,0,0,0,0,6,2,3,8,58,0,0,10,2,7
1626.ps1,1,3175,1,3174.0,3174,0,2,21,21,17,17,79,79,8,430,7,13,0,0,7,0,0,0,0,0,2,80,0,0,0,0,0,0,0,0,0,0,0,0,0,0,0,0,0,0,0,0,0,0,0,0,0,0,0,0,0,0,0,0,0,0,0,0,0,0,0,0,0,0,0,0,0,0,0,1,0,0,0,0,0,0,0,0,0,0,0,0,0,0,0,0,0,0,0,0,0,0,0,8,1,0,7,80,0,2,6,4,6
1612.ps1,1,3043,1,3042.0,3042,0,2,21,21,17,17,76,76,7,402,7,13,0,0,7,0,0,0,1,0,2,77,0,0,0,0,0,0,0,0,0,0,0,0,0,0,0,0,0,0,0,0,0,0,0,0,0,0,0,0,0,0,0,0,0,0,0,0,0,0,0,0,0,0,0,0,0,0,0,1,0,0,0,0,0,0,0,0,0,0,0,0,0,0,0,0,0,0,0,0,0,0,0,8,1,0,7,77,0,2,6,4,6
1620.ps1,1,3053,1,3052.0,3052,0,2,21,21,20,20,76,76,8,402,9,13,0,0,7,0,0,0,0,0,2,76,0,0,0,0,0,0,0,0,0,0,0,0,0,0,0,0,0,0,0,0,0,0,0,0,0,0,0,0,0,0,0,0,0,0,0,0,0,0,0,0,0,0,0,0,0,0,0,1,0,0,0,0,0,0,0,0,0,0,0,0,0,0,0,0,0,0,0,0,0,0,0,10,1,0,7,76,0,2,9,4,6
163.ps1,1,3502,1,3501.0,3501,0,0,22,22,16,16,87,87,8,490,5,14,2,0,7,0,0,0,1,0,0,89,0,0,0,0,0,0,0,0,0,0,0,0,0,0,0,0,0,0,0,0,0,0,0,0,0,0,0,0,0,0,0,0,0,0,0,0,0,0,0,0,0,0,0,0,0,0,0,1,0,0,0,0,0,0,0,0,0,0,0,0,0,0,0,0,0,0,0,0,0,0,0,7,2,0,8,91,0,0,6,5,7
1618.ps1,1,3085,1,3084.0,3084,0,1,22,22,20,20,76,76,7,403,8,14,0,0,7,0,0,0,1,0,1,77,0,0,0,0,0,0,0,0,0,0,0,0,0,0,0,0,0,0,0,0,0,0,0,0,0,0,0,0,0,0,0,0,0,0,0,0,0,0,0,0,0,0,0,0,0,0,0,1,0,0,0,0,0,0,0,0,0,0,0,0,0,0,0,0,0,0,0,0,0,0,0,10,1,0,8,77,0,1,10,5,7
1642.ps1,1,2893,1,2892.0,2892,0,2,19,19,14,14,73,73,8,381,5,13,0,0,7,0,0,0,0,0,2,75,0,0,0,0,0,0,0,0,0,0,0,0,0,0,0,0,0,0,0,0,0,0,0,0,0,0,0,0,0,0,0,0,0,0,0,0,0,0,0,0,0,0,0,0,0,0,0,1,0,0,0,0,0,0,0,0,0,0,0,0,0,0,0,0,0,0,0,0,0,0,0,6,1,0,5,75,0,2,3,4,4
1640.ps1,1,2897,1,2896.0,2896,0,2,22,22,20,20,52,52,11,378,7,10,0,0,7,0,0,0,0,0,2,53,0,0,0,0,0,0,0,0,0,0,0,0,0,0,0,0,0,0,0,0,0,0,0,0,0,0,0,0,0,0,0,0,0,0,0,0,0,0,0,0,0,0,0,0,0,0,0,1,0,0,0,0,0,0,0,0,0,0,0,0,0,0,0,0,0,0,0,0,0,0,0,5,1,3,5,56,0,2,9,1,4
1639.ps1,1,3005,1,3004.0,3004,0,3,22,22,18,18,54,54,11,405,7,10,0,0,7,0,0,0,0,0,2,56,0,0,0,0,0,0,0,0,0,0,0,0,0,0,0,0,0,0,0,0,0,0,0,0,0,0,0,0,0,0,0,0,0,0,0,0,0,0,0,0,0,0,0,0,0,0,0,1,0,0,0,0,0,0,0,0,0,0,0,0,0,0,0,0,0,0,0,0,0,0,0,5,1,3,5,59,0,2,7,1,4
1654.ps1,1,2760,1,2759.0,2759,0,0,22,22,18,18,50,50,10,358,5,10,0,0,7,0,0,0,0,0,0,50,0,0,0,0,0,0,0,0,0,0,0,0,0,0,0,0,0,0,0,0,0,0,0,0,0,0,0,0,0,0,0,0,0,0,0,0,0,0,0,0,0,0,0,0,0,0,0,1,0,0,0,0,0,0,0,0,0,0,0,0,0,1,0,0,0,0,0,0,0,0,0,3,1,3,5,54,0,0,9,1,4
1650.ps1,1,3153,1,3152.0,3152,0,2,24,24,24,24,58,58,13,365,10,16,0,0,11,0,0,0,2,0,2,57,0,0,0,0,0,0,0,0,0,0,0,0,0,0,0,0,0,0,0,0,0,0,0,0,0,0,0,0,0,0,0,0,0,0,0,0,0,0,0,0,0,0,0,0,0,0,0,1,0,0,0,0,0,0,0,0,0,0,0,0,0,2,0,0,0,0,0,0,0,0,0,11,1,0,7,57,0,2,10,5,6
165.ps1,1,2757,1,2756.0,2756,0,2,22,22,15,15,50,50,11,359,4,11,0,0,7,0,0,0,0,0,1,54,0,0,0,0,0,0,0,0,0,0,0,0,0,0,0,0,0,0,0,0,0,0,0,0,0,0,0,0,0,0,0,0,0,0,0,0,0,0,0,0,0,0,0,0,0,0,0,1,0,0,0,0,0,0,0,0,0,0,0,0,0,0,0,0,0,0,0,0,0,0,0,3,1,3,5,57,0,1,5,2,4
1655.ps1,1,3005,1,3004.0,3004,0,2,20,20,19,19,75,75,8,383,7,13,0,0,8,0,0,0,0,0,2,76,0,0,0,0,0,0,0,0,0,0,0,0,0,0,0,0,0,0,0,0,0,0,0,0,0,0,0,0,0,0,0,0,0,0,0,0,0,0,0,0,0,0,0,0,0,0,0,1,0,0,0,0,0,0,0,0,0,0,0,0,0,0,0,0,0,0,0,0,0,0,0,8,1,0,6,76,0,2,6,4,5
1662.ps1,1,497,1,496.0,496,0,1,8,8,5,5,36,36,10,40,1,4,0,3,1,0,0,0,1,0,1,40,0,0,0,0,0,0,0,0,0,0,0,0,0,0,0,0,0,0,0,0,0,0,0,0,0,0,0,0,0,0,0,0,0,0,0,0,0,0,0,0,0,0,0,0,0,0,0,1,0,0,0,0,0,0,0,0,0,0,0,0,0,0,0,0,0,0,0,0,0,0,0,2,1,2,4,42,0,1,4,2,3
1657.ps1,1,3330,1,3329.0,3329,0,0,25,25,22,22,59,59,11,457,7,11,2,0,7,0,0,0,1,0,0,60,0,0,0,0,0,0,0,0,0,0,0,0,0,0,0,0,0,0,0,0,0,0,0,0,0,0,0,0,0,0,0,0,0,0,0,0,0,0,0,0,0,0,0,0,0,0,0,1,0,0,0,0,0,0,0,0,0,0,0,0,0,0,0,0,0,0,0,0,0,0,0,6,2,3,8,65,0,0,12,2,7
1659.ps1,1,3312,1,3311.0,3311,0,3,29,29,27,27,60,60,16,385,12,12,0,0,11,0,0,0,3,0,2,60,0,0,0,0,0,0,0,0,0,0,0,0,0,0,0,0,0,0,0,0,0,0,0,0,0,0,0,0,0,0,0,0,0,0,0,0,0,0,0,0,0,0,0,0,0,0,0,1,0,0,0,1,0,0,0,0,0,0,0,0,0,2,0,0,0,0,0,0,0,0,0,9,1,4,8,64,0,2,13,1,7
1664.ps1,1,3041,1,3040.0,3040,0,1,22,22,14,14,76,76,11,404,3,12,2,0,7,0,0,0,1,0,0,80,0,0,0,0,0,0,0,0,0,0,0,0,0,0,0,0,0,0,0,0,0,0,0,0,0,0,0,0,0,0,0,0,0,0,0,0,0,0,0,0,0,0,0,0,0,0,0,1,0,0,0,0,0,0,0,0,0,0,0,0,0,0,0,0,0,0,0,0,0,0,0,2,2,3,5,85,0,0,4,2,4
1679.ps1,1,2899,1,2898.0,2898,0,2,21,21,20,20,52,52,7,378,9,13,0,0,7,0,0,0,1,0,2,52,0,0,0,0,0,0,0,0,0,0,0,0,0,0,0,0,0,0,0,0,0,0,0,0,0,0,0,0,0,0,0,0,0,0,0,0,0,0,0,0,0,0,0,0,0,0,0,1,0,0,0,0,0,0,0,0,0,0,0,0,0,0,0,0,0,0,0,0,0,0,0,10,1,0,7,52,0,2,9,4,6
168.ps1,1,1415,1,1414.0,1414,0,3,16,16,25,25,91,91,28,93,10,5,1,5,8,0,2,1,0,0,2,92,0,0,0,0,0,0,0,0,0,0,0,0,0,0,0,0,0,0,0,0,0,0,0,0,0,0,0,0,0,0,0,0,0,0,0,0,0,0,0,0,0,0,0,0,0,0,0,1,0,0,0,0,0,0,0,0,0,0,0,0,0,1,0,0,0,0,0,0,0,0,0,9,1,4,7,96,0,2,15,1,6
1660.ps1,1,3047,1,3046.0,3046,0,3,16,16,14,14,75,75,24,77,32,9,0,21,12,0,0,0,0,0,2,78,0,0,0,0,0,0,0,0,0,0,0,0,0,0,0,0,0,0,0,0,0,0,0,0,0,0,0,0,0,0,0,0,0,0,0,0,0,0,0,0,0,0,0,0,0,0,0,1,0,0,0,0,0,0,0,0,0,0,0,0,0,1,0,0,0,0,0,0,0,3,0,7,1,3,6,81,0,2,8,1,5
1663.ps1,1,2952,1,2951.0,2951,0,1,22,22,16,16,73,73,9,382,6,14,0,0,7,0,0,0,0,0,1,75,0,0,0,0,0,0,0,0,0,0,0,0,0,0,0,0,0,0,0,0,0,0,0,0,0,0,0,0,0,0,0,0,0,0,0,0,0,0,0,0,0,0,0,0,0,0,0,1,0,0,0,0,0,0,0,0,0,0,0,0,0,0,0,0,0,0,0,0,0,0,0,8,1,1,7,76,0,1,6,5,6
1677.ps1,1,2751,1,2750.0,2750,0,1,22,22,16,16,50,50,10,358,5,11,0,0,7,0,0,0,0,0,0,51,0,0,0,0,0,0,0,0,0,0,0,0,0,0,0,0,0,0,0,0,0,0,0,0,0,0,0,0,0,0,0,0,0,0,0,0,0,0,0,0,0,0,0,0,0,0,0,1,0,0,0,0,0,0,0,0,0,0,0,0,1,0,0,0,0,0,0,0,0,0,0,3,1,3,5,55,0,0,7,1,4
1683.ps1,1,2749,1,2748.0,2748,0,1,22,22,20,20,49,49,8,349,8,14,0,0,7,0,0,0,0,0,1,50,0,0,0,0,0,0,0,0,0,0,0,0,0,0,0,0,0,0,0,0,0,0,0,0,0,0,0,0,0,0,0,0,0,0,0,0,0,0,0,0,0,0,0,0,0,0,0,1,0,0,0,0,0,0,0,0,0,0,0,0,0,0,0,0,0,0,0,0,0,0,0,10,1,0,8,50,0,1,10,5,7
166.ps1,1,2855,1,2854.0,2854,0,2,24,24,23,23,51,51,10,368,9,10,0,0,7,0,0,0,1,0,2,51,0,0,0,0,0,0,0,0,0,0,0,0,0,0,0,0,0,0,0,0,0,0,0,0,0,0,0,0,0,0,0,0,0,0,0,0,0,0,0,0,0,0,0,0,0,0,0,1,0,0,0,0,0,0,0,0,0,0,0,0,0,0,0,0,0,0,0,0,0,0,0,7,1,3,7,54,0,2,12,1,6
1685.ps1,1,3037,1,3036.0,3036,0,0,22,22,18,18,76,76,10,402,5,11,0,0,7,0,0,0,0,0,0,76,0,0,0,0,0,0,0,0,0,0,0,0,0,0,0,0,0,0,0,0,0,0,0,0,0,0,0,0,0,0,0,0,0,0,0,0,0,0,0,0,0,0,0,0,0,0,0,1,0,0,0,0,0,0,0,0,0,0,0,0,1,0,0,0,0,0,0,0,0,0,0,3,1,3,5,80,0,0,9,1,4
1680.ps1,1,2903,1,2902.0,2902,0,0,20,20,18,18,72,72,7,377,7,14,0,0,7,0,0,0,0,0,0,71,0,0,0,0,0,0,0,0,0,0,0,0,0,0,0,0,0,0,0,0,0,0,0,0,0,0,0,0,0,0,0,0,0,0,0,0,0,0,0,0,0,0,0,0,0,0,0,1,0,0,0,0,0,0,0,0,0,0,0,0,1,0,0,0,0,0,0,0,0,0,0,8,1,0,6,72,0,0,9,4,5
1693.ps1,1,616,1,615.0,615,0,3,12,12,14,14,37,37,13,41,6,3,0,3,0,0,0,0,0,0,2,42,0,0,0,0,0,0,0,0,0,0,0,0,0,0,0,0,0,0,0,0,0,0,0,0,0,0,0,0,0,0,0,0,0,0,0,0,0,0,0,0,0,0,0,0,0,0,0,1,0,0,0,0,0,0,0,0,0,0,0,0,0,0,0,0,0,0,1,0,0,0,0,7,1,4,6,46,0,2,12,1,5
1686.ps1,1,3047,1,3046.0,3046,0,2,20,20,17,17,76,76,7,402,7,13,0,0,7,0,0,0,1,0,2,77,0,0,0,0,0,0,0,0,0,0,0,0,0,0,0,0,0,0,0,0,0,0,0,0,0,0,0,0,0,0,0,0,0,0,0,0,0,0,0,0,0,0,0,0,0,0,0,1,0,0,0,0,0,0,0,0,0,0,0,0,0,0,0,0,0,0,0,0,0,0,0,8,1,0,6,77,0,2,6,4,5
1700.ps1,1,2899,1,2898.0,2898,0,0,20,20,13,13,72,72,9,382,3,14,2,0,7,0,0,0,0,0,0,75,0,0,0,0,0,0,0,0,0,0,0,0,0,0,0,0,0,0,0,0,0,0,0,0,0,0,0,0,0,0,0,0,0,0,0,0,0,0,0,0,0,0,0,0,0,0,0,1,0,0,0,0,0,0,0,0,0,0,0,0,0,0,0,0,0,0,0,0,0,0,0,5,2,0,6,77,0,0,3,5,5
17.ps1,1,2927,1,2926.0,2926,0,0,21,21,18,18,73,73,7,381,7,14,0,0,7,0,0,0,0,0,0,72,0,0,0,0,0,0,0,0,0,0,0,0,0,0,0,0,0,0,0,0,0,0,0,0,0,0,0,0,0,0,0,0,0,0,0,0,0,0,0,0,0,0,0,0,0,0,0,1,0,0,0,0,0,0,0,0,0,0,0,0,1,0,0,0,0,0,0,0,0,0,0,8,1,0,7,73,0,0,9,4,6
169.ps1,1,1900,1,1899.0,1899,0,2,14,14,7,7,52,52,9,49,25,6,0,14,2,0,0,0,0,0,2,48,0,0,0,0,0,0,0,0,0,0,0,0,0,0,0,0,0,0,0,0,0,0,0,0,0,0,0,0,0,0,0,0,1,0,0,0,0,0,0,0,0,0,0,0,0,0,0,2,0,0,0,0,0,0,0,0,0,0,0,0,1,0,0,0,0,0,0,0,0,3,0,4,1,0,6,48,0,2,2,2,5
1706.ps1,1,2809,1,2808.0,2808,0,1,20,20,16,16,51,51,8,370,5,14,0,0,7,0,0,0,0,0,1,52,0,0,0,0,0,0,0,0,0,0,0,0,0,0,0,0,0,0,0,0,0,0,0,0,0,0,0,0,0,0,0,0,0,0,0,0,0,0,0,0,0,0,0,0,0,0,0,1,0,0,0,0,0,0,0,0,0,0,0,0,0,0,0,0,0,0,0,0,0,0,0,7,1,0,6,52,0,1,6,5,5
1702.ps1,1,1423,1,1422.0,1422,1,2,14,14,18,18,102,102,28,105,4,5,0,5,8,0,2,0,0,0,2,107,0,0,0,0,0,0,0,0,0,0,0,0,0,0,0,0,0,0,0,0,0,0,0,0,0,0,0,0,0,0,0,0,0,0,0,0,0,0,0,0,0,0,0,0,0,0,0,1,0,0,0,0,0,0,0,0,0,0,0,0,0,1,0,0,0,0,0,0,0,0,0,3,1,4,5,111,0,2,8,1,4
170.ps1,1,2932,1,2931.0,2931,0,1,21,21,16,16,73,73,7,383,5,14,0,0,7,0,0,0,1,0,1,74,0,0,0,0,0,0,0,0,0,0,0,0,0,0,0,0,0,0,0,0,0,0,0,0,0,0,0,0,0,0,0,0,0,0,0,0,0,0,0,0,0,0,0,0,0,0,0,1,0,0,0,0,0,0,0,0,0,0,0,0,0,0,0,0,0,0,0,0,0,0,0,7,1,0,7,74,0,1,6,5,6
1718.ps1,1,2946,1,2945.0,2945,0,1,20,20,13,13,74,74,7,393,3,14,0,0,7,0,0,0,1,0,1,76,0,0,0,0,0,0,0,0,0,0,0,0,0,0,0,0,0,0,0,0,0,0,0,0,0,0,0,0,0,0,0,0,0,0,0,0,0,0,0,0,0,0,0,0,0,0,0,1,0,0,0,0,0,0,0,0,0,0,0,0,0,0,0,0,0,0,0,0,0,0,0,5,1,0,6,76,0,1,3,5,5
1720.ps1,1,3060,1,3059.0,3059,0,2,22,22,20,20,76,76,11,402,7,10,0,0,7,0,0,0,0,0,2,77,0,0,0,0,0,0,0,0,0,0,0,0,0,0,0,0,0,0,0,0,0,0,0,0,0,0,0,0,0,0,0,0,0,0,0,0,0,0,0,0,0,0,0,0,0,0,0,1,0,0,0,0,0,0,0,0,0,0,0,0,0,0,0,0,0,0,0,0,0,0,0,5,1,3,5,80,0,2,9,1,4
1694.ps1,1,2761,1,2760.0,2760,0,0,21,21,18,18,50,50,7,358,7,13,0,0,7,0,0,0,0,0,0,49,0,0,0,0,0,0,0,0,0,0,0,0,0,0,0,0,0,0,0,0,0,0,0,0,0,0,0,0,0,0,0,0,0,0,0,0,0,0,0,0,0,0,0,0,0,0,0,1,0,0,0,0,0,0,0,0,0,0,0,0,0,1,0,0,0,0,0,0,0,0,0,8,1,0,7,50,0,0,9,4,6
1698.ps1,1,2920,1,2919.0,2919,0,1,22,22,14,14,73,73,11,383,3,11,2,0,7,0,0,0,1,0,0,77,0,0,0,0,0,0,0,0,0,0,0,0,0,0,0,0,0,0,0,0,0,0,0,0,0,0,0,0,0,0,0,0,0,0,0,0,0,0,0,0,0,0,0,0,0,0,0,1,0,0,0,0,0,0,0,0,0,0,0,0,0,0,0,0,0,0,0,0,0,0,0,2,2,3,5,82,0,0,4,2,4
1724.ps1,1,474,1,473.0,473,0,2,7,7,6,6,36,36,9,37,4,4,0,4,0,0,0,0,0,0,2,38,0,0,0,0,0,0,0,0,0,0,0,0,0,0,0,0,0,0,0,0,0,0,0,0,0,0,0,0,0,0,0,0,0,0,0,0,0,0,0,0,0,0,0,0,0,0,0,1,0,0,0,0,0,0,0,0,0,0,0,0,0,0,0,0,0,0,0,0,0,0,0,6,1,0,6,38,0,2,4,2,5
1736.ps1,1,2980,1,2979.0,2979,0,0,18,18,12,12,76,76,7,402,3,13,0,0,7,0,0,0,0,0,0,77,0,0,0,0,0,0,0,0,0,0,0,0,0,0,0,0,0,0,0,0,0,0,0,0,0,0,0,0,0,0,0,0,0,0,0,0,0,0,0,0,0,0,0,0,0,0,0,1,0,0,0,0,0,0,0,0,0,0,0,0,0,1,0,0,0,0,0,0,0,0,0,4,1,0,4,78,0,0,3,4,3
1713.ps1,1,2924,1,2923.0,2923,0,1,21,21,16,16,73,73,8,383,5,14,0,0,7,0,0,0,0,0,1,74,0,0,0,0,0,0,0,0,0,0,0,0,0,0,0,0,0,0,0,0,0,0,0,0,0,0,0,0,0,0,0,0,0,0,0,0,0,0,0,0,0,0,0,0,0,0,0,1,0,0,0,0,0,0,0,0,0,0,0,0,0,0,0,0,0,0,0,0,0,0,0,7,1,0,7,74,0,1,6,5,6
173.ps1,1,3131,1,3130.0,3130,0,1,23,23,19,19,56,56,8,423,8,14,0,0,7,0,0,0,1,0,1,57,0,0,0,0,0,0,0,0,0,0,0,0,0,0,0,0,0,0,0,0,0,0,0,0,0,0,0,0,0,0,0,0,0,0,0,0,0,0,0,0,0,0,0,0,0,0,0,1,0,0,0,0,0,0,0,0,0,0,0,0,0,0,0,0,0,0,0,0,0,0,0,10,1,1,8,58,0,1,9,5,7
1725.ps1,1,2783,1,2782.0,2782,0,2,24,24,17,17,50,50,11,359,6,11,0,0,7,0,0,0,1,0,1,53,0,0,0,0,0,0,0,0,0,0,0,0,0,0,0,0,0,0,0,0,0,0,0,0,0,0,0,0,0,0,0,0,0,0,0,0,0,0,0,0,0,0,0,0,0,0,0,1,0,0,0,0,0,0,0,0,0,0,0,0,0,0,0,0,0,0,0,0,0,0,0,5,1,4,6,57,0,1,7,2,5
172.ps1,1,3348,1,3347.0,3347,0,2,27,27,26,26,84,84,17,391,10,12,0,0,11,0,0,0,2,0,2,84,0,0,0,0,0,0,0,0,0,0,0,0,0,0,0,0,0,0,0,0,0,0,0,0,0,0,0,0,0,0,0,0,0,0,0,0,0,0,0,0,0,0,0,0,0,0,0,1,0,0,0,0,0,0,0,0,0,0,0,0,0,2,0,0,0,0,0,0,0,0,0,7,1,4,6,88,0,2,12,1,5
1722.ps1,1,2872,1,2871.0,2871,0,1,14,14,8,8,51,51,22,54,30,13,0,25,13,0,0,0,0,0,1,55,0,0,0,0,0,0,0,0,0,0,0,0,0,0,0,0,0,0,0,0,0,0,0,0,0,0,0,0,0,0,0,0,3,0,0,0,0,0,0,0,0,0,0,0,0,0,0,1,0,0,0,0,0,0,0,0,0,0,0,0,0,1,0,0,0,0,0,0,0,4,0,6,1,1,6,56,0,1,3,5,5
1712.ps1,1,2901,1,2900.0,2900,0,0,22,22,19,19,52,52,8,380,7,14,2,0,7,0,0,0,1,0,0,53,0,0,0,0,0,0,0,0,0,0,0,0,0,0,0,0,0,0,0,0,0,0,0,0,0,0,0,0,0,0,0,0,0,0,0,0,0,0,0,0,0,0,0,0,0,0,0,1,0,0,0,0,0,0,0,0,0,0,0,0,0,0,0,0,0,0,0,0,0,0,0,9,2,0,8,55,0,0,9,5,7
1737.ps1,1,2922,1,2921.0,2921,0,0,24,24,22,22,52,52,12,380,7,11,2,0,7,0,0,0,0,0,0,53,0,0,0,0,0,0,0,0,0,0,0,0,0,0,0,0,0,0,0,0,0,0,0,0,0,0,0,0,0,0,0,0,0,0,0,0,0,0,0,0,0,0,0,0,0,0,0,1,0,0,0,0,0,0,0,0,0,0,0,0,0,0,0,0,0,0,0,0,0,0,0,6,2,3,7,58,0,0,12,2,6
1721.ps1,1,2757,1,2756.0,2756,0,1,23,23,19,19,48,48,8,348,8,14,0,0,7,0,0,0,1,0,1,49,0,0,0,0,0,0,0,0,0,0,0,0,0,0,0,0,0,0,0,0,0,0,0,0,0,0,0,0,0,0,0,0,0,0,0,0,0,0,0,0,0,0,0,0,0,0,0,1,0,0,0,0,0,0,0,0,0,0,0,0,0,0,0,0,0,0,0,0,0,0,0,10,1,1,8,50,0,1,9,5,7
1735.ps1,1,2918,1,2917.0,2917,0,1,22,22,20,20,52,52,8,379,8,14,0,0,7,0,0,0,0,0,1,53,0,0,0,0,0,0,0,0,0,0,0,0,0,0,0,0,0,0,0,0,0,0,0,0,0,0,0,0,0,0,0,0,0,0,0,0,0,0,0,0,0,0,0,0,0,0,0,1,0,0,0,0,0,0,0,0,0,0,0,0,0,0,0,0,0,0,0,0,0,0,0,10,1,0,8,53,0,1,10,5,7
1740.ps1,1,2787,1,2786.0,2786,0,2,22,22,20,20,50,50,7,358,9,13,0,0,7,0,0,0,1,0,2,50,0,0,0,0,0,0,0,0,0,0,0,0,0,0,0,0,0,0,0,0,0,0,0,0,0,0,0,0,0,0,0,0,0,0,0,0,0,0,0,0,0,0,0,0,0,0,0,1,0,0,0,0,0,0,0,0,0,0,0,0,0,0,0,0,0,0,0,0,0,0,0,10,1,0,8,50,0,2,9,4,7
1743.ps1,1,2927,1,2926.0,2926,0,3,22,22,18,18,73,73,10,381,7,10,0,0,7,0,0,0,1,0,2,75,0,0,0,0,0,0,0,0,0,0,0,0,0,0,0,0,0,0,0,0,0,0,0,0,0,0,0,0,0,0,0,0,0,0,0,0,0,0,0,0,0,0,0,0,0,0,0,1,0,0,0,0,0,0,0,0,0,0,0,0,0,0,0,0,0,0,0,0,0,0,0,5,1,3,5,78,0,2,7,1,4
1728.ps1,1,1431,1,1430.0,1430,0,0,12,12,16,16,101,102,26,105,5,10,3,5,8,1,2,1,0,0,0,105,0,0,0,0,0,0,0,0,0,0,0,0,0,0,0,0,0,0,0,0,0,0,0,0,0,0,0,0,0,0,0,0,0,0,0,0,0,0,0,0,0,0,0,0,0,0,0,1,0,0,0,0,0,0,0,0,0,0,0,0,0,1,0,0,0,0,1,0,0,0,0,8,2,0,7,107,0,0,7,6,6
1746.ps1,1,3009,1,3008.0,3008,0,0,22,22,18,18,54,54,10,405,5,11,0,0,7,0,0,0,0,0,0,54,0,0,0,0,0,0,0,0,0,0,0,0,0,0,0,0,0,0,0,0,0,0,0,0,0,0,0,0,0,0,0,0,0,0,0,0,0,0,0,0,0,0,0,0,0,0,0,1,0,0,0,0,0,0,0,0,0,0,0,0,1,0,0,0,0,0,0,0,0,0,0,3,1,3,5,58,0,0,9,1,4
1747.ps1,1,3086,1,3085.0,3085,0,0,23,23,24,24,76,76,10,402,9,11,0,0,7,0,0,0,0,0,0,74,0,0,0,0,0,0,0,0,0,0,0,0,0,0,0,0,0,0,0,0,0,0,0,0,0,0,0,0,0,0,0,0,0,0,0,0,0,0,0,0,0,0,0,0,0,0,0,1,0,0,0,0,0,0,0,0,0,0,0,0,1,0,0,0,0,0,0,0,0,0,0,7,1,3,6,78,0,0,15,1,5
1729.ps1,1,2761,1,2760.0,2760,0,1,21,21,16,16,50,50,8,360,5,14,0,0,7,0,0,0,0,0,1,51,0,0,0,0,0,0,0,0,0,0,0,0,0,0,0,0,0,0,0,0,0,0,0,0,0,0,0,0,0,0,0,0,0,0,0,0,0,0,0,0,0,0,0,0,0,0,0,1,0,0,0,0,0,0,0,0,0,0,0,0,0,0,0,0,0,0,0,0,0,0,0,7,1,0,7,51,0,1,6,5,6
1738.ps1,1,1632,1,1631.0,1631,0,1,13,13,19,20,128,128,23,134,7,12,0,6,7,0,3,1,0,0,1,132,0,0,0,0,0,0,0,0,0,0,0,0,0,0,0,0,0,0,0,0,0,0,0,0,0,0,0,0,0,0,0,0,0,0,0,0,0,0,0,0,0,0,0,0,0,0,0,1,0,0,0,0,0,0,0,0,0,0,0,0,0,1,0,0,0,0,0,0,0,0,0,11,1,0,7,132,0,1,11,7,6
1759.ps1,1,2890,1,2889.0,2889,0,1,21,21,17,17,52,52,7,379,6,14,0,0,7,0,0,0,1,0,1,54,0,0,0,0,0,0,0,0,0,0,0,0,0,0,0,0,0,0,0,0,0,0,0,0,0,0,0,0,0,0,0,0,0,0,0,0,0,0,0,0,0,0,0,0,0,0,0,1,0,0,0,0,0,0,0,0,0,0,0,0,0,0,0,0,0,0,0,0,0,0,0,8,1,0,7,54,0,1,7,5,6
1745.ps1,1,2760,1,2759.0,2759,0,2,21,21,17,17,50,50,7,355,7,13,0,0,7,0,0,0,1,0,2,51,0,0,0,0,0,0,0,0,0,0,0,0,0,0,0,0,0,0,0,0,0,0,0,0,0,0,0,0,0,0,0,0,0,0,0,0,0,0,0,0,0,0,0,0,0,0,0,1,0,0,0,0,0,0,0,0,0,0,0,0,0,0,0,0,0,0,0,0,0,0,0,8,1,0,7,51,0,2,6,4,6
1751.ps1,1,1352,1,1351.0,1351,0,0,15,14,21,22,91,92,23,96,8,12,2,5,7,0,2,0,1,0,0,94,0,0,0,0,0,0,0,0,0,0,0,0,0,0,0,0,0,0,0,0,0,0,0,0,0,0,0,0,0,0,0,0,0,0,0,0,0,0,0,0,0,0,0,0,0,0,0,1,0,0,0,0,0,0,0,0,0,0,0,0,0,1,0,0,0,0,0,0,0,0,0,12,2,0,9,96,0,0,13,6,8
1761.ps1,1,2907,1,2906.0,2906,0,0,20,20,15,15,73,73,7,381,5,14,0,0,7,0,0,0,0,0,0,73,0,0,0,0,0,0,0,0,0,0,0,0,0,0,0,0,0,0,0,0,0,0,0,0,0,0,0,0,0,0,0,0,0,0,0,0,0,0,0,0,0,0,0,0,0,0,0,1,0,0,0,0,0,0,0,0,0,0,0,0,1,0,0,0,0,0,0,0,0,0,0,6,1,0,6,74,0,0,6,4,5
1748.ps1,1,3352,1,3351.0,3351,0,0,23,23,22,22,82,82,9,451,9,15,2,0,7,0,0,0,0,0,0,82,0,0,0,0,0,0,0,0,0,0,0,0,0,0,0,0,0,0,0,0,0,0,0,0,0,0,0,0,0,0,0,0,0,0,0,0,0,0,0,0,0,0,0,0,0,0,0,1,0,0,0,0,0,0,0,0,0,0,0,0,0,0,0,0,0,0,0,0,0,0,0,11,2,0,9,84,0,0,12,5,8
176.ps1,1,2946,1,2945.0,2945,0,1,22,22,16,16,73,73,9,382,6,14,0,0,7,0,0,0,0,0,1,75,0,0,0,0,0,0,0,0,0,0,0,0,0,0,0,0,0,0,0,0,0,0,0,0,0,0,0,0,0,0,0,0,0,0,0,0,0,0,0,0,0,0,0,0,0,0,0,1,0,0,0,0,0,0,0,0,0,0,0,0,0,0,0,0,0,0,0,0,0,0,0,8,1,1,7,76,0,1,6,5,6
1753.ps1,1,1421,1,1420.0,1420,0,2,15,15,15,15,107,107,11,109,8,12,0,6,5,0,0,0,3,0,2,108,0,0,0,0,0,0,0,0,0,0,0,0,0,0,0,0,0,0,0,0,0,0,0,0,0,0,0,0,0,0,0,0,0,0,0,0,0,0,0,0,0,0,0,0,0,0,0,1,0,0,0,0,0,0,0,0,0,0,0,0,0,1,0,0,0,0,0,0,0,0,0,13,1,0,9,108,0,2,13,5,8
1760.ps1,1,2769,1,2768.0,2768,0,0,20,20,18,18,50,50,7,358,7,14,0,0,7,0,0,0,0,0,0,49,0,0,0,0,0,0,0,0,0,0,0,0,0,0,0,0,0,0,0,0,0,0,0,0,0,0,0,0,0,0,0,0,0,0,0,0,0,0,0,0,0,0,0,0,0,0,0,1,0,0,0,0,0,0,0,0,0,0,0,0,1,0,0,0,0,0,0,0,0,0,0,8,1,0,6,50,0,0,9,4,5
1771.ps1,1,3011,1,3010.0,3010,0,0,19,19,15,15,76,76,7,402,5,13,0,0,7,0,0,0,0,0,0,76,0,0,0,0,0,0,0,0,0,0,0,0,0,0,0,0,0,0,0,0,0,0,0,0,0,0,0,0,0,0,0,0,0,0,0,0,0,0,0,0,0,0,0,0,0,0,0,1,0,0,0,0,0,0,0,0,0,0,0,0,0,1,0,0,0,0,0,0,0,0,0,6,1,0,5,77,0,0,6,4,4
1762.ps1,1,2929,1,2928.0,2928,0,0,20,20,18,18,73,73,7,381,7,14,0,0,7,0,0,0,0,0,0,72,0,0,0,0,0,0,0,0,0,0,0,0,0,0,0,0,0,0,0,0,0,0,0,0,0,0,0,0,0,0,0,0,0,0,0,0,0,0,0,0,0,0,0,0,0,0,0,1,0,0,0,0,0,0,0,0,0,0,0,0,1,0,0,0,0,0,0,0,0,0,0,8,1,0,6,73,0,0,9,4,5
1774.ps1,1,2894,1,2893.0,2893,0,2,21,21,20,20,72,72,8,371,9,13,0,0,7,0,0,0,0,0,2,72,0,0,0,0,0,0,0,0,0,0,0,0,0,0,0,0,0,0,0,0,0,0,0,0,0,0,0,0,0,0,0,0,0,0,0,0,0,0,0,0,0,0,0,0,0,0,0,1,0,0,0,0,0,0,0,0,0,0,0,0,0,0,0,0,0,0,0,0,0,0,0,10,1,0,7,72,0,2,9,4,6
1766.ps1,1,2844,1,2843.0,2843,0,1,20,20,13,13,52,52,8,380,3,14,0,0,7,0,0,0,0,0,1,54,0,0,0,0,0,0,0,0,0,0,0,0,0,0,0,0,0,0,0,0,0,0,0,0,0,0,0,0,0,0,0,0,3,0,0,0,0,0,0,0,0,0,0,0,0,0,0,1,0,0,0,0,0,0,0,0,0,0,0,0,0,0,0,0,0,0,0,0,0,0,0,5,1,0,6,54,0,1,3,5,5
1767.ps1,1,1665,1,1665.0,1665,0,0,12,12,5,5,113,113,34,36,0,7,0,2,25,0,0,0,0,0,0,30,0,0,0,0,0,0,0,0,0,0,0,0,0,0,0,0,0,0,0,0,0,0,0,0,0,0,0,0,0,0,0,0,0,0,0,0,0,0,0,0,0,0,0,0,0,0,0,2,0,0,0,0,0,0,0,0,0,0,0,0,1,0,0,0,0,0,0,0,0,1,0,2,1,0,4,31,0,0,4,2,3
1765.ps1,1,427,1,426.0,426,1,1,7,7,6,6,29,29,8,32,2,4,0,3,0,0,0,0,1,0,1,31,0,0,0,0,0,0,0,0,0,0,0,0,0,0,0,0,0,0,0,0,0,0,0,0,0,0,0,0,0,0,0,0,0,0,0,0,0,0,0,0,0,0,0,0,0,0,0,1,0,0,0,0,0,0,0,0,0,0,0,0,0,0,0,0,0,0,0,0,0,0,0,4,1,1,5,32,0,1,5,2,4
177.ps1,1,2797,1,2796.0,2796,0,1,22,22,20,20,50,50,7,359,8,14,0,0,7,0,0,0,1,0,1,51,0,0,0,0,0,0,0,0,0,0,0,0,0,0,0,0,0,0,0,0,0,0,0,0,0,0,0,0,0,0,0,0,0,0,0,0,0,0,0,0,0,0,0,0,0,0,0,1,0,0,0,0,0,0,0,0,0,0,0,0,0,0,0,0,0,0,0,0,0,0,0,10,1,0,8,51,0,1,10,5,7
1777.ps1,1,3200,1,3199.0,3199,0,2,29,29,31,31,57,57,16,364,12,12,0,0,11,0,0,0,3,0,2,55,0,0,0,0,0,0,0,0,0,0,0,0,0,0,0,0,0,0,0,0,0,0,0,0,0,0,0,0,0,0,0,0,0,0,0,0,0,0,0,0,0,0,0,0,0,0,0,1,0,0,0,0,0,0,0,0,0,0,0,0,0,2,0,0,0,0,0,0,0,0,0,9,1,4,8,59,0,2,17,1,7
1781.ps1,1,3191,1,3190.0,3190,0,0,22,22,21,21,79,79,10,430,7,10,0,0,7,0,0,0,0,0,0,78,0,0,0,0,0,0,0,0,0,0,0,0,0,0,0,0,0,0,0,0,0,0,0,0,0,0,0,0,0,0,0,0,0,0,0,0,0,0,0,0,0,0,0,0,0,0,0,1,0,0,0,0,0,0,0,0,0,0,0,0,0,1,0,0,0,0,0,0,0,0,0,5,1,3,5,82,0,0,12,1,4
1773.ps1,1,2924,1,2923.0,2923,0,0,22,22,16,16,73,73,12,383,3,11,2,0,7,0,0,0,0,0,0,76,0,0,0,0,0,0,0,0,0,0,0,0,0,0,0,0,0,0,0,0,0,0,0,0,0,0,0,0,0,0,0,0,0,0,0,0,0,0,0,0,0,0,0,0,0,0,0,1,0,0,0,0,0,0,0,0,0,0,0,0,0,0,0,0,0,0,0,0,0,0,0,2,2,3,5,81,0,0,6,2,4
1775.ps1,1,2964,1,2963.0,2963,0,2,24,24,23,23,73,73,10,381,9,10,0,0,7,0,0,0,1,0,2,73,0,0,0,0,0,0,0,0,0,0,0,0,0,0,0,0,0,0,0,0,0,0,0,0,0,0,0,0,0,0,0,0,0,0,0,0,0,0,0,0,0,0,0,0,0,0,0,1,0,0,0,0,0,0,0,0,0,0,0,0,0,0,0,0,0,0,0,0,0,0,0,7,1,3,7,76,0,2,12,1,6
1796.ps1,1,2889,1,2888.0,2888,0,1,21,21,16,16,52,52,9,379,6,14,0,0,7,0,0,0,0,0,1,54,0,0,0,0,0,0,0,0,0,0,0,0,0,0,0,0,0,0,0,0,0,0,0,0,0,0,0,0,0,0,0,0,0,0,0,0,0,0,0,0,0,0,0,0,0,0,0,1,0,0,0,0,0,0,0,0,0,0,0,0,0,0,0,0,0,0,0,0,0,0,0,8,1,1,6,55,0,1,6,5,5
1780.ps1,1,3267,1,3266.0,3266,0,2,26,26,25,25,60,60,16,376,8,17,0,0,12,0,0,0,3,0,2,60,0,0,0,0,0,0,0,0,0,0,0,0,0,0,0,0,0,0,0,0,0,0,0,0,0,0,0,0,0,0,0,0,0,0,0,0,0,0,0,0,0,0,0,0,0,0,0,1,0,0,0,1,0,0,0,0,0,0,0,0,0,2,0,0,0,0,0,0,0,0,0,5,1,4,5,64,0,2,11,1,4
1816.ps1,1,2977,1,2976.0,2976,0,1,22,22,19,19,73,73,8,382,8,14,0,0,7,0,0,0,1,0,1,74,0,0,0,0,0,0,0,0,0,0,0,0,0,0,0,0,0,0,0,0,0,0,0,0,0,0,0,0,0,0,0,0,0,0,0,0,0,0,0,0,0,0,0,0,0,0,0,1,0,0,0,0,0,0,0,0,0,0,0,0,0,0,0,0,0,0,0,0,0,0,0,10,1,1,7,75,0,1,9,5,6
1807.ps1,1,1822,1,1821.0,1821,0,0,17,17,26,26,142,142,27,146,8,6,2,4,8,0,2,0,0,0,0,144,0,0,0,0,0,0,0,0,0,0,0,0,0,0,0,0,0,0,0,0,0,0,0,0,0,0,0,0,0,0,0,0,0,0,0,0,0,0,0,0,0,0,0,0,0,0,0,1,0,0,0,0,0,0,0,0,0,0,0,0,0,1,0,0,0,0,0,0,0,0,0,8,2,4,8,150,0,0,17,2,7
1782.ps1,1,3166,1,3165.0,3165,0,0,21,21,13,13,79,79,9,432,3,14,2,0,7,0,0,0,0,0,0,82,0,0,0,0,0,0,0,0,0,0,0,0,0,0,0,0,0,0,0,0,0,0,0,0,0,0,0,0,0,0,0,0,0,0,0,0,0,0,0,0,0,0,0,0,0,0,0,1,0,0,0,0,0,0,0,0,0,0,0,0,0,0,0,0,0,0,0,0,0,0,0,5,2,0,7,84,0,0,3,5,6
1794.ps1,1,3001,1,3000.0,3000,0,2,21,21,17,17,54,54,8,405,7,13,0,0,7,0,0,0,0,0,2,55,0,0,0,0,0,0,0,0,0,0,0,0,0,0,0,0,0,0,0,0,0,0,0,0,0,0,0,0,0,0,0,0,0,0,0,0,0,0,0,0,0,0,0,0,0,0,0,1,0,0,0,0,0,0,0,0,0,0,0,0,0,0,0,0,0,0,0,0,0,0,0,8,1,0,7,55,0,2,6,4,6
1779.ps1,1,2954,1,2953.0,2953,0,2,21,21,20,20,73,73,8,381,9,13,0,0,7,0,0,0,0,0,2,73,0,0,0,0,0,0,0,0,0,0,0,0,0,0,0,0,0,0,0,0,0,0,0,0,0,0,0,0,0,0,0,0,0,0,0,0,0,0,0,0,0,0,0,0,0,0,0,1,0,0,0,0,0,0,0,0,0,0,0,0,0,0,0,0,0,0,0,0,0,0,0,10,1,0,7,73,0,2,9,4,6
1824.ps1,1,468,1,467.0,467,0,0,6,6,2,2,41,41,9,42,0,3,0,4,0,0,0,0,0,0,0,43,0,0,0,0,0,0,0,0,0,0,0,0,0,0,0,0,0,0,0,0,0,0,0,0,0,0,0,0,0,0,0,0,0,0,0,0,0,0,0,0,0,0,0,0,0,0,0,1,0,0,0,0,0,0,0,0,0,0,0,0,0,1,0,0,0,0,0,0,1,0,0,1,1,1,4,45,0,0,2,1,3
182.ps1,1,3024,1,3023.0,3023,0,1,21,21,19,19,54,54,8,407,7,14,0,0,7,0,0,0,0,0,1,54,0,0,0,0,0,0,0,0,0,0,0,0,0,0,0,0,0,0,0,0,0,0,0,0,0,0,0,0,0,0,0,0,0,0,0,0,0,0,0,0,0,0,0,0,0,0,0,1,0,0,0,0,0,0,0,0,0,0,0,0,0,0,0,0,0,0,0,0,0,0,0,9,1,0,7,54,0,1,9,5,6
179.ps1,1,605,1,604.0,604,0,3,11,11,6,6,44,44,12,48,2,3,0,4,0,0,0,0,0,0,2,52,0,0,0,0,0,0,0,0,0,0,0,0,0,0,0,0,0,0,0,0,0,0,0,0,0,0,0,0,0,0,0,0,0,0,0,0,0,0,0,0,0,0,0,0,0,0,0,1,0,0,0,0,0,0,0,0,0,0,0,0,0,0,0,0,0,0,0,0,0,0,0,3,1,4,5,56,0,2,4,1,4
1791.ps1,1,3175,1,3174.0,3174,0,2,21,21,17,17,79,79,8,430,7,13,0,0,7,0,0,0,0,0,2,80,0,0,0,0,0,0,0,0,0,0,0,0,0,0,0,0,0,0,0,0,0,0,0,0,0,0,0,0,0,0,0,0,0,0,0,0,0,0,0,0,0,0,0,0,0,0,0,1,0,0,0,0,0,0,0,0,0,0,0,0,0,0,0,0,0,0,0,0,0,0,0,8,1,0,7,80,0,2,6,4,6
1803.ps1,1,2764,1,2763.0,2763,0,0,20,20,18,18,50,50,7,358,7,13,0,0,7,0,0,0,0,0,0,49,0,0,0,0,0,0,0,0,0,0,0,0,0,0,0,0,0,0,0,0,0,0,0,0,0,0,0,0,0,0,0,0,0,0,0,0,0,0,0,0,0,0,0,0,0,0,0,1,0,0,0,0,0,0,0,0,0,0,0,0,0,1,0,0,0,0,0,0,0,0,0,8,1,0,6,50,0,0,9,4,5
1819.ps1,1,2909,1,2908.0,2908,0,2,23,23,23,23,72,72,10,371,9,10,0,0,7,0,0,0,1,0,2,72,0,0,0,0,0,0,0,0,0,0,0,0,0,0,0,0,0,0,0,0,0,0,0,0,0,0,0,0,0,0,0,0,0,0,0,0,0,0,0,0,0,0,0,0,0,0,0,1,0,0,0,0,0,0,0,0,0,0,0,0,0,0,0,0,0,0,0,0,0,0,0,7,1,3,6,75,0,2,12,1,5
1823.ps1,1,2911,1,2910.0,2910,0,2,23,23,23,23,52,52,7,378,11,13,0,0,7,0,0,0,1,0,2,51,0,0,0,0,0,0,0,0,0,0,0,0,0,0,0,0,0,0,0,0,0,0,0,0,0,0,0,0,0,0,0,0,0,0,0,0,0,0,0,0,0,0,0,0,0,0,0,1,0,0,0,0,0,0,0,0,0,0,0,0,0,0,0,0,0,0,0,0,0,0,0,12,1,0,9,51,0,2,12,4,8
1800.ps1,1,688,1,687.0,687,0,2,7,7,6,6,69,69,7,62,2,4,0,3,0,0,0,0,1,0,2,61,0,0,0,0,0,0,0,0,0,0,0,0,0,0,0,0,0,0,0,0,0,0,0,0,0,0,0,0,0,0,0,0,0,0,0,0,0,0,0,0,0,0,0,0,0,0,0,2,0,0,0,0,0,0,0,0,0,0,0,0,0,0,0,0,0,0,0,0,0,0,0,4,1,0,5,61,0,2,4,2,4
1843.ps1,1,3178,1,3177.0,3177,0,1,21,21,16,16,79,79,8,432,5,14,0,0,7,0,0,0,0,0,1,80,0,0,0,0,0,0,0,0,0,0,0,0,0,0,0,0,0,0,0,0,0,0,0,0,0,0,0,0,0,0,0,0,0,0,0,0,0,0,0,0,0,0,0,0,0,0,0,1,0,0,0,0,0,0,0,0,0,0,0,0,0,0,0,0,0,0,0,0,0,0,0,7,1,0,7,80,0,1,6,5,6
1833.ps1,1,2746,1,2745.0,2745,0,0,19,19,15,15,50,50,7,358,5,14,0,0,7,0,0,0,0,0,0,50,0,0,0,0,0,0,0,0,0,0,0,0,0,0,0,0,0,0,0,0,0,0,0,0,0,0,0,0,0,0,0,0,0,0,0,0,0,0,0,0,0,0,0,0,0,0,0,1,0,0,0,0,0,0,0,0,0,0,0,0,1,0,0,0,0,0,0,0,0,0,0,6,1,0,5,51,0,0,6,4,4
1826.ps1,1,2932,1,2931.0,2931,0,0,22,22,16,16,73,73,8,383,5,14,2,0,7,0,0,0,1,0,0,75,0,0,0,0,0,0,0,0,0,0,0,0,0,0,0,0,0,0,0,0,0,0,0,0,0,0,0,0,0,0,0,0,0,0,0,0,0,0,0,0,0,0,0,0,0,0,0,1,0,0,0,0,0,0,0,0,0,0,0,0,0,0,0,0,0,0,0,0,0,0,0,7,2,0,8,77,0,0,6,5,7
1830.ps1,1,2902,1,2901.0,2901,0,0,23,23,19,19,52,52,8,380,7,15,2,0,7,0,0,0,1,0,0,53,0,0,0,0,0,0,0,0,0,0,0,0,0,0,0,0,0,0,0,0,0,0,0,0,0,0,0,0,0,0,0,0,0,0,0,0,0,0,0,0,0,0,0,0,0,0,0,1,0,0,0,0,0,0,0,0,0,0,0,0,0,0,0,0,0,0,0,0,0,0,0,9,2,0,9,55,0,0,9,5,8
1825.ps1,1,2882,1,2881.0,2881,0,1,22,22,17,17,52,52,7,379,6,14,0,0,7,0,0,0,1,0,1,54,0,0,0,0,0,0,0,0,0,0,0,0,0,0,0,0,0,0,0,0,0,0,0,0,0,0,0,0,0,0,0,0,0,0,0,0,0,0,0,0,0,0,0,0,0,0,0,1,0,0,0,0,0,0,0,0,0,0,0,0,0,0,0,0,0,0,0,0,0,0,0,8,1,0,8,54,0,1,7,5,7
1839.ps1,1,586,1,585.0,585,0,2,7,7,6,6,59,59,9,52,2,4,0,3,0,0,0,0,1,0,2,51,0,0,0,0,0,0,0,0,0,0,0,0,0,0,0,0,0,0,0,0,0,0,0,0,0,0,0,0,0,0,0,0,0,0,0,0,0,0,0,0,0,0,0,0,0,0,0,2,0,0,0,0,0,0,0,0,0,0,0,0,0,0,0,0,0,0,0,0,0,0,0,4,1,0,5,51,0,2,4,2,4
1846.ps1,1,2891,1,2890.0,2890,0,2,23,23,20,20,52,52,11,380,7,11,0,0,7,0,0,0,0,0,1,53,0,0,0,0,0,0,0,0,0,0,0,0,0,0,0,0,0,0,0,0,0,0,0,0,0,0,0,0,0,0,0,0,0,0,0,0,0,0,0,0,0,0,0,0,0,0,0,1,0,0,0,0,0,0,0,0,0,0,0,0,0,0,0,0,0,0,0,0,0,0,0,6,1,3,6,56,0,1,10,2,5
1837.ps1,1,283,1,282.0,282,0,1,9,9,6,6,15,15,6,17,2,3,0,3,0,0,0,0,1,0,1,17,0,0,0,0,0,0,0,0,0,0,0,0,0,0,0,0,0,0,0,0,0,0,0,0,0,0,0,0,0,0,0,0,0,0,0,0,0,0,0,0,0,0,0,0,0,0,0,1,0,0,0,0,0,0,0,0,0,0,0,0,0,1,0,0,0,0,1,1,0,0,0,4,1,1,6,18,0,1,5,2,5
1851.ps1,1,2911,1,2910.0,2910,0,1,20,20,13,13,73,73,8,382,4,14,0,0,7,0,0,0,1,0,1,76,0,0,0,0,0,0,0,0,0,0,0,0,0,0,0,0,0,0,0,0,0,0,0,0,0,0,0,0,0,0,0,0,0,0,0,0,0,0,0,0,0,0,0,0,0,0,0,1,0,0,0,0,0,0,0,0,0,0,0,0,0,0,0,0,0,0,0,0,0,0,0,6,1,1,5,77,0,1,3,5,4
1848.ps1,1,3015,1,3014.0,3014,0,0,20,20,15,15,76,76,7,402,5,14,0,0,7,0,0,0,0,0,0,76,0,0,0,0,0,0,0,0,0,0,0,0,0,0,0,0,0,0,0,0,0,0,0,0,0,0,0,0,0,0,0,0,0,0,0,0,0,0,0,0,0,0,0,0,0,0,0,1,0,0,0,0,0,0,0,0,0,0,0,0,1,0,0,0,0,0,0,0,0,0,0,6,1,0,6,77,0,0,6,4,5
185.ps1,1,489,1,488.0,488,0,1,7,7,5,5,37,37,8,40,2,5,0,4,0,0,0,0,1,0,1,39,0,0,0,0,0,0,0,0,0,0,0,0,0,0,0,0,0,0,0,0,0,0,0,0,0,0,0,0,0,0,0,0,0,0,0,0,0,0,0,0,0,0,0,0,0,0,0,1,0,0,0,0,0,0,0,0,0,0,0,0,0,0,0,0,0,0,0,0,0,0,0,5,1,0,6,39,0,1,4,3,5
1854.ps1,1,2985,1,2984.0,2984,0,2,22,22,20,20,54,54,10,398,7,10,0,0,7,0,0,0,1,0,2,55,0,0,0,0,0,0,0,0,0,0,0,0,0,0,0,0,0,0,0,0,0,0,0,0,0,0,0,0,0,0,0,0,0,0,0,0,0,0,0,0,0,0,0,0,0,0,0,1,0,0,0,0,0,0,0,0,0,0,0,0,0,0,0,0,0,0,0,0,0,0,0,5,1,3,5,58,0,2,9,1,4
1840.ps1,1,518,1,517.0,517,0,1,6,6,3,3,40,40,13,43,0,5,0,6,0,0,0,0,0,0,1,43,0,0,0,0,0,0,0,0,0,0,0,0,0,0,0,0,0,0,0,0,0,0,0,0,0,0,0,0,0,0,0,0,0,0,0,0,0,0,0,0,0,0,0,0,0,0,0,2,0,0,0,0,0,0,0,0,0,0,0,0,0,0,0,0,0,0,0,0,0,1,0,2,1,1,4,44,0,1,2,2,3
1849.ps1,1,2800,1,2799.0,2799,0,1,22,22,19,19,50,50,7,360,7,14,0,0,7,0,0,0,1,0,1,50,0,0,0,0,0,0,0,0,0,0,0,0,0,0,0,0,0,0,0,0,0,0,0,0,0,0,0,0,0,0,0,0,0,0,0,0,0,0,0,0,0,0,0,0,0,0,0,1,0,0,0,0,0,0,0,0,0,0,0,0,0,0,0,0,0,0,0,0,0,0,0,9,1,0,8,50,0,1,9,5,7
1856.ps1,1,669,1,668.0,668,0,0,9,9,10,10,45,45,7,49,4,7,0,4,0,0,0,0,0,0,0,48,0,0,0,0,0,0,0,0,0,0,0,0,0,0,0,0,0,0,0,0,0,0,0,0,0,0,0,0,0,0,0,0,0,0,0,0,0,0,0,0,0,0,0,0,0,0,0,1,0,0,0,0,0,0,0,0,0,0,0,0,0,1,0,0,0,0,0,0,0,0,0,9,1,0,7,49,0,0,10,5,6
1852.ps1,1,2786,1,2785.0,2785,0,2,22,22,20,20,50,50,7,358,9,13,0,0,7,0,0,0,1,0,2,50,0,0,0,0,0,0,0,0,0,0,0,0,0,0,0,0,0,0,0,0,0,0,0,0,0,0,0,0,0,0,0,0,0,0,0,0,0,0,0,0,0,0,0,0,0,0,0,1,0,0,0,0,0,0,0,0,0,0,0,0,0,0,0,0,0,0,0,0,0,0,0,10,1,0,8,50,0,2,9,4,7
1853.ps1,1,4301,1,4300.0,4300,0,1,22,22,19,19,107,107,11,641,5,11,0,0,7,0,0,0,0,0,1,108,0,0,0,0,0,0,0,0,0,0,0,0,0,0,0,0,0,0,0,0,0,0,0,0,0,0,0,0,0,0,0,0,0,0,0,0,0,0,0,0,0,0,0,0,0,0,0,1,0,0,0,0,0,0,0,0,0,0,0,0,0,0,0,0,0,0,0,0,0,0,0,4,1,3,5,111,0,1,9,2,4
1868.ps1,1,2911,1,2910.0,2910,0,1,21,21,16,16,73,73,10,381,5,10,0,0,7,0,0,0,0,0,0,74,0,0,0,0,0,0,0,0,0,0,0,0,0,0,0,0,0,0,0,0,0,0,0,0,0,0,0,0,0,0,0,0,0,0,0,0,0,0,0,0,0,0,0,0,0,0,0,1,0,0,0,0,0,0,0,0,0,0,0,0,0,1,0,0,0,0,0,0,0,0,0,3,1,3,4,78,0,0,7,1,3
1861.ps1,1,368,1,367.0,367,0,0,5,5,1,1,27,27,8,28,0,4,0,3,0,0,0,0,0,0,0,29,0,0,0,0,0,0,0,0,0,0,0,0,0,0,0,0,0,0,0,0,0,0,0,0,0,0,0,0,0,0,0,0,0,0,0,0,0,0,0,0,0,0,0,0,0,0,0,1,0,0,0,0,0,0,0,0,0,0,0,0,0,1,0,0,0,0,0,0,0,1,0,2,1,0,4,30,0,0,1,2,3
1855.ps1,1,2875,1,2874.0,2874,0,1,24,24,17,17,52,52,11,380,5,11,2,0,7,0,0,0,1,0,0,55,0,0,0,0,0,0,0,0,0,0,0,0,0,0,0,0,0,0,0,0,0,0,0,0,0,0,0,0,0,0,0,0,0,0,0,0,0,0,0,0,0,0,0,0,0,0,0,1,0,0,0,0,0,0,0,0,0,0,0,0,0,0,0,0,0,0,0,0,0,0,0,4,2,3,7,60,0,0,7,2,6
1864.ps1,1,2822,1,2821.0,2821,0,2,21,21,17,17,51,51,8,368,7,13,0,0,7,0,0,0,0,0,2,52,0,0,0,0,0,0,0,0,0,0,0,0,0,0,0,0,0,0,0,0,0,0,0,0,0,0,0,0,0,0,0,0,0,0,0,0,0,0,0,0,0,0,0,0,0,0,0,1,0,0,0,0,0,0,0,0,0,0,0,0,0,0,0,0,0,0,0,0,0,0,0,8,1,0,7,52,0,2,6,4,6
1875.ps1,1,2832,1,2831.0,2831,0,2,22,22,20,20,51,51,8,368,9,13,0,0,7,0,0,0,0,0,2,51,0,0,0,0,0,0,0,0,0,0,0,0,0,0,0,0,0,0,0,0,0,0,0,0,0,0,0,0,0,0,0,0,0,0,0,0,0,0,0,0,0,0,0,0,0,0,0,1,0,0,0,0,0,0,0,0,0,0,0,0,0,0,0,0,0,0,0,0,0,0,0,10,1,0,8,51,0,2,9,4,7
1878.ps1,1,468,1,467.0,467,0,1,8,8,4,4,34,34,9,36,1,4,0,4,0,0,0,0,1,0,1,38,0,0,0,0,0,0,0,0,0,0,0,0,0,0,0,0,0,0,0,0,0,0,0,0,0,0,0,0,0,0,0,0,0,0,0,0,0,0,0,0,0,0,0,0,0,0,0,1,0,0,0,0,0,0,0,0,0,0,0,0,0,0,0,0,0,0,0,0,0,0,0,3,1,1,6,39,0,1,3,2,5
1879.ps1,1,2782,1,2781.0,2781,0,2,23,23,17,17,50,50,10,360,5,11,0,0,7,0,0,0,1,0,1,52,0,0,0,0,0,0,0,0,0,0,0,0,0,0,0,0,0,0,0,0,0,0,0,0,0,0,0,0,0,0,0,0,0,0,0,0,0,0,0,0,0,0,0,0,0,0,0,1,0,0,0,0,0,0,0,0,0,0,0,0,0,0,0,0,0,0,0,0,0,0,0,4,1,3,6,55,0,1,7,2,5
187.ps1,1,2938,1,2937.0,2937,0,1,23,23,22,22,52,52,8,379,10,14,0,0,7,0,0,0,1,0,1,52,0,0,0,0,0,0,0,0,0,0,0,0,0,0,0,0,0,0,0,0,0,0,0,0,0,0,0,0,0,0,0,0,0,0,0,0,0,0,0,0,0,0,0,0,0,0,0,1,0,0,0,0,0,0,0,0,0,0,0,0,0,0,0,0,0,0,0,0,0,0,0,12,1,1,8,53,0,1,12,5,7
1874.ps1,1,2936,1,2935.0,2935,0,1,22,22,17,17,73,73,7,382,6,14,0,0,7,0,0,0,1,0,1,75,0,0,0,0,0,0,0,0,0,0,0,0,0,0,0,0,0,0,0,0,0,0,0,0,0,0,0,0,0,0,0,0,0,0,0,0,0,0,0,0,0,0,0,0,0,0,0,1,0,0,0,0,0,0,0,0,0,0,0,0,0,0,0,0,0,0,0,0,0,0,0,8,1,0,8,75,0,1,7,5,7
1877.ps1,1,481,1,480.0,480,0,0,6,6,4,4,46,46,9,39,0,5,0,3,0,0,0,0,0,0,0,37,0,0,0,0,0,0,0,0,0,0,0,0,0,0,0,0,0,0,0,0,0,0,0,0,0,0,0,0,0,0,0,0,0,0,0,0,0,0,0,0,0,0,0,0,0,0,0,2,0,0,0,0,0,0,0,0,0,0,0,0,1,0,0,0,0,0,0,0,0,0,0,2,1,0,4,38,0,0,4,2,3
1880.ps1,1,2991,1,2990.0,2990,0,1,24,24,19,19,74,74,12,383,6,11,0,0,7,0,0,0,0,0,1,76,0,0,0,0,0,0,0,0,0,0,0,0,0,0,0,0,0,0,0,0,0,0,0,0,0,0,0,0,0,0,0,0,0,0,0,0,0,0,0,0,0,0,0,0,0,0,0,1,0,0,0,0,0,0,0,0,0,0,0,0,0,0,0,0,0,0,0,0,0,0,0,5,1,4,6,80,0,1,9,2,5
1885.ps1,1,470,1,469.0,469,1,2,7,7,3,3,39,39,8,40,2,4,0,3,0,0,0,0,0,0,2,42,0,0,0,0,0,0,0,0,0,0,0,0,0,0,0,0,0,0,0,0,0,0,0,0,0,0,0,0,0,0,0,0,0,0,0,0,0,0,0,0,0,0,0,0,0,0,0,1,0,0,0,0,0,0,0,0,0,0,0,0,0,0,0,0,0,0,0,0,0,0,0,4,1,0,6,42,0,2,1,2,5
1895.ps1,1,2784,1,2783.0,2783,0,1,22,22,19,19,50,50,8,360,7,14,0,0,7,0,0,0,0,0,1,50,0,0,0,0,0,0,0,0,0,0,0,0,0,0,0,0,0,0,0,0,0,0,0,0,0,0,0,0,0,0,0,0,0,0,0,0,0,0,0,0,0,0,0,0,0,0,0,1,0,0,0,0,0,0,0,0,0,0,0,0,0,0,0,0,0,0,0,0,0,0,0,9,1,0,8,50,0,1,9,5,7
1887.ps1,1,2829,1,2828.0,2828,0,1,25,25,23,23,50,50,12,360,9,12,2,0,7,0,0,0,0,0,0,51,0,0,0,0,0,0,0,0,0,0,0,0,0,0,0,0,0,0,0,0,0,0,0,0,0,0,0,0,0,0,0,0,0,0,0,0,0,0,0,0,0,0,0,0,0,0,0,1,0,0,0,0,0,0,0,0,0,0,0,0,0,0,0,0,0,0,0,0,0,0,0,8,2,3,8,56,0,0,13,2,7
1882.ps1,1,427,1,426.0,426,0,1,9,9,6,6,27,27,7,29,3,5,0,3,0,0,0,0,1,0,1,30,0,0,0,0,0,0,0,0,0,0,0,0,0,0,0,0,0,0,0,0,0,0,0,0,0,0,0,0,0,0,0,0,0,0,0,0,0,0,0,0,0,0,0,0,1,0,0,1,0,0,0,0,0,0,0,0,0,0,0,0,0,0,0,0,0,0,0,0,0,0,0,6,1,0,8,30,0,1,5,3,7
1886.ps1,1,2991,1,2990.0,2990,0,0,25,25,25,25,73,73,11,383,9,11,2,0,7,0,0,0,1,0,0,73,0,0,0,0,0,0,0,0,0,0,0,0,0,0,0,0,0,0,0,0,0,0,0,0,0,0,0,0,0,0,0,0,0,0,0,0,0,0,0,0,0,0,0,0,0,0,0,1,0,0,0,0,0,0,0,0,0,0,0,0,0,0,0,0,0,0,0,0,0,0,0,8,2,3,8,78,0,0,15,2,7
1896.ps1,1,2888,1,2887.0,2887,0,1,23,23,19,19,52,52,10,380,5,11,0,0,7,0,0,0,1,0,1,53,0,0,0,0,0,0,0,0,0,0,0,0,0,0,0,0,0,0,0,0,0,0,0,0,0,0,0,0,0,0,0,0,0,0,0,0,0,0,0,0,0,0,0,0,0,0,0,1,0,0,0,0,0,0,0,0,0,0,0,0,0,0,0,0,0,0,0,0,0,0,0,4,1,3,6,56,0,1,9,2,5
189.ps1,1,2952,1,2951.0,2951,0,2,21,21,20,20,73,73,8,381,9,13,0,0,7,0,0,0,0,0,2,73,0,0,0,0,0,0,0,0,0,0,0,0,0,0,0,0,0,0,0,0,0,0,0,0,0,0,0,0,0,0,0,0,0,0,0,0,0,0,0,0,0,0,0,0,0,0,0,1,0,0,0,0,0,0,0,0,0,0,0,0,0,0,0,0,0,0,0,0,0,0,0,10,1,0,7,73,0,2,9,4,6
1913.ps1,1,3171,1,3170.0,3170,0,0,16,16,17,17,77,77,21,81,34,13,2,18,11,0,0,0,1,0,0,78,0,0,0,0,0,0,0,0,0,0,0,0,0,0,0,0,0,0,0,0,0,0,0,0,0,0,0,0,0,0,0,0,0,0,0,0,0,0,0,0,0,0,0,0,0,0,0,1,0,0,0,0,0,1,0,0,0,0,0,0,0,1,0,0,0,0,0,0,0,1,0,11,2,0,9,80,0,0,12,5,8
1883.ps1,1,3558,1,3557.0,3557,1,0,40,40,18,18,67,67,35,68,15,35,0,3,24,7,1,0,2,0,0,63,0,0,1,0,0,1,0,0,0,0,0,0,0,0,0,0,0,0,0,0,0,0,0,5,0,0,0,0,0,0,0,0,3,0,0,0,0,0,0,0,0,0,0,0,0,0,0,3,0,0,0,0,0,0,0,0,0,0,0,0,0,3,0,0,0,1,1,1,1,2,0,7,1,5,7,69,0,0,17,1,6
1911.ps1,1,2908,1,2907.0,2907,0,2,24,24,23,23,52,52,11,378,9,10,0,0,7,0,0,0,0,0,2,52,0,0,0,0,0,0,0,0,0,0,0,0,0,0,0,0,0,0,0,0,0,0,0,0,0,0,0,0,0,0,0,0,0,0,0,0,0,0,0,0,0,0,0,0,0,0,0,1,0,0,0,0,0,0,0,0,0,0,0,0,0,0,0,0,0,0,0,0,0,0,0,7,1,3,7,55,0,2,12,1,6
1905.ps1,1,2789,1,2788.0,2788,0,2,19,19,14,14,51,51,7,368,5,13,0,0,7,0,0,0,1,0,2,53,0,0,0,0,0,0,0,0,0,0,0,0,0,0,0,0,0,0,0,0,0,0,0,0,0,0,0,0,0,0,0,0,0,0,0,0,0,0,0,0,0,0,0,0,0,0,0,1,0,0,0,0,0,0,0,0,0,0,0,0,0,0,0,0,0,0,0,0,0,0,0,6,1,0,5,53,0,2,3,4,4
1912.ps1,1,3159,1,3158.0,3158,0,0,23,23,19,19,59,59,12,363,6,22,0,0,12,0,0,0,2,0,0,58,0,0,0,0,0,0,0,0,0,0,0,0,0,0,0,0,0,0,0,0,0,0,0,0,0,0,0,0,0,0,0,0,0,0,0,0,0,0,0,0,0,0,0,0,0,0,0,1,0,0,0,0,0,0,0,0,0,0,0,0,1,1,0,0,0,0,0,0,0,0,0,7,1,0,6,59,0,0,7,5,5
1906.ps1,1,577,1,576.0,576,1,3,10,10,7,7,41,41,9,43,5,3,0,3,1,0,0,0,0,0,2,45,0,0,0,0,0,0,0,0,0,0,0,0,0,0,0,0,0,0,0,0,0,0,0,0,0,0,0,0,0,0,0,0,0,0,0,0,0,0,0,0,0,0,0,0,0,0,0,1,0,0,0,0,0,0,0,0,0,0,0,0,0,0,0,0,0,0,0,0,0,0,0,5,1,2,6,47,0,2,5,1,5
1908.ps1,1,2906,1,2905.0,2905,0,0,20,20,15,15,73,73,7,381,5,14,0,0,7,0,0,0,0,0,0,73,0,0,0,0,0,0,0,0,0,0,0,0,0,0,0,0,0,0,0,0,0,0,0,0,0,0,0,0,0,0,0,0,0,0,0,0,0,0,0,0,0,0,0,0,0,0,0,1,0,0,0,0,0,0,0,0,0,0,0,0,1,0,0,0,0,0,0,0,0,0,0,6,1,0,6,74,0,0,6,4,5
1915.ps1,1,3090,1,3089.0,3089,0,2,23,23,20,20,55,55,10,415,7,11,0,0,7,0,0,0,1,0,1,56,0,0,0,0,0,0,0,0,0,0,0,0,0,0,0,0,0,0,0,0,0,0,0,0,0,0,0,0,0,0,0,0,0,0,0,0,0,0,0,0,0,0,0,0,0,0,0,1,0,0,0,0,0,0,0,0,0,0,0,0,0,0,0,0,0,0,0,0,0,0,0,6,1,3,6,59,0,1,10,2,5
1901.ps1,1,2988,1,2987.0,2987,0,2,23,23,23,23,73,73,8,381,11,13,0,0,7,0,0,0,0,0,2,72,0,0,0,0,0,0,0,0,0,0,0,0,0,0,0,0,0,0,0,0,0,0,0,0,0,0,0,0,0,0,0,0,0,0,0,0,0,0,0,0,0,0,0,0,0,0,0,1,0,0,0,0,0,0,0,0,0,0,0,0,0,0,0,0,0,0,0,0,0,0,0,12,1,0,9,72,0,2,12,4,8
191.ps1,1,1982,1,1981.0,1981,0,0,12,13,22,23,166,165,23,168,8,10,0,5,8,0,2,1,0,0,0,166,0,0,0,0,0,0,0,0,0,0,0,0,0,0,0,0,0,0,0,0,0,0,0,0,0,0,0,0,0,0,0,0,0,0,0,0,0,0,0,0,0,0,0,0,0,0,0,1,0,0,0,0,0,0,0,0,0,0,0,0,0,1,0,0,0,0,0,0,0,0,0,12,1,0,7,167,0,0,14,6,6
1919.ps1,1,2921,1,2920.0,2920,0,1,24,24,23,23,52,52,11,379,8,11,0,0,7,0,0,0,0,0,1,53,0,0,0,0,0,0,0,0,0,0,0,0,0,0,0,0,0,0,0,0,0,0,0,0,0,0,0,0,0,0,0,0,0,0,0,0,0,0,0,0,0,0,0,0,0,0,0,1,0,0,0,0,0,0,0,0,0,0,0,0,0,0,0,0,0,0,0,0,0,0,0,7,1,3,7,56,0,1,13,2,6
192.ps1,1,2813,1,2812.0,2812,0,3,24,24,24,24,50,50,10,358,11,10,0,0,7,0,0,0,1,0,2,50,0,0,0,0,0,0,0,0,0,0,0,0,0,0,0,0,0,0,0,0,0,0,0,0,0,0,0,0,0,0,0,0,0,0,0,0,0,0,0,0,0,0,0,0,0,0,0,1,0,0,0,0,0,0,0,0,0,0,0,0,0,0,0,0,0,0,0,0,0,0,0,9,1,3,7,53,0,2,13,1,6
1910.ps1,1,604,1,603.0,603,0,2,11,11,15,15,32,32,9,36,8,7,0,4,0,0,0,0,0,0,2,35,0,0,0,0,0,0,0,0,0,0,0,0,0,0,0,0,0,0,0,0,0,0,0,0,0,0,0,0,0,0,0,0,0,0,0,0,0,0,0,0,0,0,0,0,0,0,0,1,0,0,0,0,0,0,0,0,0,0,0,0,0,0,0,0,0,0,0,0,0,1,0,13,1,0,9,35,0,2,13,5,8
1916.ps1,1,1414,1,1413.0,1413,0,0,14,14,12,12,119,119,21,120,4,5,0,8,5,0,0,0,0,0,0,119,0,0,0,0,0,0,0,0,0,0,0,0,0,0,0,0,0,0,0,0,0,0,0,0,0,0,0,0,0,0,0,0,0,0,0,0,0,0,0,0,0,0,0,0,0,0,0,1,0,0,0,0,0,0,0,0,0,0,0,0,0,2,0,0,0,0,0,0,0,0,0,5,1,2,6,122,0,0,10,1,5
1922.ps1,1,3053,1,3052.0,3052,0,3,23,23,18,18,76,76,10,402,7,10,0,0,7,0,0,0,1,0,2,78,0,0,0,0,0,0,0,0,0,0,0,0,0,0,0,0,0,0,0,0,0,0,0,0,0,0,0,0,0,0,0,0,0,0,0,0,0,0,0,0,0,0,0,0,0,0,0,1,0,0,0,0,0,0,0,0,0,0,0,0,0,0,0,0,0,0,0,0,0,0,0,5,1,3,6,81,0,2,7,1,5
1925.ps1,1,2763,1,2762.0,2762,0,2,21,21,17,17,50,50,8,358,7,13,0,0,7,0,0,0,0,0,2,51,0,0,0,0,0,0,0,0,0,0,0,0,0,0,0,0,0,0,0,0,0,0,0,0,0,0,0,0,0,0,0,0,0,0,0,0,0,0,0,0,0,0,0,0,0,0,0,1,0,0,0,0,0,0,0,0,0,0,0,0,0,0,0,0,0,0,0,0,0,0,0,8,1,0,7,51,0,2,6,4,6
1939.ps1,1,1514,1,1513.0,1513,1,0,24,25,33,33,30,29,50,40,9,6,3,6,21,0,8,0,2,0,0,31,0,0,0,0,0,0,0,0,0,0,0,0,0,0,0,0,0,0,0,0,0,0,0,0,0,0,0,0,0,0,0,0,0,0,0,0,0,0,0,0,0,0,0,0,0,0,0,1,0,0,0,0,0,0,0,0,0,0,0,0,0,1,0,0,0,1,1,0,0,1,0,4,2,4,7,37,0,0,9,2,6
1947.ps1,1,2790,1,2789.0,2789,0,2,20,20,14,14,51,51,7,368,5,13,0,0,7,0,0,0,1,0,2,53,0,0,0,0,0,0,0,0,0,0,0,0,0,0,0,0,0,0,0,0,0,0,0,0,0,0,0,0,0,0,0,0,0,0,0,0,0,0,0,0,0,0,0,0,0,0,0,1,0,0,0,0,0,0,0,0,0,0,0,0,0,0,0,0,0,0,0,0,0,0,0,6,1,0,6,53,0,2,3,4,5
1937.ps1,1,2965,1,2964.0,2964,0,1,24,24,20,20,73,73,11,383,7,12,2,0,7,0,0,0,1,0,0,75,0,0,0,0,0,0,0,0,0,0,0,0,0,0,0,0,0,0,0,0,0,0,0,0,0,0,0,0,0,0,0,0,0,0,0,0,0,0,0,0,0,0,0,0,0,0,0,1,0,0,0,0,0,0,0,0,0,0,0,0,0,0,0,0,0,0,0,0,0,0,0,6,2,3,7,80,0,0,10,2,6
1926.ps1,1,3070,1,3069.0,3069,0,1,22,22,19,19,76,76,8,404,7,14,0,0,7,0,0,0,0,0,1,76,0,0,0,0,0,0,0,0,0,0,0,0,0,0,0,0,0,0,0,0,0,0,0,0,0,0,0,0,0,0,0,0,0,0,0,0,0,0,0,0,0,0,0,0,0,0,0,1,0,0,0,0,0,0,0,0,0,0,0,0,0,0,0,0,0,0,0,0,0,0,0,9,1,0,8,76,0,1,9,5,7
1927.ps1,1,429,1,428.0,428,0,2,8,8,6,6,31,31,7,32,4,4,0,3,0,0,0,0,1,0,2,33,0,0,0,0,0,0,0,0,0,0,0,0,0,0,0,0,0,0,0,0,0,0,0,0,0,0,0,0,0,0,0,0,0,0,0,0,0,0,0,0,0,0,0,0,0,0,0,1,0,0,0,0,0,0,0,0,0,0,0,0,0,0,0,0,0,0,0,0,0,0,0,6,1,0,7,33,0,2,4,2,6
1946.ps1,1,559,1,558.0,558,1,1,8,8,6,6,44,44,11,47,2,5,0,5,0,0,0,0,0,0,1,46,0,0,0,0,0,0,0,0,0,0,0,0,0,0,0,0,0,0,0,0,0,0,0,0,0,0,0,0,0,0,0,0,0,0,0,0,0,0,0,0,0,0,0,0,0,0,0,1,0,0,0,0,0,0,0,0,0,0,0,0,0,0,0,0,0,0,0,0,0,0,0,4,1,1,6,47,0,1,5,2,5
1957.ps1,1,2809,1,2808.0,2808,0,0,23,23,19,19,50,50,8,360,7,14,2,0,7,0,0,0,1,0,0,51,0,0,0,0,0,0,0,0,0,0,0,0,0,0,0,0,0,0,0,0,0,0,0,0,0,0,0,0,0,0,0,0,0,0,0,0,0,0,0,0,0,0,0,0,0,0,0,1,0,0,0,0,0,0,0,0,0,0,0,0,0,0,0,0,0,0,0,0,0,0,0,9,2,0,9,53,0,0,9,5,8
1952.ps1,1,2930,1,2929.0,2929,0,3,22,22,18,18,73,73,11,381,7,10,0,0,7,0,0,0,0,0,2,75,0,0,0,0,0,0,0,0,0,0,0,0,0,0,0,0,0,0,0,0,0,0,0,0,0,0,0,0,0,0,0,0,0,0,0,0,0,0,0,0,0,0,0,0,0,0,0,1,0,0,0,0,0,0,0,0,0,0,0,0,0,0,0,0,0,0,0,0,0,0,0,5,1,3,5,78,0,2,7,1,4
1941.ps1,1,761,1,760.0,760,0,2,11,11,15,15,53,53,9,57,8,7,0,4,0,0,0,0,0,0,2,56,0,0,0,0,0,0,0,0,0,0,0,0,0,0,0,0,0,0,0,0,0,0,0,0,0,0,0,0,0,0,0,0,0,0,0,0,0,0,0,0,0,0,0,0,0,0,0,1,0,0,0,0,0,0,0,0,0,0,0,0,0,0,0,0,0,0,0,0,0,0,0,13,1,0,9,56,0,2,13,5,8
1948.ps1,1,3183,1,3182.0,3182,0,0,22,22,18,18,79,79,10,430,5,11,0,0,7,0,0,0,0,0,0,79,0,0,0,0,0,0,0,0,0,0,0,0,0,0,0,0,0,0,0,0,0,0,0,0,0,0,0,0,0,0,0,0,0,0,0,0,0,0,0,0,0,0,0,0,0,0,0,1,0,0,0,0,0,0,0,0,0,0,0,0,1,0,0,0,0,0,0,0,0,0,0,3,1,3,5,83,0,0,9,1,4
1962.ps1,1,2883,1,2882.0,2882,0,0,20,20,16,16,52,52,7,378,6,13,0,0,7,0,0,0,0,0,0,52,0,0,0,0,0,0,0,0,0,0,0,0,0,0,0,0,0,0,0,0,0,0,0,0,0,0,0,0,0,0,0,0,0,0,0,0,0,0,0,0,0,0,0,0,0,0,0,1,0,0,0,0,0,0,0,0,0,0,0,0,0,1,0,0,0,0,0,0,0,0,0,7,1,0,6,53,0,0,7,4,5
196.ps1,1,2987,1,2986.0,2986,0,1,21,21,17,17,74,74,7,392,6,14,0,0,7,0,0,0,1,0,1,76,0,0,0,0,0,0,0,0,0,0,0,0,0,0,0,0,0,0,0,0,0,0,0,0,0,0,0,0,0,0,0,0,0,0,0,0,0,0,0,0,0,0,0,0,0,0,0,1,0,0,0,0,0,0,0,0,0,0,0,0,0,0,0,0,0,0,0,0,0,0,0,8,1,0,7,76,0,1,7,5,6
1964.ps1,1,3171,1,3170.0,3170,0,1,23,23,17,17,57,57,12,433,5,12,2,0,7,0,0,0,0,0,0,60,0,0,0,0,0,0,0,0,0,0,0,0,0,0,0,0,0,0,0,0,0,0,0,0,0,0,0,0,0,0,0,0,0,0,0,0,0,0,0,0,0,0,0,0,0,0,0,1,0,0,0,0,0,0,0,0,0,0,0,0,0,0,0,0,0,0,0,0,0,0,0,4,2,3,6,65,0,0,7,2,5
197.ps1,1,2807,1,2806.0,2806,0,3,12,12,9,9,48,48,9,51,45,4,0,23,1,0,0,0,1,0,2,52,0,0,0,0,0,0,0,0,0,0,0,0,0,0,0,0,0,0,0,0,0,0,0,0,0,0,0,0,0,0,0,0,1,0,0,0,0,0,0,0,0,0,0,0,0,0,0,1,0,0,0,0,0,1,0,0,0,0,0,0,0,1,0,0,0,0,0,0,0,3,0,5,1,2,5,54,0,2,5,1,4
1949.ps1,1,2929,1,2928.0,2928,0,3,23,23,18,18,73,73,11,381,7,10,0,0,7,0,0,0,0,0,2,75,0,0,0,0,0,0,0,0,0,0,0,0,0,0,0,0,0,0,0,0,0,0,0,0,0,0,0,0,0,0,0,0,0,0,0,0,0,0,0,0,0,0,0,0,0,0,0,1,0,0,0,0,0,0,0,0,0,0,0,0,0,0,0,0,0,0,0,0,0,0,0,5,1,3,6,78,0,2,7,1,5
1973.ps1,1,1670,1,1669.0,1669,1,2,14,14,22,22,134,134,22,137,10,9,0,5,7,0,2,0,0,0,2,136,0,0,0,0,0,0,0,0,0,0,0,0,0,0,0,0,0,0,0,0,0,0,0,0,0,0,0,0,0,0,0,0,0,0,0,0,0,0,0,0,0,0,0,0,0,0,0,1,0,0,0,0,0,0,0,0,0,0,0,0,0,1,0,0,0,0,0,0,0,0,0,13,1,0,9,136,0,2,13,5,8
1965.ps1,1,2977,1,2976.0,2976,0,2,22,22,21,21,74,74,10,382,8,10,0,0,7,0,0,0,1,0,2,75,0,0,0,0,0,0,0,0,0,0,0,0,0,0,0,0,0,0,0,0,0,0,0,0,0,0,0,0,0,0,0,0,0,0,0,0,0,0,0,0,0,0,0,0,0,0,0,1,0,0,0,0,0,0,0,0,0,0,0,0,0,0,0,0,0,0,0,0,0,0,0,6,1,3,5,78,0,2,10,1,4
1967.ps1,1,2961,1,2960.0,2960,0,1,21,21,19,19,73,73,7,383,7,14,0,0,7,0,0,0,1,0,1,73,0,0,0,0,0,0,0,0,0,0,0,0,0,0,0,0,0,0,0,0,0,0,0,0,0,0,0,0,0,0,0,0,0,0,0,0,0,0,0,0,0,0,0,0,0,0,0,1,0,0,0,0,0,0,0,0,0,0,0,0,0,0,0,0,0,0,0,0,0,0,0,9,1,0,7,73,0,1,9,5,6
1961.ps1,1,2919,1,2918.0,2918,0,2,24,24,23,23,52,52,10,380,9,11,0,0,7,0,0,0,1,0,1,52,0,0,0,0,0,0,0,0,0,0,0,0,0,0,0,0,0,0,0,0,0,0,0,0,0,0,0,0,0,0,0,0,0,0,0,0,0,0,0,0,0,0,0,0,0,0,0,1,0,0,0,0,0,0,0,0,0,0,0,0,0,0,0,0,0,0,0,0,0,0,0,8,1,3,7,55,0,1,13,2,6
1972.ps1,1,2918,1,2917.0,2917,0,3,25,25,24,24,52,52,11,378,11,10,0,0,7,0,0,0,0,0,2,52,0,0,0,0,0,0,0,0,0,0,0,0,0,0,0,0,0,0,0,0,0,0,0,0,0,0,0,0,0,0,0,0,0,0,0,0,0,0,0,0,0,0,0,0,0,0,0,1,0,0,0,0,0,0,0,0,0,0,0,0,0,0,0,0,0,0,0,0,0,0,0,9,1,3,8,55,0,2,13,1,7
1978.ps1,1,477,1,476.0,476,0,2,8,8,6,6,43,43,9,36,2,4,0,3,0,0,0,0,0,0,2,35,0,0,0,0,0,0,0,0,0,0,0,0,0,0,0,0,0,0,0,0,0,0,0,0,0,0,0,0,0,0,0,0,0,0,0,0,0,0,0,0,0,0,0,0,0,0,0,2,0,0,0,0,0,0,0,0,0,0,0,0,0,0,0,0,0,0,0,0,0,0,0,4,1,0,6,35,0,2,4,2,5
1971.ps1,1,2912,1,2911.0,2911,0,1,24,24,19,19,52,52,12,379,6,11,0,0,7,0,0,0,0,0,1,54,0,0,0,0,0,0,0,0,0,0,0,0,0,0,0,0,0,0,0,0,0,0,0,0,0,0,0,0,0,0,0,0,0,0,0,0,0,0,0,0,0,0,0,0,0,0,0,1,0,0,0,0,0,0,0,0,0,0,0,0,0,0,0,0,0,0,0,0,0,0,0,5,1,4,6,58,0,1,9,2,5
1982.ps1,1,2957,1,2956.0,2956,0,2,21,21,20,20,73,73,7,381,9,13,0,0,7,0,0,0,1,0,2,73,0,0,0,0,0,0,0,0,0,0,0,0,0,0,0,0,0,0,0,0,0,0,0,0,0,0,0,0,0,0,0,0,0,0,0,0,0,0,0,0,0,0,0,0,0,0,0,1,0,0,0,0,0,0,0,0,0,0,0,0,0,0,0,0,0,0,0,0,0,0,0,10,1,0,7,73,0,2,9,4,6
1974.ps1,1,3150,1,3149.0,3149,0,0,22,22,16,16,59,59,12,366,4,22,0,0,12,0,0,0,2,0,0,59,0,0,0,0,0,0,0,0,0,0,0,0,0,0,0,0,0,0,0,0,0,0,0,0,0,0,0,0,0,0,0,0,0,0,0,0,0,0,0,0,0,0,0,0,0,0,0,1,0,0,0,1,0,0,0,0,0,0,0,0,1,2,0,0,0,0,0,0,0,0,0,5,1,0,5,60,0,0,4,5,4
1976.ps1,1,2957,1,2956.0,2956,0,3,24,24,21,21,73,73,11,381,9,10,0,0,7,0,0,0,0,0,2,74,0,0,0,0,0,0,0,0,0,0,0,0,0,0,0,0,0,0,0,0,0,0,0,0,0,0,0,0,0,0,0,0,0,0,0,0,0,0,0,0,0,0,0,0,0,0,0,1,0,0,0,0,0,0,0,0,0,0,0,0,0,0,0,0,0,0,0,0,0,0,0,7,1,3,7,77,0,2,10,1,6
1992.ps1,1,624,1,623.0,623,1,1,15,15,21,21,27,27,13,33,8,4,0,3,0,0,0,0,1,0,1,29,0,0,0,0,0,0,0,0,0,0,0,0,0,0,0,0,0,0,0,0,0,0,0,0,0,0,0,0,0,0,0,0,0,0,0,0,0,0,0,0,0,0,0,0,0,0,0,1,0,0,0,0,0,0,0,0,0,0,0,0,0,0,0,0,0,0,0,0,0,0,0,10,1,4,9,33,0,1,20,2,8
1983.ps1,1,2777,1,2776.0,2776,0,1,23,23,17,17,50,50,12,360,5,12,2,0,7,0,0,0,0,0,0,53,0,0,0,0,0,0,0,0,0,0,0,0,0,0,0,0,0,0,0,0,0,0,0,0,0,0,0,0,0,0,0,0,0,0,0,0,0,0,0,0,0,0,0,0,0,0,0,1,0,0,0,0,0,0,0,0,0,0,0,0,0,0,0,0,0,0,0,0,0,0,0,4,2,3,6,58,0,0,7,2,5
1988.ps1,1,2899,1,2898.0,2898,0,0,23,23,19,19,51,51,9,379,7,14,2,0,7,0,0,0,0,0,0,52,0,0,0,0,0,0,0,0,0,0,0,0,0,0,0,0,0,0,0,0,0,0,0,0,0,0,0,0,0,0,0,0,0,0,0,0,0,0,0,0,0,0,0,0,0,0,0,1,0,0,0,0,0,0,0,0,0,0,0,0,0,0,0,0,0,0,0,0,0,0,0,9,2,0,9,54,0,0,9,5,8
1990.ps1,1,3032,1,3031.0,3031,0,1,20,20,16,16,76,76,7,404,5,14,0,0,7,0,0,0,1,0,1,77,0,0,0,0,0,0,0,0,0,0,0,0,0,0,0,0,0,0,0,0,0,0,0,0,0,0,0,0,0,0,0,0,0,0,0,0,0,0,0,0,0,0,0,0,0,0,0,1,0,0,0,0,0,0,0,0,0,0,0,0,0,0,0,0,0,0,0,0,0,0,0,7,1,0,6,77,0,1,6,5,5
1998.ps1,1,2808,1,2807.0,2807,0,1,23,23,19,19,50,50,11,359,6,11,0,0,7,0,0,0,1,0,1,52,0,0,0,0,0,0,0,0,0,0,0,0,0,0,0,0,0,0,0,0,0,0,0,0,0,0,0,0,0,0,0,0,0,0,0,0,0,0,0,0,0,0,0,0,0,0,0,1,0,0,0,0,0,0,0,0,0,0,0,0,0,0,0,0,0,0,0,0,0,0,0,5,1,4,5,56,0,1,9,2,4
200.ps1,1,2948,1,2947.0,2947,0,2,19,19,14,14,74,74,8,391,5,13,0,0,7,0,0,0,0,0,2,76,0,0,0,0,0,0,0,0,0,0,0,0,0,0,0,0,0,0,0,0,0,0,0,0,0,0,0,0,0,0,0,0,0,0,0,0,0,0,0,0,0,0,0,0,0,0,0,1,0,0,0,0,0,0,0,0,0,0,0,0,0,0,0,0,0,0,0,0,0,0,0,6,1,0,5,76,0,2,3,4,4
2000.ps1,1,1159,1,1158.0,1158,0,1,14,14,7,7,99,99,19,105,0,4,2,0,5,0,0,0,0,0,0,105,0,0,0,0,0,0,0,0,0,0,0,0,0,0,0,0,0,0,0,0,0,0,0,0,0,0,0,0,0,0,0,0,0,0,0,0,0,0,0,0,0,0,0,0,0,0,0,1,0,0,0,0,0,0,0,0,0,0,0,0,0,0,0,0,0,0,0,0,0,0,0,2,2,2,6,109,0,0,2,2,5
1994.ps1,1,2894,1,2893.0,2893,0,3,23,23,21,21,52,52,10,378,9,10,0,0,7,0,0,0,1,0,2,53,0,0,0,0,0,0,0,0,0,0,0,0,0,0,0,0,0,0,0,0,0,0,0,0,0,0,0,0,0,0,0,0,0,0,0,0,0,0,0,0,0,0,0,0,0,0,0,1,0,0,0,0,0,0,0,0,0,0,0,0,0,0,0,0,0,0,0,0,0,0,0,7,1,3,6,56,0,2,10,1,5
2004.ps1,1,3562,1,3561.0,3561,0,2,25,25,27,27,65,65,12,426,12,21,0,0,12,0,0,0,3,0,2,63,0,0,0,0,0,0,0,0,0,0,0,0,0,0,0,0,0,0,0,0,0,0,0,0,0,0,0,0,0,0,0,0,0,0,0,0,0,0,0,0,0,0,0,0,0,0,0,1,0,0,0,1,0,0,0,0,0,0,0,0,0,2,0,0,0,0,0,0,0,0,0,13,1,0,8,63,0,2,13,5,7
2001.ps1,1,3244,1,3243.0,3243,0,0,19,19,12,12,59,59,7,458,3,14,0,0,7,0,0,0,0,0,0,60,0,0,0,0,0,0,0,0,0,0,0,0,0,0,0,0,0,0,0,0,0,0,0,0,0,0,0,0,0,0,0,0,0,0,0,0,0,0,0,0,0,0,0,0,0,0,0,1,0,0,0,0,0,0,0,0,0,0,0,0,1,0,0,0,0,0,0,0,0,0,0,4,1,0,5,61,0,0,3,4,4
2006.ps1,1,2794,1,2793.0,2793,0,2,24,24,20,20,50,50,11,360,7,11,0,0,7,0,0,0,0,0,1,51,0,0,0,0,0,0,0,0,0,0,0,0,0,0,0,0,0,0,0,0,0,0,0,0,0,0,0,0,0,0,0,0,0,0,0,0,0,0,0,0,0,0,0,0,0,0,0,1,0,0,0,0,0,0,0,0,0,0,0,0,0,0,0,0,0,0,0,0,0,0,0,6,1,3,7,54,0,1,10,2,6
1991.ps1,1,2923,1,2922.0,2922,0,1,24,24,22,22,52,52,11,379,8,11,0,0,7,0,0,0,1,0,1,53,0,0,0,0,0,0,0,0,0,0,0,0,0,0,0,0,0,0,0,0,0,0,0,0,0,0,0,0,0,0,0,0,0,0,0,0,0,0,0,0,0,0,0,0,0,0,0,1,0,0,0,0,0,0,0,0,0,0,0,0,0,0,0,0,0,0,0,0,0,0,0,7,1,4,6,57,0,1,12,2,5
201.ps1,1,3750,1,3749.0,3749,1,0,34,34,12,12,97,97,30,98,13,40,0,3,24,7,1,0,2,0,0,93,0,0,1,0,0,0,0,0,0,0,0,0,0,0,0,0,0,0,0,0,0,0,0,3,0,0,0,0,0,0,0,0,1,0,0,0,0,0,0,0,0,0,0,0,0,0,0,2,0,0,0,0,0,0,0,0,0,0,0,0,0,3,0,0,0,0,0,1,1,1,0,10,1,0,6,94,0,0,11,6,5
2008.ps1,1,2789,1,2788.0,2788,0,3,24,24,21,21,50,50,11,358,9,10,0,0,7,0,0,0,0,0,2,51,0,0,0,0,0,0,0,0,0,0,0,0,0,0,0,0,0,0,0,0,0,0,0,0,0,0,0,0,0,0,0,0,0,0,0,0,0,0,0,0,0,0,0,0,0,0,0,1,0,0,0,0,0,0,0,0,0,0,0,0,0,0,0,0,0,0,0,0,0,0,0,7,1,3,7,54,0,2,10,1,6
2005.ps1,1,2859,1,2858.0,2858,0,0,21,21,18,18,52,52,7,378,7,13,0,0,7,0,0,0,0,0,0,51,0,0,0,0,0,0,0,0,0,0,0,0,0,0,0,0,0,0,0,0,0,0,0,0,0,0,0,0,0,0,0,0,0,0,0,0,0,0,0,0,0,0,0,0,0,0,0,1,0,0,0,0,0,0,0,0,0,0,0,0,0,1,0,0,0,0,0,0,0,0,0,8,1,0,7,52,0,0,9,4,6
2013.ps1,1,1514,1,1513.0,1513,1,0,21,20,37,36,30,30,44,38,14,9,0,6,21,1,8,0,1,0,0,26,0,0,0,0,0,0,0,0,0,0,0,0,0,0,0,0,0,0,0,0,0,0,0,0,0,0,0,0,0,0,0,0,0,0,0,0,0,0,0,0,0,0,0,0,0,0,0,1,0,0,0,0,0,0,0,0,0,0,0,0,0,2,0,0,0,1,1,0,0,1,0,11,1,0,7,27,0,0,13,5,6
2011.ps1,1,2898,1,2897.0,2897,0,0,19,19,15,15,73,73,7,381,5,14,0,0,7,0,0,0,0,0,0,73,0,0,0,0,0,0,0,0,0,0,0,0,0,0,0,0,0,0,0,0,0,0,0,0,0,0,0,0,0,0,0,0,0,0,0,0,0,0,0,0,0,0,0,0,0,0,0,1,0,0,0,0,0,0,0,0,0,0,0,0,1,0,0,0,0,0,0,0,0,0,0,6,1,0,5,74,0,0,6,4,4
2033.ps1,1,1386,1,1385.0,1385,0,2,19,19,23,23,97,96,25,100,9,6,0,5,7,0,3,0,2,0,1,101,0,0,0,0,0,0,0,0,0,0,0,0,0,0,0,0,0,0,0,0,0,0,0,0,0,0,0,0,0,0,0,0,0,0,0,0,0,0,0,0,0,0,0,0,0,0,0,1,0,0,0,0,0,0,0,0,0,0,0,0,0,1,0,0,0,1,1,0,0,0,0,9,1,4,9,105,0,1,14,2,8
2012.ps1,1,2950,1,2949.0,2949,0,2,24,24,20,20,73,73,11,383,7,11,0,0,7,0,0,0,0,0,1,74,0,0,0,0,0,0,0,0,0,0,0,0,0,0,0,0,0,0,0,0,0,0,0,0,0,0,0,0,0,0,0,0,0,0,0,0,0,0,0,0,0,0,0,0,0,0,0,1,0,0,0,0,0,0,0,0,0,0,0,0,0,0,0,0,0,0,0,0,0,0,0,6,1,3,7,77,0,1,10,2,6
2014.ps1,1,2783,1,2782.0,2782,0,2,21,21,20,20,50,50,7,358,9,13,0,0,7,0,0,0,1,0,2,50,0,0,0,0,0,0,0,0,0,0,0,0,0,0,0,0,0,0,0,0,0,0,0,0,0,0,0,0,0,0,0,0,0,0,0,0,0,0,0,0,0,0,0,0,0,0,0,1,0,0,0,0,0,0,0,0,0,0,0,0,0,0,0,0,0,0,0,0,0,0,0,10,1,0,7,50,0,2,9,4,6
2037.ps1,1,3014,1,3013.0,3013,0,1,21,21,16,16,54,54,8,406,6,14,0,0,7,0,0,0,1,0,1,56,0,0,0,0,0,0,0,0,0,0,0,0,0,0,0,0,0,0,0,0,0,0,0,0,0,0,0,0,0,0,0,0,0,0,0,0,0,0,0,0,0,0,0,0,0,0,0,1,0,0,0,0,0,0,0,0,0,0,0,0,0,0,0,0,0,0,0,0,0,0,0,8,1,1,6,57,0,1,6,5,5
2017.ps1,1,2952,1,2951.0,2951,0,2,22,22,20,20,73,73,11,381,7,10,0,0,7,0,0,0,0,0,2,74,0,0,0,0,0,0,0,0,0,0,0,0,0,0,0,0,0,0,0,0,0,0,0,0,0,0,0,0,0,0,0,0,0,0,0,0,0,0,0,0,0,0,0,0,0,0,0,1,0,0,0,0,0,0,0,0,0,0,0,0,0,0,0,0,0,0,0,0,0,0,0,5,1,3,5,77,0,2,9,1,4
2035.ps1,1,2866,1,2865.0,2865,0,1,22,22,19,19,52,52,10,378,7,10,0,0,7,0,0,0,0,0,0,52,0,0,0,0,0,0,0,0,0,0,0,0,0,0,0,0,0,0,0,0,0,0,0,0,0,0,0,0,0,0,0,0,0,0,0,0,0,0,0,0,0,0,0,0,0,0,0,1,0,0,0,0,0,0,0,0,0,0,0,0,0,1,0,0,0,0,0,0,0,0,0,5,1,3,5,56,0,0,10,1,4
2032.ps1,1,2791,1,2790.0,2790,0,3,24,24,21,21,50,50,10,358,9,10,0,0,7,0,0,0,1,0,2,51,0,0,0,0,0,0,0,0,0,0,0,0,0,0,0,0,0,0,0,0,0,0,0,0,0,0,0,0,0,0,0,0,0,0,0,0,0,0,0,0,0,0,0,0,0,0,0,1,0,0,0,0,0,0,0,0,0,0,0,0,0,0,0,0,0,0,0,0,0,0,0,7,1,3,7,54,0,2,10,1,6
2021.ps1,1,1249,1,1248.0,1248,0,2,17,17,18,18,80,80,27,84,7,6,0,5,7,0,2,0,0,0,1,86,0,0,0,0,0,0,0,0,0,0,0,0,0,0,0,0,0,0,0,0,0,0,0,0,0,0,0,0,0,0,0,0,0,0,0,0,0,0,0,0,0,0,0,0,0,0,0,1,0,0,0,0,0,0,0,0,0,0,0,0,0,1,0,0,0,0,1,0,0,0,0,7,1,5,7,91,0,1,10,2,6
2048.ps1,1,3279,1,3278.0,3278,0,0,21,21,18,18,82,82,7,448,7,14,0,0,7,0,0,0,0,0,0,81,0,0,0,0,0,0,0,0,0,0,0,0,0,0,0,0,0,0,0,0,0,0,0,0,0,0,0,0,0,0,0,0,0,0,0,0,0,0,0,0,0,0,0,0,0,0,0,1,0,0,0,0,0,0,0,0,0,0,0,0,1,0,0,0,0,0,0,0,0,0,0,8,1,0,7,82,0,0,9,4,6
2030.ps1,1,2768,1,2767.0,2767,0,2,23,23,17,17,50,50,11,360,5,11,0,0,7,0,0,0,0,0,1,52,0,0,0,0,0,0,0,0,0,0,0,0,0,0,0,0,0,0,0,0,0,0,0,0,0,0,0,0,0,0,0,0,0,0,0,0,0,0,0,0,0,0,0,0,0,0,0,1,0,0,0,0,0,0,0,0,0,0,0,0,0,0,0,0,0,0,0,0,0,0,0,4,1,3,6,55,0,1,7,2,5
2038.ps1,1,3053,1,3052.0,3052,0,1,17,17,13,13,75,75,23,78,37,10,0,22,12,0,0,0,1,0,1,79,0,0,0,0,0,0,0,0,0,0,0,0,0,0,0,0,0,0,0,0,0,0,0,0,0,0,0,0,0,0,0,0,0,0,0,0,0,0,0,0,0,0,0,0,0,0,0,1,0,0,0,0,0,0,0,0,0,0,0,0,0,1,0,0,0,0,0,0,0,3,0,5,1,3,7,82,0,1,8,2,6
2040.ps1,1,3722,1,3721.0,3721,0,1,24,24,23,23,66,66,11,533,8,11,0,0,7,0,0,0,0,0,1,67,0,0,0,0,0,0,0,0,0,0,0,0,0,0,0,0,0,0,0,0,0,0,0,0,0,0,0,0,0,0,0,0,0,0,0,0,0,0,0,0,0,0,0,0,0,0,0,1,0,0,0,0,0,0,0,0,0,0,0,0,0,0,0,0,0,0,0,0,0,0,0,7,1,3,7,70,0,1,13,2,6
2050.ps1,1,2907,1,2906.0,2906,0,0,23,23,19,19,52,52,12,380,5,11,2,0,7,0,0,0,0,0,0,54,0,0,0,0,0,0,0,0,0,0,0,0,0,0,0,0,0,0,0,0,0,0,0,0,0,0,0,0,0,0,0,0,0,0,0,0,0,0,0,0,0,0,0,0,0,0,0,1,0,0,0,0,0,0,0,0,0,0,0,0,0,0,0,0,0,0,0,0,0,0,0,4,2,3,6,59,0,0,9,2,5
2043.ps1,1,3194,1,3193.0,3193,0,1,22,22,19,19,79,79,10,432,5,11,0,0,7,0,0,0,1,0,1,80,0,0,0,0,0,0,0,0,0,0,0,0,0,0,0,0,0,0,0,0,0,0,0,0,0,0,0,0,0,0,0,0,0,0,0,0,0,0,0,0,0,0,0,0,0,0,0,1,0,0,0,0,0,0,0,0,0,0,0,0,0,0,0,0,0,0,0,0,0,0,0,4,1,3,5,83,0,1,9,2,4
207.ps1,1,3110,1,3109.0,3109,0,1,22,22,16,16,56,56,10,427,5,10,0,0,7,0,0,0,0,0,0,57,0,0,0,0,0,0,0,0,0,0,0,0,0,0,0,0,0,0,0,0,0,0,0,0,0,0,0,0,0,0,0,0,0,0,0,0,0,0,0,0,0,0,0,0,0,0,0,1,0,0,0,0,0,0,0,0,0,0,0,0,0,1,0,0,0,0,0,0,0,0,0,3,1,3,5,61,0,0,7,1,4
2061.ps1,1,2846,1,2845.0,2845,0,1,23,23,20,20,51,51,10,369,6,11,0,0,7,0,0,0,1,0,1,53,0,0,0,0,0,0,0,0,0,0,0,0,0,0,0,0,0,0,0,0,0,0,0,0,0,0,0,0,0,0,0,0,0,0,0,0,0,0,0,0,0,0,0,0,0,0,0,1,0,0,0,0,0,0,0,0,0,0,0,0,0,0,0,0,0,0,0,0,0,0,0,5,1,3,6,56,0,1,10,2,5
2053.ps1,1,3156,1,3155.0,3155,0,1,22,22,16,16,79,79,10,430,5,10,0,0,7,0,0,0,0,0,0,80,0,0,0,0,0,0,0,0,0,0,0,0,0,0,0,0,0,0,0,0,0,0,0,0,0,0,0,0,0,0,0,0,0,0,0,0,0,0,0,0,0,0,0,0,0,0,0,1,0,0,0,0,0,0,0,0,0,0,0,0,0,1,0,0,0,0,0,0,0,0,0,3,1,3,5,84,0,0,7,1,4
2070.ps1,1,440,1,439.0,439,1,1,7,7,3,3,42,42,9,37,1,5,0,3,1,0,0,0,0,0,1,36,0,0,0,0,0,0,0,0,0,0,0,0,0,0,0,0,0,0,0,0,0,0,0,0,0,0,0,0,0,0,0,0,0,0,0,0,0,0,0,0,0,0,0,0,0,0,0,2,0,0,0,0,0,0,0,0,0,0,0,0,0,0,0,0,0,0,0,0,0,0,0,3,1,0,5,36,0,1,2,3,4
2072.ps1,1,2958,1,2957.0,2957,0,2,22,22,20,20,73,73,7,381,9,13,0,0,7,0,0,0,1,0,2,73,0,0,0,0,0,0,0,0,0,0,0,0,0,0,0,0,0,0,0,0,0,0,0,0,0,0,0,0,0,0,0,0,0,0,0,0,0,0,0,0,0,0,0,0,0,0,0,1,0,0,0,0,0,0,0,0,0,0,0,0,0,0,0,0,0,0,0,0,0,0,0,10,1,0,8,73,0,2,9,4,7
2082.ps1,1,2931,1,2930.0,2930,0,2,23,23,17,17,73,73,10,383,5,11,0,0,7,0,0,0,1,0,1,75,0,0,0,0,0,0,0,0,0,0,0,0,0,0,0,0,0,0,0,0,0,0,0,0,0,0,0,0,0,0,0,0,0,0,0,0,0,0,0,0,0,0,0,0,0,0,0,1,0,0,0,0,0,0,0,0,0,0,0,0,0,0,0,0,0,0,0,0,0,0,0,4,1,3,6,78,0,1,7,2,5
209.ps1,1,2939,1,2938.0,2938,0,1,24,24,23,23,52,52,10,380,8,11,0,0,7,0,0,0,1,0,1,52,0,0,0,0,0,0,0,0,0,0,0,0,0,0,0,0,0,0,0,0,0,0,0,0,0,0,0,0,0,0,0,0,0,0,0,0,0,0,0,0,0,0,0,0,0,0,0,1,0,0,0,0,0,0,0,0,0,0,0,0,0,0,0,0,0,0,0,0,0,0,0,7,1,3,7,55,0,1,13,2,6
2084.ps1,1,3217,1,3216.0,3216,0,1,23,23,19,19,79,79,9,431,8,14,0,0,7,0,0,0,0,0,1,80,0,0,0,0,0,0,0,0,0,0,0,0,0,0,0,0,0,0,0,0,0,0,0,0,0,0,0,0,0,0,0,0,0,0,0,0,0,0,0,0,0,0,0,0,0,0,0,1,0,0,0,0,0,0,0,0,0,0,0,0,0,0,0,0,0,0,0,0,0,0,0,10,1,1,8,81,0,1,9,5,7
21.ps1,1,914,1,913.0,913,0,0,6,6,7,7,69,69,12,70,3,8,0,3,9,0,0,0,0,0,0,71,0,0,0,0,0,0,0,0,0,0,0,0,0,0,0,0,0,0,0,0,0,0,0,0,0,0,0,0,0,0,0,0,0,0,0,0,0,0,0,0,0,0,0,0,0,0,0,1,0,0,0,0,0,0,0,0,0,0,0,0,1,0,0,0,0,0,0,0,0,0,0,5,1,0,5,72,0,0,5,3,4
2091.ps1,1,3297,1,3296.0,3296,0,2,23,23,20,20,59,59,11,455,7,10,0,0,7,0,0,0,0,0,2,60,0,0,0,0,0,0,0,0,0,0,0,0,0,0,0,0,0,0,0,0,0,0,0,0,0,0,0,0,0,0,0,0,0,0,0,0,0,0,0,0,0,0,0,0,0,0,0,1,0,0,0,0,0,0,0,0,0,0,0,0,0,0,0,0,0,0,0,0,0,0,0,5,1,3,6,63,0,2,9,1,5
2092.ps1,1,3258,1,3257.0,3257,0,1,21,21,17,17,58,58,7,450,6,14,0,0,7,0,0,0,1,0,1,60,0,0,0,0,0,0,0,0,0,0,0,0,0,0,0,0,0,0,0,0,0,0,0,0,0,0,0,0,0,0,0,0,0,0,0,0,0,0,0,0,0,0,0,0,0,0,0,1,0,0,0,0,0,0,0,0,0,0,0,0,0,0,0,0,0,0,0,0,0,0,0,8,1,0,7,60,0,1,7,5,6
208.ps1,1,2776,1,2775.0,2775,0,3,24,24,24,24,49,49,11,348,11,10,0,0,7,0,0,0,0,0,2,49,0,0,0,0,0,0,0,0,0,0,0,0,0,0,0,0,0,0,0,0,0,0,0,0,0,0,0,0,0,0,0,0,0,0,0,0,0,0,0,0,0,0,0,0,0,0,0,1,0,0,0,0,0,0,0,0,0,0,0,0,0,0,0,0,0,0,0,0,0,0,0,9,1,3,7,52,0,2,13,1,6
2079.ps1,1,2990,1,2989.0,2989,0,2,25,25,26,26,73,73,10,381,11,10,0,0,7,0,0,0,1,0,2,72,0,0,0,0,0,0,0,0,0,0,0,0,0,0,0,0,0,0,0,0,0,0,0,0,0,0,0,0,0,0,0,0,8,0,0,0,0,0,0,0,0,0,0,0,0,0,0,1,0,0,0,0,0,0,0,0,0,0,0,0,0,0,0,0,0,0,0,0,0,0,0,9,1,3,8,75,0,2,15,1,7
2083.ps1,1,3043,1,3042.0,3042,0,1,20,20,16,16,76,76,7,404,5,14,0,0,7,0,0,0,1,0,1,77,0,0,0,0,0,0,0,0,0,0,0,0,0,0,0,0,0,0,0,0,0,0,0,0,0,0,0,0,0,0,0,0,0,0,0,0,0,0,0,0,0,0,0,0,0,0,0,1,0,0,0,0,0,0,0,0,0,0,0,0,0,0,0,0,0,0,0,0,0,0,0,7,1,0,6,77,0,1,6,5,5
2115.ps1,1,412,1,411.0,411,0,0,12,12,12,12,25,25,10,27,5,4,3,0,1,0,0,0,1,0,0,27,0,0,0,0,0,0,0,0,0,0,0,0,0,0,0,0,0,0,0,0,0,0,0,0,0,0,0,0,0,0,0,0,0,0,0,0,0,0,0,0,0,0,0,0,0,0,0,1,0,0,0,0,0,0,0,0,0,0,0,0,0,1,0,0,0,0,0,0,0,0,0,6,2,2,8,31,0,0,10,2,7
2103.ps1,1,378,1,377.0,377,0,1,7,7,3,3,24,24,7,26,1,5,0,3,0,0,0,0,1,0,1,28,0,0,0,0,0,0,0,0,0,0,0,0,0,0,0,0,0,0,0,0,0,0,0,0,0,0,0,0,0,0,0,0,0,0,0,0,0,0,0,0,0,0,0,0,0,0,0,1,0,0,0,0,0,0,0,0,0,0,0,0,0,0,0,0,0,0,0,0,0,0,0,4,1,0,6,28,0,1,2,3,5
2106.ps1,1,3841,1,3840.0,3840,0,2,24,24,23,23,68,68,10,556,9,10,0,0,7,0,0,0,1,0,2,68,0,0,0,0,0,0,0,0,0,0,0,0,0,0,0,0,0,0,0,0,0,0,0,0,0,0,0,0,0,0,0,0,22,0,0,0,0,0,0,0,0,0,0,0,0,0,0,1,0,0,0,0,0,0,0,0,0,0,0,0,0,0,0,0,0,0,0,0,0,0,0,7,1,3,7,71,0,2,12,1,6
210.ps1,1,3338,1,3337.0,3337,0,1,23,23,19,19,83,83,10,457,7,11,0,0,7,0,0,0,0,0,0,83,0,0,0,0,0,0,0,0,0,0,0,0,0,0,0,0,0,0,0,0,0,0,0,0,0,0,0,0,0,0,0,0,0,0,0,0,0,0,0,0,0,0,0,0,0,0,0,1,0,0,0,0,0,0,0,0,0,0,0,0,1,0,0,0,0,0,0,0,0,0,0,5,1,3,6,87,0,0,10,1,5
2107.ps1,1,2800,1,2799.0,2799,0,0,24,24,22,22,50,50,12,357,7,12,2,0,7,0,0,0,0,0,0,51,0,0,0,0,0,0,0,0,0,0,0,0,0,0,0,0,0,0,0,0,0,0,0,0,0,0,0,0,0,0,0,0,9,0,0,0,0,0,0,0,0,0,0,0,0,0,0,1,0,0,0,0,0,0,0,0,0,0,0,0,0,0,0,0,0,0,0,0,0,0,0,6,2,3,7,56,0,0,12,2,6
2108.ps1,1,2805,1,2804.0,2804,0,2,22,22,23,23,50,50,8,358,11,13,0,0,7,0,0,0,0,0,2,49,0,0,0,0,0,0,0,0,0,0,0,0,0,0,0,0,0,0,0,0,0,0,0,0,0,0,0,0,0,0,0,0,0,0,0,0,0,0,0,0,0,0,0,0,0,0,0,1,0,0,0,0,0,0,0,0,0,0,0,0,0,0,0,0,0,0,0,0,0,0,0,12,1,0,8,49,0,2,12,4,7
2102.ps1,1,2916,1,2915.0,2915,0,0,25,25,22,22,52,52,12,380,7,11,2,0,7,0,0,0,0,0,0,53,0,0,0,0,0,0,0,0,0,0,0,0,0,0,0,0,0,0,0,0,0,0,0,0,0,0,0,0,0,0,0,0,0,0,0,0,0,0,0,0,0,0,0,0,0,0,0,1,0,0,0,0,0,0,0,0,0,0,0,0,0,0,0,0,0,0,0,0,0,0,0,6,2,3,8,58,0,0,12,2,7
2112.ps1,1,2780,1,2779.0,2779,0,1,23,23,17,17,50,50,11,360,5,12,2,0,7,0,0,0,1,0,0,53,0,0,0,0,0,0,0,0,0,0,0,0,0,0,0,0,0,0,0,0,0,0,0,0,0,0,0,0,0,0,0,0,0,0,0,0,0,0,0,0,0,0,0,0,0,0,0,1,0,0,0,0,0,0,0,0,0,0,0,0,0,0,0,0,0,0,0,0,0,0,0,4,2,3,6,58,0,0,7,2,5
2127.ps1,1,1671,1,1670.0,1670,1,1,14,15,21,21,122,123,23,126,8,10,0,5,8,1,3,1,1,0,1,125,0,0,0,0,0,0,0,0,0,0,0,0,0,0,0,0,0,0,0,0,0,0,0,0,0,0,0,0,0,0,0,0,0,0,0,0,0,0,0,0,0,0,0,0,0,0,0,1,0,0,0,0,0,0,0,0,0,0,0,0,0,1,0,0,0,0,0,1,0,0,0,12,1,0,9,125,0,1,12,6,8
2122.ps1,1,2767,1,2766.0,2766,0,0,21,21,18,18,50,50,7,358,7,14,0,0,7,0,0,0,0,0,0,49,0,0,0,0,0,0,0,0,0,0,0,0,0,0,0,0,0,0,0,0,0,0,0,0,0,0,0,0,0,0,0,0,0,0,0,0,0,0,0,0,0,0,0,0,0,0,0,1,0,0,0,0,0,0,0,0,0,0,0,0,1,0,0,0,0,0,0,0,0,0,0,8,1,0,7,50,0,0,9,4,6
2113.ps1,1,1285,1,1284.0,1284,1,2,13,13,19,19,87,87,22,90,8,9,0,5,7,0,2,0,0,0,2,90,0,0,0,0,0,0,0,0,0,0,0,0,0,0,0,0,0,0,0,0,0,0,0,0,0,0,0,0,0,0,0,0,0,0,0,0,0,0,0,0,0,0,0,0,0,0,0,1,0,0,0,0,0,0,0,0,0,0,0,0,0,1,0,0,0,0,0,0,0,0,0,11,1,0,8,90,0,2,10,5,7
2121.ps1,1,670,1,669.0,669,0,2,12,12,11,11,46,46,13,50,4,3,0,3,0,0,0,0,1,0,2,52,0,0,0,0,0,0,0,0,0,0,0,0,0,0,0,0,0,0,0,0,0,0,0,0,0,0,0,0,0,0,0,0,0,0,0,0,0,0,0,0,0,0,0,0,0,0,0,1,0,0,0,0,0,0,0,0,0,0,0,0,0,0,0,0,0,0,0,0,0,1,0,5,1,4,6,56,0,2,9,1,5
2129.ps1,1,3049,1,3048.0,3048,0,0,22,22,16,16,76,76,12,404,3,11,2,0,7,0,0,0,0,0,0,79,0,0,0,0,0,0,0,0,0,0,0,0,0,0,0,0,0,0,0,0,0,0,0,0,0,0,0,0,0,0,0,0,0,0,0,0,0,0,0,0,0,0,0,0,0,0,0,1,0,0,0,0,0,0,0,0,0,0,0,0,0,0,0,0,0,0,0,0,0,0,0,2,2,3,5,84,0,0,6,2,4
2131.ps1,1,3450,1,3449.0,3449,0,3,28,28,24,24,87,87,16,412,10,12,0,0,11,0,0,0,3,0,2,88,0,0,0,0,0,0,0,0,0,0,0,0,0,0,0,0,0,0,0,0,0,0,0,0,0,0,0,0,0,0,0,0,0,0,0,0,0,0,0,0,0,0,0,0,0,0,0,1,0,0,0,0,0,0,0,0,0,0,0,0,0,2,0,0,0,0,0,0,0,0,0,7,1,4,7,92,0,2,10,1,6
2134.ps1,1,2928,1,2927.0,2927,0,2,23,23,17,17,73,73,11,383,5,11,0,0,7,0,0,0,0,0,1,75,0,0,0,0,0,0,0,0,0,0,0,0,0,0,0,0,0,0,0,0,0,0,0,0,0,0,0,0,0,0,0,0,0,0,0,0,0,0,0,0,0,0,0,0,0,0,0,1,0,0,0,0,0,0,0,0,0,0,0,0,0,0,0,0,0,0,0,0,0,0,0,4,1,3,6,78,0,1,7,2,5
2128.ps1,1,3698,1,3697.0,3697,0,3,28,28,29,29,92,92,16,442,12,17,0,0,12,0,0,0,3,0,2,91,0,0,0,0,0,0,0,0,0,0,0,0,0,0,0,0,0,0,0,0,0,0,0,0,0,0,0,0,0,0,0,0,0,0,0,0,0,0,0,0,0,0,0,0,0,0,0,1,0,0,0,0,0,0,0,0,0,0,0,0,0,2,0,0,0,0,0,0,0,0,0,9,1,4,7,95,0,2,15,1,6
2135.ps1,1,2794,1,2793.0,2793,0,1,22,22,19,19,50,50,10,360,5,11,0,0,7,0,0,0,1,0,1,51,0,0,0,0,0,0,0,0,0,0,0,0,0,0,0,0,0,0,0,0,0,0,0,0,0,0,0,0,0,0,0,0,0,0,0,0,0,0,0,0,0,0,0,0,0,0,0,1,0,0,0,0,0,0,0,0,0,0,0,0,0,0,0,0,0,0,0,0,0,0,0,4,1,3,5,54,0,1,9,2,4
2133.ps1,1,3026,1,3025.0,3025,0,1,22,22,16,16,76,76,10,402,5,11,0,0,7,0,0,0,0,0,0,77,0,0,0,0,0,0,0,0,0,0,0,0,0,0,0,0,0,0,0,0,0,0,0,0,0,0,0,0,0,0,0,0,0,0,0,0,0,0,0,0,0,0,0,0,0,0,0,1,0,0,0,0,0,0,0,0,0,0,0,0,1,0,0,0,0,0,0,0,0,0,0,3,1,3,5,81,0,0,7,1,4
2117.ps1,1,3740,1,3739.0,3739,0,0,19,19,12,12,68,68,7,554,3,13,0,0,7,0,0,0,0,0,0,69,0,0,0,0,0,0,0,0,0,0,0,0,0,0,0,0,0,0,0,0,0,0,0,0,0,0,0,0,0,0,0,0,0,0,0,0,0,0,0,0,0,0,0,0,0,0,0,1,0,0,0,0,0,0,0,0,0,0,0,0,0,1,0,0,0,0,0,0,0,0,0,4,1,0,5,70,0,0,3,4,4
2137.ps1,1,498,1,497.0,497,1,1,7,7,6,6,37,37,10,40,2,4,0,6,0,0,0,0,0,0,1,39,0,0,0,0,0,0,0,0,0,0,0,0,0,0,0,0,0,0,0,0,0,0,0,0,0,0,0,0,0,0,0,0,0,0,0,0,0,0,0,0,0,0,0,0,0,0,0,1,0,0,0,0,0,0,0,0,0,0,0,0,0,0,0,0,0,0,0,0,0,0,0,4,1,1,5,40,0,1,5,2,4
2142.ps1,1,3448,1,3447.0,3447,0,2,24,24,24,24,87,87,13,403,10,21,0,0,12,0,0,0,2,0,2,86,0,0,0,0,0,0,0,0,0,0,0,0,0,0,0,0,0,0,0,0,0,0,0,0,0,0,0,0,0,0,0,0,0,0,0,0,0,0,0,0,0,0,0,0,0,0,0,1,0,0,0,0,0,0,0,0,0,0,0,0,0,1,0,0,0,0,0,0,0,0,0,11,1,0,7,86,0,2,10,5,6
2139.ps1,1,2251,1,2250.0,2250,0,1,26,26,19,19,157,157,34,163,12,12,2,4,14,0,1,0,1,0,0,163,0,0,0,0,0,0,0,0,0,0,0,0,0,0,0,0,0,0,0,0,0,0,0,0,0,0,0,0,0,0,0,0,0,0,0,0,0,0,0,0,0,0,0,0,0,0,0,2,0,0,0,0,0,0,0,0,0,0,0,0,0,1,0,0,0,0,0,0,0,1,0,4,2,3,6,168,0,0,5,2,5
215.ps1,1,2784,1,2783.0,2783,0,0,20,20,15,15,51,51,7,368,5,13,0,0,7,0,0,0,0,0,0,51,0,0,0,0,0,0,0,0,0,0,0,0,0,0,0,0,0,0,0,0,0,0,0,0,0,0,0,0,0,0,0,0,0,0,0,0,0,0,0,0,0,0,0,0,0,0,0,1,0,0,0,0,0,0,0,0,0,0,0,0,0,1,0,0,0,0,0,0,0,0,0,6,1,0,6,52,0,0,6,4,5
2156.ps1,1,2753,1,2752.0,2752,0,1,21,21,16,16,50,50,7,357,5,14,0,0,7,0,0,0,1,0,1,51,0,0,0,0,0,0,0,0,0,0,0,0,0,0,0,0,0,0,0,0,0,0,0,0,0,0,0,0,0,0,0,0,0,0,0,0,0,0,0,0,0,0,0,0,0,0,0,1,0,0,0,0,0,0,0,0,0,0,0,0,0,0,0,0,0,0,0,0,0,0,0,7,1,0,7,51,0,1,6,5,6
2140.ps1,1,2818,1,2817.0,2817,0,0,24,24,22,22,50,50,8,360,9,15,2,0,7,0,0,0,1,0,0,50,0,0,0,0,0,0,0,0,0,0,0,0,0,0,0,0,0,0,0,0,0,0,0,0,0,0,0,0,0,0,0,0,0,0,0,0,0,0,0,0,0,0,0,0,0,0,0,1,0,0,0,0,0,0,0,0,0,0,0,0,0,0,0,0,0,0,0,0,0,0,0,11,2,0,10,52,0,0,12,5,9
2160.ps1,1,3088,1,3087.0,3087,0,0,25,25,22,22,76,76,12,404,7,11,2,0,7,0,0,0,0,0,0,77,0,0,0,0,0,0,0,0,0,0,0,0,0,0,0,0,0,0,0,0,0,0,0,0,0,0,0,0,0,0,0,0,0,0,0,0,0,0,0,0,0,0,0,0,0,0,0,1,0,0,0,0,0,0,0,0,0,0,0,0,0,0,0,0,0,0,0,0,0,0,0,6,2,3,8,82,0,0,12,2,7
2163.ps1,1,3894,1,3893.0,3893,0,1,25,25,26,26,97,97,13,488,10,17,0,0,11,0,0,0,2,0,1,95,0,0,0,0,0,0,0,0,0,0,0,0,0,0,0,0,0,0,0,0,0,0,0,0,0,0,0,0,0,0,0,0,0,0,0,0,0,0,0,0,0,0,0,0,0,0,0,1,0,0,0,1,0,0,0,0,0,0,0,0,0,2,0,0,0,0,0,0,0,0,0,12,1,0,8,95,0,1,13,6,7
2149.ps1,1,3005,1,3004.0,3004,0,0,12,12,10,10,75,75,20,77,31,12,0,32,13,0,0,0,0,0,0,76,0,0,0,0,0,0,0,0,0,0,0,0,0,0,0,0,0,0,0,0,0,0,0,0,0,0,0,0,0,0,0,0,3,0,0,0,0,0,0,0,0,0,0,0,0,0,0,1,1,0,0,0,0,1,0,0,0,0,0,0,0,2,0,0,0,0,0,0,0,3,0,6,1,0,5,77,0,0,6,4,4
2141.ps1,1,2796,1,2795.0,2795,0,2,23,23,18,18,50,50,10,360,6,11,0,0,7,0,0,0,1,0,1,52,0,0,0,0,0,0,0,0,0,0,0,0,0,0,0,0,0,0,0,0,0,0,0,0,0,0,0,0,0,0,0,0,0,0,0,0,0,0,0,0,0,0,0,0,0,0,0,1,0,0,0,0,0,0,0,0,0,0,0,0,0,0,0,0,0,0,0,0,0,0,0,5,1,3,6,55,0,1,8,2,5
2168.ps1,1,2985,1,2984.0,2984,0,1,22,22,19,19,74,74,10,391,7,11,0,0,7,0,0,0,0,0,0,74,0,0,0,0,0,0,0,0,0,0,0,0,0,0,0,0,0,0,0,0,0,0,0,0,0,0,0,0,0,0,0,0,0,0,0,0,0,0,0,0,0,0,0,0,0,0,0,1,0,0,0,0,0,0,0,0,0,0,0,0,1,0,0,0,0,0,0,0,0,0,0,5,1,3,5,78,0,0,10,1,4
2172.ps1,1,2900,1,2899.0,2899,0,1,23,23,19,19,52,52,10,380,5,11,0,0,7,0,0,0,1,0,1,53,0,0,0,0,0,0,0,0,0,0,0,0,0,0,0,0,0,0,0,0,0,0,0,0,0,0,0,0,0,0,0,0,0,0,0,0,0,0,0,0,0,0,0,0,0,0,0,1,0,0,0,0,0,0,0,0,0,0,0,0,0,0,0,0,0,0,0,0,0,0,0,4,1,3,6,56,0,1,9,2,5
217.ps1,1,2849,1,2848.0,2848,0,0,19,19,15,15,52,52,7,378,5,14,0,0,7,0,0,0,0,0,0,52,0,0,0,0,0,0,0,0,0,0,0,0,0,0,0,0,0,0,0,0,0,0,0,0,0,0,0,0,0,0,0,0,0,0,0,0,0,0,0,0,0,0,0,0,0,0,0,1,0,0,0,0,0,0,0,0,0,0,0,0,1,0,0,0,0,0,0,0,0,0,0,6,1,0,5,53,0,0,6,4,4
2169.ps1,1,2775,1,2774.0,2774,0,3,22,22,18,18,50,50,10,358,7,10,0,0,7,0,0,0,1,0,2,52,0,0,0,0,0,0,0,0,0,0,0,0,0,0,0,0,0,0,0,0,0,0,0,0,0,0,0,0,0,0,0,0,0,0,0,0,0,0,0,0,0,0,0,0,0,0,0,1,0,0,0,0,0,0,0,0,0,0,0,0,0,0,0,0,0,0,0,0,0,0,0,5,1,3,5,55,0,2,7,1,4
2173.ps1,1,2795,1,2794.0,2794,0,2,21,21,20,20,50,50,7,358,9,13,0,0,7,0,0,0,1,0,2,50,0,0,0,0,0,0,0,0,0,0,0,0,0,0,0,0,0,0,0,0,0,0,0,0,0,0,0,0,0,0,0,0,0,0,0,0,0,0,0,0,0,0,0,0,0,0,0,1,0,0,0,0,0,0,0,0,0,0,0,0,0,0,0,0,0,0,0,0,0,0,0,10,1,0,7,50,0,2,9,4,6
2153.ps1,1,735,1,734.0,734,0,2,11,11,18,18,48,48,9,52,10,7,0,3,0,0,0,0,0,0,2,50,0,0,0,0,0,0,0,0,0,0,0,0,0,0,0,0,0,0,0,0,0,0,0,0,0,0,0,0,0,0,0,0,0,0,0,0,0,0,0,0,0,0,0,0,0,0,0,1,0,0,0,0,0,0,0,0,0,0,0,0,0,0,0,0,0,0,0,0,0,0,0,15,1,0,9,50,0,2,16,5,8
2174.ps1,1,540,1,539.0,539,0,2,7,7,6,6,54,54,7,47,2,4,0,3,0,0,0,0,0,0,2,46,0,0,0,0,0,0,0,0,0,0,0,0,0,0,0,0,0,0,0,0,0,0,0,0,0,0,0,0,0,0,0,0,0,0,0,0,0,0,0,0,0,0,0,0,0,0,0,2,0,0,0,0,0,0,0,0,0,0,0,0,0,0,0,0,0,0,0,0,0,0,0,4,1,0,5,46,0,2,4,2,4
2177.ps1,1,3435,1,3434.0,3434,0,1,22,22,19,19,85,85,11,477,5,11,0,0,7,0,0,0,0,0,1,86,0,0,0,0,0,0,0,0,0,0,0,0,0,0,0,0,0,0,0,0,0,0,0,0,0,0,0,0,0,0,0,0,0,0,0,0,0,0,0,0,0,0,0,0,0,0,0,1,0,0,0,0,0,0,0,0,0,0,0,0,0,0,0,0,0,0,0,0,0,0,0,4,1,3,5,89,0,1,9,2,4
2188.ps1,1,2957,1,2956.0,2956,0,2,13,13,12,12,71,71,7,74,41,6,0,28,2,0,0,0,1,0,2,73,0,0,0,0,0,0,0,0,0,0,0,0,0,0,0,0,0,0,0,0,0,0,0,0,0,0,0,0,0,0,0,0,1,0,0,0,0,0,0,0,0,0,0,0,0,0,0,1,1,0,0,0,0,0,0,0,0,0,0,0,0,1,0,0,0,0,0,0,0,2,0,9,1,0,8,73,0,2,8,3,7
2176.ps1,1,2920,1,2919.0,2919,0,1,20,20,16,16,73,73,8,383,5,14,0,0,7,0,0,0,0,0,1,74,0,0,0,0,0,0,0,0,0,0,0,0,0,0,0,0,0,0,0,0,0,0,0,0,0,0,0,0,0,0,0,0,0,0,0,0,0,0,0,0,0,0,0,0,0,0,0,1,0,0,0,0,0,0,0,0,0,0,0,0,0,0,0,0,0,0,0,0,0,0,0,7,1,0,6,74,0,1,6,5,5
2208.ps1,1,2804,1,2803.0,2803,0,1,22,22,16,16,51,51,10,368,5,11,0,0,7,0,0,0,0,0,0,52,0,0,0,0,0,0,0,0,0,0,0,0,0,0,0,0,0,0,0,0,0,0,0,0,0,0,0,0,0,0,0,0,2,0,0,0,0,0,0,0,0,0,0,0,0,0,0,1,0,0,0,0,0,0,0,0,0,0,0,0,1,0,0,0,0,0,0,0,0,0,0,3,1,3,5,56,0,0,7,1,4
2209.ps1,1,2784,1,2783.0,2783,0,2,22,22,20,20,50,50,7,358,9,13,0,0,7,0,0,0,1,0,2,50,0,0,0,0,0,0,0,0,0,0,0,0,0,0,0,0,0,0,0,0,0,0,0,0,0,0,0,0,0,0,0,0,0,0,0,0,0,0,0,0,0,0,0,0,0,0,0,1,0,0,0,0,0,0,0,0,0,0,0,0,0,0,0,0,0,0,0,0,0,0,0,10,1,0,8,50,0,2,9,4,7
2200.ps1,1,1575,1,1574.0,1574,1,1,22,22,40,40,29,29,42,39,16,10,0,6,21,0,8,0,2,0,1,26,0,0,0,0,0,0,0,0,0,0,0,0,0,0,0,0,0,0,0,0,0,0,0,0,0,0,0,0,0,0,0,0,0,0,0,0,0,0,0,0,0,0,0,0,0,0,0,1,0,0,0,0,0,0,0,0,0,0,0,0,0,1,0,0,0,0,0,0,0,1,0,14,1,0,9,26,0,1,16,6,8
2189.ps1,1,3035,1,3034.0,3034,0,1,14,14,11,11,75,75,21,79,24,13,0,23,13,0,0,0,0,0,1,77,0,0,0,0,0,0,0,0,0,0,0,0,0,0,0,0,0,0,0,0,0,0,0,0,0,0,0,0,0,0,0,0,3,0,0,0,0,0,0,0,0,0,0,0,0,0,0,1,0,0,0,0,0,0,0,0,0,0,0,0,0,1,0,0,0,0,0,0,0,3,0,7,1,0,7,77,0,1,6,5,6
2191.ps1,1,3051,1,3050.0,3050,0,2,22,22,20,20,76,76,10,402,7,10,0,0,7,0,0,0,1,0,2,77,0,0,0,0,0,0,0,0,0,0,0,0,0,0,0,0,0,0,0,0,0,0,0,0,0,0,0,0,0,0,0,0,0,0,0,0,0,0,0,0,0,0,0,0,0,0,0,1,0,0,0,0,0,0,0,0,0,0,0,0,0,0,0,0,0,0,0,0,0,0,0,5,1,3,5,80,0,2,9,1,4
220.ps1,1,2687,1,2686.0,2686,0,2,20,20,14,14,49,49,8,348,5,13,0,0,7,0,0,0,0,0,2,51,0,0,0,0,0,0,0,0,0,0,0,0,0,0,0,0,0,0,0,0,0,0,0,0,0,0,0,0,0,0,0,0,0,0,0,0,0,0,0,0,0,0,0,0,0,0,0,1,0,0,0,0,0,0,0,0,0,0,0,0,0,0,0,0,0,0,0,0,0,0,0,6,1,0,6,51,0,2,3,4,5
2181.ps1,1,2859,1,2858.0,2858,0,2,22,22,23,23,51,51,7,368,11,13,0,0,7,0,0,0,1,0,2,50,0,0,0,0,0,0,0,0,0,0,0,0,0,0,0,0,0,0,0,0,0,0,0,0,0,0,0,0,0,0,0,0,0,0,0,0,0,0,0,0,0,0,0,0,0,0,0,1,0,0,0,0,0,0,0,0,0,0,0,0,0,0,0,0,0,0,0,0,0,0,0,12,1,0,8,50,0,2,12,4,7
2195.ps1,1,2904,1,2903.0,2903,0,0,20,20,15,15,73,73,7,381,5,14,0,0,7,0,0,0,0,0,0,73,0,0,0,0,0,0,0,0,0,0,0,0,0,0,0,0,0,0,0,0,0,0,0,0,0,0,0,0,0,0,0,0,0,0,0,0,0,0,0,0,0,0,0,0,0,0,0,1,0,0,0,0,0,0,0,0,0,0,0,0,1,0,0,0,0,0,0,0,0,0,0,6,1,0,6,74,0,0,6,4,5
2196.ps1,1,3063,1,3062.0,3062,0,3,24,24,21,21,76,76,11,402,9,10,0,0,7,0,0,0,0,0,2,77,0,0,0,0,0,0,0,0,0,0,0,0,0,0,0,0,0,0,0,0,0,0,0,0,0,0,0,0,0,0,0,0,0,0,0,0,0,0,0,0,0,0,0,0,0,0,0,1,0,0,0,0,0,0,0,0,0,0,0,0,0,0,0,0,0,0,0,0,0,0,0,7,1,3,7,80,0,2,10,1,6
2216.ps1,1,3058,1,3057.0,3057,0,2,24,24,20,20,75,75,10,403,7,11,0,0,7,0,0,0,1,0,1,76,0,0,0,0,0,0,0,0,0,0,0,0,0,0,0,0,0,0,0,0,0,0,0,0,0,0,0,0,0,0,0,0,0,0,0,0,0,0,0,0,0,0,0,0,0,0,0,1,0,0,0,0,0,0,0,0,0,0,0,0,0,0,0,0,0,0,0,0,0,0,0,6,1,3,7,79,0,1,10,2,6
2220.ps1,1,2795,1,2794.0,2794,0,0,20,20,15,15,51,51,7,368,5,14,0,0,7,0,0,0,0,0,0,51,0,0,0,0,0,0,0,0,0,0,0,0,0,0,0,0,0,0,0,0,0,0,0,0,0,0,0,0,0,0,0,0,0,0,0,0,0,0,0,0,0,0,0,0,0,0,0,1,0,0,0,0,0,0,0,0,0,0,0,0,1,0,0,0,0,0,0,0,0,0,0,6,1,0,6,52,0,0,6,4,5
2227.ps1,1,599,1,598.0,598,1,3,12,12,12,12,35,35,14,39,6,3,0,3,0,0,0,0,0,0,2,41,0,0,0,0,0,0,0,0,0,0,0,0,0,0,0,0,0,0,0,0,0,0,0,0,0,0,0,0,0,0,0,0,0,0,0,0,0,0,0,0,0,0,0,0,0,0,0,1,0,0,0,0,0,0,0,0,0,0,0,0,0,0,0,0,0,0,0,0,0,0,0,7,1,4,6,45,0,2,10,1,5
2222.ps1,1,3087,1,3086.0,3086,0,0,23,23,19,19,76,76,8,404,7,15,2,0,7,0,0,0,1,0,0,77,0,0,0,0,0,0,0,0,0,0,0,0,0,0,0,0,0,0,0,0,0,0,0,0,0,0,0,0,0,0,0,0,0,0,0,0,0,0,0,0,0,0,0,0,0,0,0,1,0,0,0,0,0,0,0,0,0,0,0,0,0,0,0,0,0,0,0,0,0,0,0,9,2,0,9,79,0,0,9,5,8
2230.ps1,1,583,1,582.0,582,0,2,8,8,6,6,57,57,8,50,2,4,0,5,0,0,0,0,1,0,2,49,0,0,0,0,0,0,0,0,0,0,0,0,0,0,0,0,0,0,0,0,0,0,0,0,0,0,0,0,0,0,0,0,0,0,0,0,0,0,0,0,0,0,0,0,0,0,0,2,0,0,0,0,0,0,0,0,0,0,0,0,0,0,0,0,0,0,0,0,0,0,0,4,1,0,6,49,0,2,4,2,5
2218.ps1,1,742,1,741.0,741,1,0,7,7,7,7,53,53,11,57,2,8,2,6,0,0,0,0,0,0,0,58,0,0,0,0,0,0,0,0,0,0,0,0,0,0,0,0,0,0,0,0,0,0,0,0,0,0,0,0,0,0,0,0,0,0,0,0,0,0,0,0,0,0,0,0,0,0,0,1,0,0,0,0,0,0,0,0,0,0,0,0,0,1,0,0,0,0,0,0,0,0,0,7,2,0,8,60,0,0,6,5,7
2212.ps1,1,3198,1,3197.0,3197,0,1,23,23,19,19,79,79,10,432,5,11,0,0,7,0,0,0,1,0,1,80,0,0,0,0,0,0,0,0,0,0,0,0,0,0,0,0,0,0,0,0,0,0,0,0,0,0,0,0,0,0,0,0,0,0,0,0,0,0,0,0,0,0,0,0,0,0,0,1,0,0,0,0,0,0,0,0,0,0,0,0,0,0,0,0,0,0,0,0,0,0,0,4,1,3,6,83,0,1,9,2,5
2241.ps1,1,2882,1,2881.0,2881,0,0,19,19,12,12,73,73,7,381,3,14,0,0,7,0,0,0,0,0,0,74,0,0,0,0,0,0,0,0,0,0,0,0,0,0,0,0,0,0,0,0,0,0,0,0,0,0,0,0,0,0,0,0,0,0,0,0,0,0,0,0,0,0,0,0,0,0,0,1,0,0,0,0,0,0,0,0,0,0,0,0,1,0,0,0,0,0,0,0,0,0,0,4,1,0,5,75,0,0,3,4,4
2234.ps1,1,2769,1,2768.0,2768,0,0,21,21,18,18,50,50,7,358,7,13,0,0,7,0,0,0,0,0,0,49,0,0,0,0,0,0,0,0,0,0,0,0,0,0,0,0,0,0,0,0,0,0,0,0,0,0,0,0,0,0,0,0,0,0,0,0,0,0,0,0,0,0,0,0,0,0,0,1,0,0,0,0,0,0,0,0,0,0,0,0,0,1,0,0,0,0,0,0,0,0,0,8,1,0,7,50,0,0,9,4,6
2243.ps1,1,2811,1,2810.0,2810,0,0,24,24,22,22,50,50,12,360,7,11,2,0,7,0,0,0,0,0,0,51,0,0,0,0,0,0,0,0,0,0,0,0,0,0,0,0,0,0,0,0,0,0,0,0,0,0,0,0,0,0,0,0,0,0,0,0,0,0,0,0,0,0,0,0,0,0,0,1,0,0,0,0,0,0,0,0,0,0,0,0,0,0,0,0,0,0,0,0,0,0,0,6,2,3,7,56,0,0,12,2,6
2240.ps1,1,2916,1,2915.0,2915,0,3,25,25,24,24,52,52,10,378,11,10,0,0,7,0,0,0,1,0,2,52,0,0,0,0,0,0,0,0,0,0,0,0,0,0,0,0,0,0,0,0,0,0,0,0,0,0,0,0,0,0,0,0,0,0,0,0,0,0,0,0,0,0,0,0,0,0,0,1,0,0,0,0,0,0,0,0,0,0,0,0,0,0,0,0,0,0,0,0,0,0,0,9,1,3,8,55,0,2,13,1,7
224.ps1,1,2890,1,2889.0,2889,0,2,21,21,20,20,72,72,8,371,9,13,0,0,7,0,0,0,0,0,2,72,0,0,0,0,0,0,0,0,0,0,0,0,0,0,0,0,0,0,0,0,0,0,0,0,0,0,0,0,0,0,0,0,0,0,0,0,0,0,0,0,0,0,0,0,0,0,0,1,0,0,0,0,0,0,0,0,0,0,0,0,0,0,0,0,0,0,0,0,0,0,0,10,1,0,7,72,0,2,9,4,6
2249.ps1,1,3070,1,3069.0,3069,0,0,25,25,25,25,54,54,12,407,9,11,2,0,7,0,0,0,0,0,0,54,0,0,0,0,0,0,0,0,0,0,0,0,0,0,0,0,0,0,0,0,0,0,0,0,0,0,0,0,0,0,0,0,0,0,0,0,0,0,0,0,0,0,0,0,0,0,0,1,0,0,0,0,0,0,0,0,0,0,0,0,0,0,0,0,0,0,0,0,0,0,0,8,2,3,8,59,0,0,15,2,7
2223.ps1,1,380,1,379.0,379,0,0,6,6,4,4,27,27,7,28,2,4,0,3,0,0,0,0,0,0,0,28,0,0,0,0,0,0,0,0,0,0,0,0,0,0,0,0,0,0,0,0,0,0,0,0,0,0,0,0,0,0,0,0,0,0,0,0,0,0,0,0,0,0,0,0,0,0,0,1,0,0,0,0,0,0,0,0,0,0,0,0,0,1,0,0,0,0,0,0,0,0,0,4,1,0,5,29,0,0,4,2,4
2248.ps1,1,2886,1,2885.0,2885,0,0,21,21,16,16,52,52,8,380,5,15,2,0,7,0,0,0,1,0,0,54,0,0,0,0,0,0,0,0,0,0,0,0,0,0,0,0,0,0,0,0,0,0,0,0,0,0,0,0,0,0,0,0,0,0,0,0,0,0,0,0,0,0,0,0,0,0,0,1,0,0,0,0,0,0,0,0,0,0,0,0,0,0,0,0,0,0,0,0,0,0,0,7,2,0,7,56,0,0,6,5,6
2246.ps1,1,2881,1,2880.0,2880,0,1,21,21,17,17,52,52,8,379,6,14,0,0,7,0,0,0,0,0,1,54,0,0,0,0,0,0,0,0,0,0,0,0,0,0,0,0,0,0,0,0,0,0,0,0,0,0,0,0,0,0,0,0,0,0,0,0,0,0,0,0,0,0,0,0,0,0,0,1,0,0,0,0,0,0,0,0,0,0,0,0,0,0,0,0,0,0,0,0,0,0,0,8,1,0,7,54,0,1,7,5,6
2253.ps1,1,362,1,361.0,361,0,1,8,8,2,2,30,30,8,25,1,5,0,4,0,0,0,0,1,0,1,27,0,0,0,0,0,0,0,0,0,0,0,0,0,0,0,0,0,0,0,0,0,0,0,0,0,0,0,0,0,0,0,0,0,0,0,0,0,0,0,0,0,0,0,0,0,0,0,2,0,0,0,0,0,0,0,0,0,0,0,0,0,0,0,0,0,0,0,0,0,1,0,4,1,1,6,28,0,1,1,2,5
2265.ps1,1,2925,1,2924.0,2924,0,1,23,23,19,19,73,73,10,381,7,10,0,0,7,0,0,0,0,0,0,73,0,0,0,0,0,0,0,0,0,0,0,0,0,0,0,0,0,0,0,0,0,0,0,0,0,0,0,0,0,0,0,0,0,0,0,0,0,0,0,0,0,0,0,0,0,0,0,1,0,0,0,0,0,0,0,0,0,0,0,0,0,1,0,0,0,0,0,0,0,0,0,5,1,3,6,77,0,0,10,1,5
2266.ps1,1,2908,1,2907.0,2907,0,2,24,24,21,21,52,52,11,379,8,11,0,0,7,0,0,0,0,0,1,54,0,0,0,0,0,0,0,0,0,0,0,0,0,0,0,0,0,0,0,0,0,0,0,0,0,0,0,0,0,0,0,0,0,0,0,0,0,0,0,0,0,0,0,0,0,0,0,1,0,0,0,0,0,0,0,0,0,0,0,0,0,0,0,0,0,0,0,0,0,0,0,7,1,3,7,57,0,1,11,2,6
2256.ps1,1,3027,1,3026.0,3026,0,1,22,22,19,19,54,54,7,407,7,14,0,0,7,0,0,0,1,0,1,54,0,0,0,0,0,0,0,0,0,0,0,0,0,0,0,0,0,0,0,0,0,0,0,0,0,0,0,0,0,0,0,0,0,0,0,0,0,0,0,0,0,0,0,0,0,0,0,1,0,0,0,0,0,0,0,0,0,0,0,0,0,0,0,0,0,0,0,0,0,0,0,9,1,0,8,54,0,1,9,5,7
2271.ps1,1,3808,1,3807.0,3807,0,1,25,25,24,24,95,95,12,469,9,22,0,0,12,0,0,0,3,0,1,95,0,0,0,0,0,0,0,0,0,0,0,0,0,0,0,0,0,0,0,0,0,0,0,0,0,0,0,0,0,0,0,0,0,0,0,0,0,0,0,0,0,0,0,0,0,0,0,1,0,0,0,1,0,0,0,0,0,0,0,0,0,2,0,0,0,0,0,0,0,0,0,11,1,0,8,95,0,1,11,6,7
2277.ps1,1,2872,1,2871.0,2871,0,2,19,19,14,14,72,72,7,377,5,13,0,0,7,0,0,0,1,0,2,74,0,0,0,0,0,0,0,0,0,0,0,0,0,0,0,0,0,0,0,0,0,0,0,0,0,0,0,0,0,0,0,0,0,0,0,0,0,0,0,0,0,0,0,0,0,0,0,1,0,0,0,0,0,0,0,0,0,0,0,0,0,0,0,0,0,0,0,0,0,0,0,6,1,0,5,74,0,2,3,4,4
2245.ps1,1,440,1,439.0,439,0,0,7,7,2,2,34,34,9,37,0,6,2,3,0,0,0,0,0,0,0,38,0,0,0,0,0,0,0,0,0,0,0,0,0,0,0,0,0,0,0,0,0,0,0,0,0,0,0,0,0,0,0,0,0,0,0,0,0,0,0,0,0,0,0,0,0,0,0,1,0,0,0,0,0,0,0,0,0,0,0,0,0,0,0,0,0,0,0,0,0,0,0,3,2,0,6,40,0,0,1,3,5
2274.ps1,1,2905,1,2904.0,2904,0,2,23,23,17,17,72,72,10,379,5,11,0,0,7,0,0,0,1,0,1,74,0,0,0,0,0,0,0,0,0,0,0,0,0,0,0,0,0,0,0,0,0,0,0,0,0,0,0,0,0,0,0,0,0,0,0,0,0,0,0,0,0,0,0,0,0,0,0,1,0,0,0,0,0,0,0,0,0,0,0,0,0,0,0,0,0,0,0,0,0,0,0,4,1,3,6,77,0,1,7,2,5
2279.ps1,1,3508,1,3507.0,3507,0,1,24,24,22,22,87,87,10,488,9,10,0,0,7,0,0,0,0,0,0,86,0,0,0,0,0,0,0,0,0,0,0,0,0,0,0,0,0,0,0,0,0,0,0,0,0,0,0,0,0,0,0,0,0,0,0,0,0,0,0,0,0,0,0,0,0,0,0,1,0,0,0,0,0,0,0,0,0,0,0,0,0,1,0,0,0,0,0,0,0,0,0,7,1,3,7,90,0,0,13,1,6
2258.ps1,1,2949,1,2948.0,2948,0,1,22,22,19,19,73,73,8,383,7,14,0,0,7,0,0,0,0,0,1,73,0,0,0,0,0,0,0,0,0,0,0,0,0,0,0,0,0,0,0,0,0,0,0,0,0,0,0,0,0,0,0,0,0,0,0,0,0,0,0,0,0,0,0,0,0,0,0,1,0,0,0,0,0,0,0,0,0,0,0,0,0,0,0,0,0,0,0,0,0,0,0,9,1,0,8,73,0,1,9,5,7
2284.ps1,1,468,1,467.0,467,1,0,9,9,6,6,30,30,10,33,2,4,2,5,0,0,0,0,0,0,0,33,0,0,0,0,0,0,0,0,0,0,0,0,0,0,0,0,0,0,0,0,0,0,0,0,0,0,0,0,0,0,0,0,0,0,0,0,0,0,0,0,0,0,0,0,0,0,0,1,0,0,0,0,0,0,0,0,0,0,0,0,0,0,0,0,0,0,0,0,0,0,0,4,2,1,7,36,0,0,5,2,6
2272.ps1,1,2793,1,2792.0,2792,0,1,22,22,19,19,50,50,10,360,5,11,0,0,7,0,0,0,1,0,1,51,0,0,0,0,0,0,0,0,0,0,0,0,0,0,0,0,0,0,0,0,0,0,0,0,0,0,0,0,0,0,0,0,0,0,0,0,0,0,0,0,0,0,0,0,0,0,0,1,0,0,0,0,0,0,0,0,0,0,0,0,0,0,0,0,0,0,0,0,0,0,0,4,1,3,5,54,0,1,9,2,4
2282.ps1,1,3322,1,3321.0,3321,0,3,24,24,21,21,82,82,10,449,9,10,0,0,7,0,0,0,1,0,2,83,0,0,0,0,0,0,0,0,0,0,0,0,0,0,0,0,0,0,0,0,0,0,0,0,0,0,0,0,0,0,0,0,0,0,0,0,0,0,0,0,0,0,0,0,0,0,0,1,0,0,0,0,0,0,0,0,0,0,0,0,0,0,0,0,0,0,0,0,0,0,0,7,1,3,7,86,0,2,10,1,6
2278.ps1,1,2860,1,2859.0,2859,0,1,21,21,16,16,52,52,7,380,5,14,0,0,7,0,0,0,1,0,1,53,0,0,0,0,0,0,0,0,0,0,0,0,0,0,0,0,0,0,0,0,0,0,0,0,0,0,0,0,0,0,0,0,0,0,0,0,0,0,0,0,0,0,0,0,0,0,0,1,0,0,0,0,0,0,0,0,0,0,0,0,0,0,0,0,0,0,0,0,0,0,0,7,1,0,7,53,0,1,6,5,6
2294.ps1,1,529,1,528.0,528,0,2,8,8,6,6,51,51,9,44,2,4,0,3,0,0,0,0,0,0,2,43,0,0,0,0,0,0,0,0,0,0,0,0,0,0,0,0,0,0,0,0,0,0,0,0,0,0,0,0,0,0,0,0,0,0,0,0,0,0,0,0,0,0,0,0,0,0,0,2,0,0,0,0,0,0,0,0,0,0,0,0,0,0,0,0,0,0,0,0,0,0,0,4,1,0,6,43,0,2,4,2,5
2259.ps1,1,3662,1,3661.0,3661,0,0,26,26,23,23,92,92,13,444,8,22,2,0,12,0,0,0,3,0,0,92,0,0,0,0,0,0,0,0,0,0,0,0,0,0,0,0,0,0,0,0,0,0,0,0,0,0,0,0,0,0,0,0,0,0,0,0,0,0,0,0,0,0,0,0,0,0,0,1,0,0,0,1,0,0,0,0,0,0,0,0,0,2,0,0,0,0,0,0,0,0,0,10,2,0,9,94,0,0,10,6,8
2283.ps1,1,2741,1,2740.0,2740,0,0,19,19,15,15,50,50,7,358,5,14,0,0,7,0,0,0,0,0,0,50,0,0,0,0,0,0,0,0,0,0,0,0,0,0,0,0,0,0,0,0,0,0,0,0,0,0,0,0,0,0,0,0,0,0,0,0,0,0,0,0,0,0,0,0,0,0,0,1,0,0,0,0,0,0,0,0,0,0,0,0,1,0,0,0,0,0,0,0,0,0,0,6,1,0,5,51,0,0,6,4,4
2292.ps1,1,2866,1,2865.0,2865,0,1,21,21,16,16,52,52,8,380,5,14,0,0,7,0,0,0,0,0,1,53,0,0,0,0,0,0,0,0,0,0,0,0,0,0,0,0,0,0,0,0,0,0,0,0,0,0,0,0,0,0,0,0,0,0,0,0,0,0,0,0,0,0,0,0,0,0,0,1,0,0,0,0,0,0,0,0,0,0,0,0,0,0,0,0,0,0,0,0,0,0,0,7,1,0,7,53,0,1,6,5,6
2285.ps1,1,2956,1,2955.0,2955,0,1,21,21,19,19,73,73,8,383,7,14,0,0,7,0,0,0,0,0,1,73,0,0,0,0,0,0,0,0,0,0,0,0,0,0,0,0,0,0,0,0,0,0,0,0,0,0,0,0,0,0,0,0,0,0,0,0,0,0,0,0,0,0,0,0,0,0,0,1,0,0,0,0,0,0,0,0,0,0,0,0,0,0,0,0,0,0,0,0,0,0,0,9,1,0,7,73,0,1,9,5,6
2291.ps1,1,434,1,433.0,433,1,1,7,7,3,3,41,41,9,36,1,5,0,3,1,0,0,0,0,0,1,35,0,0,0,0,0,0,0,0,0,0,0,0,0,0,0,0,0,0,0,0,0,0,0,0,0,0,0,0,0,0,0,0,0,0,0,0,0,0,0,0,0,0,0,0,0,0,0,2,0,0,0,0,0,0,0,0,0,0,0,0,0,0,0,0,0,0,0,0,0,0,0,3,1,0,5,35,0,1,2,3,4
2296.ps1,1,2785,1,2784.0,2784,0,0,23,23,19,19,50,50,8,360,7,14,2,0,7,0,0,0,1,0,0,51,0,0,0,0,0,0,0,0,0,0,0,0,0,0,0,0,0,0,0,0,0,0,0,0,0,0,0,0,0,0,0,0,0,0,0,0,0,0,0,0,0,0,0,0,0,0,0,1,0,0,0,0,0,0,0,0,0,0,0,0,0,0,0,0,0,0,0,0,0,0,0,9,2,0,9,53,0,0,9,5,8
2299.ps1,1,2922,1,2921.0,2921,0,2,20,20,17,17,73,73,7,381,7,13,0,0,7,0,0,0,1,0,2,74,0,0,0,0,0,0,0,0,0,0,0,0,0,0,0,0,0,0,0,0,0,0,0,0,0,0,0,0,0,0,0,0,0,0,0,0,0,0,0,0,0,0,0,0,0,0,0,1,0,0,0,0,0,0,0,0,0,0,0,0,0,0,0,0,0,0,0,0,0,0,0,8,1,0,6,74,0,2,6,4,5
2295.ps1,1,1611,1,1610.0,1610,0,2,13,13,21,21,112,112,25,114,8,10,0,5,9,0,2,0,0,0,2,114,0,0,0,0,0,0,0,0,0,0,0,0,0,0,0,0,0,0,0,0,0,0,0,0,0,0,0,0,0,0,0,0,0,0,0,0,0,0,0,0,0,0,0,0,0,0,0,1,0,0,0,0,0,0,0,0,0,0,0,0,0,0,0,0,0,0,0,0,0,1,0,11,1,0,8,114,0,2,10,5,7
230.ps1,1,2968,1,2967.0,2967,0,2,24,24,23,23,73,73,10,381,9,10,0,0,7,0,0,0,1,0,2,73,0,0,0,0,0,0,0,0,0,0,0,0,0,0,0,0,0,0,0,0,0,0,0,0,0,0,0,0,0,0,0,0,0,0,0,0,0,0,0,0,0,0,0,0,0,0,0,1,0,0,0,0,0,0,0,0,0,0,0,0,0,0,0,0,0,0,0,0,0,0,0,7,1,3,7,76,0,2,12,1,6
2301.ps1,1,2774,1,2773.0,2773,0,2,21,21,17,17,50,50,8,358,7,13,0,0,7,0,0,0,0,0,2,51,0,0,0,0,0,0,0,0,0,0,0,0,0,0,0,0,0,0,0,0,0,0,0,0,0,0,0,0,0,0,0,0,0,0,0,0,0,0,0,0,0,0,0,0,0,0,0,1,0,0,0,0,0,0,0,0,0,0,0,0,0,0,0,0,0,0,0,0,0,0,0,8,1,0,7,51,0,2,6,4,6
2311.ps1,1,609,1,608.0,608,0,2,10,10,13,13,43,43,9,45,8,3,0,3,1,0,0,0,0,0,2,45,0,0,0,0,0,0,0,0,0,0,0,0,0,0,0,0,0,0,0,0,0,0,0,0,0,0,0,0,0,0,0,0,0,0,0,0,0,0,0,0,0,0,0,0,0,0,0,1,0,0,0,0,0,0,0,0,0,0,0,0,0,0,0,0,0,0,0,0,0,1,0,8,1,2,6,47,0,2,11,1,5
2326.ps1,1,2943,1,2942.0,2942,0,2,22,22,20,20,73,73,7,381,9,13,0,0,7,0,0,0,1,0,2,73,0,0,0,0,0,0,0,0,0,0,0,0,0,0,0,0,0,0,0,0,0,0,0,0,0,0,0,0,0,0,0,0,0,0,0,0,0,0,0,0,0,0,0,0,0,0,0,1,0,0,0,0,0,0,0,0,0,0,0,0,0,0,0,0,0,0,0,0,0,0,0,10,1,0,8,73,0,2,9,4,7
2302.ps1,1,2288,1,2288.0,2288,0,1,15,15,12,12,216,216,31,183,0,9,0,4,14,0,0,0,1,0,1,177,0,0,0,0,0,0,0,0,0,0,0,0,0,0,0,0,0,0,0,0,0,0,0,0,0,0,0,0,0,0,0,0,0,0,0,0,0,0,0,0,0,0,0,0,0,0,0,2,0,0,0,0,0,0,0,0,0,0,0,0,0,0,0,0,0,0,0,0,0,0,0,3,1,0,6,177,0,1,3,3,5
2315.ps1,1,2762,1,2761.0,2761,0,2,20,20,17,17,50,50,8,358,7,13,0,0,7,0,0,0,0,0,2,51,0,0,0,0,0,0,0,0,0,0,0,0,0,0,0,0,0,0,0,0,0,0,0,0,0,0,0,0,0,0,0,0,0,0,0,0,0,0,0,0,0,0,0,0,0,0,0,1,0,0,0,0,0,0,0,0,0,0,0,0,0,0,0,0,0,0,0,0,0,0,0,8,1,0,6,51,0,2,6,4,5
2306.ps1,1,2929,1,2928.0,2928,0,1,26,26,23,23,52,52,12,380,9,12,2,0,7,0,0,0,0,0,0,53,0,0,0,0,0,0,0,0,0,0,0,0,0,0,0,0,0,0,0,0,0,0,0,0,0,0,0,0,0,0,0,0,0,0,0,0,0,0,0,0,0,0,0,0,0,0,0,1,0,0,0,0,0,0,0,0,0,0,0,0,0,0,0,0,0,0,0,0,0,0,0,8,2,3,9,58,0,0,13,2,8
2333.ps1,1,397,1,396.0,396,0,0,6,6,1,1,37,37,8,31,0,5,0,4,0,0,0,0,0,0,0,32,0,0,0,0,0,0,0,0,0,0,0,0,0,0,0,0,0,0,0,0,0,0,0,0,0,0,0,0,0,0,0,0,0,0,0,0,0,0,0,0,0,0,0,0,0,0,0,2,0,0,0,0,0,0,0,0,0,0,0,0,1,0,0,0,0,0,1,0,0,0,0,2,1,0,5,33,0,0,1,1,4
234.ps1,1,3102,1,3101.0,3101,0,3,25,25,24,24,76,76,11,402,11,10,0,0,7,0,0,0,0,0,2,76,0,0,0,0,0,0,0,0,0,0,0,0,0,0,0,0,0,0,0,0,0,0,0,0,0,0,0,0,0,0,0,0,0,0,0,0,0,0,0,0,0,0,0,0,0,0,0,1,0,0,0,0,0,0,0,0,0,0,0,0,0,0,0,0,0,0,0,0,0,0,0,9,1,3,8,79,0,2,13,1,7
2323.ps1,1,2949,1,2948.0,2948,0,0,22,22,16,16,73,73,9,383,5,14,2,0,7,0,0,0,0,0,0,75,0,0,0,0,0,0,0,0,0,0,0,0,0,0,0,0,0,0,0,0,0,0,0,0,0,0,0,0,0,0,0,0,0,0,0,0,0,0,0,0,0,0,0,0,0,0,0,1,0,0,0,0,0,0,0,0,0,0,0,0,0,0,0,0,0,0,0,0,0,0,0,7,2,0,8,77,0,0,6,5,7
2313.ps1,1,2996,1,2995.0,2995,0,2,21,21,17,17,54,54,10,405,5,10,0,0,7,0,0,0,1,0,2,56,0,0,0,0,0,0,0,0,0,0,0,0,0,0,0,0,0,0,0,0,0,0,0,0,0,0,0,0,0,0,0,0,0,0,0,0,0,0,0,0,0,0,0,0,0,0,0,1,0,0,0,0,0,0,0,0,0,0,0,0,0,0,0,0,0,0,0,0,0,0,0,3,1,3,4,59,0,2,6,1,3
2327.ps1,1,2760,1,2759.0,2759,0,2,20,20,17,17,50,50,7,358,7,13,0,0,7,0,0,0,1,0,2,51,0,0,0,0,0,0,0,0,0,0,0,0,0,0,0,0,0,0,0,0,0,0,0,0,0,0,0,0,0,0,0,0,0,0,0,0,0,0,0,0,0,0,0,0,0,0,0,1,0,0,0,0,0,0,0,0,0,0,0,0,0,0,0,0,0,0,0,0,0,0,0,8,1,0,6,51,0,2,6,4,5
2318.ps1,1,2950,1,2949.0,2949,0,2,21,21,20,20,73,73,7,381,9,13,0,0,7,0,0,0,1,0,2,73,0,0,0,0,0,0,0,0,0,0,0,0,0,0,0,0,0,0,0,0,0,0,0,0,0,0,0,0,0,0,0,0,0,0,0,0,0,0,0,0,0,0,0,0,0,0,0,1,0,0,0,0,0,0,0,0,0,0,0,0,0,0,0,0,0,0,0,0,0,0,0,10,1,0,7,73,0,2,9,4,6
2321.ps1,1,2817,1,2816.0,2816,0,0,23,23,22,22,50,50,8,360,9,14,2,0,7,0,0,0,1,0,0,50,0,0,0,0,0,0,0,0,0,0,0,0,0,0,0,0,0,0,0,0,0,0,0,0,0,0,0,0,0,0,0,0,0,0,0,0,0,0,0,0,0,0,0,0,0,0,0,1,0,0,0,0,0,0,0,0,0,0,0,0,0,0,0,0,0,0,0,0,0,0,0,11,2,0,9,52,0,0,12,5,8
2309.ps1,1,538,1,537.0,537,0,2,7,7,6,6,47,47,9,40,2,4,0,5,0,0,0,0,0,0,2,39,0,0,0,0,0,0,0,0,0,0,0,0,0,0,0,0,0,0,0,0,0,0,0,0,0,0,0,0,0,0,0,0,1,0,0,0,0,0,0,0,0,0,0,0,0,0,0,2,0,0,0,0,0,0,0,0,0,0,0,0,0,0,0,0,0,0,0,0,0,0,0,4,1,0,5,39,0,2,4,2,4
2329.ps1,1,3333,1,3332.0,3332,0,0,21,21,18,18,83,83,10,459,5,10,0,0,7,0,0,0,0,0,0,83,0,0,0,0,0,0,0,0,0,0,0,0,0,0,0,0,0,0,0,0,0,0,0,0,0,0,0,0,0,0,0,0,0,0,0,0,0,0,0,0,0,0,0,0,0,0,0,1,0,0,0,0,0,0,0,0,0,0,0,0,0,1,0,0,0,0,0,0,0,0,0,3,1,3,4,87,0,0,9,1,3
2330.ps1,1,2837,1,2836.0,2836,0,1,22,22,19,19,51,51,8,370,7,14,0,0,7,0,0,0,0,0,1,51,0,0,0,0,0,0,0,0,0,0,0,0,0,0,0,0,0,0,0,0,0,0,0,0,0,0,0,0,0,0,0,0,0,0,0,0,0,0,0,0,0,0,0,0,0,0,0,1,0,0,0,0,0,0,0,0,0,0,0,0,0,0,0,0,0,0,0,0,0,0,0,9,1,0,8,51,0,1,9,5,7
2338.ps1,1,3602,1,3601.0,3601,0,3,26,26,21,21,66,66,16,451,8,12,0,0,11,0,0,0,3,0,2,68,0,0,0,0,0,0,0,0,0,0,0,0,0,0,0,0,0,0,0,0,0,0,0,0,0,0,0,0,0,0,0,0,0,0,0,0,0,0,0,0,0,0,0,0,0,0,0,1,0,0,0,1,0,0,0,0,0,0,0,0,0,2,0,0,0,0,0,0,0,0,0,5,1,4,5,72,0,2,7,1,4
2347.ps1,1,353,1,352.0,352,0,2,9,9,8,8,23,23,6,23,5,5,1,0,1,0,0,0,0,0,2,25,0,0,0,0,0,0,0,0,0,0,0,0,0,0,0,0,0,0,0,0,0,0,0,0,0,0,0,0,0,0,0,0,0,0,0,0,0,0,0,0,0,0,0,0,0,0,0,1,0,0,0,0,0,0,0,0,0,0,0,0,0,0,0,0,0,0,0,0,0,0,0,7,1,0,7,25,0,2,5,3,6
2334.ps1,1,3069,1,3068.0,3068,0,1,21,21,19,19,76,76,7,404,7,14,0,0,7,0,0,0,1,0,1,76,0,0,0,0,0,0,0,0,0,0,0,0,0,0,0,0,0,0,0,0,0,0,0,0,0,0,0,0,0,0,0,0,0,0,0,0,0,0,0,0,0,0,0,0,0,0,0,1,0,0,0,0,0,0,0,0,0,0,0,0,0,0,0,0,0,0,0,0,0,0,0,9,1,0,7,76,0,1,9,5,6
2343.ps1,1,2860,1,2859.0,2859,0,2,25,25,20,20,51,51,11,369,8,11,0,0,7,0,0,0,1,0,1,53,0,0,0,0,0,0,0,0,0,0,0,0,0,0,0,0,0,0,0,0,0,0,0,0,0,0,0,0,0,0,0,0,0,0,0,0,0,0,0,0,0,0,0,0,0,0,0,1,0,0,0,0,0,0,0,0,0,0,0,0,0,0,0,0,0,0,0,0,0,0,0,7,1,4,7,57,0,1,10,2,6
2346.ps1,1,3123,1,3122.0,3122,0,3,24,24,21,21,56,56,11,419,9,10,0,0,7,0,0,0,0,0,2,57,0,0,0,0,0,0,0,0,0,0,0,0,0,0,0,0,0,0,0,0,0,0,0,0,0,0,0,0,0,0,0,0,0,0,0,0,0,0,0,0,0,0,0,0,0,0,0,1,0,0,0,0,0,0,0,0,0,0,0,0,0,0,0,0,0,0,0,0,0,0,0,7,1,3,7,60,0,2,10,1,6
2349.ps1,1,3242,1,3241.0,3241,0,2,23,23,14,14,58,58,11,450,4,11,0,0,7,0,0,0,1,0,1,62,0,0,0,0,0,0,0,0,0,0,0,0,0,0,0,0,0,0,0,0,0,0,0,0,0,0,0,0,0,0,0,0,0,0,0,0,0,0,0,0,0,0,0,0,0,0,0,1,0,0,0,0,0,0,0,0,0,0,0,0,0,0,0,0,0,0,0,0,0,0,0,3,1,4,5,66,0,1,4,2,4
2357.ps1,1,2790,1,2789.0,2789,0,1,23,23,17,17,50,50,10,359,4,11,0,0,7,0,0,0,1,0,1,53,0,0,0,0,0,0,0,0,0,0,0,0,0,0,0,0,0,0,0,0,0,0,0,0,0,0,0,0,0,0,0,0,0,0,0,0,0,0,0,0,0,0,0,0,0,0,0,1,0,0,0,0,0,0,0,0,0,0,0,0,0,0,0,0,0,0,0,0,0,0,0,3,1,3,6,56,0,1,7,2,5
2371.ps1,1,437,1,436.0,436,0,1,7,7,2,2,40,40,9,36,0,5,0,4,0,0,0,0,0,0,1,36,0,0,0,0,0,0,0,0,0,0,0,0,0,0,0,0,0,0,0,0,0,0,0,0,0,0,0,0,0,0,0,0,0,0,0,0,0,0,0,0,0,0,0,0,0,0,0,2,0,0,0,0,0,0,0,0,0,0,0,0,0,0,0,0,0,0,0,0,0,0,0,3,1,0,6,36,0,1,1,2,5
2362.ps1,1,2949,1,2948.0,2948,0,1,21,21,16,16,73,73,8,382,6,14,0,0,7,0,0,0,1,0,1,75,0,0,0,0,0,0,0,0,0,0,0,0,0,0,0,0,0,0,0,0,0,0,0,0,0,0,0,0,0,0,0,0,0,0,0,0,0,0,0,0,0,0,0,0,0,0,0,1,0,0,0,0,0,0,0,0,0,0,0,0,0,0,0,0,0,0,0,0,0,0,0,8,1,1,6,76,0,1,6,5,5
2365.ps1,1,3058,1,3057.0,3057,0,0,24,24,22,22,54,54,11,407,7,12,2,0,7,0,0,0,1,0,0,55,0,0,0,0,0,0,0,0,0,0,0,0,0,0,0,0,0,0,0,0,0,0,0,0,0,0,0,0,0,0,0,0,0,0,0,0,0,0,0,0,0,0,0,0,0,0,0,1,0,0,0,0,0,0,0,0,0,0,0,0,0,0,0,0,0,0,0,0,0,0,0,6,2,3,7,60,0,0,12,2,6
2378.ps1,1,2983,1,2982.0,2982,0,2,22,22,23,23,73,73,7,381,11,13,0,0,7,0,0,0,1,0,2,72,0,0,0,0,0,0,0,0,0,0,0,0,0,0,0,0,0,0,0,0,0,0,0,0,0,0,0,0,0,0,0,0,0,0,0,0,0,0,0,0,0,0,0,0,0,0,0,1,0,0,0,0,0,0,0,0,0,0,0,0,0,0,0,0,0,0,0,0,0,0,0,12,1,0,8,72,0,2,12,4,7
2350.ps1,1,3236,1,3235.0,3235,0,1,23,23,23,23,79,79,7,431,10,14,0,0,7,0,0,0,1,0,1,79,0,0,0,0,0,0,0,0,0,0,0,0,0,0,0,0,0,0,0,0,0,0,0,0,0,0,0,0,0,0,0,0,0,0,0,0,0,0,0,0,0,0,0,0,0,0,0,1,0,0,0,0,0,0,0,0,0,0,0,0,0,0,0,0,0,0,0,0,0,0,0,12,1,0,9,79,0,1,13,5,8
2364.ps1,1,3024,1,3023.0,3023,0,0,21,21,18,18,75,75,7,401,7,13,0,0,7,0,0,0,0,0,0,74,0,0,0,0,0,0,0,0,0,0,0,0,0,0,0,0,0,0,0,0,0,0,0,0,0,0,0,0,0,0,0,0,0,0,0,0,0,0,0,0,0,0,0,0,0,0,0,1,0,0,0,0,0,0,0,0,0,0,0,0,0,1,0,0,0,0,0,0,0,0,0,8,1,0,7,75,0,0,9,4,6
2369.ps1,1,461,1,460.0,460,0,0,6,6,1,1,46,46,7,40,0,5,0,6,0,0,0,0,0,0,0,41,0,0,0,0,0,0,0,0,0,0,0,0,0,0,0,0,0,0,0,0,0,0,0,0,0,0,0,0,0,0,0,0,0,0,0,0,0,0,0,0,0,0,0,0,0,0,0,2,0,0,0,0,0,0,0,0,0,0,0,0,0,1,0,0,0,0,0,0,0,0,0,2,1,0,5,42,0,0,1,1,4
2351.ps1,1,3058,1,3057.0,3057,0,0,16,16,12,12,75,75,25,79,36,10,2,19,12,0,0,0,0,0,0,79,0,0,0,0,0,0,0,0,0,0,0,0,0,0,0,0,0,0,0,0,0,0,0,0,0,0,0,0,0,0,0,0,1,0,0,0,0,0,0,0,0,0,0,0,0,0,0,1,0,0,0,0,0,0,0,0,0,0,0,0,0,1,0,0,0,0,0,0,0,2,0,4,2,3,6,84,0,0,7,2,5
2380.ps1,1,3200,1,3199.0,3199,0,2,22,22,20,20,79,79,8,430,9,13,0,0,7,0,0,0,0,0,2,79,0,0,0,0,0,0,0,0,0,0,0,0,0,0,0,0,0,0,0,0,0,0,0,0,0,0,0,0,0,0,0,0,0,0,0,0,0,0,0,0,0,0,0,0,0,0,0,1,0,0,0,0,0,0,0,0,0,0,0,0,0,0,0,0,0,0,0,0,0,0,0,10,1,0,8,79,0,2,9,4,7
2381.ps1,1,1417,1,1416.0,1416,0,1,12,12,17,17,113,113,25,116,7,3,0,5,6,0,0,0,0,0,0,115,0,0,0,0,0,0,0,0,0,0,0,0,0,0,0,0,0,0,0,0,0,0,0,0,0,0,0,0,0,0,0,0,0,0,0,0,0,0,0,0,0,0,0,0,0,0,0,1,0,0,0,0,0,0,0,0,0,0,0,0,0,1,0,0,0,0,0,0,0,1,0,7,1,3,7,119,0,0,13,1,6
239.ps1,1,2956,1,2955.0,2955,0,2,22,22,20,20,73,73,11,381,7,10,0,0,7,0,0,0,0,0,2,74,0,0,0,0,0,0,0,0,0,0,0,0,0,0,0,0,0,0,0,0,0,0,0,0,0,0,0,0,0,0,0,0,0,0,0,0,0,0,0,0,0,0,0,0,0,0,0,1,0,0,0,0,0,0,0,0,0,0,0,0,0,0,0,0,0,0,0,0,0,0,0,5,1,3,5,77,0,2,9,1,4
2383.ps1,1,2775,1,2774.0,2774,0,3,23,23,18,18,50,50,10,358,7,10,0,0,7,0,0,0,1,0,2,52,0,0,0,0,0,0,0,0,0,0,0,0,0,0,0,0,0,0,0,0,0,0,0,0,0,0,0,0,0,0,0,0,0,0,0,0,0,0,0,0,0,0,0,0,0,0,0,1,0,0,0,0,0,0,0,0,0,0,0,0,0,0,0,0,0,0,0,0,0,0,0,5,1,3,6,55,0,2,7,1,5
2388.ps1,1,3315,1,3314.0,3314,0,0,24,24,24,24,81,81,10,443,9,11,0,0,7,0,0,0,0,0,0,79,0,0,0,0,0,0,0,0,0,0,0,0,0,0,0,0,0,0,0,0,0,0,0,0,0,0,0,0,0,0,0,0,0,0,0,0,0,0,0,0,0,0,0,0,0,0,0,1,0,0,0,0,0,0,0,0,0,0,0,0,1,0,0,0,0,0,0,0,0,0,0,7,1,3,7,83,0,0,15,1,6
240.ps1,1,3174,1,3173.0,3173,0,2,19,19,14,14,80,80,7,431,5,13,0,0,7,0,0,0,1,0,2,82,0,0,0,0,0,0,0,0,0,0,0,0,0,0,0,0,0,0,0,0,0,0,0,0,0,0,0,0,0,0,0,0,0,0,0,0,0,0,0,0,0,0,0,0,0,0,0,1,0,0,0,0,0,0,0,0,0,0,0,0,0,0,0,0,0,0,0,0,0,0,0,6,1,0,5,82,0,2,3,4,4
2386.ps1,1,2819,1,2818.0,2818,0,3,25,25,24,24,49,49,11,357,11,10,0,0,7,0,0,0,0,0,2,49,0,0,0,0,0,0,0,0,0,0,0,0,0,0,0,0,0,0,0,0,0,0,0,0,0,0,0,0,0,0,0,0,0,0,0,0,0,0,0,0,0,0,0,0,0,0,0,1,0,0,0,0,0,0,0,0,0,0,0,0,0,0,0,0,0,0,0,0,0,0,0,9,1,3,8,52,0,2,13,1,7
2353.ps1,1,2977,1,2976.0,2976,0,0,24,24,22,22,73,73,12,383,7,12,2,0,7,0,0,0,0,0,0,74,0,0,0,0,0,0,0,0,0,0,0,0,0,0,0,0,0,0,0,0,0,0,0,0,0,0,0,0,0,0,0,0,0,0,0,0,0,0,0,0,0,0,0,0,0,0,0,1,0,0,0,0,0,0,0,0,0,0,0,0,0,0,0,0,0,0,0,0,0,0,0,6,2,3,7,79,0,0,12,2,6
2412.ps1,1,2763,1,2762.0,2762,0,2,20,20,17,17,50,50,8,358,7,13,0,0,7,0,0,0,0,0,2,51,0,0,0,0,0,0,0,0,0,0,0,0,0,0,0,0,0,0,0,0,0,0,0,0,0,0,0,0,0,0,0,0,0,0,0,0,0,0,0,0,0,0,0,0,0,0,0,1,0,0,0,0,0,0,0,0,0,0,0,0,0,0,0,0,0,0,0,0,0,0,0,8,1,0,6,51,0,2,6,4,5
2395.ps1,1,2899,1,2898.0,2898,0,1,22,22,16,16,73,73,10,381,5,10,0,0,7,0,0,0,0,0,0,74,0,0,0,0,0,0,0,0,0,0,0,0,0,0,0,0,0,0,0,0,0,0,0,0,0,0,0,0,0,0,0,0,0,0,0,0,0,0,0,0,0,0,0,0,0,0,0,1,0,0,0,0,0,0,0,0,0,0,0,0,0,1,0,0,0,0,0,0,0,0,0,3,1,3,5,78,0,0,7,1,4
241.ps1,1,2878,1,2877.0,2877,0,0,21,21,18,18,51,51,7,377,7,14,0,0,7,0,0,0,0,0,0,50,0,0,0,0,0,0,0,0,0,0,0,0,0,0,0,0,0,0,0,0,0,0,0,0,0,0,0,0,0,0,0,0,0,0,0,0,0,0,0,0,0,0,0,0,0,0,0,1,0,0,0,0,0,0,0,0,0,0,0,0,1,0,0,0,0,0,0,0,0,0,0,8,1,0,7,51,0,0,9,4,6
2422.ps1,1,3222,1,3221.0,3221,0,2,24,24,23,23,79,79,11,430,9,10,0,0,7,0,0,0,0,0,2,79,0,0,0,0,0,0,0,0,0,0,0,0,0,0,0,0,0,0,0,0,0,0,0,0,0,0,0,0,0,0,0,0,0,0,0,0,0,0,0,0,0,0,0,0,0,0,0,1,0,0,0,0,0,0,0,0,0,0,0,0,0,0,0,0,0,0,0,0,0,0,0,7,1,3,7,82,0,2,12,1,6
2429.ps1,1,3205,1,3204.0,3204,0,1,22,22,19,19,79,79,7,432,7,14,0,0,7,0,0,0,1,0,1,79,0,0,0,0,0,0,0,0,0,0,0,0,0,0,0,0,0,0,0,0,0,0,0,0,0,0,0,0,0,0,0,0,0,0,0,0,0,0,0,0,0,0,0,0,0,0,0,1,0,0,0,0,0,0,0,0,0,0,0,0,0,0,0,0,0,0,0,0,0,0,0,9,1,0,8,79,0,1,9,5,7
2418.ps1,1,2765,1,2764.0,2764,0,2,20,20,17,17,50,50,7,358,7,13,0,0,7,0,0,0,1,0,2,51,0,0,0,0,0,0,0,0,0,0,0,0,0,0,0,0,0,0,0,0,0,0,0,0,0,0,0,0,0,0,0,0,0,0,0,0,0,0,0,0,0,0,0,0,0,0,0,1,0,0,0,0,0,0,0,0,0,0,0,0,0,0,0,0,0,0,0,0,0,0,0,8,1,0,6,51,0,2,6,4,5
2423.ps1,1,2995,1,2994.0,2994,0,1,22,22,16,16,54,54,10,405,5,11,0,0,7,0,0,0,0,0,0,55,0,0,0,0,0,0,0,0,0,0,0,0,0,0,0,0,0,0,0,0,0,0,0,0,0,0,0,0,0,0,0,0,0,0,0,0,0,0,0,0,0,0,0,0,0,0,0,1,0,0,0,0,0,0,0,0,0,0,0,0,1,0,0,0,0,0,0,0,0,0,0,3,1,3,5,59,0,0,7,1,4
2399.ps1,1,3058,1,3057.0,3057,0,1,23,23,17,17,76,76,10,403,4,11,0,0,7,0,0,0,1,0,1,79,0,0,0,0,0,0,0,0,0,0,0,0,0,0,0,0,0,0,0,0,0,0,0,0,0,0,0,0,0,0,0,0,0,0,0,0,0,0,0,0,0,0,0,0,0,0,0,1,0,0,0,0,0,0,0,0,0,0,0,0,0,0,0,0,0,0,0,0,0,0,0,3,1,3,6,82,0,1,7,2,5
2438.ps1,1,551,1,550.0,550,1,1,10,10,9,9,30,30,9,35,3,8,0,3,0,0,0,0,0,0,1,36,0,0,0,0,0,0,0,0,0,0,0,0,0,0,0,0,0,0,0,0,0,0,0,0,0,0,0,0,0,0,0,0,0,0,0,0,0,0,0,0,0,0,0,0,1,0,0,1,0,0,0,0,0,0,0,0,0,0,0,0,0,0,0,0,0,0,0,0,0,0,0,9,1,0,8,36,0,1,8,6,7
2433.ps1,1,3102,1,3101.0,3101,0,3,25,25,24,24,76,76,10,402,11,10,0,0,7,0,0,0,1,0,2,76,0,0,0,0,0,0,0,0,0,0,0,0,0,0,0,0,0,0,0,0,0,0,0,0,0,0,0,0,0,0,0,0,0,0,0,0,0,0,0,0,0,0,0,0,0,0,0,1,0,0,0,0,0,0,0,0,0,0,0,0,0,0,0,0,0,0,0,0,0,0,0,9,1,3,8,79,0,2,13,1,7
2407.ps1,1,2807,1,2806.0,2806,0,2,24,24,23,23,50,50,11,358,9,10,0,0,7,0,0,0,0,0,2,50,0,0,0,0,0,0,0,0,0,0,0,0,0,0,0,0,0,0,0,0,0,0,0,0,0,0,0,0,0,0,0,0,0,0,0,0,0,0,0,0,0,0,0,0,0,0,0,1,0,0,0,0,0,0,0,0,0,0,0,0,0,0,0,0,0,0,0,0,0,0,0,7,1,3,7,53,0,2,12,1,6
2432.ps1,1,3039,1,3038.0,3038,0,2,14,14,12,12,75,75,21,77,31,12,0,27,11,0,0,0,0,0,2,77,0,0,0,0,0,0,0,0,0,0,0,0,0,0,0,0,0,0,0,0,0,0,0,0,0,0,0,0,0,0,0,0,1,0,0,0,0,0,0,0,0,0,0,0,0,0,0,1,0,0,0,0,0,0,0,0,0,0,0,0,0,1,0,0,0,0,0,0,0,4,0,8,1,0,7,77,0,2,6,4,6
2411.ps1,1,2920,1,2919.0,2919,0,2,17,17,18,18,51,51,24,53,34,9,0,20,13,0,0,0,0,0,2,52,0,0,0,0,0,0,0,0,0,0,0,0,0,0,0,0,0,0,0,0,0,0,0,0,0,0,0,0,0,0,0,0,1,0,0,0,0,0,0,0,0,0,0,0,0,0,0,1,0,0,0,0,0,1,0,0,0,0,0,0,0,1,0,0,0,0,0,0,0,3,0,7,1,3,7,55,0,2,12,1,6
2405.ps1,1,3083,1,3082.0,3082,0,3,24,24,24,24,76,76,11,402,11,10,0,0,7,0,0,0,0,0,2,76,0,0,0,0,0,0,0,0,0,0,0,0,0,0,0,0,0,0,0,0,0,0,0,0,0,0,0,0,0,0,0,0,0,0,0,0,0,0,0,0,0,0,0,0,0,0,0,1,0,0,0,0,0,0,0,0,0,0,0,0,0,0,0,0,0,0,0,0,0,0,0,9,1,3,7,79,0,2,13,1,6
244.ps1,1,2927,1,2926.0,2926,0,1,22,22,16,16,73,73,10,381,5,11,0,0,7,0,0,0,0,0,0,74,0,0,0,0,0,0,0,0,0,0,0,0,0,0,0,0,0,0,0,0,0,0,0,0,0,0,0,0,0,0,0,0,0,0,0,0,0,0,0,0,0,0,0,0,0,0,0,1,0,0,0,0,0,0,0,0,0,0,0,0,1,0,0,0,0,0,0,0,0,0,0,3,1,3,5,78,0,0,7,1,4
2458.ps1,1,330,1,329.0,329,0,0,5,5,2,2,21,21,8,22,0,3,0,5,0,0,0,0,0,0,0,23,0,0,0,0,0,0,0,0,0,0,0,0,0,0,0,0,0,0,0,0,0,0,0,0,0,0,0,0,0,0,0,0,0,0,0,0,0,0,0,0,0,0,0,0,0,0,0,1,0,0,0,0,0,0,0,0,0,0,0,0,0,1,0,0,0,0,0,0,0,0,0,1,1,1,3,25,0,0,2,1,2
2440.ps1,1,383,1,382.0,382,0,1,7,7,2,2,34,34,8,30,0,5,0,3,0,0,0,0,1,0,1,30,0,0,0,0,0,0,0,0,0,0,0,0,0,0,0,0,0,0,0,0,0,0,0,0,0,0,0,0,0,0,0,0,0,0,0,0,0,0,0,0,0,0,0,0,0,0,0,2,0,0,0,0,0,0,0,0,0,0,0,0,0,0,0,0,0,0,0,0,0,0,0,3,1,0,6,30,0,1,1,2,5
2452.ps1,1,2915,1,2914.0,2914,0,2,20,20,17,17,73,73,7,381,7,13,0,0,7,0,0,0,1,0,2,74,0,0,0,0,0,0,0,0,0,0,0,0,0,0,0,0,0,0,0,0,0,0,0,0,0,0,0,0,0,0,0,0,0,0,0,0,0,0,0,0,0,0,0,0,0,0,0,1,0,0,0,0,0,0,0,0,0,0,0,0,0,0,0,0,0,0,0,0,0,0,0,8,1,0,6,74,0,2,6,4,5
2450.ps1,1,2945,1,2944.0,2944,0,0,24,24,19,19,72,72,11,382,5,11,2,0,7,0,0,0,1,0,0,74,0,0,0,0,0,0,0,0,0,0,0,0,0,0,0,0,0,0,0,0,0,0,0,0,0,0,0,0,0,0,0,0,0,0,0,0,0,0,0,0,0,0,0,0,0,0,0,1,0,0,0,0,0,0,0,0,0,0,0,0,0,0,0,0,0,0,0,0,0,0,0,4,2,3,7,79,0,0,9,2,6
2442.ps1,1,1511,1,1510.0,1510,1,1,17,16,22,22,112,113,28,116,8,6,1,5,7,1,2,1,0,0,1,116,0,0,0,0,0,0,0,0,0,0,0,0,0,0,0,0,0,0,0,0,0,0,0,0,0,0,0,0,0,0,0,0,0,0,0,0,0,0,0,0,0,0,0,0,0,0,0,1,0,0,0,0,0,0,0,0,0,0,0,0,0,0,0,0,0,0,0,0,0,0,0,7,1,5,6,121,0,1,14,2,5
2461.ps1,1,2733,1,2732.0,2732,0,2,20,20,14,14,50,50,8,358,5,13,0,0,7,0,0,0,0,0,2,52,0,0,0,0,0,0,0,0,0,0,0,0,0,0,0,0,0,0,0,0,0,0,0,0,0,0,0,0,0,0,0,0,0,0,0,0,0,0,0,0,0,0,0,0,0,0,0,1,0,0,0,0,0,0,0,0,0,0,0,0,0,0,0,0,0,0,0,0,0,0,0,6,1,0,6,52,0,2,3,4,5
2445.ps1,1,2856,1,2855.0,2855,0,0,20,20,18,18,52,52,7,378,7,13,0,0,7,0,0,0,0,0,0,51,0,0,0,0,0,0,0,0,0,0,0,0,0,0,0,0,0,0,0,0,0,0,0,0,0,0,0,0,0,0,0,0,0,0,0,0,0,0,0,0,0,0,0,0,0,0,0,1,0,0,0,0,0,0,0,0,0,0,0,0,0,1,0,0,0,0,0,0,0,0,0,8,1,0,6,52,0,0,9,4,5
2439.ps1,1,3049,1,3048.0,3048,0,2,20,20,17,17,76,76,7,402,7,13,0,0,7,0,0,0,1,0,2,77,0,0,0,0,0,0,0,0,0,0,0,0,0,0,0,0,0,0,0,0,0,0,0,0,0,0,0,0,0,0,0,0,0,0,0,0,0,0,0,0,0,0,0,0,0,0,0,1,0,0,0,0,0,0,0,0,0,0,0,0,0,0,0,0,0,0,0,0,0,0,0,8,1,0,6,77,0,2,6,4,5
2477.ps1,1,391,1,390.0,390,0,0,6,6,2,2,37,37,6,30,1,5,0,3,1,0,0,0,0,0,0,30,0,0,0,0,0,0,0,0,0,0,0,0,0,0,0,0,0,0,0,0,0,0,0,0,0,0,0,0,0,0,0,0,0,0,0,0,0,0,0,0,0,0,0,0,0,0,0,2,0,0,0,0,0,0,0,0,0,0,0,0,1,0,0,0,0,0,0,0,0,0,0,2,1,0,4,31,0,0,2,2,3
2498.ps1,1,2977,1,2976.0,2976,0,3,25,25,24,24,73,73,11,381,11,10,0,0,7,0,0,0,0,0,2,73,0,0,0,0,0,0,0,0,0,0,0,0,0,0,0,0,0,0,0,0,0,0,0,0,0,0,0,0,0,0,0,0,0,0,0,0,0,0,0,0,0,0,0,0,0,0,0,1,0,0,0,0,0,0,0,0,0,0,0,0,0,0,0,0,0,0,0,0,0,0,0,9,1,3,8,76,0,2,13,1,7
2481.ps1,1,3185,1,3184.0,3184,0,2,24,24,21,21,59,59,13,366,8,21,0,0,12,0,0,0,2,0,2,59,0,0,0,0,0,0,0,0,0,0,0,0,0,0,0,0,0,0,0,0,0,0,0,0,0,0,0,0,0,0,0,0,0,0,0,0,0,0,0,0,0,0,0,0,0,0,0,1,0,0,0,1,0,0,0,0,0,0,0,0,0,2,0,0,0,0,0,0,0,0,0,9,1,0,7,59,0,2,7,5,6
2490.ps1,1,3043,1,3042.0,3042,0,1,22,22,19,19,76,76,10,402,7,10,0,0,7,0,0,0,0,0,0,76,0,0,0,0,0,0,0,0,0,0,0,0,0,0,0,0,0,0,0,0,0,0,0,0,0,0,0,0,0,0,0,0,0,0,0,0,0,0,0,0,0,0,0,0,0,0,0,1,0,0,0,0,0,0,0,0,0,0,0,0,0,1,0,0,0,0,0,0,0,0,0,5,1,3,5,80,0,0,10,1,4
2478.ps1,1,2899,1,2898.0,2898,0,3,24,24,21,21,72,72,10,371,9,10,0,0,7,0,0,0,1,0,2,73,0,0,0,0,0,0,0,0,0,0,0,0,0,0,0,0,0,0,0,0,0,0,0,0,0,0,0,0,0,0,0,0,0,0,0,0,0,0,0,0,0,0,0,0,0,0,0,1,0,0,0,0,0,0,0,0,0,0,0,0,0,0,0,0,0,0,0,0,0,0,0,7,1,3,7,76,0,2,10,1,6
2470.ps1,1,2705,1,2704.0,2704,0,0,18,18,12,12,50,50,7,358,3,13,0,0,7,0,0,0,0,0,0,51,0,0,0,0,0,0,0,0,0,0,0,0,0,0,0,0,0,0,0,0,0,0,0,0,0,0,0,0,0,0,0,0,0,0,0,0,0,0,0,0,0,0,0,0,0,0,0,1,0,0,0,0,0,0,0,0,0,0,0,0,0,1,0,0,0,0,0,0,0,0,0,4,1,0,4,52,0,0,3,4,3
2462.ps1,1,2978,1,2977.0,2977,0,3,15,15,8,8,74,74,24,76,42,9,0,19,12,0,0,0,0,0,2,79,0,0,0,0,0,0,0,0,0,0,0,0,0,0,0,0,0,0,0,0,0,0,0,0,0,0,0,0,0,0,0,0,1,0,0,0,0,0,0,0,0,0,0,0,0,0,0,1,1,0,0,0,0,1,0,0,0,0,0,0,0,2,0,0,0,0,0,0,0,4,0,3,1,3,5,82,0,2,2,1,4
2464.ps1,1,2883,1,2882.0,2882,0,0,21,21,18,18,52,52,7,378,7,14,0,0,7,0,0,0,0,0,0,51,0,0,0,0,0,0,0,0,0,0,0,0,0,0,0,0,0,0,0,0,0,0,0,0,0,0,0,0,0,0,0,0,0,0,0,0,0,0,0,0,0,0,0,0,0,0,0,1,0,0,0,0,0,0,0,0,0,0,0,0,1,0,0,0,0,0,0,0,0,0,0,8,1,0,7,52,0,0,9,4,6
2465.ps1,1,3087,1,3086.0,3086,0,2,23,23,23,23,76,76,10,402,9,10,0,0,7,0,0,0,1,0,2,76,0,0,0,0,0,0,0,0,0,0,0,0,0,0,0,0,0,0,0,0,0,0,0,0,0,0,0,0,0,0,0,0,0,0,0,0,0,0,0,0,0,0,0,0,0,0,0,1,0,0,0,0,0,0,0,0,0,0,0,0,0,0,0,0,0,0,0,0,0,0,0,7,1,3,6,79,0,2,12,1,5
2505.ps1,1,3040,1,3039.0,3039,0,2,20,20,17,17,76,76,8,402,7,13,0,0,7,0,0,0,0,0,2,77,0,0,0,0,0,0,0,0,0,0,0,0,0,0,0,0,0,0,0,0,0,0,0,0,0,0,0,0,0,0,0,0,0,0,0,0,0,0,0,0,0,0,0,0,0,0,0,1,0,0,0,0,0,0,0,0,0,0,0,0,0,0,0,0,0,0,0,0,0,0,0,8,1,0,6,77,0,2,6,4,5
2487.ps1,1,3005,1,3004.0,3004,0,1,23,23,19,19,54,54,10,405,7,10,0,0,7,0,0,0,0,0,0,54,0,0,0,0,0,0,0,0,0,0,0,0,0,0,0,0,0,0,0,0,0,0,0,0,0,0,0,0,0,0,0,0,0,0,0,0,0,0,0,0,0,0,0,0,0,0,0,1,0,0,0,0,0,0,0,0,0,0,0,0,0,1,0,0,0,0,0,0,0,0,0,5,1,3,6,58,0,0,10,1,5
2527.ps1,1,607,1,606.0,606,1,2,8,8,6,6,61,61,10,54,2,4,0,3,0,0,0,0,0,0,2,53,0,0,0,0,0,0,0,0,0,0,0,0,0,0,0,0,0,0,0,0,0,0,0,0,0,0,0,0,0,0,0,0,0,0,0,0,0,0,0,0,0,0,0,0,0,0,0,2,0,0,0,0,0,0,0,0,0,0,0,0,0,0,0,0,0,0,0,0,0,0,0,4,1,0,6,53,0,2,4,2,5
251.ps1,1,3384,1,3383.0,3383,0,2,27,27,22,22,85,85,17,393,7,13,0,0,11,0,0,0,3,0,1,87,0,0,0,0,0,0,0,0,0,0,0,0,0,0,0,0,0,0,0,0,0,0,0,0,0,0,0,0,0,0,0,0,0,0,0,0,0,0,0,0,0,0,0,0,0,0,0,1,0,0,0,1,0,0,0,0,0,0,0,0,0,2,0,0,0,0,0,0,0,0,0,5,1,5,5,92,0,1,9,2,4
2511.ps1,1,2946,1,2945.0,2945,0,2,22,22,20,20,73,73,8,381,9,13,0,0,7,0,0,0,0,0,2,73,0,0,0,0,0,0,0,0,0,0,0,0,0,0,0,0,0,0,0,0,0,0,0,0,0,0,0,0,0,0,0,0,0,0,0,0,0,0,0,0,0,0,0,0,0,0,0,1,0,0,0,0,0,0,0,0,0,0,0,0,0,0,0,0,0,0,0,0,0,0,0,10,1,0,8,73,0,2,9,4,7
253.ps1,1,2994,1,2993.0,2993,0,1,22,22,19,19,74,74,11,393,5,11,0,0,7,0,0,0,0,0,1,75,0,0,0,0,0,0,0,0,0,0,0,0,0,0,0,0,0,0,0,0,0,0,0,0,0,0,0,0,0,0,0,0,0,0,0,0,0,0,0,0,0,0,0,0,0,0,0,1,0,0,0,0,0,0,0,0,0,0,0,0,0,0,0,0,0,0,0,0,0,0,0,4,1,3,5,78,0,1,9,2,4
2496.ps1,1,3154,1,3153.0,3153,0,2,20,20,14,14,79,79,7,430,5,13,0,0,7,0,0,0,1,0,2,81,0,0,0,0,0,0,0,0,0,0,0,0,0,0,0,0,0,0,0,0,0,0,0,0,0,0,0,0,0,0,0,0,0,0,0,0,0,0,0,0,0,0,0,0,0,0,0,1,0,0,0,0,0,0,0,0,0,0,0,0,0,0,0,0,0,0,0,0,0,0,0,6,1,0,6,81,0,2,3,4,5
2514.ps1,1,2898,1,2897.0,2897,0,2,21,21,20,20,52,52,7,378,9,13,0,0,7,0,0,0,1,0,2,52,0,0,0,0,0,0,0,0,0,0,0,0,0,0,0,0,0,0,0,0,0,0,0,0,0,0,0,0,0,0,0,0,0,0,0,0,0,0,0,0,0,0,0,0,0,0,0,1,0,0,0,0,0,0,0,0,0,0,0,0,0,0,0,0,0,0,0,0,0,0,0,10,1,0,7,52,0,2,9,4,6
25.ps1,1,3080,1,3079.0,3079,0,3,17,17,17,17,75,75,23,77,42,9,0,25,13,0,0,0,1,0,2,77,0,0,0,0,0,0,0,0,0,0,0,0,0,0,0,0,0,0,0,0,0,0,0,0,0,0,0,0,0,0,0,0,1,0,0,0,0,0,0,0,0,0,0,0,0,0,0,1,0,0,0,0,0,1,0,0,0,0,0,0,0,1,0,0,0,0,0,0,0,3,0,9,1,3,7,80,0,2,11,1,6
2519.ps1,1,3543,1,3542.0,3542,0,1,23,23,23,23,87,87,7,485,10,14,0,0,7,0,0,0,1,0,1,87,0,0,0,0,0,0,0,0,0,0,0,0,0,0,0,0,0,0,0,0,0,0,0,0,0,0,0,0,0,0,0,0,0,0,0,0,0,0,0,0,0,0,0,0,0,0,0,1,0,0,0,0,0,0,0,0,0,0,0,0,0,0,0,0,0,0,0,0,0,0,0,12,1,0,9,87,0,1,13,5,8
2532.ps1,1,3040,1,3039.0,3039,0,0,22,22,16,16,76,76,9,404,5,15,2,0,7,0,0,0,0,0,0,78,0,0,0,0,0,0,0,0,0,0,0,0,0,0,0,0,0,0,0,0,0,0,0,0,0,0,0,0,0,0,0,0,0,0,0,0,0,0,0,0,0,0,0,0,0,0,0,1,0,0,0,0,0,0,0,0,0,0,0,0,0,0,0,0,0,0,0,0,0,0,0,7,2,0,8,80,0,0,6,5,7
2530.ps1,1,382,1,381.0,381,0,1,8,8,5,5,21,21,10,23,3,5,0,4,0,0,0,0,0,0,1,24,0,0,0,0,0,0,0,0,0,0,0,0,0,0,0,0,0,0,0,0,0,0,0,0,0,0,0,0,0,0,0,0,0,0,0,0,0,0,0,0,0,0,0,0,0,0,0,1,0,0,0,0,0,0,0,0,0,0,0,0,0,0,0,0,0,0,1,0,0,0,0,6,1,1,6,25,0,1,4,3,5
2535.ps1,1,331,1,330.0,330,0,0,8,8,6,6,21,21,6,21,3,6,1,0,1,0,0,0,0,0,0,22,0,0,0,0,0,0,0,0,0,0,0,0,0,0,0,0,0,0,0,0,0,0,0,0,0,0,0,0,0,0,0,0,0,0,0,0,0,0,0,0,0,0,0,0,0,0,0,1,0,0,0,0,0,0,0,0,0,0,0,0,1,1,0,0,0,0,0,0,0,0,0,5,1,0,6,23,0,0,5,3,5
252.ps1,1,586,1,585.0,585,0,2,10,10,12,12,35,35,8,39,6,7,0,3,0,0,0,0,1,0,2,39,0,0,0,0,0,0,0,0,0,0,0,0,0,0,0,0,0,0,0,0,0,0,0,0,0,0,0,0,0,0,0,0,0,0,0,0,0,0,0,0,0,0,0,0,0,0,0,1,0,0,0,0,0,0,0,0,0,0,0,0,0,0,0,0,0,0,0,0,0,0,0,11,1,0,8,39,0,2,10,5,7
255.ps1,1,2772,1,2771.0,2771,0,1,24,24,17,17,50,50,11,360,5,11,2,0,7,0,0,0,1,0,0,53,0,0,0,0,0,0,0,0,0,0,0,0,0,0,0,0,0,0,0,0,0,0,0,0,0,0,0,0,0,0,0,0,0,0,0,0,0,0,0,0,0,0,0,0,0,0,0,1,0,0,0,0,0,0,0,0,0,0,0,0,0,0,0,0,0,0,0,0,0,0,0,4,2,3,7,58,0,0,7,2,6
2556.ps1,1,2794,1,2793.0,2793,0,2,22,22,20,20,50,50,7,358,9,13,0,0,7,0,0,0,1,0,2,50,0,0,0,0,0,0,0,0,0,0,0,0,0,0,0,0,0,0,0,0,0,0,0,0,0,0,0,0,0,0,0,0,0,0,0,0,0,0,0,0,0,0,0,0,0,0,0,1,0,0,0,0,0,0,0,0,0,0,0,0,0,0,0,0,0,0,0,0,0,0,0,10,1,0,8,50,0,2,9,4,7
2558.ps1,1,3366,1,3365.0,3365,0,0,31,31,31,31,60,60,18,387,12,14,2,0,11,0,0,0,2,0,0,59,0,0,0,0,0,0,0,0,0,0,0,0,0,0,0,0,0,0,0,0,0,0,0,0,0,0,0,0,0,0,0,0,0,0,0,0,0,0,0,0,0,0,0,0,0,0,0,1,0,0,0,1,0,0,0,0,0,0,0,0,0,2,0,0,0,0,0,0,0,0,0,10,2,4,10,65,0,0,18,2,9
254.ps1,1,555,1,554.0,554,0,0,8,8,10,10,35,35,8,39,4,7,0,3,0,0,0,0,0,0,0,38,0,0,0,0,0,0,0,0,0,0,0,0,0,0,0,0,0,0,0,0,0,0,0,0,0,0,0,0,0,0,0,0,0,0,0,0,0,0,0,0,0,0,0,0,0,0,0,1,0,0,0,0,0,0,0,0,0,0,0,0,0,1,0,0,0,0,0,0,0,0,0,9,1,0,6,39,0,0,10,5,5
2543.ps1,1,2936,1,2935.0,2935,0,1,22,22,17,17,73,73,7,382,6,14,0,0,7,0,0,0,1,0,1,75,0,0,0,0,0,0,0,0,0,0,0,0,0,0,0,0,0,0,0,0,0,0,0,0,0,0,0,0,0,0,0,0,0,0,0,0,0,0,0,0,0,0,0,0,0,0,0,1,0,0,0,0,0,0,0,0,0,0,0,0,0,0,0,0,0,0,0,0,0,0,0,8,1,0,8,75,0,1,7,5,7
2557.ps1,1,2993,1,2992.0,2992,0,2,21,21,20,20,74,74,8,391,9,13,0,0,7,0,0,0,0,0,2,74,0,0,0,0,0,0,0,0,0,0,0,0,0,0,0,0,0,0,0,0,0,0,0,0,0,0,0,0,0,0,0,0,0,0,0,0,0,0,0,0,0,0,0,0,0,0,0,1,0,0,0,0,0,0,0,0,0,0,0,0,0,0,0,0,0,0,0,0,0,0,0,10,1,0,7,74,0,2,9,4,6
2562.ps1,1,2911,1,2910.0,2910,0,1,25,25,20,20,52,52,12,380,7,12,2,0,7,0,0,0,0,0,0,54,0,0,0,0,0,0,0,0,0,0,0,0,0,0,0,0,0,0,0,0,0,0,0,0,0,0,0,0,0,0,0,0,0,0,0,0,0,0,0,0,0,0,0,0,0,0,0,1,0,0,0,0,0,0,0,0,0,0,0,0,0,0,0,0,0,0,0,0,0,0,0,6,2,3,8,59,0,0,10,2,7
2560.ps1,1,3176,1,3175.0,3175,0,2,21,21,17,17,79,79,7,430,7,13,0,0,7,0,0,0,1,0,2,80,0,0,0,0,0,0,0,0,0,0,0,0,0,0,0,0,0,0,0,0,0,0,0,0,0,0,0,0,0,0,0,0,0,0,0,0,0,0,0,0,0,0,0,0,0,0,0,1,0,0,0,0,0,0,0,0,0,0,0,0,0,0,0,0,0,0,0,0,0,0,0,8,1,0,7,80,0,2,6,4,6
2537.ps1,1,2803,1,2802.0,2802,0,3,24,24,21,21,50,50,10,358,9,10,0,0,7,0,0,0,1,0,2,51,0,0,0,0,0,0,0,0,0,0,0,0,0,0,0,0,0,0,0,0,0,0,0,0,0,0,0,0,0,0,0,0,0,0,0,0,0,0,0,0,0,0,0,0,0,0,0,1,0,0,0,0,0,0,0,0,0,0,0,0,0,0,0,0,0,0,0,0,0,0,0,7,1,3,7,54,0,2,10,1,6
2565.ps1,1,1730,1,1729.0,1729,0,1,15,15,24,24,138,138,20,143,10,10,0,5,7,0,2,0,1,0,1,139,0,0,0,0,0,0,0,0,0,0,0,0,0,0,0,0,0,0,0,0,0,0,0,0,0,0,0,0,0,0,0,0,0,0,0,0,0,0,0,0,0,0,0,0,0,0,0,1,0,0,0,0,0,0,0,0,0,0,0,0,0,1,0,0,0,0,0,0,0,0,0,14,1,0,10,139,0,1,16,6,9
2541.ps1,1,3021,1,3020.0,3020,0,2,25,25,20,20,74,74,11,392,8,11,0,0,7,0,0,0,1,0,1,76,0,0,0,0,0,0,0,0,0,0,0,0,0,0,0,0,0,0,0,0,0,0,0,0,0,0,0,0,0,0,0,0,0,0,0,0,0,0,0,0,0,0,0,0,0,0,0,1,0,0,0,0,0,0,0,0,0,0,0,0,0,0,0,0,0,0,0,0,0,0,0,7,1,4,7,80,0,1,10,2,6
2573.ps1,1,1633,1,1632.0,1632,0,1,13,13,18,18,131,131,23,135,7,10,0,5,7,0,2,0,0,0,1,135,0,0,0,0,0,0,0,0,0,0,0,0,0,0,0,0,0,0,0,0,0,0,0,0,0,0,0,0,0,0,0,0,0,0,0,0,0,0,0,0,0,0,0,0,0,0,0,1,0,0,0,0,0,0,0,0,0,0,0,0,0,1,0,0,0,0,0,0,0,0,0,11,1,1,7,136,0,1,10,6,6
2579.ps1,1,2854,1,2853.0,2853,0,0,20,20,15,15,52,52,10,378,3,11,0,0,7,0,0,0,0,0,0,53,0,0,0,0,0,0,0,0,0,0,0,0,0,0,0,0,0,0,0,0,0,0,0,0,0,0,0,0,0,0,0,0,0,0,0,0,0,0,0,0,0,0,0,0,0,0,0,1,0,0,0,0,0,0,0,0,0,0,0,0,1,0,0,0,0,0,0,0,0,0,0,1,1,3,3,57,0,0,6,1,2
2575.ps1,1,2872,1,2871.0,2871,0,2,22,22,17,17,52,52,11,378,5,10,0,0,7,0,0,0,0,0,2,54,0,0,0,0,0,0,0,0,0,0,0,0,0,0,0,0,0,0,0,0,0,0,0,0,0,0,0,0,0,0,0,0,0,0,0,0,0,0,0,0,0,0,0,0,0,0,0,1,0,0,0,0,0,0,0,0,0,0,0,0,0,0,0,0,0,0,0,0,0,0,0,3,1,3,5,57,0,2,6,1,4
2580.ps1,1,3024,1,3023.0,3023,0,3,15,15,11,11,75,75,24,77,23,9,0,31,11,0,0,0,0,0,2,79,0,0,0,0,0,0,0,0,0,0,0,0,0,0,0,0,0,0,0,0,0,0,0,0,0,0,0,0,0,0,0,0,0,0,0,0,0,0,0,0,0,0,0,0,0,0,0,1,0,0,0,0,0,0,0,0,0,0,0,0,0,1,0,0,0,0,0,0,0,2,0,5,1,3,5,82,0,2,5,1,4
2552.ps1,1,2975,1,2974.0,2974,0,1,23,23,19,19,74,74,10,391,7,10,0,0,7,0,0,0,0,0,0,74,0,0,0,0,0,0,0,0,0,0,0,0,0,0,0,0,0,0,0,0,0,0,0,0,0,0,0,0,0,0,0,0,0,0,0,0,0,0,0,0,0,0,0,0,0,0,0,1,0,0,0,0,0,0,0,0,0,0,0,0,0,1,0,0,0,0,0,0,0,0,0,5,1,3,6,78,0,0,10,1,5
2576.ps1,1,2765,1,2764.0,2764,0,1,20,20,13,13,51,51,10,368,3,10,0,0,7,0,0,0,0,0,0,53,0,0,0,0,0,0,0,0,0,0,0,0,0,0,0,0,0,0,0,0,0,0,0,0,0,0,0,0,0,0,0,0,0,0,0,0,0,0,0,0,0,0,0,0,0,0,0,1,0,0,0,0,0,0,0,0,0,0,0,0,0,1,0,0,0,0,0,0,0,0,0,1,1,3,3,57,0,0,4,1,2
2567.ps1,1,2951,1,2950.0,2950,0,1,22,22,16,16,73,73,8,382,6,14,0,0,7,0,0,0,1,0,1,75,0,0,0,0,0,0,0,0,0,0,0,0,0,0,0,0,0,0,0,0,0,0,0,0,0,0,0,0,0,0,0,0,0,0,0,0,0,0,0,0,0,0,0,0,0,0,0,1,0,0,0,0,0,0,0,0,0,0,0,0,0,0,0,0,0,0,0,0,0,0,0,8,1,1,7,76,0,1,6,5,6
2593.ps1,1,3252,1,3251.0,3251,0,3,23,23,21,21,58,58,10,447,9,10,0,0,7,0,0,0,1,0,2,59,0,0,0,0,0,0,0,0,0,0,0,0,0,0,0,0,0,0,0,0,0,0,0,0,0,0,0,0,0,0,0,0,0,0,0,0,0,0,0,0,0,0,0,0,0,0,0,1,0,0,0,0,0,0,0,0,0,0,0,0,0,0,0,0,0,0,0,0,0,0,0,7,1,3,6,62,0,2,10,1,5
258.ps1,1,2966,1,2965.0,2965,0,2,22,22,23,23,73,73,7,381,11,13,0,0,7,0,0,0,1,0,2,72,0,0,0,0,0,0,0,0,0,0,0,0,0,0,0,0,0,0,0,0,0,0,0,0,0,0,0,0,0,0,0,0,0,0,0,0,0,0,0,0,0,0,0,0,0,0,0,1,0,0,0,0,0,0,0,0,0,0,0,0,0,0,0,0,0,0,0,0,0,0,0,12,1,0,8,72,0,2,12,4,7
2610.ps1,1,2853,1,2852.0,2852,0,1,20,20,13,13,52,52,8,380,3,14,0,0,7,0,0,0,0,0,1,54,0,0,0,0,0,0,0,0,0,0,0,0,0,0,0,0,0,0,0,0,0,0,0,0,0,0,0,0,0,0,0,0,0,0,0,0,0,0,0,0,0,0,0,0,0,0,0,1,0,0,0,0,0,0,0,0,0,0,0,0,0,0,0,0,0,0,0,0,0,0,0,5,1,0,6,54,0,1,3,5,5
2602.ps1,1,538,1,537.0,537,0,3,10,10,10,10,35,35,10,37,7,3,0,5,1,0,0,0,0,0,2,38,0,0,0,0,0,0,0,0,0,0,0,0,0,0,0,0,0,0,0,0,0,0,0,0,0,0,0,0,0,0,0,0,0,0,0,0,0,0,0,0,0,0,0,0,0,0,0,1,0,0,0,0,0,0,0,0,0,0,0,0,0,0,0,0,0,0,0,0,0,1,0,7,1,2,6,40,0,2,8,1,5
2607.ps1,1,598,1,597.0,597,0,0,8,8,3,3,59,59,9,53,0,5,2,4,3,0,0,0,0,0,0,54,0,0,0,0,0,0,0,0,0,0,0,0,0,0,0,0,0,0,0,0,0,0,0,0,0,0,0,0,0,0,0,0,0,0,0,0,0,0,0,0,0,0,0,0,0,0,0,2,0,0,0,0,0,0,0,0,0,0,0,0,0,1,0,0,0,0,0,0,0,0,0,3,2,0,7,56,0,0,2,3,6
2603.ps1,1,2866,1,2865.0,2865,0,0,24,24,22,22,51,51,12,370,7,12,2,0,7,0,0,0,0,0,0,52,0,0,0,0,0,0,0,0,0,0,0,0,0,0,0,0,0,0,0,0,0,0,0,0,0,0,0,0,0,0,0,0,0,0,0,0,0,0,0,0,0,0,0,0,0,0,0,1,0,0,0,0,0,0,0,0,0,0,0,0,0,0,0,0,0,0,0,0,0,0,0,6,2,3,7,57,0,0,12,2,6
2625.ps1,1,484,1,483.0,483,1,2,7,7,6,6,44,44,9,37,2,4,0,4,0,0,0,0,0,0,2,36,0,0,0,0,0,0,0,0,0,0,0,0,0,0,0,0,0,0,0,0,0,0,0,0,0,0,0,0,0,0,0,0,0,0,0,0,0,0,0,0,0,0,0,0,0,0,0,2,0,0,0,0,0,0,0,0,0,0,0,0,0,0,0,0,0,0,0,0,0,1,0,4,1,0,5,36,0,2,4,2,4
2594.ps1,1,3159,1,3158.0,3158,0,0,21,21,13,13,79,79,8,432,3,14,2,0,7,0,0,0,1,0,0,82,0,0,0,0,0,0,0,0,0,0,0,0,0,0,0,0,0,0,0,0,0,0,0,0,0,0,0,0,0,0,0,0,0,0,0,0,0,0,0,0,0,0,0,0,0,0,0,1,0,0,0,0,0,0,0,0,0,0,0,0,0,0,0,0,0,0,0,0,0,0,0,5,2,0,7,84,0,0,3,5,6
2609.ps1,1,3005,1,3004.0,3004,0,1,23,23,23,23,74,74,10,384,8,11,0,0,7,0,0,0,1,0,1,74,0,0,0,0,0,0,0,0,0,0,0,0,0,0,0,0,0,0,0,0,0,0,0,0,0,0,0,0,0,0,0,0,0,0,0,0,0,0,0,0,0,0,0,0,0,0,0,1,0,0,0,0,0,0,0,0,0,0,0,0,0,0,0,0,0,0,0,0,0,0,0,7,1,3,6,77,0,1,13,2,5
2613.ps1,1,2890,1,2889.0,2889,0,1,21,21,13,13,73,73,10,381,3,10,0,0,7,0,0,0,0,0,0,75,0,0,0,0,0,0,0,0,0,0,0,0,0,0,0,0,0,0,0,0,0,0,0,0,0,0,0,0,0,0,0,0,0,0,0,0,0,0,0,0,0,0,0,0,0,0,0,1,0,0,0,0,0,0,0,0,0,0,0,0,0,1,0,0,0,0,0,0,0,0,0,1,1,3,4,79,0,0,4,1,3
2592.ps1,1,3734,1,3733.0,3733,1,1,35,35,13,13,96,96,31,99,13,41,0,3,24,7,1,0,2,0,1,93,0,0,1,0,0,0,0,0,0,0,0,0,0,0,0,0,0,0,0,0,0,0,0,2,0,0,0,0,0,0,0,0,1,0,0,0,0,0,0,0,0,0,0,0,0,0,0,2,0,0,0,0,0,0,0,0,0,0,0,0,0,2,0,0,0,1,1,0,1,2,0,11,1,0,7,93,0,1,11,7,6
2628.ps1,1,2867,1,2866.0,2866,0,0,21,21,16,16,52,52,9,380,5,14,2,0,7,0,0,0,0,0,0,54,0,0,0,0,0,0,0,0,0,0,0,0,0,0,0,0,0,0,0,0,0,0,0,0,0,0,0,0,0,0,0,0,0,0,0,0,0,0,0,0,0,0,0,0,0,0,0,1,0,0,0,0,0,0,0,0,0,0,0,0,0,0,0,0,0,0,0,0,0,0,0,7,2,0,7,56,0,0,6,5,6
263.ps1,1,3066,1,3065.0,3065,0,2,22,22,20,20,76,76,8,402,9,13,0,0,7,0,0,0,0,0,2,76,0,0,0,0,0,0,0,0,0,0,0,0,0,0,0,0,0,0,0,0,0,0,0,0,0,0,0,0,0,0,0,0,0,0,0,0,0,0,0,0,0,0,0,0,0,0,0,1,0,0,0,0,0,0,0,0,0,0,0,0,0,0,0,0,0,0,0,0,0,0,0,10,1,0,8,76,0,2,9,4,7
2631.ps1,1,2804,1,2803.0,2803,0,2,23,23,23,23,50,50,11,358,9,10,0,0,7,0,0,0,0,0,2,50,0,0,0,0,0,0,0,0,0,0,0,0,0,0,0,0,0,0,0,0,0,0,0,0,0,0,0,0,0,0,0,0,0,0,0,0,0,0,0,0,0,0,0,0,0,0,0,1,0,0,0,0,0,0,0,0,0,0,0,0,0,0,0,0,0,0,0,0,0,0,0,7,1,3,6,53,0,2,12,1,5
2649.ps1,1,3087,1,3086.0,3086,0,1,23,23,22,22,76,76,10,404,7,11,0,0,7,0,0,0,1,0,1,76,0,0,0,0,0,0,0,0,0,0,0,0,0,0,0,0,0,0,0,0,0,0,0,0,0,0,0,0,0,0,0,0,0,0,0,0,0,0,0,0,0,0,0,0,0,0,0,1,0,0,0,0,0,0,0,0,0,0,0,0,0,0,0,0,0,0,0,0,0,0,0,6,1,3,6,79,0,1,12,2,5
2648.ps1,1,3243,1,3242.0,3242,0,1,21,21,14,14,81,81,8,442,4,14,0,0,7,0,0,0,0,0,1,84,0,0,0,0,0,0,0,0,0,0,0,0,0,0,0,0,0,0,0,0,0,0,0,0,0,0,0,0,0,0,0,0,0,0,0,0,0,0,0,0,0,0,0,0,0,0,0,1,0,0,0,0,0,0,0,0,0,0,0,0,0,0,0,0,0,0,0,0,0,0,0,6,1,0,7,84,0,1,4,5,6
2650.ps1,1,2934,1,2933.0,2933,0,2,20,20,17,17,73,73,8,381,7,13,0,0,7,0,0,0,0,0,2,74,0,0,0,0,0,0,0,0,0,0,0,0,0,0,0,0,0,0,0,0,0,0,0,0,0,0,0,0,0,0,0,0,0,0,0,0,0,0,0,0,0,0,0,0,0,0,0,1,0,0,0,0,0,0,0,0,0,0,0,0,0,0,0,0,0,0,0,0,0,0,0,8,1,0,6,74,0,2,6,4,5
265.ps1,1,2727,1,2726.0,2726,0,1,22,22,19,19,49,49,11,350,5,11,0,0,7,0,0,0,0,0,1,50,0,0,0,0,0,0,0,0,0,0,0,0,0,0,0,0,0,0,0,0,0,0,0,0,0,0,0,0,0,0,0,0,0,0,0,0,0,0,0,0,0,0,0,0,0,0,0,1,0,0,0,0,0,0,0,0,0,0,0,0,0,0,0,0,0,0,0,0,0,0,0,4,1,3,5,53,0,1,9,2,4
2632.ps1,1,1447,1,1446.0,1446,0,2,14,14,22,22,107,107,21,110,10,9,0,5,7,0,2,0,1,0,2,109,0,0,0,0,0,0,0,0,0,0,0,0,0,0,0,0,0,0,0,0,0,0,0,0,0,0,0,0,0,0,0,0,0,0,0,0,0,0,0,0,0,0,0,0,0,0,0,1,0,0,0,0,0,0,0,0,0,0,0,0,0,0,0,0,0,0,0,0,0,0,0,13,1,0,9,109,0,2,13,5,8
2634.ps1,1,2746,1,2745.0,2745,0,0,23,23,19,19,49,49,8,350,7,15,2,0,7,0,0,0,1,0,0,50,0,0,0,0,0,0,0,0,0,0,0,0,0,0,0,0,0,0,0,0,0,0,0,0,0,0,0,0,0,0,0,0,0,0,0,0,0,0,0,0,0,0,0,0,0,0,0,1,0,0,0,0,0,0,0,0,0,0,0,0,0,0,0,0,0,0,0,0,0,0,0,9,2,0,9,52,0,0,9,5,8
2654.ps1,1,3069,1,3068.0,3068,0,1,21,21,19,19,76,76,8,404,7,14,0,0,7,0,0,0,0,0,1,76,0,0,0,0,0,0,0,0,0,0,0,0,0,0,0,0,0,0,0,0,0,0,0,0,0,0,0,0,0,0,0,0,0,0,0,0,0,0,0,0,0,0,0,0,0,0,0,1,0,0,0,0,0,0,0,0,0,0,0,0,0,0,0,0,0,0,0,0,0,0,0,9,1,0,7,76,0,1,9,5,6
2645.ps1,1,2805,1,2804.0,2804,0,0,24,24,22,22,50,50,11,360,7,11,2,0,7,0,0,0,1,0,0,51,0,0,0,0,0,0,0,0,0,0,0,0,0,0,0,0,0,0,0,0,0,0,0,0,0,0,0,0,0,0,0,0,0,0,0,0,0,0,0,0,0,0,0,0,0,0,0,1,0,0,0,0,0,0,0,0,0,0,0,0,0,0,0,0,0,0,0,0,0,0,0,6,2,3,7,56,0,0,12,2,6
2664.ps1,1,3135,1,3134.0,3134,0,1,25,25,20,20,56,56,12,421,7,12,2,0,7,0,0,0,0,0,0,58,0,0,0,0,0,0,0,0,0,0,0,0,0,0,0,0,0,0,0,0,0,0,0,0,0,0,0,0,0,0,0,0,0,0,0,0,0,0,0,0,0,0,0,0,0,0,0,1,0,0,0,0,0,0,0,0,0,0,0,0,0,0,0,0,0,0,0,0,0,0,0,6,2,3,8,63,0,0,10,2,7
2647.ps1,1,3204,1,3203.0,3203,0,0,22,22,21,21,79,79,10,430,7,11,0,0,7,0,0,0,0,0,0,78,0,0,0,0,0,0,0,0,0,0,0,0,0,0,0,0,0,0,0,0,0,0,0,0,0,0,0,0,0,0,0,0,0,0,0,0,0,0,0,0,0,0,0,0,0,0,0,1,0,0,0,0,0,0,0,0,0,0,0,0,1,0,0,0,0,0,0,0,0,0,0,5,1,3,5,82,0,0,12,1,4
2669.ps1,1,3023,1,3022.0,3022,0,2,21,21,22,22,74,74,7,382,9,13,0,0,8,0,0,0,1,0,2,74,0,0,0,0,0,0,0,0,0,0,0,0,0,0,0,0,0,0,0,0,0,0,0,0,0,0,0,0,0,0,0,0,0,0,0,0,0,0,0,0,0,0,0,0,0,0,0,1,0,0,0,0,0,0,0,0,0,0,0,0,0,0,0,0,0,0,0,0,0,0,0,10,1,0,7,74,0,2,9,4,6
2676.ps1,1,853,1,852.0,852,1,0,8,8,8,8,58,58,15,61,3,7,2,3,9,0,0,0,0,0,0,62,0,0,0,0,0,0,0,0,0,0,0,0,0,0,0,0,0,0,0,0,0,0,0,0,0,0,0,0,0,0,0,0,0,0,0,0,0,0,0,0,0,0,0,0,0,0,0,1,0,0,0,0,0,0,0,0,0,0,0,0,0,0,0,0,0,0,0,0,0,0,0,6,2,0,7,64,0,0,5,4,6
2657.ps1,1,512,1,511.0,511,0,0,6,6,1,1,45,45,7,46,0,4,0,4,0,0,0,0,0,0,0,47,0,0,0,0,0,0,0,0,0,0,0,0,0,0,0,0,0,0,0,0,0,0,0,0,0,0,0,0,0,0,0,0,0,0,0,0,0,0,0,0,0,0,0,0,0,0,0,1,0,0,0,0,0,0,0,0,0,0,0,0,0,1,0,0,0,0,0,0,0,0,0,2,1,0,5,48,0,0,1,2,4
2651.ps1,1,2709,1,2708.0,2708,0,1,21,21,16,16,49,49,8,350,5,14,0,0,7,0,0,0,0,0,1,50,0,0,0,0,0,0,0,0,0,0,0,0,0,0,0,0,0,0,0,0,0,0,0,0,0,0,0,0,0,0,0,0,0,0,0,0,0,0,0,0,0,0,0,0,0,0,0,1,0,0,0,0,0,0,0,0,0,0,0,0,0,0,0,0,0,0,0,0,0,0,0,7,1,0,7,50,0,1,6,5,6
2685.ps1,1,3042,1,3041.0,3041,0,0,14,14,13,13,75,75,20,77,39,12,0,21,11,0,0,0,0,0,0,75,0,0,0,0,0,0,0,0,0,0,0,0,0,0,0,0,0,0,0,0,0,0,0,0,0,0,0,0,0,0,0,0,0,0,0,0,0,0,0,0,0,0,0,0,0,0,0,1,1,0,0,0,0,0,0,0,0,0,0,0,0,2,0,0,0,0,0,0,0,3,0,8,1,0,7,76,0,0,9,4,6
2687.ps1,1,2877,1,2876.0,2876,0,0,22,22,16,16,52,52,8,380,5,14,2,0,7,0,0,0,1,0,0,54,0,0,0,0,0,0,0,0,0,0,0,0,0,0,0,0,0,0,0,0,0,0,0,0,0,0,0,0,0,0,0,0,0,0,0,0,0,0,0,0,0,0,0,0,0,0,0,1,0,0,0,0,0,0,0,0,0,0,0,0,0,0,0,0,0,0,0,0,0,0,0,7,2,0,8,56,0,0,6,5,7
2692.ps1,1,673,1,672.0,672,0,1,7,7,3,3,55,55,10,56,1,9,0,7,0,0,0,0,0,0,1,59,0,0,0,0,0,0,0,0,0,0,0,0,0,0,0,0,0,0,0,0,0,0,0,0,0,0,0,0,0,0,0,0,0,0,0,0,0,0,0,0,0,0,0,0,0,0,0,2,0,0,0,0,0,0,0,0,0,0,0,0,0,1,0,0,0,0,0,0,0,0,0,3,1,2,4,61,0,1,2,2,3
2699.ps1,1,3041,1,3040.0,3040,0,3,23,23,18,18,76,76,10,402,7,10,0,0,7,0,0,0,1,0,2,78,0,0,0,0,0,0,0,0,0,0,0,0,0,0,0,0,0,0,0,0,0,0,0,0,0,0,0,0,0,0,0,0,0,0,0,0,0,0,0,0,0,0,0,0,0,0,0,1,0,0,0,0,0,0,0,0,0,0,0,0,0,0,0,0,0,0,0,0,0,0,0,5,1,3,6,81,0,2,7,1,5
2680.ps1,1,2770,1,2769.0,2769,0,2,22,22,17,17,50,50,11,358,5,10,0,0,7,0,0,0,0,0,2,52,0,0,0,0,0,0,0,0,0,0,0,0,0,0,0,0,0,0,0,0,0,0,0,0,0,0,0,0,0,0,0,0,0,0,0,0,0,0,0,0,0,0,0,0,0,0,0,1,0,0,0,0,0,0,0,0,0,0,0,0,0,0,0,0,0,0,0,0,0,0,0,3,1,3,5,55,0,2,6,1,4
2693.ps1,1,2815,1,2814.0,2814,0,1,23,23,19,19,50,50,8,359,8,14,0,0,7,0,0,0,1,0,1,51,0,0,0,0,0,0,0,0,0,0,0,0,0,0,0,0,0,0,0,0,0,0,0,0,0,0,0,0,0,0,0,0,0,0,0,0,0,0,0,0,0,0,0,0,0,0,0,1,0,0,0,0,0,0,0,0,0,0,0,0,0,0,0,0,0,0,0,0,0,0,0,10,1,1,8,52,0,1,9,5,7
2713.ps1,1,499,1,498.0,498,1,0,8,8,5,5,47,47,8,42,0,5,2,4,0,0,0,0,1,0,0,40,0,0,0,0,0,0,0,0,0,0,0,0,0,0,0,0,0,0,0,0,0,0,0,0,0,0,0,0,0,0,0,0,0,0,0,0,0,0,0,0,0,0,0,0,0,0,0,2,0,0,0,0,0,0,0,0,0,0,0,0,0,0,0,0,0,0,0,0,0,0,0,3,2,0,6,42,0,0,4,3,5
2695.ps1,1,2949,1,2948.0,2948,0,2,12,12,11,11,71,71,9,74,40,4,0,38,1,0,0,0,1,0,2,74,0,0,0,0,0,0,0,0,0,0,0,0,0,0,0,0,0,0,0,0,0,0,0,0,0,0,0,0,0,0,0,0,2,0,0,0,0,0,0,0,0,0,0,0,0,0,0,1,1,0,0,0,0,0,0,0,0,0,0,0,0,1,0,0,0,0,0,0,0,2,0,5,1,2,5,76,0,2,7,1,4
2706.ps1,1,2978,1,2977.0,2977,0,2,25,25,23,23,73,73,11,383,9,11,0,0,7,0,0,0,0,0,1,73,0,0,0,0,0,0,0,0,0,0,0,0,0,0,0,0,0,0,0,0,0,0,0,0,0,0,0,0,0,0,0,0,0,0,0,0,0,0,0,0,0,0,0,0,0,0,0,1,0,0,0,0,0,0,0,0,0,0,0,0,0,0,0,0,0,0,0,0,0,0,0,8,1,3,8,76,0,1,13,2,7
2709.ps1,1,2861,1,2860.0,2860,0,2,21,21,17,17,52,52,8,378,7,13,0,0,7,0,0,0,0,0,2,53,0,0,0,0,0,0,0,0,0,0,0,0,0,0,0,0,0,0,0,0,0,0,0,0,0,0,0,0,0,0,0,0,0,0,0,0,0,0,0,0,0,0,0,0,0,0,0,1,0,0,0,0,0,0,0,0,0,0,0,0,0,0,0,0,0,0,0,0,0,0,0,8,1,0,7,53,0,2,6,4,6
2710.ps1,1,2788,1,2787.0,2787,0,2,21,21,21,21,50,50,7,358,10,13,0,0,7,0,0,0,1,0,2,50,0,0,0,0,0,0,0,0,0,0,0,0,0,0,0,0,0,0,0,0,0,0,0,0,0,0,0,0,0,0,0,0,0,0,0,0,0,0,0,0,0,0,0,0,0,0,0,1,0,0,0,0,0,0,0,0,0,0,0,0,0,0,0,0,0,0,0,0,0,0,0,11,1,0,7,50,0,2,10,4,6
2711.ps1,1,2857,1,2856.0,2856,0,2,23,23,23,23,51,51,10,368,9,10,0,0,7,0,0,0,1,0,2,51,0,0,0,0,0,0,0,0,0,0,0,0,0,0,0,0,0,0,0,0,0,0,0,0,0,0,0,0,0,0,0,0,0,0,0,0,0,0,0,0,0,0,0,0,0,0,0,1,0,0,0,0,0,0,0,0,0,0,0,0,0,0,0,0,0,0,0,0,0,0,0,7,1,3,6,54,0,2,12,1,5
2702.ps1,1,3056,1,3055.0,3055,0,2,22,22,20,20,76,76,7,402,9,13,0,0,7,0,0,0,1,0,2,76,0,0,0,0,0,0,0,0,0,0,0,0,0,0,0,0,0,0,0,0,0,0,0,0,0,0,0,0,0,0,0,0,0,0,0,0,0,0,0,0,0,0,0,0,0,0,0,1,0,0,0,0,0,0,0,0,0,0,0,0,0,0,0,0,0,0,0,0,0,0,0,10,1,0,8,76,0,2,9,4,7
2724.ps1,1,2911,1,2910.0,2910,0,1,23,23,19,19,52,52,8,379,8,14,0,0,7,0,0,0,1,0,1,53,0,0,0,0,0,0,0,0,0,0,0,0,0,0,0,0,0,0,0,0,0,0,0,0,0,0,0,0,0,0,0,0,0,0,0,0,0,0,0,0,0,0,0,0,0,0,0,1,0,0,0,0,0,0,0,0,0,0,0,0,0,0,0,0,0,0,0,0,0,0,0,10,1,1,8,54,0,1,9,5,7
2717.ps1,1,2768,1,2767.0,2767,0,0,20,20,18,18,50,50,7,358,7,14,0,0,7,0,0,0,0,0,0,49,0,0,0,0,0,0,0,0,0,0,0,0,0,0,0,0,0,0,0,0,0,0,0,0,0,0,0,0,0,0,0,0,0,0,0,0,0,0,0,0,0,0,0,0,0,0,0,1,0,0,0,0,0,0,0,0,0,0,0,0,1,0,0,0,0,0,0,0,0,0,0,8,1,0,6,50,0,0,9,4,5
2746.ps1,1,2768,1,2767.0,2767,0,1,21,21,16,16,50,50,7,360,5,14,0,0,7,0,0,0,1,0,1,51,0,0,0,0,0,0,0,0,0,0,0,0,0,0,0,0,0,0,0,0,0,0,0,0,0,0,0,0,0,0,0,0,0,0,0,0,0,0,0,0,0,0,0,0,0,0,0,1,0,0,0,0,0,0,0,0,0,0,0,0,0,0,0,0,0,0,0,0,0,0,0,7,1,0,7,51,0,1,6,5,6
2715.ps1,1,2872,1,2871.0,2871,0,3,23,23,18,18,52,52,11,378,7,10,0,0,7,0,0,0,0,0,2,54,0,0,0,0,0,0,0,0,0,0,0,0,0,0,0,0,0,0,0,0,0,0,0,0,0,0,0,0,0,0,0,0,0,0,0,0,0,0,0,0,0,0,0,0,0,0,0,1,0,0,0,0,0,0,0,0,0,0,0,0,0,0,0,0,0,0,0,0,0,0,0,5,1,3,6,57,0,2,7,1,5
2742.ps1,1,3857,1,3856.0,3856,0,1,23,23,19,19,69,69,10,564,5,11,0,0,7,0,0,0,1,0,1,70,0,0,0,0,0,0,0,0,0,0,0,0,0,0,0,0,0,0,0,0,0,0,0,0,0,0,0,0,0,0,0,0,0,0,0,0,0,0,0,0,0,0,0,0,0,0,0,1,0,0,0,0,0,0,0,0,0,0,0,0,0,0,0,0,0,0,0,0,0,0,0,4,1,3,6,73,0,1,9,2,5
271.ps1,1,3378,1,3377.0,3377,0,1,25,25,21,21,85,85,13,393,7,17,0,0,11,0,0,0,2,0,1,86,0,0,0,0,0,0,0,0,0,0,0,0,0,0,0,0,0,0,0,0,0,0,0,0,0,0,0,0,0,0,0,0,0,0,0,0,0,0,0,0,0,0,0,0,0,0,0,1,0,0,0,1,0,0,0,0,0,0,0,0,0,1,1,0,0,0,0,0,0,0,0,9,1,0,8,86,0,1,8,6,7
272.ps1,1,3224,1,3223.0,3223,0,1,28,28,27,27,59,59,16,366,10,17,0,0,12,0,0,0,2,0,0,57,0,0,0,0,0,0,0,0,0,0,0,0,0,0,0,0,0,0,0,0,0,0,0,0,0,0,0,0,0,0,0,0,0,0,0,0,0,0,0,0,0,0,0,0,0,0,0,1,0,0,0,0,0,0,0,0,0,0,0,0,0,3,0,0,0,0,0,0,0,0,0,7,1,4,7,62,0,0,15,1,6
2730.ps1,1,2878,1,2877.0,2877,0,1,12,12,8,8,69,69,7,74,45,7,0,30,3,0,0,0,1,0,1,72,0,0,0,0,0,0,0,0,0,0,0,0,0,0,0,0,0,0,0,0,0,0,0,0,0,0,0,0,0,0,0,0,4,0,0,0,0,0,0,0,0,0,0,0,0,0,0,1,1,0,0,0,0,0,0,0,0,0,0,0,0,1,0,0,0,0,0,0,0,2,0,6,1,0,7,72,0,1,5,4,6
2727.ps1,1,2816,1,2815.0,2815,0,2,19,19,16,16,51,51,8,359,5,13,0,0,8,0,0,0,0,0,2,53,0,0,0,0,0,0,0,0,0,0,0,0,0,0,0,0,0,0,0,0,0,0,0,0,0,0,0,0,0,0,0,0,0,0,0,0,0,0,0,0,0,0,0,0,0,0,0,1,0,0,0,0,0,0,0,0,0,0,0,0,0,0,0,0,0,0,0,0,0,0,0,6,1,0,5,53,0,2,3,4,4
2743.ps1,1,2895,1,2894.0,2894,0,0,21,21,16,16,52,52,9,380,5,14,2,0,7,0,0,0,0,0,0,54,0,0,0,0,0,0,0,0,0,0,0,0,0,0,0,0,0,0,0,0,0,0,0,0,0,0,0,0,0,0,0,0,2,0,0,0,0,0,0,0,0,0,0,0,0,0,0,1,0,0,0,0,0,0,0,0,0,0,0,0,0,0,0,0,0,0,0,0,0,0,0,7,2,0,7,56,0,0,6,5,6
2732.ps1,1,3030,1,3029.0,3029,0,3,22,22,15,15,76,76,10,402,5,10,0,0,7,0,0,0,1,0,2,79,0,0,0,0,0,0,0,0,0,0,0,0,0,0,0,0,0,0,0,0,0,0,0,0,0,0,0,0,0,0,0,0,0,0,0,0,0,0,0,0,0,0,0,0,0,0,0,1,0,0,0,0,0,0,0,0,0,0,0,0,0,0,0,0,0,0,0,0,0,0,0,3,1,3,5,82,0,2,4,1,4
2757.ps1,1,2895,1,2894.0,2894,0,3,24,24,21,21,52,52,11,378,9,10,0,0,7,0,0,0,0,0,2,53,0,0,0,0,0,0,0,0,0,0,0,0,0,0,0,0,0,0,0,0,0,0,0,0,0,0,0,0,0,0,0,0,0,0,0,0,0,0,0,0,0,0,0,0,0,0,0,1,0,0,0,0,0,0,0,0,0,0,0,0,0,0,0,0,0,0,0,0,0,0,0,7,1,3,7,56,0,2,10,1,6
2752.ps1,1,333,1,332.0,332,0,0,8,8,6,6,23,23,6,23,3,5,1,0,1,0,0,0,0,0,0,24,0,0,0,0,0,0,0,0,0,0,0,0,0,0,0,0,0,0,0,0,0,0,0,0,0,0,0,0,0,0,0,0,0,0,0,0,0,0,0,0,0,0,0,0,0,0,0,1,0,0,0,0,0,0,0,0,0,0,0,0,0,1,0,0,0,0,0,0,0,0,0,5,1,0,6,25,0,0,5,3,5
2763.ps1,1,3347,1,3346.0,3346,0,2,25,25,23,23,59,59,10,462,9,11,0,0,7,0,0,0,1,0,1,59,0,0,0,0,0,0,0,0,0,0,0,0,0,0,0,0,0,0,0,0,0,0,0,0,0,0,0,0,0,0,0,0,0,0,0,0,0,0,0,0,0,0,0,0,0,0,0,1,0,0,0,0,0,0,0,0,0,0,0,0,0,0,0,0,0,0,0,0,0,0,0,8,1,3,8,62,0,1,13,2,7
2753.ps1,1,3296,1,3295.0,3295,0,2,22,22,20,20,59,59,8,455,9,13,0,0,7,0,0,0,0,0,2,59,0,0,0,0,0,0,0,0,0,0,0,0,0,0,0,0,0,0,0,0,0,0,0,0,0,0,0,0,0,0,0,0,0,0,0,0,0,0,0,0,0,0,0,0,0,0,0,1,0,0,0,0,0,0,0,0,0,0,0,0,0,0,0,0,0,0,0,0,0,0,0,10,1,0,8,59,0,2,9,4,7
2764.ps1,1,2905,1,2904.0,2904,0,0,21,21,13,13,73,73,9,383,3,14,2,0,7,0,0,0,0,0,0,76,0,0,0,0,0,0,0,0,0,0,0,0,0,0,0,0,0,0,0,0,0,0,0,0,0,0,0,0,0,0,0,0,0,0,0,0,0,0,0,0,0,0,0,0,0,0,0,1,0,0,0,0,0,0,0,0,0,0,0,0,0,0,0,0,0,0,0,0,0,0,0,5,2,0,7,78,0,0,3,5,6
2765.ps1,1,1676,1,1675.0,1675,0,2,12,12,17,17,131,131,23,133,6,9,0,5,8,0,2,0,1,0,2,134,0,0,0,0,0,0,0,0,0,0,0,0,0,0,0,0,0,0,0,0,0,0,0,0,0,0,0,0,0,0,0,0,0,0,0,0,0,0,0,0,0,0,0,0,0,0,0,1,0,0,0,0,0,0,0,0,0,0,0,0,0,0,0,0,0,0,0,0,0,0,0,9,1,0,7,134,0,2,7,5,6
276.ps1,1,1610,1,1609.0,1609,0,3,17,16,25,25,118,118,28,121,11,6,1,6,9,1,2,0,1,0,2,121,0,0,0,0,0,0,0,0,0,0,0,0,0,0,0,0,0,0,0,0,0,0,0,0,0,0,0,0,0,0,0,0,0,0,0,0,0,0,0,0,0,0,0,0,0,0,0,1,0,0,0,0,0,0,0,0,0,0,0,0,0,1,0,0,0,0,0,0,0,0,0,9,1,4,7,125,0,2,15,1,6
2769.ps1,1,391,1,390.0,390,0,2,7,7,7,7,25,25,8,26,4,3,0,3,0,0,0,0,1,0,2,27,0,0,0,0,0,0,0,0,0,0,0,0,0,0,0,0,0,0,0,0,0,0,0,0,0,0,0,0,0,0,0,0,0,0,0,0,0,0,0,0,0,0,0,0,0,0,0,1,0,0,0,0,0,0,0,0,0,0,0,0,0,0,0,0,0,0,0,0,0,0,0,5,1,1,5,28,0,2,5,1,4
2766.ps1,1,746,1,745.0,745,0,1,10,10,8,8,61,61,14,64,2,2,0,3,1,0,0,0,0,0,0,65,0,0,0,0,0,0,0,0,0,0,0,0,0,0,0,0,0,0,0,0,0,0,0,0,0,0,0,0,0,0,0,0,0,0,0,0,0,0,0,0,0,0,0,0,0,0,0,1,0,0,0,0,0,0,0,0,0,0,0,0,0,1,0,0,0,0,0,0,0,0,0,3,1,3,5,69,0,0,7,1,4
2774.ps1,1,3027,1,3026.0,3026,0,2,16,16,15,15,74,74,24,76,33,9,0,33,13,0,0,0,0,0,2,76,0,0,0,0,0,0,0,0,0,0,0,0,0,0,0,0,0,0,0,0,0,0,0,0,0,0,0,0,0,0,0,0,0,0,0,0,0,0,0,0,0,0,0,0,0,0,0,1,1,0,0,0,0,1,0,0,0,0,0,0,0,1,0,0,0,0,0,0,0,4,0,5,1,3,6,79,0,2,9,1,5
2768.ps1,1,680,1,679.0,679,0,0,12,12,10,10,47,47,13,53,2,4,2,3,0,0,0,0,1,0,0,54,0,0,0,0,0,0,0,0,0,0,0,0,0,0,0,0,0,0,0,0,0,0,0,0,0,0,0,0,0,0,0,0,0,0,0,0,0,0,0,0,0,0,0,0,0,0,0,1,0,0,0,0,0,0,0,0,0,0,0,0,0,0,0,0,0,0,0,0,0,0,0,4,2,4,6,60,0,0,9,2,5
2756.ps1,1,2853,1,2852.0,2852,0,1,21,21,16,16,52,52,10,378,5,11,0,0,7,0,0,0,0,0,0,53,0,0,0,0,0,0,0,0,0,0,0,0,0,0,0,0,0,0,0,0,0,0,0,0,0,0,0,0,0,0,0,0,0,0,0,0,0,0,0,0,0,0,0,0,0,0,0,1,0,0,0,0,0,0,0,0,0,0,0,0,1,0,0,0,0,0,0,0,0,0,0,3,1,3,4,57,0,0,7,1,3
278.ps1,1,3196,1,3195.0,3195,0,2,23,23,20,20,79,79,10,430,7,10,0,0,7,0,0,0,1,0,2,80,0,0,0,0,0,0,0,0,0,0,0,0,0,0,0,0,0,0,0,0,0,0,0,0,0,0,0,0,0,0,0,0,0,0,0,0,0,0,0,0,0,0,0,0,0,0,0,1,0,0,0,0,0,0,0,0,0,0,0,0,0,0,0,0,0,0,0,0,0,0,0,5,1,3,6,83,0,2,9,1,5
2770.ps1,1,331,1,330.0,330,0,0,5,5,1,1,24,24,7,25,0,4,0,3,0,0,0,0,0,0,0,26,0,0,0,0,0,0,0,0,0,0,0,0,0,0,0,0,0,0,0,0,0,0,0,0,0,0,0,0,0,0,0,0,0,0,0,0,0,0,0,0,0,0,0,0,0,0,0,1,0,0,0,0,0,0,0,0,0,0,0,0,0,1,0,0,0,0,0,0,0,0,0,2,1,0,4,27,0,0,1,2,3
2772.ps1,1,3233,1,3232.0,3232,0,3,25,25,24,24,79,79,11,430,11,10,0,0,7,0,0,0,0,0,2,79,0,0,0,0,0,0,0,0,0,0,0,0,0,0,0,0,0,0,0,0,0,0,0,0,0,0,0,0,0,0,0,0,0,0,0,0,0,0,0,0,0,0,0,0,0,0,0,1,0,0,0,0,0,0,0,0,0,0,0,0,0,0,0,0,0,0,0,0,0,0,0,9,1,3,8,82,0,2,13,1,7
2783.ps1,1,3187,1,3186.0,3186,0,1,26,26,26,26,58,58,14,366,11,17,0,0,11,0,0,0,2,0,1,57,0,0,0,0,0,0,0,0,0,0,0,0,0,0,0,0,0,0,0,0,0,0,0,0,0,0,0,0,0,0,0,0,0,0,0,0,0,0,0,0,0,0,0,0,0,0,0,1,0,0,0,0,0,0,0,0,0,0,0,0,0,2,0,0,0,0,0,0,0,0,0,13,1,1,8,58,0,1,13,6,7
2760.ps1,1,2941,1,2940.0,2940,0,3,22,22,18,18,73,73,10,381,7,10,0,0,7,0,0,0,1,0,2,75,0,0,0,0,0,0,0,0,0,0,0,0,0,0,0,0,0,0,0,0,0,0,0,0,0,0,0,0,0,0,0,0,0,0,0,0,0,0,0,0,0,0,0,0,0,0,0,1,0,0,0,0,0,0,0,0,0,0,0,0,0,0,0,0,0,0,0,0,0,0,0,5,1,3,5,78,0,2,7,1,4
2781.ps1,1,2753,1,2752.0,2752,0,0,22,22,18,18,50,50,10,358,5,10,0,0,7,0,0,0,0,0,0,50,0,0,0,0,0,0,0,0,0,0,0,0,0,0,0,0,0,0,0,0,0,0,0,0,0,0,0,0,0,0,0,0,0,0,0,0,0,0,0,0,0,0,0,0,0,0,0,1,0,0,0,0,0,0,0,0,0,0,0,0,0,1,0,0,0,0,0,0,0,0,0,3,1,3,5,54,0,0,9,1,4
2771.ps1,1,641,1,640.0,640,1,1,14,14,16,16,36,36,15,42,6,4,2,3,0,0,0,0,0,0,0,41,0,0,0,0,0,0,0,0,0,0,0,0,0,0,0,0,0,0,0,0,0,0,0,0,0,0,0,0,0,0,0,0,0,0,0,0,0,0,0,0,0,0,0,0,0,0,0,1,0,0,0,0,0,0,0,0,0,0,0,0,0,0,0,0,0,0,0,0,0,0,0,8,2,4,8,47,0,0,15,2,7
2775.ps1,1,472,1,471.0,471,0,1,8,8,3,3,44,44,8,39,1,5,0,5,0,0,0,0,1,0,1,41,0,0,0,0,0,0,0,0,0,0,0,0,0,0,0,0,0,0,0,0,0,0,0,0,0,0,0,0,0,0,0,0,0,0,0,0,0,0,0,0,0,0,0,0,0,0,0,2,0,0,0,0,0,0,0,0,0,0,0,0,0,0,0,0,0,0,0,0,0,1,0,4,1,0,7,41,0,1,2,2,6
2789.ps1,1,2037,1,2036.0,2036,0,0,17,17,14,14,34,34,11,40,22,7,2,17,2,0,0,0,1,0,0,37,0,0,0,0,0,0,0,0,0,0,0,0,0,0,0,0,0,0,0,0,0,0,0,0,0,0,0,0,0,0,0,0,0,0,0,0,0,0,0,0,0,0,0,0,0,0,0,1,1,0,0,0,0,1,0,0,0,0,0,0,1,0,0,0,0,0,0,0,0,2,0,6,2,2,7,41,0,0,10,2,6
279.ps1,1,2892,1,2891.0,2891,0,1,22,22,19,19,72,72,7,373,7,14,0,0,7,0,0,0,1,0,1,72,0,0,0,0,0,0,0,0,0,0,0,0,0,0,0,0,0,0,0,0,0,0,0,0,0,0,0,0,0,0,0,0,0,0,0,0,0,0,0,0,0,0,0,0,0,0,0,1,0,0,0,0,0,0,0,0,0,0,0,0,0,0,0,0,0,0,0,0,0,0,0,9,1,0,8,72,0,1,9,5,7
2788.ps1,1,3183,1,3182.0,3182,0,1,24,24,22,22,78,78,10,424,7,11,0,0,7,0,0,0,1,0,1,78,0,0,0,0,0,0,0,0,0,0,0,0,0,0,0,0,0,0,0,0,0,0,0,0,0,0,0,0,0,0,0,0,0,0,0,0,0,0,0,0,0,0,0,0,0,0,0,1,0,0,0,0,0,0,0,0,0,0,0,0,0,0,0,0,0,0,0,0,0,0,0,6,1,3,7,81,0,1,12,2,6
281.ps1,1,499,1,498.0,498,0,2,8,8,7,7,37,37,10,38,4,3,0,6,0,0,0,0,0,0,2,39,0,0,0,0,0,0,0,0,0,0,0,0,0,0,0,0,0,0,0,0,0,0,0,0,0,0,0,0,0,0,0,0,0,0,0,0,0,0,0,0,0,0,0,0,0,0,0,1,0,0,0,0,0,0,0,0,0,0,0,0,0,0,0,0,0,0,0,0,0,0,0,5,1,1,6,40,0,2,5,1,5
2792.ps1,1,2347,1,2347.0,2347,1,2,25,25,18,18,168,168,44,173,6,9,0,13,7,0,0,0,1,0,2,168,0,0,0,0,0,0,0,0,0,0,0,0,0,0,0,0,0,0,0,0,0,0,0,0,0,0,0,0,0,0,0,0,0,0,0,0,0,0,0,0,0,0,0,0,0,0,0,1,0,0,0,0,0,0,0,0,0,0,0,0,0,2,0,0,0,0,0,1,0,0,0,10,1,0,7,168,0,2,9,4,6
28.ps1,1,1403,1,1402.0,1402,1,2,13,13,22,22,101,101,21,104,10,9,0,5,7,0,2,0,1,0,2,103,0,0,0,0,0,0,0,0,0,0,0,0,0,0,0,0,0,0,0,0,0,0,0,0,0,0,0,0,0,0,0,0,0,0,0,0,0,0,0,0,0,0,0,0,0,0,0,1,0,0,0,0,0,0,0,0,0,0,0,0,0,0,0,0,0,0,0,0,0,1,0,13,1,0,8,103,0,2,13,5,7
2809.ps1,1,510,1,509.0,509,0,1,9,9,3,3,39,39,7,41,1,5,0,5,0,0,0,0,1,0,1,43,0,0,0,0,0,0,0,0,0,0,0,0,0,0,0,0,0,0,0,0,0,0,0,0,0,0,0,0,0,0,0,0,0,0,0,0,0,0,0,0,0,0,0,0,0,0,0,1,0,0,0,0,0,0,0,0,0,0,0,0,0,0,0,0,0,0,0,0,0,0,0,4,1,0,7,43,0,1,2,3,6
2794.ps1,1,3079,1,3078.0,3078,0,0,22,22,19,19,76,76,9,404,7,14,2,0,7,0,0,0,0,0,0,77,0,0,0,0,0,0,0,0,0,0,0,0,0,0,0,0,0,0,0,0,0,0,0,0,0,0,0,0,0,0,0,0,0,0,0,0,0,0,0,0,0,0,0,0,0,0,0,1,0,0,0,0,0,0,0,0,0,0,0,0,0,0,0,0,0,0,0,0,0,0,0,9,2,0,8,79,0,0,9,5,7
2801.ps1,1,3032,1,3031.0,3031,0,1,22,22,19,19,76,76,10,402,7,10,0,0,7,0,0,0,0,0,0,76,0,0,0,0,0,0,0,0,0,0,0,0,0,0,0,0,0,0,0,0,0,0,0,0,0,0,0,0,0,0,0,0,0,0,0,0,0,0,0,0,0,0,0,0,0,0,0,1,0,0,0,0,0,0,0,0,0,0,0,0,0,1,0,0,0,0,0,0,0,0,0,5,1,3,5,80,0,0,10,1,4
2819.ps1,1,2942,1,2941.0,2941,0,1,21,21,19,19,73,73,8,383,7,14,0,0,7,0,0,0,0,0,1,73,0,0,0,0,0,0,0,0,0,0,0,0,0,0,0,0,0,0,0,0,0,0,0,0,0,0,0,0,0,0,0,0,0,0,0,0,0,0,0,0,0,0,0,0,0,0,0,1,0,0,0,0,0,0,0,0,0,0,0,0,0,0,0,0,0,0,0,0,0,0,0,9,1,0,7,73,0,1,9,5,6
2817.ps1,1,3231,1,3230.0,3230,0,1,25,25,23,23,79,79,12,432,9,11,2,0,7,0,0,0,0,0,0,80,0,0,0,0,0,0,0,0,0,0,0,0,0,0,0,0,0,0,0,0,0,0,0,0,0,0,0,0,0,0,0,0,0,0,0,0,0,0,0,0,0,0,0,0,0,0,0,1,0,0,0,0,0,0,0,0,0,0,0,0,0,0,0,0,0,0,0,0,0,0,0,8,2,3,8,85,0,0,13,2,7
2818.ps1,1,631,1,630.0,630,0,1,11,11,14,14,36,36,7,42,6,9,0,4,0,0,0,0,1,0,1,39,0,0,0,0,0,0,0,0,0,0,0,0,0,0,0,0,0,0,0,0,0,0,0,0,0,0,0,0,0,0,0,0,0,0,0,0,0,0,0,0,0,0,0,0,0,0,0,1,0,0,0,0,0,0,0,0,0,0,0,0,0,0,0,0,0,0,0,0,0,0,0,12,1,0,9,39,0,1,13,6,8
2812.ps1,1,3276,1,3275.0,3275,0,0,22,22,18,18,82,82,10,445,5,11,0,0,7,0,0,0,0,0,0,82,0,0,0,0,0,0,0,0,0,0,0,0,0,0,0,0,0,0,0,0,0,0,0,0,0,0,0,0,0,0,0,0,0,0,0,0,0,0,0,0,0,0,0,0,0,0,0,1,0,0,0,0,0,0,0,0,0,0,0,0,1,0,0,0,0,0,0,0,0,0,0,3,1,3,5,86,0,0,9,1,4
2811.ps1,1,2883,1,2882.0,2882,0,2,22,22,20,20,52,52,11,378,7,10,0,0,7,0,0,0,0,0,2,53,0,0,0,0,0,0,0,0,0,0,0,0,0,0,0,0,0,0,0,0,0,0,0,0,0,0,0,0,0,0,0,0,0,0,0,0,0,0,0,0,0,0,0,0,0,0,0,1,0,0,0,0,0,0,0,0,0,0,0,0,0,0,0,0,0,0,0,0,0,0,0,5,1,3,5,56,0,2,9,1,4
2808.ps1,1,1523,1,1522.0,1522,0,0,13,13,15,15,121,121,22,126,4,10,2,5,7,0,2,0,0,0,0,126,0,0,0,0,0,0,0,0,0,0,0,0,0,0,0,0,0,0,0,0,0,0,0,0,0,0,0,0,0,0,0,0,0,0,0,0,0,0,0,0,0,0,0,0,0,0,0,1,0,0,0,0,0,0,0,0,0,0,0,0,0,1,0,0,0,0,0,0,0,0,0,8,2,0,8,128,0,0,7,6,7
282.ps1,1,3485,1,3484.0,3484,0,2,25,25,24,24,88,88,13,413,10,16,0,0,11,0,0,0,2,0,2,87,0,0,0,0,0,0,0,0,0,0,0,0,0,0,0,0,0,0,0,0,0,0,0,0,0,0,0,0,0,0,0,0,0,0,0,0,0,0,0,0,0,0,0,0,0,0,0,1,0,0,0,0,0,0,0,0,0,0,0,0,0,2,0,0,0,0,0,0,0,0,0,11,1,0,8,87,0,2,10,5,7
2821.ps1,1,3128,1,3127.0,3127,0,3,27,27,21,21,58,58,17,365,8,12,0,0,11,0,0,0,2,0,2,60,0,0,0,0,0,0,0,0,0,0,0,0,0,0,0,0,0,0,0,0,0,0,0,0,0,0,0,0,0,0,0,0,0,0,0,0,0,0,0,0,0,0,0,0,0,0,0,1,0,0,0,0,0,0,0,0,0,0,0,0,0,2,0,0,0,0,0,0,0,0,0,5,1,4,6,64,0,2,7,1,5
2827.ps1,1,2988,1,2987.0,2987,0,2,24,24,26,26,73,73,10,381,11,10,0,0,7,0,0,0,1,0,2,72,0,0,0,0,0,0,0,0,0,0,0,0,0,0,0,0,0,0,0,0,0,0,0,0,0,0,0,0,0,0,0,0,0,0,0,0,0,0,0,0,0,0,0,0,0,0,0,1,0,0,0,0,0,0,0,0,0,0,0,0,0,0,0,0,0,0,0,0,0,0,0,9,1,3,7,75,0,2,15,1,6
2852.ps1,1,522,1,521.0,521,1,0,7,7,4,4,51,51,8,44,0,5,0,3,0,0,0,0,0,0,0,42,0,0,0,0,0,0,0,0,0,0,0,0,0,0,0,0,0,0,0,0,0,0,0,0,0,0,0,0,0,0,0,0,0,0,0,0,0,0,0,0,0,0,0,0,0,0,0,2,0,0,0,0,0,0,0,0,0,0,0,0,1,0,0,0,0,0,0,0,0,0,0,2,1,0,5,43,0,0,4,2,4
2823.ps1,1,2800,1,2799.0,2799,0,2,23,23,23,23,50,50,10,358,9,10,0,0,7,0,0,0,1,0,2,50,0,0,0,0,0,0,0,0,0,0,0,0,0,0,0,0,0,0,0,0,0,0,0,0,0,0,0,0,0,0,0,0,0,0,0,0,0,0,0,0,0,0,0,0,0,0,0,1,0,0,0,0,0,0,0,0,0,0,0,0,0,0,0,0,0,0,0,0,0,0,0,7,1,3,6,53,0,2,12,1,5
2842.ps1,1,3179,1,3178.0,3178,0,2,20,20,17,17,79,79,7,430,7,13,0,0,7,0,0,0,1,0,2,80,0,0,0,0,0,0,0,0,0,0,0,0,0,0,0,0,0,0,0,0,0,0,0,0,0,0,0,0,0,0,0,0,0,0,0,0,0,0,0,0,0,0,0,0,0,0,0,1,0,0,0,0,0,0,0,0,0,0,0,0,0,0,0,0,0,0,0,0,0,0,0,8,1,0,6,80,0,2,6,4,5
2847.ps1,1,3093,1,3092.0,3092,0,1,24,24,23,23,75,75,7,402,10,14,0,0,7,0,0,0,1,0,1,75,0,0,0,0,0,0,0,0,0,0,0,0,0,0,0,0,0,0,0,0,0,0,0,0,0,0,0,0,0,0,0,0,0,0,0,0,0,0,0,0,0,0,0,0,0,0,0,1,0,0,0,0,0,0,0,0,0,0,0,0,0,0,0,0,0,0,0,0,0,0,0,12,1,0,10,75,0,1,13,5,9
2862.ps1,1,2971,1,2970.0,2970,0,1,21,21,16,16,74,74,8,393,5,14,0,0,7,0,0,0,0,0,1,75,0,0,0,0,0,0,0,0,0,0,0,0,0,0,0,0,0,0,0,0,0,0,0,0,0,0,0,0,0,0,0,0,0,0,0,0,0,0,0,0,0,0,0,0,0,0,0,1,0,0,0,0,0,0,0,0,0,0,0,0,0,0,0,0,0,0,0,0,0,0,0,7,1,0,7,75,0,1,6,5,6
2848.ps1,1,460,1,459.0,459,0,3,9,9,7,7,28,28,9,30,5,3,0,4,1,0,0,0,1,0,2,32,0,0,0,0,0,0,0,0,0,0,0,0,0,0,0,0,0,0,0,0,0,0,0,0,0,0,0,0,0,0,0,0,0,0,0,0,0,0,0,0,0,0,0,0,0,0,0,1,0,0,0,0,0,0,0,0,0,0,0,0,0,0,0,0,0,0,0,0,0,0,0,5,1,2,5,34,0,2,5,1,4
2855.ps1,1,3016,1,3015.0,3015,0,0,21,21,13,13,76,76,9,404,3,15,2,0,7,0,0,0,0,0,0,79,0,0,0,0,0,0,0,0,0,0,0,0,0,0,0,0,0,0,0,0,0,0,0,0,0,0,0,0,0,0,0,0,0,0,0,0,0,0,0,0,0,0,0,0,0,0,0,1,0,0,0,0,0,0,0,0,0,0,0,0,0,0,0,0,0,0,0,0,0,0,0,5,2,0,7,81,0,0,3,5,6
2868.ps1,1,3145,1,3144.0,3144,0,0,24,24,19,19,56,56,12,421,5,11,2,0,7,0,0,0,0,0,0,58,0,0,0,0,0,0,0,0,0,0,0,0,0,0,0,0,0,0,0,0,0,0,0,0,0,0,0,0,0,0,0,0,0,0,0,0,0,0,0,0,0,0,0,0,0,0,0,1,0,0,0,0,0,0,0,0,0,0,0,0,0,0,0,0,0,0,0,0,0,0,0,4,2,3,7,63,0,0,9,2,6
2843.ps1,1,3000,1,2999.0,2999,0,0,14,14,11,11,74,74,21,78,30,13,2,22,13,0,0,0,1,0,0,77,0,0,0,0,0,0,0,0,0,0,0,0,0,0,0,0,0,0,0,0,0,0,0,0,0,0,0,0,0,0,0,0,2,0,0,0,0,0,0,0,0,0,0,0,0,0,0,1,0,0,0,0,0,0,0,0,0,0,0,0,0,1,0,0,0,0,0,0,0,3,0,7,2,0,7,79,0,0,6,5,6
2865.ps1,1,2992,1,2991.0,2991,0,0,24,24,22,22,73,73,9,383,9,14,2,0,7,0,0,0,0,0,0,73,0,0,0,0,0,0,0,0,0,0,0,0,0,0,0,0,0,0,0,0,0,0,0,0,0,0,0,0,0,0,0,0,0,0,0,0,0,0,0,0,0,0,0,0,0,0,0,1,0,0,0,0,0,0,0,0,0,0,0,0,0,0,0,0,0,0,0,0,0,0,0,11,2,0,10,75,0,0,12,5,9
2869.ps1,1,3200,1,3199.0,3199,0,2,21,21,20,20,79,79,8,430,9,13,0,0,7,0,0,0,0,0,2,79,0,0,0,0,0,0,0,0,0,0,0,0,0,0,0,0,0,0,0,0,0,0,0,0,0,0,0,0,0,0,0,0,0,0,0,0,0,0,0,0,0,0,0,0,0,0,0,1,0,0,0,0,0,0,0,0,0,0,0,0,0,0,0,0,0,0,0,0,0,0,0,10,1,0,7,79,0,2,9,4,6
2871.ps1,1,3073,1,3072.0,3072,0,1,23,23,19,19,76,76,9,403,8,14,0,0,7,0,0,0,0,0,1,77,0,0,0,0,0,0,0,0,0,0,0,0,0,0,0,0,0,0,0,0,0,0,0,0,0,0,0,0,0,0,0,0,0,0,0,0,0,0,0,0,0,0,0,0,0,0,0,1,0,0,0,0,0,0,0,0,0,0,0,0,0,0,0,0,0,0,0,0,0,0,0,10,1,1,8,78,0,1,9,5,7
2881.ps1,1,3044,1,3043.0,3043,0,2,23,23,14,14,76,76,12,403,4,11,0,0,7,0,0,0,0,0,1,80,0,0,0,0,0,0,0,0,0,0,0,0,0,0,0,0,0,0,0,0,0,0,0,0,0,0,0,0,0,0,0,0,0,0,0,0,0,0,0,0,0,0,0,0,0,0,0,1,0,0,0,0,0,0,0,0,0,0,0,0,0,0,0,0,0,0,0,0,0,0,0,3,1,4,5,84,0,1,4,2,4
2863.ps1,1,3012,1,3011.0,3011,0,0,21,21,16,16,54,54,9,407,5,15,2,0,7,0,0,0,0,0,0,56,0,0,0,0,0,0,0,0,0,0,0,0,0,0,0,0,0,0,0,0,0,0,0,0,0,0,0,0,0,0,0,0,0,0,0,0,0,0,0,0,0,0,0,0,0,0,0,1,0,0,0,0,0,0,0,0,0,0,0,0,0,0,0,0,0,0,0,0,0,0,0,7,2,0,7,58,0,0,6,5,6
2886.ps1,1,3162,1,3161.0,3161,0,1,25,25,22,22,56,56,11,77,6,11,0,0,7,0,0,0,1,0,1,59,0,0,0,0,0,0,0,0,0,0,0,0,0,0,0,0,0,0,0,0,0,0,0,0,0,0,0,0,0,0,0,0,0,0,0,0,0,0,0,0,0,0,0,0,0,0,0,1,0,0,0,0,0,0,0,0,0,0,0,0,0,0,0,0,0,0,0,0,0,0,0,5,1,4,7,63,0,1,12,2,6
2882.ps1,1,2897,1,2896.0,2896,0,0,15,15,14,14,51,51,21,55,30,13,2,25,12,0,0,0,1,0,0,53,0,0,0,0,0,0,0,0,0,0,0,0,0,0,0,0,0,0,0,0,0,0,0,0,0,0,0,0,0,0,0,0,3,0,0,0,0,0,0,0,0,0,0,0,0,0,0,1,1,0,0,0,0,1,0,0,0,0,0,0,0,1,0,0,0,0,0,0,0,4,0,9,2,0,8,55,0,0,9,5,7
2877.ps1,1,2824,1,2823.0,2823,0,1,25,25,23,23,50,50,12,360,9,11,2,0,7,0,0,0,0,0,0,51,0,0,0,0,0,0,0,0,0,0,0,0,0,0,0,0,0,0,0,0,0,0,0,0,0,0,0,0,0,0,0,0,0,0,0,0,0,0,0,0,0,0,0,0,0,0,0,1,0,0,0,0,0,0,0,0,0,0,0,0,0,0,0,0,0,0,0,0,0,0,0,8,2,3,8,56,0,0,13,2,7
2890.ps1,1,2956,1,2955.0,2955,0,0,22,22,21,21,73,73,7,381,9,13,0,0,7,0,0,0,0,0,0,71,0,0,0,0,0,0,0,0,0,0,0,0,0,0,0,0,0,0,0,0,0,0,0,0,0,0,0,0,0,0,0,0,0,0,0,0,0,0,0,0,0,0,0,0,0,0,0,1,0,0,0,0,0,0,0,0,0,0,0,0,0,1,0,0,0,0,0,0,0,0,0,10,1,0,8,72,0,0,12,4,7
2884.ps1,1,437,1,436.0,436,0,0,9,9,5,5,38,38,9,33,0,6,2,1,0,0,0,0,1,0,0,31,0,0,0,0,0,0,0,0,0,0,0,0,0,0,0,0,0,0,0,0,0,0,0,0,0,0,0,0,0,0,0,0,0,0,0,0,0,0,0,0,0,0,0,0,0,0,0,2,0,0,0,0,0,0,0,0,0,0,0,0,0,0,0,0,0,1,1,0,0,0,0,3,2,0,7,33,0,0,4,3,6
2885.ps1,1,3040,1,3039.0,3039,0,2,15,15,15,15,74,74,21,76,41,12,0,26,13,0,0,0,0,0,2,75,0,0,0,0,0,0,0,0,0,0,0,0,0,0,0,0,0,0,0,0,0,0,0,0,0,0,0,0,0,0,0,0,2,0,0,0,0,0,0,0,0,0,0,0,0,0,0,1,1,0,0,0,0,0,0,0,0,0,0,0,0,1,0,0,0,0,0,0,0,4,0,10,1,0,8,75,0,2,9,4,7
2872.ps1,1,2807,1,2806.0,2806,0,1,23,23,22,22,50,50,11,360,7,11,0,0,7,0,0,0,0,0,1,50,0,0,0,0,0,0,0,0,0,0,0,0,0,0,0,0,0,0,0,0,0,0,0,0,0,0,0,0,0,0,0,0,0,0,0,0,0,0,0,0,0,0,0,0,0,0,0,1,0,0,0,0,0,0,0,0,0,0,0,0,0,0,0,0,0,0,0,0,0,0,0,6,1,3,6,53,0,1,12,2,5
2906.ps1,1,423,1,422.0,422,0,2,7,7,7,7,29,29,9,30,4,3,0,3,0,0,0,0,0,0,2,31,0,0,0,0,0,0,0,0,0,0,0,0,0,0,0,0,0,0,0,0,0,0,0,0,0,0,0,0,0,0,0,0,0,0,0,0,0,0,0,0,0,0,0,0,0,0,0,1,0,0,0,0,0,0,0,0,0,0,0,0,0,0,0,0,0,0,0,0,0,1,0,5,1,1,5,32,0,2,5,1,4
2897.ps1,1,2992,1,2991.0,2991,0,0,19,19,12,12,76,76,7,402,3,14,0,0,7,0,0,0,0,0,0,77,0,0,0,0,0,0,0,0,0,0,0,0,0,0,0,0,0,0,0,0,0,0,0,0,0,0,0,0,0,0,0,0,0,0,0,0,0,0,0,0,0,0,0,0,0,0,0,1,0,0,0,0,0,0,0,0,0,0,0,0,1,0,0,0,0,0,0,0,0,0,0,4,1,0,5,78,0,0,3,4,4
2887.ps1,1,2942,1,2941.0,2941,0,2,21,21,20,20,73,73,8,381,9,13,0,0,7,0,0,0,0,0,2,73,0,0,0,0,0,0,0,0,0,0,0,0,0,0,0,0,0,0,0,0,0,0,0,0,0,0,0,0,0,0,0,0,0,0,0,0,0,0,0,0,0,0,0,0,0,0,0,1,0,0,0,0,0,0,0,0,0,0,0,0,0,0,0,0,0,0,0,0,0,0,0,10,1,0,7,73,0,2,9,4,6
2894.ps1,1,340,1,339.0,339,1,2,9,9,6,6,23,23,6,23,4,4,0,3,0,0,0,0,1,0,2,25,0,0,0,0,0,0,0,0,0,0,0,0,0,0,0,0,0,0,0,0,0,0,0,0,0,0,0,0,0,0,0,0,0,0,0,0,0,0,0,0,0,0,0,0,0,0,0,1,0,0,0,0,0,0,0,0,0,0,0,0,0,0,0,0,0,0,0,0,0,0,0,6,1,0,7,25,0,2,4,2,6
290.ps1,1,2868,1,2867.0,2867,0,1,21,21,14,14,52,52,7,379,4,14,0,0,7,0,0,0,1,0,1,55,0,0,0,0,0,0,0,0,0,0,0,0,0,0,0,0,0,0,0,0,0,0,0,0,0,0,0,0,0,0,0,0,0,0,0,0,0,0,0,0,0,0,0,0,0,0,0,1,0,0,0,0,0,0,0,0,0,0,0,0,0,0,0,0,0,0,0,0,0,0,0,6,1,0,7,55,0,1,4,5,6
293.ps1,1,3179,1,3178.0,3178,0,2,23,23,17,17,78,78,11,431,5,11,0,0,7,0,0,0,0,0,1,80,0,0,0,0,0,0,0,0,0,0,0,0,0,0,0,0,0,0,0,0,0,0,0,0,0,0,0,0,0,0,0,0,0,0,0,0,0,0,0,0,0,0,0,0,0,0,0,1,0,0,0,0,0,0,0,0,0,0,0,0,0,0,0,0,0,0,0,0,0,0,0,4,1,3,6,83,0,1,7,2,5
2911.ps1,1,3412,1,3411.0,3411,0,0,24,24,22,22,87,87,12,412,8,16,0,0,11,0,0,0,2,0,0,85,0,0,0,0,0,0,0,0,0,0,0,0,0,0,0,0,0,0,0,0,0,0,0,0,0,0,0,0,0,0,0,0,0,0,0,0,0,0,0,0,0,0,0,0,0,0,0,1,0,0,0,0,0,0,0,0,0,0,0,0,0,3,0,0,0,0,0,0,0,0,0,9,1,0,7,86,0,0,10,5,6
2930.ps1,1,3051,1,3050.0,3050,0,0,21,21,18,18,76,76,7,402,7,14,0,0,7,0,0,0,0,0,0,75,0,0,0,0,0,0,0,0,0,0,0,0,0,0,0,0,0,0,0,0,0,0,0,0,0,0,0,0,0,0,0,0,0,0,0,0,0,0,0,0,0,0,0,0,0,0,0,1,0,0,0,0,0,0,0,0,0,0,0,0,1,0,0,0,0,0,0,0,0,0,0,8,1,0,7,76,0,0,9,4,6
2918.ps1,1,2996,1,2995.0,2995,0,1,25,25,23,23,73,73,10,382,8,11,0,0,7,0,0,0,1,0,1,74,0,0,0,0,0,0,0,0,0,0,0,0,0,0,0,0,0,0,0,0,0,0,0,0,0,0,0,0,0,0,0,0,0,0,0,0,0,0,0,0,0,0,0,0,0,0,0,1,0,0,0,0,0,0,0,0,0,0,0,0,0,0,0,0,0,0,0,0,0,0,0,7,1,3,8,77,0,1,13,2,7
2921.ps1,1,2979,1,2978.0,2978,0,2,23,23,23,23,73,73,10,381,9,10,0,0,7,0,0,0,1,0,2,73,0,0,0,0,0,0,0,0,0,0,0,0,0,0,0,0,0,0,0,0,0,0,0,0,0,0,0,0,0,0,0,0,0,0,0,0,0,0,0,0,0,0,0,0,0,0,0,1,0,0,0,0,0,0,0,0,0,0,0,0,0,0,0,0,0,0,0,0,0,0,0,7,1,3,6,76,0,2,12,1,5
2908.ps1,1,1549,1,1548.0,1548,0,1,22,22,14,14,116,116,21,124,8,10,0,0,8,0,1,0,2,0,1,118,0,0,0,0,0,0,0,0,0,0,0,0,0,0,0,0,0,0,0,0,0,0,0,0,0,0,0,0,0,0,0,1,0,0,0,0,0,0,0,0,0,0,0,0,0,0,0,1,0,0,0,0,0,0,0,0,0,0,0,0,0,1,0,0,0,0,0,0,0,0,0,10,1,0,9,118,0,1,10,5,8
29.ps1,1,2749,1,2748.0,2748,0,2,13,13,11,11,47,47,9,50,31,4,0,32,3,0,0,0,1,0,2,50,0,0,0,0,0,0,0,0,0,0,0,0,0,0,0,0,0,0,0,0,0,0,0,0,0,0,0,0,0,0,0,0,3,0,0,0,0,0,0,0,0,0,0,0,0,0,0,1,1,0,0,0,0,1,0,0,0,0,0,0,0,1,0,0,0,0,0,0,0,3,0,5,1,2,6,52,0,2,7,1,5
2891.ps1,1,1927,1,1927.0,1927,0,1,27,27,21,21,38,38,25,41,13,31,0,0,20,0,0,0,1,0,1,39,0,0,0,0,0,0,0,0,0,0,0,0,0,0,0,0,1,0,0,0,0,0,0,1,0,0,0,0,0,0,0,0,0,0,0,0,0,0,0,0,0,0,0,0,0,0,0,2,0,0,0,0,0,0,0,0,0,0,0,0,0,0,0,0,0,0,0,0,0,1,0,7,1,0,6,39,0,1,5,6,5
2931.ps1,1,2861,1,2860.0,2860,0,2,19,19,14,14,72,72,7,371,5,13,0,0,7,0,0,0,1,0,2,74,0,0,0,0,0,0,0,0,0,0,0,0,0,0,0,0,0,0,0,0,0,0,0,0,0,0,0,0,0,0,0,0,0,0,0,0,0,0,0,0,0,0,0,0,0,0,0,1,0,0,0,0,0,0,0,0,0,0,0,0,0,0,0,0,0,0,0,0,0,0,0,6,1,0,5,74,0,2,3,4,4
2919.ps1,1,3325,1,3324.0,3324,0,0,23,23,19,19,82,82,9,451,7,14,2,0,7,0,0,0,0,0,0,83,0,0,0,0,0,0,0,0,0,0,0,0,0,0,0,0,0,0,0,0,0,0,0,0,0,0,0,0,0,0,0,0,0,0,0,0,0,0,0,0,0,0,0,0,0,0,0,1,0,0,0,0,0,0,0,0,0,0,0,0,0,0,0,0,0,0,0,0,0,0,0,9,2,0,9,85,0,0,9,5,8
2945.ps1,1,2950,1,2949.0,2949,0,1,22,22,16,16,73,73,8,382,6,14,0,0,7,0,0,0,1,0,1,75,0,0,0,0,0,0,0,0,0,0,0,0,0,0,0,0,0,0,0,0,0,0,0,0,0,0,0,0,0,0,0,0,0,0,0,0,0,0,0,0,0,0,0,0,0,0,0,1,0,0,0,0,0,0,0,0,0,0,0,0,0,0,0,0,0,0,0,0,0,0,0,8,1,1,7,76,0,1,6,5,6
2940.ps1,1,2927,1,2926.0,2926,0,0,23,23,22,22,51,51,9,379,9,14,2,0,7,0,0,0,0,0,0,51,0,0,0,0,0,0,0,0,0,0,0,0,0,0,0,0,0,0,0,0,0,0,0,0,0,0,0,0,0,0,0,0,0,0,0,0,0,0,0,0,0,0,0,0,0,0,0,1,0,0,0,0,0,0,0,0,0,0,0,0,0,0,0,0,0,0,0,0,0,0,0,11,2,0,9,53,0,0,12,5,8
2928.ps1,1,2946,1,2945.0,2945,0,1,22,22,19,19,73,73,10,381,7,11,0,0,7,0,0,0,0,0,0,73,0,0,0,0,0,0,0,0,0,0,0,0,0,0,0,0,0,0,0,0,0,0,0,0,0,0,0,0,0,0,0,0,0,0,0,0,0,0,0,0,0,0,0,0,0,0,0,1,0,0,0,0,0,0,0,0,0,0,0,0,1,0,0,0,0,0,0,0,0,0,0,5,1,3,5,77,0,0,10,1,4
2956.ps1,1,3008,1,3007.0,3007,0,0,21,21,18,18,54,54,7,405,7,14,0,0,7,0,0,0,0,0,0,53,0,0,0,0,0,0,0,0,0,0,0,0,0,0,0,0,0,0,0,0,0,0,0,0,0,0,0,0,0,0,0,0,0,0,0,0,0,0,0,0,0,0,0,0,0,0,0,1,0,0,0,0,0,0,0,0,0,0,0,0,1,0,0,0,0,0,0,0,0,0,0,8,1,0,7,54,0,0,9,4,6
2933.ps1,1,3241,1,3240.0,3240,0,0,29,29,27,27,59,59,17,368,8,18,2,0,12,0,0,0,3,0,0,59,0,0,0,0,0,0,0,0,0,0,0,0,0,0,0,0,0,0,0,0,0,0,0,0,0,0,0,0,0,0,0,0,0,0,0,0,0,0,0,0,0,0,0,0,0,0,0,1,0,0,0,0,0,0,0,0,0,0,0,0,0,2,0,0,0,0,0,0,0,0,0,6,2,4,8,65,0,0,14,2,7
2968.ps1,1,2783,1,2782.0,2782,0,2,22,22,20,20,50,50,7,358,9,13,0,0,7,0,0,0,1,0,2,50,0,0,0,0,0,0,0,0,0,0,0,0,0,0,0,0,0,0,0,0,0,0,0,0,0,0,0,0,0,0,0,0,0,0,0,0,0,0,0,0,0,0,0,0,0,0,0,1,0,0,0,0,0,0,0,0,0,0,0,0,0,0,0,0,0,0,0,0,0,0,0,10,1,0,8,50,0,2,9,4,7
2976.ps1,1,2874,1,2873.0,2873,0,2,22,22,15,15,52,52,11,379,4,11,0,0,7,0,0,0,0,0,1,56,0,0,0,0,0,0,0,0,0,0,0,0,0,0,0,0,0,0,0,0,0,0,0,0,0,0,0,0,0,0,0,0,0,0,0,0,0,0,0,0,0,0,0,0,0,0,0,1,0,0,0,0,0,0,0,0,0,0,0,0,0,0,0,0,0,0,0,0,0,0,0,3,1,3,5,59,0,1,5,2,4
2979.ps1,1,2723,1,2722.0,2722,0,0,19,19,12,12,50,50,7,358,3,13,0,0,7,0,0,0,0,0,0,51,0,0,0,0,0,0,0,0,0,0,0,0,0,0,0,0,0,0,0,0,0,0,0,0,0,0,0,0,0,0,0,0,0,0,0,0,0,0,0,0,0,0,0,0,0,0,0,1,0,0,0,0,0,0,0,0,0,0,0,0,0,1,0,0,0,0,0,0,0,0,0,4,1,0,5,52,0,0,3,4,4
2970.ps1,1,2922,1,2921.0,2921,0,2,24,24,23,23,52,52,10,378,9,10,0,0,7,0,0,0,1,0,2,52,0,0,0,0,0,0,0,0,0,0,0,0,0,0,0,0,0,0,0,0,0,0,0,0,0,0,0,0,0,0,0,0,0,0,0,0,0,0,0,0,0,0,0,0,0,0,0,1,0,0,0,0,0,0,0,0,0,0,0,0,0,0,0,0,0,0,0,0,0,0,0,7,1,3,7,55,0,2,12,1,6
2974.ps1,1,2803,1,2802.0,2802,0,1,21,21,14,14,51,51,8,369,4,14,0,0,7,0,0,0,0,0,1,54,0,0,0,0,0,0,0,0,0,0,0,0,0,0,0,0,0,0,0,0,0,0,0,0,0,0,0,0,0,0,0,0,0,0,0,0,0,0,0,0,0,0,0,0,0,0,0,1,0,0,0,0,0,0,0,0,0,0,0,0,0,0,0,0,0,0,0,0,0,0,0,6,1,0,7,54,0,1,4,5,6
2949.ps1,1,2767,1,2766.0,2766,0,3,22,22,18,18,50,50,10,358,7,10,0,0,7,0,0,0,1,0,2,52,0,0,0,0,0,0,0,0,0,0,0,0,0,0,0,0,0,0,0,0,0,0,0,0,0,0,0,0,0,0,0,0,0,0,0,0,0,0,0,0,0,0,0,0,0,0,0,1,0,0,0,0,0,0,0,0,0,0,0,0,0,0,0,0,0,0,0,0,0,0,0,5,1,3,5,55,0,2,7,1,4
2989.ps1,1,572,1,571.0,571,0,1,10,10,11,11,33,33,9,39,4,8,0,3,0,0,0,0,0,0,1,37,0,0,0,0,0,0,0,0,0,0,0,0,0,0,0,0,0,0,0,0,0,0,0,0,0,0,0,0,0,0,0,0,0,0,0,0,0,0,0,0,0,0,0,0,0,0,0,1,0,0,0,0,0,0,0,0,0,0,0,0,0,0,0,0,0,0,0,0,0,0,0,10,1,0,8,37,0,1,10,6,7
2985.ps1,1,3425,1,3424.0,3424,0,0,24,24,22,22,63,63,12,413,8,21,0,0,12,0,0,0,2,0,0,61,0,0,0,0,0,0,0,0,0,0,0,0,0,0,0,0,0,0,0,0,0,0,0,0,0,0,0,0,0,0,0,0,0,0,0,0,0,0,0,0,0,0,0,0,0,0,0,1,0,0,0,0,0,0,0,0,0,0,0,0,0,3,0,0,0,0,0,0,0,0,0,9,1,0,7,62,0,0,10,5,6
2981.ps1,1,392,1,391.0,391,1,0,7,7,4,4,35,35,8,28,0,5,0,3,0,0,0,0,0,0,0,26,0,0,0,0,0,0,0,0,0,0,0,0,0,0,0,0,0,0,0,0,0,0,0,0,0,0,0,0,0,0,0,0,0,0,0,0,0,0,0,0,0,0,0,0,0,0,0,2,0,0,0,0,0,0,0,0,0,0,0,0,1,0,0,0,0,0,0,0,0,0,0,2,1,0,5,27,0,0,4,2,4
2992.ps1,1,2959,1,2958.0,2958,0,0,24,24,19,19,73,73,12,383,5,11,2,0,7,0,0,0,0,0,0,75,0,0,0,0,0,0,0,0,0,0,0,0,0,0,0,0,0,0,0,0,0,0,0,0,0,0,0,0,0,0,0,0,0,0,0,0,0,0,0,0,0,0,0,0,0,0,0,1,0,0,0,0,0,0,0,0,0,0,0,0,0,0,0,0,0,0,0,0,0,0,0,4,2,3,7,80,0,0,9,2,6
2998.ps1,1,2931,1,2930.0,2930,0,2,24,24,23,23,52,52,11,380,9,11,0,0,7,0,0,0,0,0,1,52,0,0,0,0,0,0,0,0,0,0,0,0,0,0,0,0,0,0,0,0,0,0,0,0,0,0,0,0,0,0,0,0,0,0,0,0,0,0,0,0,0,0,0,0,0,0,0,1,0,0,0,0,0,0,0,0,0,0,0,0,0,0,0,0,0,0,0,0,0,0,0,8,1,3,7,55,0,1,13,2,6
2993.ps1,1,2943,1,2942.0,2942,0,1,23,23,19,19,72,72,9,378,8,14,0,0,7,0,0,0,0,0,1,73,0,0,0,0,0,0,0,0,0,0,0,0,0,0,0,0,0,0,0,0,0,0,0,0,0,0,0,0,0,0,0,0,0,0,0,0,0,0,0,0,0,0,0,0,0,0,0,1,0,0,0,0,0,0,0,0,0,0,0,0,0,0,0,0,0,0,0,0,0,0,0,10,1,1,8,74,0,1,9,5,7
2987.ps1,1,2941,1,2940.0,2940,0,1,21,21,19,19,73,73,7,383,7,14,0,0,7,0,0,0,1,0,1,73,0,0,0,0,0,0,0,0,0,0,0,0,0,0,0,0,0,0,0,0,0,0,0,0,0,0,0,0,0,0,0,0,0,0,0,0,0,0,0,0,0,0,0,0,0,0,0,1,0,0,0,0,0,0,0,0,0,0,0,0,0,0,0,0,0,0,0,0,0,0,0,9,1,0,7,73,0,1,9,5,6
299.ps1,1,3209,1,3208.0,3208,0,3,24,24,21,21,79,79,10,430,9,10,0,0,7,0,0,0,1,0,2,80,0,0,0,0,0,0,0,0,0,0,0,0,0,0,0,0,0,0,0,0,0,0,0,0,0,0,0,0,0,0,0,0,0,0,0,0,0,0,0,0,0,0,0,0,0,0,0,1,0,0,0,0,0,0,0,0,0,0,0,0,0,0,0,0,0,0,0,0,0,0,0,7,1,3,7,83,0,2,10,1,6
3.ps1,1,3399,1,3398.0,3398,0,1,20,20,13,13,86,86,10,478,3,11,0,0,7,0,0,0,0,0,0,88,0,0,0,0,0,0,0,0,0,0,0,0,0,0,0,0,0,0,0,0,0,0,0,0,0,0,0,0,0,0,0,0,0,0,0,0,0,0,0,0,0,0,0,0,0,0,0,1,0,0,0,0,0,0,0,0,0,0,0,0,1,0,0,0,0,0,0,0,0,0,0,1,1,3,3,92,0,0,4,1,2
3022.ps1,1,2897,1,2896.0,2896,0,1,19,19,13,13,73,73,7,383,3,14,0,0,7,0,0,0,1,0,1,75,0,0,0,0,0,0,0,0,0,0,0,0,0,0,0,0,0,0,0,0,0,0,0,0,0,0,0,0,0,0,0,0,0,0,0,0,0,0,0,0,0,0,0,0,0,0,0,1,0,0,0,0,0,0,0,0,0,0,0,0,0,0,0,0,0,0,0,0,0,0,0,5,1,0,5,75,0,1,3,5,4
301.ps1,1,2948,1,2947.0,2947,0,3,23,23,21,21,73,73,10,381,9,10,0,0,7,0,0,0,1,0,2,74,0,0,0,0,0,0,0,0,0,0,0,0,0,0,0,0,0,0,0,0,0,0,0,0,0,0,0,0,0,0,0,0,0,0,0,0,0,0,0,0,0,0,0,0,0,0,0,1,0,0,0,0,0,0,0,0,0,0,0,0,0,0,0,0,0,0,0,0,0,0,0,7,1,3,6,77,0,2,10,1,5
2994.ps1,1,3010,1,3009.0,3009,0,0,20,20,15,15,76,76,10,402,3,10,0,0,7,0,0,0,0,0,0,77,0,0,0,0,0,0,0,0,0,0,0,0,0,0,0,0,0,0,0,0,0,0,0,0,0,0,0,0,0,0,0,0,0,0,0,0,0,0,0,0,0,0,0,0,0,0,0,1,0,0,0,0,0,0,0,0,0,0,0,0,0,1,0,0,0,0,0,0,0,0,0,1,1,3,3,81,0,0,6,1,2
3021.ps1,1,2827,1,2826.0,2826,0,1,24,24,25,25,50,50,11,360,9,11,0,0,7,0,0,0,0,0,1,49,0,0,0,0,0,0,0,0,0,0,0,0,0,0,0,0,0,0,0,0,0,0,0,0,0,0,0,0,0,0,0,0,0,0,0,0,0,0,0,0,0,0,0,0,0,0,0,1,0,0,0,0,0,0,0,0,0,0,0,0,0,0,0,0,0,0,0,0,0,0,0,8,1,3,7,52,0,1,15,2,6
3009.ps1,1,3052,1,3051.0,3051,0,1,22,22,16,16,76,76,8,403,6,14,0,0,7,0,0,0,1,0,1,78,0,0,0,0,0,0,0,0,0,0,0,0,0,0,0,0,0,0,0,0,0,0,0,0,0,0,0,0,0,0,0,0,0,0,0,0,0,0,0,0,0,0,0,0,0,0,0,1,0,0,0,0,0,0,0,0,0,0,0,0,0,0,0,0,0,0,0,0,0,0,0,8,1,1,7,79,0,1,6,5,6
3024.ps1,1,2977,1,2976.0,2976,0,3,25,25,24,24,73,73,11,381,11,10,0,0,7,0,0,0,0,0,2,73,0,0,0,0,0,0,0,0,0,0,0,0,0,0,0,0,0,0,0,0,0,0,0,0,0,0,0,0,0,0,0,0,0,0,0,0,0,0,0,0,0,0,0,0,0,0,0,1,0,0,0,0,0,0,0,0,0,0,0,0,0,0,0,0,0,0,0,0,0,0,0,9,1,3,8,76,0,2,13,1,7
3046.ps1,1,2835,1,2834.0,2834,0,2,23,23,20,20,51,51,11,368,7,10,0,0,7,0,0,0,0,0,2,52,0,0,0,0,0,0,0,0,0,0,0,0,0,0,0,0,0,0,0,0,0,0,0,0,0,0,0,0,0,0,0,0,0,0,0,0,0,0,0,0,0,0,0,0,0,0,0,1,0,0,0,0,0,0,0,0,0,0,0,0,0,0,0,0,0,0,0,0,0,0,0,5,1,3,6,55,0,2,9,1,5
3028.ps1,1,3023,1,3022.0,3022,0,1,21,21,19,19,54,54,8,407,7,14,0,0,7,0,0,0,0,0,1,54,0,0,0,0,0,0,0,0,0,0,0,0,0,0,0,0,0,0,0,0,0,0,0,0,0,0,0,0,0,0,0,0,0,0,0,0,0,0,0,0,0,0,0,0,0,0,0,1,0,0,0,0,0,0,0,0,0,0,0,0,0,0,0,0,0,0,0,0,0,0,0,9,1,0,7,54,0,1,9,5,6
3036.ps1,1,3025,1,3024.0,3024,0,2,22,22,20,20,54,54,11,405,7,10,0,0,7,0,0,0,0,0,2,55,0,0,0,0,0,0,0,0,0,0,0,0,0,0,0,0,0,0,0,0,0,0,0,0,0,0,0,0,0,0,0,0,0,0,0,0,0,0,0,0,0,0,0,0,0,0,0,1,0,0,0,0,0,0,0,0,0,0,0,0,0,0,0,0,0,0,0,0,0,0,0,5,1,3,5,58,0,2,9,1,4
3037.ps1,1,2997,1,2996.0,2996,0,1,21,21,13,13,54,54,8,406,4,14,0,0,7,0,0,0,1,0,1,57,0,0,0,0,0,0,0,0,0,0,0,0,0,0,0,0,0,0,0,0,0,0,0,0,0,0,0,0,0,0,0,0,0,0,0,0,0,0,0,0,0,0,0,0,0,0,0,1,0,0,0,0,0,0,0,0,0,0,0,0,0,0,0,0,0,0,0,0,0,0,0,6,1,1,6,58,0,1,3,5,5
3029.ps1,1,2896,1,2895.0,2895,0,1,21,21,19,19,52,52,7,380,7,14,0,0,7,0,0,0,1,0,1,52,0,0,0,0,0,0,0,0,0,0,0,0,0,0,0,0,0,0,0,0,0,0,0,0,0,0,0,0,0,0,0,0,0,0,0,0,0,0,0,0,0,0,0,0,0,0,0,1,0,0,0,0,0,0,0,0,0,0,0,0,0,0,0,0,0,0,0,0,0,0,0,9,1,0,7,52,0,1,9,5,6
3032.ps1,1,2731,1,2730.0,2730,0,2,23,23,18,18,49,49,10,349,6,11,0,0,7,0,0,0,1,0,1,52,0,0,0,0,0,0,0,0,0,0,0,0,0,0,0,0,0,0,0,0,0,0,0,0,0,0,0,0,0,0,0,0,0,0,0,0,0,0,0,0,0,0,0,0,0,0,0,1,0,0,0,0,0,0,0,0,0,0,0,0,0,0,0,0,0,0,0,0,0,0,0,5,1,3,6,55,0,1,8,2,5
3031.ps1,1,2898,1,2897.0,2897,0,0,24,24,19,19,52,52,12,380,5,12,2,0,7,0,0,0,0,0,0,54,0,0,0,0,0,0,0,0,0,0,0,0,0,0,0,0,0,0,0,0,0,0,0,0,0,0,0,0,0,0,0,0,0,0,0,0,0,0,0,0,0,0,0,0,0,0,0,1,0,0,0,0,0,0,0,0,0,0,0,0,0,0,0,0,0,0,0,0,0,0,0,4,2,3,7,59,0,0,9,2,6
3044.ps1,1,2898,1,2897.0,2897,0,2,23,23,20,20,72,72,11,373,7,11,0,0,7,0,0,0,0,0,1,73,0,0,0,0,0,0,0,0,0,0,0,0,0,0,0,0,0,0,0,0,0,0,0,0,0,0,0,0,0,0,0,0,0,0,0,0,0,0,0,0,0,0,0,0,0,0,0,1,0,0,0,0,0,0,0,0,0,0,0,0,0,0,0,0,0,0,0,0,0,0,0,6,1,3,6,76,0,1,10,2,5
3049.ps1,1,2902,1,2901.0,2901,0,0,19,19,15,15,73,73,7,381,5,13,0,0,7,0,0,0,0,0,0,73,0,0,0,0,0,0,0,0,0,0,0,0,0,0,0,0,0,0,0,0,0,0,0,0,0,0,0,0,0,0,0,0,0,0,0,0,0,0,0,0,0,0,0,0,0,0,0,1,0,0,0,0,0,0,0,0,0,0,0,0,0,1,0,0,0,0,0,0,0,0,0,6,1,0,5,74,0,0,6,4,4
3062.ps1,1,262,1,261.0,261,0,0,6,6,1,1,25,25,5,22,0,3,0,3,0,0,0,0,0,0,0,24,0,0,0,0,0,0,0,0,0,0,0,0,0,0,0,0,0,0,0,0,0,0,0,0,0,0,0,0,0,0,0,0,0,0,0,0,0,0,0,0,0,0,0,0,0,0,0,2,0,0,0,0,0,0,0,0,0,0,0,0,0,2,0,0,0,0,0,0,0,0,0,2,1,0,4,25,0,0,1,1,3
3043.ps1,1,664,1,663.0,663,0,0,9,9,5,5,63,63,9,58,0,5,2,5,1,0,0,0,1,0,0,56,0,0,0,0,0,0,0,0,0,0,0,0,0,0,0,0,0,0,0,0,0,0,0,0,0,0,0,0,0,0,0,0,0,0,0,0,0,0,0,0,0,0,0,0,0,0,0,2,0,0,0,0,0,0,0,0,0,0,0,0,0,0,0,0,0,0,0,0,0,1,0,3,2,0,7,58,0,0,4,3,6
3048.ps1,1,3303,1,3302.0,3302,0,2,21,21,17,17,59,59,7,460,7,13,0,0,7,0,0,0,1,0,2,60,0,0,0,0,0,0,0,0,0,0,0,0,0,0,0,0,0,0,0,0,0,0,0,0,0,0,0,0,0,0,0,0,0,0,0,0,0,0,0,0,0,0,0,0,0,0,0,1,0,0,0,0,0,0,0,0,0,0,0,0,0,0,0,0,0,0,0,0,0,0,0,8,1,0,7,60,0,2,6,4,6
3051.ps1,1,2871,1,2870.0,2870,0,3,16,16,11,11,51,51,24,53,32,9,0,28,12,0,0,0,0,0,2,55,0,0,0,0,0,0,0,0,0,0,0,0,0,0,0,0,0,0,0,0,0,0,0,0,0,0,0,0,0,0,0,0,3,0,0,0,0,0,0,0,0,0,0,0,0,0,0,1,0,0,0,0,0,1,0,0,0,0,0,0,0,0,0,0,0,0,0,0,0,3,0,5,1,3,6,58,0,2,5,1,5
3060.ps1,1,1461,1,1460.0,1460,0,2,11,11,13,13,116,116,21,119,4,9,0,5,7,0,2,0,1,0,2,121,0,0,0,0,0,0,0,0,0,0,0,0,0,0,0,0,0,0,0,0,0,0,0,0,0,0,0,0,0,0,0,0,0,0,0,0,0,0,0,0,0,0,0,0,0,0,0,1,0,0,0,0,0,0,0,0,0,0,0,0,0,0,0,0,0,0,0,0,0,0,0,7,1,0,6,121,0,2,4,5,5
3059.ps1,1,2933,1,2932.0,2932,0,1,21,21,16,16,73,73,9,382,6,14,0,0,7,0,0,0,0,0,1,75,0,0,0,0,0,0,0,0,0,0,0,0,0,0,0,0,0,0,0,0,0,0,0,0,0,0,0,0,0,0,0,0,0,0,0,0,0,0,0,0,0,0,0,0,0,0,0,1,0,0,0,0,0,0,0,0,0,0,0,0,0,0,0,0,0,0,0,0,0,0,0,8,1,1,6,76,0,1,6,5,5
3053.ps1,1,1715,1,1714.0,1714,0,1,14,14,17,17,145,145,24,148,6,6,0,5,7,0,2,0,0,0,0,149,0,0,0,0,0,0,0,0,0,0,0,0,0,0,0,0,0,0,0,0,0,0,0,0,0,0,0,0,0,0,0,0,0,0,0,0,0,0,0,0,0,0,0,0,0,0,0,1,0,0,0,0,0,0,0,0,0,0,0,0,0,1,0,0,0,0,0,0,0,0,0,5,1,4,5,154,0,0,10,1,4
3069.ps1,1,2927,1,2926.0,2926,0,0,22,22,21,21,72,72,10,380,7,10,0,0,7,0,0,0,0,0,0,71,0,0,0,0,0,0,0,0,0,0,0,0,0,0,0,0,0,0,0,0,0,0,0,0,0,0,0,0,0,0,0,0,0,0,0,0,0,0,0,0,0,0,0,0,0,0,0,1,0,0,0,0,0,0,0,0,0,0,0,0,0,1,0,0,0,0,0,0,0,0,0,5,1,3,5,75,0,0,12,1,4
3054.ps1,1,2907,1,2906.0,2906,0,0,24,24,19,19,52,52,11,380,5,12,2,0,7,0,0,0,1,0,0,54,0,0,0,0,0,0,0,0,0,0,0,0,0,0,0,0,0,0,0,0,0,0,0,0,0,0,0,0,0,0,0,0,0,0,0,0,0,0,0,0,0,0,0,0,0,0,0,1,0,0,0,0,0,0,0,0,0,0,0,0,0,0,0,0,0,0,0,0,0,0,0,4,2,3,7,59,0,0,9,2,6
3096.ps1,1,2896,1,2895.0,2895,0,0,23,23,21,21,52,52,10,378,7,10,0,0,7,0,0,0,0,0,0,51,0,0,0,0,0,0,0,0,0,0,0,0,0,0,0,0,0,0,0,0,0,0,0,0,0,0,0,0,0,0,0,0,0,0,0,0,0,0,0,0,0,0,0,0,0,0,0,1,0,0,0,0,0,0,0,0,0,0,0,0,0,1,0,0,0,0,0,0,0,0,0,5,1,3,6,55,0,0,12,1,5
3073.ps1,1,2893,1,2892.0,2892,0,0,22,22,21,21,52,52,7,378,9,13,0,0,7,0,0,0,0,0,0,50,0,0,0,0,0,0,0,0,0,0,0,0,0,0,0,0,0,0,0,0,0,0,0,0,0,0,0,0,0,0,0,0,0,0,0,0,0,0,0,0,0,0,0,0,0,0,0,1,0,0,0,0,0,0,0,0,0,0,0,0,0,1,0,0,0,0,0,0,0,0,0,10,1,0,8,51,0,0,12,4,7
3052.ps1,1,575,1,574.0,574,1,0,10,10,6,6,44,44,8,48,3,6,2,3,1,0,0,0,0,0,0,48,0,0,0,0,0,0,0,0,0,0,0,0,0,0,0,0,0,0,0,0,0,0,0,0,0,0,0,0,0,0,0,0,0,0,0,0,0,0,0,0,0,0,0,0,0,0,0,1,0,0,0,0,0,0,0,0,0,0,0,0,0,0,0,0,0,0,0,0,0,0,0,6,2,0,8,50,0,0,5,4,7
3056.ps1,1,3011,1,3010.0,3010,0,0,21,21,20,20,75,75,10,383,5,11,0,0,8,0,0,0,0,0,0,75,0,0,0,0,0,0,0,0,0,0,0,0,0,0,0,0,0,0,0,0,0,0,0,0,0,0,0,0,0,0,0,0,0,0,0,0,0,0,0,0,0,0,0,0,0,0,0,1,0,0,0,0,0,0,0,0,0,0,0,0,1,0,0,0,0,0,0,0,0,0,0,3,1,3,4,79,0,0,9,1,3
3095.ps1,1,3429,1,3428.0,3428,0,3,23,23,18,18,85,85,11,474,7,10,0,0,7,0,0,0,0,0,2,87,0,0,0,0,0,0,0,0,0,0,0,0,0,0,0,0,0,0,0,0,0,0,0,0,0,0,0,0,0,0,0,0,0,0,0,0,0,0,0,0,0,0,0,0,0,0,0,1,0,0,0,0,0,0,0,0,0,0,0,0,0,0,0,0,0,0,0,0,0,0,0,5,1,3,6,90,0,2,7,1,5
3094.ps1,1,1879,1,1878.0,1878,0,2,18,18,24,24,151,151,25,152,9,9,0,5,9,0,2,0,1,0,1,152,0,0,0,0,0,0,0,0,0,0,0,0,0,0,0,0,0,0,0,0,0,0,0,0,0,0,0,0,0,0,0,0,0,0,0,0,0,0,0,0,0,0,0,0,0,0,0,1,0,0,0,0,0,0,0,0,0,0,0,0,0,0,0,0,0,0,0,0,0,0,0,9,1,4,8,156,0,1,16,2,7
3084.ps1,1,532,1,531.0,531,1,0,7,7,5,5,43,43,11,43,2,5,0,6,0,0,0,0,0,0,0,44,0,0,0,0,0,0,0,0,0,0,0,0,0,0,0,0,0,0,0,0,0,0,0,0,0,0,0,0,0,0,0,0,0,0,0,0,0,0,0,0,0,0,0,0,0,0,0,1,0,0,0,0,0,0,0,0,0,0,0,0,1,1,0,0,0,0,0,0,0,0,0,3,1,1,4,46,0,0,5,1,3
3072.ps1,1,3064,1,3063.0,3063,0,2,22,22,20,20,76,76,10,402,7,10,0,0,7,0,0,0,1,0,2,77,0,0,0,0,0,0,0,0,0,0,0,0,0,0,0,0,0,0,0,0,0,0,0,0,0,0,0,0,0,0,0,0,0,0,0,0,0,0,0,0,0,0,0,0,0,0,0,1,0,0,0,0,0,0,0,0,0,0,0,0,0,0,0,0,0,0,0,0,0,0,0,5,1,3,5,80,0,2,9,1,4
3093.ps1,1,3085,1,3084.0,3084,0,3,23,23,21,21,55,55,10,413,9,10,0,0,7,0,0,0,1,0,2,56,0,0,0,0,0,0,0,0,0,0,0,0,0,0,0,0,0,0,0,0,0,0,0,0,0,0,0,0,0,0,0,0,0,0,0,0,0,0,0,0,0,0,0,0,0,0,0,1,0,0,0,0,0,0,0,0,0,0,0,0,0,0,0,0,0,0,0,0,0,0,0,7,1,3,6,59,0,2,10,1,5
3092.ps1,1,2906,1,2905.0,2905,0,2,23,23,20,20,52,52,10,380,7,11,0,0,7,0,0,0,1,0,1,53,0,0,0,0,0,0,0,0,0,0,0,0,0,0,0,0,0,0,0,0,0,0,0,0,0,0,0,0,0,0,0,0,0,0,0,0,0,0,0,0,0,0,0,0,0,0,0,1,0,0,0,0,0,0,0,0,0,0,0,0,0,0,0,0,0,0,0,0,0,0,0,6,1,3,6,56,0,1,10,2,5
3070.ps1,1,3327,1,3326.0,3326,0,3,23,23,21,21,82,82,10,450,9,10,0,0,7,0,0,0,1,0,2,83,0,0,0,0,0,0,0,0,0,0,0,0,0,0,0,0,0,0,0,0,0,0,0,0,0,0,0,0,0,0,0,0,0,0,0,0,0,0,0,0,0,0,0,0,0,0,0,1,0,0,0,0,0,0,0,0,0,0,0,0,0,0,0,0,0,0,0,0,0,0,0,7,1,3,6,86,0,2,10,1,5
3098.ps1,1,1369,1,1368.0,1368,0,1,17,16,20,20,97,98,25,102,6,6,0,5,7,1,2,1,1,0,1,101,0,0,0,0,0,0,0,0,0,0,0,0,0,0,0,0,0,0,0,0,0,0,0,0,0,0,0,0,0,0,0,0,0,0,0,0,0,0,0,0,0,0,0,0,0,0,0,1,0,0,0,0,0,0,0,0,0,0,0,0,0,1,0,0,0,0,0,0,0,0,0,6,1,4,7,105,0,1,12,2,6
3103.ps1,1,1705,1,1704.0,1704,0,0,15,16,19,20,141,142,26,145,7,5,1,6,7,0,2,0,0,0,0,146,0,0,0,0,0,0,0,0,0,0,0,0,0,0,0,0,0,0,0,0,0,0,0,0,0,0,0,0,0,0,0,0,0,0,0,0,0,0,0,0,0,0,0,0,0,0,0,1,0,0,0,0,0,0,0,0,0,0,0,0,0,2,0,0,0,0,0,0,0,0,0,5,1,5,5,152,0,0,12,1,4
3097.ps1,1,1622,1,1621.0,1621,1,0,23,22,35,34,42,42,46,52,11,11,2,7,21,1,8,0,1,0,0,41,0,0,0,0,0,0,0,0,0,0,0,0,0,0,0,0,0,0,0,0,0,0,0,0,0,0,0,0,0,0,0,0,0,0,0,0,0,0,0,0,0,0,0,0,0,0,0,1,0,0,0,0,0,0,0,0,0,0,0,0,0,1,0,0,0,1,1,0,0,0,0,10,2,0,9,43,0,0,10,6,8
3104.ps1,1,2902,1,2901.0,2901,0,2,22,22,20,20,52,52,8,378,9,13,0,0,7,0,0,0,0,0,2,52,0,0,0,0,0,0,0,0,0,0,0,0,0,0,0,0,0,0,0,0,0,0,0,0,0,0,0,0,0,0,0,0,0,0,0,0,0,0,0,0,0,0,0,0,0,0,0,1,0,0,0,0,0,0,0,0,0,0,0,0,0,0,0,0,0,0,0,0,0,0,0,10,1,0,8,52,0,2,9,4,7
3108.ps1,1,3198,1,3197.0,3197,0,1,23,23,19,19,79,79,11,432,5,11,0,0,7,0,0,0,0,0,1,80,0,0,0,0,0,0,0,0,0,0,0,0,0,0,0,0,0,0,0,0,0,0,0,0,0,0,0,0,0,0,0,0,0,0,0,0,0,0,0,0,0,0,0,0,0,0,0,1,0,0,0,0,0,0,0,0,0,0,0,0,0,0,0,0,0,0,0,0,0,0,0,4,1,3,6,83,0,1,9,2,5
3109.ps1,1,2978,1,2977.0,2977,0,2,22,22,23,23,73,73,7,381,11,13,0,0,7,0,0,0,1,0,2,72,0,0,0,0,0,0,0,0,0,0,0,0,0,0,0,0,0,0,0,0,0,0,0,0,0,0,0,0,0,0,0,0,0,0,0,0,0,0,0,0,0,0,0,0,0,0,0,1,0,0,0,0,0,0,0,0,0,0,0,0,0,0,0,0,0,0,0,0,0,0,0,12,1,0,8,72,0,2,12,4,7
3099.ps1,1,2902,1,2901.0,2901,0,2,22,22,20,20,52,52,7,378,9,13,0,0,7,0,0,0,1,0,2,52,0,0,0,0,0,0,0,0,0,0,0,0,0,0,0,0,0,0,0,0,0,0,0,0,0,0,0,0,0,0,0,0,0,0,0,0,0,0,0,0,0,0,0,0,0,0,0,1,0,0,0,0,0,0,0,0,0,0,0,0,0,0,0,0,0,0,0,0,0,0,0,10,1,0,8,52,0,2,9,4,7
3120.ps1,1,2801,1,2800.0,2800,0,2,24,24,17,17,50,50,12,359,6,11,0,0,7,0,0,0,0,0,1,53,0,0,0,0,0,0,0,0,0,0,0,0,0,0,0,0,0,0,0,0,0,0,0,0,0,0,0,0,0,0,0,0,0,0,0,0,0,0,0,0,0,0,0,0,0,0,0,1,0,0,0,0,0,0,0,0,0,0,0,0,0,0,0,0,0,0,0,0,0,0,0,5,1,4,6,57,0,1,7,2,5
3100.ps1,1,232,1,231.0,231,1,0,7,7,1,1,14,14,4,14,0,4,0,4,0,0,0,0,0,0,0,16,0,0,0,0,0,0,0,0,0,0,0,0,0,0,0,0,0,0,0,0,0,0,0,0,0,0,0,0,0,0,0,0,0,0,0,0,0,0,0,0,0,0,0,0,0,0,0,1,0,0,0,0,0,0,0,0,0,0,0,0,1,0,0,0,0,0,0,0,0,0,0,2,1,0,5,17,0,0,1,2,4
3123.ps1,1,2762,1,2761.0,2761,0,1,21,21,16,16,50,50,10,358,5,11,0,0,7,0,0,0,0,0,0,51,0,0,0,0,0,0,0,0,0,0,0,0,0,0,0,0,0,0,0,0,0,0,0,0,0,0,0,0,0,0,0,0,0,0,0,0,0,0,0,0,0,0,0,0,0,0,0,1,0,0,0,0,0,0,0,0,0,0,0,0,1,0,0,0,0,0,0,0,0,0,0,3,1,3,4,55,0,0,7,1,3
3111.ps1,1,1512,1,1511.0,1511,0,0,12,12,15,15,120,120,22,125,4,10,2,5,7,0,2,0,1,0,0,125,0,0,0,0,0,0,0,0,0,0,0,0,0,0,0,0,0,0,0,0,0,0,0,0,0,0,0,0,0,0,0,0,0,0,0,0,0,0,0,0,0,0,0,0,0,0,0,1,0,0,0,0,0,0,0,0,0,0,0,0,0,0,0,0,0,0,0,0,0,0,0,8,2,0,7,127,0,0,7,6,6
3105.ps1,1,3569,1,3568.0,3568,0,1,16,16,15,15,87,87,20,90,37,13,0,36,12,0,0,0,1,0,1,89,0,0,0,0,0,0,0,0,0,0,0,0,0,0,0,0,0,0,0,0,0,0,0,0,0,0,0,0,0,0,0,0,0,0,0,0,0,0,0,0,0,0,0,0,0,0,0,1,1,0,0,0,0,1,0,0,0,0,0,0,0,1,0,0,0,0,0,0,0,3,0,10,1,0,9,89,0,1,10,5,8
311.ps1,1,3021,1,3020.0,3020,0,2,19,19,14,14,76,76,8,402,5,13,0,0,7,0,0,0,0,0,2,78,0,0,0,0,0,0,0,0,0,0,0,0,0,0,0,0,0,0,0,0,0,0,0,0,0,0,0,0,0,0,0,0,0,0,0,0,0,0,0,0,0,0,0,0,0,0,0,1,0,0,0,0,0,0,0,0,0,0,0,0,0,0,0,0,0,0,0,0,0,0,0,6,1,0,5,78,0,2,3,4,4
3134.ps1,1,1907,1,1906.0,1906,0,2,15,15,24,24,156,156,27,159,8,5,0,5,8,0,2,0,1,0,2,159,0,0,0,0,0,0,0,0,0,0,0,0,0,0,0,0,0,0,0,0,0,0,0,0,0,0,0,0,0,0,0,0,0,0,0,0,0,0,0,0,0,0,0,0,0,0,0,1,0,0,0,0,0,0,0,0,0,0,0,0,0,1,0,0,0,0,0,0,0,0,0,7,1,4,6,163,0,2,14,1,5
3128.ps1,1,2858,1,2857.0,2857,0,0,25,25,26,26,50,50,11,360,10,11,2,0,7,0,0,0,1,0,0,50,0,0,0,0,0,0,0,0,0,0,0,0,0,0,0,0,0,0,0,0,0,0,0,0,0,0,0,0,0,0,0,0,0,0,0,0,0,0,0,0,0,0,0,0,0,0,0,1,0,0,0,0,0,0,0,0,0,0,0,0,0,0,0,0,0,0,0,0,0,0,0,9,2,3,8,55,0,0,16,2,7
3119.ps1,1,1456,1,1455.0,1455,0,2,15,16,26,27,102,101,22,105,12,10,0,5,7,0,2,1,0,0,2,103,0,0,0,0,0,0,0,0,0,0,0,0,0,0,0,0,0,0,0,0,0,0,0,0,0,0,0,0,0,0,0,0,0,0,0,0,0,0,0,0,0,0,0,0,0,0,0,1,0,0,0,0,0,0,0,0,0,0,0,0,0,0,0,0,0,0,1,0,0,0,0,16,1,0,10,103,0,2,17,6,9
3121.ps1,1,3084,1,3083.0,3083,0,1,23,23,19,19,76,76,8,403,8,14,0,0,7,0,0,0,1,0,1,77,0,0,0,0,0,0,0,0,0,0,0,0,0,0,0,0,0,0,0,0,0,0,0,0,0,0,0,0,0,0,0,0,0,0,0,0,0,0,0,0,0,0,0,0,0,0,0,1,0,0,0,0,0,0,0,0,0,0,0,0,0,0,0,0,0,0,0,0,0,0,0,10,1,1,8,78,0,1,9,5,7
3136.ps1,1,1423,1,1422.0,1422,0,1,18,18,27,26,94,93,28,101,6,7,1,6,7,1,2,0,1,0,1,98,0,0,0,0,0,0,0,0,0,0,0,0,0,0,0,0,0,0,0,0,0,0,0,0,0,0,0,0,0,0,0,0,0,0,0,0,0,0,0,0,0,0,0,0,0,0,0,1,0,0,0,0,0,0,0,0,0,0,0,0,0,1,0,0,0,0,0,0,0,0,0,6,1,6,6,104,0,1,18,2,5
314.ps1,1,2752,1,2751.0,2751,0,1,21,21,14,14,50,50,7,359,4,14,0,0,7,0,0,0,1,0,1,53,0,0,0,0,0,0,0,0,0,0,0,0,0,0,0,0,0,0,0,0,0,0,0,0,0,0,0,0,0,0,0,0,0,0,0,0,0,0,0,0,0,0,0,0,0,0,0,1,0,0,0,0,0,0,0,0,0,0,0,0,0,0,0,0,0,0,0,0,0,0,0,6,1,0,7,53,0,1,4,5,6
3137.ps1,1,1567,1,1566.0,1566,0,2,18,17,25,26,117,116,27,120,8,6,0,5,7,0,2,1,1,0,2,120,0,0,0,0,0,0,0,0,0,0,0,0,0,0,0,0,0,0,0,0,0,0,0,0,0,0,0,0,0,0,0,0,0,0,0,0,0,0,0,0,0,0,0,0,0,0,0,1,0,0,0,0,0,0,0,0,0,0,0,0,0,0,0,0,0,0,0,0,0,0,0,7,1,5,7,125,0,2,16,1,6
3129.ps1,1,2997,1,2996.0,2996,0,0,21,21,15,15,75,75,9,385,3,15,2,0,8,0,0,0,0,0,0,78,0,0,0,0,0,0,0,0,0,0,0,0,0,0,0,0,0,0,0,0,0,0,0,0,0,0,0,0,0,0,0,0,0,0,0,0,0,0,0,0,0,0,0,0,0,0,0,1,0,0,0,0,0,0,0,0,0,0,0,0,0,0,0,0,0,0,0,0,0,0,0,5,2,0,7,80,0,0,3,5,6
3133.ps1,1,3041,1,3040.0,3040,0,2,20,20,17,17,76,76,8,402,7,13,0,0,7,0,0,0,0,0,2,77,0,0,0,0,0,0,0,0,0,0,0,0,0,0,0,0,0,0,0,0,0,0,0,0,0,0,0,0,0,0,0,0,0,0,0,0,0,0,0,0,0,0,0,0,0,0,0,1,0,0,0,0,0,0,0,0,0,0,0,0,0,0,0,0,0,0,0,0,0,0,0,8,1,0,6,77,0,2,6,4,5
3146.ps1,1,3069,1,3068.0,3068,0,2,21,21,20,20,76,76,7,402,9,13,0,0,7,0,0,0,1,0,2,76,0,0,0,0,0,0,0,0,0,0,0,0,0,0,0,0,0,0,0,0,0,0,0,0,0,0,0,0,0,0,0,0,0,0,0,0,0,0,0,0,0,0,0,0,0,0,0,1,0,0,0,0,0,0,0,0,0,0,0,0,0,0,0,0,0,0,0,0,0,0,0,10,1,0,7,76,0,2,9,4,6
3141.ps1,1,3062,1,3061.0,3061,0,1,20,20,16,16,55,55,8,416,5,14,0,0,7,0,0,0,0,0,1,56,0,0,0,0,0,0,0,0,0,0,0,0,0,0,0,0,0,0,0,0,0,0,0,0,0,0,0,0,0,0,0,0,0,0,0,0,0,0,0,0,0,0,0,0,0,0,0,1,0,0,0,0,0,0,0,0,0,0,0,0,0,0,0,0,0,0,0,0,0,0,0,7,1,0,6,56,0,1,6,5,5
3143.ps1,1,1696,1,1695.0,1695,0,1,11,11,9,9,129,129,18,133,5,15,0,2,11,0,0,0,1,0,1,130,0,0,0,0,0,0,0,0,0,0,0,0,0,0,0,0,0,0,0,0,0,0,0,0,0,0,0,0,0,0,0,0,0,0,0,0,0,0,0,0,0,0,0,0,0,0,0,1,0,0,0,0,0,0,0,0,0,0,0,0,0,0,0,0,0,0,0,0,0,0,0,7,1,0,6,130,0,1,6,5,5
3153.ps1,1,2902,1,2901.0,2901,0,1,22,22,19,19,52,52,7,380,7,14,0,0,7,0,0,0,1,0,1,52,0,0,0,0,0,0,0,0,0,0,0,0,0,0,0,0,0,0,0,0,0,0,0,0,0,0,0,0,0,0,0,0,0,0,0,0,0,0,0,0,0,0,0,0,0,0,0,1,0,0,0,0,0,0,0,0,0,0,0,0,0,0,0,0,0,0,0,0,0,0,0,9,1,0,8,52,0,1,9,5,7
3157.ps1,1,3041,1,3040.0,3040,0,1,20,20,16,16,76,76,8,404,5,14,0,0,7,0,0,0,0,0,1,77,0,0,0,0,0,0,0,0,0,0,0,0,0,0,0,0,0,0,0,0,0,0,0,0,0,0,0,0,0,0,0,0,0,0,0,0,0,0,0,0,0,0,0,0,0,0,0,1,0,0,0,0,0,0,0,0,0,0,0,0,0,0,0,0,0,0,0,0,0,0,0,7,1,0,6,77,0,1,6,5,5
3156.ps1,1,3068,1,3067.0,3067,0,1,24,24,17,17,55,55,11,412,5,12,2,0,7,0,0,0,1,0,0,58,0,0,0,0,0,0,0,0,0,0,0,0,0,0,0,0,0,0,0,0,0,0,0,0,0,0,0,0,0,0,0,0,0,0,0,0,0,0,0,0,0,0,0,0,0,0,0,1,0,0,0,0,0,0,0,0,0,0,0,0,0,0,0,0,0,0,0,0,0,0,0,4,2,3,7,63,0,0,7,2,6
3154.ps1,1,3501,1,3500.0,3500,0,2,22,22,20,20,87,87,8,484,9,13,0,0,7,0,0,0,0,0,2,87,0,0,0,0,0,0,0,0,0,0,0,0,0,0,0,0,0,0,0,0,0,0,0,0,0,0,0,0,0,0,0,0,0,0,0,0,0,0,0,0,0,0,0,0,0,0,0,1,0,0,0,0,0,0,0,0,0,0,0,0,0,0,0,0,0,0,0,0,0,0,0,10,1,0,8,87,0,2,9,4,7
316.ps1,1,3054,1,3053.0,3053,0,1,24,24,17,17,76,76,11,404,5,11,2,0,7,0,0,0,1,0,0,79,0,0,0,0,0,0,0,0,0,0,0,0,0,0,0,0,0,0,0,0,0,0,0,0,0,0,0,0,0,0,0,0,0,0,0,0,0,0,0,0,0,0,0,0,0,0,0,1,0,0,0,0,0,0,0,0,0,0,0,0,0,0,0,0,0,0,0,0,0,0,0,4,2,3,7,84,0,0,7,2,6
3159.ps1,1,3501,1,3500.0,3500,0,1,24,24,22,22,86,86,10,481,9,11,0,0,7,0,0,0,0,0,0,85,0,0,0,0,0,0,0,0,0,0,0,0,0,0,0,0,0,0,0,0,0,0,0,0,0,0,0,0,0,0,0,0,0,0,0,0,0,0,0,0,0,0,0,0,0,0,0,1,0,0,0,0,0,0,0,0,0,0,0,0,1,0,0,0,0,0,0,0,0,0,0,7,1,3,7,89,0,0,13,1,6
3178.ps1,1,3051,1,3050.0,3050,0,2,22,22,17,17,55,55,11,413,5,10,0,0,7,0,0,0,0,0,2,57,0,0,0,0,0,0,0,0,0,0,0,0,0,0,0,0,0,0,0,0,0,0,0,0,0,0,0,0,0,0,0,0,0,0,0,0,0,0,0,0,0,0,0,0,0,0,0,1,0,0,0,0,0,0,0,0,0,0,0,0,0,0,0,0,0,0,0,0,0,0,0,3,1,3,5,60,0,2,6,1,4
3138.ps1,1,1573,1,1572.0,1572,0,0,13,13,20,19,119,120,23,123,7,10,1,5,9,1,3,0,0,0,0,122,0,0,0,0,0,0,0,0,0,0,0,0,0,0,0,0,0,0,0,0,0,0,0,0,0,0,0,0,0,0,0,0,0,0,0,0,0,0,0,0,0,0,0,0,0,0,0,1,0,0,0,0,0,0,0,0,0,0,0,0,0,2,0,0,0,0,0,0,0,0,0,10,1,0,7,123,0,0,11,6,6
3152.ps1,1,3140,1,3139.0,3139,0,0,21,21,18,18,57,57,7,430,7,13,0,0,7,0,0,0,0,0,0,56,0,0,0,0,0,0,0,0,0,0,0,0,0,0,0,0,0,0,0,0,0,0,0,0,0,0,0,0,0,0,0,0,0,0,0,0,0,0,0,0,0,0,0,0,0,0,0,1,0,0,0,0,0,0,0,0,0,0,0,0,0,1,0,0,0,0,0,0,0,0,0,8,1,0,7,57,0,0,9,4,6
3164.ps1,1,1420,1,1419.0,1419,0,2,14,14,23,23,91,91,23,93,10,10,0,5,8,0,2,0,0,0,2,92,0,0,0,0,0,0,0,0,0,0,0,0,0,0,0,0,0,0,0,0,0,0,0,0,0,0,0,0,0,0,0,0,0,0,0,0,0,0,0,0,0,0,0,0,0,0,0,1,0,0,0,0,0,0,0,0,0,0,0,0,0,1,0,0,0,0,0,0,0,0,0,13,1,0,9,92,0,2,13,5,8
318.ps1,1,2933,1,2932.0,2932,0,1,24,24,23,23,52,52,10,379,8,11,0,0,7,0,0,0,1,0,1,53,0,0,0,0,0,0,0,0,0,0,0,0,0,0,0,0,0,0,0,0,0,0,0,0,0,0,0,0,0,0,0,0,0,0,0,0,0,0,0,0,0,0,0,0,0,0,0,1,0,0,0,0,0,0,0,0,0,0,0,0,0,0,0,0,0,0,0,0,0,0,0,7,1,3,7,56,0,1,13,2,6
3174.ps1,1,3068,1,3067.0,3067,0,2,22,22,20,20,76,76,7,402,9,13,0,0,7,0,0,0,1,0,2,76,0,0,0,0,0,0,0,0,0,0,0,0,0,0,0,0,0,0,0,0,0,0,0,0,0,0,0,0,0,0,0,0,0,0,0,0,0,0,0,0,0,0,0,0,0,0,0,1,0,0,0,0,0,0,0,0,0,0,0,0,0,0,0,0,0,0,0,0,0,0,0,10,1,0,8,76,0,2,9,4,7
3197.ps1,1,2944,1,2943.0,2943,0,2,22,22,20,20,73,73,8,381,9,13,0,0,7,0,0,0,0,0,2,73,0,0,0,0,0,0,0,0,0,0,0,0,0,0,0,0,0,0,0,0,0,0,0,0,0,0,0,0,0,0,0,0,0,0,0,0,0,0,0,0,0,0,0,0,0,0,0,1,0,0,0,0,0,0,0,0,0,0,0,0,0,0,0,0,0,0,0,0,0,0,0,10,1,0,8,73,0,2,9,4,7
3184.ps1,1,2901,1,2900.0,2900,0,2,16,16,15,15,51,51,24,53,32,9,0,18,13,0,0,0,0,0,2,53,0,0,0,0,0,0,0,0,0,0,0,0,0,0,0,0,0,0,0,0,0,0,0,0,0,0,0,0,0,0,0,0,1,0,0,0,0,0,0,0,0,0,0,0,0,0,0,1,1,0,0,0,0,1,0,0,0,0,0,0,0,1,0,0,0,0,0,0,0,4,0,5,1,3,6,56,0,2,9,1,5
3182.ps1,1,1909,1,1908.0,1908,0,0,16,16,19,20,150,150,31,154,5,7,2,6,10,0,2,0,1,0,0,155,0,0,0,0,0,0,0,0,0,0,0,0,0,0,0,0,0,0,0,0,0,0,0,0,0,0,0,0,0,0,0,0,0,0,0,0,0,0,0,0,0,0,0,0,0,0,0,1,0,0,0,0,0,0,0,0,0,0,0,0,0,1,0,0,0,0,0,0,0,0,0,4,2,4,6,161,0,0,9,2,5
3195.ps1,1,4082,1,4081.0,4081,0,0,20,20,15,15,102,102,10,606,3,11,0,0,7,0,0,0,0,0,0,103,0,0,0,0,0,0,0,0,0,0,0,0,0,0,0,0,0,0,0,0,0,0,0,0,0,0,0,0,0,0,0,0,9,0,0,0,0,0,0,0,0,0,0,0,0,0,0,1,0,0,0,0,0,0,0,0,0,0,0,0,1,0,0,0,0,0,0,0,0,0,0,1,1,3,3,107,0,0,6,1,2
3186.ps1,1,3096,1,3095.0,3095,0,2,25,25,20,20,76,76,11,403,8,11,0,0,7,0,0,0,1,0,1,78,0,0,0,0,0,0,0,0,0,0,0,0,0,0,0,0,0,0,0,0,0,0,0,0,0,0,0,0,0,0,0,0,0,0,0,0,0,0,0,0,0,0,0,0,0,0,0,1,0,0,0,0,0,0,0,0,0,0,0,0,0,0,0,0,0,0,0,0,0,0,0,7,1,4,7,82,0,1,10,2,6
3183.ps1,1,1347,1,1346.0,1346,0,2,13,13,23,23,85,85,23,88,10,9,0,5,8,0,2,0,1,0,2,87,0,0,0,0,0,0,0,0,0,0,0,0,0,0,0,0,0,0,0,0,0,0,0,0,0,0,0,0,0,0,0,0,0,0,0,0,0,0,0,0,0,0,0,0,0,0,0,1,0,0,0,0,0,0,0,0,0,0,0,0,0,1,0,0,0,0,0,0,0,1,0,13,1,0,8,87,0,2,13,5,7
3193.ps1,1,3237,1,3236.0,3236,0,1,25,25,23,23,79,79,10,431,8,11,0,0,7,0,0,0,1,0,1,80,0,0,0,0,0,0,0,0,0,0,0,0,0,0,0,0,0,0,0,0,0,0,0,0,0,0,0,0,0,0,0,0,0,0,0,0,0,0,0,0,0,0,0,0,0,0,0,1,0,0,0,0,0,0,0,0,0,0,0,0,0,0,0,0,0,0,0,0,0,0,0,7,1,3,8,83,0,1,13,2,7
3200.ps1,1,3055,1,3054.0,3054,0,1,22,22,19,19,76,76,10,402,7,11,0,0,7,0,0,0,0,0,0,76,0,0,0,0,0,0,0,0,0,0,0,0,0,0,0,0,0,0,0,0,0,0,0,0,0,0,0,0,0,0,0,0,0,0,0,0,0,0,0,0,0,0,0,0,0,0,0,1,0,0,0,0,0,0,0,0,0,0,0,0,1,0,0,0,0,0,0,0,0,0,0,5,1,3,5,80,0,0,10,1,4
3205.ps1,1,1465,1,1464.0,1464,1,1,12,11,17,16,112,112,22,118,4,12,1,5,7,0,3,1,0,0,1,117,0,0,0,0,0,0,0,0,0,0,0,0,0,0,0,0,0,0,0,0,0,0,0,0,0,0,0,0,0,0,0,0,0,0,0,0,0,0,0,0,0,0,0,0,0,0,0,1,0,0,0,0,0,0,0,0,0,0,0,0,0,1,0,0,0,0,0,0,0,0,0,9,1,0,6,117,0,1,8,7,5
3185.ps1,1,1522,1,1521.0,1521,0,0,17,16,22,23,106,106,22,109,8,14,3,5,9,1,3,0,2,0,0,107,0,0,0,0,0,0,0,0,0,0,0,0,0,0,0,0,0,0,0,0,0,0,0,0,0,0,0,0,0,0,0,0,0,0,0,0,0,0,0,0,0,0,0,0,0,0,0,1,0,0,0,0,0,0,0,0,0,0,0,0,0,1,0,0,0,0,0,0,0,1,0,13,2,0,10,109,0,0,14,7,9
3199.ps1,1,2882,1,2881.0,2881,0,3,22,22,18,18,52,52,11,378,7,10,0,0,7,0,0,0,0,0,2,54,0,0,0,0,0,0,0,0,0,0,0,0,0,0,0,0,0,0,0,0,0,0,0,0,0,0,0,0,0,0,0,0,0,0,0,0,0,0,0,0,0,0,0,0,0,0,0,1,0,0,0,0,0,0,0,0,0,0,0,0,0,0,0,0,0,0,0,0,0,0,0,5,1,3,5,57,0,2,7,1,4
3196.ps1,1,2963,1,2962.0,2962,0,0,19,19,12,12,54,54,7,405,3,14,0,0,7,0,0,0,0,0,0,55,0,0,0,0,0,0,0,0,0,0,0,0,0,0,0,0,0,0,0,0,0,0,0,0,0,0,0,0,0,0,0,0,0,0,0,0,0,0,0,0,0,0,0,0,0,0,0,1,0,0,0,0,0,0,0,0,0,0,0,0,1,0,0,0,0,0,0,0,0,0,0,4,1,0,5,56,0,0,3,4,4
3203.ps1,1,1884,1,1883.0,1883,1,1,19,19,25,25,147,147,29,152,9,6,1,6,8,0,3,1,1,1,1,153,0,0,0,0,0,0,0,0,0,0,0,0,0,0,0,0,0,0,0,0,0,0,0,0,0,0,0,0,0,0,0,0,0,0,0,0,0,0,0,0,0,0,0,0,0,0,0,1,0,0,0,0,0,0,0,0,0,0,0,0,0,1,0,0,0,0,0,0,0,0,0,9,1,6,8,159,0,1,15,2,7
3211.ps1,1,2788,1,2787.0,2787,0,3,23,23,21,21,50,50,11,358,9,10,0,0,7,0,0,0,0,0,2,51,0,0,0,0,0,0,0,0,0,0,0,0,0,0,0,0,0,0,0,0,0,0,0,0,0,0,0,0,0,0,0,0,0,0,0,0,0,0,0,0,0,0,0,0,0,0,0,1,0,0,0,0,0,0,0,0,0,0,0,0,0,0,0,0,0,0,0,0,0,0,0,7,1,3,6,54,0,2,10,1,5
3210.ps1,1,1220,1,1219.0,1219,1,3,15,15,21,21,76,76,25,79,8,5,0,5,7,0,2,0,1,0,2,80,0,0,0,0,0,0,0,0,0,0,0,0,0,0,0,0,0,0,0,0,0,0,0,0,0,0,0,0,0,0,0,0,0,0,0,0,0,0,0,0,0,0,0,0,0,0,0,1,0,0,0,0,0,0,0,0,0,0,0,0,0,1,0,0,0,0,0,0,0,0,0,7,1,4,6,84,0,2,12,1,5
3219.ps1,1,1519,1,1518.0,1518,0,2,13,12,16,16,121,121,23,124,6,9,1,5,7,0,2,0,1,0,2,125,0,0,0,0,0,0,0,0,0,0,0,0,0,0,0,0,0,0,0,0,0,0,0,0,0,0,0,0,0,0,0,0,0,0,0,0,0,0,0,0,0,0,0,0,0,0,0,1,0,0,0,0,0,0,0,0,0,0,0,0,0,1,0,0,0,0,0,0,0,0,0,9,1,0,7,125,0,2,7,5,6
3202.ps1,1,1625,1,1624.0,1624,0,2,12,12,19,19,131,131,22,134,8,9,0,5,7,0,2,0,0,0,2,134,0,0,0,0,0,0,0,0,0,0,0,0,0,0,0,0,0,0,0,0,0,0,0,0,0,0,0,0,0,0,0,0,0,0,0,0,0,0,0,0,0,0,0,0,0,0,0,1,0,0,0,0,0,0,0,0,0,0,0,0,0,1,0,0,0,0,0,0,0,0,0,11,1,0,7,134,0,2,10,5,6
3221.ps1,1,1457,1,1456.0,1456,1,1,19,18,28,28,91,91,29,96,9,6,0,5,8,0,3,0,2,0,1,96,0,0,0,0,0,0,0,0,0,0,0,0,0,0,0,0,0,0,0,0,0,0,0,0,0,0,0,0,0,0,0,0,0,0,0,0,0,0,0,0,0,0,0,0,0,0,0,1,0,0,0,0,0,0,0,0,0,0,0,0,0,0,0,0,0,0,0,1,0,0,0,9,1,5,8,101,0,1,18,2,7
3228.ps1,1,3503,1,3502.0,3502,0,1,25,25,25,25,85,85,11,474,10,11,0,0,7,0,0,0,1,0,1,85,0,0,0,0,0,0,0,0,0,0,0,0,0,0,0,0,0,0,0,0,0,0,0,0,0,0,0,0,0,0,0,0,0,0,0,0,0,0,0,0,0,0,0,0,0,0,0,1,0,0,0,0,0,0,0,0,0,0,0,0,0,0,0,0,0,0,0,0,0,0,0,9,1,4,7,89,0,1,15,2,6
3232.ps1,1,1445,1,1444.0,1444,0,1,14,14,22,22,101,101,22,106,9,11,0,5,7,1,3,1,2,0,1,105,0,0,0,0,0,0,0,0,0,0,0,0,0,0,0,0,0,0,0,0,0,0,0,0,0,0,0,0,0,0,0,0,0,0,0,0,0,0,0,0,0,0,0,0,0,0,0,1,0,0,0,0,0,0,0,0,0,0,0,0,0,1,0,0,0,0,0,1,0,1,0,14,1,1,8,106,0,1,14,7,7
3223.ps1,1,1538,1,1537.0,1537,0,2,14,15,23,22,118,117,21,120,11,9,1,5,7,1,3,0,2,0,2,119,0,0,0,0,0,0,0,0,0,0,0,0,0,0,0,0,0,0,0,0,0,0,0,0,0,0,0,0,0,0,0,0,0,0,0,0,0,0,0,0,0,0,0,0,0,0,0,1,0,0,0,0,0,0,0,0,0,0,0,0,0,0,0,0,0,1,1,0,0,1,0,13,1,0,9,119,0,2,13,5,8
3217.ps1,1,3094,1,3093.0,3093,0,1,22,22,22,22,76,76,8,404,9,14,0,0,7,0,0,0,0,0,1,75,0,0,0,0,0,0,0,0,0,0,0,0,0,0,0,0,0,0,0,0,0,0,0,0,0,0,0,0,0,0,0,0,0,0,0,0,0,0,0,0,0,0,0,0,0,0,0,1,0,0,0,0,0,0,0,0,0,0,0,0,0,0,0,0,0,0,0,0,0,0,0,11,1,0,8,75,0,1,12,5,7
3225.ps1,1,2982,1,2981.0,2981,0,2,25,25,20,20,73,73,11,382,8,11,0,0,7,0,0,0,1,0,1,75,0,0,0,0,0,0,0,0,0,0,0,0,0,0,0,0,0,0,0,0,0,0,0,0,0,0,0,0,0,0,0,0,0,0,0,0,0,0,0,0,0,0,0,0,0,0,0,1,0,0,0,0,0,0,0,0,0,0,0,0,0,0,0,0,0,0,0,0,0,0,0,7,1,4,7,79,0,1,10,2,6
3230.ps1,1,2970,1,2969.0,2969,0,2,22,22,23,23,73,73,7,381,11,13,0,0,7,0,0,0,1,0,2,72,0,0,0,0,0,0,0,0,0,0,0,0,0,0,0,0,0,0,0,0,0,0,0,0,0,0,0,0,0,0,0,0,0,0,0,0,0,0,0,0,0,0,0,0,0,0,0,1,0,0,0,0,0,0,0,0,0,0,0,0,0,0,0,0,0,0,0,0,0,0,0,12,1,0,8,72,0,2,12,4,7
3220.ps1,1,1377,1,1376.0,1376,0,1,12,12,19,18,100,100,21,106,6,11,1,5,7,1,2,0,1,0,1,103,0,0,0,0,0,0,0,0,0,0,0,0,0,0,0,0,0,0,0,0,0,0,0,0,0,0,0,0,0,0,0,0,0,0,0,0,0,0,0,0,0,0,0,0,0,0,0,1,0,0,0,0,0,0,0,0,0,0,0,0,0,1,0,0,0,0,0,0,0,0,0,10,1,0,7,103,0,1,10,6,6
3235.ps1,1,2836,1,2835.0,2835,0,0,13,13,10,10,51,51,20,53,30,13,0,24,11,0,0,0,0,0,0,52,0,0,0,0,0,0,0,0,0,0,0,0,0,0,0,0,0,0,0,0,0,0,0,0,0,0,0,0,0,0,0,0,0,0,0,0,0,0,0,0,0,0,0,0,0,0,0,1,0,0,0,0,0,1,0,0,0,0,0,0,1,1,0,0,0,0,0,0,0,4,0,6,1,0,6,53,0,0,6,4,5
3240.ps1,1,2895,1,2894.0,2894,0,1,22,22,17,17,52,52,8,379,6,14,0,0,7,0,0,0,0,0,1,54,0,0,0,0,0,0,0,0,0,0,0,0,0,0,0,0,0,0,0,0,0,0,0,0,0,0,0,0,0,0,0,0,0,0,0,0,0,0,0,0,0,0,0,0,0,0,0,1,0,0,0,0,0,0,0,0,0,0,0,0,0,0,0,0,0,0,0,0,0,0,0,8,1,0,8,54,0,1,7,5,7
3236.ps1,1,1507,1,1506.0,1506,0,2,18,18,27,27,107,107,25,111,11,6,0,5,7,0,2,0,1,0,1,110,0,0,0,0,0,0,0,0,0,0,0,0,0,0,0,0,0,0,0,0,0,0,0,0,0,0,0,0,0,0,0,0,0,0,0,0,0,0,0,0,0,0,0,0,0,0,0,1,0,0,0,0,0,0,0,0,0,0,0,0,0,1,0,0,0,0,0,0,0,1,0,11,1,4,9,114,0,1,19,2,8
3233.ps1,1,1437,1,1436.0,1436,0,1,18,18,19,19,97,96,27,101,7,8,2,5,9,0,3,0,2,0,0,101,0,0,0,0,0,0,0,0,0,0,0,0,0,0,0,0,0,0,0,0,0,0,0,0,0,0,0,0,0,0,0,0,0,0,0,0,0,0,0,0,0,0,0,0,0,0,0,1,0,0,0,0,0,0,0,0,0,0,0,0,0,0,0,0,0,0,0,1,0,0,0,6,2,4,8,107,0,0,10,2,7
3247.ps1,1,3332,1,3331.0,3331,0,2,21,21,17,17,83,83,7,456,7,13,0,0,7,0,0,0,1,0,2,84,0,0,0,0,0,0,0,0,0,0,0,0,0,0,0,0,0,0,0,0,0,0,0,0,0,0,0,0,0,0,0,0,0,0,0,0,0,0,0,0,0,0,0,0,0,0,0,1,0,0,0,0,0,0,0,0,0,0,0,0,0,0,0,0,0,0,0,0,0,0,0,8,1,0,7,84,0,2,6,4,6
324.ps1,1,3186,1,3185.0,3185,0,1,22,22,19,19,78,78,9,423,8,14,0,0,7,0,0,0,0,0,1,79,0,0,0,0,0,0,0,0,0,0,0,0,0,0,0,0,0,0,0,0,0,0,0,0,0,0,0,0,0,0,0,0,0,0,0,0,0,0,0,0,0,0,0,0,0,0,0,1,0,0,0,0,0,0,0,0,0,0,0,0,0,0,0,0,0,0,0,0,0,0,0,10,1,1,7,80,0,1,9,5,6
3245.ps1,1,2961,1,2960.0,2960,0,2,22,22,20,20,73,73,8,381,9,13,0,0,7,0,0,0,0,0,2,73,0,0,0,0,0,0,0,0,0,0,0,0,0,0,0,0,0,0,0,0,0,0,0,0,0,0,0,0,0,0,0,0,0,0,0,0,0,0,0,0,0,0,0,0,0,0,0,1,0,0,0,0,0,0,0,0,0,0,0,0,0,0,0,0,0,0,0,0,0,0,0,10,1,0,8,73,0,2,9,4,7
3251.ps1,1,3059,1,3058.0,3058,0,1,21,21,17,17,76,76,8,403,6,14,0,0,7,0,0,0,0,0,1,78,0,0,0,0,0,0,0,0,0,0,0,0,0,0,0,0,0,0,0,0,0,0,0,0,0,0,0,0,0,0,0,0,0,0,0,0,0,0,0,0,0,0,0,0,0,0,0,1,0,0,0,0,0,0,0,0,0,0,0,0,0,0,0,0,0,0,0,0,0,0,0,8,1,0,7,78,0,1,7,5,6
3253.ps1,1,632,1,631.0,631,0,1,13,13,11,11,40,40,12,43,4,5,0,6,0,0,0,0,1,0,1,42,0,0,0,0,0,0,0,0,0,0,0,0,0,0,0,0,0,0,0,0,0,0,0,0,0,0,0,0,0,0,0,0,0,0,0,0,0,0,0,0,0,0,0,0,0,0,0,1,0,0,0,0,0,0,0,0,0,0,0,0,0,1,0,0,0,0,0,0,0,0,0,6,1,2,7,44,0,1,10,2,6
3257.ps1,1,1578,1,1577.0,1577,0,0,12,12,8,8,46,46,12,47,2,24,10,12,8,0,0,0,0,0,0,42,0,0,0,0,0,0,0,0,0,0,0,0,0,0,0,0,0,0,0,0,0,0,0,0,0,0,0,0,0,0,0,0,0,0,0,0,0,0,0,0,0,0,0,0,1,0,0,1,0,0,0,0,0,0,0,0,0,0,0,0,0,4,0,0,0,0,0,0,0,0,0,8,2,0,7,44,0,0,7,6,6
3248.ps1,1,3056,1,3055.0,3055,0,0,20,20,18,18,76,76,7,402,7,14,0,0,7,0,0,0,0,0,0,75,0,0,0,0,0,0,0,0,0,0,0,0,0,0,0,0,0,0,0,0,0,0,0,0,0,0,0,0,0,0,0,0,0,0,0,0,0,0,0,0,0,0,0,0,0,0,0,1,0,0,0,0,0,0,0,0,0,0,0,0,1,0,0,0,0,0,0,0,0,0,0,8,1,0,6,76,0,0,9,4,5
3258.ps1,1,2933,1,2932.0,2932,0,2,24,24,26,26,52,52,11,378,11,10,0,0,7,0,0,0,0,0,2,51,0,0,0,0,0,0,0,0,0,0,0,0,0,0,0,0,0,0,0,0,0,0,0,0,0,0,0,0,0,0,0,0,0,0,0,0,0,0,0,0,0,0,0,0,0,0,0,1,0,0,0,0,0,0,0,0,0,0,0,0,0,0,0,0,0,0,0,0,0,0,0,9,1,3,7,54,0,2,15,1,6
3262.ps1,1,347,1,346.0,346,1,0,5,5,1,1,31,31,7,25,0,5,0,3,0,0,0,0,0,0,0,26,0,0,0,0,0,0,0,0,0,0,0,0,0,0,0,0,0,0,0,0,0,0,0,0,0,0,0,0,0,0,0,0,0,0,0,0,0,0,0,0,0,0,0,0,0,0,0,2,0,0,0,0,0,0,0,0,0,0,0,0,1,0,0,0,0,0,0,0,0,0,0,2,1,0,4,27,0,0,1,1,3
3242.ps1,1,2891,1,2890.0,2890,0,2,14,14,15,15,51,51,20,53,34,12,0,25,11,0,0,0,1,0,2,52,0,0,0,0,0,0,0,0,0,0,0,0,0,0,0,0,0,0,0,0,0,0,0,0,0,0,0,0,0,0,0,0,1,0,0,0,0,0,0,0,0,0,0,0,0,0,0,1,0,0,0,0,0,0,0,0,0,0,0,0,0,1,0,0,0,0,0,0,0,3,0,10,1,0,7,52,0,2,9,4,6
3254.ps1,1,2813,1,2812.0,2812,0,1,23,23,20,20,50,50,8,359,8,14,0,0,7,0,0,0,0,0,1,51,0,0,0,0,0,0,0,0,0,0,0,0,0,0,0,0,0,0,0,0,0,0,0,0,0,0,0,0,0,0,0,0,0,0,0,0,0,0,0,0,0,0,0,0,0,0,0,1,0,0,0,0,0,0,0,0,0,0,0,0,0,0,0,0,0,0,0,0,0,0,0,10,1,0,9,51,0,1,10,5,8
3252.ps1,1,3051,1,3050.0,3050,0,3,22,22,18,18,76,76,10,402,7,10,0,0,7,0,0,0,1,0,2,78,0,0,0,0,0,0,0,0,0,0,0,0,0,0,0,0,0,0,0,0,0,0,0,0,0,0,0,0,0,0,0,0,0,0,0,0,0,0,0,0,0,0,0,0,0,0,0,1,0,0,0,0,0,0,0,0,0,0,0,0,0,0,0,0,0,0,0,0,0,0,0,5,1,3,5,81,0,2,7,1,4
3264.ps1,1,3254,1,3253.0,3253,0,3,25,25,24,24,80,80,10,430,11,10,0,0,7,0,0,0,1,0,2,80,0,0,0,0,0,0,0,0,0,0,0,0,0,0,0,0,0,0,0,0,0,0,0,0,0,0,0,0,0,0,0,0,0,0,0,0,0,0,0,0,0,0,0,0,0,0,0,1,0,0,0,0,0,0,0,0,0,0,0,0,0,0,0,0,0,0,0,0,0,0,0,9,1,3,8,83,0,2,13,1,7
3269.ps1,1,2917,1,2916.0,2916,0,1,23,23,19,19,72,72,12,372,6,11,0,0,7,0,0,0,0,0,1,74,0,0,0,0,0,0,0,0,0,0,0,0,0,0,0,0,0,0,0,0,0,0,0,0,0,0,0,0,0,0,0,0,0,0,0,0,0,0,0,0,0,0,0,0,0,0,0,1,0,0,0,0,0,0,0,0,0,0,0,0,0,0,0,0,0,0,0,0,0,0,0,5,1,4,5,78,0,1,9,2,4
3273.ps1,1,2895,1,2894.0,2894,0,1,22,22,16,16,52,52,9,379,6,14,0,0,7,0,0,0,0,0,1,54,0,0,0,0,0,0,0,0,0,0,0,0,0,0,0,0,0,0,0,0,0,0,0,0,0,0,0,0,0,0,0,0,0,0,0,0,0,0,0,0,0,0,0,0,0,0,0,1,0,0,0,0,0,0,0,0,0,0,0,0,0,0,0,0,0,0,0,0,0,0,0,8,1,1,7,55,0,1,6,5,6
3255.ps1,1,2919,1,2918.0,2918,0,1,23,23,20,20,52,52,7,379,8,14,0,0,7,0,0,0,1,0,1,53,0,0,0,0,0,0,0,0,0,0,0,0,0,0,0,0,0,0,0,0,0,0,0,0,0,0,0,0,0,0,0,0,0,0,0,0,0,0,0,0,0,0,0,0,0,0,0,1,0,0,0,0,0,0,0,0,0,0,0,0,0,0,0,0,0,0,0,0,0,0,0,10,1,0,9,53,0,1,10,5,8
3275.ps1,1,3059,1,3058.0,3058,0,1,22,22,19,19,75,75,10,403,5,11,0,0,7,0,0,0,1,0,1,76,0,0,0,0,0,0,0,0,0,0,0,0,0,0,0,0,0,0,0,0,0,0,0,0,0,0,0,0,0,0,0,0,0,0,0,0,0,0,0,0,0,0,0,0,0,0,0,1,0,0,0,0,0,0,0,0,0,0,0,0,0,0,0,0,0,0,0,0,0,0,0,4,1,3,5,79,0,1,9,2,4
3270.ps1,1,1401,1,1400.0,1400,0,2,12,12,21,21,91,91,22,95,8,11,1,5,8,0,2,1,2,0,2,95,0,0,0,0,0,0,0,0,0,0,0,0,0,0,0,0,0,0,0,0,0,0,0,0,0,0,0,0,0,0,0,0,0,0,0,0,0,0,0,0,0,0,0,0,0,0,0,1,0,0,0,0,0,0,0,0,0,0,0,0,0,0,0,0,0,0,0,0,0,1,0,12,1,0,7,95,0,2,11,6,6
3280.ps1,1,1209,1,1208.0,1208,0,1,14,14,17,17,77,77,25,81,3,6,0,5,7,0,2,0,1,0,1,83,0,0,0,0,0,0,0,0,0,0,0,0,0,0,0,0,0,0,0,0,0,0,0,0,0,0,0,0,0,0,0,0,0,0,0,0,0,0,0,0,0,0,0,0,0,0,0,1,0,0,0,0,0,0,0,0,0,0,0,0,0,1,0,0,0,0,0,0,0,0,0,3,1,4,5,87,0,1,9,2,4
3284.ps1,1,3074,1,3073.0,3073,0,1,22,22,19,19,76,76,7,404,7,14,0,0,7,0,0,0,1,0,1,76,0,0,0,0,0,0,0,0,0,0,0,0,0,0,0,0,0,0,0,0,0,0,0,0,0,0,0,0,0,0,0,0,0,0,0,0,0,0,0,0,0,0,0,0,0,0,0,1,0,0,0,0,0,0,0,0,0,0,0,0,0,0,0,0,0,0,0,0,0,0,0,9,1,0,8,76,0,1,9,5,7
3289.ps1,1,2832,1,2831.0,2831,0,2,25,25,24,24,50,50,10,359,10,11,0,0,7,0,0,0,1,0,1,51,0,0,0,0,0,0,0,0,0,0,0,0,0,0,0,0,0,0,0,0,0,0,0,0,0,0,0,0,0,0,0,0,0,0,0,0,0,0,0,0,0,0,0,0,0,0,0,1,0,0,0,0,0,0,0,0,0,0,0,0,0,0,0,0,0,0,0,0,0,0,0,9,1,3,8,54,0,1,14,2,7
3283.ps1,1,3048,1,3047.0,3047,0,0,22,22,16,16,76,76,9,404,5,14,2,0,7,0,0,0,0,0,0,78,0,0,0,0,0,0,0,0,0,0,0,0,0,0,0,0,0,0,0,0,0,0,0,0,0,0,0,0,0,0,0,0,0,0,0,0,0,0,0,0,0,0,0,0,0,0,0,1,0,0,0,0,0,0,0,0,0,0,0,0,0,0,0,0,0,0,0,0,0,0,0,7,2,0,8,80,0,0,6,5,7
3287.ps1,1,2958,1,2957.0,2957,0,2,22,22,20,20,73,73,7,381,9,13,0,0,7,0,0,0,1,0,2,73,0,0,0,0,0,0,0,0,0,0,0,0,0,0,0,0,0,0,0,0,0,0,0,0,0,0,0,0,0,0,0,0,0,0,0,0,0,0,0,0,0,0,0,0,0,0,0,1,0,0,0,0,0,0,0,0,0,0,0,0,0,0,0,0,0,0,0,0,0,0,0,10,1,0,8,73,0,2,9,4,7
3288.ps1,1,1275,1,1274.0,1274,1,2,14,13,23,23,83,82,22,85,11,9,1,5,7,0,2,0,0,0,2,84,0,0,0,0,0,0,0,0,0,0,0,0,0,0,0,0,0,0,0,0,0,0,0,0,0,0,0,0,0,0,0,0,0,0,0,0,0,0,0,0,0,0,0,0,0,0,0,1,0,0,0,0,0,0,0,0,0,0,0,0,0,1,0,0,0,0,0,0,0,0,0,13,1,0,8,84,0,2,13,5,7
3294.ps1,1,2879,1,2878.0,2878,0,0,22,22,16,16,51,51,8,379,5,14,2,0,7,0,0,0,1,0,0,53,0,0,0,0,0,0,0,0,0,0,0,0,0,0,0,0,0,0,0,0,0,0,0,0,0,0,0,0,0,0,0,0,0,0,0,0,0,0,0,0,0,0,0,0,0,0,0,1,0,0,0,0,0,0,0,0,0,0,0,0,0,0,0,0,0,0,0,0,0,0,0,7,2,0,8,55,0,0,6,5,7
3278.ps1,1,470,1,469.0,469,0,1,10,10,4,4,43,43,4,38,4,4,0,3,1,0,0,0,1,0,1,40,0,0,0,0,0,0,0,0,0,0,0,0,0,0,0,0,0,0,0,0,0,0,0,0,0,0,0,0,0,0,0,0,0,0,0,0,0,0,0,0,0,0,0,0,0,0,0,2,0,0,0,0,0,0,0,0,0,0,0,0,0,0,0,0,0,0,0,0,0,0,0,4,1,0,6,40,0,1,3,3,5
3276.ps1,1,3043,1,3042.0,3042,0,2,20,20,17,17,76,76,7,402,7,13,0,0,7,0,0,0,1,0,2,77,0,0,0,0,0,0,0,0,0,0,0,0,0,0,0,0,0,0,0,0,0,0,0,0,0,0,0,0,0,0,0,0,0,0,0,0,0,0,0,0,0,0,0,0,0,0,0,1,0,0,0,0,0,0,0,0,0,0,0,0,0,0,0,0,0,0,0,0,0,0,0,8,1,0,6,77,0,2,6,4,5
3265.ps1,1,1483,1,1482.0,1482,1,0,14,14,22,22,107,107,27,110,6,5,0,5,8,0,2,0,0,0,0,109,0,0,0,0,0,0,0,0,0,0,0,0,0,0,0,0,0,0,0,0,0,0,0,0,0,0,0,0,0,0,0,0,0,0,0,0,0,0,0,0,0,0,0,0,0,0,0,1,0,0,0,0,0,0,0,0,0,0,0,0,0,2,0,0,0,0,0,0,0,0,0,5,1,4,5,114,0,0,14,1,4
3297.ps1,1,2877,1,2876.0,2876,0,0,23,23,21,21,52,52,10,378,7,10,0,0,7,0,0,0,0,0,0,51,0,0,0,0,0,0,0,0,0,0,0,0,0,0,0,0,0,0,0,0,0,0,0,0,0,0,0,0,0,0,0,0,0,0,0,0,0,0,0,0,0,0,0,0,0,0,0,1,0,0,0,0,0,0,0,0,0,0,0,0,0,1,0,0,0,0,0,0,0,0,0,5,1,3,6,55,0,0,12,1,5
3298.ps1,1,3178,1,3177.0,3177,0,2,25,25,24,24,58,58,12,356,10,21,0,0,12,0,0,0,3,0,2,57,0,0,0,0,0,0,0,0,0,0,0,0,0,0,0,0,0,0,0,0,0,0,0,0,0,0,0,0,0,0,0,0,0,0,0,0,0,0,0,0,0,0,0,0,0,0,0,1,0,0,0,0,0,0,0,0,0,0,0,0,0,2,0,0,0,0,0,0,0,0,0,11,1,0,8,57,0,2,10,5,7
3300.ps1,1,1677,1,1676.0,1676,0,0,14,14,25,25,119,119,25,125,9,13,2,6,8,1,2,0,0,0,0,123,0,0,0,0,0,0,0,0,0,0,0,0,0,0,0,0,0,0,0,0,0,0,0,0,0,0,0,0,0,0,0,0,0,0,0,0,0,0,0,0,0,0,0,0,0,0,0,1,0,0,0,0,0,0,0,0,0,0,0,0,0,1,0,0,0,0,0,1,0,0,0,14,2,0,9,125,0,0,15,8,8
3299.ps1,1,3098,1,3097.0,3097,0,0,24,24,22,22,76,76,11,404,7,11,2,0,7,0,0,0,1,0,0,77,0,0,0,0,0,0,0,0,0,0,0,0,0,0,0,0,0,0,0,0,0,0,0,0,0,0,0,0,0,0,0,0,0,0,0,0,0,0,0,0,0,0,0,0,0,0,0,1,0,0,0,0,0,0,0,0,0,0,0,0,0,0,0,0,0,0,0,0,0,0,0,6,2,3,7,82,0,0,12,2,6
3302.ps1,1,2241,1,2240.0,2240,0,2,18,18,25,25,189,189,27,188,10,8,0,5,10,0,2,0,1,0,2,188,0,0,0,0,0,0,0,0,0,0,0,0,0,0,0,0,0,0,0,0,0,0,0,0,0,0,0,0,0,0,0,0,0,0,0,0,0,0,0,0,0,0,0,0,0,0,0,1,0,0,0,0,0,0,0,0,0,0,0,0,0,1,0,0,0,0,0,0,0,0,0,9,1,4,8,192,0,2,15,1,7
3296.ps1,1,6999,1,6999.0,6999,0,1,63,63,17,17,130,130,227,157,7,73,0,6,89,0,0,0,1,0,1,127,0,0,0,0,0,1,0,0,0,0,0,0,0,0,0,0,0,0,0,0,0,0,0,0,0,1,0,0,0,0,0,0,0,0,0,0,0,0,0,0,0,0,0,0,0,0,0,5,0,0,0,0,0,0,0,0,0,0,0,0,0,0,0,0,0,0,0,0,0,40,0,10,1,1,6,128,0,1,8,7,5
3305.ps1,1,1529,1,1528.0,1528,1,0,10,10,15,15,118,118,23,121,4,10,0,5,8,0,2,0,0,0,0,121,0,0,0,0,0,0,0,0,0,0,0,0,0,0,0,0,0,0,0,0,0,0,0,0,0,0,0,0,0,0,0,0,0,0,0,0,0,0,0,0,0,0,0,0,0,0,0,1,0,0,0,0,0,0,0,0,0,0,0,0,1,1,0,0,0,0,0,0,0,0,0,7,1,0,5,122,0,0,7,5,4
3303.ps1,1,2874,1,2873.0,2873,0,2,20,20,17,17,52,52,7,378,7,13,0,0,7,0,0,0,1,0,2,53,0,0,0,0,0,0,0,0,0,0,0,0,0,0,0,0,0,0,0,0,0,0,0,0,0,0,0,0,0,0,0,0,0,0,0,0,0,0,0,0,0,0,0,0,0,0,0,1,0,0,0,0,0,0,0,0,0,0,0,0,0,0,0,0,0,0,0,0,0,0,0,8,1,0,6,53,0,2,6,4,5
3307.ps1,1,1593,1,1592.0,1592,1,1,16,16,23,23,122,122,26,126,7,6,0,5,7,0,2,0,0,0,1,126,0,0,0,0,0,0,0,0,0,0,0,0,0,0,0,0,0,0,0,0,0,0,0,0,0,0,0,0,0,0,0,0,0,0,0,0,0,0,0,0,0,0,0,0,0,0,0,1,0,0,0,0,0,0,0,0,0,0,0,0,0,1,0,0,0,0,0,0,0,0,0,7,1,4,7,130,0,1,15,2,6
3310.ps1,1,3196,1,3195.0,3195,0,2,22,22,20,20,79,79,7,430,9,13,0,0,7,0,0,0,1,0,2,79,0,0,0,0,0,0,0,0,0,0,0,0,0,0,0,0,0,0,0,0,0,0,0,0,0,0,0,0,0,0,0,0,0,0,0,0,0,0,0,0,0,0,0,0,0,0,0,1,0,0,0,0,0,0,0,0,0,0,0,0,0,0,0,0,0,0,0,0,0,0,0,10,1,0,8,79,0,2,9,4,7
3314.ps1,1,3079,1,3078.0,3078,0,0,16,16,14,14,75,75,22,79,30,13,2,34,11,0,0,0,0,0,0,77,0,0,0,0,0,0,0,0,0,0,0,0,0,0,0,0,0,0,0,0,0,0,0,0,0,0,0,0,0,0,0,0,1,0,0,0,0,0,0,0,0,0,0,0,0,0,0,1,0,0,0,0,0,1,0,0,0,0,0,0,0,1,0,0,0,0,0,0,0,4,0,9,2,0,9,79,0,0,9,5,8
3313.ps1,1,2947,1,2946.0,2946,0,0,21,21,16,16,73,73,9,383,5,15,2,0,7,0,0,0,0,0,0,75,0,0,0,0,0,0,0,0,0,0,0,0,0,0,0,0,0,0,0,0,0,0,0,0,0,0,0,0,0,0,0,0,0,0,0,0,0,0,0,0,0,0,0,0,0,0,0,1,0,0,0,0,0,0,0,0,0,0,0,0,0,0,0,0,0,0,0,0,0,0,0,7,2,0,7,77,0,0,6,5,6
3326.ps1,1,3079,1,3078.0,3078,0,3,24,24,21,21,76,76,10,402,9,10,0,0,7,0,0,0,1,0,2,77,0,0,0,0,0,0,0,0,0,0,0,0,0,0,0,0,0,0,0,0,0,0,0,0,0,0,0,0,0,0,0,0,0,0,0,0,0,0,0,0,0,0,0,0,0,0,0,1,0,0,0,0,0,0,0,0,0,0,0,0,0,0,0,0,0,0,0,0,0,0,0,7,1,3,7,80,0,2,10,1,6
3320.ps1,1,1274,1,1273.0,1273,0,2,11,11,14,13,92,92,23,95,5,9,1,6,7,0,2,0,0,0,2,97,0,0,0,0,0,0,0,0,0,0,0,0,0,0,0,0,0,0,0,0,0,0,0,0,0,0,0,0,0,0,0,0,0,0,0,0,0,0,0,0,0,0,0,0,0,0,0,1,0,0,0,0,0,0,0,0,0,0,0,0,0,1,0,0,0,0,0,0,0,0,0,7,1,0,6,97,0,2,4,5,5
3317.ps1,1,3034,1,3033.0,3033,0,2,21,21,17,17,76,76,8,402,7,13,0,0,7,0,0,0,0,0,2,77,0,0,0,0,0,0,0,0,0,0,0,0,0,0,0,0,0,0,0,0,0,0,0,0,0,0,0,0,0,0,0,0,0,0,0,0,0,0,0,0,0,0,0,0,0,0,0,1,0,0,0,0,0,0,0,0,0,0,0,0,0,0,0,0,0,0,0,0,0,0,0,8,1,0,7,77,0,2,6,4,6
3321.ps1,1,3400,1,3399.0,3399,0,0,24,24,25,25,85,85,12,392,10,17,0,0,11,0,0,0,2,0,0,82,0,0,0,0,0,0,0,0,0,0,0,0,0,0,0,0,0,0,0,0,0,0,0,0,0,0,0,0,0,0,0,0,2,0,0,0,0,0,0,0,0,0,0,0,0,0,0,1,0,0,0,0,0,0,0,0,0,0,0,0,1,2,1,0,0,0,0,0,0,0,0,11,1,0,7,83,0,0,13,5,6
3333.ps1,1,1422,1,1421.0,1421,1,1,15,15,23,23,91,91,23,95,9,10,0,5,8,0,2,0,1,0,1,94,0,0,0,0,0,0,0,0,0,0,0,0,0,0,0,0,0,0,0,0,0,0,0,0,0,0,0,0,0,0,0,0,0,0,0,0,0,0,0,0,0,0,0,0,0,0,0,1,0,0,0,0,0,0,0,0,0,0,0,0,0,1,0,0,0,0,0,0,0,1,0,13,1,0,10,94,0,1,14,6,9
3340.ps1,1,2861,1,2860.0,2860,0,0,19,19,15,15,52,52,7,378,5,14,0,0,7,0,0,0,0,0,0,52,0,0,0,0,0,0,0,0,0,0,0,0,0,0,0,0,0,0,0,0,0,0,0,0,0,0,0,0,0,0,0,0,0,0,0,0,0,0,0,0,0,0,0,0,0,0,0,1,0,0,0,0,0,0,0,0,0,0,0,0,1,0,0,0,0,0,0,0,0,0,0,6,1,0,5,53,0,0,6,4,4
3329.ps1,1,394,1,393.0,393,0,3,9,9,8,8,29,29,8,29,5,3,1,0,1,0,0,0,1,0,2,32,0,0,0,0,0,0,0,0,0,0,0,0,0,0,0,0,0,0,0,0,0,0,0,0,0,0,0,0,0,0,0,0,0,0,0,0,0,0,0,0,0,0,0,0,0,0,0,1,0,0,0,0,0,0,0,0,0,0,0,0,0,0,0,0,0,0,0,0,0,0,0,5,1,2,5,34,0,2,5,1,4
3336.ps1,1,3350,1,3349.0,3349,0,2,21,21,14,14,61,61,10,474,3,11,0,0,7,0,0,0,1,0,1,64,0,0,0,0,0,0,0,0,0,0,0,0,0,0,0,0,0,0,0,0,0,0,0,0,0,0,0,0,0,0,0,0,0,0,0,0,0,0,0,0,0,0,0,0,0,0,0,1,0,0,0,0,0,0,0,0,0,0,0,0,0,0,0,0,0,0,0,0,0,0,0,2,1,3,4,67,0,1,4,2,3
3323.ps1,1,3993,1,3992.0,3992,0,1,19,19,13,13,100,100,7,590,3,14,0,0,7,0,0,0,1,0,1,102,0,0,0,0,0,0,0,0,0,0,0,0,0,0,0,0,0,0,0,0,0,0,0,0,0,0,0,0,0,0,0,0,0,0,0,0,0,0,0,0,0,0,0,0,0,0,0,1,0,0,0,0,0,0,0,0,0,0,0,0,0,0,0,0,0,0,0,0,0,0,0,5,1,0,5,102,0,1,3,5,4
3328.ps1,1,1593,1,1593.0,1593,0,2,14,14,14,14,110,110,6,112,6,22,0,0,1,0,0,0,1,1,2,114,0,0,0,0,0,0,0,0,0,0,0,0,0,0,0,0,0,0,0,0,0,0,0,1,0,0,0,0,0,0,0,0,0,0,0,0,0,0,0,0,0,0,0,0,0,0,0,1,0,0,0,0,0,0,0,0,0,0,0,0,0,0,0,0,0,0,0,0,0,0,0,7,1,5,7,119,0,2,12,1,6
3342.ps1,1,1954,1,1953.0,1953,0,2,18,18,26,26,157,157,28,161,10,6,0,5,8,0,2,0,0,0,1,161,0,0,0,0,0,0,0,0,0,0,0,0,0,0,0,0,0,0,0,0,0,0,0,0,0,0,0,0,0,0,0,0,0,0,0,0,0,0,0,0,0,0,0,0,0,0,0,1,0,0,0,0,0,0,0,0,0,0,0,0,0,1,0,0,0,0,0,0,0,0,0,10,1,4,9,165,0,1,17,2,8
335.ps1,1,3079,1,3078.0,3078,0,0,22,22,19,19,76,76,9,404,7,15,2,0,7,0,0,0,0,0,0,77,0,0,0,0,0,0,0,0,0,0,0,0,0,0,0,0,0,0,0,0,0,0,0,0,0,0,0,0,0,0,0,0,0,0,0,0,0,0,0,0,0,0,0,0,0,0,0,1,0,0,0,0,0,0,0,0,0,0,0,0,0,0,0,0,0,0,0,0,0,0,0,9,2,0,8,79,0,0,9,5,7
3334.ps1,1,3080,1,3079.0,3079,0,1,22,22,19,19,76,76,8,403,8,14,0,0,7,0,0,0,1,0,1,77,0,0,0,0,0,0,0,0,0,0,0,0,0,0,0,0,0,0,0,0,0,0,0,0,0,0,0,0,0,0,0,0,0,0,0,0,0,0,0,0,0,0,0,0,0,0,0,1,0,0,0,0,0,0,0,0,0,0,0,0,0,0,0,0,0,0,0,0,0,0,0,10,1,1,7,78,0,1,9,5,6
3341.ps1,1,1987,1,1986.0,1986,0,0,16,15,20,20,163,163,28,162,6,9,0,5,11,0,3,0,0,0,0,161,0,0,0,0,0,0,0,0,0,0,0,0,0,0,0,0,0,0,0,0,0,0,0,0,0,0,0,0,0,0,0,0,0,0,0,0,0,0,0,0,0,0,0,0,0,0,0,1,0,0,0,0,0,0,0,0,0,0,0,0,1,0,0,0,0,0,0,0,0,0,0,5,1,4,5,166,0,0,12,1,4
3344.ps1,1,3165,1,3164.0,3164,0,0,20,20,13,13,79,79,8,432,3,15,2,0,7,0,0,0,1,0,0,82,0,0,0,0,0,0,0,0,0,0,0,0,0,0,0,0,0,0,0,0,0,0,0,0,0,0,0,0,0,0,0,0,0,0,0,0,0,0,0,0,0,0,0,0,0,0,0,1,0,0,0,0,0,0,0,0,0,0,0,0,0,0,0,0,0,0,0,0,0,0,0,5,2,0,6,84,0,0,3,5,5
3350.ps1,1,3006,1,3005.0,3005,0,3,22,22,18,18,54,54,10,405,7,10,0,0,7,0,0,0,1,0,2,56,0,0,0,0,0,0,0,0,0,0,0,0,0,0,0,0,0,0,0,0,0,0,0,0,0,0,0,0,0,0,0,0,0,0,0,0,0,0,0,0,0,0,0,0,0,0,0,1,0,0,0,0,0,0,0,0,0,0,0,0,0,0,0,0,0,0,0,0,0,0,0,5,1,3,5,59,0,2,7,1,4
3347.ps1,1,2783,1,2782.0,2782,0,3,23,23,18,18,50,50,10,358,7,10,0,0,7,0,0,0,1,0,2,52,0,0,0,0,0,0,0,0,0,0,0,0,0,0,0,0,0,0,0,0,0,0,0,0,0,0,0,0,0,0,0,0,0,0,0,0,0,0,0,0,0,0,0,0,0,0,0,1,0,0,0,0,0,0,0,0,0,0,0,0,0,0,0,0,0,0,0,0,0,0,0,5,1,3,6,55,0,2,7,1,5
3351.ps1,1,1594,1,1593.0,1593,0,1,14,14,19,19,126,126,22,130,7,10,0,5,7,0,2,0,0,0,1,130,0,0,0,0,0,0,0,0,0,0,0,0,0,0,0,0,0,0,0,0,0,0,0,0,0,0,0,0,0,0,0,0,0,0,0,0,0,0,0,0,0,0,0,0,0,0,0,1,0,0,0,0,0,0,0,0,0,0,0,0,0,0,0,0,0,0,0,0,0,0,0,11,1,0,9,130,0,1,11,6,8
3346.ps1,1,3336,1,3335.0,3335,0,1,24,24,23,23,84,84,13,393,8,17,0,0,11,0,0,0,2,0,1,83,0,0,0,0,0,0,0,0,0,0,0,0,0,0,0,0,0,0,0,0,0,0,0,0,0,0,0,0,0,0,0,0,0,0,0,0,0,0,0,0,0,0,0,0,0,0,0,1,0,0,0,0,0,0,0,0,0,0,0,0,0,2,0,0,0,0,0,0,0,0,0,10,1,0,7,83,0,1,10,6,6
3363.ps1,1,2905,1,2904.0,2904,0,1,22,22,19,19,52,52,8,380,7,14,0,0,7,0,0,0,0,0,1,52,0,0,0,0,0,0,0,0,0,0,0,0,0,0,0,0,0,0,0,0,0,0,0,0,0,0,0,0,0,0,0,0,0,0,0,0,0,0,0,0,0,0,0,0,0,0,0,1,0,0,0,0,0,0,0,0,0,0,0,0,0,0,0,0,0,0,0,0,0,0,0,9,1,0,8,52,0,1,9,5,7
3360.ps1,1,2360,1,2360.0,2360,0,1,5,5,3,3,258,258,9,212,0,14,1,8,0,0,0,0,0,0,1,212,0,0,0,0,0,0,0,0,0,0,0,0,0,0,0,0,0,0,0,0,0,0,0,0,0,0,0,0,0,0,0,0,0,0,0,0,0,0,0,0,0,0,0,0,0,0,0,2,0,0,0,0,0,0,0,0,0,0,0,0,0,0,0,0,0,0,0,0,0,0,0,3,1,0,6,212,0,1,2,3,5
3357.ps1,1,3055,1,3054.0,3054,0,3,16,16,14,14,75,75,23,77,43,9,0,32,13,0,0,0,1,0,2,78,0,0,0,0,0,0,0,0,0,0,0,0,0,0,0,0,0,0,0,0,0,0,0,0,0,0,0,0,0,0,0,0,2,0,0,0,0,0,0,0,0,0,0,0,0,0,0,1,0,0,0,0,0,1,0,0,0,0,0,0,0,1,0,0,0,0,0,0,0,3,0,7,1,3,6,81,0,2,8,1,5
3353.ps1,1,3061,1,3060.0,3060,0,0,22,22,19,19,75,75,9,403,7,14,2,0,7,0,0,0,0,0,0,76,0,0,0,0,0,0,0,0,0,0,0,0,0,0,0,0,0,0,0,0,0,0,0,0,0,0,0,0,0,0,0,0,0,0,0,0,0,0,0,0,0,0,0,0,0,0,0,1,0,0,0,0,0,0,0,0,0,0,0,0,0,0,0,0,0,0,0,0,0,0,0,9,2,0,8,78,0,0,9,5,7
3365.ps1,1,1291,1,1290.0,1290,0,0,17,17,24,23,82,82,27,87,8,6,2,6,7,0,2,0,0,0,0,86,0,0,0,0,0,0,0,0,0,0,0,0,0,0,0,0,0,0,0,0,0,0,0,0,0,0,0,0,0,0,0,0,0,0,0,0,0,0,0,0,0,0,0,0,0,0,0,1,0,0,0,0,0,0,0,0,0,0,0,0,0,1,0,0,0,0,0,0,0,1,0,8,2,4,8,92,0,0,15,2,7
3358.ps1,1,3070,1,3069.0,3069,0,2,21,21,20,20,76,76,7,402,9,13,0,0,7,0,0,0,1,0,2,76,0,0,0,0,0,0,0,0,0,0,0,0,0,0,0,0,0,0,0,0,0,0,0,0,0,0,0,0,0,0,0,0,0,0,0,0,0,0,0,0,0,0,0,0,0,0,0,1,0,0,0,0,0,0,0,0,0,0,0,0,0,0,0,0,0,0,0,0,0,0,0,10,1,0,7,76,0,2,9,4,6
3369.ps1,1,1483,1,1482.0,1482,1,2,17,17,25,25,102,102,28,105,10,5,0,5,8,0,2,0,0,0,2,105,0,0,0,0,0,0,0,0,0,0,0,0,0,0,0,0,0,0,0,0,0,0,0,0,0,0,0,0,0,0,0,0,0,0,0,0,0,0,0,0,0,0,0,0,0,0,0,1,0,0,0,0,0,0,0,0,0,0,0,0,0,0,0,0,0,0,0,0,0,0,0,9,1,4,8,109,0,2,15,1,7
3352.ps1,1,2820,1,2819.0,2819,0,2,25,25,20,20,49,49,11,358,8,11,0,0,7,0,0,0,1,0,1,51,0,0,0,0,0,0,0,0,0,0,0,0,0,0,0,0,0,0,0,0,0,0,0,0,0,0,0,0,0,0,0,0,0,0,0,0,0,0,0,0,0,0,0,0,0,0,0,1,0,0,0,0,0,0,0,0,0,0,0,0,0,0,0,0,0,0,0,0,0,0,0,7,1,4,7,55,0,1,10,2,6
3368.ps1,1,2837,1,2836.0,2836,0,1,12,12,8,8,49,49,7,54,40,7,0,35,1,0,0,0,1,0,1,52,0,0,0,0,0,0,0,0,0,0,0,0,0,0,0,0,0,0,0,0,0,0,0,0,0,0,0,0,0,0,0,0,2,0,0,0,0,0,0,0,0,0,0,0,0,0,0,1,1,0,0,0,0,1,0,0,0,0,0,0,0,1,0,0,0,0,0,0,0,3,0,6,1,0,7,52,0,1,5,4,6
3375.ps1,1,3053,1,3052.0,3052,0,3,23,23,18,18,76,76,11,402,7,10,0,0,7,0,0,0,0,0,2,78,0,0,0,0,0,0,0,0,0,0,0,0,0,0,0,0,0,0,0,0,0,0,0,0,0,0,0,0,0,0,0,0,0,0,0,0,0,0,0,0,0,0,0,0,0,0,0,1,0,0,0,0,0,0,0,0,0,0,0,0,0,0,0,0,0,0,0,0,0,0,0,5,1,3,6,81,0,2,7,1,5
339.ps1,1,354,1,353.0,353,0,1,7,7,2,2,29,29,9,24,1,5,0,3,0,0,0,0,0,0,1,26,0,0,0,0,0,0,0,0,0,0,0,0,0,0,0,0,0,0,0,0,0,0,0,0,0,0,0,0,0,0,0,0,0,0,0,0,0,0,0,0,0,0,0,0,0,0,0,2,0,0,0,0,0,0,0,0,0,0,0,0,0,0,0,0,0,1,1,0,0,0,0,4,1,1,5,27,0,1,1,2,4
3382.ps1,1,3034,1,3033.0,3033,0,2,20,20,17,17,76,76,8,402,7,13,0,0,7,0,0,0,0,0,2,77,0,0,0,0,0,0,0,0,0,0,0,0,0,0,0,0,0,0,0,0,0,0,0,0,0,0,0,0,0,0,0,0,0,0,0,0,0,0,0,0,0,0,0,0,0,0,0,1,0,0,0,0,0,0,0,0,0,0,0,0,0,0,0,0,0,0,0,0,0,0,0,8,1,0,6,77,0,2,6,4,5
3371.ps1,1,2780,1,2779.0,2779,0,0,22,22,16,16,50,50,9,360,5,14,2,0,7,0,0,0,0,0,0,52,0,0,0,0,0,0,0,0,0,0,0,0,0,0,0,0,0,0,0,0,0,0,0,0,0,0,0,0,0,0,0,0,0,0,0,0,0,0,0,0,0,0,0,0,0,0,0,1,0,0,0,0,0,0,0,0,0,0,0,0,0,0,0,0,0,0,0,0,0,0,0,7,2,0,8,54,0,0,6,5,7
3376.ps1,1,2878,1,2877.0,2877,0,1,21,21,16,16,52,52,8,380,5,14,0,0,7,0,0,0,0,0,1,53,0,0,0,0,0,0,0,0,0,0,0,0,0,0,0,0,0,0,0,0,0,0,0,0,0,0,0,0,0,0,0,0,0,0,0,0,0,0,0,0,0,0,0,0,0,0,0,1,0,0,0,0,0,0,0,0,0,0,0,0,0,0,0,0,0,0,0,0,0,0,0,7,1,0,7,53,0,1,6,5,6
3373.ps1,1,3128,1,3127.0,3127,0,0,24,24,19,19,56,56,11,422,5,11,2,0,7,0,0,0,1,0,0,58,0,0,0,0,0,0,0,0,0,0,0,0,0,0,0,0,0,0,0,0,0,0,0,0,0,0,0,0,0,0,0,0,0,0,0,0,0,0,0,0,0,0,0,0,0,0,0,1,0,0,0,0,0,0,0,0,0,0,0,0,0,0,0,0,0,0,0,0,0,0,0,4,2,3,7,63,0,0,9,2,6
3377.ps1,1,1725,1,1724.0,1724,0,2,18,19,24,25,137,136,26,141,10,5,1,6,8,1,2,1,1,0,2,141,0,0,0,0,0,0,0,0,0,0,0,0,0,0,0,0,0,0,0,0,0,0,0,0,0,0,0,0,0,0,0,0,0,0,0,0,0,0,0,0,0,0,0,0,0,0,0,1,0,0,0,0,0,0,0,0,0,0,0,0,0,1,0,0,0,0,0,0,0,0,0,9,1,5,8,146,0,2,15,1,7
3384.ps1,1,3661,1,3660.0,3660,0,0,26,26,25,25,90,90,12,466,9,18,2,0,8,0,0,0,1,0,0,91,0,0,0,0,0,0,0,0,0,0,0,0,0,0,0,0,0,0,0,0,0,0,0,0,0,0,0,0,0,0,0,0,0,0,0,0,0,0,0,0,0,0,0,0,0,0,0,1,0,0,1,0,0,0,0,0,0,0,0,0,0,2,0,0,0,0,0,0,0,0,0,13,2,0,9,93,0,0,14,7,8
3372.ps1,1,2955,1,2954.0,2954,0,1,22,22,16,16,73,73,8,382,6,14,0,0,7,0,0,0,1,0,1,75,0,0,0,0,0,0,0,0,0,0,0,0,0,0,0,0,0,0,0,0,0,0,0,0,0,0,0,0,0,0,0,0,0,0,0,0,0,0,0,0,0,0,0,0,0,0,0,1,0,0,0,0,0,0,0,0,0,0,0,0,0,0,0,0,0,0,0,0,0,0,0,8,1,1,7,76,0,1,6,5,6
3401.ps1,1,2775,1,2774.0,2774,0,3,23,23,21,21,50,50,10,355,9,10,0,0,7,0,0,0,1,0,2,51,0,0,0,0,0,0,0,0,0,0,0,0,0,0,0,0,0,0,0,0,0,0,0,0,0,0,0,0,0,0,0,0,0,0,0,0,0,0,0,0,0,0,0,0,0,0,0,1,0,0,0,0,0,0,0,0,0,0,0,0,0,0,0,0,0,0,0,0,0,0,0,7,1,3,6,54,0,2,10,1,5
3404.ps1,1,561,1,560.0,560,1,2,8,8,3,3,40,40,15,37,2,8,0,12,0,0,0,0,0,0,2,40,0,0,0,0,0,0,0,0,0,0,0,0,0,0,0,0,0,0,0,0,0,0,0,0,0,0,0,0,0,0,0,0,0,0,0,0,0,0,0,0,0,0,0,0,0,0,0,2,0,0,0,0,0,0,0,0,0,0,0,0,0,1,0,0,0,0,0,0,0,1,0,4,1,0,6,40,0,2,1,1,5
3406.ps1,1,2894,1,2893.0,2893,0,1,21,21,16,16,52,52,9,379,6,14,0,0,7,0,0,0,0,0,1,54,0,0,0,0,0,0,0,0,0,0,0,0,0,0,0,0,0,0,0,0,0,0,0,0,0,0,0,0,0,0,0,0,0,0,0,0,0,0,0,0,0,0,0,0,0,0,0,1,0,0,0,0,0,0,0,0,0,0,0,0,0,0,0,0,0,0,0,0,0,0,0,8,1,1,6,55,0,1,6,5,5
3402.ps1,1,3016,1,3015.0,3015,0,1,22,22,19,19,75,75,7,394,7,14,0,0,7,0,0,0,1,0,1,75,0,0,0,0,0,0,0,0,0,0,0,0,0,0,0,0,0,0,0,0,0,0,0,0,0,0,0,0,0,0,0,0,0,0,0,0,0,0,0,0,0,0,0,0,0,0,0,1,0,0,0,0,0,0,0,0,0,0,0,0,0,0,0,0,0,0,0,0,0,0,0,9,1,0,8,75,0,1,9,5,7
3393.ps1,1,2963,1,2962.0,2962,0,0,19,19,16,16,74,74,7,391,6,13,0,0,7,0,0,0,0,0,0,74,0,0,0,0,0,0,0,0,0,0,0,0,0,0,0,0,0,0,0,0,0,0,0,0,0,0,0,0,0,0,0,0,0,0,0,0,0,0,0,0,0,0,0,0,0,0,0,1,0,0,0,0,0,0,0,0,0,0,0,0,0,1,0,0,0,0,0,0,0,0,0,7,1,0,5,75,0,0,7,4,4
3395.ps1,1,2788,1,2787.0,2787,0,0,22,22,19,19,49,49,9,359,7,15,2,0,7,0,0,0,0,0,0,50,0,0,0,0,0,0,0,0,0,0,0,0,0,0,0,0,0,0,0,0,0,0,0,0,0,0,0,0,0,0,0,0,0,0,0,0,0,0,0,0,0,0,0,0,0,0,0,1,0,0,0,0,0,0,0,0,0,0,0,0,0,0,0,0,0,0,0,0,0,0,0,9,2,0,8,52,0,0,9,5,7
3398.ps1,1,2859,1,2858.0,2858,0,2,22,22,14,14,52,52,11,380,3,11,0,0,7,0,0,0,0,0,1,55,0,0,0,0,0,0,0,0,0,0,0,0,0,0,0,0,0,0,0,0,0,0,0,0,0,0,0,0,0,0,0,0,0,0,0,0,0,0,0,0,0,0,0,0,0,0,0,1,0,0,0,0,0,0,0,0,0,0,0,0,0,0,0,0,0,0,0,0,0,0,0,2,1,3,5,58,0,1,4,2,4
3415.ps1,1,3068,1,3067.0,3067,0,0,23,23,19,19,76,76,8,404,7,14,2,0,7,0,0,0,1,0,0,77,0,0,0,0,0,0,0,0,0,0,0,0,0,0,0,0,0,0,0,0,0,0,0,0,0,0,0,0,0,0,0,0,0,0,0,0,0,0,0,0,0,0,0,0,0,0,0,1,0,0,0,0,0,0,0,0,0,0,0,0,0,0,0,0,0,0,0,0,0,0,0,9,2,0,9,79,0,0,9,5,8
3405.ps1,1,2870,1,2869.0,2869,0,1,20,20,13,13,52,52,9,379,4,14,0,0,7,0,0,0,0,0,1,55,0,0,0,0,0,0,0,0,0,0,0,0,0,0,0,0,0,0,0,0,0,0,0,0,0,0,0,0,0,0,0,0,0,0,0,0,0,0,0,0,0,0,0,0,0,0,0,1,0,0,0,0,0,0,0,0,0,0,0,0,0,0,0,0,0,0,0,0,0,0,0,6,1,1,5,56,0,1,3,5,4
3409.ps1,1,2915,1,2914.0,2914,0,1,24,24,20,20,52,52,11,379,6,11,0,0,7,0,0,0,0,0,1,54,0,0,0,0,0,0,0,0,0,0,0,0,0,0,0,0,0,0,0,0,0,0,0,0,0,0,0,0,0,0,0,0,2,0,0,0,0,0,0,0,0,0,0,0,0,0,0,1,0,0,0,0,0,0,0,0,0,0,0,0,0,0,0,0,0,0,0,0,0,0,0,5,1,3,7,57,0,1,10,2,6
3418.ps1,1,3167,1,3166.0,3166,0,1,20,20,13,13,58,58,10,440,3,11,0,0,7,0,0,0,0,0,0,60,0,0,0,0,0,0,0,0,0,0,0,0,0,0,0,0,0,0,0,0,0,0,0,0,0,0,0,0,0,0,0,0,0,0,0,0,0,0,0,0,0,0,0,0,0,0,0,1,0,0,0,0,0,0,0,0,0,0,0,0,1,0,0,0,0,0,0,0,0,0,0,1,1,3,3,64,0,0,4,1,2
3427.ps1,1,3179,1,3178.0,3178,0,0,23,23,19,19,57,57,12,432,5,12,2,0,7,0,0,0,0,0,0,59,0,0,0,0,0,0,0,0,0,0,0,0,0,0,0,0,0,0,0,0,0,0,0,0,0,0,0,0,0,0,0,0,0,0,0,0,0,0,0,0,0,0,0,0,0,0,0,1,0,0,0,0,0,0,0,0,0,0,0,0,0,0,0,0,0,0,0,0,0,0,0,4,2,3,6,64,0,0,9,2,5
341.ps1,1,2962,1,2961.0,2961,0,2,24,24,20,20,72,72,11,382,7,11,0,0,7,0,0,0,0,0,1,73,0,0,0,0,0,0,0,0,0,0,0,0,0,0,0,0,0,0,0,0,0,0,0,0,0,0,0,0,0,0,0,0,0,0,0,0,0,0,0,0,0,0,0,0,0,0,0,1,0,0,0,0,0,0,0,0,0,0,0,0,0,0,0,0,0,0,0,0,0,0,0,6,1,3,7,76,0,1,10,2,6
3422.ps1,1,2945,1,2944.0,2944,0,2,24,24,26,26,52,52,11,378,11,10,0,0,7,0,0,0,0,0,2,51,0,0,0,0,0,0,0,0,0,0,0,0,0,0,0,0,0,0,0,0,0,0,0,0,0,0,0,0,0,0,0,0,0,0,0,0,0,0,0,0,0,0,0,0,0,0,0,1,0,0,0,0,0,0,0,0,0,0,0,0,0,0,0,0,0,0,0,0,0,0,0,9,1,3,7,54,0,2,15,1,6
342.ps1,1,2910,1,2909.0,2909,0,2,15,15,15,15,51,51,24,53,21,9,0,26,13,0,0,0,0,0,2,53,0,0,0,0,0,0,0,0,0,0,0,0,0,0,0,0,0,0,0,0,0,0,0,0,0,0,0,0,0,0,0,0,0,0,0,0,0,0,0,0,0,0,0,0,0,0,0,1,0,0,0,0,0,0,0,0,0,0,0,0,0,1,0,0,0,0,0,0,0,4,0,5,1,3,5,56,0,2,9,1,4
3442.ps1,1,2850,1,2849.0,2849,0,2,19,19,14,14,52,52,8,378,5,13,0,0,7,0,0,0,0,0,2,54,0,0,0,0,0,0,0,0,0,0,0,0,0,0,0,0,0,0,0,0,0,0,0,0,0,0,0,0,0,0,0,0,0,0,0,0,0,0,0,0,0,0,0,0,0,0,0,1,0,0,0,0,0,0,0,0,0,0,0,0,0,0,0,0,0,0,0,0,0,0,0,6,1,0,5,54,0,2,3,4,4
3434.ps1,1,2898,1,2897.0,2897,0,2,22,22,20,20,52,52,7,378,9,13,0,0,7,0,0,0,1,0,2,52,0,0,0,0,0,0,0,0,0,0,0,0,0,0,0,0,0,0,0,0,0,0,0,0,0,0,0,0,0,0,0,0,0,0,0,0,0,0,0,0,0,0,0,0,0,0,0,1,0,0,0,0,0,0,0,0,0,0,0,0,0,0,0,0,0,0,0,0,0,0,0,10,1,0,8,52,0,2,9,4,7
3416.ps1,1,1492,1,1491.0,1491,1,1,18,18,26,26,106,106,27,110,11,6,0,5,7,0,2,0,0,0,1,109,0,0,0,0,0,0,0,0,0,0,0,0,0,0,0,0,0,0,0,0,0,0,0,0,0,0,0,0,0,0,0,0,0,0,0,0,0,0,0,0,0,0,0,0,0,0,0,1,0,0,0,0,0,0,0,0,0,0,0,0,0,1,0,0,0,0,0,0,0,0,0,11,1,5,8,114,0,1,18,2,7
3432.ps1,1,303,1,302.0,302,0,1,7,7,6,6,18,18,7,20,2,3,0,3,0,0,0,0,0,0,1,20,0,0,0,0,0,0,0,0,0,0,0,0,0,0,0,0,0,0,0,0,0,0,0,0,0,0,0,0,0,0,0,0,0,0,0,0,0,0,0,0,0,0,0,0,0,0,0,1,0,0,0,0,0,0,0,0,0,0,0,0,0,1,0,0,0,0,0,0,0,1,0,4,1,1,5,21,0,1,5,2,4
3473.ps1,1,3440,1,3439.0,3439,0,1,28,28,24,24,86,86,18,394,7,18,0,0,12,0,0,0,2,0,1,87,0,0,0,0,0,0,0,0,0,0,0,0,0,0,0,0,0,0,0,0,0,0,0,0,0,0,0,0,0,0,0,0,0,0,0,0,0,0,0,0,0,0,0,0,0,0,0,1,0,0,0,0,0,0,0,0,0,0,0,0,0,2,0,0,0,0,0,0,0,0,0,5,1,5,6,92,0,1,11,2,5
3412.ps1,1,2853,1,2852.0,2852,0,2,19,19,14,14,52,52,8,378,5,13,0,0,7,0,0,0,0,0,2,54,0,0,0,0,0,0,0,0,0,0,0,0,0,0,0,0,0,0,0,0,0,0,0,0,0,0,0,0,0,0,0,0,0,0,0,0,0,0,0,0,0,0,0,0,0,0,0,1,0,0,0,0,0,0,0,0,0,0,0,0,0,0,0,0,0,0,0,0,0,0,0,6,1,0,5,54,0,2,3,4,4
3451.ps1,1,3041,1,3040.0,3040,0,2,21,21,17,17,75,75,7,401,7,13,0,0,7,0,0,0,1,0,2,76,0,0,0,0,0,0,0,0,0,0,0,0,0,0,0,0,0,0,0,0,0,0,0,0,0,0,0,0,0,0,0,0,0,0,0,0,0,0,0,0,0,0,0,0,0,0,0,1,0,0,0,0,0,0,0,0,0,0,0,0,0,0,0,0,0,0,0,0,0,0,0,8,1,0,7,76,0,2,6,4,6
3440.ps1,1,2991,1,2990.0,2990,0,2,24,24,26,26,73,73,11,381,11,10,0,0,7,0,0,0,0,0,2,72,0,0,0,0,0,0,0,0,0,0,0,0,0,0,0,0,0,0,0,0,0,0,0,0,0,0,0,0,0,0,0,0,0,0,0,0,0,0,0,0,0,0,0,0,0,0,0,1,0,0,0,0,0,0,0,0,0,0,0,0,0,0,0,0,0,0,0,0,0,0,0,9,1,3,7,75,0,2,15,1,6
3465.ps1,1,2878,1,2877.0,2877,0,0,23,23,16,16,52,52,12,380,3,11,2,0,7,0,0,0,0,0,0,55,0,0,0,0,0,0,0,0,0,0,0,0,0,0,0,0,0,0,0,0,0,0,0,0,0,0,0,0,0,0,0,0,0,0,0,0,0,0,0,0,0,0,0,0,0,0,0,1,0,0,0,0,0,0,0,0,0,0,0,0,0,0,0,0,0,0,0,0,0,0,0,2,2,3,6,60,0,0,6,2,5
3469.ps1,1,2817,1,2816.0,2816,0,0,18,18,12,12,52,52,7,378,3,13,0,0,7,0,0,0,0,0,0,53,0,0,0,0,0,0,0,0,0,0,0,0,0,0,0,0,0,0,0,0,0,0,0,0,0,0,0,0,0,0,0,0,0,0,0,0,0,0,0,0,0,0,0,0,0,0,0,1,0,0,0,0,0,0,0,0,0,0,0,0,0,1,0,0,0,0,0,0,0,0,0,4,1,0,4,54,0,0,3,4,3
3475.ps1,1,2964,1,2963.0,2963,0,3,24,24,21,21,73,73,11,381,9,10,0,0,7,0,0,0,0,0,2,74,0,0,0,0,0,0,0,0,0,0,0,0,0,0,0,0,0,0,0,0,0,0,0,0,0,0,0,0,0,0,0,0,0,0,0,0,0,0,0,0,0,0,0,0,0,0,0,1,0,0,0,0,0,0,0,0,0,0,0,0,0,0,0,0,0,0,0,0,0,0,0,7,1,3,7,77,0,2,10,1,6
3474.ps1,1,1762,1,1761.0,1761,0,0,14,14,23,23,129,129,24,133,8,11,2,5,9,0,2,0,1,0,0,131,0,0,0,0,0,0,0,0,0,0,0,0,0,0,0,0,0,0,0,0,0,0,0,0,0,0,0,0,0,0,0,0,0,0,0,0,0,0,0,0,0,0,0,0,0,0,0,1,0,0,0,0,0,0,0,0,0,0,0,0,0,0,0,0,0,0,0,0,0,0,0,12,2,0,9,133,0,0,13,6,8
3458.ps1,1,3068,1,3067.0,3067,0,2,24,24,20,20,76,76,10,404,7,11,0,0,7,0,0,0,1,0,1,77,0,0,0,0,0,0,0,0,0,0,0,0,0,0,0,0,0,0,0,0,0,0,0,0,0,0,0,0,0,0,0,0,0,0,0,0,0,0,0,0,0,0,0,0,0,0,0,1,0,0,0,0,0,0,0,0,0,0,0,0,0,0,0,0,0,0,0,0,0,0,0,6,1,3,7,80,0,1,10,2,6
3487.ps1,1,2939,1,2938.0,2938,0,2,14,14,12,12,52,52,24,54,39,9,0,19,11,0,0,0,0,0,2,55,0,0,0,0,0,0,0,0,0,0,0,0,0,0,0,0,0,0,0,0,0,0,0,0,0,0,0,0,0,0,0,0,0,0,0,0,0,0,0,0,0,0,0,0,0,0,0,1,1,0,0,0,0,1,0,0,0,0,0,0,0,1,0,0,0,0,0,0,0,4,0,3,1,3,4,58,0,2,6,1,3
348.ps1,1,2745,1,2744.0,2744,0,1,22,22,14,14,50,50,11,360,3,11,2,0,7,0,0,0,1,0,0,54,0,0,0,0,0,0,0,0,0,0,0,0,0,0,0,0,0,0,0,0,0,0,0,0,0,0,0,0,0,0,0,0,0,0,0,0,0,0,0,0,0,0,0,0,0,0,0,1,0,0,0,0,0,0,0,0,0,0,0,0,0,0,0,0,0,0,0,0,0,0,0,2,2,3,5,59,0,0,4,2,4
3477.ps1,1,2863,1,2862.0,2862,0,2,22,22,15,15,51,51,10,378,4,11,0,0,7,0,0,0,1,0,1,55,0,0,0,0,0,0,0,0,0,0,0,0,0,0,0,0,0,0,0,0,0,0,0,0,0,0,0,0,0,0,0,0,0,0,0,0,0,0,0,0,0,0,0,0,0,0,0,1,0,0,0,0,0,0,0,0,0,0,0,0,0,0,0,0,0,0,0,0,0,0,0,3,1,3,5,58,0,1,5,2,4
3493.ps1,1,3205,1,3204.0,3204,0,0,22,22,19,19,79,79,8,432,7,14,2,0,7,0,0,0,1,0,0,80,0,0,0,0,0,0,0,0,0,0,0,0,0,0,0,0,0,0,0,0,0,0,0,0,0,0,0,0,0,0,0,0,0,0,0,0,0,0,0,0,0,0,0,0,0,0,0,1,0,0,0,0,0,0,0,0,0,0,0,0,0,0,0,0,0,0,0,0,0,0,0,9,2,0,8,82,0,0,9,5,7
3500.ps1,1,3519,1,3518.0,3518,0,0,19,19,12,12,89,89,7,498,3,14,0,0,7,0,0,0,0,0,0,90,0,0,0,0,0,0,0,0,0,0,0,0,0,0,0,0,0,0,0,0,0,0,0,0,0,0,0,0,0,0,0,0,0,0,0,0,0,0,0,0,0,0,0,0,0,0,0,1,0,0,0,0,0,0,0,0,0,0,0,0,1,0,0,0,0,0,0,0,0,0,0,4,1,0,5,91,0,0,3,4,4
3501.ps1,1,1457,1,1456.0,1456,1,2,16,16,26,26,105,105,26,108,10,5,0,5,7,0,2,0,0,0,2,107,0,0,0,0,0,0,0,0,0,0,0,0,0,0,0,0,0,0,0,0,0,0,0,0,0,0,0,0,0,0,0,0,0,0,0,0,0,0,0,0,0,0,0,0,0,0,0,1,0,0,0,0,0,0,0,0,0,0,0,0,0,0,0,0,0,0,0,0,0,0,0,9,1,4,7,111,0,2,17,1,6
35.ps1,1,688,1,687.0,687,0,0,7,7,2,2,54,54,9,53,0,10,2,11,0,0,0,0,1,0,0,55,0,0,0,0,0,0,0,0,0,0,0,0,0,0,0,0,0,0,0,0,0,0,0,0,0,0,0,0,0,0,0,0,0,0,0,0,0,0,0,0,0,0,0,0,0,0,0,2,0,0,0,0,0,0,0,0,0,0,0,0,0,1,0,0,0,0,0,0,0,0,0,3,2,0,6,57,0,0,1,2,5
3515.ps1,1,2891,1,2890.0,2890,0,3,17,17,16,16,51,51,24,53,34,9,0,25,13,0,0,0,0,0,2,53,0,0,0,0,0,0,0,0,0,0,0,0,0,0,0,0,0,0,0,0,0,0,0,0,0,0,0,0,0,0,0,0,3,0,0,0,0,0,0,0,0,0,0,0,0,0,0,1,1,0,0,0,0,1,0,0,0,0,0,0,0,1,0,0,0,0,0,0,0,3,0,7,1,3,7,56,0,2,10,1,6
3506.ps1,1,3285,1,3284.0,3284,0,0,21,21,19,19,59,59,7,448,8,14,0,0,7,0,0,0,0,0,0,58,0,0,0,0,0,0,0,0,0,0,0,0,0,0,0,0,0,0,0,0,0,0,0,0,0,0,0,0,0,0,0,0,0,0,0,0,0,0,0,0,0,0,0,0,0,0,0,1,0,0,0,0,0,0,0,0,0,0,0,0,1,0,0,0,0,0,0,0,0,0,0,9,1,0,7,59,0,0,10,4,6
3502.ps1,1,3146,1,3145.0,3145,0,0,23,23,24,24,56,56,10,419,9,11,0,0,7,0,0,0,0,0,0,54,0,0,0,0,0,0,0,0,0,0,0,0,0,0,0,0,0,0,0,0,0,0,0,0,0,0,0,0,0,0,0,0,0,0,0,0,0,0,0,0,0,0,0,0,0,0,0,1,0,0,0,0,0,0,0,0,0,0,0,0,1,0,0,0,0,0,0,0,0,0,0,7,1,3,6,58,0,0,15,1,5
3511.ps1,1,3047,1,3046.0,3046,0,0,21,21,16,16,76,76,9,404,5,14,2,0,7,0,0,0,0,0,0,78,0,0,0,0,0,0,0,0,0,0,0,0,0,0,0,0,0,0,0,0,0,0,0,0,0,0,0,0,0,0,0,0,0,0,0,0,0,0,0,0,0,0,0,0,0,0,0,1,0,0,0,0,0,0,0,0,0,0,0,0,0,0,0,0,0,0,0,0,0,0,0,7,2,0,7,80,0,0,6,5,6
3503.ps1,1,2917,1,2916.0,2916,0,1,23,23,19,19,52,52,8,379,8,14,0,0,7,0,0,0,1,0,1,53,0,0,0,0,0,0,0,0,0,0,0,0,0,0,0,0,0,0,0,0,0,0,0,0,0,0,0,0,0,0,0,0,0,0,0,0,0,0,0,0,0,0,0,0,0,0,0,1,0,0,0,0,0,0,0,0,0,0,0,0,0,0,0,0,0,0,0,0,0,0,0,10,1,1,8,54,0,1,9,5,7
3541.ps1,1,1713,1,1712.0,1712,0,3,19,19,24,25,118,118,32,123,10,5,1,5,9,0,2,1,1,1,2,125,0,0,0,0,0,0,0,0,0,0,0,0,0,0,0,0,0,0,0,0,0,0,0,0,0,0,0,0,0,0,0,0,0,0,0,0,0,0,0,0,0,0,0,0,0,0,0,1,0,0,0,0,0,0,0,0,0,0,0,0,0,0,0,0,0,0,0,0,0,1,0,9,1,6,8,131,0,2,13,1,7
3509.ps1,1,1477,1,1476.0,1476,0,3,15,15,16,16,116,116,25,119,6,5,0,5,7,0,2,0,1,0,2,122,0,0,0,0,0,0,0,0,0,0,0,0,0,0,0,0,0,0,0,0,0,0,0,0,0,0,0,0,0,0,0,0,0,0,0,0,0,0,0,0,0,0,0,0,0,0,0,1,0,0,0,0,0,0,0,0,0,0,0,0,0,0,0,0,0,0,0,0,0,0,0,5,1,4,6,126,0,2,7,1,5
3546.ps1,1,1432,1,1431.0,1431,0,3,15,15,21,21,106,106,26,109,8,5,0,5,7,0,2,0,0,0,2,110,0,0,0,0,0,0,0,0,0,0,0,0,0,0,0,0,0,0,0,0,0,0,0,0,0,0,0,0,0,0,0,0,0,0,0,0,0,0,0,0,0,0,0,0,0,0,0,1,0,0,0,0,0,0,0,0,0,0,0,0,0,1,0,0,0,0,0,0,0,1,0,7,1,4,6,114,0,2,12,1,5
353.ps1,1,3229,1,3228.0,3228,0,1,20,20,13,13,81,81,7,444,3,14,0,0,7,0,0,0,1,0,1,83,0,0,0,0,0,0,0,0,0,0,0,0,0,0,0,0,0,0,0,0,0,0,0,0,0,0,0,0,0,0,0,0,0,0,0,0,0,0,0,0,0,0,0,0,0,0,0,1,0,0,0,0,0,0,0,0,0,0,0,0,0,0,0,0,0,0,0,0,0,0,0,5,1,0,6,83,0,1,3,5,5
354.ps1,1,2994,1,2993.0,2993,0,0,21,21,18,18,54,54,10,405,5,10,0,0,7,0,0,0,0,0,0,54,0,0,0,0,0,0,0,0,0,0,0,0,0,0,0,0,0,0,0,0,0,0,0,0,0,0,0,0,0,0,0,0,0,0,0,0,0,0,0,0,0,0,0,0,0,0,0,1,0,0,0,0,0,0,0,0,0,0,0,0,0,1,0,0,0,0,0,0,0,0,0,3,1,3,4,58,0,0,9,1,3
3505.ps1,1,2901,1,2900.0,2900,0,2,23,23,17,17,52,52,12,379,6,11,0,0,7,0,0,0,0,0,1,55,0,0,0,0,0,0,0,0,0,0,0,0,0,0,0,0,0,0,0,0,0,0,0,0,0,0,0,0,0,0,0,0,0,0,0,0,0,0,0,0,0,0,0,0,0,0,0,1,0,0,0,0,0,0,0,0,0,0,0,0,0,0,0,0,0,0,0,0,0,0,0,5,1,4,5,59,0,1,7,2,4
3532.ps1,1,3052,1,3051.0,3051,0,1,23,23,17,17,76,76,12,404,5,11,2,0,7,0,0,0,0,0,0,79,0,0,0,0,0,0,0,0,0,0,0,0,0,0,0,0,0,0,0,0,0,0,0,0,0,0,0,0,0,0,0,0,0,0,0,0,0,0,0,0,0,0,0,0,0,0,0,1,0,0,0,0,0,0,0,0,0,0,0,0,0,0,0,0,0,0,0,0,0,0,0,4,2,3,6,84,0,0,7,2,5
3568.ps1,1,2932,1,2931.0,2931,0,0,24,24,22,22,52,52,8,380,9,14,2,0,7,0,0,0,1,0,0,52,0,0,0,0,0,0,0,0,0,0,0,0,0,0,0,0,0,0,0,0,0,0,0,0,0,0,0,0,0,0,0,0,0,0,0,0,0,0,0,0,0,0,0,0,0,0,0,1,0,0,0,0,0,0,0,0,0,0,0,0,0,0,0,0,0,0,0,0,0,0,0,11,2,0,10,54,0,0,12,5,9
3556.ps1,1,3132,1,3131.0,3131,0,1,26,26,26,26,76,76,11,403,10,11,0,0,7,0,0,0,0,0,1,76,0,0,0,0,0,0,0,0,0,0,0,0,0,0,0,0,0,0,0,0,0,0,0,0,0,0,0,0,0,0,0,0,0,0,0,0,0,0,0,0,0,0,0,0,0,0,0,1,0,0,0,0,0,0,0,0,0,0,0,0,0,0,0,0,0,0,0,0,0,0,0,9,1,3,9,79,0,1,16,2,8
3552.ps1,1,3512,1,3512.0,3512,0,2,23,23,12,12,75,75,19,62,11,98,0,0,8,0,0,0,0,0,2,64,3,0,0,0,0,0,0,0,0,0,0,0,0,25,0,0,0,0,0,0,0,0,0,7,3,0,0,0,0,0,0,0,0,0,0,0,0,0,0,0,0,0,0,0,0,0,0,9,0,0,0,0,0,0,0,0,0,0,0,0,0,0,0,0,0,0,0,0,0,0,0,7,1,3,6,67,0,2,10,1,5
3563.ps1,1,3294,1,3293.0,3293,0,2,27,27,23,23,60,60,17,386,7,13,0,0,11,0,0,0,2,0,1,62,0,0,0,0,0,0,0,0,0,0,0,0,0,0,0,0,0,0,0,0,0,0,0,0,0,0,0,0,0,0,0,0,0,0,0,0,0,0,0,0,0,0,0,0,0,0,0,1,0,0,0,0,0,0,0,0,0,0,0,0,0,2,0,0,0,0,0,0,0,0,0,5,1,4,6,66,0,1,10,2,5
3570.ps1,1,2766,1,2765.0,2765,0,2,23,23,23,23,49,49,10,348,9,10,0,0,7,0,0,0,1,0,2,49,0,0,0,0,0,0,0,0,0,0,0,0,0,0,0,0,0,0,0,0,0,0,0,0,0,0,0,0,0,0,0,0,0,0,0,0,0,0,0,0,0,0,0,0,0,0,0,1,0,0,0,0,0,0,0,0,0,0,0,0,0,0,0,0,0,0,0,0,0,0,0,7,1,3,6,52,0,2,12,1,5
3547.ps1,1,1514,1,1513.0,1513,0,2,15,15,21,21,116,116,26,119,8,5,0,5,7,0,2,0,0,0,2,120,0,0,0,0,0,0,0,0,0,0,0,0,0,0,0,0,0,0,0,0,0,0,0,0,0,0,0,0,0,0,0,0,0,0,0,0,0,0,0,0,0,0,0,0,0,0,0,1,0,0,0,0,0,0,0,0,0,0,0,0,0,1,0,0,0,0,0,1,0,1,0,7,1,4,6,124,0,2,12,1,5
355.ps1,1,452,1,451.0,451,0,2,7,7,7,7,30,30,9,31,4,3,0,4,0,0,0,0,0,0,2,32,0,0,0,0,0,0,0,0,0,0,0,0,0,0,0,0,0,0,0,0,0,0,0,0,0,0,0,0,0,0,0,0,0,0,0,0,0,0,0,0,0,0,0,0,0,0,0,1,0,0,0,0,0,0,0,0,0,0,0,0,0,0,0,0,0,0,0,0,0,0,0,5,1,1,5,33,0,2,5,1,4
357.ps1,1,2930,1,2929.0,2929,0,1,21,21,16,16,73,73,7,383,5,14,0,0,7,0,0,0,1,0,1,74,0,0,0,0,0,0,0,0,0,0,0,0,0,0,0,0,0,0,0,0,0,0,0,0,0,0,0,0,0,0,0,0,0,0,0,0,0,0,0,0,0,0,0,0,0,0,0,1,0,0,0,0,0,0,0,0,0,0,0,0,0,0,0,0,0,0,0,0,0,0,0,7,1,0,7,74,0,1,6,5,6
3579.ps1,1,2881,1,2880.0,2880,0,2,22,22,17,17,52,52,10,380,5,11,0,0,7,0,0,0,1,0,1,54,0,0,0,0,0,0,0,0,0,0,0,0,0,0,0,0,0,0,0,0,0,0,0,0,0,0,0,0,0,0,0,0,0,0,0,0,0,0,0,0,0,0,0,0,0,0,0,1,0,0,0,0,0,0,0,0,0,0,0,0,0,0,0,0,0,0,0,0,0,0,0,4,1,3,5,57,0,1,7,2,4
3566.ps1,1,3021,1,3020.0,3020,0,1,21,21,16,16,76,76,10,402,5,10,0,0,7,0,0,0,0,0,0,77,0,0,0,0,0,0,0,0,0,0,0,0,0,0,0,0,0,0,0,0,0,0,0,0,0,0,0,0,0,0,0,0,0,0,0,0,0,0,0,0,0,0,0,0,0,0,0,1,0,0,0,0,0,0,0,0,0,0,0,0,0,1,0,0,0,0,0,0,0,0,0,3,1,3,4,81,0,0,7,1,3
3597.ps1,1,3096,1,3095.0,3095,0,2,24,24,23,23,76,76,11,402,9,10,0,0,7,0,0,0,0,0,2,76,0,0,0,0,0,0,0,0,0,0,0,0,0,0,0,0,0,0,0,0,0,0,0,0,0,0,0,0,0,0,0,0,0,0,0,0,0,0,0,0,0,0,0,0,0,0,0,1,0,0,0,0,0,0,0,0,0,0,0,0,0,0,0,0,0,0,0,0,0,0,0,7,1,3,7,79,0,2,12,1,6
3574.ps1,1,3423,1,3422.0,3422,0,0,28,28,29,29,85,85,16,392,10,13,0,0,11,0,0,0,2,0,0,82,0,0,0,0,0,0,0,0,0,0,0,0,0,0,0,0,0,0,0,0,0,0,0,0,0,0,0,0,0,0,0,0,0,0,0,0,0,0,0,0,0,0,0,0,0,0,0,1,0,0,0,0,0,0,0,0,0,0,0,0,1,2,0,0,0,0,0,0,0,0,0,7,1,4,7,87,0,0,17,1,6
3573.ps1,1,2936,1,2935.0,2935,0,1,25,25,23,23,52,52,10,379,8,11,0,0,7,0,0,0,1,0,1,53,0,0,0,0,0,0,0,0,0,0,0,0,0,0,0,0,0,0,0,0,0,0,0,0,0,0,0,0,0,0,0,0,3,0,0,0,0,0,0,0,0,0,0,0,0,0,0,1,0,0,0,0,0,0,0,0,0,0,0,0,0,0,0,0,0,0,0,0,0,0,0,7,1,3,8,56,0,1,13,2,7
3612.ps1,1,1830,1,1829.0,1829,1,3,15,15,19,19,151,151,27,154,6,5,0,5,8,0,2,0,1,0,2,156,0,0,0,0,0,0,0,0,0,0,0,0,0,0,0,0,0,0,0,0,0,0,0,0,0,0,0,0,0,0,0,0,0,0,0,0,0,0,0,0,0,0,0,0,0,0,0,1,0,0,0,0,0,0,0,0,0,0,0,0,0,0,0,0,0,0,0,0,0,0,0,5,1,4,6,160,0,2,9,1,5
3598.ps1,1,832,1,831.0,831,0,1,14,14,8,8,60,60,13,65,2,11,2,3,0,0,0,0,1,0,0,67,0,0,0,0,0,0,0,0,0,0,0,0,0,0,0,0,0,0,0,0,0,0,0,0,0,0,0,0,0,0,0,0,0,0,0,0,0,0,0,0,0,0,0,0,0,0,0,1,0,0,0,0,0,0,0,0,0,0,0,0,0,0,0,0,0,0,0,0,0,0,0,4,2,4,6,73,0,0,7,2,5
3629.ps1,1,3066,1,3065.0,3065,0,1,21,21,19,19,76,76,7,404,7,14,0,0,7,0,0,0,1,0,1,76,0,0,0,0,0,0,0,0,0,0,0,0,0,0,0,0,0,0,0,0,0,0,0,0,0,0,0,0,0,0,0,0,0,0,0,0,0,0,0,0,0,0,0,0,0,0,0,1,0,0,0,0,0,0,0,0,0,0,0,0,0,0,0,0,0,0,0,0,0,0,0,9,1,0,7,76,0,1,9,5,6
3608.ps1,1,1469,1,1468.0,1468,0,2,16,15,19,20,106,106,28,109,6,5,0,6,8,1,2,0,0,0,2,111,0,0,0,0,0,0,0,0,0,0,0,0,0,0,0,0,0,0,0,0,0,0,0,0,0,0,0,0,0,0,0,0,0,0,0,0,0,0,0,0,0,0,0,0,0,0,0,1,0,0,0,0,0,0,0,0,0,0,0,0,0,1,0,0,0,0,0,0,0,0,0,5,1,4,6,115,0,2,9,1,5
3605.ps1,1,3017,1,3016.0,3016,0,1,19,19,13,13,76,76,8,404,3,14,0,0,7,0,0,0,0,0,1,78,0,0,0,0,0,0,0,0,0,0,0,0,0,0,0,0,0,0,0,0,0,0,0,0,0,0,0,0,0,0,0,0,0,0,0,0,0,0,0,0,0,0,0,0,0,0,0,1,0,0,0,0,0,0,0,0,0,0,0,0,0,0,0,0,0,0,0,0,0,0,0,5,1,0,5,78,0,1,3,5,4
3638.ps1,1,3303,1,3302.0,3302,0,0,27,27,24,24,60,60,17,387,6,14,2,0,11,0,0,0,3,0,0,61,0,0,0,0,0,0,0,0,0,0,0,0,0,0,0,0,0,0,0,0,0,0,0,0,0,0,0,0,0,0,0,0,0,0,0,0,0,0,0,0,0,0,0,0,0,0,0,1,0,0,0,1,0,0,0,0,0,0,0,0,0,2,0,0,0,0,0,0,0,0,0,4,2,4,6,67,0,0,11,2,5
3651.ps1,1,1740,1,1739.0,1739,0,0,16,17,17,18,147,146,28,151,5,7,3,5,7,1,2,1,1,0,0,152,0,0,0,0,0,0,0,0,0,0,0,0,0,0,0,0,0,0,0,0,0,0,0,0,0,0,0,0,0,0,0,0,0,0,0,0,0,0,0,0,0,0,0,0,0,0,0,1,0,0,0,0,0,0,0,0,0,0,0,0,0,0,0,0,0,0,0,0,0,0,0,4,2,4,7,158,0,0,9,2,6
3620.ps1,1,2842,1,2841.0,2841,0,2,25,25,26,26,50,50,11,358,11,10,0,0,7,0,0,0,0,0,2,49,0,0,0,0,0,0,0,0,0,0,0,0,0,0,0,0,0,0,0,0,0,0,0,0,0,0,0,0,0,0,0,0,0,0,0,0,0,0,0,0,0,0,0,0,0,0,0,1,0,0,0,0,0,0,0,0,0,0,0,0,0,0,0,0,0,0,0,0,0,0,0,9,1,3,8,52,0,2,15,1,7
3664.ps1,1,2900,1,2899.0,2899,0,1,21,21,19,19,52,52,7,380,7,14,0,0,7,0,0,0,1,0,1,52,0,0,0,0,0,0,0,0,0,0,0,0,0,0,0,0,0,0,0,0,0,0,0,0,0,0,0,0,0,0,0,0,0,0,0,0,0,0,0,0,0,0,0,0,0,0,0,1,0,0,0,0,0,0,0,0,0,0,0,0,0,0,0,0,0,0,0,0,0,0,0,9,1,0,7,52,0,1,9,5,6
3636.ps1,1,2869,1,2868.0,2868,0,2,21,21,17,17,51,51,8,377,7,13,0,0,7,0,0,0,0,0,2,52,0,0,0,0,0,0,0,0,0,0,0,0,0,0,0,0,0,0,0,0,0,0,0,0,0,0,0,0,0,0,0,0,0,0,0,0,0,0,0,0,0,0,0,0,0,0,0,1,0,0,0,0,0,0,0,0,0,0,0,0,0,0,0,0,0,0,0,0,0,0,0,8,1,0,7,52,0,2,6,4,6
3627.ps1,1,2752,1,2751.0,2751,0,0,20,20,15,15,50,50,7,358,5,13,0,0,7,0,0,0,0,0,0,50,0,0,0,0,0,0,0,0,0,0,0,0,0,0,0,0,0,0,0,0,0,0,0,0,0,0,0,0,0,0,0,0,0,0,0,0,0,0,0,0,0,0,0,0,0,0,0,1,0,0,0,0,0,0,0,0,0,0,0,0,0,1,0,0,0,0,0,0,0,0,0,6,1,0,6,51,0,0,6,4,5
3662.ps1,1,2058,1,2057.0,2057,0,2,19,18,24,24,169,168,28,171,9,8,0,6,9,0,2,0,0,0,1,171,0,0,0,0,0,0,0,0,0,0,0,0,0,0,0,0,0,0,0,0,0,0,0,0,0,0,0,0,0,0,0,0,0,0,0,0,0,0,0,0,0,0,0,0,0,0,0,1,0,0,0,0,0,0,0,0,0,0,0,0,0,0,0,0,0,0,0,0,0,0,0,9,1,5,8,176,0,1,15,2,7
3657.ps1,1,2923,1,2922.0,2922,0,2,24,24,20,20,52,52,12,379,8,11,0,0,7,0,0,0,0,0,1,54,0,0,0,0,0,0,0,0,0,0,0,0,0,0,0,0,0,0,0,0,0,0,0,0,0,0,0,0,0,0,0,0,0,0,0,0,0,0,0,0,0,0,0,0,0,0,0,1,0,0,0,0,0,0,0,0,0,0,0,0,0,0,0,0,0,0,0,0,0,0,0,7,1,4,6,58,0,1,10,2,5
3674.ps1,1,1557,1,1556.0,1556,0,1,17,17,23,22,117,118,27,123,6,6,1,6,8,0,2,0,0,0,1,122,0,0,0,0,0,0,0,0,0,0,0,0,0,0,0,0,0,0,0,0,0,0,0,0,0,0,0,0,0,0,0,0,0,0,0,0,0,0,0,0,0,0,0,0,0,0,0,1,0,0,0,0,0,0,0,0,0,0,0,0,0,1,0,0,0,0,0,0,0,0,0,6,1,5,7,127,0,1,14,2,6
3691.ps1,1,1483,1,1482.0,1482,0,1,18,18,21,21,107,107,26,113,7,7,1,6,7,0,3,1,1,0,1,114,0,0,0,0,0,0,0,0,0,0,0,0,0,0,0,0,0,0,0,0,0,0,0,0,0,0,0,0,0,0,0,0,0,0,0,0,0,0,0,0,0,0,0,0,0,0,0,1,0,0,0,0,0,0,0,0,0,0,0,0,0,1,0,0,0,0,0,0,0,0,0,7,1,5,8,119,0,1,13,2,7
3683.ps1,1,2798,1,2797.0,2797,0,0,23,23,19,19,50,50,8,357,7,14,2,0,7,0,0,0,1,0,0,51,0,0,0,0,0,0,0,0,0,0,0,0,0,0,0,0,0,0,0,0,0,0,0,0,0,0,0,0,0,0,0,0,0,0,0,0,0,0,0,0,0,0,0,0,0,0,0,1,0,0,0,0,0,0,0,0,0,0,0,0,0,0,0,0,0,0,0,0,0,0,0,9,2,0,9,53,0,0,9,5,8
3686.ps1,1,2876,1,2875.0,2875,0,2,21,21,17,17,52,52,8,378,7,13,0,0,7,0,0,0,0,0,2,53,0,0,0,0,0,0,0,0,0,0,0,0,0,0,0,0,0,0,0,0,0,0,0,0,0,0,0,0,0,0,0,0,0,0,0,0,0,0,0,0,0,0,0,0,0,0,0,1,0,0,0,0,0,0,0,0,0,0,0,0,0,0,0,0,0,0,0,0,0,0,0,8,1,0,7,53,0,2,6,4,6
3688.ps1,1,862,1,861.0,861,0,0,6,6,9,9,61,61,6,63,4,12,0,0,1,0,0,0,0,0,0,63,0,0,0,0,0,0,0,0,0,0,0,0,0,0,0,0,0,0,0,0,0,0,0,0,0,0,0,0,0,0,0,0,0,0,0,0,0,0,0,0,0,0,0,0,0,0,0,1,0,0,0,0,0,0,0,0,0,0,0,0,0,1,0,0,0,0,0,0,0,0,0,8,1,0,7,64,0,0,9,4,6
369.ps1,1,2955,1,2954.0,2954,0,2,24,24,20,20,73,73,11,383,7,11,0,0,7,0,0,0,0,0,1,74,0,0,0,0,0,0,0,0,0,0,0,0,0,0,0,0,0,0,0,0,0,0,0,0,0,0,0,0,0,0,0,0,0,0,0,0,0,0,0,0,0,0,0,0,0,0,0,1,0,0,0,0,0,0,0,0,0,0,0,0,0,0,0,0,0,0,0,0,0,0,0,6,1,3,7,77,0,1,10,2,6
3701.ps1,1,6315,1,6315.0,6315,0,1,107,107,48,48,177,177,26,174,24,125,0,2,63,0,0,0,0,0,1,155,0,0,2,0,0,0,0,0,0,0,0,0,0,0,0,0,0,0,0,0,0,0,0,0,0,0,0,0,0,0,0,0,0,0,0,0,0,0,0,0,0,0,0,0,0,0,0,4,0,0,0,0,0,0,0,0,0,0,0,0,0,0,0,0,0,0,0,0,0,3,0,6,1,5,6,160,0,1,16,2,5
3695.ps1,1,4475,1,4474.0,4474,0,2,23,23,23,23,110,110,8,665,11,13,0,0,7,0,0,0,0,0,2,109,0,0,0,0,0,0,0,0,0,0,0,0,0,0,0,0,0,0,0,0,0,0,0,0,0,0,0,0,0,0,0,0,0,0,0,0,0,0,0,0,0,0,0,0,0,0,0,1,0,0,0,0,0,0,0,0,0,0,0,0,0,0,0,0,0,0,0,0,0,0,0,12,1,0,9,109,0,2,12,4,8
3690.ps1,1,2891,1,2890.0,2890,0,0,23,23,21,21,52,52,10,378,7,10,0,0,7,0,0,0,0,0,0,51,0,0,0,0,0,0,0,0,0,0,0,0,0,0,0,0,0,0,0,0,0,0,0,0,0,0,0,0,0,0,0,0,0,0,0,0,0,0,0,0,0,0,0,0,0,0,0,1,0,0,0,0,0,0,0,0,0,0,0,0,0,1,0,0,0,0,0,0,0,0,0,5,1,3,6,55,0,0,12,1,5
3692.ps1,1,2872,1,2871.0,2871,0,0,20,20,18,18,52,52,7,378,7,13,0,0,7,0,0,0,0,0,0,51,0,0,0,0,0,0,0,0,0,0,0,0,0,0,0,0,0,0,0,0,0,0,0,0,0,0,0,0,0,0,0,0,0,0,0,0,0,0,0,0,0,0,0,0,0,0,0,1,0,0,0,0,0,0,0,0,0,0,0,0,0,1,0,0,0,0,0,0,0,0,0,8,1,0,6,52,0,0,9,4,5
3704.ps1,1,2954,1,2953.0,2953,0,1,21,21,19,19,73,73,7,383,7,14,0,0,7,0,0,0,1,0,1,73,0,0,0,0,0,0,0,0,0,0,0,0,0,0,0,0,0,0,0,0,0,0,0,0,0,0,0,0,0,0,0,0,0,0,0,0,0,0,0,0,0,0,0,0,0,0,0,1,0,0,0,0,0,0,0,0,0,0,0,0,0,0,0,0,0,0,0,0,0,0,0,9,1,0,7,73,0,1,9,5,6
3702.ps1,1,1637,1,1636.0,1636,0,0,17,17,23,23,116,116,28,118,6,10,2,5,10,0,2,0,1,0,0,117,0,0,0,0,0,0,0,0,0,0,0,0,0,0,0,0,0,0,0,0,0,0,0,0,0,0,0,0,0,0,0,0,0,0,0,0,0,0,0,0,0,0,0,0,0,0,0,1,0,0,0,0,0,0,0,0,0,0,0,0,0,1,0,0,0,0,0,0,0,0,0,6,2,4,7,123,0,0,14,2,6
3706.ps1,1,3132,1,3131.0,3131,0,1,24,24,21,21,77,77,11,404,7,11,0,0,7,0,0,0,0,0,1,79,0,0,0,0,0,0,0,0,0,0,0,0,0,0,0,0,0,0,0,0,0,0,0,0,0,0,0,0,0,0,0,0,0,0,0,0,0,0,0,0,0,0,0,0,0,0,0,1,0,0,0,0,0,0,0,0,0,0,0,0,0,0,0,0,0,0,0,0,0,0,0,6,1,3,7,82,0,1,11,2,6
3718.ps1,1,1698,1,1697.0,1697,1,3,16,16,22,21,127,128,27,130,6,6,1,6,9,0,2,0,1,0,2,132,0,0,0,0,0,0,0,0,0,0,0,0,0,0,0,0,0,0,0,0,0,0,0,0,0,0,0,0,0,0,0,0,0,0,0,0,0,0,0,0,0,0,0,0,0,0,0,1,0,0,0,0,0,0,0,0,0,0,0,0,0,0,0,0,0,0,0,0,0,0,0,5,1,5,6,137,0,2,11,1,5
370.ps1,1,3013,1,3012.0,3012,0,1,23,23,19,19,74,74,8,392,8,14,0,0,7,0,0,0,1,0,1,75,0,0,0,0,0,0,0,0,0,0,0,0,0,0,0,0,0,0,0,0,0,0,0,0,0,0,0,0,0,0,0,0,0,0,0,0,0,0,0,0,0,0,0,0,0,0,0,1,0,0,0,0,0,0,0,0,0,0,0,0,0,0,0,0,0,0,0,0,0,0,0,10,1,1,8,76,0,1,9,5,7
3720.ps1,1,1601,1,1600.0,1600,1,3,20,20,33,33,103,103,29,109,14,6,0,5,9,0,2,0,0,1,2,107,0,0,0,0,0,0,0,0,0,0,0,0,0,0,0,0,0,0,0,0,0,0,0,0,0,0,0,0,0,0,0,0,0,0,0,0,0,0,0,0,0,0,0,0,0,0,0,1,0,0,0,0,0,0,0,0,0,0,0,0,0,1,0,0,0,0,0,0,0,0,0,13,1,6,9,113,0,2,23,1,8
3709.ps1,1,1399,1,1398.0,1398,0,0,12,12,17,17,102,103,23,108,4,11,3,6,8,0,2,0,1,0,0,108,0,0,0,0,0,0,0,0,0,0,0,0,0,0,0,0,0,0,0,0,0,0,0,0,0,0,0,0,0,0,0,0,12,0,0,0,0,0,0,0,0,0,0,0,0,0,0,1,0,0,0,0,0,0,0,0,0,0,0,0,0,0,0,0,0,0,0,0,0,0,0,9,2,0,7,110,0,0,8,7,6
3729.ps1,1,2918,1,2917.0,2917,0,1,22,22,20,20,52,52,8,379,8,14,0,0,7,0,0,0,0,0,1,53,0,0,0,0,0,0,0,0,0,0,0,0,0,0,0,0,0,0,0,0,0,0,0,0,0,0,0,0,0,0,0,0,0,0,0,0,0,0,0,0,0,0,0,0,0,0,0,1,0,0,0,0,0,0,0,0,0,0,0,0,0,0,0,0,0,0,0,0,0,0,0,10,1,0,8,53,0,1,10,5,7
3726.ps1,1,1610,1,1609.0,1609,1,2,18,18,24,24,113,114,29,118,8,6,0,5,8,1,2,0,1,0,1,117,0,0,0,0,0,0,0,0,0,0,0,0,0,0,0,0,0,0,0,0,0,0,0,0,0,0,0,0,0,0,0,0,0,0,0,0,0,0,0,0,0,0,0,0,0,0,0,1,0,0,0,0,0,0,0,0,0,0,0,0,0,1,0,0,0,0,0,0,0,0,0,8,1,5,8,122,0,1,15,2,7
3745.ps1,1,2910,1,2909.0,2909,0,1,22,22,16,16,73,73,10,381,5,10,0,0,7,0,0,0,0,0,0,74,0,0,0,0,0,0,0,0,0,0,0,0,0,0,0,0,0,0,0,0,0,0,0,0,0,0,0,0,0,0,0,0,0,0,0,0,0,0,0,0,0,0,0,0,0,0,0,1,0,0,0,0,0,0,0,0,0,0,0,0,0,1,0,0,0,0,0,0,0,0,0,3,1,3,5,78,0,0,7,1,4
3740.ps1,1,1635,1,1634.0,1634,0,3,14,14,16,16,136,136,26,139,6,5,0,5,7,0,2,0,0,0,2,142,0,0,0,0,0,0,0,0,0,0,0,0,0,0,0,0,0,0,0,0,0,0,0,0,0,0,0,0,0,0,0,0,0,0,0,0,0,0,0,0,0,0,0,0,0,0,0,1,0,0,0,0,0,0,0,0,0,0,0,0,0,1,0,0,0,0,0,0,0,0,0,5,1,4,5,146,0,2,7,1,4
3748.ps1,1,1536,1,1535.0,1535,0,0,14,14,18,18,121,121,23,126,6,10,2,5,7,0,2,0,0,0,0,125,0,0,0,0,0,0,0,0,0,0,0,0,0,0,0,0,0,0,0,0,0,0,0,0,0,0,0,0,0,0,0,0,0,0,0,0,0,0,0,0,0,0,0,0,0,0,0,1,0,0,0,0,0,0,0,0,0,0,0,0,0,1,0,0,0,0,0,0,0,0,0,10,2,0,9,127,0,0,10,6,8
3714.ps1,1,2805,1,2804.0,2804,0,1,22,22,19,19,50,50,8,359,8,14,0,0,7,0,0,0,1,0,1,51,0,0,0,0,0,0,0,0,0,0,0,0,0,0,0,0,0,0,0,0,0,0,0,0,0,0,0,0,0,0,0,0,0,0,0,0,0,0,0,0,0,0,0,0,0,0,0,1,0,0,0,0,0,0,0,0,0,0,0,0,0,0,0,0,0,0,0,0,0,0,0,10,1,1,7,52,0,1,9,5,6
3770.ps1,1,1431,1,1430.0,1430,1,2,17,18,24,24,102,101,25,105,10,5,0,6,7,1,2,0,1,0,2,106,0,0,0,0,0,0,0,0,0,0,0,0,0,0,0,0,0,0,0,0,0,0,0,0,0,0,0,0,0,0,0,0,0,0,0,0,0,0,0,0,0,0,0,0,0,0,0,1,0,0,0,0,0,0,0,0,0,0,0,0,0,1,0,0,0,0,0,0,0,0,0,9,1,5,7,111,0,2,15,1,6
3769.ps1,1,1804,1,1803.0,1803,0,3,15,15,17,17,150,150,28,153,6,5,0,5,8,0,2,0,0,0,2,156,0,0,0,0,0,0,0,0,0,0,0,0,0,0,0,0,0,0,0,0,0,0,0,0,0,0,0,0,0,0,0,0,0,0,0,0,0,0,0,0,0,0,0,0,0,0,0,1,0,0,0,0,0,0,0,0,0,0,0,0,0,0,0,0,0,0,0,0,0,0,0,5,1,4,6,160,0,2,7,1,5
3771.ps1,1,1205,1,1204.0,1204,1,2,12,12,19,19,76,76,21,79,8,9,0,5,7,0,2,0,1,0,2,79,0,0,0,0,0,0,0,0,0,0,0,0,0,0,0,0,0,0,0,0,0,0,0,0,0,0,0,0,0,0,0,0,0,0,0,0,0,0,0,0,0,0,0,0,0,0,0,1,0,0,0,0,0,0,0,0,0,0,0,0,0,1,0,0,0,0,1,0,0,0,0,11,1,0,7,79,0,2,10,5,6
3725.ps1,1,1817,1,1816.0,1816,0,2,16,16,24,24,145,145,27,148,8,5,0,5,8,0,2,0,1,0,2,148,0,0,0,0,0,0,0,0,0,0,0,0,0,0,0,0,0,0,0,0,0,0,0,0,0,0,0,0,0,0,0,0,0,0,0,0,0,0,0,0,0,0,0,0,0,0,0,1,0,0,0,0,0,0,0,0,0,0,0,0,0,0,0,0,0,0,0,0,0,0,0,7,1,4,7,152,0,2,14,1,6
3772.ps1,1,3289,1,3288.0,3288,0,0,26,26,25,25,58,58,12,446,9,11,2,0,7,0,0,0,0,0,0,58,0,0,0,0,0,0,0,0,0,0,0,0,0,0,0,0,0,0,0,0,0,0,0,0,0,0,0,0,0,0,0,0,0,0,0,0,0,0,0,0,0,0,0,0,0,0,0,1,0,0,0,0,0,0,0,0,0,0,0,0,0,0,0,0,0,0,0,0,0,0,0,8,2,3,9,63,0,0,15,2,8
3774.ps1,1,3053,1,3052.0,3052,0,0,22,22,18,18,76,76,10,402,5,11,0,0,7,0,0,0,0,0,0,76,0,0,0,0,0,0,0,0,0,0,0,0,0,0,0,0,0,0,0,0,0,0,0,0,0,0,0,0,0,0,0,0,0,0,0,0,0,0,0,0,0,0,0,0,0,0,0,1,0,0,0,0,0,0,0,0,0,0,0,0,1,0,0,0,0,0,0,0,0,0,0,3,1,3,5,80,0,0,9,1,4
3778.ps1,1,396,1,395.0,395,0,1,6,6,2,2,37,37,7,33,0,5,0,3,0,0,0,0,1,0,1,33,0,0,0,0,0,0,0,0,0,0,0,0,0,0,0,0,0,0,0,0,0,0,0,0,0,0,0,0,0,0,0,0,0,0,0,0,0,0,0,0,0,0,0,0,0,0,0,2,0,0,0,0,0,0,0,0,0,0,0,0,0,0,0,0,0,0,0,0,0,0,0,3,1,0,5,33,0,1,1,2,4
3752.ps1,1,1456,1,1455.0,1455,1,2,12,12,18,17,106,107,25,110,7,9,0,5,8,1,2,0,1,0,2,110,0,0,0,0,0,0,0,0,0,0,0,0,0,0,0,0,0,0,0,0,0,0,0,0,0,0,0,0,0,0,0,0,0,0,0,0,0,0,0,0,0,0,0,0,0,0,0,1,0,0,0,0,0,0,0,0,0,0,0,0,0,0,0,0,0,0,0,0,0,0,0,9,1,0,7,110,0,2,7,5,6
3783.ps1,1,1592,1,1591.0,1591,1,3,20,20,31,32,108,107,29,111,14,5,0,5,8,0,2,1,1,0,2,110,0,0,0,0,0,0,0,0,0,0,0,0,0,0,0,0,0,0,0,0,0,0,0,0,0,0,0,0,0,0,0,0,0,0,0,0,0,0,0,0,0,0,0,0,0,0,0,1,0,0,0,0,0,0,0,0,0,0,0,0,0,0,0,0,0,0,0,0,0,0,0,13,1,5,10,115,0,2,21,1,9
3782.ps1,1,1706,1,1705.0,1705,1,0,12,13,20,21,143,142,21,146,8,9,0,5,7,0,3,1,0,0,0,143,0,0,0,0,0,0,0,0,0,0,0,0,0,0,0,0,0,0,0,0,0,0,0,0,0,0,0,0,0,0,0,0,0,0,0,0,0,0,0,0,0,0,0,0,0,0,0,1,0,0,0,0,0,0,0,0,0,0,0,0,0,2,0,0,0,0,0,0,0,0,0,11,1,0,7,144,0,0,13,5,6
3792.ps1,1,1593,1,1592.0,1592,0,0,18,18,25,25,117,117,27,123,8,6,2,5,8,1,2,1,1,0,0,122,0,0,0,0,0,0,0,0,0,0,0,0,0,0,0,0,0,0,0,0,0,0,0,0,0,0,0,0,0,0,0,0,0,0,0,0,0,0,0,0,0,0,0,0,0,0,0,1,0,0,0,0,0,0,0,0,0,0,0,0,0,1,0,0,0,0,0,0,0,0,0,8,2,5,8,129,0,0,17,2,7
3791.ps1,1,1555,1,1554.0,1554,1,0,19,19,27,27,99,99,28,102,8,9,0,5,11,0,2,0,0,0,0,100,0,0,0,0,0,0,0,0,0,0,0,0,0,0,0,0,0,0,0,0,0,0,0,0,0,0,0,0,0,0,0,0,0,0,0,0,0,0,0,0,0,0,0,0,0,0,0,1,0,0,0,0,0,0,0,0,0,0,0,0,0,2,0,0,0,0,0,0,0,0,0,7,1,6,7,107,0,0,19,1,6
3808.ps1,1,2982,1,2981.0,2981,0,2,23,23,23,23,73,73,8,381,11,13,0,0,7,0,0,0,0,0,2,72,0,0,0,0,0,0,0,0,0,0,0,0,0,0,0,0,0,0,0,0,0,0,0,0,0,0,0,0,0,0,0,0,0,0,0,0,0,0,0,0,0,0,0,0,0,0,0,1,0,0,0,0,0,0,0,0,0,0,0,0,0,0,0,0,0,0,0,0,0,0,0,12,1,0,9,72,0,2,12,4,8
3798.ps1,1,1376,1,1375.0,1375,1,0,16,16,22,22,97,97,25,100,8,6,0,5,7,0,2,0,0,0,0,99,0,0,0,0,0,0,0,0,0,0,0,0,0,0,0,0,0,0,0,0,0,0,0,0,0,0,0,0,0,0,0,0,0,0,0,0,0,0,0,0,0,0,0,0,0,0,0,1,0,0,0,0,0,0,0,0,0,0,0,0,1,1,0,0,0,0,0,0,0,1,0,7,1,4,7,104,0,0,15,1,6
378.ps1,1,3040,1,3039.0,3039,0,1,20,20,16,16,76,76,8,404,5,14,0,0,7,0,0,0,0,0,1,77,0,0,0,0,0,0,0,0,0,0,0,0,0,0,0,0,0,0,0,0,0,0,0,0,0,0,0,0,0,0,0,0,0,0,0,0,0,0,0,0,0,0,0,0,0,0,0,1,0,0,0,0,0,0,0,0,0,0,0,0,0,0,0,0,0,0,0,0,0,0,0,7,1,0,6,77,0,1,6,5,5
3799.ps1,1,3072,1,3071.0,3071,0,0,21,21,21,21,75,75,7,401,9,14,0,0,7,0,0,0,0,0,0,73,0,0,0,0,0,0,0,0,0,0,0,0,0,0,0,0,0,0,0,0,0,0,0,0,0,0,0,0,0,0,0,0,0,0,0,0,0,0,0,0,0,0,0,0,0,0,0,1,0,0,0,0,0,0,0,0,0,0,0,0,1,0,0,0,0,0,0,0,0,0,0,10,1,0,7,74,0,0,12,4,6
3833.ps1,1,2898,1,2897.0,2897,0,1,21,21,19,19,52,52,7,380,7,14,0,0,7,0,0,0,1,0,1,52,0,0,0,0,0,0,0,0,0,0,0,0,0,0,0,0,0,0,0,0,0,0,0,0,0,0,0,0,0,0,0,0,0,0,0,0,0,0,0,0,0,0,0,0,0,0,0,1,0,0,0,0,0,0,0,0,0,0,0,0,0,0,0,0,0,0,0,0,0,0,0,9,1,0,7,52,0,1,9,5,6
3822.ps1,1,3170,1,3169.0,3169,0,1,22,22,16,16,79,79,10,430,5,11,0,0,7,0,0,0,0,0,0,80,0,0,0,0,0,0,0,0,0,0,0,0,0,0,0,0,0,0,0,0,0,0,0,0,0,0,0,0,0,0,0,0,0,0,0,0,0,0,0,0,0,0,0,0,0,0,0,1,0,0,0,0,0,0,0,0,0,0,0,0,1,0,0,0,0,0,0,0,0,0,0,3,1,3,5,84,0,0,7,1,4
3824.ps1,1,2053,1,2052.0,2052,0,2,16,15,29,28,166,165,23,171,12,12,0,5,8,1,3,1,1,0,2,168,0,0,0,0,0,0,0,0,0,0,0,0,0,0,0,0,0,0,0,0,0,0,0,0,0,0,0,0,0,0,0,0,0,0,0,0,0,0,0,0,0,0,0,0,0,0,0,1,0,0,0,0,0,0,0,0,0,0,0,0,0,1,0,0,0,0,0,0,0,0,0,17,1,0,10,168,0,2,18,7,9
3814.ps1,1,3104,1,3103.0,3103,0,1,24,24,22,22,76,76,11,403,8,11,0,0,7,0,0,0,1,0,1,77,0,0,0,0,0,0,0,0,0,0,0,0,0,0,0,0,0,0,0,0,0,0,0,0,0,0,0,0,0,0,0,0,0,0,0,0,0,0,0,0,0,0,0,0,0,0,0,1,0,0,0,0,0,0,0,0,0,0,0,0,0,0,0,0,0,0,0,0,0,0,0,7,1,4,6,81,0,1,12,2,5
3816.ps1,1,581,1,580.0,580,0,1,8,8,10,10,35,35,10,38,5,7,0,3,2,0,0,0,0,0,1,39,0,0,0,0,0,0,0,0,0,0,0,0,0,0,0,0,0,0,0,0,0,0,0,0,0,0,0,0,0,0,0,0,0,0,0,0,0,0,0,0,0,0,0,0,0,0,0,1,0,0,0,0,0,0,0,0,0,0,0,0,0,0,0,0,0,0,0,0,0,0,0,10,1,1,7,40,0,1,9,5,6
3846.ps1,1,2921,1,2920.0,2920,0,1,25,25,20,20,52,52,12,380,7,11,2,0,7,0,0,0,0,0,0,54,0,0,0,0,0,0,0,0,0,0,0,0,0,0,0,0,0,0,0,0,0,0,0,0,0,0,0,0,0,0,0,0,0,0,0,0,0,0,0,0,0,0,0,0,0,0,0,1,0,0,0,0,0,0,0,0,0,0,0,0,0,0,0,0,0,0,0,0,0,0,0,6,2,3,8,59,0,0,10,2,7
3828.ps1,1,3226,1,3225.0,3225,0,2,23,23,20,20,80,80,10,433,7,11,0,0,7,0,0,0,1,0,1,81,0,0,0,0,0,0,0,0,0,0,0,0,0,0,0,0,0,0,0,0,0,0,0,0,0,0,0,0,0,0,0,0,0,0,0,0,0,0,0,0,0,0,0,0,0,0,0,1,0,0,0,0,0,0,0,0,0,0,0,0,0,0,0,0,0,0,0,0,0,0,0,6,1,3,6,84,0,1,10,2,5
3835.ps1,1,1594,1,1593.0,1593,1,2,11,12,17,18,125,124,24,128,6,9,0,5,8,0,2,0,1,0,2,128,0,0,0,0,0,0,0,0,0,0,0,0,0,0,0,0,0,0,0,0,0,0,0,0,0,0,0,0,0,0,0,0,0,0,0,0,0,0,0,0,0,0,0,0,0,0,0,1,0,0,0,0,0,0,0,0,0,0,0,0,0,0,0,0,0,0,0,0,0,0,0,9,1,0,6,128,0,2,7,5,5
3834.ps1,1,1692,1,1691.0,1691,0,2,13,13,18,18,121,122,26,127,7,14,1,9,7,0,2,1,2,0,2,127,0,0,0,0,0,0,0,0,0,0,0,0,0,0,0,0,0,0,0,0,0,0,0,0,0,0,0,0,0,0,0,0,0,0,0,0,0,0,0,0,0,0,0,0,0,0,0,1,0,0,0,0,0,0,0,0,0,0,0,0,0,2,0,0,0,0,0,0,0,0,0,11,1,0,7,127,0,2,9,7,6
3857.ps1,1,3394,1,3393.0,3393,0,2,29,29,29,29,84,84,16,383,11,18,0,0,12,0,0,0,3,0,1,84,0,0,0,0,0,0,0,0,0,0,0,0,0,0,0,0,0,0,0,0,0,0,0,0,0,0,0,0,0,0,0,0,0,0,0,0,0,0,0,0,0,0,0,0,0,0,0,1,0,0,0,0,0,0,0,0,0,0,0,0,0,2,0,0,0,0,0,0,0,0,0,9,1,4,8,88,0,1,16,2,7
3856.ps1,1,2938,1,2937.0,2937,0,2,21,21,17,17,73,73,7,381,7,13,0,0,7,0,0,0,1,0,2,74,0,0,0,0,0,0,0,0,0,0,0,0,0,0,0,0,0,0,0,0,0,0,0,0,0,0,0,0,0,0,0,0,0,0,0,0,0,0,0,0,0,0,0,0,0,0,0,1,0,0,0,0,0,0,0,0,0,0,0,0,0,0,0,0,0,0,0,0,0,0,0,8,1,0,7,74,0,2,6,4,6
3863.ps1,1,2880,1,2879.0,2879,0,1,22,22,22,22,51,51,7,360,8,14,0,0,8,0,0,0,1,0,1,52,0,0,0,0,0,0,0,0,0,0,0,0,0,0,0,0,0,0,0,0,0,0,0,0,0,0,0,0,0,0,0,0,0,0,0,0,0,0,0,0,0,0,0,0,0,0,0,1,0,0,0,0,0,0,0,0,0,0,0,0,0,0,0,0,0,0,0,0,0,0,0,10,1,0,8,52,0,1,10,5,7
3838.ps1,1,3102,1,3101.0,3101,0,2,25,25,23,23,76,76,10,404,9,11,0,0,7,0,0,0,1,0,1,76,0,0,0,0,0,0,0,0,0,0,0,0,0,0,0,0,0,0,0,0,0,0,0,0,0,0,0,0,0,0,0,0,0,0,0,0,0,0,0,0,0,0,0,0,0,0,0,1,0,0,0,0,0,0,0,0,0,0,0,0,0,0,0,0,0,0,0,0,0,0,0,8,1,3,8,79,0,1,13,2,7
3874.ps1,1,1267,1,1266.0,1266,1,1,14,14,20,20,77,78,22,82,7,12,0,6,7,1,2,1,1,0,1,82,0,0,0,0,0,0,0,0,0,0,0,0,0,0,0,0,0,0,0,0,0,0,0,0,0,0,0,0,0,0,0,0,0,0,0,0,0,0,0,0,0,0,0,0,0,0,0,1,0,0,0,0,0,0,0,0,0,0,0,0,0,1,0,0,0,0,0,0,0,1,0,12,1,0,9,82,0,1,12,7,8
3865.ps1,1,2850,1,2849.0,2849,0,1,20,20,13,13,52,52,7,380,3,14,0,0,7,0,0,0,1,0,1,54,0,0,0,0,0,0,0,0,0,0,0,0,0,0,0,0,0,0,0,0,0,0,0,0,0,0,0,0,0,0,0,0,0,0,0,0,0,0,0,0,0,0,0,0,0,0,0,1,0,0,0,0,0,0,0,0,0,0,0,0,0,0,0,0,0,0,0,0,0,0,0,5,1,0,6,54,0,1,3,5,5
387.ps1,1,3064,1,3063.0,3063,0,3,24,24,21,21,76,76,10,402,9,10,0,0,7,0,0,0,1,0,2,77,0,0,0,0,0,0,0,0,0,0,0,0,0,0,0,0,0,0,0,0,0,0,0,0,0,0,0,0,0,0,0,0,0,0,0,0,0,0,0,0,0,0,0,0,0,0,0,1,0,0,0,0,0,0,0,0,0,0,0,0,0,0,0,0,0,0,0,0,0,0,0,7,1,3,7,80,0,2,10,1,6
3869.ps1,1,3048,1,3047.0,3047,0,1,14,14,11,11,54,54,21,58,35,13,0,32,11,0,0,0,0,0,1,56,0,0,0,0,0,0,0,0,0,0,0,0,0,0,0,0,0,0,0,0,0,0,0,0,0,0,0,0,0,0,0,0,1,0,0,0,0,0,0,0,0,0,0,0,0,0,0,1,1,0,0,0,0,1,0,0,0,0,0,0,0,1,0,0,0,0,0,0,0,4,0,7,1,0,7,56,0,1,6,5,6
3868.ps1,1,1502,1,1501.0,1501,1,0,11,11,18,18,111,111,21,113,6,9,0,5,8,0,2,0,0,0,0,112,0,0,0,0,0,0,0,0,0,0,0,0,0,0,0,0,0,0,0,0,0,0,0,0,0,0,0,0,0,0,0,0,0,0,0,0,0,0,0,0,0,0,0,0,0,0,0,1,0,0,0,0,0,0,0,0,0,0,0,0,0,2,0,0,0,0,0,0,0,0,0,9,1,0,6,113,0,0,10,5,5
3886.ps1,1,2937,1,2936.0,2936,0,1,25,25,23,23,52,52,12,380,9,11,2,0,7,0,0,0,0,0,0,53,0,0,0,0,0,0,0,0,0,0,0,0,0,0,0,0,0,0,0,0,0,0,0,0,0,0,0,0,0,0,0,0,0,0,0,0,0,0,0,0,0,0,0,0,0,0,0,1,0,0,0,0,0,0,0,0,0,0,0,0,0,0,0,0,0,0,0,0,0,0,0,8,2,3,8,58,0,0,13,2,7
3875.ps1,1,3113,1,3112.0,3112,0,2,25,25,26,26,76,76,10,402,11,10,0,0,7,0,0,0,1,0,2,75,0,0,0,0,0,0,0,0,0,0,0,0,0,0,0,0,0,0,0,0,0,0,0,0,0,0,0,0,0,0,0,0,0,0,0,0,0,0,0,0,0,0,0,0,0,0,0,1,0,0,0,0,0,0,0,0,0,0,0,0,0,0,0,0,0,0,0,0,0,0,0,9,1,3,8,78,0,2,15,1,7
3858.ps1,1,2902,1,2901.0,2901,0,0,22,22,19,19,52,52,9,380,7,14,2,0,7,0,0,0,0,0,0,53,0,0,0,0,0,0,0,0,0,0,0,0,0,0,0,0,0,0,0,0,0,0,0,0,0,0,0,0,0,0,0,0,0,0,0,0,0,0,0,0,0,0,0,0,0,0,0,1,0,0,0,0,0,0,0,0,0,0,0,0,0,0,0,0,0,0,0,0,0,0,0,9,2,0,8,55,0,0,9,5,7
3866.ps1,1,3332,1,3331.0,3331,0,3,22,22,18,18,83,83,11,456,7,10,0,0,7,0,0,0,0,0,2,85,0,0,0,0,0,0,0,0,0,0,0,0,0,0,0,0,0,0,0,0,0,0,0,0,0,0,0,0,0,0,0,0,0,0,0,0,0,0,0,0,0,0,0,0,0,0,0,1,0,0,0,0,0,0,0,0,0,0,0,0,0,0,0,0,0,0,0,0,0,0,0,5,1,3,5,88,0,2,7,1,4
3903.ps1,1,2007,1,2007.0,2007,0,2,23,23,5,5,34,34,38,38,16,15,1,25,1,0,0,0,1,0,1,40,0,0,0,0,0,0,0,0,0,0,0,0,0,0,0,0,0,0,0,0,0,0,0,0,0,0,0,0,0,0,0,0,0,0,0,0,0,0,0,0,0,0,0,0,0,0,0,2,0,0,0,0,0,0,0,0,0,0,0,0,0,0,0,0,0,0,0,0,0,0,0,2,1,3,5,43,0,1,4,2,4
3891.ps1,1,1497,1,1496.0,1496,0,0,12,12,18,18,112,112,23,115,6,9,0,5,8,0,2,0,0,0,0,114,0,0,0,0,0,0,0,0,0,0,0,0,0,0,0,0,0,0,0,0,0,0,0,0,0,0,0,0,0,0,0,0,0,0,0,0,0,0,0,0,0,0,0,0,0,0,0,1,0,0,0,0,0,0,0,0,0,0,0,0,0,1,0,0,0,0,0,0,0,1,0,9,1,0,7,115,0,0,10,5,6
390.ps1,1,2753,1,2752.0,2752,0,1,20,20,13,13,50,50,8,360,3,14,0,0,7,0,0,0,0,0,1,52,0,0,0,0,0,0,0,0,0,0,0,0,0,0,0,0,0,0,0,0,0,0,0,0,0,0,0,0,0,0,0,0,0,0,0,0,0,0,0,0,0,0,0,0,0,0,0,1,0,0,0,0,0,0,0,0,0,0,0,0,0,0,0,0,0,0,0,0,0,0,0,5,1,0,6,52,0,1,3,5,5
3894.ps1,1,2935,1,2934.0,2934,0,0,24,24,22,22,52,52,12,380,7,12,2,0,7,0,0,0,0,0,0,53,0,0,0,0,0,0,0,0,0,0,0,0,0,0,0,0,0,0,0,0,0,0,0,0,0,0,0,0,0,0,0,0,0,0,0,0,0,0,0,0,0,0,0,0,0,0,0,1,0,0,0,0,0,0,0,0,0,0,0,0,0,0,0,0,0,0,0,0,0,0,0,6,2,3,7,58,0,0,12,2,6
3898.ps1,1,2899,1,2898.0,2898,0,1,23,23,22,22,52,52,10,378,9,10,0,0,7,0,0,0,0,0,0,51,0,0,0,0,0,0,0,0,0,0,0,0,0,0,0,0,0,0,0,0,0,0,0,0,0,0,0,0,0,0,0,0,0,0,0,0,0,0,0,0,0,0,0,0,0,0,0,1,0,0,0,0,0,0,0,0,0,0,0,0,0,1,0,0,0,0,0,0,0,0,0,7,1,3,6,55,0,0,13,1,5
392.ps1,1,3084,1,3083.0,3083,0,1,24,24,22,22,76,76,10,402,9,11,0,0,7,0,0,0,0,0,0,75,0,0,0,0,0,0,0,0,0,0,0,0,0,0,0,0,0,0,0,0,0,0,0,0,0,0,0,0,0,0,0,0,0,0,0,0,0,0,0,0,0,0,0,0,0,0,0,1,0,0,0,0,0,0,0,0,0,0,0,0,1,0,0,0,0,0,0,0,0,0,0,7,1,3,7,79,0,0,13,1,6
3906.ps1,1,3029,1,3028.0,3028,0,0,21,21,15,15,76,76,10,402,3,11,0,0,7,0,0,0,0,0,0,77,0,0,0,0,0,0,0,0,0,0,0,0,0,0,0,0,0,0,0,0,0,0,0,0,0,0,0,0,0,0,0,0,0,0,0,0,0,0,0,0,0,0,0,0,0,0,0,1,0,0,0,0,0,0,0,0,0,0,0,0,1,0,0,0,0,0,0,0,0,0,0,1,1,3,4,81,0,0,6,1,3
3918.ps1,1,3180,1,3179.0,3179,0,1,23,23,22,22,57,57,10,430,9,11,0,0,7,0,0,0,0,0,0,56,0,0,0,0,0,0,0,0,0,0,0,0,0,0,0,0,0,0,0,0,0,0,0,0,0,0,0,0,0,0,0,0,0,0,0,0,0,0,0,0,0,0,0,0,0,0,0,1,0,0,0,0,0,0,0,0,0,0,0,0,1,0,0,0,0,0,0,0,0,0,0,7,1,3,6,60,0,0,13,1,5
3907.ps1,1,1793,1,1792.0,1792,1,0,16,16,24,24,146,146,23,151,10,10,2,5,7,0,2,0,0,0,0,148,0,0,0,0,0,0,0,0,0,0,0,0,0,0,0,0,0,0,0,0,0,0,0,0,0,0,0,0,0,0,0,0,0,0,0,0,0,0,0,0,0,0,0,0,0,0,0,1,0,0,0,0,0,0,0,0,0,0,0,0,0,1,0,0,0,0,0,0,0,0,0,14,2,0,11,150,0,0,16,6,10
3920.ps1,1,3063,1,3062.0,3062,0,1,23,23,17,17,76,76,12,404,5,11,2,0,7,0,0,0,0,0,0,79,0,0,0,0,0,0,0,0,0,0,0,0,0,0,0,0,0,0,0,0,0,0,0,0,0,0,0,0,0,0,0,0,0,0,0,0,0,0,0,0,0,0,0,0,0,0,0,1,0,0,0,0,0,0,0,0,0,0,0,0,0,0,0,0,0,0,0,0,0,0,0,4,2,3,6,84,0,0,7,2,5
3902.ps1,1,3065,1,3064.0,3064,0,2,22,22,20,20,76,76,8,402,9,13,0,0,7,0,0,0,0,0,2,76,0,0,0,0,0,0,0,0,0,0,0,0,0,0,0,0,0,0,0,0,0,0,0,0,0,0,0,0,0,0,0,0,0,0,0,0,0,0,0,0,0,0,0,0,0,0,0,1,0,0,0,0,0,0,0,0,0,0,0,0,0,0,0,0,0,0,0,0,0,0,0,10,1,0,8,76,0,2,9,4,7
3935.ps1,1,2894,1,2893.0,2893,0,0,22,22,21,21,52,52,10,378,7,10,0,0,7,0,0,0,0,0,0,51,0,0,0,0,0,0,0,0,0,0,0,0,0,0,0,0,0,0,0,0,0,0,0,0,0,0,0,0,0,0,0,0,0,0,0,0,0,0,0,0,0,0,0,0,0,0,0,1,0,0,0,0,0,0,0,0,0,0,0,0,0,1,0,0,0,0,0,0,0,0,0,5,1,3,5,55,0,0,12,1,4
3956.ps1,1,3038,1,3037.0,3037,0,1,22,22,16,16,76,76,10,402,5,11,0,0,7,0,0,0,0,0,0,77,0,0,0,0,0,0,0,0,0,0,0,0,0,0,0,0,0,0,0,0,0,0,0,0,0,0,0,0,0,0,0,0,0,0,0,0,0,0,0,0,0,0,0,0,0,0,0,1,0,0,0,0,0,0,0,0,0,0,0,0,1,0,0,0,0,0,0,0,0,0,0,3,1,3,5,81,0,0,7,1,4
3938.ps1,1,2920,1,2919.0,2919,0,2,24,24,23,23,52,52,10,378,9,10,0,0,7,0,0,0,1,0,2,52,0,0,0,0,0,0,0,0,0,0,0,0,0,0,0,0,0,0,0,0,0,0,0,0,0,0,0,0,0,0,0,0,0,0,0,0,0,0,0,0,0,0,0,0,0,0,0,1,0,0,0,0,0,0,0,0,0,0,0,0,0,0,0,0,0,0,0,0,0,0,0,7,1,3,7,55,0,2,12,1,6
3940.ps1,1,3233,1,3232.0,3232,0,2,20,20,17,17,81,81,8,439,7,13,0,0,7,0,0,0,0,0,2,82,0,0,0,0,0,0,0,0,0,0,0,0,0,0,0,0,0,0,0,0,0,0,0,0,0,0,0,0,0,0,0,0,0,0,0,0,0,0,0,0,0,0,0,0,0,0,0,1,0,0,0,0,0,0,0,0,0,0,0,0,0,0,0,0,0,0,0,0,0,0,0,8,1,0,6,82,0,2,6,4,5
3952.ps1,1,331,1,330.0,330,1,0,6,6,2,2,26,26,6,26,0,3,0,3,0,0,0,0,0,0,0,28,0,0,0,0,0,0,0,0,0,0,0,0,0,0,0,0,0,0,0,0,0,0,0,0,0,0,0,0,0,0,0,0,1,0,0,0,0,0,0,0,0,0,0,0,0,0,0,1,0,0,0,0,0,0,0,0,0,0,0,0,1,1,0,0,0,0,0,0,0,0,0,1,1,1,4,30,0,0,2,1,3
3954.ps1,1,2872,1,2871.0,2871,0,2,21,21,17,17,52,52,8,378,7,13,0,0,7,0,0,0,0,0,2,53,0,0,0,0,0,0,0,0,0,0,0,0,0,0,0,0,0,0,0,0,0,0,0,0,0,0,0,0,0,0,0,0,0,0,0,0,0,0,0,0,0,0,0,0,0,0,0,1,0,0,0,0,0,0,0,0,0,0,0,0,0,0,0,0,0,0,0,0,0,0,0,8,1,0,7,53,0,2,6,4,6
3957.ps1,1,3092,1,3091.0,3091,0,2,23,23,23,23,76,76,7,402,11,13,0,0,7,0,0,0,1,0,2,75,0,0,0,0,0,0,0,0,0,0,0,0,0,0,0,0,0,0,0,0,0,0,0,0,0,0,0,0,0,0,0,0,0,0,0,0,0,0,0,0,0,0,0,0,0,0,0,1,0,0,0,0,0,0,0,0,0,0,0,0,0,0,0,0,0,0,0,0,0,0,0,12,1,0,9,75,0,2,12,4,8
396.ps1,1,3034,1,3033.0,3033,0,0,21,21,21,21,54,54,7,405,9,14,0,0,7,0,0,0,0,0,0,52,0,0,0,0,0,0,0,0,0,0,0,0,0,0,0,0,0,0,0,0,0,0,0,0,0,0,0,0,0,0,0,0,0,0,0,0,0,0,0,0,0,0,0,0,0,0,0,1,0,0,0,0,0,0,0,0,0,0,0,0,1,0,0,0,0,0,0,0,0,0,0,10,1,0,7,53,0,0,12,4,6
3959.ps1,1,3105,1,3104.0,3104,0,1,25,25,23,23,76,76,10,403,8,11,0,0,7,0,0,0,1,0,1,77,0,0,0,0,0,0,0,0,0,0,0,0,0,0,0,0,0,0,0,0,0,0,0,0,0,0,0,0,0,0,0,0,0,0,0,0,0,0,0,0,0,0,0,0,0,0,0,1,0,0,0,0,0,0,0,0,0,0,0,0,0,0,0,0,0,0,0,0,0,0,0,7,1,3,8,80,0,1,13,2,7
3966.ps1,1,3039,1,3038.0,3038,0,2,22,22,22,22,75,75,7,383,9,13,0,0,8,0,0,0,1,0,2,75,0,0,0,0,0,0,0,0,0,0,0,0,0,0,0,0,0,0,0,0,0,0,0,0,0,0,0,0,0,0,0,0,0,0,0,0,0,0,0,0,0,0,0,0,0,0,0,1,0,0,0,0,0,0,0,0,0,0,0,0,0,0,0,0,0,0,0,0,0,0,0,10,1,0,8,75,0,2,9,4,7
3915.ps1,1,3060,1,3059.0,3059,0,1,23,23,16,16,76,76,11,403,4,11,0,0,7,0,0,0,1,0,1,79,0,0,0,0,0,0,0,0,0,0,0,0,0,0,0,0,0,0,0,0,0,0,0,0,0,0,0,0,0,0,0,0,2,0,0,0,0,0,0,0,0,0,0,0,0,0,0,1,0,0,0,0,0,0,0,0,0,0,0,0,0,0,0,0,0,0,0,0,0,0,0,3,1,4,5,83,0,1,6,2,4
3970.ps1,1,3050,1,3049.0,3049,0,2,23,23,17,17,76,76,11,404,5,11,0,0,7,0,0,0,0,0,1,78,0,0,0,0,0,0,0,0,0,0,0,0,0,0,0,0,0,0,0,0,0,0,0,0,0,0,0,0,0,0,0,0,0,0,0,0,0,0,0,0,0,0,0,0,0,0,0,1,0,0,0,0,0,0,0,0,0,0,0,0,0,0,0,0,0,0,0,0,0,0,0,4,1,3,6,81,0,1,7,2,5
3982.ps1,1,3082,1,3081.0,3081,0,2,23,23,23,23,75,75,7,401,11,13,0,0,7,0,0,0,1,0,2,74,0,0,0,0,0,0,0,0,0,0,0,0,0,0,0,0,0,0,0,0,0,0,0,0,0,0,0,0,0,0,0,0,0,0,0,0,0,0,0,0,0,0,0,0,0,0,0,1,0,0,0,0,0,0,0,0,0,0,0,0,0,0,0,0,0,0,0,0,0,0,0,12,1,0,9,74,0,2,12,4,8
3963.ps1,1,1882,1,1881.0,1881,0,0,10,10,15,15,162,162,23,165,4,10,0,5,8,0,2,0,0,0,0,165,0,0,0,0,0,0,0,0,0,0,0,0,0,0,0,0,0,0,0,0,0,0,0,0,0,0,0,0,0,0,0,0,0,0,0,0,0,0,0,0,0,0,0,0,0,0,0,1,0,0,0,0,0,0,0,0,0,0,0,0,1,0,0,0,0,1,1,0,0,0,0,7,1,0,5,166,0,0,7,5,4
3979.ps1,1,3186,1,3185.0,3185,0,0,22,22,19,19,57,57,8,432,7,14,2,0,7,0,0,0,1,0,0,58,0,0,0,0,0,0,0,0,0,0,0,0,0,0,0,0,0,0,0,0,0,0,0,0,0,0,0,0,0,0,0,0,0,0,0,0,0,0,0,0,0,0,0,0,0,0,0,1,0,0,0,0,0,0,0,0,0,0,0,0,0,0,0,0,0,0,0,0,0,0,0,9,2,0,8,60,0,0,9,5,7
3984.ps1,1,3528,1,3527.0,3527,0,1,29,29,28,28,88,88,17,414,9,13,0,0,11,0,0,0,2,0,1,88,0,0,0,0,0,0,0,0,0,0,0,0,0,0,0,0,0,0,0,0,0,0,0,0,0,0,0,0,0,0,0,0,0,0,0,0,0,0,0,0,0,0,0,0,0,0,0,1,0,0,0,1,0,0,0,0,0,0,0,0,0,1,0,0,0,0,0,0,0,0,0,7,1,4,8,92,0,1,15,2,7
3968.ps1,1,2544,1,2544.0,2544,0,1,19,19,20,20,199,199,21,197,6,5,0,5,18,1,1,1,0,0,1,194,0,0,0,0,0,0,0,0,0,0,0,0,0,0,0,0,0,0,0,0,0,0,0,0,0,0,0,0,0,0,0,0,0,0,0,0,0,0,0,0,0,0,0,0,0,0,0,1,0,0,0,0,0,0,0,0,0,0,0,0,0,0,0,0,0,0,0,0,0,0,0,6,1,2,7,196,0,1,10,2,6
3985.ps1,1,3051,1,3050.0,3050,0,3,22,22,18,18,76,76,10,402,7,10,0,0,7,0,0,0,1,0,2,78,0,0,0,0,0,0,0,0,0,0,0,0,0,0,0,0,0,0,0,0,0,0,0,0,0,0,0,0,0,0,0,0,0,0,0,0,0,0,0,0,0,0,0,0,0,0,0,1,0,0,0,0,0,0,0,0,0,0,0,0,0,0,0,0,0,0,0,0,0,0,0,5,1,3,5,81,0,2,7,1,4
397.ps1,1,3066,1,3065.0,3065,0,0,21,21,21,21,76,76,7,402,9,14,0,0,7,0,0,0,0,0,0,74,0,0,0,0,0,0,0,0,0,0,0,0,0,0,0,0,0,0,0,0,0,0,0,0,0,0,0,0,0,0,0,0,0,0,0,0,0,0,0,0,0,0,0,0,0,0,0,1,0,0,0,0,0,0,0,0,0,0,0,0,1,0,0,0,0,0,0,0,0,0,0,10,1,0,7,75,0,0,12,4,6
402.ps1,1,2940,1,2939.0,2939,0,2,22,22,20,20,73,73,7,381,9,13,0,0,7,0,0,0,1,0,2,73,0,0,0,0,0,0,0,0,0,0,0,0,0,0,0,0,0,0,0,0,0,0,0,0,0,0,0,0,0,0,0,0,0,0,0,0,0,0,0,0,0,0,0,0,0,0,0,1,0,0,0,0,0,0,0,0,0,0,0,0,0,0,0,0,0,0,0,0,0,0,0,10,1,0,8,73,0,2,9,4,7
3999.ps1,1,2881,1,2880.0,2880,0,0,21,21,16,16,52,52,8,380,5,14,2,0,7,0,0,0,1,0,0,54,0,0,0,0,0,0,0,0,0,0,0,0,0,0,0,0,0,0,0,0,0,0,0,0,0,0,0,0,0,0,0,0,0,0,0,0,0,0,0,0,0,0,0,0,0,0,0,1,0,0,0,0,0,0,0,0,0,0,0,0,0,0,0,0,0,0,0,0,0,0,0,7,2,0,7,56,0,0,6,5,6
4.ps1,1,2919,1,2918.0,2918,0,0,17,17,17,17,51,51,25,55,34,10,2,23,11,0,0,0,0,0,0,53,0,0,0,0,0,0,0,0,0,0,0,0,0,0,0,0,0,0,0,0,0,0,0,0,0,0,0,0,0,0,0,0,2,0,0,0,0,0,0,0,0,0,0,0,0,0,0,1,1,0,0,0,0,0,0,0,0,0,0,0,0,1,0,0,0,0,0,0,0,4,0,6,2,3,7,58,0,0,12,2,6
4007.ps1,1,2913,1,2912.0,2912,0,1,24,24,19,19,52,52,11,379,6,11,0,0,7,0,0,0,1,0,1,54,0,0,0,0,0,0,0,0,0,0,0,0,0,0,0,0,0,0,0,0,0,0,0,0,0,0,0,0,0,0,0,0,0,0,0,0,0,0,0,0,0,0,0,0,0,0,0,1,0,0,0,0,0,0,0,0,0,0,0,0,0,0,0,0,0,0,0,0,0,0,0,5,1,4,6,58,0,1,9,2,5
4027.ps1,1,1413,1,1412.0,1412,1,1,16,16,24,24,91,91,28,95,7,6,0,5,8,0,2,0,0,0,1,95,0,0,0,0,0,0,0,0,0,0,0,0,0,0,0,0,0,0,0,0,0,0,0,0,0,0,0,0,0,0,0,0,0,0,0,0,0,0,0,0,0,0,0,0,0,0,0,1,0,0,0,0,0,0,0,0,0,0,0,0,0,1,0,0,0,0,0,1,0,0,0,7,1,4,7,99,0,1,15,2,6
4020.ps1,1,3086,1,3085.0,3085,0,2,23,23,23,23,76,76,10,402,9,10,0,0,7,0,0,0,1,0,2,76,0,0,0,0,0,0,0,0,0,0,0,0,0,0,0,0,0,0,0,0,0,0,0,0,0,0,0,0,0,0,0,0,2,0,0,0,0,0,0,0,0,0,0,0,0,0,0,1,0,0,0,0,0,0,0,0,0,0,0,0,0,0,0,0,0,0,0,0,0,0,0,7,1,3,6,79,0,2,12,1,5
4031.ps1,1,3131,1,3130.0,3130,0,1,26,26,25,25,76,76,11,403,10,11,0,0,7,0,0,0,1,0,1,76,0,0,0,0,0,0,0,0,0,0,0,0,0,0,0,0,0,0,0,0,0,0,0,0,0,0,0,0,0,0,0,0,0,0,0,0,0,0,0,0,0,0,0,0,0,0,0,1,0,0,0,0,0,0,0,0,0,0,0,0,0,0,0,0,0,0,0,0,0,0,0,9,1,4,8,80,0,1,15,2,7
4024.ps1,1,3330,1,3329.0,3329,0,2,21,21,20,20,83,83,8,453,9,13,0,0,7,0,0,0,0,0,2,83,0,0,0,0,0,0,0,0,0,0,0,0,0,0,0,0,0,0,0,0,0,0,0,0,0,0,0,0,0,0,0,0,0,0,0,0,0,0,0,0,0,0,0,0,0,0,0,1,0,0,0,0,0,0,0,0,0,0,0,0,0,0,0,0,0,0,0,0,0,0,0,10,1,0,7,83,0,2,9,4,6
4033.ps1,1,2043,1,2042.0,2042,1,3,17,17,22,22,167,167,27,166,8,8,0,5,10,0,2,0,1,0,2,167,0,0,0,0,0,0,0,0,0,0,0,0,0,0,0,0,0,0,0,0,0,0,0,0,0,0,0,0,0,0,0,0,0,0,0,0,0,0,0,0,0,0,0,0,0,0,0,1,0,0,0,0,0,0,0,0,0,0,0,0,0,1,0,0,0,0,0,0,0,0,0,7,1,4,7,171,0,2,12,1,6
405.ps1,1,3333,1,3332.0,3332,0,0,23,23,19,19,82,82,8,453,7,14,2,0,7,0,0,0,1,0,0,83,0,0,0,0,0,0,0,0,0,0,0,0,0,0,0,0,0,0,0,0,0,0,0,0,0,0,0,0,0,0,0,0,0,0,0,0,0,0,0,0,0,0,0,0,0,0,0,1,0,0,0,0,0,0,0,0,0,0,0,0,0,0,0,0,0,0,0,0,0,0,0,9,2,0,9,85,0,0,9,5,8
4038.ps1,1,1205,1,1204.0,1204,1,0,14,14,18,18,77,77,25,80,4,6,0,5,7,0,2,0,0,0,0,80,0,0,0,0,0,0,0,0,0,0,0,0,0,0,0,0,0,0,0,0,0,0,0,0,0,0,0,0,0,0,0,0,0,0,0,0,0,0,0,0,0,0,0,0,0,0,0,1,0,0,0,0,0,0,0,0,0,0,0,0,1,0,0,0,0,0,0,0,0,0,0,3,1,4,5,85,0,0,11,1,4
4049.ps1,1,2771,1,2770.0,2770,0,2,22,22,17,17,50,50,10,358,5,10,0,0,7,0,0,0,1,0,2,52,0,0,0,0,0,0,0,0,0,0,0,0,0,0,0,0,0,0,0,0,0,0,0,0,0,0,0,0,0,0,0,0,0,0,0,0,0,0,0,0,0,0,0,0,0,0,0,1,0,0,0,0,0,0,0,0,0,0,0,0,0,0,0,0,0,0,0,0,0,0,0,3,1,3,5,55,0,2,6,1,4
4032.ps1,1,3093,1,3092.0,3092,0,1,23,23,19,19,76,76,8,403,8,14,0,0,7,0,0,0,1,0,1,77,0,0,0,0,0,0,0,0,0,0,0,0,0,0,0,0,0,0,0,0,0,0,0,0,0,0,0,0,0,0,0,0,0,0,0,0,0,0,0,0,0,0,0,0,0,0,0,1,0,0,0,0,0,0,0,0,0,0,0,0,0,0,0,0,0,0,0,0,0,0,0,10,1,1,8,78,0,1,9,5,7
4040.ps1,1,2899,1,2898.0,2898,0,0,22,22,19,19,52,52,9,380,7,14,2,0,7,0,0,0,0,0,0,53,0,0,0,0,0,0,0,0,0,0,0,0,0,0,0,0,0,0,0,0,0,0,0,0,0,0,0,0,0,0,0,0,0,0,0,0,0,0,0,0,0,0,0,0,0,0,0,1,0,0,0,0,0,0,0,0,0,0,0,0,0,0,0,0,0,0,0,0,0,0,0,9,2,0,8,55,0,0,9,5,7
4045.ps1,1,3411,1,3410.0,3410,0,3,21,21,15,15,86,86,10,476,5,10,0,0,7,0,0,0,1,0,2,89,0,0,0,0,0,0,0,0,0,0,0,0,0,0,0,0,0,0,0,0,0,0,0,0,0,0,0,0,0,0,0,0,0,0,0,0,0,0,0,0,0,0,0,0,0,0,0,1,0,0,0,0,0,0,0,0,0,0,0,0,0,0,0,0,0,0,0,0,0,0,0,3,1,3,4,92,0,2,4,1,3
4062.ps1,1,1882,1,1881.0,1881,0,2,13,13,19,18,157,157,25,161,7,10,0,5,9,0,3,0,1,0,2,161,0,0,0,0,0,0,0,0,0,0,0,0,0,0,0,0,0,0,0,0,0,0,0,0,0,0,0,0,0,0,0,0,0,0,0,0,0,0,0,0,0,0,0,0,0,0,0,1,0,0,0,0,0,0,0,0,0,0,0,0,0,1,0,0,0,0,0,0,0,0,0,10,1,0,7,161,0,2,8,6,6
4073.ps1,1,3150,1,3149.0,3149,0,3,23,23,18,18,57,57,11,430,7,10,0,0,7,0,0,0,0,0,2,59,0,0,0,0,0,0,0,0,0,0,0,0,0,0,0,0,0,0,0,0,0,0,0,0,0,0,0,0,0,0,0,0,0,0,0,0,0,0,0,0,0,0,0,0,0,0,0,1,0,0,0,0,0,0,0,0,0,0,0,0,0,0,0,0,0,0,0,0,0,0,0,5,1,3,6,62,0,2,7,1,5
4065.ps1,1,3054,1,3053.0,3053,0,3,23,23,18,18,76,76,10,402,7,10,0,0,7,0,0,0,1,0,2,78,0,0,0,0,0,0,0,0,0,0,0,0,0,0,0,0,0,0,0,0,0,0,0,0,0,0,0,0,0,0,0,0,0,0,0,0,0,0,0,0,0,0,0,0,0,0,0,1,0,0,0,0,0,0,0,0,0,0,0,0,0,0,0,0,0,0,0,0,0,0,0,5,1,3,6,81,0,2,7,1,5
413.ps1,1,2942,1,2941.0,2941,0,2,21,21,20,20,73,73,8,381,9,13,0,0,7,0,0,0,0,0,2,73,0,0,0,0,0,0,0,0,0,0,0,0,0,0,0,0,0,0,0,0,0,0,0,0,0,0,0,0,0,0,0,0,0,0,0,0,0,0,0,0,0,0,0,0,0,0,0,1,0,0,0,0,0,0,0,0,0,0,0,0,0,0,0,0,0,0,0,0,0,0,0,10,1,0,7,73,0,2,9,4,6
409.ps1,1,2775,1,2774.0,2774,0,1,23,23,16,16,50,50,11,359,4,11,0,0,7,0,0,0,1,0,1,53,0,0,0,0,0,0,0,0,0,0,0,0,0,0,0,0,0,0,0,0,0,0,0,0,0,0,0,0,0,0,0,0,0,0,0,0,0,0,0,0,0,0,0,0,0,0,0,1,0,0,0,0,0,0,0,0,0,0,0,0,0,0,0,0,0,0,0,0,0,0,0,3,1,4,5,57,0,1,6,2,4
406.ps1,1,3032,1,3031.0,3031,0,2,21,21,17,17,76,76,7,402,7,13,0,0,7,0,0,0,1,0,2,77,0,0,0,0,0,0,0,0,0,0,0,0,0,0,0,0,0,0,0,0,0,0,0,0,0,0,0,0,0,0,0,0,0,0,0,0,0,0,0,0,0,0,0,0,0,0,0,1,0,0,0,0,0,0,0,0,0,0,0,0,0,0,0,0,0,0,0,0,0,0,0,8,1,0,7,77,0,2,6,4,6
414.ps1,1,2937,1,2936.0,2936,0,1,22,22,19,19,73,73,11,383,5,11,0,0,7,0,0,0,0,0,1,74,0,0,0,0,0,0,0,0,0,0,0,0,0,0,0,0,0,0,0,0,0,0,0,0,0,0,0,0,0,0,0,0,0,0,0,0,0,0,0,0,0,0,0,0,0,0,0,1,0,0,0,0,0,0,0,0,0,0,0,0,0,0,0,0,0,0,0,0,0,0,0,4,1,3,5,77,0,1,9,2,4
4057.ps1,1,1594,1,1593.0,1593,0,0,13,13,20,20,121,122,23,128,6,12,3,6,7,0,3,0,1,0,0,127,0,0,0,0,0,0,0,0,0,0,0,0,0,0,0,0,0,0,0,0,0,0,0,0,0,0,0,0,0,0,0,0,0,0,0,0,0,0,0,0,0,0,0,0,0,0,0,1,0,0,0,0,0,0,0,0,0,0,0,0,0,1,0,0,0,0,0,0,0,0,0,12,2,0,8,129,0,0,12,8,7
4064.ps1,1,2780,1,2779.0,2779,0,0,21,21,18,18,50,50,7,358,7,14,0,0,7,0,0,0,0,0,0,49,0,0,0,0,0,0,0,0,0,0,0,0,0,0,0,0,0,0,0,0,0,0,0,0,0,0,0,0,0,0,0,0,0,0,0,0,0,0,0,0,0,0,0,0,0,0,0,1,0,0,0,0,0,0,0,0,0,0,0,0,1,0,0,0,0,0,0,0,0,0,0,8,1,0,7,50,0,0,9,4,6
417.ps1,1,2801,1,2800.0,2800,0,1,25,25,20,20,50,50,11,360,7,11,2,0,7,0,0,0,1,0,0,52,0,0,0,0,0,0,0,0,0,0,0,0,0,0,0,0,0,0,0,0,0,0,0,0,0,0,0,0,0,0,0,0,0,0,0,0,0,0,0,0,0,0,0,0,0,0,0,1,0,0,0,0,0,0,0,0,0,0,0,0,0,0,0,0,0,0,0,0,0,0,0,6,2,3,8,57,0,0,10,2,7
416.ps1,1,2976,1,2975.0,2975,0,2,21,21,17,17,74,74,7,391,7,13,0,0,7,0,0,0,1,0,2,75,0,0,0,0,0,0,0,0,0,0,0,0,0,0,0,0,0,0,0,0,0,0,0,0,0,0,0,0,0,0,0,0,0,0,0,0,0,0,0,0,0,0,0,0,0,0,0,1,0,0,0,0,0,0,0,0,0,0,0,0,0,0,0,0,0,0,0,0,0,0,0,8,1,0,7,75,0,2,6,4,6
435.ps1,1,2964,1,2963.0,2963,0,2,23,23,23,23,73,73,10,381,9,10,0,0,7,0,0,0,1,0,2,73,0,0,0,0,0,0,0,0,0,0,0,0,0,0,0,0,0,0,0,0,0,0,0,0,0,0,0,0,0,0,0,0,0,0,0,0,0,0,0,0,0,0,0,0,0,0,0,1,0,0,0,0,0,0,0,0,0,0,0,0,0,0,0,0,0,0,0,0,0,0,0,7,1,3,6,76,0,2,12,1,5
43.ps1,1,3029,1,3028.0,3028,0,2,20,20,17,17,76,76,8,402,7,13,0,0,7,0,0,0,0,0,2,77,0,0,0,0,0,0,0,0,0,0,0,0,0,0,0,0,0,0,0,0,0,0,0,0,0,0,0,0,0,0,0,0,0,0,0,0,0,0,0,0,0,0,0,0,0,0,0,1,0,0,0,0,0,0,0,0,0,0,0,0,0,0,0,0,0,0,0,0,0,0,0,8,1,0,6,77,0,2,6,4,5
438.ps1,1,372,1,371.0,371,1,0,5,5,2,2,27,27,9,28,0,3,0,6,0,0,0,0,0,0,0,29,0,0,0,0,0,0,0,0,0,0,0,0,0,0,0,0,0,0,0,0,0,0,0,0,0,0,0,0,0,0,0,0,0,0,0,0,0,0,0,0,0,0,0,0,1,0,0,1,0,0,0,0,0,0,0,0,0,0,0,0,0,1,0,0,0,0,0,0,0,0,0,1,1,1,3,31,0,0,2,1,2
42.ps1,1,3053,1,3052.0,3052,0,3,23,23,18,18,76,76,11,402,7,10,0,0,7,0,0,0,0,0,2,78,0,0,0,0,0,0,0,0,0,0,0,0,0,0,0,0,0,0,0,0,0,0,0,0,0,0,0,0,0,0,0,0,0,0,0,0,0,0,0,0,0,0,0,0,0,0,0,1,0,0,0,0,0,0,0,0,0,0,0,0,0,0,0,0,0,0,0,0,0,0,0,5,1,3,6,81,0,2,7,1,5
420.ps1,1,3203,1,3202.0,3202,0,1,23,23,22,22,79,79,10,430,9,10,0,0,7,0,0,0,0,0,0,78,0,0,0,0,0,0,0,0,0,0,0,0,0,0,0,0,0,0,0,0,0,0,0,0,0,0,0,0,0,0,0,0,0,0,0,0,0,0,0,0,0,0,0,0,0,0,0,1,0,0,0,0,0,0,0,0,0,0,0,0,0,1,0,0,0,0,0,0,0,0,0,7,1,3,6,82,0,0,13,1,5
423.ps1,1,3982,1,3981.0,3981,0,1,29,29,25,25,99,99,17,500,9,13,0,0,11,0,0,0,3,0,1,100,0,0,0,0,0,0,0,0,0,0,0,0,0,0,0,0,0,0,0,0,0,0,0,0,0,0,0,0,0,0,0,0,0,0,0,0,0,0,0,0,0,0,0,0,0,0,0,1,0,0,0,0,0,0,0,0,0,0,0,0,0,2,1,0,0,0,0,0,0,0,0,7,1,5,7,105,0,1,12,2,6
44.ps1,1,3037,1,3036.0,3036,0,3,22,22,18,18,76,76,11,402,7,10,0,0,7,0,0,0,0,0,2,78,0,0,0,0,0,0,0,0,0,0,0,0,0,0,0,0,0,0,0,0,0,0,0,0,0,0,0,0,0,0,0,0,0,0,0,0,0,0,0,0,0,0,0,0,0,0,0,1,0,0,0,0,0,0,0,0,0,0,0,0,0,0,0,0,0,0,0,0,0,0,0,5,1,3,5,81,0,2,7,1,4
446.ps1,1,460,1,459.0,459,0,2,8,8,6,6,34,34,7,35,4,4,0,3,0,0,0,0,1,0,2,36,0,0,0,0,0,0,0,0,0,0,0,0,0,0,0,0,0,0,0,0,0,0,0,0,0,0,0,0,0,0,0,0,0,0,0,0,0,0,0,0,0,0,0,0,0,0,0,1,0,0,0,0,0,0,0,0,0,0,0,0,0,0,0,0,0,0,1,0,0,0,0,6,1,0,7,36,0,2,4,2,6
445.ps1,1,3407,1,3406.0,3406,0,0,25,25,25,25,86,86,12,393,10,22,0,0,12,0,0,0,2,0,0,83,0,0,0,0,0,0,0,0,0,0,0,0,0,0,0,0,0,0,0,0,0,0,0,0,0,0,0,0,0,0,0,0,0,0,0,0,0,0,0,0,0,0,0,0,0,0,0,1,0,0,0,1,0,0,0,0,0,0,0,0,1,2,0,0,0,0,0,0,0,0,0,11,1,0,8,84,0,0,13,5,7
458.ps1,1,3366,1,3365.0,3365,0,0,22,22,19,19,86,86,12,393,6,21,0,0,12,0,0,0,2,0,0,85,0,0,0,0,0,0,0,0,0,0,0,0,0,0,0,0,0,0,0,0,0,0,0,0,0,0,0,0,0,0,0,0,0,0,0,0,0,0,0,0,0,0,0,0,0,0,0,1,0,0,0,1,0,0,0,0,0,0,0,0,0,3,0,0,0,0,0,0,0,0,0,7,1,0,5,86,0,0,7,5,4
450.ps1,1,254,1,253.0,253,0,2,7,7,3,3,20,20,4,17,2,3,0,3,0,0,0,0,0,0,2,20,0,0,0,0,0,0,0,0,0,0,0,0,0,0,0,0,0,0,0,0,0,0,0,0,0,0,0,0,0,0,0,0,0,0,0,0,0,0,0,0,0,0,0,0,0,0,0,2,0,0,0,0,0,0,0,0,0,0,0,0,0,1,0,0,0,0,0,0,0,0,0,4,1,0,6,20,0,2,1,1,5
464.ps1,1,2862,1,2861.0,2861,0,1,20,20,16,16,52,52,8,380,5,14,0,0,7,0,0,0,0,0,1,53,0,0,0,0,0,0,0,0,0,0,0,0,0,0,0,0,0,0,0,0,0,0,0,0,0,0,0,0,0,0,0,0,0,0,0,0,0,0,0,0,0,0,0,0,0,0,0,1,0,0,0,0,0,0,0,0,0,0,0,0,0,0,0,0,0,0,0,0,0,0,0,7,1,0,6,53,0,1,6,5,5
459.ps1,1,2889,1,2888.0,2888,0,2,12,12,9,9,70,70,7,73,46,6,0,41,3,0,0,0,1,0,2,73,0,0,0,0,0,0,0,0,0,0,0,0,0,0,0,0,0,0,0,0,0,0,0,0,0,0,0,0,0,0,0,0,1,0,0,0,0,0,0,0,0,0,0,0,0,0,0,1,0,0,0,0,0,1,0,0,0,0,0,0,0,1,0,0,0,0,0,0,0,3,0,7,1,0,7,73,0,2,5,3,6
475.ps1,1,422,1,421.0,421,0,1,6,6,3,3,33,33,3,38,0,4,0,0,0,1,0,0,1,0,1,36,0,0,0,0,0,0,0,0,0,0,0,0,0,0,0,0,0,0,0,0,0,0,0,0,0,0,0,0,0,0,0,0,0,0,0,0,0,0,0,0,0,0,0,0,0,0,0,1,0,0,0,0,0,0,0,0,0,0,0,0,0,0,0,0,0,0,0,0,0,1,0,2,1,1,4,37,0,1,2,2,3
484.ps1,1,2687,1,2686.0,2686,0,2,20,20,14,14,49,49,7,348,5,13,0,0,7,0,0,0,1,0,2,51,0,0,0,0,0,0,0,0,0,0,0,0,0,0,0,0,0,0,0,0,0,0,0,0,0,0,0,0,0,0,0,0,0,0,0,0,0,0,0,0,0,0,0,0,0,0,0,1,0,0,0,0,0,0,0,0,0,0,0,0,0,0,0,0,0,0,0,0,0,0,0,6,1,0,6,51,0,2,3,4,5
468.ps1,1,1375,1,1374.0,1374,0,3,15,15,19,19,100,100,26,103,8,5,0,5,7,0,2,0,0,0,2,105,0,0,0,0,0,0,0,0,0,0,0,0,0,0,0,0,0,0,0,0,0,0,0,0,0,0,0,0,0,0,0,0,0,0,0,0,0,0,0,0,0,0,0,0,0,0,0,1,0,0,0,0,0,0,0,0,0,0,0,0,0,1,0,0,0,0,0,0,0,0,0,7,1,4,6,109,0,2,10,1,5
505.ps1,1,2898,1,2897.0,2897,0,0,22,22,19,19,72,72,8,373,7,14,2,0,7,0,0,0,1,0,0,73,0,0,0,0,0,0,0,0,0,0,0,0,0,0,0,0,0,0,0,0,0,0,0,0,0,0,0,0,0,0,0,0,0,0,0,0,0,0,0,0,0,0,0,0,0,0,0,1,0,0,0,0,0,0,0,0,0,0,0,0,0,0,0,0,0,0,0,0,0,0,0,9,2,0,8,75,0,0,9,5,7
508.ps1,1,2944,1,2943.0,2943,0,0,22,22,19,19,73,73,8,383,7,14,2,0,7,0,0,0,1,0,0,74,0,0,0,0,0,0,0,0,0,0,0,0,0,0,0,0,0,0,0,0,0,0,0,0,0,0,0,0,0,0,0,0,0,0,0,0,0,0,0,0,0,0,0,0,0,0,0,1,0,0,0,0,0,0,0,0,0,0,0,0,0,0,0,0,0,0,0,0,0,0,0,9,2,0,8,76,0,0,9,5,7
465.ps1,1,3072,1,3071.0,3071,0,2,21,21,20,20,76,76,8,402,9,13,0,0,7,0,0,0,0,0,2,76,0,0,0,0,0,0,0,0,0,0,0,0,0,0,0,0,0,0,0,0,0,0,0,0,0,0,0,0,0,0,0,0,0,0,0,0,0,0,0,0,0,0,0,0,0,0,0,1,0,0,0,0,0,0,0,0,0,0,0,0,0,0,0,0,0,0,0,0,0,0,0,10,1,0,7,76,0,2,9,4,6
510.ps1,1,2974,1,2973.0,2973,0,0,20,20,15,15,54,54,7,405,5,13,0,0,7,0,0,0,0,0,0,54,0,0,0,0,0,0,0,0,0,0,0,0,0,0,0,0,0,0,0,0,0,0,0,0,0,0,0,0,0,0,0,0,0,0,0,0,0,0,0,0,0,0,0,0,0,0,0,1,0,0,0,0,0,0,0,0,0,0,0,0,0,1,0,0,0,0,0,0,0,0,0,6,1,0,6,55,0,0,6,4,5
462.ps1,1,2758,1,2757.0,2757,0,2,22,22,15,15,50,50,10,359,4,11,0,0,7,0,0,0,1,0,1,54,0,0,0,0,0,0,0,0,0,0,0,0,0,0,0,0,0,0,0,0,0,0,0,0,0,0,0,0,0,0,0,0,0,0,0,0,0,0,0,0,0,0,0,0,0,0,0,1,0,0,0,0,0,0,0,0,0,0,0,0,0,0,0,0,0,0,0,0,0,0,0,3,1,3,5,57,0,1,5,2,4
491.ps1,1,2909,1,2908.0,2908,0,1,24,24,22,22,52,52,10,380,7,11,0,0,7,0,0,0,1,0,1,52,0,0,0,0,0,0,0,0,0,0,0,0,0,0,0,0,0,0,0,0,0,0,0,0,0,0,0,0,0,0,0,0,0,0,0,0,0,0,0,0,0,0,0,0,0,0,0,1,0,0,0,0,0,0,0,0,0,0,0,0,0,0,0,0,0,0,0,0,0,0,0,6,1,3,7,55,0,1,12,2,6
551.ps1,1,2783,1,2782.0,2782,0,0,24,24,19,19,50,50,11,360,5,11,2,0,7,0,0,0,1,0,0,52,0,0,0,0,0,0,0,0,0,0,0,0,0,0,0,0,0,0,0,0,0,0,0,0,0,0,0,0,0,0,0,0,0,0,0,0,0,0,0,0,0,0,0,0,0,0,0,1,0,0,0,0,0,0,0,0,0,0,0,0,0,0,0,0,0,0,0,0,0,0,0,4,2,3,7,57,0,0,9,2,6
493.ps1,1,3012,1,3011.0,3011,0,3,21,21,15,15,76,76,10,402,5,10,0,0,7,0,0,0,1,0,2,79,0,0,0,0,0,0,0,0,0,0,0,0,0,0,0,0,0,0,0,0,0,0,0,0,0,0,0,0,0,0,0,0,0,0,0,0,0,0,0,0,0,0,0,0,0,0,0,1,0,0,0,0,0,0,0,0,0,0,0,0,0,0,0,0,0,0,0,0,0,0,0,3,1,3,4,82,0,2,4,1,3
548.ps1,1,3044,1,3043.0,3043,0,2,16,16,15,15,73,73,24,77,27,10,0,30,11,0,0,0,0,0,1,75,0,0,0,0,0,0,0,0,0,0,0,0,0,0,0,0,0,0,0,0,0,0,0,0,0,0,0,0,0,0,0,1,1,0,0,0,0,0,0,0,0,0,0,0,0,0,0,1,0,0,0,0,0,1,0,0,0,0,0,0,0,1,0,0,0,0,0,0,0,1,0,6,1,3,6,78,0,1,10,2,5
556.ps1,1,3073,1,3072.0,3072,0,2,24,24,20,20,76,76,10,404,7,11,0,0,7,0,0,0,1,0,1,77,0,0,0,0,0,0,0,0,0,0,0,0,0,0,0,0,0,0,0,0,0,0,0,0,0,0,0,0,0,0,0,0,0,0,0,0,0,0,0,0,0,0,0,0,0,0,0,1,0,0,0,0,0,0,0,0,0,0,0,0,0,0,0,0,0,0,0,0,0,0,0,6,1,3,7,80,0,1,10,2,6
486.ps1,1,3242,1,3241.0,3241,0,1,23,23,19,19,80,80,11,437,5,11,0,0,7,0,0,0,0,0,1,81,0,0,0,0,0,0,0,0,0,0,0,0,0,0,0,0,0,0,0,0,0,0,0,0,0,0,0,0,0,0,0,0,0,0,0,0,0,0,0,0,0,0,0,0,0,0,0,1,0,0,0,0,0,0,0,0,0,0,0,0,0,0,0,0,0,0,0,0,0,0,0,4,1,3,6,84,0,1,9,2,5
520.ps1,1,3319,1,3318.0,3318,0,2,23,23,21,21,84,84,12,382,8,21,0,0,12,0,0,0,3,0,2,84,0,0,0,0,0,0,0,0,0,0,0,0,0,0,0,0,0,0,0,0,0,0,0,0,0,0,0,0,0,0,0,0,0,0,0,0,0,0,0,0,0,0,0,0,0,0,0,1,0,0,0,0,0,0,0,0,0,0,0,0,0,2,0,0,0,0,0,0,0,0,0,9,1,0,6,84,0,2,7,5,5
536.ps1,1,3046,1,3045.0,3045,0,2,20,20,17,17,75,75,8,401,7,13,0,0,7,0,0,0,0,0,2,76,0,0,0,0,0,0,0,0,0,0,0,0,0,0,0,0,0,0,0,0,0,0,0,0,0,0,0,0,0,0,0,0,0,0,0,0,0,0,0,0,0,0,0,0,0,0,0,1,0,0,0,0,0,0,0,0,0,0,0,0,0,0,0,0,0,0,0,0,0,0,0,8,1,0,6,76,0,2,6,4,5
519.ps1,1,2970,1,2969.0,2969,0,2,23,23,23,23,73,73,8,381,11,13,0,0,7,0,0,0,0,0,2,72,0,0,0,0,0,0,0,0,0,0,0,0,0,0,0,0,0,0,0,0,0,0,0,0,0,0,0,0,0,0,0,0,0,0,0,0,0,0,0,0,0,0,0,0,0,0,0,1,0,0,0,0,0,0,0,0,0,0,0,0,0,0,0,0,0,0,0,0,0,0,0,12,1,0,9,72,0,2,12,4,8
540.ps1,1,2801,1,2800.0,2800,0,2,24,24,23,23,50,50,10,358,9,10,0,0,7,0,0,0,1,0,2,50,0,0,0,0,0,0,0,0,0,0,0,0,0,0,0,0,0,0,0,0,0,0,0,0,0,0,0,0,0,0,0,0,0,0,0,0,0,0,0,0,0,0,0,0,0,0,0,1,0,0,0,0,0,0,0,0,0,0,0,0,0,0,0,0,0,0,0,0,0,0,0,7,1,3,7,53,0,2,12,1,6
516.ps1,1,2946,1,2945.0,2945,0,2,25,25,26,26,52,52,10,378,11,10,0,0,7,0,0,0,1,0,2,51,0,0,0,0,0,0,0,0,0,0,0,0,0,0,0,0,0,0,0,0,0,0,0,0,0,0,0,0,0,0,0,0,0,0,0,0,0,0,0,0,0,0,0,0,0,0,0,1,0,0,0,0,0,0,0,0,0,0,0,0,0,0,0,0,0,0,0,0,0,0,0,9,1,3,8,54,0,2,15,1,7
560.ps1,1,3161,1,3160.0,3160,0,0,23,23,17,17,59,59,14,365,4,23,2,0,12,0,0,0,2,0,0,61,0,0,0,0,0,0,0,0,0,0,0,0,0,0,0,0,0,0,0,0,0,0,0,0,0,0,0,0,0,0,0,0,0,0,0,0,0,0,0,0,0,0,0,0,0,0,0,1,0,0,0,1,0,0,0,0,0,0,0,0,0,2,0,0,0,0,0,0,0,0,0,6,2,0,6,63,0,0,4,6,5
552.ps1,1,2907,1,2906.0,2906,0,3,22,22,15,15,73,73,11,381,5,10,0,0,7,0,0,0,0,0,2,76,0,0,0,0,0,0,0,0,0,0,0,0,0,0,0,0,0,0,0,0,0,0,0,0,0,0,0,0,0,0,0,0,0,0,0,0,0,0,0,0,0,0,0,0,0,0,0,1,0,0,0,0,0,0,0,0,0,0,0,0,0,0,0,0,0,0,0,0,0,0,0,3,1,3,5,79,0,2,4,1,4
553.ps1,1,2781,1,2780.0,2780,0,3,23,23,18,18,50,50,10,358,7,10,0,0,7,0,0,0,1,0,2,52,0,0,0,0,0,0,0,0,0,0,0,0,0,0,0,0,0,0,0,0,0,0,0,0,0,0,0,0,0,0,0,0,0,0,0,0,0,0,0,0,0,0,0,0,0,0,0,1,0,0,0,0,0,0,0,0,0,0,0,0,0,0,0,0,0,0,0,0,0,0,0,5,1,3,6,55,0,2,7,1,5
576.ps1,1,3130,1,3129.0,3129,0,1,25,25,21,21,58,58,16,365,6,13,0,0,11,0,0,0,2,0,0,58,0,0,0,0,0,0,0,0,0,0,0,0,0,0,0,0,0,0,0,0,0,0,0,0,0,0,0,0,0,0,0,0,0,0,0,0,0,0,0,0,0,0,0,0,0,0,0,1,0,0,0,0,0,0,0,0,0,0,0,0,1,2,0,0,0,0,0,0,0,0,0,3,1,4,4,63,0,0,9,1,3
558.ps1,1,3913,1,3912.0,3912,0,0,26,26,26,26,98,98,13,488,10,22,2,0,12,0,0,0,3,0,0,97,0,0,0,0,0,0,0,0,0,0,0,0,0,0,0,0,0,0,0,0,0,0,0,0,0,0,0,0,0,0,0,0,0,0,0,0,0,0,0,0,0,0,0,0,0,0,0,1,0,0,0,0,0,0,0,0,0,0,0,0,0,2,0,0,0,0,0,0,0,0,0,12,2,0,9,99,0,0,13,6,8
573.ps1,1,1564,1,1563.0,1563,0,3,15,15,21,21,122,122,26,125,8,5,0,5,7,0,2,0,0,0,2,126,0,0,0,0,0,0,0,0,0,0,0,0,0,0,0,0,0,0,0,0,0,0,0,0,0,0,0,0,0,0,0,0,0,0,0,0,0,0,0,0,0,0,0,0,0,0,0,1,0,0,0,0,0,0,0,0,0,0,0,0,0,1,0,0,0,0,0,0,0,0,0,7,1,4,6,130,0,2,12,1,5
577.ps1,1,3036,1,3035.0,3035,0,1,22,22,14,14,76,76,12,404,3,11,2,0,7,0,0,0,0,0,0,80,0,0,0,0,0,0,0,0,0,0,0,0,0,0,0,0,0,0,0,0,0,0,0,0,0,0,0,0,0,0,0,0,0,0,0,0,0,0,0,0,0,0,0,0,0,0,0,1,0,0,0,0,0,0,0,0,0,0,0,0,0,0,0,0,0,0,0,0,0,0,0,2,2,3,5,85,0,0,4,2,4
56.ps1,1,3096,1,3095.0,3095,0,2,24,24,26,26,76,76,11,402,11,10,0,0,7,0,0,0,0,0,2,75,0,0,0,0,0,0,0,0,0,0,0,0,0,0,0,0,0,0,0,0,0,0,0,0,0,0,0,0,0,0,0,0,0,0,0,0,0,0,0,0,0,0,0,0,0,0,0,1,0,0,0,0,0,0,0,0,0,0,0,0,0,0,0,0,0,0,0,0,0,0,0,9,1,3,7,78,0,2,15,1,6
604.ps1,1,704,1,703.0,703,0,0,9,9,6,6,58,58,11,61,1,3,0,4,1,0,0,0,0,0,0,62,0,0,0,0,0,0,0,0,0,0,0,0,0,0,0,0,0,0,0,0,0,0,0,0,0,0,0,0,0,0,0,0,0,0,0,0,0,0,0,0,0,0,0,0,0,0,0,1,0,0,0,0,0,0,0,0,0,0,0,0,0,1,0,0,0,0,0,0,1,0,0,1,1,3,4,66,0,0,6,1,3
57.ps1,1,2833,1,2832.0,2832,0,2,23,23,18,18,51,51,11,369,6,11,0,0,7,0,0,0,0,0,1,54,0,0,0,0,0,0,0,0,0,0,0,0,0,0,0,0,0,0,0,0,0,0,0,0,0,0,0,0,0,0,0,0,0,0,0,0,0,0,0,0,0,0,0,0,0,0,0,1,0,0,0,0,0,0,0,0,0,0,0,0,0,0,0,0,0,0,0,0,0,0,0,5,1,3,6,57,0,1,8,2,5
618.ps1,1,2821,1,2820.0,2820,0,2,24,24,20,20,50,50,11,359,8,11,0,0,7,0,0,0,1,0,1,52,0,0,0,0,0,0,0,0,0,0,0,0,0,0,0,0,0,0,0,0,0,0,0,0,0,0,0,0,0,0,0,0,0,0,0,0,0,0,0,0,0,0,0,0,0,0,0,1,0,0,0,0,0,0,0,0,0,0,0,0,0,0,0,0,0,0,0,0,0,0,0,7,1,4,6,56,0,1,10,2,5
616.ps1,1,362,1,361.0,361,1,1,8,8,3,3,22,22,7,25,0,8,0,3,0,0,0,0,0,0,1,26,0,0,0,0,0,0,0,0,0,0,0,0,0,0,0,0,0,0,0,0,0,0,0,0,0,0,0,0,0,0,0,0,0,0,0,0,0,0,0,0,0,0,0,0,0,0,0,1,0,0,0,0,0,0,0,0,0,0,0,0,0,1,0,0,0,0,0,0,0,0,0,4,1,0,6,26,0,1,2,4,5
564.ps1,1,2787,1,2786.0,2786,0,3,23,23,21,21,50,50,11,358,9,10,0,0,7,0,0,0,0,0,2,51,0,0,0,0,0,0,0,0,0,0,0,0,0,0,0,0,0,0,0,0,0,0,0,0,0,0,0,0,0,0,0,0,0,0,0,0,0,0,0,0,0,0,0,0,0,0,0,1,0,0,0,0,0,0,0,0,0,0,0,0,0,0,0,0,0,0,0,0,0,0,0,7,1,3,6,54,0,2,10,1,5
59.ps1,1,2787,1,2786.0,2786,0,2,21,21,20,20,50,50,7,358,9,13,0,0,7,0,0,0,1,0,2,50,0,0,0,0,0,0,0,0,0,0,0,0,0,0,0,0,0,0,0,0,0,0,0,0,0,0,0,0,0,0,0,0,0,0,0,0,0,0,0,0,0,0,0,0,0,0,0,1,0,0,0,0,0,0,0,0,0,0,0,0,0,0,0,0,0,0,0,0,0,0,0,10,1,0,7,50,0,2,9,4,6
594.ps1,1,3073,1,3072.0,3072,0,2,22,22,20,20,76,76,8,402,9,13,0,0,7,0,0,0,0,0,2,76,0,0,0,0,0,0,0,0,0,0,0,0,0,0,0,0,0,0,0,0,0,0,0,0,0,0,0,0,0,0,0,0,0,0,0,0,0,0,0,0,0,0,0,0,0,0,0,1,0,0,0,0,0,0,0,0,0,0,0,0,0,0,0,0,0,0,0,0,0,0,0,10,1,0,8,76,0,2,9,4,7
650.ps1,1,2970,1,2969.0,2969,0,1,22,22,19,19,73,73,9,382,8,14,0,0,7,0,0,0,0,0,1,74,0,0,0,0,0,0,0,0,0,0,0,0,0,0,0,0,0,0,0,0,0,0,0,0,0,0,0,0,0,0,0,0,0,0,0,0,0,0,0,0,0,0,0,0,0,0,0,1,0,0,0,0,0,0,0,0,0,0,0,0,0,0,0,0,0,0,0,0,0,0,0,10,1,1,7,75,0,1,9,5,6
630.ps1,1,463,1,462.0,462,0,1,9,9,6,6,29,29,6,33,3,6,0,3,1,0,0,0,1,0,1,32,0,0,0,0,0,0,0,0,0,0,0,0,0,0,0,0,0,0,0,0,0,0,0,0,0,0,0,0,0,0,0,0,0,0,0,0,0,0,0,0,0,0,0,0,0,0,0,1,0,0,0,0,0,0,0,0,0,0,0,0,0,0,0,0,0,0,0,0,0,0,0,6,1,0,7,32,0,1,5,4,6
609.ps1,1,2935,1,2934.0,2934,0,2,20,20,17,17,73,73,8,381,7,13,0,0,7,0,0,0,0,0,2,74,0,0,0,0,0,0,0,0,0,0,0,0,0,0,0,0,0,0,0,0,0,0,0,0,0,0,0,0,0,0,0,0,0,0,0,0,0,0,0,0,0,0,0,0,0,0,0,1,0,0,0,0,0,0,0,0,0,0,0,0,0,0,0,0,0,0,0,0,0,0,0,8,1,0,6,74,0,2,6,4,5
617.ps1,1,4265,1,4264.0,4264,0,1,29,29,33,33,105,105,17,545,12,18,0,0,12,0,0,0,2,0,1,102,0,0,0,0,0,0,0,0,0,0,0,0,0,0,0,0,0,0,0,0,0,0,0,0,0,0,0,0,0,0,0,0,0,0,0,0,0,0,0,0,0,0,0,0,0,0,0,1,0,0,0,0,0,0,0,0,0,0,0,0,0,2,0,0,0,0,0,0,0,0,0,10,1,4,8,106,0,1,20,2,7
611.ps1,1,2984,1,2983.0,2983,0,0,23,23,16,16,74,74,11,393,3,12,2,0,7,0,0,0,1,0,0,77,0,0,0,0,0,0,0,0,0,0,0,0,0,0,0,0,0,0,0,0,0,0,0,0,0,0,0,0,0,0,0,0,0,0,0,0,0,0,0,0,0,0,0,0,0,0,0,1,0,0,0,0,0,0,0,0,0,0,0,0,0,0,0,0,0,0,0,0,0,0,0,2,2,3,6,82,0,0,6,2,5
649.ps1,1,2782,1,2781.0,2781,0,2,23,23,20,20,50,50,10,358,7,10,0,0,7,0,0,0,1,0,2,51,0,0,0,0,0,0,0,0,0,0,0,0,0,0,0,0,0,0,0,0,0,0,0,0,0,0,0,0,0,0,0,0,0,0,0,0,0,0,0,0,0,0,0,0,0,0,0,1,0,0,0,0,0,0,0,0,0,0,0,0,0,0,0,0,0,0,0,0,0,0,0,5,1,3,6,54,0,2,9,1,5
660.ps1,1,3383,1,3382.0,3382,0,2,19,19,14,14,85,85,8,474,5,13,0,0,7,0,0,0,0,0,2,87,0,0,0,0,0,0,0,0,0,0,0,0,0,0,0,0,0,0,0,0,0,0,0,0,0,0,0,0,0,0,0,0,0,0,0,0,0,0,0,0,0,0,0,0,0,0,0,1,0,0,0,0,0,0,0,0,0,0,0,0,0,0,0,0,0,0,0,0,0,0,0,6,1,0,5,87,0,2,3,4,4
637.ps1,1,2755,1,2754.0,2754,0,3,24,24,21,21,49,49,11,348,9,10,0,0,7,0,0,0,0,0,2,50,0,0,0,0,0,0,0,0,0,0,0,0,0,0,0,0,0,0,0,0,0,0,0,0,0,0,0,0,0,0,0,0,0,0,0,0,0,0,0,0,0,0,0,0,0,0,0,1,0,0,0,0,0,0,0,0,0,0,0,0,0,0,0,0,0,0,0,0,0,0,0,7,1,3,7,53,0,2,10,1,6
654.ps1,1,2918,1,2917.0,2917,0,2,23,23,23,23,52,52,11,378,9,10,0,0,7,0,0,0,0,0,2,52,0,0,0,0,0,0,0,0,0,0,0,0,0,0,0,0,0,0,0,0,0,0,0,0,0,0,0,0,0,0,0,0,0,0,0,0,0,0,0,0,0,0,0,0,0,0,0,1,0,0,0,0,0,0,0,0,0,0,0,0,0,0,0,0,0,0,0,0,0,0,0,7,1,3,6,55,0,2,12,1,5
615.ps1,1,3037,1,3036.0,3036,0,0,22,22,16,16,76,76,8,404,5,14,2,0,7,0,0,0,1,0,0,78,0,0,0,0,0,0,0,0,0,0,0,0,0,0,0,0,0,0,0,0,0,0,0,0,0,0,0,0,0,0,0,0,0,0,0,0,0,0,0,0,0,0,0,0,0,0,0,1,0,0,0,0,0,0,0,0,0,0,0,0,0,0,0,0,0,0,0,0,0,0,0,7,2,0,8,80,0,0,6,5,7
661.ps1,1,3088,1,3087.0,3087,0,1,22,22,20,20,76,76,7,403,8,14,0,0,7,0,0,0,1,0,1,77,0,0,0,0,0,0,0,0,0,0,0,0,0,0,0,0,0,0,0,0,0,0,0,0,0,0,0,0,0,0,0,0,0,0,0,0,0,0,0,0,0,0,0,0,0,0,0,1,0,0,0,0,0,0,0,0,0,0,0,0,0,0,0,0,0,0,0,0,0,0,0,10,1,0,8,77,0,1,10,5,7
643.ps1,1,2788,1,2787.0,2787,0,2,20,20,14,14,51,51,8,368,5,13,0,0,7,0,0,0,0,0,2,53,0,0,0,0,0,0,0,0,0,0,0,0,0,0,0,0,0,0,0,0,0,0,0,0,0,0,0,0,0,0,0,0,0,0,0,0,0,0,0,0,0,0,0,0,0,0,0,1,0,0,0,0,0,0,0,0,0,0,0,0,0,0,0,0,0,0,0,0,0,0,0,6,1,0,6,53,0,2,3,4,5
666.ps1,1,3066,1,3065.0,3065,0,1,18,18,17,17,74,74,24,77,27,10,0,31,12,0,0,0,0,0,1,77,0,0,0,0,0,0,0,0,0,0,0,0,0,0,0,0,0,0,0,0,0,0,0,0,0,0,0,0,0,0,0,0,1,0,0,0,0,0,0,0,0,0,0,0,0,0,0,1,0,0,0,0,0,0,0,0,0,0,0,0,0,1,0,0,0,0,0,0,0,2,0,8,1,3,8,80,0,1,12,2,7
678.ps1,1,3011,1,3010.0,3010,0,2,22,22,17,17,54,54,10,407,5,11,0,0,7,0,0,0,1,0,1,56,0,0,0,0,0,0,0,0,0,0,0,0,0,0,0,0,0,0,0,0,0,0,0,0,0,0,0,0,0,0,0,0,0,0,0,0,0,0,0,0,0,0,0,0,0,0,0,1,0,0,0,0,0,0,0,0,0,0,0,0,0,0,0,0,0,0,0,0,0,0,0,4,1,3,5,59,0,1,7,2,4
665.ps1,1,346,1,345.0,345,1,0,7,7,2,2,30,30,8,26,0,5,2,3,0,0,0,0,1,0,0,27,0,0,0,0,0,0,0,0,0,0,0,0,0,0,0,0,0,0,0,0,0,0,0,0,0,0,0,0,0,0,0,0,0,0,0,0,0,0,0,0,0,0,0,0,0,0,0,2,0,0,0,0,0,0,0,0,0,0,0,0,0,0,0,0,0,0,0,0,0,0,0,3,2,0,6,29,0,0,1,2,5
670.ps1,1,2759,1,2758.0,2758,0,2,21,21,17,17,50,50,7,358,7,13,0,0,7,0,0,0,1,0,2,51,0,0,0,0,0,0,0,0,0,0,0,0,0,0,0,0,0,0,0,0,0,0,0,0,0,0,0,0,0,0,0,0,0,0,0,0,0,0,0,0,0,0,0,0,0,0,0,1,0,0,0,0,0,0,0,0,0,0,0,0,0,0,0,0,0,0,0,0,0,0,0,8,1,0,7,51,0,2,6,4,6
702.ps1,1,2909,1,2908.0,2908,0,1,24,24,22,22,52,52,11,380,7,11,0,0,7,0,0,0,0,0,1,52,0,0,0,0,0,0,0,0,0,0,0,0,0,0,0,0,0,0,0,0,0,0,0,0,0,0,0,0,0,0,0,0,0,0,0,0,0,0,0,0,0,0,0,0,0,0,0,1,0,0,0,0,0,0,0,0,0,0,0,0,0,0,0,0,0,0,0,0,0,0,0,6,1,3,7,55,0,1,12,2,6
700.ps1,1,2805,1,2804.0,2804,0,0,24,24,22,22,50,50,11,360,7,11,2,0,7,0,0,0,1,0,0,51,0,0,0,0,0,0,0,0,0,0,0,0,0,0,0,0,0,0,0,0,0,0,0,0,0,0,0,0,0,0,0,0,0,0,0,0,0,0,0,0,0,0,0,0,0,0,0,1,0,0,0,0,0,0,0,0,0,0,0,0,0,0,0,0,0,0,0,0,0,0,0,6,2,3,7,56,0,0,12,2,6
657.ps1,1,3044,1,3043.0,3043,0,2,20,20,17,17,76,76,7,402,7,13,0,0,7,0,0,0,1,0,2,77,0,0,0,0,0,0,0,0,0,0,0,0,0,0,0,0,0,0,0,0,0,0,0,0,0,0,0,0,0,0,0,0,0,0,0,0,0,0,0,0,0,0,0,0,0,0,0,1,0,0,0,0,0,0,0,0,0,0,0,0,0,0,0,0,0,0,0,0,0,0,0,8,1,0,6,77,0,2,6,4,5
710.ps1,1,534,1,533.0,533,1,0,9,9,5,5,35,35,10,39,1,4,2,3,1,0,0,0,0,0,0,40,0,0,0,0,0,0,0,0,0,0,0,0,0,0,0,0,0,0,0,0,0,0,0,0,0,0,0,0,0,0,0,0,0,0,0,0,0,0,0,0,0,0,0,0,0,0,0,1,0,0,0,0,0,0,0,0,0,0,0,0,0,0,0,0,0,0,1,0,0,0,0,2,2,2,5,44,0,0,4,2,4
672.ps1,1,1737,1,1736.0,1736,0,1,16,16,17,17,145,145,26,150,4,7,2,5,7,0,2,0,0,0,0,151,0,0,0,0,0,0,0,0,0,0,0,0,0,0,0,0,0,0,0,0,0,0,0,0,0,0,0,0,0,0,0,0,0,0,0,0,0,0,0,0,0,0,0,0,0,0,0,1,0,0,0,0,0,0,0,0,0,0,0,0,0,1,0,0,0,0,0,0,0,1,0,4,2,4,7,157,0,0,9,2,6
719.ps1,1,2830,1,2829.0,2829,0,1,25,25,25,25,50,50,10,360,9,11,0,0,7,0,0,0,1,0,1,49,0,0,0,0,0,0,0,0,0,0,0,0,0,0,0,0,0,0,0,0,0,0,0,0,0,0,0,0,0,0,0,0,0,0,0,0,0,0,0,0,0,0,0,0,0,0,0,1,0,0,0,0,0,0,0,0,0,0,0,0,0,0,0,0,0,0,0,0,0,0,0,8,1,3,8,52,0,1,15,2,7
714.ps1,1,384,1,383.0,383,0,1,6,6,2,2,33,33,9,29,0,5,0,6,0,0,0,0,0,0,1,29,0,0,0,0,0,0,0,0,0,0,0,0,0,0,0,0,0,0,0,0,0,0,0,0,0,0,0,0,0,0,0,0,0,0,0,0,0,0,0,0,0,0,0,0,0,0,0,2,0,0,0,0,0,0,0,0,0,0,0,0,0,0,0,0,0,0,0,0,0,0,0,3,1,0,5,29,0,1,1,2,4
71.ps1,1,2975,1,2974.0,2974,0,0,24,24,24,24,73,73,10,381,9,11,0,0,7,0,0,0,0,0,0,71,0,0,0,0,0,0,0,0,0,0,0,0,0,0,0,0,0,0,0,0,0,0,0,0,0,0,0,0,0,0,0,0,0,0,0,0,0,0,0,0,0,0,0,0,0,0,0,1,0,0,0,0,0,0,0,0,0,0,0,0,1,0,0,0,0,0,0,0,0,0,0,7,1,3,7,75,0,0,15,1,6
696.ps1,1,486,1,485.0,485,0,1,8,8,3,3,37,37,10,39,1,4,0,4,0,0,0,0,0,0,1,41,0,0,0,0,0,0,0,0,0,0,0,0,0,0,0,0,0,0,0,0,0,0,0,0,0,0,0,0,0,0,0,0,0,0,0,0,0,0,0,0,0,0,0,0,0,0,0,1,0,0,0,0,0,0,0,0,0,0,0,0,0,0,0,0,0,0,0,0,0,0,0,3,1,2,5,43,0,1,2,2,4
722.ps1,1,1019,1,1018.0,1018,0,3,10,10,12,12,78,78,14,79,7,4,0,3,9,0,0,0,1,0,2,81,0,0,0,0,0,0,0,0,0,0,0,0,0,0,0,0,0,0,0,0,0,0,0,0,0,0,0,0,0,0,0,0,0,0,0,0,0,0,0,0,0,0,0,0,0,0,0,1,0,0,0,0,0,0,0,0,0,0,0,0,0,0,0,0,0,0,0,0,0,0,0,7,1,2,7,83,0,2,8,1,6
709.ps1,1,2839,1,2838.0,2838,0,1,25,25,22,22,50,50,11,359,8,11,0,0,7,0,0,0,1,0,1,51,0,0,0,0,0,0,0,0,0,0,0,0,0,0,0,0,0,0,0,0,0,0,0,0,0,0,0,0,0,0,0,0,0,0,0,0,0,0,0,0,0,0,0,0,0,0,0,1,0,0,0,0,0,0,0,0,0,0,0,0,0,0,0,0,0,0,0,0,0,0,0,7,1,4,7,55,0,1,12,2,6
728.ps1,1,2894,1,2893.0,2893,0,1,23,23,22,22,72,72,10,371,9,10,0,0,7,0,0,0,0,0,0,71,0,0,0,0,0,0,0,0,0,0,0,0,0,0,0,0,0,0,0,0,0,0,0,0,0,0,0,0,0,0,0,0,0,0,0,0,0,0,0,0,0,0,0,0,0,0,0,1,0,0,0,0,0,0,0,0,0,0,0,0,0,1,0,0,0,0,0,0,0,0,0,7,1,3,6,75,0,0,13,1,5
692.ps1,1,2809,1,2808.0,2808,0,1,21,21,16,16,51,51,7,370,5,14,0,0,7,0,0,0,1,0,1,52,0,0,0,0,0,0,0,0,0,0,0,0,0,0,0,0,0,0,0,0,0,0,0,0,0,0,0,0,0,0,0,0,0,0,0,0,0,0,0,0,0,0,0,0,0,0,0,1,0,0,0,0,0,0,0,0,0,0,0,0,0,0,0,0,0,0,0,0,0,0,0,7,1,0,7,52,0,1,6,5,6
740.ps1,1,3208,1,3207.0,3207,0,0,23,23,19,19,79,79,8,432,7,14,2,0,7,0,0,0,1,0,0,80,0,0,0,0,0,0,0,0,0,0,0,0,0,0,0,0,0,0,0,0,0,0,0,0,0,0,0,0,0,0,0,0,0,0,0,0,0,0,0,0,0,0,0,0,0,0,0,1,0,0,0,0,0,0,0,0,0,0,0,0,0,0,0,0,0,0,0,0,0,0,0,9,2,0,9,82,0,0,9,5,8
765.ps1,1,353,1,352.0,352,0,0,7,7,3,3,21,21,9,24,0,4,2,3,0,0,0,0,1,0,0,25,0,0,0,0,0,0,0,0,0,0,0,0,0,0,0,0,0,0,0,0,0,0,0,0,0,0,0,0,0,0,0,0,0,0,0,0,0,0,0,0,0,0,0,0,0,0,0,1,0,0,0,0,0,0,0,0,0,0,0,0,0,0,0,0,0,0,0,0,0,0,0,2,2,1,5,28,0,0,2,2,4
78.ps1,1,470,1,469.0,469,1,0,9,9,6,6,33,33,10,36,2,4,2,3,0,0,0,0,1,0,0,36,0,0,0,0,0,0,0,0,0,0,0,0,0,0,0,0,0,0,0,0,0,0,0,0,0,0,0,0,0,0,0,0,0,0,0,0,0,0,0,0,0,0,0,0,0,0,0,1,0,0,0,0,0,0,0,0,0,0,0,0,0,0,0,0,0,0,0,0,0,0,0,4,2,1,7,39,0,0,5,2,6
776.ps1,1,576,1,575.0,575,1,2,7,7,4,4,39,39,9,39,2,8,0,8,0,0,0,0,1,0,2,42,0,0,0,0,0,0,0,0,0,0,0,0,0,0,0,0,0,0,0,0,0,0,0,0,0,0,0,0,0,0,0,0,0,0,0,0,0,0,0,0,0,0,0,1,0,0,0,1,0,0,0,0,0,0,0,0,0,0,0,0,0,1,0,0,0,0,0,0,0,0,0,3,1,1,5,43,0,2,2,1,4
763.ps1,1,2903,1,2902.0,2902,0,1,24,24,22,22,52,52,10,378,9,11,0,0,7,0,0,0,0,0,0,51,0,0,0,0,0,0,0,0,0,0,0,0,0,0,0,0,0,0,0,0,0,0,0,0,0,0,0,0,0,0,0,0,0,0,0,0,0,0,0,0,0,0,0,0,0,0,0,1,0,0,0,0,0,0,0,0,0,0,0,0,1,0,0,0,0,0,0,0,0,0,0,7,1,3,7,55,0,0,13,1,6
730.ps1,1,2776,1,2775.0,2775,0,1,22,22,17,17,50,50,8,359,6,14,0,0,7,0,0,0,0,0,1,52,0,0,0,0,0,0,0,0,0,0,0,0,0,0,0,0,0,0,0,0,0,0,0,0,0,0,0,0,0,0,0,0,0,0,0,0,0,0,0,0,0,0,0,0,0,0,0,1,0,0,0,0,0,0,0,0,0,0,0,0,0,0,0,0,0,0,0,0,0,0,0,8,1,0,8,52,0,1,7,5,7
738.ps1,1,2776,1,2775.0,2775,0,0,23,23,21,21,50,50,10,355,7,11,0,0,7,0,0,0,0,0,0,49,0,0,0,0,0,0,0,0,0,0,0,0,0,0,0,0,0,0,0,0,0,0,0,0,0,0,0,0,0,0,0,0,0,0,0,0,0,0,0,0,0,0,0,0,0,0,0,1,0,0,0,0,0,0,0,0,0,0,0,0,1,0,0,0,0,0,0,0,0,0,0,5,1,3,6,53,0,0,12,1,5
752.ps1,1,2804,1,2803.0,2803,0,1,23,23,22,22,50,50,11,360,7,11,0,0,7,0,0,0,0,0,1,50,0,0,0,0,0,0,0,0,0,0,0,0,0,0,0,0,0,0,0,0,0,0,0,0,0,0,0,0,0,0,0,0,0,0,0,0,0,0,0,0,0,0,0,0,0,0,0,1,0,0,0,0,0,0,0,0,0,0,0,0,0,0,0,0,0,0,0,0,0,0,0,6,1,3,6,53,0,1,12,2,5
756.ps1,1,3334,1,3333.0,3333,0,1,24,24,20,20,82,82,11,451,6,11,0,0,7,0,0,0,0,0,1,84,0,0,0,0,0,0,0,0,0,0,0,0,0,0,0,0,0,0,0,0,0,0,0,0,0,0,0,0,0,0,0,0,0,0,0,0,0,0,0,0,0,0,0,0,0,0,0,1,0,0,0,0,0,0,0,0,0,0,0,0,0,0,0,0,0,0,0,0,0,0,0,5,1,3,7,87,0,1,10,2,6
746.ps1,1,2869,1,2868.0,2868,0,3,22,22,18,18,52,52,10,378,7,10,0,0,7,0,0,0,1,0,2,54,0,0,0,0,0,0,0,0,0,0,0,0,0,0,0,0,0,0,0,0,0,0,0,0,0,0,0,0,0,0,0,0,0,0,0,0,0,0,0,0,0,0,0,0,0,0,0,1,0,0,0,0,0,0,0,0,0,0,0,0,0,0,0,0,0,0,0,0,0,0,0,5,1,3,5,57,0,2,7,1,4
781.ps1,1,3051,1,3050.0,3050,0,2,25,25,20,20,54,54,11,406,8,11,0,0,7,0,0,0,1,0,1,56,0,0,0,0,0,0,0,0,0,0,0,0,0,0,0,0,0,0,0,0,0,0,0,0,0,0,0,0,0,0,0,0,0,0,0,0,0,0,0,0,0,0,0,0,0,0,0,1,0,0,0,0,0,0,0,0,0,0,0,0,0,0,0,0,0,0,0,0,0,0,0,7,1,4,7,60,0,1,10,2,6
770.ps1,1,2887,1,2886.0,2886,0,2,22,22,17,17,52,52,11,380,5,11,0,0,7,0,0,0,0,0,1,54,0,0,0,0,0,0,0,0,0,0,0,0,0,0,0,0,0,0,0,0,0,0,0,0,0,0,0,0,0,0,0,0,0,0,0,0,0,0,0,0,0,0,0,0,0,0,0,1,0,0,0,0,0,0,0,0,0,0,0,0,0,0,0,0,0,0,0,0,0,0,0,4,1,3,5,57,0,1,7,2,4
784.ps1,1,317,1,316.0,316,0,0,9,9,8,8,19,19,7,19,3,4,1,0,1,0,0,0,0,0,0,20,0,0,0,0,0,0,0,0,0,0,0,0,0,0,0,0,0,0,0,0,0,0,0,0,0,0,0,0,0,0,0,0,0,0,0,0,0,0,0,0,0,0,0,0,0,0,0,1,0,0,0,0,0,0,0,0,0,0,0,0,1,0,0,0,0,0,0,0,0,0,0,3,1,2,5,23,0,0,7,1,4
777.ps1,1,2763,1,2762.0,2762,0,1,22,22,16,16,50,50,10,358,5,11,0,0,7,0,0,0,0,0,0,51,0,0,0,0,0,0,0,0,0,0,0,0,0,0,0,0,0,0,0,0,0,0,0,0,0,0,0,0,0,0,0,0,0,0,0,0,0,0,0,0,0,0,0,0,0,0,0,1,0,0,0,0,0,0,0,0,0,0,0,0,1,0,0,0,0,0,0,0,0,0,0,3,1,3,5,55,0,0,7,1,4
795.ps1,1,2817,1,2816.0,2816,0,1,24,24,22,22,50,50,10,360,7,11,0,0,7,0,0,0,1,0,1,50,0,0,0,0,0,0,0,0,0,0,0,0,0,0,0,0,0,0,0,0,0,0,0,0,0,0,0,0,0,0,0,0,0,0,0,0,0,0,0,0,0,0,0,0,0,0,0,1,0,0,0,0,0,0,0,0,0,0,0,0,0,0,0,0,0,0,0,0,0,0,0,6,1,3,7,53,0,1,12,2,6
787.ps1,1,530,1,529.0,529,0,2,12,12,10,10,25,25,15,30,3,4,0,3,0,0,0,0,0,0,1,32,0,0,0,0,0,0,0,0,0,0,0,0,0,0,0,0,0,0,0,0,0,0,0,0,0,0,0,0,0,0,0,0,0,0,0,0,0,0,0,0,0,0,0,0,0,0,0,1,0,0,0,0,0,0,0,0,0,0,0,0,0,0,0,0,0,0,0,0,1,1,0,5,1,5,5,37,0,1,9,2,4
793.ps1,1,2942,1,2941.0,2941,0,2,24,24,26,26,52,52,10,378,11,10,0,0,7,0,0,0,1,0,2,51,0,0,0,0,0,0,0,0,0,0,0,0,0,0,0,0,0,0,0,0,0,0,0,0,0,0,0,0,0,0,0,0,0,0,0,0,0,0,0,0,0,0,0,0,0,0,0,1,0,0,0,0,0,0,0,0,0,0,0,0,0,0,0,0,0,0,0,0,0,0,0,9,1,3,7,54,0,2,15,1,6
807.ps1,1,3303,1,3302.0,3302,0,0,22,22,16,16,82,82,12,452,3,12,2,0,7,0,0,0,0,0,0,85,0,0,0,0,0,0,0,0,0,0,0,0,0,0,0,0,0,0,0,0,0,0,0,0,0,0,0,0,0,0,0,0,0,0,0,0,0,0,0,0,0,0,0,0,0,0,0,1,0,0,0,0,0,0,0,0,0,0,0,0,0,0,0,0,0,0,0,0,0,0,0,2,2,3,5,90,0,0,6,2,4
800.ps1,1,3004,1,3003.0,3003,0,1,25,25,26,26,73,73,10,382,10,11,0,0,7,0,0,0,1,0,1,73,0,0,0,0,0,0,0,0,0,0,0,0,0,0,0,0,0,0,0,0,0,0,0,0,0,0,0,0,0,0,0,0,0,0,0,0,0,0,0,0,0,0,0,0,0,0,0,1,0,0,0,0,0,0,0,0,0,0,0,0,0,0,0,0,0,0,0,0,0,0,0,9,1,3,8,76,0,1,16,2,7
803.ps1,1,3606,1,3605.0,3605,0,1,23,23,20,20,66,66,13,459,6,17,0,0,11,0,0,0,2,0,1,66,0,0,0,0,0,0,0,0,0,0,0,0,0,0,0,0,0,0,0,0,0,0,0,0,0,0,0,0,0,0,0,0,0,0,0,0,0,0,0,0,0,0,0,0,0,0,0,1,0,0,0,1,0,0,0,0,0,0,0,0,0,2,0,0,0,0,0,0,0,0,0,8,1,0,6,66,0,1,7,6,5
812.ps1,1,3032,1,3031.0,3031,0,2,22,22,20,20,54,54,8,405,9,13,0,0,7,0,0,0,0,0,2,54,0,0,0,0,0,0,0,0,0,0,0,0,0,0,0,0,0,0,0,0,0,0,0,0,0,0,0,0,0,0,0,0,0,0,0,0,0,0,0,0,0,0,0,0,0,0,0,1,0,0,0,0,0,0,0,0,0,0,0,0,0,0,0,0,0,0,0,0,0,0,0,10,1,0,8,54,0,2,9,4,7
824.ps1,1,2888,1,2887.0,2887,0,1,19,19,13,13,72,72,7,382,3,14,0,0,7,0,0,0,1,0,1,74,0,0,0,0,0,0,0,0,0,0,0,0,0,0,0,0,0,0,0,0,0,0,0,0,0,0,0,0,0,0,0,0,0,0,0,0,0,0,0,0,0,0,0,0,0,0,0,1,0,0,0,0,0,0,0,0,0,0,0,0,0,0,0,0,0,0,0,0,0,0,0,5,1,0,5,74,0,1,3,5,4
823.ps1,1,2971,1,2970.0,2970,0,0,23,23,19,19,73,73,8,383,7,15,2,0,7,0,0,0,1,0,0,74,0,0,0,0,0,0,0,0,0,0,0,0,0,0,0,0,0,0,0,0,0,0,0,0,0,0,0,0,0,0,0,0,0,0,0,0,0,0,0,0,0,0,0,0,0,0,0,1,0,0,0,0,0,0,0,0,0,0,0,0,0,0,0,0,0,0,0,0,0,0,0,9,2,0,9,76,0,0,9,5,8
835.ps1,1,1691,1,1690.0,1690,0,2,13,13,7,7,36,36,8,33,27,6,0,14,1,0,0,0,1,0,2,32,0,0,0,0,0,0,0,0,0,0,0,0,0,0,0,0,0,0,0,0,0,0,0,0,0,0,0,0,0,0,0,0,2,0,0,0,0,0,0,0,0,0,0,0,0,0,0,2,1,0,0,0,0,1,0,0,0,0,0,0,1,0,0,0,0,0,0,0,0,3,0,4,1,0,5,32,0,2,2,2,4
818.ps1,1,481,1,480.0,480,1,2,6,6,4,4,39,39,9,40,2,3,0,4,0,0,0,0,1,0,2,42,0,0,0,0,0,0,0,0,0,0,0,0,0,0,0,0,0,0,0,0,0,0,0,0,0,0,0,0,0,0,0,0,0,0,0,0,0,0,0,0,0,0,0,0,0,0,0,1,0,0,0,0,0,0,0,0,0,0,0,0,0,0,0,0,0,0,0,0,0,0,0,3,1,1,4,43,0,2,2,1,3
838.ps1,1,2908,1,2907.0,2907,0,1,23,23,19,19,52,52,9,379,8,14,0,0,7,0,0,0,0,0,1,53,0,0,0,0,0,0,0,0,0,0,0,0,0,0,0,0,0,0,0,0,0,0,0,0,0,0,0,0,0,0,0,0,0,0,0,0,0,0,0,0,0,0,0,0,0,0,0,1,0,0,0,0,0,0,0,0,0,0,0,0,0,0,0,0,0,0,0,0,0,0,0,10,1,1,8,54,0,1,9,5,7
828.ps1,1,577,1,576.0,576,1,0,8,8,5,5,47,47,13,43,0,5,2,3,3,0,0,0,0,0,0,44,0,0,0,0,0,0,0,0,0,0,0,0,0,0,0,0,0,0,0,0,0,0,0,0,0,0,0,0,0,0,0,0,0,0,0,0,0,0,0,0,0,0,0,0,0,0,0,2,0,0,0,0,0,0,0,0,0,0,0,0,0,0,0,0,0,0,0,0,0,0,0,3,2,0,7,46,0,0,2,3,6
837.ps1,1,454,1,453.0,453,0,1,8,8,3,3,42,42,8,37,1,5,0,4,1,0,0,0,0,0,1,36,0,0,0,0,0,0,0,0,0,0,0,0,0,0,0,0,0,0,0,0,0,0,0,0,0,0,0,0,0,0,0,0,0,0,0,0,0,0,0,0,0,0,0,0,0,0,0,2,0,0,0,0,0,0,0,0,0,0,0,0,0,0,0,0,0,0,0,0,0,0,0,3,1,0,6,36,0,1,2,3,5
85.ps1,1,3048,1,3047.0,3047,0,0,21,21,18,18,76,76,7,402,7,13,0,0,7,0,0,0,0,0,0,75,0,0,0,0,0,0,0,0,0,0,0,0,0,0,0,0,0,0,0,0,0,0,0,0,0,0,0,0,0,0,0,0,0,0,0,0,0,0,0,0,0,0,0,0,0,0,0,1,0,0,0,0,0,0,0,0,0,0,0,0,0,1,0,0,0,0,0,0,0,0,0,8,1,0,7,76,0,0,9,4,6
842.ps1,1,4702,1,4701.0,4701,0,1,27,27,22,22,118,118,16,638,6,18,0,0,12,0,0,0,3,0,1,119,0,0,0,0,0,0,0,0,0,0,0,0,0,0,0,0,0,0,0,0,0,0,0,0,0,0,0,0,0,0,0,0,0,0,0,0,0,0,0,0,0,0,0,0,0,0,0,1,0,0,0,0,0,0,0,0,0,0,0,0,0,2,0,0,0,0,0,0,0,0,0,4,1,4,6,123,0,1,9,2,5
852.ps1,1,2977,1,2976.0,2976,0,0,24,24,22,22,73,73,11,383,7,12,2,0,7,0,0,0,1,0,0,74,0,0,0,0,0,0,0,0,0,0,0,0,0,0,0,0,0,0,0,0,0,0,0,0,0,0,0,0,0,0,0,0,0,0,0,0,0,0,0,0,0,0,0,0,0,0,0,1,0,0,0,0,0,0,0,0,0,0,0,0,0,0,0,0,0,0,0,0,0,0,0,6,2,3,7,79,0,0,12,2,6
840.ps1,1,3029,1,3028.0,3028,0,2,22,22,20,20,54,54,8,405,9,13,0,0,7,0,0,0,0,0,2,54,0,0,0,0,0,0,0,0,0,0,0,0,0,0,0,0,0,0,0,0,0,0,0,0,0,0,0,0,0,0,0,0,0,0,0,0,0,0,0,0,0,0,0,0,0,0,0,1,0,0,0,0,0,0,0,0,0,0,0,0,0,0,0,0,0,0,0,0,0,0,0,10,1,0,8,54,0,2,9,4,7
859.ps1,1,2759,1,2758.0,2758,0,1,20,20,16,16,50,50,8,360,5,14,0,0,7,0,0,0,0,0,1,51,0,0,0,0,0,0,0,0,0,0,0,0,0,0,0,0,0,0,0,0,0,0,0,0,0,0,0,0,0,0,0,0,0,0,0,0,0,0,0,0,0,0,0,0,0,0,0,1,0,0,0,0,0,0,0,0,0,0,0,0,0,0,0,0,0,0,0,0,0,0,0,7,1,0,6,51,0,1,6,5,5
854.ps1,1,3449,1,3448.0,3448,0,1,23,23,20,20,85,85,7,475,8,14,0,0,7,0,0,0,1,0,1,86,0,0,0,0,0,0,0,0,0,0,0,0,0,0,0,0,0,0,0,0,0,0,0,0,0,0,0,0,0,0,0,0,0,0,0,0,0,0,0,0,0,0,0,0,0,0,0,1,0,0,0,0,0,0,0,0,0,0,0,0,0,0,0,0,0,0,0,0,0,0,0,10,1,0,9,86,0,1,10,5,8
849.ps1,1,3478,1,3477.0,3477,0,2,23,23,21,21,88,88,12,413,8,16,0,0,11,0,0,0,3,0,2,88,0,0,0,0,0,0,0,0,0,0,0,0,0,0,0,0,0,0,0,0,0,0,0,0,0,0,0,0,0,0,0,0,0,0,0,0,0,0,0,0,0,0,0,0,0,0,0,1,0,0,0,1,0,0,0,0,0,0,0,0,0,2,0,0,0,0,0,0,0,0,0,9,1,0,6,88,0,2,7,5,5
856.ps1,1,3242,1,3241.0,3241,0,2,22,22,20,20,58,58,7,446,9,13,0,0,7,0,0,0,1,0,2,58,0,0,0,0,0,0,0,0,0,0,0,0,0,0,0,0,0,0,0,0,0,0,0,0,0,0,0,0,0,0,0,0,0,0,0,0,0,0,0,0,0,0,0,0,0,0,0,1,0,0,0,0,0,0,0,0,0,0,0,0,0,0,0,0,0,0,0,0,0,0,0,10,1,0,8,58,0,2,9,4,7
866.ps1,1,542,1,541.0,541,0,1,9,9,8,8,42,42,9,44,5,3,0,3,1,0,0,0,0,0,0,44,0,0,0,0,0,0,0,0,0,0,0,0,0,0,0,0,0,0,0,0,0,0,0,0,0,0,0,0,0,0,0,0,0,0,0,0,0,0,0,0,0,0,0,0,0,0,0,1,0,0,0,0,0,0,0,0,0,0,0,0,0,1,0,0,0,0,0,0,0,0,0,5,1,2,5,47,0,0,8,1,4
894.ps1,1,3300,1,3299.0,3299,0,0,20,20,18,18,82,82,7,450,7,14,0,0,7,0,0,0,0,0,0,81,0,0,0,0,0,0,0,0,0,0,0,0,0,0,0,0,0,0,0,0,0,0,0,0,0,0,0,0,0,0,0,0,0,0,0,0,0,0,0,0,0,0,0,0,0,0,0,1,0,0,0,0,0,0,0,0,0,0,0,0,1,0,0,0,0,0,0,0,0,0,0,8,1,0,6,82,0,0,9,4,5
861.ps1,1,3085,1,3084.0,3084,0,2,25,25,20,20,76,76,11,403,8,11,0,0,7,0,0,0,1,0,1,78,0,0,0,0,0,0,0,0,0,0,0,0,0,0,0,0,0,0,0,0,0,0,0,0,0,0,0,0,0,0,0,0,0,0,0,0,0,0,0,0,0,0,0,0,0,0,0,1,0,0,0,0,0,0,0,0,0,0,0,0,0,0,0,0,0,0,0,0,0,0,0,7,1,4,7,82,0,1,10,2,6
882.ps1,1,481,1,480.0,480,0,2,7,7,4,4,32,32,7,34,3,5,0,7,1,0,0,0,0,0,2,36,0,0,0,0,0,0,0,0,0,0,0,0,0,0,0,0,0,0,0,0,0,0,0,0,0,0,0,0,0,0,0,0,0,0,0,0,0,0,0,0,0,0,0,0,0,0,0,1,0,0,0,0,0,0,0,0,0,0,0,0,0,0,0,0,0,0,0,0,0,0,0,5,1,0,5,36,0,2,2,3,4
896.ps1,1,3075,1,3074.0,3074,0,1,24,24,22,22,76,76,10,404,7,11,0,0,7,0,0,0,1,0,1,76,0,0,0,0,0,0,0,0,0,0,0,0,0,0,0,0,0,0,0,0,0,0,0,0,0,0,0,0,0,0,0,0,0,0,0,0,0,0,0,0,0,0,0,0,0,0,0,1,0,0,0,0,0,0,0,0,0,0,0,0,0,0,0,0,0,0,0,0,0,0,0,6,1,3,7,79,0,1,12,2,6
880.ps1,1,2789,1,2788.0,2788,0,1,23,23,19,19,50,50,10,358,7,11,0,0,7,0,0,0,0,0,0,50,0,0,0,0,0,0,0,0,0,0,0,0,0,0,0,0,0,0,0,0,0,0,0,0,0,0,0,0,0,0,0,0,0,0,0,0,0,0,0,0,0,0,0,0,0,0,0,1,0,0,0,0,0,0,0,0,0,0,0,0,1,0,0,0,0,0,0,0,0,0,0,5,1,3,6,54,0,0,10,1,5
898.ps1,1,3151,1,3150.0,3150,0,1,24,24,22,22,56,56,11,427,7,11,0,0,7,0,0,0,0,0,1,56,0,0,0,0,0,0,0,0,0,0,0,0,0,0,0,0,0,0,0,0,0,0,0,0,0,0,0,0,0,0,0,0,0,0,0,0,0,0,0,0,0,0,0,0,0,0,0,1,0,0,0,0,0,0,0,0,0,0,0,0,0,0,0,0,0,0,0,0,0,0,0,6,1,3,7,59,0,1,12,2,6
873.ps1,1,1744,1,1743.0,1743,1,1,13,13,19,19,145,145,21,149,7,10,0,5,7,0,2,0,1,0,1,149,0,0,0,0,0,0,0,0,0,0,0,0,0,0,0,0,0,0,0,0,0,0,0,0,0,0,0,0,0,0,0,0,0,0,0,0,0,0,0,0,0,0,0,0,0,0,0,1,0,0,0,0,0,0,0,0,0,0,0,0,0,0,0,0,0,0,0,0,0,0,0,11,1,0,8,149,0,1,11,6,7
915.ps1,1,3022,1,3021.0,3021,0,2,22,22,20,20,54,54,11,405,7,10,0,0,7,0,0,0,0,0,2,55,0,0,0,0,0,0,0,0,0,0,0,0,0,0,0,0,0,0,0,0,0,0,0,0,0,0,0,0,0,0,0,0,0,0,0,0,0,0,0,0,0,0,0,0,0,0,0,1,0,0,0,0,0,0,0,0,0,0,0,0,0,0,0,0,0,0,0,0,0,0,0,5,1,3,5,58,0,2,9,1,4
903.ps1,1,438,1,437.0,437,0,2,8,8,6,6,31,31,8,32,4,4,0,3,0,0,0,0,0,0,2,33,0,0,0,0,0,0,0,0,0,0,0,0,0,0,0,0,0,0,0,0,0,0,0,0,0,0,0,0,0,0,0,0,0,0,0,0,0,0,0,0,0,0,0,0,0,0,0,1,0,0,0,0,0,0,0,0,0,0,0,0,0,0,0,0,0,0,0,0,0,0,0,6,1,0,7,33,0,2,4,2,6
909.ps1,1,3091,1,3090.0,3090,0,2,22,22,23,23,76,76,7,402,11,13,0,0,7,0,0,0,1,0,2,75,0,0,0,0,0,0,0,0,0,0,0,0,0,0,0,0,0,0,0,0,0,0,0,0,0,0,0,0,0,0,0,0,0,0,0,0,0,0,0,0,0,0,0,0,0,0,0,1,0,0,0,0,0,0,0,0,0,0,0,0,0,0,0,0,0,0,0,0,0,0,0,12,1,0,8,75,0,2,12,4,7
94.ps1,1,3067,1,3066.0,3066,0,2,22,22,20,20,76,76,8,402,9,13,0,0,7,0,0,0,0,0,2,76,0,0,0,0,0,0,0,0,0,0,0,0,0,0,0,0,0,0,0,0,0,0,0,0,0,0,0,0,0,0,0,0,0,0,0,0,0,0,0,0,0,0,0,0,0,0,0,1,0,0,0,0,0,0,0,0,0,0,0,0,0,0,0,0,0,0,0,0,0,0,0,10,1,0,8,76,0,2,9,4,7
899.ps1,1,3074,1,3073.0,3073,0,1,24,24,22,22,76,76,10,404,7,11,0,0,7,0,0,0,1,0,1,76,0,0,0,0,0,0,0,0,0,0,0,0,0,0,0,0,0,0,0,0,0,0,0,0,0,0,0,0,0,0,0,0,0,0,0,0,0,0,0,0,0,0,0,0,0,0,0,1,0,0,0,0,0,0,0,0,0,0,0,0,0,0,0,0,0,0,0,0,0,0,0,6,1,3,7,79,0,1,12,2,6
942.ps1,1,2921,1,2920.0,2920,0,1,21,21,16,16,73,73,8,383,5,14,0,0,7,0,0,0,0,0,1,74,0,0,0,0,0,0,0,0,0,0,0,0,0,0,0,0,0,0,0,0,0,0,0,0,0,0,0,0,0,0,0,0,0,0,0,0,0,0,0,0,0,0,0,0,0,0,0,1,0,0,0,0,0,0,0,0,0,0,0,0,0,0,0,0,0,0,0,0,0,0,0,7,1,0,7,74,0,1,6,5,6
927.ps1,1,2934,1,2933.0,2933,0,1,23,23,17,17,73,73,11,383,5,11,2,0,7,0,0,0,1,0,0,76,0,0,0,0,0,0,0,0,0,0,0,0,0,0,0,0,0,0,0,0,0,0,0,0,0,0,0,0,0,0,0,0,0,0,0,0,0,0,0,0,0,0,0,0,0,0,0,1,0,0,0,0,0,0,0,0,0,0,0,0,0,0,0,0,0,0,0,0,0,0,0,4,2,3,6,81,0,0,7,2,5
928.ps1,1,3059,1,3058.0,3058,0,1,25,25,23,23,54,54,12,407,9,11,2,0,7,0,0,0,0,0,0,55,0,0,0,0,0,0,0,0,0,0,0,0,0,0,0,0,0,0,0,0,0,0,0,0,0,0,0,0,0,0,0,0,0,0,0,0,0,0,0,0,0,0,0,0,0,0,0,1,0,0,0,0,0,0,0,0,0,0,0,0,0,0,0,0,0,0,0,0,0,0,0,8,2,3,8,60,0,0,13,2,7
923.ps1,1,2959,1,2958.0,2958,0,1,23,23,20,20,73,73,8,382,8,14,0,0,7,0,0,0,0,0,1,74,0,0,0,0,0,0,0,0,0,0,0,0,0,0,0,0,0,0,0,0,0,0,0,0,0,0,0,0,0,0,0,0,0,0,0,0,0,0,0,0,0,0,0,0,0,0,0,1,0,0,0,0,0,0,0,0,0,0,0,0,0,0,0,0,0,0,0,0,0,0,0,10,1,0,9,74,0,1,10,5,8
943.ps1,1,3076,1,3075.0,3075,0,1,24,24,22,22,76,76,11,404,7,11,0,0,7,0,0,0,0,0,1,76,0,0,0,0,0,0,0,0,0,0,0,0,0,0,0,0,0,0,0,0,0,0,0,0,0,0,0,0,0,0,0,0,0,0,0,0,0,0,0,0,0,0,0,0,0,0,0,1,0,0,0,0,0,0,0,0,0,0,0,0,0,0,0,0,0,0,0,0,0,0,0,6,1,3,7,79,0,1,12,2,6
934.ps1,1,2846,1,2845.0,2845,0,0,19,19,15,15,52,52,7,378,5,14,0,0,7,0,0,0,0,0,0,52,0,0,0,0,0,0,0,0,0,0,0,0,0,0,0,0,0,0,0,0,0,0,0,0,0,0,0,0,0,0,0,0,0,0,0,0,0,0,0,0,0,0,0,0,0,0,0,1,0,0,0,0,0,0,0,0,0,0,0,0,1,0,0,0,0,0,0,0,0,0,0,6,1,0,5,53,0,0,6,4,4
958.ps1,1,3290,1,3289.0,3289,0,2,24,24,20,20,59,59,10,453,7,11,0,0,7,0,0,0,1,0,1,60,0,0,0,0,0,0,0,0,0,0,0,0,0,0,0,0,0,0,0,0,0,0,0,0,0,0,0,0,0,0,0,0,0,0,0,0,0,0,0,0,0,0,0,0,0,0,0,1,0,0,0,0,0,0,0,0,0,0,0,0,0,0,0,0,0,0,0,0,0,0,0,6,1,3,7,63,0,1,10,2,6
961.ps1,1,3051,1,3050.0,3050,0,2,16,16,12,12,75,75,25,78,30,10,0,27,11,0,0,0,0,0,1,79,0,0,0,0,0,0,0,0,0,0,0,0,0,0,0,0,0,0,0,0,0,0,0,0,0,0,0,0,0,0,0,0,0,0,0,0,0,0,0,0,0,0,0,0,0,0,0,1,0,0,0,0,0,0,0,0,0,0,0,0,0,1,0,0,0,0,0,0,0,2,0,5,1,4,5,83,0,1,7,2,4
967.ps1,1,3263,1,3262.0,3262,0,1,25,25,25,25,79,79,12,431,10,11,0,0,7,0,0,0,0,0,1,79,0,0,0,0,0,0,0,0,0,0,0,0,0,0,0,0,0,0,0,0,0,0,0,0,0,0,0,0,0,0,0,0,0,0,0,0,0,0,0,0,0,0,0,0,0,0,0,1,0,0,0,0,0,0,0,0,0,0,0,0,0,0,0,0,0,0,0,0,0,0,0,9,1,4,7,83,0,1,15,2,6
954.ps1,1,1950,1,1950.0,1950,0,1,17,17,18,18,43,43,35,53,8,10,0,2,25,0,0,0,0,0,1,45,0,0,0,0,0,0,0,0,0,0,0,0,0,0,0,0,0,0,0,0,0,0,0,0,0,0,0,0,0,0,0,0,0,0,0,0,0,0,0,0,0,0,0,0,0,0,0,1,0,0,0,0,0,0,0,0,0,0,0,0,0,0,0,0,0,0,0,0,0,1,0,14,1,0,9,45,0,1,16,6,8
966.ps1,1,387,1,386.0,386,1,2,7,7,4,4,28,28,8,29,2,3,0,3,0,0,0,0,1,0,2,31,0,0,0,0,0,0,0,0,0,0,0,0,0,0,0,0,0,0,0,0,0,0,0,0,0,0,0,0,0,0,0,0,0,0,0,0,0,0,0,0,0,0,0,0,0,0,0,1,0,0,0,0,0,0,0,0,0,0,0,0,0,0,0,0,0,0,0,0,1,0,0,3,1,1,5,32,0,2,2,1,4
975.ps1,1,3039,1,3038.0,3038,0,1,24,24,25,25,74,74,10,393,9,11,0,0,7,0,0,0,1,0,1,73,0,0,0,0,0,0,0,0,0,0,0,0,0,0,0,0,0,0,0,0,0,0,0,0,0,0,0,0,0,0,0,0,0,0,0,0,0,0,0,0,0,0,0,0,0,0,0,1,0,0,0,0,0,0,0,0,0,0,0,0,0,0,0,0,0,0,0,0,0,0,0,8,1,3,7,76,0,1,15,2,6
973.ps1,1,2894,1,2893.0,2893,0,2,21,21,20,20,52,52,8,378,9,13,0,0,7,0,0,0,0,0,2,52,0,0,0,0,0,0,0,0,0,0,0,0,0,0,0,0,0,0,0,0,0,0,0,0,0,0,0,0,0,0,0,0,0,0,0,0,0,0,0,0,0,0,0,0,0,0,0,1,0,0,0,0,0,0,0,0,0,0,0,0,0,0,0,0,0,0,0,0,0,0,0,10,1,0,7,52,0,2,9,4,6
964.ps1,1,3099,1,3098.0,3098,0,1,18,18,20,20,75,75,23,79,35,10,0,25,11,0,0,0,1,0,1,75,0,0,0,0,0,0,0,0,0,0,0,0,0,0,0,0,0,0,0,0,0,0,0,0,0,0,0,0,0,0,0,0,2,0,0,0,0,0,0,0,0,0,0,0,0,0,0,1,1,0,0,0,0,1,0,0,0,0,0,0,0,1,0,0,0,0,0,0,0,3,0,8,1,3,8,78,0,1,15,2,7
978.ps1,1,3828,1,3827.0,3827,0,1,23,23,22,22,68,68,10,557,9,10,0,0,7,0,0,0,0,0,0,67,0,0,0,0,0,0,0,0,0,0,0,0,0,0,0,0,0,0,0,0,0,0,0,0,0,0,0,0,0,0,0,0,0,0,0,0,0,0,0,0,0,0,0,0,0,0,0,1,0,0,0,0,0,0,0,0,0,0,0,0,0,1,0,0,0,0,0,0,0,0,0,7,1,3,6,71,0,0,13,1,5
997.ps1,1,2778,1,2777.0,2777,0,2,22,22,17,17,50,50,10,360,5,11,0,0,7,0,0,0,1,0,1,52,0,0,0,0,0,0,0,0,0,0,0,0,0,0,0,0,0,0,0,0,0,0,0,0,0,0,0,0,0,0,0,0,0,0,0,0,0,0,0,0,0,0,0,0,0,0,0,1,0,0,0,0,0,0,0,0,0,0,0,0,0,0,0,0,0,0,0,0,0,0,0,4,1,3,5,55,0,1,7,2,4
988.ps1,1,3202,1,3201.0,3201,0,2,22,22,20,20,79,79,7,430,9,13,0,0,7,0,0,0,1,0,2,79,0,0,0,0,0,0,0,0,0,0,0,0,0,0,0,0,0,0,0,0,0,0,0,0,0,0,0,0,0,0,0,0,0,0,0,0,0,0,0,0,0,0,0,0,0,0,0,1,0,0,0,0,0,0,0,0,0,0,0,0,0,0,0,0,0,0,0,0,0,0,0,10,1,0,8,79,0,2,9,4,7
986.ps1,1,3005,1,3004.0,3004,0,2,21,21,19,19,75,75,7,383,7,13,0,0,8,0,0,0,1,0,2,76,0,0,0,0,0,0,0,0,0,0,0,0,0,0,0,0,0,0,0,0,0,0,0,0,0,0,0,0,0,0,0,0,0,0,0,0,0,0,0,0,0,0,0,0,0,0,0,1,0,0,0,0,0,0,0,0,0,0,0,0,0,0,0,0,0,0,0,0,0,0,0,8,1,0,7,76,0,2,6,4,6
