filename,teknik_obfuskasi,label,script_length,line_count,avg_line_length,max_line_length,has_url_or_ip,char_dollar,char_lparen,char_rparen,char_lbracket,char_rbracket,char_lbrace,char_rbrace,char_dot,char_comma,char_plus,char_minus,char_star,char_slash,char_equal,char_exclaim,char_percent,char_caret,char_ampersand,char_backtick,var_count,string_literal_count,kw_get_command,kw_get_help,kw_get_process,kw_get_service,kw_get_childitem,kw_get_wmiobject,kw_get_alias,kw_get_member,kw_set_location,kw_get_location,kw_get_content,kw_set_content,kw_add_content,kw_write_host,kw_write_output,kw_write_verbose,kw_write_error,kw_start_transcript,kw_stop_transcript,kw_set_strictmode,kw_protect_cmsmessage,kw_unprotect_cmsmessage,kw_test_netconnection,kw_test_path,kw_import_module,kw_select_object,kw_where_object,kw_foreach_object,kw_get_acl,kw_set_acl,kw_get_filehash,kw_pwd,kw_gl,kw_invoke_obfuscation,kw_invoke_mimikatz,kw_powersploit,kw_powershell_empire,kw_nishang,kw_powerup,kw_p0wnedshell,kw_powerops,kw_poweliks,kw_kovter,kw_shellcode,kw_start_process,kw_invoke_webrequest,kw_invoke_restmethod,kw__f,kw__convert___frombase64string,kw__system_convert___frombase64string,kw__convert___tobase64string,kw__system_convert___tobase64string,kw_system_io_compression_deflatestream,kw_io_memorystream,kw__runtime_interopservices_marshal___ptrtostringansi,kw__runtime_interopservices_marshal___securestringtoglobalallocansi,kw__true,kw__false,kw_convertfrom_securestring,kw_convertto_securestring,kw_invoke_expression,kw_iex,kw__encodedcommand,kw__exec_bypass,kw__executionpolicy_bypass,kw_system_net_webclient,kw_net_webclient,kw_downloadstring,kw_downloadfile,kw_new_object,AssignmentStatementAst,BinaryExpressionAst,CommandAst,InvokeMemberExpressionAst,PipelineAst,StringConstantExpressionAst,TypeExpressionAst,VariableExpressionAst,ConvertExpressionAst,ArrayLiteralAst,ParenExpressionAst
1006.ps1,ASCII_Encoding,1,8459,1,8458.0,8458,0,4,7,7,5,5,269,1,1,248,3,13,0,0,0,0,1,0,0,0,2,19,0,0,0,0,0,0,0,0,0,0,0,0,0,0,0,0,0,0,0,0,0,0,0,0,0,0,0,0,0,0,0,0,0,0,0,0,0,0,0,0,0,0,0,0,0,0,0,0,0,0,0,0,0,0,0,0,0,0,0,0,0,0,0,0,0,0,0,0,0,0,0,14,4,0,9,20,0,2,4,1,5
1084.ps1,ASCII_Encoding,1,7583,1,7582.0,7582,0,2,4,4,4,4,1,1,0,223,1,244,0,0,0,0,1,0,1,0,2,14,0,0,0,0,0,0,0,0,0,0,0,0,0,0,0,0,0,0,0,0,0,0,0,0,0,0,0,0,0,0,0,0,0,0,0,0,0,0,0,0,0,0,0,0,0,0,0,0,0,0,0,0,0,0,0,0,0,0,0,0,0,0,0,0,0,0,0,0,0,0,0,13,2,0,6,15,0,2,3,1,4
1049.ps1,ASCII_Encoding,1,7627,1,7626.0,7626,0,2,5,5,4,4,1,1,1,1673,0,1,0,0,0,0,0,0,0,0,2,2,0,0,0,0,0,0,0,0,0,0,0,0,0,0,0,0,0,0,0,0,0,0,0,0,0,0,0,0,0,0,0,0,0,0,0,0,0,0,0,0,0,0,0,0,0,0,0,0,0,0,0,0,0,0,0,0,0,0,0,0,0,0,0,0,0,0,0,0,0,0,0,1,2,1,6,4,1,2,2,2,4
1011.ps1,ASCII_Encoding,1,609,1,608.0,608,0,1,3,3,2,2,1,1,1,0,0,3,0,0,0,0,0,0,0,0,1,2,0,0,0,0,0,0,0,0,0,0,0,0,0,0,0,0,0,0,0,0,0,0,0,0,0,0,0,0,0,0,0,0,0,0,0,0,0,0,0,0,0,0,0,0,0,0,0,0,0,0,0,0,0,0,0,0,0,0,0,0,1,0,0,0,0,0,0,0,0,0,0,1,2,1,4,5,1,1,1,0,2
1081.ps1,ASCII_Encoding,1,9835,1,9834.0,9834,0,3,5,5,4,4,1,1,0,2230,2,2,0,0,0,0,0,0,1,0,3,2,0,0,0,0,0,0,0,0,0,0,0,0,0,0,0,0,0,0,0,0,0,0,0,0,0,0,0,1,0,0,0,0,0,0,0,0,0,0,0,0,0,0,0,0,0,0,0,0,0,0,0,0,0,0,0,0,0,0,0,0,0,0,0,0,0,0,0,0,0,0,0,3,2,0,7,3,0,3,2,1,5
1045.ps1,ASCII_Encoding,1,9818,1,9817.0,9817,0,3,5,5,4,4,1,1,0,2230,2,2,0,0,0,0,0,0,1,0,3,2,0,0,0,0,0,0,0,0,0,0,0,0,0,0,0,0,0,0,0,0,0,0,0,0,0,0,0,1,0,0,0,0,0,0,0,0,0,0,0,0,0,0,0,0,0,0,0,0,0,0,0,0,0,0,0,0,0,0,0,0,0,0,0,0,0,0,0,0,0,0,0,3,2,0,7,3,0,3,2,1,5
1005.ps1,ASCII_Encoding,1,7709,1,7708.0,7708,0,3,3,3,4,4,1,1,1,264,2,12,0,0,0,216,222,0,197,0,3,13,0,0,0,0,0,0,0,0,0,0,0,0,0,0,0,0,0,0,0,0,0,0,0,0,0,0,0,0,0,0,0,0,0,0,0,0,0,0,0,0,0,0,0,0,0,0,0,0,0,0,0,0,0,0,0,0,0,0,0,0,0,0,0,0,0,0,0,0,0,0,0,14,2,0,5,14,1,3,1,0,3
108.ps1,ASCII_Encoding,1,715,1,714.0,714,0,2,4,4,3,3,1,1,0,2,0,13,0,0,0,18,1,0,1,0,2,13,0,0,0,0,0,0,0,0,0,0,0,0,0,0,0,0,0,0,0,0,0,0,0,0,0,0,0,0,0,0,0,0,0,0,0,0,0,0,0,0,0,0,0,0,0,0,0,0,0,0,0,0,0,0,0,0,0,0,0,0,0,0,0,0,0,0,0,0,0,0,0,13,2,0,6,14,1,2,1,1,4
1059.ps1,ASCII_Encoding,1,8563,1,8562.0,8562,0,2,6,6,4,4,1,1,2,2,1,11,0,0,0,233,1,0,259,0,2,14,0,0,0,0,0,0,0,0,0,0,0,0,0,0,0,0,0,0,0,0,0,0,0,0,0,0,0,0,0,0,0,0,0,0,0,0,0,0,0,0,0,0,0,0,0,0,0,0,0,0,0,0,0,0,0,0,0,0,0,0,0,0,0,0,0,0,0,0,0,0,0,12,2,2,6,17,1,2,2,1,4
103.ps1,ASCII_Encoding,1,10179,1,10178.0,10178,0,4,4,4,5,5,0,0,0,2320,4,2,0,0,0,0,0,0,1,0,2,7,0,0,0,0,0,0,0,0,0,0,0,0,0,0,0,0,0,0,0,0,0,0,0,0,0,0,0,0,0,0,0,0,0,0,0,0,0,0,0,0,0,0,0,0,0,0,0,0,0,0,0,0,0,0,0,0,0,0,0,0,0,0,0,0,0,0,0,0,0,0,0,4,3,0,5,7,0,2,2,1,2
1015.ps1,ASCII_Encoding,1,10066,1,10065.0,10065,0,3,6,6,4,4,0,0,2,2276,3,3,0,0,0,0,0,0,0,0,1,8,0,0,0,0,0,0,0,0,0,0,0,0,0,0,0,0,0,0,0,0,0,0,0,0,0,0,0,0,0,0,0,0,0,0,0,0,0,0,0,0,0,0,0,0,0,0,0,0,0,0,0,0,0,0,0,0,0,0,0,0,0,0,0,0,0,0,0,0,0,0,0,4,3,1,6,9,0,1,2,2,3
1108.ps1,ASCII_Encoding,1,8033,1,8032.0,8032,0,1,4,4,3,3,1,271,0,1,0,11,0,0,0,0,247,0,0,0,1,12,0,0,0,0,0,0,0,0,0,0,0,0,0,0,0,0,0,0,0,0,0,0,0,0,0,0,0,0,0,0,0,0,0,0,0,0,0,0,0,0,0,0,0,0,0,0,0,0,0,0,0,0,0,0,0,0,0,0,0,0,1,0,0,0,0,0,0,0,0,0,0,10,2,1,5,15,1,1,2,0,3
1078.ps1,ASCII_Encoding,1,9814,1,9813.0,9813,0,4,4,4,5,5,0,0,0,2230,4,0,0,0,0,0,0,0,1,0,2,7,0,0,0,0,0,0,0,0,0,0,0,0,0,0,0,0,0,0,0,0,0,0,0,0,0,0,0,0,0,0,0,0,0,0,0,0,0,0,0,0,0,0,0,0,0,0,0,0,0,0,0,0,0,0,0,0,0,0,0,0,0,0,0,0,0,0,0,0,0,0,0,4,3,0,5,7,0,2,2,1,2
1044.ps1,ASCII_Encoding,1,8022,1,8021.0,8021,0,2,5,5,5,5,1,1,0,2,1,12,0,0,0,244,0,0,1,0,2,14,0,0,0,0,0,0,0,0,0,0,0,0,0,0,0,0,0,0,0,0,0,0,0,0,0,0,0,1,0,0,0,0,0,0,0,0,0,0,0,0,0,0,0,0,0,0,0,0,0,0,0,0,0,0,0,0,0,0,0,0,0,0,0,0,0,0,0,0,0,0,0,12,2,1,6,16,1,2,3,1,4
1030.ps1,ASCII_Encoding,1,7804,1,7803.0,7803,0,4,8,8,4,4,1,1,3,214,3,233,0,0,0,249,0,0,0,0,2,10,0,0,0,0,0,0,0,0,0,0,0,0,0,0,0,0,0,0,0,0,0,0,0,0,0,0,0,0,0,0,0,0,0,0,0,0,0,0,0,0,0,0,0,0,0,0,0,0,0,0,0,0,0,0,0,0,0,0,0,0,0,0,0,0,0,0,0,0,0,0,0,5,4,2,8,13,1,2,2,1,4
1009.ps1,ASCII_Encoding,1,680,1,679.0,679,0,3,6,6,3,3,1,20,1,0,2,3,0,0,0,19,0,0,0,0,1,8,0,0,0,0,0,0,0,0,0,0,0,0,0,0,0,0,0,0,0,0,0,0,0,0,0,0,0,0,0,0,0,0,0,0,0,0,0,0,0,0,0,0,0,0,0,0,0,0,0,0,0,0,0,0,0,0,0,0,0,0,1,0,0,0,0,0,0,0,0,0,0,3,4,1,7,11,1,1,2,0,3
1107.ps1,ASCII_Encoding,1,10278,1,10277.0,10277,0,2,5,5,4,4,1,1,1,2318,1,3,0,0,0,0,1,0,0,0,2,3,0,0,0,0,0,0,0,0,0,0,0,0,0,0,0,0,0,0,0,0,0,0,0,0,0,0,0,0,0,0,0,0,0,0,0,0,0,0,0,0,0,0,0,0,0,0,0,0,0,0,0,0,0,0,0,0,0,0,0,0,0,0,0,0,0,0,0,0,0,0,0,4,2,0,7,4,1,2,2,2,5
1072.ps1,ASCII_Encoding,1,10187,1,10186.0,10186,0,2,3,3,5,5,0,0,1,2331,2,0,0,0,0,0,0,0,0,0,2,2,0,0,0,0,0,0,0,0,0,0,0,0,0,0,0,0,0,0,0,0,0,0,0,0,0,0,0,0,0,0,0,0,0,0,0,0,0,0,0,0,0,0,0,0,0,0,0,0,0,0,0,0,0,0,0,0,0,0,0,0,0,0,0,0,0,0,0,0,0,0,0,2,1,1,3,3,1,2,1,1,2
1042.ps1,ASCII_Encoding,1,9802,1,9801.0,9801,0,0,2,2,2,2,0,0,0,2242,0,1,0,0,0,0,0,0,0,0,0,0,0,0,0,0,0,0,0,0,0,0,0,0,0,0,0,0,0,0,0,0,0,0,0,0,0,0,0,0,0,0,0,0,0,0,0,0,0,0,0,0,0,0,0,0,0,0,0,0,0,0,0,0,0,0,0,0,0,0,0,0,0,1,0,0,0,0,0,0,0,0,0,0,1,0,3,1,0,0,1,1,2
1019.ps1,ASCII_Encoding,1,8370,1,8369.0,8369,0,1,3,3,2,2,1,1,0,0,0,13,0,0,0,0,221,0,248,0,1,12,0,0,0,0,0,0,0,0,0,0,0,0,0,0,0,0,0,0,0,0,0,0,0,0,0,0,0,1,0,0,0,0,0,0,0,0,0,0,0,0,0,0,0,0,0,0,0,0,0,0,0,0,0,0,0,0,0,0,0,0,1,0,0,0,0,0,0,0,0,0,0,11,2,0,5,14,0,1,2,0,3
1004.ps1,ASCII_Encoding,1,1960,1,1959.0,1959,0,1,4,4,4,4,0,0,0,444,0,1,0,0,0,0,0,0,1,0,1,2,0,0,0,0,0,0,0,0,0,0,0,0,0,0,0,0,0,0,0,0,0,0,0,0,0,0,0,0,0,0,0,0,0,0,0,0,0,0,0,0,0,0,0,0,0,0,0,0,0,0,0,0,0,0,0,0,0,0,0,0,0,0,0,0,0,0,0,0,0,0,0,1,1,1,4,3,1,1,1,2,3
1102.ps1,ASCII_Encoding,1,12053,1,12052.0,12052,0,2,5,5,4,4,1,1,1,2985,0,2,0,0,0,0,1,0,0,0,2,2,0,0,0,0,0,0,0,0,0,0,0,0,0,0,0,0,0,0,0,0,0,0,0,0,0,0,0,0,0,0,0,0,0,0,0,0,0,0,0,0,0,0,0,0,0,0,0,0,0,0,0,0,0,0,0,0,0,0,0,0,0,0,0,0,0,0,0,0,0,0,0,2,2,1,6,4,2,2,1,2,4
1071.ps1,ASCII_Encoding,1,7647,1,7646.0,7646,0,4,7,7,4,4,208,224,2,2,2,3,0,0,0,0,0,0,0,0,2,9,0,0,0,0,0,0,0,0,0,0,0,0,0,0,0,0,0,0,0,0,0,0,0,0,0,0,0,1,0,0,0,0,0,0,0,0,0,0,0,0,0,0,0,0,0,0,0,0,0,0,0,0,0,0,0,0,0,0,0,0,0,0,0,0,0,0,0,0,0,0,0,3,4,1,8,11,0,2,3,1,4
1040.ps1,ASCII_Encoding,1,577,1,576.0,576,0,1,3,3,2,2,17,1,1,15,0,2,0,0,0,0,0,0,0,0,1,2,0,0,0,0,0,0,0,0,0,0,0,0,0,0,0,0,0,0,0,0,0,0,0,0,0,0,0,0,0,0,0,0,0,0,0,0,0,0,0,0,0,0,0,0,0,0,0,0,0,0,0,0,0,0,0,0,0,0,0,0,0,1,0,0,0,0,0,0,0,0,0,1,2,1,4,5,1,1,1,0,2
1024.ps1,ASCII_Encoding,1,9876,1,9875.0,9875,0,2,5,5,3,3,1,1,1,2245,1,2,0,0,0,0,0,0,1,0,2,3,0,0,0,0,0,0,0,0,0,0,0,0,0,0,0,0,0,0,0,0,0,0,0,0,0,0,0,0,0,0,0,0,0,0,0,0,0,0,0,0,0,0,0,0,0,0,0,0,0,0,0,0,0,0,0,0,0,0,0,0,0,0,0,0,0,0,0,0,0,0,0,3,2,1,6,5,0,2,2,2,4
101.ps1,ASCII_Encoding,1,7814,1,7813.0,7813,0,1,4,4,3,3,234,1,2,2,0,12,2,0,0,0,0,0,0,0,1,14,0,0,0,0,0,0,0,0,0,0,0,0,0,0,0,0,0,0,0,0,0,0,0,0,0,0,0,0,0,0,0,0,0,0,0,0,0,0,0,0,0,0,0,0,0,0,0,0,0,0,0,0,0,0,0,0,0,0,0,0,0,0,0,0,0,0,0,0,0,0,0,12,3,0,6,17,0,1,2,1,4
1101.ps1,ASCII_Encoding,1,9985,1,9984.0,9984,0,1,4,4,4,4,0,0,0,2276,1,2,0,0,0,0,0,0,1,0,1,2,0,0,0,0,0,0,0,0,0,0,0,0,0,0,0,0,0,0,0,0,0,0,0,0,0,0,0,0,0,0,0,0,0,0,0,0,0,0,0,0,0,0,0,0,0,0,0,0,0,0,0,0,0,0,0,0,0,0,0,0,0,0,0,0,0,0,0,0,0,0,0,2,1,0,5,2,0,1,2,2,4
1070.ps1,ASCII_Encoding,1,7615,1,7614.0,7614,0,2,7,7,4,4,226,265,2,2,1,1,0,0,0,223,0,0,223,0,2,5,0,0,0,0,0,0,0,0,0,0,0,0,0,0,0,0,0,0,0,0,0,0,0,0,0,0,0,0,0,0,0,0,0,0,0,0,0,0,0,0,0,0,0,0,0,0,0,0,0,0,0,0,0,0,0,0,0,0,0,0,0,0,0,0,0,0,0,0,0,0,0,2,2,3,6,9,1,2,2,1,4
104.ps1,ASCII_Encoding,1,4343,1,4342.0,4342,0,4,7,7,4,4,1,1,1,979,2,3,0,0,0,0,0,0,0,0,2,7,0,0,0,0,0,0,0,0,0,0,0,0,0,0,0,0,0,0,0,0,0,0,0,0,0,0,0,0,0,0,0,0,0,0,0,0,0,0,0,0,0,0,0,0,0,0,0,0,0,0,0,0,0,0,0,0,0,0,0,0,0,0,0,0,0,0,0,0,0,0,0,4,4,0,9,8,1,2,2,2,5
1023.ps1,ASCII_Encoding,1,591,1,590.0,590,0,1,3,3,2,2,1,1,1,0,0,2,0,0,0,0,17,0,0,0,1,2,0,0,0,0,0,0,0,0,0,0,0,0,0,0,0,0,0,0,0,0,0,0,0,0,0,0,0,1,0,0,0,0,0,0,0,0,0,0,0,0,0,0,0,0,0,0,0,0,0,0,0,0,0,0,0,0,0,0,0,0,0,1,0,0,0,0,0,0,0,0,0,0,2,1,4,5,0,1,2,0,2
1002.ps1,ASCII_Encoding,1,9869,1,9868.0,9868,0,4,4,4,5,5,0,0,1,2245,4,0,0,0,0,0,0,0,0,0,2,7,0,0,0,0,0,0,0,0,0,0,0,0,0,0,0,0,0,0,0,0,0,0,0,0,0,0,0,0,0,0,0,0,0,0,0,0,0,0,0,0,0,0,0,0,0,0,0,0,0,0,0,0,0,0,0,0,0,0,0,0,0,0,0,0,0,0,0,0,0,0,0,4,3,0,5,7,0,2,2,1,2
110.ps1,ASCII_Encoding,1,7685,1,7684.0,7684,0,2,5,5,3,3,1,226,2,1,1,14,0,0,0,0,222,0,0,0,2,13,0,0,0,0,0,0,0,0,0,0,0,0,0,0,0,0,0,0,0,0,0,0,0,0,0,0,0,1,0,0,0,0,0,0,0,0,0,0,0,0,0,0,0,0,0,0,0,0,0,0,0,0,0,0,0,0,0,0,0,0,0,0,0,0,0,0,0,0,0,0,0,13,2,1,6,15,1,2,1,1,4
1051.ps1,ASCII_Encoding,1,8287,1,8286.0,8286,0,3,4,4,4,4,1,1,2,0,2,2,0,0,0,0,1,0,275,0,3,4,0,0,0,0,0,0,0,0,0,0,0,0,0,0,0,0,0,0,0,0,0,0,0,0,0,0,0,0,0,0,0,0,0,0,0,0,0,0,0,0,0,0,0,0,0,0,0,0,0,0,0,0,0,0,0,0,0,0,0,0,0,0,0,0,0,0,0,0,0,0,0,4,2,1,5,6,1,3,1,0,3
1025.ps1,ASCII_Encoding,1,8295,1,8294.0,8294,0,3,5,5,4,4,261,1,2,0,2,1,0,0,0,256,1,0,0,0,3,4,0,0,0,0,0,0,0,0,0,0,0,0,0,0,0,0,0,0,0,0,0,0,0,0,0,0,0,0,0,0,0,0,0,0,0,0,0,0,0,0,0,0,0,0,0,0,0,0,0,0,0,0,0,0,0,0,0,0,0,0,0,0,0,0,0,0,0,0,0,0,0,3,2,1,6,6,0,3,2,0,4
1003.ps1,ASCII_Encoding,1,7617,1,7616.0,7616,0,3,6,6,3,3,1,1,1,247,2,2,0,0,0,0,0,0,0,0,1,8,0,0,0,0,0,0,0,0,0,0,0,0,0,0,0,0,0,0,0,0,0,0,0,0,0,0,0,1,0,0,0,0,0,0,0,0,0,0,0,0,0,0,0,0,0,0,0,0,0,0,0,0,0,0,0,0,0,0,0,0,1,0,0,0,0,0,0,0,0,0,0,2,4,1,7,11,0,1,3,0,3
1099.ps1,ASCII_Encoding,1,9780,1,9779.0,9779,0,3,4,4,4,4,1,1,0,2230,2,3,0,0,0,0,0,0,1,0,3,1,0,0,0,0,0,0,0,0,0,0,0,0,0,0,0,0,0,0,0,0,0,0,0,0,0,0,0,1,0,0,0,0,0,0,0,0,0,0,0,0,0,0,0,0,0,0,0,0,0,0,0,0,0,0,0,0,0,0,0,0,0,0,0,0,0,0,0,0,0,0,0,3,2,0,6,2,1,3,1,1,4
1063.ps1,ASCII_Encoding,1,10161,1,10160.0,10160,0,2,2,2,4,4,0,0,1,2320,2,1,0,0,0,0,0,0,0,0,2,1,0,0,0,0,0,0,0,0,0,0,0,0,0,0,0,0,0,0,0,0,0,0,0,0,0,0,0,0,0,0,0,0,0,0,0,0,0,0,0,0,0,0,0,0,0,0,0,0,0,0,0,0,0,0,0,0,0,0,0,0,0,0,0,0,0,0,0,0,0,0,0,2,1,0,3,1,0,2,1,1,2
1038.ps1,ASCII_Encoding,1,7788,1,7787.0,7787,0,3,6,6,4,4,1,1,2,2,2,13,2,0,0,0,224,0,0,0,1,19,0,0,0,0,0,0,0,0,0,0,0,0,0,0,0,0,0,0,0,0,0,0,0,0,0,0,0,0,0,0,0,0,0,0,0,0,0,0,0,0,0,0,0,0,0,0,0,0,0,0,0,0,0,0,0,0,0,0,0,0,0,0,0,0,0,0,0,0,0,0,0,13,5,0,8,22,0,1,3,1,4
1018.ps1,ASCII_Encoding,1,803,1,802.0,802,0,2,6,6,3,3,1,1,1,156,1,2,0,0,0,0,1,0,1,0,2,3,0,0,0,0,0,0,0,0,0,0,0,0,0,0,0,0,0,0,0,0,0,0,0,0,0,0,0,0,0,0,0,0,0,0,0,0,0,0,0,0,0,0,0,0,0,0,0,0,0,0,0,0,0,0,0,0,0,0,0,0,0,0,0,0,0,0,0,0,0,0,0,3,2,1,7,5,0,2,2,2,5
1008.ps1,ASCII_Encoding,1,9738,1,9737.0,9737,0,2,3,3,4,4,0,0,1,2230,2,1,0,0,0,0,0,0,0,0,2,1,0,0,0,0,0,0,0,0,0,0,0,0,0,0,0,0,0,0,0,0,0,0,0,0,0,0,0,0,0,0,0,0,0,0,0,0,0,0,0,0,0,0,0,0,0,0,0,0,0,0,0,0,0,0,0,0,0,0,0,0,0,0,0,0,0,0,0,0,0,0,0,2,1,0,4,1,0,2,1,1,3
1098.ps1,ASCII_Encoding,1,7729,1,7728.0,7728,0,5,5,5,5,5,1,234,1,225,4,13,0,0,0,253,0,0,0,0,3,18,0,0,0,0,0,0,0,0,0,0,0,0,0,0,0,0,0,0,0,0,0,0,0,0,0,0,0,1,0,0,0,0,0,0,0,0,0,0,0,0,0,0,0,0,0,0,0,0,0,0,0,0,0,0,0,0,0,0,0,0,0,0,0,0,0,0,0,0,0,0,0,14,4,0,7,19,0,3,3,0,3
1062.ps1,ASCII_Encoding,1,9758,1,9757.0,9757,0,3,5,5,5,5,0,0,1,2231,3,2,0,0,0,0,0,0,0,0,1,8,0,0,0,0,0,0,0,0,0,0,0,0,0,0,0,0,0,0,0,0,0,0,0,0,0,0,0,0,0,0,0,0,0,0,0,0,0,0,0,0,0,0,0,0,0,0,0,0,0,0,0,0,0,0,0,0,0,0,0,0,0,0,0,0,0,0,0,0,0,0,0,4,3,0,6,8,0,1,3,2,3
1037.ps1,ASCII_Encoding,1,657,1,656.0,656,0,3,4,4,4,4,14,1,0,0,2,12,0,0,0,0,20,0,14,0,3,12,0,0,0,0,0,0,0,0,0,0,0,0,0,0,0,0,0,0,0,0,0,0,0,0,0,0,0,0,0,0,0,0,0,0,0,0,0,0,0,0,0,0,0,0,0,0,0,0,0,0,0,0,0,0,0,0,0,0,0,0,0,0,0,0,0,0,0,0,0,0,0,13,2,0,6,13,1,3,1,0,4
1000.ps1,ASCII_Encoding,1,754,1,753.0,753,0,2,4,4,5,5,0,0,1,154,2,0,0,0,0,0,0,0,0,0,2,2,0,0,0,0,0,0,0,0,0,0,0,0,0,0,0,0,0,0,0,0,0,0,0,0,0,0,0,0,0,0,0,0,0,0,0,0,0,0,0,0,0,0,0,0,0,0,0,0,0,0,0,0,0,0,0,0,0,0,0,0,0,0,0,0,0,0,0,0,0,0,0,2,1,1,4,3,1,2,1,1,3
1096.ps1,ASCII_Encoding,1,9802,1,9801.0,9801,0,2,6,6,4,4,1,1,0,2233,0,3,0,0,0,0,0,0,1,0,2,2,0,0,0,0,0,0,0,0,0,0,0,0,0,0,0,0,0,0,0,0,0,0,0,0,0,0,0,1,0,0,0,0,0,0,0,0,0,0,0,0,0,0,0,0,0,0,0,0,0,0,0,0,0,0,0,0,0,0,0,0,0,0,0,0,0,0,0,0,0,0,0,2,2,1,7,4,2,2,1,2,5
1061.ps1,ASCII_Encoding,1,8214,1,8213.0,8213,0,2,5,5,3,3,1,1,3,259,1,2,0,0,0,0,0,0,0,0,2,4,0,0,0,0,0,0,0,0,0,0,0,0,0,0,0,0,0,0,0,0,0,0,0,0,0,0,0,0,0,0,0,0,0,0,0,0,0,0,0,0,0,0,0,0,0,0,0,0,0,0,0,0,0,0,0,0,0,0,0,0,0,0,0,0,0,0,0,0,0,0,0,2,2,2,5,7,0,2,2,1,3
1035.ps1,ASCII_Encoding,1,1936,1,1935.0,1935,0,1,2,2,3,3,0,0,0,444,0,2,0,0,0,0,0,0,1,0,1,2,0,0,0,0,0,0,0,0,0,0,0,0,0,0,0,0,0,0,0,0,0,0,0,0,0,0,0,0,0,0,0,0,0,0,0,0,0,0,0,0,0,0,0,0,0,0,0,0,0,0,0,0,0,0,0,0,0,0,0,0,0,0,0,0,0,0,0,0,0,0,0,2,1,0,3,2,0,1,1,2,2
1028.ps1,ASCII_Encoding,1,9979,1,9978.0,9978,0,2,3,3,3,3,0,0,0,2275,2,3,0,0,0,0,0,0,0,0,0,6,0,0,0,0,0,0,0,0,0,0,0,0,0,0,0,0,0,0,0,0,0,0,0,0,0,0,0,0,0,0,0,0,0,0,0,0,0,0,0,0,0,0,0,0,0,0,0,0,0,0,0,0,0,0,0,0,0,0,0,0,1,0,0,0,0,0,0,0,0,0,0,2,3,0,4,7,0,0,2,1,1
100.ps1,ASCII_Encoding,1,8685,1,8684.0,8684,0,3,4,4,4,4,1,1,2,0,2,2,0,0,0,0,0,0,0,0,3,4,0,0,0,0,0,0,0,0,0,0,0,0,0,0,0,0,0,0,0,0,0,0,0,0,0,0,0,0,0,0,0,0,0,0,0,0,0,0,0,0,0,0,0,0,0,0,0,0,0,0,0,0,0,0,0,0,0,0,0,0,0,0,0,0,0,0,0,0,0,0,0,4,2,1,5,6,1,3,1,0,3
1095.ps1,ASCII_Encoding,1,10314,1,10313.0,10313,0,3,5,5,5,5,0,0,1,2334,3,3,0,0,0,0,0,0,0,0,1,8,0,0,0,0,0,0,0,0,0,0,0,0,0,0,0,0,0,0,0,0,0,0,0,0,0,0,0,0,0,0,0,0,0,0,0,0,0,0,0,0,0,0,0,0,0,0,0,0,0,0,0,0,0,0,0,0,0,0,0,0,0,0,0,0,0,0,0,0,0,0,0,4,3,0,6,8,0,1,3,2,3
1058.ps1,ASCII_Encoding,1,7996,1,7995.0,7995,0,3,7,7,4,4,1,1,2,2,2,5,2,0,0,0,220,0,1,0,1,10,0,0,0,0,0,0,0,0,0,0,0,0,0,0,0,0,0,0,0,0,0,0,0,0,0,0,0,1,0,0,0,0,0,0,0,0,0,0,0,0,0,0,0,0,0,0,0,0,0,0,0,0,0,0,0,0,0,0,0,0,0,0,0,0,0,0,0,0,0,0,0,3,5,1,8,14,0,1,3,1,4
1034.ps1,ASCII_Encoding,1,10129,1,10128.0,10128,0,1,3,3,3,3,0,0,0,2322,0,2,0,0,0,0,0,0,1,0,1,2,0,0,0,0,0,0,0,0,0,0,0,0,0,0,0,0,0,0,0,0,0,0,0,0,0,0,0,0,0,0,0,0,0,0,0,0,0,0,0,0,0,0,0,0,0,0,0,0,0,0,0,0,0,0,0,0,0,0,0,0,0,0,0,0,0,0,0,0,0,0,0,2,1,0,4,2,0,1,1,2,3
1017.ps1,ASCII_Encoding,1,628,1,627.0,627,0,2,5,5,3,3,1,1,3,1,1,2,0,0,0,0,1,0,0,0,2,5,0,0,0,0,0,0,0,0,0,0,0,0,0,0,0,0,0,0,0,0,0,0,0,0,0,0,0,0,0,0,0,0,0,0,0,0,0,0,0,0,0,0,0,0,0,0,0,0,0,0,0,0,0,0,0,0,0,0,0,0,0,0,0,0,0,0,0,0,0,0,0,3,2,2,5,8,0,2,2,1,3
1013.ps1,ASCII_Encoding,1,1676,1,1675.0,1675,0,1,5,5,4,4,1,1,1,3,0,13,2,0,0,50,51,0,1,0,1,14,0,0,0,0,0,0,0,0,0,0,0,0,0,0,0,0,0,0,0,0,0,0,0,0,0,0,0,0,0,0,0,0,0,0,0,0,0,0,0,0,0,0,0,0,0,0,0,0,0,0,0,0,0,0,0,0,0,0,0,0,0,0,0,0,0,0,0,0,0,0,0,12,3,1,6,18,2,1,1,1,4
1093.ps1,ASCII_Encoding,1,9856,1,9855.0,9855,0,4,6,6,4,4,1,1,0,2232,2,3,0,0,0,0,0,0,1,0,2,7,0,0,0,0,0,0,0,0,0,0,0,0,0,0,0,0,0,0,0,0,0,0,0,0,0,0,0,1,0,0,0,0,0,0,0,0,0,0,0,0,0,0,0,0,0,0,0,0,0,0,0,0,0,0,0,0,0,0,0,0,0,0,0,0,0,0,0,0,0,0,0,3,4,0,8,8,0,2,3,2,4
1055.ps1,ASCII_Encoding,1,849,1,848.0,848,0,3,4,4,4,4,1,1,1,0,2,12,0,0,0,0,28,0,13,0,3,12,0,0,0,0,0,0,0,0,0,0,0,0,0,0,0,0,0,0,0,0,0,0,0,0,0,0,0,0,0,0,0,0,0,0,0,0,0,0,0,0,0,0,0,0,0,0,0,0,0,0,0,0,0,0,0,0,0,0,0,0,0,0,0,0,0,0,0,0,0,0,0,13,2,0,6,13,1,3,1,0,4
1032.ps1,ASCII_Encoding,1,10687,1,10686.0,10686,0,3,5,5,4,4,1,1,1,2445,2,1,0,0,0,0,0,0,0,0,3,1,0,0,0,0,0,0,0,0,0,0,0,0,0,0,0,0,0,0,0,0,0,0,0,0,0,0,0,0,0,0,0,0,0,0,0,0,0,0,0,0,0,0,0,0,0,0,0,0,0,0,0,0,0,0,0,0,0,0,0,0,0,0,0,0,0,0,0,0,0,0,0,2,2,0,7,2,0,3,2,1,5
1010.ps1,ASCII_Encoding,1,11133,1,11132.0,11132,0,3,6,6,5,5,1,1,1,2498,2,1,0,0,0,0,0,0,0,0,3,2,0,0,0,0,0,0,0,0,0,0,0,0,0,0,0,0,0,0,0,0,0,0,0,0,0,0,0,0,0,0,0,0,0,0,0,0,0,0,0,0,0,0,0,0,0,0,0,0,0,0,0,0,0,0,0,0,0,0,0,0,0,0,0,0,0,0,0,0,0,0,0,3,2,1,7,4,2,3,1,1,5
10.ps1,ASCII_Encoding,1,736,1,735.0,735,0,2,4,4,3,3,1,21,0,2,0,13,0,0,0,0,0,0,1,0,2,13,0,0,0,0,0,0,0,0,0,0,0,0,0,0,0,0,0,0,0,0,0,0,0,0,0,0,0,1,0,0,0,0,0,0,0,0,0,0,0,0,0,0,0,0,0,0,0,0,0,0,0,0,0,0,0,0,0,0,0,0,0,0,0,0,0,0,0,0,0,0,0,12,2,0,6,14,0,2,2,1,4
1092.ps1,ASCII_Encoding,1,876,1,875.0,875,0,1,6,6,3,3,1,1,2,169,0,4,2,0,0,0,0,0,0,0,1,3,0,0,0,0,0,0,0,0,0,0,0,0,0,0,0,0,0,0,0,0,0,0,0,0,0,0,0,1,0,0,0,0,0,0,0,0,0,0,0,0,0,0,0,0,0,0,0,0,0,0,0,0,0,0,0,0,0,0,0,0,0,0,0,0,0,0,0,0,0,0,0,3,3,0,8,6,1,1,1,2,6
1053.ps1,ASCII_Encoding,1,10774,1,10773.0,10773,0,4,7,7,4,4,1,1,0,2447,2,2,0,0,0,0,0,0,1,0,2,7,0,0,0,0,0,0,0,0,0,0,0,0,0,0,0,0,0,0,0,0,0,0,0,0,0,0,0,0,0,0,0,0,0,0,0,0,0,0,0,0,0,0,0,0,0,0,0,0,0,0,0,0,0,0,0,0,0,0,0,0,0,0,0,0,0,0,0,0,0,0,0,3,4,0,9,8,0,2,3,2,5
1031.ps1,ASCII_Encoding,1,8030,1,8029.0,8029,0,3,5,5,3,3,1,235,0,0,2,13,0,0,0,0,0,0,0,0,1,17,0,0,0,0,0,0,0,0,0,0,0,0,0,0,0,0,0,0,0,0,0,0,0,0,0,0,0,0,0,0,0,0,0,0,0,0,0,0,0,0,0,0,0,0,0,0,0,0,0,0,0,0,0,0,0,0,0,0,0,0,0,1,0,0,0,0,0,0,0,0,0,13,4,0,7,19,1,1,2,0,3
1007.ps1,ASCII_Encoding,1,10275,1,10274.0,10274,0,0,3,3,3,3,0,0,2,2332,0,2,2,0,0,0,0,0,0,0,0,2,0,0,0,0,0,0,0,0,0,0,0,0,0,0,0,0,0,0,0,0,0,0,0,0,0,0,0,0,0,0,0,0,0,0,0,0,0,0,0,0,0,0,0,0,0,0,0,0,0,0,0,0,0,0,0,0,0,0,0,0,0,0,0,0,0,0,0,0,0,0,0,1,2,0,4,4,0,0,1,2,3
1001.ps1,ASCII_Encoding,1,10186,1,10185.0,10185,0,3,5,5,4,4,1,1,1,2320,2,3,0,0,0,0,0,0,0,0,3,2,0,0,0,0,0,0,0,0,0,0,0,0,0,0,0,0,0,0,0,0,0,0,0,0,0,0,0,1,0,0,0,0,0,0,0,0,0,0,0,0,0,0,0,0,0,0,0,0,0,0,0,0,0,0,0,0,0,0,0,0,0,0,0,0,0,0,0,0,0,0,0,4,2,0,7,3,1,3,1,1,5
1088.ps1,ASCII_Encoding,1,8193,1,8192.0,8192,0,2,4,4,3,3,227,1,1,2,0,2,0,0,0,0,1,0,1,0,2,4,0,0,0,0,0,0,0,0,0,0,0,0,0,0,0,0,0,0,0,0,0,0,0,0,0,0,0,0,0,0,0,0,0,0,0,0,0,0,0,0,0,0,0,0,0,0,0,0,0,0,0,0,0,0,0,0,0,0,0,0,0,0,0,0,0,0,0,0,0,0,0,2,2,1,5,6,0,2,2,1,3
1052.ps1,ASCII_Encoding,1,641,1,640.0,640,0,0,2,2,2,2,0,0,0,135,0,1,0,0,0,0,0,0,0,0,0,0,0,0,0,0,0,0,0,0,0,0,0,0,0,0,0,0,0,0,0,0,0,0,0,0,0,0,0,0,0,0,0,0,0,0,0,0,0,0,0,0,0,0,0,0,0,0,0,0,0,0,0,0,0,0,0,0,0,0,0,0,0,1,0,0,0,0,0,0,0,0,0,0,1,0,3,1,0,0,1,1,2
105.ps1,ASCII_Encoding,1,9096,1,9095.0,9095,0,3,5,5,4,4,266,1,2,0,2,263,0,0,0,0,0,0,0,0,3,3,0,0,0,0,0,0,0,0,0,0,0,0,0,0,0,0,0,0,0,0,0,0,0,0,0,0,0,0,0,0,0,0,0,0,0,0,0,0,0,0,0,0,0,0,0,0,0,0,0,0,0,0,0,0,0,0,0,0,0,0,0,0,0,0,0,0,0,0,0,0,0,2,2,1,6,5,0,3,2,0,4
1026.ps1,ASCII_Encoding,1,18799,1,18798.0,18798,0,3,5,5,3,3,546,588,0,0,2,14,0,0,0,0,0,0,0,0,1,17,0,0,0,0,0,0,0,0,0,0,0,0,0,0,0,0,0,0,0,0,0,0,0,0,0,0,0,1,0,0,0,0,0,0,0,0,0,0,0,0,0,0,0,0,0,0,0,0,0,0,0,0,0,0,0,0,0,0,0,0,1,0,0,0,0,0,0,0,0,0,0,13,4,0,7,19,1,1,2,0,3
1.ps1,ASCII_Encoding,1,10705,1,10704.0,10704,0,3,5,5,5,5,1,1,0,2446,2,1,0,0,0,0,1,0,1,0,3,2,0,0,0,0,0,0,0,0,0,0,0,0,0,0,0,0,0,0,0,0,0,0,0,0,0,0,0,0,0,0,0,0,0,0,0,0,0,0,0,0,0,0,0,0,0,0,0,0,0,0,0,0,0,0,0,0,0,0,0,0,0,0,0,0,0,0,0,0,0,0,0,3,2,1,6,4,2,3,1,1,4
1087.ps1,ASCII_Encoding,1,10951,1,10950.0,10950,0,1,5,5,3,3,1,1,0,2481,0,1,0,0,0,0,0,0,0,0,1,1,0,0,0,0,0,0,0,0,0,0,0,0,0,0,0,0,0,0,0,0,0,0,0,0,0,0,0,1,0,0,0,0,0,0,0,0,0,0,0,0,0,0,0,0,0,0,0,0,0,0,0,0,0,0,0,0,0,0,0,0,0,1,0,0,0,0,0,0,0,0,0,0,2,1,6,4,1,1,2,1,4
1110.ps1,ASCII_Encoding,1,1936,1,1935.0,1935,0,1,3,3,2,2,1,1,0,442,0,3,0,0,0,0,0,0,0,0,1,1,0,0,0,0,0,0,0,0,0,0,0,0,0,0,0,0,0,0,0,0,0,0,0,0,0,0,0,0,0,0,0,0,0,0,0,0,0,0,0,0,0,0,0,0,0,0,0,0,0,0,0,0,0,0,0,0,0,0,0,0,1,0,0,0,0,0,0,0,0,0,0,2,2,0,5,3,1,1,1,1,3
1123.ps1,ASCII_Encoding,1,7610,1,7609.0,7609,0,2,7,7,5,5,1,1,1,223,1,1,0,0,0,224,229,0,1,0,2,5,0,0,0,0,0,0,0,0,0,0,0,0,0,0,0,0,0,0,0,0,0,0,0,0,0,0,0,0,0,0,0,0,0,0,0,0,0,0,0,0,0,0,0,0,0,0,0,0,0,0,0,0,0,0,0,0,0,0,0,0,0,0,0,0,0,0,0,0,0,0,0,2,2,2,7,8,1,2,3,1,5
1117.ps1,ASCII_Encoding,1,7746,1,7745.0,7745,0,3,4,4,3,3,1,1,0,0,2,13,0,0,0,0,245,0,222,0,1,17,0,0,0,0,0,0,0,0,0,0,0,0,0,0,0,0,0,0,0,0,0,0,0,0,0,0,0,0,0,0,0,0,0,0,0,0,0,0,0,0,0,0,0,0,0,0,0,0,0,0,0,0,0,0,0,0,0,0,0,0,1,0,0,0,0,0,0,0,0,0,0,13,4,0,6,19,1,1,2,0,2
1118.ps1,ASCII_Encoding,1,816,1,815.0,815,0,1,4,4,4,4,0,0,0,164,1,2,0,0,0,0,0,0,1,0,1,2,0,0,0,0,0,0,0,0,0,0,0,0,0,0,0,0,0,0,0,0,0,0,0,0,0,0,0,0,0,0,0,0,0,0,0,0,0,0,0,0,0,0,0,0,0,0,0,0,0,0,0,0,0,0,0,0,0,0,0,0,0,0,0,0,0,0,0,0,0,0,0,2,1,0,5,2,0,1,2,2,4
1120.ps1,ASCII_Encoding,1,9761,1,9760.0,9760,0,1,4,4,2,2,1,1,0,2230,0,2,0,0,0,0,0,0,0,0,1,1,0,0,0,0,0,0,0,0,0,0,0,0,0,0,0,0,0,0,0,0,0,0,0,0,0,0,0,1,0,0,0,0,0,0,0,0,0,0,0,0,0,0,0,0,0,0,0,0,0,0,0,0,0,0,0,0,0,0,0,0,0,1,0,0,0,0,0,0,0,0,0,1,2,0,6,3,0,1,2,1,4
1126.ps1,ASCII_Encoding,1,730,1,729.0,729,0,3,5,5,4,4,1,1,1,138,2,2,0,0,0,0,0,0,0,0,3,1,0,0,0,0,0,0,0,0,0,0,0,0,0,0,0,0,0,0,0,0,0,0,0,0,0,0,0,1,0,0,0,0,0,0,0,0,0,0,0,0,0,0,0,0,0,0,0,0,0,0,0,0,0,0,0,0,0,0,0,0,0,0,0,0,0,0,0,0,0,0,0,2,2,0,7,2,0,3,2,1,5
1127.ps1,ASCII_Encoding,1,10106,1,10105.0,10105,0,1,4,4,4,4,0,0,2,2302,1,1,0,0,0,0,0,0,0,0,1,3,0,0,0,0,0,0,0,0,0,0,0,0,0,0,0,0,0,0,0,0,0,0,0,0,0,0,0,0,0,0,0,0,0,0,0,0,0,0,0,0,0,0,0,0,0,0,0,0,0,0,0,0,0,0,0,0,0,0,0,0,0,0,0,0,0,0,0,0,0,0,0,2,1,2,3,5,1,1,1,2,2
1129.ps1,ASCII_Encoding,1,749,1,748.0,748,0,3,6,6,5,5,1,1,0,141,2,2,0,0,0,0,0,0,1,0,3,2,0,0,0,0,0,0,0,0,0,0,0,0,0,0,0,0,0,0,0,0,0,0,0,0,0,0,0,1,0,0,0,0,0,0,0,0,0,0,0,0,0,0,0,0,0,0,0,0,0,0,0,0,0,0,0,0,0,0,0,0,0,0,0,0,0,0,0,0,0,0,0,3,2,1,7,4,2,3,1,1,5
1119.ps1,ASCII_Encoding,1,7563,1,7562.0,7562,0,1,3,3,2,2,248,199,1,0,0,3,0,0,0,0,0,0,230,0,1,3,0,0,0,0,0,0,0,0,0,0,0,0,0,0,0,0,0,0,0,0,0,0,0,0,0,0,0,1,0,0,0,0,0,0,0,0,0,0,0,0,0,0,0,0,0,0,0,0,0,0,0,0,0,0,0,0,0,0,0,0,0,1,0,0,0,0,0,0,0,0,0,2,2,1,4,6,1,1,1,0,2
1131.ps1,ASCII_Encoding,1,603,1,602.0,602,0,3,7,7,4,4,1,1,2,2,2,20,2,0,0,0,0,0,1,0,1,10,0,0,0,0,0,0,0,0,0,0,0,0,0,0,0,0,0,0,0,0,0,0,0,0,0,0,0,1,0,0,0,0,0,0,0,0,0,0,0,0,0,0,0,0,0,0,0,0,0,0,0,0,0,0,0,0,0,0,0,0,0,0,0,0,0,0,0,0,0,0,0,3,5,1,8,14,0,1,3,1,4
1132.ps1,ASCII_Encoding,1,8955,1,8954.0,8954,0,3,6,6,5,5,1,1,2,1,2,2,0,0,0,0,0,0,273,0,3,4,0,0,0,0,0,0,0,0,0,0,0,0,0,0,0,0,0,0,0,0,0,0,0,0,0,0,0,1,0,0,0,0,0,0,0,0,0,0,0,0,0,0,0,0,0,0,0,0,0,0,0,0,0,0,0,0,0,0,0,0,0,0,0,0,0,0,0,0,0,0,0,3,2,2,6,7,2,3,1,0,4
1135.ps1,ASCII_Encoding,1,7960,1,7959.0,7959,0,1,6,6,3,3,1,1,2,218,0,2,2,0,0,0,0,0,242,0,1,4,0,0,0,0,0,0,0,0,0,0,0,0,0,0,0,0,0,0,0,0,0,0,0,0,0,0,0,0,0,0,0,0,0,0,0,0,0,0,0,0,0,0,0,0,0,0,0,0,0,0,0,0,0,0,0,0,0,0,0,0,0,0,0,0,0,0,0,0,0,0,0,1,3,1,7,8,0,1,2,1,5
113.ps1,ASCII_Encoding,1,9741,1,9740.0,9740,0,1,4,4,4,4,0,0,0,2233,0,1,0,0,0,0,0,0,1,0,1,2,0,0,0,0,0,0,0,0,0,0,0,0,0,0,0,0,0,0,0,0,0,0,0,0,0,0,0,0,0,0,0,0,0,0,0,0,0,0,0,0,0,0,0,0,0,0,0,0,0,0,0,0,0,0,0,0,0,0,0,0,0,0,0,0,0,0,0,0,0,0,0,1,1,1,4,3,1,1,1,2,3
1128.ps1,ASCII_Encoding,1,8023,1,8022.0,8022,0,3,4,4,5,5,225,1,0,233,2,11,0,0,0,0,0,0,236,0,3,13,0,0,0,0,0,0,0,0,0,0,0,0,0,0,0,0,0,0,0,0,0,0,0,0,0,0,0,0,0,0,0,0,0,0,0,0,0,0,0,0,0,0,0,0,0,0,0,0,0,0,0,0,0,0,0,0,0,0,0,0,0,0,0,0,0,0,0,0,0,0,0,13,2,1,5,15,2,3,1,0,3
1138.ps1,ASCII_Encoding,1,7687,1,7686.0,7686,0,2,4,4,3,3,1,1,2,1,1,14,0,0,0,214,0,0,223,0,2,14,0,0,0,0,0,0,0,0,0,0,0,0,0,0,0,0,0,0,0,0,0,0,0,0,0,0,0,1,0,0,0,0,0,0,0,0,0,0,0,0,0,0,0,0,0,0,0,0,0,0,0,0,0,0,0,0,0,0,0,0,0,0,0,0,0,0,0,0,0,0,0,14,2,1,5,16,1,2,1,1,3
1146.ps1,ASCII_Encoding,1,707,1,706.0,706,0,1,5,5,4,4,17,1,2,12,0,12,2,0,0,14,0,0,0,0,1,14,0,0,0,0,0,0,0,0,0,0,0,0,0,0,0,0,0,0,0,0,0,0,0,0,0,0,0,0,0,0,0,0,0,0,0,0,0,0,0,0,0,0,0,0,0,0,0,0,0,0,0,0,0,0,0,0,0,0,0,0,0,0,0,0,0,0,0,0,0,0,0,12,3,1,6,18,2,1,1,1,4
1142.ps1,ASCII_Encoding,1,798,1,797.0,797,0,4,7,7,4,4,19,16,1,2,2,16,0,0,0,0,0,0,1,0,2,9,0,0,0,0,0,0,0,0,0,0,0,0,0,0,0,0,0,0,0,0,0,0,0,0,0,0,0,1,0,0,0,0,0,0,0,0,0,0,0,0,0,0,0,0,0,0,0,0,0,0,0,0,0,0,0,0,0,0,0,0,0,0,0,0,0,0,0,0,0,0,0,4,4,1,8,11,1,2,2,1,4
1158.ps1,ASCII_Encoding,1,10258,1,10257.0,10257,0,1,5,5,5,5,0,0,0,2322,1,1,0,0,0,0,0,0,1,0,1,3,0,0,0,0,0,0,0,0,0,0,0,0,0,0,0,0,0,0,0,0,0,0,0,0,0,0,0,0,0,0,0,0,0,0,0,0,0,0,0,0,0,0,0,0,0,0,0,0,0,0,0,0,0,0,0,0,0,0,0,0,0,0,0,0,0,0,0,0,0,0,0,2,1,1,5,4,1,1,2,2,4
1139.ps1,ASCII_Encoding,1,7657,1,7656.0,7656,0,2,3,3,3,3,1,225,1,2,0,13,0,0,0,0,203,0,0,0,2,12,0,0,0,0,0,0,0,0,0,0,0,0,0,0,0,0,0,0,0,0,0,0,0,0,0,0,0,0,0,0,0,0,0,0,0,0,0,0,0,0,0,0,0,0,0,0,0,0,0,0,0,0,0,0,0,0,0,0,0,0,0,0,0,0,0,0,0,0,0,0,0,12,2,0,5,13,1,2,1,1,3
1137.ps1,ASCII_Encoding,1,7991,1,7990.0,7990,0,3,4,4,4,4,1,1,1,0,2,11,0,0,0,0,0,0,225,0,3,12,0,0,0,0,0,0,0,0,0,0,0,0,0,0,0,0,0,0,0,0,0,0,0,0,0,0,0,0,0,0,0,0,0,0,0,0,0,0,0,0,0,0,0,0,0,0,0,0,0,0,0,0,0,0,0,0,0,0,0,0,0,0,0,0,0,0,0,0,0,0,0,12,2,0,6,13,0,3,2,0,4
1150.ps1,ASCII_Encoding,1,1239,1,1238.0,1238,0,4,7,7,4,4,1,1,1,242,3,2,0,0,0,0,0,0,1,0,2,8,0,0,0,0,0,0,0,0,0,0,0,0,0,0,0,0,0,0,0,0,0,0,0,0,0,0,0,1,0,0,0,0,0,0,0,0,0,0,0,0,0,0,0,0,0,0,0,0,0,0,0,0,0,0,0,0,0,0,0,0,0,0,0,0,0,0,0,0,0,0,0,4,4,1,8,10,0,2,3,2,4
1156.ps1,ASCII_Encoding,1,7910,1,7909.0,7909,0,3,5,5,5,5,1,1,1,239,2,0,0,0,0,0,0,0,1,0,3,4,0,0,0,0,0,0,0,0,0,0,0,0,0,0,0,0,0,0,0,0,0,0,0,0,0,0,0,0,0,0,0,0,0,0,0,0,0,0,0,0,0,0,0,0,0,0,0,0,0,0,0,0,0,0,0,0,0,0,0,0,0,0,0,0,0,0,0,0,0,0,0,2,2,2,5,7,1,3,2,0,3
1149.ps1,ASCII_Encoding,1,7554,1,7553.0,7553,0,3,6,6,5,5,1,1,1,1,2,2,0,0,0,0,218,0,221,0,3,4,0,0,0,0,0,0,0,0,0,0,0,0,0,0,0,0,0,0,0,0,0,0,0,0,0,0,0,1,0,0,0,0,0,0,0,0,0,0,0,0,0,0,0,0,0,0,0,0,0,0,0,0,0,0,0,0,0,0,0,0,0,0,0,0,0,0,0,0,0,0,0,3,2,2,6,7,2,3,1,0,4
1159.ps1,ASCII_Encoding,1,8362,1,8361.0,8361,0,2,4,4,3,3,251,220,0,2,0,274,0,0,0,263,1,0,1,0,2,12,0,0,0,0,0,0,0,0,0,0,0,0,0,0,0,0,0,0,0,0,0,0,0,0,0,0,0,0,0,0,0,0,0,0,0,0,0,0,0,0,0,0,0,0,0,0,0,0,0,0,0,0,0,0,0,0,0,0,0,0,0,0,0,0,0,0,0,0,0,0,0,11,2,0,6,13,0,2,2,1,4
1145.ps1,ASCII_Encoding,1,7685,1,7684.0,7684,0,2,5,5,5,5,246,233,1,204,1,11,0,0,0,0,233,0,224,0,2,14,0,0,0,0,0,0,0,0,0,0,0,0,0,0,0,0,0,0,0,0,0,0,0,0,0,0,0,0,0,0,0,0,0,0,0,0,0,0,0,0,0,0,0,0,0,0,0,0,0,0,0,0,0,0,0,0,0,0,0,0,0,0,0,0,0,0,0,0,0,0,0,12,2,1,6,16,1,2,3,1,4
1160.ps1,ASCII_Encoding,1,9267,1,9266.0,9266,0,0,1,1,2,2,0,0,0,2119,0,2,0,0,0,0,0,0,0,0,0,1,0,0,0,0,0,0,0,0,0,0,0,0,0,0,0,0,0,0,0,0,0,0,0,0,0,0,0,0,0,0,0,0,0,0,0,0,0,0,0,0,0,0,0,0,0,0,0,0,0,0,0,0,0,0,0,0,0,0,0,0,1,0,0,0,0,0,0,0,0,0,0,1,1,0,2,2,0,0,1,1,1
1162.ps1,ASCII_Encoding,1,10307,1,10306.0,10306,0,1,4,4,3,3,1,1,0,2331,0,2,0,0,0,0,0,0,0,0,1,1,0,0,0,0,0,0,0,0,0,0,0,0,0,0,0,0,0,0,0,0,0,0,0,0,0,0,0,1,0,0,0,0,0,0,0,0,0,0,0,0,0,0,0,0,0,0,0,0,0,0,0,0,0,0,0,0,0,0,0,0,0,1,0,0,0,0,0,0,0,0,0,1,2,1,5,4,2,1,1,1,3
1164.ps1,ASCII_Encoding,1,7669,1,7668.0,7668,0,1,3,3,2,2,226,1,0,0,0,240,0,0,0,240,0,0,0,0,1,11,0,0,0,0,0,0,0,0,0,0,0,0,0,0,0,0,0,0,0,0,0,0,0,0,0,0,0,1,0,0,0,0,0,0,0,0,0,0,0,0,0,0,0,0,0,0,0,0,0,0,0,0,0,0,0,0,0,0,0,0,0,1,0,0,0,0,0,0,0,0,0,10,2,0,5,13,0,1,2,0,3
1163.ps1,ASCII_Encoding,1,9835,1,9834.0,9834,0,4,6,6,4,4,1,1,1,2,2,12,0,0,0,272,1,0,310,0,2,18,0,0,0,0,0,0,0,0,0,0,0,0,0,0,0,0,0,0,0,0,0,0,0,0,0,0,0,0,0,0,0,0,0,0,0,0,0,0,0,0,0,0,0,0,0,0,0,0,0,0,0,0,0,0,0,0,0,0,0,0,0,0,0,0,0,0,0,0,0,0,0,13,4,0,8,19,0,2,3,1,4
1171.ps1,ASCII_Encoding,1,8019,1,8018.0,8018,0,1,4,4,3,3,1,1,1,2,0,13,2,0,0,0,0,0,1,0,1,14,0,0,0,0,0,0,0,0,0,0,0,0,0,0,0,0,0,0,0,0,0,0,0,0,0,0,0,0,0,0,0,0,0,0,0,0,0,0,0,0,0,0,0,0,0,0,0,0,0,0,0,0,0,0,0,0,0,0,0,0,0,0,0,0,0,0,0,0,0,0,0,12,3,0,6,17,0,1,2,1,4
1169.ps1,ASCII_Encoding,1,7654,1,7653.0,7653,0,1,3,3,2,2,212,1,0,0,0,14,0,0,0,0,0,0,0,0,1,11,0,0,0,0,0,0,0,0,0,0,0,0,0,0,0,0,0,0,0,0,0,0,0,0,0,0,0,1,0,0,0,0,0,0,0,0,0,0,0,0,0,0,0,0,0,0,0,0,0,0,0,0,0,0,0,0,0,0,0,0,1,0,0,0,0,0,0,0,0,0,0,11,2,0,5,13,1,1,1,0,3
1170.ps1,ASCII_Encoding,1,7670,1,7669.0,7669,0,2,3,3,3,3,1,1,0,2,0,14,0,0,0,0,233,0,1,0,2,13,0,0,0,0,0,0,0,0,0,0,0,0,0,0,0,0,0,0,0,0,0,0,0,0,0,0,0,1,0,0,0,0,0,0,0,0,0,0,0,0,0,0,0,0,0,0,0,0,0,0,0,0,0,0,0,0,0,0,0,0,0,0,0,0,0,0,0,0,0,0,0,13,2,0,5,14,1,2,1,1,3
1167.ps1,ASCII_Encoding,1,7576,1,7575.0,7575,0,2,5,5,3,3,1,1,1,2,0,218,0,0,0,0,204,0,246,0,2,3,0,0,0,0,0,0,0,0,0,0,0,0,0,0,0,0,0,0,0,0,0,0,0,0,0,0,0,0,0,0,0,0,0,0,0,0,0,0,0,0,0,0,0,0,0,0,0,0,0,0,0,0,0,0,0,0,0,0,0,0,0,0,0,0,0,0,0,0,0,0,0,1,2,1,6,5,0,2,2,1,4
116.ps1,ASCII_Encoding,1,10730,1,10729.0,10729,0,2,6,6,5,5,1,1,0,2447,1,2,0,0,0,0,0,0,1,0,2,3,0,0,0,0,0,0,0,0,0,0,0,0,0,0,0,0,0,0,0,0,0,0,0,0,0,0,0,1,0,0,0,0,0,0,0,0,0,0,0,0,0,0,0,0,0,0,0,0,0,0,0,0,0,0,0,0,0,0,0,0,0,0,0,0,0,0,0,0,0,0,0,2,2,1,7,5,1,2,3,2,5
1188.ps1,ASCII_Encoding,1,8443,1,8442.0,8442,0,5,5,5,5,5,1,1,0,0,4,12,0,0,0,0,0,0,234,0,3,18,0,0,0,0,0,0,0,0,0,0,0,0,0,0,0,0,0,0,0,0,0,0,0,0,0,0,0,1,0,0,0,0,0,0,0,0,0,0,0,0,0,0,0,0,0,0,0,0,0,0,0,0,0,0,0,0,0,0,0,0,0,0,0,0,0,0,0,0,0,0,0,14,4,0,7,19,0,3,3,0,3
119.ps1,ASCII_Encoding,1,693,1,692.0,692,0,2,3,3,5,5,0,0,0,137,2,0,0,0,0,0,0,0,1,0,2,2,0,0,0,0,0,0,0,0,0,0,0,0,0,0,0,0,0,0,0,0,0,0,0,0,0,0,0,0,0,0,0,0,0,0,0,0,0,0,0,0,0,0,0,0,0,0,0,0,0,0,0,0,0,0,0,0,0,0,0,0,0,0,0,0,0,0,0,0,0,0,0,2,1,1,3,3,1,2,1,1,2
1194.ps1,ASCII_Encoding,1,15127,1,15126.0,15126,0,2,2,2,4,4,0,0,1,3500,2,1,0,0,0,0,0,0,0,0,2,1,0,0,0,0,0,0,0,0,0,0,0,0,0,0,0,0,0,0,0,0,0,0,0,0,0,0,0,0,0,0,0,0,0,0,0,0,0,0,0,0,0,0,0,0,0,0,0,0,0,0,0,0,0,0,0,0,0,0,0,0,0,0,0,0,0,0,0,0,0,0,0,2,1,0,3,1,0,2,1,1,2
1176.ps1,ASCII_Encoding,1,9222,1,9221.0,9221,0,3,4,4,3,3,279,1,0,238,2,13,0,0,0,289,0,0,0,0,1,17,0,0,0,0,0,0,0,0,0,0,0,0,0,0,0,0,0,0,0,0,0,0,0,0,0,0,0,1,0,0,0,0,0,0,0,0,0,0,0,0,0,0,0,0,0,0,0,0,0,0,0,0,0,0,0,0,0,0,0,0,0,1,0,0,0,0,0,0,0,0,0,12,4,0,6,19,0,1,3,0,2
1192.ps1,ASCII_Encoding,1,9791,1,9790.0,9790,0,1,2,2,3,3,0,0,1,2246,0,2,0,0,0,0,0,0,0,0,1,2,0,0,0,0,0,0,0,0,0,0,0,0,0,0,0,0,0,0,0,0,0,0,0,0,0,0,0,0,0,0,0,0,0,0,0,0,0,0,0,0,0,0,0,0,0,0,0,0,0,0,0,0,0,0,0,0,0,0,0,0,0,0,0,0,0,0,0,0,0,0,0,2,1,0,3,2,0,1,1,2,2
118.ps1,ASCII_Encoding,1,9815,1,9814.0,9814,0,2,2,2,4,4,0,0,1,2230,2,1,0,0,0,0,0,0,0,0,2,2,0,0,0,0,0,0,0,0,0,0,0,0,0,0,0,0,0,0,0,0,0,0,0,0,0,0,0,0,0,0,0,0,0,0,0,0,0,0,0,0,0,0,0,0,0,0,0,0,0,0,0,0,0,0,0,0,0,0,0,0,0,0,0,0,0,0,0,0,0,0,0,3,1,0,3,2,0,2,1,1,2
12.ps1,ASCII_Encoding,1,7609,1,7608.0,7608,0,2,5,5,3,3,1,1,3,231,1,3,0,0,0,0,0,0,223,0,2,5,0,0,0,0,0,0,0,0,0,0,0,0,0,0,0,0,0,0,0,0,0,0,0,0,0,0,0,1,0,0,0,0,0,0,0,0,0,0,0,0,0,0,0,0,0,0,0,0,0,0,0,0,0,0,0,0,0,0,0,0,0,0,0,0,0,0,0,0,0,0,0,3,2,2,5,8,0,2,2,1,3
1200.ps1,ASCII_Encoding,1,648,1,647.0,647,0,2,3,3,5,5,0,0,1,132,2,0,0,0,0,0,0,0,0,0,2,2,0,0,0,0,0,0,0,0,0,0,0,0,0,0,0,0,0,0,0,0,0,0,0,0,0,0,0,0,0,0,0,0,0,0,0,0,0,0,0,0,0,0,0,0,0,0,0,0,0,0,0,0,0,0,0,0,0,0,0,0,0,0,0,0,0,0,0,0,0,0,0,2,1,1,3,3,1,2,1,1,2
1199.ps1,ASCII_Encoding,1,2342,1,2341.0,2341,0,1,3,3,3,3,0,0,1,525,0,2,0,0,0,0,0,0,0,0,1,1,0,0,0,0,0,0,0,0,0,0,0,0,0,0,0,0,0,0,0,0,0,0,0,0,0,0,0,0,0,0,0,0,0,0,0,0,0,0,0,0,0,0,0,0,0,0,0,0,0,0,0,0,0,0,0,0,0,0,0,0,0,0,0,0,0,0,0,0,0,0,0,1,1,0,4,1,0,1,1,2,3
1212.ps1,ASCII_Encoding,1,13813,1,13812.0,13812,0,2,5,5,3,3,1,1,0,3182,0,3,0,0,0,0,0,0,1,0,2,2,0,0,0,0,0,0,0,0,0,0,0,0,0,0,0,0,0,0,0,0,0,0,0,0,0,0,0,1,0,0,0,0,0,0,0,0,0,0,0,0,0,0,0,0,0,0,0,0,0,0,0,0,0,0,0,0,0,0,0,0,0,0,0,0,0,0,0,0,0,0,0,2,2,0,7,3,0,2,2,2,5
1206.ps1,ASCII_Encoding,1,876,1,875.0,875,0,3,4,4,5,5,1,1,0,1,2,10,0,0,0,0,18,0,1,0,3,13,0,0,0,0,0,0,0,0,0,0,0,0,0,0,0,0,0,0,0,0,0,0,0,0,0,0,0,0,0,0,0,0,0,0,0,0,0,0,0,0,0,0,0,0,0,0,0,0,0,0,0,0,0,0,0,0,0,0,0,0,0,0,0,0,0,0,0,0,0,0,0,12,2,1,5,15,1,3,2,0,3
1189.ps1,ASCII_Encoding,1,7898,1,7897.0,7897,0,3,5,5,4,4,1,1,1,0,2,3,0,0,0,0,0,0,1,0,3,3,0,0,0,0,0,0,0,0,0,0,0,0,0,0,0,0,0,0,0,0,0,0,0,0,0,0,0,1,0,0,0,0,0,0,0,0,0,0,0,0,0,0,0,0,0,0,0,0,0,0,0,0,0,0,0,0,0,0,0,0,0,0,0,0,0,0,0,0,0,0,0,3,2,1,6,5,1,3,1,0,4
1209.ps1,ASCII_Encoding,1,11182,1,11181.0,11181,0,1,6,6,3,3,1,1,2,2527,0,3,2,0,0,0,1,0,0,0,1,2,0,0,0,0,0,0,0,0,0,0,0,0,0,0,0,0,0,0,0,0,0,0,0,0,0,0,0,0,0,0,0,0,0,0,0,0,0,0,0,0,0,0,0,0,0,0,0,0,0,0,0,0,0,0,0,0,0,0,0,0,0,0,0,0,0,0,0,0,0,0,0,2,3,0,8,5,1,1,1,2,6
121.ps1,ASCII_Encoding,1,9831,1,9830.0,9830,0,2,5,5,4,4,1,1,1,2231,1,3,0,0,0,0,1,0,0,0,2,2,0,0,0,0,0,0,0,0,0,0,0,0,0,0,0,0,0,0,0,0,0,0,0,0,0,0,0,0,0,0,0,0,0,0,0,0,0,0,0,0,0,0,0,0,0,0,0,0,0,0,0,0,0,0,0,0,0,0,0,0,0,0,0,0,0,0,0,0,0,0,0,3,2,0,7,3,1,2,2,2,5
1215.ps1,ASCII_Encoding,1,2144,1,2143.0,2143,0,1,4,4,3,3,1,1,2,2,0,13,2,0,0,0,54,0,0,0,1,14,0,0,0,0,0,0,0,0,0,0,0,0,0,0,0,0,0,0,0,0,0,0,0,0,0,0,0,0,0,0,0,0,0,0,0,0,0,0,0,0,0,0,0,0,0,0,0,0,0,0,0,0,0,0,0,0,0,0,0,0,0,0,0,0,0,0,0,0,0,0,0,12,3,0,6,17,0,1,2,1,4
1223.ps1,ASCII_Encoding,1,663,1,662.0,662,0,1,3,3,3,3,1,1,0,1,0,11,0,0,0,0,19,0,11,0,1,12,0,0,0,0,0,0,0,0,0,0,0,0,0,0,0,0,0,0,0,0,0,0,0,0,0,0,0,0,0,0,0,0,0,0,0,0,0,0,0,0,0,0,0,0,0,0,0,0,0,0,0,0,0,0,0,0,0,0,0,0,1,0,0,0,0,0,0,0,0,0,0,10,2,1,4,15,1,1,2,0,2
1216.ps1,ASCII_Encoding,1,11359,1,11358.0,11358,0,1,4,4,5,5,0,0,1,2574,1,1,0,0,0,0,0,0,0,0,1,3,0,0,0,0,0,0,0,0,0,0,0,0,0,0,0,0,0,0,0,0,0,0,0,0,0,0,0,0,0,0,0,0,0,0,0,0,0,0,0,0,0,0,0,0,0,0,0,0,0,0,0,0,0,0,0,0,0,0,0,0,0,0,0,0,0,0,0,0,0,0,0,2,1,1,4,4,1,1,2,2,3
1217.ps1,ASCII_Encoding,1,9866,1,9865.0,9865,0,3,4,4,4,4,1,1,1,2244,2,1,0,0,0,0,0,0,0,0,3,1,0,0,0,0,0,0,0,0,0,0,0,0,0,0,0,0,0,0,0,0,0,0,0,0,0,0,0,0,0,0,0,0,0,0,0,0,0,0,0,0,0,0,0,0,0,0,0,0,0,0,0,0,0,0,0,0,0,0,0,0,0,0,0,0,0,0,0,0,0,0,0,2,2,0,6,2,0,3,2,1,4
1220.ps1,ASCII_Encoding,1,10317,1,10316.0,10316,0,2,4,4,5,5,0,0,0,2331,2,0,0,0,0,0,0,0,1,0,2,2,0,0,0,0,0,0,0,0,0,0,0,0,0,0,0,0,0,0,0,0,0,0,0,0,0,0,0,0,0,0,0,0,0,0,0,0,0,0,0,0,0,0,0,0,0,0,0,0,0,0,0,0,0,0,0,0,0,0,0,0,0,0,0,0,0,0,0,0,0,0,0,2,1,1,4,3,1,2,1,1,3
1222.ps1,ASCII_Encoding,1,10010,1,10009.0,10009,0,2,7,7,5,5,1,1,0,2277,1,2,0,0,0,0,1,0,1,0,2,3,0,0,0,0,0,0,0,0,0,0,0,0,0,0,0,0,0,0,0,0,0,0,0,0,0,0,0,0,0,0,0,0,0,0,0,0,0,0,0,0,0,0,0,0,0,0,0,0,0,0,0,0,0,0,0,0,0,0,0,0,0,0,0,0,0,0,0,0,0,0,0,3,2,1,8,5,2,2,2,2,6
1224.ps1,ASCII_Encoding,1,1857,1,1856.0,1856,0,3,5,5,4,4,1,59,1,0,2,64,0,0,0,0,51,0,58,0,3,4,0,0,0,0,0,0,0,0,0,0,0,0,0,0,0,0,0,0,0,0,0,0,0,0,0,0,0,0,0,0,0,0,0,0,0,0,0,0,0,0,0,0,0,0,0,0,0,0,0,0,0,0,0,0,0,0,0,0,0,0,0,0,0,0,0,0,0,0,0,0,0,3,2,1,6,6,0,3,2,0,4
1229.ps1,ASCII_Encoding,1,9832,1,9831.0,9831,0,2,7,7,5,5,1,1,0,2232,1,1,0,0,0,0,0,0,1,0,2,3,0,0,0,0,0,0,0,0,0,0,0,0,0,0,0,0,0,0,0,0,0,0,0,0,0,0,0,0,0,0,0,0,0,0,0,0,0,0,0,0,0,0,0,0,0,0,0,0,0,0,0,0,0,0,0,0,0,0,0,0,0,0,0,0,0,0,0,0,0,0,0,2,2,1,8,5,1,2,3,2,6
1219.ps1,ASCII_Encoding,1,10749,1,10748.0,10748,0,2,6,6,4,4,1,1,2,2447,1,1,0,0,0,0,1,0,0,0,2,3,0,0,0,0,0,0,0,0,0,0,0,0,0,0,0,0,0,0,0,0,0,0,0,0,0,0,0,0,0,0,0,0,0,0,0,0,0,0,0,0,0,0,0,0,0,0,0,0,0,0,0,0,0,0,0,0,0,0,0,0,0,0,0,0,0,0,0,0,0,0,0,2,2,2,6,6,1,2,2,2,4
1232.ps1,ASCII_Encoding,1,1610,1,1609.0,1609,0,1,3,3,3,3,41,1,0,1,0,11,0,0,0,52,1,0,0,0,1,12,0,0,0,0,0,0,0,0,0,0,0,0,0,0,0,0,0,0,0,0,0,0,0,0,0,0,0,0,0,0,0,0,0,0,0,0,0,0,0,0,0,0,0,0,0,0,0,0,0,0,0,0,0,0,0,0,0,0,0,0,0,1,0,0,0,0,0,0,0,0,0,11,2,1,4,15,2,1,1,0,2
1251.ps1,ASCII_Encoding,1,10169,1,10168.0,10168,0,1,4,4,3,3,1,1,0,2321,0,0,0,0,0,0,0,0,0,0,1,1,0,0,0,0,0,0,0,0,0,0,0,0,0,0,0,0,0,0,0,0,0,0,0,0,0,0,0,0,0,0,0,0,0,0,0,0,0,0,0,0,0,0,0,0,0,0,0,0,0,0,0,0,0,0,0,0,0,0,0,0,0,1,0,0,0,0,0,0,0,0,0,0,2,1,5,4,1,1,2,1,3
1238.ps1,ASCII_Encoding,1,9815,1,9814.0,9814,0,0,4,4,3,3,0,0,2,2232,0,2,2,0,0,0,0,0,0,0,0,2,0,0,0,0,0,0,0,0,0,0,0,0,0,0,0,0,0,0,0,0,0,0,0,0,0,0,0,0,0,0,0,0,0,0,0,0,0,0,0,0,0,0,0,0,0,0,0,0,0,0,0,0,0,0,0,0,0,0,0,0,0,0,0,0,0,0,0,0,0,0,0,1,2,0,5,4,0,0,1,2,4
1252.ps1,ASCII_Encoding,1,9744,1,9743.0,9743,0,0,3,3,3,3,0,0,0,2231,0,1,0,0,0,0,0,0,0,0,0,1,0,0,0,0,0,0,0,0,0,0,0,0,0,0,0,0,0,0,0,0,0,0,0,0,0,0,0,0,0,0,0,0,0,0,0,0,0,0,0,0,0,0,0,0,0,0,0,0,0,0,0,0,0,0,0,0,0,0,0,0,1,0,0,0,0,0,0,0,0,0,0,0,1,1,3,3,1,0,1,1,2
1254.ps1,ASCII_Encoding,1,7440,1,7439.0,7439,0,3,5,5,4,4,1,1,2,0,2,2,0,0,0,0,0,0,224,0,3,3,0,0,0,0,0,0,0,0,0,0,0,0,0,0,0,0,0,0,0,0,0,0,0,0,0,0,0,1,0,0,0,0,0,0,0,0,0,0,0,0,0,0,0,0,0,0,0,0,0,0,0,0,0,0,0,0,0,0,0,0,0,0,0,0,0,0,0,0,0,0,0,2,2,1,6,5,0,3,2,0,4
1226.ps1,ASCII_Encoding,1,10729,1,10728.0,10728,0,1,5,5,3,3,1,1,0,2446,0,2,0,0,0,0,0,0,0,0,1,1,0,0,0,0,0,0,0,0,0,0,0,0,0,0,0,0,0,0,0,0,0,0,0,0,0,0,0,1,0,0,0,0,0,0,0,0,0,0,0,0,0,0,0,0,0,0,0,0,0,0,0,0,0,0,0,0,0,0,0,0,1,0,0,0,0,0,0,0,0,0,0,0,2,1,6,4,1,1,2,1,4
1253.ps1,ASCII_Encoding,1,10053,1,10052.0,10052,0,5,6,6,5,5,1,1,1,2275,4,1,0,0,0,0,0,0,0,0,3,7,0,0,0,0,0,0,0,0,0,0,0,0,0,0,0,0,0,0,0,0,0,0,0,0,0,0,0,0,0,0,0,0,0,0,0,0,0,0,0,0,0,0,0,0,0,0,0,0,0,0,0,0,0,0,0,0,0,0,0,0,0,0,0,0,0,0,0,0,0,0,0,4,4,0,8,8,0,3,3,1,4
1231.ps1,ASCII_Encoding,1,1980,1,1979.0,1979,0,2,3,3,5,5,0,0,0,420,2,0,0,0,0,0,0,0,1,0,2,2,0,0,0,0,0,0,0,0,0,0,0,0,0,0,0,0,0,0,0,0,0,0,0,0,0,0,0,0,0,0,0,0,0,0,0,0,0,0,0,0,0,0,0,0,0,0,0,0,0,0,0,0,0,0,0,0,0,0,0,0,0,0,0,0,0,0,0,0,0,0,0,2,1,1,3,3,1,2,1,1,2
126.ps1,ASCII_Encoding,1,1878,1,1877.0,1877,0,3,6,6,4,4,1,1,1,2,2,62,2,0,0,60,0,0,1,0,1,19,0,0,0,0,0,0,0,0,0,0,0,0,0,0,0,0,0,0,0,0,0,0,0,0,0,0,0,1,0,0,0,0,0,0,0,0,0,0,0,0,0,0,0,0,0,0,0,0,0,0,0,0,0,0,0,0,0,0,0,0,0,0,0,0,0,0,0,0,0,0,0,13,5,0,8,22,0,1,3,1,4
1244.ps1,ASCII_Encoding,1,8139,1,8138.0,8138,0,5,5,5,5,5,1,258,0,0,4,12,0,0,0,0,233,0,241,0,3,18,0,0,0,0,0,0,0,0,0,0,0,0,0,0,0,0,0,0,0,0,0,0,0,0,0,0,0,1,0,0,0,0,0,0,0,0,0,0,0,0,0,0,0,0,0,0,0,0,0,0,0,0,0,0,0,0,0,0,0,0,0,0,0,0,0,0,0,0,0,0,0,14,4,0,7,19,0,3,3,0,3
1259.ps1,ASCII_Encoding,1,9851,1,9850.0,9850,0,0,5,5,4,4,0,0,2,2246,0,2,2,0,0,0,0,0,0,0,0,3,0,0,0,0,0,0,0,0,0,0,0,0,0,0,0,0,0,0,0,0,0,0,0,0,0,0,0,0,0,0,0,0,0,0,0,0,0,0,0,0,0,0,0,0,0,0,0,0,0,0,0,0,0,0,0,0,0,0,0,0,0,0,0,0,0,0,0,0,0,0,0,1,2,1,5,6,1,0,1,2,4
1260.ps1,ASCII_Encoding,1,7730,1,7729.0,7729,0,4,6,6,4,4,1,1,1,2,2,14,0,0,0,0,1,0,0,0,2,18,0,0,0,0,0,0,0,0,0,0,0,0,0,0,0,0,0,0,0,0,0,0,0,0,0,0,0,0,0,0,0,0,0,0,0,0,0,0,0,0,0,0,0,0,0,0,0,0,0,0,0,0,0,0,0,0,0,0,0,0,0,0,0,0,0,0,0,0,0,0,0,14,4,0,8,19,1,2,2,1,4
1255.ps1,ASCII_Encoding,1,8015,1,8014.0,8014,0,4,7,7,4,4,221,1,2,1,3,4,0,0,0,0,0,0,1,0,2,10,0,0,0,0,0,0,0,0,0,0,0,0,0,0,0,0,0,0,0,0,0,0,0,0,0,0,0,1,0,0,0,0,0,0,0,0,0,0,0,0,0,0,0,0,0,0,0,0,0,0,0,0,0,0,0,0,0,0,0,0,0,0,0,0,0,0,0,0,0,0,0,4,4,2,7,13,0,2,3,1,3
1269.ps1,ASCII_Encoding,1,715,1,714.0,714,0,1,4,4,2,2,1,1,0,138,0,4,0,0,0,0,0,0,0,0,1,0,0,0,0,0,0,0,0,0,0,0,0,0,0,0,0,0,0,0,0,0,0,0,0,0,0,0,0,1,0,0,0,0,0,0,0,0,0,0,0,0,0,0,0,0,0,0,0,0,0,0,0,0,0,0,0,0,0,0,0,0,1,0,0,0,0,0,0,0,0,0,0,1,2,0,6,2,1,1,1,1,4
1265.ps1,ASCII_Encoding,1,9854,1,9853.0,9853,0,4,4,4,5,5,0,0,0,2244,4,0,0,0,0,0,0,0,1,0,2,7,0,0,0,0,0,0,0,0,0,0,0,0,0,0,0,0,0,0,0,0,0,0,0,0,0,0,0,0,0,0,0,0,0,0,0,0,0,0,0,0,0,0,0,0,0,0,0,0,0,0,0,0,0,0,0,0,0,0,0,0,0,0,0,0,0,0,0,0,0,0,0,4,3,0,5,7,0,2,2,1,2
1264.ps1,ASCII_Encoding,1,634,1,633.0,633,0,4,7,7,5,5,1,1,2,1,3,3,0,0,0,0,0,0,20,0,2,10,0,0,0,0,0,0,0,0,0,0,0,0,0,0,0,0,0,0,0,0,0,0,0,0,0,0,0,0,0,0,0,0,0,0,0,0,0,0,0,0,0,0,0,0,0,0,0,0,0,0,0,0,0,0,0,0,0,0,0,0,0,0,0,0,0,0,0,0,0,0,0,5,4,1,8,12,1,2,3,1,4
1268.ps1,ASCII_Encoding,1,10577,1,10576.0,10576,0,1,3,3,2,2,1,1,0,2410,0,3,0,0,0,0,0,0,0,0,1,0,0,0,0,0,0,0,0,0,0,0,0,0,0,0,0,0,0,0,0,0,0,0,0,0,0,0,0,1,0,0,0,0,0,0,0,0,0,0,0,0,0,0,0,0,0,0,0,0,0,0,0,0,0,0,0,0,0,0,0,0,0,1,0,0,0,0,0,0,0,0,0,1,2,0,5,2,1,1,1,1,3
1270.ps1,ASCII_Encoding,1,7763,1,7762.0,7762,0,5,5,5,5,5,1,224,0,0,4,12,0,0,0,0,0,0,241,0,3,18,0,0,0,0,0,0,0,0,0,0,0,0,0,0,0,0,0,0,0,0,0,0,0,0,0,0,0,0,0,0,0,0,0,0,0,0,0,0,0,0,0,0,0,0,0,0,0,0,0,0,0,0,0,0,0,0,0,0,0,0,0,0,0,0,0,0,0,0,0,0,0,14,4,0,7,19,0,3,3,0,3
1297.ps1,ASCII_Encoding,1,677,1,676.0,676,0,1,5,5,3,3,18,1,1,1,0,1,0,0,0,0,1,0,12,0,1,3,0,0,0,0,0,0,0,0,0,0,0,0,0,0,0,0,0,0,0,0,0,0,0,0,0,0,0,0,0,0,0,0,0,0,0,0,0,0,0,0,0,0,0,0,0,0,0,0,0,0,0,0,0,0,0,0,0,0,0,0,1,0,0,0,0,0,0,0,0,0,0,0,2,2,5,7,1,1,2,0,3
1278.ps1,ASCII_Encoding,1,9907,1,9906.0,9906,0,0,4,4,4,4,0,0,1,2247,0,2,2,0,0,0,0,0,1,0,0,3,0,0,0,0,0,0,0,0,0,0,0,0,0,0,0,0,0,0,0,0,0,0,0,0,0,0,0,0,0,0,0,0,0,0,0,0,0,0,0,0,0,0,0,0,0,0,0,0,0,0,0,0,0,0,0,0,0,0,0,0,0,0,0,0,0,0,0,0,0,0,0,1,2,1,4,6,1,0,1,2,3
1289.ps1,ASCII_Encoding,1,8309,1,8308.0,8308,0,3,5,5,4,4,1,1,2,261,2,250,0,0,0,0,0,0,237,0,3,4,0,0,0,0,0,0,0,0,0,0,0,0,0,0,0,0,0,0,0,0,0,0,0,0,0,0,0,1,0,0,0,0,0,0,0,0,0,0,0,0,0,0,0,0,0,0,0,0,0,0,0,0,0,0,0,0,0,0,0,0,0,0,0,0,0,0,0,0,0,0,0,3,2,1,6,6,0,3,2,0,4
1294.ps1,ASCII_Encoding,1,7877,1,7876.0,7876,0,3,5,5,3,3,245,1,0,0,2,272,0,0,0,0,0,0,0,0,1,17,0,0,0,0,0,0,0,0,0,0,0,0,0,0,0,0,0,0,0,0,0,0,0,0,0,0,0,1,0,0,0,0,0,0,0,0,0,0,0,0,0,0,0,0,0,0,0,0,0,0,0,0,0,0,0,0,0,0,0,0,1,0,0,0,0,0,0,0,0,0,0,13,4,0,7,19,1,1,2,0,3
1273.ps1,ASCII_Encoding,1,1107,1,1106.0,1106,0,4,7,7,4,4,1,1,0,200,2,5,0,0,0,0,0,0,1,0,2,7,0,0,0,0,0,0,0,0,0,0,0,0,0,0,0,0,0,0,0,0,0,0,0,0,0,0,0,1,0,0,0,0,0,0,0,0,0,0,0,0,0,0,0,0,0,0,0,0,0,0,0,0,0,0,0,0,0,0,0,0,0,0,0,0,0,0,0,0,0,0,0,4,4,0,9,8,1,2,2,2,5
1287.ps1,ASCII_Encoding,1,735,1,734.0,734,0,2,3,3,4,4,0,0,1,150,2,1,0,0,0,0,0,0,0,0,2,1,0,0,0,0,0,0,0,0,0,0,0,0,0,0,0,0,0,0,0,0,0,0,0,0,0,0,0,0,0,0,0,0,0,0,0,0,0,0,0,0,0,0,0,0,0,0,0,0,0,0,0,0,0,0,0,0,0,0,0,0,0,0,0,0,0,0,0,0,0,0,0,2,1,0,4,1,0,2,1,1,3
1290.ps1,ASCII_Encoding,1,7739,1,7738.0,7738,0,3,4,4,4,4,1,224,2,0,2,3,0,0,0,228,0,0,0,0,3,4,0,0,0,0,0,0,0,0,0,0,0,0,0,0,0,0,0,0,0,0,0,0,0,0,0,0,0,1,0,0,0,0,0,0,0,0,0,0,0,0,0,0,0,0,0,0,0,0,0,0,0,0,0,0,0,0,0,0,0,0,0,0,0,0,0,0,0,0,0,0,0,4,2,1,5,6,1,3,1,0,3
1307.ps1,ASCII_Encoding,1,7735,1,7734.0,7734,0,1,5,5,4,4,1,1,2,218,0,14,2,0,0,208,0,0,233,0,1,14,0,0,0,0,0,0,0,0,0,0,0,0,0,0,0,0,0,0,0,0,0,0,0,0,0,0,0,1,0,0,0,0,0,0,0,0,0,0,0,0,0,0,0,0,0,0,0,0,0,0,0,0,0,0,0,0,0,0,0,0,0,0,0,0,0,0,0,0,0,0,0,12,3,1,6,18,2,1,1,1,4
1288.ps1,ASCII_Encoding,1,873,1,872.0,872,0,3,6,6,5,5,0,0,1,158,3,2,0,0,0,0,0,0,0,0,1,8,0,0,0,0,0,0,0,0,0,0,0,0,0,0,0,0,0,0,0,0,0,0,0,0,0,0,0,0,0,0,0,0,0,0,0,0,0,0,0,0,0,0,0,0,0,0,0,0,0,0,0,0,0,0,0,0,0,0,0,0,0,0,0,0,0,0,0,0,0,0,0,4,3,0,7,8,0,1,3,2,4
1302.ps1,ASCII_Encoding,1,8028,1,8027.0,8027,0,3,3,3,4,4,224,206,1,0,2,12,0,0,0,0,1,0,0,0,3,12,0,0,0,0,0,0,0,0,0,0,0,0,0,0,0,0,0,0,0,0,0,0,0,0,0,0,0,0,0,0,0,0,0,0,0,0,0,0,0,0,0,0,0,0,0,0,0,0,0,0,0,0,0,0,0,0,0,0,0,0,0,0,0,0,0,0,0,0,0,0,0,13,2,0,5,13,1,3,1,0,3
1304.ps1,ASCII_Encoding,1,11368,1,11367.0,11367,0,0,4,4,3,3,0,0,2,2572,0,3,2,0,0,0,0,0,0,0,0,2,0,0,0,0,0,0,0,0,0,0,0,0,0,0,0,0,0,0,0,0,0,0,0,0,0,0,0,0,0,0,0,0,0,0,0,0,0,0,0,0,0,0,0,0,0,0,0,0,0,0,0,0,0,0,0,0,0,0,0,0,0,0,0,0,0,0,0,0,0,0,0,1,2,0,5,4,0,0,1,2,4
1308.ps1,ASCII_Encoding,1,10744,1,10743.0,10743,0,4,5,5,5,5,0,0,0,2445,4,2,0,0,0,0,0,0,1,0,2,7,0,0,0,0,0,0,0,0,0,0,0,0,0,0,0,0,0,0,0,0,0,0,0,0,0,0,0,0,0,0,0,0,0,0,0,0,0,0,0,0,0,0,0,0,0,0,0,0,0,0,0,0,0,0,0,0,0,0,0,0,0,0,0,0,0,0,0,0,0,0,0,4,3,0,6,7,0,2,2,1,3
1303.ps1,ASCII_Encoding,1,9899,1,9898.0,9898,0,1,3,3,4,4,0,0,1,2245,1,2,0,0,0,0,0,0,0,0,1,3,0,0,0,0,0,0,0,0,0,0,0,0,0,0,0,0,0,0,0,0,0,0,0,0,0,0,0,0,0,0,0,0,0,0,0,0,0,0,0,0,0,0,0,0,0,0,0,0,0,0,0,0,0,0,0,0,0,0,0,0,0,0,0,0,0,0,0,0,0,0,0,3,1,0,4,3,0,1,2,2,3
130.ps1,ASCII_Encoding,1,8039,1,8038.0,8038,0,3,4,4,4,4,1,243,1,0,2,13,0,0,0,0,0,0,0,0,3,13,0,0,0,0,0,0,0,0,0,0,0,0,0,0,0,0,0,0,0,0,0,0,0,0,0,0,0,1,0,0,0,0,0,0,0,0,0,0,0,0,0,0,0,0,0,0,0,0,0,0,0,0,0,0,0,0,0,0,0,0,0,0,0,0,0,0,0,0,0,0,0,14,2,0,6,14,1,3,1,0,4
1314.ps1,ASCII_Encoding,1,8012,1,8011.0,8011,0,3,4,4,3,3,243,243,0,0,2,251,0,0,0,0,1,0,0,0,1,17,0,0,0,0,0,0,0,0,0,0,0,0,0,0,0,0,0,0,0,0,0,0,0,0,0,0,0,0,0,0,0,0,0,0,0,0,0,0,0,0,0,0,0,0,0,0,0,0,0,0,0,0,0,0,0,0,0,0,0,0,0,1,0,0,0,0,0,0,0,0,0,13,4,0,6,19,1,1,2,0,2
1317.ps1,ASCII_Encoding,1,7542,1,7541.0,7541,0,1,3,3,2,2,215,1,1,0,0,1,0,0,0,0,229,0,0,0,1,3,0,0,0,0,0,0,0,0,0,0,0,0,0,0,0,0,0,0,0,0,0,0,0,0,0,0,0,0,0,0,0,0,0,0,0,0,0,0,0,0,0,0,0,0,0,0,0,0,0,0,0,0,0,0,0,0,0,0,0,0,0,1,0,0,0,0,0,0,0,0,0,1,2,1,4,6,0,1,2,0,2
1318.ps1,ASCII_Encoding,1,7588,1,7587.0,7587,0,3,5,5,5,5,227,1,2,1,2,0,0,0,0,224,1,0,0,0,3,4,0,0,0,0,0,0,0,0,0,0,0,0,0,0,0,0,0,0,0,0,0,0,0,0,0,0,0,0,0,0,0,0,0,0,0,0,0,0,0,0,0,0,0,0,0,0,0,0,0,0,0,0,0,0,0,0,0,0,0,0,0,0,0,0,0,0,0,0,0,0,0,2,2,2,5,7,1,3,2,0,3
1320.ps1,ASCII_Encoding,1,9835,1,9834.0,9834,0,3,5,5,5,5,1,1,1,2231,2,2,0,0,0,0,0,0,0,0,3,2,0,0,0,0,0,0,0,0,0,0,0,0,0,0,0,0,0,0,0,0,0,0,0,0,0,0,0,1,0,0,0,0,0,0,0,0,0,0,0,0,0,0,0,0,0,0,0,0,0,0,0,0,0,0,0,0,0,0,0,0,0,0,0,0,0,0,0,0,0,0,0,3,2,1,6,4,2,3,1,1,4
1321.ps1,ASCII_Encoding,1,7949,1,7948.0,7948,0,3,4,4,4,4,1,1,1,0,2,2,0,0,0,215,0,0,1,0,3,4,0,0,0,0,0,0,0,0,0,0,0,0,0,0,0,0,0,0,0,0,0,0,0,0,0,0,0,0,0,0,0,0,0,0,0,0,0,0,0,0,0,0,0,0,0,0,0,0,0,0,0,0,0,0,0,0,0,0,0,0,0,0,0,0,0,0,0,0,0,0,0,4,2,1,5,6,1,3,1,0,3
1332.ps1,ASCII_Encoding,1,766,1,765.0,765,0,5,5,5,5,5,1,21,0,0,4,23,0,0,0,18,0,0,1,0,3,18,0,0,0,0,0,0,0,0,0,0,0,0,0,0,0,0,0,0,0,0,0,0,0,0,0,0,0,1,0,0,0,0,0,0,0,0,0,0,0,0,0,0,0,0,0,0,0,0,0,0,0,0,0,0,0,0,0,0,0,0,0,0,0,0,0,0,0,0,0,0,0,14,4,0,7,19,0,3,3,0,3
1292.ps1,ASCII_Encoding,1,9982,1,9981.0,9981,0,0,1,1,2,2,0,0,0,2275,0,2,0,0,0,0,0,0,0,0,0,0,0,0,0,0,0,0,0,0,0,0,0,0,0,0,0,0,0,0,0,0,0,0,0,0,0,0,0,0,0,0,0,0,0,0,0,0,0,0,0,0,0,0,0,0,0,0,0,0,0,0,0,0,0,0,0,0,0,0,0,0,1,0,0,0,0,0,0,0,0,0,0,0,1,0,2,1,0,0,1,1,1
1329.ps1,ASCII_Encoding,1,773,1,772.0,772,0,3,5,5,5,5,1,1,1,1,2,12,0,0,0,0,17,0,0,0,3,13,0,0,0,0,0,0,0,0,0,0,0,0,0,0,0,0,0,0,0,0,0,0,0,0,0,0,0,1,0,0,0,0,0,0,0,0,0,0,0,0,0,0,0,0,0,0,0,0,0,0,0,0,0,0,0,0,0,0,0,0,0,0,0,0,0,0,0,0,0,0,0,13,2,1,6,15,2,3,1,0,4
1322.ps1,ASCII_Encoding,1,722,1,721.0,721,0,2,5,5,3,3,1,1,2,139,1,3,0,0,0,0,0,0,0,0,2,2,0,0,0,0,0,0,0,0,0,0,0,0,0,0,0,0,0,0,0,0,0,0,0,0,0,0,0,1,0,0,0,0,0,0,0,0,0,0,0,0,0,0,0,0,0,0,0,0,0,0,0,0,0,0,0,0,0,0,0,0,0,0,0,0,0,0,0,0,0,0,0,2,2,1,6,4,0,2,2,2,4
1312.ps1,ASCII_Encoding,1,7636,1,7635.0,7635,0,2,5,5,3,3,232,222,1,227,0,2,0,0,0,230,0,0,235,0,2,4,0,0,0,0,0,0,0,0,0,0,0,0,0,0,0,0,0,0,0,0,0,0,0,0,0,0,0,0,0,0,0,0,0,0,0,0,0,0,0,0,0,0,0,0,0,0,0,0,0,0,0,0,0,0,0,0,0,0,0,0,0,0,0,0,0,0,0,0,0,0,0,2,2,1,6,6,0,2,2,1,4
1330.ps1,ASCII_Encoding,1,10059,1,10058.0,10058,0,3,7,7,4,4,1,1,1,2277,2,4,2,0,0,0,0,0,1,0,1,8,0,0,0,0,0,0,0,0,0,0,0,0,0,0,0,0,0,0,0,0,0,0,0,0,0,0,0,0,0,0,0,0,0,0,0,0,0,0,0,0,0,0,0,0,0,0,0,0,0,0,0,0,0,0,0,0,0,0,0,0,0,0,0,0,0,0,0,0,0,0,0,4,5,0,9,11,1,1,2,2,5
133.ps1,ASCII_Encoding,1,711,1,710.0,710,0,1,4,4,2,2,1,1,0,140,0,3,0,0,0,0,0,0,0,0,1,1,0,0,0,0,0,0,0,0,0,0,0,0,0,0,0,0,0,0,0,0,0,0,0,0,0,0,0,1,0,0,0,0,0,0,0,0,0,0,0,0,0,0,0,0,0,0,0,0,0,0,0,0,0,0,0,0,0,0,0,0,1,0,0,0,0,0,0,0,0,0,0,1,2,0,6,3,0,1,2,1,4
1315.ps1,ASCII_Encoding,1,17264,1,17263.0,17263,0,1,4,4,3,3,1,1,0,1,0,535,0,0,0,528,576,0,0,0,1,12,0,0,0,0,0,0,0,0,0,0,0,0,0,0,0,0,0,0,0,0,0,0,0,0,0,0,0,0,0,0,0,0,0,0,0,0,0,0,0,0,0,0,0,0,0,0,0,0,0,0,0,0,0,0,0,0,0,0,0,0,1,0,0,0,0,0,0,0,0,0,0,11,2,1,5,15,2,1,1,0,3
1328.ps1,ASCII_Encoding,1,10354,1,10353.0,10353,0,4,8,8,4,4,1,1,1,2336,3,3,0,0,0,0,0,0,1,0,2,8,0,0,0,0,0,0,0,0,0,0,0,0,0,0,0,0,0,0,0,0,0,0,0,0,0,0,0,0,0,0,0,0,0,0,0,0,0,0,0,0,0,0,0,0,0,0,0,0,0,0,0,0,0,0,0,0,0,0,0,0,0,0,0,0,0,0,0,0,0,0,0,5,4,1,9,10,1,2,2,2,5
132.ps1,ASCII_Encoding,1,10984,1,10983.0,10983,0,1,5,5,3,3,1,1,2,2506,0,3,2,0,0,0,0,0,0,0,1,2,0,0,0,0,0,0,0,0,0,0,0,0,0,0,0,0,0,0,0,0,0,0,0,0,0,0,0,0,0,0,0,0,0,0,0,0,0,0,0,0,0,0,0,0,0,0,0,0,0,0,0,0,0,0,0,0,0,0,0,0,0,0,0,0,0,0,0,0,0,0,0,2,3,0,7,5,1,1,1,2,5
1324.ps1,ASCII_Encoding,1,1269,1,1268.0,1268,0,1,2,2,3,3,0,0,1,266,0,2,0,0,0,0,0,0,0,0,1,2,0,0,0,0,0,0,0,0,0,0,0,0,0,0,0,0,0,0,0,0,0,0,0,0,0,0,0,0,0,0,0,0,0,0,0,0,0,0,0,0,0,0,0,0,0,0,0,0,0,0,0,0,0,0,0,0,0,0,0,0,0,0,0,0,0,0,0,0,0,0,0,2,1,0,3,2,0,1,1,2,2
1337.ps1,ASCII_Encoding,1,7559,1,7558.0,7558,0,2,7,7,5,5,238,231,2,218,1,237,0,0,0,225,1,0,220,0,2,5,0,0,0,0,0,0,0,0,0,0,0,0,0,0,0,0,0,0,0,0,0,0,0,0,0,0,0,0,0,0,0,0,0,0,0,0,0,0,0,0,0,0,0,0,0,0,0,0,0,0,0,0,0,0,0,0,0,0,0,0,0,0,0,0,0,0,0,0,0,0,0,2,2,2,7,8,1,2,3,1,5
1345.ps1,ASCII_Encoding,1,760,1,759.0,759,0,4,7,7,4,4,1,1,1,2,2,26,0,0,0,18,0,0,1,0,2,9,0,0,0,0,0,0,0,0,0,0,0,0,0,0,0,0,0,0,0,0,0,0,0,0,0,0,0,1,0,0,0,0,0,0,0,0,0,0,0,0,0,0,0,0,0,0,0,0,0,0,0,0,0,0,0,0,0,0,0,0,0,0,0,0,0,0,0,0,0,0,0,4,4,1,8,11,1,2,2,1,4
1338.ps1,ASCII_Encoding,1,9763,1,9762.0,9762,0,3,6,6,3,3,1,1,0,2230,2,2,0,0,0,0,1,0,0,0,1,6,0,0,0,0,0,0,0,0,0,0,0,0,0,0,0,0,0,0,0,0,0,0,0,0,0,0,0,0,0,0,0,0,0,0,0,0,0,0,0,0,0,0,0,0,0,0,0,0,0,0,0,0,0,0,0,0,0,0,0,0,0,1,0,0,0,0,0,0,0,0,0,2,4,0,8,8,0,1,3,1,4
1319.ps1,ASCII_Encoding,1,9720,1,9719.0,9719,0,1,2,2,3,3,0,0,1,2232,0,2,0,0,0,0,0,0,0,0,1,2,0,0,0,0,0,0,0,0,0,0,0,0,0,0,0,0,0,0,0,0,0,0,0,0,0,0,0,0,0,0,0,0,0,0,0,0,0,0,0,0,0,0,0,0,0,0,0,0,0,0,0,0,0,0,0,0,0,0,0,0,0,0,0,0,0,0,0,0,0,0,0,2,1,0,3,2,0,1,1,2,2
1349.ps1,ASCII_Encoding,1,739,1,738.0,738,0,2,4,4,3,3,1,1,1,150,0,3,0,0,0,0,0,0,0,0,2,1,0,0,0,0,0,0,0,0,0,0,0,0,0,0,0,0,0,0,0,0,0,0,0,0,0,0,0,1,0,0,0,0,0,0,0,0,0,0,0,0,0,0,0,0,0,0,0,0,0,0,0,0,0,0,0,0,0,0,0,0,0,0,0,0,0,0,0,0,0,0,0,1,2,0,6,2,0,2,2,2,4
134.ps1,ASCII_Encoding,1,10220,1,10219.0,10219,0,0,3,3,3,3,0,0,2,2322,0,2,2,0,0,0,0,0,0,0,0,2,0,0,0,0,0,0,0,0,0,0,0,0,0,0,0,0,0,0,0,0,0,0,0,0,0,0,0,0,0,0,0,0,0,0,0,0,0,0,0,0,0,0,0,0,0,0,0,0,0,0,0,0,0,0,0,0,0,0,0,0,0,0,0,0,0,0,0,0,0,0,0,1,2,0,4,4,0,0,1,2,3
1343.ps1,ASCII_Encoding,1,497,1,496.0,496,0,2,4,4,5,5,0,0,0,94,2,0,0,0,0,0,0,0,1,0,2,2,0,0,0,0,0,0,0,0,0,0,0,0,0,0,0,0,0,0,0,0,0,0,0,0,0,0,0,0,0,0,0,0,0,0,0,0,0,0,0,0,0,0,0,0,0,0,0,0,0,0,0,0,0,0,0,0,0,0,0,0,0,0,0,0,0,0,0,0,0,0,0,2,1,1,4,3,1,2,1,1,3
1361.ps1,ASCII_Encoding,1,1638,1,1637.0,1637,0,2,5,5,4,4,0,0,1,341,2,2,2,0,0,0,0,0,1,0,0,8,0,0,0,0,0,0,0,0,0,0,0,0,0,0,0,0,0,0,0,0,0,0,0,0,0,0,0,0,0,0,0,0,0,0,0,0,0,0,0,0,0,0,0,0,0,0,0,0,0,0,0,0,0,0,0,0,0,0,0,0,0,0,0,0,0,0,0,0,0,0,0,3,4,0,6,10,0,0,2,2,3
1359.ps1,ASCII_Encoding,1,7594,1,7593.0,7593,0,3,6,6,5,5,1,233,2,1,2,214,0,0,0,259,0,0,0,0,3,4,0,0,0,0,0,0,0,0,0,0,0,0,0,0,0,0,0,0,0,0,0,0,0,0,0,0,0,0,0,0,0,0,0,0,0,0,0,0,0,0,0,0,0,0,0,0,0,0,0,0,0,0,0,0,0,0,0,0,0,0,0,0,0,0,0,0,0,0,0,0,0,2,2,2,6,7,1,3,2,0,4
1342.ps1,ASCII_Encoding,1,2405,1,2404.0,2404,0,4,4,4,5,5,0,0,0,525,4,0,0,0,0,0,0,0,1,0,2,7,0,0,0,0,0,0,0,0,0,0,0,0,0,0,0,0,0,0,0,0,0,0,0,0,0,0,0,0,0,0,0,0,0,0,0,0,0,0,0,0,0,0,0,0,0,0,0,0,0,0,0,0,0,0,0,0,0,0,0,0,0,0,0,0,0,0,0,0,0,0,0,4,3,0,5,7,0,2,2,1,2
1352.ps1,ASCII_Encoding,1,10283,1,10282.0,10282,0,3,6,6,4,4,0,0,2,2321,3,3,0,0,0,0,0,0,0,0,1,8,0,0,0,0,0,0,0,0,0,0,0,0,0,0,0,0,0,0,0,0,0,0,0,0,0,0,0,0,0,0,0,0,0,0,0,0,0,0,0,0,0,0,0,0,0,0,0,0,0,0,0,0,0,0,0,0,0,0,0,0,0,0,0,0,0,0,0,0,0,0,0,4,3,1,6,9,0,1,2,2,3
1388.ps1,ASCII_Encoding,1,7600,1,7599.0,7599,0,3,6,6,5,5,1,1,2,1,2,1,0,0,0,246,0,0,229,0,3,4,0,0,0,0,0,0,0,0,0,0,0,0,0,0,0,0,0,0,0,0,0,0,0,0,0,0,0,0,0,0,0,0,0,0,0,0,0,0,0,0,0,0,0,0,0,0,0,0,0,0,0,0,0,0,0,0,0,0,0,0,0,0,0,0,0,0,0,0,0,0,0,3,2,2,6,7,2,3,1,0,4
139.ps1,ASCII_Encoding,1,706,1,705.0,705,0,3,5,5,4,4,1,1,1,137,2,3,0,0,0,0,0,0,0,0,3,2,0,0,0,0,0,0,0,0,0,0,0,0,0,0,0,0,0,0,0,0,0,0,0,0,0,0,0,1,0,0,0,0,0,0,0,0,0,0,0,0,0,0,0,0,0,0,0,0,0,0,0,0,0,0,0,0,0,0,0,0,0,0,0,0,0,0,0,0,0,0,0,4,2,0,7,3,1,3,1,1,5
1385.ps1,ASCII_Encoding,1,7605,1,7604.0,7604,0,3,5,5,5,5,1,1,2,213,2,2,0,0,0,240,0,0,0,0,3,4,0,0,0,0,0,0,0,0,0,0,0,0,0,0,0,0,0,0,0,0,0,0,0,0,0,0,0,1,0,0,0,0,0,0,0,0,0,0,0,0,0,0,0,0,0,0,0,0,0,0,0,0,0,0,0,0,0,0,0,0,0,0,0,0,0,0,0,0,0,0,0,3,2,2,5,7,2,3,1,0,3
1357.ps1,ASCII_Encoding,1,7587,1,7586.0,7586,0,3,5,5,4,4,1,1,1,0,2,239,0,0,0,0,0,0,1,0,3,4,0,0,0,0,0,0,0,0,0,0,0,0,0,0,0,0,0,0,0,0,0,0,0,0,0,0,0,1,0,0,0,0,0,0,0,0,0,0,0,0,0,0,0,0,0,0,0,0,0,0,0,0,0,0,0,0,0,0,0,0,0,0,0,0,0,0,0,0,0,0,0,3,2,1,6,6,0,3,2,0,4
1366.ps1,ASCII_Encoding,1,10256,1,10255.0,10255,0,1,3,3,3,3,0,0,1,2335,0,2,0,0,0,0,0,0,0,0,1,2,0,0,0,0,0,0,0,0,0,0,0,0,0,0,0,0,0,0,0,0,0,0,0,0,0,0,0,0,0,0,0,0,0,0,0,0,0,0,0,0,0,0,0,0,0,0,0,0,0,0,0,0,0,0,0,0,0,0,0,0,0,0,0,0,0,0,0,0,0,0,0,2,1,0,4,2,0,1,1,2,3
1400.ps1,ASCII_Encoding,1,8350,1,8349.0,8349,0,5,7,7,5,5,1,1,2,0,4,2,0,0,0,0,1,0,0,0,3,9,0,0,0,0,0,0,0,0,0,0,0,0,0,0,0,0,0,0,0,0,0,0,0,0,0,0,0,0,0,0,0,0,0,0,0,0,0,0,0,0,0,0,0,0,0,0,0,0,0,0,0,0,0,0,0,0,0,0,0,0,0,0,0,0,0,0,0,0,0,0,0,5,4,1,8,11,1,3,2,0,4
1399.ps1,ASCII_Encoding,1,687,1,686.0,686,0,2,4,4,4,4,1,1,0,1,1,12,0,0,0,0,1,0,1,0,2,14,0,0,0,0,0,0,0,0,0,0,0,0,0,0,0,0,0,0,0,0,0,0,0,0,0,0,0,0,0,0,0,0,0,0,0,0,0,0,0,0,0,0,0,0,0,0,0,0,0,0,0,0,0,0,0,0,0,0,0,0,0,0,0,0,0,0,0,0,0,0,0,13,2,0,6,15,0,2,3,1,4
1396.ps1,ASCII_Encoding,1,7465,1,7464.0,7464,0,1,7,7,4,4,1,1,3,3,0,3,2,0,0,200,0,0,0,0,1,5,0,0,0,0,0,0,0,0,0,0,0,0,0,0,0,0,0,0,0,0,0,0,0,0,0,0,0,0,0,0,0,0,0,0,0,0,0,0,0,0,0,0,0,0,0,0,0,0,0,0,0,0,0,0,0,0,0,0,0,0,0,0,0,0,0,0,0,0,0,0,0,2,3,2,7,10,2,1,1,1,5
1380.ps1,ASCII_Encoding,1,10262,1,10261.0,10261,0,2,2,2,4,4,0,0,0,2333,2,1,0,0,0,0,0,0,1,0,2,2,0,0,0,0,0,0,0,0,0,0,0,0,0,0,0,0,0,0,0,0,0,0,0,0,0,0,0,0,0,0,0,0,0,0,0,0,0,0,0,0,0,0,0,0,0,0,0,0,0,0,0,0,0,0,0,0,0,0,0,0,0,0,0,0,0,0,0,0,0,0,0,3,1,0,3,2,0,2,1,1,2
1403.ps1,ASCII_Encoding,1,10250,1,10249.0,10249,0,2,5,5,4,4,1,1,1,2338,0,1,0,0,0,0,1,0,0,0,2,2,0,0,0,0,0,0,0,0,0,0,0,0,0,0,0,0,0,0,0,0,0,0,0,0,0,0,0,0,0,0,0,0,0,0,0,0,0,0,0,0,0,0,0,0,0,0,0,0,0,0,0,0,0,0,0,0,0,0,0,0,0,0,0,0,0,0,0,0,0,0,0,1,2,1,6,4,1,2,2,2,4
1365.ps1,ASCII_Encoding,1,8528,1,8527.0,8527,0,4,6,6,4,4,1,1,2,246,2,4,0,0,0,0,0,0,0,0,2,9,0,0,0,0,0,0,0,0,0,0,0,0,0,0,0,0,0,0,0,0,0,0,0,0,0,0,0,0,0,0,0,0,0,0,0,0,0,0,0,0,0,0,0,0,0,0,0,0,0,0,0,0,0,0,0,0,0,0,0,0,0,0,0,0,0,0,0,0,0,0,0,4,4,1,7,11,1,2,2,1,3
1402.ps1,ASCII_Encoding,1,8098,1,8097.0,8097,0,3,7,7,4,4,1,1,1,2,2,14,2,0,0,0,244,0,1,0,1,19,0,0,0,0,0,0,0,0,0,0,0,0,0,0,0,0,0,0,0,0,0,0,0,0,0,0,0,1,0,0,0,0,0,0,0,0,0,0,0,0,0,0,0,0,0,0,0,0,0,0,0,0,0,0,0,0,0,0,0,0,0,0,0,0,0,0,0,0,0,0,0,13,5,0,9,22,0,1,3,1,5
1375.ps1,ASCII_Encoding,1,8196,1,8195.0,8195,0,4,6,6,5,5,1,1,0,1,3,15,0,0,0,0,218,0,1,0,2,19,0,0,0,0,0,0,0,0,0,0,0,0,0,0,0,0,0,0,0,0,0,0,0,0,0,0,0,1,0,0,0,0,0,0,0,0,0,0,0,0,0,0,0,0,0,0,0,0,0,0,0,0,0,0,0,0,0,0,0,0,0,0,0,0,0,0,0,0,0,0,0,15,4,0,8,20,1,2,3,1,4
1393.ps1,ASCII_Encoding,1,10292,1,10291.0,10291,0,5,7,7,5,5,1,1,1,2332,4,3,0,0,0,0,0,0,0,0,3,7,0,0,0,0,0,0,0,0,0,0,0,0,0,0,0,0,0,0,0,0,0,0,0,0,0,0,0,1,0,0,0,0,0,0,0,0,0,0,0,0,0,0,0,0,0,0,0,0,0,0,0,0,0,0,0,0,0,0,0,0,0,0,0,0,0,0,0,0,0,0,0,4,4,0,9,8,0,3,3,1,5
1417.ps1,ASCII_Encoding,1,679,1,678.0,678,0,3,6,6,5,5,0,0,0,117,3,3,0,0,0,0,0,0,1,0,1,8,0,0,0,0,0,0,0,0,0,0,0,0,0,0,0,0,0,0,0,0,0,0,0,0,0,0,0,0,0,0,0,0,0,0,0,0,0,0,0,0,0,0,0,0,0,0,0,0,0,0,0,0,0,0,0,0,0,0,0,0,0,0,0,0,0,0,0,0,0,0,0,4,3,0,7,8,0,1,3,2,4
141.ps1,ASCII_Encoding,1,9268,1,9267.0,9267,0,2,5,5,4,4,1,253,2,3,0,1,0,0,0,0,1,0,0,0,2,4,0,0,0,0,0,0,0,0,0,0,0,0,0,0,0,0,0,0,0,0,0,0,0,0,0,0,0,0,0,0,0,0,0,0,0,0,0,0,0,0,0,0,0,0,0,0,0,0,0,0,0,0,0,0,0,0,0,0,0,0,0,0,0,0,0,0,0,0,0,0,0,1,2,2,5,7,1,2,2,1,3
1410.ps1,ASCII_Encoding,1,9841,1,9840.0,9840,0,1,4,4,2,2,1,1,0,2244,0,3,0,0,0,0,1,0,0,0,1,1,0,0,0,0,0,0,0,0,0,0,0,0,0,0,0,0,0,0,0,0,0,0,0,0,0,0,0,0,0,0,0,0,0,0,0,0,0,0,0,0,0,0,0,0,0,0,0,0,0,0,0,0,0,0,0,0,0,0,0,0,1,0,0,0,0,0,0,0,0,0,0,2,2,0,6,3,1,1,1,1,4
1432.ps1,ASCII_Encoding,1,10238,1,10237.0,10237,0,0,3,3,3,3,0,0,1,2332,0,2,2,0,0,0,0,0,1,0,0,2,0,0,0,0,0,0,0,0,0,0,0,0,0,0,0,0,0,0,0,0,0,0,0,0,0,0,0,0,0,0,0,0,0,0,0,0,0,0,0,0,0,0,0,0,0,0,0,0,0,0,0,0,0,0,0,0,0,0,0,0,0,0,0,0,0,0,0,0,0,0,0,1,2,0,4,4,0,0,1,2,3
1418.ps1,ASCII_Encoding,1,8228,1,8227.0,8227,0,5,6,6,5,5,1,1,0,243,4,229,0,0,0,263,0,0,1,0,3,18,0,0,0,0,0,0,0,0,0,0,0,0,0,0,0,0,0,0,0,0,0,0,0,0,0,0,0,1,0,0,0,0,0,0,0,0,0,0,0,0,0,0,0,0,0,0,0,0,0,0,0,0,0,0,0,0,0,0,0,0,0,0,0,0,0,0,0,0,0,0,0,14,4,0,8,19,0,3,3,0,4
1413.ps1,ASCII_Encoding,1,11381,1,11380.0,11380,0,1,6,6,3,3,1,1,2,2607,0,3,2,0,0,0,1,0,0,0,1,2,0,0,0,0,0,0,0,0,0,0,0,0,0,0,0,0,0,0,0,0,0,0,0,0,0,0,0,0,0,0,0,0,0,0,0,0,0,0,0,0,0,0,0,0,0,0,0,0,0,0,0,0,0,0,0,0,0,0,0,0,0,0,0,0,0,0,0,0,0,0,0,2,3,0,8,5,1,1,1,2,6
1424.ps1,ASCII_Encoding,1,7912,1,7911.0,7911,0,3,4,4,4,4,1,1,1,0,2,231,0,0,0,0,0,0,1,0,3,4,0,0,0,0,0,0,0,0,0,0,0,0,0,0,0,0,0,0,0,0,0,0,0,0,0,0,0,1,0,0,0,0,0,0,0,0,0,0,0,0,0,0,0,0,0,0,0,0,0,0,0,0,0,0,0,0,0,0,0,0,0,0,0,0,0,0,0,0,0,0,0,3,2,1,5,6,0,3,2,0,3
1433.ps1,ASCII_Encoding,1,7597,1,7596.0,7596,0,2,5,5,4,4,1,1,2,3,0,1,0,0,0,0,0,0,237,0,2,4,0,0,0,0,0,0,0,0,0,0,0,0,0,0,0,0,0,0,0,0,0,0,0,0,0,0,0,0,0,0,0,0,0,0,0,0,0,0,0,0,0,0,0,0,0,0,0,0,0,0,0,0,0,0,0,0,0,0,0,0,0,0,0,0,0,0,0,0,0,0,0,1,2,2,5,7,1,2,2,1,3
1407.ps1,ASCII_Encoding,1,8050,1,8049.0,8049,0,3,5,5,3,3,1,246,0,0,2,11,0,0,0,0,242,0,232,0,1,17,0,0,0,0,0,0,0,0,0,0,0,0,0,0,0,0,0,0,0,0,0,0,0,0,0,0,0,0,0,0,0,0,0,0,0,0,0,0,0,0,0,0,0,0,0,0,0,0,0,0,0,0,0,0,0,0,0,0,0,0,0,1,0,0,0,0,0,0,0,0,0,12,4,0,7,19,0,1,3,0,3
1436.ps1,ASCII_Encoding,1,1386,1,1385.0,1385,0,3,4,4,4,4,0,0,1,283,2,2,0,0,0,0,0,0,0,0,1,7,0,0,0,0,0,0,0,0,0,0,0,0,0,0,0,0,0,0,0,0,0,0,0,0,0,0,0,0,0,0,0,0,0,0,0,0,0,0,0,0,0,0,0,0,0,0,0,0,0,0,0,0,0,0,0,0,0,0,0,0,0,0,0,0,0,0,0,0,0,0,0,3,3,0,5,7,0,1,2,2,2
1435.ps1,ASCII_Encoding,1,10255,1,10254.0,10254,0,0,3,3,3,3,0,0,1,2335,0,2,2,0,0,0,0,0,1,0,0,2,0,0,0,0,0,0,0,0,0,0,0,0,0,0,0,0,0,0,0,0,0,0,0,0,0,0,0,0,0,0,0,0,0,0,0,0,0,0,0,0,0,0,0,0,0,0,0,0,0,0,0,0,0,0,0,0,0,0,0,0,0,0,0,0,0,0,0,0,0,0,0,1,2,0,4,4,0,0,1,2,3
1420.ps1,ASCII_Encoding,1,1664,1,1663.0,1663,0,2,4,4,4,4,1,48,0,1,1,51,0,0,0,0,1,0,1,0,2,13,0,0,0,0,0,0,0,0,0,0,0,0,0,0,0,0,0,0,0,0,0,0,0,0,0,0,0,0,0,0,0,0,0,0,0,0,0,0,0,0,0,0,0,0,0,0,0,0,0,0,0,0,0,0,0,0,0,0,0,0,0,0,0,0,0,0,0,0,0,0,0,13,2,0,6,14,1,2,2,1,4
1406.ps1,ASCII_Encoding,1,700,1,699.0,699,0,3,6,6,5,5,1,1,2,1,2,2,0,0,0,0,15,0,16,0,3,4,0,0,0,0,0,0,0,0,0,0,0,0,0,0,0,0,0,0,0,0,0,0,0,0,0,0,0,1,0,0,0,0,0,0,0,0,0,0,0,0,0,0,0,0,0,0,0,0,0,0,0,0,0,0,0,0,0,0,0,0,0,0,0,0,0,0,0,0,0,0,0,3,2,2,6,7,2,3,1,0,4
1437.ps1,ASCII_Encoding,1,7671,1,7670.0,7670,0,2,4,4,4,4,1,1,0,1,1,12,0,0,0,0,1,0,1,0,2,14,0,0,0,0,0,0,0,0,0,0,0,0,0,0,0,0,0,0,0,0,0,0,0,0,0,0,0,0,0,0,0,0,0,0,0,0,0,0,0,0,0,0,0,0,0,0,0,0,0,0,0,0,0,0,0,0,0,0,0,0,0,0,0,0,0,0,0,0,0,0,0,13,2,0,6,15,0,2,3,1,4
1445.ps1,ASCII_Encoding,1,9766,1,9765.0,9765,0,2,4,4,3,3,1,1,0,2232,0,3,0,0,0,0,1,0,1,0,2,1,0,0,0,0,0,0,0,0,0,0,0,0,0,0,0,0,0,0,0,0,0,0,0,0,0,0,0,0,0,0,0,0,0,0,0,0,0,0,0,0,0,0,0,0,0,0,0,0,0,0,0,0,0,0,0,0,0,0,0,0,0,0,0,0,0,0,0,0,0,0,0,2,2,0,6,2,1,2,1,2,4
1449.ps1,ASCII_Encoding,1,9800,1,9799.0,9799,0,1,3,3,2,2,1,1,0,2244,0,3,0,0,0,0,1,0,0,0,1,0,0,0,0,0,0,0,0,0,0,0,0,0,0,0,0,0,0,0,0,0,0,0,0,0,0,0,0,0,0,0,0,0,0,0,0,0,0,0,0,0,0,0,0,0,0,0,0,0,0,0,0,0,0,0,0,0,0,0,0,0,1,0,0,0,0,0,0,0,0,0,0,1,2,0,5,2,1,1,1,1,3
1448.ps1,ASCII_Encoding,1,8305,1,8304.0,8304,0,3,6,6,5,5,1,1,2,1,2,1,0,0,0,250,1,0,250,0,3,4,0,0,0,0,0,0,0,0,0,0,0,0,0,0,0,0,0,0,0,0,0,0,0,0,0,0,0,0,0,0,0,0,0,0,0,0,0,0,0,0,0,0,0,0,0,0,0,0,0,0,0,0,0,0,0,0,0,0,0,0,0,0,0,0,0,0,0,0,0,0,0,3,2,2,6,7,2,3,1,0,4
145.ps1,ASCII_Encoding,1,10265,1,10264.0,10264,0,2,3,3,5,5,0,0,1,2333,2,0,0,0,0,0,0,0,0,0,2,2,0,0,0,0,0,0,0,0,0,0,0,0,0,0,0,0,0,0,0,0,0,0,0,0,0,0,0,0,0,0,0,0,0,0,0,0,0,0,0,0,0,0,0,0,0,0,0,0,0,0,0,0,0,0,0,0,0,0,0,0,0,0,0,0,0,0,0,0,0,0,0,2,1,1,3,3,1,2,1,1,2
1455.ps1,ASCII_Encoding,1,11158,1,11157.0,11157,0,1,5,5,3,3,1,1,1,2527,0,3,2,0,0,0,0,0,1,0,1,2,0,0,0,0,0,0,0,0,0,0,0,0,0,0,0,0,0,0,0,0,0,0,0,0,0,0,0,0,0,0,0,0,0,0,0,0,0,0,0,0,0,0,0,0,0,0,0,0,0,0,0,0,0,0,0,0,0,0,0,0,0,0,0,0,0,0,0,0,0,0,0,2,3,0,7,5,1,1,1,2,5
1478.ps1,ASCII_Encoding,1,657,1,656.0,656,0,1,7,7,4,4,1,1,2,123,0,3,2,0,0,0,1,0,0,0,1,3,0,0,0,0,0,0,0,0,0,0,0,0,0,0,0,0,0,0,0,0,0,0,0,0,0,0,0,0,0,0,0,0,0,0,0,0,0,0,0,0,0,0,0,0,0,0,0,0,0,0,0,0,0,0,0,0,0,0,0,0,0,0,0,0,0,0,0,0,0,0,0,2,3,1,8,7,2,1,1,2,6
1459.ps1,ASCII_Encoding,1,707,1,706.0,706,0,3,4,4,5,5,17,1,0,1,2,10,0,0,0,0,15,0,1,0,3,13,0,0,0,0,0,0,0,0,0,0,0,0,0,0,0,0,0,0,0,0,0,0,0,0,0,0,0,0,0,0,0,0,0,0,0,0,0,0,0,0,0,0,0,0,0,0,0,0,0,0,0,0,0,0,0,0,0,0,0,0,0,0,0,0,0,0,0,0,0,0,0,12,2,1,5,15,1,3,2,0,3
1453.ps1,ASCII_Encoding,1,1657,1,1656.0,1656,0,2,5,5,4,4,48,1,1,37,1,12,0,0,0,0,0,0,0,0,2,13,0,0,0,0,0,0,0,0,0,0,0,0,0,0,0,0,0,0,0,0,0,0,0,0,0,0,0,0,0,0,0,0,0,0,0,0,0,0,0,0,0,0,0,0,0,0,0,0,0,0,0,0,0,0,0,0,0,0,0,0,0,0,0,0,0,0,0,0,0,0,0,12,2,0,7,14,0,2,3,1,5
1460.ps1,ASCII_Encoding,1,10153,1,10152.0,10152,0,0,2,2,3,3,0,0,0,2331,0,0,0,0,0,0,0,0,0,0,0,1,0,0,0,0,0,0,0,0,0,0,0,0,0,0,0,0,0,0,0,0,0,0,0,0,0,0,0,0,0,0,0,0,0,0,0,0,0,0,0,0,0,0,0,0,0,0,0,0,0,0,0,0,0,0,0,0,0,0,0,0,0,1,0,0,0,0,0,0,0,0,0,0,1,1,2,3,1,0,1,1,1
1473.ps1,ASCII_Encoding,1,7969,1,7968.0,7968,0,3,6,6,5,5,1,1,1,1,2,1,0,0,0,0,232,0,240,0,3,4,0,0,0,0,0,0,0,0,0,0,0,0,0,0,0,0,0,0,0,0,0,0,0,0,0,0,0,0,0,0,0,0,0,0,0,0,0,0,0,0,0,0,0,0,0,0,0,0,0,0,0,0,0,0,0,0,0,0,0,0,0,0,0,0,0,0,0,0,0,0,0,3,2,2,6,7,2,3,1,0,4
1479.ps1,ASCII_Encoding,1,10364,1,10363.0,10363,0,3,6,6,3,3,1,1,0,2335,2,5,0,0,0,0,0,0,0,0,1,6,0,0,0,0,0,0,0,0,0,0,0,0,0,0,0,0,0,0,0,0,0,0,0,0,0,0,0,1,0,0,0,0,0,0,0,0,0,0,0,0,0,0,0,0,0,0,0,0,0,0,0,0,0,0,0,0,0,0,0,0,1,0,0,0,0,0,0,0,0,0,0,3,4,0,8,8,1,1,2,1,4
147.ps1,ASCII_Encoding,1,11381,1,11380.0,11380,0,2,4,4,5,5,0,0,1,2597,2,0,0,0,0,0,0,0,0,0,2,2,0,0,0,0,0,0,0,0,0,0,0,0,0,0,0,0,0,0,0,0,0,0,0,0,0,0,0,0,0,0,0,0,0,0,0,0,0,0,0,0,0,0,0,0,0,0,0,0,0,0,0,0,0,0,0,0,0,0,0,0,0,0,0,0,0,0,0,0,0,0,0,2,1,1,4,3,1,2,1,1,3
1456.ps1,ASCII_Encoding,1,9934,1,9933.0,9933,0,3,8,8,4,4,1,1,1,2245,2,3,2,0,0,0,1,0,1,0,1,8,0,0,0,0,0,0,0,0,0,0,0,0,0,0,0,0,0,0,0,0,0,0,0,0,0,0,0,0,0,0,0,0,0,0,0,0,0,0,0,0,0,0,0,0,0,0,0,0,0,0,0,0,0,0,0,0,0,0,0,0,0,0,0,0,0,0,0,0,0,0,0,4,5,0,10,11,1,1,2,2,6
1466.ps1,ASCII_Encoding,1,8676,1,8675.0,8675,0,1,6,6,4,4,287,1,2,272,0,2,2,0,0,0,0,0,252,0,1,5,0,0,0,0,0,0,0,0,0,0,0,0,0,0,0,0,0,0,0,0,0,0,0,0,0,0,0,1,0,0,0,0,0,0,0,0,0,0,0,0,0,0,0,0,0,0,0,0,0,0,0,0,0,0,0,0,0,0,0,0,0,0,0,0,0,0,0,0,0,0,0,1,3,2,6,10,1,1,2,1,4
1475.ps1,ASCII_Encoding,1,7774,1,7773.0,7773,0,2,6,6,5,5,1,1,2,2,1,233,0,0,0,0,0,0,0,0,2,5,0,0,0,0,0,0,0,0,0,0,0,0,0,0,0,0,0,0,0,0,0,0,0,0,0,0,0,1,0,0,0,0,0,0,0,0,0,0,0,0,0,0,0,0,0,0,0,0,0,0,0,0,0,0,0,0,0,0,0,0,0,0,0,0,0,0,0,0,0,0,0,3,2,2,6,8,2,2,2,1,4
1482.ps1,ASCII_Encoding,1,7906,1,7905.0,7905,0,2,4,4,3,3,1,1,0,2,0,12,0,0,0,0,1,0,247,0,2,12,0,0,0,0,0,0,0,0,0,0,0,0,0,0,0,0,0,0,0,0,0,0,0,0,0,0,0,0,0,0,0,0,0,0,0,0,0,0,0,0,0,0,0,0,0,0,0,0,0,0,0,0,0,0,0,0,0,0,0,0,0,0,0,0,0,0,0,0,0,0,0,11,2,0,6,13,0,2,2,1,4
1465.ps1,ASCII_Encoding,1,8626,1,8625.0,8625,0,1,4,4,2,2,1,1,1,0,0,2,0,0,0,0,273,0,232,0,1,3,0,0,0,0,0,0,0,0,0,0,0,0,0,0,0,0,0,0,0,0,0,0,0,0,0,0,0,0,0,0,0,0,0,0,0,0,0,0,0,0,0,0,0,0,0,0,0,0,0,0,0,0,0,0,0,0,0,0,0,0,1,0,0,0,0,0,0,0,0,0,0,1,2,1,5,6,0,1,2,0,3
1481.ps1,ASCII_Encoding,1,8080,1,8079.0,8079,0,5,6,6,5,5,1,1,1,0,4,11,0,0,0,255,0,0,0,0,3,18,0,0,0,0,0,0,0,0,0,0,0,0,0,0,0,0,0,0,0,0,0,0,0,0,0,0,0,0,0,0,0,0,0,0,0,0,0,0,0,0,0,0,0,0,0,0,0,0,0,0,0,0,0,0,0,0,0,0,0,0,0,0,0,0,0,0,0,0,0,0,0,14,4,0,8,19,0,3,3,0,4
148.ps1,ASCII_Encoding,1,10206,1,10205.0,10205,0,3,5,5,4,4,1,1,0,2320,2,2,0,0,0,0,1,0,1,0,3,2,0,0,0,0,0,0,0,0,0,0,0,0,0,0,0,0,0,0,0,0,0,0,0,0,0,0,0,0,0,0,0,0,0,0,0,0,0,0,0,0,0,0,0,0,0,0,0,0,0,0,0,0,0,0,0,0,0,0,0,0,0,0,0,0,0,0,0,0,0,0,0,4,2,0,7,3,1,3,1,1,5
1485.ps1,ASCII_Encoding,1,9745,1,9744.0,9744,0,1,5,5,4,4,0,0,2,2232,1,1,0,0,0,0,0,0,0,0,1,3,0,0,0,0,0,0,0,0,0,0,0,0,0,0,0,0,0,0,0,0,0,0,0,0,0,0,0,0,0,0,0,0,0,0,0,0,0,0,0,0,0,0,0,0,0,0,0,0,0,0,0,0,0,0,0,0,0,0,0,0,0,0,0,0,0,0,0,0,0,0,0,2,1,2,4,5,1,1,1,2,3
1483.ps1,ASCII_Encoding,1,9761,1,9760.0,9760,0,1,5,5,3,3,1,1,0,2231,0,1,0,0,0,0,0,0,0,0,1,1,0,0,0,0,0,0,0,0,0,0,0,0,0,0,0,0,0,0,0,0,0,0,0,0,0,0,0,0,0,0,0,0,0,0,0,0,0,0,0,0,0,0,0,0,0,0,0,0,0,0,0,0,0,0,0,0,0,0,0,0,0,1,0,0,0,0,0,0,0,0,0,1,2,1,6,4,2,1,1,1,4
1488.ps1,ASCII_Encoding,1,9768,1,9767.0,9767,0,1,3,3,2,2,1,1,0,2230,0,1,0,0,0,0,0,0,0,0,1,0,0,0,0,0,0,0,0,0,0,0,0,0,0,0,0,0,0,0,0,0,0,0,0,0,0,0,0,0,0,0,0,0,0,0,0,0,0,0,0,0,0,0,0,0,0,0,0,0,0,0,0,0,0,0,0,0,0,0,0,0,0,1,0,0,0,0,0,0,0,0,0,0,2,0,5,2,0,1,2,1,3
1487.ps1,ASCII_Encoding,1,8896,1,8895.0,8895,0,2,4,4,3,3,1,1,2,2,0,4,0,0,0,282,0,0,274,0,2,3,0,0,0,0,0,0,0,0,0,0,0,0,0,0,0,0,0,0,0,0,0,0,0,0,0,0,0,1,0,0,0,0,0,0,0,0,0,0,0,0,0,0,0,0,0,0,0,0,0,0,0,0,0,0,0,0,0,0,0,0,0,0,0,0,0,0,0,0,0,0,0,2,2,1,5,5,1,2,1,1,3
1495.ps1,ASCII_Encoding,1,7737,1,7736.0,7736,0,4,6,6,5,5,1,199,1,1,3,13,0,0,0,0,0,0,233,0,2,19,0,0,0,0,0,0,0,0,0,0,0,0,0,0,0,0,0,0,0,0,0,0,0,0,0,0,0,1,0,0,0,0,0,0,0,0,0,0,0,0,0,0,0,0,0,0,0,0,0,0,0,0,0,0,0,0,0,0,0,0,0,0,0,0,0,0,0,0,0,0,0,14,4,0,8,20,0,2,4,1,4
1498.ps1,ASCII_Encoding,1,9118,1,9117.0,9117,0,3,3,3,4,4,1,261,1,0,2,285,0,0,0,0,271,0,0,0,3,13,0,0,0,0,0,0,0,0,0,0,0,0,0,0,0,0,0,0,0,0,0,0,0,0,0,0,0,1,0,0,0,0,0,0,0,0,0,0,0,0,0,0,0,0,0,0,0,0,0,0,0,0,0,0,0,0,0,0,0,0,0,0,0,0,0,0,0,0,0,0,0,14,2,0,5,14,1,3,1,0,3
1505.ps1,ASCII_Encoding,1,7726,1,7725.0,7725,0,2,4,4,3,3,1,228,0,2,0,14,0,0,0,0,0,0,1,0,2,13,0,0,0,0,0,0,0,0,0,0,0,0,0,0,0,0,0,0,0,0,0,0,0,0,0,0,0,1,0,0,0,0,0,0,0,0,0,0,0,0,0,0,0,0,0,0,0,0,0,0,0,0,0,0,0,0,0,0,0,0,0,0,0,0,0,0,0,0,0,0,0,13,2,0,6,14,1,2,1,1,4
1492.ps1,ASCII_Encoding,1,7652,1,7651.0,7651,0,4,7,7,4,4,193,260,1,2,2,3,0,0,0,0,1,0,1,0,2,9,0,0,0,0,0,0,0,0,0,0,0,0,0,0,0,0,0,0,0,0,0,0,0,0,0,0,0,0,0,0,0,0,0,0,0,0,0,0,0,0,0,0,0,0,0,0,0,0,0,0,0,0,0,0,0,0,0,0,0,0,0,0,0,0,0,0,0,0,0,0,0,3,4,1,8,11,0,2,3,1,4
1503.ps1,ASCII_Encoding,1,7991,1,7990.0,7990,0,2,4,4,3,3,1,242,1,2,0,13,0,0,0,0,1,0,0,0,2,12,0,0,0,0,0,0,0,0,0,0,0,0,0,0,0,0,0,0,0,0,0,0,0,0,0,0,0,0,0,0,0,0,0,0,0,0,0,0,0,0,0,0,0,0,0,0,0,0,0,0,0,0,0,0,0,0,0,0,0,0,0,0,0,0,0,0,0,0,0,0,0,12,2,0,6,13,1,2,1,1,4
1500.ps1,ASCII_Encoding,1,11555,1,11554.0,11554,0,3,5,5,4,4,0,0,1,2606,2,3,0,0,0,0,0,0,0,0,1,7,0,0,0,0,0,0,0,0,0,0,0,0,0,0,0,0,0,0,0,0,0,0,0,0,0,0,0,0,0,0,0,0,0,0,0,0,0,0,0,0,0,0,0,0,0,0,0,0,0,0,0,0,0,0,0,0,0,0,0,0,0,0,0,0,0,0,0,0,0,0,0,3,3,0,6,7,0,1,2,2,3
150.ps1,ASCII_Encoding,1,10211,1,10210.0,10210,0,1,4,4,3,3,0,0,1,2336,1,2,0,0,0,0,0,0,1,0,1,2,0,0,0,0,0,0,0,0,0,0,0,0,0,0,0,0,0,0,0,0,0,0,0,0,0,0,0,0,0,0,0,0,0,0,0,0,0,0,0,0,0,0,0,0,0,0,0,0,0,0,0,0,0,0,0,0,0,0,0,0,0,0,0,0,0,0,0,0,0,0,0,2,1,1,4,3,0,1,1,2,3
1511.ps1,ASCII_Encoding,1,9007,1,9006.0,9006,0,2,3,3,3,3,1,269,1,2,0,13,0,0,0,267,254,0,231,0,2,12,0,0,0,0,0,0,0,0,0,0,0,0,0,0,0,0,0,0,0,0,0,0,0,0,0,0,0,0,0,0,0,0,0,0,0,0,0,0,0,0,0,0,0,0,0,0,0,0,0,0,0,0,0,0,0,0,0,0,0,0,0,0,0,0,0,0,0,0,0,0,0,12,2,0,5,13,1,2,1,1,3
1512.ps1,ASCII_Encoding,1,8027,1,8026.0,8026,0,3,4,4,3,3,232,232,0,0,2,12,0,0,0,0,0,0,0,0,1,17,0,0,0,0,0,0,0,0,0,0,0,0,0,0,0,0,0,0,0,0,0,0,0,0,0,0,0,1,0,0,0,0,0,0,0,0,0,0,0,0,0,0,0,0,0,0,0,0,0,0,0,0,0,0,0,0,0,0,0,0,0,1,0,0,0,0,0,0,0,0,0,12,4,0,6,19,0,1,3,0,2
1522.ps1,ASCII_Encoding,1,10659,1,10658.0,10658,0,4,4,4,5,5,0,0,0,2445,4,1,0,0,0,0,0,0,1,0,2,7,0,0,0,0,0,0,0,0,0,0,0,0,0,0,0,0,0,0,0,0,0,0,0,0,0,0,0,0,0,0,0,0,0,0,0,0,0,0,0,0,0,0,0,0,0,0,0,0,0,0,0,0,0,0,0,0,0,0,0,0,0,0,0,0,0,0,0,0,0,0,0,4,3,0,5,7,0,2,2,1,2
152.ps1,ASCII_Encoding,1,458,1,457.0,457,0,2,4,4,3,3,9,1,0,2,0,13,0,0,0,0,1,0,1,0,2,12,0,0,0,0,0,0,0,0,0,0,0,0,0,0,0,0,0,0,0,0,0,0,0,0,0,0,0,0,0,0,0,0,0,0,0,0,0,0,0,0,0,0,0,0,0,0,0,0,0,0,0,0,0,0,0,0,0,0,0,0,0,0,0,0,0,0,0,0,0,0,0,12,2,0,6,13,1,2,1,1,4
1529.ps1,ASCII_Encoding,1,10287,1,10286.0,10286,0,4,4,4,5,5,0,0,0,2333,4,1,0,0,0,0,0,0,1,0,2,7,0,0,0,0,0,0,0,0,0,0,0,0,0,0,0,0,0,0,0,0,0,0,0,0,0,0,0,0,0,0,0,0,0,0,0,0,0,0,0,0,0,0,0,0,0,0,0,0,0,0,0,0,0,0,0,0,0,0,0,0,0,0,0,0,0,0,0,0,0,0,0,4,3,0,5,7,0,2,2,1,2
1507.ps1,ASCII_Encoding,1,10149,1,10148.0,10148,0,1,2,2,3,3,0,0,1,2322,0,2,0,0,0,0,0,0,0,0,1,2,0,0,0,0,0,0,0,0,0,0,0,0,0,0,0,0,0,0,0,0,0,0,0,0,0,0,0,0,0,0,0,0,0,0,0,0,0,0,0,0,0,0,0,0,0,0,0,0,0,0,0,0,0,0,0,0,0,0,0,0,0,0,0,0,0,0,0,0,0,0,0,2,1,0,3,2,0,1,1,2,2
1516.ps1,ASCII_Encoding,1,936,1,935.0,935,0,3,5,5,5,5,0,0,0,174,3,2,0,0,0,0,0,0,1,0,1,8,0,0,0,0,0,0,0,0,0,0,0,0,0,0,0,0,0,0,0,0,0,0,0,0,0,0,0,0,0,0,0,0,0,0,0,0,0,0,0,0,0,0,0,0,0,0,0,0,0,0,0,0,0,0,0,0,0,0,0,0,0,0,0,0,0,0,0,0,0,0,0,4,3,0,6,8,0,1,3,2,3
1520.ps1,ASCII_Encoding,1,8238,1,8237.0,8237,0,2,6,6,4,4,1,1,1,1,1,255,0,0,0,0,0,0,1,0,2,5,0,0,0,0,0,0,0,0,0,0,0,0,0,0,0,0,0,0,0,0,0,0,0,0,0,0,0,0,0,0,0,0,0,0,0,0,0,0,0,0,0,0,0,0,0,0,0,0,0,0,0,0,0,0,0,0,0,0,0,0,0,0,0,0,0,0,0,0,0,0,0,4,2,1,7,7,1,2,2,1,5
1538.ps1,ASCII_Encoding,1,7979,1,7978.0,7978,0,3,8,8,4,4,196,1,3,2,2,3,2,0,0,0,0,0,0,0,1,10,0,0,0,0,0,0,0,0,0,0,0,0,0,0,0,0,0,0,0,0,0,0,0,0,0,0,0,0,0,0,0,0,0,0,0,0,0,0,0,0,0,0,0,0,0,0,0,0,0,0,0,0,0,0,0,0,0,0,0,0,0,0,0,0,0,0,0,0,0,0,0,4,5,1,9,14,1,1,2,1,5
1535.ps1,ASCII_Encoding,1,8381,1,8380.0,8380,0,3,4,4,4,4,1,1,0,0,2,13,0,0,0,0,0,0,1,0,3,13,0,0,0,0,0,0,0,0,0,0,0,0,0,0,0,0,0,0,0,0,0,0,0,0,0,0,0,1,0,0,0,0,0,0,0,0,0,0,0,0,0,0,0,0,0,0,0,0,0,0,0,0,0,0,0,0,0,0,0,0,0,0,0,0,0,0,0,0,0,0,0,14,2,0,6,14,1,3,1,0,4
1541.ps1,ASCII_Encoding,1,8351,1,8350.0,8350,0,1,3,3,2,2,1,1,0,249,0,12,0,0,0,231,1,0,0,0,1,12,0,0,0,0,0,0,0,0,0,0,0,0,0,0,0,0,0,0,0,0,0,0,0,0,0,0,0,0,0,0,0,0,0,0,0,0,0,0,0,0,0,0,0,0,0,0,0,0,0,0,0,0,0,0,0,0,0,0,0,0,1,0,0,0,0,0,0,0,0,0,0,11,2,0,5,14,0,1,2,0,3
1508.ps1,ASCII_Encoding,1,9942,1,9941.0,9941,0,0,2,2,3,3,0,0,0,2276,0,1,0,0,0,0,0,0,0,0,0,1,0,0,0,0,0,0,0,0,0,0,0,0,0,0,0,0,0,0,0,0,0,0,0,0,0,0,0,0,0,0,0,0,0,0,0,0,0,0,0,0,0,0,0,0,0,0,0,0,0,0,0,0,0,0,0,0,0,0,0,0,1,0,0,0,0,0,0,0,0,0,0,0,1,1,2,3,1,0,1,1,1
1539.ps1,ASCII_Encoding,1,9836,1,9835.0,9835,0,5,6,6,5,5,1,1,0,2230,4,2,0,0,0,0,0,0,1,0,3,7,0,0,0,0,0,0,0,0,0,0,0,0,0,0,0,0,0,0,0,0,0,0,0,0,0,0,0,1,0,0,0,0,0,0,0,0,0,0,0,0,0,0,0,0,0,0,0,0,0,0,0,0,0,0,0,0,0,0,0,0,0,0,0,0,0,0,0,0,0,0,0,4,4,0,8,8,0,3,3,1,4
1543.ps1,ASCII_Encoding,1,9794,1,9793.0,9793,0,3,4,4,4,4,1,1,0,2230,2,2,0,0,0,0,0,0,1,0,3,1,0,0,0,0,0,0,0,0,0,0,0,0,0,0,0,0,0,0,0,0,0,0,0,0,0,0,0,0,0,0,0,0,0,0,0,0,0,0,0,0,0,0,0,0,0,0,0,0,0,0,0,0,0,0,0,0,0,0,0,0,0,0,0,0,0,0,0,0,0,0,0,3,2,0,6,2,1,3,1,1,4
1542.ps1,ASCII_Encoding,1,9736,1,9735.0,9735,0,0,1,1,2,2,0,0,0,2230,0,1,0,0,0,0,0,0,0,0,0,0,0,0,0,0,0,0,0,0,0,0,0,0,0,0,0,0,0,0,0,0,0,0,0,0,0,0,0,0,0,0,0,0,0,0,0,0,0,0,0,0,0,0,0,0,0,0,0,0,0,0,0,0,0,0,0,0,0,0,0,0,0,1,0,0,0,0,0,0,0,0,0,0,1,0,2,1,0,0,1,1,1
1556.ps1,ASCII_Encoding,1,7614,1,7613.0,7613,0,3,3,3,4,4,1,1,0,0,2,13,0,0,0,0,223,0,1,0,3,12,0,0,0,0,0,0,0,0,0,0,0,0,0,0,0,0,0,0,0,0,0,0,0,0,0,0,0,1,0,0,0,0,0,0,0,0,0,0,0,0,0,0,0,0,0,0,0,0,0,0,0,0,0,0,0,0,0,0,0,0,0,0,0,0,0,0,0,0,0,0,0,13,2,0,5,13,1,3,1,0,3
1555.ps1,ASCII_Encoding,1,11496,1,11495.0,11495,0,2,3,3,4,4,0,0,0,2609,2,1,0,0,0,0,0,0,1,0,2,2,0,0,0,0,0,0,0,0,0,0,0,0,0,0,0,0,0,0,0,0,0,0,0,0,0,0,0,0,0,0,0,0,0,0,0,0,0,0,0,0,0,0,0,0,0,0,0,0,0,0,0,0,0,0,0,0,0,0,0,0,0,0,0,0,0,0,0,0,0,0,0,3,1,0,4,2,0,2,1,1,3
1545.ps1,ASCII_Encoding,1,662,1,661.0,661,0,4,5,5,5,5,0,0,1,127,4,0,0,0,0,0,0,0,0,0,2,7,0,0,0,0,0,0,0,0,0,0,0,0,0,0,0,0,0,0,0,0,0,0,0,0,0,0,0,0,0,0,0,0,0,0,0,0,0,0,0,0,0,0,0,0,0,0,0,0,0,0,0,0,0,0,0,0,0,0,0,0,0,0,0,0,0,0,0,0,0,0,0,4,3,0,6,7,0,2,2,1,3
155.ps1,ASCII_Encoding,1,7985,1,7984.0,7984,0,2,3,3,3,3,1,1,1,215,0,12,0,0,0,225,0,0,0,0,2,12,0,0,0,0,0,0,0,0,0,0,0,0,0,0,0,0,0,0,0,0,0,0,0,0,0,0,0,0,0,0,0,0,0,0,0,0,0,0,0,0,0,0,0,0,0,0,0,0,0,0,0,0,0,0,0,0,0,0,0,0,0,0,0,0,0,0,0,0,0,0,0,11,2,0,5,13,0,2,2,1,3
1559.ps1,ASCII_Encoding,1,10753,1,10752.0,10752,0,1,4,4,3,3,0,0,2,2459,1,2,0,0,0,0,0,0,0,0,1,3,0,0,0,0,0,0,0,0,0,0,0,0,0,0,0,0,0,0,0,0,0,0,0,0,0,0,0,0,0,0,0,0,0,0,0,0,0,0,0,0,0,0,0,0,0,0,0,0,0,0,0,0,0,0,0,0,0,0,0,0,0,0,0,0,0,0,0,0,0,0,0,3,1,1,4,4,0,1,1,2,3
1546.ps1,ASCII_Encoding,1,7662,1,7661.0,7661,0,3,3,3,4,4,1,1,1,215,2,13,0,0,0,0,0,0,0,0,3,12,0,0,0,0,0,0,0,0,0,0,0,0,0,0,0,0,0,0,0,0,0,0,0,0,0,0,0,1,0,0,0,0,0,0,0,0,0,0,0,0,0,0,0,0,0,0,0,0,0,0,0,0,0,0,0,0,0,0,0,0,0,0,0,0,0,0,0,0,0,0,0,13,2,0,5,13,1,3,1,0,3
1564.ps1,ASCII_Encoding,1,9892,1,9891.0,9891,0,1,2,2,3,3,0,0,0,2245,0,2,0,0,0,0,0,0,1,0,1,2,0,0,0,0,0,0,0,0,0,0,0,0,0,0,0,0,0,0,0,0,0,0,0,0,0,0,0,0,0,0,0,0,0,0,0,0,0,0,0,0,0,0,0,0,0,0,0,0,0,0,0,0,0,0,0,0,0,0,0,0,0,0,0,0,0,0,0,0,0,0,0,2,1,0,3,2,0,1,1,2,2
1568.ps1,ASCII_Encoding,1,7940,1,7939.0,7939,0,1,6,6,3,3,1,1,2,2,0,3,2,0,0,0,0,0,1,0,1,4,0,0,0,0,0,0,0,0,0,0,0,0,0,0,0,0,0,0,0,0,0,0,0,0,0,0,0,0,0,0,0,0,0,0,0,0,0,0,0,0,0,0,0,0,0,0,0,0,0,0,0,0,0,0,0,0,0,0,0,0,0,0,0,0,0,0,0,0,0,0,0,2,3,1,7,8,1,1,1,1,5
157.ps1,ASCII_Encoding,1,10228,1,10227.0,10227,0,2,4,4,5,5,0,0,1,2331,2,0,0,0,0,0,0,0,0,0,2,2,0,0,0,0,0,0,0,0,0,0,0,0,0,0,0,0,0,0,0,0,0,0,0,0,0,0,0,0,0,0,0,0,0,0,0,0,0,0,0,0,0,0,0,0,0,0,0,0,0,0,0,0,0,0,0,0,0,0,0,0,0,0,0,0,0,0,0,0,0,0,0,2,1,1,4,3,1,2,1,1,3
1578.ps1,ASCII_Encoding,1,10235,1,10234.0,10234,0,4,4,4,5,5,0,0,1,2320,4,1,0,0,0,0,0,0,0,0,2,7,0,0,0,0,0,0,0,0,0,0,0,0,0,0,0,0,0,0,0,0,0,0,0,0,0,0,0,0,0,0,0,0,0,0,0,0,0,0,0,0,0,0,0,0,0,0,0,0,0,0,0,0,0,0,0,0,0,0,0,0,0,0,0,0,0,0,0,0,0,0,0,4,3,0,5,7,0,2,2,1,2
1593.ps1,ASCII_Encoding,1,7660,1,7659.0,7659,0,3,4,4,4,4,219,1,1,213,2,12,0,0,0,0,204,0,0,0,3,13,0,0,0,0,0,0,0,0,0,0,0,0,0,0,0,0,0,0,0,0,0,0,0,0,0,0,0,0,0,0,0,0,0,0,0,0,0,0,0,0,0,0,0,0,0,0,0,0,0,0,0,0,0,0,0,0,0,0,0,0,0,0,0,0,0,0,0,0,0,0,0,14,2,0,6,14,1,3,1,0,4
1575.ps1,ASCII_Encoding,1,7986,1,7985.0,7985,0,3,4,4,5,5,1,1,1,231,2,10,0,0,0,0,0,0,0,0,3,13,0,0,0,0,0,0,0,0,0,0,0,0,0,0,0,0,0,0,0,0,0,0,0,0,0,0,0,0,0,0,0,0,0,0,0,0,0,0,0,0,0,0,0,0,0,0,0,0,0,0,0,0,0,0,0,0,0,0,0,0,0,0,0,0,0,0,0,0,0,0,0,12,2,1,5,15,1,3,2,0,3
1572.ps1,ASCII_Encoding,1,7957,1,7956.0,7956,0,2,6,6,4,4,1,1,1,259,0,2,0,0,0,255,218,0,1,0,2,4,0,0,0,0,0,0,0,0,0,0,0,0,0,0,0,0,0,0,0,0,0,0,0,0,0,0,0,0,0,0,0,0,0,0,0,0,0,0,0,0,0,0,0,0,0,0,0,0,0,0,0,0,0,0,0,0,0,0,0,0,0,0,0,0,0,0,0,0,0,0,0,2,2,2,6,7,2,2,1,1,4
1587.ps1,ASCII_Encoding,1,7958,1,7957.0,7957,0,3,5,5,5,5,1,1,2,219,2,0,0,0,0,0,1,0,0,0,3,4,0,0,0,0,0,0,0,0,0,0,0,0,0,0,0,0,0,0,0,0,0,0,0,0,0,0,0,0,0,0,0,0,0,0,0,0,0,0,0,0,0,0,0,0,0,0,0,0,0,0,0,0,0,0,0,0,0,0,0,0,0,0,0,0,0,0,0,0,0,0,0,2,2,2,5,7,1,3,2,0,3
1571.ps1,ASCII_Encoding,1,9779,1,9778.0,9778,0,1,4,4,5,5,0,0,0,2232,1,1,0,0,0,0,0,0,1,0,1,3,0,0,0,0,0,0,0,0,0,0,0,0,0,0,0,0,0,0,0,0,0,0,0,0,0,0,0,0,0,0,0,0,0,0,0,0,0,0,0,0,0,0,0,0,0,0,0,0,0,0,0,0,0,0,0,0,0,0,0,0,0,0,0,0,0,0,0,0,0,0,0,2,1,1,4,4,1,1,2,2,3
1580.ps1,ASCII_Encoding,1,10290,1,10289.0,10289,0,2,5,5,3,3,1,1,0,2322,0,4,0,0,0,0,0,0,1,0,2,2,0,0,0,0,0,0,0,0,0,0,0,0,0,0,0,0,0,0,0,0,0,0,0,0,0,0,0,1,0,0,0,0,0,0,0,0,0,0,0,0,0,0,0,0,0,0,0,0,0,0,0,0,0,0,0,0,0,0,0,0,0,0,0,0,0,0,0,0,0,0,0,3,2,0,7,3,1,2,1,2,5
1570.ps1,ASCII_Encoding,1,9879,1,9878.0,9878,0,0,2,2,2,2,0,0,0,2275,0,2,0,0,0,0,0,0,0,0,0,1,0,0,0,0,0,0,0,0,0,0,0,0,0,0,0,0,0,0,0,0,0,0,0,0,0,0,0,0,0,0,0,0,0,0,0,0,0,0,0,0,0,0,0,0,0,0,0,0,0,0,0,0,0,0,0,0,0,0,0,0,1,0,0,0,0,0,0,0,0,0,0,1,1,0,3,2,0,0,1,1,2
1581.ps1,ASCII_Encoding,1,7808,1,7807.0,7807,0,3,4,4,4,4,1,1,1,242,2,233,0,0,0,0,1,0,0,0,3,12,0,0,0,0,0,0,0,0,0,0,0,0,0,0,0,0,0,0,0,0,0,0,0,0,0,0,0,0,0,0,0,0,0,0,0,0,0,0,0,0,0,0,0,0,0,0,0,0,0,0,0,0,0,0,0,0,0,0,0,0,0,0,0,0,0,0,0,0,0,0,0,12,2,0,6,13,0,3,2,0,4
1577.ps1,ASCII_Encoding,1,7651,1,7650.0,7650,0,2,3,3,3,3,1,1,1,2,0,13,0,0,0,0,1,0,225,0,2,12,0,0,0,0,0,0,0,0,0,0,0,0,0,0,0,0,0,0,0,0,0,0,0,0,0,0,0,0,0,0,0,0,0,0,0,0,0,0,0,0,0,0,0,0,0,0,0,0,0,0,0,0,0,0,0,0,0,0,0,0,0,0,0,0,0,0,0,0,0,0,0,12,2,0,5,13,1,2,1,1,3
1603.ps1,ASCII_Encoding,1,10290,1,10289.0,10289,0,3,5,5,4,4,1,1,0,2332,2,2,0,0,0,0,0,0,1,0,3,2,0,0,0,0,0,0,0,0,0,0,0,0,0,0,0,0,0,0,0,0,0,0,0,0,0,0,0,1,0,0,0,0,0,0,0,0,0,0,0,0,0,0,0,0,0,0,0,0,0,0,0,0,0,0,0,0,0,0,0,0,0,0,0,0,0,0,0,0,0,0,0,3,2,0,7,3,0,3,2,1,5
1594.ps1,ASCII_Encoding,1,9822,1,9821.0,9821,0,2,6,6,4,4,0,0,2,2232,2,2,2,0,0,0,0,0,0,0,0,8,0,0,0,0,0,0,0,0,0,0,0,0,0,0,0,0,0,0,0,0,0,0,0,0,0,0,0,0,0,0,0,0,0,0,0,0,0,0,0,0,0,0,0,0,0,0,0,0,0,0,0,0,0,0,0,0,0,0,0,0,0,0,0,0,0,0,0,0,0,0,0,3,4,0,7,10,0,0,2,2,4
1600.ps1,ASCII_Encoding,1,7653,1,7652.0,7652,0,2,5,5,3,3,1,1,3,1,1,4,0,0,0,221,229,0,0,0,2,5,0,0,0,0,0,0,0,0,0,0,0,0,0,0,0,0,0,0,0,0,0,0,0,0,0,0,0,1,0,0,0,0,0,0,0,0,0,0,0,0,0,0,0,0,0,0,0,0,0,0,0,0,0,0,0,0,0,0,0,0,0,0,0,0,0,0,0,0,0,0,0,4,2,2,5,8,1,2,1,1,3
1601.ps1,ASCII_Encoding,1,7936,1,7935.0,7935,0,3,5,5,5,5,1,1,1,243,2,244,0,0,0,0,1,0,1,0,3,4,0,0,0,0,0,0,0,0,0,0,0,0,0,0,0,0,0,0,0,0,0,0,0,0,0,0,0,0,0,0,0,0,0,0,0,0,0,0,0,0,0,0,0,0,0,0,0,0,0,0,0,0,0,0,0,0,0,0,0,0,0,0,0,0,0,0,0,0,0,0,0,2,2,2,5,7,1,3,2,0,3
1584.ps1,ASCII_Encoding,1,835,1,834.0,834,0,2,4,4,3,3,1,1,0,2,0,12,0,0,0,13,1,0,1,0,2,13,0,0,0,0,0,0,0,0,0,0,0,0,0,0,0,0,0,0,0,0,0,0,0,0,0,0,0,0,0,0,0,0,0,0,0,0,0,0,0,0,0,0,0,0,0,0,0,0,0,0,0,0,0,0,0,0,0,0,0,0,0,0,0,0,0,0,0,0,0,0,0,12,2,0,6,14,0,2,2,1,4
1597.ps1,ASCII_Encoding,1,1216,1,1215.0,1215,0,1,6,6,3,3,1,1,1,242,0,4,2,0,0,0,0,0,1,0,1,2,0,0,0,0,0,0,0,0,0,0,0,0,0,0,0,0,0,0,0,0,0,0,0,0,0,0,0,1,0,0,0,0,0,0,0,0,0,0,0,0,0,0,0,0,0,0,0,0,0,0,0,0,0,0,0,0,0,0,0,0,0,0,0,0,0,0,0,0,0,0,0,2,3,0,8,5,1,1,1,2,6
1620.ps1,ASCII_Encoding,1,10129,1,10128.0,10128,0,2,3,3,4,4,0,0,1,2320,2,1,0,0,0,0,0,0,0,0,2,2,0,0,0,0,0,0,0,0,0,0,0,0,0,0,0,0,0,0,0,0,0,0,0,0,0,0,0,0,0,0,0,0,0,0,0,0,0,0,0,0,0,0,0,0,0,0,0,0,0,0,0,0,0,0,0,0,0,0,0,0,0,0,0,0,0,0,0,0,0,0,0,3,1,0,4,2,0,2,1,1,3
1612.ps1,ASCII_Encoding,1,10243,1,10242.0,10242,0,3,6,6,5,5,1,1,1,2334,2,1,0,0,0,0,0,0,0,0,3,2,0,0,0,0,0,0,0,0,0,0,0,0,0,0,0,0,0,0,0,0,0,0,0,0,0,0,0,0,0,0,0,0,0,0,0,0,0,0,0,0,0,0,0,0,0,0,0,0,0,0,0,0,0,0,0,0,0,0,0,0,0,0,0,0,0,0,0,0,0,0,0,3,2,1,7,4,2,3,1,1,5
161.ps1,ASCII_Encoding,1,10055,1,10054.0,10054,0,2,5,5,3,3,1,1,1,2277,0,2,0,0,0,0,0,0,0,0,2,2,0,0,0,0,0,0,0,0,0,0,0,0,0,0,0,0,0,0,0,0,0,0,0,0,0,0,0,0,0,0,0,0,0,0,0,0,0,0,0,0,0,0,0,0,0,0,0,0,0,0,0,0,0,0,0,0,0,0,0,0,0,0,0,0,0,0,0,0,0,0,0,2,2,0,7,3,0,2,2,2,5
1617.ps1,ASCII_Encoding,1,7681,1,7680.0,7680,0,1,2,2,2,2,1,1,0,210,0,13,0,0,0,0,0,0,0,0,1,11,0,0,0,0,0,0,0,0,0,0,0,0,0,0,0,0,0,0,0,0,0,0,0,0,0,0,0,0,0,0,0,0,0,0,0,0,0,0,0,0,0,0,0,0,0,0,0,0,0,0,0,0,0,0,0,0,0,0,0,0,1,0,0,0,0,0,0,0,0,0,0,11,2,0,4,13,1,1,1,0,2
1621.ps1,ASCII_Encoding,1,10188,1,10187.0,10187,0,2,6,6,4,4,1,1,1,2323,0,2,0,0,0,0,1,0,0,0,2,2,0,0,0,0,0,0,0,0,0,0,0,0,0,0,0,0,0,0,0,0,0,0,0,0,0,0,0,0,0,0,0,0,0,0,0,0,0,0,0,0,0,0,0,0,0,0,0,0,0,0,0,0,0,0,0,0,0,0,0,0,0,0,0,0,0,0,0,0,0,0,0,2,2,1,7,4,2,2,1,2,5
163.ps1,ASCII_Encoding,1,9187,1,9186.0,9186,0,3,5,5,4,4,1,261,1,0,2,1,0,0,0,0,1,0,1,0,3,4,0,0,0,0,0,0,0,0,0,0,0,0,0,0,0,0,0,0,0,0,0,0,0,0,0,0,0,0,0,0,0,0,0,0,0,0,0,0,0,0,0,0,0,0,0,0,0,0,0,0,0,0,0,0,0,0,0,0,0,0,0,0,0,0,0,0,0,0,0,0,0,3,2,1,6,6,0,3,2,0,4
1623.ps1,ASCII_Encoding,1,9808,1,9807.0,9807,0,2,6,6,4,4,1,1,1,2217,1,3,0,0,0,0,0,0,1,0,2,3,0,0,0,0,0,0,0,0,0,0,0,0,0,0,0,0,0,0,0,0,0,0,0,0,0,0,0,1,0,0,0,0,0,0,0,0,0,0,0,0,0,0,0,0,0,0,0,0,0,0,0,0,0,0,0,0,0,0,0,0,0,0,0,0,0,0,0,0,0,0,0,3,2,2,6,6,2,2,1,2,4
1611.ps1,ASCII_Encoding,1,650,1,649.0,649,0,2,6,6,3,3,1,20,3,24,1,3,0,0,0,0,0,0,0,0,2,4,0,0,0,0,0,0,0,0,0,0,0,0,0,0,0,0,0,0,0,0,0,0,0,0,0,0,0,1,0,0,0,0,0,0,0,0,0,0,0,0,0,0,0,0,0,0,0,0,0,0,0,0,0,0,0,0,0,0,0,0,0,0,0,0,0,0,0,0,0,0,0,2,2,2,6,7,0,2,2,1,4
1624.ps1,ASCII_Encoding,1,9796,1,9795.0,9795,0,2,4,4,5,5,0,0,0,2231,2,0,0,0,0,0,0,0,1,0,2,2,0,0,0,0,0,0,0,0,0,0,0,0,0,0,0,0,0,0,0,0,0,0,0,0,0,0,0,0,0,0,0,0,0,0,0,0,0,0,0,0,0,0,0,0,0,0,0,0,0,0,0,0,0,0,0,0,0,0,0,0,0,0,0,0,0,0,0,0,0,0,0,2,1,1,4,3,1,2,1,1,3
165.ps1,ASCII_Encoding,1,7554,1,7553.0,7553,0,1,3,3,2,2,1,1,1,0,0,2,0,0,0,0,0,0,0,0,1,2,0,0,0,0,0,0,0,0,0,0,0,0,0,0,0,0,0,0,0,0,0,0,0,0,0,0,0,0,0,0,0,0,0,0,0,0,0,0,0,0,0,0,0,0,0,0,0,0,0,0,0,0,0,0,0,0,0,0,0,0,0,1,0,0,0,0,0,0,0,0,0,1,2,1,4,5,1,1,1,0,2
1632.ps1,ASCII_Encoding,1,10205,1,10204.0,10204,0,3,5,5,4,4,1,1,1,2320,2,2,0,0,0,0,0,0,0,0,3,2,0,0,0,0,0,0,0,0,0,0,0,0,0,0,0,0,0,0,0,0,0,0,0,0,0,0,0,0,0,0,0,0,0,0,0,0,0,0,0,0,0,0,0,0,0,0,0,0,0,0,0,0,0,0,0,0,0,0,0,0,0,0,0,0,0,0,0,0,0,0,0,4,2,0,7,3,1,3,1,1,5
1638.ps1,ASCII_Encoding,1,7789,1,7788.0,7788,0,1,2,2,2,2,1,1,0,0,0,13,0,0,0,0,231,0,0,0,1,12,0,0,0,0,0,0,0,0,0,0,0,0,0,0,0,0,0,0,0,0,0,0,0,0,0,0,0,0,0,0,0,0,0,0,0,0,0,0,0,0,0,0,0,0,0,0,0,0,0,0,0,0,0,0,0,0,0,0,0,0,1,0,0,0,0,0,0,0,0,0,0,12,2,0,4,14,1,1,1,0,2
1639.ps1,ASCII_Encoding,1,8384,1,8383.0,8383,0,1,4,4,3,3,266,1,2,2,0,13,2,0,0,0,0,0,0,0,1,14,0,0,0,0,0,0,0,0,0,0,0,0,0,0,0,0,0,0,0,0,0,0,0,0,0,0,0,0,0,0,0,0,0,0,0,0,0,0,0,0,0,0,0,0,0,0,0,0,0,0,0,0,0,0,0,0,0,0,0,0,0,0,0,0,0,0,0,0,0,0,0,13,3,0,6,17,1,1,1,1,4
1626.ps1,ASCII_Encoding,1,10689,1,10688.0,10688,0,1,5,5,3,3,1,1,2,2447,0,4,2,0,0,0,0,0,0,0,1,3,0,0,0,0,0,0,0,0,0,0,0,0,0,0,0,0,0,0,0,0,0,0,0,0,0,0,0,1,0,0,0,0,0,0,0,0,0,0,0,0,0,0,0,0,0,0,0,0,0,0,0,0,0,0,0,0,0,0,0,0,0,0,0,0,0,0,0,0,0,0,0,3,3,0,7,6,1,1,1,2,5
1655.ps1,ASCII_Encoding,1,10088,1,10087.0,10087,0,2,3,3,4,4,0,0,1,2300,2,1,0,0,0,0,0,0,0,0,2,2,0,0,0,0,0,0,0,0,0,0,0,0,0,0,0,0,0,0,0,0,0,0,0,0,0,0,0,0,0,0,0,0,0,0,0,0,0,0,0,0,0,0,0,0,0,0,0,0,0,0,0,0,0,0,0,0,0,0,0,0,0,0,0,0,0,0,0,0,0,0,0,3,1,0,4,2,0,2,1,1,3
1618.ps1,ASCII_Encoding,1,8037,1,8036.0,8036,0,3,4,4,3,3,1,235,0,0,2,11,0,0,0,0,0,0,0,0,1,17,0,0,0,0,0,0,0,0,0,0,0,0,0,0,0,0,0,0,0,0,0,0,0,0,0,0,0,0,0,0,0,0,0,0,0,0,0,0,0,0,0,0,0,0,0,0,0,0,0,0,0,0,0,0,0,0,0,0,0,0,0,1,0,0,0,0,0,0,0,0,0,12,4,0,6,19,0,1,3,0,2
1642.ps1,ASCII_Encoding,1,9805,1,9804.0,9804,0,4,5,5,5,5,0,0,0,2230,4,1,0,0,0,0,0,0,1,0,2,7,0,0,0,0,0,0,0,0,0,0,0,0,0,0,0,0,0,0,0,0,0,0,0,0,0,0,0,0,0,0,0,0,0,0,0,0,0,0,0,0,0,0,0,0,0,0,0,0,0,0,0,0,0,0,0,0,0,0,0,0,0,0,0,0,0,0,0,0,0,0,0,4,3,0,6,7,0,2,2,1,3
166.ps1,ASCII_Encoding,1,10057,1,10056.0,10056,0,3,6,6,5,5,1,1,1,2276,2,1,0,0,0,0,0,0,0,0,3,2,0,0,0,0,0,0,0,0,0,0,0,0,0,0,0,0,0,0,0,0,0,0,0,0,0,0,0,0,0,0,0,0,0,0,0,0,0,0,0,0,0,0,0,0,0,0,0,0,0,0,0,0,0,0,0,0,0,0,0,0,0,0,0,0,0,0,0,0,0,0,0,3,2,1,7,4,2,3,1,1,5
1654.ps1,ASCII_Encoding,1,9839,1,9838.0,9838,0,2,2,2,4,4,0,0,0,2240,2,1,0,0,0,0,0,0,1,0,2,1,0,0,0,0,0,0,0,0,0,0,0,0,0,0,0,0,0,0,0,0,0,0,0,0,0,0,0,0,0,0,0,0,0,0,0,0,0,0,0,0,0,0,0,0,0,0,0,0,0,0,0,0,0,0,0,0,0,0,0,0,0,0,0,0,0,0,0,0,0,0,0,2,1,0,3,1,0,2,1,1,2
1640.ps1,ASCII_Encoding,1,10379,1,10378.0,10378,0,4,7,7,4,4,1,1,0,2337,2,4,0,0,0,0,0,0,1,0,2,7,0,0,0,0,0,0,0,0,0,0,0,0,0,0,0,0,0,0,0,0,0,0,0,0,0,0,0,1,0,0,0,0,0,0,0,0,0,0,0,0,0,0,0,0,0,0,0,0,0,0,0,0,0,0,0,0,0,0,0,0,0,0,0,0,0,0,0,0,0,0,0,4,4,0,9,8,1,2,2,2,5
1650.ps1,ASCII_Encoding,1,11013,1,11012.0,11012,0,1,5,5,3,3,1,1,1,2482,0,3,2,0,0,0,0,0,1,0,1,3,0,0,0,0,0,0,0,0,0,0,0,0,0,0,0,0,0,0,0,0,0,0,0,0,0,0,0,0,0,0,0,0,0,0,0,0,0,0,0,0,0,0,0,0,0,0,0,0,0,0,0,0,0,0,0,0,0,0,0,0,0,0,0,0,0,0,0,0,0,0,0,3,3,0,7,6,1,1,1,2,5
1659.ps1,ASCII_Encoding,1,11439,1,11438.0,11438,0,1,4,4,4,4,0,0,0,2600,1,2,0,0,0,0,0,0,1,0,1,3,0,0,0,0,0,0,0,0,0,0,0,0,0,0,0,0,0,0,0,0,0,0,0,0,0,0,0,0,0,0,0,0,0,0,0,0,0,0,0,0,0,0,0,0,0,0,0,0,0,0,0,0,0,0,0,0,0,0,0,0,0,0,0,0,0,0,0,0,0,0,0,3,1,0,5,3,0,1,2,2,4
1660.ps1,ASCII_Encoding,1,10350,1,10349.0,10349,0,2,3,3,5,5,0,0,1,2314,2,0,0,0,0,0,0,0,0,0,2,2,0,0,0,0,0,0,0,0,0,0,0,0,0,0,0,0,0,0,0,0,0,0,0,0,0,0,0,0,0,0,0,0,0,0,0,0,0,0,0,0,0,0,0,0,0,0,0,0,0,0,0,0,0,0,0,0,0,0,0,0,0,0,0,0,0,0,0,0,0,0,0,2,1,1,3,3,1,2,1,1,2
1657.ps1,ASCII_Encoding,1,11770,1,11769.0,11769,0,0,4,4,4,4,0,0,2,2683,0,1,2,0,0,0,0,0,0,0,0,3,0,0,0,0,0,0,0,0,0,0,0,0,0,0,0,0,0,0,0,0,0,0,0,0,0,0,0,0,0,0,0,0,0,0,0,0,0,0,0,0,0,0,0,0,0,0,0,0,0,0,0,0,0,0,0,0,0,0,0,0,0,0,0,0,0,0,0,0,0,0,0,1,2,1,4,6,1,0,1,2,3
1663.ps1,ASCII_Encoding,1,7644,1,7643.0,7643,0,3,5,5,3,3,249,1,1,0,2,1,0,0,0,215,0,0,225,0,1,8,0,0,0,0,0,0,0,0,0,0,0,0,0,0,0,0,0,0,0,0,0,0,0,0,0,0,0,0,0,0,0,0,0,0,0,0,0,0,0,0,0,0,0,0,0,0,0,0,0,0,0,0,0,0,0,0,0,0,0,0,0,1,0,0,0,0,0,0,0,0,0,2,4,1,6,11,0,1,3,0,2
1662.ps1,ASCII_Encoding,1,702,1,701.0,701,0,1,7,7,4,4,1,1,2,133,0,4,2,0,0,0,0,0,0,0,1,3,0,0,0,0,0,0,0,0,0,0,0,0,0,0,0,0,0,0,0,0,0,0,0,0,0,0,0,1,0,0,0,0,0,0,0,0,0,0,0,0,0,0,0,0,0,0,0,0,0,0,0,0,0,0,0,0,0,0,0,0,0,0,0,0,0,0,0,0,0,0,0,2,3,1,8,7,2,1,1,2,6
1664.ps1,ASCII_Encoding,1,10263,1,10262.0,10262,0,1,3,3,3,3,0,0,1,2336,1,2,0,0,0,0,0,0,1,0,1,3,0,0,0,0,0,0,0,0,0,0,0,0,0,0,0,0,0,0,0,0,0,0,0,0,0,0,0,0,0,0,0,0,0,0,0,0,0,0,0,0,0,0,0,0,0,0,0,0,0,0,0,0,0,0,0,0,0,0,0,0,0,0,0,0,0,0,0,0,0,0,0,3,1,1,3,4,0,1,1,2,2
1679.ps1,ASCII_Encoding,1,10246,1,10245.0,10245,0,3,5,5,5,5,1,1,1,2334,2,1,0,0,0,0,0,0,0,0,3,2,0,0,0,0,0,0,0,0,0,0,0,0,0,0,0,0,0,0,0,0,0,0,0,0,0,0,0,1,0,0,0,0,0,0,0,0,0,0,0,0,0,0,0,0,0,0,0,0,0,0,0,0,0,0,0,0,0,0,0,0,0,0,0,0,0,0,0,0,0,0,0,2,2,1,6,4,1,3,2,1,4
168.ps1,ASCII_Encoding,1,2327,1,2326.0,2326,0,0,1,1,2,2,0,0,0,519,0,2,0,0,0,0,0,0,0,0,0,0,0,0,0,0,0,0,0,0,0,0,0,0,0,0,0,0,0,0,0,0,0,0,0,0,0,0,0,0,0,0,0,0,0,0,0,0,0,0,0,0,0,0,0,0,0,0,0,0,0,0,0,0,0,0,0,0,0,0,0,0,1,0,0,0,0,0,0,0,0,0,0,0,1,0,2,1,0,0,1,1,1
1677.ps1,ASCII_Encoding,1,7562,1,7561.0,7561,0,1,3,3,2,2,1,1,1,214,0,2,0,0,0,0,1,0,0,0,1,2,0,0,0,0,0,0,0,0,0,0,0,0,0,0,0,0,0,0,0,0,0,0,0,0,0,0,0,0,0,0,0,0,0,0,0,0,0,0,0,0,0,0,0,0,0,0,0,0,0,0,0,0,0,0,0,0,0,0,0,0,1,0,0,0,0,0,0,0,0,0,0,0,2,1,4,5,0,1,2,0,2
1683.ps1,ASCII_Encoding,1,9602,1,9601.0,9601,0,2,5,5,3,3,1,1,0,2187,0,2,0,0,0,0,1,0,1,0,2,1,0,0,0,0,0,0,0,0,0,0,0,0,0,0,0,0,0,0,0,0,0,0,0,0,0,0,0,0,0,0,0,0,0,0,0,0,0,0,0,0,0,0,0,0,0,0,0,0,0,0,0,0,0,0,0,0,0,0,0,0,0,0,0,0,0,0,0,0,0,0,0,1,2,0,7,2,0,2,2,2,5
1685.ps1,ASCII_Encoding,1,8048,1,8047.0,8047,0,4,6,6,5,5,1,1,0,1,3,11,0,0,0,235,0,0,1,0,2,19,0,0,0,0,0,0,0,0,0,0,0,0,0,0,0,0,0,0,0,0,0,0,0,0,0,0,0,0,0,0,0,0,0,0,0,0,0,0,0,0,0,0,0,0,0,0,0,0,0,0,0,0,0,0,0,0,0,0,0,0,0,0,0,0,0,0,0,0,0,0,0,14,4,0,8,20,0,2,4,1,4
169.ps1,ASCII_Encoding,1,6719,1,6718.0,6718,0,5,7,7,5,5,1,1,1,1504,4,3,0,0,0,0,0,0,0,0,3,7,0,0,0,0,0,0,0,0,0,0,0,0,0,0,0,0,0,0,0,0,0,0,0,0,0,0,0,1,0,0,0,0,0,0,0,0,0,0,0,0,0,0,0,0,0,0,0,0,0,0,0,0,0,0,0,0,0,0,0,0,0,0,0,0,0,0,0,0,0,0,0,5,4,0,9,8,1,3,2,1,5
1693.ps1,ASCII_Encoding,1,718,1,717.0,717,0,3,4,4,4,4,1,1,0,140,2,2,0,0,0,0,1,0,1,0,3,1,0,0,0,0,0,0,0,0,0,0,0,0,0,0,0,0,0,0,0,0,0,0,0,0,0,0,0,0,0,0,0,0,0,0,0,0,0,0,0,0,0,0,0,0,0,0,0,0,0,0,0,0,0,0,0,0,0,0,0,0,0,0,0,0,0,0,0,0,0,0,0,3,2,0,6,2,1,3,1,1,4
1680.ps1,ASCII_Encoding,1,9762,1,9761.0,9761,0,2,5,5,4,4,0,0,1,2217,2,2,2,0,0,0,0,0,1,0,0,8,0,0,0,0,0,0,0,0,0,0,0,0,0,0,0,0,0,0,0,0,0,0,0,0,0,0,0,0,0,0,0,0,0,0,0,0,0,0,0,0,0,0,0,0,0,0,0,0,0,0,0,0,0,0,0,0,0,0,0,0,0,0,0,0,0,0,0,0,0,0,0,3,4,0,6,10,0,0,2,2,3
1686.ps1,ASCII_Encoding,1,8037,1,8036.0,8036,0,4,7,7,4,4,1,1,1,2,2,223,0,0,0,0,0,0,1,0,2,9,0,0,0,0,0,0,0,0,0,0,0,0,0,0,0,0,0,0,0,0,0,0,0,0,0,0,0,1,0,0,0,0,0,0,0,0,0,0,0,0,0,0,0,0,0,0,0,0,0,0,0,0,0,0,0,0,0,0,0,0,0,0,0,0,0,0,0,0,0,0,0,3,4,1,8,11,0,2,3,1,4
1698.ps1,ASCII_Encoding,1,7653,1,7652.0,7652,0,1,6,6,3,3,228,1,3,2,0,4,2,0,0,0,0,0,0,0,1,5,0,0,0,0,0,0,0,0,0,0,0,0,0,0,0,0,0,0,0,0,0,0,0,0,0,0,0,1,0,0,0,0,0,0,0,0,0,0,0,0,0,0,0,0,0,0,0,0,0,0,0,0,0,0,0,0,0,0,0,0,0,0,0,0,0,0,0,0,0,0,0,3,3,1,7,9,1,1,1,1,5
1712.ps1,ASCII_Encoding,1,10306,1,10305.0,10305,0,3,7,7,4,4,1,1,2,2335,2,5,2,0,0,0,0,0,0,0,1,8,0,0,0,0,0,0,0,0,0,0,0,0,0,0,0,0,0,0,0,0,0,0,0,0,0,0,0,0,0,0,0,0,0,0,0,0,0,0,0,0,0,0,0,0,0,0,0,0,0,0,0,0,0,0,0,0,0,0,0,0,0,0,0,0,0,0,0,0,0,0,0,4,5,0,9,11,1,1,2,2,5
1702.ps1,ASCII_Encoding,1,1837,1,1836.0,1836,0,2,5,5,3,3,1,47,2,1,1,12,0,0,0,0,0,0,46,0,2,13,0,0,0,0,0,0,0,0,0,0,0,0,0,0,0,0,0,0,0,0,0,0,0,0,0,0,0,0,0,0,0,0,0,0,0,0,0,0,0,0,0,0,0,0,0,0,0,0,0,0,0,0,0,0,0,0,0,0,0,0,0,0,0,0,0,0,0,0,0,0,0,12,2,1,6,15,0,2,2,1,4
17.ps1,ASCII_Encoding,1,7685,1,7684.0,7684,0,1,5,5,4,4,237,230,2,228,0,11,2,0,0,0,0,0,0,0,1,14,0,0,0,0,0,0,0,0,0,0,0,0,0,0,0,0,0,0,0,0,0,0,0,0,0,0,0,0,0,0,0,0,0,0,0,0,0,0,0,0,0,0,0,0,0,0,0,0,0,0,0,0,0,0,0,0,0,0,0,0,0,0,0,0,0,0,0,0,0,0,0,11,3,1,6,18,1,1,2,1,4
1694.ps1,ASCII_Encoding,1,7696,1,7695.0,7695,0,1,5,5,4,4,1,1,2,208,0,12,2,0,0,211,0,0,0,0,1,14,0,0,0,0,0,0,0,0,0,0,0,0,0,0,0,0,0,0,0,0,0,0,0,0,0,0,0,1,0,0,0,0,0,0,0,0,0,0,0,0,0,0,0,0,0,0,0,0,0,0,0,0,0,0,0,0,0,0,0,0,0,0,0,0,0,0,0,0,0,0,0,11,3,1,6,18,1,1,2,1,4
170.ps1,ASCII_Encoding,1,7628,1,7627.0,7627,0,3,5,5,4,4,209,1,1,0,2,249,0,0,0,0,1,0,1,0,3,3,0,0,0,0,0,0,0,0,0,0,0,0,0,0,0,0,0,0,0,0,0,0,0,0,0,0,0,0,0,0,0,0,0,0,0,0,0,0,0,0,0,0,0,0,0,0,0,0,0,0,0,0,0,0,0,0,0,0,0,0,0,0,0,0,0,0,0,0,0,0,0,3,2,1,6,5,1,3,1,0,4
172.ps1,ASCII_Encoding,1,8553,1,8552.0,8552,0,2,5,5,4,4,1,1,1,1,1,12,0,0,0,0,232,0,229,0,2,13,0,0,0,0,0,0,0,0,0,0,0,0,0,0,0,0,0,0,0,0,0,0,0,0,0,0,0,0,0,0,0,0,0,0,0,0,0,0,0,0,0,0,0,0,0,0,0,0,0,0,0,0,0,0,0,0,0,0,0,0,0,0,0,0,0,0,0,0,0,0,0,12,2,0,7,14,0,2,3,1,5
1713.ps1,ASCII_Encoding,1,7655,1,7654.0,7654,0,1,4,4,3,3,1,1,2,210,0,13,2,0,0,0,1,0,0,0,1,13,0,0,0,0,0,0,0,0,0,0,0,0,0,0,0,0,0,0,0,0,0,0,0,0,0,0,0,0,0,0,0,0,0,0,0,0,0,0,0,0,0,0,0,0,0,0,0,0,0,0,0,0,0,0,0,0,0,0,0,0,0,0,0,0,0,0,0,0,0,0,0,12,3,0,6,16,1,1,1,1,4
1700.ps1,ASCII_Encoding,1,7561,1,7560.0,7560,0,1,3,3,2,2,1,230,1,0,0,2,0,0,0,0,0,0,0,0,1,2,0,0,0,0,0,0,0,0,0,0,0,0,0,0,0,0,0,0,0,0,0,0,0,0,0,0,0,0,0,0,0,0,0,0,0,0,0,0,0,0,0,0,0,0,0,0,0,0,0,0,0,0,0,0,0,0,0,0,0,0,1,0,0,0,0,0,0,0,0,0,0,0,2,1,4,5,0,1,2,0,2
1718.ps1,ASCII_Encoding,1,10031,1,10030.0,10030,0,3,8,8,4,4,1,1,2,2277,2,2,2,0,0,0,1,0,0,0,1,8,0,0,0,0,0,0,0,0,0,0,0,0,0,0,0,0,0,0,0,0,0,0,0,0,0,0,0,0,0,0,0,0,0,0,0,0,0,0,0,0,0,0,0,0,0,0,0,0,0,0,0,0,0,0,0,0,0,0,0,0,0,0,0,0,0,0,0,0,0,0,0,4,5,0,10,11,1,1,2,2,6
1706.ps1,ASCII_Encoding,1,9916,1,9915.0,9915,0,1,3,3,2,2,1,1,0,2275,0,3,0,0,0,0,0,0,0,0,1,0,0,0,0,0,0,0,0,0,0,0,0,0,0,0,0,0,0,0,0,0,0,0,0,0,0,0,0,1,0,0,0,0,0,0,0,0,0,0,0,0,0,0,0,0,0,0,0,0,0,0,0,0,0,0,0,0,0,0,0,0,1,0,0,0,0,0,0,0,0,0,0,0,2,0,5,2,0,1,2,1,3
1720.ps1,ASCII_Encoding,1,10311,1,10310.0,10310,0,3,5,5,3,3,1,1,0,2332,2,1,0,0,0,0,0,0,0,0,1,6,0,0,0,0,0,0,0,0,0,0,0,0,0,0,0,0,0,0,0,0,0,0,0,0,0,0,0,0,0,0,0,0,0,0,0,0,0,0,0,0,0,0,0,0,0,0,0,0,0,0,0,0,0,0,0,0,0,0,0,0,0,1,0,0,0,0,0,0,0,0,0,2,4,0,7,8,0,1,3,1,3
1722.ps1,ASCII_Encoding,1,10365,1,10364.0,10364,0,2,5,5,3,3,1,1,1,2335,0,3,0,0,0,0,0,0,0,0,2,1,0,0,0,0,0,0,0,0,0,0,0,0,0,0,0,0,0,0,0,0,0,0,0,0,0,0,0,0,0,0,0,0,0,0,0,0,0,0,0,0,0,0,0,0,0,0,0,0,0,0,0,0,0,0,0,0,0,0,0,0,0,0,0,0,0,0,0,0,0,0,0,2,2,0,7,2,1,2,1,2,5
1721.ps1,ASCII_Encoding,1,9701,1,9700.0,9700,0,2,4,4,3,3,0,0,0,2199,2,2,0,0,0,0,0,0,0,0,0,6,0,0,0,0,0,0,0,0,0,0,0,0,0,0,0,0,0,0,0,0,0,0,0,0,0,0,0,0,0,0,0,0,0,0,0,0,0,0,0,0,0,0,0,0,0,0,0,0,0,0,0,0,0,0,0,0,0,0,0,0,1,0,0,0,0,0,0,0,0,0,0,2,3,0,5,7,0,0,2,1,2
1725.ps1,ASCII_Encoding,1,7669,1,7668.0,7668,0,2,4,4,4,4,1,1,0,3,0,12,0,0,0,0,1,0,1,0,2,13,0,0,0,0,0,0,0,0,0,0,0,0,0,0,0,0,0,0,0,0,0,0,0,0,0,0,0,0,0,0,0,0,0,0,0,0,0,0,0,0,0,0,0,0,0,0,0,0,0,0,0,0,0,0,0,0,0,0,0,0,0,0,0,0,0,0,0,0,0,0,0,12,2,1,5,15,2,2,1,1,3
1724.ps1,ASCII_Encoding,1,719,1,718.0,718,0,4,6,6,4,4,1,1,0,127,2,3,0,0,0,0,0,0,1,0,2,7,0,0,0,0,0,0,0,0,0,0,0,0,0,0,0,0,0,0,0,0,0,0,0,0,0,0,0,1,0,0,0,0,0,0,0,0,0,0,0,0,0,0,0,0,0,0,0,0,0,0,0,0,0,0,0,0,0,0,0,0,0,0,0,0,0,0,0,0,0,0,0,3,4,0,8,8,0,2,3,2,4
1735.ps1,ASCII_Encoding,1,8129,1,8128.0,8128,0,3,6,6,4,4,237,1,1,2,2,15,2,0,0,0,0,0,215,0,1,19,0,0,0,0,0,0,0,0,0,0,0,0,0,0,0,0,0,0,0,0,0,0,0,0,0,0,0,1,0,0,0,0,0,0,0,0,0,0,0,0,0,0,0,0,0,0,0,0,0,0,0,0,0,0,0,0,0,0,0,0,0,0,0,0,0,0,0,0,0,0,0,13,5,0,8,22,0,1,3,1,4
1729.ps1,ASCII_Encoding,1,9876,1,9875.0,9875,0,4,6,6,4,4,1,1,1,2232,2,4,0,0,0,0,0,0,0,0,2,7,0,0,0,0,0,0,0,0,0,0,0,0,0,0,0,0,0,0,0,0,0,0,0,0,0,0,0,1,0,0,0,0,0,0,0,0,0,0,0,0,0,0,0,0,0,0,0,0,0,0,0,0,0,0,0,0,0,0,0,0,0,0,0,0,0,0,0,0,0,0,0,4,4,0,8,8,1,2,2,2,4
173.ps1,ASCII_Encoding,1,8621,1,8620.0,8620,0,5,6,6,5,5,1,1,1,0,4,2,0,0,0,0,253,0,1,0,3,9,0,0,0,0,0,0,0,0,0,0,0,0,0,0,0,0,0,0,0,0,0,0,0,0,0,0,0,0,0,0,0,0,0,0,0,0,0,0,0,0,0,0,0,0,0,0,0,0,0,0,0,0,0,0,0,0,0,0,0,0,0,0,0,0,0,0,0,0,0,0,0,5,4,1,7,11,1,3,2,0,3
1736.ps1,ASCII_Encoding,1,7971,1,7970.0,7970,0,3,3,3,4,4,1,1,0,0,2,11,0,0,0,0,1,0,216,0,3,13,0,0,0,0,0,0,0,0,0,0,0,0,0,0,0,0,0,0,0,0,0,0,0,0,0,0,0,0,0,0,0,0,0,0,0,0,0,0,0,0,0,0,0,0,0,0,0,0,0,0,0,0,0,0,0,0,0,0,0,0,0,0,0,0,0,0,0,0,0,0,0,13,2,0,5,14,0,3,2,0,3
1728.ps1,ASCII_Encoding,1,2343,1,2342.0,2342,0,2,5,5,3,3,1,1,0,523,0,4,0,0,0,0,0,0,1,0,2,1,0,0,0,0,0,0,0,0,0,0,0,0,0,0,0,0,0,0,0,0,0,0,0,0,0,0,0,1,0,0,0,0,0,0,0,0,0,0,0,0,0,0,0,0,0,0,0,0,0,0,0,0,0,0,0,0,0,0,0,0,0,0,0,0,0,0,0,0,0,0,0,2,2,0,7,2,1,2,1,2,5
1738.ps1,ASCII_Encoding,1,1935,1,1934.0,1934,0,2,2,2,4,4,0,0,1,441,2,1,0,0,0,0,0,0,0,0,2,1,0,0,0,0,0,0,0,0,0,0,0,0,0,0,0,0,0,0,0,0,0,0,0,0,0,0,0,0,0,0,0,0,0,0,0,0,0,0,0,0,0,0,0,0,0,0,0,0,0,0,0,0,0,0,0,0,0,0,0,0,0,0,0,0,0,0,0,0,0,0,0,2,1,0,3,1,0,2,1,1,2
1740.ps1,ASCII_Encoding,1,7748,1,7747.0,7747,0,4,6,6,4,4,1,1,2,215,3,13,0,0,0,234,0,0,0,0,2,19,0,0,0,0,0,0,0,0,0,0,0,0,0,0,0,0,0,0,0,0,0,0,0,0,0,0,0,0,0,0,0,0,0,0,0,0,0,0,0,0,0,0,0,0,0,0,0,0,0,0,0,0,0,0,0,0,0,0,0,0,0,0,0,0,0,0,0,0,0,0,0,14,4,1,7,21,0,2,3,1,3
1748.ps1,ASCII_Encoding,1,8711,1,8710.0,8710,0,4,8,8,4,4,248,1,2,1,3,4,0,0,0,0,0,0,1,0,2,10,0,0,0,0,0,0,0,0,0,0,0,0,0,0,0,0,0,0,0,0,0,0,0,0,0,0,0,0,0,0,0,0,0,0,0,0,0,0,0,0,0,0,0,0,0,0,0,0,0,0,0,0,0,0,0,0,0,0,0,0,0,0,0,0,0,0,0,0,0,0,0,5,4,2,8,13,1,2,2,1,4
1737.ps1,ASCII_Encoding,1,10275,1,10274.0,10274,0,3,5,5,5,5,0,0,1,2331,3,1,0,0,0,0,0,0,0,0,1,8,0,0,0,0,0,0,0,0,0,0,0,0,0,0,0,0,0,0,0,0,0,0,0,0,0,0,0,0,0,0,0,0,0,0,0,0,0,0,0,0,0,0,0,0,0,0,0,0,0,0,0,0,0,0,0,0,0,0,0,0,0,0,0,0,0,0,0,0,0,0,0,4,3,0,6,8,0,1,3,2,3
1751.ps1,ASCII_Encoding,1,1572,1,1571.0,1571,0,1,6,6,4,4,1,1,2,50,0,2,2,0,0,0,56,0,1,0,1,5,0,0,0,0,0,0,0,0,0,0,0,0,0,0,0,0,0,0,0,0,0,0,0,0,0,0,0,0,0,0,0,0,0,0,0,0,0,0,0,0,0,0,0,0,0,0,0,0,0,0,0,0,0,0,0,0,0,0,0,0,0,0,0,0,0,0,0,0,0,0,0,2,3,2,6,10,2,1,1,1,4
1746.ps1,ASCII_Encoding,1,8321,1,8320.0,8320,0,2,6,6,4,4,1,1,1,240,0,3,0,0,0,240,0,0,1,0,2,4,0,0,0,0,0,0,0,0,0,0,0,0,0,0,0,0,0,0,0,0,0,0,0,0,0,0,0,1,0,0,0,0,0,0,0,0,0,0,0,0,0,0,0,0,0,0,0,0,0,0,0,0,0,0,0,0,0,0,0,0,0,0,0,0,0,0,0,0,0,0,0,2,2,2,6,7,2,2,1,1,4
1743.ps1,ASCII_Encoding,1,7584,1,7583.0,7583,0,2,4,4,3,3,1,213,2,2,0,3,0,0,0,0,0,0,244,0,2,4,0,0,0,0,0,0,0,0,0,0,0,0,0,0,0,0,0,0,0,0,0,0,0,0,0,0,0,0,0,0,0,0,0,0,0,0,0,0,0,0,0,0,0,0,0,0,0,0,0,0,0,0,0,0,0,0,0,0,0,0,0,0,0,0,0,0,0,0,0,0,0,3,2,1,5,6,1,2,1,1,3
1745.ps1,ASCII_Encoding,1,9822,1,9821.0,9821,0,0,3,3,3,3,0,0,0,2230,0,1,0,0,0,0,0,0,0,0,0,1,0,0,0,0,0,0,0,0,0,0,0,0,0,0,0,0,0,0,0,0,0,0,0,0,0,0,0,0,0,0,0,0,0,0,0,0,0,0,0,0,0,0,0,0,0,0,0,0,0,0,0,0,0,0,0,0,0,0,0,0,1,0,0,0,0,0,0,0,0,0,0,0,1,1,3,3,1,0,1,1,2
1759.ps1,ASCII_Encoding,1,8017,1,8016.0,8016,0,2,4,4,3,3,1,1,1,2,0,234,0,0,0,237,0,0,0,0,2,12,0,0,0,0,0,0,0,0,0,0,0,0,0,0,0,0,0,0,0,0,0,0,0,0,0,0,0,1,0,0,0,0,0,0,0,0,0,0,0,0,0,0,0,0,0,0,0,0,0,0,0,0,0,0,0,0,0,0,0,0,0,0,0,0,0,0,0,0,0,0,0,11,2,0,6,13,0,2,2,1,4
1753.ps1,ASCII_Encoding,1,1988,1,1987.0,1987,0,3,5,5,5,5,1,1,0,423,2,1,0,0,0,0,0,0,1,0,3,2,0,0,0,0,0,0,0,0,0,0,0,0,0,0,0,0,0,0,0,0,0,0,0,0,0,0,0,0,0,0,0,0,0,0,0,0,0,0,0,0,0,0,0,0,0,0,0,0,0,0,0,0,0,0,0,0,0,0,0,0,0,0,0,0,0,0,0,0,0,0,0,3,2,1,6,4,2,3,1,1,4
1747.ps1,ASCII_Encoding,1,10251,1,10250.0,10250,0,2,2,2,4,4,0,0,1,2320,2,1,0,0,0,0,0,0,0,0,2,2,0,0,0,0,0,0,0,0,0,0,0,0,0,0,0,0,0,0,0,0,0,0,0,0,0,0,0,0,0,0,0,0,0,0,0,0,0,0,0,0,0,0,0,0,0,0,0,0,0,0,0,0,0,0,0,0,0,0,0,0,0,0,0,0,0,0,0,0,0,0,0,3,1,0,3,2,0,2,1,1,2
176.ps1,ASCII_Encoding,1,9791,1,9790.0,9790,0,1,5,5,3,3,1,1,1,2232,0,4,2,0,0,0,0,0,1,0,1,2,0,0,0,0,0,0,0,0,0,0,0,0,0,0,0,0,0,0,0,0,0,0,0,0,0,0,0,1,0,0,0,0,0,0,0,0,0,0,0,0,0,0,0,0,0,0,0,0,0,0,0,0,0,0,0,0,0,0,0,0,0,0,0,0,0,0,0,0,0,0,0,2,3,0,7,5,1,1,1,2,5
1767.ps1,ASCII_Encoding,1,4571,1,4570.0,4570,0,1,3,3,3,3,129,1,0,1,0,11,0,0,0,0,127,0,0,0,1,12,0,0,0,0,0,0,0,0,0,0,0,0,0,0,0,0,0,0,0,0,0,0,0,0,0,0,0,1,0,0,0,0,0,0,0,0,0,0,0,0,0,0,0,0,0,0,0,0,0,0,0,0,0,0,0,0,0,0,0,0,0,1,0,0,0,0,0,0,0,0,0,10,2,1,4,15,1,1,2,0,2
1760.ps1,ASCII_Encoding,1,9805,1,9804.0,9804,0,3,5,5,4,4,1,1,0,2230,2,2,0,0,0,0,0,0,1,0,3,2,0,0,0,0,0,0,0,0,0,0,0,0,0,0,0,0,0,0,0,0,0,0,0,0,0,0,0,0,0,0,0,0,0,0,0,0,0,0,0,0,0,0,0,0,0,0,0,0,0,0,0,0,0,0,0,0,0,0,0,0,0,0,0,0,0,0,0,0,0,0,0,4,2,0,7,3,1,3,1,1,5
1762.ps1,ASCII_Encoding,1,7669,1,7668.0,7668,0,2,4,4,3,3,1,1,1,2,0,13,0,0,0,222,204,0,0,0,2,13,0,0,0,0,0,0,0,0,0,0,0,0,0,0,0,0,0,0,0,0,0,0,0,0,0,0,0,1,0,0,0,0,0,0,0,0,0,0,0,0,0,0,0,0,0,0,0,0,0,0,0,0,0,0,0,0,0,0,0,0,0,0,0,0,0,0,0,0,0,0,0,12,2,0,6,14,0,2,2,1,4
1766.ps1,ASCII_Encoding,1,10242,1,10241.0,10241,0,3,7,7,4,4,1,1,2,2322,2,3,2,0,0,0,0,0,0,0,1,8,0,0,0,0,0,0,0,0,0,0,0,0,0,0,0,0,0,0,0,0,0,0,0,0,0,0,0,0,0,0,0,0,0,0,0,0,0,0,0,0,0,0,0,0,0,0,0,0,0,0,0,0,0,0,0,0,0,0,0,0,0,0,0,0,0,0,0,0,0,0,0,4,5,0,9,11,1,1,2,2,5
1765.ps1,ASCII_Encoding,1,610,1,609.0,609,0,1,4,4,2,2,1,1,0,119,0,2,0,0,0,0,0,0,0,0,1,1,0,0,0,0,0,0,0,0,0,0,0,0,0,0,0,0,0,0,0,0,0,0,0,0,0,0,0,0,0,0,0,0,0,0,0,0,0,0,0,0,0,0,0,0,0,0,0,0,0,0,0,0,0,0,0,0,0,0,0,0,0,1,0,0,0,0,0,0,0,0,0,2,2,0,6,3,1,1,1,1,4
177.ps1,ASCII_Encoding,1,7693,1,7692.0,7692,0,2,6,6,5,5,1,1,1,241,1,12,0,0,0,0,0,0,0,0,2,14,0,0,0,0,0,0,0,0,0,0,0,0,0,0,0,0,0,0,0,0,0,0,0,0,0,0,0,0,0,0,0,0,0,0,0,0,0,0,0,0,0,0,0,0,0,0,0,0,0,0,0,0,0,0,0,0,0,0,0,0,0,0,0,0,0,0,0,0,0,0,0,13,2,1,7,16,2,2,2,1,5
1761.ps1,ASCII_Encoding,1,9763,1,9762.0,9762,0,0,1,1,2,2,0,0,0,2230,0,2,0,0,0,0,0,0,0,0,0,0,0,0,0,0,0,0,0,0,0,0,0,0,0,0,0,0,0,0,0,0,0,0,0,0,0,0,0,0,0,0,0,0,0,0,0,0,0,0,0,0,0,0,0,0,0,0,0,0,0,0,0,0,0,0,0,0,0,0,0,0,1,0,0,0,0,0,0,0,0,0,0,0,1,0,2,1,0,0,1,1,1
1781.ps1,ASCII_Encoding,1,10745,1,10744.0,10744,0,1,4,4,2,2,1,1,0,2445,0,2,0,0,0,0,1,0,0,0,1,0,0,0,0,0,0,0,0,0,0,0,0,0,0,0,0,0,0,0,0,0,0,0,0,0,0,0,0,0,0,0,0,0,0,0,0,0,0,0,0,0,0,0,0,0,0,0,0,0,0,0,0,0,0,0,0,0,0,0,0,0,0,1,0,0,0,0,0,0,0,0,0,1,2,0,6,2,1,1,1,1,4
1780.ps1,ASCII_Encoding,1,8832,1,8831.0,8831,0,3,6,6,3,3,1,1,1,0,2,236,0,0,0,264,0,0,0,0,1,8,0,0,0,0,0,0,0,0,0,0,0,0,0,0,0,0,0,0,0,0,0,0,0,0,0,0,0,1,0,0,0,0,0,0,0,0,0,0,0,0,0,0,0,0,0,0,0,0,0,0,0,0,0,0,0,0,0,0,0,0,1,0,0,0,0,0,0,0,0,0,0,3,4,1,7,11,1,1,2,0,3
1782.ps1,ASCII_Encoding,1,10690,1,10689.0,10689,0,3,5,5,4,4,0,0,1,2447,2,2,0,0,0,0,0,0,0,0,1,7,0,0,0,0,0,0,0,0,0,0,0,0,0,0,0,0,0,0,0,0,0,0,0,0,0,0,0,0,0,0,0,0,0,0,0,0,0,0,0,0,0,0,0,0,0,0,0,0,0,0,0,0,0,0,0,0,0,0,0,0,0,0,0,0,0,0,0,0,0,0,0,3,3,0,6,7,0,1,2,2,3
1779.ps1,ASCII_Encoding,1,7707,1,7706.0,7706,0,2,3,3,3,3,1,1,1,2,0,12,0,0,0,0,1,0,0,0,2,12,0,0,0,0,0,0,0,0,0,0,0,0,0,0,0,0,0,0,0,0,0,0,0,0,0,0,0,0,0,0,0,0,0,0,0,0,0,0,0,0,0,0,0,0,0,0,0,0,0,0,0,0,0,0,0,0,0,0,0,0,0,0,0,0,0,0,0,0,0,0,0,11,2,0,5,13,0,2,2,1,3
1775.ps1,ASCII_Encoding,1,9747,1,9746.0,9746,0,0,2,2,3,3,0,0,0,2231,0,0,0,0,0,0,0,0,0,0,0,1,0,0,0,0,0,0,0,0,0,0,0,0,0,0,0,0,0,0,0,0,0,0,0,0,0,0,0,0,0,0,0,0,0,0,0,0,0,0,0,0,0,0,0,0,0,0,0,0,0,0,0,0,0,0,0,0,0,0,0,0,0,1,0,0,0,0,0,0,0,0,0,0,1,1,2,3,1,0,1,1,1
1771.ps1,ASCII_Encoding,1,8018,1,8017.0,8017,0,3,7,7,4,4,1,1,2,2,2,4,2,0,0,0,1,0,236,0,1,10,0,0,0,0,0,0,0,0,0,0,0,0,0,0,0,0,0,0,0,0,0,0,0,0,0,0,0,0,0,0,0,0,0,0,0,0,0,0,0,0,0,0,0,0,0,0,0,0,0,0,0,0,0,0,0,0,0,0,0,0,0,0,0,0,0,0,0,0,0,0,0,4,5,1,8,14,1,1,2,1,4
1791.ps1,ASCII_Encoding,1,8294,1,8293.0,8293,0,1,6,6,3,3,1,262,3,221,0,265,2,0,0,0,1,0,245,0,1,4,0,0,0,0,0,0,0,0,0,0,0,0,0,0,0,0,0,0,0,0,0,0,0,0,0,0,0,0,0,0,0,0,0,0,0,0,0,0,0,0,0,0,0,0,0,0,0,0,0,0,0,0,0,0,0,0,0,0,0,0,0,0,0,0,0,0,0,0,0,0,0,2,3,1,7,8,1,1,1,1,5
1794.ps1,ASCII_Encoding,1,8360,1,8359.0,8359,0,4,7,7,4,4,1,1,1,254,2,231,0,0,0,251,232,0,1,0,2,9,0,0,0,0,0,0,0,0,0,0,0,0,0,0,0,0,0,0,0,0,0,0,0,0,0,0,0,1,0,0,0,0,0,0,0,0,0,0,0,0,0,0,0,0,0,0,0,0,0,0,0,0,0,0,0,0,0,0,0,0,0,0,0,0,0,0,0,0,0,0,0,4,4,1,8,11,1,2,2,1,4
1803.ps1,ASCII_Encoding,1,9839,1,9838.0,9838,0,1,5,5,3,3,1,1,0,2244,0,3,0,0,0,0,0,0,0,0,1,1,0,0,0,0,0,0,0,0,0,0,0,0,0,0,0,0,0,0,0,0,0,0,0,0,0,0,0,1,0,0,0,0,0,0,0,0,0,0,0,0,0,0,0,0,0,0,0,0,0,0,0,0,0,0,0,0,0,0,0,0,1,0,0,0,0,0,0,0,0,0,0,1,2,1,6,4,2,1,1,1,4
1774.ps1,ASCII_Encoding,1,7527,1,7526.0,7526,0,3,4,4,4,4,240,1,0,0,2,12,0,0,0,0,0,0,1,0,3,12,0,0,0,0,0,0,0,0,0,0,0,0,0,0,0,0,0,0,0,0,0,0,0,0,0,0,0,1,0,0,0,0,0,0,0,0,0,0,0,0,0,0,0,0,0,0,0,0,0,0,0,0,0,0,0,0,0,0,0,0,0,0,0,0,0,0,0,0,0,0,0,12,2,0,6,13,0,3,2,0,4
1773.ps1,ASCII_Encoding,1,7617,1,7616.0,7616,0,1,2,2,2,2,1,237,0,0,0,11,0,0,0,0,1,0,0,0,1,12,0,0,0,0,0,0,0,0,0,0,0,0,0,0,0,0,0,0,0,0,0,0,0,0,0,0,0,0,0,0,0,0,0,0,0,0,0,0,0,0,0,0,0,0,0,0,0,0,0,0,0,0,0,0,0,0,0,0,0,0,0,1,0,0,0,0,0,0,0,0,0,11,2,0,4,14,0,1,2,0,2
1796.ps1,ASCII_Encoding,1,10340,1,10339.0,10339,0,3,5,5,4,4,1,1,1,2332,2,1,0,0,0,0,0,0,0,0,3,1,0,0,0,0,0,0,0,0,0,0,0,0,0,0,0,0,0,0,0,0,0,0,0,0,0,0,0,0,0,0,0,0,0,0,0,0,0,0,0,0,0,0,0,0,0,0,0,0,0,0,0,0,0,0,0,0,0,0,0,0,0,0,0,0,0,0,0,0,0,0,0,2,2,0,7,2,0,3,2,1,5
179.ps1,ASCII_Encoding,1,690,1,689.0,689,0,1,4,4,3,3,0,0,1,141,1,2,0,0,0,0,0,0,1,0,1,2,0,0,0,0,0,0,0,0,0,0,0,0,0,0,0,0,0,0,0,0,0,0,0,0,0,0,0,0,0,0,0,0,0,0,0,0,0,0,0,0,0,0,0,0,0,0,0,0,0,0,0,0,0,0,0,0,0,0,0,0,0,0,0,0,0,0,0,0,0,0,0,2,1,1,4,3,0,1,1,2,3
1777.ps1,ASCII_Encoding,1,8544,1,8543.0,8543,0,1,4,4,3,3,1,1,0,1,0,13,0,0,0,282,243,0,0,0,1,12,0,0,0,0,0,0,0,0,0,0,0,0,0,0,0,0,0,0,0,0,0,0,0,0,0,0,0,1,0,0,0,0,0,0,0,0,0,0,0,0,0,0,0,0,0,0,0,0,0,0,0,0,0,0,0,0,0,0,0,0,1,0,0,0,0,0,0,0,0,0,0,11,2,1,5,15,2,1,1,0,3
182.ps1,ASCII_Encoding,1,10756,1,10755.0,10755,0,1,7,7,4,4,1,1,1,2448,0,3,2,0,0,0,0,0,1,0,1,3,0,0,0,0,0,0,0,0,0,0,0,0,0,0,0,0,0,0,0,0,0,0,0,0,0,0,0,0,0,0,0,0,0,0,0,0,0,0,0,0,0,0,0,0,0,0,0,0,0,0,0,0,0,0,0,0,0,0,0,0,0,0,0,0,0,0,0,0,0,0,0,2,3,1,8,7,2,1,1,2,6
1015.ps1,String_Concatenation,1,2734,1,2733.0,2733,0,2,21,21,23,23,3,3,7,321,80,12,0,0,7,0,0,0,1,0,2,71,0,0,0,0,0,0,0,0,0,0,0,0,0,0,0,0,0,0,0,0,0,0,0,0,0,0,0,0,0,0,0,0,0,0,0,0,0,0,0,0,0,0,0,0,0,0,0,0,0,0,0,0,0,0,0,0,0,0,0,0,0,0,0,0,0,0,0,0,0,0,0,80,1,0,7,71,0,2,12,3,6
1087.ps1,String_Concatenation,1,2965,1,2964.0,2964,0,2,28,28,24,24,5,5,17,314,61,12,0,0,11,0,0,0,2,0,1,59,0,0,0,0,0,0,0,0,0,0,0,0,0,0,0,0,0,0,0,0,0,0,0,0,0,0,0,0,0,0,0,0,0,0,0,0,0,0,0,0,0,0,0,0,0,0,0,0,0,0,0,1,0,0,0,0,0,0,0,0,0,2,0,0,0,0,0,0,0,0,0,58,1,4,7,63,0,1,11,1,6
1049.ps1,String_Concatenation,1,2107,1,2107.0,2107,0,0,34,34,13,13,7,7,82,13,56,17,2,0,23,1,0,0,1,0,0,58,0,0,0,0,0,0,0,0,0,0,0,0,0,0,0,0,0,0,0,0,0,0,0,0,0,0,0,0,0,0,0,0,0,0,0,0,0,0,0,0,0,0,0,0,0,0,0,0,0,0,0,0,0,0,0,0,0,0,0,0,0,0,0,0,0,0,0,0,0,10,0,57,2,2,5,62,0,0,7,1,4
1011.ps1,String_Concatenation,1,360,1,359.0,359,0,1,7,7,5,5,10,10,10,6,36,4,0,3,0,0,0,0,0,0,1,38,0,0,0,0,0,0,0,0,0,0,0,0,0,0,0,0,0,0,0,0,0,0,0,0,0,0,0,0,0,0,0,0,0,0,0,0,0,0,0,0,0,0,0,0,1,0,0,1,0,0,0,0,0,0,0,0,0,0,0,0,0,0,0,0,0,0,0,0,0,0,0,38,1,0,5,38,0,1,4,2,4
1045.ps1,String_Concatenation,1,2687,1,2686.0,2686,0,1,22,22,19,19,3,3,8,313,77,13,0,0,7,0,0,0,1,0,1,73,0,0,0,0,0,0,0,0,0,0,0,0,0,0,0,0,0,0,0,0,0,0,0,0,0,0,0,0,0,0,0,0,0,0,0,0,0,0,0,0,0,0,0,0,0,0,0,0,0,0,0,0,0,0,0,0,0,0,0,0,0,0,0,0,0,0,0,0,0,0,0,78,1,1,7,74,0,1,9,4,6
1004.ps1,String_Concatenation,1,1007,1,1006.0,1006,0,2,14,13,23,24,1,2,21,6,99,9,1,6,8,0,2,1,1,0,2,93,0,0,0,0,0,0,0,0,0,0,0,0,0,0,0,0,0,0,0,0,0,0,0,0,0,0,0,0,0,0,0,0,0,0,0,0,0,0,0,0,0,0,0,0,0,0,0,0,0,0,0,0,0,0,0,0,0,0,0,0,0,1,0,0,0,0,0,0,0,0,0,102,1,0,8,93,0,2,14,5,7
1061.ps1,String_Concatenation,1,2846,1,2845.0,2845,0,2,22,22,17,17,3,3,10,350,79,10,0,0,7,0,0,0,1,0,1,79,0,0,0,0,0,0,0,0,0,0,0,0,0,0,0,0,0,0,0,0,0,0,0,0,0,0,0,0,0,0,0,0,0,0,0,0,0,0,0,0,0,0,0,0,0,0,0,0,0,0,0,0,0,0,0,0,0,0,0,0,0,0,0,0,0,0,0,0,0,0,0,77,1,3,5,82,0,1,7,1,4
103.ps1,String_Concatenation,1,2697,1,2696.0,2696,0,0,22,22,19,19,3,3,9,332,55,13,2,0,7,0,0,0,0,0,0,52,0,0,0,0,0,0,0,0,0,0,0,0,0,0,0,0,0,0,0,0,0,0,0,0,0,0,0,0,0,0,0,0,0,0,0,0,0,0,0,0,0,0,0,0,0,0,0,0,0,0,0,0,0,0,0,0,0,0,0,0,0,0,0,0,0,0,0,0,0,0,0,56,2,0,8,54,0,0,9,4,7
1013.ps1,String_Concatenation,1,930,1,929.0,929,1,0,13,14,19,19,2,1,23,7,81,10,3,5,7,0,2,0,2,0,0,80,0,0,0,0,0,0,0,0,0,0,0,0,0,0,0,0,0,0,0,0,0,0,0,0,0,0,0,0,0,0,0,0,0,0,0,0,0,0,0,0,0,0,0,0,0,0,0,0,0,0,0,0,0,0,0,0,0,0,0,0,0,0,0,0,0,0,0,0,0,0,0,84,2,0,8,82,0,0,10,5,7
108.ps1,String_Concatenation,1,499,1,498.0,498,0,3,10,10,11,11,0,0,13,5,51,2,0,4,0,0,0,0,1,0,2,53,0,0,0,0,0,0,0,0,0,0,0,0,0,0,0,0,0,0,0,0,0,0,0,0,0,0,0,0,0,0,0,0,0,0,0,0,0,0,0,0,0,0,0,0,0,0,0,0,0,0,0,0,0,0,0,0,0,0,0,0,0,0,0,0,0,0,0,0,0,0,0,51,1,4,4,57,0,2,9,0,3
1044.ps1,String_Concatenation,1,2654,1,2653.0,2653,0,0,20,20,13,13,3,3,8,332,51,13,2,0,7,0,0,0,1,0,0,54,0,0,0,0,0,0,0,0,0,0,0,0,0,0,0,0,0,0,0,0,0,0,0,0,0,0,0,0,0,0,0,0,0,0,0,0,0,0,0,0,0,0,0,0,0,0,0,0,0,0,0,0,0,0,0,0,0,0,0,0,0,0,0,0,0,0,0,0,0,0,0,52,2,0,6,56,0,0,3,4,5
1031.ps1,String_Concatenation,1,2651,1,2650.0,2650,0,3,20,20,15,15,3,3,11,330,53,9,0,0,7,0,0,0,0,0,2,54,0,0,0,0,0,0,0,0,0,0,0,0,0,0,0,0,0,0,0,0,0,0,0,0,0,0,0,0,0,0,0,0,0,0,0,0,0,0,0,0,0,0,0,0,0,0,0,0,0,0,0,0,0,0,0,0,0,0,0,0,0,0,0,0,0,0,0,0,0,0,0,50,1,3,3,57,0,2,4,0,2
1008.ps1,String_Concatenation,1,2659,1,2658.0,2658,0,1,20,20,16,16,3,3,9,313,75,13,0,0,7,0,0,0,0,0,1,74,0,0,0,0,0,0,0,0,0,0,0,0,0,0,0,0,0,0,0,0,0,0,0,0,0,0,0,0,0,0,0,0,0,0,0,0,0,0,0,0,0,0,0,0,0,0,0,0,0,0,0,0,0,0,0,0,0,0,0,0,0,0,0,0,0,0,0,0,0,0,0,76,1,1,5,75,0,1,6,4,4
1042.ps1,String_Concatenation,1,2689,1,2688.0,2688,0,2,22,22,20,20,3,3,11,314,76,10,0,0,7,0,0,0,0,0,1,73,0,0,0,0,0,0,0,0,0,0,0,0,0,0,0,0,0,0,0,0,0,0,0,0,0,0,0,0,0,0,0,0,0,0,0,0,0,0,0,0,0,0,0,0,0,0,0,0,0,0,0,0,0,0,0,0,0,0,0,0,0,0,0,0,0,0,0,0,0,0,0,74,1,3,5,76,0,1,10,1,4
1019.ps1,String_Concatenation,1,2923,1,2922.0,2922,0,1,23,23,20,20,3,3,12,357,82,11,2,0,7,0,0,0,0,0,0,80,0,0,0,0,0,0,0,0,0,0,0,0,0,0,0,0,0,0,0,0,0,0,0,0,0,0,0,0,0,0,0,0,0,0,0,0,0,0,0,0,0,0,0,0,0,0,0,0,0,0,0,0,0,0,0,0,0,0,0,0,0,0,0,0,0,0,0,0,0,0,0,80,2,3,6,85,0,0,10,1,5
1005.ps1,String_Concatenation,1,2655,1,2654.0,2654,0,2,21,21,15,15,3,3,11,313,73,10,0,0,7,0,0,0,0,0,1,76,0,0,0,0,0,0,0,0,0,0,0,0,0,0,0,0,0,0,0,0,0,0,0,0,0,0,0,0,0,0,0,0,0,0,0,0,0,0,0,0,0,0,0,0,0,0,0,0,0,0,0,0,0,0,0,0,0,0,0,0,0,0,0,0,0,0,0,0,0,0,0,71,1,3,4,79,0,1,5,1,3
1072.ps1,String_Concatenation,1,2701,1,2700.0,2700,0,2,21,21,20,20,3,3,11,330,55,9,0,0,7,0,0,0,0,0,2,52,0,0,0,0,0,0,0,0,0,0,0,0,0,0,0,0,0,0,0,0,0,0,0,0,0,0,0,0,0,0,0,0,0,0,0,0,0,0,0,0,0,0,0,0,0,0,0,0,0,0,0,0,0,0,0,0,0,0,0,0,0,0,0,0,0,0,0,0,0,0,0,52,1,3,4,55,0,2,9,0,3
1055.ps1,String_Concatenation,1,504,1,503.0,503,0,1,10,10,12,12,0,0,9,6,37,7,0,4,0,0,0,0,0,0,1,37,0,0,0,0,0,0,0,0,0,0,0,0,0,0,0,0,0,0,0,0,0,0,0,0,0,0,0,0,0,0,0,0,0,0,0,0,0,0,0,0,0,0,0,0,0,0,0,0,0,0,0,0,0,0,0,0,0,0,0,0,0,0,0,0,0,0,0,0,0,1,0,42,1,0,8,37,0,1,11,5,7
1024.ps1,String_Concatenation,1,2614,1,2613.0,2613,0,2,21,21,20,20,3,3,7,312,55,12,0,0,7,0,0,0,1,0,2,49,0,0,0,0,0,0,0,0,0,0,0,0,0,0,0,0,0,0,0,0,0,0,0,0,0,0,0,0,0,0,0,0,0,0,0,0,0,0,0,0,0,0,0,0,0,0,0,0,0,0,0,0,0,0,0,0,0,0,0,0,0,0,0,0,0,0,0,0,0,0,0,55,1,0,7,49,0,2,9,3,6
101.ps1,String_Concatenation,1,2590,1,2589.0,2589,0,0,19,19,15,15,3,3,7,321,52,12,0,0,7,0,0,0,0,0,0,50,0,0,0,0,0,0,0,0,0,0,0,0,0,0,0,0,0,0,0,0,0,0,0,0,0,0,0,0,0,0,0,0,0,0,0,0,0,0,0,0,0,0,0,0,0,0,0,0,0,0,0,0,0,0,0,0,0,0,0,0,0,1,0,0,0,0,0,0,0,0,0,52,1,0,5,51,0,0,6,3,4
1071.ps1,String_Concatenation,1,2644,1,2643.0,2643,0,0,20,20,18,18,3,3,7,312,76,12,0,0,7,0,0,0,0,0,0,71,0,0,0,0,0,0,0,0,0,0,0,0,0,0,0,0,0,0,0,0,0,0,0,0,0,0,0,0,0,0,0,0,0,0,0,0,0,0,0,0,0,0,0,0,0,0,0,0,0,0,0,0,0,0,0,0,0,0,0,0,0,1,0,0,0,0,0,0,0,0,0,76,1,0,6,72,0,0,9,3,5
1040.ps1,String_Concatenation,1,406,1,405.0,405,1,2,8,8,9,9,0,0,9,5,29,6,0,3,0,0,0,0,0,0,2,30,0,0,0,0,0,0,0,0,0,0,0,0,0,0,0,0,0,0,0,0,0,0,0,0,0,0,0,0,0,0,0,0,0,0,0,0,0,0,0,0,0,0,0,0,0,0,0,0,0,0,0,0,0,0,0,0,0,0,0,0,0,0,0,0,0,0,0,0,0,0,0,33,1,0,6,30,0,2,7,4,5
1023.ps1,String_Concatenation,1,483,1,482.0,482,0,2,12,12,14,14,0,0,12,6,38,3,0,4,0,0,0,0,1,0,1,39,0,0,0,0,0,0,0,0,0,0,0,0,0,0,0,0,0,0,0,0,0,0,0,0,0,0,0,0,0,0,0,0,0,0,0,0,0,0,0,0,0,0,0,0,0,0,0,0,0,0,0,0,0,0,0,0,0,0,0,0,0,0,0,0,0,0,0,0,0,0,0,39,1,4,6,43,0,1,13,1,5
1002.ps1,String_Concatenation,1,2591,1,2590.0,2590,0,1,21,21,19,19,3,3,10,312,53,9,0,0,7,0,0,0,0,0,0,49,0,0,0,0,0,0,0,0,0,0,0,0,0,0,0,0,0,0,0,0,0,0,0,0,0,0,0,0,0,0,0,0,0,0,0,0,0,0,0,0,0,0,0,0,0,0,0,0,0,0,0,0,0,0,0,0,0,0,0,0,0,1,0,0,0,0,0,0,0,0,0,50,1,3,4,53,0,0,10,0,3
1070.ps1,String_Concatenation,1,2598,1,2597.0,2597,0,1,22,22,19,19,3,3,10,314,51,10,0,0,7,0,0,0,1,0,1,50,0,0,0,0,0,0,0,0,0,0,0,0,0,0,0,0,0,0,0,0,0,0,0,0,0,0,0,0,0,0,0,0,0,0,0,0,0,0,0,0,0,0,0,0,0,0,0,0,0,0,0,0,0,0,0,0,0,0,0,0,0,0,0,0,0,0,0,0,0,0,0,49,1,3,5,53,0,1,9,1,4
1051.ps1,String_Concatenation,1,2901,1,2900.0,2900,0,1,21,21,19,19,3,3,7,357,82,13,0,0,7,0,0,0,1,0,1,78,0,0,0,0,0,0,0,0,0,0,0,0,0,0,0,0,0,0,0,0,0,0,0,0,0,0,0,0,0,0,0,0,0,0,0,0,0,0,0,0,0,0,0,0,0,0,0,0,0,0,0,0,0,0,0,0,0,0,0,0,0,0,0,0,0,0,0,0,0,0,0,83,1,0,7,78,0,1,9,4,6
1026.ps1,String_Concatenation,1,6399,1,6398.0,6398,0,2,22,22,18,18,3,3,10,995,178,10,0,0,7,0,0,0,1,0,1,178,0,0,0,0,0,0,0,0,0,0,0,0,0,0,0,0,0,0,0,0,0,0,0,0,0,0,0,0,0,0,0,0,0,0,0,0,0,0,0,0,0,0,0,0,0,0,0,0,0,0,0,0,0,0,0,0,0,0,0,0,0,0,0,0,0,0,0,0,0,0,0,176,1,3,5,181,0,1,8,1,4
1003.ps1,String_Concatenation,1,2617,1,2616.0,2616,0,1,22,22,20,20,3,3,8,313,54,13,0,0,7,0,0,0,0,0,1,50,0,0,0,0,0,0,0,0,0,0,0,0,0,0,0,0,0,0,0,0,0,0,0,0,0,0,0,0,0,0,0,0,0,0,0,0,0,0,0,0,0,0,0,0,0,0,0,0,0,0,0,0,0,0,0,0,0,0,0,0,0,0,0,0,0,0,0,0,0,0,0,55,1,0,8,50,0,1,10,4,7
104.ps1,String_Concatenation,1,1530,1,1529.0,1529,1,1,24,25,41,41,6,5,49,16,50,5,1,7,21,0,8,0,3,0,1,39,0,0,0,0,0,0,0,0,0,0,0,0,0,0,0,0,0,0,0,0,0,0,0,0,0,0,0,0,0,0,0,0,0,0,0,0,0,0,0,0,0,0,0,0,0,0,0,0,0,0,0,0,0,0,0,0,0,0,0,0,0,1,0,0,0,0,0,0,0,1,0,43,1,5,6,44,0,1,17,1,5
1018.ps1,String_Concatenation,1,476,1,475.0,475,0,1,10,10,14,14,0,0,9,7,34,7,0,4,0,0,0,0,1,0,1,31,0,0,0,0,0,0,0,0,0,0,0,0,0,0,0,0,0,0,0,0,0,0,0,0,0,0,0,0,0,0,0,0,0,0,0,0,0,0,0,0,0,0,0,0,1,0,0,0,0,0,0,0,0,0,0,0,0,0,0,0,0,0,0,0,0,0,0,0,0,0,0,39,1,0,8,31,0,1,13,5,7
1007.ps1,String_Concatenation,1,2757,1,2756.0,2756,0,0,20,20,16,16,3,3,9,332,77,13,2,0,7,0,0,0,0,0,0,77,0,0,0,0,0,0,0,0,0,0,0,0,0,0,0,0,0,0,0,0,0,0,0,0,0,0,0,0,0,0,0,0,0,0,0,0,0,0,0,0,0,0,0,0,0,0,0,0,0,0,0,0,0,0,0,0,0,0,0,0,0,0,0,0,0,0,0,0,0,0,0,78,2,0,6,79,0,0,6,4,5
1038.ps1,String_Concatenation,1,2617,1,2616.0,2616,0,0,21,21,19,19,3,3,8,314,53,13,2,0,7,0,0,0,1,0,0,50,0,0,0,0,0,0,0,0,0,0,0,0,0,0,0,0,0,0,0,0,0,0,0,0,0,0,0,0,0,0,0,0,0,0,0,0,0,0,0,0,0,0,0,0,0,0,0,0,0,0,0,0,0,0,0,0,0,0,0,0,0,0,0,0,0,0,0,0,0,0,0,54,2,0,7,52,0,0,9,4,6
1000.ps1,String_Concatenation,1,375,1,374.0,374,1,2,6,6,6,6,10,10,10,4,43,3,0,4,0,0,0,0,0,0,2,43,0,0,0,0,0,0,0,0,0,0,0,0,0,0,0,0,0,0,0,0,0,0,0,0,0,0,0,0,0,0,0,0,0,0,0,0,0,0,0,0,0,0,0,0,1,0,0,1,0,0,0,0,0,0,0,0,0,0,0,0,0,0,0,0,0,0,0,0,1,0,0,44,1,0,4,43,0,2,4,1,3
1062.ps1,String_Concatenation,1,2632,1,2631.0,2631,0,0,19,19,15,15,3,3,7,312,74,13,0,0,7,0,0,0,0,0,0,72,0,0,0,0,0,0,0,0,0,0,0,0,0,0,0,0,0,0,0,0,0,0,0,0,0,0,0,0,0,0,0,0,0,0,0,0,0,0,0,0,0,0,0,0,0,0,0,0,0,0,0,0,0,0,0,0,0,0,0,0,1,0,0,0,0,0,0,0,0,0,0,74,1,0,5,73,0,0,6,3,4
1037.ps1,String_Concatenation,1,349,1,348.0,348,1,0,7,7,6,6,0,0,11,4,35,3,2,3,0,0,0,0,0,0,0,36,0,0,0,0,0,0,0,0,0,0,0,0,0,0,0,0,0,0,0,0,0,0,0,0,0,0,0,0,0,0,0,0,0,0,0,0,0,0,0,0,0,0,0,0,0,0,0,0,0,0,0,0,0,0,0,0,0,0,0,0,0,0,0,0,0,0,0,0,0,0,0,36,2,1,5,39,0,0,5,1,4
1028.ps1,String_Concatenation,1,2655,1,2654.0,2654,0,3,23,23,21,21,3,3,10,321,56,9,0,0,7,0,0,0,1,0,2,51,0,0,0,0,0,0,0,0,0,0,0,0,0,0,0,0,0,0,0,0,0,0,0,0,0,0,0,0,0,0,0,0,0,0,0,0,0,0,0,0,0,0,0,0,0,0,0,0,0,0,0,0,0,0,0,0,0,0,0,0,0,0,0,0,0,0,0,0,0,0,0,53,1,3,6,54,0,2,10,0,5
100.ps1,String_Concatenation,1,3032,1,3031.0,3031,0,1,27,27,23,23,5,5,18,315,60,17,2,0,12,0,0,0,2,0,0,60,0,0,0,0,0,0,0,0,0,0,0,0,0,0,0,0,0,0,0,0,0,0,0,0,0,0,0,0,0,0,0,0,0,0,0,0,0,0,0,0,0,0,0,0,0,0,0,0,0,0,0,1,0,0,0,0,0,0,0,0,0,2,0,0,0,0,0,0,0,0,0,57,2,4,6,66,0,0,10,1,5
1059.ps1,String_Concatenation,1,2996,1,2995.0,2995,0,2,22,22,21,21,5,5,13,313,86,15,0,0,11,0,0,0,2,0,2,83,0,0,0,0,0,0,0,0,0,0,0,0,0,0,0,0,0,0,0,0,0,0,0,0,0,0,0,0,0,0,0,0,0,0,0,0,0,0,0,0,0,0,0,0,0,0,0,0,0,0,0,0,0,0,0,0,0,0,0,0,0,2,0,0,0,0,0,0,0,0,0,86,1,0,5,83,0,2,7,4,4
1035.ps1,String_Concatenation,1,929,1,928.0,928,0,2,13,13,15,15,1,1,26,7,93,5,0,5,7,0,2,0,0,0,1,96,0,0,0,0,0,0,0,0,0,0,0,0,0,0,0,0,0,0,0,0,0,0,0,0,0,0,0,0,0,0,0,0,0,0,0,0,0,0,0,0,0,0,0,0,0,0,0,0,0,0,0,0,0,0,0,0,0,0,0,0,0,1,0,0,0,0,0,0,0,0,0,92,1,4,4,100,0,1,7,1,3
1017.ps1,String_Concatenation,1,553,1,552.0,552,0,1,14,14,16,16,0,0,15,7,55,3,2,3,0,0,0,0,0,0,0,54,0,0,0,0,0,0,0,0,0,0,0,0,0,0,0,0,0,0,0,0,0,0,0,0,0,0,0,0,0,0,0,0,0,0,0,0,0,0,0,0,0,0,0,0,0,0,0,0,0,0,0,0,0,0,0,0,0,0,0,0,0,0,0,0,0,0,0,0,0,0,0,56,2,4,8,60,0,0,15,1,7
1010.ps1,String_Concatenation,1,3016,1,3015.0,3015,0,0,17,17,19,19,2,2,24,7,110,9,2,31,11,0,0,0,1,0,0,81,0,0,0,0,0,0,0,0,0,0,0,0,0,0,0,0,0,0,0,0,0,0,0,0,0,0,0,0,0,0,0,0,1,0,0,0,0,0,0,0,0,0,0,0,0,0,0,0,0,0,0,0,0,1,0,0,0,0,0,0,0,1,0,0,0,0,0,0,0,3,0,85,2,3,7,86,0,0,14,1,6
1058.ps1,String_Concatenation,1,2769,1,2768.0,2768,0,2,23,23,18,18,3,3,11,331,78,10,0,0,7,0,0,0,0,0,1,78,0,0,0,0,0,0,0,0,0,0,0,0,0,0,0,0,0,0,0,0,0,0,0,0,0,0,0,0,0,0,0,0,0,0,0,0,0,0,0,0,0,0,0,0,0,0,0,0,0,0,0,0,0,0,0,0,0,0,0,0,0,0,0,0,0,0,0,0,0,0,0,76,1,3,6,81,0,1,8,1,5
1034.ps1,String_Concatenation,1,2786,1,2785.0,2785,0,1,23,23,22,22,3,3,11,332,79,10,0,0,7,0,0,0,0,0,1,75,0,0,0,0,0,0,0,0,0,0,0,0,0,0,0,0,0,0,0,0,0,0,0,0,0,0,0,0,0,0,0,0,0,0,0,0,0,0,0,0,0,0,0,0,0,0,0,0,0,0,0,0,0,0,0,0,0,0,0,0,0,0,0,0,0,0,0,0,0,0,0,77,1,3,6,78,0,1,12,1,5
1009.ps1,String_Concatenation,1,444,1,443.0,443,1,3,11,11,11,11,0,0,13,5,34,2,0,4,0,0,0,0,1,0,2,36,0,0,0,0,0,0,0,0,0,0,0,0,0,0,0,0,0,0,0,0,0,0,0,0,0,0,0,0,0,0,0,0,0,0,0,0,0,0,0,0,0,0,0,0,0,0,0,0,0,0,0,0,0,0,0,0,0,0,0,0,0,0,0,0,0,0,0,0,0,0,0,34,1,4,5,40,0,2,9,0,4
10.ps1,String_Concatenation,1,508,1,507.0,507,0,1,9,9,12,12,0,0,9,6,47,7,0,4,0,0,0,0,1,0,1,47,0,0,0,0,0,0,0,0,0,0,0,0,0,0,0,0,0,0,0,0,0,0,0,0,0,0,0,0,0,0,0,0,0,0,0,0,0,0,0,0,0,0,0,0,0,0,0,0,0,0,0,0,0,0,0,0,0,0,0,0,0,0,0,0,0,0,1,0,0,0,0,52,1,0,7,47,0,1,11,5,6
1053.ps1,String_Concatenation,1,2797,1,2796.0,2796,0,0,20,20,18,18,3,3,7,355,57,12,0,0,7,0,0,0,0,0,0,52,0,0,0,0,0,0,0,0,0,0,0,0,0,0,0,0,0,0,0,0,0,0,0,0,0,0,0,0,0,0,0,0,0,0,0,0,0,0,0,0,0,0,0,0,0,0,0,0,0,0,0,0,0,0,0,0,0,0,0,0,0,1,0,0,0,0,0,0,0,0,0,57,1,0,6,53,0,0,9,3,5
1032.ps1,String_Concatenation,1,2902,1,2901.0,2901,0,0,21,21,21,21,3,3,10,355,81,10,0,0,7,0,0,0,0,0,0,76,0,0,0,0,0,0,0,0,0,0,0,0,0,0,0,0,0,0,0,0,0,0,0,0,0,0,0,0,0,0,0,0,0,0,0,0,0,0,0,0,0,0,0,0,0,0,0,0,0,0,0,0,0,0,0,0,0,0,0,0,1,0,0,0,0,0,0,0,0,0,0,78,1,3,4,80,0,0,12,0,3
1006.ps1,String_Concatenation,1,2900,1,2899.0,2899,0,0,22,22,19,19,3,3,11,357,80,10,2,0,7,0,0,0,1,0,0,80,0,0,0,0,0,0,0,0,0,0,0,0,0,0,0,0,0,0,0,0,0,0,0,0,0,0,0,0,0,0,0,0,0,0,0,0,0,0,0,0,0,0,0,0,0,0,0,0,0,0,0,0,0,0,0,0,0,0,0,0,0,0,0,0,0,0,0,0,0,0,0,78,2,3,5,85,0,0,9,1,4
1001.ps1,String_Concatenation,1,2679,1,2678.0,2678,0,3,22,22,18,18,3,3,11,330,55,9,0,0,7,0,0,0,0,0,2,53,0,0,0,0,0,0,0,0,0,0,0,0,0,0,0,0,0,0,0,0,0,0,0,0,0,0,0,0,0,0,0,0,0,0,0,0,0,0,0,0,0,0,0,0,0,0,0,0,0,0,0,0,0,0,0,0,0,0,0,0,0,0,0,0,0,0,0,0,0,0,0,52,1,3,5,56,0,2,7,0,4
1092.ps1,String_Concatenation,1,366,1,365.0,365,1,0,7,7,3,3,8,8,7,4,36,5,2,3,1,0,0,0,1,0,0,38,0,0,0,0,0,0,0,0,0,0,0,0,0,0,0,0,0,0,0,0,0,0,0,0,0,0,0,0,0,0,0,0,0,0,0,0,0,0,0,0,0,0,0,0,0,0,0,1,0,0,0,0,0,0,0,0,0,0,0,0,0,0,0,0,0,0,0,0,0,0,0,37,2,0,5,40,0,0,2,2,4
1052.ps1,String_Concatenation,1,300,1,299.0,299,0,2,5,5,3,3,0,0,8,2,30,3,0,3,0,0,0,0,1,0,2,31,0,0,0,0,0,0,0,0,0,0,0,0,0,0,0,0,0,0,0,0,0,0,0,0,0,0,0,0,0,0,0,0,1,0,0,0,0,0,0,0,0,0,0,0,1,0,0,0,0,0,0,0,0,0,0,0,0,0,0,0,0,0,0,0,0,0,0,0,0,0,0,31,1,0,4,31,0,2,1,1,3
105.ps1,String_Concatenation,1,3078,1,3077.0,3077,0,2,21,21,20,20,3,3,8,403,64,12,0,0,7,0,0,0,0,0,2,58,0,0,0,0,0,0,0,0,0,0,0,0,0,0,0,0,0,0,0,0,0,0,0,0,0,0,0,0,0,0,0,0,0,0,0,0,0,0,0,0,0,0,0,0,0,0,0,0,0,0,0,0,0,0,0,0,0,0,0,0,0,0,0,0,0,0,0,0,0,0,0,64,1,0,7,58,0,2,9,3,6
1030.ps1,String_Concatenation,1,2657,1,2656.0,2656,0,3,23,23,21,21,3,3,11,321,56,9,0,0,7,0,0,0,0,0,2,51,0,0,0,0,0,0,0,0,0,0,0,0,0,0,0,0,0,0,0,0,0,0,0,0,0,0,0,0,0,0,0,0,0,0,0,0,0,0,0,0,0,0,0,0,0,0,0,0,0,0,0,0,0,0,0,0,0,0,0,0,0,0,0,0,0,0,0,0,0,0,0,53,1,3,6,54,0,2,10,0,5
1025.ps1,String_Concatenation,1,2810,1,2809.0,2809,0,3,21,21,18,18,3,3,11,355,57,9,0,0,7,0,0,0,0,0,2,55,0,0,0,0,0,0,0,0,0,0,0,0,0,0,0,0,0,0,0,0,0,0,0,0,0,0,0,0,0,0,0,0,0,0,0,0,0,0,0,0,0,0,0,0,0,0,0,0,0,0,0,0,0,0,0,0,0,0,0,0,0,0,0,0,0,0,0,0,0,0,0,54,1,3,4,58,0,2,7,0,3
1.ps1,String_Concatenation,1,2794,1,2793.0,2793,0,2,21,21,17,17,3,3,10,355,54,9,0,0,7,0,0,0,1,0,2,54,0,0,0,0,0,0,0,0,0,0,0,0,0,0,0,0,0,0,0,0,0,0,0,0,0,0,0,0,0,0,0,0,0,0,0,0,0,0,0,0,0,0,0,0,0,0,0,0,0,0,0,0,0,0,0,0,0,0,0,0,0,0,0,0,0,0,0,0,0,0,0,51,1,3,4,57,0,2,6,0,3
1078.ps1,String_Concatenation,1,2594,1,2593.0,2593,0,0,21,21,21,21,3,3,7,312,55,12,0,0,7,0,0,0,0,0,0,47,0,0,0,0,0,0,0,0,0,0,0,0,0,0,0,0,0,0,0,0,0,0,0,0,0,0,0,0,0,0,0,0,0,0,0,0,0,0,0,0,0,0,0,0,0,0,0,0,0,0,0,0,0,0,0,0,0,0,0,0,0,1,0,0,0,0,0,0,0,0,0,55,1,0,7,48,0,0,12,3,6
1088.ps1,String_Concatenation,1,2787,1,2786.0,2786,0,2,21,21,20,20,3,3,11,348,57,9,0,0,7,0,0,0,0,0,2,54,0,0,0,0,0,0,0,0,0,0,0,0,0,0,0,0,0,0,0,0,0,0,0,0,0,0,0,0,0,0,0,0,0,0,0,0,0,0,0,0,0,0,0,0,0,0,0,0,0,0,0,0,0,0,0,0,0,0,0,0,0,0,0,0,0,0,0,0,0,0,0,54,1,3,4,57,0,2,9,0,3
1093.ps1,String_Concatenation,1,2618,1,2617.0,2617,0,2,21,21,23,23,3,3,8,312,57,12,0,0,7,0,0,0,0,0,2,48,0,0,0,0,0,0,0,0,0,0,0,0,0,0,0,0,0,0,0,0,0,0,0,0,0,0,0,0,0,0,0,0,0,0,0,0,0,0,0,0,0,0,0,0,0,0,0,0,0,0,0,0,0,0,0,0,0,0,0,0,0,0,0,0,0,0,0,0,0,0,0,57,1,0,7,48,0,2,12,3,6
1095.ps1,String_Concatenation,1,2699,1,2698.0,2698,0,1,21,21,19,19,3,3,10,330,55,10,0,0,7,0,0,0,0,0,0,51,0,0,0,0,0,0,0,0,0,0,0,0,0,0,0,0,0,0,0,0,0,0,0,0,0,0,0,0,0,0,0,0,0,0,0,0,0,0,0,0,0,0,0,0,0,0,0,0,0,0,0,0,0,0,0,0,0,0,0,0,1,0,0,0,0,0,0,0,0,0,0,52,1,3,4,55,0,0,10,0,3
1107.ps1,String_Concatenation,1,2816,1,2815.0,2815,0,2,18,18,19,19,2,2,24,6,106,9,0,30,11,0,0,0,0,0,1,76,0,0,0,0,0,0,0,0,0,0,0,0,0,0,0,0,0,0,0,0,0,0,0,0,0,0,0,0,0,0,0,1,2,0,0,0,0,0,0,0,0,0,0,0,0,0,0,0,0,0,0,0,0,1,0,0,0,0,0,0,0,1,0,0,0,0,0,0,0,3,0,80,1,3,8,79,0,1,14,1,7
1101.ps1,String_Concatenation,1,2693,1,2692.0,2692,0,2,19,19,17,17,3,3,7,321,77,12,0,0,7,0,0,0,1,0,2,74,0,0,0,0,0,0,0,0,0,0,0,0,0,0,0,0,0,0,0,0,0,0,0,0,0,0,0,0,0,0,0,0,0,0,0,0,0,0,0,0,0,0,0,0,0,0,0,0,0,0,0,0,0,0,0,0,0,0,0,0,0,0,0,0,0,0,0,0,0,0,0,77,1,0,5,74,0,2,6,3,4
1099.ps1,String_Concatenation,1,2628,1,2627.0,2627,0,3,21,21,15,15,3,3,11,312,74,9,0,0,7,0,0,0,0,0,2,75,0,0,0,0,0,0,0,0,0,0,0,0,0,0,0,0,0,0,0,0,0,0,0,0,0,0,0,0,0,0,0,0,0,0,0,0,0,0,0,0,0,0,0,0,0,0,0,0,0,0,0,0,0,0,0,0,0,0,0,0,0,0,0,0,0,0,0,0,0,0,0,71,1,3,4,78,0,2,4,0,3
1063.ps1,String_Concatenation,1,2651,1,2650.0,2650,0,0,20,20,13,13,3,3,9,332,51,13,2,0,7,0,0,0,0,0,0,54,0,0,0,0,0,0,0,0,0,0,0,0,0,0,0,0,0,0,0,0,0,0,0,0,0,0,0,0,0,0,0,0,0,0,0,0,0,0,0,0,0,0,0,0,0,0,0,0,0,0,0,0,0,0,0,0,0,0,0,0,0,0,0,0,0,0,0,0,0,0,0,52,2,0,6,56,0,0,3,4,5
1081.ps1,String_Concatenation,1,2689,1,2688.0,2688,0,2,23,23,23,23,3,3,10,312,78,9,0,0,7,0,0,0,1,0,2,72,0,0,0,0,0,0,0,0,0,0,0,0,0,0,0,0,0,0,0,0,0,0,0,0,0,0,0,0,0,0,0,0,0,0,0,0,0,0,0,0,0,0,0,0,0,0,0,0,0,0,0,0,0,0,0,0,0,0,0,0,0,0,0,0,0,0,0,0,0,0,0,75,1,3,6,75,0,2,12,0,5
1108.ps1,String_Concatenation,1,2819,1,2818.0,2818,0,1,24,24,23,23,3,3,10,331,80,10,0,0,7,0,0,0,1,0,1,76,0,0,0,0,0,0,0,0,0,0,0,0,0,0,0,0,0,0,0,0,0,0,0,0,0,0,0,0,0,0,0,0,0,0,0,0,0,0,0,0,0,0,0,0,0,0,0,0,0,0,0,0,0,0,0,0,0,0,0,0,0,0,0,0,0,0,0,0,0,0,0,78,1,3,7,79,0,1,13,1,6
1098.ps1,String_Concatenation,1,2575,1,2574.0,2574,0,2,22,22,14,14,3,3,11,313,50,10,0,0,7,0,0,0,1,0,1,53,0,0,0,0,0,0,0,0,0,0,0,0,0,0,0,0,0,0,0,0,0,0,0,0,0,0,0,0,0,0,0,0,0,0,0,0,0,0,0,0,0,0,0,0,0,0,0,0,0,0,0,0,0,0,0,0,0,0,0,0,0,0,0,0,0,0,0,0,0,0,0,48,1,4,4,57,0,1,4,1,3
1096.ps1,String_Concatenation,1,2635,1,2634.0,2634,0,0,19,19,18,18,3,3,7,312,76,12,0,0,7,0,0,0,0,0,0,71,0,0,0,0,0,0,0,0,0,0,0,0,0,0,0,0,0,0,0,0,0,0,0,0,0,0,0,0,0,0,0,0,0,0,0,0,0,0,0,0,0,0,0,0,0,0,0,0,0,0,0,0,0,0,0,0,0,0,0,0,0,1,0,0,0,0,0,0,0,0,0,76,1,0,5,72,0,0,9,3,4
1102.ps1,String_Concatenation,1,3259,1,3258.0,3258,0,1,7,7,5,5,1,1,2,681,62,3,0,0,0,0,1,0,0,0,0,64,0,0,0,0,0,0,0,0,0,0,0,0,0,0,0,0,0,0,0,0,0,0,0,0,0,0,0,0,0,0,0,0,0,0,0,0,0,0,0,0,0,0,0,0,0,0,0,0,0,0,0,0,0,0,0,0,0,0,0,0,1,1,0,0,0,0,0,0,0,0,0,62,1,2,3,67,0,0,3,0,2
1084.ps1,String_Concatenation,1,2609,1,2608.0,2608,0,1,19,19,16,16,3,3,7,305,73,13,0,0,7,0,0,0,1,0,1,72,0,0,0,0,0,0,0,0,0,0,0,0,0,0,0,0,0,0,0,0,0,0,0,0,0,0,0,0,0,0,0,0,0,0,0,0,0,0,0,0,0,0,0,0,0,0,0,0,0,0,0,0,0,0,0,0,0,0,0,0,0,0,0,0,0,0,0,0,0,0,0,74,1,0,5,72,0,1,6,4,4
1118.ps1,String_Concatenation,1,475,1,474.0,474,0,0,8,8,13,13,0,0,8,5,38,7,0,3,0,0,0,0,0,0,0,34,0,0,0,0,0,0,0,0,0,0,0,0,0,0,0,0,0,0,0,0,0,0,0,0,0,0,0,0,0,0,0,0,0,0,0,0,0,0,0,0,0,0,0,0,0,0,0,0,0,0,0,0,0,0,0,0,0,0,0,0,1,0,0,0,0,0,0,0,0,1,0,42,1,0,6,35,0,0,13,4,5
1119.ps1,String_Concatenation,1,2617,1,2616.0,2616,0,2,23,23,23,23,3,3,10,312,55,9,0,0,7,0,0,0,1,0,2,49,0,0,0,0,0,0,0,0,0,0,0,0,0,0,0,0,0,0,0,0,0,0,0,0,0,0,0,0,0,0,0,0,0,0,0,0,0,0,0,0,0,0,0,0,0,0,0,0,0,0,0,0,0,0,0,0,0,0,0,0,0,0,0,0,0,0,0,0,0,0,0,52,1,3,6,52,0,2,12,0,5
1110.ps1,String_Concatenation,1,1152,1,1151.0,1151,1,2,17,18,28,28,1,1,26,5,147,5,0,5,7,0,2,0,1,0,2,137,0,0,0,0,0,0,0,0,0,0,0,0,0,0,0,0,0,0,0,0,0,0,0,0,0,0,0,0,0,0,0,0,0,0,0,0,0,0,0,0,0,0,0,0,0,0,0,0,0,0,0,0,0,0,0,0,0,0,0,0,0,1,0,0,0,0,0,0,0,0,0,144,1,4,8,141,0,2,18,0,7
1117.ps1,String_Concatenation,1,2669,1,2668.0,2668,0,0,20,20,16,16,3,3,9,314,74,13,2,0,7,0,0,0,0,0,0,74,0,0,0,0,0,0,0,0,0,0,0,0,0,0,0,0,0,0,0,0,0,0,0,0,0,0,0,0,0,0,0,0,0,0,0,0,0,0,0,0,0,0,0,0,0,0,0,0,0,0,0,0,0,0,0,0,0,0,0,0,0,0,0,0,0,0,0,0,0,0,0,75,2,0,6,76,0,0,6,4,5
110.ps1,String_Concatenation,1,2676,1,2675.0,2675,0,0,22,22,19,19,3,3,9,314,76,13,2,0,7,0,0,0,0,0,0,73,0,0,0,0,0,0,0,0,0,0,0,0,0,0,0,0,0,0,0,0,0,0,0,0,0,0,0,0,0,0,0,0,0,0,0,0,0,0,0,0,0,0,0,0,0,0,0,0,0,0,0,0,0,0,0,0,0,0,0,0,0,0,0,0,0,0,0,0,0,0,0,77,2,0,8,75,0,0,9,4,7
1126.ps1,String_Concatenation,1,435,1,434.0,434,1,2,7,7,9,9,0,0,6,5,42,6,0,4,0,0,0,0,1,0,2,43,0,0,0,0,0,0,0,0,0,0,0,0,0,0,0,0,0,0,0,0,0,0,0,0,0,0,0,0,0,0,0,0,0,0,0,0,0,0,0,0,0,0,0,0,0,0,0,0,0,0,0,0,0,0,0,0,0,0,0,0,0,0,0,0,0,0,1,0,0,0,0,46,1,0,5,43,0,2,7,4,4
1131.ps1,String_Concatenation,1,254,1,253.0,253,0,0,7,7,2,2,6,6,9,3,23,4,2,3,0,0,0,0,0,0,0,26,0,0,0,0,0,0,0,0,0,0,0,0,0,0,0,0,0,0,0,0,0,0,0,0,0,0,0,0,0,0,0,0,0,0,0,0,0,0,0,0,0,0,0,0,0,0,0,1,0,0,0,0,0,0,0,0,0,0,0,0,0,0,0,0,0,0,0,0,0,0,0,25,2,0,6,28,0,0,1,1,5
1120.ps1,String_Concatenation,1,2636,1,2635.0,2635,0,0,19,19,18,18,3,3,7,312,75,12,0,0,7,0,0,0,0,0,0,70,0,0,0,0,0,0,0,0,0,0,0,0,0,0,0,0,0,0,0,0,0,0,0,0,0,0,0,0,0,0,0,0,0,0,0,0,0,0,0,0,0,0,0,0,0,0,0,0,0,0,0,0,0,0,0,0,0,0,0,0,0,1,0,0,0,0,0,0,0,0,0,75,1,0,5,71,0,0,9,3,4
1123.ps1,String_Concatenation,1,2668,1,2667.0,2667,0,2,21,21,20,20,3,3,8,312,78,12,0,0,7,0,0,0,0,0,2,72,0,0,0,0,0,0,0,0,0,0,0,0,0,0,0,0,0,0,0,0,0,0,0,0,0,0,0,0,0,0,0,0,0,0,0,0,0,0,0,0,0,0,0,0,0,0,0,0,0,0,0,0,0,0,0,0,0,0,0,0,0,0,0,0,0,0,0,0,0,0,0,78,1,0,7,72,0,2,9,3,6
1137.ps1,String_Concatenation,1,2751,1,2750.0,2750,0,3,21,21,18,18,3,3,10,330,79,9,0,0,7,0,0,0,1,0,2,77,0,0,0,0,0,0,0,0,0,0,0,0,0,0,0,0,0,0,0,0,0,0,0,0,0,0,0,0,0,0,0,0,0,0,0,0,0,0,0,0,0,0,0,0,0,0,0,0,0,0,0,0,0,0,0,0,0,0,0,0,0,0,0,0,0,0,0,0,0,0,0,76,1,3,4,80,0,2,7,0,3
1127.ps1,String_Concatenation,1,2737,1,2736.0,2736,0,1,20,20,18,18,3,3,8,313,77,13,0,0,8,0,0,0,1,0,1,76,0,0,0,0,0,0,0,0,0,0,0,0,0,0,0,0,0,0,0,0,0,0,0,0,0,0,0,0,0,0,0,0,0,0,0,0,0,0,0,0,0,0,0,0,0,0,0,0,0,0,0,0,0,0,0,0,0,0,0,0,0,0,0,0,0,0,0,0,0,0,0,78,1,1,5,77,0,1,6,4,4
113.ps1,String_Concatenation,1,2677,1,2676.0,2676,0,1,24,24,20,20,3,3,11,314,76,10,2,0,7,0,0,0,1,0,0,74,0,0,0,0,0,0,0,0,0,0,0,0,0,0,0,0,0,0,0,0,0,0,0,0,0,0,0,0,0,0,0,0,0,0,0,0,0,0,0,0,0,0,0,0,0,0,0,0,0,0,0,0,0,0,0,0,0,0,0,0,0,0,0,0,0,0,0,0,0,0,0,74,2,3,7,79,0,0,10,1,6
1142.ps1,String_Concatenation,1,425,1,424.0,424,1,1,10,10,11,11,1,1,8,3,32,5,0,3,1,0,0,0,0,0,1,30,0,0,0,0,0,0,0,0,0,0,0,0,0,0,0,0,0,0,0,0,0,0,0,0,0,0,0,0,0,0,0,0,0,0,0,0,0,0,0,0,0,0,0,0,0,0,0,0,0,0,0,0,0,0,0,0,0,0,0,0,0,1,0,0,0,0,0,0,0,0,0,35,1,0,8,30,0,1,9,3,7
1132.ps1,String_Concatenation,1,3033,1,3032.0,3032,0,0,22,22,19,19,3,3,11,395,59,11,2,0,7,0,0,0,1,0,0,59,0,0,0,0,0,0,0,0,0,0,0,0,0,0,0,0,0,0,0,0,0,0,0,0,0,0,0,0,0,0,0,0,0,0,0,0,0,0,0,0,0,0,0,0,0,0,0,0,0,0,0,0,0,0,0,0,0,0,0,0,0,0,0,0,0,0,0,0,0,0,0,57,2,3,5,64,0,0,9,1,4
1128.ps1,String_Concatenation,1,2671,1,2670.0,2670,0,1,20,20,16,16,3,3,7,332,53,13,0,0,7,0,0,0,1,0,1,52,0,0,0,0,0,0,0,0,0,0,0,0,0,0,0,0,0,0,0,0,0,0,0,0,0,0,0,0,0,0,0,0,0,0,0,0,0,0,0,0,0,0,0,0,0,0,0,0,0,0,0,0,0,0,0,0,0,0,0,0,0,0,0,0,0,0,0,0,0,0,0,54,1,0,6,52,0,1,6,4,5
1149.ps1,String_Concatenation,1,2637,1,2636.0,2636,0,0,21,21,16,16,3,3,8,311,73,13,2,0,7,0,0,0,1,0,0,73,0,0,0,0,0,0,0,0,0,0,0,0,0,0,0,0,0,0,0,0,0,0,0,0,0,0,0,0,0,0,0,0,0,0,0,0,0,0,0,0,0,0,0,0,0,0,0,0,0,0,0,0,0,0,0,0,0,0,0,0,0,0,0,0,0,0,0,0,0,0,0,74,2,0,7,75,0,0,6,4,6
1145.ps1,String_Concatenation,1,2597,1,2596.0,2596,0,2,22,22,20,20,3,3,10,312,53,9,0,0,7,0,0,0,1,0,2,50,0,0,0,0,0,0,0,0,0,0,0,0,0,0,0,0,0,0,0,0,0,0,0,0,0,0,0,0,0,0,0,0,0,0,0,0,0,0,0,0,0,0,0,0,0,0,0,0,0,0,0,0,0,0,0,0,0,0,0,0,0,0,0,0,0,0,0,0,0,0,0,50,1,3,5,53,0,2,9,0,4
1139.ps1,String_Concatenation,1,2680,1,2679.0,2679,0,1,21,21,20,20,3,3,8,313,77,13,0,0,7,0,0,0,0,0,1,73,0,0,0,0,0,0,0,0,0,0,0,0,0,0,0,0,0,0,0,0,0,0,0,0,0,0,0,0,0,0,0,0,0,0,0,0,0,0,0,0,0,0,0,0,0,0,0,0,0,0,0,0,0,0,0,0,0,0,0,0,0,0,0,0,0,0,0,0,0,0,0,78,1,0,7,73,0,1,10,4,6
1138.ps1,String_Concatenation,1,2570,1,2569.0,2569,0,1,20,20,16,16,3,3,8,314,51,13,0,0,7,0,0,0,0,0,1,50,0,0,0,0,0,0,0,0,0,0,0,0,0,0,0,0,0,0,0,0,0,0,0,0,0,0,0,0,0,0,0,0,0,0,0,0,0,0,0,0,0,0,0,0,0,0,0,0,0,0,0,0,0,0,0,0,0,0,0,0,0,0,0,0,0,0,0,0,0,0,0,52,1,0,6,50,0,1,6,4,5
1146.ps1,String_Concatenation,1,441,1,440.0,440,1,0,10,10,11,11,0,0,9,7,29,7,2,3,0,0,0,0,1,0,0,30,0,0,0,0,0,0,0,0,0,0,0,0,0,0,0,0,0,0,0,0,0,0,0,0,0,0,0,0,0,0,0,0,0,0,0,0,0,0,0,0,0,0,0,0,0,0,0,0,0,0,0,0,0,0,0,0,0,0,0,0,0,0,0,0,0,0,1,0,0,0,0,34,2,0,8,32,0,0,10,5,7
1129.ps1,String_Concatenation,1,463,1,462.0,462,0,1,8,8,11,11,0,0,9,7,42,7,0,3,0,0,0,0,0,0,1,42,0,0,0,0,0,0,0,0,0,0,0,0,0,0,0,0,0,0,0,0,0,0,0,0,0,0,0,0,0,0,0,0,0,0,0,0,0,0,0,0,0,0,0,0,0,0,0,0,0,0,0,0,0,0,0,0,0,0,0,0,0,0,0,0,0,0,0,0,0,0,0,47,1,0,6,42,0,1,10,5,5
1150.ps1,String_Concatenation,1,441,1,440.0,440,1,0,5,5,5,5,0,0,9,1,44,8,0,9,0,0,0,0,0,0,0,43,0,0,0,0,0,0,0,0,0,0,0,0,0,0,0,0,0,0,0,0,0,0,0,0,0,0,0,0,0,0,0,0,0,0,0,0,0,0,0,0,0,0,0,0,0,0,0,1,0,0,0,0,0,0,0,0,0,0,0,0,0,1,0,0,0,0,0,0,0,0,0,44,1,1,3,45,0,0,5,0,2
1162.ps1,String_Concatenation,1,2763,1,2762.0,2762,0,0,20,20,16,16,3,3,9,332,77,14,2,0,7,0,0,0,0,0,0,77,0,0,0,0,0,0,0,0,0,0,0,0,0,0,0,0,0,0,0,0,0,0,0,0,0,0,0,0,0,0,0,0,0,0,0,0,0,0,0,0,0,0,0,0,0,0,0,0,0,0,0,0,0,0,0,0,0,0,0,0,0,0,0,0,0,0,0,0,0,0,0,78,2,0,6,79,0,0,6,4,5
1159.ps1,String_Concatenation,1,2883,1,2882.0,2882,0,3,21,21,18,18,3,3,10,355,82,9,0,0,7,0,0,0,1,0,2,80,0,0,0,0,0,0,0,0,0,0,0,0,0,0,0,0,0,0,0,0,0,0,0,0,0,0,0,0,0,0,0,0,0,0,0,0,0,0,0,0,0,0,0,0,0,0,0,0,0,0,0,0,0,0,0,0,0,0,0,0,0,0,0,0,0,0,0,0,0,0,0,79,1,3,4,83,0,2,7,0,3
116.ps1,String_Concatenation,1,2819,1,2818.0,2818,0,2,20,20,20,20,3,3,8,355,58,12,0,0,7,0,0,0,0,0,2,52,0,0,0,0,0,0,0,0,0,0,0,0,0,0,0,0,0,0,0,0,0,0,0,0,0,0,0,0,0,0,0,0,0,0,0,0,0,0,0,0,0,0,0,0,0,0,0,0,0,0,0,0,0,0,0,0,0,0,0,0,0,0,0,0,0,0,0,0,0,0,0,58,1,0,6,52,0,2,9,3,5
1135.ps1,String_Concatenation,1,2713,1,2712.0,2712,0,0,22,22,21,21,3,3,10,330,55,10,0,0,7,0,0,0,0,0,0,50,0,0,0,0,0,0,0,0,0,0,0,0,0,0,0,0,0,0,0,0,0,0,0,0,0,0,0,0,0,0,0,0,0,0,0,0,0,0,0,0,0,0,0,0,0,0,0,0,0,0,0,0,0,0,0,0,0,0,0,0,1,0,0,0,0,0,0,0,0,0,0,52,1,3,5,54,0,0,12,0,4
1156.ps1,String_Concatenation,1,2716,1,2715.0,2715,0,2,21,21,23,23,3,3,7,330,59,12,0,0,7,0,0,0,1,0,2,50,0,0,0,0,0,0,0,0,0,0,0,0,0,0,0,0,0,0,0,0,0,0,0,0,0,0,0,0,0,0,0,0,0,0,0,0,0,0,0,0,0,0,0,0,0,0,0,0,0,0,0,0,0,0,0,0,0,0,0,0,0,0,0,0,0,0,0,0,0,0,0,59,1,0,7,50,0,2,12,3,6
1163.ps1,String_Concatenation,1,3232,1,3231.0,3231,0,0,18,18,12,12,3,3,7,443,62,13,0,0,7,0,0,0,0,0,0,63,0,0,0,0,0,0,0,0,0,0,0,0,0,0,0,0,0,0,0,0,0,0,0,0,0,0,0,0,0,0,0,0,0,0,0,0,0,0,0,0,0,0,0,0,0,0,0,0,0,0,0,0,0,0,0,0,0,0,0,0,1,0,0,0,0,0,0,0,0,0,0,62,1,0,4,64,0,0,3,3,3
1158.ps1,String_Concatenation,1,2803,1,2802.0,2802,0,1,23,23,23,23,3,3,11,331,80,10,0,0,7,0,0,0,0,0,1,76,0,0,0,0,0,0,0,0,0,0,0,0,0,0,0,0,0,0,0,0,0,0,0,0,0,0,0,0,0,0,0,0,0,0,0,0,0,0,0,0,0,0,0,0,0,0,0,0,0,0,0,0,0,0,0,0,0,0,0,0,0,0,0,0,0,0,0,0,0,0,0,78,1,3,6,79,0,1,13,1,5
1160.ps1,String_Concatenation,1,2403,1,2402.0,2402,0,1,11,11,5,5,4,4,8,4,92,5,0,29,1,0,0,0,1,0,1,67,0,0,0,0,0,0,0,0,0,0,0,0,0,0,0,0,0,0,0,0,0,0,0,0,0,0,0,0,0,0,0,0,2,0,0,0,0,0,0,0,0,0,0,0,0,0,0,1,0,0,0,0,0,1,0,0,0,0,0,0,0,1,0,0,0,0,0,0,0,3,0,67,1,1,5,68,0,1,2,2,4
1176.ps1,String_Concatenation,1,3070,1,3069.0,3069,0,2,19,19,17,17,3,3,7,405,62,12,0,0,7,0,0,0,1,0,2,59,0,0,0,0,0,0,0,0,0,0,0,0,0,0,0,0,0,0,0,0,0,0,0,0,0,0,0,0,0,0,0,0,0,0,0,0,0,0,0,0,0,0,0,0,0,0,0,0,0,0,0,0,0,0,0,0,0,0,0,0,0,0,0,0,0,0,0,0,0,0,0,62,1,0,5,59,0,2,6,3,4
1167.ps1,String_Concatenation,1,2637,1,2636.0,2636,0,0,20,20,18,18,3,3,7,312,76,12,0,0,7,0,0,0,0,0,0,71,0,0,0,0,0,0,0,0,0,0,0,0,0,0,0,0,0,0,0,0,0,0,0,0,0,0,0,0,0,0,0,0,0,0,0,0,0,0,0,0,0,0,0,0,0,0,0,0,0,0,0,0,0,0,0,0,0,0,0,0,0,1,0,0,0,0,0,0,0,0,0,76,1,0,6,72,0,0,9,3,5
1188.ps1,String_Concatenation,1,2877,1,2876.0,2876,0,1,20,20,16,16,3,3,8,357,80,13,0,0,7,0,0,0,0,0,1,79,0,0,0,0,0,0,0,0,0,0,0,0,0,0,0,0,0,0,0,0,0,0,0,0,0,0,0,0,0,0,0,0,0,0,0,0,0,0,0,0,0,0,0,0,0,0,0,0,0,0,0,0,0,0,0,0,0,0,0,0,0,0,0,0,0,0,0,0,0,0,0,81,1,0,6,79,0,1,6,4,5
1170.ps1,String_Concatenation,1,2685,1,2684.0,2684,0,2,23,23,23,23,3,3,10,312,76,9,0,0,7,0,0,0,1,0,2,70,0,0,0,0,0,0,0,0,0,0,0,0,0,0,0,0,0,0,0,0,0,0,0,0,0,0,0,0,0,0,0,0,0,0,0,0,0,0,0,0,0,0,0,0,0,0,0,0,0,0,0,0,0,0,0,0,0,0,0,0,0,0,0,0,0,0,0,0,0,0,0,73,1,3,6,73,0,2,12,0,5
1171.ps1,String_Concatenation,1,2740,1,2739.0,2739,0,2,21,21,17,17,3,3,10,330,77,9,0,0,7,0,0,0,1,0,2,77,0,0,0,0,0,0,0,0,0,0,0,0,0,0,0,0,0,0,0,0,0,0,0,0,0,0,0,0,0,0,0,0,0,0,0,0,0,0,0,0,0,0,0,0,0,0,0,0,0,0,0,0,0,0,0,0,0,0,0,0,0,0,0,0,0,0,0,0,0,0,0,74,1,3,4,80,0,2,6,0,3
118.ps1,String_Concatenation,1,2638,1,2637.0,2637,0,0,20,20,18,18,3,3,7,312,76,12,0,0,7,0,0,0,0,0,0,71,0,0,0,0,0,0,0,0,0,0,0,0,0,0,0,0,0,0,0,0,0,0,0,0,0,0,0,0,0,0,0,0,0,0,0,0,0,0,0,0,0,0,0,0,0,0,0,0,0,0,0,0,0,0,0,0,0,0,0,0,0,1,0,0,0,0,0,0,0,0,0,76,1,0,6,72,0,0,9,3,5
1164.ps1,String_Concatenation,1,2575,1,2574.0,2574,0,0,21,21,18,18,3,3,10,312,51,9,0,0,7,0,0,0,0,0,0,49,0,0,0,0,0,0,0,0,0,0,0,0,0,0,0,0,0,0,0,0,0,0,0,0,0,0,0,0,0,0,0,0,0,0,0,0,0,0,0,0,0,0,0,0,0,0,0,0,0,0,0,0,0,0,0,0,0,0,0,0,0,1,0,0,0,0,0,0,0,0,0,48,1,3,4,53,0,0,9,0,3
1169.ps1,String_Concatenation,1,2617,1,2616.0,2616,0,2,18,18,14,14,3,3,8,312,74,12,0,0,7,0,0,0,0,0,2,74,0,0,0,0,0,0,0,0,0,0,0,0,0,0,0,0,0,0,0,0,0,0,0,0,0,0,0,0,0,0,0,0,0,0,0,0,0,0,0,0,0,0,0,0,0,0,0,0,0,0,0,0,0,0,0,0,0,0,0,0,0,0,0,0,0,0,0,0,0,0,0,74,1,0,4,74,0,2,3,3,3
1189.ps1,String_Concatenation,1,2733,1,2732.0,2732,0,0,23,23,22,22,3,3,9,332,57,14,2,0,7,0,0,0,0,0,0,51,0,0,0,0,0,0,0,0,0,0,0,0,0,0,0,0,0,0,0,0,0,0,0,0,0,0,0,0,0,0,0,0,0,0,0,0,0,0,0,0,0,0,0,0,0,0,0,0,0,0,0,0,0,0,0,0,0,0,0,0,0,0,0,0,0,0,0,0,0,0,0,58,2,0,9,53,0,0,12,4,8
1199.ps1,String_Concatenation,1,1238,1,1237.0,1237,0,1,19,19,27,28,3,2,31,9,127,6,3,5,9,0,2,0,1,1,0,125,0,0,0,0,0,0,0,0,0,0,0,0,0,0,0,0,0,0,0,0,0,0,0,0,0,0,0,0,0,0,0,0,0,0,0,0,0,0,0,0,0,0,0,0,0,0,0,0,0,0,0,0,0,0,0,0,0,0,0,0,0,0,0,0,0,0,0,0,0,0,0,126,2,6,8,133,0,0,18,1,7
12.ps1,String_Concatenation,1,2711,1,2710.0,2710,0,1,23,23,22,22,3,3,8,313,79,13,0,0,7,0,0,0,1,0,1,72,0,0,0,0,0,0,0,0,0,0,0,0,0,0,0,0,0,0,0,0,0,0,0,0,0,0,0,0,0,0,0,0,0,0,0,0,0,0,0,0,0,0,0,0,0,0,0,0,0,0,0,0,0,0,0,0,0,0,0,0,0,0,0,0,0,0,0,0,0,0,0,80,1,1,8,73,0,1,12,4,7
1194.ps1,String_Concatenation,1,3937,1,3936.0,3936,0,1,19,19,13,13,3,3,9,567,76,13,0,0,7,0,0,0,0,0,1,78,0,0,0,0,0,0,0,0,0,0,0,0,0,0,0,0,0,0,0,0,0,0,0,0,0,0,0,0,0,0,0,0,0,0,0,0,0,0,0,0,0,0,0,0,0,0,0,0,0,0,0,0,0,0,0,0,0,0,0,0,0,0,0,0,0,0,0,0,0,0,0,77,1,1,4,79,0,1,3,4,3
1200.ps1,String_Concatenation,1,446,1,445.0,445,0,1,10,10,10,10,0,0,12,5,48,2,0,4,0,0,0,0,0,0,0,49,0,0,0,0,0,0,0,0,0,0,0,0,0,0,0,0,0,0,0,0,0,0,0,0,0,0,0,0,0,0,0,0,0,0,0,0,0,0,0,0,0,0,0,0,0,0,0,0,0,0,0,0,0,0,0,0,0,0,0,0,0,1,0,0,0,0,0,0,0,0,0,48,1,4,4,54,0,0,10,0,3
119.ps1,String_Concatenation,1,327,1,326.0,326,0,1,7,7,2,2,6,6,10,2,36,4,0,6,0,0,0,0,0,0,1,38,0,0,0,0,0,0,0,0,0,0,0,0,0,0,0,0,0,0,0,0,0,0,0,0,0,0,0,0,0,0,0,0,0,0,0,0,0,0,0,0,0,0,0,0,0,0,0,1,0,0,0,0,0,0,0,0,0,0,0,0,0,0,0,0,0,0,0,0,1,1,0,38,1,1,5,39,0,1,1,1,4
121.ps1,String_Concatenation,1,2684,1,2683.0,2683,0,0,23,23,24,24,3,3,10,312,78,9,0,0,7,0,0,0,0,0,0,70,0,0,0,0,0,0,0,0,0,0,0,0,0,0,0,0,0,0,0,0,0,0,0,0,0,0,0,0,0,0,0,0,0,0,0,0,0,0,0,0,0,0,0,0,0,0,0,0,0,0,0,0,0,0,0,0,0,0,0,0,0,1,0,0,0,0,0,0,0,0,0,75,1,3,6,74,0,0,15,0,5
1192.ps1,String_Concatenation,1,2637,1,2636.0,2636,0,2,24,24,20,20,3,3,11,313,54,10,0,0,7,0,0,0,1,0,1,51,0,0,0,0,0,0,0,0,0,0,0,0,0,0,0,0,0,0,0,0,0,0,0,0,0,0,0,0,0,0,0,0,0,0,0,0,0,0,0,0,0,0,0,0,0,0,0,0,0,0,0,0,0,0,0,0,0,0,0,0,0,0,0,0,0,0,0,0,0,0,0,52,1,4,6,55,0,1,10,1,5
1209.ps1,String_Concatenation,1,3083,1,3082.0,3082,0,2,27,27,23,23,5,5,16,315,88,17,0,0,12,0,0,0,3,0,1,86,0,0,0,0,0,0,0,0,0,0,0,0,0,0,0,0,0,0,0,0,0,0,0,0,0,0,0,0,0,0,0,0,0,0,0,0,0,0,0,0,0,0,0,0,0,0,0,0,0,0,0,0,0,0,0,0,0,0,0,0,0,2,0,0,0,0,0,0,0,0,0,85,1,4,6,90,0,1,10,1,5
1216.ps1,String_Concatenation,1,2884,1,2883.0,2883,0,2,12,12,7,7,6,6,9,4,164,5,0,120,2,0,0,0,0,0,2,80,0,0,0,0,0,0,0,0,0,0,0,0,0,0,0,0,0,0,0,0,0,0,0,0,0,0,0,0,0,0,0,0,0,0,0,0,0,0,0,0,0,0,0,0,0,0,0,1,1,0,0,0,0,1,0,0,0,0,0,0,0,0,0,0,0,0,0,0,0,3,0,81,1,0,4,80,0,2,2,1,3
1215.ps1,String_Concatenation,1,1348,1,1347.0,1347,1,2,15,15,23,23,2,2,28,5,175,4,0,5,9,0,2,0,1,0,2,172,0,0,0,0,0,0,0,0,0,0,0,0,0,0,0,0,0,0,0,0,0,0,0,0,0,0,0,0,0,0,0,0,0,0,0,0,0,0,0,0,0,0,0,0,0,0,0,0,0,0,0,0,0,0,0,0,0,0,0,0,0,0,0,0,0,0,0,0,0,0,0,173,1,4,6,176,0,2,12,0,5
1219.ps1,String_Concatenation,1,2777,1,2776.0,2776,0,1,20,20,16,16,3,3,10,355,55,9,0,0,7,0,0,0,0,0,0,54,0,0,0,0,0,0,0,0,0,0,0,0,0,0,0,0,0,0,0,0,0,0,0,0,0,0,0,0,0,0,0,0,0,0,0,0,0,0,0,0,0,0,0,0,0,0,0,0,0,0,0,0,0,0,0,0,0,0,0,0,0,1,0,0,0,0,0,0,0,0,0,52,1,3,3,58,0,0,7,0,2
1217.ps1,String_Concatenation,1,2744,1,2743.0,2743,0,1,24,24,26,26,3,3,10,313,79,10,0,0,7,0,0,0,1,0,1,72,0,0,0,0,0,0,0,0,0,0,0,0,0,0,0,0,0,0,0,0,0,0,0,0,0,0,0,0,0,0,0,0,0,0,0,0,0,0,0,0,0,0,0,0,0,0,0,0,0,0,0,0,0,0,0,0,0,0,0,0,0,0,0,0,0,0,0,0,0,0,0,77,1,3,7,75,0,1,16,1,6
1212.ps1,String_Concatenation,1,3713,1,3712.0,3712,0,3,23,23,21,21,3,3,11,502,106,9,0,0,7,0,0,0,0,0,2,101,0,0,0,0,0,0,0,0,0,0,0,0,0,0,0,0,0,0,0,0,0,0,0,0,0,0,0,0,0,0,0,0,0,0,0,0,0,0,0,0,0,0,0,0,0,0,0,0,0,0,0,0,0,0,0,0,0,0,0,0,0,0,0,0,0,0,0,0,0,0,0,103,1,3,6,104,0,2,10,0,5
1229.ps1,String_Concatenation,1,2592,1,2591.0,2591,0,2,21,21,20,20,3,3,11,312,53,9,0,0,7,0,0,0,0,0,2,50,0,0,0,0,0,0,0,0,0,0,0,0,0,0,0,0,0,0,0,0,0,0,0,0,0,0,0,0,0,0,0,0,0,0,0,0,0,0,0,0,0,0,0,0,0,0,0,0,0,0,0,0,0,0,0,0,0,0,0,0,0,0,0,0,0,0,0,0,0,0,0,50,1,3,4,53,0,2,9,0,3
1223.ps1,String_Concatenation,1,295,1,294.0,294,1,2,7,7,3,3,0,0,8,2,29,3,0,5,0,0,0,0,0,0,2,30,0,0,0,0,0,0,0,0,0,0,0,0,0,0,0,0,0,0,0,0,0,0,0,0,0,0,0,0,0,0,0,0,0,0,0,0,0,0,0,0,0,0,0,0,0,0,0,0,0,0,0,0,0,0,0,0,0,0,0,0,0,0,0,0,0,0,0,0,0,0,0,30,1,0,5,30,0,2,1,1,4
1206.ps1,String_Concatenation,1,536,1,535.0,535,0,2,9,9,14,14,0,0,12,2,65,1,0,3,3,0,0,0,1,0,2,61,0,0,0,0,0,0,0,0,0,0,0,0,0,0,0,0,0,0,0,0,0,0,0,0,0,0,0,0,0,0,0,0,0,0,0,0,0,0,0,0,0,0,0,0,0,0,0,0,0,0,0,0,0,0,0,0,0,0,0,0,0,1,0,0,0,0,0,0,0,0,0,65,1,2,6,63,0,2,10,0,5
1220.ps1,String_Concatenation,1,2700,1,2699.0,2699,0,2,20,20,20,20,3,3,8,330,57,12,0,0,7,0,0,0,0,0,2,51,0,0,0,0,0,0,0,0,0,0,0,0,0,0,0,0,0,0,0,0,0,0,0,0,0,0,0,0,0,0,0,0,0,0,0,0,0,0,0,0,0,0,0,0,0,0,0,0,0,0,0,0,0,0,0,0,0,0,0,0,0,0,0,0,0,0,0,0,0,0,0,57,1,0,6,51,0,2,9,3,5
1224.ps1,String_Concatenation,1,1078,1,1077.0,1077,0,3,13,13,19,19,2,2,28,6,102,4,0,6,8,0,2,0,1,0,2,102,0,0,0,0,0,0,0,0,0,0,0,0,0,0,0,0,0,0,0,0,0,0,0,0,0,0,0,0,0,0,0,0,0,0,0,0,0,0,0,0,0,0,0,0,0,0,0,0,0,0,0,0,0,0,0,0,0,0,0,0,0,1,0,0,0,0,0,0,0,0,0,100,1,4,4,106,0,2,9,0,3
1238.ps1,String_Concatenation,1,2582,1,2581.0,2581,0,2,21,21,17,17,3,3,10,314,51,10,0,0,7,0,0,0,1,0,1,51,0,0,0,0,0,0,0,0,0,0,0,0,0,0,0,0,0,0,0,0,0,0,0,0,0,0,0,0,0,0,0,0,0,0,0,0,0,0,0,0,0,0,0,0,0,0,0,0,0,0,0,0,0,0,0,0,0,0,0,0,0,0,0,0,0,0,0,0,0,0,0,49,1,3,4,54,0,1,7,1,3
1222.ps1,String_Concatenation,1,2713,1,2712.0,2712,0,1,21,21,19,19,3,3,10,323,75,10,0,0,7,0,0,0,1,0,1,74,0,0,0,0,0,0,0,0,0,0,0,0,0,0,0,0,0,0,0,0,0,0,0,0,0,0,0,0,0,0,0,0,0,0,0,0,0,0,0,0,0,0,0,0,0,0,0,0,0,0,0,0,0,0,0,0,0,0,0,0,0,0,0,0,0,0,0,0,0,0,0,73,1,3,4,77,0,1,9,1,3
1226.ps1,String_Concatenation,1,2844,1,2843.0,2843,0,1,23,23,22,22,3,3,10,355,59,10,0,0,7,0,0,0,0,0,0,52,0,0,0,0,0,0,0,0,0,0,0,0,0,0,0,0,0,0,0,0,0,0,0,0,0,0,0,0,0,0,0,0,0,0,0,0,0,0,0,0,0,0,0,0,0,0,0,0,0,0,0,0,0,0,0,0,0,0,0,0,1,0,0,0,0,0,0,0,0,0,0,56,1,3,6,56,0,0,13,0,5
1244.ps1,String_Concatenation,1,2747,1,2746.0,2746,0,0,12,12,13,13,2,2,20,5,100,12,0,41,12,0,0,0,0,0,0,74,0,0,0,0,0,0,0,0,0,0,0,0,0,0,0,0,0,0,0,0,0,0,0,0,0,0,0,0,0,0,0,1,3,0,0,0,0,0,0,0,0,0,0,0,0,0,0,0,1,0,0,0,0,0,0,0,0,0,0,0,1,1,0,0,0,0,0,0,0,3,0,79,1,0,5,75,0,0,9,3,4
1232.ps1,String_Concatenation,1,959,1,958.0,958,0,2,14,14,21,20,1,1,25,6,96,4,0,5,7,1,3,1,2,0,2,94,0,0,0,0,0,0,0,0,0,0,0,0,0,0,0,0,0,0,0,0,0,0,0,0,0,0,0,0,0,0,0,0,0,0,0,0,0,0,0,0,0,0,0,0,0,0,0,0,0,0,0,0,0,0,0,0,0,0,0,0,0,0,0,0,0,0,0,0,0,0,0,93,1,4,5,98,0,2,11,0,4
1231.ps1,String_Concatenation,1,864,1,863.0,863,1,1,14,14,11,11,1,1,23,5,90,6,2,8,5,0,0,0,0,0,0,90,0,0,0,0,0,0,0,0,0,0,0,0,0,0,0,0,0,0,0,0,0,0,0,0,0,0,0,0,0,0,0,0,0,0,0,0,0,0,0,0,0,0,0,0,0,0,0,0,0,0,0,0,0,0,0,0,0,0,0,0,0,0,0,0,0,0,0,0,0,0,0,91,2,2,6,94,0,0,8,1,5
126.ps1,String_Concatenation,1,1172,1,1171.0,1171,1,2,14,14,21,21,1,1,27,5,149,4,0,5,8,0,2,0,1,0,2,148,0,0,0,0,0,0,0,0,0,0,0,0,0,0,0,0,0,0,0,0,0,0,0,0,0,0,0,0,0,0,0,0,0,0,0,0,0,0,0,0,0,0,0,0,0,0,0,0,0,0,0,0,0,0,0,0,0,0,0,0,0,0,0,0,0,0,0,0,0,0,0,147,1,4,5,152,0,2,11,0,4
1253.ps1,String_Concatenation,1,2667,1,2666.0,2666,0,2,23,23,23,23,3,3,10,321,56,9,0,0,7,0,0,0,1,0,2,50,0,0,0,0,0,0,0,0,0,0,0,0,0,0,0,0,0,0,0,0,0,0,0,0,0,0,0,0,0,0,0,0,0,0,0,0,0,0,0,0,0,0,0,0,0,0,0,0,0,0,0,0,0,0,0,0,0,0,0,0,0,0,0,0,0,0,0,0,0,0,0,53,1,3,6,53,0,2,12,0,5
1259.ps1,String_Concatenation,1,2626,1,2625.0,2625,0,0,19,19,15,15,3,3,7,312,73,12,0,0,7,0,0,0,0,0,0,71,0,0,0,0,0,0,0,0,0,0,0,0,0,0,0,0,0,0,0,0,0,0,0,0,0,0,0,0,0,0,0,0,0,0,0,0,0,0,0,0,0,0,0,0,0,0,0,0,0,0,0,0,0,0,0,0,0,0,0,0,0,1,0,0,0,0,0,0,0,0,0,73,1,0,5,72,0,0,6,3,4
1251.ps1,String_Concatenation,1,2706,1,2705.0,2705,0,1,21,21,19,19,3,3,9,331,56,13,0,0,7,0,0,0,0,0,1,52,0,0,0,0,0,0,0,0,0,0,0,0,0,0,0,0,0,0,0,0,0,0,0,0,0,0,0,0,0,0,0,0,0,0,0,0,0,0,0,0,0,0,0,0,0,0,0,0,0,0,0,0,0,0,0,0,0,0,0,0,0,0,0,0,0,0,0,0,0,0,0,57,1,1,6,53,0,1,9,4,5
1254.ps1,String_Concatenation,1,2544,1,2543.0,2543,0,1,20,20,17,17,3,3,8,304,51,13,0,0,7,0,0,0,0,0,1,50,0,0,0,0,0,0,0,0,0,0,0,0,0,0,0,0,0,0,0,0,0,0,0,0,0,0,0,0,0,0,0,0,0,0,0,0,0,0,0,0,0,0,0,0,0,0,0,0,0,0,0,0,0,0,0,0,0,0,0,0,0,0,0,0,0,0,0,0,0,0,0,52,1,0,6,50,0,1,7,4,5
1252.ps1,String_Concatenation,1,2693,1,2692.0,2692,0,2,21,21,23,23,3,3,8,312,80,12,0,0,7,0,0,0,0,0,2,71,0,0,0,0,0,0,0,0,0,0,0,0,0,0,0,0,0,0,0,0,0,0,0,0,0,0,0,0,0,0,0,0,0,0,0,0,0,0,0,0,0,0,0,0,0,0,0,0,0,0,0,0,0,0,0,0,0,0,0,0,0,0,0,0,0,0,0,0,0,0,0,80,1,0,7,71,0,2,12,3,6
1265.ps1,String_Concatenation,1,2604,1,2603.0,2603,0,1,22,22,19,19,3,3,10,312,53,10,0,0,7,0,0,0,0,0,0,49,0,0,0,0,0,0,0,0,0,0,0,0,0,0,0,0,0,0,0,0,0,0,0,0,0,0,0,0,0,0,0,0,0,0,0,0,0,0,0,0,0,0,0,0,0,0,0,0,0,0,0,0,0,0,0,0,0,0,0,0,1,0,0,0,0,0,0,0,0,0,0,50,1,3,5,53,0,0,10,0,4
1260.ps1,String_Concatenation,1,2638,1,2637.0,2637,0,2,19,19,17,17,3,3,7,312,76,12,0,0,7,0,0,0,1,0,2,73,0,0,0,0,0,0,0,0,0,0,0,0,0,0,0,0,0,0,0,0,0,0,0,0,0,0,0,0,0,0,0,0,0,0,0,0,0,0,0,0,0,0,0,0,0,0,0,0,0,0,0,0,0,0,0,0,0,0,0,0,0,0,0,0,0,0,0,0,0,0,0,76,1,0,5,73,0,2,6,3,4
1268.ps1,String_Concatenation,1,2858,1,2857.0,2857,0,2,21,21,20,20,3,3,11,348,81,9,0,0,7,0,0,0,0,0,2,78,0,0,0,0,0,0,0,0,0,0,0,0,0,0,0,0,0,0,0,0,0,0,0,0,0,0,0,0,0,0,0,0,0,0,0,0,0,0,0,0,0,0,0,0,0,0,0,0,0,0,0,0,0,0,0,0,0,0,0,0,0,0,0,0,0,0,0,0,0,0,0,78,1,3,4,81,0,2,9,0,3
1287.ps1,String_Concatenation,1,449,1,448.0,448,0,1,9,9,11,11,0,0,9,7,34,7,0,4,0,0,0,0,0,0,1,34,0,0,0,0,0,0,0,0,0,0,0,0,0,0,0,0,0,0,0,0,0,0,0,0,0,0,0,0,0,0,0,0,0,0,0,0,0,0,0,0,0,0,0,0,1,0,0,0,0,0,0,0,0,0,0,0,0,0,0,0,0,0,0,0,0,0,0,0,0,1,0,39,1,0,7,34,0,1,10,5,6
1273.ps1,String_Concatenation,1,538,1,538.0,538,0,1,6,6,6,6,0,0,7,4,60,9,0,3,1,0,0,0,0,0,1,65,0,0,0,0,0,0,0,0,0,0,0,0,0,0,0,0,0,0,0,0,0,0,0,0,0,0,0,0,0,0,0,0,0,0,0,0,0,0,0,0,0,0,0,0,0,0,0,0,0,0,0,0,0,0,0,0,0,0,0,0,0,0,0,0,0,0,0,0,0,0,0,64,1,0,6,65,0,1,4,4,5
1270.ps1,String_Concatenation,1,2653,1,2652.0,2652,0,2,21,21,17,17,3,3,11,312,74,9,0,0,7,0,0,0,0,0,2,74,0,0,0,0,0,0,0,0,0,0,0,0,0,0,0,0,0,0,0,0,0,0,0,0,0,0,0,0,0,0,0,0,0,0,0,0,0,0,0,0,0,0,0,0,0,0,0,0,0,0,0,0,0,0,0,0,0,0,0,0,0,0,0,0,0,0,0,0,0,0,0,71,1,3,4,77,0,2,6,0,3
1255.ps1,String_Concatenation,1,2646,1,2645.0,2645,0,0,19,19,15,15,3,3,7,330,53,12,0,0,7,0,0,0,0,0,0,51,0,0,0,0,0,0,0,0,0,0,0,0,0,0,0,0,0,0,0,0,0,0,0,0,0,0,0,0,0,0,0,0,0,0,0,0,0,0,0,0,0,0,0,0,0,0,0,0,0,0,0,0,0,0,0,0,0,0,0,0,0,1,0,0,0,0,0,0,0,0,0,53,1,0,5,52,0,0,6,3,4
1264.ps1,String_Concatenation,1,270,1,269.0,269,1,0,4,4,1,1,6,6,9,1,34,3,0,4,0,0,0,0,0,0,0,35,0,0,0,0,0,0,0,0,0,0,0,0,0,0,0,0,0,0,0,0,0,0,0,0,0,0,0,0,0,0,0,0,0,0,0,0,0,0,0,0,0,0,0,0,0,0,0,1,0,0,0,0,0,0,0,0,0,0,0,0,0,1,0,0,0,0,0,0,0,0,0,35,1,0,3,36,0,0,1,0,2
1269.ps1,String_Concatenation,1,357,1,356.0,356,0,0,7,7,6,6,0,0,9,4,34,5,2,6,0,0,0,0,1,0,0,35,0,0,0,0,0,0,0,0,0,0,0,0,0,0,0,0,0,0,0,0,0,0,0,0,0,0,0,0,0,0,0,0,0,0,0,0,0,0,0,0,0,0,0,0,0,0,0,0,0,0,0,0,0,0,0,0,0,0,0,0,0,0,0,0,0,0,0,0,0,0,0,35,2,1,5,38,0,0,5,1,4
1278.ps1,String_Concatenation,1,2698,1,2697.0,2697,0,1,21,21,22,22,3,3,7,314,77,13,0,0,7,0,0,0,1,0,1,70,0,0,0,0,0,0,0,0,0,0,0,0,0,0,0,0,0,0,0,0,0,0,0,0,0,0,0,0,0,0,0,0,0,0,0,0,0,0,0,0,0,0,0,0,0,0,0,0,0,0,0,0,0,0,0,0,0,0,0,0,0,0,0,0,0,0,0,0,0,0,0,78,1,0,7,70,0,1,12,4,6
1288.ps1,String_Concatenation,1,441,1,440.0,440,0,1,6,6,5,5,0,0,9,7,40,8,0,5,0,0,0,0,0,0,1,46,0,0,0,0,0,0,0,0,0,0,0,0,0,0,0,0,0,0,0,0,0,0,0,0,0,0,0,0,0,0,0,0,0,0,0,0,0,0,0,0,0,0,0,0,0,0,0,0,0,0,0,0,0,0,0,0,0,0,0,0,0,0,0,0,0,0,0,0,0,0,0,45,1,0,4,46,0,1,4,5,3
1289.ps1,String_Concatenation,1,2930,1,2929.0,2929,0,0,24,24,22,22,3,3,11,357,82,10,2,0,7,0,0,0,1,0,0,79,0,0,0,0,0,0,0,0,0,0,0,0,0,0,0,0,0,0,0,0,0,0,0,0,0,0,0,0,0,0,0,0,0,0,0,0,0,0,0,0,0,0,0,0,0,0,0,0,0,0,0,0,0,0,0,0,0,0,0,0,0,0,0,0,0,0,0,0,0,0,0,80,2,3,7,84,0,0,12,1,6
1292.ps1,String_Concatenation,1,2637,1,2636.0,2636,0,1,21,21,17,17,3,3,8,322,53,13,0,0,7,0,0,0,0,0,1,52,0,0,0,0,0,0,0,0,0,0,0,0,0,0,0,0,0,0,0,0,0,0,0,0,0,0,0,0,0,0,0,0,0,0,0,0,0,0,0,0,0,0,0,0,0,0,0,0,0,0,0,0,0,0,0,0,0,0,0,0,0,0,0,0,0,0,0,0,0,0,0,54,1,0,7,52,0,1,7,4,6
1303.ps1,String_Concatenation,1,2678,1,2677.0,2677,0,2,21,21,20,20,3,3,7,312,78,12,0,0,7,0,0,0,1,0,2,72,0,0,0,0,0,0,0,0,0,0,0,0,0,0,0,0,0,0,0,0,0,0,0,0,0,0,0,0,0,0,0,0,0,0,0,0,0,0,0,0,0,0,0,0,0,0,0,0,0,0,0,0,0,0,0,0,0,0,0,0,0,0,0,0,0,0,0,0,0,0,0,78,1,0,7,72,0,2,9,3,6
1290.ps1,String_Concatenation,1,2716,1,2715.0,2715,0,2,20,20,20,20,3,3,7,321,79,12,0,0,7,0,0,0,1,0,2,73,0,0,0,0,0,0,0,0,0,0,0,0,0,0,0,0,0,0,0,0,0,0,0,0,0,0,0,0,0,0,0,0,0,0,0,0,0,0,0,0,0,0,0,0,0,0,0,0,0,0,0,0,0,0,0,0,0,0,0,0,0,0,0,0,0,0,0,0,0,0,0,79,1,0,6,73,0,2,9,3,5
1297.ps1,String_Concatenation,1,480,1,479.0,479,1,1,10,10,14,14,0,0,7,7,34,7,0,5,0,0,0,0,1,0,1,31,0,0,0,0,0,0,0,0,0,0,0,0,0,0,0,0,0,0,0,0,0,0,0,0,0,0,0,0,0,0,0,0,0,0,0,0,0,0,0,0,0,0,0,0,1,0,0,0,0,0,0,0,0,0,0,0,0,0,0,0,0,0,0,0,0,0,0,0,0,0,0,39,1,0,8,31,0,1,13,5,7
1294.ps1,String_Concatenation,1,2721,1,2720.0,2720,0,2,22,22,20,20,3,3,11,323,77,10,0,0,7,0,0,0,0,0,1,74,0,0,0,0,0,0,0,0,0,0,0,0,0,0,0,0,0,0,0,0,0,0,0,0,0,0,0,0,0,0,0,0,0,0,0,0,0,0,0,0,0,0,0,0,0,0,0,0,0,0,0,0,0,0,0,0,0,0,0,0,0,0,0,0,0,0,0,0,0,0,0,75,1,3,5,77,0,1,10,1,4
1307.ps1,String_Concatenation,1,2714,1,2713.0,2713,0,1,23,23,23,23,3,3,10,313,77,10,0,0,7,0,0,0,1,0,1,73,0,0,0,0,0,0,0,0,0,0,0,0,0,0,0,0,0,0,0,0,0,0,0,0,0,0,0,0,0,0,0,0,0,0,0,0,0,0,0,0,0,0,0,0,0,0,0,0,0,0,0,0,0,0,0,0,0,0,0,0,0,0,0,0,0,0,0,0,0,0,0,75,1,3,6,76,0,1,13,1,5
130.ps1,String_Concatenation,1,2684,1,2683.0,2683,0,2,19,19,17,17,3,3,7,330,55,12,0,0,7,0,0,0,1,0,2,52,0,0,0,0,0,0,0,0,0,0,0,0,0,0,0,0,0,0,0,0,0,0,0,0,0,0,0,0,0,0,0,0,0,0,0,0,0,0,0,0,0,0,0,0,0,0,0,0,0,0,0,0,0,0,0,0,0,0,0,0,0,0,0,0,0,0,0,0,0,0,0,55,1,0,5,52,0,2,6,3,4
1304.ps1,String_Concatenation,1,3044,1,3043.0,3043,0,2,23,23,24,24,5,5,12,331,64,15,0,0,11,0,0,0,3,0,2,58,0,0,0,0,0,0,0,0,0,0,0,0,0,0,0,0,0,0,0,0,0,0,0,0,0,0,0,0,0,0,0,0,0,0,0,0,0,0,0,0,0,0,0,0,0,0,0,0,0,0,0,1,0,0,0,0,0,0,0,0,0,2,0,0,0,0,0,0,0,0,0,64,1,0,6,58,0,2,10,4,5
1314.ps1,String_Concatenation,1,2712,1,2711.0,2711,0,1,23,23,20,20,3,3,12,332,55,10,2,0,7,0,0,0,0,0,0,53,0,0,0,0,0,0,0,0,0,0,0,0,0,0,0,0,0,0,0,0,0,0,0,0,0,0,0,0,0,0,0,0,0,0,0,0,0,0,0,0,0,0,0,0,0,0,0,0,0,0,0,0,0,0,0,0,0,0,0,0,0,0,0,0,0,0,0,0,0,0,0,53,2,3,6,58,0,0,10,1,5
1312.ps1,String_Concatenation,1,2724,1,2723.0,2723,0,1,23,23,23,23,3,3,8,313,79,13,0,0,7,0,0,0,0,0,1,72,0,0,0,0,0,0,0,0,0,0,0,0,0,0,0,0,0,0,0,0,0,0,0,0,0,0,0,0,0,0,0,0,0,0,0,0,0,0,0,0,0,0,0,0,0,0,0,0,0,0,0,0,0,0,0,0,0,0,0,0,0,0,0,0,0,0,0,0,0,0,0,80,1,0,9,72,0,1,13,4,8
1302.ps1,String_Concatenation,1,2700,1,2699.0,2699,0,1,21,21,19,19,3,3,10,332,53,10,0,0,7,0,0,0,1,0,1,52,0,0,0,0,0,0,0,0,0,0,0,0,0,0,0,0,0,0,0,0,0,0,0,0,0,0,0,0,0,0,0,0,0,0,0,0,0,0,0,0,0,0,0,0,0,0,0,0,0,0,0,0,0,0,0,0,0,0,0,0,0,0,0,0,0,0,0,0,0,0,0,51,1,3,4,55,0,1,9,1,3
1308.ps1,String_Concatenation,1,2908,1,2907.0,2907,0,2,23,23,20,20,3,3,11,357,82,10,0,0,7,0,0,0,0,0,1,79,0,0,0,0,0,0,0,0,0,0,0,0,0,0,0,0,0,0,0,0,0,0,0,0,0,0,0,0,0,0,0,0,0,0,0,0,0,0,0,0,0,0,0,0,0,0,0,0,0,0,0,0,0,0,0,0,0,0,0,0,0,0,0,0,0,0,0,0,0,0,0,80,1,3,6,82,0,1,10,1,5
1318.ps1,String_Concatenation,1,2571,1,2570.0,2570,0,1,21,21,14,14,3,3,12,314,49,11,2,0,7,0,0,0,0,0,0,53,0,0,0,0,0,0,0,0,0,0,0,0,0,0,0,0,0,0,0,0,0,0,0,0,0,0,0,0,0,0,0,0,0,0,0,0,0,0,0,0,0,0,0,0,0,0,0,0,0,0,0,0,0,0,0,0,0,0,0,0,0,0,0,0,0,0,0,0,0,0,0,47,2,3,4,58,0,0,4,1,3
1321.ps1,String_Concatenation,1,2740,1,2739.0,2739,0,2,21,21,14,14,3,3,10,332,75,10,0,0,7,0,0,0,1,0,1,78,0,0,0,0,0,0,0,0,0,0,0,0,0,0,0,0,0,0,0,0,0,0,0,0,0,0,0,0,0,0,0,0,0,0,0,0,0,0,0,0,0,0,0,0,0,0,0,0,0,0,0,0,0,0,0,0,0,0,0,0,0,0,0,0,0,0,0,0,0,0,0,73,1,3,4,81,0,1,4,1,3
1315.ps1,String_Concatenation,1,6076,1,6076.0,6076,0,2,27,27,17,17,1,1,52,1181,116,14,1,0,16,0,0,0,0,0,2,117,0,0,0,0,0,0,0,0,0,0,0,0,0,0,0,0,0,0,0,0,0,0,0,0,0,0,0,0,0,0,0,0,0,0,0,0,0,0,0,0,0,0,0,0,0,0,0,0,0,0,0,1,0,1,0,0,0,0,0,0,0,0,0,0,0,0,0,0,0,5,0,115,1,4,4,121,0,2,9,0,3
132.ps1,String_Concatenation,1,2925,1,2924.0,2924,0,0,23,23,22,22,3,3,8,366,60,14,2,0,7,0,0,0,1,0,0,54,0,0,0,0,0,0,0,0,0,0,0,0,0,0,0,0,0,0,0,0,0,0,0,0,0,0,0,0,0,0,0,0,0,0,0,0,0,0,0,0,0,0,0,0,0,0,0,0,0,0,0,0,0,0,0,0,0,0,0,0,0,0,0,0,0,0,0,0,0,0,0,61,2,0,9,56,0,0,12,4,8
1320.ps1,String_Concatenation,1,2666,1,2665.0,2665,0,2,20,20,20,20,3,3,7,312,78,12,0,0,7,0,0,0,1,0,2,72,0,0,0,0,0,0,0,0,0,0,0,0,0,0,0,0,0,0,0,0,0,0,0,0,0,0,0,0,0,0,0,0,0,0,0,0,0,0,0,0,0,0,0,0,0,0,0,0,0,0,0,0,0,0,0,0,0,0,0,0,0,0,0,0,0,0,0,0,0,0,0,78,1,0,6,72,0,2,9,3,5
1322.ps1,String_Concatenation,1,510,1,509.0,509,0,2,12,12,16,16,0,0,11,5,51,2,0,4,0,0,0,0,0,0,2,49,0,0,0,0,0,0,0,0,0,0,0,0,0,0,0,0,0,0,0,0,0,0,0,0,0,0,0,0,0,0,0,0,0,0,0,0,0,0,0,0,0,0,0,0,0,0,0,0,0,0,0,0,0,0,0,0,0,0,0,0,0,0,0,0,0,0,0,0,0,0,0,51,1,4,6,53,0,2,14,0,5
1317.ps1,String_Concatenation,1,2694,1,2693.0,2693,0,2,22,22,23,23,3,3,8,312,80,12,0,0,7,0,0,0,0,0,2,71,0,0,0,0,0,0,0,0,0,0,0,0,0,0,0,0,0,0,0,0,0,0,0,0,0,0,0,0,0,0,0,0,0,0,0,0,0,0,0,0,0,0,0,0,0,0,0,0,0,0,0,0,0,0,0,0,0,0,0,0,0,0,0,0,0,0,0,0,0,0,0,80,1,0,8,71,0,2,12,3,7
133.ps1,String_Concatenation,1,427,1,426.0,426,0,3,11,11,9,9,0,0,12,5,36,2,0,3,0,0,0,0,1,0,2,39,0,0,0,0,0,0,0,0,0,0,0,0,0,0,0,0,0,0,0,0,0,0,0,0,0,0,0,0,0,0,0,0,0,0,0,0,0,0,0,0,0,0,0,0,0,0,0,0,0,0,0,0,0,0,0,0,0,0,0,0,0,0,0,0,0,1,1,0,0,0,0,36,1,4,5,43,0,2,7,0,4
1324.ps1,String_Concatenation,1,523,1,522.0,522,0,2,6,6,10,10,1,1,10,2,48,5,0,3,2,0,0,0,1,0,2,47,0,0,0,0,0,0,0,0,0,0,0,0,0,0,0,0,0,0,0,0,0,0,0,0,0,0,0,0,0,0,0,0,0,0,0,0,0,0,0,0,0,0,0,0,0,0,0,0,0,0,0,0,0,0,0,0,0,0,0,0,0,0,0,0,0,0,0,1,0,0,0,50,1,0,5,47,0,2,5,2,4
1328.ps1,String_Concatenation,1,2784,1,2783.0,2783,0,3,23,23,21,21,3,3,10,330,80,9,0,0,7,0,0,0,1,0,2,75,0,0,0,0,0,0,0,0,0,0,0,0,0,0,0,0,0,0,0,0,0,0,0,0,0,0,0,0,0,0,0,0,0,0,0,0,0,0,0,0,0,0,0,0,0,0,0,0,0,0,0,0,0,0,0,0,0,0,0,0,0,0,0,0,0,0,0,0,0,0,0,77,1,3,6,78,0,2,10,0,5
1319.ps1,String_Concatenation,1,2665,1,2664.0,2664,0,1,20,20,19,19,3,3,8,314,76,13,0,0,7,0,0,0,0,0,1,72,0,0,0,0,0,0,0,0,0,0,0,0,0,0,0,0,0,0,0,0,0,0,0,0,0,0,0,0,0,0,0,0,0,0,0,0,0,0,0,0,0,0,0,0,0,0,0,0,0,0,0,0,0,0,0,0,0,0,0,0,0,0,0,0,0,0,0,0,0,0,0,77,1,0,6,72,0,1,9,4,5
1329.ps1,String_Concatenation,1,357,1,356.0,356,0,0,5,5,4,4,10,10,8,4,42,3,0,4,0,0,0,0,0,0,0,43,0,0,0,0,0,0,0,0,0,0,0,0,0,0,0,0,0,0,0,0,0,0,0,0,0,0,0,0,0,0,0,0,0,0,0,0,0,0,0,0,0,0,0,0,0,0,0,1,0,0,0,0,0,0,0,0,0,0,0,0,0,1,0,0,0,0,0,0,0,0,0,43,1,0,3,44,0,0,4,1,2
1343.ps1,String_Concatenation,1,244,1,243.0,243,0,2,7,7,7,7,0,0,8,1,19,1,0,3,0,0,0,0,0,0,2,17,0,0,0,0,0,0,0,0,0,0,0,0,0,0,0,0,0,0,0,0,0,0,0,0,0,0,0,0,0,0,0,0,0,0,0,0,0,0,0,0,0,0,0,0,0,0,0,0,0,0,0,0,0,0,0,0,0,0,0,0,0,1,0,0,0,0,0,0,0,0,0,19,1,1,5,18,0,2,5,0,4
1332.ps1,String_Concatenation,1,475,1,474.0,474,0,1,13,13,14,14,0,0,12,6,35,3,0,3,0,0,0,0,1,0,1,36,0,0,0,0,0,0,0,0,0,0,0,0,0,0,0,0,0,0,0,0,0,0,0,0,0,0,0,0,0,0,0,0,0,0,0,0,0,0,0,0,0,0,0,0,0,0,0,0,0,0,0,0,0,0,0,0,0,0,0,0,0,0,0,0,0,0,0,0,0,0,0,36,1,4,7,40,0,1,13,1,6
1342.ps1,String_Concatenation,1,1243,1,1242.0,1242,1,1,17,16,25,24,2,2,28,6,148,6,0,6,8,1,2,1,1,0,1,146,0,0,0,0,0,0,0,0,0,0,0,0,0,0,0,0,0,0,0,0,0,0,0,0,0,0,0,0,0,0,0,0,0,0,0,0,0,0,0,0,0,0,0,0,0,0,0,0,0,0,0,0,0,0,0,0,0,0,0,0,0,1,0,0,0,0,0,0,0,0,0,147,1,4,7,150,0,1,15,1,6
1337.ps1,String_Concatenation,1,2614,1,2613.0,2613,0,3,24,24,24,24,3,3,10,309,57,9,0,0,7,0,0,0,1,0,2,49,0,0,0,0,0,0,0,0,0,0,0,0,0,0,0,0,0,0,0,0,0,0,0,0,0,0,0,0,0,0,0,0,0,0,0,0,0,0,0,0,0,0,0,0,0,0,0,0,0,0,0,0,0,0,0,0,0,0,0,0,0,0,0,0,0,0,0,0,0,0,0,54,1,3,7,52,0,2,13,0,6
134.ps1,String_Concatenation,1,2802,1,2801.0,2801,0,0,22,22,22,22,3,3,9,332,81,13,2,0,7,0,0,0,0,0,0,75,0,0,0,0,0,0,0,0,0,0,0,0,0,0,0,0,0,0,0,0,0,0,0,0,0,0,0,0,0,0,0,0,0,0,0,0,0,0,0,0,0,0,0,0,0,0,0,0,0,0,0,0,0,0,0,0,0,0,0,0,0,0,0,0,0,0,0,0,0,0,0,82,2,0,8,77,0,0,12,4,7
1330.ps1,String_Concatenation,1,2736,1,2735.0,2735,0,2,22,22,23,23,3,3,10,321,79,9,0,0,7,0,0,0,1,0,2,73,0,0,0,0,0,0,0,0,0,0,0,0,0,0,0,0,0,0,0,0,0,0,0,0,0,0,0,0,0,0,0,0,0,0,0,0,0,0,0,0,0,0,0,0,0,0,0,0,0,0,0,0,0,0,0,0,0,0,0,0,0,0,0,0,0,0,0,0,0,0,0,76,1,3,5,76,0,2,12,0,4
1338.ps1,String_Concatenation,1,2627,1,2626.0,2626,0,3,24,24,24,24,3,3,10,312,56,9,0,0,7,0,0,0,1,0,2,48,0,0,0,0,0,0,0,0,0,0,0,0,0,0,0,0,0,0,0,0,0,0,0,0,0,0,0,0,0,0,0,0,0,0,0,0,0,0,0,0,0,0,0,0,0,0,0,0,0,0,0,0,0,0,0,0,0,0,0,0,0,0,0,0,0,0,0,0,0,0,0,53,1,3,7,51,0,2,13,0,6
1352.ps1,String_Concatenation,1,2806,1,2805.0,2805,0,1,23,23,22,22,3,3,9,331,81,13,0,0,7,0,0,0,0,0,1,74,0,0,0,0,0,0,0,0,0,0,0,0,0,0,0,0,0,0,0,0,0,0,0,0,0,0,0,0,0,0,0,0,0,0,0,0,0,0,0,0,0,0,0,0,0,0,0,0,0,0,0,0,0,0,0,0,0,0,0,0,0,0,0,0,0,0,0,0,0,0,0,82,1,1,8,75,0,1,12,4,7
1359.ps1,String_Concatenation,1,2680,1,2679.0,2679,0,1,24,24,20,20,3,3,11,314,76,10,2,0,7,0,0,0,1,0,0,74,0,0,0,0,0,0,0,0,0,0,0,0,0,0,0,0,0,0,0,0,0,0,0,0,0,0,0,0,0,0,0,0,0,0,0,0,0,0,0,0,0,0,0,0,0,0,0,0,0,0,0,0,0,0,0,0,0,0,0,0,0,0,0,0,0,0,0,0,0,0,0,74,2,3,7,79,0,0,10,1,6
1366.ps1,String_Concatenation,1,2713,1,2712.0,2712,0,0,21,21,19,19,3,3,8,332,55,13,2,0,7,0,0,0,1,0,0,52,0,0,0,0,0,0,0,0,0,0,0,0,0,0,0,0,0,0,0,0,0,0,0,0,0,0,0,0,0,0,0,0,0,0,0,0,0,0,0,0,0,0,0,0,0,0,0,0,0,0,0,0,0,0,0,0,0,0,0,0,0,0,0,0,0,0,0,0,0,0,0,56,2,0,7,54,0,0,9,4,6
1380.ps1,String_Concatenation,1,2781,1,2780.0,2780,0,2,21,21,20,20,3,3,7,330,81,12,0,0,7,0,0,0,1,0,2,75,0,0,0,0,0,0,0,0,0,0,0,0,0,0,0,0,0,0,0,0,0,0,0,0,0,0,0,0,0,0,0,0,0,0,0,0,0,0,0,0,0,0,0,0,0,0,0,0,0,0,0,0,0,0,0,0,0,0,0,0,0,0,0,0,0,0,0,0,0,0,0,81,1,0,7,75,0,2,9,3,6
1349.ps1,String_Concatenation,1,433,1,432.0,432,1,2,10,10,11,11,0,0,13,5,32,2,0,3,0,0,0,0,1,0,2,34,0,0,0,0,0,0,0,0,0,0,0,0,0,0,0,0,0,0,0,0,0,0,0,0,0,0,0,0,0,0,0,0,0,0,0,0,0,0,0,0,0,0,0,0,1,0,0,0,0,0,0,0,0,0,0,0,0,0,0,0,0,0,0,0,0,0,0,0,0,0,0,32,1,4,4,38,0,2,9,0,3
1345.ps1,String_Concatenation,1,423,1,422.0,422,0,0,10,10,9,9,0,0,8,5,32,6,2,3,1,0,0,0,0,0,0,30,0,0,0,0,0,0,0,0,0,0,0,0,0,0,0,0,0,0,0,0,0,0,0,0,0,0,0,0,0,0,0,0,0,0,0,0,0,0,0,0,0,0,0,0,0,0,0,0,0,0,0,0,0,0,0,0,0,0,0,0,0,0,0,0,0,0,0,0,0,0,0,34,2,0,8,32,0,0,8,3,7
139.ps1,String_Concatenation,1,384,1,383.0,383,0,0,9,9,9,9,0,0,10,5,31,5,2,4,0,0,0,0,0,0,0,30,0,0,0,0,0,0,0,0,0,0,0,0,0,0,0,0,0,0,0,0,0,0,0,0,0,0,0,0,0,0,0,0,0,0,0,0,0,0,0,0,0,0,0,0,0,0,0,0,0,0,0,0,0,0,0,0,0,0,0,0,0,0,0,0,0,0,0,0,1,1,0,34,2,0,8,32,0,0,8,3,7
1357.ps1,String_Concatenation,1,2651,1,2650.0,2650,0,3,21,21,18,18,3,3,11,312,76,9,0,0,7,0,0,0,0,0,2,74,0,0,0,0,0,0,0,0,0,0,0,0,0,0,0,0,0,0,0,0,0,0,0,0,0,0,0,0,0,0,0,0,0,0,0,0,0,0,0,0,0,0,0,0,0,0,0,0,0,0,0,0,0,0,0,0,0,0,0,0,0,0,0,0,0,0,0,0,0,0,0,73,1,3,4,77,0,2,7,0,3
1365.ps1,String_Concatenation,1,2985,1,2984.0,2984,0,1,28,28,26,26,5,5,17,315,62,13,2,0,11,0,0,0,3,0,0,58,0,0,0,0,0,0,0,0,0,0,0,0,0,0,0,0,0,0,0,0,0,0,0,0,0,0,0,0,0,0,0,0,4,0,0,0,0,0,0,0,0,0,0,0,0,0,0,0,0,0,0,0,0,0,0,0,0,0,0,0,0,2,0,0,0,0,0,0,0,0,0,59,2,4,7,64,0,0,13,1,6
1361.ps1,String_Concatenation,1,858,1,858.0,858,0,0,6,6,6,6,0,0,6,4,111,5,3,10,0,0,0,0,1,0,0,113,0,0,0,0,0,0,0,0,0,0,0,0,0,0,0,0,0,0,0,0,0,0,0,0,0,0,0,0,0,0,0,0,0,0,0,0,0,0,0,0,0,0,0,0,0,0,0,0,0,0,0,0,0,0,0,0,0,0,0,0,0,0,0,0,0,0,0,0,0,0,0,114,2,0,7,115,0,0,5,3,6
1385.ps1,String_Concatenation,1,2600,1,2599.0,2599,0,0,23,23,19,19,3,3,12,314,51,10,2,0,7,0,0,0,0,0,0,51,0,0,0,0,0,0,0,0,0,0,0,0,0,0,0,0,0,0,0,0,0,0,0,0,0,0,0,0,0,0,0,0,0,0,0,0,0,0,0,0,0,0,0,0,0,0,0,0,0,0,0,0,0,0,0,0,0,0,0,0,0,0,0,0,0,0,0,0,0,0,0,49,2,3,6,56,0,0,9,1,5
1396.ps1,String_Concatenation,1,2653,1,2652.0,2652,0,1,23,23,23,23,3,3,10,304,76,10,0,0,7,0,0,0,1,0,1,72,0,0,0,0,0,0,0,0,0,0,0,0,0,0,0,0,0,0,0,0,0,0,0,0,0,0,0,0,0,0,0,0,0,0,0,0,0,0,0,0,0,0,0,0,0,0,0,0,0,0,0,0,0,0,0,0,0,0,0,0,0,0,0,0,0,0,0,0,0,0,0,74,1,3,6,75,0,1,13,1,5
1375.ps1,String_Concatenation,1,2695,1,2694.0,2694,0,0,16,16,12,12,2,2,25,7,80,9,2,28,13,0,0,0,0,0,0,54,0,0,0,0,0,0,0,0,0,0,0,0,0,0,0,0,0,0,0,0,0,0,0,0,0,0,0,0,0,0,0,0,3,0,0,0,0,0,0,0,0,0,0,0,0,0,0,0,0,0,0,0,0,1,0,0,0,0,0,0,0,1,0,0,0,0,0,0,0,3,0,51,2,3,6,59,0,0,7,1,5
1393.ps1,String_Concatenation,1,2774,1,2773.0,2773,0,0,20,20,21,21,3,3,7,330,81,12,0,0,7,0,0,0,0,0,0,73,0,0,0,0,0,0,0,0,0,0,0,0,0,0,0,0,0,0,0,0,0,0,0,0,0,0,0,0,0,0,0,0,0,0,0,0,0,0,0,0,0,0,0,0,0,0,0,0,0,0,0,0,0,0,0,0,0,0,0,0,0,1,0,0,0,0,0,0,0,0,0,81,1,0,6,74,0,0,12,3,5
1399.ps1,String_Concatenation,1,353,1,352.0,352,0,1,7,7,3,3,8,8,7,4,44,4,0,4,1,0,0,0,1,0,1,45,0,0,0,0,0,0,0,0,0,0,0,0,0,0,0,0,0,0,0,0,0,0,0,0,0,0,0,0,0,0,0,0,0,0,0,0,0,0,0,0,0,0,0,0,0,0,0,1,0,0,0,0,0,0,0,0,0,0,0,0,0,0,0,0,0,0,0,0,0,0,0,45,1,0,5,45,0,1,2,2,4
1403.ps1,String_Concatenation,1,2759,1,2758.0,2758,0,2,20,20,17,17,3,3,7,330,79,12,0,0,7,0,0,0,1,0,2,76,0,0,0,0,0,0,0,0,0,0,0,0,0,0,0,0,0,0,0,0,0,0,0,0,0,0,0,0,0,0,0,0,0,0,0,0,0,0,0,0,0,0,0,0,0,0,0,0,0,0,0,0,0,0,0,0,0,0,0,0,0,0,0,0,0,0,0,0,0,0,0,79,1,0,6,76,0,2,6,3,5
1388.ps1,String_Concatenation,1,2628,1,2627.0,2627,0,0,19,19,15,15,3,3,7,312,74,13,0,0,7,0,0,0,0,0,0,72,0,0,0,0,0,0,0,0,0,0,0,0,0,0,0,0,0,0,0,0,0,0,0,0,0,0,0,0,0,0,0,0,0,0,0,0,0,0,0,0,0,0,0,0,0,0,0,0,0,0,0,0,0,0,0,0,0,0,0,0,1,0,0,0,0,0,0,0,0,0,0,74,1,0,5,73,0,0,6,3,4
1400.ps1,String_Concatenation,1,2924,1,2923.0,2923,0,2,23,23,21,21,3,3,10,356,83,10,0,0,7,0,0,0,1,0,1,80,0,0,0,0,0,0,0,0,0,0,0,0,0,0,0,0,0,0,0,0,0,0,0,0,0,0,0,0,0,0,0,0,0,0,0,0,0,0,0,0,0,0,0,0,0,0,0,0,0,0,0,0,0,0,0,0,0,0,0,0,0,0,0,0,0,0,0,0,0,0,0,81,1,3,6,83,0,1,11,1,5
1402.ps1,String_Concatenation,1,2750,1,2749.0,2749,0,2,20,20,17,17,3,3,8,330,79,12,0,0,7,0,0,0,0,0,2,76,0,0,0,0,0,0,0,0,0,0,0,0,0,0,0,0,0,0,0,0,0,0,0,0,0,0,0,0,0,0,0,0,0,0,0,0,0,0,0,0,0,0,0,0,0,0,0,0,0,0,0,0,0,0,0,0,0,0,0,0,0,0,0,0,0,0,0,0,0,0,0,79,1,0,6,76,0,2,6,3,5
1407.ps1,String_Concatenation,1,2723,1,2722.0,2722,0,1,23,23,19,19,3,3,12,331,54,10,0,0,7,0,0,0,0,0,1,53,0,0,0,0,0,0,0,0,0,0,0,0,0,0,0,0,0,0,0,0,0,0,0,0,0,0,0,0,0,0,0,0,0,0,0,0,0,0,0,0,0,0,0,0,0,0,0,0,0,0,0,0,0,0,0,0,0,0,0,0,0,0,0,0,0,0,0,0,0,0,0,52,1,4,5,57,0,1,9,1,4
1413.ps1,String_Concatenation,1,3095,1,3094.0,3094,0,1,22,22,20,20,3,3,8,388,88,13,0,0,7,0,0,0,0,0,1,84,0,0,0,0,0,0,0,0,0,0,0,0,0,0,0,0,0,0,0,0,0,0,0,0,0,0,0,0,0,0,0,0,0,0,0,0,0,0,0,0,0,0,0,0,0,0,0,0,0,0,0,0,0,0,0,0,0,0,0,0,0,0,0,0,0,0,0,0,0,0,0,89,1,0,8,84,0,1,10,4,7
1417.ps1,String_Concatenation,1,277,1,276.0,276,0,0,4,4,2,2,0,0,7,2,30,3,0,3,0,0,0,0,0,0,0,32,0,0,0,0,0,0,0,0,0,0,0,0,0,0,0,0,0,0,0,0,0,0,0,0,0,0,0,0,0,0,0,0,0,0,0,0,0,0,0,0,0,0,0,0,0,0,0,0,0,0,0,0,0,0,0,0,0,0,0,0,1,0,0,0,0,0,1,0,0,0,0,30,1,1,2,34,0,0,2,0,1
141.ps1,String_Concatenation,1,3242,1,3241.0,3241,0,1,22,22,20,20,3,3,8,412,92,13,0,0,7,0,0,0,0,0,1,88,0,0,0,0,0,0,0,0,0,0,0,0,0,0,0,0,0,0,0,0,0,0,0,0,0,0,0,0,0,0,0,0,0,0,0,0,0,0,0,0,0,0,0,0,0,0,0,0,0,0,0,0,0,0,0,0,0,0,0,0,0,0,0,0,0,0,0,0,0,0,0,93,1,0,8,88,0,1,10,4,7
1406.ps1,String_Concatenation,1,354,1,353.0,353,0,1,6,6,5,5,10,10,9,6,31,4,0,2,0,0,0,0,0,0,1,33,0,0,0,0,0,0,0,0,0,0,0,0,0,0,0,0,0,0,0,0,0,0,0,0,0,0,0,0,0,0,0,0,0,0,0,0,0,0,0,0,0,0,0,0,0,0,0,1,0,0,0,0,0,0,0,0,0,0,0,0,0,0,0,0,0,0,0,0,0,0,0,33,1,0,4,33,0,1,4,2,3
1433.ps1,String_Concatenation,1,2597,1,2596.0,2596,0,2,22,22,20,20,3,3,10,309,53,9,0,0,7,0,0,0,1,0,2,50,0,0,0,0,0,0,0,0,0,0,0,0,0,0,0,0,0,0,0,0,0,0,0,0,0,0,0,0,0,0,0,0,0,0,0,0,0,0,0,0,0,0,0,0,0,0,0,0,0,0,0,0,0,0,0,0,0,0,0,0,0,0,0,0,0,0,0,0,0,0,0,50,1,3,5,53,0,2,9,0,4
1410.ps1,String_Concatenation,1,2610,1,2609.0,2609,0,2,20,20,20,20,3,3,7,312,55,12,0,0,7,0,0,0,1,0,2,49,0,0,0,0,0,0,0,0,0,0,0,0,0,0,0,0,0,0,0,0,0,0,0,0,0,0,0,0,0,0,0,0,0,0,0,0,0,0,0,0,0,0,0,0,0,0,0,0,0,0,0,0,0,0,0,0,0,0,0,0,0,0,0,0,0,0,0,0,0,0,0,55,1,0,6,49,0,2,9,3,5
1418.ps1,String_Concatenation,1,2824,1,2823.0,2823,0,1,20,20,16,16,3,3,9,340,79,13,0,0,7,0,0,0,0,0,1,78,0,0,0,0,0,0,0,0,0,0,0,0,0,0,0,0,0,0,0,0,0,0,0,0,0,0,0,0,0,0,0,0,0,0,0,0,0,0,0,0,0,0,0,0,0,0,0,0,0,0,0,0,0,0,0,0,0,0,0,0,0,0,0,0,0,0,0,0,0,0,0,80,1,1,5,79,0,1,6,4,4
1420.ps1,String_Concatenation,1,1221,1,1220.0,1220,1,1,14,14,28,27,1,1,20,8,146,13,1,6,7,0,2,0,1,0,1,140,0,0,0,0,0,0,0,0,0,0,0,0,0,0,0,0,0,0,0,0,0,0,0,0,0,0,0,0,0,0,0,0,0,0,0,0,0,0,0,0,0,0,0,0,0,0,0,0,0,0,0,0,0,0,0,0,0,0,0,0,0,1,0,0,0,0,0,1,0,0,0,151,1,0,9,140,0,1,19,7,8
1424.ps1,String_Concatenation,1,2746,1,2745.0,2745,0,3,21,21,18,18,3,3,10,330,79,9,0,0,7,0,0,0,1,0,2,77,0,0,0,0,0,0,0,0,0,0,0,0,0,0,0,0,0,0,0,0,0,0,0,0,0,0,0,0,0,0,0,0,0,0,0,0,0,0,0,0,0,0,0,0,0,0,0,0,0,0,0,0,0,0,0,0,0,0,0,0,0,0,0,0,0,0,0,0,0,0,0,76,1,3,4,80,0,2,7,0,3
1432.ps1,String_Concatenation,1,2713,1,2712.0,2712,0,2,22,22,20,20,3,3,11,332,55,10,0,0,7,0,0,0,0,0,1,52,0,0,0,0,0,0,0,0,0,0,0,0,0,0,0,0,0,0,0,0,0,0,0,0,0,0,0,0,0,0,0,0,0,0,0,0,0,0,0,0,0,0,0,0,0,0,0,0,0,0,0,0,0,0,0,0,0,0,0,0,0,0,0,0,0,0,0,0,0,0,0,53,1,3,5,55,0,1,10,1,4
1435.ps1,String_Concatenation,1,2732,1,2731.0,2731,0,0,19,19,13,13,3,3,9,332,75,13,2,0,7,0,0,0,0,0,0,78,0,0,0,0,0,0,0,0,0,0,0,0,0,0,0,0,0,0,0,0,0,0,0,0,0,0,0,0,0,0,0,0,0,0,0,0,0,0,0,0,0,0,0,0,0,0,0,0,0,0,0,0,0,0,0,0,0,0,0,0,0,0,0,0,0,0,0,0,0,0,0,76,2,0,5,80,0,0,3,4,4
1437.ps1,String_Concatenation,1,2663,1,2662.0,2662,0,1,21,21,19,19,3,3,11,314,74,10,0,0,7,0,0,0,0,0,1,73,0,0,0,0,0,0,0,0,0,0,0,0,0,0,0,0,0,0,0,0,0,0,0,0,0,0,0,0,0,0,0,0,0,0,0,0,0,0,0,0,0,0,0,0,0,0,0,0,0,0,0,0,0,0,0,0,0,0,0,0,0,0,0,0,0,0,0,0,0,0,0,72,1,3,4,76,0,1,9,1,3
1436.ps1,String_Concatenation,1,720,1,719.0,719,0,0,15,15,10,10,1,1,15,5,88,9,2,6,2,0,2,0,1,0,0,90,0,0,0,0,0,0,0,0,0,0,0,0,0,0,0,0,0,0,0,0,0,0,0,0,0,0,0,0,0,0,0,0,0,0,0,0,0,0,0,0,0,0,0,0,0,0,0,1,0,0,0,0,0,0,0,0,0,0,0,0,0,1,0,0,0,0,0,0,0,0,0,87,2,3,6,95,0,0,7,1,5
1445.ps1,String_Concatenation,1,2576,1,2575.0,2575,0,1,20,20,16,16,3,3,7,314,51,13,0,0,7,0,0,0,1,0,1,50,0,0,0,0,0,0,0,0,0,0,0,0,0,0,0,0,0,0,0,0,0,0,0,0,0,0,0,0,0,0,0,0,0,0,0,0,0,0,0,0,0,0,0,0,0,0,0,0,0,0,0,0,0,0,0,0,0,0,0,0,0,0,0,0,0,0,0,0,0,0,0,52,1,0,6,50,0,1,6,4,5
1448.ps1,String_Concatenation,1,2914,1,2913.0,2913,0,1,21,21,20,20,3,3,7,356,83,13,0,0,7,0,0,0,1,0,1,79,0,0,0,0,0,0,0,0,0,0,0,0,0,0,0,0,0,0,0,0,0,0,0,0,0,0,0,0,0,0,0,0,0,0,0,0,0,0,0,0,0,0,0,0,0,0,0,0,0,0,0,0,0,0,0,0,0,0,0,0,0,0,0,0,0,0,0,0,0,0,0,84,1,0,7,79,0,1,10,4,6
1459.ps1,String_Concatenation,1,405,1,404.0,404,1,1,8,8,5,5,10,10,10,5,47,4,0,4,0,0,0,0,0,0,1,49,0,0,0,0,0,0,0,0,0,0,0,0,0,0,0,0,0,0,0,0,0,0,0,0,0,0,0,0,0,0,0,0,0,0,0,0,0,0,0,0,0,0,0,0,0,0,0,1,0,0,0,0,0,0,0,0,0,0,0,0,0,0,0,0,0,0,0,0,0,0,0,49,1,1,5,50,0,1,4,2,4
1449.ps1,String_Concatenation,1,2693,1,2692.0,2692,0,1,22,22,20,20,3,3,10,313,75,10,0,0,7,0,0,0,1,0,1,74,0,0,0,0,0,0,0,0,0,0,0,0,0,0,0,0,0,0,0,0,0,0,0,0,0,0,0,0,0,0,0,0,0,0,0,0,0,0,0,0,0,0,0,0,0,0,0,0,0,0,0,0,0,0,0,0,0,0,0,0,0,0,0,0,0,0,0,0,0,0,0,73,1,3,5,77,0,1,10,1,4
145.ps1,String_Concatenation,1,2753,1,2752.0,2752,0,1,24,24,25,25,3,3,11,332,57,10,0,0,7,0,0,0,0,0,1,50,0,0,0,0,0,0,0,0,0,0,0,0,0,0,0,0,0,0,0,0,0,0,0,0,0,0,0,0,0,0,0,0,0,0,0,0,0,0,0,0,0,0,0,0,0,0,0,0,0,0,0,0,0,0,0,0,0,0,0,0,0,0,0,0,0,0,0,0,0,0,0,55,1,3,7,53,0,1,15,1,6
1453.ps1,String_Concatenation,1,1149,1,1148.0,1148,0,1,13,13,23,22,2,1,22,9,143,10,0,5,7,0,2,1,0,0,1,139,0,0,0,0,0,0,0,0,0,0,0,0,0,0,0,0,0,0,0,0,0,0,0,0,0,0,0,0,0,0,0,0,0,0,0,0,0,0,0,0,0,0,0,0,0,0,0,0,0,0,0,0,0,0,0,0,0,0,0,0,0,1,0,0,0,0,0,0,0,0,0,147,1,0,8,139,0,1,14,6,7
1460.ps1,String_Concatenation,1,2661,1,2660.0,2660,0,0,19,19,15,15,3,3,10,330,51,10,0,0,7,0,0,0,0,0,0,52,0,0,0,0,0,0,0,0,0,0,0,0,0,0,0,0,0,0,0,0,0,0,0,0,0,0,0,0,0,0,0,0,0,0,0,0,0,0,0,0,0,0,0,0,0,0,0,0,0,0,0,0,0,0,0,0,0,0,0,0,1,0,0,0,0,0,0,0,0,0,0,48,1,3,2,56,0,0,6,0,1
1455.ps1,String_Concatenation,1,3007,1,3006.0,3006,0,0,24,24,23,23,5,5,13,315,61,21,2,0,12,0,0,0,3,0,0,58,0,0,0,0,0,0,0,0,0,0,0,0,0,0,0,0,0,0,0,0,0,0,0,0,0,0,0,0,0,0,0,0,0,0,0,0,0,0,0,0,0,0,0,0,0,0,0,0,0,0,0,1,0,0,0,0,0,0,0,0,0,2,0,0,0,0,0,0,0,0,0,62,2,0,7,60,0,0,10,5,6
1456.ps1,String_Concatenation,1,2637,1,2636.0,2636,0,2,21,21,23,23,3,3,8,312,57,12,0,0,7,0,0,0,0,0,2,48,0,0,0,0,0,0,0,0,0,0,0,0,0,0,0,0,0,0,0,0,0,0,0,0,0,0,0,0,0,0,0,0,0,0,0,0,0,0,0,0,0,0,0,0,0,0,0,0,0,0,0,0,0,0,0,0,0,0,0,0,0,0,0,0,0,0,0,0,0,0,0,57,1,0,7,48,0,2,12,3,6
1465.ps1,String_Concatenation,1,2944,1,2943.0,2943,0,0,21,21,16,16,3,3,9,380,58,14,2,0,7,0,0,0,0,0,0,58,0,0,0,0,0,0,0,0,0,0,0,0,0,0,0,0,0,0,0,0,0,0,0,0,0,0,0,0,0,0,0,0,0,0,0,0,0,0,0,0,0,0,0,0,0,0,0,0,0,0,0,0,0,0,0,0,0,0,0,0,0,0,0,0,0,0,0,0,0,0,0,59,2,0,7,60,0,0,6,4,6
1478.ps1,String_Concatenation,1,330,1,329.0,329,0,2,7,7,6,6,0,0,7,2,40,3,0,3,0,0,0,0,1,0,2,38,0,0,0,0,0,0,0,0,0,0,0,0,0,0,0,0,0,0,0,0,0,0,0,0,0,0,0,0,0,0,0,0,0,0,0,0,0,0,0,0,0,0,0,0,0,0,0,0,0,0,0,0,0,0,0,0,0,0,0,0,0,0,0,0,0,0,0,0,0,0,0,41,1,0,6,38,0,2,4,1,5
1466.ps1,String_Concatenation,1,2953,1,2952.0,2952,0,1,21,21,19,19,3,3,7,380,60,13,0,0,7,0,0,0,1,0,1,56,0,0,0,0,0,0,0,0,0,0,0,0,0,0,0,0,0,0,0,0,0,0,0,0,0,0,0,0,0,0,0,0,0,0,0,0,0,0,0,0,0,0,0,0,0,0,0,0,0,0,0,0,0,0,0,0,0,0,0,0,0,0,0,0,0,0,0,0,0,0,0,61,1,0,7,56,0,1,9,4,6
1473.ps1,String_Concatenation,1,2818,1,2817.0,2817,0,1,22,22,23,23,3,3,7,331,82,13,0,0,7,0,0,0,1,0,1,75,0,0,0,0,0,0,0,0,0,0,0,0,0,0,0,0,0,0,0,0,0,0,0,0,0,0,0,0,0,0,0,0,0,0,0,0,0,0,0,0,0,0,0,0,0,0,0,0,0,0,0,0,0,0,0,0,0,0,0,0,0,0,0,0,0,0,0,0,0,0,0,83,1,0,8,75,0,1,13,4,7
148.ps1,String_Concatenation,1,2767,1,2766.0,2766,0,1,20,20,19,19,3,3,7,332,79,13,0,0,7,0,0,0,1,0,1,75,0,0,0,0,0,0,0,0,0,0,0,0,0,0,0,0,0,0,0,0,0,0,0,0,0,0,0,0,0,0,0,0,0,0,0,0,0,0,0,0,0,0,0,0,0,0,0,0,0,0,0,0,0,0,0,0,0,0,0,0,0,0,0,0,0,0,0,0,0,0,0,80,1,0,6,75,0,1,9,4,5
147.ps1,String_Concatenation,1,3170,1,3169.0,3169,0,2,27,27,25,25,5,5,17,333,90,12,0,0,11,0,0,0,2,0,1,87,0,0,0,0,0,0,0,0,0,0,0,0,0,0,0,0,0,0,0,0,0,0,0,0,0,0,0,0,0,0,0,0,0,0,0,0,0,0,0,0,0,0,0,0,0,0,0,0,0,0,0,1,0,0,0,0,0,0,0,0,0,2,0,0,0,0,0,0,0,0,0,87,1,4,6,91,0,1,12,1,5
1479.ps1,String_Concatenation,1,2773,1,2772.0,2772,0,1,20,20,17,17,3,3,7,331,78,13,0,0,7,0,0,0,1,0,1,77,0,0,0,0,0,0,0,0,0,0,0,0,0,0,0,0,0,0,0,0,0,0,0,0,0,0,0,0,0,0,0,0,0,0,0,0,0,0,0,0,0,0,0,0,0,0,0,0,0,0,0,0,0,0,0,0,0,0,0,0,0,0,0,0,0,0,0,0,0,0,0,79,1,0,6,77,0,1,7,4,5
1485.ps1,String_Concatenation,1,2641,1,2640.0,2640,0,1,23,23,25,25,3,3,11,314,55,10,0,0,7,0,0,0,0,0,1,48,0,0,0,0,0,0,0,0,0,0,0,0,0,0,0,0,0,0,0,0,0,0,0,0,0,0,0,0,0,0,0,0,0,0,0,0,0,0,0,0,0,0,0,0,0,0,0,0,0,0,0,0,0,0,0,0,0,0,0,0,0,0,0,0,0,0,0,0,0,0,0,53,1,3,6,51,0,1,15,1,5
1481.ps1,String_Concatenation,1,2702,1,2701.0,2701,0,1,21,21,19,19,3,3,10,332,53,10,0,0,7,0,0,0,1,0,1,52,0,0,0,0,0,0,0,0,0,0,0,0,0,0,0,0,0,0,0,0,0,0,0,0,0,0,0,0,0,0,0,0,0,0,0,0,0,0,0,0,0,0,0,0,0,0,0,0,0,0,0,0,0,0,0,0,0,0,0,0,0,0,0,0,0,0,0,0,0,0,0,51,1,3,4,55,0,1,9,1,3
1482.ps1,String_Concatenation,1,2672,1,2671.0,2671,0,1,21,21,21,21,3,3,10,314,52,10,0,0,8,0,0,0,1,0,1,51,0,0,0,0,0,0,0,0,0,0,0,0,0,0,0,0,0,0,0,0,0,0,0,0,0,0,0,0,0,0,0,0,0,0,0,0,0,0,0,0,0,0,0,0,0,0,0,0,0,0,0,0,0,0,0,0,0,0,0,0,0,0,0,0,0,0,0,0,0,0,0,50,1,3,4,54,0,1,9,1,3
1483.ps1,String_Concatenation,1,2593,1,2592.0,2592,0,1,22,22,17,17,3,3,12,314,51,11,2,0,7,0,0,0,0,0,0,52,0,0,0,0,0,0,0,0,0,0,0,0,0,0,0,0,0,0,0,0,0,0,0,0,0,0,0,0,0,0,0,0,0,0,0,0,0,0,0,0,0,0,0,0,0,0,0,0,0,0,0,0,0,0,0,0,0,0,0,0,0,0,0,0,0,0,0,0,0,0,0,49,2,3,5,57,0,0,7,1,4
1475.ps1,String_Concatenation,1,2674,1,2673.0,2673,0,2,22,22,23,23,3,3,7,321,58,12,0,0,7,0,0,0,1,0,2,49,0,0,0,0,0,0,0,0,0,0,0,0,0,0,0,0,0,0,0,0,0,0,0,0,0,0,0,0,0,0,0,0,0,0,0,0,0,0,0,0,0,0,0,0,0,0,0,0,0,0,0,0,0,0,0,0,0,0,0,0,0,0,0,0,0,0,0,0,0,0,0,58,1,0,8,49,0,2,12,3,7
1488.ps1,String_Concatenation,1,2596,1,2595.0,2595,0,1,20,20,19,19,3,3,7,314,53,13,0,0,7,0,0,0,1,0,1,49,0,0,0,0,0,0,0,0,0,0,0,0,0,0,0,0,0,0,0,0,0,0,0,0,0,0,0,0,0,0,0,0,0,0,0,0,0,0,0,0,0,0,0,0,0,0,0,0,0,0,0,0,0,0,0,0,0,0,0,0,0,0,0,0,0,0,0,0,0,0,0,54,1,0,6,49,0,1,9,4,5
1503.ps1,String_Concatenation,1,2670,1,2669.0,2669,0,1,20,20,16,16,3,3,8,332,53,13,0,0,7,0,0,0,0,0,1,52,0,0,0,0,0,0,0,0,0,0,0,0,0,0,0,0,0,0,0,0,0,0,0,0,0,0,0,0,0,0,0,0,0,0,0,0,0,0,0,0,0,0,0,0,0,0,0,0,0,0,0,0,0,0,0,0,0,0,0,0,0,0,0,0,0,0,0,0,0,0,0,54,1,0,6,52,0,1,6,4,5
1500.ps1,String_Concatenation,1,3109,1,3108.0,3108,0,2,21,21,18,18,5,5,12,331,87,15,0,0,11,0,0,0,3,0,2,87,0,0,0,0,0,0,0,0,0,0,0,0,0,0,0,0,0,0,0,0,0,0,0,0,0,0,0,0,0,0,0,0,0,0,0,0,0,0,0,0,0,0,0,0,0,0,0,0,0,0,0,1,0,0,0,0,0,0,0,0,0,2,0,0,0,0,0,0,0,0,0,87,1,0,4,87,0,2,4,4,3
1487.ps1,String_Concatenation,1,3092,1,3091.0,3091,0,1,24,24,26,26,5,5,12,333,64,16,0,0,11,0,0,0,3,0,1,57,0,0,0,0,0,0,0,0,0,0,0,0,0,0,0,0,0,0,0,0,0,0,0,0,0,0,0,0,0,0,0,0,0,0,0,0,0,0,0,0,0,0,0,0,0,0,0,0,0,0,0,1,0,0,0,0,0,0,0,0,0,2,0,0,0,0,0,0,0,0,0,65,1,0,7,57,0,1,13,5,6
1492.ps1,String_Concatenation,1,2612,1,2611.0,2611,0,1,23,23,19,19,3,3,12,313,52,10,0,0,7,0,0,0,0,0,1,51,0,0,0,0,0,0,0,0,0,0,0,0,0,0,0,0,0,0,0,0,0,0,0,0,0,0,0,0,0,0,0,0,0,0,0,0,0,0,0,0,0,0,0,0,0,0,0,0,0,0,0,0,0,0,0,0,0,0,0,0,0,0,0,0,0,0,0,0,0,0,0,50,1,4,5,55,0,1,9,1,4
150.ps1,String_Concatenation,1,2757,1,2756.0,2756,0,1,22,22,14,14,3,3,12,332,75,11,2,0,7,0,0,0,0,0,0,79,0,0,0,0,0,0,0,0,0,0,0,0,0,0,0,0,0,0,0,0,0,0,0,0,0,0,0,0,0,0,0,0,0,0,0,0,0,0,0,0,0,0,0,0,0,0,0,0,0,0,0,0,0,0,0,0,0,0,0,0,0,0,0,0,0,0,0,0,0,0,0,73,2,3,5,84,0,0,4,1,4
1507.ps1,String_Concatenation,1,2744,1,2743.0,2743,0,0,20,20,16,16,3,3,9,332,77,13,2,0,7,0,0,0,0,0,0,77,0,0,0,0,0,0,0,0,0,0,0,0,0,0,0,0,0,0,0,0,0,0,0,0,0,0,0,0,0,0,0,0,0,0,0,0,0,0,0,0,0,0,0,0,0,0,0,0,0,0,0,0,0,0,0,0,0,0,0,0,0,0,0,0,0,0,0,0,0,0,0,78,2,0,6,79,0,0,6,4,5
1512.ps1,String_Concatenation,1,2763,1,2762.0,2762,0,2,21,21,20,20,3,3,10,330,79,9,0,0,7,0,0,0,1,0,2,76,0,0,0,0,0,0,0,0,0,0,0,0,0,0,0,0,0,0,0,0,0,0,0,0,0,0,0,0,0,0,0,0,0,0,0,0,0,0,0,0,0,0,0,0,0,0,0,0,0,0,0,0,0,0,0,0,0,0,0,0,0,0,0,0,0,0,0,0,0,0,0,76,1,3,4,79,0,2,9,0,3
1495.ps1,String_Concatenation,1,2643,1,2642.0,2642,0,2,20,20,17,17,3,3,8,312,76,12,0,0,7,0,0,0,0,0,2,73,0,0,0,0,0,0,0,0,0,0,0,0,0,0,0,0,0,0,0,0,0,0,0,0,0,0,0,0,0,0,0,0,0,0,0,0,0,0,0,0,0,0,0,0,0,0,0,0,0,0,0,0,0,0,0,0,0,0,0,0,0,0,0,0,0,0,0,0,0,0,0,76,1,0,6,73,0,2,6,3,5
1508.ps1,String_Concatenation,1,2736,1,2735.0,2735,0,1,22,22,19,19,3,3,9,322,78,13,0,0,7,0,0,0,0,0,1,74,0,0,0,0,0,0,0,0,0,0,0,0,0,0,0,0,0,0,0,0,0,0,0,0,0,0,0,0,0,0,0,0,0,0,0,0,0,0,0,0,0,0,0,0,0,0,0,0,0,0,0,0,0,0,0,0,0,0,0,0,0,0,0,0,0,0,0,0,0,0,0,79,1,1,7,75,0,1,9,4,6
1498.ps1,String_Concatenation,1,3076,1,3075.0,3075,0,2,22,22,23,23,3,3,11,396,64,9,0,0,7,0,0,0,0,0,2,58,0,0,0,0,0,0,0,0,0,0,0,0,0,0,0,0,0,0,0,0,0,0,0,0,0,0,0,0,0,0,0,0,0,0,0,0,0,0,0,0,0,0,0,0,0,0,0,0,0,0,0,0,0,0,0,0,0,0,0,0,0,0,0,0,0,0,0,0,0,0,0,61,1,3,5,61,0,2,12,0,4
1505.ps1,String_Concatenation,1,2662,1,2661.0,2661,0,0,19,19,18,18,3,3,7,312,76,13,0,0,7,0,0,0,0,0,0,71,0,0,0,0,0,0,0,0,0,0,0,0,0,0,0,0,0,0,0,0,0,0,0,0,0,0,0,0,0,0,0,0,0,0,0,0,0,0,0,0,0,0,0,0,0,0,0,0,0,0,0,0,0,0,0,0,0,0,0,0,1,0,0,0,0,0,0,0,0,0,0,76,1,0,5,72,0,0,9,3,4
1516.ps1,String_Concatenation,1,466,1,465.0,465,0,0,9,9,11,11,1,1,9,2,53,3,0,3,1,0,0,0,0,0,0,50,0,0,0,0,0,0,0,0,0,0,0,0,0,0,0,0,0,0,0,0,0,0,0,0,0,0,0,0,0,0,0,0,0,0,0,0,0,0,0,0,0,0,0,0,0,0,0,0,0,0,0,0,0,0,0,0,0,0,0,0,1,1,0,0,0,0,0,0,0,0,0,53,1,2,5,53,0,0,10,0,4
1511.ps1,String_Concatenation,1,3163,1,3162.0,3162,0,0,25,25,23,23,5,5,13,333,90,16,2,0,11,0,0,0,3,0,0,87,0,0,0,0,0,0,0,0,0,0,0,0,0,0,0,0,0,0,0,0,0,0,0,0,0,0,0,0,0,0,0,0,0,0,0,0,0,0,0,0,0,0,0,0,0,0,0,0,0,0,0,0,0,0,0,0,0,0,0,0,0,2,0,0,0,0,0,0,0,0,0,91,2,0,8,89,0,0,10,5,7
152.ps1,String_Concatenation,1,335,1,335.0,335,0,2,4,4,10,10,0,0,2,5,21,6,0,0,1,0,0,0,0,0,2,23,0,0,0,0,0,0,0,0,0,0,0,0,0,0,0,0,0,0,0,0,0,0,0,0,0,0,0,0,0,0,0,0,0,0,0,0,0,0,0,0,0,0,0,0,0,0,0,0,0,0,0,0,0,0,0,0,0,0,0,0,0,0,0,0,0,0,0,0,0,0,0,26,1,0,5,23,0,2,8,5,4
1522.ps1,String_Concatenation,1,2962,1,2961.0,2961,0,1,25,25,25,25,3,3,12,356,85,10,0,0,7,0,0,0,0,0,1,78,0,0,0,0,0,0,0,0,0,0,0,0,0,0,0,0,0,0,0,0,0,0,0,0,0,0,0,0,0,0,0,0,0,0,0,0,0,0,0,0,0,0,0,0,0,0,0,0,0,0,0,0,0,0,0,0,0,0,0,0,0,0,0,0,0,0,0,0,0,0,0,83,1,4,7,82,0,1,15,1,6
1520.ps1,String_Concatenation,1,2720,1,2719.0,2719,0,1,19,19,13,13,3,3,10,348,53,9,0,0,7,0,0,0,0,0,0,55,0,0,0,0,0,0,0,0,0,0,0,0,0,0,0,0,0,0,0,0,0,0,0,0,0,0,0,0,0,0,0,0,0,0,0,0,0,0,0,0,0,0,0,0,0,0,0,0,0,0,0,0,0,0,0,0,0,0,0,0,0,1,0,0,0,0,0,0,0,0,0,50,1,3,2,59,0,0,4,0,1
1539.ps1,String_Concatenation,1,2625,1,2624.0,2624,0,2,24,24,20,20,3,3,11,313,54,10,0,0,7,0,0,0,1,0,1,51,0,0,0,0,0,0,0,0,0,0,0,0,0,0,0,0,0,0,0,0,0,0,0,0,0,0,0,0,0,0,0,0,0,0,0,0,0,0,0,0,0,0,0,0,0,0,0,0,0,0,0,0,0,0,0,0,0,0,0,0,0,0,0,0,0,0,0,0,0,0,0,52,1,4,6,55,0,1,10,1,5
1535.ps1,String_Concatenation,1,2897,1,2896.0,2896,0,1,20,20,16,16,3,3,8,356,81,13,0,0,7,0,0,0,1,0,1,80,0,0,0,0,0,0,0,0,0,0,0,0,0,0,0,0,0,0,0,0,0,0,0,0,0,0,0,0,0,0,0,0,0,0,0,0,0,0,0,0,0,0,0,0,0,0,0,0,0,0,0,0,0,0,0,0,0,0,0,0,0,0,0,0,0,0,0,0,0,0,0,82,1,1,5,81,0,1,6,4,4
1541.ps1,String_Concatenation,1,2857,1,2856.0,2856,0,0,23,23,22,22,3,3,12,357,57,11,2,0,7,0,0,0,0,0,0,54,0,0,0,0,0,0,0,0,0,0,0,0,0,0,0,0,0,0,0,0,0,0,0,0,0,0,0,0,0,0,0,0,2,0,0,0,0,0,0,0,0,0,0,0,0,0,0,0,0,0,0,0,0,0,0,0,0,0,0,0,0,0,0,0,0,0,0,0,0,0,0,55,2,3,6,59,0,0,12,1,5
1529.ps1,String_Concatenation,1,2704,1,2703.0,2703,0,0,18,18,12,12,3,3,7,330,75,12,0,0,7,0,0,0,0,0,0,76,0,0,0,0,0,0,0,0,0,0,0,0,0,0,0,0,0,0,0,0,0,0,0,0,0,0,0,0,0,0,0,0,0,0,0,0,0,0,0,0,0,0,0,0,0,0,0,0,0,0,0,0,0,0,0,0,0,0,0,0,0,1,0,0,0,0,0,0,0,0,0,75,1,0,4,77,0,0,3,3,3
1542.ps1,String_Concatenation,1,2611,1,2610.0,2610,0,1,23,23,20,20,3,3,10,313,52,10,0,0,7,0,0,0,1,0,1,51,0,0,0,0,0,0,0,0,0,0,0,0,0,0,0,0,0,0,0,0,0,0,0,0,0,0,0,0,0,0,0,0,0,0,0,0,0,0,0,0,0,0,0,0,0,0,0,0,0,0,0,0,0,0,0,0,0,0,0,0,0,0,0,0,0,0,0,0,0,0,0,50,1,3,6,54,0,1,10,1,5
1538.ps1,String_Concatenation,1,2809,1,2808.0,2808,0,1,22,22,22,22,3,3,9,331,82,13,0,0,7,0,0,0,0,0,1,75,0,0,0,0,0,0,0,0,0,0,0,0,0,0,0,0,0,0,0,0,0,0,0,0,0,0,0,0,0,0,0,0,0,0,0,0,0,0,0,0,0,0,0,0,0,0,0,0,0,0,0,0,0,0,0,0,0,0,0,0,0,0,0,0,0,0,0,0,0,0,0,83,1,1,7,76,0,1,12,4,6
1556.ps1,String_Concatenation,1,2510,1,2509.0,2509,0,0,18,18,12,12,3,3,7,309,49,12,0,0,7,0,0,0,0,0,0,50,0,0,0,0,0,0,0,0,0,0,0,0,0,0,0,0,0,0,0,0,0,0,0,0,0,0,0,0,0,0,0,0,0,0,0,0,0,0,0,0,0,0,0,0,0,0,0,0,0,0,0,0,0,0,0,0,0,0,0,0,0,1,0,0,0,0,0,0,0,0,0,49,1,0,4,51,0,0,3,3,3
1543.ps1,String_Concatenation,1,2582,1,2581.0,2581,0,3,21,21,18,18,3,3,11,312,53,9,0,0,7,0,0,0,0,0,2,51,0,0,0,0,0,0,0,0,0,0,0,0,0,0,0,0,0,0,0,0,0,0,0,0,0,0,0,0,0,0,0,0,0,0,0,0,0,0,0,0,0,0,0,0,0,0,0,0,0,0,0,0,0,0,0,0,0,0,0,0,0,0,0,0,0,0,0,0,0,0,0,50,1,3,4,54,0,2,7,0,3
1555.ps1,String_Concatenation,1,3132,1,3131.0,3131,0,1,23,23,17,17,5,5,13,332,87,16,0,0,11,0,0,0,3,0,1,89,0,0,0,0,0,0,0,0,0,0,0,0,0,0,0,0,0,0,0,0,0,0,0,0,0,0,0,0,0,0,0,0,0,0,0,0,0,0,0,0,0,0,0,0,0,0,0,0,0,0,0,1,0,0,0,0,0,0,0,0,0,2,0,0,0,0,0,0,0,0,0,88,1,1,5,90,0,1,4,5,4
1546.ps1,String_Concatenation,1,2587,1,2586.0,2586,0,2,22,22,17,17,3,3,10,314,51,10,0,0,7,0,0,0,1,0,1,51,0,0,0,0,0,0,0,0,0,0,0,0,0,0,0,0,0,0,0,0,0,0,0,0,0,0,0,0,0,0,0,0,0,0,0,0,0,0,0,0,0,0,0,0,0,0,0,0,0,0,0,0,0,0,0,0,0,0,0,0,0,0,0,0,0,0,0,0,0,0,0,49,1,3,5,54,0,1,7,1,4
155.ps1,String_Concatenation,1,2760,1,2759.0,2759,0,1,20,20,16,16,3,3,8,331,78,13,0,0,7,0,0,0,1,0,1,77,0,0,0,0,0,0,0,0,0,0,0,0,0,0,0,0,0,0,0,0,0,0,0,0,0,0,0,0,0,0,0,0,0,0,0,0,0,0,0,0,0,0,0,0,0,0,0,0,0,0,0,0,0,0,0,0,0,0,0,0,0,0,0,0,0,0,0,0,0,0,0,79,1,1,5,78,0,1,6,4,4
157.ps1,String_Concatenation,1,2664,1,2663.0,2663,0,2,21,21,14,14,3,3,10,332,51,10,0,0,7,0,0,0,1,0,1,54,0,0,0,0,0,0,0,0,0,0,0,0,0,0,0,0,0,0,0,0,0,0,0,0,0,0,0,0,0,0,0,0,0,0,0,0,0,0,0,0,0,0,0,0,0,0,0,0,0,0,0,0,0,0,0,0,0,0,0,0,0,0,0,0,0,0,0,0,0,0,0,49,1,3,4,57,0,1,4,1,3
1570.ps1,String_Concatenation,1,2621,1,2620.0,2620,0,2,20,20,17,17,3,3,8,321,54,12,0,0,7,0,0,0,0,0,2,51,0,0,0,0,0,0,0,0,0,0,0,0,0,0,0,0,0,0,0,0,0,0,0,0,0,0,0,0,0,0,0,0,0,0,0,0,0,0,0,0,0,0,0,0,0,0,0,0,0,0,0,0,0,0,0,0,0,0,0,0,0,0,0,0,0,0,0,0,0,0,0,54,1,0,6,51,0,2,6,3,5
1545.ps1,String_Concatenation,1,371,1,370.0,370,0,1,8,8,3,3,0,0,10,5,41,4,2,3,1,0,0,0,0,0,0,46,0,0,0,0,0,0,0,0,0,0,0,0,0,0,0,0,0,0,0,0,0,0,0,0,0,0,0,0,0,0,0,0,0,0,0,0,0,0,0,0,0,0,0,0,0,0,0,0,0,0,0,0,0,0,0,0,0,0,0,0,0,0,0,0,0,0,0,0,0,0,0,41,2,2,4,50,0,0,2,1,3
1559.ps1,String_Concatenation,1,2760,1,2759.0,2759,0,0,18,18,12,12,3,3,7,355,53,12,0,0,7,0,0,0,0,0,0,54,0,0,0,0,0,0,0,0,0,0,0,0,0,0,0,0,0,0,0,0,0,0,0,0,0,0,0,0,0,0,0,0,0,0,0,0,0,0,0,0,0,0,0,0,0,0,0,0,0,0,0,0,0,0,0,0,0,0,0,0,0,1,0,0,0,0,0,0,0,0,0,53,1,0,4,55,0,0,3,3,3
1572.ps1,String_Concatenation,1,2683,1,2682.0,2682,0,2,20,20,17,17,3,3,7,330,55,12,0,0,7,0,0,0,1,0,2,52,0,0,0,0,0,0,0,0,0,0,0,0,0,0,0,0,0,0,0,0,0,0,0,0,0,0,0,0,0,0,0,0,0,0,0,0,0,0,0,0,0,0,0,0,0,0,0,0,0,0,0,0,0,0,0,0,0,0,0,0,0,0,0,0,0,0,0,0,0,0,0,55,1,0,6,52,0,2,6,3,5
1575.ps1,String_Concatenation,1,2778,1,2777.0,2777,0,1,23,23,19,19,3,3,12,331,78,10,0,0,7,0,0,0,0,0,1,77,0,0,0,0,0,0,0,0,0,0,0,0,0,0,0,0,0,0,0,0,0,0,0,0,0,0,0,0,0,0,0,0,0,0,0,0,0,0,0,0,0,0,0,0,0,0,0,0,0,0,0,0,0,0,0,0,0,0,0,0,0,0,0,0,0,0,0,0,0,0,0,76,1,4,5,81,0,1,9,1,4
1564.ps1,String_Concatenation,1,2595,1,2594.0,2594,0,3,22,22,18,18,3,3,11,312,53,9,0,0,7,0,0,0,0,0,2,51,0,0,0,0,0,0,0,0,0,0,0,0,0,0,0,0,0,0,0,0,0,0,0,0,0,0,0,0,0,0,0,0,0,0,0,0,0,0,0,0,0,0,0,0,0,0,0,0,0,0,0,0,0,0,0,0,0,0,0,0,0,0,0,0,0,0,0,0,0,0,0,50,1,3,5,54,0,2,7,0,4
1577.ps1,String_Concatenation,1,2640,1,2639.0,2639,0,2,20,20,17,17,3,3,7,312,76,12,0,0,7,0,0,0,1,0,2,73,0,0,0,0,0,0,0,0,0,0,0,0,0,0,0,0,0,0,0,0,0,0,0,0,0,0,0,0,0,0,0,0,0,0,0,0,0,0,0,0,0,0,0,0,0,0,0,0,0,0,0,0,0,0,0,0,0,0,0,0,0,0,0,0,0,0,0,0,0,0,0,76,1,0,6,73,0,2,6,3,5
1578.ps1,String_Concatenation,1,2761,1,2760.0,2760,0,2,21,21,20,20,3,3,10,330,79,9,0,0,7,0,0,0,1,0,2,76,0,0,0,0,0,0,0,0,0,0,0,0,0,0,0,0,0,0,0,0,0,0,0,0,0,0,0,0,0,0,0,0,0,0,0,0,0,0,0,0,0,0,0,0,0,0,0,0,0,0,0,0,0,0,0,0,0,0,0,0,0,0,0,0,0,0,0,0,0,0,0,76,1,3,4,79,0,2,9,0,3
1571.ps1,String_Concatenation,1,2667,1,2666.0,2666,0,2,23,23,17,17,3,3,11,313,75,10,0,0,7,0,0,0,1,0,1,75,0,0,0,0,0,0,0,0,0,0,0,0,0,0,0,0,0,0,0,0,0,0,0,0,0,0,0,0,0,0,0,0,0,0,0,0,0,0,0,0,0,0,0,0,0,0,0,0,0,0,0,0,0,0,0,0,0,0,0,0,0,0,0,0,0,0,0,0,0,0,0,73,1,4,5,79,0,1,7,1,4
1593.ps1,String_Concatenation,1,2598,1,2597.0,2597,0,2,20,20,20,20,3,3,7,312,55,12,0,0,7,0,0,0,1,0,2,49,0,0,0,0,0,0,0,0,0,0,0,0,0,0,0,0,0,0,0,0,0,0,0,0,0,0,0,0,0,0,0,0,0,0,0,0,0,0,0,0,0,0,0,0,0,0,0,0,0,0,0,0,0,0,0,0,0,0,0,0,0,0,0,0,0,0,0,0,0,0,0,55,1,0,6,49,0,2,9,3,5
1568.ps1,String_Concatenation,1,2659,1,2658.0,2658,0,1,20,20,16,16,3,3,10,330,53,9,0,0,7,0,0,0,0,0,0,52,0,0,0,0,0,0,0,0,0,0,0,0,0,0,0,0,0,0,0,0,0,0,0,0,0,0,0,0,0,0,0,0,0,0,0,0,0,0,0,0,0,0,0,0,0,0,0,0,0,0,0,0,0,0,0,0,0,0,0,0,0,1,0,0,0,0,0,0,0,0,0,50,1,3,3,56,0,0,7,0,2
1580.ps1,String_Concatenation,1,2688,1,2687.0,2687,0,2,21,21,20,20,3,3,10,330,55,9,0,0,7,0,0,0,1,0,2,52,0,0,0,0,0,0,0,0,0,0,0,0,0,0,0,0,0,0,0,0,0,0,0,0,0,0,0,0,0,0,0,0,0,0,0,0,0,0,0,0,0,0,0,0,0,0,0,0,0,0,0,0,0,0,0,0,0,0,0,0,0,0,0,0,0,0,0,0,0,0,0,52,1,3,4,55,0,2,9,0,3
1581.ps1,String_Concatenation,1,2674,1,2673.0,2673,0,0,19,19,13,13,3,3,8,323,73,13,2,0,7,0,0,0,1,0,0,76,0,0,0,0,0,0,0,0,0,0,0,0,0,0,0,0,0,0,0,0,0,0,0,0,0,0,0,0,0,0,0,0,0,0,0,0,0,0,0,0,0,0,0,0,0,0,0,0,0,0,0,0,0,0,0,0,0,0,0,0,0,0,0,0,0,0,0,0,0,0,0,74,2,0,5,78,0,0,3,4,4
1597.ps1,String_Concatenation,1,531,1,530.0,530,0,1,6,6,2,2,0,0,9,3,72,10,0,9,0,0,0,0,0,0,1,75,0,0,0,0,0,0,0,0,0,0,0,0,0,0,0,0,0,0,0,0,0,0,0,0,0,0,0,0,0,0,0,0,0,0,0,0,0,0,0,0,0,0,0,1,0,0,0,1,0,0,0,0,0,0,0,0,0,0,0,0,0,0,0,0,0,0,0,0,0,0,0,74,1,0,5,75,0,1,1,2,4
1594.ps1,String_Concatenation,1,2669,1,2668.0,2668,0,3,22,22,21,21,3,3,11,312,77,9,0,0,7,0,0,0,0,0,2,72,0,0,0,0,0,0,0,0,0,0,0,0,0,0,0,0,0,0,0,0,0,0,0,0,0,0,0,0,0,0,0,0,0,0,0,0,0,0,0,0,0,0,0,0,0,0,0,0,0,0,0,0,0,0,0,0,0,0,0,0,0,0,0,0,0,0,0,0,0,0,0,74,1,3,5,75,0,2,10,0,4
1587.ps1,String_Concatenation,1,2701,1,2700.0,2700,0,1,20,20,16,16,3,3,9,331,54,13,0,0,7,0,0,0,0,0,1,53,0,0,0,0,0,0,0,0,0,0,0,0,0,0,0,0,0,0,0,0,0,0,0,0,0,0,0,0,0,0,0,0,0,0,0,0,0,0,0,0,0,0,0,0,0,0,0,0,0,0,0,0,0,0,0,0,0,0,0,0,0,0,0,0,0,0,0,0,0,0,0,55,1,1,5,54,0,1,6,4,4
1600.ps1,String_Concatenation,1,2563,1,2562.0,2562,0,2,19,19,14,14,3,3,8,312,51,12,0,0,7,0,0,0,0,0,2,51,0,0,0,0,0,0,0,0,0,0,0,0,0,0,0,0,0,0,0,0,0,0,0,0,0,0,0,0,0,0,0,0,0,0,0,0,0,0,0,0,0,0,0,0,0,0,0,0,0,0,0,0,0,0,0,0,0,0,0,0,0,0,0,0,0,0,0,0,0,0,0,51,1,0,5,51,0,2,3,3,4
1601.ps1,String_Concatenation,1,2731,1,2730.0,2730,0,1,21,21,16,16,3,3,10,330,77,9,0,0,7,0,0,0,0,0,0,76,0,0,0,0,0,0,0,0,0,0,0,0,0,0,0,0,0,0,0,0,0,0,0,0,0,0,0,0,0,0,0,0,0,0,0,0,0,0,0,0,0,0,0,0,0,0,0,0,0,0,0,0,0,0,0,0,0,0,0,0,0,1,0,0,0,0,0,0,0,0,0,74,1,3,4,80,0,0,7,0,3
1612.ps1,String_Concatenation,1,2679,1,2678.0,2678,0,2,20,20,17,17,3,3,10,330,53,9,0,0,7,0,0,0,1,0,2,53,0,0,0,0,0,0,0,0,0,0,0,0,0,0,0,0,0,0,0,0,0,0,0,0,0,0,0,0,0,0,0,0,0,0,0,0,0,0,0,0,0,0,0,0,0,0,0,0,0,0,0,0,0,0,0,0,0,0,0,0,0,0,0,0,0,0,0,0,0,0,0,50,1,3,3,56,0,2,6,0,2
1584.ps1,String_Concatenation,1,442,1,441.0,441,1,2,7,7,6,6,0,0,11,4,42,4,0,3,1,0,0,0,1,0,2,45,0,0,0,0,0,0,0,0,0,0,0,0,0,0,0,0,0,0,0,0,0,0,0,0,0,0,0,0,0,0,0,0,0,0,0,0,0,0,0,0,0,0,0,0,0,0,0,0,0,0,0,0,0,0,0,0,0,0,0,0,0,0,0,0,0,0,0,0,0,0,0,45,1,0,5,45,0,2,3,3,4
161.ps1,String_Concatenation,1,2630,1,2629.0,2629,0,0,19,19,18,18,3,3,7,321,54,13,0,0,7,0,0,0,0,0,0,49,0,0,0,0,0,0,0,0,0,0,0,0,0,0,0,0,0,0,0,0,0,0,0,0,0,0,0,0,0,0,0,0,0,0,0,0,0,0,0,0,0,0,0,0,0,0,0,0,0,0,0,0,0,0,0,0,0,0,0,0,1,0,0,0,0,0,0,0,0,0,0,54,1,0,5,50,0,0,9,3,4
1603.ps1,String_Concatenation,1,2793,1,2792.0,2792,0,2,22,22,23,23,3,3,10,330,81,9,0,0,7,0,0,0,1,0,2,75,0,0,0,0,0,0,0,0,0,0,0,0,0,0,0,0,0,0,0,0,0,0,0,0,0,0,0,0,0,0,0,0,0,0,0,0,0,0,0,0,0,0,0,0,0,0,0,0,0,0,0,0,0,0,0,0,0,0,0,0,0,0,0,0,0,0,0,0,0,0,0,78,1,3,5,78,0,2,12,0,4
1611.ps1,String_Concatenation,1,518,1,517.0,517,0,1,9,9,11,11,0,0,10,6,51,7,0,4,0,0,0,0,0,0,1,51,0,0,0,0,0,0,0,0,0,0,0,0,0,0,0,0,0,0,0,0,0,0,0,0,0,0,0,0,0,0,0,0,0,0,0,0,0,0,0,0,0,0,0,0,0,0,0,0,0,0,0,0,0,0,0,0,0,0,0,0,0,0,0,0,0,0,0,0,0,0,0,56,1,1,6,52,0,1,10,5,5
1618.ps1,String_Concatenation,1,2679,1,2678.0,2678,0,1,20,20,16,16,3,3,7,332,52,13,0,0,7,0,0,0,1,0,1,51,0,0,0,0,0,0,0,0,0,0,0,0,0,0,0,0,0,0,0,0,0,0,0,0,0,0,0,0,0,0,0,0,0,0,0,0,0,0,0,0,0,0,0,0,0,0,0,0,0,0,0,0,0,0,0,0,0,0,0,0,0,0,0,0,0,0,0,0,0,0,0,53,1,0,6,51,0,1,6,4,5
1623.ps1,String_Concatenation,1,2548,1,2547.0,2547,0,0,20,20,18,18,3,3,10,309,51,9,0,0,7,0,0,0,0,0,0,49,0,0,0,0,0,0,0,0,0,0,0,0,0,0,0,0,0,0,0,0,0,0,0,0,0,0,0,0,0,0,0,0,0,0,0,0,0,0,0,0,0,0,0,0,0,0,0,0,0,0,0,0,0,0,0,0,0,0,0,0,0,1,0,0,0,0,0,0,0,0,0,48,1,3,3,53,0,0,9,0,2
1620.ps1,String_Concatenation,1,2694,1,2693.0,2693,0,2,22,22,17,17,3,3,12,331,54,10,0,0,7,0,0,0,0,0,1,54,0,0,0,0,0,0,0,0,0,0,0,0,0,0,0,0,0,0,0,0,0,0,0,0,0,0,0,0,0,0,0,0,0,0,0,0,0,0,0,0,0,0,0,0,0,0,0,0,0,0,0,0,0,0,0,0,0,0,0,0,0,0,0,0,0,0,0,0,0,0,0,52,1,4,4,58,0,1,7,1,3
1624.ps1,String_Concatenation,1,2649,1,2648.0,2648,0,3,21,21,18,18,3,3,11,312,76,9,0,0,7,0,0,0,0,0,2,74,0,0,0,0,0,0,0,0,0,0,0,0,0,0,0,0,0,0,0,0,0,0,0,0,0,0,0,0,0,0,0,0,0,0,0,0,0,0,0,0,0,0,0,0,0,0,0,0,0,0,0,0,0,0,0,0,0,0,0,0,0,0,0,0,0,0,0,0,0,0,0,73,1,3,4,77,0,2,7,0,3
1617.ps1,String_Concatenation,1,2608,1,2607.0,2607,0,2,21,21,20,20,3,3,7,312,55,12,0,0,7,0,0,0,1,0,2,49,0,0,0,0,0,0,0,0,0,0,0,0,0,0,0,0,0,0,0,0,0,0,0,0,0,0,0,0,0,0,0,0,0,0,0,0,0,0,0,0,0,0,0,0,0,0,0,0,0,0,0,0,0,0,0,0,0,0,0,0,0,0,0,0,0,0,0,0,0,0,0,55,1,0,7,49,0,2,9,3,6
1621.ps1,String_Concatenation,1,2813,1,2812.0,2812,0,2,24,24,24,24,3,3,11,331,82,10,0,0,7,0,0,0,0,0,1,76,0,0,0,0,0,0,0,0,0,0,0,0,0,0,0,0,0,0,0,0,0,0,0,0,0,0,0,0,0,0,0,0,0,0,0,0,0,0,0,0,0,0,0,0,0,0,0,0,0,0,0,0,0,0,0,0,0,0,0,0,0,0,0,0,0,0,0,0,0,0,0,80,1,3,7,79,0,1,14,1,6
1639.ps1,String_Concatenation,1,2823,1,2822.0,2822,0,2,22,22,20,20,3,3,11,355,57,9,0,0,7,0,0,0,0,0,2,54,0,0,0,0,0,0,0,0,0,0,0,0,0,0,0,0,0,0,0,0,0,0,0,0,0,0,0,0,0,0,0,0,0,0,0,0,0,0,0,0,0,0,0,0,0,0,0,0,0,0,0,0,0,0,0,0,0,0,0,0,0,0,0,0,0,0,0,0,0,0,0,54,1,3,5,57,0,2,9,0,4
1654.ps1,String_Concatenation,1,2637,1,2636.0,2636,0,3,23,23,24,24,3,3,10,312,57,9,0,0,7,0,0,0,1,0,2,49,0,0,0,0,0,0,0,0,0,0,0,0,0,0,0,0,0,0,0,0,0,0,0,0,0,0,0,0,0,0,0,0,0,0,0,0,0,0,0,0,0,0,0,0,0,0,0,0,0,0,0,0,0,0,0,0,0,0,0,0,0,0,0,0,0,0,0,0,0,0,0,54,1,3,6,52,0,2,13,0,5
163.ps1,String_Concatenation,1,3217,1,3216.0,3216,0,3,24,24,24,24,3,3,10,405,94,9,0,0,7,0,0,0,1,0,2,86,0,0,0,0,0,0,0,0,0,0,0,0,0,0,0,0,0,0,0,0,0,0,0,0,0,0,0,0,0,0,0,0,0,0,0,0,0,0,0,0,0,0,0,0,0,0,0,0,0,0,0,0,0,0,0,0,0,0,0,0,0,0,0,0,0,0,0,0,0,0,0,91,1,3,7,89,0,2,13,0,6
1626.ps1,String_Concatenation,1,2886,1,2885.0,2885,0,1,25,25,25,25,3,3,12,356,59,10,0,0,7,0,0,0,0,0,1,52,0,0,0,0,0,0,0,0,0,0,0,0,0,0,0,0,0,0,0,0,0,0,0,0,0,0,0,0,0,0,0,0,0,0,0,0,0,0,0,0,0,0,0,0,0,0,0,0,0,0,0,0,0,0,0,0,0,0,0,0,0,0,0,0,0,0,0,0,0,0,0,57,1,4,7,56,0,1,15,1,6
1640.ps1,String_Concatenation,1,2754,1,2753.0,2753,0,1,23,23,23,23,3,3,7,331,58,13,0,0,7,0,0,0,1,0,1,51,0,0,0,0,0,0,0,0,0,0,0,0,0,0,0,0,0,0,0,0,0,0,0,0,0,0,0,0,0,0,0,0,0,0,0,0,0,0,0,0,0,0,0,0,0,0,0,0,0,0,0,0,0,0,0,0,0,0,0,0,0,0,0,0,0,0,0,0,0,0,0,59,1,0,9,51,0,1,13,4,8
1642.ps1,String_Concatenation,1,2610,1,2609.0,2609,0,0,19,19,15,15,3,3,10,312,72,9,0,0,7,0,0,0,0,0,0,73,0,0,0,0,0,0,0,0,0,0,0,0,0,0,0,0,0,0,0,0,0,0,0,0,0,0,0,0,0,0,0,0,0,0,0,0,0,0,0,0,0,0,0,0,0,0,0,0,0,0,0,0,0,0,0,0,0,0,0,0,0,1,0,0,0,0,0,0,0,0,0,69,1,3,2,77,0,0,6,0,1
165.ps1,String_Concatenation,1,2572,1,2571.0,2571,0,2,19,19,17,17,3,3,7,312,53,12,0,0,7,0,0,0,1,0,2,50,0,0,0,0,0,0,0,0,0,0,0,0,0,0,0,0,0,0,0,0,0,0,0,0,0,0,0,0,0,0,0,0,0,0,0,0,0,0,0,0,0,0,0,0,0,0,0,0,0,0,0,0,0,0,0,0,0,0,0,0,0,0,0,0,0,0,0,0,0,0,0,53,1,0,5,50,0,2,6,3,4
1632.ps1,String_Concatenation,1,2773,1,2772.0,2772,0,3,22,22,21,21,3,3,11,330,81,9,0,0,7,0,0,0,0,0,2,76,0,0,0,0,0,0,0,0,0,0,0,0,0,0,0,0,0,0,0,0,0,0,0,0,0,0,0,0,0,0,0,0,0,0,0,0,0,0,0,0,0,0,0,0,0,0,0,0,0,0,0,0,0,0,0,0,0,0,0,0,0,0,0,0,0,0,0,0,0,0,0,78,1,3,5,79,0,2,10,0,4
1638.ps1,String_Concatenation,1,2706,1,2705.0,2705,0,1,21,21,17,17,3,3,7,322,76,13,0,0,7,0,0,0,1,0,1,75,0,0,0,0,0,0,0,0,0,0,0,0,0,0,0,0,0,0,0,0,0,0,0,0,0,0,0,0,0,0,0,0,0,0,0,0,0,0,0,0,0,0,0,0,0,0,0,0,0,0,0,0,0,0,0,0,0,0,0,0,0,0,0,0,0,0,0,0,0,0,0,77,1,0,7,75,0,1,7,4,6
1650.ps1,String_Concatenation,1,2982,1,2981.0,2981,0,1,25,25,27,27,5,5,12,314,63,16,0,0,11,0,0,0,3,0,1,56,0,0,0,0,0,0,0,0,0,0,0,0,0,0,0,0,0,0,0,0,0,0,0,0,0,0,0,0,0,0,0,0,0,0,0,0,0,0,0,0,0,0,0,0,0,0,0,0,0,0,0,1,0,0,0,0,0,0,0,0,0,2,0,0,0,0,0,0,0,0,0,64,1,0,8,56,0,1,14,5,7
1679.ps1,String_Concatenation,1,2679,1,2678.0,2678,0,0,19,19,18,18,3,3,7,330,55,12,0,0,7,0,0,0,0,0,0,50,0,0,0,0,0,0,0,0,0,0,0,0,0,0,0,0,0,0,0,0,0,0,0,0,0,0,0,0,0,0,0,0,0,0,0,0,0,0,0,0,0,0,0,0,0,0,0,0,0,0,0,0,0,0,0,0,0,0,0,0,0,1,0,0,0,0,0,0,0,0,0,55,1,0,5,51,0,0,9,3,4
1655.ps1,String_Concatenation,1,2718,1,2717.0,2717,0,1,21,21,18,18,3,3,10,314,74,10,0,0,8,0,0,0,1,0,1,76,0,0,0,0,0,0,0,0,0,0,0,0,0,0,0,0,0,0,0,0,0,0,0,0,0,0,0,0,0,0,0,0,0,0,0,0,0,0,0,0,0,0,0,0,0,0,0,0,0,0,0,0,0,0,0,0,0,0,0,0,0,0,0,0,0,0,0,0,0,0,0,72,1,3,4,79,0,1,6,1,3
1662.ps1,String_Concatenation,1,337,1,336.0,336,0,1,8,8,3,3,8,8,9,3,38,4,0,3,1,0,0,0,1,0,1,39,0,0,0,0,0,0,0,0,0,0,0,0,0,0,0,0,0,0,0,0,0,0,0,0,0,0,0,0,0,0,0,0,0,0,0,0,0,0,0,0,0,0,0,0,0,0,0,1,0,0,0,0,0,0,0,0,0,0,0,0,0,0,0,0,0,0,0,0,0,0,0,39,1,1,5,40,0,1,2,2,4
166.ps1,String_Concatenation,1,2711,1,2710.0,2710,0,1,21,21,16,16,3,3,9,322,76,13,0,0,7,0,0,0,0,0,1,75,0,0,0,0,0,0,0,0,0,0,0,0,0,0,0,0,0,0,0,0,0,0,0,0,0,0,0,0,0,0,0,0,0,0,0,0,0,0,0,0,0,0,0,0,0,0,0,0,0,0,0,0,0,0,0,0,0,0,0,0,0,0,0,0,0,0,0,0,0,0,0,77,1,1,6,76,0,1,6,4,5
1660.ps1,String_Concatenation,1,2721,1,2720.0,2720,0,1,14,14,17,17,2,2,20,7,80,12,0,21,12,0,0,0,1,0,1,50,0,0,0,0,0,0,0,0,0,0,0,0,0,0,0,0,0,0,0,0,0,0,0,0,0,0,0,0,0,0,0,0,0,0,0,0,0,0,0,0,0,0,0,0,0,0,0,0,1,0,0,0,0,1,0,0,0,0,0,0,0,1,0,0,0,0,0,0,0,4,0,58,1,0,7,50,0,1,12,4,6
1657.ps1,String_Concatenation,1,3058,1,3057.0,3057,0,1,22,22,17,17,3,3,11,402,60,10,2,0,7,0,0,0,1,0,0,61,0,0,0,0,0,0,0,0,0,0,0,0,0,0,0,0,0,0,0,0,0,0,0,0,0,0,0,0,0,0,0,0,0,0,0,0,0,0,0,0,0,0,0,0,0,0,0,0,0,0,0,0,0,0,0,0,0,0,0,0,0,0,0,0,0,0,0,0,0,0,0,58,2,3,5,66,0,0,7,1,4
1664.ps1,String_Concatenation,1,2738,1,2737.0,2737,0,2,24,24,23,23,3,3,10,332,56,10,0,0,7,0,0,0,1,0,1,50,0,0,0,0,0,0,0,0,0,0,0,0,0,0,0,0,0,0,0,0,0,0,0,0,0,0,0,0,0,0,0,0,0,0,0,0,0,0,0,0,0,0,0,0,0,0,0,0,0,0,0,0,0,0,0,0,0,0,0,0,0,0,0,0,0,0,0,0,0,0,0,54,1,3,7,53,0,1,13,1,6
1659.ps1,String_Concatenation,1,3177,1,3176.0,3176,0,1,26,26,27,27,5,5,16,331,92,12,0,0,11,0,0,0,2,0,0,85,0,0,0,0,0,0,0,0,0,0,0,0,0,0,0,0,0,0,0,0,0,0,0,0,0,0,0,0,0,0,0,0,0,0,0,0,0,0,0,0,0,0,0,0,0,0,0,0,0,0,0,1,0,0,0,0,0,0,0,0,1,2,0,0,0,0,0,0,0,0,0,88,1,4,5,90,0,0,15,0,4
1663.ps1,String_Concatenation,1,2603,1,2602.0,2602,0,1,21,21,17,17,3,3,8,313,52,13,0,0,7,0,0,0,0,0,1,51,0,0,0,0,0,0,0,0,0,0,0,0,0,0,0,0,0,0,0,0,0,0,0,0,0,0,0,0,0,0,0,0,0,0,0,0,0,0,0,0,0,0,0,0,0,0,0,0,0,0,0,0,0,0,0,0,0,0,0,0,0,0,0,0,0,0,0,0,0,0,0,53,1,0,7,51,0,1,7,4,6
1680.ps1,String_Concatenation,1,2640,1,2639.0,2639,0,1,22,22,17,17,3,3,11,311,73,10,2,0,7,0,0,0,1,0,0,74,0,0,0,0,0,0,0,0,0,0,0,0,0,0,0,0,0,0,0,0,0,0,0,0,0,0,0,0,0,0,0,0,0,0,0,0,0,0,0,0,0,0,0,0,0,0,0,0,0,0,0,0,0,0,0,0,0,0,0,0,0,0,0,0,0,0,0,0,0,0,0,71,2,3,5,79,0,0,7,1,4
1686.ps1,String_Concatenation,1,2730,1,2729.0,2729,0,1,21,21,19,19,3,3,9,331,56,13,0,0,7,0,0,0,0,0,1,52,0,0,0,0,0,0,0,0,0,0,0,0,0,0,0,0,0,0,0,0,0,0,0,0,0,0,0,0,0,0,0,0,0,0,0,0,0,0,0,0,0,0,0,0,0,0,0,0,0,0,0,0,0,0,0,0,0,0,0,0,0,0,0,0,0,0,0,0,0,0,0,57,1,1,6,53,0,1,9,4,5
1694.ps1,String_Concatenation,1,2606,1,2605.0,2605,0,0,23,23,19,19,3,3,12,314,51,10,2,0,7,0,0,0,0,0,0,51,0,0,0,0,0,0,0,0,0,0,0,0,0,0,0,0,0,0,0,0,0,0,0,0,0,0,0,0,0,0,0,0,0,0,0,0,0,0,0,0,0,0,0,0,0,0,0,0,0,0,0,0,0,0,0,0,0,0,0,0,0,0,0,0,0,0,0,0,0,0,0,49,2,3,6,56,0,0,9,1,5
169.ps1,String_Concatenation,1,1809,1,1808.0,1808,0,1,15,15,14,14,0,0,10,7,73,5,0,14,2,0,0,0,1,0,1,48,0,0,0,0,0,0,0,0,0,0,0,0,0,0,0,0,0,0,0,0,0,0,0,0,0,0,0,0,0,0,0,0,1,0,0,0,0,0,0,0,0,0,0,0,0,0,0,0,1,0,0,0,0,1,0,0,0,0,0,0,0,0,0,0,0,0,0,0,0,3,0,51,1,2,5,50,0,1,10,1,4
1693.ps1,String_Concatenation,1,492,1,491.0,491,1,1,12,12,18,18,0,0,13,7,35,3,0,3,0,0,0,0,0,0,1,32,0,0,0,0,0,0,0,0,0,0,0,0,0,0,0,0,0,0,0,0,0,0,0,0,0,0,0,0,0,0,0,0,0,0,0,0,0,0,0,0,0,0,0,0,0,0,0,0,0,0,0,0,0,0,0,0,0,0,0,0,0,0,0,0,0,0,0,0,0,0,0,36,1,4,6,36,0,1,17,1,5
168.ps1,String_Concatenation,1,1051,1,1050.0,1050,1,0,13,13,22,22,3,3,25,8,95,9,3,5,8,0,2,1,0,0,0,91,0,0,0,0,0,0,0,0,0,0,0,0,0,0,0,0,0,0,0,0,0,0,0,0,0,0,0,0,0,0,0,0,0,0,0,0,0,0,0,0,0,0,0,0,0,0,0,0,0,0,0,0,0,0,0,0,0,0,0,0,0,1,0,0,0,0,0,0,0,0,0,98,2,0,8,93,0,0,13,5,7
1685.ps1,String_Concatenation,1,2672,1,2671.0,2671,0,1,21,21,19,19,3,3,10,330,55,9,0,0,7,0,0,0,0,0,0,51,0,0,0,0,0,0,0,0,0,0,0,0,0,0,0,0,0,0,0,0,0,0,0,0,0,0,0,0,0,0,0,0,0,0,0,0,0,0,0,0,0,0,0,0,0,0,0,0,0,0,0,0,0,0,0,0,0,0,0,0,0,1,0,0,0,0,0,0,0,0,0,52,1,3,4,55,0,0,10,0,3
1677.ps1,String_Concatenation,1,2593,1,2592.0,2592,0,1,21,21,19,19,3,3,10,314,51,10,0,0,7,0,0,0,1,0,1,50,0,0,0,0,0,0,0,0,0,0,0,0,0,0,0,0,0,0,0,0,0,0,0,0,0,0,0,0,0,0,0,0,0,0,0,0,0,0,0,0,0,0,0,0,0,0,0,0,0,0,0,0,0,0,0,0,0,0,0,0,0,0,0,0,0,0,0,0,0,0,0,49,1,3,4,53,0,1,9,1,3
1698.ps1,String_Concatenation,1,2659,1,2658.0,2658,0,2,19,19,17,17,3,3,8,312,76,12,0,0,7,0,0,0,0,0,2,73,0,0,0,0,0,0,0,0,0,0,0,0,0,0,0,0,0,0,0,0,0,0,0,0,0,0,0,0,0,0,0,0,0,0,0,0,0,0,0,0,0,0,0,0,0,0,0,0,0,0,0,0,0,0,0,0,0,0,0,0,0,0,0,0,0,0,0,0,0,0,0,76,1,0,5,73,0,2,6,3,4
1683.ps1,String_Concatenation,1,2619,1,2618.0,2618,0,2,20,20,20,20,3,3,7,303,77,12,0,0,7,0,0,0,1,0,2,71,0,0,0,0,0,0,0,0,0,0,0,0,0,0,0,0,0,0,0,0,0,0,0,0,0,0,0,0,0,0,0,0,0,0,0,0,0,0,0,0,0,0,0,0,0,0,0,0,0,0,0,0,0,0,0,0,0,0,0,0,0,0,0,0,0,0,0,0,0,0,0,77,1,0,6,71,0,2,9,3,5
17.ps1,String_Concatenation,1,2706,1,2705.0,2705,0,1,24,24,22,22,3,3,11,313,77,10,0,0,7,0,0,0,1,0,1,73,0,0,0,0,0,0,0,0,0,0,0,0,0,0,0,0,0,0,0,0,0,0,0,0,0,0,0,0,0,0,0,0,0,0,0,0,0,0,0,0,0,0,0,0,0,0,0,0,0,0,0,0,0,0,0,0,0,0,0,0,0,0,0,0,0,0,0,0,0,0,0,75,1,4,6,77,0,1,12,1,5
170.ps1,String_Concatenation,1,2634,1,2633.0,2633,0,2,22,22,23,23,3,3,10,312,55,9,0,0,7,0,0,0,1,0,2,49,0,0,0,0,0,0,0,0,0,0,0,0,0,0,0,0,0,0,0,0,0,0,0,0,0,0,0,0,0,0,0,0,0,0,0,0,0,0,0,0,0,0,0,0,0,0,0,0,0,0,0,0,0,0,0,0,0,0,0,0,0,0,0,0,0,0,0,0,0,0,0,52,1,3,5,52,0,2,12,0,4
172.ps1,String_Concatenation,1,2940,1,2939.0,2939,0,2,23,23,24,24,5,5,12,313,62,15,0,0,11,0,0,0,3,0,2,56,0,0,0,0,0,0,0,0,0,0,0,0,0,0,0,0,0,0,0,0,0,0,0,0,0,0,0,0,0,0,0,0,0,0,0,0,0,0,0,0,0,0,0,0,0,0,0,0,0,0,0,1,0,0,0,0,0,0,0,0,0,2,0,0,0,0,0,0,0,0,0,62,1,0,6,56,0,2,10,4,5
1700.ps1,String_Concatenation,1,2711,1,2710.0,2710,0,1,22,22,23,23,3,3,7,313,79,13,0,0,7,0,0,0,1,0,1,72,0,0,0,0,0,0,0,0,0,0,0,0,0,0,0,0,0,0,0,0,0,0,0,0,0,0,0,0,0,0,0,0,0,0,0,0,0,0,0,0,0,0,0,0,0,0,0,0,0,0,0,0,0,0,0,0,0,0,0,0,0,0,0,0,0,0,0,0,0,0,0,80,1,0,8,72,0,1,13,4,7
1712.ps1,String_Concatenation,1,2789,1,2788.0,2788,0,1,24,24,20,20,3,3,11,332,79,10,2,0,7,0,0,0,1,0,0,77,0,0,0,0,0,0,0,0,0,0,0,0,0,0,0,0,0,0,0,0,0,0,0,0,0,0,0,0,0,0,0,0,0,0,0,0,0,0,0,0,0,0,0,0,0,0,0,0,0,0,0,0,0,0,0,0,0,0,0,0,0,0,0,0,0,0,0,0,0,0,0,77,2,3,7,82,0,0,10,1,6
1706.ps1,String_Concatenation,1,2623,1,2622.0,2622,0,2,20,20,17,17,3,3,8,321,54,12,0,0,7,0,0,0,0,0,2,51,0,0,0,0,0,0,0,0,0,0,0,0,0,0,0,0,0,0,0,0,0,0,0,0,0,0,0,0,0,0,0,0,0,0,0,0,0,0,0,0,0,0,0,0,0,0,0,0,0,0,0,0,0,0,0,0,0,0,0,0,0,0,0,0,0,0,0,0,0,0,0,54,1,0,6,51,0,2,6,3,5
1718.ps1,String_Concatenation,1,2617,1,2616.0,2616,0,2,19,19,17,17,3,3,7,321,54,12,0,0,7,0,0,0,1,0,2,51,0,0,0,0,0,0,0,0,0,0,0,0,0,0,0,0,0,0,0,0,0,0,0,0,0,0,0,0,0,0,0,0,0,0,0,0,0,0,0,0,0,0,0,0,0,0,0,0,0,0,0,0,0,0,0,0,0,0,0,0,0,0,0,0,0,0,0,0,0,0,0,54,1,0,5,51,0,2,6,3,4
1702.ps1,String_Concatenation,1,1148,1,1147.0,1147,0,2,16,16,24,24,1,1,28,7,130,5,0,5,8,0,2,0,0,0,1,126,0,0,0,0,0,0,0,0,0,0,0,0,0,0,0,0,0,0,0,0,0,0,0,0,0,0,0,0,0,0,0,0,0,0,0,0,0,0,0,0,0,0,0,0,0,0,0,0,0,0,0,0,0,0,0,0,0,0,0,0,0,1,0,0,0,0,0,0,0,0,0,129,1,4,7,130,0,1,15,1,6
1722.ps1,String_Concatenation,1,2747,1,2746.0,2746,0,0,13,13,8,8,2,2,21,7,101,13,2,25,13,0,0,0,1,0,0,78,0,0,0,0,0,0,0,0,0,0,0,0,0,0,0,0,0,0,0,0,0,0,0,0,0,0,0,0,0,0,0,0,3,0,0,0,0,0,0,0,0,0,0,0,0,0,0,0,1,0,0,0,0,1,0,0,0,0,0,0,0,1,0,0,0,0,0,0,0,1,0,76,2,0,6,80,0,0,3,4,5
1729.ps1,String_Concatenation,1,2642,1,2641.0,2641,0,1,19,19,16,16,3,3,8,314,74,13,0,0,7,0,0,0,0,0,1,73,0,0,0,0,0,0,0,0,0,0,0,0,0,0,0,0,0,0,0,0,0,0,0,0,0,0,0,0,0,0,0,0,0,0,0,0,0,0,0,0,0,0,0,0,0,0,0,0,0,0,0,0,0,0,0,0,0,0,0,0,0,0,0,0,0,0,0,0,0,0,0,75,1,0,5,73,0,1,6,4,4
1713.ps1,String_Concatenation,1,2622,1,2621.0,2621,0,0,23,23,19,19,3,3,11,314,51,10,2,0,7,0,0,0,1,0,0,51,0,0,0,0,0,0,0,0,0,0,0,0,0,0,0,0,0,0,0,0,0,0,0,0,0,0,0,0,0,0,0,0,0,0,0,0,0,0,0,0,0,0,0,0,0,0,0,0,0,0,0,0,0,0,0,0,0,0,0,0,0,0,0,0,0,0,0,0,0,0,0,49,2,3,6,56,0,0,9,1,5
1724.ps1,String_Concatenation,1,315,1,314.0,314,1,2,7,7,6,6,0,0,8,2,32,3,0,4,0,0,0,0,1,0,2,30,0,0,0,0,0,0,0,0,0,0,0,0,0,0,0,0,0,0,0,0,0,0,0,0,0,0,0,0,0,0,0,0,0,0,0,0,0,0,0,0,0,0,0,0,0,0,0,0,0,0,0,0,0,0,0,0,0,0,0,0,0,0,0,0,0,0,0,0,0,0,0,33,1,0,6,30,0,2,4,1,5
1721.ps1,String_Concatenation,1,2532,1,2531.0,2531,0,0,19,19,18,18,3,3,7,303,52,12,0,0,7,0,0,0,0,0,0,47,0,0,0,0,0,0,0,0,0,0,0,0,0,0,0,0,0,0,0,0,0,0,0,0,0,0,0,0,0,0,0,0,0,0,0,0,0,0,0,0,0,0,0,0,0,0,0,0,0,0,0,0,0,0,0,0,0,0,0,0,0,1,0,0,0,0,0,0,0,0,0,52,1,0,5,48,0,0,9,3,4
1720.ps1,String_Concatenation,1,2802,1,2801.0,2801,0,1,23,23,22,22,3,3,10,332,79,10,0,0,7,0,0,0,1,0,1,75,0,0,0,0,0,0,0,0,0,0,0,0,0,0,0,0,0,0,0,0,0,0,0,0,0,0,0,0,0,0,0,0,0,0,0,0,0,0,0,0,0,0,0,0,0,0,0,0,0,0,0,0,0,0,0,0,0,0,0,0,0,0,0,0,0,0,0,0,0,0,0,77,1,3,6,78,0,1,12,1,5
1728.ps1,String_Concatenation,1,1186,1,1185.0,1185,1,2,12,12,20,20,2,3,25,5,147,8,1,5,8,1,2,1,0,0,2,142,0,0,0,0,0,0,0,0,0,0,0,0,0,0,0,0,0,0,0,0,0,0,0,0,0,0,0,0,0,0,0,0,0,0,0,0,0,0,0,0,0,0,0,0,0,0,0,0,0,0,0,0,0,0,0,0,0,0,0,0,0,0,0,0,0,0,0,0,0,0,0,148,1,0,7,142,0,2,10,4,6
1725.ps1,String_Concatenation,1,2691,1,2690.0,2690,0,2,22,22,23,23,3,3,8,312,80,12,0,0,7,0,0,0,0,0,2,71,0,0,0,0,0,0,0,0,0,0,0,0,0,0,0,0,0,0,0,0,0,0,0,0,0,0,0,0,0,0,0,0,0,0,0,0,0,0,0,0,0,0,0,0,0,0,0,0,0,0,0,0,0,0,0,0,0,0,0,0,0,0,0,0,0,0,0,0,0,0,0,80,1,0,8,71,0,2,12,3,7
1736.ps1,String_Concatenation,1,2774,1,2773.0,2773,0,3,23,23,21,21,3,3,10,330,81,9,0,0,7,0,0,0,1,0,2,76,0,0,0,0,0,0,0,0,0,0,0,0,0,0,0,0,0,0,0,0,0,0,0,0,0,0,0,0,0,0,0,0,0,0,0,0,0,0,0,0,0,0,0,0,0,0,0,0,0,0,0,0,0,0,0,0,0,0,0,0,0,0,0,0,0,0,0,0,0,0,0,78,1,3,6,79,0,2,10,0,5
173.ps1,String_Concatenation,1,2958,1,2957.0,2957,0,0,20,20,18,18,3,3,7,370,85,12,0,0,7,0,0,0,0,0,0,80,0,0,0,0,0,0,0,0,0,0,0,0,0,0,0,0,0,0,0,0,0,0,0,0,0,0,0,0,0,0,0,0,0,0,0,0,0,0,0,0,0,0,0,0,0,0,0,0,0,0,0,0,0,0,0,0,0,0,0,0,0,1,0,0,0,0,0,0,0,0,0,85,1,0,6,81,0,0,9,3,5
1737.ps1,String_Concatenation,1,2759,1,2758.0,2758,0,3,22,22,18,18,3,3,10,330,79,9,0,0,7,0,0,0,1,0,2,77,0,0,0,0,0,0,0,0,0,0,0,0,0,0,0,0,0,0,0,0,0,0,0,0,0,0,0,0,0,0,0,0,0,0,0,0,0,0,0,0,0,0,0,0,0,0,0,0,0,0,0,0,0,0,0,0,0,0,0,0,0,0,0,0,0,0,0,0,0,0,0,76,1,3,5,80,0,2,7,0,4
1746.ps1,String_Concatenation,1,2924,1,2923.0,2923,0,2,23,23,21,21,3,3,10,356,83,10,0,0,7,0,0,0,1,0,1,80,0,0,0,0,0,0,0,0,0,0,0,0,0,0,0,0,0,0,0,0,0,0,0,0,0,0,0,0,0,0,0,0,0,0,0,0,0,0,0,0,0,0,0,0,0,0,0,0,0,0,0,0,0,0,0,0,0,0,0,0,0,0,0,0,0,0,0,0,0,0,0,81,1,3,6,83,0,1,11,1,5
1743.ps1,String_Concatenation,1,2638,1,2637.0,2637,0,2,23,23,22,22,3,3,11,313,55,10,0,0,7,0,0,0,0,0,1,51,0,0,0,0,0,0,0,0,0,0,0,0,0,0,0,0,0,0,0,0,0,0,0,0,0,0,0,0,0,0,0,0,0,0,0,0,0,0,0,0,0,0,0,0,0,0,0,0,0,0,0,0,0,0,0,0,0,0,0,0,0,0,0,0,0,0,0,0,0,0,0,53,1,3,6,54,0,1,12,1,5
1738.ps1,String_Concatenation,1,1004,1,1003.0,1003,1,1,18,18,23,24,1,1,28,8,94,6,0,6,7,0,3,1,0,0,1,91,0,0,0,0,0,0,0,0,0,0,0,0,0,0,0,0,0,0,0,0,0,0,0,0,0,0,0,0,0,0,0,0,0,0,0,0,0,0,0,0,0,0,0,0,0,0,0,0,0,0,0,0,0,0,0,0,0,0,0,0,0,0,0,0,0,0,0,0,0,0,0,92,1,5,7,96,0,1,15,1,6
1740.ps1,String_Concatenation,1,2662,1,2661.0,2661,0,1,22,22,19,19,3,3,10,312,76,10,0,0,7,0,0,0,0,0,0,72,0,0,0,0,0,0,0,0,0,0,0,0,0,0,0,0,0,0,0,0,0,0,0,0,0,0,0,0,0,0,0,0,0,0,0,0,0,0,0,0,0,0,0,0,0,0,0,0,0,0,0,0,0,0,0,0,0,0,0,0,1,0,0,0,0,0,0,0,0,0,0,73,1,3,5,76,0,0,10,0,4
1745.ps1,String_Concatenation,1,2631,1,2630.0,2630,0,3,24,24,24,24,3,3,10,309,57,9,0,0,7,0,0,0,1,0,2,49,0,0,0,0,0,0,0,0,0,0,0,0,0,0,0,0,0,0,0,0,0,0,0,0,0,0,0,0,0,0,0,0,0,0,0,0,0,0,0,0,0,0,0,0,0,0,0,0,0,0,0,0,0,0,0,0,0,0,0,0,0,0,0,0,0,0,0,0,0,0,0,54,1,3,7,52,0,2,13,0,6
1735.ps1,String_Concatenation,1,2769,1,2768.0,2768,0,0,21,21,16,16,3,3,9,332,77,14,2,0,7,0,0,0,0,0,0,77,0,0,0,0,0,0,0,0,0,0,0,0,0,0,0,0,0,0,0,0,0,0,0,0,0,0,0,0,0,0,0,0,0,0,0,0,0,0,0,0,0,0,0,0,0,0,0,0,0,0,0,0,0,0,0,0,0,0,0,0,0,0,0,0,0,0,0,0,0,0,0,78,2,0,7,79,0,0,6,4,6
1747.ps1,String_Concatenation,1,2716,1,2715.0,2715,0,2,22,22,23,23,3,3,10,330,57,9,0,0,7,0,0,0,1,0,2,51,0,0,0,0,0,0,0,0,0,0,0,0,0,0,0,0,0,0,0,0,0,0,0,0,0,0,0,0,0,0,0,0,0,0,0,0,0,0,0,0,0,0,0,0,0,0,0,0,0,0,0,0,0,0,0,0,0,0,0,0,0,0,0,0,0,0,0,0,0,0,0,54,1,3,5,54,0,2,12,0,4
1751.ps1,String_Concatenation,1,1081,1,1080.0,1080,0,2,17,16,24,25,1,2,27,6,123,6,0,5,7,0,2,0,0,0,1,119,0,0,0,0,0,0,0,0,0,0,0,0,0,0,0,0,0,0,0,0,0,0,0,0,0,0,0,0,0,0,0,0,0,0,0,0,0,0,0,0,0,0,0,0,0,0,0,0,0,0,0,0,0,0,0,0,0,0,0,0,0,0,0,0,0,0,0,0,0,0,0,122,1,4,7,123,0,1,16,1,6
1753.ps1,String_Concatenation,1,1064,1,1063.0,1063,0,2,16,16,12,12,2,2,15,6,133,8,0,6,5,0,0,0,3,0,1,135,0,0,0,0,0,0,0,0,0,0,0,0,0,0,0,0,0,0,0,0,0,0,0,0,0,0,0,0,0,0,0,0,1,0,0,0,0,0,0,0,0,0,0,0,0,0,0,0,0,0,0,0,0,0,0,0,0,0,0,0,0,1,0,0,0,0,0,0,0,0,0,134,1,4,6,139,0,1,11,1,5
1748.ps1,String_Concatenation,1,3018,1,3017.0,3017,0,0,22,22,19,19,3,3,9,373,85,14,2,0,7,0,0,0,0,0,0,82,0,0,0,0,0,0,0,0,0,0,0,0,0,0,0,0,0,0,0,0,0,0,0,0,0,0,0,0,0,0,0,0,0,0,0,0,0,0,0,0,0,0,0,0,0,0,0,0,0,0,0,0,0,0,0,0,0,0,0,0,0,0,0,0,0,0,0,0,0,0,0,86,2,0,8,84,0,0,9,4,7
176.ps1,String_Concatenation,1,2600,1,2599.0,2599,0,2,20,20,20,20,3,3,8,312,55,12,0,0,7,0,0,0,0,0,2,49,0,0,0,0,0,0,0,0,0,0,0,0,0,0,0,0,0,0,0,0,0,0,0,0,0,0,0,0,0,0,0,0,0,0,0,0,0,0,0,0,0,0,0,0,0,0,0,0,0,0,0,0,0,0,0,0,0,0,0,0,0,0,0,0,0,0,0,0,0,0,0,55,1,0,6,49,0,2,9,3,5
1759.ps1,String_Concatenation,1,2752,1,2751.0,2751,0,2,20,20,17,17,3,3,7,330,79,12,0,0,7,0,0,0,1,0,2,76,0,0,0,0,0,0,0,0,0,0,0,0,0,0,0,0,0,0,0,0,0,0,0,0,0,0,0,0,0,0,0,0,0,0,0,0,0,0,0,0,0,0,0,0,0,0,0,0,0,0,0,0,0,0,0,0,0,0,0,0,0,0,0,0,0,0,0,0,0,0,0,79,1,0,6,76,0,2,6,3,5
1761.ps1,String_Concatenation,1,2695,1,2694.0,2694,0,1,22,22,22,22,3,3,7,314,77,13,0,0,7,0,0,0,1,0,1,70,0,0,0,0,0,0,0,0,0,0,0,0,0,0,0,0,0,0,0,0,0,0,0,0,0,0,0,0,0,0,0,0,0,0,0,0,0,0,0,0,0,0,0,0,0,0,0,0,0,0,0,0,0,0,0,0,0,0,0,0,0,0,0,0,0,0,0,0,0,0,0,78,1,0,8,70,0,1,12,4,7
1760.ps1,String_Concatenation,1,2634,1,2633.0,2633,0,1,24,24,22,22,3,3,12,313,54,10,0,0,7,0,0,0,0,0,1,50,0,0,0,0,0,0,0,0,0,0,0,0,0,0,0,0,0,0,0,0,0,0,0,0,0,0,0,0,0,0,0,0,0,0,0,0,0,0,0,0,0,0,0,0,0,0,0,0,0,0,0,0,0,0,0,0,0,0,0,0,0,0,0,0,0,0,0,0,0,0,0,52,1,4,6,54,0,1,12,1,5
1765.ps1,String_Concatenation,1,296,1,295.0,295,1,0,6,6,3,3,0,0,10,4,26,4,2,3,0,0,0,0,0,0,0,30,0,0,0,0,0,0,0,0,0,0,0,0,0,0,0,0,0,0,0,0,0,0,0,0,0,0,0,0,0,0,0,0,0,0,0,0,0,0,0,0,0,0,0,0,0,0,0,0,0,0,0,0,0,0,0,0,0,0,0,0,0,0,0,0,0,0,0,0,0,1,0,27,2,1,4,33,0,0,2,1,3
1771.ps1,String_Concatenation,1,2827,1,2826.0,2826,0,1,25,25,23,23,3,3,12,332,81,11,2,0,7,0,0,0,0,0,0,76,0,0,0,0,0,0,0,0,0,0,0,0,0,0,0,0,0,0,0,0,0,0,0,0,0,0,0,0,0,0,0,0,0,0,0,0,0,0,0,0,0,0,0,0,0,0,0,0,0,0,0,0,0,0,0,0,0,0,0,0,0,0,0,0,0,0,0,0,0,0,0,79,2,3,8,81,0,0,13,1,7
1766.ps1,String_Concatenation,1,2719,1,2718.0,2718,0,2,22,22,23,23,3,3,7,330,59,12,0,0,7,0,0,0,1,0,2,50,0,0,0,0,0,0,0,0,0,0,0,0,0,0,0,0,0,0,0,0,0,0,0,0,0,0,0,0,0,0,0,0,0,0,0,0,0,0,0,0,0,0,0,0,0,0,0,0,0,0,0,0,0,0,0,0,0,0,0,0,0,0,0,0,0,0,0,0,0,0,0,59,1,0,8,50,0,2,12,3,7
1762.ps1,String_Concatenation,1,2579,1,2578.0,2578,0,0,20,20,16,16,3,3,8,314,51,13,2,0,7,0,0,0,1,0,0,51,0,0,0,0,0,0,0,0,0,0,0,0,0,0,0,0,0,0,0,0,0,0,0,0,0,0,0,0,0,0,0,0,0,0,0,0,0,0,0,0,0,0,0,0,0,0,0,0,0,0,0,0,0,0,0,0,0,0,0,0,0,0,0,0,0,0,0,0,0,0,0,52,2,0,6,53,0,0,6,4,5
1767.ps1,String_Concatenation,1,1554,1,1554.0,1554,0,0,11,11,5,5,84,84,34,8,28,6,0,2,25,0,0,0,0,0,0,29,0,0,0,0,0,0,0,0,0,0,0,0,0,0,0,0,0,0,0,0,0,0,0,0,0,0,0,0,0,0,0,0,0,0,0,0,0,0,0,0,0,0,0,0,0,0,0,1,0,0,0,0,0,0,0,0,0,0,0,0,1,0,0,0,0,0,0,0,0,1,0,29,1,0,3,30,0,0,4,1,2
177.ps1,String_Concatenation,1,2644,1,2643.0,2643,0,1,19,19,16,16,3,3,8,314,74,13,0,0,7,0,0,0,0,0,1,73,0,0,0,0,0,0,0,0,0,0,0,0,0,0,0,0,0,0,0,0,0,0,0,0,0,0,0,0,0,0,0,0,0,0,0,0,0,0,0,0,0,0,0,0,0,0,0,0,0,0,0,0,0,0,0,0,0,0,0,0,0,0,0,0,0,0,0,0,0,0,0,75,1,0,5,73,0,1,6,4,4
1777.ps1,String_Concatenation,1,2912,1,2911.0,2911,0,0,22,22,22,22,5,5,12,313,60,15,0,0,11,0,0,0,2,0,0,55,0,0,0,0,0,0,0,0,0,0,0,0,0,0,0,0,0,0,0,0,0,0,0,0,0,0,0,0,0,0,0,0,0,0,0,0,0,0,0,0,0,0,0,0,0,0,0,0,0,0,0,1,0,0,0,0,0,0,0,0,0,3,0,0,0,0,0,0,0,0,0,60,1,0,5,56,0,0,10,4,4
1779.ps1,String_Concatenation,1,2621,1,2620.0,2620,0,3,23,23,21,21,3,3,11,312,55,9,0,0,7,0,0,0,0,0,2,50,0,0,0,0,0,0,0,0,0,0,0,0,0,0,0,0,0,0,0,0,0,0,0,0,0,0,0,0,0,0,0,0,0,0,0,0,0,0,0,0,0,0,0,0,0,0,0,0,0,0,0,0,0,0,0,0,0,0,0,0,0,0,0,0,0,0,0,0,0,0,0,52,1,3,6,53,0,2,10,0,5
1775.ps1,String_Concatenation,1,2597,1,2596.0,2596,0,2,20,20,20,20,3,3,8,312,55,12,0,0,7,0,0,0,0,0,2,49,0,0,0,0,0,0,0,0,0,0,0,0,0,0,0,0,0,0,0,0,0,0,0,0,0,0,0,0,0,0,0,0,0,0,0,0,0,0,0,0,0,0,0,0,0,0,0,0,0,0,0,0,0,0,0,0,0,0,0,0,0,0,0,0,0,0,0,0,0,0,0,55,1,0,6,49,0,2,9,3,5
1773.ps1,String_Concatenation,1,2607,1,2606.0,2606,0,0,22,22,21,21,3,3,10,312,53,10,0,0,7,0,0,0,0,0,0,48,0,0,0,0,0,0,0,0,0,0,0,0,0,0,0,0,0,0,0,0,0,0,0,0,0,0,0,0,0,0,0,0,0,0,0,0,0,0,0,0,0,0,0,0,0,0,0,0,0,0,0,0,0,0,0,0,0,0,0,0,1,0,0,0,0,0,0,0,0,0,0,50,1,3,5,52,0,0,12,0,4
1774.ps1,String_Concatenation,1,2598,1,2597.0,2597,0,2,24,24,24,24,3,3,10,304,55,10,0,0,7,0,0,0,1,0,1,49,0,0,0,0,0,0,0,0,0,0,0,0,0,0,0,0,0,0,0,0,0,0,0,0,0,0,0,0,0,0,0,0,0,0,0,0,0,0,0,0,0,0,0,0,0,0,0,0,0,0,0,0,0,0,0,0,0,0,0,0,0,0,0,0,0,0,0,0,0,0,0,53,1,3,7,52,0,1,14,1,6
1782.ps1,String_Concatenation,1,2904,1,2903.0,2903,0,1,21,21,19,19,3,3,8,357,82,13,0,0,7,0,0,0,0,0,1,78,0,0,0,0,0,0,0,0,0,0,0,0,0,0,0,0,0,0,0,0,0,0,0,0,0,0,0,0,0,0,0,0,0,0,0,0,0,0,0,0,0,0,0,0,0,0,0,0,0,0,0,0,0,0,0,0,0,0,0,0,0,0,0,0,0,0,0,0,0,0,0,83,1,0,7,78,0,1,9,4,6
1794.ps1,String_Concatenation,1,2912,1,2911.0,2911,0,3,23,23,21,21,3,3,10,355,84,9,0,0,7,0,0,0,1,0,2,79,0,0,0,0,0,0,0,0,0,0,0,0,0,0,0,0,0,0,0,0,0,0,0,0,0,0,0,0,0,0,0,0,0,0,0,0,0,0,0,0,0,0,0,0,0,0,0,0,0,0,0,0,0,0,0,0,0,0,0,0,0,0,0,0,0,0,0,0,0,0,0,81,1,3,6,82,0,2,10,0,5
179.ps1,String_Concatenation,1,506,1,505.0,505,0,0,12,12,20,20,0,0,11,5,45,2,0,4,0,0,0,0,0,0,0,38,0,0,0,0,0,0,0,0,0,0,0,0,0,0,0,0,0,0,0,0,0,0,0,0,0,0,0,0,0,0,0,0,0,0,0,0,0,0,0,0,0,0,0,0,0,0,0,0,0,0,0,0,0,0,0,0,0,0,0,0,0,1,0,0,0,0,0,0,0,0,0,45,1,4,6,43,0,0,20,0,5
1796.ps1,String_Concatenation,1,2671,1,2670.0,2670,0,1,19,19,14,14,3,3,8,331,52,13,0,0,7,0,0,0,0,0,1,54,0,0,0,0,0,0,0,0,0,0,0,0,0,0,0,0,0,0,0,0,0,0,0,0,0,0,0,0,0,0,0,0,0,0,0,0,0,0,0,0,0,0,0,0,0,0,0,0,0,0,0,0,0,0,0,0,0,0,0,0,0,0,0,0,0,0,0,0,0,0,0,53,1,0,5,54,0,1,4,4,4
1791.ps1,String_Concatenation,1,2776,1,2775.0,2775,0,1,18,18,13,13,3,3,8,357,53,13,0,0,7,0,0,0,0,0,1,55,0,0,0,0,0,0,0,0,0,0,0,0,0,0,0,0,0,0,0,0,0,0,0,0,0,0,0,0,0,0,0,0,0,0,0,0,0,0,0,0,0,0,0,0,0,0,0,0,0,0,0,0,0,0,0,0,0,0,0,0,0,0,0,0,0,0,0,0,0,0,0,54,1,0,4,55,0,1,3,4,3
1803.ps1,String_Concatenation,1,2674,1,2673.0,2673,0,2,21,21,20,20,3,3,8,312,78,12,0,0,7,0,0,0,0,0,2,72,0,0,0,0,0,0,0,0,0,0,0,0,0,0,0,0,0,0,0,0,0,0,0,0,0,0,0,0,0,0,0,0,0,0,0,0,0,0,0,0,0,0,0,0,0,0,0,0,0,0,0,0,0,0,0,0,0,0,0,0,0,0,0,0,0,0,0,0,0,0,0,78,1,0,7,72,0,2,9,3,6
1800.ps1,String_Concatenation,1,402,1,401.0,401,0,2,7,7,6,6,10,10,7,4,40,3,0,3,0,0,0,0,1,0,2,40,0,0,0,0,0,0,0,0,0,0,0,0,0,0,0,0,0,0,0,0,0,0,0,0,0,0,0,0,0,0,0,0,0,0,0,0,0,0,0,0,0,0,0,0,0,0,0,1,0,0,0,0,0,0,0,0,0,0,0,0,0,0,0,0,0,0,0,0,0,1,0,41,1,0,5,40,0,2,4,1,4
1780.ps1,String_Concatenation,1,3067,1,3066.0,3066,0,1,25,25,24,24,5,5,13,323,63,21,0,0,12,0,0,0,2,0,1,59,0,0,0,0,0,0,0,0,0,0,0,0,0,0,0,0,0,0,0,0,0,0,0,0,0,0,0,0,0,0,0,0,0,0,0,0,0,0,0,0,0,0,0,0,0,0,0,0,0,0,0,0,0,0,0,0,0,0,0,0,0,2,0,0,0,0,0,0,0,0,0,64,1,0,8,59,0,1,11,5,7
1781.ps1,String_Concatenation,1,2903,1,2902.0,2902,0,0,22,22,19,19,3,3,8,357,82,13,2,0,7,0,0,0,1,0,0,79,0,0,0,0,0,0,0,0,0,0,0,0,0,0,0,0,0,0,0,0,0,0,0,0,0,0,0,0,0,0,0,0,0,0,0,0,0,0,0,0,0,0,0,0,0,0,0,0,0,0,0,0,0,0,0,0,0,0,0,0,0,0,0,0,0,0,0,0,0,0,0,83,2,0,8,81,0,0,9,4,7
101.ps1,String_Reordering,1,2842,1,2841.0,2841,0,3,23,23,21,21,51,51,10,368,9,10,0,0,7,0,0,0,1,0,2,52,0,0,0,0,0,0,0,0,0,0,0,0,0,0,0,0,0,0,0,0,0,0,0,0,0,0,0,0,0,0,0,0,0,0,0,0,0,0,0,0,0,0,0,0,0,0,0,1,0,0,0,0,0,0,0,0,0,0,0,0,0,0,0,0,0,0,0,0,0,0,0,7,1,3,6,55,0,2,10,1,5
1035.ps1,String_Reordering,1,1697,1,1696.0,1696,0,3,16,16,24,24,136,136,25,139,10,5,0,5,7,0,2,0,1,0,2,139,0,0,0,0,0,0,0,0,0,0,0,0,0,0,0,0,0,0,0,0,0,0,0,0,0,0,0,0,0,0,0,0,0,0,0,0,0,0,0,0,0,0,0,0,0,0,0,1,0,0,0,0,0,0,0,0,0,0,0,0,0,1,0,0,0,0,0,0,0,0,0,9,1,4,7,143,0,2,15,1,6
1058.ps1,String_Reordering,1,3032,1,3031.0,3031,0,2,21,21,17,17,76,76,7,402,7,13,0,0,7,0,0,0,1,0,2,77,0,0,0,0,0,0,0,0,0,0,0,0,0,0,0,0,0,0,0,0,0,0,0,0,0,0,0,0,0,0,0,0,0,0,0,0,0,0,0,0,0,0,0,0,0,0,0,1,0,0,0,0,0,0,0,0,0,0,0,0,0,0,0,0,0,0,0,0,0,0,0,8,1,0,7,77,0,2,6,4,6
1034.ps1,String_Reordering,1,3029,1,3028.0,3028,0,2,21,21,17,17,76,76,7,402,7,13,0,0,7,0,0,0,1,0,2,77,0,0,0,0,0,0,0,0,0,0,0,0,0,0,0,0,0,0,0,0,0,0,0,0,0,0,0,0,0,0,0,0,0,0,0,0,0,0,0,0,0,0,0,0,0,0,0,1,0,0,0,0,0,0,0,0,0,0,0,0,0,0,0,0,0,0,0,0,0,0,0,8,1,0,7,77,0,2,6,4,6
1024.ps1,String_Reordering,1,2822,1,2821.0,2821,0,0,25,25,22,22,50,50,11,360,7,11,2,0,7,0,0,0,1,0,0,51,0,0,0,0,0,0,0,0,0,0,0,0,0,0,0,0,0,0,0,0,0,0,0,0,0,0,0,0,0,0,0,0,0,0,0,0,0,0,0,0,0,0,0,0,0,0,0,1,0,0,0,0,0,0,0,0,0,0,0,0,0,0,0,0,0,0,0,0,0,0,0,6,2,3,8,56,0,0,12,2,7
1059.ps1,String_Reordering,1,3153,1,3152.0,3152,0,0,25,25,25,25,58,58,12,365,10,16,0,0,11,0,0,0,2,0,0,55,0,0,0,0,0,0,0,0,0,0,0,0,0,0,0,0,0,0,0,0,0,0,0,0,0,0,0,0,0,0,0,0,0,0,0,0,0,0,0,0,0,0,0,0,0,0,0,1,0,0,0,1,0,0,0,0,0,0,0,0,0,2,0,0,0,0,0,0,0,0,0,11,1,0,8,56,0,0,13,5,7
1055.ps1,String_Reordering,1,532,1,531.0,531,1,0,6,6,4,4,48,48,8,41,0,5,0,4,0,0,0,0,0,0,0,39,0,0,0,0,0,0,0,0,0,0,0,0,0,0,0,0,0,0,0,0,0,0,0,0,0,0,0,0,0,0,0,0,0,0,0,0,0,0,0,0,0,0,0,0,0,0,0,2,0,0,0,0,0,0,0,0,0,0,0,0,1,0,0,0,0,0,0,0,1,1,0,2,1,0,4,40,0,0,4,2,3
1031.ps1,String_Reordering,1,3042,1,3041.0,3041,0,2,23,23,17,17,76,76,10,404,5,11,0,0,7,0,0,0,1,0,1,78,0,0,0,0,0,0,0,0,0,0,0,0,0,0,0,0,0,0,0,0,0,0,0,0,0,0,0,0,0,0,0,0,0,0,0,0,0,0,0,0,0,0,0,0,0,0,0,1,0,0,0,0,0,0,0,0,0,0,0,0,0,0,0,0,0,0,0,0,0,0,0,4,1,3,6,81,0,1,7,2,5
1009.ps1,String_Reordering,1,482,1,481.0,481,0,0,8,8,5,5,41,41,11,36,0,6,2,4,0,0,0,0,0,0,0,34,0,0,0,0,0,0,0,0,0,0,0,0,0,0,0,0,0,0,0,0,0,0,0,0,0,0,0,0,0,0,0,0,0,0,0,0,0,0,0,0,0,0,0,0,0,0,0,2,0,0,0,0,0,0,0,0,0,0,0,0,0,0,0,0,0,0,0,0,0,1,0,3,2,0,6,36,0,0,4,3,5
1032.ps1,String_Reordering,1,3045,1,3044.0,3044,0,2,23,23,23,23,54,54,10,405,9,10,0,0,7,0,0,0,1,0,2,54,0,0,0,0,0,0,0,0,0,0,0,0,0,0,0,0,0,0,0,0,0,0,0,0,0,0,0,0,0,0,0,0,0,0,0,0,0,0,0,0,0,0,0,0,0,0,0,1,0,0,0,0,0,0,0,0,0,0,0,0,0,0,0,0,0,0,0,0,0,0,0,7,1,3,6,57,0,2,12,1,5
1008.ps1,String_Reordering,1,2939,1,2938.0,2938,0,1,22,22,16,16,73,73,9,382,6,14,0,0,7,0,0,0,0,0,1,75,0,0,0,0,0,0,0,0,0,0,0,0,0,0,0,0,0,0,0,0,0,0,0,0,0,0,0,0,0,0,0,0,0,0,0,0,0,0,0,0,0,0,0,0,0,0,0,1,0,0,0,0,0,0,0,0,0,0,0,0,0,0,0,0,0,0,0,0,0,0,0,8,1,1,7,76,0,1,6,5,6
1052.ps1,String_Reordering,1,369,1,368.0,368,0,1,7,7,2,2,28,28,10,23,1,5,0,3,0,0,0,0,0,0,1,25,0,0,0,0,0,0,0,0,0,0,0,0,0,0,0,0,0,0,0,0,0,0,0,0,0,0,0,0,0,0,0,0,1,0,0,0,0,0,0,0,0,0,0,0,0,0,0,2,0,0,0,0,0,0,0,0,0,0,0,0,0,0,0,0,0,0,0,0,0,0,0,4,1,1,5,26,0,1,1,2,4
1030.ps1,String_Reordering,1,2979,1,2978.0,2978,0,2,23,23,17,17,74,74,11,393,5,11,0,0,7,0,0,0,0,0,1,76,0,0,0,0,0,0,0,0,0,0,0,0,0,0,0,0,0,0,0,0,0,0,0,0,0,0,0,0,0,0,0,0,0,0,0,0,0,0,0,0,0,0,0,0,0,0,0,1,0,0,0,0,0,0,0,0,0,0,0,0,0,0,0,0,0,0,0,0,0,0,0,4,1,3,6,79,0,1,7,2,5
1007.ps1,String_Reordering,1,2882,1,2881.0,2881,0,0,21,21,16,16,52,52,9,380,5,14,2,0,7,0,0,0,0,0,0,54,0,0,0,0,0,0,0,0,0,0,0,0,0,0,0,0,0,0,0,0,0,0,0,0,0,0,0,0,0,0,0,0,0,0,0,0,0,0,0,0,0,0,0,0,0,0,0,1,0,0,0,0,0,0,0,0,0,0,0,0,0,0,0,0,0,0,0,0,0,0,0,7,2,0,7,56,0,0,6,5,6
1051.ps1,String_Reordering,1,3208,1,3207.0,3207,0,3,23,23,21,21,79,79,10,430,9,10,0,0,7,0,0,0,1,0,2,80,0,0,0,0,0,0,0,0,0,0,0,0,0,0,0,0,0,0,0,0,0,0,0,0,0,0,0,0,0,0,0,0,0,0,0,0,0,0,0,0,0,0,0,0,0,0,0,1,0,0,0,0,0,0,0,0,0,0,0,0,0,0,0,0,0,0,0,0,0,0,0,7,1,3,6,83,0,2,10,1,5
1028.ps1,String_Reordering,1,2988,1,2987.0,2987,0,1,23,23,19,19,74,74,10,391,7,11,0,0,7,0,0,0,0,0,0,74,0,0,0,0,0,0,0,0,0,0,0,0,0,0,0,0,0,0,0,0,0,0,0,0,0,0,0,0,0,0,0,0,0,0,0,0,0,0,0,0,0,0,0,0,0,0,0,1,0,0,0,0,0,0,0,0,0,0,0,0,1,0,0,0,0,0,0,0,0,0,0,5,1,3,6,78,0,0,10,1,5
1006.ps1,String_Reordering,1,3004,1,3003.0,3003,0,1,21,21,16,16,54,54,8,407,5,14,0,0,7,0,0,0,0,0,1,55,0,0,0,0,0,0,0,0,0,0,0,0,0,0,0,0,0,0,0,0,0,0,0,0,0,0,0,0,0,0,0,0,0,0,0,0,0,0,0,0,0,0,0,0,0,0,0,1,0,0,0,0,0,0,0,0,0,0,0,0,0,0,0,0,0,0,0,0,0,0,0,7,1,0,7,55,0,1,6,5,6
105.ps1,String_Reordering,1,3297,1,3296.0,3296,0,2,23,23,20,20,59,59,10,458,7,10,0,0,7,0,0,0,1,0,2,60,0,0,0,0,0,0,0,0,0,0,0,0,0,0,0,0,0,0,0,0,0,0,0,0,0,0,0,0,0,0,0,0,0,0,0,0,0,0,0,0,0,0,0,0,0,0,0,1,0,0,0,0,0,0,0,0,0,0,0,0,0,0,0,0,0,0,0,0,0,0,0,5,1,3,6,63,0,2,9,1,5
103.ps1,String_Reordering,1,3039,1,3038.0,3038,0,3,22,22,18,18,76,76,10,402,7,10,0,0,7,0,0,0,1,0,2,78,0,0,0,0,0,0,0,0,0,0,0,0,0,0,0,0,0,0,0,0,0,0,0,0,0,0,0,0,0,0,0,0,0,0,0,0,0,0,0,0,0,0,0,0,0,0,0,1,0,0,0,0,0,0,0,0,0,0,0,0,0,0,0,0,0,0,0,0,0,0,0,5,1,3,5,81,0,2,7,1,4
1005.ps1,String_Reordering,1,2987,1,2986.0,2986,0,2,22,22,23,23,73,73,7,381,11,13,0,0,7,0,0,0,1,0,2,72,0,0,0,0,0,0,0,0,0,0,0,0,0,0,0,0,0,0,0,0,0,0,0,0,0,0,0,0,0,0,0,0,0,0,0,0,0,0,0,0,0,0,0,0,0,0,0,1,0,0,0,0,0,0,0,0,0,0,0,0,0,0,0,0,0,0,0,0,0,0,0,12,1,0,8,72,0,2,12,4,7
1026.ps1,String_Reordering,1,7186,1,7185.0,7185,0,2,23,23,23,23,176,176,8,1166,11,13,0,0,7,0,0,0,0,0,2,175,0,0,0,0,0,0,0,0,0,0,0,0,0,0,0,0,0,0,0,0,0,0,0,0,0,0,0,0,0,0,0,0,0,0,0,0,0,0,0,0,0,0,0,0,0,0,0,1,0,0,0,0,0,0,0,0,0,0,0,0,0,0,0,0,0,0,0,0,0,0,0,12,1,0,9,175,0,2,12,4,8
1015.ps1,String_Reordering,1,2873,1,2872.0,2872,0,1,24,24,23,23,51,51,10,369,8,11,0,0,7,0,0,0,1,0,1,52,0,0,0,0,0,0,0,0,0,0,0,0,0,0,0,0,0,0,0,0,0,0,0,0,0,0,0,0,0,0,0,0,0,0,0,0,0,0,0,0,0,0,0,0,0,0,0,1,0,0,0,0,0,0,0,0,0,0,0,0,0,0,0,0,0,0,0,0,0,0,0,7,1,3,7,55,0,1,13,2,6
1049.ps1,String_Reordering,1,2160,1,2160.0,2160,0,0,32,32,10,10,44,44,79,47,2,20,0,0,23,1,0,0,0,0,0,39,0,0,0,0,0,0,0,0,0,0,0,0,0,0,0,0,0,0,0,0,0,0,0,0,0,0,0,0,0,0,0,0,0,0,0,0,0,0,0,0,0,0,0,0,0,0,0,1,0,0,0,0,0,0,0,0,0,0,0,0,1,0,0,0,0,0,0,0,0,13,0,5,1,0,5,40,0,0,5,3,4
1025.ps1,String_Reordering,1,3199,1,3198.0,3198,0,2,21,21,20,20,79,79,7,430,9,13,0,0,7,0,0,0,1,0,2,79,0,0,0,0,0,0,0,0,0,0,0,0,0,0,0,0,0,0,0,0,0,0,0,0,0,0,0,0,0,0,0,0,0,0,0,0,0,0,0,0,0,0,0,0,0,0,0,1,0,0,0,0,0,0,0,0,0,0,0,0,0,0,0,0,0,0,0,0,0,0,0,10,1,0,7,79,0,2,9,4,6
1004.ps1,String_Reordering,1,1647,1,1646.0,1646,1,1,14,13,19,20,131,132,21,137,6,11,1,6,8,0,2,1,1,0,1,135,0,0,0,0,0,0,0,0,0,0,0,0,0,0,0,0,0,0,0,0,0,0,0,0,0,0,0,0,0,0,0,0,0,0,0,0,0,0,0,0,0,0,0,0,0,0,0,1,0,0,0,0,0,0,0,0,0,0,0,0,0,1,0,0,0,0,0,0,0,0,0,11,1,0,8,135,0,1,11,7,7
1045.ps1,String_Reordering,1,2894,1,2893.0,2893,0,1,20,20,13,13,73,73,8,383,3,14,0,0,7,0,0,0,0,0,1,75,0,0,0,0,0,0,0,0,0,0,0,0,0,0,0,0,0,0,0,0,0,0,0,0,0,0,0,0,0,0,0,0,0,0,0,0,0,0,0,0,0,0,0,0,0,0,0,1,0,0,0,0,0,0,0,0,0,0,0,0,0,0,0,0,0,0,0,0,0,0,0,5,1,0,6,75,0,1,3,5,5
1023.ps1,String_Reordering,1,474,1,473.0,473,0,1,7,7,5,5,43,43,9,38,0,5,0,4,0,0,0,0,0,0,1,35,0,0,0,0,0,0,0,0,0,0,0,0,0,0,0,0,0,0,0,0,0,0,0,0,0,0,0,0,0,0,0,0,0,0,0,0,0,0,0,0,0,0,0,0,0,0,0,2,0,0,0,0,0,0,0,0,0,0,0,0,0,0,0,0,0,0,0,0,0,0,0,3,1,0,5,35,0,1,4,3,4
1002.ps1,String_Reordering,1,2964,1,2963.0,2963,0,0,22,22,19,19,73,73,9,383,7,14,2,0,7,0,0,0,0,0,0,74,0,0,0,0,0,0,0,0,0,0,0,0,0,0,0,0,0,0,0,0,0,0,0,0,0,0,0,0,0,0,0,0,0,0,0,0,0,0,0,0,0,0,0,0,0,0,0,1,0,0,0,0,0,0,0,0,0,0,0,0,0,0,0,0,0,0,0,0,0,0,0,9,2,0,8,76,0,0,9,5,7
1044.ps1,String_Reordering,1,2881,1,2880.0,2880,0,1,22,22,19,19,52,52,10,378,7,11,0,0,7,0,0,0,0,0,0,52,0,0,0,0,0,0,0,0,0,0,0,0,0,0,0,0,0,0,0,0,0,0,0,0,0,0,0,0,0,0,0,0,0,0,0,0,0,0,0,0,0,0,0,0,0,0,0,1,0,0,0,0,0,0,0,0,0,0,0,0,1,0,0,0,0,0,0,0,0,0,0,5,1,3,5,56,0,0,10,1,4
1018.ps1,String_Reordering,1,686,1,685.0,685,0,1,9,9,11,11,47,47,9,53,4,8,0,4,0,0,0,0,1,0,1,51,0,0,0,0,0,0,0,0,0,0,0,0,0,0,0,0,0,0,0,0,0,0,0,0,0,0,0,0,0,0,0,0,0,0,0,0,0,0,0,0,0,0,0,0,0,0,0,1,0,0,0,0,0,0,0,0,0,0,0,0,0,0,0,0,0,0,0,0,0,0,0,10,1,0,7,51,0,1,10,6,6
1000.ps1,String_Reordering,1,669,1,668.0,668,0,2,8,8,9,9,48,48,10,52,4,7,0,4,0,0,0,0,0,0,2,53,0,0,0,0,0,0,0,0,0,0,0,0,0,0,0,0,0,0,0,0,0,0,0,0,0,0,0,0,0,0,0,0,0,0,0,0,0,0,0,0,0,0,0,0,0,0,0,1,0,0,0,0,0,0,0,0,0,0,0,0,0,0,0,0,0,0,0,0,0,0,0,9,1,0,6,53,0,2,7,5,5
1042.ps1,String_Reordering,1,2777,1,2776.0,2776,0,2,21,21,17,17,50,50,7,358,7,13,0,0,7,0,0,0,1,0,2,51,0,0,0,0,0,0,0,0,0,0,0,0,0,0,0,0,0,0,0,0,0,0,0,0,0,0,0,0,0,0,0,0,0,0,0,0,0,0,0,0,0,0,0,0,0,0,0,1,0,0,0,0,0,0,0,0,0,0,0,0,0,0,0,0,0,0,0,0,0,0,0,8,1,0,7,51,0,2,6,4,6
1019.ps1,String_Reordering,1,3007,1,3006.0,3006,0,2,22,22,17,17,54,54,10,407,5,11,0,0,7,0,0,0,1,0,1,56,0,0,0,0,0,0,0,0,0,0,0,0,0,0,0,0,0,0,0,0,0,0,0,0,0,0,0,0,0,0,0,0,0,0,0,0,0,0,0,0,0,0,0,0,0,0,0,1,0,0,0,0,0,0,0,0,0,0,0,0,0,0,0,0,0,0,0,0,0,0,0,4,1,3,5,59,0,1,7,2,4
100.ps1,String_Reordering,1,3422,1,3421.0,3421,0,1,25,25,23,23,86,86,13,395,8,22,0,0,12,0,0,0,2,0,1,85,0,0,0,0,0,0,0,0,0,0,0,0,0,0,0,0,0,0,0,0,0,0,0,0,0,0,0,0,0,0,0,0,0,0,0,0,0,0,0,0,0,0,0,0,0,0,0,1,0,0,0,0,0,0,0,0,0,0,0,0,0,1,0,0,0,0,0,0,0,0,0,10,1,0,8,85,0,1,10,6,7
1040.ps1,String_Reordering,1,672,1,671.0,671,0,2,12,12,13,13,46,46,13,50,4,3,0,3,0,0,0,0,0,0,2,51,0,0,0,0,0,0,0,0,0,0,0,0,0,0,0,0,0,0,0,0,0,0,0,0,0,0,0,0,0,0,0,0,0,0,0,0,0,0,0,0,0,0,0,0,0,0,0,1,0,0,0,0,0,0,0,0,0,0,0,0,0,0,0,0,0,0,0,0,0,0,0,5,1,4,6,55,0,2,11,1,5
1017.ps1,String_Reordering,1,674,1,673.0,673,0,2,12,12,16,16,42,42,14,46,6,3,0,3,0,0,0,0,0,0,2,46,0,0,0,0,0,0,0,0,0,0,0,0,0,0,0,0,0,0,0,0,0,0,0,0,0,0,0,0,0,0,0,0,0,0,0,0,0,0,0,0,0,0,0,0,1,0,0,1,0,0,0,0,0,0,0,0,0,0,0,0,0,0,0,0,0,0,0,0,0,0,0,7,1,4,6,50,0,2,14,1,5
1001.ps1,String_Reordering,1,2903,1,2902.0,2902,0,2,22,22,23,23,52,52,8,378,11,13,0,0,7,0,0,0,0,0,2,51,0,0,0,0,0,0,0,0,0,0,0,0,0,0,0,0,0,0,0,0,0,0,0,0,0,0,0,0,0,0,0,0,0,0,0,0,0,0,0,0,0,0,0,0,0,0,0,1,0,0,0,0,0,0,0,0,0,0,0,0,0,0,0,0,0,0,0,0,0,0,0,12,1,0,8,51,0,2,12,4,7
104.ps1,String_Reordering,1,1552,1,1551.0,1551,1,1,22,23,38,38,30,29,45,39,15,10,1,7,21,0,8,0,2,0,1,28,0,0,0,0,0,0,0,0,0,0,0,0,0,0,0,0,0,0,0,0,0,0,0,0,0,0,0,0,0,0,0,0,0,0,0,0,0,0,0,0,0,0,0,0,0,0,0,1,0,0,0,0,0,0,0,0,0,0,0,0,0,1,0,0,0,1,1,0,0,1,0,13,1,0,9,28,0,1,14,6,8
1013.ps1,String_Reordering,1,1487,1,1486.0,1486,0,2,16,17,22,22,113,112,26,115,8,5,1,5,7,0,2,0,2,0,2,116,0,0,0,0,0,0,0,0,0,0,0,0,0,0,0,0,0,0,0,0,0,0,0,0,0,0,0,0,0,0,0,0,0,0,0,0,0,0,0,0,0,0,0,0,0,0,0,1,0,0,0,0,0,0,0,0,0,0,0,0,0,0,0,0,0,0,0,0,0,0,0,7,1,4,7,120,0,2,12,1,6
10.ps1,String_Reordering,1,570,1,569.0,569,0,2,10,10,12,12,30,30,9,34,6,7,0,4,0,0,0,0,1,0,2,34,0,0,0,0,0,0,0,0,0,0,0,0,0,0,0,0,0,0,0,0,0,0,0,0,0,0,0,0,0,0,0,0,0,0,0,0,0,0,0,0,0,0,0,0,0,0,0,1,0,0,0,0,0,0,0,0,0,0,0,0,0,0,0,0,0,0,0,0,0,0,0,11,1,0,8,34,0,2,10,5,7
1063.ps1,String_Reordering,1,3097,1,3096.0,3096,0,1,25,25,23,23,76,76,12,404,9,12,2,0,7,0,0,0,0,0,0,77,0,0,0,0,0,0,0,0,0,0,0,0,0,0,0,0,0,0,0,0,0,0,0,0,0,0,0,0,0,0,0,0,0,0,0,0,0,0,0,0,0,0,0,0,0,0,0,1,0,0,0,0,0,0,0,0,0,0,0,0,0,0,0,0,0,0,0,0,0,0,0,8,2,3,8,82,0,0,13,2,7
1038.ps1,String_Reordering,1,2799,1,2798.0,2798,0,2,24,24,17,17,50,50,11,359,6,11,0,0,7,0,0,0,1,0,1,53,0,0,0,0,0,0,0,0,0,0,0,0,0,0,0,0,0,0,0,0,0,0,0,0,0,0,0,0,0,0,0,0,0,0,0,0,0,0,0,0,0,0,0,0,0,0,0,1,0,0,0,0,0,0,0,0,0,0,0,0,0,0,0,0,0,0,0,0,0,0,0,5,1,4,6,57,0,1,7,2,5
1011.ps1,String_Reordering,1,546,1,545.0,545,0,1,8,8,5,5,50,50,11,44,1,5,0,3,0,0,0,0,0,0,1,43,0,0,0,0,0,0,0,0,0,0,0,0,0,0,0,0,0,0,0,0,0,0,0,0,0,0,0,0,0,0,0,0,0,0,0,0,0,0,0,0,0,0,0,0,0,0,0,2,0,0,0,0,0,0,0,0,0,0,0,0,0,0,0,0,0,0,0,0,0,0,0,4,1,1,5,44,0,1,4,3,4
1003.ps1,String_Reordering,1,2733,1,2732.0,2732,0,1,19,19,13,13,50,50,8,360,3,14,0,0,7,0,0,0,0,0,1,52,0,0,0,0,0,0,0,0,0,0,0,0,0,0,0,0,0,0,0,0,0,0,0,0,0,0,0,0,0,0,0,0,0,0,0,0,0,0,0,0,0,0,0,0,0,0,0,1,0,0,0,0,0,0,0,0,0,0,0,0,0,0,0,0,0,0,0,0,0,0,0,5,1,0,5,52,0,1,3,5,4
1061.ps1,String_Reordering,1,3192,1,3191.0,3191,0,1,24,24,23,23,78,78,11,423,8,11,0,0,7,0,0,0,0,0,1,79,0,0,0,0,0,0,0,0,0,0,0,0,0,0,0,0,0,0,0,0,0,0,0,0,0,0,0,0,0,0,0,0,0,0,0,0,0,0,0,0,0,0,0,0,0,0,0,1,0,0,0,0,0,0,0,0,0,0,0,0,0,0,0,0,0,0,0,0,0,0,0,7,1,3,7,82,0,1,13,2,6
1037.ps1,String_Reordering,1,420,1,419.0,419,1,1,7,7,2,2,36,36,10,31,1,5,0,3,0,0,0,0,0,0,1,33,0,0,0,0,0,0,0,0,0,0,0,0,0,0,0,0,0,0,0,0,0,0,0,0,0,0,0,0,0,0,0,0,0,0,0,0,0,0,0,0,0,0,0,0,0,0,0,2,0,0,0,0,0,0,0,0,0,0,0,0,0,0,0,0,0,0,0,0,0,0,0,4,1,1,5,34,0,1,1,2,4
1010.ps1,String_Reordering,1,3280,1,3279.0,3279,0,1,18,18,15,15,80,80,24,84,30,10,2,31,11,0,0,0,1,0,0,83,0,0,0,0,0,0,0,0,0,0,0,0,0,0,0,0,0,0,0,0,0,0,0,0,0,0,0,0,0,0,0,0,1,0,0,0,0,0,0,0,0,0,0,0,0,0,0,1,1,0,0,0,0,1,0,0,0,0,0,0,0,0,0,0,0,0,0,0,0,3,0,6,2,3,8,88,0,0,10,2,7
1.ps1,String_Reordering,1,2978,1,2977.0,2977,0,1,21,21,16,16,54,54,10,405,5,10,0,0,7,0,0,0,0,0,0,55,0,0,0,0,0,0,0,0,0,0,0,0,0,0,0,0,0,0,0,0,0,0,0,0,0,0,0,0,0,0,0,0,0,0,0,0,0,0,0,0,0,0,0,0,0,0,0,1,0,0,0,0,0,0,0,0,0,0,0,0,0,1,0,0,0,0,0,0,0,0,0,3,1,3,4,59,0,0,7,1,3
1062.ps1,String_Reordering,1,2787,1,2786.0,2786,0,2,23,23,20,20,50,50,10,360,7,11,0,0,7,0,0,0,1,0,1,51,0,0,0,0,0,0,0,0,0,0,0,0,0,0,0,0,0,0,0,0,0,0,0,0,0,0,0,0,0,0,0,0,0,0,0,0,0,0,0,0,0,0,0,0,0,0,0,1,0,0,0,0,0,0,0,0,0,0,0,0,0,0,0,0,0,0,0,0,0,0,0,6,1,3,6,54,0,1,10,2,5
1071.ps1,String_Reordering,1,2789,1,2788.0,2788,0,3,24,24,21,21,50,50,10,358,9,10,0,0,7,0,0,0,1,0,2,51,0,0,0,0,0,0,0,0,0,0,0,0,0,0,0,0,0,0,0,0,0,0,0,0,0,0,0,0,0,0,0,0,0,0,0,0,0,0,0,0,0,0,0,0,0,0,0,1,0,0,0,0,0,0,0,0,0,0,0,0,0,0,0,0,0,0,0,0,0,0,0,7,1,3,7,54,0,2,10,1,6
1072.ps1,String_Reordering,1,3103,1,3102.0,3102,0,1,25,25,22,22,76,76,11,403,8,11,0,0,7,0,0,0,1,0,1,77,0,0,0,0,0,0,0,0,0,0,0,0,0,0,0,0,0,0,0,0,0,0,0,0,0,0,0,0,0,0,0,0,0,0,0,0,0,0,0,0,0,0,0,0,0,0,0,1,0,0,0,0,0,0,0,0,0,0,0,0,0,0,0,0,0,0,0,0,0,0,0,7,1,4,7,81,0,1,12,2,6
1092.ps1,String_Reordering,1,561,1,560.0,560,0,0,9,9,7,7,40,40,8,42,3,3,0,3,1,0,0,0,0,0,0,42,0,0,0,0,0,0,0,0,0,0,0,0,0,0,0,0,0,0,0,0,0,0,0,0,0,0,0,0,0,0,0,0,0,0,0,0,0,0,0,0,0,0,0,0,0,0,0,1,0,0,0,0,0,0,0,0,0,0,0,0,0,1,0,0,0,0,0,0,0,0,0,3,1,2,5,45,0,0,7,1,4
1053.ps1,String_Reordering,1,3158,1,3157.0,3157,0,2,21,21,14,14,79,79,11,432,3,11,0,0,7,0,0,0,0,0,1,82,0,0,0,0,0,0,0,0,0,0,0,0,0,0,0,0,0,0,0,0,0,0,0,0,0,0,0,0,0,0,0,0,0,0,0,0,0,0,0,0,0,0,0,0,0,0,0,1,0,0,0,0,0,0,0,0,0,0,0,0,0,0,0,0,0,0,0,0,0,0,0,2,1,3,4,85,0,1,4,2,3
1084.ps1,String_Reordering,1,2867,1,2866.0,2866,0,0,19,19,15,15,72,72,7,371,5,14,0,0,7,0,0,0,0,0,0,72,0,0,0,0,0,0,0,0,0,0,0,0,0,0,0,0,0,0,0,0,0,0,0,0,0,0,0,0,0,0,0,0,0,0,0,0,0,0,0,0,0,0,0,0,0,0,0,1,0,0,0,0,0,0,0,0,0,0,0,0,1,0,0,0,0,0,0,0,0,0,0,6,1,0,5,73,0,0,6,4,4
1088.ps1,String_Reordering,1,3016,1,3015.0,3015,0,2,23,23,23,23,54,54,7,398,11,13,0,0,7,0,0,0,1,0,2,53,0,0,0,0,0,0,0,0,0,0,0,0,0,0,0,0,0,0,0,0,0,0,0,0,0,0,0,0,0,0,0,0,0,0,0,0,0,0,0,0,0,0,0,0,0,0,0,1,0,0,0,0,0,0,0,0,0,0,0,0,0,0,0,0,0,0,0,0,0,0,0,12,1,0,9,53,0,2,12,4,8
1095.ps1,String_Reordering,1,2869,1,2868.0,2868,0,2,22,22,17,17,52,52,10,378,5,10,0,0,7,0,0,0,1,0,2,54,0,0,0,0,0,0,0,0,0,0,0,0,0,0,0,0,0,0,0,0,0,0,0,0,0,0,0,0,0,0,0,0,0,0,0,0,0,0,0,0,0,0,0,0,0,0,0,1,0,0,0,0,0,0,0,0,0,0,0,0,0,0,0,0,0,0,0,0,0,0,0,3,1,3,5,57,0,2,6,1,4
1087.ps1,String_Reordering,1,3185,1,3184.0,3184,0,2,28,28,25,25,58,58,17,366,9,13,0,0,11,0,0,0,3,0,1,59,0,0,0,0,0,0,0,0,0,0,0,0,0,0,0,0,0,0,0,0,0,0,0,0,0,0,0,0,0,0,0,0,0,0,0,0,0,0,0,0,0,0,0,0,0,0,0,1,0,0,0,1,0,0,0,0,0,0,0,0,0,2,0,0,0,0,0,0,0,0,0,7,1,5,6,64,0,1,12,2,5
1081.ps1,String_Reordering,1,2925,1,2924.0,2924,0,0,21,21,16,16,73,73,8,383,5,14,2,0,7,0,0,0,1,0,0,75,0,0,0,0,0,0,0,0,0,0,0,0,0,0,0,0,0,0,0,0,0,0,0,0,0,0,0,0,0,0,0,0,0,0,0,0,0,0,0,0,0,0,0,0,0,0,0,1,0,0,0,0,0,0,0,0,0,0,0,0,0,0,0,0,0,0,0,0,0,0,0,7,2,0,7,77,0,0,6,5,6
1108.ps1,String_Reordering,1,3065,1,3064.0,3064,0,1,22,22,16,16,76,76,8,403,6,14,0,0,7,0,0,0,1,0,1,78,0,0,0,0,0,0,0,0,0,0,0,0,0,0,0,0,0,0,0,0,0,0,0,0,0,0,0,0,0,0,0,0,0,0,0,0,0,0,0,0,0,0,0,0,0,0,0,1,0,0,0,0,0,0,0,0,0,0,0,0,0,0,0,0,0,0,0,0,0,0,0,8,1,1,7,79,0,1,6,5,6
108.ps1,String_Reordering,1,581,1,580.0,580,1,1,11,11,14,14,27,27,10,33,6,8,0,4,0,0,0,0,0,0,1,30,0,0,0,0,0,0,0,0,0,0,0,0,0,0,0,0,0,0,0,0,0,0,0,0,0,0,0,0,0,0,0,0,0,0,0,0,0,0,0,0,0,0,0,0,0,0,0,1,0,0,0,0,0,0,0,0,0,0,0,0,0,0,0,0,0,0,0,0,0,0,0,12,1,0,9,30,0,1,13,6,8
1102.ps1,String_Reordering,1,3781,1,3780.0,3780,0,1,11,11,11,11,92,92,1,772,5,6,0,0,0,0,1,0,1,0,1,94,0,0,0,0,0,0,0,0,0,0,0,0,0,0,0,0,0,0,0,0,0,0,0,0,0,0,0,0,0,0,0,0,0,0,0,0,0,0,0,0,0,0,0,0,0,0,0,1,0,0,0,0,0,0,0,0,0,0,0,0,0,1,0,0,0,0,0,0,0,0,0,9,1,1,8,95,0,1,8,4,7
1078.ps1,String_Reordering,1,2761,1,2760.0,2760,0,2,21,21,17,17,50,50,8,358,7,13,0,0,7,0,0,0,0,0,2,51,0,0,0,0,0,0,0,0,0,0,0,0,0,0,0,0,0,0,0,0,0,0,0,0,0,0,0,0,0,0,0,0,0,0,0,0,0,0,0,0,0,0,0,0,0,0,0,1,0,0,0,0,0,0,0,0,0,0,0,0,0,0,0,0,0,0,0,0,0,0,0,8,1,0,7,51,0,2,6,4,6
1096.ps1,String_Reordering,1,2950,1,2949.0,2949,0,1,22,22,20,20,72,72,8,381,8,14,0,0,7,0,0,0,0,0,1,73,0,0,0,0,0,0,0,0,0,0,0,0,0,0,0,0,0,0,0,0,0,0,0,0,0,0,0,0,0,0,0,0,0,0,0,0,0,0,0,0,0,0,0,0,0,0,0,1,0,0,0,0,0,0,0,0,0,0,0,0,0,0,0,0,0,0,0,0,0,0,0,10,1,0,8,73,0,1,10,5,7
1101.ps1,String_Reordering,1,3029,1,3028.0,3028,0,1,24,24,23,23,74,74,10,392,8,11,0,0,7,0,0,0,1,0,1,75,0,0,0,0,0,0,0,0,0,0,0,0,0,0,0,0,0,0,0,0,0,0,0,0,0,0,0,0,0,0,0,0,0,0,0,0,0,0,0,0,0,0,0,0,0,0,0,1,0,0,0,0,0,0,0,0,0,0,0,0,0,0,0,0,0,0,0,0,0,0,0,7,1,3,7,78,0,1,13,2,6
1093.ps1,String_Reordering,1,2825,1,2824.0,2824,0,1,23,23,23,23,50,50,7,359,10,14,0,0,7,0,0,0,1,0,1,50,0,0,0,0,0,0,0,0,0,0,0,0,0,0,0,0,0,0,0,0,0,0,0,0,0,0,0,0,0,0,0,0,0,0,0,0,0,0,0,0,0,0,0,0,0,0,0,1,0,0,0,0,0,0,0,0,0,0,0,0,0,0,0,0,0,0,0,0,0,0,0,12,1,0,9,50,0,1,13,5,8
1099.ps1,String_Reordering,1,2814,1,2813.0,2813,0,1,23,23,22,22,50,50,7,360,9,14,0,0,7,0,0,0,1,0,1,49,0,0,0,0,0,0,0,0,0,0,0,0,0,0,0,0,0,0,0,0,0,0,0,0,0,0,0,0,0,0,0,0,0,0,0,0,0,0,0,0,0,0,0,0,0,0,0,1,0,0,0,0,0,0,0,0,0,0,0,0,0,0,0,0,0,0,0,0,0,0,0,11,1,0,9,49,0,1,12,5,8
1098.ps1,String_Reordering,1,2777,1,2776.0,2776,0,1,21,21,17,17,50,50,7,359,6,14,0,0,7,0,0,0,1,0,1,52,0,0,0,0,0,0,0,0,0,0,0,0,0,0,0,0,0,0,0,0,0,0,0,0,0,0,0,0,0,0,0,0,0,0,0,0,0,0,0,0,0,0,0,0,0,0,0,1,0,0,0,0,0,0,0,0,0,0,0,0,0,0,0,0,0,0,0,0,0,0,0,8,1,0,7,52,0,1,7,5,6
1070.ps1,String_Reordering,1,2802,1,2801.0,2801,0,1,23,23,20,20,50,50,8,359,8,14,0,0,7,0,0,0,0,0,1,51,0,0,0,0,0,0,0,0,0,0,0,0,0,0,0,0,0,0,0,0,0,0,0,0,0,0,0,0,0,0,0,0,0,0,0,0,0,0,0,0,0,0,0,0,0,0,0,1,0,0,0,0,0,0,0,0,0,0,0,0,0,0,0,0,0,0,0,0,0,0,0,10,1,0,9,51,0,1,10,5,8
1117.ps1,String_Reordering,1,2790,1,2789.0,2789,0,1,22,22,16,16,50,50,9,359,6,14,0,0,7,0,0,0,0,0,1,52,0,0,0,0,0,0,0,0,0,0,0,0,0,0,0,0,0,0,0,0,0,0,0,0,0,0,0,0,0,0,0,0,0,0,0,0,0,0,0,0,0,0,0,0,0,0,0,1,0,0,0,0,0,0,0,0,0,0,0,0,0,0,0,0,0,0,0,0,0,0,0,8,1,1,7,53,0,1,6,5,6
1126.ps1,String_Reordering,1,600,1,599.0,599,1,0,11,11,11,11,35,35,7,41,4,8,2,4,0,0,0,0,1,0,0,40,0,0,0,0,0,0,0,0,0,0,0,0,0,0,0,0,0,0,0,0,0,0,0,0,0,0,0,0,0,0,0,0,0,0,0,0,0,0,0,0,0,0,0,0,0,0,0,1,0,0,0,0,0,0,0,0,0,0,0,0,0,0,0,0,0,0,0,0,0,0,0,10,2,0,9,42,0,0,10,6,8
110.ps1,String_Reordering,1,2932,1,2931.0,2931,0,2,21,21,20,20,72,72,8,380,9,13,0,0,7,0,0,0,0,0,2,72,0,0,0,0,0,0,0,0,0,0,0,0,0,0,0,0,0,0,0,0,0,0,0,0,0,0,0,0,0,0,0,0,0,0,0,0,0,0,0,0,0,0,0,0,0,0,0,1,0,0,0,0,0,0,0,0,0,0,0,0,0,0,0,0,0,0,0,0,0,0,0,10,1,0,7,72,0,2,9,4,6
1123.ps1,String_Reordering,1,2795,1,2794.0,2794,0,0,22,22,19,19,50,50,8,360,7,15,2,0,7,0,0,0,1,0,0,51,0,0,0,0,0,0,0,0,0,0,0,0,0,0,0,0,0,0,0,0,0,0,0,0,0,0,0,0,0,0,0,0,0,0,0,0,0,0,0,0,0,0,0,0,0,0,0,1,0,0,0,0,0,0,0,0,0,0,0,0,0,0,0,0,0,0,0,0,0,0,0,9,2,0,8,53,0,0,9,5,7
1118.ps1,String_Reordering,1,550,1,549.0,549,0,2,8,8,6,6,51,51,9,44,2,4,0,3,0,0,0,0,0,0,2,43,0,0,0,0,0,0,0,0,0,0,0,0,0,0,0,0,0,0,0,0,0,0,0,0,0,0,0,0,0,0,0,0,0,0,0,0,0,0,0,0,0,0,0,0,0,0,0,2,0,0,0,0,0,0,0,0,0,0,0,0,0,0,0,0,0,0,0,0,0,0,0,4,1,0,6,43,0,2,4,2,5
1107.ps1,String_Reordering,1,2914,1,2913.0,2913,0,2,16,16,18,18,51,51,20,53,35,12,0,30,11,0,0,0,1,0,2,51,0,0,0,0,0,0,0,0,0,0,0,0,0,0,0,0,0,0,0,0,0,0,0,0,0,0,0,0,0,0,0,1,2,0,0,0,0,0,0,0,0,0,0,0,0,0,0,1,0,0,0,0,0,1,0,0,0,0,0,0,0,1,0,0,0,0,0,0,0,4,0,12,1,0,9,51,0,2,12,4,8
1120.ps1,String_Reordering,1,2772,1,2771.0,2771,0,1,21,21,17,17,50,50,8,359,6,14,0,0,7,0,0,0,0,0,1,52,0,0,0,0,0,0,0,0,0,0,0,0,0,0,0,0,0,0,0,0,0,0,0,0,0,0,0,0,0,0,0,0,0,0,0,0,0,0,0,0,0,0,0,0,0,0,0,1,0,0,0,0,0,0,0,0,0,0,0,0,0,0,0,0,0,0,0,0,0,0,0,8,1,0,7,52,0,1,7,5,6
1110.ps1,String_Reordering,1,1433,1,1432.0,1432,1,2,14,15,23,23,105,105,22,108,11,10,0,5,7,0,2,0,1,0,2,107,0,0,0,0,0,0,0,0,0,0,0,0,0,0,0,0,0,0,0,0,0,0,0,0,0,0,0,0,0,0,0,0,0,0,0,0,0,0,0,0,0,0,0,0,0,0,0,1,0,0,0,0,0,0,0,0,0,0,0,0,0,1,0,0,0,0,0,0,0,0,0,13,1,0,9,107,0,2,13,5,8
1128.ps1,String_Reordering,1,3031,1,3030.0,3030,0,2,21,21,17,17,76,76,8,402,7,13,0,0,7,0,0,0,0,0,2,77,0,0,0,0,0,0,0,0,0,0,0,0,0,0,0,0,0,0,0,0,0,0,0,0,0,0,0,0,0,0,0,0,0,0,0,0,0,0,0,0,0,0,0,0,0,0,0,1,0,0,0,0,0,0,0,0,0,0,0,0,0,0,0,0,0,0,0,0,0,0,0,8,1,0,7,77,0,2,6,4,6
1127.ps1,String_Reordering,1,3042,1,3041.0,3041,0,3,24,24,23,23,75,75,11,383,9,10,0,0,8,0,0,0,0,0,2,76,0,0,0,0,0,0,0,0,0,0,0,0,0,0,0,0,0,0,0,0,0,0,0,0,0,0,0,0,0,0,0,0,0,0,0,0,0,0,0,0,0,0,0,0,0,0,0,1,0,0,0,0,0,0,0,0,0,0,0,0,0,0,0,0,0,0,0,0,0,0,0,7,1,3,7,79,0,2,10,1,6
1119.ps1,String_Reordering,1,2758,1,2757.0,2757,0,2,20,20,17,17,50,50,7,358,7,13,0,0,7,0,0,0,1,0,2,51,0,0,0,0,0,0,0,0,0,0,0,0,0,0,0,0,0,0,0,0,0,0,0,0,0,0,0,0,0,0,0,0,0,0,0,0,0,0,0,0,0,0,0,0,0,0,0,1,0,0,0,0,0,0,0,0,0,0,0,0,0,0,0,0,0,0,0,0,0,0,0,8,1,0,6,51,0,2,6,4,5
1137.ps1,String_Reordering,1,2861,1,2860.0,2860,0,2,20,20,17,17,52,52,8,378,7,13,0,0,7,0,0,0,0,0,2,53,0,0,0,0,0,0,0,0,0,0,0,0,0,0,0,0,0,0,0,0,0,0,0,0,0,0,0,0,0,0,0,0,0,0,0,0,0,0,0,0,0,0,0,0,0,0,0,1,0,0,0,0,0,0,0,0,0,0,0,0,0,0,0,0,0,0,0,0,0,0,0,8,1,0,6,53,0,2,6,4,5
1129.ps1,String_Reordering,1,471,1,470.0,470,0,2,7,7,6,6,44,44,9,37,2,4,0,3,0,0,0,0,0,0,2,36,0,0,0,0,0,0,0,0,0,0,0,0,0,0,0,0,0,0,0,0,0,0,0,0,0,0,0,0,0,0,0,0,0,0,0,0,0,0,0,0,0,0,0,0,0,0,0,2,0,0,0,0,0,0,0,0,0,0,0,0,0,0,0,0,0,0,0,0,0,0,0,4,1,0,5,36,0,2,4,2,4
1131.ps1,String_Reordering,1,444,1,443.0,443,0,0,7,7,5,5,34,34,8,35,2,4,0,3,0,0,0,0,0,0,0,35,0,0,0,0,0,0,0,0,0,0,0,0,0,0,0,0,0,0,0,0,0,0,0,0,0,0,0,0,0,0,0,0,0,0,0,0,0,0,0,0,0,0,0,0,0,0,0,1,0,0,0,0,0,0,0,0,0,0,0,0,1,0,0,0,0,0,0,0,0,0,0,3,1,1,5,37,0,0,5,1,4
1145.ps1,String_Reordering,1,2796,1,2795.0,2795,0,0,23,23,24,24,50,50,10,358,9,10,0,0,7,0,0,0,0,0,0,48,0,0,0,0,0,0,0,0,0,0,0,0,0,0,0,0,0,0,0,0,0,0,0,0,0,0,0,0,0,0,0,0,0,0,0,0,0,0,0,0,0,0,0,0,0,0,0,1,0,0,0,0,0,0,0,0,0,0,0,0,0,1,0,0,0,0,0,0,0,0,0,7,1,3,6,52,0,0,15,1,5
1138.ps1,String_Reordering,1,2962,1,2961.0,2961,0,1,24,24,22,22,73,73,10,381,9,11,0,0,7,0,0,0,0,0,0,72,0,0,0,0,0,0,0,0,0,0,0,0,0,0,0,0,0,0,0,0,0,0,0,0,0,0,0,0,0,0,0,0,0,0,0,0,0,0,0,0,0,0,0,0,0,0,0,1,0,0,0,0,0,0,0,0,0,0,0,0,1,0,0,0,0,0,0,0,0,0,0,7,1,3,7,76,0,0,13,1,6
113.ps1,String_Reordering,1,2934,1,2933.0,2933,0,0,22,22,16,16,73,73,9,383,5,14,2,0,7,0,0,0,0,0,0,75,0,0,0,0,0,0,0,0,0,0,0,0,0,0,0,0,0,0,0,0,0,0,0,0,0,0,0,0,0,0,0,0,0,0,0,0,0,0,0,0,0,0,0,0,0,0,0,1,0,0,0,0,0,0,0,0,0,0,0,0,0,0,0,0,0,0,0,0,0,0,0,7,2,0,8,77,0,0,6,5,7
1135.ps1,String_Reordering,1,2904,1,2903.0,2903,0,2,24,24,17,17,52,52,11,379,6,11,0,0,7,0,0,0,1,0,1,55,0,0,0,0,0,0,0,0,0,0,0,0,0,0,0,0,0,0,0,0,0,0,0,0,0,0,0,0,0,0,0,0,0,0,0,0,0,0,0,0,0,0,0,0,0,0,0,1,0,0,0,0,0,0,0,0,0,0,0,0,0,0,0,0,0,0,0,0,0,0,0,5,1,4,6,59,0,1,7,2,5
1132.ps1,String_Reordering,1,3278,1,3277.0,3277,0,0,24,24,24,24,58,58,10,447,9,11,0,0,7,0,0,0,0,0,0,56,0,0,0,0,0,0,0,0,0,0,0,0,0,0,0,0,0,0,0,0,0,0,0,0,0,0,0,0,0,0,0,0,0,0,0,0,0,0,0,0,0,0,0,0,0,0,0,1,0,0,0,0,0,0,0,0,0,0,0,0,1,0,0,0,0,0,0,0,0,0,0,7,1,3,7,60,0,0,15,1,6
1142.ps1,String_Reordering,1,546,1,545.0,545,0,2,9,9,7,7,39,39,9,39,2,3,0,3,1,0,0,0,1,0,2,42,0,0,0,0,0,0,0,0,0,0,0,0,0,0,0,0,0,0,0,0,0,0,0,0,0,0,0,0,0,0,0,0,0,0,0,0,0,0,0,0,0,0,0,0,0,0,0,1,0,0,0,0,0,0,0,0,0,0,0,0,0,1,0,0,0,0,1,0,0,1,0,3,1,2,5,44,0,2,4,1,4
1156.ps1,String_Reordering,1,2834,1,2833.0,2833,0,0,20,20,15,15,52,52,7,378,5,13,0,0,7,0,0,0,0,0,0,52,0,0,0,0,0,0,0,0,0,0,0,0,0,0,0,0,0,0,0,0,0,0,0,0,0,0,0,0,0,0,0,0,0,0,0,0,0,0,0,0,0,0,0,0,0,0,0,1,0,0,0,0,0,0,0,0,0,0,0,0,0,1,0,0,0,0,0,0,0,0,0,6,1,0,6,53,0,0,6,4,5
1150.ps1,String_Reordering,1,752,1,751.0,751,1,1,8,8,3,3,65,65,9,63,1,11,0,9,0,0,0,0,0,0,1,66,0,0,0,0,0,0,0,0,0,0,0,0,0,0,0,0,0,0,0,0,0,0,0,0,0,0,0,0,0,0,0,0,0,0,0,0,0,0,0,0,0,0,0,0,0,0,0,2,0,0,0,0,0,0,0,0,0,0,0,0,0,1,0,0,0,0,0,0,0,0,0,4,1,0,7,66,0,1,2,2,6
1139.ps1,String_Reordering,1,2925,1,2924.0,2924,0,2,21,21,17,17,73,73,7,381,7,13,0,0,7,0,0,0,1,0,2,74,0,0,0,0,0,0,0,0,0,0,0,0,0,0,0,0,0,0,0,0,0,0,0,0,0,0,0,0,0,0,0,0,0,0,0,0,0,0,0,0,0,0,0,0,0,0,0,1,0,0,0,0,0,0,0,0,0,0,0,0,0,0,0,0,0,0,0,0,0,0,0,8,1,0,7,74,0,2,6,4,6
1158.ps1,String_Reordering,1,3098,1,3097.0,3097,0,1,23,23,23,23,76,76,7,403,10,14,0,0,7,0,0,0,1,0,1,76,0,0,0,0,0,0,0,0,0,0,0,0,0,0,0,0,0,0,0,0,0,0,0,0,0,0,0,0,0,0,0,0,0,0,0,0,0,0,0,0,0,0,0,0,0,0,0,1,0,0,0,0,0,0,0,0,0,0,0,0,0,0,0,0,0,0,0,0,0,0,0,12,1,0,9,76,0,1,13,5,8
1149.ps1,String_Reordering,1,2913,1,2912.0,2912,0,1,21,21,17,17,72,72,7,378,6,14,0,0,7,0,0,0,1,0,1,74,0,0,0,0,0,0,0,0,0,0,0,0,0,0,0,0,0,0,0,0,0,0,0,0,0,0,0,0,0,0,0,0,0,0,0,0,0,0,0,0,0,0,0,0,0,0,0,1,0,0,0,0,0,0,0,0,0,0,0,0,0,0,0,0,0,0,0,0,0,0,0,8,1,0,7,74,0,1,7,5,6
1160.ps1,String_Reordering,1,2496,1,2495.0,2495,0,1,10,10,5,5,48,48,7,48,27,6,0,29,1,0,0,0,1,0,1,46,0,0,0,0,0,0,0,0,0,0,0,0,0,0,0,0,0,0,0,0,0,0,0,0,0,0,0,0,0,0,0,0,2,0,0,0,0,0,0,0,0,0,0,0,0,0,0,2,1,0,0,0,0,1,0,0,0,0,0,0,0,1,0,0,0,0,0,0,0,3,0,3,1,0,5,46,0,1,2,3,4
1159.ps1,String_Reordering,1,3078,1,3077.0,3077,0,2,26,26,23,23,54,54,12,406,10,11,0,0,7,0,0,0,0,0,1,55,0,0,0,0,0,0,0,0,0,0,0,0,0,0,0,0,0,0,0,0,0,0,0,0,0,0,0,0,0,0,0,0,0,0,0,0,0,0,0,0,0,0,0,0,0,0,0,1,0,0,0,0,0,0,0,0,0,0,0,0,0,0,0,0,0,0,0,0,0,0,0,9,1,4,8,59,0,1,13,2,7
1169.ps1,String_Reordering,1,2762,1,2761.0,2761,0,2,21,21,17,17,50,50,8,358,7,13,0,0,7,0,0,0,0,0,2,51,0,0,0,0,0,0,0,0,0,0,0,0,0,0,0,0,0,0,0,0,0,0,0,0,0,0,0,0,0,0,0,0,0,0,0,0,0,0,0,0,0,0,0,0,0,0,0,1,0,0,0,0,0,0,0,0,0,0,0,0,0,0,0,0,0,0,0,0,0,0,0,8,1,0,7,51,0,2,6,4,6
1146.ps1,String_Reordering,1,553,1,552.0,552,0,2,12,12,11,11,31,31,13,35,4,3,0,3,0,0,0,0,0,0,2,37,0,0,0,0,0,0,0,0,0,0,0,0,0,0,0,0,0,0,0,0,0,0,0,0,0,0,0,0,0,0,0,0,0,0,0,0,0,0,0,0,0,0,0,0,0,0,0,1,0,0,0,0,0,0,0,0,0,0,0,0,0,0,0,0,0,0,0,0,0,0,0,5,1,4,6,41,0,2,9,1,5
116.ps1,String_Reordering,1,3033,1,3032.0,3032,0,0,22,22,21,21,54,54,10,405,7,11,0,0,7,0,0,0,0,0,0,53,0,0,0,0,0,0,0,0,0,0,0,0,0,0,0,0,0,0,0,0,0,0,0,0,0,0,0,0,0,0,0,0,0,0,0,0,0,0,0,0,0,0,0,0,0,0,0,1,0,0,0,0,0,0,0,0,0,0,0,0,1,0,0,0,0,0,0,0,0,0,0,5,1,3,5,57,0,0,12,1,4
1170.ps1,String_Reordering,1,2964,1,2963.0,2963,0,1,22,22,22,22,73,73,7,383,9,14,0,0,7,0,0,0,1,0,1,72,0,0,0,0,0,0,0,0,0,0,0,0,0,0,0,0,0,0,0,0,0,0,0,0,0,0,0,0,0,0,0,0,0,0,0,0,0,0,0,0,0,0,0,0,0,0,0,1,0,0,0,0,0,0,0,0,0,0,0,0,0,0,0,0,0,0,0,0,0,0,0,11,1,0,8,72,0,1,12,5,7
1167.ps1,String_Reordering,1,2742,1,2741.0,2741,0,3,21,21,15,15,50,50,11,358,5,10,0,0,7,0,0,0,0,0,2,53,0,0,0,0,0,0,0,0,0,0,0,0,0,0,0,0,0,0,0,0,0,0,0,0,0,0,0,0,0,0,0,0,0,0,0,0,0,0,0,0,0,0,0,0,0,0,0,1,0,0,0,0,0,0,0,0,0,0,0,0,0,0,0,0,0,0,0,0,0,0,0,3,1,3,4,56,0,2,4,1,3
1163.ps1,String_Reordering,1,3483,1,3482.0,3482,0,1,19,19,13,13,63,63,8,504,3,14,0,0,7,0,0,0,0,0,1,65,0,0,0,0,0,0,0,0,0,0,0,0,0,0,0,0,0,0,0,0,0,0,0,0,0,0,0,0,0,0,0,0,0,0,0,0,0,0,0,0,0,0,0,0,0,0,0,1,0,0,0,0,0,0,0,0,0,0,0,0,0,0,0,0,0,0,0,0,0,0,0,5,1,0,5,65,0,1,3,5,4
118.ps1,String_Reordering,1,2917,1,2916.0,2916,0,2,20,20,17,17,73,73,8,381,7,13,0,0,7,0,0,0,0,0,2,74,0,0,0,0,0,0,0,0,0,0,0,0,0,0,0,0,0,0,0,0,0,0,0,0,0,0,0,0,0,0,0,0,0,0,0,0,0,0,0,0,0,0,0,0,0,0,0,1,0,0,0,0,0,0,0,0,0,0,0,0,0,0,0,0,0,0,0,0,0,0,0,8,1,0,6,74,0,2,6,4,5
1164.ps1,String_Reordering,1,2803,1,2802.0,2802,0,2,24,24,20,20,50,50,11,360,7,11,0,0,7,0,0,0,0,0,1,51,0,0,0,0,0,0,0,0,0,0,0,0,0,0,0,0,0,0,0,0,0,0,0,0,0,0,0,0,0,0,0,0,0,0,0,0,0,0,0,0,0,0,0,0,0,0,0,1,0,0,0,0,0,0,0,0,0,0,0,0,0,0,0,0,0,0,0,0,0,0,0,6,1,3,7,54,0,1,10,2,6
1171.ps1,String_Reordering,1,3044,1,3043.0,3043,0,0,22,22,16,16,76,76,8,404,5,14,2,0,7,0,0,0,1,0,0,78,0,0,0,0,0,0,0,0,0,0,0,0,0,0,0,0,0,0,0,0,0,0,0,0,0,0,0,0,0,0,0,0,0,0,0,0,0,0,0,0,0,0,0,0,0,0,0,1,0,0,0,0,0,0,0,0,0,0,0,0,0,0,0,0,0,0,0,0,0,0,0,7,2,0,8,80,0,0,6,5,7
1162.ps1,String_Reordering,1,3056,1,3055.0,3055,0,1,23,23,19,19,76,76,10,402,7,11,0,0,7,0,0,0,0,0,0,76,0,0,0,0,0,0,0,0,0,0,0,0,0,0,0,0,0,0,0,0,0,0,0,0,0,0,0,0,0,0,0,0,0,0,0,0,0,0,0,0,0,0,0,0,0,0,0,1,0,0,0,0,0,0,0,0,0,0,0,0,1,0,0,0,0,0,0,0,0,0,0,5,1,3,6,80,0,0,10,1,5
1176.ps1,String_Reordering,1,3519,1,3518.0,3518,0,1,23,23,20,20,87,87,8,489,8,14,0,0,7,0,0,0,0,0,1,88,0,0,0,0,0,0,0,0,0,0,0,0,0,0,0,0,0,0,0,0,0,0,0,0,0,0,0,0,0,0,0,0,0,0,0,0,0,0,0,0,0,0,0,0,0,0,0,1,0,0,0,0,0,0,0,0,0,0,0,0,0,0,0,0,0,0,0,0,0,0,0,10,1,0,9,88,0,1,10,5,8
119.ps1,String_Reordering,1,450,1,449.0,449,0,0,6,6,4,4,33,33,8,34,2,5,0,6,0,0,0,0,0,0,0,34,0,0,0,0,0,0,0,0,0,0,0,0,0,0,0,0,0,0,0,0,0,0,0,0,0,0,0,0,0,0,0,0,0,0,0,0,0,0,0,0,0,0,0,0,0,0,0,1,0,0,0,0,0,0,0,0,0,0,0,0,1,0,0,0,0,0,0,0,0,0,0,4,1,0,5,35,0,0,4,2,4
1192.ps1,String_Reordering,1,2999,1,2998.0,2998,0,1,25,25,22,22,73,73,12,382,8,11,0,0,7,0,0,0,0,0,1,74,0,0,0,0,0,0,0,0,0,0,0,0,0,0,0,0,0,0,0,0,0,0,0,0,0,0,0,0,0,0,0,0,0,0,0,0,0,0,0,0,0,0,0,0,0,0,0,1,0,0,0,0,0,0,0,0,0,0,0,0,0,0,0,0,0,0,0,0,0,0,0,7,1,4,7,78,0,1,12,2,6
1189.ps1,String_Reordering,1,2895,1,2894.0,2894,0,3,24,24,21,21,52,52,10,378,9,10,0,0,7,0,0,0,1,0,2,53,0,0,0,0,0,0,0,0,0,0,0,0,0,0,0,0,0,0,0,0,0,0,0,0,0,0,0,0,0,0,0,0,0,0,0,0,0,0,0,0,0,0,0,0,0,0,0,1,0,0,0,0,0,0,0,0,0,0,0,0,0,0,0,0,0,0,0,0,0,0,0,7,1,3,7,56,0,2,10,1,6
12.ps1,String_Reordering,1,2966,1,2965.0,2965,0,1,23,23,22,22,73,73,7,383,9,14,0,0,7,0,0,0,1,0,1,72,0,0,0,0,0,0,0,0,0,0,0,0,0,0,0,0,0,0,0,0,0,0,0,0,0,0,0,0,0,0,0,0,0,0,0,0,0,0,0,0,0,0,0,0,0,0,0,1,0,0,0,0,0,0,0,0,0,0,0,0,0,0,0,0,0,0,0,0,0,0,0,11,1,0,9,72,0,1,12,5,8
1188.ps1,String_Reordering,1,3210,1,3209.0,3209,0,0,23,23,21,21,79,79,10,430,7,11,0,0,7,0,0,0,0,0,0,78,0,0,0,0,0,0,0,0,0,0,0,0,0,0,0,0,0,0,0,0,0,0,0,0,0,0,0,0,0,0,0,0,0,0,0,0,0,0,0,0,0,0,0,0,0,0,0,1,0,0,0,0,0,0,0,0,0,0,0,0,1,0,0,0,0,0,0,0,0,0,0,5,1,3,6,82,0,0,12,1,5
1200.ps1,String_Reordering,1,523,1,522.0,522,0,0,6,6,4,4,54,54,8,47,0,5,0,4,0,0,0,0,0,0,0,45,0,0,0,0,0,0,0,0,0,0,0,0,0,0,0,0,0,0,0,0,0,0,0,0,0,0,0,0,0,0,0,0,0,0,0,0,0,0,0,0,0,0,0,0,0,0,0,2,0,0,0,0,0,0,0,0,0,0,0,0,1,0,0,0,0,0,0,0,0,0,0,2,1,0,4,46,0,0,4,2,3
1206.ps1,String_Reordering,1,559,1,558.0,558,1,2,7,7,6,6,48,48,11,42,2,3,0,3,3,0,0,0,0,0,2,44,0,0,0,0,0,0,0,0,0,0,0,0,0,0,0,0,0,0,0,0,0,0,0,0,0,0,0,0,0,0,0,0,0,0,0,0,0,0,0,0,0,0,0,0,0,0,0,2,0,0,0,0,0,0,0,0,0,0,0,0,0,0,0,0,0,0,0,0,0,0,0,4,1,0,6,44,0,2,2,2,5
1199.ps1,String_Reordering,1,1966,1,1965.0,1965,0,0,9,9,14,15,167,166,24,170,2,12,1,5,9,0,2,0,0,0,0,171,0,0,0,0,0,0,0,0,0,0,0,0,0,0,0,0,0,0,0,0,0,0,0,0,0,0,0,0,0,0,0,0,0,0,0,0,0,0,0,0,0,0,0,0,0,0,0,1,0,0,0,0,0,0,0,0,0,0,0,0,1,1,0,0,0,0,0,0,0,0,0,7,1,0,4,172,0,0,6,7,3
1219.ps1,String_Reordering,1,3207,1,3206.0,3206,0,2,24,24,20,20,79,79,10,432,7,11,0,0,7,0,0,0,1,0,1,80,0,0,0,0,0,0,0,0,0,0,0,0,0,0,0,0,0,0,0,0,0,0,0,0,0,0,0,0,0,0,0,0,0,0,0,0,0,0,0,0,0,0,0,0,0,0,0,1,0,0,0,0,0,0,0,0,0,0,0,0,0,0,0,0,0,0,0,0,0,0,0,6,1,3,7,83,0,1,10,2,6
1215.ps1,String_Reordering,1,1683,1,1682.0,1682,0,1,12,12,17,17,125,125,25,129,4,10,0,5,9,0,2,0,0,0,1,128,0,0,0,0,0,0,0,0,0,0,0,0,0,0,0,0,0,0,0,0,0,0,0,0,0,0,0,0,0,0,0,0,0,0,0,0,0,0,0,0,0,0,0,0,0,0,0,1,0,0,0,0,0,0,0,0,0,0,0,0,0,1,0,0,0,0,0,0,0,0,0,8,1,0,7,128,0,1,7,6,6
1212.ps1,String_Reordering,1,4119,1,4118.0,4118,0,0,25,25,22,22,100,100,11,600,7,12,2,0,7,0,0,0,1,0,0,101,0,0,0,0,0,0,0,0,0,0,0,0,0,0,0,0,0,0,0,0,0,0,0,0,0,0,0,0,0,0,0,0,0,0,0,0,0,0,0,0,0,0,0,0,0,0,0,1,0,0,0,0,0,0,0,0,0,0,0,0,0,0,0,0,0,0,0,0,0,0,0,6,2,3,8,106,0,0,12,2,7
1217.ps1,String_Reordering,1,2812,1,2811.0,2811,0,1,24,24,20,20,50,50,12,360,7,11,2,0,7,0,0,0,0,0,0,52,0,0,0,0,0,0,0,0,0,0,0,0,0,0,0,0,0,0,0,0,0,0,0,0,0,0,0,0,0,0,0,0,0,0,0,0,0,0,0,0,0,0,0,0,0,0,0,1,0,0,0,0,0,0,0,0,0,0,0,0,0,0,0,0,0,0,0,0,0,0,0,6,2,3,7,57,0,0,10,2,6
1216.ps1,String_Reordering,1,3094,1,3093.0,3093,0,1,16,16,11,11,53,53,11,58,87,6,0,120,2,0,0,0,1,0,1,57,0,0,0,0,0,0,0,0,0,0,0,0,0,0,0,0,0,0,0,0,0,0,0,0,0,0,0,0,0,0,0,0,0,0,0,0,0,0,0,0,0,0,0,0,0,0,0,1,0,0,0,0,0,1,0,0,0,0,0,0,1,0,0,0,0,0,0,0,0,3,0,5,1,3,5,60,0,1,7,2,4
121.ps1,String_Reordering,1,2931,1,2930.0,2930,0,0,21,21,16,16,73,73,8,383,5,14,2,0,7,0,0,0,1,0,0,75,0,0,0,0,0,0,0,0,0,0,0,0,0,0,0,0,0,0,0,0,0,0,0,0,0,0,0,0,0,0,0,0,0,0,0,0,0,0,0,0,0,0,0,0,0,0,0,1,0,0,0,0,0,0,0,0,0,0,0,0,0,0,0,0,0,0,0,0,0,0,0,7,2,0,7,77,0,0,6,5,6
1194.ps1,String_Reordering,1,4463,1,4462.0,4462,0,2,20,20,17,17,111,111,7,673,7,13,0,0,7,0,0,0,1,0,2,112,0,0,0,0,0,0,0,0,0,0,0,0,0,0,0,0,0,0,0,0,0,0,0,0,0,0,0,0,0,0,0,0,0,0,0,0,0,0,0,0,0,0,0,0,0,0,0,1,0,0,0,0,0,0,0,0,0,0,0,0,0,0,0,0,0,0,0,0,0,0,0,8,1,0,6,112,0,2,6,4,5
1209.ps1,String_Reordering,1,3250,1,3249.0,3249,0,1,29,29,28,28,59,59,17,368,10,18,0,0,12,0,0,0,2,0,1,58,0,0,0,0,0,0,0,0,0,0,0,0,0,0,0,0,0,0,0,0,0,0,0,0,0,0,0,0,0,0,0,0,0,0,0,0,0,0,0,0,0,0,0,0,0,0,0,1,0,0,0,1,0,0,0,0,0,0,0,0,0,2,0,0,0,0,0,0,0,0,0,8,1,4,8,62,0,1,15,2,7
1229.ps1,String_Reordering,1,2743,1,2742.0,2742,0,3,21,21,15,15,50,50,11,358,5,10,0,0,7,0,0,0,0,0,2,53,0,0,0,0,0,0,0,0,0,0,0,0,0,0,0,0,0,0,0,0,0,0,0,0,0,0,0,0,0,0,0,0,0,0,0,0,0,0,0,0,0,0,0,0,0,0,0,1,0,0,0,0,0,0,0,0,0,0,0,0,0,0,0,0,0,0,0,0,0,0,0,3,1,3,4,56,0,2,4,1,3
1222.ps1,String_Reordering,1,2845,1,2844.0,2844,0,3,24,24,21,21,51,51,11,368,9,10,0,0,7,0,0,0,0,0,2,52,0,0,0,0,0,0,0,0,0,0,0,0,0,0,0,0,0,0,0,0,0,0,0,0,0,0,0,0,0,0,0,0,0,0,0,0,0,0,0,0,0,0,0,0,0,0,0,1,0,0,0,0,0,0,0,0,0,0,0,0,0,0,0,0,0,0,0,0,0,0,0,7,1,3,7,55,0,2,10,1,6
1226.ps1,String_Reordering,1,3209,1,3208.0,3208,0,0,22,22,19,19,79,79,8,432,7,14,2,0,7,0,0,0,1,0,0,80,0,0,0,0,0,0,0,0,0,0,0,0,0,0,0,0,0,0,0,0,0,0,0,0,0,0,0,0,0,0,0,0,0,0,0,0,0,0,0,0,0,0,0,0,0,0,0,1,0,0,0,0,0,0,0,0,0,0,0,0,0,0,0,0,0,0,0,0,0,0,0,9,2,0,8,82,0,0,9,5,7
1220.ps1,String_Reordering,1,3088,1,3087.0,3087,0,2,24,24,21,21,76,76,10,403,8,11,0,0,7,0,0,0,1,0,1,78,0,0,0,0,0,0,0,0,0,0,0,0,0,0,0,0,0,0,0,0,0,0,0,0,0,0,0,0,0,0,0,0,0,0,0,0,0,0,0,0,0,0,0,0,0,0,0,1,0,0,0,0,0,0,0,0,0,0,0,0,0,0,0,0,0,0,0,0,0,0,0,7,1,3,7,81,0,1,11,2,6
1232.ps1,String_Reordering,1,1548,1,1547.0,1547,1,2,12,12,20,19,122,122,22,126,9,9,0,5,7,1,3,1,1,0,2,125,0,0,0,0,0,0,0,0,0,0,0,0,0,0,0,0,0,0,0,0,0,0,0,0,0,0,0,0,0,0,0,0,0,0,0,0,0,0,0,0,0,0,0,0,0,0,0,1,0,0,0,0,0,0,0,0,0,0,0,0,0,1,0,0,0,0,0,0,0,1,0,11,1,0,7,125,0,2,10,5,6
1224.ps1,String_Reordering,1,1599,1,1598.0,1598,0,0,11,11,15,15,125,125,23,128,4,9,0,6,8,0,2,0,1,0,0,127,0,0,0,0,0,0,0,0,0,0,0,0,0,0,0,0,0,0,0,0,0,0,0,0,0,0,0,0,0,0,0,0,0,0,0,0,0,0,0,0,0,0,0,0,0,0,0,1,0,0,0,0,0,0,0,0,0,0,0,0,0,2,0,0,0,0,0,0,0,0,0,7,1,0,6,128,0,0,7,5,5
1231.ps1,String_Reordering,1,1506,1,1505.0,1505,0,0,15,15,10,10,128,128,22,131,2,7,2,8,5,0,0,0,1,0,0,131,0,0,0,0,0,0,0,0,0,0,0,0,0,0,0,0,0,0,0,0,0,0,0,0,0,0,0,0,0,0,0,0,0,0,0,0,0,0,0,0,0,0,0,0,0,0,0,1,0,0,0,0,0,0,0,0,0,0,0,0,0,0,0,0,0,0,0,0,0,0,0,4,2,2,7,135,0,0,7,2,6
1244.ps1,String_Reordering,1,2885,1,2884.0,2884,0,1,16,16,14,14,51,51,23,55,26,10,0,41,12,0,0,0,1,0,1,53,0,0,0,0,0,0,0,0,0,0,0,0,0,0,0,0,0,0,0,0,0,0,0,0,0,0,0,0,0,0,0,1,3,0,0,0,0,0,0,0,0,0,0,0,0,0,0,1,0,0,0,0,0,1,0,0,0,0,0,0,0,1,0,0,0,0,0,0,0,4,0,4,1,3,6,56,0,1,9,2,5
1238.ps1,String_Reordering,1,2954,1,2953.0,2953,0,1,24,24,22,22,72,72,10,380,9,11,0,0,7,0,0,0,0,0,0,71,0,0,0,0,0,0,0,0,0,0,0,0,0,0,0,0,0,0,0,0,0,0,0,0,0,0,0,0,0,0,0,0,0,0,0,0,0,0,0,0,0,0,0,0,0,0,0,1,0,0,0,0,0,0,0,0,0,0,0,0,1,0,0,0,0,0,0,0,0,0,0,7,1,3,7,75,0,0,13,1,6
1252.ps1,String_Reordering,1,2942,1,2941.0,2941,0,2,23,23,17,17,73,73,11,382,6,11,0,0,7,0,0,0,1,0,1,76,0,0,0,0,0,0,0,0,0,0,0,0,0,0,0,0,0,0,0,0,0,0,0,0,0,0,0,0,0,0,0,0,0,0,0,0,0,0,0,0,0,0,0,0,0,0,0,1,0,0,0,0,0,0,0,0,0,0,0,0,0,0,0,0,0,0,0,0,0,0,0,5,1,4,5,80,0,1,7,2,4
1223.ps1,String_Reordering,1,400,1,399.0,399,1,1,8,8,2,2,25,25,8,27,1,5,0,5,0,0,0,0,1,0,1,29,0,0,0,0,0,0,0,0,0,0,0,0,0,0,0,0,0,0,0,0,0,0,0,0,0,0,0,0,0,0,0,0,0,0,0,0,0,0,0,0,0,0,0,0,0,0,0,1,0,0,0,0,0,0,0,0,0,0,0,0,0,0,0,0,0,0,0,0,0,0,0,4,1,1,5,30,0,1,1,3,4
1255.ps1,String_Reordering,1,3036,1,3035.0,3035,0,1,21,21,16,16,76,76,7,404,5,14,0,0,7,0,0,0,1,0,1,77,0,0,0,0,0,0,0,0,0,0,0,0,0,0,0,0,0,0,0,0,0,0,0,0,0,0,0,0,0,0,0,0,0,0,0,0,0,0,0,0,0,0,0,0,0,0,0,1,0,0,0,0,0,0,0,0,0,0,0,0,0,0,0,0,0,0,0,0,0,0,0,7,1,0,7,77,0,1,6,5,6
1253.ps1,String_Reordering,1,2966,1,2965.0,2965,0,1,21,21,13,13,74,74,8,392,4,14,0,0,7,0,0,0,1,0,1,77,0,0,0,0,0,0,0,0,0,0,0,0,0,0,0,0,0,0,0,0,0,0,0,0,0,0,0,0,0,0,0,0,0,0,0,0,0,0,0,0,0,0,0,0,0,0,0,1,0,0,0,0,0,0,0,0,0,0,0,0,0,0,0,0,0,0,0,0,0,0,0,6,1,1,6,78,0,1,3,5,5
1264.ps1,String_Reordering,1,437,1,436.0,436,0,2,8,8,7,7,29,29,11,30,4,3,0,4,0,0,0,0,0,0,2,31,0,0,0,0,0,0,0,0,0,0,0,0,0,0,0,0,0,0,0,0,0,0,0,0,0,0,0,0,0,0,0,0,0,0,0,0,0,0,0,0,0,0,0,0,0,0,0,1,0,0,0,0,0,0,0,0,0,0,0,0,0,0,0,0,0,0,0,0,0,1,0,5,1,1,6,32,0,2,5,1,5
1269.ps1,String_Reordering,1,417,1,416.0,416,0,0,7,7,5,5,29,29,8,30,2,4,0,6,0,0,0,0,0,0,0,30,0,0,0,0,0,0,0,0,0,0,0,0,0,0,0,0,0,0,0,0,0,0,0,0,0,0,0,0,0,0,0,0,0,0,0,0,0,0,0,0,0,0,0,0,1,0,0,1,0,0,0,0,0,0,0,0,0,0,0,0,0,1,0,0,0,0,0,0,1,0,0,3,1,1,5,32,0,0,5,1,4
1254.ps1,String_Reordering,1,2777,1,2776.0,2776,0,1,24,24,25,25,49,49,11,350,9,11,0,0,7,0,0,0,0,0,1,48,0,0,0,0,0,0,0,0,0,0,0,0,0,0,0,0,0,0,0,0,0,0,0,0,0,0,0,0,0,0,0,0,0,0,0,0,0,0,0,0,0,0,0,0,0,0,0,1,0,0,0,0,0,0,0,0,0,0,0,0,0,0,0,0,0,0,0,0,0,0,0,8,1,3,7,51,0,1,15,2,6
1260.ps1,String_Reordering,1,2747,1,2746.0,2746,0,0,20,20,15,15,50,50,7,358,5,14,0,0,7,0,0,0,0,0,0,50,0,0,0,0,0,0,0,0,0,0,0,0,0,0,0,0,0,0,0,0,0,0,0,0,0,0,0,0,0,0,0,0,0,0,0,0,0,0,0,0,0,0,0,0,0,0,0,1,0,0,0,0,0,0,0,0,0,0,0,0,1,0,0,0,0,0,0,0,0,0,0,6,1,0,6,51,0,0,6,4,5
1268.ps1,String_Reordering,1,3161,1,3160.0,3160,0,1,21,21,19,19,78,78,8,424,7,14,0,0,7,0,0,0,0,0,1,78,0,0,0,0,0,0,0,0,0,0,0,0,0,0,0,0,0,0,0,0,0,0,0,0,0,0,0,0,0,0,0,0,0,0,0,0,0,0,0,0,0,0,0,0,0,0,0,1,0,0,0,0,0,0,0,0,0,0,0,0,0,0,0,0,0,0,0,0,0,0,0,9,1,0,7,78,0,1,9,5,6
1259.ps1,String_Reordering,1,2756,1,2755.0,2755,0,0,20,20,13,13,50,50,9,360,3,14,2,0,7,0,0,0,0,0,0,53,0,0,0,0,0,0,0,0,0,0,0,0,0,0,0,0,0,0,0,0,0,0,0,0,0,0,0,0,0,0,0,0,0,0,0,0,0,0,0,0,0,0,0,0,0,0,0,1,0,0,0,0,0,0,0,0,0,0,0,0,0,0,0,0,0,0,0,0,0,0,0,5,2,0,6,55,0,0,3,5,5
126.ps1,String_Reordering,1,1365,1,1364.0,1364,1,1,14,14,23,23,85,85,24,89,9,10,0,5,8,0,2,0,0,0,1,88,0,0,0,0,0,0,0,0,0,0,0,0,0,0,0,0,0,0,0,0,0,0,0,0,0,0,0,0,0,0,0,0,0,0,0,0,0,0,0,0,0,0,0,0,0,0,0,1,0,0,0,0,0,0,0,0,0,0,0,0,0,1,0,0,0,0,0,0,0,0,0,13,1,0,9,88,0,1,14,6,8
1265.ps1,String_Reordering,1,2957,1,2956.0,2956,0,2,23,23,20,20,73,73,11,381,7,10,0,0,7,0,0,0,0,0,2,74,0,0,0,0,0,0,0,0,0,0,0,0,0,0,0,0,0,0,0,0,0,0,0,0,0,0,0,0,0,0,0,0,0,0,0,0,0,0,0,0,0,0,0,0,0,0,0,1,0,0,0,0,0,0,0,0,0,0,0,0,0,0,0,0,0,0,0,0,0,0,0,5,1,3,6,77,0,2,9,1,5
1270.ps1,String_Reordering,1,2770,1,2769.0,2769,0,1,20,20,16,16,50,50,8,360,5,14,0,0,7,0,0,0,0,0,1,51,0,0,0,0,0,0,0,0,0,0,0,0,0,0,0,0,0,0,0,0,0,0,0,0,0,0,0,0,0,0,0,0,0,0,0,0,0,0,0,0,0,0,0,0,0,0,0,1,0,0,0,0,0,0,0,0,0,0,0,0,0,0,0,0,0,0,0,0,0,0,0,7,1,0,6,51,0,1,6,5,5
1251.ps1,String_Reordering,1,3018,1,3017.0,3017,0,0,20,20,15,15,76,76,7,402,5,14,0,0,7,0,0,0,0,0,0,76,0,0,0,0,0,0,0,0,0,0,0,0,0,0,0,0,0,0,0,0,0,0,0,0,0,0,0,0,0,0,0,0,0,0,0,0,0,0,0,0,0,0,0,0,0,0,0,1,0,0,0,0,0,0,0,0,0,0,0,0,1,0,0,0,0,0,0,0,0,0,0,6,1,0,6,77,0,0,6,4,5
1287.ps1,String_Reordering,1,693,1,692.0,692,0,2,12,12,8,8,51,51,13,57,2,4,0,4,0,0,0,0,0,0,1,58,0,0,0,0,0,0,0,0,0,0,0,0,0,0,0,0,0,0,0,0,0,0,0,0,0,0,0,0,0,0,0,0,0,0,0,0,0,0,0,0,0,0,0,0,0,0,0,1,0,0,0,0,0,0,0,0,0,0,0,0,0,0,0,0,0,0,0,0,0,0,0,4,1,4,6,62,0,1,7,2,5
1273.ps1,String_Reordering,1,753,1,753.0,753,0,0,7,7,5,5,78,78,7,68,0,8,2,3,1,0,0,0,1,0,0,68,0,0,0,0,0,0,0,0,0,0,0,0,0,0,0,0,0,0,0,0,0,0,0,0,0,0,0,0,0,0,0,0,0,0,0,0,0,0,0,0,0,0,0,0,0,0,0,2,0,0,0,0,0,0,0,0,0,0,0,0,0,0,0,0,0,0,0,0,0,0,0,3,2,0,7,70,0,0,3,3,6
1288.ps1,String_Reordering,1,535,1,534.0,534,1,1,8,8,5,5,32,32,9,38,0,9,0,5,0,0,0,0,0,0,1,38,0,0,0,0,0,0,0,0,0,0,0,0,0,0,0,0,0,0,0,0,0,0,0,0,0,0,0,0,0,0,0,0,0,0,0,0,0,0,0,0,0,0,0,0,0,0,0,1,0,0,0,0,0,0,0,0,0,0,0,0,0,0,0,0,0,0,0,0,0,0,0,6,1,0,6,38,0,1,4,6,5
1292.ps1,String_Reordering,1,2828,1,2827.0,2827,0,1,23,23,17,17,51,51,11,370,5,11,2,0,7,0,0,0,1,0,0,54,0,0,0,0,0,0,0,0,0,0,0,0,0,0,0,0,0,0,0,0,0,0,0,0,0,0,0,0,0,0,0,0,0,0,0,0,0,0,0,0,0,0,0,0,0,0,0,1,0,0,0,0,0,0,0,0,0,0,0,0,0,0,0,0,0,0,0,0,0,0,0,4,2,3,6,59,0,0,7,2,5
1278.ps1,String_Reordering,1,2948,1,2947.0,2947,0,0,23,23,21,21,73,73,10,381,7,10,0,0,7,0,0,0,0,0,0,72,0,0,0,0,0,0,0,0,0,0,0,0,0,0,0,0,0,0,0,0,0,0,0,0,0,0,0,0,0,0,0,0,0,0,0,0,0,0,0,0,0,0,0,0,0,0,0,1,0,0,0,0,0,0,0,0,0,0,0,0,0,1,0,0,0,0,0,0,0,0,0,5,1,3,6,76,0,0,12,1,5
1289.ps1,String_Reordering,1,2995,1,2994.0,2994,0,0,20,20,18,18,54,54,7,405,7,13,0,0,7,0,0,0,0,0,0,53,0,0,0,0,0,0,0,0,0,0,0,0,0,0,0,0,0,0,0,0,0,0,0,0,0,0,0,0,0,0,0,0,0,0,0,0,0,0,0,0,0,0,0,0,0,0,0,1,0,0,0,0,0,0,0,0,0,0,0,0,0,1,0,0,0,0,0,0,0,0,0,8,1,0,6,54,0,0,9,4,5
1290.ps1,String_Reordering,1,2863,1,2862.0,2862,0,2,25,25,20,20,51,51,12,369,8,11,0,0,7,0,0,0,0,0,1,53,0,0,0,0,0,0,0,0,0,0,0,0,0,0,0,0,0,0,0,0,0,0,0,0,0,0,0,0,0,0,0,0,0,0,0,0,0,0,0,0,0,0,0,0,0,0,0,1,0,0,0,0,0,0,0,0,0,0,0,0,0,0,0,0,0,0,0,0,0,0,0,7,1,4,7,57,0,1,10,2,6
130.ps1,String_Reordering,1,2901,1,2900.0,2900,0,2,22,22,20,20,52,52,7,378,9,13,0,0,7,0,0,0,1,0,2,52,0,0,0,0,0,0,0,0,0,0,0,0,0,0,0,0,0,0,0,0,0,0,0,0,0,0,0,0,0,0,0,0,0,0,0,0,0,0,0,0,0,0,0,0,0,0,0,1,0,0,0,0,0,0,0,0,0,0,0,0,0,0,0,0,0,0,0,0,0,0,0,10,1,0,8,52,0,2,9,4,7
1294.ps1,String_Reordering,1,2832,1,2831.0,2831,0,2,23,23,20,20,51,51,11,368,7,10,0,0,7,0,0,0,0,0,2,52,0,0,0,0,0,0,0,0,0,0,0,0,0,0,0,0,0,0,0,0,0,0,0,0,0,0,0,0,0,0,0,0,0,0,0,0,0,0,0,0,0,0,0,0,0,0,0,1,0,0,0,0,0,0,0,0,0,0,0,0,0,0,0,0,0,0,0,0,0,0,0,5,1,3,6,55,0,2,9,1,5
1297.ps1,String_Reordering,1,643,1,642.0,642,0,2,12,12,16,16,36,36,12,40,6,3,0,5,0,0,0,0,0,0,2,40,0,0,0,0,0,0,0,0,0,0,0,0,0,0,0,0,0,0,0,0,0,0,0,0,0,0,0,0,0,0,0,0,0,0,0,0,0,0,0,0,0,0,0,0,0,0,0,1,0,0,0,0,0,0,0,0,0,0,0,0,0,0,0,0,0,0,0,0,0,0,0,7,1,4,6,44,0,2,14,1,5
1302.ps1,String_Reordering,1,3065,1,3064.0,3064,0,1,22,22,16,16,76,76,8,403,6,14,0,0,7,0,0,0,1,0,1,78,0,0,0,0,0,0,0,0,0,0,0,0,0,0,0,0,0,0,0,0,0,0,0,0,0,0,0,0,0,0,0,0,0,0,0,0,0,0,0,0,0,0,0,0,0,0,0,1,0,0,0,0,0,0,0,0,0,0,0,0,0,0,0,0,0,0,0,0,0,0,0,8,1,1,7,79,0,1,6,5,6
1312.ps1,String_Reordering,1,2774,1,2773.0,2773,0,2,21,21,17,17,50,50,8,358,7,13,0,0,7,0,0,0,0,0,2,51,0,0,0,0,0,0,0,0,0,0,0,0,0,0,0,0,0,0,0,0,0,0,0,0,0,0,0,0,0,0,0,0,0,0,0,0,0,0,0,0,0,0,0,0,0,0,0,1,0,0,0,0,0,0,0,0,0,0,0,0,0,0,0,0,0,0,0,0,0,0,0,8,1,0,7,51,0,2,6,4,6
1303.ps1,String_Reordering,1,2799,1,2798.0,2798,0,1,22,22,19,19,50,50,7,360,7,14,0,0,7,0,0,0,1,0,1,50,0,0,0,0,0,0,0,0,0,0,0,0,0,0,0,0,0,0,0,0,0,0,0,0,0,0,0,0,0,0,0,0,0,0,0,0,0,0,0,0,0,0,0,0,0,0,0,1,0,0,0,0,0,0,0,0,0,0,0,0,0,0,0,0,0,0,0,0,0,0,0,9,1,0,8,50,0,1,9,5,7
1307.ps1,String_Reordering,1,2777,1,2776.0,2776,0,0,22,22,16,16,50,50,11,360,3,11,2,0,7,0,0,0,1,0,0,53,0,0,0,0,0,0,0,0,0,0,0,0,0,0,0,0,0,0,0,0,0,0,0,0,0,0,0,0,0,0,0,0,0,0,0,0,0,0,0,0,0,0,0,0,0,0,0,1,0,0,0,0,0,0,0,0,0,0,0,0,0,0,0,0,0,0,0,0,0,0,0,2,2,3,5,58,0,0,6,2,4
1314.ps1,String_Reordering,1,2880,1,2879.0,2879,0,1,21,21,16,16,52,52,9,379,6,14,0,0,7,0,0,0,0,0,1,54,0,0,0,0,0,0,0,0,0,0,0,0,0,0,0,0,0,0,0,0,0,0,0,0,0,0,0,0,0,0,0,0,0,0,0,0,0,0,0,0,0,0,0,0,0,0,0,1,0,0,0,0,0,0,0,0,0,0,0,0,0,0,0,0,0,0,0,0,0,0,0,8,1,1,6,55,0,1,6,5,5
1304.ps1,String_Reordering,1,3403,1,3402.0,3402,0,1,22,22,17,17,87,87,12,414,4,17,0,0,11,0,0,0,3,0,1,88,0,0,0,0,0,0,0,0,0,0,0,0,0,0,0,0,0,0,0,0,0,0,0,0,0,0,0,0,0,0,0,0,0,0,0,0,0,0,0,0,0,0,0,0,0,0,0,1,0,0,0,0,0,0,0,0,0,0,0,0,0,2,0,0,0,0,0,0,0,0,0,6,1,0,5,88,0,1,4,6,4
1315.ps1,String_Reordering,1,7017,1,7017.0,7017,0,2,28,28,21,21,169,169,48,1348,9,19,1,0,16,0,0,0,0,0,2,171,0,0,0,0,0,0,0,0,0,0,0,1,0,0,0,0,0,0,0,0,0,0,0,1,0,0,0,0,0,0,0,0,0,0,0,0,0,0,0,0,0,0,0,0,0,0,0,1,0,0,0,0,0,1,0,0,0,0,0,0,0,0,0,0,0,0,0,0,0,4,0,13,1,0,9,171,0,2,13,5,8
1319.ps1,String_Reordering,1,2940,1,2939.0,2939,0,2,23,23,20,20,73,73,10,381,7,10,0,0,7,0,0,0,1,0,2,74,0,0,0,0,0,0,0,0,0,0,0,0,0,0,0,0,0,0,0,0,0,0,0,0,0,0,0,0,0,0,0,0,0,0,0,0,0,0,0,0,0,0,0,0,0,0,0,1,0,0,0,0,0,0,0,0,0,0,0,0,0,0,0,0,0,0,0,0,0,0,0,5,1,3,6,77,0,2,9,1,5
1308.ps1,String_Reordering,1,3213,1,3212.0,3212,0,3,24,24,21,21,79,79,11,430,9,10,0,0,7,0,0,0,0,0,2,80,0,0,0,0,0,0,0,0,0,0,0,0,0,0,0,0,0,0,0,0,0,0,0,0,0,0,0,0,0,0,0,0,0,0,0,0,0,0,0,0,0,0,0,0,0,0,0,1,0,0,0,0,0,0,0,0,0,0,0,0,0,0,0,0,0,0,0,0,0,0,0,7,1,3,7,83,0,2,10,1,6
1318.ps1,String_Reordering,1,2790,1,2789.0,2789,0,0,23,23,19,19,50,50,12,360,5,11,2,0,7,0,0,0,0,0,0,52,0,0,0,0,0,0,0,0,0,0,0,0,0,0,0,0,0,0,0,0,0,0,0,0,0,0,0,0,0,0,0,0,0,0,0,0,0,0,0,0,0,0,0,0,0,0,0,1,0,0,0,0,0,0,0,0,0,0,0,0,0,0,0,0,0,0,0,0,0,0,0,4,2,3,6,57,0,0,9,2,5
1317.ps1,String_Reordering,1,2923,1,2922.0,2922,0,1,20,20,16,16,73,73,7,383,5,14,0,0,7,0,0,0,1,0,1,74,0,0,0,0,0,0,0,0,0,0,0,0,0,0,0,0,0,0,0,0,0,0,0,0,0,0,0,0,0,0,0,0,0,0,0,0,0,0,0,0,0,0,0,0,0,0,0,1,0,0,0,0,0,0,0,0,0,0,0,0,0,0,0,0,0,0,0,0,0,0,0,7,1,0,6,74,0,1,6,5,5
1322.ps1,String_Reordering,1,502,1,501.0,501,0,0,7,7,4,4,50,50,6,43,0,5,0,4,0,0,0,0,0,0,0,41,0,0,0,0,0,0,0,0,0,0,0,0,0,0,0,0,0,0,0,0,0,0,0,0,0,0,0,0,0,0,0,0,0,0,0,0,0,0,0,0,0,0,0,0,0,0,0,2,0,0,0,0,0,0,0,0,0,0,0,0,1,0,0,0,0,0,0,0,0,0,0,2,1,0,5,42,0,0,4,2,4
132.ps1,String_Reordering,1,3299,1,3298.0,3298,0,2,22,22,23,23,81,81,8,441,11,13,0,0,7,0,0,0,0,0,2,80,0,0,0,0,0,0,0,0,0,0,0,0,0,0,0,0,0,0,0,0,0,0,0,0,0,0,0,0,0,0,0,0,0,0,0,0,0,0,0,0,0,0,0,0,0,0,0,1,0,0,0,0,0,0,0,0,0,0,0,0,0,0,0,0,0,0,0,0,0,0,0,12,1,0,8,80,0,2,12,4,7
133.ps1,String_Reordering,1,623,1,622.0,622,0,1,12,12,12,12,41,41,12,45,4,3,0,3,0,0,0,0,0,0,0,45,0,0,0,0,0,0,0,0,0,0,0,0,0,0,0,0,0,0,0,0,0,0,0,0,0,0,0,0,0,0,0,0,0,0,0,0,0,0,0,0,0,0,0,0,0,0,0,1,0,0,0,0,0,0,0,0,0,0,0,0,0,1,0,0,0,0,0,0,0,0,0,5,1,4,6,50,0,0,12,1,5
1329.ps1,String_Reordering,1,582,1,581.0,581,0,2,12,12,10,10,30,30,13,35,3,4,0,4,0,0,0,0,1,0,1,37,0,0,0,0,0,0,0,0,0,0,0,0,0,0,0,0,0,0,0,0,0,0,0,0,0,0,0,0,0,0,0,0,0,0,0,0,0,0,0,0,0,0,0,0,0,0,0,1,0,0,0,0,0,0,0,0,0,0,0,0,0,0,0,0,0,0,0,0,0,0,0,5,1,5,5,42,0,1,9,2,4
1330.ps1,String_Reordering,1,2784,1,2783.0,2783,0,0,20,20,15,15,51,51,7,368,5,13,0,0,7,0,0,0,0,0,0,51,0,0,0,0,0,0,0,0,0,0,0,0,0,0,0,0,0,0,0,0,0,0,0,0,0,0,0,0,0,0,0,0,0,0,0,0,0,0,0,0,0,0,0,0,0,0,0,1,0,0,0,0,0,0,0,0,0,0,0,0,0,1,0,0,0,0,0,0,0,0,0,6,1,0,6,52,0,0,6,4,5
1324.ps1,String_Reordering,1,914,1,913.0,913,0,2,8,8,13,13,73,73,11,73,6,6,0,3,2,0,0,0,0,0,2,74,0,0,0,0,0,0,0,0,0,0,0,0,0,0,0,0,0,0,0,0,0,0,0,0,0,0,0,0,0,0,0,0,0,0,0,0,0,0,0,0,0,0,0,0,0,0,0,1,0,0,0,0,0,0,0,0,0,0,0,0,0,1,0,0,0,0,0,0,0,0,0,9,1,0,7,74,0,2,8,3,6
1328.ps1,String_Reordering,1,2877,1,2876.0,2876,0,2,20,20,17,17,52,52,8,378,7,13,0,0,7,0,0,0,0,0,2,53,0,0,0,0,0,0,0,0,0,0,0,0,0,0,0,0,0,0,0,0,0,0,0,0,0,0,0,0,0,0,0,0,0,0,0,0,0,0,0,0,0,0,0,0,0,0,0,1,0,0,0,0,0,0,0,0,0,0,0,0,0,0,0,0,0,0,0,0,0,0,0,8,1,0,6,53,0,2,6,4,5
134.ps1,String_Reordering,1,2860,1,2859.0,2859,0,2,21,21,17,17,52,52,10,378,5,10,0,0,7,0,0,0,1,0,2,54,0,0,0,0,0,0,0,0,0,0,0,0,0,0,0,0,0,0,0,0,0,0,0,0,0,0,0,0,0,0,0,0,0,0,0,0,0,0,0,0,0,0,0,0,0,0,0,1,0,0,0,0,0,0,0,0,0,0,0,0,0,0,0,0,0,0,0,0,0,0,0,3,1,3,4,57,0,2,6,1,3
1320.ps1,String_Reordering,1,2899,1,2898.0,2898,0,1,19,19,13,13,73,73,7,383,3,14,0,0,7,0,0,0,1,0,1,75,0,0,0,0,0,0,0,0,0,0,0,0,0,0,0,0,0,0,0,0,0,0,0,0,0,0,0,0,0,0,0,0,0,0,0,0,0,0,0,0,0,0,0,0,0,0,0,1,0,0,0,0,0,0,0,0,0,0,0,0,0,0,0,0,0,0,0,0,0,0,0,5,1,0,5,75,0,1,3,5,4
1321.ps1,String_Reordering,1,2911,1,2910.0,2910,0,3,23,23,21,21,52,52,10,378,9,10,0,0,7,0,0,0,1,0,2,53,0,0,0,0,0,0,0,0,0,0,0,0,0,0,0,0,0,0,0,0,0,0,0,0,0,0,0,0,0,0,0,0,0,0,0,0,0,0,0,0,0,0,0,0,0,0,0,1,0,0,0,0,0,0,0,0,0,0,0,0,0,0,0,0,0,0,0,0,0,0,0,7,1,3,6,56,0,2,10,1,5
1338.ps1,String_Reordering,1,2801,1,2800.0,2800,0,2,23,23,23,23,50,50,11,358,9,10,0,0,7,0,0,0,0,0,2,50,0,0,0,0,0,0,0,0,0,0,0,0,0,0,0,0,0,0,0,0,0,0,0,0,0,0,0,0,0,0,0,0,0,0,0,0,0,0,0,0,0,0,0,0,0,0,0,1,0,0,0,0,0,0,0,0,0,0,0,0,0,0,0,0,0,0,0,0,0,0,0,7,1,3,6,53,0,2,12,1,5
1337.ps1,String_Reordering,1,2754,1,2753.0,2753,0,0,21,21,16,16,50,50,8,357,5,15,2,0,7,0,0,0,1,0,0,52,0,0,0,0,0,0,0,0,0,0,0,0,0,0,0,0,0,0,0,0,0,0,0,0,0,0,0,0,0,0,0,0,0,0,0,0,0,0,0,0,0,0,0,0,0,0,0,1,0,0,0,0,0,0,0,0,0,0,0,0,0,0,0,0,0,0,0,0,0,0,0,7,2,0,7,54,0,0,6,5,6
1345.ps1,String_Reordering,1,453,1,452.0,452,0,1,7,7,3,3,39,39,7,34,1,5,0,3,1,0,0,0,0,0,1,33,0,0,0,0,0,0,0,0,0,0,0,0,0,0,0,0,0,0,0,0,0,0,0,0,0,0,0,0,0,0,0,0,0,0,0,0,0,0,0,0,0,0,0,0,0,0,0,2,0,0,0,0,0,0,0,0,0,0,0,0,0,0,0,0,0,0,0,0,0,0,0,3,1,0,5,33,0,1,2,3,4
1343.ps1,String_Reordering,1,336,1,335.0,335,0,0,6,6,1,1,27,27,6,27,0,4,0,3,0,0,0,0,0,0,0,29,0,0,0,0,0,0,0,0,0,0,0,0,0,0,0,0,0,0,0,0,0,0,0,0,0,0,0,0,0,0,0,0,0,0,0,0,0,0,0,0,0,0,0,0,0,0,0,1,0,0,0,0,0,0,0,0,0,0,0,0,1,0,0,0,0,0,0,0,0,0,0,2,1,0,5,30,0,0,1,2,4
1332.ps1,String_Reordering,1,633,1,632.0,632,0,2,12,12,16,16,37,37,12,41,6,3,0,3,0,0,0,0,1,0,2,41,0,0,0,0,0,0,0,0,0,0,0,0,0,0,0,0,0,0,0,0,0,0,0,0,0,0,0,0,0,0,0,0,0,0,0,0,0,0,0,0,0,0,0,0,0,0,0,1,0,0,0,0,0,0,0,0,0,0,0,0,0,0,0,0,0,0,0,0,0,0,0,7,1,4,6,45,0,2,14,1,5
1342.ps1,String_Reordering,1,1614,1,1613.0,1613,1,1,14,13,20,19,120,120,24,124,6,11,0,6,8,1,2,1,1,0,1,122,0,0,0,0,0,0,0,0,0,0,0,0,0,0,0,0,0,0,0,0,0,0,0,0,0,0,0,0,0,0,0,0,0,0,0,0,0,0,0,0,0,0,0,0,0,0,0,1,0,0,0,0,0,0,0,0,0,0,0,0,0,1,0,0,0,0,0,0,0,0,0,10,1,0,8,122,0,1,10,6,7
1366.ps1,String_Reordering,1,2873,1,2872.0,2872,0,2,20,20,17,17,52,52,7,378,7,13,0,0,7,0,0,0,1,0,2,53,0,0,0,0,0,0,0,0,0,0,0,0,0,0,0,0,0,0,0,0,0,0,0,0,0,0,0,0,0,0,0,0,0,0,0,0,0,0,0,0,0,0,0,0,0,0,0,1,0,0,0,0,0,0,0,0,0,0,0,0,0,0,0,0,0,0,0,0,0,0,0,8,1,0,6,53,0,2,6,4,5
1352.ps1,String_Reordering,1,3092,1,3091.0,3091,0,1,26,26,23,23,76,76,11,404,9,11,2,0,7,0,0,0,1,0,0,77,0,0,0,0,0,0,0,0,0,0,0,0,0,0,0,0,0,0,0,0,0,0,0,0,0,0,0,0,0,0,0,0,0,0,0,0,0,0,0,0,0,0,0,0,0,0,0,1,0,0,0,0,0,0,0,0,0,0,0,0,0,0,0,0,0,0,0,0,0,0,0,8,2,3,9,82,0,0,13,2,8
1357.ps1,String_Reordering,1,2954,1,2953.0,2953,0,3,24,24,21,21,73,73,11,381,9,10,0,0,7,0,0,0,0,0,2,74,0,0,0,0,0,0,0,0,0,0,0,0,0,0,0,0,0,0,0,0,0,0,0,0,0,0,0,0,0,0,0,0,0,0,0,0,0,0,0,0,0,0,0,0,0,0,0,1,0,0,0,0,0,0,0,0,0,0,0,0,0,0,0,0,0,0,0,0,0,0,0,7,1,3,7,77,0,2,10,1,6
1349.ps1,String_Reordering,1,648,1,647.0,647,0,0,10,10,11,11,46,46,13,50,2,3,0,3,0,0,0,0,0,0,0,50,0,0,0,0,0,0,0,0,0,0,0,0,0,0,0,0,0,0,0,0,0,0,0,0,0,0,0,0,0,0,0,0,0,0,0,0,0,0,0,0,0,0,0,0,0,0,0,1,0,0,0,0,0,0,0,0,0,0,0,0,0,1,0,0,0,0,0,0,0,0,0,3,1,4,4,55,0,0,11,1,3
1375.ps1,String_Reordering,1,3068,1,3067.0,3067,0,0,15,15,14,14,75,75,21,79,34,13,2,28,13,0,0,0,1,0,0,77,0,0,0,0,0,0,0,0,0,0,0,0,0,0,0,0,0,0,0,0,0,0,0,0,0,0,0,0,0,0,0,0,3,0,0,0,0,0,0,0,0,0,0,0,0,0,0,1,0,0,0,0,0,1,0,0,0,0,0,0,0,0,0,0,0,0,0,0,0,3,0,9,2,0,8,79,0,0,9,5,7
1365.ps1,String_Reordering,1,3352,1,3351.0,3351,0,3,28,28,26,26,84,84,17,391,10,12,0,0,11,0,0,0,2,0,2,84,0,0,0,0,0,0,0,0,0,0,0,0,0,0,0,0,0,0,0,0,0,0,0,0,0,0,0,0,0,0,0,0,0,0,0,0,0,0,0,0,0,0,0,0,0,0,0,1,0,0,0,1,0,0,0,0,0,0,0,0,0,2,0,0,0,0,0,0,0,0,0,7,1,4,7,88,0,2,12,1,6
1359.ps1,String_Reordering,1,2760,1,2759.0,2759,0,1,21,21,16,16,50,50,7,360,5,14,0,0,7,0,0,0,1,0,1,51,0,0,0,0,0,0,0,0,0,0,0,0,0,0,0,0,0,0,0,0,0,0,0,0,0,0,0,0,0,0,0,0,0,0,0,0,0,0,0,0,0,0,0,0,0,0,0,1,0,0,0,0,0,0,0,0,0,0,0,0,0,0,0,0,0,0,0,0,0,0,0,7,1,0,7,51,0,1,6,5,6
1361.ps1,String_Reordering,1,1027,1,1027.0,1027,0,0,5,5,5,5,78,78,5,79,2,4,1,10,0,0,0,0,0,0,0,80,0,0,0,0,0,0,0,0,0,0,0,0,0,0,0,0,0,0,0,0,0,0,0,0,0,0,0,0,0,0,0,0,0,0,0,0,0,0,0,0,0,0,0,0,0,0,0,1,0,0,0,0,0,0,0,0,0,0,0,0,0,1,0,0,0,0,0,0,0,0,0,5,1,0,6,81,0,0,5,3,5
1396.ps1,String_Reordering,1,2730,1,2729.0,2729,0,0,22,22,21,21,49,49,7,348,9,13,0,0,7,0,0,0,0,0,0,47,0,0,0,0,0,0,0,0,0,0,0,0,0,0,0,0,0,0,0,0,0,0,0,0,0,0,0,0,0,0,0,0,0,0,0,0,0,0,0,0,0,0,0,0,0,0,0,1,0,0,0,0,0,0,0,0,0,0,0,0,0,1,0,0,0,0,0,0,0,0,0,10,1,0,8,48,0,0,12,4,7
1399.ps1,String_Reordering,1,490,1,489.0,489,0,1,9,9,4,4,45,45,8,39,2,5,0,4,1,0,0,0,0,0,1,40,0,0,0,0,0,0,0,0,0,0,0,0,0,0,0,0,0,0,0,0,0,0,0,0,0,0,0,0,0,0,0,0,0,0,0,0,0,0,0,0,0,0,0,0,0,0,0,2,0,0,0,0,0,0,0,0,0,0,0,0,0,0,0,0,0,0,0,0,0,0,0,4,1,0,7,40,0,1,3,3,6
1380.ps1,String_Reordering,1,2898,1,2897.0,2897,0,2,21,21,20,20,52,52,7,378,9,13,0,0,7,0,0,0,1,0,2,52,0,0,0,0,0,0,0,0,0,0,0,0,0,0,0,0,0,0,0,0,0,0,0,0,0,0,0,0,0,0,0,0,0,0,0,0,0,0,0,0,0,0,0,0,0,0,0,1,0,0,0,0,0,0,0,0,0,0,0,0,0,0,0,0,0,0,0,0,0,0,0,10,1,0,7,52,0,2,9,4,6
1402.ps1,String_Reordering,1,3070,1,3069.0,3069,0,0,23,23,21,21,76,76,10,402,7,11,0,0,7,0,0,0,0,0,0,75,0,0,0,0,0,0,0,0,0,0,0,0,0,0,0,0,0,0,0,0,0,0,0,0,0,0,0,0,0,0,0,0,0,0,0,0,0,0,0,0,0,0,0,0,0,0,0,1,0,0,0,0,0,0,0,0,0,0,0,0,1,0,0,0,0,0,0,0,0,0,0,5,1,3,6,79,0,0,12,1,5
1385.ps1,String_Reordering,1,2940,1,2939.0,2939,0,1,21,21,16,16,73,73,8,382,6,14,0,0,7,0,0,0,1,0,1,75,0,0,0,0,0,0,0,0,0,0,0,0,0,0,0,0,0,0,0,0,0,0,0,0,0,0,0,0,0,0,0,0,0,0,0,0,0,0,0,0,0,0,0,0,0,0,0,1,0,0,0,0,0,0,0,0,0,0,0,0,0,0,0,0,0,0,0,0,0,0,0,8,1,1,6,76,0,1,6,5,5
139.ps1,String_Reordering,1,399,1,398.0,398,0,2,6,6,4,4,23,23,9,25,2,5,0,4,0,0,0,0,0,0,2,27,0,0,0,0,0,0,0,0,0,0,0,0,0,0,0,0,0,0,0,0,0,0,0,0,0,0,0,0,0,0,0,0,0,0,0,0,0,0,0,0,0,0,0,0,0,0,0,1,0,0,0,0,0,0,0,0,0,0,0,0,0,0,0,0,0,0,0,0,0,0,0,5,1,0,5,27,0,2,2,3,4
1407.ps1,String_Reordering,1,2880,1,2879.0,2879,0,0,21,21,16,16,52,52,8,380,5,14,2,0,7,0,0,0,1,0,0,54,0,0,0,0,0,0,0,0,0,0,0,0,0,0,0,0,0,0,0,0,0,0,0,0,0,0,0,0,0,0,0,0,0,0,0,0,0,0,0,0,0,0,0,0,0,0,0,1,0,0,0,0,0,0,0,0,0,0,0,0,0,0,0,0,0,0,0,0,0,0,0,7,2,0,7,56,0,0,6,5,6
1388.ps1,String_Reordering,1,2932,1,2931.0,2931,0,1,22,22,17,17,72,72,8,381,6,14,0,0,7,0,0,0,0,0,1,74,0,0,0,0,0,0,0,0,0,0,0,0,0,0,0,0,0,0,0,0,0,0,0,0,0,0,0,0,0,0,0,0,0,0,0,0,0,0,0,0,0,0,0,0,0,0,0,1,0,0,0,0,0,0,0,0,0,0,0,0,0,0,0,0,0,0,0,0,0,0,0,8,1,0,8,74,0,1,7,5,7
141.ps1,String_Reordering,1,3402,1,3401.0,3401,0,1,23,23,23,23,60,60,7,468,10,14,0,0,7,0,0,0,1,0,1,60,0,0,0,0,0,0,0,0,0,0,0,0,0,0,0,0,0,0,0,0,0,0,0,0,0,0,0,0,0,0,0,0,0,0,0,0,0,0,0,0,0,0,0,0,0,0,0,1,0,0,0,0,0,0,0,0,0,0,0,0,0,0,0,0,0,0,0,0,0,0,0,12,1,0,9,60,0,1,13,5,8
1400.ps1,String_Reordering,1,3035,1,3034.0,3034,0,0,22,22,19,19,54,54,9,407,7,15,2,0,7,0,0,0,0,0,0,55,0,0,0,0,0,0,0,0,0,0,0,0,0,0,0,0,0,0,0,0,0,0,0,0,0,0,0,0,0,0,0,0,0,0,0,0,0,0,0,0,0,0,0,0,0,0,0,1,0,0,0,0,0,0,0,0,0,0,0,0,0,0,0,0,0,0,0,0,0,0,0,9,2,0,8,57,0,0,9,5,7
1410.ps1,String_Reordering,1,2958,1,2957.0,2957,0,1,23,23,19,19,73,73,11,383,5,11,0,0,7,0,0,0,0,0,1,74,0,0,0,0,0,0,0,0,0,0,0,0,0,0,0,0,0,0,0,0,0,0,0,0,0,0,0,0,0,0,0,0,0,0,0,0,0,0,0,0,0,0,0,0,0,0,0,1,0,0,0,0,0,0,0,0,0,0,0,0,0,0,0,0,0,0,0,0,0,0,0,4,1,3,6,77,0,1,9,2,5
1413.ps1,String_Reordering,1,3222,1,3221.0,3221,0,0,22,22,19,19,57,57,8,442,7,15,2,0,7,0,0,0,1,0,0,58,0,0,0,0,0,0,0,0,0,0,0,0,0,0,0,0,0,0,0,0,0,0,0,0,0,0,0,0,0,0,0,0,0,0,0,0,0,0,0,0,0,0,0,0,0,0,0,1,0,0,0,0,0,0,0,0,0,0,0,0,0,0,0,0,0,0,0,0,0,0,0,9,2,0,8,60,0,0,9,5,7
1417.ps1,String_Reordering,1,489,1,488.0,488,0,0,8,8,6,6,37,37,9,40,2,4,2,3,0,0,0,0,0,0,0,40,0,0,0,0,0,0,0,0,0,0,0,0,0,0,0,0,0,0,0,0,0,0,0,0,0,0,0,0,0,0,0,0,0,0,0,0,0,0,0,0,0,0,0,0,0,0,0,1,0,0,0,0,0,0,0,0,0,0,0,0,0,0,0,0,0,0,0,0,0,0,0,4,2,1,6,43,0,0,5,2,5
1406.ps1,String_Reordering,1,667,1,666.0,666,0,2,13,13,14,14,41,41,13,45,6,3,0,2,0,0,0,0,0,0,2,46,0,0,0,0,0,0,0,0,0,0,0,0,0,0,0,0,0,0,0,0,0,0,0,0,0,0,0,0,0,0,0,0,0,0,0,0,0,0,0,0,0,0,0,0,0,0,0,1,0,0,0,0,0,0,0,0,0,0,0,0,0,0,0,0,0,0,0,0,0,0,0,7,1,4,7,50,0,2,12,1,6
1393.ps1,String_Reordering,1,3068,1,3067.0,3067,0,2,22,22,20,20,76,76,8,402,9,13,0,0,7,0,0,0,0,0,2,76,0,0,0,0,0,0,0,0,0,0,0,0,0,0,0,0,0,0,0,0,0,0,0,0,0,0,0,0,0,0,0,0,0,0,0,0,0,0,0,0,0,0,0,0,0,0,0,1,0,0,0,0,0,0,0,0,0,0,0,0,0,0,0,0,0,0,0,0,0,0,0,10,1,0,8,76,0,2,9,4,7
1403.ps1,String_Reordering,1,2918,1,2917.0,2917,0,1,23,23,19,19,52,52,8,379,8,14,0,0,7,0,0,0,1,0,1,53,0,0,0,0,0,0,0,0,0,0,0,0,0,0,0,0,0,0,0,0,0,0,0,0,0,0,0,0,0,0,0,0,0,0,0,0,0,0,0,0,0,0,0,0,0,0,0,1,0,0,0,0,0,0,0,0,0,0,0,0,0,0,0,0,0,0,0,0,0,0,0,10,1,1,8,54,0,1,9,5,7
1432.ps1,String_Reordering,1,3066,1,3065.0,3065,0,2,22,22,20,20,76,76,8,402,9,13,0,0,7,0,0,0,0,0,2,76,0,0,0,0,0,0,0,0,0,0,0,0,0,0,0,0,0,0,0,0,0,0,0,0,0,0,0,0,0,0,0,0,0,0,0,0,0,0,0,0,0,0,0,0,0,0,0,1,0,0,0,0,0,0,0,0,0,0,0,0,0,0,0,0,0,0,0,0,0,0,0,10,1,0,8,76,0,2,9,4,7
1433.ps1,String_Reordering,1,2932,1,2931.0,2931,0,1,21,21,17,17,73,73,8,379,6,14,0,0,7,0,0,0,0,0,1,75,0,0,0,0,0,0,0,0,0,0,0,0,0,0,0,0,0,0,0,0,0,0,0,0,0,0,0,0,0,0,0,0,0,0,0,0,0,0,0,0,0,0,0,0,0,0,0,1,0,0,0,0,0,0,0,0,0,0,0,0,0,0,0,0,0,0,0,0,0,0,0,8,1,0,7,75,0,1,7,5,6
1420.ps1,String_Reordering,1,1552,1,1551.0,1551,0,1,19,19,29,28,107,107,26,114,10,8,1,6,7,0,2,0,1,1,1,112,0,0,0,0,0,0,0,0,0,0,0,0,0,0,0,0,0,0,0,0,0,0,0,0,0,0,0,0,0,0,0,0,0,0,0,0,0,0,0,0,0,0,0,0,0,0,0,1,0,0,0,0,0,0,0,0,0,0,0,0,0,1,0,0,0,0,0,0,0,0,0,10,1,6,8,118,0,1,20,2,7
1424.ps1,String_Reordering,1,2872,1,2871.0,2871,0,2,22,22,17,17,52,52,11,380,5,11,0,0,7,0,0,0,0,0,1,54,0,0,0,0,0,0,0,0,0,0,0,0,0,0,0,0,0,0,0,0,0,0,0,0,0,0,0,0,0,0,0,0,0,0,0,0,0,0,0,0,0,0,0,0,0,0,0,1,0,0,0,0,0,0,0,0,0,0,0,0,0,0,0,0,0,0,0,0,0,0,0,4,1,3,5,57,0,1,7,2,4
1435.ps1,String_Reordering,1,2918,1,2917.0,2917,0,1,24,24,22,22,52,52,11,380,7,11,0,0,7,0,0,0,0,0,1,52,0,0,0,0,0,0,0,0,0,0,0,0,0,0,0,0,0,0,0,0,0,0,0,0,0,0,0,0,0,0,0,0,0,0,0,0,0,0,0,0,0,0,0,0,0,0,0,1,0,0,0,0,0,0,0,0,0,0,0,0,0,0,0,0,0,0,0,0,0,0,0,6,1,3,7,55,0,1,12,2,6
1436.ps1,String_Reordering,1,998,1,997.0,997,0,0,14,14,14,14,75,75,11,76,8,13,0,6,2,0,2,0,0,0,0,75,0,0,0,0,0,0,0,0,0,0,0,0,0,0,0,0,0,0,0,0,0,0,0,0,0,0,0,0,0,0,0,0,0,0,0,0,0,0,0,0,0,0,0,0,0,0,0,2,0,0,0,0,0,0,0,0,0,0,0,0,1,0,0,0,0,0,0,1,0,0,0,10,1,0,8,76,0,0,12,4,7
1418.ps1,String_Reordering,1,3105,1,3104.0,3104,0,0,21,21,16,16,77,77,9,414,5,15,2,0,7,0,0,0,0,0,0,79,0,0,0,0,0,0,0,0,0,0,0,0,0,0,0,0,0,0,0,0,0,0,0,0,0,0,0,0,0,0,0,0,0,0,0,0,0,0,0,0,0,0,0,0,0,0,0,1,0,0,0,0,0,0,0,0,0,0,0,0,0,0,0,0,0,0,0,0,0,0,0,7,2,0,7,81,0,0,6,5,6
1445.ps1,String_Reordering,1,2982,1,2981.0,2981,0,1,24,24,23,23,73,73,11,382,8,11,0,0,7,0,0,0,0,0,1,74,0,0,0,0,0,0,0,0,0,0,0,0,0,0,0,0,0,0,0,0,0,0,0,0,0,0,0,0,0,0,0,0,0,0,0,0,0,0,0,0,0,0,0,0,0,0,0,1,0,0,0,0,0,0,0,0,0,0,0,0,0,0,0,0,0,0,0,0,0,0,0,7,1,3,7,77,0,1,13,2,6
1449.ps1,String_Reordering,1,2925,1,2924.0,2924,0,1,23,23,14,14,73,73,11,383,3,11,2,0,7,0,0,0,1,0,0,77,0,0,0,0,0,0,0,0,0,0,0,0,0,0,0,0,0,0,0,0,0,0,0,0,0,0,0,0,0,0,0,0,0,0,0,0,0,0,0,0,0,0,0,0,0,0,0,1,0,0,0,0,0,0,0,0,0,0,0,0,0,0,0,0,0,0,0,0,0,0,0,2,2,3,6,82,0,0,4,2,5
1460.ps1,String_Reordering,1,2878,1,2877.0,2877,0,3,22,22,18,18,52,52,11,378,7,10,0,0,7,0,0,0,0,0,2,54,0,0,0,0,0,0,0,0,0,0,0,0,0,0,0,0,0,0,0,0,0,0,0,0,0,0,0,0,0,0,0,0,0,0,0,0,0,0,0,0,0,0,0,0,0,0,0,1,0,0,0,0,0,0,0,0,0,0,0,0,0,0,0,0,0,0,0,0,0,0,0,5,1,3,5,57,0,2,7,1,4
1455.ps1,String_Reordering,1,3416,1,3415.0,3415,0,2,26,26,27,27,85,85,13,392,12,21,0,0,12,0,0,0,2,0,2,83,0,0,0,0,0,0,0,0,0,0,0,0,0,0,0,0,0,0,0,0,0,0,0,0,0,0,0,0,0,0,0,0,0,0,0,0,0,0,0,0,0,0,0,0,0,0,0,1,0,0,0,0,0,0,0,0,0,0,0,0,0,2,0,0,0,0,0,0,0,0,0,13,1,0,9,83,0,2,13,5,8
1448.ps1,String_Reordering,1,3026,1,3025.0,3025,0,2,23,23,17,17,54,54,12,406,6,11,0,0,7,0,0,0,0,0,1,57,0,0,0,0,0,0,0,0,0,0,0,0,0,0,0,0,0,0,0,0,0,0,0,0,0,0,0,0,0,0,0,0,0,0,0,0,0,0,0,0,0,0,0,0,0,0,0,1,0,0,0,0,0,0,0,0,0,0,0,0,0,0,0,0,0,0,0,0,0,0,0,5,1,4,5,61,0,1,7,2,4
1459.ps1,String_Reordering,1,525,1,524.0,524,0,2,8,8,6,6,32,32,9,36,2,7,0,4,0,0,0,0,0,0,2,38,0,0,0,0,0,0,0,0,0,0,0,0,0,0,0,0,0,0,0,0,0,0,0,0,0,0,0,0,0,0,0,0,0,0,0,0,0,0,0,0,0,0,0,0,1,0,0,1,0,0,0,0,0,0,0,0,0,0,0,0,0,0,0,0,0,0,0,0,1,0,0,7,1,0,6,38,0,2,4,5,5
1453.ps1,String_Reordering,1,1728,1,1727.0,1727,0,3,19,19,30,29,133,132,27,137,12,5,0,5,7,0,2,1,0,0,2,135,0,0,0,0,0,0,0,0,0,0,0,0,0,0,0,0,0,0,0,0,0,0,0,0,0,0,0,0,0,0,0,0,0,0,0,0,0,0,0,0,0,0,0,0,0,0,0,1,0,0,0,0,0,0,0,0,0,0,0,0,0,1,0,0,0,0,0,0,0,0,0,11,1,5,9,140,0,2,20,1,8
1456.ps1,String_Reordering,1,2829,1,2828.0,2828,0,3,24,24,24,24,50,50,10,358,11,10,0,0,7,0,0,0,1,0,2,50,0,0,0,0,0,0,0,0,0,0,0,0,0,0,0,0,0,0,0,0,0,0,0,0,0,0,0,0,0,0,0,0,0,0,0,0,0,0,0,0,0,0,0,0,0,0,0,1,0,0,0,0,0,0,0,0,0,0,0,0,0,0,0,0,0,0,0,0,0,0,0,9,1,3,7,53,0,2,13,1,6
1437.ps1,String_Reordering,1,2909,1,2908.0,2908,0,1,20,20,14,14,73,73,8,382,4,14,0,0,7,0,0,0,0,0,1,76,0,0,0,0,0,0,0,0,0,0,0,0,0,0,0,0,0,0,0,0,0,0,0,0,0,0,0,0,0,0,0,0,0,0,0,0,0,0,0,0,0,0,0,0,0,0,0,1,0,0,0,0,0,0,0,0,0,0,0,0,0,0,0,0,0,0,0,0,0,0,0,6,1,0,6,76,0,1,4,5,5
145.ps1,String_Reordering,1,2929,1,2928.0,2928,0,3,24,24,24,24,52,52,10,378,11,10,0,0,7,0,0,0,1,0,2,52,0,0,0,0,0,0,0,0,0,0,0,0,0,0,0,0,0,0,0,0,0,0,0,0,0,0,0,0,0,0,0,0,0,0,0,0,0,0,0,0,0,0,0,0,0,0,0,1,0,0,0,0,0,0,0,0,0,0,0,0,0,0,0,0,0,0,0,0,0,0,0,9,1,3,7,55,0,2,13,1,6
1473.ps1,String_Reordering,1,2884,1,2883.0,2883,0,2,22,22,17,17,52,52,10,380,5,11,0,0,7,0,0,0,1,0,1,54,0,0,0,0,0,0,0,0,0,0,0,0,0,0,0,0,0,0,0,0,0,0,0,0,0,0,0,0,0,0,0,0,0,0,0,0,0,0,0,0,0,0,0,0,0,0,0,1,0,0,0,0,0,0,0,0,0,0,0,0,0,0,0,0,0,0,0,0,0,0,0,4,1,3,5,57,0,1,7,2,4
1465.ps1,String_Reordering,1,3325,1,3324.0,3324,0,3,22,22,18,18,83,83,11,457,7,10,0,0,7,0,0,0,0,0,2,85,0,0,0,0,0,0,0,0,0,0,0,0,0,0,0,0,0,0,0,0,0,0,0,0,0,0,0,0,0,0,0,0,0,0,0,0,0,0,0,0,0,0,0,0,0,0,0,1,0,0,0,0,0,0,0,0,0,0,0,0,0,0,0,0,0,0,0,0,0,0,0,5,1,3,5,88,0,2,7,1,4
1478.ps1,String_Reordering,1,368,1,367.0,367,1,1,8,8,5,5,21,21,7,24,2,5,0,3,0,0,0,0,1,0,1,23,0,0,0,0,0,0,0,0,0,0,0,0,0,0,0,0,0,0,0,0,0,0,0,0,0,0,0,0,0,0,0,0,0,0,0,0,0,0,0,0,0,0,0,0,0,0,0,1,0,0,0,0,0,0,0,0,0,0,0,0,0,0,0,0,0,0,0,0,0,0,0,5,1,0,7,23,0,1,4,3,6
1466.ps1,String_Reordering,1,3158,1,3157.0,3157,0,1,23,23,17,17,57,57,12,433,5,12,2,0,7,0,0,0,0,0,0,60,0,0,0,0,0,0,0,0,0,0,0,0,0,0,0,0,0,0,0,0,0,0,0,0,0,0,0,0,0,0,0,0,0,0,0,0,0,0,0,0,0,0,0,0,0,0,0,1,0,0,0,0,0,0,0,0,0,0,0,0,0,0,0,0,0,0,0,0,0,0,0,4,2,3,6,65,0,0,7,2,5
1475.ps1,String_Reordering,1,3005,1,3004.0,3004,0,2,24,24,20,20,74,74,11,393,7,11,0,0,7,0,0,0,0,0,1,75,0,0,0,0,0,0,0,0,0,0,0,0,0,0,0,0,0,0,0,0,0,0,0,0,0,0,0,0,0,0,0,0,0,0,0,0,0,0,0,0,0,0,0,0,0,0,0,1,0,0,0,0,0,0,0,0,0,0,0,0,0,0,0,0,0,0,0,0,0,0,0,6,1,3,7,78,0,1,10,2,6
147.ps1,String_Reordering,1,3256,1,3255.0,3255,0,0,24,24,22,22,60,60,12,385,8,16,0,0,11,0,0,0,2,0,0,58,0,0,0,0,0,0,0,0,0,0,0,0,0,0,0,0,0,0,0,0,0,0,0,0,0,0,0,0,0,0,0,0,0,0,0,0,0,0,0,0,0,0,0,0,0,0,0,1,0,0,0,0,0,0,0,0,0,0,0,0,0,3,0,0,0,0,0,0,0,0,0,9,1,0,7,59,0,0,10,5,6
1481.ps1,String_Reordering,1,3086,1,3085.0,3085,0,0,23,23,24,24,76,76,10,402,9,10,0,0,7,0,0,0,0,0,0,74,0,0,0,0,0,0,0,0,0,0,0,0,0,0,0,0,0,0,0,0,0,0,0,0,0,0,0,0,0,0,0,0,0,0,0,0,0,0,0,0,0,0,0,0,0,0,0,1,0,0,0,0,0,0,0,0,0,0,0,0,0,1,0,0,0,0,0,0,0,0,0,7,1,3,6,78,0,0,15,1,5
1479.ps1,String_Reordering,1,3085,1,3084.0,3084,0,1,24,24,20,20,76,76,11,403,6,11,0,0,7,0,0,0,0,0,1,78,0,0,0,0,0,0,0,0,0,0,0,0,0,0,0,0,0,0,0,0,0,0,0,0,0,0,0,0,0,0,0,0,0,0,0,0,0,0,0,0,0,0,0,0,0,0,0,1,0,0,0,0,0,0,0,0,0,0,0,0,0,0,0,0,0,0,0,0,0,0,0,5,1,3,7,81,0,1,10,2,6
148.ps1,String_Reordering,1,3015,1,3014.0,3014,0,3,22,22,15,15,76,76,11,402,5,10,0,0,7,0,0,0,0,0,2,79,0,0,0,0,0,0,0,0,0,0,0,0,0,0,0,0,0,0,0,0,0,0,0,0,0,0,0,0,0,0,0,0,21,0,0,0,0,0,0,0,0,0,0,0,0,0,0,1,0,0,0,0,0,0,0,0,0,0,0,0,0,0,0,0,0,0,0,0,0,0,0,3,1,3,5,82,0,2,4,1,4
1485.ps1,String_Reordering,1,2830,1,2829.0,2829,0,2,24,24,26,26,50,50,10,358,11,10,0,0,7,0,0,0,1,0,2,49,0,0,0,0,0,0,0,0,0,0,0,0,0,0,0,0,0,0,0,0,0,0,0,0,0,0,0,0,0,0,0,0,0,0,0,0,0,0,0,0,0,0,0,0,0,0,0,1,0,0,0,0,0,0,0,0,0,0,0,0,0,0,0,0,0,0,0,0,0,0,0,9,1,3,7,52,0,2,15,1,6
1488.ps1,String_Reordering,1,2757,1,2756.0,2756,0,1,23,23,14,14,50,50,12,360,3,12,2,0,7,0,0,0,0,0,0,54,0,0,0,0,0,0,0,0,0,0,0,0,0,0,0,0,0,0,0,0,0,0,0,0,0,0,0,0,0,0,0,0,0,0,0,0,0,0,0,0,0,0,0,0,0,0,0,1,0,0,0,0,0,0,0,0,0,0,0,0,0,0,0,0,0,0,0,0,0,0,0,2,2,3,6,59,0,0,4,2,5
1482.ps1,String_Reordering,1,2876,1,2875.0,2875,0,0,23,23,21,21,51,51,8,361,7,15,2,0,8,0,0,0,1,0,0,52,0,0,0,0,0,0,0,0,0,0,0,0,0,0,0,0,0,0,0,0,0,0,0,0,0,0,0,0,0,0,0,0,0,0,0,0,0,0,0,0,0,0,0,0,0,0,0,1,0,0,0,0,0,0,0,0,0,0,0,0,0,0,0,0,0,0,0,0,0,0,0,9,2,0,9,54,0,0,9,5,8
1483.ps1,String_Reordering,1,2756,1,2755.0,2755,0,2,20,20,17,17,50,50,7,358,7,13,0,0,7,0,0,0,1,0,2,51,0,0,0,0,0,0,0,0,0,0,0,0,0,0,0,0,0,0,0,0,0,0,0,0,0,0,0,0,0,0,0,0,0,0,0,0,0,0,0,0,0,0,0,0,0,0,0,1,0,0,0,0,0,0,0,0,0,0,0,0,0,0,0,0,0,0,0,0,0,0,0,8,1,0,6,51,0,2,6,4,5
1492.ps1,String_Reordering,1,2750,1,2749.0,2749,0,1,22,22,16,16,50,50,10,358,5,11,0,0,7,0,0,0,0,0,0,51,0,0,0,0,0,0,0,0,0,0,0,0,0,0,0,0,0,0,0,0,0,0,0,0,0,0,0,0,0,0,0,0,0,0,0,0,0,0,0,0,0,0,0,0,0,0,0,1,0,0,0,0,0,0,0,0,0,0,0,0,1,0,0,0,0,0,0,0,0,0,0,3,1,3,5,55,0,0,7,1,4
1487.ps1,String_Reordering,1,3332,1,3331.0,3331,0,2,28,28,28,28,60,60,16,387,10,13,0,0,11,0,0,0,3,0,1,59,0,0,0,0,0,0,0,0,0,0,0,0,0,0,0,0,0,0,0,0,0,0,0,0,0,0,0,0,0,0,0,0,0,0,0,0,0,0,0,0,0,0,0,0,0,0,0,1,0,0,0,0,0,0,0,0,0,0,0,0,0,2,0,0,0,0,0,0,0,0,0,8,1,4,7,63,0,1,15,2,6
1500.ps1,String_Reordering,1,3337,1,3336.0,3336,0,2,27,27,30,30,60,60,13,385,14,16,0,0,11,0,0,0,2,0,2,57,0,0,0,0,0,0,0,0,0,0,0,0,0,0,0,0,0,0,0,0,0,0,0,0,0,0,0,0,0,0,0,0,0,0,0,0,0,0,0,0,0,0,0,0,0,0,0,1,0,0,0,1,0,0,0,0,0,0,0,0,0,2,0,0,0,0,0,0,0,0,0,15,1,0,10,57,0,2,16,5,9
1505.ps1,String_Reordering,1,2977,1,2976.0,2976,0,1,25,25,20,20,73,73,11,383,7,11,2,0,7,0,0,0,1,0,0,75,0,0,0,0,0,0,0,0,0,0,0,0,0,0,0,0,0,0,0,0,0,0,0,0,0,0,0,0,0,0,0,0,0,0,0,0,0,0,0,0,0,0,0,0,0,0,0,1,0,0,0,0,0,0,0,0,0,0,0,0,0,0,0,0,0,0,0,0,0,0,0,6,2,3,8,80,0,0,10,2,7
150.ps1,String_Reordering,1,3026,1,3025.0,3025,0,0,21,21,13,13,76,76,8,404,3,14,2,0,7,0,0,0,1,0,0,79,0,0,0,0,0,0,0,0,0,0,0,0,0,0,0,0,0,0,0,0,0,0,0,0,0,0,0,0,0,0,0,0,0,0,0,0,0,0,0,0,0,0,0,0,0,0,0,1,0,0,0,0,0,0,0,0,0,0,0,0,0,0,0,0,0,0,0,0,0,0,0,5,2,0,7,81,0,0,3,5,6
1495.ps1,String_Reordering,1,2913,1,2912.0,2912,0,1,23,23,14,14,73,73,12,383,3,11,2,0,7,0,0,0,0,0,0,77,0,0,0,0,0,0,0,0,0,0,0,0,0,0,0,0,0,0,0,0,0,0,0,0,0,0,0,0,0,0,0,0,0,0,0,0,0,0,0,0,0,0,0,0,0,0,0,1,0,0,0,0,0,0,0,0,0,0,0,0,0,0,0,0,0,0,0,0,0,0,0,2,2,3,6,82,0,0,4,2,5
1511.ps1,String_Reordering,1,3538,1,3537.0,3537,0,2,27,27,30,30,88,88,12,413,14,16,0,0,11,0,0,0,3,0,2,85,0,0,0,0,0,0,0,0,0,0,0,0,0,0,0,0,0,0,0,0,0,0,0,0,0,0,0,0,0,0,0,0,0,0,0,0,0,0,0,0,0,0,0,0,0,0,0,1,0,0,0,0,0,0,0,0,0,0,0,0,0,2,0,0,0,0,0,0,0,0,0,15,1,0,10,85,0,2,16,5,9
1503.ps1,String_Reordering,1,2867,1,2866.0,2866,0,0,21,21,16,16,52,52,9,380,5,14,2,0,7,0,0,0,0,0,0,54,0,0,0,0,0,0,0,0,0,0,0,0,0,0,0,0,0,0,0,0,0,0,0,0,0,0,0,0,0,0,0,0,0,0,0,0,0,0,0,0,0,0,0,0,0,0,0,1,0,0,0,0,0,0,0,0,0,0,0,0,0,0,0,0,0,0,0,0,0,0,0,7,2,0,7,56,0,0,6,5,6
1498.ps1,String_Reordering,1,3447,1,3446.0,3446,0,2,21,21,17,17,86,86,8,478,7,13,0,0,7,0,0,0,0,0,2,87,0,0,0,0,0,0,0,0,0,0,0,0,0,0,0,0,0,0,0,0,0,0,0,0,0,0,0,0,0,0,0,0,0,0,0,0,0,0,0,0,0,0,0,0,0,0,0,1,0,0,0,0,0,0,0,0,0,0,0,0,0,0,0,0,0,0,0,0,0,0,0,8,1,0,7,87,0,2,6,4,6
1516.ps1,String_Reordering,1,591,1,590.0,590,0,1,9,9,7,7,42,42,9,43,3,6,0,3,1,0,0,0,0,0,1,45,0,0,0,0,0,0,0,0,0,0,0,0,0,0,0,0,0,0,0,0,0,0,0,0,0,0,0,0,0,0,0,0,0,0,0,0,0,0,0,0,0,0,0,0,0,0,0,1,0,0,0,0,0,0,0,0,0,0,0,0,0,1,0,0,0,0,0,0,0,0,0,7,1,1,6,46,0,1,5,4,5
1508.ps1,String_Reordering,1,2868,1,2867.0,2867,0,0,24,24,22,22,51,51,8,370,9,14,2,0,7,0,0,0,1,0,0,51,0,0,0,0,0,0,0,0,0,0,0,0,0,0,0,0,0,0,0,0,0,0,0,0,0,0,0,0,0,0,0,0,0,0,0,0,0,0,0,0,0,0,0,0,0,0,0,1,0,0,0,0,0,0,0,0,0,0,0,0,0,0,0,0,0,0,0,0,0,0,0,11,2,0,10,53,0,0,12,5,9
152.ps1,String_Reordering,1,341,1,341.0,341,0,1,5,5,6,6,32,32,2,27,0,4,0,0,1,0,0,0,0,0,1,24,0,0,0,0,0,0,0,0,0,0,0,0,0,0,0,0,0,0,0,0,0,0,0,0,0,0,0,0,0,0,0,0,0,0,0,0,0,0,0,0,0,0,0,0,0,0,0,3,0,0,0,0,0,0,0,0,0,0,0,0,0,0,0,0,0,0,0,0,0,0,0,3,1,0,6,24,0,1,5,3,5
1507.ps1,String_Reordering,1,2878,1,2877.0,2877,0,1,24,24,17,17,52,52,11,380,5,11,2,0,7,0,0,0,1,0,0,55,0,0,0,0,0,0,0,0,0,0,0,0,0,0,0,0,0,0,0,0,0,0,0,0,0,0,0,0,0,0,0,0,0,0,0,0,0,0,0,0,0,0,0,0,0,0,0,1,0,0,0,0,0,0,0,0,0,0,0,0,0,0,0,0,0,0,0,0,0,0,0,4,2,3,7,60,0,0,7,2,6
1529.ps1,String_Reordering,1,3101,1,3100.0,3100,0,2,25,25,23,23,76,76,10,404,9,11,0,0,7,0,0,0,1,0,1,76,0,0,0,0,0,0,0,0,0,0,0,0,0,0,0,0,0,0,0,0,0,0,0,0,0,0,0,0,0,0,0,0,0,0,0,0,0,0,0,0,0,0,0,0,0,0,0,1,0,0,0,0,0,0,0,0,0,0,0,0,0,0,0,0,0,0,0,0,0,0,0,8,1,3,8,79,0,1,13,2,7
1512.ps1,String_Reordering,1,2868,1,2867.0,2867,0,3,22,22,18,18,52,52,10,378,7,10,0,0,7,0,0,0,1,0,2,54,0,0,0,0,0,0,0,0,0,0,0,0,0,0,0,0,0,0,0,0,0,0,0,0,0,0,0,0,0,0,0,0,0,0,0,0,0,0,0,0,0,0,0,0,0,0,0,1,0,0,0,0,0,0,0,0,0,0,0,0,0,0,0,0,0,0,0,0,0,0,0,5,1,3,5,57,0,2,7,1,4
1545.ps1,String_Reordering,1,450,1,449.0,449,1,1,7,7,3,3,43,43,7,38,1,5,0,3,1,0,0,0,0,0,1,37,0,0,0,0,0,0,0,0,0,0,0,0,0,0,0,0,0,0,0,0,0,0,0,0,0,0,0,0,0,0,0,0,0,0,0,0,0,0,0,0,0,0,0,0,0,0,0,2,0,0,0,0,0,0,0,0,0,0,0,0,0,0,0,0,0,0,0,0,0,0,0,3,1,0,5,37,0,1,2,3,4
1520.ps1,String_Reordering,1,3160,1,3159.0,3159,0,2,24,24,20,20,77,77,11,423,7,11,0,0,7,0,0,0,0,0,1,78,0,0,0,0,0,0,0,0,0,0,0,0,0,0,0,0,0,0,0,0,0,0,0,0,0,0,0,0,0,0,0,0,0,0,0,0,0,0,0,0,0,0,0,0,0,0,0,1,0,0,0,0,0,0,0,0,0,0,0,0,0,0,0,0,0,0,0,0,0,0,0,6,1,3,7,81,0,1,10,2,6
1541.ps1,String_Reordering,1,3202,1,3201.0,3201,0,0,23,23,19,19,78,78,9,431,7,14,2,0,7,0,0,0,0,0,0,79,0,0,0,0,0,0,0,0,0,0,0,0,0,0,0,0,0,0,0,0,0,0,0,0,0,0,0,0,0,0,0,0,0,0,0,0,0,0,0,0,0,0,0,0,0,0,0,1,0,0,0,0,0,0,0,0,0,0,0,0,0,0,0,0,0,0,0,0,0,0,0,9,2,0,9,81,0,0,9,5,8
1538.ps1,String_Reordering,1,2889,1,2888.0,2888,0,1,21,21,19,19,52,52,8,380,7,14,0,0,7,0,0,0,0,0,1,52,0,0,0,0,0,0,0,0,0,0,0,0,0,0,0,0,0,0,0,0,0,0,0,0,0,0,0,0,0,0,0,0,0,0,0,0,0,0,0,0,0,0,0,0,0,0,0,1,0,0,0,0,0,0,0,0,0,0,0,0,0,0,0,0,0,0,0,0,0,0,0,9,1,0,7,52,0,1,9,5,6
1535.ps1,String_Reordering,1,3182,1,3181.0,3181,0,1,23,23,19,19,79,79,10,430,7,10,0,0,7,0,0,0,0,0,0,79,0,0,0,0,0,0,0,0,0,0,0,0,0,0,0,0,0,0,0,0,0,0,0,0,0,0,0,0,0,0,0,0,0,0,0,0,0,0,0,0,0,0,0,0,0,0,0,1,0,0,0,0,0,0,0,0,0,0,0,0,0,1,0,0,0,0,0,0,0,0,0,5,1,3,6,83,0,0,10,1,5
1522.ps1,String_Reordering,1,3038,1,3037.0,3037,0,0,23,23,19,19,54,54,8,407,7,14,2,0,7,0,0,0,1,0,0,55,0,0,0,0,0,0,0,0,0,0,0,0,0,0,0,0,0,0,0,0,0,0,0,0,0,0,0,0,0,0,0,0,0,0,0,0,0,0,0,0,0,0,0,0,0,0,0,1,0,0,0,0,0,0,0,0,0,0,0,0,0,0,0,0,0,0,0,0,0,0,0,9,2,0,9,57,0,0,9,5,8
1539.ps1,String_Reordering,1,2763,1,2762.0,2762,0,0,21,21,16,16,50,50,9,360,5,14,2,0,7,0,0,0,0,0,0,52,0,0,0,0,0,0,0,0,0,0,0,0,0,0,0,0,0,0,0,0,0,0,0,0,0,0,0,0,0,0,0,0,0,0,0,0,0,0,0,0,0,0,0,0,0,0,0,1,0,0,0,0,0,0,0,0,0,0,0,0,0,0,0,0,0,0,0,0,0,0,0,7,2,0,7,54,0,0,6,5,6
1542.ps1,String_Reordering,1,2790,1,2789.0,2789,0,1,22,22,20,20,49,49,7,358,8,14,0,0,7,0,0,0,1,0,1,50,0,0,0,0,0,0,0,0,0,0,0,0,0,0,0,0,0,0,0,0,0,0,0,0,0,0,0,0,0,0,0,0,0,0,0,0,0,0,0,0,0,0,0,0,0,0,0,1,0,0,0,0,0,0,0,0,0,0,0,0,0,0,0,0,0,0,0,0,0,0,0,10,1,0,8,50,0,1,10,5,7
155.ps1,String_Reordering,1,2902,1,2901.0,2901,0,1,23,23,20,20,52,52,10,379,6,11,0,0,7,0,0,0,1,0,1,54,0,0,0,0,0,0,0,0,0,0,0,0,0,0,0,0,0,0,0,0,0,0,0,0,0,0,0,0,0,0,0,0,0,0,0,0,0,0,0,0,0,0,0,0,0,0,0,1,0,0,0,0,0,0,0,0,0,0,0,0,0,0,0,0,0,0,0,0,0,0,0,5,1,3,6,57,0,1,10,2,5
1556.ps1,String_Reordering,1,2898,1,2897.0,2897,0,1,20,20,16,16,72,72,7,379,5,14,0,0,7,0,0,0,1,0,1,73,0,0,0,0,0,0,0,0,0,0,0,0,0,0,0,0,0,0,0,0,0,0,0,0,0,0,0,0,0,0,0,0,0,0,0,0,0,0,0,0,0,0,0,0,0,0,0,1,0,0,0,0,0,0,0,0,0,0,0,0,0,0,0,0,0,0,0,0,0,0,0,7,1,0,6,73,0,1,6,5,5
1543.ps1,String_Reordering,1,2893,1,2892.0,2892,0,2,19,19,14,14,73,73,8,381,5,13,0,0,7,0,0,0,0,0,2,75,0,0,0,0,0,0,0,0,0,0,0,0,0,0,0,0,0,0,0,0,0,0,0,0,0,0,0,0,0,0,0,0,0,0,0,0,0,0,0,0,0,0,0,0,0,0,0,1,0,0,0,0,0,0,0,0,0,0,0,0,0,0,0,0,0,0,0,0,0,0,0,6,1,0,5,75,0,2,3,4,4
1546.ps1,String_Reordering,1,2911,1,2910.0,2910,0,0,21,21,18,18,73,73,10,381,5,10,0,0,7,0,0,0,0,0,0,73,0,0,0,0,0,0,0,0,0,0,0,0,0,0,0,0,0,0,0,0,0,0,0,0,0,0,0,0,0,0,0,0,0,0,0,0,0,0,0,0,0,0,0,0,0,0,0,1,0,0,0,0,0,0,0,0,0,0,0,0,0,1,0,0,0,0,0,0,0,0,0,3,1,3,4,77,0,0,9,1,3
1555.ps1,String_Reordering,1,3318,1,3317.0,3317,0,3,27,27,26,26,61,61,16,386,10,12,0,0,11,0,0,0,3,0,2,61,0,0,0,0,0,0,0,0,0,0,0,0,0,0,0,0,0,0,0,0,0,0,0,0,0,0,0,0,0,0,0,0,0,0,0,0,0,0,0,0,0,0,0,0,0,0,0,1,0,0,0,0,0,0,0,0,0,0,0,0,0,2,1,0,0,0,0,0,0,0,0,7,1,4,6,65,0,2,12,1,5
1564.ps1,String_Reordering,1,2819,1,2818.0,2818,0,1,23,23,22,22,50,50,10,360,7,11,0,0,7,0,0,0,1,0,1,50,0,0,0,0,0,0,0,0,0,0,0,0,0,0,0,0,0,0,0,0,0,0,0,0,0,0,0,0,0,0,0,0,0,0,0,0,0,0,0,0,0,0,0,0,0,0,0,1,0,0,0,0,0,0,0,0,0,0,0,0,0,0,0,0,0,0,0,0,0,0,0,6,1,3,6,53,0,1,12,2,5
157.ps1,String_Reordering,1,2873,1,2872.0,2872,0,2,20,20,17,17,52,52,7,378,7,13,0,0,7,0,0,0,1,0,2,53,0,0,0,0,0,0,0,0,0,0,0,0,0,0,0,0,0,0,0,0,0,0,0,0,0,0,0,0,0,0,0,0,0,0,0,0,0,0,0,0,0,0,0,0,0,0,0,1,0,0,0,0,0,0,0,0,0,0,0,0,0,0,0,0,0,0,0,0,0,0,0,8,1,0,6,53,0,2,6,4,5
1559.ps1,String_Reordering,1,3192,1,3191.0,3191,0,0,20,20,18,18,80,80,7,431,7,13,0,0,7,0,0,0,0,0,0,79,0,0,0,0,0,0,0,0,0,0,0,0,0,0,0,0,0,0,0,0,0,0,0,0,0,0,0,0,0,0,0,0,0,0,0,0,0,0,0,0,0,0,0,0,0,0,0,1,0,0,0,0,0,0,0,0,0,0,0,0,0,1,0,0,0,0,0,0,0,0,0,8,1,0,6,80,0,0,9,4,5
1568.ps1,String_Reordering,1,3085,1,3084.0,3084,0,2,25,25,20,20,75,75,11,402,8,11,0,0,7,0,0,0,1,0,1,77,0,0,0,0,0,0,0,0,0,0,0,0,0,0,0,0,0,0,0,0,0,0,0,0,0,0,0,0,0,0,0,0,0,0,0,0,0,0,0,0,0,0,0,0,0,0,0,1,0,0,0,0,0,0,0,0,0,0,0,0,0,0,0,0,0,0,0,0,0,0,0,7,1,4,7,81,0,1,10,2,6
1572.ps1,String_Reordering,1,2861,1,2860.0,2860,0,3,21,21,15,15,52,52,10,378,5,10,0,0,7,0,0,0,1,0,2,55,0,0,0,0,0,0,0,0,0,0,0,0,0,0,0,0,0,0,0,0,0,0,0,0,0,0,0,0,0,0,0,0,0,0,0,0,0,0,0,0,0,0,0,0,0,0,0,1,0,0,0,0,0,0,0,0,0,0,0,0,0,0,0,0,0,0,0,0,0,0,0,3,1,3,4,58,0,2,4,1,3
1571.ps1,String_Reordering,1,2915,1,2914.0,2914,0,1,22,22,16,16,73,73,10,383,3,11,0,0,7,0,0,0,1,0,1,75,0,0,0,0,0,0,0,0,0,0,0,0,0,0,0,0,0,0,0,0,0,0,0,0,0,0,0,0,0,0,0,0,0,0,0,0,0,0,0,0,0,0,0,0,0,0,0,1,0,0,0,0,0,0,0,0,0,0,0,0,0,0,0,0,0,0,0,0,0,0,0,2,1,3,5,78,0,1,6,2,4
1580.ps1,String_Reordering,1,2900,1,2899.0,2899,0,3,24,24,21,21,52,52,10,378,9,10,0,0,7,0,0,0,1,0,2,53,0,0,0,0,0,0,0,0,0,0,0,0,0,0,0,0,0,0,0,0,0,0,0,0,0,0,0,0,0,0,0,0,0,0,0,0,0,0,0,0,0,0,0,0,0,0,0,1,0,0,0,0,0,0,0,0,0,0,0,0,0,0,0,0,0,0,0,0,0,0,0,7,1,3,7,56,0,2,10,1,6
1570.ps1,String_Reordering,1,2815,1,2814.0,2814,0,1,21,21,16,16,51,51,7,370,5,14,0,0,7,0,0,0,1,0,1,52,0,0,0,0,0,0,0,0,0,0,0,0,0,0,0,0,0,0,0,0,0,0,0,0,0,0,0,0,0,0,0,0,0,0,0,0,0,0,0,0,0,0,0,0,0,0,0,1,0,0,0,0,0,0,0,0,0,0,0,0,0,0,0,0,0,0,0,0,0,0,0,7,1,0,7,52,0,1,6,5,6
1577.ps1,String_Reordering,1,2913,1,2912.0,2912,0,0,20,20,18,18,73,73,7,381,7,13,0,0,7,0,0,0,0,0,0,72,0,0,0,0,0,0,0,0,0,0,0,0,0,0,0,0,0,0,0,0,0,0,0,0,0,0,0,0,0,0,0,0,0,0,0,0,0,0,0,0,0,0,0,0,0,0,0,1,0,0,0,0,0,0,0,0,0,0,0,0,0,1,0,0,0,0,0,0,0,0,0,8,1,0,6,73,0,0,9,4,5
1581.ps1,String_Reordering,1,2949,1,2948.0,2948,0,2,20,20,14,14,74,74,7,391,5,13,0,0,7,0,0,0,1,0,2,76,0,0,0,0,0,0,0,0,0,0,0,0,0,0,0,0,0,0,0,0,0,0,0,0,0,0,0,0,0,0,0,0,0,0,0,0,0,0,0,0,0,0,0,0,0,0,0,1,0,0,0,0,0,0,0,0,0,0,0,0,0,0,0,0,0,0,0,0,0,0,0,6,1,0,6,76,0,2,3,4,5
1578.ps1,String_Reordering,1,3085,1,3084.0,3084,0,3,24,24,24,24,76,76,10,402,11,10,0,0,7,0,0,0,1,0,2,76,0,0,0,0,0,0,0,0,0,0,0,0,0,0,0,0,0,0,0,0,0,0,0,0,0,0,0,0,0,0,0,0,0,0,0,0,0,0,0,0,0,0,0,0,0,0,0,1,0,0,0,0,0,0,0,0,0,0,0,0,0,0,0,0,0,0,0,0,0,0,0,9,1,3,7,79,0,2,13,1,6
1575.ps1,String_Reordering,1,3072,1,3071.0,3071,0,1,22,22,20,20,76,76,8,403,8,14,0,0,7,0,0,0,0,0,1,77,0,0,0,0,0,0,0,0,0,0,0,0,0,0,0,0,0,0,0,0,0,0,0,0,0,0,0,0,0,0,0,0,0,0,0,0,0,0,0,0,0,0,0,0,0,0,0,1,0,0,0,0,0,0,0,0,0,0,0,0,0,0,0,0,0,0,0,0,0,0,0,10,1,0,8,77,0,1,10,5,7
1584.ps1,String_Reordering,1,664,1,663.0,663,0,0,8,8,5,5,63,63,13,58,0,5,2,3,1,0,0,0,0,0,0,57,0,0,0,0,0,0,0,0,0,0,0,0,0,0,0,0,0,0,0,0,0,0,0,0,0,0,0,0,0,0,0,0,0,0,0,0,0,0,0,0,0,0,0,0,0,0,0,2,0,0,0,0,0,0,0,0,0,0,0,0,0,0,0,0,0,0,0,0,0,0,0,3,2,0,6,59,0,0,3,3,5
1593.ps1,String_Reordering,1,2780,1,2779.0,2779,0,2,21,21,20,20,50,50,8,358,9,13,0,0,7,0,0,0,0,0,2,50,0,0,0,0,0,0,0,0,0,0,0,0,0,0,0,0,0,0,0,0,0,0,0,0,0,0,0,0,0,0,0,0,0,0,0,0,0,0,0,0,0,0,0,0,0,0,0,1,0,0,0,0,0,0,0,0,0,0,0,0,0,0,0,0,0,0,0,0,0,0,0,10,1,0,7,50,0,2,9,4,6
1594.ps1,String_Reordering,1,2989,1,2988.0,2988,0,2,24,24,26,26,73,73,11,381,11,10,0,0,7,0,0,0,0,0,2,72,0,0,0,0,0,0,0,0,0,0,0,0,0,0,0,0,0,0,0,0,0,0,0,0,0,0,0,0,0,0,0,0,0,0,0,0,0,0,0,0,0,0,0,0,0,0,0,1,0,0,0,0,0,0,0,0,0,0,0,0,0,0,0,0,0,0,0,0,0,0,0,9,1,3,7,75,0,2,15,1,6
1600.ps1,String_Reordering,1,2791,1,2790.0,2790,0,2,21,21,20,20,50,50,7,358,9,13,0,0,7,0,0,0,1,0,2,50,0,0,0,0,0,0,0,0,0,0,0,0,0,0,0,0,0,0,0,0,0,0,0,0,0,0,0,0,0,0,0,0,0,0,0,0,0,0,0,0,0,0,0,0,0,0,0,1,0,0,0,0,0,0,0,0,0,0,0,0,0,0,0,0,0,0,0,0,0,0,0,10,1,0,7,50,0,2,9,4,6
1587.ps1,String_Reordering,1,3018,1,3017.0,3017,0,0,19,19,15,15,76,76,7,402,5,13,0,0,7,0,0,0,0,0,0,76,0,0,0,0,0,0,0,0,0,0,0,0,0,0,0,0,0,0,0,0,0,0,0,0,0,0,0,0,0,0,0,0,23,0,0,0,0,0,0,0,0,0,0,0,0,0,0,1,0,0,0,0,0,0,0,0,0,0,0,0,0,1,0,0,0,0,0,0,0,0,0,6,1,0,5,77,0,0,6,4,4
1597.ps1,String_Reordering,1,558,1,557.0,557,1,0,6,6,1,1,38,38,8,38,0,11,0,9,0,0,0,0,0,0,0,40,0,0,0,0,0,0,0,0,0,0,0,0,0,0,0,0,0,0,0,0,0,0,0,0,0,0,0,0,0,0,0,0,0,0,0,0,0,0,0,0,0,0,0,1,0,0,0,2,0,0,0,0,0,0,0,0,0,0,0,0,1,1,0,0,0,0,0,0,0,0,0,2,1,0,5,41,0,0,1,2,4
1601.ps1,String_Reordering,1,3061,1,3060.0,3060,0,1,22,22,17,17,76,76,8,403,6,14,0,0,7,0,0,0,0,0,1,78,0,0,0,0,0,0,0,0,0,0,0,0,0,0,0,0,0,0,0,0,0,0,0,0,0,0,0,0,0,0,0,0,0,0,0,0,0,0,0,0,0,0,0,0,0,0,0,1,0,0,0,0,0,0,0,0,0,0,0,0,0,0,0,0,0,0,0,0,0,0,0,8,1,0,8,78,0,1,7,5,7
1617.ps1,String_Reordering,1,2824,1,2823.0,2823,0,2,23,23,23,23,50,50,8,358,11,13,0,0,7,0,0,0,0,0,2,49,0,0,0,0,0,0,0,0,0,0,0,0,0,0,0,0,0,0,0,0,0,0,0,0,0,0,0,0,0,0,0,0,0,0,0,0,0,0,0,0,0,0,0,0,0,0,0,1,0,0,0,0,0,0,0,0,0,0,0,0,0,0,0,0,0,0,0,0,0,0,0,12,1,0,9,49,0,2,12,4,8
161.ps1,String_Reordering,1,2946,1,2945.0,2945,0,2,20,20,14,14,74,74,8,391,5,13,0,0,7,0,0,0,0,0,2,76,0,0,0,0,0,0,0,0,0,0,0,0,0,0,0,0,0,0,0,0,0,0,0,0,0,0,0,0,0,0,0,0,0,0,0,0,0,0,0,0,0,0,0,0,0,0,0,1,0,0,0,0,0,0,0,0,0,0,0,0,0,0,0,0,0,0,0,0,0,0,0,6,1,0,6,76,0,2,3,4,5
1623.ps1,String_Reordering,1,2753,1,2752.0,2752,0,3,23,23,18,18,50,50,11,355,7,10,0,0,7,0,0,0,0,0,2,52,0,0,0,0,0,0,0,0,0,0,0,0,0,0,0,0,0,0,0,0,0,0,0,0,0,0,0,0,0,0,0,0,0,0,0,0,0,0,0,0,0,0,0,0,0,0,0,1,0,0,0,0,0,0,0,0,0,0,0,0,0,0,0,0,0,0,0,0,0,0,0,5,1,3,6,55,0,2,7,1,5
1603.ps1,String_Reordering,1,2933,1,2932.0,2932,0,0,25,25,22,22,52,52,12,380,7,11,2,0,7,0,0,0,0,0,0,53,0,0,0,0,0,0,0,0,0,0,0,0,0,0,0,0,0,0,0,0,0,0,0,0,0,0,0,0,0,0,0,0,0,0,0,0,0,0,0,0,0,0,0,0,0,0,0,1,0,0,0,0,0,0,0,0,0,0,0,0,0,0,0,0,0,0,0,0,0,0,0,6,2,3,8,58,0,0,12,2,7
1624.ps1,String_Reordering,1,2783,1,2782.0,2782,0,2,23,23,17,17,50,50,12,359,6,11,0,0,7,0,0,0,0,0,1,53,0,0,0,0,0,0,0,0,0,0,0,0,0,0,0,0,0,0,0,0,0,0,0,0,0,0,0,0,0,0,0,0,0,0,0,0,0,0,0,0,0,0,0,0,0,0,0,1,0,0,0,0,0,0,0,0,0,0,0,0,0,0,0,0,0,0,0,0,0,0,0,5,1,4,5,57,0,1,7,2,4
1611.ps1,String_Reordering,1,539,1,538.0,538,0,3,12,12,9,9,29,29,13,33,4,3,0,4,0,0,0,0,0,0,2,36,0,0,0,0,0,0,0,0,0,0,0,0,0,0,0,0,0,0,0,0,0,0,0,0,0,0,0,0,0,0,0,0,0,0,0,0,0,0,0,0,0,0,0,0,0,0,0,1,0,0,0,0,0,0,0,0,0,0,0,0,0,0,0,0,0,0,0,0,0,0,0,5,1,4,6,40,0,2,7,1,5
1621.ps1,String_Reordering,1,3115,1,3114.0,3114,0,1,26,26,25,25,76,76,11,403,10,11,0,0,7,0,0,0,1,0,1,76,0,0,0,0,0,0,0,0,0,0,0,0,0,0,0,0,0,0,0,0,0,0,0,0,0,0,0,0,0,0,0,0,0,0,0,0,0,0,0,0,0,0,0,0,0,0,0,1,0,0,0,0,0,0,0,0,0,0,0,0,0,0,0,0,0,0,0,0,0,0,0,9,1,4,8,80,0,1,15,2,7
1632.ps1,String_Reordering,1,3052,1,3051.0,3051,0,1,23,23,17,17,76,76,12,404,5,12,2,0,7,0,0,0,0,0,0,79,0,0,0,0,0,0,0,0,0,0,0,0,0,0,0,0,0,0,0,0,0,0,0,0,0,0,0,0,0,0,0,0,0,0,0,0,0,0,0,0,0,0,0,0,0,0,0,1,0,0,0,0,0,0,0,0,0,0,0,0,0,0,0,0,0,0,0,0,0,0,0,4,2,3,6,84,0,0,7,2,5
1638.ps1,String_Reordering,1,2855,1,2854.0,2854,0,1,25,25,20,20,51,51,11,370,7,11,2,0,7,0,0,0,1,0,0,53,0,0,0,0,0,0,0,0,0,0,0,0,0,0,0,0,0,0,0,0,0,0,0,0,0,0,0,0,0,0,0,0,0,0,0,0,0,0,0,0,0,0,0,0,0,0,0,1,0,0,0,0,0,0,0,0,0,0,0,0,0,0,0,0,0,0,0,0,0,0,0,6,2,3,8,58,0,0,10,2,7
1626.ps1,String_Reordering,1,3175,1,3174.0,3174,0,2,21,21,17,17,79,79,8,430,7,13,0,0,7,0,0,0,0,0,2,80,0,0,0,0,0,0,0,0,0,0,0,0,0,0,0,0,0,0,0,0,0,0,0,0,0,0,0,0,0,0,0,0,0,0,0,0,0,0,0,0,0,0,0,0,0,0,0,1,0,0,0,0,0,0,0,0,0,0,0,0,0,0,0,0,0,0,0,0,0,0,0,8,1,0,7,80,0,2,6,4,6
1612.ps1,String_Reordering,1,3043,1,3042.0,3042,0,2,21,21,17,17,76,76,7,402,7,13,0,0,7,0,0,0,1,0,2,77,0,0,0,0,0,0,0,0,0,0,0,0,0,0,0,0,0,0,0,0,0,0,0,0,0,0,0,0,0,0,0,0,0,0,0,0,0,0,0,0,0,0,0,0,0,0,0,1,0,0,0,0,0,0,0,0,0,0,0,0,0,0,0,0,0,0,0,0,0,0,0,8,1,0,7,77,0,2,6,4,6
1620.ps1,String_Reordering,1,3053,1,3052.0,3052,0,2,21,21,20,20,76,76,8,402,9,13,0,0,7,0,0,0,0,0,2,76,0,0,0,0,0,0,0,0,0,0,0,0,0,0,0,0,0,0,0,0,0,0,0,0,0,0,0,0,0,0,0,0,0,0,0,0,0,0,0,0,0,0,0,0,0,0,0,1,0,0,0,0,0,0,0,0,0,0,0,0,0,0,0,0,0,0,0,0,0,0,0,10,1,0,7,76,0,2,9,4,6
163.ps1,String_Reordering,1,3502,1,3501.0,3501,0,0,22,22,16,16,87,87,8,490,5,14,2,0,7,0,0,0,1,0,0,89,0,0,0,0,0,0,0,0,0,0,0,0,0,0,0,0,0,0,0,0,0,0,0,0,0,0,0,0,0,0,0,0,0,0,0,0,0,0,0,0,0,0,0,0,0,0,0,1,0,0,0,0,0,0,0,0,0,0,0,0,0,0,0,0,0,0,0,0,0,0,0,7,2,0,8,91,0,0,6,5,7
1618.ps1,String_Reordering,1,3085,1,3084.0,3084,0,1,22,22,20,20,76,76,7,403,8,14,0,0,7,0,0,0,1,0,1,77,0,0,0,0,0,0,0,0,0,0,0,0,0,0,0,0,0,0,0,0,0,0,0,0,0,0,0,0,0,0,0,0,0,0,0,0,0,0,0,0,0,0,0,0,0,0,0,1,0,0,0,0,0,0,0,0,0,0,0,0,0,0,0,0,0,0,0,0,0,0,0,10,1,0,8,77,0,1,10,5,7
1642.ps1,String_Reordering,1,2893,1,2892.0,2892,0,2,19,19,14,14,73,73,8,381,5,13,0,0,7,0,0,0,0,0,2,75,0,0,0,0,0,0,0,0,0,0,0,0,0,0,0,0,0,0,0,0,0,0,0,0,0,0,0,0,0,0,0,0,0,0,0,0,0,0,0,0,0,0,0,0,0,0,0,1,0,0,0,0,0,0,0,0,0,0,0,0,0,0,0,0,0,0,0,0,0,0,0,6,1,0,5,75,0,2,3,4,4
1640.ps1,String_Reordering,1,2897,1,2896.0,2896,0,2,22,22,20,20,52,52,11,378,7,10,0,0,7,0,0,0,0,0,2,53,0,0,0,0,0,0,0,0,0,0,0,0,0,0,0,0,0,0,0,0,0,0,0,0,0,0,0,0,0,0,0,0,0,0,0,0,0,0,0,0,0,0,0,0,0,0,0,1,0,0,0,0,0,0,0,0,0,0,0,0,0,0,0,0,0,0,0,0,0,0,0,5,1,3,5,56,0,2,9,1,4
1639.ps1,String_Reordering,1,3005,1,3004.0,3004,0,3,22,22,18,18,54,54,11,405,7,10,0,0,7,0,0,0,0,0,2,56,0,0,0,0,0,0,0,0,0,0,0,0,0,0,0,0,0,0,0,0,0,0,0,0,0,0,0,0,0,0,0,0,0,0,0,0,0,0,0,0,0,0,0,0,0,0,0,1,0,0,0,0,0,0,0,0,0,0,0,0,0,0,0,0,0,0,0,0,0,0,0,5,1,3,5,59,0,2,7,1,4
1654.ps1,String_Reordering,1,2760,1,2759.0,2759,0,0,22,22,18,18,50,50,10,358,5,10,0,0,7,0,0,0,0,0,0,50,0,0,0,0,0,0,0,0,0,0,0,0,0,0,0,0,0,0,0,0,0,0,0,0,0,0,0,0,0,0,0,0,0,0,0,0,0,0,0,0,0,0,0,0,0,0,0,1,0,0,0,0,0,0,0,0,0,0,0,0,0,1,0,0,0,0,0,0,0,0,0,3,1,3,5,54,0,0,9,1,4
1650.ps1,String_Reordering,1,3153,1,3152.0,3152,0,2,24,24,24,24,58,58,13,365,10,16,0,0,11,0,0,0,2,0,2,57,0,0,0,0,0,0,0,0,0,0,0,0,0,0,0,0,0,0,0,0,0,0,0,0,0,0,0,0,0,0,0,0,0,0,0,0,0,0,0,0,0,0,0,0,0,0,0,1,0,0,0,0,0,0,0,0,0,0,0,0,0,2,0,0,0,0,0,0,0,0,0,11,1,0,7,57,0,2,10,5,6
165.ps1,String_Reordering,1,2757,1,2756.0,2756,0,2,22,22,15,15,50,50,11,359,4,11,0,0,7,0,0,0,0,0,1,54,0,0,0,0,0,0,0,0,0,0,0,0,0,0,0,0,0,0,0,0,0,0,0,0,0,0,0,0,0,0,0,0,0,0,0,0,0,0,0,0,0,0,0,0,0,0,0,1,0,0,0,0,0,0,0,0,0,0,0,0,0,0,0,0,0,0,0,0,0,0,0,3,1,3,5,57,0,1,5,2,4
1655.ps1,String_Reordering,1,3005,1,3004.0,3004,0,2,20,20,19,19,75,75,8,383,7,13,0,0,8,0,0,0,0,0,2,76,0,0,0,0,0,0,0,0,0,0,0,0,0,0,0,0,0,0,0,0,0,0,0,0,0,0,0,0,0,0,0,0,0,0,0,0,0,0,0,0,0,0,0,0,0,0,0,1,0,0,0,0,0,0,0,0,0,0,0,0,0,0,0,0,0,0,0,0,0,0,0,8,1,0,6,76,0,2,6,4,5
1662.ps1,String_Reordering,1,497,1,496.0,496,0,1,8,8,5,5,36,36,10,40,1,4,0,3,1,0,0,0,1,0,1,40,0,0,0,0,0,0,0,0,0,0,0,0,0,0,0,0,0,0,0,0,0,0,0,0,0,0,0,0,0,0,0,0,0,0,0,0,0,0,0,0,0,0,0,0,0,0,0,1,0,0,0,0,0,0,0,0,0,0,0,0,0,0,0,0,0,0,0,0,0,0,0,2,1,2,4,42,0,1,4,2,3
1657.ps1,String_Reordering,1,3330,1,3329.0,3329,0,0,25,25,22,22,59,59,11,457,7,11,2,0,7,0,0,0,1,0,0,60,0,0,0,0,0,0,0,0,0,0,0,0,0,0,0,0,0,0,0,0,0,0,0,0,0,0,0,0,0,0,0,0,0,0,0,0,0,0,0,0,0,0,0,0,0,0,0,1,0,0,0,0,0,0,0,0,0,0,0,0,0,0,0,0,0,0,0,0,0,0,0,6,2,3,8,65,0,0,12,2,7
1659.ps1,String_Reordering,1,3312,1,3311.0,3311,0,3,29,29,27,27,60,60,16,385,12,12,0,0,11,0,0,0,3,0,2,60,0,0,0,0,0,0,0,0,0,0,0,0,0,0,0,0,0,0,0,0,0,0,0,0,0,0,0,0,0,0,0,0,0,0,0,0,0,0,0,0,0,0,0,0,0,0,0,1,0,0,0,1,0,0,0,0,0,0,0,0,0,2,0,0,0,0,0,0,0,0,0,9,1,4,8,64,0,2,13,1,7
1664.ps1,String_Reordering,1,3041,1,3040.0,3040,0,1,22,22,14,14,76,76,11,404,3,12,2,0,7,0,0,0,1,0,0,80,0,0,0,0,0,0,0,0,0,0,0,0,0,0,0,0,0,0,0,0,0,0,0,0,0,0,0,0,0,0,0,0,0,0,0,0,0,0,0,0,0,0,0,0,0,0,0,1,0,0,0,0,0,0,0,0,0,0,0,0,0,0,0,0,0,0,0,0,0,0,0,2,2,3,5,85,0,0,4,2,4
1679.ps1,String_Reordering,1,2899,1,2898.0,2898,0,2,21,21,20,20,52,52,7,378,9,13,0,0,7,0,0,0,1,0,2,52,0,0,0,0,0,0,0,0,0,0,0,0,0,0,0,0,0,0,0,0,0,0,0,0,0,0,0,0,0,0,0,0,0,0,0,0,0,0,0,0,0,0,0,0,0,0,0,1,0,0,0,0,0,0,0,0,0,0,0,0,0,0,0,0,0,0,0,0,0,0,0,10,1,0,7,52,0,2,9,4,6
168.ps1,String_Reordering,1,1415,1,1414.0,1414,0,3,16,16,25,25,91,91,28,93,10,5,1,5,8,0,2,1,0,0,2,92,0,0,0,0,0,0,0,0,0,0,0,0,0,0,0,0,0,0,0,0,0,0,0,0,0,0,0,0,0,0,0,0,0,0,0,0,0,0,0,0,0,0,0,0,0,0,0,1,0,0,0,0,0,0,0,0,0,0,0,0,0,1,0,0,0,0,0,0,0,0,0,9,1,4,7,96,0,2,15,1,6
1660.ps1,String_Reordering,1,3047,1,3046.0,3046,0,3,16,16,14,14,75,75,24,77,32,9,0,21,12,0,0,0,0,0,2,78,0,0,0,0,0,0,0,0,0,0,0,0,0,0,0,0,0,0,0,0,0,0,0,0,0,0,0,0,0,0,0,0,0,0,0,0,0,0,0,0,0,0,0,0,0,0,0,1,0,0,0,0,0,0,0,0,0,0,0,0,0,1,0,0,0,0,0,0,0,3,0,7,1,3,6,81,0,2,8,1,5
1663.ps1,String_Reordering,1,2952,1,2951.0,2951,0,1,22,22,16,16,73,73,9,382,6,14,0,0,7,0,0,0,0,0,1,75,0,0,0,0,0,0,0,0,0,0,0,0,0,0,0,0,0,0,0,0,0,0,0,0,0,0,0,0,0,0,0,0,0,0,0,0,0,0,0,0,0,0,0,0,0,0,0,1,0,0,0,0,0,0,0,0,0,0,0,0,0,0,0,0,0,0,0,0,0,0,0,8,1,1,7,76,0,1,6,5,6
1677.ps1,String_Reordering,1,2751,1,2750.0,2750,0,1,22,22,16,16,50,50,10,358,5,11,0,0,7,0,0,0,0,0,0,51,0,0,0,0,0,0,0,0,0,0,0,0,0,0,0,0,0,0,0,0,0,0,0,0,0,0,0,0,0,0,0,0,0,0,0,0,0,0,0,0,0,0,0,0,0,0,0,1,0,0,0,0,0,0,0,0,0,0,0,0,1,0,0,0,0,0,0,0,0,0,0,3,1,3,5,55,0,0,7,1,4
1683.ps1,String_Reordering,1,2749,1,2748.0,2748,0,1,22,22,20,20,49,49,8,349,8,14,0,0,7,0,0,0,0,0,1,50,0,0,0,0,0,0,0,0,0,0,0,0,0,0,0,0,0,0,0,0,0,0,0,0,0,0,0,0,0,0,0,0,0,0,0,0,0,0,0,0,0,0,0,0,0,0,0,1,0,0,0,0,0,0,0,0,0,0,0,0,0,0,0,0,0,0,0,0,0,0,0,10,1,0,8,50,0,1,10,5,7
166.ps1,String_Reordering,1,2855,1,2854.0,2854,0,2,24,24,23,23,51,51,10,368,9,10,0,0,7,0,0,0,1,0,2,51,0,0,0,0,0,0,0,0,0,0,0,0,0,0,0,0,0,0,0,0,0,0,0,0,0,0,0,0,0,0,0,0,0,0,0,0,0,0,0,0,0,0,0,0,0,0,0,1,0,0,0,0,0,0,0,0,0,0,0,0,0,0,0,0,0,0,0,0,0,0,0,7,1,3,7,54,0,2,12,1,6
1685.ps1,String_Reordering,1,3037,1,3036.0,3036,0,0,22,22,18,18,76,76,10,402,5,11,0,0,7,0,0,0,0,0,0,76,0,0,0,0,0,0,0,0,0,0,0,0,0,0,0,0,0,0,0,0,0,0,0,0,0,0,0,0,0,0,0,0,0,0,0,0,0,0,0,0,0,0,0,0,0,0,0,1,0,0,0,0,0,0,0,0,0,0,0,0,1,0,0,0,0,0,0,0,0,0,0,3,1,3,5,80,0,0,9,1,4
1680.ps1,String_Reordering,1,2903,1,2902.0,2902,0,0,20,20,18,18,72,72,7,377,7,14,0,0,7,0,0,0,0,0,0,71,0,0,0,0,0,0,0,0,0,0,0,0,0,0,0,0,0,0,0,0,0,0,0,0,0,0,0,0,0,0,0,0,0,0,0,0,0,0,0,0,0,0,0,0,0,0,0,1,0,0,0,0,0,0,0,0,0,0,0,0,1,0,0,0,0,0,0,0,0,0,0,8,1,0,6,72,0,0,9,4,5
1693.ps1,String_Reordering,1,616,1,615.0,615,0,3,12,12,14,14,37,37,13,41,6,3,0,3,0,0,0,0,0,0,2,42,0,0,0,0,0,0,0,0,0,0,0,0,0,0,0,0,0,0,0,0,0,0,0,0,0,0,0,0,0,0,0,0,0,0,0,0,0,0,0,0,0,0,0,0,0,0,0,1,0,0,0,0,0,0,0,0,0,0,0,0,0,0,0,0,0,0,1,0,0,0,0,7,1,4,6,46,0,2,12,1,5
1686.ps1,String_Reordering,1,3047,1,3046.0,3046,0,2,20,20,17,17,76,76,7,402,7,13,0,0,7,0,0,0,1,0,2,77,0,0,0,0,0,0,0,0,0,0,0,0,0,0,0,0,0,0,0,0,0,0,0,0,0,0,0,0,0,0,0,0,0,0,0,0,0,0,0,0,0,0,0,0,0,0,0,1,0,0,0,0,0,0,0,0,0,0,0,0,0,0,0,0,0,0,0,0,0,0,0,8,1,0,6,77,0,2,6,4,5
1700.ps1,String_Reordering,1,2899,1,2898.0,2898,0,0,20,20,13,13,72,72,9,382,3,14,2,0,7,0,0,0,0,0,0,75,0,0,0,0,0,0,0,0,0,0,0,0,0,0,0,0,0,0,0,0,0,0,0,0,0,0,0,0,0,0,0,0,0,0,0,0,0,0,0,0,0,0,0,0,0,0,0,1,0,0,0,0,0,0,0,0,0,0,0,0,0,0,0,0,0,0,0,0,0,0,0,5,2,0,6,77,0,0,3,5,5
17.ps1,String_Reordering,1,2927,1,2926.0,2926,0,0,21,21,18,18,73,73,7,381,7,14,0,0,7,0,0,0,0,0,0,72,0,0,0,0,0,0,0,0,0,0,0,0,0,0,0,0,0,0,0,0,0,0,0,0,0,0,0,0,0,0,0,0,0,0,0,0,0,0,0,0,0,0,0,0,0,0,0,1,0,0,0,0,0,0,0,0,0,0,0,0,1,0,0,0,0,0,0,0,0,0,0,8,1,0,7,73,0,0,9,4,6
169.ps1,String_Reordering,1,1900,1,1899.0,1899,0,2,14,14,7,7,52,52,9,49,25,6,0,14,2,0,0,0,0,0,2,48,0,0,0,0,0,0,0,0,0,0,0,0,0,0,0,0,0,0,0,0,0,0,0,0,0,0,0,0,0,0,0,0,1,0,0,0,0,0,0,0,0,0,0,0,0,0,0,2,0,0,0,0,0,0,0,0,0,0,0,0,1,0,0,0,0,0,0,0,0,3,0,4,1,0,6,48,0,2,2,2,5
1706.ps1,String_Reordering,1,2809,1,2808.0,2808,0,1,20,20,16,16,51,51,8,370,5,14,0,0,7,0,0,0,0,0,1,52,0,0,0,0,0,0,0,0,0,0,0,0,0,0,0,0,0,0,0,0,0,0,0,0,0,0,0,0,0,0,0,0,0,0,0,0,0,0,0,0,0,0,0,0,0,0,0,1,0,0,0,0,0,0,0,0,0,0,0,0,0,0,0,0,0,0,0,0,0,0,0,7,1,0,6,52,0,1,6,5,5
1702.ps1,String_Reordering,1,1423,1,1422.0,1422,1,2,14,14,18,18,102,102,28,105,4,5,0,5,8,0,2,0,0,0,2,107,0,0,0,0,0,0,0,0,0,0,0,0,0,0,0,0,0,0,0,0,0,0,0,0,0,0,0,0,0,0,0,0,0,0,0,0,0,0,0,0,0,0,0,0,0,0,0,1,0,0,0,0,0,0,0,0,0,0,0,0,0,1,0,0,0,0,0,0,0,0,0,3,1,4,5,111,0,2,8,1,4
170.ps1,String_Reordering,1,2932,1,2931.0,2931,0,1,21,21,16,16,73,73,7,383,5,14,0,0,7,0,0,0,1,0,1,74,0,0,0,0,0,0,0,0,0,0,0,0,0,0,0,0,0,0,0,0,0,0,0,0,0,0,0,0,0,0,0,0,0,0,0,0,0,0,0,0,0,0,0,0,0,0,0,1,0,0,0,0,0,0,0,0,0,0,0,0,0,0,0,0,0,0,0,0,0,0,0,7,1,0,7,74,0,1,6,5,6
1718.ps1,String_Reordering,1,2946,1,2945.0,2945,0,1,20,20,13,13,74,74,7,393,3,14,0,0,7,0,0,0,1,0,1,76,0,0,0,0,0,0,0,0,0,0,0,0,0,0,0,0,0,0,0,0,0,0,0,0,0,0,0,0,0,0,0,0,0,0,0,0,0,0,0,0,0,0,0,0,0,0,0,1,0,0,0,0,0,0,0,0,0,0,0,0,0,0,0,0,0,0,0,0,0,0,0,5,1,0,6,76,0,1,3,5,5
1720.ps1,String_Reordering,1,3060,1,3059.0,3059,0,2,22,22,20,20,76,76,11,402,7,10,0,0,7,0,0,0,0,0,2,77,0,0,0,0,0,0,0,0,0,0,0,0,0,0,0,0,0,0,0,0,0,0,0,0,0,0,0,0,0,0,0,0,0,0,0,0,0,0,0,0,0,0,0,0,0,0,0,1,0,0,0,0,0,0,0,0,0,0,0,0,0,0,0,0,0,0,0,0,0,0,0,5,1,3,5,80,0,2,9,1,4
1694.ps1,String_Reordering,1,2761,1,2760.0,2760,0,0,21,21,18,18,50,50,7,358,7,13,0,0,7,0,0,0,0,0,0,49,0,0,0,0,0,0,0,0,0,0,0,0,0,0,0,0,0,0,0,0,0,0,0,0,0,0,0,0,0,0,0,0,0,0,0,0,0,0,0,0,0,0,0,0,0,0,0,1,0,0,0,0,0,0,0,0,0,0,0,0,0,1,0,0,0,0,0,0,0,0,0,8,1,0,7,50,0,0,9,4,6
1698.ps1,String_Reordering,1,2920,1,2919.0,2919,0,1,22,22,14,14,73,73,11,383,3,11,2,0,7,0,0,0,1,0,0,77,0,0,0,0,0,0,0,0,0,0,0,0,0,0,0,0,0,0,0,0,0,0,0,0,0,0,0,0,0,0,0,0,0,0,0,0,0,0,0,0,0,0,0,0,0,0,0,1,0,0,0,0,0,0,0,0,0,0,0,0,0,0,0,0,0,0,0,0,0,0,0,2,2,3,5,82,0,0,4,2,4
1724.ps1,String_Reordering,1,474,1,473.0,473,0,2,7,7,6,6,36,36,9,37,4,4,0,4,0,0,0,0,0,0,2,38,0,0,0,0,0,0,0,0,0,0,0,0,0,0,0,0,0,0,0,0,0,0,0,0,0,0,0,0,0,0,0,0,0,0,0,0,0,0,0,0,0,0,0,0,0,0,0,1,0,0,0,0,0,0,0,0,0,0,0,0,0,0,0,0,0,0,0,0,0,0,0,6,1,0,6,38,0,2,4,2,5
1736.ps1,String_Reordering,1,2980,1,2979.0,2979,0,0,18,18,12,12,76,76,7,402,3,13,0,0,7,0,0,0,0,0,0,77,0,0,0,0,0,0,0,0,0,0,0,0,0,0,0,0,0,0,0,0,0,0,0,0,0,0,0,0,0,0,0,0,0,0,0,0,0,0,0,0,0,0,0,0,0,0,0,1,0,0,0,0,0,0,0,0,0,0,0,0,0,1,0,0,0,0,0,0,0,0,0,4,1,0,4,78,0,0,3,4,3
1713.ps1,String_Reordering,1,2924,1,2923.0,2923,0,1,21,21,16,16,73,73,8,383,5,14,0,0,7,0,0,0,0,0,1,74,0,0,0,0,0,0,0,0,0,0,0,0,0,0,0,0,0,0,0,0,0,0,0,0,0,0,0,0,0,0,0,0,0,0,0,0,0,0,0,0,0,0,0,0,0,0,0,1,0,0,0,0,0,0,0,0,0,0,0,0,0,0,0,0,0,0,0,0,0,0,0,7,1,0,7,74,0,1,6,5,6
173.ps1,String_Reordering,1,3131,1,3130.0,3130,0,1,23,23,19,19,56,56,8,423,8,14,0,0,7,0,0,0,1,0,1,57,0,0,0,0,0,0,0,0,0,0,0,0,0,0,0,0,0,0,0,0,0,0,0,0,0,0,0,0,0,0,0,0,0,0,0,0,0,0,0,0,0,0,0,0,0,0,0,1,0,0,0,0,0,0,0,0,0,0,0,0,0,0,0,0,0,0,0,0,0,0,0,10,1,1,8,58,0,1,9,5,7
1725.ps1,String_Reordering,1,2783,1,2782.0,2782,0,2,24,24,17,17,50,50,11,359,6,11,0,0,7,0,0,0,1,0,1,53,0,0,0,0,0,0,0,0,0,0,0,0,0,0,0,0,0,0,0,0,0,0,0,0,0,0,0,0,0,0,0,0,0,0,0,0,0,0,0,0,0,0,0,0,0,0,0,1,0,0,0,0,0,0,0,0,0,0,0,0,0,0,0,0,0,0,0,0,0,0,0,5,1,4,6,57,0,1,7,2,5
172.ps1,String_Reordering,1,3348,1,3347.0,3347,0,2,27,27,26,26,84,84,17,391,10,12,0,0,11,0,0,0,2,0,2,84,0,0,0,0,0,0,0,0,0,0,0,0,0,0,0,0,0,0,0,0,0,0,0,0,0,0,0,0,0,0,0,0,0,0,0,0,0,0,0,0,0,0,0,0,0,0,0,1,0,0,0,0,0,0,0,0,0,0,0,0,0,2,0,0,0,0,0,0,0,0,0,7,1,4,6,88,0,2,12,1,5
1722.ps1,String_Reordering,1,2872,1,2871.0,2871,0,1,14,14,8,8,51,51,22,54,30,13,0,25,13,0,0,0,0,0,1,55,0,0,0,0,0,0,0,0,0,0,0,0,0,0,0,0,0,0,0,0,0,0,0,0,0,0,0,0,0,0,0,0,3,0,0,0,0,0,0,0,0,0,0,0,0,0,0,1,0,0,0,0,0,0,0,0,0,0,0,0,0,1,0,0,0,0,0,0,0,4,0,6,1,1,6,56,0,1,3,5,5
1712.ps1,String_Reordering,1,2901,1,2900.0,2900,0,0,22,22,19,19,52,52,8,380,7,14,2,0,7,0,0,0,1,0,0,53,0,0,0,0,0,0,0,0,0,0,0,0,0,0,0,0,0,0,0,0,0,0,0,0,0,0,0,0,0,0,0,0,0,0,0,0,0,0,0,0,0,0,0,0,0,0,0,1,0,0,0,0,0,0,0,0,0,0,0,0,0,0,0,0,0,0,0,0,0,0,0,9,2,0,8,55,0,0,9,5,7
1737.ps1,String_Reordering,1,2922,1,2921.0,2921,0,0,24,24,22,22,52,52,12,380,7,11,2,0,7,0,0,0,0,0,0,53,0,0,0,0,0,0,0,0,0,0,0,0,0,0,0,0,0,0,0,0,0,0,0,0,0,0,0,0,0,0,0,0,0,0,0,0,0,0,0,0,0,0,0,0,0,0,0,1,0,0,0,0,0,0,0,0,0,0,0,0,0,0,0,0,0,0,0,0,0,0,0,6,2,3,7,58,0,0,12,2,6
1721.ps1,String_Reordering,1,2757,1,2756.0,2756,0,1,23,23,19,19,48,48,8,348,8,14,0,0,7,0,0,0,1,0,1,49,0,0,0,0,0,0,0,0,0,0,0,0,0,0,0,0,0,0,0,0,0,0,0,0,0,0,0,0,0,0,0,0,0,0,0,0,0,0,0,0,0,0,0,0,0,0,0,1,0,0,0,0,0,0,0,0,0,0,0,0,0,0,0,0,0,0,0,0,0,0,0,10,1,1,8,50,0,1,9,5,7
1735.ps1,String_Reordering,1,2918,1,2917.0,2917,0,1,22,22,20,20,52,52,8,379,8,14,0,0,7,0,0,0,0,0,1,53,0,0,0,0,0,0,0,0,0,0,0,0,0,0,0,0,0,0,0,0,0,0,0,0,0,0,0,0,0,0,0,0,0,0,0,0,0,0,0,0,0,0,0,0,0,0,0,1,0,0,0,0,0,0,0,0,0,0,0,0,0,0,0,0,0,0,0,0,0,0,0,10,1,0,8,53,0,1,10,5,7
1740.ps1,String_Reordering,1,2787,1,2786.0,2786,0,2,22,22,20,20,50,50,7,358,9,13,0,0,7,0,0,0,1,0,2,50,0,0,0,0,0,0,0,0,0,0,0,0,0,0,0,0,0,0,0,0,0,0,0,0,0,0,0,0,0,0,0,0,0,0,0,0,0,0,0,0,0,0,0,0,0,0,0,1,0,0,0,0,0,0,0,0,0,0,0,0,0,0,0,0,0,0,0,0,0,0,0,10,1,0,8,50,0,2,9,4,7
1743.ps1,String_Reordering,1,2927,1,2926.0,2926,0,3,22,22,18,18,73,73,10,381,7,10,0,0,7,0,0,0,1,0,2,75,0,0,0,0,0,0,0,0,0,0,0,0,0,0,0,0,0,0,0,0,0,0,0,0,0,0,0,0,0,0,0,0,0,0,0,0,0,0,0,0,0,0,0,0,0,0,0,1,0,0,0,0,0,0,0,0,0,0,0,0,0,0,0,0,0,0,0,0,0,0,0,5,1,3,5,78,0,2,7,1,4
1728.ps1,String_Reordering,1,1431,1,1430.0,1430,0,0,12,12,16,16,101,102,26,105,5,10,3,5,8,1,2,1,0,0,0,105,0,0,0,0,0,0,0,0,0,0,0,0,0,0,0,0,0,0,0,0,0,0,0,0,0,0,0,0,0,0,0,0,0,0,0,0,0,0,0,0,0,0,0,0,0,0,0,1,0,0,0,0,0,0,0,0,0,0,0,0,0,1,0,0,0,0,1,0,0,0,0,8,2,0,7,107,0,0,7,6,6
1746.ps1,String_Reordering,1,3009,1,3008.0,3008,0,0,22,22,18,18,54,54,10,405,5,11,0,0,7,0,0,0,0,0,0,54,0,0,0,0,0,0,0,0,0,0,0,0,0,0,0,0,0,0,0,0,0,0,0,0,0,0,0,0,0,0,0,0,0,0,0,0,0,0,0,0,0,0,0,0,0,0,0,1,0,0,0,0,0,0,0,0,0,0,0,0,1,0,0,0,0,0,0,0,0,0,0,3,1,3,5,58,0,0,9,1,4
1747.ps1,String_Reordering,1,3086,1,3085.0,3085,0,0,23,23,24,24,76,76,10,402,9,11,0,0,7,0,0,0,0,0,0,74,0,0,0,0,0,0,0,0,0,0,0,0,0,0,0,0,0,0,0,0,0,0,0,0,0,0,0,0,0,0,0,0,0,0,0,0,0,0,0,0,0,0,0,0,0,0,0,1,0,0,0,0,0,0,0,0,0,0,0,0,1,0,0,0,0,0,0,0,0,0,0,7,1,3,6,78,0,0,15,1,5
1729.ps1,String_Reordering,1,2761,1,2760.0,2760,0,1,21,21,16,16,50,50,8,360,5,14,0,0,7,0,0,0,0,0,1,51,0,0,0,0,0,0,0,0,0,0,0,0,0,0,0,0,0,0,0,0,0,0,0,0,0,0,0,0,0,0,0,0,0,0,0,0,0,0,0,0,0,0,0,0,0,0,0,1,0,0,0,0,0,0,0,0,0,0,0,0,0,0,0,0,0,0,0,0,0,0,0,7,1,0,7,51,0,1,6,5,6
1738.ps1,String_Reordering,1,1632,1,1631.0,1631,0,1,13,13,19,20,128,128,23,134,7,12,0,6,7,0,3,1,0,0,1,132,0,0,0,0,0,0,0,0,0,0,0,0,0,0,0,0,0,0,0,0,0,0,0,0,0,0,0,0,0,0,0,0,0,0,0,0,0,0,0,0,0,0,0,0,0,0,0,1,0,0,0,0,0,0,0,0,0,0,0,0,0,1,0,0,0,0,0,0,0,0,0,11,1,0,7,132,0,1,11,7,6
1759.ps1,String_Reordering,1,2890,1,2889.0,2889,0,1,21,21,17,17,52,52,7,379,6,14,0,0,7,0,0,0,1,0,1,54,0,0,0,0,0,0,0,0,0,0,0,0,0,0,0,0,0,0,0,0,0,0,0,0,0,0,0,0,0,0,0,0,0,0,0,0,0,0,0,0,0,0,0,0,0,0,0,1,0,0,0,0,0,0,0,0,0,0,0,0,0,0,0,0,0,0,0,0,0,0,0,8,1,0,7,54,0,1,7,5,6
1745.ps1,String_Reordering,1,2760,1,2759.0,2759,0,2,21,21,17,17,50,50,7,355,7,13,0,0,7,0,0,0,1,0,2,51,0,0,0,0,0,0,0,0,0,0,0,0,0,0,0,0,0,0,0,0,0,0,0,0,0,0,0,0,0,0,0,0,0,0,0,0,0,0,0,0,0,0,0,0,0,0,0,1,0,0,0,0,0,0,0,0,0,0,0,0,0,0,0,0,0,0,0,0,0,0,0,8,1,0,7,51,0,2,6,4,6
1751.ps1,String_Reordering,1,1352,1,1351.0,1351,0,0,15,14,21,22,91,92,23,96,8,12,2,5,7,0,2,0,1,0,0,94,0,0,0,0,0,0,0,0,0,0,0,0,0,0,0,0,0,0,0,0,0,0,0,0,0,0,0,0,0,0,0,0,0,0,0,0,0,0,0,0,0,0,0,0,0,0,0,1,0,0,0,0,0,0,0,0,0,0,0,0,0,1,0,0,0,0,0,0,0,0,0,12,2,0,9,96,0,0,13,6,8
1761.ps1,String_Reordering,1,2907,1,2906.0,2906,0,0,20,20,15,15,73,73,7,381,5,14,0,0,7,0,0,0,0,0,0,73,0,0,0,0,0,0,0,0,0,0,0,0,0,0,0,0,0,0,0,0,0,0,0,0,0,0,0,0,0,0,0,0,0,0,0,0,0,0,0,0,0,0,0,0,0,0,0,1,0,0,0,0,0,0,0,0,0,0,0,0,1,0,0,0,0,0,0,0,0,0,0,6,1,0,6,74,0,0,6,4,5
1748.ps1,String_Reordering,1,3352,1,3351.0,3351,0,0,23,23,22,22,82,82,9,451,9,15,2,0,7,0,0,0,0,0,0,82,0,0,0,0,0,0,0,0,0,0,0,0,0,0,0,0,0,0,0,0,0,0,0,0,0,0,0,0,0,0,0,0,0,0,0,0,0,0,0,0,0,0,0,0,0,0,0,1,0,0,0,0,0,0,0,0,0,0,0,0,0,0,0,0,0,0,0,0,0,0,0,11,2,0,9,84,0,0,12,5,8
176.ps1,String_Reordering,1,2946,1,2945.0,2945,0,1,22,22,16,16,73,73,9,382,6,14,0,0,7,0,0,0,0,0,1,75,0,0,0,0,0,0,0,0,0,0,0,0,0,0,0,0,0,0,0,0,0,0,0,0,0,0,0,0,0,0,0,0,0,0,0,0,0,0,0,0,0,0,0,0,0,0,0,1,0,0,0,0,0,0,0,0,0,0,0,0,0,0,0,0,0,0,0,0,0,0,0,8,1,1,7,76,0,1,6,5,6
1753.ps1,String_Reordering,1,1421,1,1420.0,1420,0,2,15,15,15,15,107,107,11,109,8,12,0,6,5,0,0,0,3,0,2,108,0,0,0,0,0,0,0,0,0,0,0,0,0,0,0,0,0,0,0,0,0,0,0,0,0,0,0,0,0,0,0,0,0,0,0,0,0,0,0,0,0,0,0,0,0,0,0,1,0,0,0,0,0,0,0,0,0,0,0,0,0,1,0,0,0,0,0,0,0,0,0,13,1,0,9,108,0,2,13,5,8
1760.ps1,String_Reordering,1,2769,1,2768.0,2768,0,0,20,20,18,18,50,50,7,358,7,14,0,0,7,0,0,0,0,0,0,49,0,0,0,0,0,0,0,0,0,0,0,0,0,0,0,0,0,0,0,0,0,0,0,0,0,0,0,0,0,0,0,0,0,0,0,0,0,0,0,0,0,0,0,0,0,0,0,1,0,0,0,0,0,0,0,0,0,0,0,0,1,0,0,0,0,0,0,0,0,0,0,8,1,0,6,50,0,0,9,4,5
1771.ps1,String_Reordering,1,3011,1,3010.0,3010,0,0,19,19,15,15,76,76,7,402,5,13,0,0,7,0,0,0,0,0,0,76,0,0,0,0,0,0,0,0,0,0,0,0,0,0,0,0,0,0,0,0,0,0,0,0,0,0,0,0,0,0,0,0,0,0,0,0,0,0,0,0,0,0,0,0,0,0,0,1,0,0,0,0,0,0,0,0,0,0,0,0,0,1,0,0,0,0,0,0,0,0,0,6,1,0,5,77,0,0,6,4,4
1762.ps1,String_Reordering,1,2929,1,2928.0,2928,0,0,20,20,18,18,73,73,7,381,7,14,0,0,7,0,0,0,0,0,0,72,0,0,0,0,0,0,0,0,0,0,0,0,0,0,0,0,0,0,0,0,0,0,0,0,0,0,0,0,0,0,0,0,0,0,0,0,0,0,0,0,0,0,0,0,0,0,0,1,0,0,0,0,0,0,0,0,0,0,0,0,1,0,0,0,0,0,0,0,0,0,0,8,1,0,6,73,0,0,9,4,5
1774.ps1,String_Reordering,1,2894,1,2893.0,2893,0,2,21,21,20,20,72,72,8,371,9,13,0,0,7,0,0,0,0,0,2,72,0,0,0,0,0,0,0,0,0,0,0,0,0,0,0,0,0,0,0,0,0,0,0,0,0,0,0,0,0,0,0,0,0,0,0,0,0,0,0,0,0,0,0,0,0,0,0,1,0,0,0,0,0,0,0,0,0,0,0,0,0,0,0,0,0,0,0,0,0,0,0,10,1,0,7,72,0,2,9,4,6
1766.ps1,String_Reordering,1,2844,1,2843.0,2843,0,1,20,20,13,13,52,52,8,380,3,14,0,0,7,0,0,0,0,0,1,54,0,0,0,0,0,0,0,0,0,0,0,0,0,0,0,0,0,0,0,0,0,0,0,0,0,0,0,0,0,0,0,0,3,0,0,0,0,0,0,0,0,0,0,0,0,0,0,1,0,0,0,0,0,0,0,0,0,0,0,0,0,0,0,0,0,0,0,0,0,0,0,5,1,0,6,54,0,1,3,5,5
1767.ps1,String_Reordering,1,1665,1,1665.0,1665,0,0,12,12,5,5,113,113,34,36,0,7,0,2,25,0,0,0,0,0,0,30,0,0,0,0,0,0,0,0,0,0,0,0,0,0,0,0,0,0,0,0,0,0,0,0,0,0,0,0,0,0,0,0,0,0,0,0,0,0,0,0,0,0,0,0,0,0,0,2,0,0,0,0,0,0,0,0,0,0,0,0,1,0,0,0,0,0,0,0,0,1,0,2,1,0,4,31,0,0,4,2,3
1765.ps1,String_Reordering,1,427,1,426.0,426,1,1,7,7,6,6,29,29,8,32,2,4,0,3,0,0,0,0,1,0,1,31,0,0,0,0,0,0,0,0,0,0,0,0,0,0,0,0,0,0,0,0,0,0,0,0,0,0,0,0,0,0,0,0,0,0,0,0,0,0,0,0,0,0,0,0,0,0,0,1,0,0,0,0,0,0,0,0,0,0,0,0,0,0,0,0,0,0,0,0,0,0,0,4,1,1,5,32,0,1,5,2,4
177.ps1,String_Reordering,1,2797,1,2796.0,2796,0,1,22,22,20,20,50,50,7,359,8,14,0,0,7,0,0,0,1,0,1,51,0,0,0,0,0,0,0,0,0,0,0,0,0,0,0,0,0,0,0,0,0,0,0,0,0,0,0,0,0,0,0,0,0,0,0,0,0,0,0,0,0,0,0,0,0,0,0,1,0,0,0,0,0,0,0,0,0,0,0,0,0,0,0,0,0,0,0,0,0,0,0,10,1,0,8,51,0,1,10,5,7
1777.ps1,String_Reordering,1,3200,1,3199.0,3199,0,2,29,29,31,31,57,57,16,364,12,12,0,0,11,0,0,0,3,0,2,55,0,0,0,0,0,0,0,0,0,0,0,0,0,0,0,0,0,0,0,0,0,0,0,0,0,0,0,0,0,0,0,0,0,0,0,0,0,0,0,0,0,0,0,0,0,0,0,1,0,0,0,0,0,0,0,0,0,0,0,0,0,2,0,0,0,0,0,0,0,0,0,9,1,4,8,59,0,2,17,1,7
1781.ps1,String_Reordering,1,3191,1,3190.0,3190,0,0,22,22,21,21,79,79,10,430,7,10,0,0,7,0,0,0,0,0,0,78,0,0,0,0,0,0,0,0,0,0,0,0,0,0,0,0,0,0,0,0,0,0,0,0,0,0,0,0,0,0,0,0,0,0,0,0,0,0,0,0,0,0,0,0,0,0,0,1,0,0,0,0,0,0,0,0,0,0,0,0,0,1,0,0,0,0,0,0,0,0,0,5,1,3,5,82,0,0,12,1,4
1773.ps1,String_Reordering,1,2924,1,2923.0,2923,0,0,22,22,16,16,73,73,12,383,3,11,2,0,7,0,0,0,0,0,0,76,0,0,0,0,0,0,0,0,0,0,0,0,0,0,0,0,0,0,0,0,0,0,0,0,0,0,0,0,0,0,0,0,0,0,0,0,0,0,0,0,0,0,0,0,0,0,0,1,0,0,0,0,0,0,0,0,0,0,0,0,0,0,0,0,0,0,0,0,0,0,0,2,2,3,5,81,0,0,6,2,4
1775.ps1,String_Reordering,1,2964,1,2963.0,2963,0,2,24,24,23,23,73,73,10,381,9,10,0,0,7,0,0,0,1,0,2,73,0,0,0,0,0,0,0,0,0,0,0,0,0,0,0,0,0,0,0,0,0,0,0,0,0,0,0,0,0,0,0,0,0,0,0,0,0,0,0,0,0,0,0,0,0,0,0,1,0,0,0,0,0,0,0,0,0,0,0,0,0,0,0,0,0,0,0,0,0,0,0,7,1,3,7,76,0,2,12,1,6
1796.ps1,String_Reordering,1,2889,1,2888.0,2888,0,1,21,21,16,16,52,52,9,379,6,14,0,0,7,0,0,0,0,0,1,54,0,0,0,0,0,0,0,0,0,0,0,0,0,0,0,0,0,0,0,0,0,0,0,0,0,0,0,0,0,0,0,0,0,0,0,0,0,0,0,0,0,0,0,0,0,0,0,1,0,0,0,0,0,0,0,0,0,0,0,0,0,0,0,0,0,0,0,0,0,0,0,8,1,1,6,55,0,1,6,5,5
1780.ps1,String_Reordering,1,3267,1,3266.0,3266,0,2,26,26,25,25,60,60,16,376,8,17,0,0,12,0,0,0,3,0,2,60,0,0,0,0,0,0,0,0,0,0,0,0,0,0,0,0,0,0,0,0,0,0,0,0,0,0,0,0,0,0,0,0,0,0,0,0,0,0,0,0,0,0,0,0,0,0,0,1,0,0,0,1,0,0,0,0,0,0,0,0,0,2,0,0,0,0,0,0,0,0,0,5,1,4,5,64,0,2,11,1,4
1816.ps1,String_Reordering,1,2977,1,2976.0,2976,0,1,22,22,19,19,73,73,8,382,8,14,0,0,7,0,0,0,1,0,1,74,0,0,0,0,0,0,0,0,0,0,0,0,0,0,0,0,0,0,0,0,0,0,0,0,0,0,0,0,0,0,0,0,0,0,0,0,0,0,0,0,0,0,0,0,0,0,0,1,0,0,0,0,0,0,0,0,0,0,0,0,0,0,0,0,0,0,0,0,0,0,0,10,1,1,7,75,0,1,9,5,6
1807.ps1,String_Reordering,1,1822,1,1821.0,1821,0,0,17,17,26,26,142,142,27,146,8,6,2,4,8,0,2,0,0,0,0,144,0,0,0,0,0,0,0,0,0,0,0,0,0,0,0,0,0,0,0,0,0,0,0,0,0,0,0,0,0,0,0,0,0,0,0,0,0,0,0,0,0,0,0,0,0,0,0,1,0,0,0,0,0,0,0,0,0,0,0,0,0,1,0,0,0,0,0,0,0,0,0,8,2,4,8,150,0,0,17,2,7
1782.ps1,String_Reordering,1,3166,1,3165.0,3165,0,0,21,21,13,13,79,79,9,432,3,14,2,0,7,0,0,0,0,0,0,82,0,0,0,0,0,0,0,0,0,0,0,0,0,0,0,0,0,0,0,0,0,0,0,0,0,0,0,0,0,0,0,0,0,0,0,0,0,0,0,0,0,0,0,0,0,0,0,1,0,0,0,0,0,0,0,0,0,0,0,0,0,0,0,0,0,0,0,0,0,0,0,5,2,0,7,84,0,0,3,5,6
1794.ps1,String_Reordering,1,3001,1,3000.0,3000,0,2,21,21,17,17,54,54,8,405,7,13,0,0,7,0,0,0,0,0,2,55,0,0,0,0,0,0,0,0,0,0,0,0,0,0,0,0,0,0,0,0,0,0,0,0,0,0,0,0,0,0,0,0,0,0,0,0,0,0,0,0,0,0,0,0,0,0,0,1,0,0,0,0,0,0,0,0,0,0,0,0,0,0,0,0,0,0,0,0,0,0,0,8,1,0,7,55,0,2,6,4,6
1779.ps1,String_Reordering,1,2954,1,2953.0,2953,0,2,21,21,20,20,73,73,8,381,9,13,0,0,7,0,0,0,0,0,2,73,0,0,0,0,0,0,0,0,0,0,0,0,0,0,0,0,0,0,0,0,0,0,0,0,0,0,0,0,0,0,0,0,0,0,0,0,0,0,0,0,0,0,0,0,0,0,0,1,0,0,0,0,0,0,0,0,0,0,0,0,0,0,0,0,0,0,0,0,0,0,0,10,1,0,7,73,0,2,9,4,6
1824.ps1,String_Reordering,1,468,1,467.0,467,0,0,6,6,2,2,41,41,9,42,0,3,0,4,0,0,0,0,0,0,0,43,0,0,0,0,0,0,0,0,0,0,0,0,0,0,0,0,0,0,0,0,0,0,0,0,0,0,0,0,0,0,0,0,0,0,0,0,0,0,0,0,0,0,0,0,0,0,0,1,0,0,0,0,0,0,0,0,0,0,0,0,0,1,0,0,0,0,0,0,1,0,0,1,1,1,4,45,0,0,2,1,3
182.ps1,String_Reordering,1,3024,1,3023.0,3023,0,1,21,21,19,19,54,54,8,407,7,14,0,0,7,0,0,0,0,0,1,54,0,0,0,0,0,0,0,0,0,0,0,0,0,0,0,0,0,0,0,0,0,0,0,0,0,0,0,0,0,0,0,0,0,0,0,0,0,0,0,0,0,0,0,0,0,0,0,1,0,0,0,0,0,0,0,0,0,0,0,0,0,0,0,0,0,0,0,0,0,0,0,9,1,0,7,54,0,1,9,5,6
1009.ps1,Token_Manipulation,1,160,1,159.0,159,1,2,3,3,0,0,0,0,9,1,0,2,0,4,0,0,0,0,0,5,2,3,0,0,0,0,0,0,0,0,0,0,0,0,0,0,0,0,0,0,0,0,0,0,0,0,0,0,0,0,0,0,0,0,0,0,0,0,0,0,0,0,0,0,0,0,0,0,0,0,0,0,0,0,0,0,0,0,0,0,0,0,0,0,0,0,0,1,1,0,1,0,0,0,2,1,4,5,0,2,0,0,2
1035.ps1,Token_Manipulation,1,448,1,447.0,447,1,15,6,6,7,7,1,1,21,1,2,4,0,5,7,0,2,0,0,3,15,5,0,0,0,0,0,0,0,0,0,0,0,0,0,0,0,0,0,0,0,0,0,0,0,0,0,0,0,0,0,0,0,0,0,0,0,0,0,0,0,0,0,0,0,0,0,0,0,0,0,0,0,0,0,0,0,0,0,0,0,0,0,0,0,0,0,1,1,1,0,0,7,3,3,2,8,18,2,15,2,0,3
1055.ps1,Token_Manipulation,1,191,1,190.0,190,1,2,3,3,0,0,0,0,8,1,0,2,0,4,0,0,0,0,0,5,2,3,0,0,0,0,0,0,0,0,0,0,0,0,0,0,0,0,0,0,0,0,0,0,0,0,0,0,0,0,0,0,0,0,0,0,0,0,0,0,0,0,0,0,0,0,0,0,0,0,0,0,0,0,0,0,0,0,0,0,0,0,0,0,0,0,0,1,1,0,1,0,0,0,2,1,4,5,0,2,0,0,2
1034.ps1,Token_Manipulation,1,2328,1,2327.0,2327,0,22,15,15,9,9,3,3,7,327,3,9,0,0,7,0,0,0,0,5,22,5,0,0,0,0,0,0,0,0,0,0,0,0,0,0,0,0,0,0,0,0,0,0,0,0,0,0,0,0,0,0,0,0,0,0,0,0,0,0,0,0,0,0,0,0,0,0,0,0,0,0,0,0,0,0,0,0,0,0,0,0,0,0,0,0,0,0,0,0,0,0,7,4,2,4,10,12,1,22,2,1,2
1024.ps1,Token_Manipulation,1,2251,1,2250.0,2250,0,22,15,15,9,9,3,3,7,309,3,9,0,0,7,0,0,0,0,4,22,5,0,0,0,0,0,0,0,0,0,0,0,0,0,0,0,0,0,0,0,0,0,0,0,0,0,0,0,0,0,0,0,0,0,0,0,0,0,0,0,0,0,0,0,0,0,0,0,0,0,0,0,0,0,0,0,0,0,0,0,0,0,0,0,0,0,0,0,0,0,0,7,4,2,4,10,12,1,22,2,1,2
1031.ps1,Token_Manipulation,1,2327,1,2326.0,2326,0,22,15,15,9,9,3,3,7,327,3,9,0,0,7,0,0,0,0,4,22,5,0,0,0,0,0,0,0,0,0,0,0,0,0,0,0,0,0,0,0,0,0,0,0,0,0,0,0,0,0,0,0,0,0,0,0,0,0,0,0,0,0,0,0,0,0,0,0,0,0,0,0,0,0,0,0,0,0,0,0,0,0,0,0,0,0,0,0,0,0,0,7,4,2,4,10,12,1,22,2,1,2
1008.ps1,Token_Manipulation,1,2238,1,2237.0,2237,0,22,15,15,9,9,3,3,7,309,3,9,0,0,7,0,0,0,0,5,22,5,0,0,0,0,0,0,0,0,0,0,0,0,0,0,0,0,0,0,0,0,0,0,0,0,0,0,0,0,0,0,0,0,0,0,0,0,0,0,0,0,0,0,0,0,0,0,0,0,0,0,0,0,0,0,0,0,0,0,0,0,0,0,0,0,0,0,0,0,0,0,7,4,2,4,10,12,1,22,2,1,2
1052.ps1,Token_Manipulation,1,144,1,143.0,143,1,0,2,2,0,0,0,0,8,1,0,2,0,3,0,0,0,0,0,6,0,3,0,0,0,0,0,0,0,0,0,0,0,0,0,0,0,0,0,0,0,0,0,0,0,0,0,0,0,0,0,0,0,0,1,0,0,0,0,0,0,0,0,0,0,0,0,0,0,0,0,0,0,0,0,0,0,0,0,0,0,0,0,0,0,0,0,1,1,0,1,0,0,0,2,1,3,7,0,0,0,0,1
1032.ps1,Token_Manipulation,1,2452,1,2451.0,2451,0,22,15,15,9,9,3,3,7,352,3,9,0,0,7,0,0,0,0,4,22,5,0,0,0,0,0,0,0,0,0,0,0,0,0,0,0,0,0,0,0,0,0,0,0,0,0,0,0,0,0,0,0,0,0,0,0,0,0,0,0,0,0,0,0,0,0,0,0,0,0,0,0,0,0,0,0,0,0,0,0,0,0,0,0,0,0,0,0,0,0,0,7,4,2,4,10,12,1,22,2,1,2
1007.ps1,Token_Manipulation,1,2337,1,2336.0,2336,0,22,15,15,9,9,3,3,7,327,3,9,0,0,7,0,0,0,0,4,19,5,0,0,0,0,0,0,0,0,0,0,0,0,0,0,0,0,0,0,0,0,0,0,0,0,0,0,0,0,0,0,0,0,0,0,0,0,0,0,0,0,0,0,0,0,0,0,0,0,0,0,0,0,0,0,0,0,0,0,0,0,0,0,0,0,0,0,0,0,0,0,7,4,2,4,10,12,1,22,2,1,2
1030.ps1,Token_Manipulation,1,2282,1,2281.0,2281,0,22,15,15,9,9,3,3,7,318,3,9,0,0,7,0,0,0,0,4,22,5,0,0,0,0,0,0,0,0,0,0,0,0,0,0,0,0,0,0,0,0,0,0,0,0,0,0,0,0,0,0,0,0,0,0,0,0,0,0,0,0,0,0,0,0,0,0,0,0,0,0,0,0,0,0,0,0,0,0,0,0,0,0,0,0,0,0,0,0,0,0,7,4,2,4,10,12,1,22,2,1,2
1006.ps1,Token_Manipulation,1,2453,1,2452.0,2452,0,22,15,15,9,9,3,3,7,352,3,9,0,0,7,0,0,0,0,5,22,5,0,0,0,0,0,0,0,0,0,0,0,0,0,0,0,0,0,0,0,0,0,0,0,0,0,0,0,0,0,0,0,0,0,0,0,0,0,0,0,0,0,0,0,0,0,0,0,0,0,0,0,0,0,0,0,0,0,0,0,0,0,0,0,0,0,0,0,0,0,0,7,4,2,4,10,12,1,22,2,1,2
1028.ps1,Token_Manipulation,1,2283,1,2282.0,2282,0,22,15,15,9,9,3,3,7,318,3,9,0,0,7,0,0,0,0,5,22,5,0,0,0,0,0,0,0,0,0,0,0,0,0,0,0,0,0,0,0,0,0,0,0,0,0,0,0,0,0,0,0,0,0,0,0,0,0,0,0,0,0,0,0,0,0,0,0,0,0,0,0,0,0,0,0,0,0,0,0,0,0,0,0,0,0,0,0,0,0,0,7,4,2,4,10,12,1,22,2,1,2
1015.ps1,Token_Manipulation,1,2282,1,2281.0,2281,0,22,15,15,9,9,3,3,7,318,3,9,0,0,7,0,0,0,0,4,22,5,0,0,0,0,0,0,0,0,0,0,0,0,0,0,0,0,0,0,0,0,0,0,0,0,0,0,0,0,0,0,0,0,0,0,0,0,0,0,0,0,0,0,0,0,0,0,0,0,0,0,0,0,0,0,0,0,0,0,0,0,0,0,0,0,0,0,0,0,0,0,7,4,2,4,10,12,1,22,2,1,2
105.ps1,Token_Manipulation,1,2693,1,2692.0,2692,0,22,15,15,9,9,3,3,7,400,3,9,0,0,7,0,0,0,0,5,22,5,0,0,0,0,0,0,0,0,0,0,0,0,0,0,0,0,0,0,0,0,0,0,0,0,0,0,0,0,0,0,0,0,0,0,0,0,0,0,0,0,0,0,0,0,0,0,0,0,0,0,0,0,0,0,0,0,0,0,0,0,0,0,0,0,0,0,0,0,0,0,7,4,2,4,10,12,1,22,2,1,2
103.ps1,Token_Manipulation,1,2327,1,2326.0,2326,0,22,15,15,9,9,3,3,7,327,3,9,0,0,7,0,0,0,0,4,22,5,0,0,0,0,0,0,0,0,0,0,0,0,0,0,0,0,0,0,0,0,0,0,0,0,0,0,0,0,0,0,0,0,0,0,0,0,0,0,0,0,0,0,0,0,0,0,0,0,0,0,0,0,0,0,0,0,0,0,0,0,0,0,0,0,0,0,0,0,0,0,7,4,2,4,10,12,1,22,2,1,2
1005.ps1,Token_Manipulation,1,2251,1,2250.0,2250,0,22,15,15,9,9,3,3,7,309,3,9,0,0,7,0,0,0,0,4,22,5,0,0,0,0,0,0,0,0,0,0,0,0,0,0,0,0,0,0,0,0,0,0,0,0,0,0,0,0,0,0,0,0,0,0,0,0,0,0,0,0,0,0,0,0,0,0,0,0,0,0,0,0,0,0,0,0,0,0,0,0,0,0,0,0,0,0,0,0,0,0,7,4,2,4,10,12,1,22,2,1,2
1061.ps1,Token_Manipulation,1,2418,1,2417.0,2417,0,22,15,15,9,9,3,3,7,345,3,9,0,0,7,0,0,0,0,5,22,5,0,0,0,0,0,0,0,0,0,0,0,0,0,0,0,0,0,0,0,0,0,0,0,0,0,0,0,0,0,0,0,0,0,0,0,0,0,0,0,0,0,0,0,0,0,0,0,0,0,0,0,0,0,0,0,0,0,0,0,0,0,0,0,0,0,0,0,0,0,0,7,4,2,4,10,12,1,22,2,1,2
1026.ps1,Token_Manipulation,1,5662,1,5661.0,5661,0,22,15,15,9,9,3,3,7,991,3,9,0,0,7,0,0,0,0,4,22,5,0,0,0,0,0,0,0,0,0,0,0,0,0,0,0,0,0,0,0,0,0,0,0,0,0,0,0,0,0,0,0,0,0,0,0,0,0,0,0,0,0,0,0,0,0,0,0,0,0,0,0,0,0,0,0,0,0,0,0,0,0,0,0,0,0,0,0,0,0,0,7,4,2,4,10,12,1,22,2,1,2
1013.ps1,Token_Manipulation,1,449,1,448.0,448,1,15,6,7,8,8,2,1,22,1,2,4,1,5,7,0,2,0,1,3,15,5,0,0,0,0,0,0,0,0,0,0,0,0,0,0,0,0,0,0,0,0,0,0,0,0,0,0,0,0,0,0,0,0,0,0,0,0,0,0,0,0,0,0,0,0,0,0,0,0,0,0,0,0,0,0,0,0,0,0,0,0,0,0,0,0,0,1,1,1,0,0,7,3,3,2,8,18,2,15,2,0,3
1049.ps1,Token_Manipulation,1,1703,1,1703.0,1703,0,49,28,28,5,5,7,7,79,9,0,16,0,0,23,1,0,0,0,31,49,9,0,0,0,0,0,0,0,0,0,0,0,0,0,0,0,0,0,0,0,0,0,0,0,0,0,0,0,0,0,0,0,0,0,0,0,0,0,0,0,0,0,0,0,0,0,0,0,0,0,0,0,0,0,0,0,0,2,0,0,0,0,0,0,0,0,0,0,0,0,0,23,2,14,17,45,78,2,49,3,9,9
1025.ps1,Token_Manipulation,1,2453,1,2452.0,2452,0,22,15,15,9,9,3,3,7,352,3,9,0,0,7,0,0,0,0,5,22,5,0,0,0,0,0,0,0,0,0,0,0,0,0,0,0,0,0,0,0,0,0,0,0,0,0,0,0,0,0,0,0,0,0,0,0,0,0,0,0,0,0,0,0,0,0,0,0,0,0,0,0,0,0,0,0,0,0,0,0,0,0,0,0,0,0,0,0,0,0,0,7,4,2,4,10,12,1,22,2,1,2
1004.ps1,Token_Manipulation,1,448,1,447.0,447,1,15,7,6,7,8,1,2,21,1,2,4,1,6,8,0,2,1,0,4,15,5,0,0,0,0,0,0,0,0,0,0,0,0,0,0,0,0,0,0,0,0,0,0,0,0,0,0,0,0,0,0,0,0,0,0,0,0,0,0,0,0,0,0,0,0,0,0,0,0,0,0,0,0,0,0,0,0,0,0,0,0,0,0,0,0,0,1,1,1,0,0,7,3,3,2,8,18,2,15,2,0,3
1045.ps1,Token_Manipulation,1,2236,1,2235.0,2235,0,22,15,15,9,9,3,3,7,309,3,9,0,0,7,0,0,0,0,3,22,5,0,0,0,0,0,0,0,0,0,0,0,0,0,0,0,0,0,0,0,0,0,0,0,0,0,0,0,0,0,0,0,0,0,0,0,0,0,0,0,0,0,0,0,0,0,0,0,0,0,0,0,0,0,0,0,0,0,0,0,0,0,0,0,0,0,0,0,0,0,0,7,4,2,4,10,12,1,22,2,1,2
1023.ps1,Token_Manipulation,1,153,1,152.0,152,1,2,3,3,0,0,0,0,8,1,0,2,0,4,0,0,0,0,0,6,2,3,0,0,0,0,0,0,0,0,0,0,0,0,0,0,0,0,0,0,0,0,0,0,0,0,0,0,0,0,0,0,0,0,0,0,0,0,0,0,0,0,0,0,0,0,0,0,0,0,0,0,0,0,0,0,0,0,0,0,0,0,0,0,0,0,0,1,1,0,1,0,0,0,2,1,4,5,0,2,0,0,2
1002.ps1,Token_Manipulation,1,2252,1,2251.0,2251,0,22,15,15,9,9,3,3,7,309,3,9,0,0,7,0,0,0,0,4,19,5,0,0,0,0,0,0,0,0,0,0,0,0,0,0,0,0,0,0,0,0,0,0,0,0,0,0,0,0,0,0,0,0,0,0,0,0,0,0,0,0,0,0,0,0,0,0,0,0,0,0,0,0,0,0,0,0,0,0,0,0,0,0,0,0,0,0,0,0,0,0,7,4,2,4,10,12,1,22,2,1,2
1018.ps1,Token_Manipulation,1,164,1,163.0,163,1,2,3,3,0,0,0,0,9,1,0,2,0,4,0,0,0,0,0,6,2,3,0,0,0,0,0,0,0,0,0,0,0,0,0,0,0,0,0,0,0,0,0,0,0,0,0,0,0,0,0,0,0,0,0,0,0,0,0,0,0,0,0,0,0,0,0,0,0,0,0,0,0,0,0,0,0,0,0,0,0,0,0,0,0,0,0,1,1,0,1,0,0,0,2,1,4,5,0,2,0,0,2
1000.ps1,Token_Manipulation,1,162,1,161.0,161,1,2,3,3,0,0,0,0,9,1,0,2,0,4,0,0,0,0,0,6,2,3,0,0,0,0,0,0,0,0,0,0,0,0,0,0,0,0,0,0,0,0,0,0,0,0,0,0,0,0,0,0,0,0,0,0,0,0,0,0,0,0,0,0,0,0,0,0,0,0,0,0,0,0,0,0,0,0,0,0,0,0,0,0,0,0,0,1,1,0,1,0,0,0,2,1,4,5,0,2,0,0,2
1042.ps1,Token_Manipulation,1,2250,1,2249.0,2249,0,22,15,15,9,9,3,3,7,309,3,9,0,0,7,0,0,0,0,5,22,5,0,0,0,0,0,0,0,0,0,0,0,0,0,0,0,0,0,0,0,0,0,0,0,0,0,0,0,0,0,0,0,0,0,0,0,0,0,0,0,0,0,0,0,0,0,0,0,0,0,0,0,0,0,0,0,0,0,0,0,0,0,0,0,0,0,0,0,0,0,0,7,4,2,4,10,12,1,22,2,1,2
1019.ps1,Token_Manipulation,1,2451,1,2450.0,2450,0,22,15,15,9,9,3,3,7,352,3,9,0,0,7,0,0,0,0,3,22,5,0,0,0,0,0,0,0,0,0,0,0,0,0,0,0,0,0,0,0,0,0,0,0,0,0,0,0,0,0,0,0,0,0,0,0,0,0,0,0,0,0,0,0,0,0,0,0,0,0,0,0,0,0,0,0,0,0,0,0,0,0,0,0,0,0,0,0,0,0,0,7,4,2,4,10,12,1,22,2,1,2
10.ps1,Token_Manipulation,1,165,1,164.0,164,1,2,3,3,0,0,0,0,9,1,0,2,0,4,0,0,0,0,0,6,2,3,0,0,0,0,0,0,0,0,0,0,0,0,0,0,0,0,0,0,0,0,0,0,0,0,0,0,0,0,0,0,0,0,0,0,0,0,0,0,0,0,0,0,0,0,0,0,0,0,0,0,0,0,0,0,0,0,0,0,0,0,0,0,0,0,0,1,1,0,1,0,0,0,2,1,4,5,0,2,0,0,2
1040.ps1,Token_Manipulation,1,151,1,150.0,150,1,2,3,3,0,0,0,0,8,1,0,2,0,3,0,0,0,0,0,6,2,3,0,0,0,0,0,0,0,0,0,0,0,0,0,0,0,0,0,0,0,0,0,0,0,0,0,0,0,0,0,0,0,0,0,0,0,0,0,0,0,0,0,0,0,0,0,0,0,0,0,0,0,0,0,0,0,0,0,0,0,0,0,0,0,0,0,1,1,0,1,0,0,0,2,1,4,5,0,2,0,0,2
1017.ps1,Token_Manipulation,1,155,1,154.0,154,1,2,3,3,0,0,0,0,9,1,0,2,0,3,0,0,0,0,0,4,2,3,0,0,0,0,0,0,0,0,0,0,0,0,0,0,0,0,0,0,0,0,0,0,0,0,0,0,0,0,0,0,0,0,0,0,0,0,0,0,0,0,0,0,0,0,0,0,0,0,0,0,0,0,0,0,0,0,0,0,0,0,0,0,0,0,0,1,1,0,1,0,0,0,2,1,4,5,0,2,0,0,2
100.ps1,Token_Manipulation,1,2547,1,2546.0,2546,0,34,18,18,12,12,5,5,12,309,4,16,0,0,12,0,0,0,2,2,32,12,0,0,0,0,0,0,0,0,0,0,0,0,0,0,0,0,0,0,0,0,0,0,0,0,0,0,0,0,0,0,0,0,0,0,0,0,0,0,0,0,0,0,0,0,0,0,0,0,0,0,0,1,0,0,0,0,0,0,0,0,0,0,0,0,0,0,0,0,0,0,5,2,2,2,3,10,3,12,0,0,0
104.ps1,Token_Manipulation,1,983,1,982.0,982,1,68,14,15,23,23,6,5,44,11,8,4,1,7,21,0,8,0,2,3,68,10,0,0,0,0,0,0,0,0,0,0,0,0,0,0,0,0,0,0,0,0,0,0,0,0,0,0,0,0,0,0,0,0,0,0,0,0,0,0,0,0,0,0,0,0,0,0,0,0,0,0,0,0,0,0,0,0,1,0,0,0,0,0,0,0,0,1,1,0,0,0,19,17,7,7,16,36,5,68,1,5,6
1011.ps1,Token_Manipulation,1,158,1,157.0,157,1,2,3,3,0,0,0,0,9,1,0,2,0,3,0,0,0,0,0,5,2,3,0,0,0,0,0,0,0,0,0,0,0,0,0,0,0,0,0,0,0,0,0,0,0,0,0,0,0,0,0,0,0,0,0,0,0,0,0,0,0,0,0,0,0,0,0,0,0,0,0,0,0,0,0,0,0,0,0,0,0,0,0,0,0,0,0,1,1,0,1,0,0,0,2,1,4,5,0,2,0,0,2
1001.ps1,Token_Manipulation,1,2326,1,2325.0,2325,0,22,15,15,9,9,3,3,7,327,3,9,0,0,7,0,0,0,0,3,22,5,0,0,0,0,0,0,0,0,0,0,0,0,0,0,0,0,0,0,0,0,0,0,0,0,0,0,0,0,0,0,0,0,0,0,0,0,0,0,0,0,0,0,0,0,0,0,0,0,0,0,0,0,0,0,0,0,0,0,0,0,0,0,0,0,0,0,0,0,0,0,7,4,2,4,10,12,1,22,2,1,2
1038.ps1,Token_Manipulation,1,2251,1,2250.0,2250,0,22,15,15,9,9,3,3,7,309,3,9,0,0,7,0,0,0,0,4,22,5,0,0,0,0,0,0,0,0,0,0,0,0,0,0,0,0,0,0,0,0,0,0,0,0,0,0,0,0,0,0,0,0,0,0,0,0,0,0,0,0,0,0,0,0,0,0,0,0,0,0,0,0,0,0,0,0,0,0,0,0,0,0,0,0,0,0,0,0,0,0,7,4,2,4,10,12,1,22,2,1,2
1010.ps1,Token_Manipulation,1,2502,1,2501.0,2501,0,18,8,8,4,4,2,2,20,2,26,8,0,31,11,0,0,0,0,2,18,6,0,0,0,0,0,0,0,0,0,0,0,0,0,0,0,0,0,0,0,0,0,0,0,0,0,0,0,0,0,0,0,0,1,0,0,0,0,0,0,0,0,0,0,0,0,0,0,0,1,0,0,0,0,1,0,0,2,1,0,0,0,1,0,0,0,0,0,0,0,3,10,2,1,1,2,14,2,16,0,0,0
1003.ps1,Token_Manipulation,1,2238,1,2237.0,2237,0,22,15,15,9,9,3,3,7,309,3,9,0,0,7,0,0,0,0,5,22,5,0,0,0,0,0,0,0,0,0,0,0,0,0,0,0,0,0,0,0,0,0,0,0,0,0,0,0,0,0,0,0,0,0,0,0,0,0,0,0,0,0,0,0,0,0,0,0,0,0,0,0,0,0,0,0,0,0,0,0,0,0,0,0,0,0,0,0,0,0,0,7,4,2,4,10,12,1,22,2,1,2
1037.ps1,Token_Manipulation,1,140,1,139.0,139,1,0,2,2,0,0,0,0,8,1,0,2,0,3,0,0,0,0,0,5,0,3,0,0,0,0,0,0,0,0,0,0,0,0,0,0,0,0,0,0,0,0,0,0,0,0,0,0,0,0,0,0,0,0,0,0,0,0,0,0,0,0,0,0,0,0,0,0,0,0,0,0,0,0,0,0,0,0,0,0,0,0,0,0,0,0,0,1,1,0,1,0,0,0,2,1,3,7,0,0,0,0,1
101.ps1,Token_Manipulation,1,2282,1,2281.0,2281,0,22,15,15,9,9,3,3,7,318,3,9,0,0,7,0,0,0,0,4,22,5,0,0,0,0,0,0,0,0,0,0,0,0,0,0,0,0,0,0,0,0,0,0,0,0,0,0,0,0,0,0,0,0,0,0,0,0,0,0,0,0,0,0,0,0,0,0,0,0,0,0,0,0,0,0,0,0,0,0,0,0,0,0,0,0,0,0,0,0,0,0,7,4,2,4,10,12,1,22,2,1,2
1.ps1,Token_Manipulation,1,2451,1,2450.0,2450,0,22,15,15,9,9,3,3,7,352,3,9,0,0,7,0,0,0,0,3,22,5,0,0,0,0,0,0,0,0,0,0,0,0,0,0,0,0,0,0,0,0,0,0,0,0,0,0,0,0,0,0,0,0,0,0,0,0,0,0,0,0,0,0,0,0,0,0,0,0,0,0,0,0,0,0,0,0,0,0,0,0,0,0,0,0,0,0,0,0,0,0,7,4,2,4,10,12,1,22,2,1,2
1059.ps1,Token_Manipulation,1,2485,1,2484.0,2484,0,33,18,18,12,12,5,5,12,309,4,11,0,0,11,0,0,0,2,2,26,11,0,0,0,0,0,0,0,0,0,0,0,0,0,0,0,0,0,0,0,0,0,0,0,0,0,0,0,0,0,0,0,0,0,0,0,0,0,0,0,0,0,0,0,0,0,0,0,0,0,0,0,1,0,0,0,0,0,0,0,0,0,0,0,0,0,0,0,0,0,0,4,2,2,2,3,9,3,11,0,0,0
1063.ps1,Token_Manipulation,1,2328,1,2327.0,2327,0,22,15,15,9,9,3,3,7,327,3,9,0,0,7,0,0,0,0,5,22,5,0,0,0,0,0,0,0,0,0,0,0,0,0,0,0,0,0,0,0,0,0,0,0,0,0,0,0,0,0,0,0,0,0,0,0,0,0,0,0,0,0,0,0,0,0,0,0,0,0,0,0,0,0,0,0,0,0,0,0,0,0,0,0,0,0,0,0,0,0,0,7,4,2,4,10,12,1,22,2,1,2
108.ps1,Token_Manipulation,1,163,1,162.0,162,1,2,3,3,0,0,0,0,9,1,0,2,0,4,0,0,0,0,0,4,2,3,0,0,0,0,0,0,0,0,0,0,0,0,0,0,0,0,0,0,0,0,0,0,0,0,0,0,0,0,0,0,0,0,0,0,0,0,0,0,0,0,0,0,0,0,0,0,0,0,0,0,0,0,0,0,0,0,0,0,0,0,0,0,0,0,0,1,1,0,1,0,0,0,2,1,4,5,0,2,0,0,2
1053.ps1,Token_Manipulation,1,2452,1,2451.0,2451,0,22,15,15,9,9,3,3,7,352,3,9,0,0,7,0,0,0,0,4,22,5,0,0,0,0,0,0,0,0,0,0,0,0,0,0,0,0,0,0,0,0,0,0,0,0,0,0,0,0,0,0,0,0,0,0,0,0,0,0,0,0,0,0,0,0,0,0,0,0,0,0,0,0,0,0,0,0,0,0,0,0,0,0,0,0,0,0,0,0,0,0,7,4,2,4,10,12,1,22,2,1,2
1044.ps1,Token_Manipulation,1,2327,1,2326.0,2326,0,22,15,15,9,9,3,3,7,327,3,9,0,0,7,0,0,0,0,4,22,5,0,0,0,0,0,0,0,0,0,0,0,0,0,0,0,0,0,0,0,0,0,0,0,0,0,0,0,0,0,0,0,0,0,0,0,0,0,0,0,0,0,0,0,0,0,0,0,0,0,0,0,0,0,0,0,0,0,0,0,0,0,0,0,0,0,0,0,0,0,0,7,4,2,4,10,12,1,22,2,1,2
1051.ps1,Token_Manipulation,1,2451,1,2450.0,2450,0,22,15,15,9,9,3,3,7,352,3,9,0,0,7,0,0,0,0,3,22,5,0,0,0,0,0,0,0,0,0,0,0,0,0,0,0,0,0,0,0,0,0,0,0,0,0,0,0,0,0,0,0,0,0,0,0,0,0,0,0,0,0,0,0,0,0,0,0,0,0,0,0,0,0,0,0,0,0,0,0,0,0,0,0,0,0,0,0,0,0,0,7,4,2,4,10,12,1,22,2,1,2
1071.ps1,Token_Manipulation,1,2237,1,2236.0,2236,0,22,15,15,9,9,3,3,7,309,3,9,0,0,7,0,0,0,0,4,22,5,0,0,0,0,0,0,0,0,0,0,0,0,0,0,0,0,0,0,0,0,0,0,0,0,0,0,0,0,0,0,0,0,0,0,0,0,0,0,0,0,0,0,0,0,0,0,0,0,0,0,0,0,0,0,0,0,0,0,0,0,0,0,0,0,0,0,0,0,0,0,7,4,2,4,10,12,1,22,2,1,2
1078.ps1,Token_Manipulation,1,2236,1,2235.0,2235,0,22,15,15,9,9,3,3,7,309,3,9,0,0,7,0,0,0,0,3,22,5,0,0,0,0,0,0,0,0,0,0,0,0,0,0,0,0,0,0,0,0,0,0,0,0,0,0,0,0,0,0,0,0,0,0,0,0,0,0,0,0,0,0,0,0,0,0,0,0,0,0,0,0,0,0,0,0,0,0,0,0,0,0,0,0,0,0,0,0,0,0,7,4,2,4,10,12,1,22,2,1,2
1062.ps1,Token_Manipulation,1,2238,1,2237.0,2237,0,22,15,15,9,9,3,3,7,309,3,9,0,0,7,0,0,0,0,5,22,5,0,0,0,0,0,0,0,0,0,0,0,0,0,0,0,0,0,0,0,0,0,0,0,0,0,0,0,0,0,0,0,0,0,0,0,0,0,0,0,0,0,0,0,0,0,0,0,0,0,0,0,0,0,0,0,0,0,0,0,0,0,0,0,0,0,0,0,0,0,0,7,4,2,4,10,12,1,22,2,1,2
1081.ps1,Token_Manipulation,1,2237,1,2236.0,2236,0,22,15,15,9,9,3,3,7,309,3,9,0,0,7,0,0,0,0,4,22,5,0,0,0,0,0,0,0,0,0,0,0,0,0,0,0,0,0,0,0,0,0,0,0,0,0,0,0,0,0,0,0,0,0,0,0,0,0,0,0,0,0,0,0,0,0,0,0,0,0,0,0,0,0,0,0,0,0,0,0,0,0,0,0,0,0,0,0,0,0,0,7,4,2,4,10,12,1,22,2,1,2
1070.ps1,Token_Manipulation,1,2237,1,2236.0,2236,0,22,15,15,9,9,3,3,7,309,3,9,0,0,7,0,0,0,0,4,22,5,0,0,0,0,0,0,0,0,0,0,0,0,0,0,0,0,0,0,0,0,0,0,0,0,0,0,0,0,0,0,0,0,0,0,0,0,0,0,0,0,0,0,0,0,0,0,0,0,0,0,0,0,0,0,0,0,0,0,0,0,0,0,0,0,0,0,0,0,0,0,7,4,2,4,10,12,1,22,2,1,2
1058.ps1,Token_Manipulation,1,2327,1,2326.0,2326,0,22,15,15,9,9,3,3,7,327,3,9,0,0,7,0,0,0,0,4,22,5,0,0,0,0,0,0,0,0,0,0,0,0,0,0,0,0,0,0,0,0,0,0,0,0,0,0,0,0,0,0,0,0,0,0,0,0,0,0,0,0,0,0,0,0,0,0,0,0,0,0,0,0,0,0,0,0,0,0,0,0,0,0,0,0,0,0,0,0,0,0,7,4,2,4,10,12,1,22,2,1,2
1092.ps1,Token_Manipulation,1,176,1,175.0,175,1,4,3,3,0,0,0,0,6,1,1,2,0,3,1,0,0,0,0,6,4,2,0,0,0,0,0,0,0,0,0,0,0,0,0,0,0,0,0,0,0,0,0,0,0,0,0,0,0,0,0,0,0,0,0,0,0,0,0,0,0,0,0,0,0,0,0,0,0,0,0,0,0,0,0,0,0,0,0,0,0,0,0,0,0,0,0,1,1,0,1,0,1,1,2,1,4,6,0,4,0,0,2
1096.ps1,Token_Manipulation,1,2237,1,2236.0,2236,0,22,15,15,9,9,3,3,7,309,3,9,0,0,7,0,0,0,0,4,22,5,0,0,0,0,0,0,0,0,0,0,0,0,0,0,0,0,0,0,0,0,0,0,0,0,0,0,0,0,0,0,0,0,0,0,0,0,0,0,0,0,0,0,0,0,0,0,0,0,0,0,0,0,0,0,0,0,0,0,0,0,0,0,0,0,0,0,0,0,0,0,7,4,2,4,10,12,1,22,2,1,2
1095.ps1,Token_Manipulation,1,2341,1,2340.0,2340,0,22,15,15,9,9,3,3,7,327,3,9,0,0,7,0,0,0,0,5,22,5,0,0,0,0,0,0,0,0,0,0,0,0,0,0,0,0,0,0,0,0,0,0,0,0,0,0,0,0,0,0,0,0,0,0,0,0,0,0,0,0,0,0,0,0,0,0,0,0,0,0,0,0,0,0,0,0,0,0,0,0,0,0,0,0,0,0,0,0,0,0,7,4,2,4,10,12,1,22,2,1,2
1084.ps1,Token_Manipulation,1,2206,1,2205.0,2205,0,22,15,15,9,9,3,3,7,300,3,9,0,0,7,0,0,0,0,4,22,5,0,0,0,0,0,0,0,0,0,0,0,0,0,0,0,0,0,0,0,0,0,0,0,0,0,0,0,0,0,0,0,0,0,0,0,0,0,0,0,0,0,0,0,0,0,0,0,0,0,0,0,0,0,0,0,0,0,0,0,0,0,0,0,0,0,0,0,0,0,0,7,4,2,4,10,12,1,22,2,1,2
1072.ps1,Token_Manipulation,1,2337,1,2336.0,2336,0,22,15,15,9,9,3,3,7,327,3,9,0,0,7,0,0,0,0,4,22,5,0,0,0,0,0,0,0,0,0,0,0,0,0,0,0,0,0,0,0,0,0,0,0,0,0,0,0,0,0,0,0,0,0,0,0,0,0,0,0,0,0,0,0,0,0,0,0,0,0,0,0,0,0,0,0,0,0,0,0,0,0,0,0,0,0,0,0,0,0,0,7,4,2,4,10,12,1,22,2,1,2
1088.ps1,Token_Manipulation,1,2416,1,2415.0,2415,0,22,15,15,9,9,3,3,7,345,3,9,0,0,7,0,0,0,0,3,22,5,0,0,0,0,0,0,0,0,0,0,0,0,0,0,0,0,0,0,0,0,0,0,0,0,0,0,0,0,0,0,0,0,0,0,0,0,0,0,0,0,0,0,0,0,0,0,0,0,0,0,0,0,0,0,0,0,0,0,0,0,0,0,0,0,0,0,0,0,0,0,7,4,2,4,10,12,1,22,2,1,2
1102.ps1,Token_Manipulation,1,2986,1,2985.0,2985,0,1,3,3,2,2,1,1,0,679,0,2,0,0,0,0,1,0,0,1,1,0,0,0,0,0,0,0,0,0,0,0,0,0,0,0,0,0,0,0,0,0,0,0,0,0,0,0,0,0,0,0,0,0,0,0,0,0,0,0,0,0,0,0,0,0,0,0,0,0,0,0,0,0,0,0,0,0,0,0,0,0,0,0,0,0,0,0,0,0,0,0,0,1,2,0,5,2,1,1,1,1,3
1093.ps1,Token_Manipulation,1,2238,1,2237.0,2237,0,22,15,15,9,9,3,3,7,309,3,9,0,0,7,0,0,0,0,5,22,5,0,0,0,0,0,0,0,0,0,0,0,0,0,0,0,0,0,0,0,0,0,0,0,0,0,0,0,0,0,0,0,0,0,0,0,0,0,0,0,0,0,0,0,0,0,0,0,0,0,0,0,0,0,0,0,0,0,0,0,0,0,0,0,0,0,0,0,0,0,0,7,4,2,4,10,12,1,22,2,1,2
1087.ps1,Token_Manipulation,1,2485,1,2484.0,2484,0,33,18,18,12,12,5,5,12,309,4,11,0,0,11,0,0,0,2,2,26,11,0,0,0,0,0,0,0,0,0,0,0,0,0,0,0,0,0,0,0,0,0,0,0,0,0,0,0,0,0,0,0,0,0,0,0,0,0,0,0,0,0,0,0,0,0,0,0,0,0,0,0,1,0,0,0,0,0,0,0,0,0,0,0,0,0,0,0,0,0,0,4,2,2,2,3,9,3,11,0,0,0
1107.ps1,Token_Manipulation,1,2322,1,2321.0,2321,0,18,8,8,4,4,2,2,20,2,27,8,0,30,11,0,0,0,0,2,18,6,0,0,0,0,0,0,0,0,0,0,0,0,0,0,0,0,0,0,0,0,0,0,0,0,0,0,0,0,0,0,0,1,2,0,0,0,0,0,0,0,0,0,0,0,0,0,0,0,1,0,0,0,0,1,0,0,2,1,0,0,0,1,0,0,0,0,0,0,0,3,10,2,1,1,2,14,2,16,0,0,0
1110.ps1,Token_Manipulation,1,448,1,447.0,447,1,15,6,7,8,8,1,1,22,1,3,5,0,5,7,0,2,0,0,3,15,5,0,0,0,0,0,0,0,0,0,0,0,0,0,0,0,0,0,0,0,0,0,0,0,0,0,0,0,0,0,0,0,0,0,0,0,0,0,0,0,0,0,0,0,0,0,0,0,0,0,0,0,0,0,0,0,0,0,0,0,0,0,0,0,0,0,1,1,1,0,0,7,3,3,2,8,18,2,15,2,0,3
1098.ps1,Token_Manipulation,1,2237,1,2236.0,2236,0,22,15,15,9,9,3,3,7,309,3,9,0,0,7,0,0,0,0,4,22,5,0,0,0,0,0,0,0,0,0,0,0,0,0,0,0,0,0,0,0,0,0,0,0,0,0,0,0,0,0,0,0,0,0,0,0,0,0,0,0,0,0,0,0,0,0,0,0,0,0,0,0,0,0,0,0,0,0,0,0,0,0,0,0,0,0,0,0,0,0,0,7,4,2,4,10,12,1,22,2,1,2
1099.ps1,Token_Manipulation,1,2236,1,2235.0,2235,0,22,15,15,9,9,3,3,7,309,3,9,0,0,7,0,0,0,0,3,22,5,0,0,0,0,0,0,0,0,0,0,0,0,0,0,0,0,0,0,0,0,0,0,0,0,0,0,0,0,0,0,0,0,0,0,0,0,0,0,0,0,0,0,0,0,0,0,0,0,0,0,0,0,0,0,0,0,0,0,0,0,0,0,0,0,0,0,0,0,0,0,7,4,2,4,10,12,1,22,2,1,2
1118.ps1,Token_Manipulation,1,171,1,170.0,170,0,2,3,3,0,0,0,0,8,1,0,2,0,3,0,0,0,0,0,5,2,3,0,0,0,0,0,0,0,0,0,0,0,0,0,0,0,0,0,0,0,0,0,0,0,0,0,0,0,0,0,0,0,0,0,0,0,0,0,0,0,0,0,0,0,0,0,0,0,0,0,0,0,0,0,0,0,0,0,0,0,0,0,0,0,0,0,1,1,0,1,0,0,0,2,1,4,5,0,2,0,0,2
1117.ps1,Token_Manipulation,1,2249,1,2248.0,2248,0,22,15,15,9,9,3,3,7,309,3,9,0,0,7,0,0,0,0,4,22,5,0,0,0,0,0,0,0,0,0,0,0,0,0,0,0,0,0,0,0,0,0,0,0,0,0,0,0,0,0,0,0,0,0,0,0,0,0,0,0,0,0,0,0,0,0,0,0,0,0,0,0,0,0,0,0,0,0,0,0,0,0,0,0,0,0,0,0,0,0,0,7,4,2,4,10,12,1,22,2,1,2
110.ps1,Token_Manipulation,1,2237,1,2236.0,2236,0,22,15,15,9,9,3,3,7,309,3,9,0,0,7,0,0,0,0,4,22,5,0,0,0,0,0,0,0,0,0,0,0,0,0,0,0,0,0,0,0,0,0,0,0,0,0,0,0,0,0,0,0,0,0,0,0,0,0,0,0,0,0,0,0,0,0,0,0,0,0,0,0,0,0,0,0,0,0,0,0,0,0,0,0,0,0,0,0,0,0,0,7,4,2,4,10,12,1,22,2,1,2
1120.ps1,Token_Manipulation,1,2237,1,2236.0,2236,0,22,15,15,9,9,3,3,7,309,3,9,0,0,7,0,0,0,0,4,22,5,0,0,0,0,0,0,0,0,0,0,0,0,0,0,0,0,0,0,0,0,0,0,0,0,0,0,0,0,0,0,0,0,0,0,0,0,0,0,0,0,0,0,0,0,0,0,0,0,0,0,0,0,0,0,0,0,0,0,0,0,0,0,0,0,0,0,0,0,0,0,7,4,2,4,10,12,1,22,2,1,2
1108.ps1,Token_Manipulation,1,2342,1,2341.0,2341,0,22,15,15,9,9,3,3,7,327,3,9,0,0,7,0,0,0,0,4,19,5,0,0,0,0,0,0,0,0,0,0,0,0,0,0,0,0,0,0,0,0,0,0,0,0,0,0,0,0,0,0,0,0,0,0,0,0,0,0,0,0,0,0,0,0,0,0,0,0,0,0,0,0,0,0,0,0,0,0,0,0,0,0,0,0,0,0,0,0,0,0,7,4,2,4,10,12,1,22,2,1,2
1101.ps1,Token_Manipulation,1,2282,1,2281.0,2281,0,22,15,15,9,9,3,3,7,318,3,9,0,0,7,0,0,0,0,4,22,5,0,0,0,0,0,0,0,0,0,0,0,0,0,0,0,0,0,0,0,0,0,0,0,0,0,0,0,0,0,0,0,0,0,0,0,0,0,0,0,0,0,0,0,0,0,0,0,0,0,0,0,0,0,0,0,0,0,0,0,0,0,0,0,0,0,0,0,0,0,0,7,4,2,4,10,12,1,22,2,1,2
1126.ps1,Token_Manipulation,1,146,1,145.0,145,1,2,3,3,0,0,0,0,6,1,0,2,0,4,0,0,0,0,0,5,2,3,0,0,0,0,0,0,0,0,0,0,0,0,0,0,0,0,0,0,0,0,0,0,0,0,0,0,0,0,0,0,0,0,0,0,0,0,0,0,0,0,0,0,0,0,0,0,0,0,0,0,0,0,0,0,0,0,0,0,0,0,0,0,0,0,0,1,1,0,1,0,0,0,2,1,4,5,0,2,0,0,2
1129.ps1,Token_Manipulation,1,149,1,148.0,148,1,2,3,3,0,0,0,0,8,1,0,2,0,3,0,0,0,0,0,6,2,3,0,0,0,0,0,0,0,0,0,0,0,0,0,0,0,0,0,0,0,0,0,0,0,0,0,0,0,0,0,0,0,0,0,0,0,0,0,0,0,0,0,0,0,0,0,0,0,0,0,0,0,0,0,0,0,0,0,0,0,0,0,0,0,0,0,1,1,0,1,0,0,0,2,1,4,5,0,2,0,0,2
1119.ps1,Token_Manipulation,1,2237,1,2236.0,2236,0,22,15,15,9,9,3,3,7,309,3,9,0,0,7,0,0,0,0,4,22,5,0,0,0,0,0,0,0,0,0,0,0,0,0,0,0,0,0,0,0,0,0,0,0,0,0,0,0,0,0,0,0,0,0,0,0,0,0,0,0,0,0,0,0,0,0,0,0,0,0,0,0,0,0,0,0,0,0,0,0,0,0,0,0,0,0,0,0,0,0,0,7,4,2,4,10,12,1,22,2,1,2
1128.ps1,Token_Manipulation,1,2327,1,2326.0,2326,0,22,15,15,9,9,3,3,7,327,3,9,0,0,7,0,0,0,0,4,22,5,0,0,0,0,0,0,0,0,0,0,0,0,0,0,0,0,0,0,0,0,0,0,0,0,0,0,0,0,0,0,0,0,0,0,0,0,0,0,0,0,0,0,0,0,0,0,0,0,0,0,0,0,0,0,0,0,0,0,0,0,0,0,0,0,0,0,0,0,0,0,7,4,2,4,10,12,1,22,2,1,2
1123.ps1,Token_Manipulation,1,2237,1,2236.0,2236,0,22,15,15,9,9,3,3,7,309,3,9,0,0,7,0,0,0,0,4,22,5,0,0,0,0,0,0,0,0,0,0,0,0,0,0,0,0,0,0,0,0,0,0,0,0,0,0,0,0,0,0,0,0,0,0,0,0,0,0,0,0,0,0,0,0,0,0,0,0,0,0,0,0,0,0,0,0,0,0,0,0,0,0,0,0,0,0,0,0,0,0,7,4,2,4,10,12,1,22,2,1,2
113.ps1,Token_Manipulation,1,2237,1,2236.0,2236,0,22,15,15,9,9,3,3,7,309,3,9,0,0,7,0,0,0,0,4,22,5,0,0,0,0,0,0,0,0,0,0,0,0,0,0,0,0,0,0,0,0,0,0,0,0,0,0,0,0,0,0,0,0,0,0,0,0,0,0,0,0,0,0,0,0,0,0,0,0,0,0,0,0,0,0,0,0,0,0,0,0,0,0,0,0,0,0,0,0,0,0,7,4,2,4,10,12,1,22,2,1,2
1127.ps1,Token_Manipulation,1,2308,1,2307.0,2307,0,24,15,15,11,11,3,3,7,309,3,9,0,0,8,0,0,0,0,5,24,5,0,0,0,0,0,0,0,0,0,0,0,0,0,0,0,0,0,0,0,0,0,0,0,0,0,0,0,0,0,0,0,0,0,0,0,0,0,0,0,0,0,0,0,0,0,0,0,0,0,0,0,0,0,0,0,0,0,0,0,0,0,0,0,0,0,0,0,0,0,0,8,4,2,4,10,12,1,24,3,1,2
1137.ps1,Token_Manipulation,1,2327,1,2326.0,2326,0,22,15,15,9,9,3,3,7,327,3,9,0,0,7,0,0,0,0,4,22,5,0,0,0,0,0,0,0,0,0,0,0,0,0,0,0,0,0,0,0,0,0,0,0,0,0,0,0,0,0,0,0,0,0,0,0,0,0,0,0,0,0,0,0,0,0,0,0,0,0,0,0,0,0,0,0,0,0,0,0,0,0,0,0,0,0,0,0,0,0,0,7,4,2,4,10,12,1,22,2,1,2
1142.ps1,Token_Manipulation,1,178,1,177.0,177,1,1,3,3,1,1,1,1,7,0,0,2,0,3,1,0,0,0,0,4,1,1,0,0,0,0,0,0,0,0,0,0,0,0,0,0,0,0,0,0,0,0,0,0,0,0,0,0,0,0,0,0,0,0,0,0,0,0,0,0,0,0,0,0,0,0,0,0,0,0,0,0,0,0,0,0,0,0,1,0,0,0,0,0,0,0,0,0,1,1,0,0,1,0,2,1,4,6,1,1,0,0,2
1135.ps1,Token_Manipulation,1,2343,1,2342.0,2342,0,22,15,15,9,9,3,3,7,327,3,9,0,0,7,0,0,0,0,5,22,5,0,0,0,0,0,0,0,0,0,0,0,0,0,0,0,0,0,0,0,0,0,0,0,0,0,0,0,0,0,0,0,0,0,0,0,0,0,0,0,0,0,0,0,0,0,0,0,0,0,0,0,0,0,0,0,0,0,0,0,0,0,0,0,0,0,0,0,0,0,0,7,4,2,4,10,12,1,22,2,1,2
1146.ps1,Token_Manipulation,1,149,1,148.0,148,1,2,3,3,0,0,0,0,8,1,0,2,0,3,0,0,0,0,0,4,2,3,0,0,0,0,0,0,0,0,0,0,0,0,0,0,0,0,0,0,0,0,0,0,0,0,0,0,0,0,0,0,0,0,0,0,0,0,0,0,0,0,0,0,0,0,0,0,0,0,0,0,0,0,0,0,0,0,0,0,0,0,0,0,0,0,0,1,1,0,1,0,0,0,2,1,4,5,0,2,0,0,2
1132.ps1,Token_Manipulation,1,2643,1,2642.0,2642,0,22,15,15,9,9,3,3,7,390,3,9,0,0,7,0,0,0,0,5,22,5,0,0,0,0,0,0,0,0,0,0,0,0,0,0,0,0,0,0,0,0,0,0,0,0,0,0,0,0,0,0,0,0,0,0,0,0,0,0,0,0,0,0,0,0,0,0,0,0,0,0,0,0,0,0,0,0,0,0,0,0,0,0,0,0,0,0,0,0,0,0,7,4,2,4,10,12,1,22,2,1,2
1131.ps1,Token_Manipulation,1,122,1,121.0,121,1,0,2,2,0,0,0,0,7,1,0,2,0,3,0,0,0,0,0,5,0,3,0,0,0,0,0,0,0,0,0,0,0,0,0,0,0,0,0,0,0,0,0,0,0,0,0,0,0,0,0,0,0,0,0,0,0,0,0,0,0,0,0,0,0,0,0,0,0,0,0,0,0,0,0,0,0,0,0,0,0,0,0,0,0,0,0,1,1,0,1,0,0,0,2,1,3,7,0,0,0,0,1
1138.ps1,Token_Manipulation,1,2238,1,2237.0,2237,0,22,15,15,9,9,3,3,7,309,3,9,0,0,7,0,0,0,0,5,22,5,0,0,0,0,0,0,0,0,0,0,0,0,0,0,0,0,0,0,0,0,0,0,0,0,0,0,0,0,0,0,0,0,0,0,0,0,0,0,0,0,0,0,0,0,0,0,0,0,0,0,0,0,0,0,0,0,0,0,0,0,0,0,0,0,0,0,0,0,0,0,7,4,2,4,10,12,1,22,2,1,2
1149.ps1,Token_Manipulation,1,2222,1,2221.0,2221,0,22,15,15,9,9,3,3,7,306,3,9,0,0,7,0,0,0,0,4,22,5,0,0,0,0,0,0,0,0,0,0,0,0,0,0,0,0,0,0,0,0,0,0,0,0,0,0,0,0,0,0,0,0,0,0,0,0,0,0,0,0,0,0,0,0,0,0,0,0,0,0,0,0,0,0,0,0,0,0,0,0,0,0,0,0,0,0,0,0,0,0,7,4,2,4,10,12,1,22,2,1,2
1150.ps1,Token_Manipulation,1,252,1,251.0,251,1,0,2,2,0,0,0,0,8,0,0,8,0,9,0,0,0,0,0,8,0,1,0,0,0,0,0,0,0,0,0,0,0,0,0,0,0,0,0,0,0,0,0,0,0,0,0,0,0,0,0,0,0,0,0,0,0,1,0,0,0,0,0,0,0,1,0,0,0,1,0,0,0,0,0,0,0,0,0,0,0,0,0,0,0,0,0,0,1,1,0,0,0,0,3,1,3,8,0,0,0,0,1
1156.ps1,Token_Manipulation,1,2327,1,2326.0,2326,0,22,15,15,9,9,3,3,7,327,3,9,0,0,7,0,0,0,0,4,22,5,0,0,0,0,0,0,0,0,0,0,0,0,0,0,0,0,0,0,0,0,0,0,0,0,0,0,0,0,0,0,0,0,0,0,0,0,0,0,0,0,0,0,0,0,0,0,0,0,0,0,0,0,0,0,0,0,0,0,0,0,0,0,0,0,0,0,0,0,0,0,7,4,2,4,10,12,1,22,2,1,2
1139.ps1,Token_Manipulation,1,2237,1,2236.0,2236,0,22,15,15,9,9,3,3,7,309,3,9,0,0,7,0,0,0,0,4,22,5,0,0,0,0,0,0,0,0,0,0,0,0,0,0,0,0,0,0,0,0,0,0,0,0,0,0,0,0,0,0,0,0,0,0,0,0,0,0,0,0,0,0,0,0,0,0,0,0,0,0,0,0,0,0,0,0,0,0,0,0,0,0,0,0,0,0,0,0,0,0,7,4,2,4,10,12,1,22,2,1,2
1145.ps1,Token_Manipulation,1,2237,1,2236.0,2236,0,22,15,15,9,9,3,3,7,309,3,9,0,0,7,0,0,0,0,4,22,5,0,0,0,0,0,0,0,0,0,0,0,0,0,0,0,0,0,0,0,0,0,0,0,0,0,0,0,0,0,0,0,0,0,0,0,0,0,0,0,0,0,0,0,0,0,0,0,0,0,0,0,0,0,0,0,0,0,0,0,0,0,0,0,0,0,0,0,0,0,0,7,4,2,4,10,12,1,22,2,1,2
1163.ps1,Token_Manipulation,1,2893,1,2892.0,2892,0,22,15,15,9,9,3,3,7,440,3,9,0,0,7,0,0,0,0,5,22,5,0,0,0,0,0,0,0,0,0,0,0,0,0,0,0,0,0,0,0,0,0,0,0,0,0,0,0,0,0,0,0,0,0,0,0,0,0,0,0,0,0,0,0,0,0,0,0,0,0,0,0,0,0,0,0,0,0,0,0,0,0,0,0,0,0,0,0,0,0,0,7,4,2,4,10,12,1,22,2,1,2
1158.ps1,Token_Manipulation,1,2328,1,2327.0,2327,0,22,15,15,9,9,3,3,7,327,3,9,0,0,7,0,0,0,0,5,22,5,0,0,0,0,0,0,0,0,0,0,0,0,0,0,0,0,0,0,0,0,0,0,0,0,0,0,0,0,0,0,0,0,0,0,0,0,0,0,0,0,0,0,0,0,0,0,0,0,0,0,0,0,0,0,0,0,0,0,0,0,0,0,0,0,0,0,0,0,0,0,7,4,2,4,10,12,1,22,2,1,2
116.ps1,Token_Manipulation,1,2451,1,2450.0,2450,0,22,15,15,9,9,3,3,7,352,3,9,0,0,7,0,0,0,0,3,22,5,0,0,0,0,0,0,0,0,0,0,0,0,0,0,0,0,0,0,0,0,0,0,0,0,0,0,0,0,0,0,0,0,0,0,0,0,0,0,0,0,0,0,0,0,0,0,0,0,0,0,0,0,0,0,0,0,0,0,0,0,0,0,0,0,0,0,0,0,0,0,7,4,2,4,10,12,1,22,2,1,2
1160.ps1,Token_Manipulation,1,2130,1,2129.0,2129,0,2,6,6,2,2,0,0,7,2,27,3,0,29,1,0,0,0,0,8,2,1,0,0,0,0,0,0,0,0,0,0,0,0,0,0,0,0,0,0,0,0,0,0,0,0,0,0,0,0,0,0,0,0,2,0,0,0,0,0,0,0,0,0,0,0,0,0,0,0,1,0,0,0,0,1,0,0,0,0,0,0,0,0,0,0,0,0,0,0,0,0,1,0,4,2,6,11,2,2,0,2,4
1159.ps1,Token_Manipulation,1,2452,1,2451.0,2451,0,22,15,15,9,9,3,3,7,352,3,9,0,0,7,0,0,0,0,4,22,5,0,0,0,0,0,0,0,0,0,0,0,0,0,0,0,0,0,0,0,0,0,0,0,0,0,0,0,0,0,0,0,0,0,0,0,0,0,0,0,0,0,0,0,0,0,0,0,0,0,0,0,0,0,0,0,0,0,0,0,0,0,0,0,0,0,0,0,0,0,0,7,4,2,4,10,12,1,22,2,1,2
1162.ps1,Token_Manipulation,1,2336,1,2335.0,2335,0,22,15,15,9,9,3,3,7,327,3,9,0,0,7,0,0,0,0,3,22,5,0,0,0,0,0,0,0,0,0,0,0,0,0,0,0,0,0,0,0,0,0,0,0,0,0,0,0,0,0,0,0,0,0,0,0,0,0,0,0,0,0,0,0,0,0,0,0,0,0,0,0,0,0,0,0,0,0,0,0,0,0,0,0,0,0,0,0,0,0,0,7,4,2,4,10,12,1,22,2,1,2
1164.ps1,Token_Manipulation,1,2248,1,2247.0,2247,0,22,15,15,9,9,3,3,7,309,3,9,0,0,7,0,0,0,0,5,22,5,0,0,0,0,0,0,0,0,0,0,0,0,0,0,0,0,0,0,0,0,0,0,0,0,0,0,0,0,0,0,0,0,0,0,0,0,0,0,0,0,0,0,0,0,0,0,0,0,0,0,0,0,0,0,0,0,0,0,0,0,0,0,0,0,0,0,0,0,0,0,7,4,2,4,10,12,1,22,2,1,2
1170.ps1,Token_Manipulation,1,2237,1,2236.0,2236,0,22,15,15,9,9,3,3,7,309,3,9,0,0,7,0,0,0,0,4,22,5,0,0,0,0,0,0,0,0,0,0,0,0,0,0,0,0,0,0,0,0,0,0,0,0,0,0,0,0,0,0,0,0,0,0,0,0,0,0,0,0,0,0,0,0,0,0,0,0,0,0,0,0,0,0,0,0,0,0,0,0,0,0,0,0,0,0,0,0,0,0,7,4,2,4,10,12,1,22,2,1,2
118.ps1,Token_Manipulation,1,2237,1,2236.0,2236,0,22,15,15,9,9,3,3,7,309,3,9,0,0,7,0,0,0,0,4,22,5,0,0,0,0,0,0,0,0,0,0,0,0,0,0,0,0,0,0,0,0,0,0,0,0,0,0,0,0,0,0,0,0,0,0,0,0,0,0,0,0,0,0,0,0,0,0,0,0,0,0,0,0,0,0,0,0,0,0,0,0,0,0,0,0,0,0,0,0,0,0,7,4,2,4,10,12,1,22,2,1,2
1169.ps1,Token_Manipulation,1,2236,1,2235.0,2235,0,22,15,15,9,9,3,3,7,309,3,9,0,0,7,0,0,0,0,3,22,5,0,0,0,0,0,0,0,0,0,0,0,0,0,0,0,0,0,0,0,0,0,0,0,0,0,0,0,0,0,0,0,0,0,0,0,0,0,0,0,0,0,0,0,0,0,0,0,0,0,0,0,0,0,0,0,0,0,0,0,0,0,0,0,0,0,0,0,0,0,0,7,4,2,4,10,12,1,22,2,1,2
1189.ps1,Token_Manipulation,1,2328,1,2327.0,2327,0,22,15,15,9,9,3,3,7,327,3,9,0,0,7,0,0,0,0,5,22,5,0,0,0,0,0,0,0,0,0,0,0,0,0,0,0,0,0,0,0,0,0,0,0,0,0,0,0,0,0,0,0,0,0,0,0,0,0,0,0,0,0,0,0,0,0,0,0,0,0,0,0,0,0,0,0,0,0,0,0,0,0,0,0,0,0,0,0,0,0,0,7,4,2,4,10,12,1,22,2,1,2
1171.ps1,Token_Manipulation,1,2327,1,2326.0,2326,0,22,15,15,9,9,3,3,7,327,3,9,0,0,7,0,0,0,0,4,22,5,0,0,0,0,0,0,0,0,0,0,0,0,0,0,0,0,0,0,0,0,0,0,0,0,0,0,0,0,0,0,0,0,0,0,0,0,0,0,0,0,0,0,0,0,0,0,0,0,0,0,0,0,0,0,0,0,0,0,0,0,0,0,0,0,0,0,0,0,0,0,7,4,2,4,10,12,1,22,2,1,2
1188.ps1,Token_Manipulation,1,2453,1,2452.0,2452,0,22,15,15,9,9,3,3,7,352,3,9,0,0,7,0,0,0,0,5,22,5,0,0,0,0,0,0,0,0,0,0,0,0,0,0,0,0,0,0,0,0,0,0,0,0,0,0,0,0,0,0,0,0,0,0,0,0,0,0,0,0,0,0,0,0,0,0,0,0,0,0,0,0,0,0,0,0,0,0,0,0,0,0,0,0,0,0,0,0,0,0,7,4,2,4,10,12,1,22,2,1,2
1176.ps1,Token_Manipulation,1,2703,1,2702.0,2702,0,22,15,15,9,9,3,3,7,402,3,9,0,0,7,0,0,0,0,5,22,5,0,0,0,0,0,0,0,0,0,0,0,0,0,0,0,0,0,0,0,0,0,0,0,0,0,0,0,0,0,0,0,0,0,0,0,0,0,0,0,0,0,0,0,0,0,0,0,0,0,0,0,0,0,0,0,0,0,0,0,0,0,0,0,0,0,0,0,0,0,0,7,4,2,4,10,12,1,22,2,1,2
119.ps1,Token_Manipulation,1,143,1,142.0,142,1,0,2,2,0,0,0,0,8,1,0,2,0,6,0,0,0,0,0,4,0,3,0,0,0,0,0,0,0,0,0,0,0,0,0,0,0,0,0,0,0,0,0,0,0,0,0,0,0,0,0,0,0,0,0,0,0,0,0,0,0,0,0,0,0,0,0,0,0,0,0,0,0,0,0,0,0,0,0,0,0,0,0,0,0,0,0,1,1,0,1,0,0,0,2,1,3,7,0,0,0,0,1
1200.ps1,Token_Manipulation,1,139,1,138.0,138,1,2,3,3,0,0,0,0,8,1,0,2,0,4,0,0,0,0,0,5,2,3,0,0,0,0,0,0,0,0,0,0,0,0,0,0,0,0,0,0,0,0,0,0,0,0,0,0,0,0,0,0,0,0,0,0,0,0,0,0,0,0,0,0,0,0,0,0,0,0,0,0,0,0,0,0,0,0,0,0,0,0,0,0,0,0,0,1,1,0,1,0,0,0,2,1,4,5,0,2,0,0,2
1192.ps1,Token_Manipulation,1,2251,1,2250.0,2250,0,22,15,15,9,9,3,3,7,309,3,9,0,0,7,0,0,0,0,4,22,5,0,0,0,0,0,0,0,0,0,0,0,0,0,0,0,0,0,0,0,0,0,0,0,0,0,0,0,0,0,0,0,0,0,0,0,0,0,0,0,0,0,0,0,0,0,0,0,0,0,0,0,0,0,0,0,0,0,0,0,0,0,0,0,0,0,0,0,0,0,0,7,4,2,4,10,12,1,22,2,1,2
1167.ps1,Token_Manipulation,1,2237,1,2236.0,2236,0,22,15,15,9,9,3,3,7,309,3,9,0,0,7,0,0,0,0,4,22,5,0,0,0,0,0,0,0,0,0,0,0,0,0,0,0,0,0,0,0,0,0,0,0,0,0,0,0,0,0,0,0,0,0,0,0,0,0,0,0,0,0,0,0,0,0,0,0,0,0,0,0,0,0,0,0,0,0,0,0,0,0,0,0,0,0,0,0,0,0,0,7,4,2,4,10,12,1,22,2,1,2
1194.ps1,Token_Manipulation,1,3507,1,3506.0,3506,0,22,15,15,9,9,3,3,7,563,3,9,0,0,7,0,0,0,0,4,22,5,0,0,0,0,0,0,0,0,0,0,0,0,0,0,0,0,0,0,0,0,0,0,0,0,0,0,0,0,0,0,0,0,0,0,0,0,0,0,0,0,0,0,0,0,0,0,0,0,0,0,0,0,0,0,0,0,0,0,0,0,0,0,0,0,0,0,0,0,0,0,7,4,2,4,10,12,1,22,2,1,2
1212.ps1,Token_Manipulation,1,3187,1,3186.0,3186,0,22,15,15,9,9,3,3,7,499,3,9,0,0,7,0,0,0,0,4,22,5,0,0,0,0,0,0,0,0,0,0,0,0,0,0,0,0,0,0,0,0,0,0,0,0,0,0,0,0,0,0,0,0,0,0,0,0,0,0,0,0,0,0,0,0,0,0,0,0,0,0,0,0,0,0,0,0,0,0,0,0,0,0,0,0,0,0,0,0,0,0,7,4,2,4,10,12,1,22,2,1,2
1199.ps1,Token_Manipulation,1,529,1,528.0,528,1,16,6,6,8,9,3,2,24,1,2,4,1,5,9,0,2,0,0,4,16,5,0,0,0,0,0,0,0,0,0,0,0,0,0,0,0,0,0,0,0,0,0,0,0,0,0,0,0,0,0,0,0,0,0,0,0,0,0,0,0,0,0,0,0,0,0,0,0,0,0,0,0,0,0,0,0,0,1,0,0,0,0,0,0,0,0,1,1,1,0,0,8,3,3,2,9,19,3,16,2,0,3
12.ps1,Token_Manipulation,1,2238,1,2237.0,2237,0,22,15,15,9,9,3,3,7,309,3,9,0,0,7,0,0,0,0,5,22,5,0,0,0,0,0,0,0,0,0,0,0,0,0,0,0,0,0,0,0,0,0,0,0,0,0,0,0,0,0,0,0,0,0,0,0,0,0,0,0,0,0,0,0,0,0,0,0,0,0,0,0,0,0,0,0,0,0,0,0,0,0,0,0,0,0,0,0,0,0,0,7,4,2,4,10,12,1,22,2,1,2
1206.ps1,Token_Manipulation,1,199,1,198.0,198,1,4,2,2,2,2,0,0,10,0,0,1,0,3,3,0,0,0,0,4,4,1,0,0,0,0,0,0,0,0,0,0,0,0,0,0,0,0,0,0,0,0,0,0,0,0,0,0,0,0,0,0,0,0,0,0,0,0,0,0,0,0,0,0,0,0,0,0,0,0,0,0,0,0,0,0,0,0,0,0,0,0,0,0,0,0,0,0,1,1,0,0,3,0,2,2,2,10,2,4,0,0,0
1209.ps1,Token_Manipulation,1,2530,1,2529.0,2529,0,34,18,18,12,12,5,5,12,309,4,16,0,0,12,0,0,0,2,2,32,12,0,0,0,0,0,0,0,0,0,0,0,0,0,0,0,0,0,0,0,0,0,0,0,0,0,0,0,0,0,0,0,0,0,0,0,0,0,0,0,0,0,0,0,0,0,0,0,0,0,0,0,1,0,0,0,0,0,0,0,0,0,0,0,0,0,0,0,0,0,0,5,2,2,2,3,10,3,12,0,0,0
1217.ps1,Token_Manipulation,1,2251,1,2250.0,2250,0,22,15,15,9,9,3,3,7,309,3,9,0,0,7,0,0,0,0,4,22,5,0,0,0,0,0,0,0,0,0,0,0,0,0,0,0,0,0,0,0,0,0,0,0,0,0,0,0,0,0,0,0,0,0,0,0,0,0,0,0,0,0,0,0,0,0,0,0,0,0,0,0,0,0,0,0,0,0,0,0,0,0,0,0,0,0,0,0,0,0,0,7,4,2,4,10,12,1,22,2,1,2
1222.ps1,Token_Manipulation,1,2282,1,2281.0,2281,0,22,15,15,9,9,3,3,7,318,3,9,0,0,7,0,0,0,0,4,22,5,0,0,0,0,0,0,0,0,0,0,0,0,0,0,0,0,0,0,0,0,0,0,0,0,0,0,0,0,0,0,0,0,0,0,0,0,0,0,0,0,0,0,0,0,0,0,0,0,0,0,0,0,0,0,0,0,0,0,0,0,0,0,0,0,0,0,0,0,0,0,7,4,2,4,10,12,1,22,2,1,2
1216.ps1,Token_Manipulation,1,2588,1,2587.0,2587,0,4,9,9,3,3,0,0,8,3,84,4,0,120,2,0,0,0,0,13,0,1,0,0,0,0,0,0,0,0,0,0,0,0,0,0,0,0,0,0,0,0,0,0,0,0,0,0,0,0,0,0,0,0,0,0,0,0,0,0,0,0,0,0,0,0,0,0,0,0,1,0,0,0,0,1,0,0,0,0,0,0,0,0,0,0,0,0,0,0,0,0,0,0,4,2,8,12,3,0,0,3,3
121.ps1,Token_Manipulation,1,2237,1,2236.0,2236,0,22,15,15,9,9,3,3,7,309,3,9,0,0,7,0,0,0,0,4,22,5,0,0,0,0,0,0,0,0,0,0,0,0,0,0,0,0,0,0,0,0,0,0,0,0,0,0,0,0,0,0,0,0,0,0,0,0,0,0,0,0,0,0,0,0,0,0,0,0,0,0,0,0,0,0,0,0,0,0,0,0,0,0,0,0,0,0,0,0,0,0,7,4,2,4,10,12,1,22,2,1,2
1220.ps1,Token_Manipulation,1,2337,1,2336.0,2336,0,22,15,15,9,9,3,3,7,327,3,9,0,0,7,0,0,0,0,4,22,5,0,0,0,0,0,0,0,0,0,0,0,0,0,0,0,0,0,0,0,0,0,0,0,0,0,0,0,0,0,0,0,0,0,0,0,0,0,0,0,0,0,0,0,0,0,0,0,0,0,0,0,0,0,0,0,0,0,0,0,0,0,0,0,0,0,0,0,0,0,0,7,4,2,4,10,12,1,22,2,1,2
1219.ps1,Token_Manipulation,1,2451,1,2450.0,2450,0,22,15,15,9,9,3,3,7,352,3,9,0,0,7,0,0,0,0,3,22,5,0,0,0,0,0,0,0,0,0,0,0,0,0,0,0,0,0,0,0,0,0,0,0,0,0,0,0,0,0,0,0,0,0,0,0,0,0,0,0,0,0,0,0,0,0,0,0,0,0,0,0,0,0,0,0,0,0,0,0,0,0,0,0,0,0,0,0,0,0,0,7,4,2,4,10,12,1,22,2,1,2
1224.ps1,Token_Manipulation,1,530,1,529.0,529,1,16,6,6,8,8,2,2,23,2,2,4,0,6,8,0,2,0,1,3,16,5,0,0,0,0,0,0,0,0,0,0,0,0,0,0,0,0,0,0,0,0,0,0,0,0,0,0,0,0,0,0,0,0,0,0,0,0,0,0,0,0,0,0,0,0,0,0,0,0,0,0,0,0,0,0,0,0,1,0,0,0,0,0,0,0,0,1,1,1,0,0,8,3,3,2,9,19,3,16,2,0,3
1215.ps1,Token_Manipulation,1,591,1,590.0,590,1,16,6,6,9,9,2,2,24,1,2,4,0,5,9,0,2,0,0,3,16,5,0,0,0,0,0,0,0,0,0,0,0,0,0,0,0,0,0,0,0,0,0,0,0,0,0,0,0,0,0,0,0,0,0,0,0,0,0,0,0,0,0,0,0,0,0,0,0,0,0,0,0,0,0,0,0,0,1,0,0,0,0,0,0,0,0,1,1,1,0,0,9,3,3,2,9,20,4,16,2,0,3
1226.ps1,Token_Manipulation,1,2452,1,2451.0,2451,0,22,15,15,9,9,3,3,7,352,3,9,0,0,7,0,0,0,0,4,22,5,0,0,0,0,0,0,0,0,0,0,0,0,0,0,0,0,0,0,0,0,0,0,0,0,0,0,0,0,0,0,0,0,0,0,0,0,0,0,0,0,0,0,0,0,0,0,0,0,0,0,0,0,0,0,0,0,0,0,0,0,0,0,0,0,0,0,0,0,0,0,7,4,2,4,10,12,1,22,2,1,2
1232.ps1,Token_Manipulation,1,448,1,447.0,447,1,15,6,6,8,7,1,1,21,2,3,4,0,5,7,1,3,1,1,3,15,5,0,0,0,0,0,0,0,0,0,0,0,0,0,0,0,0,0,0,0,0,0,0,0,0,0,0,0,0,0,0,0,0,0,0,0,0,0,0,0,0,0,0,0,0,0,0,0,0,0,0,0,0,0,0,0,0,0,0,0,0,0,0,0,0,0,1,1,1,0,0,7,3,3,2,8,18,2,15,2,0,3
1231.ps1,Token_Manipulation,1,427,1,426.0,426,1,10,7,7,2,2,1,1,19,1,0,4,0,8,5,0,0,0,0,5,10,3,0,0,0,0,0,0,0,0,0,0,0,0,0,0,0,0,0,0,0,0,0,0,0,0,0,0,0,0,0,0,0,0,0,0,0,0,0,0,0,0,0,0,0,0,0,0,0,0,0,0,0,0,0,0,0,0,2,0,0,0,0,0,0,0,0,1,1,1,0,0,5,0,3,3,7,15,2,10,0,0,2
1223.ps1,Token_Manipulation,1,144,1,143.0,143,1,0,3,3,0,0,0,0,7,1,0,2,0,5,0,0,0,0,0,6,0,3,0,0,0,0,0,0,0,0,0,0,0,0,0,0,0,0,0,0,0,0,0,0,0,0,0,0,0,0,0,0,0,0,0,0,0,0,0,0,0,0,0,0,0,0,0,0,0,0,0,0,0,0,0,0,0,0,0,0,0,0,0,0,0,0,0,0,1,0,1,0,0,0,2,1,4,7,0,0,0,0,2
1229.ps1,Token_Manipulation,1,2237,1,2236.0,2236,0,22,15,15,9,9,3,3,7,309,3,9,0,0,7,0,0,0,0,4,22,5,0,0,0,0,0,0,0,0,0,0,0,0,0,0,0,0,0,0,0,0,0,0,0,0,0,0,0,0,0,0,0,0,0,0,0,0,0,0,0,0,0,0,0,0,0,0,0,0,0,0,0,0,0,0,0,0,0,0,0,0,0,0,0,0,0,0,0,0,0,0,7,4,2,4,10,12,1,22,2,1,2
1244.ps1,Token_Manipulation,1,2322,1,2321.0,2321,0,18,8,8,4,4,2,2,20,2,24,8,0,41,12,0,0,0,0,2,18,6,0,0,0,0,0,0,0,0,0,0,0,0,0,0,0,0,0,0,0,0,0,0,0,0,0,0,0,0,0,0,0,1,3,0,0,0,0,0,0,0,0,0,0,0,0,0,0,0,1,0,0,0,0,1,0,0,2,1,0,0,0,1,0,0,0,0,0,0,0,3,10,2,1,1,2,14,2,16,0,0,0
1252.ps1,Token_Manipulation,1,2237,1,2236.0,2236,0,22,15,15,9,9,3,3,7,309,3,9,0,0,7,0,0,0,0,4,22,5,0,0,0,0,0,0,0,0,0,0,0,0,0,0,0,0,0,0,0,0,0,0,0,0,0,0,0,0,0,0,0,0,0,0,0,0,0,0,0,0,0,0,0,0,0,0,0,0,0,0,0,0,0,0,0,0,0,0,0,0,0,0,0,0,0,0,0,0,0,0,7,4,2,4,10,12,1,22,2,1,2
1238.ps1,Token_Manipulation,1,2237,1,2236.0,2236,0,22,15,15,9,9,3,3,7,309,3,9,0,0,7,0,0,0,0,4,22,5,0,0,0,0,0,0,0,0,0,0,0,0,0,0,0,0,0,0,0,0,0,0,0,0,0,0,0,0,0,0,0,0,0,0,0,0,0,0,0,0,0,0,0,0,0,0,0,0,0,0,0,0,0,0,0,0,0,0,0,0,0,0,0,0,0,0,0,0,0,0,7,4,2,4,10,12,1,22,2,1,2
1255.ps1,Token_Manipulation,1,2328,1,2327.0,2327,0,22,15,15,9,9,3,3,7,327,3,9,0,0,7,0,0,0,0,5,22,5,0,0,0,0,0,0,0,0,0,0,0,0,0,0,0,0,0,0,0,0,0,0,0,0,0,0,0,0,0,0,0,0,0,0,0,0,0,0,0,0,0,0,0,0,0,0,0,0,0,0,0,0,0,0,0,0,0,0,0,0,0,0,0,0,0,0,0,0,0,0,7,4,2,4,10,12,1,22,2,1,2
126.ps1,Token_Manipulation,1,503,1,502.0,502,1,15,6,6,8,8,1,1,23,1,2,4,0,5,8,0,2,0,0,3,15,5,0,0,0,0,0,0,0,0,0,0,0,0,0,0,0,0,0,0,0,0,0,0,0,0,0,0,0,0,0,0,0,0,0,0,0,0,0,0,0,0,0,0,0,0,0,0,0,0,0,0,0,0,0,0,0,0,0,0,0,0,0,0,0,0,0,1,1,1,0,0,8,3,3,2,8,19,3,15,2,0,3
1251.ps1,Token_Manipulation,1,2327,1,2326.0,2326,0,22,15,15,9,9,3,3,7,327,3,9,0,0,7,0,0,0,0,4,22,5,0,0,0,0,0,0,0,0,0,0,0,0,0,0,0,0,0,0,0,0,0,0,0,0,0,0,0,0,0,0,0,0,0,0,0,0,0,0,0,0,0,0,0,0,0,0,0,0,0,0,0,0,0,0,0,0,0,0,0,0,0,0,0,0,0,0,0,0,0,0,7,4,2,4,10,12,1,22,2,1,2
1254.ps1,Token_Manipulation,1,2193,1,2192.0,2192,0,22,15,15,9,9,3,3,7,300,3,9,0,0,7,0,0,0,0,5,22,5,0,0,0,0,0,0,0,0,0,0,0,0,0,0,0,0,0,0,0,0,0,0,0,0,0,0,0,0,0,0,0,0,0,0,0,0,0,0,0,0,0,0,0,0,0,0,0,0,0,0,0,0,0,0,0,0,0,0,0,0,0,0,0,0,0,0,0,0,0,0,7,4,2,4,10,12,1,22,2,1,2
1253.ps1,Token_Manipulation,1,2282,1,2281.0,2281,0,22,15,15,9,9,3,3,7,318,3,9,0,0,7,0,0,0,0,4,22,5,0,0,0,0,0,0,0,0,0,0,0,0,0,0,0,0,0,0,0,0,0,0,0,0,0,0,0,0,0,0,0,0,0,0,0,0,0,0,0,0,0,0,0,0,0,0,0,0,0,0,0,0,0,0,0,0,0,0,0,0,0,0,0,0,0,0,0,0,0,0,7,4,2,4,10,12,1,22,2,1,2
1260.ps1,Token_Manipulation,1,2238,1,2237.0,2237,0,22,15,15,9,9,3,3,7,309,3,9,0,0,7,0,0,0,0,5,22,5,0,0,0,0,0,0,0,0,0,0,0,0,0,0,0,0,0,0,0,0,0,0,0,0,0,0,0,0,0,0,0,0,0,0,0,0,0,0,0,0,0,0,0,0,0,0,0,0,0,0,0,0,0,0,0,0,0,0,0,0,0,0,0,0,0,0,0,0,0,0,7,4,2,4,10,12,1,22,2,1,2
1259.ps1,Token_Manipulation,1,2250,1,2249.0,2249,0,22,15,15,9,9,3,3,7,309,3,9,0,0,7,0,0,0,0,4,22,5,0,0,0,0,0,0,0,0,0,0,0,0,0,0,0,0,0,0,0,0,0,0,0,0,0,0,0,0,0,0,0,0,0,0,0,0,0,0,0,0,0,0,0,0,0,0,0,0,0,0,0,0,0,0,0,0,0,0,0,0,0,0,0,0,0,0,0,0,0,0,7,4,2,4,10,12,1,22,2,1,2
1264.ps1,Token_Manipulation,1,139,1,138.0,138,1,0,2,2,0,0,0,0,9,1,0,2,0,4,0,0,0,0,0,6,0,3,0,0,0,0,0,0,0,0,0,0,0,0,0,0,0,0,0,0,0,0,0,0,0,0,0,0,0,0,0,0,0,0,0,0,0,0,0,0,0,0,0,0,0,0,0,0,0,0,0,0,0,0,0,0,0,0,0,0,0,0,0,0,0,0,0,1,1,0,1,0,0,0,2,1,3,7,0,0,0,0,1
1265.ps1,Token_Manipulation,1,2251,1,2250.0,2250,0,22,15,15,9,9,3,3,7,309,3,9,0,0,7,0,0,0,0,4,22,5,0,0,0,0,0,0,0,0,0,0,0,0,0,0,0,0,0,0,0,0,0,0,0,0,0,0,0,0,0,0,0,0,0,0,0,0,0,0,0,0,0,0,0,0,0,0,0,0,0,0,0,0,0,0,0,0,0,0,0,0,0,0,0,0,0,0,0,0,0,0,7,4,2,4,10,12,1,22,2,1,2
1268.ps1,Token_Manipulation,1,2417,1,2416.0,2416,0,22,15,15,9,9,3,3,7,345,3,9,0,0,7,0,0,0,0,4,22,5,0,0,0,0,0,0,0,0,0,0,0,0,0,0,0,0,0,0,0,0,0,0,0,0,0,0,0,0,0,0,0,0,0,0,0,0,0,0,0,0,0,0,0,0,0,0,0,0,0,0,0,0,0,0,0,0,0,0,0,0,0,0,0,0,0,0,0,0,0,0,7,4,2,4,10,12,1,22,2,1,2
1278.ps1,Token_Manipulation,1,2251,1,2250.0,2250,0,22,15,15,9,9,3,3,7,309,3,9,0,0,7,0,0,0,0,4,22,5,0,0,0,0,0,0,0,0,0,0,0,0,0,0,0,0,0,0,0,0,0,0,0,0,0,0,0,0,0,0,0,0,0,0,0,0,0,0,0,0,0,0,0,0,0,0,0,0,0,0,0,0,0,0,0,0,0,0,0,0,0,0,0,0,0,0,0,0,0,0,7,4,2,4,10,12,1,22,2,1,2
1288.ps1,Token_Manipulation,1,167,1,166.0,166,1,2,3,3,0,0,0,0,8,1,0,3,0,5,0,0,0,0,0,7,2,3,0,0,0,0,0,0,0,0,0,0,0,0,0,0,0,0,0,0,0,0,0,0,0,0,0,0,0,0,0,0,0,0,0,0,0,0,0,0,0,0,0,0,0,0,0,0,0,0,0,0,0,0,0,0,0,0,0,0,0,0,0,0,0,0,0,1,1,0,1,0,0,0,2,1,4,5,0,2,0,0,2
1292.ps1,Token_Manipulation,1,2282,1,2281.0,2281,0,22,15,15,9,9,3,3,7,318,3,9,0,0,7,0,0,0,0,4,22,5,0,0,0,0,0,0,0,0,0,0,0,0,0,0,0,0,0,0,0,0,0,0,0,0,0,0,0,0,0,0,0,0,0,0,0,0,0,0,0,0,0,0,0,0,0,0,0,0,0,0,0,0,0,0,0,0,0,0,0,0,0,0,0,0,0,0,0,0,0,0,7,4,2,4,10,12,1,22,2,1,2
1289.ps1,Token_Manipulation,1,2452,1,2451.0,2451,0,22,15,15,9,9,3,3,7,352,3,9,0,0,7,0,0,0,0,4,22,5,0,0,0,0,0,0,0,0,0,0,0,0,0,0,0,0,0,0,0,0,0,0,0,0,0,0,0,0,0,0,0,0,0,0,0,0,0,0,0,0,0,0,0,0,0,0,0,0,0,0,0,0,0,0,0,0,0,0,0,0,0,0,0,0,0,0,0,0,0,0,7,4,2,4,10,12,1,22,2,1,2
1269.ps1,Token_Manipulation,1,145,1,144.0,144,1,0,2,2,0,0,0,0,7,1,0,3,0,6,0,0,0,0,0,4,0,3,0,0,0,0,0,0,0,0,0,0,0,0,0,0,0,0,0,0,0,0,0,0,0,0,0,0,0,0,0,0,0,0,0,0,0,0,0,0,0,0,0,0,0,0,0,0,0,0,0,0,0,0,0,0,0,0,0,0,0,0,0,0,0,0,0,1,1,0,1,0,0,0,2,1,3,7,0,0,0,0,1
1297.ps1,Token_Manipulation,1,171,1,170.0,170,1,2,3,3,0,0,0,0,7,1,0,2,0,5,0,0,0,0,0,5,2,3,0,0,0,0,0,0,0,0,0,0,0,0,0,0,0,0,0,0,0,0,0,0,0,0,0,0,0,0,0,0,0,0,0,0,0,0,0,0,0,0,0,0,0,0,0,0,0,0,0,0,0,0,0,0,0,0,0,0,0,0,0,0,0,0,0,1,1,0,1,0,0,0,2,1,4,5,0,2,0,0,2
1273.ps1,Token_Manipulation,1,210,1,210.0,210,1,3,1,1,1,1,0,0,6,0,0,5,0,3,1,0,0,0,0,10,3,4,0,0,0,0,0,0,0,0,0,0,0,0,0,0,0,0,0,0,0,0,0,0,0,0,0,0,0,0,0,0,0,0,0,0,0,0,0,0,0,0,0,0,0,0,0,0,0,0,0,0,0,0,0,0,0,0,0,0,0,0,0,0,0,0,0,0,0,0,0,0,1,0,3,1,3,7,1,3,0,0,0
1270.ps1,Token_Manipulation,1,2249,1,2248.0,2248,0,22,15,15,9,9,3,3,7,309,3,9,0,0,7,0,0,0,0,4,19,5,0,0,0,0,0,0,0,0,0,0,0,0,0,0,0,0,0,0,0,0,0,0,0,0,0,0,0,0,0,0,0,0,0,0,0,0,0,0,0,0,0,0,0,0,0,0,0,0,0,0,0,0,0,0,0,0,0,0,0,0,0,0,0,0,0,0,0,0,0,0,7,4,2,4,10,12,1,22,2,1,2
1290.ps1,Token_Manipulation,1,2281,1,2280.0,2280,0,22,15,15,9,9,3,3,7,318,3,9,0,0,7,0,0,0,0,3,22,5,0,0,0,0,0,0,0,0,0,0,0,0,0,0,0,0,0,0,0,0,0,0,0,0,0,0,0,0,0,0,0,0,0,0,0,0,0,0,0,0,0,0,0,0,0,0,0,0,0,0,0,0,0,0,0,0,0,0,0,0,0,0,0,0,0,0,0,0,0,0,7,4,2,4,10,12,1,22,2,1,2
1287.ps1,Token_Manipulation,1,157,1,156.0,156,1,2,3,3,0,0,0,0,8,1,0,2,0,4,0,0,0,0,0,4,2,3,0,0,0,0,0,0,0,0,0,0,0,0,0,0,0,0,0,0,0,0,0,0,0,0,0,0,0,0,0,0,0,0,0,0,0,0,0,0,0,0,0,0,0,0,0,0,0,0,0,0,0,0,0,0,0,0,0,0,0,0,0,0,0,0,0,1,1,0,1,0,0,0,2,1,4,5,0,2,0,0,2
1302.ps1,Token_Manipulation,1,2340,1,2339.0,2339,0,22,15,15,9,9,3,3,7,327,3,9,0,0,7,0,0,0,0,4,22,5,0,0,0,0,0,0,0,0,0,0,0,0,0,0,0,0,0,0,0,0,0,0,0,0,0,0,0,0,0,0,0,0,0,0,0,0,0,0,0,0,0,0,0,0,0,0,0,0,0,0,0,0,0,0,0,0,0,0,0,0,0,0,0,0,0,0,0,0,0,0,7,4,2,4,10,12,1,22,2,1,2
130.ps1,Token_Manipulation,1,2341,1,2340.0,2340,0,22,15,15,9,9,3,3,7,327,3,9,0,0,7,0,0,0,0,3,22,5,0,0,0,0,0,0,0,0,0,0,0,0,0,0,0,0,0,0,0,0,0,0,0,0,0,0,0,0,0,0,0,0,0,0,0,0,0,0,0,0,0,0,0,0,0,0,0,0,0,0,0,0,0,0,0,0,0,0,0,0,0,0,0,0,0,0,0,0,0,0,7,4,2,4,10,12,1,22,2,1,2
1303.ps1,Token_Manipulation,1,2252,1,2251.0,2251,0,22,15,15,9,9,3,3,7,309,3,9,0,0,7,0,0,0,0,5,22,5,0,0,0,0,0,0,0,0,0,0,0,0,0,0,0,0,0,0,0,0,0,0,0,0,0,0,0,0,0,0,0,0,0,0,0,0,0,0,0,0,0,0,0,0,0,0,0,0,0,0,0,0,0,0,0,0,0,0,0,0,0,0,0,0,0,0,0,0,0,0,7,4,2,4,10,12,1,22,2,1,2
1294.ps1,Token_Manipulation,1,2282,1,2281.0,2281,0,22,15,15,9,9,3,3,7,318,3,9,0,0,7,0,0,0,0,4,22,5,0,0,0,0,0,0,0,0,0,0,0,0,0,0,0,0,0,0,0,0,0,0,0,0,0,0,0,0,0,0,0,0,0,0,0,0,0,0,0,0,0,0,0,0,0,0,0,0,0,0,0,0,0,0,0,0,0,0,0,0,0,0,0,0,0,0,0,0,0,0,7,4,2,4,10,12,1,22,2,1,2
1308.ps1,Token_Manipulation,1,2452,1,2451.0,2451,0,22,15,15,9,9,3,3,7,352,3,9,0,0,7,0,0,0,0,4,22,5,0,0,0,0,0,0,0,0,0,0,0,0,0,0,0,0,0,0,0,0,0,0,0,0,0,0,0,0,0,0,0,0,0,0,0,0,0,0,0,0,0,0,0,0,0,0,0,0,0,0,0,0,0,0,0,0,0,0,0,0,0,0,0,0,0,0,0,0,0,0,7,4,2,4,10,12,1,22,2,1,2
1307.ps1,Token_Manipulation,1,2249,1,2248.0,2248,0,22,15,15,9,9,3,3,7,309,3,9,0,0,7,0,0,0,0,4,22,5,0,0,0,0,0,0,0,0,0,0,0,0,0,0,0,0,0,0,0,0,0,0,0,0,0,0,0,0,0,0,0,0,0,0,0,0,0,0,0,0,0,0,0,0,0,0,0,0,0,0,0,0,0,0,0,0,0,0,0,0,0,0,0,0,0,0,0,0,0,0,7,4,2,4,10,12,1,22,2,1,2
1315.ps1,Token_Manipulation,1,5462,1,5462.0,5462,0,44,20,20,6,6,1,1,47,1177,1,14,1,0,16,0,0,0,0,23,44,9,0,0,0,0,0,0,0,0,0,0,0,0,0,0,0,0,0,0,0,0,0,0,0,0,0,0,0,0,0,0,0,0,0,0,0,0,0,0,0,0,0,0,0,0,0,0,0,0,0,0,0,1,0,1,0,0,2,0,0,0,0,0,0,0,0,0,0,0,0,0,16,1,11,14,23,58,4,44,1,4,5
1312.ps1,Token_Manipulation,1,2250,1,2249.0,2249,0,22,15,15,9,9,3,3,7,309,3,9,0,0,7,0,0,0,0,3,22,5,0,0,0,0,0,0,0,0,0,0,0,0,0,0,0,0,0,0,0,0,0,0,0,0,0,0,0,0,0,0,0,0,0,0,0,0,0,0,0,0,0,0,0,0,0,0,0,0,0,0,0,0,0,0,0,0,0,0,0,0,0,0,0,0,0,0,0,0,0,0,7,4,2,4,10,12,1,22,2,1,2
1304.ps1,Token_Manipulation,1,2575,1,2574.0,2574,0,33,18,18,12,12,5,5,12,327,4,11,0,0,11,0,0,0,2,2,26,11,0,0,0,0,0,0,0,0,0,0,0,0,0,0,0,0,0,0,0,0,0,0,0,0,0,0,0,0,0,0,0,0,0,0,0,0,0,0,0,0,0,0,0,0,0,0,0,0,0,0,0,1,0,0,0,0,0,0,0,0,0,0,0,0,0,0,0,0,0,0,4,2,2,2,3,9,3,11,0,0,0
1314.ps1,Token_Manipulation,1,2328,1,2327.0,2327,0,22,15,15,9,9,3,3,7,327,3,9,0,0,7,0,0,0,0,5,22,5,0,0,0,0,0,0,0,0,0,0,0,0,0,0,0,0,0,0,0,0,0,0,0,0,0,0,0,0,0,0,0,0,0,0,0,0,0,0,0,0,0,0,0,0,0,0,0,0,0,0,0,0,0,0,0,0,0,0,0,0,0,0,0,0,0,0,0,0,0,0,7,4,2,4,10,12,1,22,2,1,2
1324.ps1,Token_Manipulation,1,270,1,269.0,269,1,1,2,2,3,3,1,1,10,0,0,3,0,3,2,0,0,0,0,3,1,1,0,0,0,0,0,0,0,0,0,0,0,0,0,0,0,0,0,0,0,0,0,0,0,0,0,0,0,0,0,0,0,0,0,0,0,0,0,0,0,0,0,0,0,0,0,0,0,0,0,0,0,0,0,0,0,0,1,0,0,0,0,0,0,0,0,0,1,1,0,0,2,0,2,1,3,9,3,1,0,0,1
1318.ps1,Token_Manipulation,1,2237,1,2236.0,2236,0,22,15,15,9,9,3,3,7,309,3,9,0,0,7,0,0,0,0,4,22,5,0,0,0,0,0,0,0,0,0,0,0,0,0,0,0,0,0,0,0,0,0,0,0,0,0,0,0,0,0,0,0,0,0,0,0,0,0,0,0,0,0,0,0,0,0,0,0,0,0,0,0,0,0,0,0,0,0,0,0,0,0,0,0,0,0,0,0,0,0,0,7,4,2,4,10,12,1,22,2,1,2
1322.ps1,Token_Manipulation,1,146,1,145.0,145,1,2,3,3,0,0,0,0,6,1,0,2,0,4,0,0,0,0,0,5,2,3,0,0,0,0,0,0,0,0,0,0,0,0,0,0,0,0,0,0,0,0,0,0,0,0,0,0,0,0,0,0,0,0,0,0,0,0,0,0,0,0,0,0,0,0,0,0,0,0,0,0,0,0,0,0,0,0,0,0,0,0,0,0,0,0,0,1,1,0,1,0,0,0,2,1,4,5,0,2,0,0,2
1328.ps1,Token_Manipulation,1,2342,1,2341.0,2341,0,22,15,15,9,9,3,3,7,327,3,9,0,0,7,0,0,0,0,4,22,5,0,0,0,0,0,0,0,0,0,0,0,0,0,0,0,0,0,0,0,0,0,0,0,0,0,0,0,0,0,0,0,0,0,0,0,0,0,0,0,0,0,0,0,0,0,0,0,0,0,0,0,0,0,0,0,0,0,0,0,0,0,0,0,0,0,0,0,0,0,0,7,4,2,4,10,12,1,22,2,1,2
1317.ps1,Token_Manipulation,1,2238,1,2237.0,2237,0,22,15,15,9,9,3,3,7,309,3,9,0,0,7,0,0,0,0,5,22,5,0,0,0,0,0,0,0,0,0,0,0,0,0,0,0,0,0,0,0,0,0,0,0,0,0,0,0,0,0,0,0,0,0,0,0,0,0,0,0,0,0,0,0,0,0,0,0,0,0,0,0,0,0,0,0,0,0,0,0,0,0,0,0,0,0,0,0,0,0,0,7,4,2,4,10,12,1,22,2,1,2
1320.ps1,Token_Manipulation,1,2237,1,2236.0,2236,0,22,15,15,9,9,3,3,7,309,3,9,0,0,7,0,0,0,0,4,22,5,0,0,0,0,0,0,0,0,0,0,0,0,0,0,0,0,0,0,0,0,0,0,0,0,0,0,0,0,0,0,0,0,0,0,0,0,0,0,0,0,0,0,0,0,0,0,0,0,0,0,0,0,0,0,0,0,0,0,0,0,0,0,0,0,0,0,0,0,0,0,7,4,2,4,10,12,1,22,2,1,2
1329.ps1,Token_Manipulation,1,167,1,166.0,166,1,2,3,3,0,0,0,0,8,1,0,2,0,4,0,0,0,0,0,5,2,3,0,0,0,0,0,0,0,0,0,0,0,0,0,0,0,0,0,0,0,0,0,0,0,0,0,0,0,0,0,0,0,0,0,0,0,0,0,0,0,0,0,0,0,0,0,0,0,0,0,0,0,0,0,0,0,0,0,0,0,0,0,0,0,0,0,1,1,0,1,0,0,0,2,1,4,5,0,2,0,0,2
1321.ps1,Token_Manipulation,1,2340,1,2339.0,2339,0,22,15,15,9,9,3,3,7,327,3,9,0,0,7,0,0,0,0,5,22,5,0,0,0,0,0,0,0,0,0,0,0,0,0,0,0,0,0,0,0,0,0,0,0,0,0,0,0,0,0,0,0,0,0,0,0,0,0,0,0,0,0,0,0,0,0,0,0,0,0,0,0,0,0,0,0,0,0,0,0,0,0,0,0,0,0,0,0,0,0,0,7,4,2,4,10,12,1,22,2,1,2
1332.ps1,Token_Manipulation,1,150,1,149.0,149,1,2,3,3,0,0,0,0,8,1,0,2,0,3,0,0,0,0,0,5,2,3,0,0,0,0,0,0,0,0,0,0,0,0,0,0,0,0,0,0,0,0,0,0,0,0,0,0,0,0,0,0,0,0,0,0,0,0,0,0,0,0,0,0,0,0,0,0,0,0,0,0,0,0,0,0,0,0,0,0,0,0,0,0,0,0,0,1,1,0,1,0,0,0,2,1,4,5,0,2,0,0,2
1319.ps1,Token_Manipulation,1,2237,1,2236.0,2236,0,22,15,15,9,9,3,3,7,309,3,9,0,0,7,0,0,0,0,4,22,5,0,0,0,0,0,0,0,0,0,0,0,0,0,0,0,0,0,0,0,0,0,0,0,0,0,0,0,0,0,0,0,0,0,0,0,0,0,0,0,0,0,0,0,0,0,0,0,0,0,0,0,0,0,0,0,0,0,0,0,0,0,0,0,0,0,0,0,0,0,0,7,4,2,4,10,12,1,22,2,1,2
132.ps1,Token_Manipulation,1,2512,1,2511.0,2511,0,22,15,15,9,9,3,3,7,361,3,9,0,0,7,0,0,0,0,5,22,5,0,0,0,0,0,0,0,0,0,0,0,0,0,0,0,0,0,0,0,0,0,0,0,0,0,0,0,0,0,0,0,0,0,0,0,0,0,0,0,0,0,0,0,0,0,0,0,0,0,0,0,0,0,0,0,0,0,0,0,0,0,0,0,0,0,0,0,0,0,0,7,4,2,4,10,12,1,22,2,1,2
134.ps1,Token_Manipulation,1,2327,1,2326.0,2326,0,22,15,15,9,9,3,3,7,327,3,9,0,0,7,0,0,0,0,4,22,5,0,0,0,0,0,0,0,0,0,0,0,0,0,0,0,0,0,0,0,0,0,0,0,0,0,0,0,0,0,0,0,0,0,0,0,0,0,0,0,0,0,0,0,0,0,0,0,0,0,0,0,0,0,0,0,0,0,0,0,0,0,0,0,0,0,0,0,0,0,0,7,4,2,4,10,12,1,22,2,1,2
1342.ps1,Token_Manipulation,1,531,1,530.0,530,1,17,7,6,9,8,2,2,24,1,2,5,0,6,8,1,2,1,0,3,17,5,0,0,0,0,0,0,0,0,0,0,0,0,0,0,0,0,0,0,0,0,0,0,0,0,0,0,0,0,0,0,0,0,0,0,0,0,0,0,0,0,0,0,0,0,0,0,0,0,0,0,0,0,0,0,0,0,1,0,0,0,0,0,0,0,0,1,1,1,0,0,8,3,3,2,9,19,3,16,2,0,3
133.ps1,Token_Manipulation,1,147,1,146.0,146,1,2,3,3,0,0,0,0,8,1,0,2,0,3,0,0,0,0,0,4,2,3,0,0,0,0,0,0,0,0,0,0,0,0,0,0,0,0,0,0,0,0,0,0,0,0,0,0,0,0,0,0,0,0,0,0,0,0,0,0,0,0,0,0,0,0,0,0,0,0,0,0,0,0,0,0,0,0,0,0,0,0,0,0,0,0,0,1,1,0,1,0,0,0,2,1,4,5,0,2,0,0,2
1345.ps1,Token_Manipulation,1,170,1,169.0,169,1,4,3,3,0,0,0,0,6,1,1,2,0,3,1,0,0,0,0,4,4,2,0,0,0,0,0,0,0,0,0,0,0,0,0,0,0,0,0,0,0,0,0,0,0,0,0,0,0,0,0,0,0,0,0,0,0,0,0,0,0,0,0,0,0,0,0,0,0,0,0,0,0,0,0,0,0,0,0,0,0,0,0,0,0,0,0,1,1,0,1,0,1,1,2,1,4,6,0,4,0,0,2
1361.ps1,Token_Manipulation,1,351,1,351.0,351,0,0,0,0,0,0,0,0,5,0,0,1,1,10,0,0,0,0,0,10,0,5,0,0,0,0,0,0,0,0,0,0,0,0,0,0,0,0,0,0,0,0,0,0,0,0,0,0,0,0,0,0,0,0,0,0,0,0,0,0,0,0,0,0,0,0,0,0,0,0,0,0,0,0,0,0,0,0,0,0,0,0,0,0,0,0,0,0,0,0,0,0,0,0,5,0,5,22,0,0,0,0,0
1343.ps1,Token_Manipulation,1,99,1,98.0,98,1,0,2,2,0,0,0,0,6,0,0,1,0,3,0,0,0,0,0,3,0,1,0,0,0,0,0,0,0,0,0,0,0,0,0,0,0,0,0,0,0,0,0,0,0,0,0,0,0,0,0,0,0,0,1,0,0,0,0,0,0,0,0,0,0,0,0,0,0,0,0,0,0,0,0,0,0,0,0,0,0,0,0,0,0,0,0,0,1,1,0,0,0,0,2,1,2,5,0,0,0,0,1
1330.ps1,Token_Manipulation,1,2282,1,2281.0,2281,0,22,15,15,9,9,3,3,7,318,3,9,0,0,7,0,0,0,0,4,22,5,0,0,0,0,0,0,0,0,0,0,0,0,0,0,0,0,0,0,0,0,0,0,0,0,0,0,0,0,0,0,0,0,0,0,0,0,0,0,0,0,0,0,0,0,0,0,0,0,0,0,0,0,0,0,0,0,0,0,0,0,0,0,0,0,0,0,0,0,0,0,7,4,2,4,10,12,1,22,2,1,2
1365.ps1,Token_Manipulation,1,2485,1,2484.0,2484,0,33,18,18,12,12,5,5,12,309,4,11,0,0,11,0,0,0,2,2,26,11,0,0,0,0,0,0,0,0,0,0,0,0,0,0,0,0,0,0,0,0,0,0,0,0,0,0,0,0,0,0,0,0,0,0,0,0,0,0,0,0,0,0,0,0,0,0,0,0,0,0,0,1,0,0,0,0,0,0,0,0,0,0,0,0,0,0,0,0,0,0,4,2,2,2,3,9,3,11,0,0,0
1337.ps1,Token_Manipulation,1,2222,1,2221.0,2221,0,22,15,15,9,9,3,3,7,306,3,9,0,0,7,0,0,0,0,4,22,5,0,0,0,0,0,0,0,0,0,0,0,0,0,0,0,0,0,0,0,0,0,0,0,0,0,0,0,0,0,0,0,0,0,0,0,0,0,0,0,0,0,0,0,0,0,0,0,0,0,0,0,0,0,0,0,0,0,0,0,0,0,0,0,0,0,0,0,0,0,0,7,4,2,4,10,12,1,22,2,1,2
1349.ps1,Token_Manipulation,1,157,1,156.0,156,1,2,3,3,0,0,0,0,9,1,0,2,0,3,0,0,0,0,0,6,2,3,0,0,0,0,0,0,0,0,0,0,0,0,0,0,0,0,0,0,0,0,0,0,0,0,0,0,0,0,0,0,0,0,0,0,0,0,0,0,0,0,0,0,0,0,0,0,0,0,0,0,0,0,0,0,0,0,0,0,0,0,0,0,0,0,0,1,1,0,1,0,0,0,2,1,4,5,0,2,0,0,2
1352.ps1,Token_Manipulation,1,2328,1,2327.0,2327,0,22,15,15,9,9,3,3,7,327,3,9,0,0,7,0,0,0,0,5,22,5,0,0,0,0,0,0,0,0,0,0,0,0,0,0,0,0,0,0,0,0,0,0,0,0,0,0,0,0,0,0,0,0,0,0,0,0,0,0,0,0,0,0,0,0,0,0,0,0,0,0,0,0,0,0,0,0,0,0,0,0,0,0,0,0,0,0,0,0,0,0,7,4,2,4,10,12,1,22,2,1,2
1338.ps1,Token_Manipulation,1,2237,1,2236.0,2236,0,22,15,15,9,9,3,3,7,309,3,9,0,0,7,0,0,0,0,4,22,5,0,0,0,0,0,0,0,0,0,0,0,0,0,0,0,0,0,0,0,0,0,0,0,0,0,0,0,0,0,0,0,0,0,0,0,0,0,0,0,0,0,0,0,0,0,0,0,0,0,0,0,0,0,0,0,0,0,0,0,0,0,0,0,0,0,0,0,0,0,0,7,4,2,4,10,12,1,22,2,1,2
1366.ps1,Token_Manipulation,1,2339,1,2338.0,2338,0,22,15,15,9,9,3,3,7,327,3,9,0,0,7,0,0,0,0,3,22,5,0,0,0,0,0,0,0,0,0,0,0,0,0,0,0,0,0,0,0,0,0,0,0,0,0,0,0,0,0,0,0,0,0,0,0,0,0,0,0,0,0,0,0,0,0,0,0,0,0,0,0,0,0,0,0,0,0,0,0,0,0,0,0,0,0,0,0,0,0,0,7,4,2,4,10,12,1,22,2,1,2
1359.ps1,Token_Manipulation,1,2237,1,2236.0,2236,0,22,15,15,9,9,3,3,7,309,3,9,0,0,7,0,0,0,0,4,22,5,0,0,0,0,0,0,0,0,0,0,0,0,0,0,0,0,0,0,0,0,0,0,0,0,0,0,0,0,0,0,0,0,0,0,0,0,0,0,0,0,0,0,0,0,0,0,0,0,0,0,0,0,0,0,0,0,0,0,0,0,0,0,0,0,0,0,0,0,0,0,7,4,2,4,10,12,1,22,2,1,2
1385.ps1,Token_Manipulation,1,2237,1,2236.0,2236,0,22,15,15,9,9,3,3,7,309,3,9,0,0,7,0,0,0,0,4,22,5,0,0,0,0,0,0,0,0,0,0,0,0,0,0,0,0,0,0,0,0,0,0,0,0,0,0,0,0,0,0,0,0,0,0,0,0,0,0,0,0,0,0,0,0,0,0,0,0,0,0,0,0,0,0,0,0,0,0,0,0,0,0,0,0,0,0,0,0,0,0,7,4,2,4,10,12,1,22,2,1,2
1375.ps1,Token_Manipulation,1,2326,1,2325.0,2325,0,18,8,8,4,4,2,2,20,2,30,8,0,28,13,0,0,0,0,2,18,6,0,0,0,0,0,0,0,0,0,0,0,0,0,0,0,0,0,0,0,0,0,0,0,0,0,0,0,0,0,0,0,0,3,0,0,0,0,0,0,0,0,0,0,0,0,0,0,0,1,0,0,0,0,1,0,0,2,1,0,0,0,1,0,0,0,0,0,0,0,3,10,2,1,1,2,14,2,16,0,0,0
1393.ps1,Token_Manipulation,1,2339,1,2338.0,2338,0,22,15,15,9,9,3,3,7,327,3,9,0,0,7,0,0,0,0,4,22,5,0,0,0,0,0,0,0,0,0,0,0,0,0,0,0,0,0,0,0,0,0,0,0,0,0,0,0,0,0,0,0,0,0,0,0,0,0,0,0,0,0,0,0,0,0,0,0,0,0,0,0,0,0,0,0,0,0,0,0,0,0,0,0,0,0,0,0,0,0,0,7,4,2,4,10,12,1,22,2,1,2
1380.ps1,Token_Manipulation,1,2340,1,2339.0,2339,0,22,15,15,9,9,3,3,7,327,3,9,0,0,7,0,0,0,0,4,19,5,0,0,0,0,0,0,0,0,0,0,0,0,0,0,0,0,0,0,0,0,0,0,0,0,0,0,0,0,0,0,0,0,0,0,0,0,0,0,0,0,0,0,0,0,0,0,0,0,0,0,0,0,0,0,0,0,0,0,0,0,0,0,0,0,0,0,0,0,0,0,7,4,2,4,10,12,1,22,2,1,2
139.ps1,Token_Manipulation,1,144,1,143.0,143,1,0,2,2,0,0,0,0,8,1,0,2,0,4,0,0,0,0,0,4,0,3,0,0,0,0,0,0,0,0,0,0,0,0,0,0,0,0,0,0,0,0,0,0,0,0,0,0,0,0,0,0,0,0,0,0,0,0,0,0,0,0,0,0,0,0,0,0,0,0,0,0,0,0,0,0,0,0,0,0,0,0,0,0,0,0,0,1,1,0,1,0,0,0,2,1,3,9,0,0,0,0,1
1357.ps1,Token_Manipulation,1,2238,1,2237.0,2237,0,22,15,15,9,9,3,3,7,309,3,9,0,0,7,0,0,0,0,5,22,5,0,0,0,0,0,0,0,0,0,0,0,0,0,0,0,0,0,0,0,0,0,0,0,0,0,0,0,0,0,0,0,0,0,0,0,0,0,0,0,0,0,0,0,0,0,0,0,0,0,0,0,0,0,0,0,0,0,0,0,0,0,0,0,0,0,0,0,0,0,0,7,4,2,4,10,12,1,22,2,1,2
1388.ps1,Token_Manipulation,1,2237,1,2236.0,2236,0,22,15,15,9,9,3,3,7,309,3,9,0,0,7,0,0,0,0,4,22,5,0,0,0,0,0,0,0,0,0,0,0,0,0,0,0,0,0,0,0,0,0,0,0,0,0,0,0,0,0,0,0,0,0,0,0,0,0,0,0,0,0,0,0,0,0,0,0,0,0,0,0,0,0,0,0,0,0,0,0,0,0,0,0,0,0,0,0,0,0,0,7,4,2,4,10,12,1,22,2,1,2
1406.ps1,Token_Manipulation,1,167,1,166.0,166,0,2,3,3,0,0,0,0,8,1,0,2,0,2,0,0,0,0,0,5,2,3,0,0,0,0,0,0,0,0,0,0,0,0,0,0,0,0,0,0,0,0,0,0,0,0,0,0,0,0,0,0,0,0,0,0,0,0,0,0,0,0,0,0,0,0,0,0,0,0,0,0,0,0,0,0,0,0,0,0,0,0,0,0,0,0,0,1,1,0,1,0,0,0,2,1,4,5,0,2,0,0,2
1400.ps1,Token_Manipulation,1,2453,1,2452.0,2452,0,22,15,15,9,9,3,3,7,352,3,9,0,0,7,0,0,0,0,5,22,5,0,0,0,0,0,0,0,0,0,0,0,0,0,0,0,0,0,0,0,0,0,0,0,0,0,0,0,0,0,0,0,0,0,0,0,0,0,0,0,0,0,0,0,0,0,0,0,0,0,0,0,0,0,0,0,0,0,0,0,0,0,0,0,0,0,0,0,0,0,0,7,4,2,4,10,12,1,22,2,1,2
1402.ps1,Token_Manipulation,1,2337,1,2336.0,2336,0,22,15,15,9,9,3,3,7,327,3,9,0,0,7,0,0,0,0,4,20,5,0,0,0,0,0,0,0,0,0,0,0,0,0,0,0,0,0,0,0,0,0,0,0,0,0,0,0,0,0,0,0,0,0,0,0,0,0,0,0,0,0,0,0,0,0,0,0,0,0,0,0,0,0,0,0,0,0,0,0,0,0,0,0,0,0,0,0,0,0,0,7,4,2,4,10,12,1,22,2,1,2
1396.ps1,Token_Manipulation,1,2192,1,2191.0,2191,0,22,15,15,9,9,3,3,7,300,3,9,0,0,7,0,0,0,0,4,22,5,0,0,0,0,0,0,0,0,0,0,0,0,0,0,0,0,0,0,0,0,0,0,0,0,0,0,0,0,0,0,0,0,0,0,0,0,0,0,0,0,0,0,0,0,0,0,0,0,0,0,0,0,0,0,0,0,0,0,0,0,0,0,0,0,0,0,0,0,0,0,7,4,2,4,10,12,1,22,2,1,2
141.ps1,Token_Manipulation,1,2747,1,2746.0,2746,0,22,15,15,9,9,3,3,7,408,3,9,0,0,7,0,0,0,0,4,22,5,0,0,0,0,0,0,0,0,0,0,0,0,0,0,0,0,0,0,0,0,0,0,0,0,0,0,0,0,0,0,0,0,0,0,0,0,0,0,0,0,0,0,0,0,0,0,0,0,0,0,0,0,0,0,0,0,0,0,0,0,0,0,0,0,0,0,0,0,0,0,7,4,2,4,10,12,1,22,2,1,2
1399.ps1,Token_Manipulation,1,148,1,147.0,147,1,4,3,3,0,0,0,0,7,1,1,2,0,4,1,0,0,0,0,6,4,2,0,0,0,0,0,0,0,0,0,0,0,0,0,0,0,0,0,0,0,0,0,0,0,0,0,0,0,0,0,0,0,0,0,0,0,0,0,0,0,0,0,0,0,0,0,0,0,0,0,0,0,0,0,0,0,0,0,0,0,0,0,0,0,0,0,1,1,0,1,0,1,1,2,1,4,6,0,4,0,0,2
1407.ps1,Token_Manipulation,1,2339,1,2338.0,2338,0,22,15,15,9,9,3,3,7,327,3,9,0,0,7,0,0,0,0,4,22,5,0,0,0,0,0,0,0,0,0,0,0,0,0,0,0,0,0,0,0,0,0,0,0,0,0,0,0,0,0,0,0,0,0,0,0,0,0,0,0,0,0,0,0,0,0,0,0,0,0,0,0,0,0,0,0,0,0,0,0,0,0,0,0,0,0,0,0,0,0,0,7,4,2,4,10,12,1,22,2,1,2
1403.ps1,Token_Manipulation,1,2343,1,2342.0,2342,0,22,15,15,9,9,3,3,7,327,3,9,0,0,7,0,0,0,0,5,22,5,0,0,0,0,0,0,0,0,0,0,0,0,0,0,0,0,0,0,0,0,0,0,0,0,0,0,0,0,0,0,0,0,0,0,0,0,0,0,0,0,0,0,0,0,0,0,0,0,0,0,0,0,0,0,0,0,0,0,0,0,0,0,0,0,0,0,0,0,0,0,7,4,2,4,10,12,1,22,2,1,2
1417.ps1,Token_Manipulation,1,124,1,123.0,123,1,0,2,2,0,0,0,0,6,1,0,2,0,3,0,0,0,0,0,5,0,3,0,0,0,0,0,0,0,0,0,0,0,0,0,0,0,0,0,0,0,0,0,0,0,0,0,0,0,0,0,0,0,0,0,0,0,0,0,0,0,0,0,0,0,0,0,0,0,0,0,0,0,0,0,0,0,0,0,0,0,0,0,0,0,0,0,1,1,0,1,0,0,0,2,1,3,7,0,0,0,0,1
1418.ps1,Token_Manipulation,1,2386,1,2385.0,2385,0,22,15,15,9,9,3,3,7,336,3,9,0,0,7,0,0,0,0,4,22,5,0,0,0,0,0,0,0,0,0,0,0,0,0,0,0,0,0,0,0,0,0,0,0,0,0,0,0,0,0,0,0,0,0,0,0,0,0,0,0,0,0,0,0,0,0,0,0,0,0,0,0,0,0,0,0,0,0,0,0,0,0,0,0,0,0,0,0,0,0,0,7,4,2,4,10,12,1,22,2,1,2
1437.ps1,Token_Manipulation,1,2237,1,2236.0,2236,0,22,15,15,9,9,3,3,7,309,3,9,0,0,7,0,0,0,0,4,22,5,0,0,0,0,0,0,0,0,0,0,0,0,0,0,0,0,0,0,0,0,0,0,0,0,0,0,0,0,0,0,0,0,0,0,0,0,0,0,0,0,0,0,0,0,0,0,0,0,0,0,0,0,0,0,0,0,0,0,0,0,0,0,0,0,0,0,0,0,0,0,7,4,2,4,10,12,1,22,2,1,2
1410.ps1,Token_Manipulation,1,2250,1,2249.0,2249,0,22,15,15,9,9,3,3,7,309,3,9,0,0,7,0,0,0,0,3,22,5,0,0,0,0,0,0,0,0,0,0,0,0,0,0,0,0,0,0,0,0,0,0,0,0,0,0,0,0,0,0,0,0,0,0,0,0,0,0,0,0,0,0,0,0,0,0,0,0,0,0,0,0,0,0,0,0,0,0,0,0,0,0,0,0,0,0,0,0,0,0,7,4,2,4,10,12,1,22,2,1,2
1433.ps1,Token_Manipulation,1,2236,1,2235.0,2235,0,22,15,15,9,9,3,3,7,306,3,9,0,0,7,0,0,0,0,4,22,5,0,0,0,0,0,0,0,0,0,0,0,0,0,0,0,0,0,0,0,0,0,0,0,0,0,0,0,0,0,0,0,0,0,0,0,0,0,0,0,0,0,0,0,0,0,0,0,0,0,0,0,0,0,0,0,0,0,0,0,0,0,0,0,0,0,0,0,0,0,0,7,4,2,4,10,12,1,22,2,1,2
1420.ps1,Token_Manipulation,1,453,1,452.0,452,1,16,6,6,8,7,1,1,20,1,2,6,1,6,7,0,2,0,0,4,16,5,0,0,0,0,0,0,0,0,0,0,0,0,0,0,0,0,0,0,0,0,0,0,0,0,0,0,0,0,0,0,0,0,0,0,0,0,0,0,0,0,0,0,0,0,0,0,0,0,0,0,0,0,0,0,0,0,0,0,0,0,0,0,0,0,0,1,1,1,0,0,7,3,3,2,8,18,2,15,2,0,3
1432.ps1,Token_Manipulation,1,2337,1,2336.0,2336,0,22,15,15,9,9,3,3,7,327,3,9,0,0,7,0,0,0,0,4,22,5,0,0,0,0,0,0,0,0,0,0,0,0,0,0,0,0,0,0,0,0,0,0,0,0,0,0,0,0,0,0,0,0,0,0,0,0,0,0,0,0,0,0,0,0,0,0,0,0,0,0,0,0,0,0,0,0,0,0,0,0,0,0,0,0,0,0,0,0,0,0,7,4,2,4,10,12,1,22,2,1,2
1435.ps1,Token_Manipulation,1,2341,1,2340.0,2340,0,22,15,15,9,9,3,3,7,327,3,9,0,0,7,0,0,0,0,5,22,5,0,0,0,0,0,0,0,0,0,0,0,0,0,0,0,0,0,0,0,0,0,0,0,0,0,0,0,0,0,0,0,0,0,0,0,0,0,0,0,0,0,0,0,0,0,0,0,0,0,0,0,0,0,0,0,0,0,0,0,0,0,0,0,0,0,0,0,0,0,0,7,4,2,4,10,12,1,22,2,1,2
1424.ps1,Token_Manipulation,1,2327,1,2326.0,2326,0,22,15,15,9,9,3,3,7,327,3,9,0,0,7,0,0,0,0,4,22,5,0,0,0,0,0,0,0,0,0,0,0,0,0,0,0,0,0,0,0,0,0,0,0,0,0,0,0,0,0,0,0,0,0,0,0,0,0,0,0,0,0,0,0,0,0,0,0,0,0,0,0,0,0,0,0,0,0,0,0,0,0,0,0,0,0,0,0,0,0,0,7,4,2,4,10,12,1,22,2,1,2
1413.ps1,Token_Manipulation,1,2612,1,2611.0,2611,0,22,15,15,9,9,3,3,7,384,3,9,0,0,7,0,0,0,0,4,22,5,0,0,0,0,0,0,0,0,0,0,0,0,0,0,0,0,0,0,0,0,0,0,0,0,0,0,0,0,0,0,0,0,0,0,0,0,0,0,0,0,0,0,0,0,0,0,0,0,0,0,0,0,0,0,0,0,0,0,0,0,0,0,0,0,0,0,0,0,0,0,7,4,2,4,10,12,1,22,2,1,2
1445.ps1,Token_Manipulation,1,2237,1,2236.0,2236,0,22,15,15,9,9,3,3,7,309,3,9,0,0,7,0,0,0,0,4,22,5,0,0,0,0,0,0,0,0,0,0,0,0,0,0,0,0,0,0,0,0,0,0,0,0,0,0,0,0,0,0,0,0,0,0,0,0,0,0,0,0,0,0,0,0,0,0,0,0,0,0,0,0,0,0,0,0,0,0,0,0,0,0,0,0,0,0,0,0,0,0,7,4,2,4,10,12,1,22,2,1,2
1448.ps1,Token_Manipulation,1,2452,1,2451.0,2451,0,22,15,15,9,9,3,3,7,352,3,9,0,0,7,0,0,0,0,4,22,5,0,0,0,0,0,0,0,0,0,0,0,0,0,0,0,0,0,0,0,0,0,0,0,0,0,0,0,0,0,0,0,0,0,0,0,0,0,0,0,0,0,0,0,0,0,0,0,0,0,0,0,0,0,0,0,0,0,0,0,0,0,0,0,0,0,0,0,0,0,0,7,4,2,4,10,12,1,22,2,1,2
1436.ps1,Token_Manipulation,1,292,1,291.0,291,1,6,7,7,2,2,1,1,11,0,2,8,0,6,2,0,2,0,0,8,6,3,0,0,0,0,0,0,0,0,0,0,0,0,0,0,0,0,0,0,0,0,0,0,0,0,0,0,0,0,0,0,0,0,0,0,0,0,0,0,0,0,0,0,0,0,0,0,0,1,1,0,0,0,0,0,0,0,0,0,0,0,0,0,0,0,0,0,2,2,0,0,2,2,5,3,7,14,1,6,0,0,4
1449.ps1,Token_Manipulation,1,2251,1,2250.0,2250,0,22,15,15,9,9,3,3,7,309,3,9,0,0,7,0,0,0,0,4,22,5,0,0,0,0,0,0,0,0,0,0,0,0,0,0,0,0,0,0,0,0,0,0,0,0,0,0,0,0,0,0,0,0,0,0,0,0,0,0,0,0,0,0,0,0,0,0,0,0,0,0,0,0,0,0,0,0,0,0,0,0,0,0,0,0,0,0,0,0,0,0,7,4,2,4,10,12,1,22,2,1,2
1460.ps1,Token_Manipulation,1,2336,1,2335.0,2335,0,22,15,15,9,9,3,3,7,327,3,9,0,0,7,0,0,0,0,3,22,5,0,0,0,0,0,0,0,0,0,0,0,0,0,0,0,0,0,0,0,0,0,0,0,0,0,0,0,0,0,0,0,0,0,0,0,0,0,0,0,0,0,0,0,0,0,0,0,0,0,0,0,0,0,0,0,0,0,0,0,0,0,0,0,0,0,0,0,0,0,0,7,4,2,4,10,12,1,22,2,1,2
1453.ps1,Token_Manipulation,1,450,1,449.0,449,1,15,6,6,8,7,2,1,21,2,2,4,0,5,7,0,2,1,0,3,15,5,0,0,0,0,0,0,0,0,0,0,0,0,0,0,0,0,0,0,0,0,0,0,0,0,0,0,0,0,0,0,0,0,0,0,0,0,0,0,0,0,0,0,0,0,0,0,0,0,0,0,0,0,0,0,0,0,0,0,0,0,0,0,0,0,0,1,1,1,0,0,7,3,3,2,8,18,2,15,2,0,3
145.ps1,Token_Manipulation,1,2339,1,2338.0,2338,0,22,15,15,9,9,3,3,7,327,3,9,0,0,7,0,0,0,0,4,22,5,0,0,0,0,0,0,0,0,0,0,0,0,0,0,0,0,0,0,0,0,0,0,0,0,0,0,0,0,0,0,0,0,0,0,0,0,0,0,0,0,0,0,0,0,0,0,0,0,0,0,0,0,0,0,0,0,0,0,0,0,0,0,0,0,0,0,0,0,0,0,7,4,2,4,10,12,1,22,2,1,2
1456.ps1,Token_Manipulation,1,2250,1,2249.0,2249,0,22,15,15,9,9,3,3,7,309,3,9,0,0,7,0,0,0,0,4,22,5,0,0,0,0,0,0,0,0,0,0,0,0,0,0,0,0,0,0,0,0,0,0,0,0,0,0,0,0,0,0,0,0,0,0,0,0,0,0,0,0,0,0,0,0,0,0,0,0,0,0,0,0,0,0,0,0,0,0,0,0,0,0,0,0,0,0,0,0,0,0,7,4,2,4,10,12,1,22,2,1,2
1459.ps1,Token_Manipulation,1,153,1,152.0,152,1,2,3,3,0,0,0,0,8,1,0,2,0,4,0,0,0,0,0,5,2,3,0,0,0,0,0,0,0,0,0,0,0,0,0,0,0,0,0,0,0,0,0,0,0,0,0,0,0,0,0,0,0,0,0,0,0,0,0,0,0,0,0,0,0,0,0,0,0,0,0,0,0,0,0,0,0,0,0,0,0,0,0,0,0,0,0,1,1,0,1,0,0,0,2,1,4,5,0,2,0,0,2
1465.ps1,Token_Manipulation,1,2568,1,2567.0,2567,0,22,15,15,9,9,3,3,7,375,3,9,0,0,7,0,0,0,0,5,22,5,0,0,0,0,0,0,0,0,0,0,0,0,0,0,0,0,0,0,0,0,0,0,0,0,0,0,0,0,0,0,0,0,0,0,0,0,0,0,0,0,0,0,0,0,0,0,0,0,0,0,0,0,0,0,0,0,0,0,0,0,0,0,0,0,0,0,0,0,0,0,7,4,2,4,10,12,1,22,2,1,2
1455.ps1,Token_Manipulation,1,2530,1,2529.0,2529,0,34,18,18,12,12,5,5,12,309,4,16,0,0,12,0,0,0,2,2,32,12,0,0,0,0,0,0,0,0,0,0,0,0,0,0,0,0,0,0,0,0,0,0,0,0,0,0,0,0,0,0,0,0,0,0,0,0,0,0,0,0,0,0,0,0,0,0,0,0,0,0,0,1,0,0,0,0,0,0,0,0,0,0,0,0,0,0,0,0,0,0,5,2,2,2,3,10,3,12,0,0,0
1481.ps1,Token_Manipulation,1,2342,1,2341.0,2341,0,22,15,15,9,9,3,3,7,327,3,9,0,0,7,0,0,0,0,4,22,5,0,0,0,0,0,0,0,0,0,0,0,0,0,0,0,0,0,0,0,0,0,0,0,0,0,0,0,0,0,0,0,0,0,0,0,0,0,0,0,0,0,0,0,0,0,0,0,0,0,0,0,0,0,0,0,0,0,0,0,0,0,0,0,0,0,0,0,0,0,0,7,4,2,4,10,12,1,22,2,1,2
148.ps1,Token_Manipulation,1,2328,1,2327.0,2327,0,22,15,15,9,9,3,3,7,327,3,9,0,0,7,0,0,0,0,5,22,5,0,0,0,0,0,0,0,0,0,0,0,0,0,0,0,0,0,0,0,0,0,0,0,0,0,0,0,0,0,0,0,0,0,0,0,0,0,0,0,0,0,0,0,0,0,0,0,0,0,0,0,0,0,0,0,0,0,0,0,0,0,0,0,0,0,0,0,0,0,0,7,4,2,4,10,12,1,22,2,1,2
147.ps1,Token_Manipulation,1,2601,1,2600.0,2600,0,33,18,18,12,12,5,5,12,327,4,11,0,0,11,0,0,0,2,2,31,11,0,0,0,0,0,0,0,0,0,0,0,0,0,0,0,0,0,0,0,0,0,0,0,0,0,0,0,0,0,0,0,0,0,0,0,0,0,0,0,0,0,0,0,0,0,0,0,0,0,0,0,1,0,0,0,0,0,0,0,0,0,0,0,0,0,0,0,0,0,0,4,2,2,2,3,9,3,11,0,0,0
1466.ps1,Token_Manipulation,1,2568,1,2567.0,2567,0,22,15,15,9,9,3,3,7,375,3,9,0,0,7,0,0,0,0,5,22,5,0,0,0,0,0,0,0,0,0,0,0,0,0,0,0,0,0,0,0,0,0,0,0,0,0,0,0,0,0,0,0,0,0,0,0,0,0,0,0,0,0,0,0,0,0,0,0,0,0,0,0,0,0,0,0,0,0,0,0,0,0,0,0,0,0,0,0,0,0,0,7,4,2,4,10,12,1,22,2,1,2
1482.ps1,Token_Manipulation,1,2308,1,2307.0,2307,0,24,15,15,11,11,3,3,7,309,3,9,0,0,8,0,0,0,0,5,24,5,0,0,0,0,0,0,0,0,0,0,0,0,0,0,0,0,0,0,0,0,0,0,0,0,0,0,0,0,0,0,0,0,0,0,0,0,0,0,0,0,0,0,0,0,0,0,0,0,0,0,0,0,0,0,0,0,0,0,0,0,0,0,0,0,0,0,0,0,0,0,8,4,2,4,10,12,1,24,3,1,2
1475.ps1,Token_Manipulation,1,2282,1,2281.0,2281,0,22,15,15,9,9,3,3,7,318,3,9,0,0,7,0,0,0,0,4,22,5,0,0,0,0,0,0,0,0,0,0,0,0,0,0,0,0,0,0,0,0,0,0,0,0,0,0,0,0,0,0,0,0,0,0,0,0,0,0,0,0,0,0,0,0,0,0,0,0,0,0,0,0,0,0,0,0,0,0,0,0,0,0,0,0,0,0,0,0,0,0,7,4,2,4,10,12,1,22,2,1,2
1479.ps1,Token_Manipulation,1,2341,1,2340.0,2340,0,22,15,15,9,9,3,3,7,327,3,9,0,0,7,0,0,0,0,3,22,5,0,0,0,0,0,0,0,0,0,0,0,0,0,0,0,0,0,0,0,0,0,0,0,0,0,0,0,0,0,0,0,0,0,0,0,0,0,0,0,0,0,0,0,0,0,0,0,0,0,0,0,0,0,0,0,0,0,0,0,0,0,0,0,0,0,0,0,0,0,0,7,4,2,4,10,12,1,22,2,1,2
1473.ps1,Token_Manipulation,1,2343,1,2342.0,2342,0,22,15,15,9,9,3,3,7,327,3,9,0,0,7,0,0,0,0,5,22,5,0,0,0,0,0,0,0,0,0,0,0,0,0,0,0,0,0,0,0,0,0,0,0,0,0,0,0,0,0,0,0,0,0,0,0,0,0,0,0,0,0,0,0,0,0,0,0,0,0,0,0,0,0,0,0,0,0,0,0,0,0,0,0,0,0,0,0,0,0,0,7,4,2,4,10,12,1,22,2,1,2
1487.ps1,Token_Manipulation,1,2609,1,2608.0,2608,0,33,18,18,12,12,5,5,12,327,4,11,0,0,11,0,0,0,2,2,33,11,0,0,0,0,0,0,0,0,0,0,0,0,0,0,0,0,0,0,0,0,0,0,0,0,0,0,0,0,0,0,0,0,0,0,0,0,0,0,0,0,0,0,0,0,0,0,0,0,0,0,0,1,0,0,0,0,0,0,0,0,0,0,0,0,0,0,0,0,0,0,4,2,2,2,3,9,3,11,0,0,0
1478.ps1,Token_Manipulation,1,128,1,127.0,127,1,0,2,2,0,0,0,0,7,1,0,2,0,3,0,0,0,0,0,5,0,3,0,0,0,0,0,0,0,0,0,0,0,0,0,0,0,0,0,0,0,0,0,0,0,0,0,0,0,0,0,0,0,0,0,0,0,0,0,0,0,0,0,0,0,0,0,0,0,0,0,0,0,0,0,0,0,0,0,0,0,0,0,0,0,0,0,1,1,0,1,0,0,0,2,1,3,7,0,0,0,0,1
1492.ps1,Token_Manipulation,1,2238,1,2237.0,2237,0,22,15,15,9,9,3,3,7,309,3,9,0,0,7,0,0,0,0,5,22,5,0,0,0,0,0,0,0,0,0,0,0,0,0,0,0,0,0,0,0,0,0,0,0,0,0,0,0,0,0,0,0,0,0,0,0,0,0,0,0,0,0,0,0,0,0,0,0,0,0,0,0,0,0,0,0,0,0,0,0,0,0,0,0,0,0,0,0,0,0,0,7,4,2,4,10,12,1,22,2,1,2
1495.ps1,Token_Manipulation,1,2238,1,2237.0,2237,0,22,15,15,9,9,3,3,7,309,3,9,0,0,7,0,0,0,0,5,22,5,0,0,0,0,0,0,0,0,0,0,0,0,0,0,0,0,0,0,0,0,0,0,0,0,0,0,0,0,0,0,0,0,0,0,0,0,0,0,0,0,0,0,0,0,0,0,0,0,0,0,0,0,0,0,0,0,0,0,0,0,0,0,0,0,0,0,0,0,0,0,7,4,2,4,10,12,1,22,2,1,2
1488.ps1,Token_Manipulation,1,2237,1,2236.0,2236,0,22,15,15,9,9,3,3,7,309,3,9,0,0,7,0,0,0,0,4,22,5,0,0,0,0,0,0,0,0,0,0,0,0,0,0,0,0,0,0,0,0,0,0,0,0,0,0,0,0,0,0,0,0,0,0,0,0,0,0,0,0,0,0,0,0,0,0,0,0,0,0,0,0,0,0,0,0,0,0,0,0,0,0,0,0,0,0,0,0,0,0,7,4,2,4,10,12,1,22,2,1,2
1500.ps1,Token_Manipulation,1,2609,1,2608.0,2608,0,33,18,18,12,12,5,5,12,327,4,11,0,0,11,0,0,0,2,2,33,11,0,0,0,0,0,0,0,0,0,0,0,0,0,0,0,0,0,0,0,0,0,0,0,0,0,0,0,0,0,0,0,0,0,0,0,0,0,0,0,0,0,0,0,0,0,0,0,0,0,0,0,1,0,0,0,0,0,0,0,0,0,0,0,0,0,0,0,0,0,0,4,2,2,2,3,9,3,11,0,0,0
1485.ps1,Token_Manipulation,1,2238,1,2237.0,2237,0,22,15,15,9,9,3,3,7,309,3,9,0,0,7,0,0,0,0,5,22,5,0,0,0,0,0,0,0,0,0,0,0,0,0,0,0,0,0,0,0,0,0,0,0,0,0,0,0,0,0,0,0,0,0,0,0,0,0,0,0,0,0,0,0,0,0,0,0,0,0,0,0,0,0,0,0,0,0,0,0,0,0,0,0,0,0,0,0,0,0,0,7,4,2,4,10,12,1,22,2,1,2
1503.ps1,Token_Manipulation,1,2326,1,2325.0,2325,0,22,15,15,9,9,3,3,7,327,3,9,0,0,7,0,0,0,0,3,22,5,0,0,0,0,0,0,0,0,0,0,0,0,0,0,0,0,0,0,0,0,0,0,0,0,0,0,0,0,0,0,0,0,0,0,0,0,0,0,0,0,0,0,0,0,0,0,0,0,0,0,0,0,0,0,0,0,0,0,0,0,0,0,0,0,0,0,0,0,0,0,7,4,2,4,10,12,1,22,2,1,2
1483.ps1,Token_Manipulation,1,2238,1,2237.0,2237,0,22,15,15,9,9,3,3,7,309,3,9,0,0,7,0,0,0,0,5,22,5,0,0,0,0,0,0,0,0,0,0,0,0,0,0,0,0,0,0,0,0,0,0,0,0,0,0,0,0,0,0,0,0,0,0,0,0,0,0,0,0,0,0,0,0,0,0,0,0,0,0,0,0,0,0,0,0,0,0,0,0,0,0,0,0,0,0,0,0,0,0,7,4,2,4,10,12,1,22,2,1,2
1498.ps1,Token_Manipulation,1,2670,1,2669.0,2669,0,22,15,15,9,9,3,3,7,393,3,9,0,0,7,0,0,0,0,4,22,5,0,0,0,0,0,0,0,0,0,0,0,0,0,0,0,0,0,0,0,0,0,0,0,0,0,0,0,0,0,0,0,0,0,0,0,0,0,0,0,0,0,0,0,0,0,0,0,0,0,0,0,0,0,0,0,0,0,0,0,0,0,0,0,0,0,0,0,0,0,0,7,4,2,4,10,12,1,22,2,1,2
1507.ps1,Token_Manipulation,1,2326,1,2325.0,2325,0,22,15,15,9,9,3,3,7,327,3,9,0,0,7,0,0,0,0,3,22,5,0,0,0,0,0,0,0,0,0,0,0,0,0,0,0,0,0,0,0,0,0,0,0,0,0,0,0,0,0,0,0,0,0,0,0,0,0,0,0,0,0,0,0,0,0,0,0,0,0,0,0,0,0,0,0,0,0,0,0,0,0,0,0,0,0,0,0,0,0,0,7,4,2,4,10,12,1,22,2,1,2
152.ps1,Token_Manipulation,1,81,1,81.0,81,0,3,0,0,0,0,0,0,1,0,0,1,0,0,1,0,0,0,0,2,3,2,0,0,0,0,0,0,0,0,0,0,0,0,0,0,0,0,0,0,0,0,0,0,0,0,0,0,0,0,0,0,0,0,0,0,0,0,0,0,0,0,0,0,0,0,0,0,0,1,0,0,0,0,0,0,0,0,0,0,0,0,0,0,0,0,0,0,0,0,0,0,1,0,1,0,1,2,0,3,0,0,0
1505.ps1,Token_Manipulation,1,2251,1,2250.0,2250,0,22,15,15,9,9,3,3,7,309,3,9,0,0,7,0,0,0,0,4,22,5,0,0,0,0,0,0,0,0,0,0,0,0,0,0,0,0,0,0,0,0,0,0,0,0,0,0,0,0,0,0,0,0,0,0,0,0,0,0,0,0,0,0,0,0,0,0,0,0,0,0,0,0,0,0,0,0,0,0,0,0,0,0,0,0,0,0,0,0,0,0,7,4,2,4,10,12,1,22,2,1,2
1512.ps1,Token_Manipulation,1,2327,1,2326.0,2326,0,22,15,15,9,9,3,3,7,327,3,9,0,0,7,0,0,0,0,4,22,5,0,0,0,0,0,0,0,0,0,0,0,0,0,0,0,0,0,0,0,0,0,0,0,0,0,0,0,0,0,0,0,0,0,0,0,0,0,0,0,0,0,0,0,0,0,0,0,0,0,0,0,0,0,0,0,0,0,0,0,0,0,0,0,0,0,0,0,0,0,0,7,4,2,4,10,12,1,22,2,1,2
150.ps1,Token_Manipulation,1,2342,1,2341.0,2341,0,22,15,15,9,9,3,3,7,327,3,9,0,0,7,0,0,0,0,4,19,5,0,0,0,0,0,0,0,0,0,0,0,0,0,0,0,0,0,0,0,0,0,0,0,0,0,0,0,0,0,0,0,0,0,0,0,0,0,0,0,0,0,0,0,0,0,0,0,0,0,0,0,0,0,0,0,0,0,0,0,0,0,0,0,0,0,0,0,0,0,0,7,4,2,4,10,12,1,22,2,1,2
1508.ps1,Token_Manipulation,1,2282,1,2281.0,2281,0,22,15,15,9,9,3,3,7,318,3,9,0,0,7,0,0,0,0,4,22,5,0,0,0,0,0,0,0,0,0,0,0,0,0,0,0,0,0,0,0,0,0,0,0,0,0,0,0,0,0,0,0,0,0,0,0,0,0,0,0,0,0,0,0,0,0,0,0,0,0,0,0,0,0,0,0,0,0,0,0,0,0,0,0,0,0,0,0,0,0,0,7,4,2,4,10,12,1,22,2,1,2
1522.ps1,Token_Manipulation,1,2453,1,2452.0,2452,0,22,15,15,9,9,3,3,7,352,3,9,0,0,7,0,0,0,0,5,22,5,0,0,0,0,0,0,0,0,0,0,0,0,0,0,0,0,0,0,0,0,0,0,0,0,0,0,0,0,0,0,0,0,0,0,0,0,0,0,0,0,0,0,0,0,0,0,0,0,0,0,0,0,0,0,0,0,0,0,0,0,0,0,0,0,0,0,0,0,0,0,7,4,2,4,10,12,1,22,2,1,2
1511.ps1,Token_Manipulation,1,2609,1,2608.0,2608,0,33,18,18,12,12,5,5,12,327,4,11,0,0,11,0,0,0,2,2,31,11,0,0,0,0,0,0,0,0,0,0,0,0,0,0,0,0,0,0,0,0,0,0,0,0,0,0,0,0,0,0,0,0,0,0,0,0,0,0,0,0,0,0,0,0,0,0,0,0,0,0,0,1,0,0,0,0,0,0,0,0,0,0,0,0,0,0,0,0,0,0,4,2,2,2,3,9,3,11,0,0,0
1516.ps1,Token_Manipulation,1,179,1,178.0,178,1,1,3,3,1,1,1,1,7,0,0,2,0,3,1,0,0,0,0,3,1,1,0,0,0,0,0,0,0,0,0,0,0,0,0,0,0,0,0,0,0,0,0,0,0,0,0,0,0,0,0,0,0,0,0,0,0,0,0,0,0,0,0,0,0,0,0,0,0,0,0,0,0,0,0,0,0,0,1,0,0,0,0,0,0,0,0,0,1,1,0,0,1,0,2,1,4,6,1,1,0,0,2
1529.ps1,Token_Manipulation,1,2340,1,2339.0,2339,0,22,15,15,9,9,3,3,7,327,3,9,0,0,7,0,0,0,0,4,22,5,0,0,0,0,0,0,0,0,0,0,0,0,0,0,0,0,0,0,0,0,0,0,0,0,0,0,0,0,0,0,0,0,0,0,0,0,0,0,0,0,0,0,0,0,0,0,0,0,0,0,0,0,0,0,0,0,0,0,0,0,0,0,0,0,0,0,0,0,0,0,7,4,2,4,10,12,1,22,2,1,2
1535.ps1,Token_Manipulation,1,2453,1,2452.0,2452,0,22,15,15,9,9,3,3,7,352,3,9,0,0,7,0,0,0,0,5,22,5,0,0,0,0,0,0,0,0,0,0,0,0,0,0,0,0,0,0,0,0,0,0,0,0,0,0,0,0,0,0,0,0,0,0,0,0,0,0,0,0,0,0,0,0,0,0,0,0,0,0,0,0,0,0,0,0,0,0,0,0,0,0,0,0,0,0,0,0,0,0,7,4,2,4,10,12,1,22,2,1,2
1538.ps1,Token_Manipulation,1,2328,1,2327.0,2327,0,22,15,15,9,9,3,3,7,327,3,9,0,0,7,0,0,0,0,5,22,5,0,0,0,0,0,0,0,0,0,0,0,0,0,0,0,0,0,0,0,0,0,0,0,0,0,0,0,0,0,0,0,0,0,0,0,0,0,0,0,0,0,0,0,0,0,0,0,0,0,0,0,0,0,0,0,0,0,0,0,0,0,0,0,0,0,0,0,0,0,0,7,4,2,4,10,12,1,22,2,1,2
1520.ps1,Token_Manipulation,1,2418,1,2417.0,2417,0,22,15,15,9,9,3,3,7,345,3,9,0,0,7,0,0,0,0,5,22,5,0,0,0,0,0,0,0,0,0,0,0,0,0,0,0,0,0,0,0,0,0,0,0,0,0,0,0,0,0,0,0,0,0,0,0,0,0,0,0,0,0,0,0,0,0,0,0,0,0,0,0,0,0,0,0,0,0,0,0,0,0,0,0,0,0,0,0,0,0,0,7,4,2,4,10,12,1,22,2,1,2
1541.ps1,Token_Manipulation,1,2453,1,2452.0,2452,0,22,15,15,9,9,3,3,7,352,3,9,0,0,7,0,0,0,0,5,22,5,0,0,0,0,0,0,0,0,0,0,0,0,0,0,0,0,0,0,0,0,0,0,0,0,0,0,0,0,0,0,0,0,0,0,0,0,0,0,0,0,0,0,0,0,0,0,0,0,0,0,0,0,0,0,0,0,0,0,0,0,0,0,0,0,0,0,0,0,0,0,7,4,2,4,10,12,1,22,2,1,2
1546.ps1,Token_Manipulation,1,2238,1,2237.0,2237,0,22,15,15,9,9,3,3,7,309,3,9,0,0,7,0,0,0,0,5,22,5,0,0,0,0,0,0,0,0,0,0,0,0,0,0,0,0,0,0,0,0,0,0,0,0,0,0,0,0,0,0,0,0,0,0,0,0,0,0,0,0,0,0,0,0,0,0,0,0,0,0,0,0,0,0,0,0,0,0,0,0,0,0,0,0,0,0,0,0,0,0,7,4,2,4,10,12,1,22,2,1,2
1545.ps1,Token_Manipulation,1,137,1,136.0,136,1,4,3,3,0,0,0,0,6,1,1,2,0,3,1,0,0,0,0,7,4,2,0,0,0,0,0,0,0,0,0,0,0,0,0,0,0,0,0,0,0,0,0,0,0,0,0,0,0,0,0,0,0,0,0,0,0,0,0,0,0,0,0,0,0,0,0,0,0,0,0,0,0,0,0,0,0,0,0,0,0,0,0,0,0,0,0,1,1,0,1,0,1,1,2,1,4,6,0,4,0,0,2
1542.ps1,Token_Manipulation,1,2237,1,2236.0,2236,0,22,15,15,9,9,3,3,7,309,3,9,0,0,7,0,0,0,0,4,22,5,0,0,0,0,0,0,0,0,0,0,0,0,0,0,0,0,0,0,0,0,0,0,0,0,0,0,0,0,0,0,0,0,0,0,0,0,0,0,0,0,0,0,0,0,0,0,0,0,0,0,0,0,0,0,0,0,0,0,0,0,0,0,0,0,0,0,0,0,0,0,7,4,2,4,10,12,1,22,2,1,2
1539.ps1,Token_Manipulation,1,2238,1,2237.0,2237,0,22,15,15,9,9,3,3,7,309,3,9,0,0,7,0,0,0,0,5,22,5,0,0,0,0,0,0,0,0,0,0,0,0,0,0,0,0,0,0,0,0,0,0,0,0,0,0,0,0,0,0,0,0,0,0,0,0,0,0,0,0,0,0,0,0,0,0,0,0,0,0,0,0,0,0,0,0,0,0,0,0,0,0,0,0,0,0,0,0,0,0,7,4,2,4,10,12,1,22,2,1,2
1543.ps1,Token_Manipulation,1,2238,1,2237.0,2237,0,22,15,15,9,9,3,3,7,309,3,9,0,0,7,0,0,0,0,5,22,5,0,0,0,0,0,0,0,0,0,0,0,0,0,0,0,0,0,0,0,0,0,0,0,0,0,0,0,0,0,0,0,0,0,0,0,0,0,0,0,0,0,0,0,0,0,0,0,0,0,0,0,0,0,0,0,0,0,0,0,0,0,0,0,0,0,0,0,0,0,0,7,4,2,4,10,12,1,22,2,1,2
1555.ps1,Token_Manipulation,1,2614,1,2613.0,2613,0,33,18,18,12,12,5,5,12,327,4,11,0,0,11,0,0,0,2,2,30,11,0,0,0,0,0,0,0,0,0,0,0,0,0,0,0,0,0,0,0,0,0,0,0,0,0,0,0,0,0,0,0,0,0,0,0,0,0,0,0,0,0,0,0,0,0,0,0,0,0,0,0,1,0,0,0,0,0,0,0,0,0,0,1,0,0,0,0,0,0,0,4,2,2,2,3,9,3,11,0,0,0
1556.ps1,Token_Manipulation,1,2222,1,2221.0,2221,0,22,15,15,9,9,3,3,7,306,3,9,0,0,7,0,0,0,0,4,22,5,0,0,0,0,0,0,0,0,0,0,0,0,0,0,0,0,0,0,0,0,0,0,0,0,0,0,0,0,0,0,0,0,0,0,0,0,0,0,0,0,0,0,0,0,0,0,0,0,0,0,0,0,0,0,0,0,0,0,0,0,0,0,0,0,0,0,0,0,0,0,7,4,2,4,10,12,1,22,2,1,2
155.ps1,Token_Manipulation,1,2328,1,2327.0,2327,0,22,15,15,9,9,3,3,7,327,3,9,0,0,7,0,0,0,0,5,22,5,0,0,0,0,0,0,0,0,0,0,0,0,0,0,0,0,0,0,0,0,0,0,0,0,0,0,0,0,0,0,0,0,0,0,0,0,0,0,0,0,0,0,0,0,0,0,0,0,0,0,0,0,0,0,0,0,0,0,0,0,0,0,0,0,0,0,0,0,0,0,7,4,2,4,10,12,1,22,2,1,2
1559.ps1,Token_Manipulation,1,2465,1,2464.0,2464,0,22,15,15,9,9,3,3,7,352,3,9,0,0,7,0,0,0,0,4,22,5,0,0,0,0,0,0,0,0,0,0,0,0,0,0,0,0,0,0,0,0,0,0,0,0,0,0,0,0,0,0,0,0,0,0,0,0,0,0,0,0,0,0,0,0,0,0,0,0,0,0,0,0,0,0,0,0,0,0,0,0,0,0,0,0,0,0,0,0,0,0,7,4,2,4,10,12,1,22,2,1,2
1564.ps1,Token_Manipulation,1,2250,1,2249.0,2249,0,22,15,15,9,9,3,3,7,309,3,9,0,0,7,0,0,0,0,4,22,5,0,0,0,0,0,0,0,0,0,0,0,0,0,0,0,0,0,0,0,0,0,0,0,0,0,0,0,0,0,0,0,0,0,0,0,0,0,0,0,0,0,0,0,0,0,0,0,0,0,0,0,0,0,0,0,0,0,0,0,0,0,0,0,0,0,0,0,0,0,0,7,4,2,4,10,12,1,22,2,1,2
1572.ps1,Token_Manipulation,1,2342,1,2341.0,2341,0,22,15,15,9,9,3,3,7,327,3,9,0,0,7,0,0,0,0,4,19,5,0,0,0,0,0,0,0,0,0,0,0,0,0,0,0,0,0,0,0,0,0,0,0,0,0,0,0,0,0,0,0,0,0,0,0,0,0,0,0,0,0,0,0,0,0,0,0,0,0,0,0,0,0,0,0,0,0,0,0,0,0,0,0,0,0,0,0,0,0,0,7,4,2,4,10,12,1,22,2,1,2
1578.ps1,Token_Manipulation,1,2328,1,2327.0,2327,0,22,15,15,9,9,3,3,7,327,3,9,0,0,7,0,0,0,0,5,22,5,0,0,0,0,0,0,0,0,0,0,0,0,0,0,0,0,0,0,0,0,0,0,0,0,0,0,0,0,0,0,0,0,0,0,0,0,0,0,0,0,0,0,0,0,0,0,0,0,0,0,0,0,0,0,0,0,0,0,0,0,0,0,0,0,0,0,0,0,0,0,7,4,2,4,10,12,1,22,2,1,2
1570.ps1,Token_Manipulation,1,2283,1,2282.0,2282,0,22,15,15,9,9,3,3,7,318,3,9,0,0,7,0,0,0,0,5,22,5,0,0,0,0,0,0,0,0,0,0,0,0,0,0,0,0,0,0,0,0,0,0,0,0,0,0,0,0,0,0,0,0,0,0,0,0,0,0,0,0,0,0,0,0,0,0,0,0,0,0,0,0,0,0,0,0,0,0,0,0,0,0,0,0,0,0,0,0,0,0,7,4,2,4,10,12,1,22,2,1,2
157.ps1,Token_Manipulation,1,2337,1,2336.0,2336,0,22,15,15,9,9,3,3,7,327,3,9,0,0,7,0,0,0,0,4,22,5,0,0,0,0,0,0,0,0,0,0,0,0,0,0,0,0,0,0,0,0,0,0,0,0,0,0,0,0,0,0,0,0,0,0,0,0,0,0,0,0,0,0,0,0,0,0,0,0,0,0,0,0,0,0,0,0,0,0,0,0,0,0,0,0,0,0,0,0,0,0,7,4,2,4,10,12,1,22,2,1,2
1568.ps1,Token_Manipulation,1,2339,1,2338.0,2338,0,22,15,15,9,9,3,3,7,327,3,9,0,0,7,0,0,0,0,4,22,5,0,0,0,0,0,0,0,0,0,0,0,0,0,0,0,0,0,0,0,0,0,0,0,0,0,0,0,0,0,0,0,0,0,0,0,0,0,0,0,0,0,0,0,0,0,0,0,0,0,0,0,0,0,0,0,0,0,0,0,0,0,0,0,0,0,0,0,0,0,0,7,4,2,4,10,12,1,22,2,1,2
1575.ps1,Token_Manipulation,1,2327,1,2326.0,2326,0,22,15,15,9,9,3,3,7,327,3,9,0,0,7,0,0,0,0,4,22,5,0,0,0,0,0,0,0,0,0,0,0,0,0,0,0,0,0,0,0,0,0,0,0,0,0,0,0,0,0,0,0,0,0,0,0,0,0,0,0,0,0,0,0,0,0,0,0,0,0,0,0,0,0,0,0,0,0,0,0,0,0,0,0,0,0,0,0,0,0,0,7,4,2,4,10,12,1,22,2,1,2
1571.ps1,Token_Manipulation,1,2237,1,2236.0,2236,0,22,15,15,9,9,3,3,7,309,3,9,0,0,7,0,0,0,0,4,22,5,0,0,0,0,0,0,0,0,0,0,0,0,0,0,0,0,0,0,0,0,0,0,0,0,0,0,0,0,0,0,0,0,0,0,0,0,0,0,0,0,0,0,0,0,0,0,0,0,0,0,0,0,0,0,0,0,0,0,0,0,0,0,0,0,0,0,0,0,0,0,7,4,2,4,10,12,1,22,2,1,2
1577.ps1,Token_Manipulation,1,2237,1,2236.0,2236,0,22,15,15,9,9,3,3,7,309,3,9,0,0,7,0,0,0,0,4,22,5,0,0,0,0,0,0,0,0,0,0,0,0,0,0,0,0,0,0,0,0,0,0,0,0,0,0,0,0,0,0,0,0,0,0,0,0,0,0,0,0,0,0,0,0,0,0,0,0,0,0,0,0,0,0,0,0,0,0,0,0,0,0,0,0,0,0,0,0,0,0,7,4,2,4,10,12,1,22,2,1,2
1584.ps1,Token_Manipulation,1,190,1,189.0,189,1,3,3,3,1,1,0,0,11,1,0,1,0,3,1,0,0,0,0,3,3,2,0,0,0,0,0,0,0,0,0,0,0,0,0,0,0,0,0,0,0,0,0,0,0,0,0,0,0,0,0,0,0,0,0,0,0,0,0,0,0,0,0,0,0,0,0,0,0,0,0,0,0,0,0,0,0,0,0,0,0,0,0,0,0,0,0,1,1,0,1,0,1,0,2,2,3,6,1,3,0,0,1
1581.ps1,Token_Manipulation,1,2283,1,2282.0,2282,0,22,15,15,9,9,3,3,7,318,3,9,0,0,7,0,0,0,0,5,22,5,0,0,0,0,0,0,0,0,0,0,0,0,0,0,0,0,0,0,0,0,0,0,0,0,0,0,0,0,0,0,0,0,0,0,0,0,0,0,0,0,0,0,0,0,0,0,0,0,0,0,0,0,0,0,0,0,0,0,0,0,0,0,0,0,0,0,0,0,0,0,7,4,2,4,10,12,1,22,2,1,2
1600.ps1,Token_Manipulation,1,2250,1,2249.0,2249,0,22,15,15,9,9,3,3,7,309,3,9,0,0,7,0,0,0,0,5,22,5,0,0,0,0,0,0,0,0,0,0,0,0,0,0,0,0,0,0,0,0,0,0,0,0,0,0,0,0,0,0,0,0,0,0,0,0,0,0,0,0,0,0,0,0,0,0,0,0,0,0,0,0,0,0,0,0,0,0,0,0,0,0,0,0,0,0,0,0,0,0,7,4,2,4,10,12,1,22,2,1,2
1593.ps1,Token_Manipulation,1,2237,1,2236.0,2236,0,22,15,15,9,9,3,3,7,309,3,9,0,0,7,0,0,0,0,4,22,5,0,0,0,0,0,0,0,0,0,0,0,0,0,0,0,0,0,0,0,0,0,0,0,0,0,0,0,0,0,0,0,0,0,0,0,0,0,0,0,0,0,0,0,0,0,0,0,0,0,0,0,0,0,0,0,0,0,0,0,0,0,0,0,0,0,0,0,0,0,0,7,4,2,4,10,12,1,22,2,1,2
1597.ps1,Token_Manipulation,1,250,1,249.0,249,1,0,2,2,0,0,0,0,8,0,0,8,0,9,0,0,0,0,0,7,0,1,0,0,0,0,0,0,0,0,0,0,0,0,0,0,0,0,0,0,0,0,0,0,0,0,0,0,0,0,0,0,0,0,0,0,0,1,0,0,0,0,0,0,0,1,0,0,0,1,0,0,0,0,0,0,0,0,0,0,0,0,0,0,0,0,0,0,1,1,0,0,0,0,3,1,3,8,0,0,0,0,1
1594.ps1,Token_Manipulation,1,2237,1,2236.0,2236,0,22,15,15,9,9,3,3,7,309,3,9,0,0,7,0,0,0,0,4,22,5,0,0,0,0,0,0,0,0,0,0,0,0,0,0,0,0,0,0,0,0,0,0,0,0,0,0,0,0,0,0,0,0,0,0,0,0,0,0,0,0,0,0,0,0,0,0,0,0,0,0,0,0,0,0,0,0,0,0,0,0,0,0,0,0,0,0,0,0,0,0,7,4,2,4,10,12,1,22,2,1,2
1587.ps1,Token_Manipulation,1,2343,1,2342.0,2342,0,22,15,15,9,9,3,3,7,327,3,9,0,0,7,0,0,0,0,5,22,5,0,0,0,0,0,0,0,0,0,0,0,0,0,0,0,0,0,0,0,0,0,0,0,0,0,0,0,0,0,0,0,0,0,0,0,0,0,0,0,0,0,0,0,0,0,0,0,0,0,0,0,0,0,0,0,0,0,0,0,0,0,0,0,0,0,0,0,0,0,0,7,4,2,4,10,12,1,22,2,1,2
1580.ps1,Token_Manipulation,1,2328,1,2327.0,2327,0,22,15,15,9,9,3,3,7,327,3,9,0,0,7,0,0,0,0,5,22,5,0,0,0,0,0,0,0,0,0,0,0,0,0,0,0,0,0,0,0,0,0,0,0,0,0,0,0,0,0,0,0,0,0,0,0,0,0,0,0,0,0,0,0,0,0,0,0,0,0,0,0,0,0,0,0,0,0,0,0,0,0,0,0,0,0,0,0,0,0,0,7,4,2,4,10,12,1,22,2,1,2
1617.ps1,Token_Manipulation,1,2248,1,2247.0,2247,0,22,15,15,9,9,3,3,7,309,3,9,0,0,7,0,0,0,0,3,22,5,0,0,0,0,0,0,0,0,0,0,0,0,0,0,0,0,0,0,0,0,0,0,0,0,0,0,0,0,0,0,0,0,0,0,0,0,0,0,0,0,0,0,0,0,0,0,0,0,0,0,0,0,0,0,0,0,0,0,0,0,0,0,0,0,0,0,0,0,0,0,7,4,2,4,10,12,1,22,2,1,2
161.ps1,Token_Manipulation,1,2282,1,2281.0,2281,0,22,15,15,9,9,3,3,7,318,3,9,0,0,7,0,0,0,0,4,22,5,0,0,0,0,0,0,0,0,0,0,0,0,0,0,0,0,0,0,0,0,0,0,0,0,0,0,0,0,0,0,0,0,0,0,0,0,0,0,0,0,0,0,0,0,0,0,0,0,0,0,0,0,0,0,0,0,0,0,0,0,0,0,0,0,0,0,0,0,0,0,7,4,2,4,10,12,1,22,2,1,2
1623.ps1,Token_Manipulation,1,2222,1,2221.0,2221,0,22,15,15,9,9,3,3,7,306,3,9,0,0,7,0,0,0,0,4,22,5,0,0,0,0,0,0,0,0,0,0,0,0,0,0,0,0,0,0,0,0,0,0,0,0,0,0,0,0,0,0,0,0,0,0,0,0,0,0,0,0,0,0,0,0,0,0,0,0,0,0,0,0,0,0,0,0,0,0,0,0,0,0,0,0,0,0,0,0,0,0,7,4,2,4,10,12,1,22,2,1,2
1603.ps1,Token_Manipulation,1,2339,1,2338.0,2338,0,22,15,15,9,9,3,3,7,327,3,9,0,0,7,0,0,0,0,4,22,5,0,0,0,0,0,0,0,0,0,0,0,0,0,0,0,0,0,0,0,0,0,0,0,0,0,0,0,0,0,0,0,0,0,0,0,0,0,0,0,0,0,0,0,0,0,0,0,0,0,0,0,0,0,0,0,0,0,0,0,0,0,0,0,0,0,0,0,0,0,0,7,4,2,4,10,12,1,22,2,1,2
1612.ps1,Token_Manipulation,1,2341,1,2340.0,2340,0,22,15,15,9,9,3,3,7,327,3,9,0,0,7,0,0,0,0,5,17,5,0,0,0,0,0,0,0,0,0,0,0,0,0,0,0,0,0,0,0,0,0,0,0,0,0,0,0,0,0,0,0,0,0,0,0,0,0,0,0,0,0,0,0,0,0,0,0,0,0,0,0,0,0,0,0,0,0,0,0,0,0,0,0,0,0,0,0,0,0,0,7,4,2,4,10,12,1,22,2,1,2
1611.ps1,Token_Manipulation,1,160,1,159.0,159,1,2,3,3,0,0,0,0,8,1,0,2,0,4,0,0,0,0,0,6,2,3,0,0,0,0,0,0,0,0,0,0,0,0,0,0,0,0,0,0,0,0,0,0,0,0,0,0,0,0,0,0,0,0,0,0,0,0,0,0,0,0,0,0,0,0,0,0,0,0,0,0,0,0,0,0,0,0,0,0,0,0,0,0,0,0,0,1,1,0,1,0,0,0,2,1,4,5,0,2,0,0,2
1601.ps1,Token_Manipulation,1,2338,1,2337.0,2337,0,22,15,15,9,9,3,3,7,327,3,9,0,0,7,0,0,0,0,5,22,5,0,0,0,0,0,0,0,0,0,0,0,0,0,0,0,0,0,0,0,0,0,0,0,0,0,0,0,0,0,0,0,0,0,0,0,0,0,0,0,0,0,0,0,0,0,0,0,0,0,0,0,0,0,0,0,0,0,0,0,0,0,0,0,0,0,0,0,0,0,0,7,4,2,4,10,12,1,22,2,1,2
1620.ps1,Token_Manipulation,1,2327,1,2326.0,2326,0,22,15,15,9,9,3,3,7,327,3,9,0,0,7,0,0,0,0,4,22,5,0,0,0,0,0,0,0,0,0,0,0,0,0,0,0,0,0,0,0,0,0,0,0,0,0,0,0,0,0,0,0,0,0,0,0,0,0,0,0,0,0,0,0,0,0,0,0,0,0,0,0,0,0,0,0,0,0,0,0,0,0,0,0,0,0,0,0,0,0,0,7,4,2,4,10,12,1,22,2,1,2
1618.ps1,Token_Manipulation,1,2336,1,2335.0,2335,0,22,15,15,9,9,3,3,7,327,3,9,0,0,7,0,0,0,0,3,22,5,0,0,0,0,0,0,0,0,0,0,0,0,0,0,0,0,0,0,0,0,0,0,0,0,0,0,0,0,0,0,0,0,0,0,0,0,0,0,0,0,0,0,0,0,0,0,0,0,0,0,0,0,0,0,0,0,0,0,0,0,0,0,0,0,0,0,0,0,0,0,7,4,2,4,10,12,1,22,2,1,2
1621.ps1,Token_Manipulation,1,2327,1,2326.0,2326,0,22,15,15,9,9,3,3,7,327,3,9,0,0,7,0,0,0,0,4,22,5,0,0,0,0,0,0,0,0,0,0,0,0,0,0,0,0,0,0,0,0,0,0,0,0,0,0,0,0,0,0,0,0,0,0,0,0,0,0,0,0,0,0,0,0,0,0,0,0,0,0,0,0,0,0,0,0,0,0,0,0,0,0,0,0,0,0,0,0,0,0,7,4,2,4,10,12,1,22,2,1,2
163.ps1,Token_Manipulation,1,2713,1,2712.0,2712,0,22,15,15,9,9,3,3,7,402,3,9,0,0,7,0,0,0,0,5,22,5,0,0,0,0,0,0,0,0,0,0,0,0,0,0,0,0,0,0,0,0,0,0,0,0,0,0,0,0,0,0,0,0,0,0,0,0,0,0,0,0,0,0,0,0,0,0,0,0,0,0,0,0,0,0,0,0,0,0,0,0,0,0,0,0,0,0,0,0,0,0,7,4,2,4,10,12,1,22,2,1,2
1632.ps1,Token_Manipulation,1,2327,1,2326.0,2326,0,22,15,15,9,9,3,3,7,327,3,9,0,0,7,0,0,0,0,4,22,5,0,0,0,0,0,0,0,0,0,0,0,0,0,0,0,0,0,0,0,0,0,0,0,0,0,0,0,0,0,0,0,0,0,0,0,0,0,0,0,0,0,0,0,0,0,0,0,0,0,0,0,0,0,0,0,0,0,0,0,0,0,0,0,0,0,0,0,0,0,0,7,4,2,4,10,12,1,22,2,1,2
1639.ps1,Token_Manipulation,1,2451,1,2450.0,2450,0,22,15,15,9,9,3,3,7,352,3,9,0,0,7,0,0,0,0,3,22,5,0,0,0,0,0,0,0,0,0,0,0,0,0,0,0,0,0,0,0,0,0,0,0,0,0,0,0,0,0,0,0,0,0,0,0,0,0,0,0,0,0,0,0,0,0,0,0,0,0,0,0,0,0,0,0,0,0,0,0,0,0,0,0,0,0,0,0,0,0,0,7,4,2,4,10,12,1,22,2,1,2
1642.ps1,Token_Manipulation,1,2238,1,2237.0,2237,0,22,15,15,9,9,3,3,7,309,3,9,0,0,7,0,0,0,0,5,22,5,0,0,0,0,0,0,0,0,0,0,0,0,0,0,0,0,0,0,0,0,0,0,0,0,0,0,0,0,0,0,0,0,0,0,0,0,0,0,0,0,0,0,0,0,0,0,0,0,0,0,0,0,0,0,0,0,0,0,0,0,0,0,0,0,0,0,0,0,0,0,7,4,2,4,10,12,1,22,2,1,2
1640.ps1,Token_Manipulation,1,2343,1,2342.0,2342,0,22,15,15,9,9,3,3,7,327,3,9,0,0,7,0,0,0,0,5,22,5,0,0,0,0,0,0,0,0,0,0,0,0,0,0,0,0,0,0,0,0,0,0,0,0,0,0,0,0,0,0,0,0,0,0,0,0,0,0,0,0,0,0,0,0,0,0,0,0,0,0,0,0,0,0,0,0,0,0,0,0,0,0,0,0,0,0,0,0,0,0,7,4,2,4,10,12,1,22,2,1,2
1638.ps1,Token_Manipulation,1,2283,1,2282.0,2282,0,22,15,15,9,9,3,3,7,318,3,9,0,0,7,0,0,0,0,5,22,5,0,0,0,0,0,0,0,0,0,0,0,0,0,0,0,0,0,0,0,0,0,0,0,0,0,0,0,0,0,0,0,0,0,0,0,0,0,0,0,0,0,0,0,0,0,0,0,0,0,0,0,0,0,0,0,0,0,0,0,0,0,0,0,0,0,0,0,0,0,0,7,4,2,4,10,12,1,22,2,1,2
1657.ps1,Token_Manipulation,1,2686,1,2685.0,2685,0,22,15,15,9,9,3,3,7,397,3,9,0,0,7,0,0,0,0,3,22,5,0,0,0,0,0,0,0,0,0,0,0,0,0,0,0,0,0,0,0,0,0,0,0,0,0,0,0,0,0,0,0,0,0,0,0,0,0,0,0,0,0,0,0,0,0,0,0,0,0,0,0,0,0,0,0,0,0,0,0,0,0,0,0,0,0,0,0,0,0,0,7,4,2,4,10,12,1,22,2,1,2
1626.ps1,Token_Manipulation,1,2451,1,2450.0,2450,0,22,15,15,9,9,3,3,7,352,3,9,0,0,7,0,0,0,0,3,22,5,0,0,0,0,0,0,0,0,0,0,0,0,0,0,0,0,0,0,0,0,0,0,0,0,0,0,0,0,0,0,0,0,0,0,0,0,0,0,0,0,0,0,0,0,0,0,0,0,0,0,0,0,0,0,0,0,0,0,0,0,0,0,0,0,0,0,0,0,0,0,7,4,2,4,10,12,1,22,2,1,2
1659.ps1,Token_Manipulation,1,2604,1,2603.0,2603,0,33,18,18,12,12,5,5,12,327,4,11,0,0,11,0,0,0,2,2,33,11,0,0,0,0,0,0,0,0,0,0,0,0,0,0,0,0,0,0,0,0,0,0,0,0,0,0,0,0,0,0,0,0,0,0,0,0,0,0,0,0,0,0,0,0,0,0,0,0,0,0,0,1,0,0,0,0,0,0,0,0,0,0,0,0,0,0,0,0,0,0,4,2,2,2,3,9,3,11,0,0,0
1655.ps1,Token_Manipulation,1,2308,1,2307.0,2307,0,24,15,15,11,11,3,3,7,309,3,9,0,0,8,0,0,0,0,5,24,5,0,0,0,0,0,0,0,0,0,0,0,0,0,0,0,0,0,0,0,0,0,0,0,0,0,0,0,0,0,0,0,0,0,0,0,0,0,0,0,0,0,0,0,0,0,0,0,0,0,0,0,0,0,0,0,0,0,0,0,0,0,0,0,0,0,0,0,0,0,0,8,4,2,4,10,12,1,24,3,1,2
165.ps1,Token_Manipulation,1,2237,1,2236.0,2236,0,22,15,15,9,9,3,3,7,309,3,9,0,0,7,0,0,0,0,4,22,5,0,0,0,0,0,0,0,0,0,0,0,0,0,0,0,0,0,0,0,0,0,0,0,0,0,0,0,0,0,0,0,0,0,0,0,0,0,0,0,0,0,0,0,0,0,0,0,0,0,0,0,0,0,0,0,0,0,0,0,0,0,0,0,0,0,0,0,0,0,0,7,4,2,4,10,12,1,22,2,1,2
1654.ps1,Token_Manipulation,1,2248,1,2247.0,2247,0,22,15,15,9,9,3,3,7,309,3,9,0,0,7,0,0,0,0,5,20,5,0,0,0,0,0,0,0,0,0,0,0,0,0,0,0,0,0,0,0,0,0,0,0,0,0,0,0,0,0,0,0,0,0,0,0,0,0,0,0,0,0,0,0,0,0,0,0,0,0,0,0,0,0,0,0,0,0,0,0,0,0,0,0,0,0,0,0,0,0,0,7,4,2,4,10,12,1,22,2,1,2
1624.ps1,Token_Manipulation,1,2236,1,2235.0,2235,0,22,15,15,9,9,3,3,7,309,3,9,0,0,7,0,0,0,0,3,22,5,0,0,0,0,0,0,0,0,0,0,0,0,0,0,0,0,0,0,0,0,0,0,0,0,0,0,0,0,0,0,0,0,0,0,0,0,0,0,0,0,0,0,0,0,0,0,0,0,0,0,0,0,0,0,0,0,0,0,0,0,0,0,0,0,0,0,0,0,0,0,7,4,2,4,10,12,1,22,2,1,2
1650.ps1,Token_Manipulation,1,2485,1,2484.0,2484,0,33,18,18,12,12,5,5,12,309,4,11,0,0,11,0,0,0,2,2,26,11,0,0,0,0,0,0,0,0,0,0,0,0,0,0,0,0,0,0,0,0,0,0,0,0,0,0,0,0,0,0,0,0,0,0,0,0,0,0,0,0,0,0,0,0,0,0,0,0,0,0,0,1,0,0,0,0,0,0,0,0,0,0,0,0,0,0,0,0,0,0,4,2,2,2,3,9,3,11,0,0,0
1662.ps1,Token_Manipulation,1,139,1,138.0,138,1,4,3,3,0,0,0,0,8,1,1,2,0,3,1,0,0,0,0,6,4,2,0,0,0,0,0,0,0,0,0,0,0,0,0,0,0,0,0,0,0,0,0,0,0,0,0,0,0,0,0,0,0,0,0,0,0,0,0,0,0,0,0,0,0,0,0,0,0,0,0,0,0,0,0,0,0,0,0,0,0,0,0,0,0,0,0,1,1,0,1,0,1,1,2,1,4,6,0,4,0,0,2
166.ps1,Token_Manipulation,1,2283,1,2282.0,2282,0,22,15,15,9,9,3,3,7,318,3,9,0,0,7,0,0,0,0,5,22,5,0,0,0,0,0,0,0,0,0,0,0,0,0,0,0,0,0,0,0,0,0,0,0,0,0,0,0,0,0,0,0,0,0,0,0,0,0,0,0,0,0,0,0,0,0,0,0,0,0,0,0,0,0,0,0,0,0,0,0,0,0,0,0,0,0,0,0,0,0,0,7,4,2,4,10,12,1,22,2,1,2
1679.ps1,Token_Manipulation,1,2341,1,2340.0,2340,0,22,15,15,9,9,3,3,7,327,3,9,0,0,7,0,0,0,0,5,22,5,0,0,0,0,0,0,0,0,0,0,0,0,0,0,0,0,0,0,0,0,0,0,0,0,0,0,0,0,0,0,0,0,0,0,0,0,0,0,0,0,0,0,0,0,0,0,0,0,0,0,0,0,0,0,0,0,0,0,0,0,0,0,0,0,0,0,0,0,0,0,7,4,2,4,10,12,1,22,2,1,2
1660.ps1,Token_Manipulation,1,2319,1,2318.0,2318,0,18,8,8,4,4,2,2,20,2,26,8,0,21,12,0,0,0,0,3,18,6,0,0,0,0,0,0,0,0,0,0,0,0,0,0,0,0,0,0,0,0,0,0,0,0,0,0,0,0,0,0,0,0,0,0,0,0,0,0,0,0,0,0,0,0,0,0,0,0,1,0,0,0,0,1,0,0,2,1,0,0,0,1,0,0,0,0,0,0,0,3,10,2,1,1,2,14,2,16,0,0,0
1680.ps1,Token_Manipulation,1,2223,1,2222.0,2222,0,22,15,15,9,9,3,3,7,306,3,9,0,0,7,0,0,0,0,5,22,5,0,0,0,0,0,0,0,0,0,0,0,0,0,0,0,0,0,0,0,0,0,0,0,0,0,0,0,0,0,0,0,0,0,0,0,0,0,0,0,0,0,0,0,0,0,0,0,0,0,0,0,0,0,0,0,0,0,0,0,0,0,0,0,0,0,0,0,0,0,0,7,4,2,4,10,12,1,22,2,1,2
1663.ps1,Token_Manipulation,1,2250,1,2249.0,2249,0,22,15,15,9,9,3,3,7,309,3,9,0,0,7,0,0,0,0,5,20,5,0,0,0,0,0,0,0,0,0,0,0,0,0,0,0,0,0,0,0,0,0,0,0,0,0,0,0,0,0,0,0,0,0,0,0,0,0,0,0,0,0,0,0,0,0,0,0,0,0,0,0,0,0,0,0,0,0,0,0,0,0,0,0,0,0,0,0,0,0,0,7,4,2,4,10,12,1,22,2,1,2
168.ps1,Token_Manipulation,1,525,1,524.0,524,1,17,6,6,8,8,3,3,23,2,2,4,1,5,8,0,2,1,0,3,17,5,0,0,0,0,0,0,0,0,0,0,0,0,0,0,0,0,0,0,0,0,0,0,0,0,0,0,0,0,0,0,0,0,0,0,0,0,0,0,0,0,0,0,0,0,0,0,0,0,0,0,0,0,0,0,0,0,1,0,0,0,0,0,0,0,0,1,1,1,0,0,8,3,3,2,9,19,3,16,2,0,3
1683.ps1,Token_Manipulation,1,2192,1,2191.0,2191,0,22,15,15,9,9,3,3,7,300,3,9,0,0,7,0,0,0,0,4,22,5,0,0,0,0,0,0,0,0,0,0,0,0,0,0,0,0,0,0,0,0,0,0,0,0,0,0,0,0,0,0,0,0,0,0,0,0,0,0,0,0,0,0,0,0,0,0,0,0,0,0,0,0,0,0,0,0,0,0,0,0,0,0,0,0,0,0,0,0,0,0,7,4,2,4,10,12,1,22,2,1,2
1693.ps1,Token_Manipulation,1,148,1,147.0,147,1,2,3,3,0,0,0,0,8,1,0,2,0,3,0,0,0,0,0,5,2,3,0,0,0,0,0,0,0,0,0,0,0,0,0,0,0,0,0,0,0,0,0,0,0,0,0,0,0,0,0,0,0,0,0,0,0,0,0,0,0,0,0,0,0,0,0,0,0,0,0,0,0,0,0,0,0,0,0,0,0,0,0,0,0,0,0,1,1,0,1,0,0,0,2,1,4,5,0,2,0,0,2
1685.ps1,Token_Manipulation,1,2327,1,2326.0,2326,0,22,15,15,9,9,3,3,7,327,3,9,0,0,7,0,0,0,0,4,22,5,0,0,0,0,0,0,0,0,0,0,0,0,0,0,0,0,0,0,0,0,0,0,0,0,0,0,0,0,0,0,0,0,0,0,0,0,0,0,0,0,0,0,0,0,0,0,0,0,0,0,0,0,0,0,0,0,0,0,0,0,0,0,0,0,0,0,0,0,0,0,7,4,2,4,10,12,1,22,2,1,2
1664.ps1,Token_Manipulation,1,2342,1,2341.0,2341,0,22,15,15,9,9,3,3,7,327,3,9,0,0,7,0,0,0,0,4,22,5,0,0,0,0,0,0,0,0,0,0,0,0,0,0,0,0,0,0,0,0,0,0,0,0,0,0,0,0,0,0,0,0,0,0,0,0,0,0,0,0,0,0,0,0,0,0,0,0,0,0,0,0,0,0,0,0,0,0,0,0,0,0,0,0,0,0,0,0,0,0,7,4,2,4,10,12,1,22,2,1,2
169.ps1,Token_Manipulation,1,1518,1,1517.0,1517,0,4,9,9,3,3,0,0,8,3,23,4,0,14,2,0,0,0,0,11,0,1,0,0,0,0,0,0,0,0,0,0,0,0,0,0,0,0,0,0,0,0,0,0,0,0,0,0,0,0,0,0,0,0,1,0,0,0,0,0,0,0,0,0,0,0,0,0,0,0,1,0,0,0,0,1,0,0,0,0,0,0,0,0,0,0,0,0,0,0,0,0,0,0,4,2,8,12,3,0,0,3,3
170.ps1,Token_Manipulation,1,2252,1,2251.0,2251,0,22,15,15,9,9,3,3,7,309,3,9,0,0,7,0,0,0,0,5,22,5,0,0,0,0,0,0,0,0,0,0,0,0,0,0,0,0,0,0,0,0,0,0,0,0,0,0,0,0,0,0,0,0,0,0,0,0,0,0,0,0,0,0,0,0,0,0,0,0,0,0,0,0,0,0,0,0,0,0,0,0,0,0,0,0,0,0,0,0,0,0,7,4,2,4,10,12,1,22,2,1,2
1702.ps1,Token_Manipulation,1,505,1,504.0,504,1,15,6,6,8,8,1,1,23,1,2,4,0,5,8,0,2,0,0,3,15,5,0,0,0,0,0,0,0,0,0,0,0,0,0,0,0,0,0,0,0,0,0,0,0,0,0,0,0,0,0,0,0,0,0,0,0,0,0,0,0,0,0,0,0,0,0,0,0,0,0,0,0,0,0,0,0,0,0,0,0,0,0,0,0,0,0,1,1,1,0,0,8,3,3,2,8,19,3,15,2,0,3
1706.ps1,Token_Manipulation,1,2281,1,2280.0,2280,0,22,15,15,9,9,3,3,7,318,3,9,0,0,7,0,0,0,0,3,22,5,0,0,0,0,0,0,0,0,0,0,0,0,0,0,0,0,0,0,0,0,0,0,0,0,0,0,0,0,0,0,0,0,0,0,0,0,0,0,0,0,0,0,0,0,0,0,0,0,0,0,0,0,0,0,0,0,0,0,0,0,0,0,0,0,0,0,0,0,0,0,7,4,2,4,10,12,1,22,2,1,2
1694.ps1,Token_Manipulation,1,2237,1,2236.0,2236,0,22,15,15,9,9,3,3,7,309,3,9,0,0,7,0,0,0,0,4,22,5,0,0,0,0,0,0,0,0,0,0,0,0,0,0,0,0,0,0,0,0,0,0,0,0,0,0,0,0,0,0,0,0,0,0,0,0,0,0,0,0,0,0,0,0,0,0,0,0,0,0,0,0,0,0,0,0,0,0,0,0,0,0,0,0,0,0,0,0,0,0,7,4,2,4,10,12,1,22,2,1,2
1700.ps1,Token_Manipulation,1,2236,1,2235.0,2235,0,22,15,15,9,9,3,3,7,309,3,9,0,0,7,0,0,0,0,3,22,5,0,0,0,0,0,0,0,0,0,0,0,0,0,0,0,0,0,0,0,0,0,0,0,0,0,0,0,0,0,0,0,0,0,0,0,0,0,0,0,0,0,0,0,0,0,0,0,0,0,0,0,0,0,0,0,0,0,0,0,0,0,0,0,0,0,0,0,0,0,0,7,4,2,4,10,12,1,22,2,1,2
17.ps1,Token_Manipulation,1,2238,1,2237.0,2237,0,22,15,15,9,9,3,3,7,309,3,9,0,0,7,0,0,0,0,5,22,5,0,0,0,0,0,0,0,0,0,0,0,0,0,0,0,0,0,0,0,0,0,0,0,0,0,0,0,0,0,0,0,0,0,0,0,0,0,0,0,0,0,0,0,0,0,0,0,0,0,0,0,0,0,0,0,0,0,0,0,0,0,0,0,0,0,0,0,0,0,0,7,4,2,4,10,12,1,22,2,1,2
1686.ps1,Token_Manipulation,1,2342,1,2341.0,2341,0,22,15,15,9,9,3,3,7,327,3,9,0,0,7,0,0,0,0,4,22,5,0,0,0,0,0,0,0,0,0,0,0,0,0,0,0,0,0,0,0,0,0,0,0,0,0,0,0,0,0,0,0,0,0,0,0,0,0,0,0,0,0,0,0,0,0,0,0,0,0,0,0,0,0,0,0,0,0,0,0,0,0,0,0,0,0,0,0,0,0,0,7,4,2,4,10,12,1,22,2,1,2
172.ps1,Token_Manipulation,1,2485,1,2484.0,2484,0,33,18,18,12,12,5,5,12,309,4,11,0,0,11,0,0,0,2,2,26,11,0,0,0,0,0,0,0,0,0,0,0,0,0,0,0,0,0,0,0,0,0,0,0,0,0,0,0,0,0,0,0,0,0,0,0,0,0,0,0,0,0,0,0,0,0,0,0,0,0,0,0,1,0,0,0,0,0,0,0,0,0,0,0,0,0,0,0,0,0,0,4,2,2,2,3,9,3,11,0,0,0
1713.ps1,Token_Manipulation,1,2238,1,2237.0,2237,0,22,15,15,9,9,3,3,7,309,3,9,0,0,7,0,0,0,0,5,22,5,0,0,0,0,0,0,0,0,0,0,0,0,0,0,0,0,0,0,0,0,0,0,0,0,0,0,0,0,0,0,0,0,0,0,0,0,0,0,0,0,0,0,0,0,0,0,0,0,0,0,0,0,0,0,0,0,0,0,0,0,0,0,0,0,0,0,0,0,0,0,7,4,2,4,10,12,1,22,2,1,2
1712.ps1,Token_Manipulation,1,2341,1,2340.0,2340,0,22,15,15,9,9,3,3,7,327,3,9,0,0,7,0,0,0,0,5,22,5,0,0,0,0,0,0,0,0,0,0,0,0,0,0,0,0,0,0,0,0,0,0,0,0,0,0,0,0,0,0,0,0,0,0,0,0,0,0,0,0,0,0,0,0,0,0,0,0,0,0,0,0,0,0,0,0,0,0,0,0,0,0,0,0,0,0,0,0,0,0,7,4,2,4,10,12,1,22,2,1,2
1728.ps1,Token_Manipulation,1,527,1,526.0,526,1,16,6,6,8,8,2,3,24,1,3,4,1,5,8,1,2,1,0,3,16,5,0,0,0,0,0,0,0,0,0,0,0,0,0,0,0,0,0,0,0,0,0,0,0,0,0,0,0,0,0,0,0,0,0,0,0,0,0,0,0,0,0,0,0,0,0,0,0,0,0,0,0,0,0,0,0,0,1,0,0,0,0,0,0,0,0,1,1,1,0,0,8,3,3,2,9,19,3,16,2,0,3
1729.ps1,Token_Manipulation,1,2237,1,2236.0,2236,0,22,15,15,9,9,3,3,7,309,3,9,0,0,7,0,0,0,0,4,22,5,0,0,0,0,0,0,0,0,0,0,0,0,0,0,0,0,0,0,0,0,0,0,0,0,0,0,0,0,0,0,0,0,0,0,0,0,0,0,0,0,0,0,0,0,0,0,0,0,0,0,0,0,0,0,0,0,0,0,0,0,0,0,0,0,0,0,0,0,0,0,7,4,2,4,10,12,1,22,2,1,2
1721.ps1,Token_Manipulation,1,2207,1,2206.0,2206,0,22,15,15,9,9,3,3,7,300,3,9,0,0,7,0,0,0,0,5,22,5,0,0,0,0,0,0,0,0,0,0,0,0,0,0,0,0,0,0,0,0,0,0,0,0,0,0,0,0,0,0,0,0,0,0,0,0,0,0,0,0,0,0,0,0,0,0,0,0,0,0,0,0,0,0,0,0,0,0,0,0,0,0,0,0,0,0,0,0,0,0,7,4,2,4,10,12,1,22,2,1,2
1736.ps1,Token_Manipulation,1,2328,1,2327.0,2327,0,22,15,15,9,9,3,3,7,327,3,9,0,0,7,0,0,0,0,5,22,5,0,0,0,0,0,0,0,0,0,0,0,0,0,0,0,0,0,0,0,0,0,0,0,0,0,0,0,0,0,0,0,0,0,0,0,0,0,0,0,0,0,0,0,0,0,0,0,0,0,0,0,0,0,0,0,0,0,0,0,0,0,0,0,0,0,0,0,0,0,0,7,4,2,4,10,12,1,22,2,1,2
1698.ps1,Token_Manipulation,1,2252,1,2251.0,2251,0,22,15,15,9,9,3,3,7,309,3,9,0,0,7,0,0,0,0,5,22,5,0,0,0,0,0,0,0,0,0,0,0,0,0,0,0,0,0,0,0,0,0,0,0,0,0,0,0,0,0,0,0,0,0,0,0,0,0,0,0,0,0,0,0,0,0,0,0,0,0,0,0,0,0,0,0,0,0,0,0,0,0,0,0,0,0,0,0,0,0,0,7,4,2,4,10,12,1,22,2,1,2
1735.ps1,Token_Manipulation,1,2341,1,2340.0,2340,0,22,15,15,9,9,3,3,7,327,3,9,0,0,7,0,0,0,0,5,19,5,0,0,0,0,0,0,0,0,0,0,0,0,0,0,0,0,0,0,0,0,0,0,0,0,0,0,0,0,0,0,0,0,0,0,0,0,0,0,0,0,0,0,0,0,0,0,0,0,0,0,0,0,0,0,0,0,0,0,0,0,0,0,0,0,0,0,0,0,0,0,7,4,2,4,10,12,1,22,2,1,2
1737.ps1,Token_Manipulation,1,2337,1,2336.0,2336,0,22,15,15,9,9,3,3,7,327,3,9,0,0,7,0,0,0,0,4,22,5,0,0,0,0,0,0,0,0,0,0,0,0,0,0,0,0,0,0,0,0,0,0,0,0,0,0,0,0,0,0,0,0,0,0,0,0,0,0,0,0,0,0,0,0,0,0,0,0,0,0,0,0,0,0,0,0,0,0,0,0,0,0,0,0,0,0,0,0,0,0,7,4,2,4,10,12,1,22,2,1,2
1738.ps1,Token_Manipulation,1,448,1,447.0,447,1,16,7,7,7,8,1,1,22,1,3,5,0,6,7,0,3,1,0,4,15,5,0,0,0,0,0,0,0,0,0,0,0,0,0,0,0,0,0,0,0,0,0,0,0,0,0,0,0,0,0,0,0,0,0,0,0,0,0,0,0,0,0,0,0,0,0,0,0,0,0,0,0,0,0,0,0,0,0,0,0,0,0,0,0,0,0,1,1,1,0,0,7,3,3,2,8,18,2,15,2,0,3
1745.ps1,Token_Manipulation,1,2236,1,2235.0,2235,0,22,15,15,9,9,3,3,7,306,3,9,0,0,7,0,0,0,0,4,22,5,0,0,0,0,0,0,0,0,0,0,0,0,0,0,0,0,0,0,0,0,0,0,0,0,0,0,0,0,0,0,0,0,0,0,0,0,0,0,0,0,0,0,0,0,0,0,0,0,0,0,0,0,0,0,0,0,0,0,0,0,0,0,0,0,0,0,0,0,0,0,7,4,2,4,10,12,1,22,2,1,2
1724.ps1,Token_Manipulation,1,133,1,132.0,132,1,0,2,2,0,0,0,0,8,1,0,2,0,4,0,0,0,0,0,5,0,3,0,0,0,0,0,0,0,0,0,0,0,0,0,0,0,0,0,0,0,0,0,0,0,0,0,0,0,0,0,0,0,0,0,0,0,0,0,0,0,0,0,0,0,0,0,0,0,0,0,0,0,0,0,0,0,0,0,0,0,0,0,0,0,0,0,1,1,0,1,0,0,0,2,1,3,7,0,0,0,0,1
1718.ps1,Token_Manipulation,1,2281,1,2280.0,2280,0,22,15,15,9,9,3,3,7,318,3,9,0,0,7,0,0,0,0,3,22,5,0,0,0,0,0,0,0,0,0,0,0,0,0,0,0,0,0,0,0,0,0,0,0,0,0,0,0,0,0,0,0,0,0,0,0,0,0,0,0,0,0,0,0,0,0,0,0,0,0,0,0,0,0,0,0,0,0,0,0,0,0,0,0,0,0,0,0,0,0,0,7,4,2,4,10,12,1,22,2,1,2
1751.ps1,Token_Manipulation,1,445,1,444.0,444,1,16,7,6,7,8,1,2,22,1,2,5,0,5,7,0,2,0,0,3,15,5,0,0,0,0,0,0,0,0,0,0,0,0,0,0,0,0,0,0,0,0,0,0,0,0,0,0,0,0,0,0,0,0,0,0,0,0,0,0,0,0,0,0,0,0,0,0,0,0,0,0,0,0,0,0,0,0,0,0,0,0,0,0,0,0,0,1,1,1,0,0,7,3,3,2,8,18,2,15,2,0,3
1722.ps1,Token_Manipulation,1,2339,1,2338.0,2338,0,18,8,8,4,4,2,2,20,2,29,8,0,25,13,0,0,0,0,3,18,6,0,0,0,0,0,0,0,0,0,0,0,0,0,0,0,0,0,0,0,0,0,0,0,0,0,0,0,0,0,0,0,0,3,0,0,0,0,0,0,0,0,0,0,0,0,0,0,0,1,0,0,0,0,1,0,0,2,1,0,0,0,1,0,0,0,0,0,0,0,3,10,2,1,1,2,14,2,16,0,0,0
1746.ps1,Token_Manipulation,1,2452,1,2451.0,2451,0,22,15,15,9,9,3,3,7,352,3,9,0,0,7,0,0,0,0,4,22,5,0,0,0,0,0,0,0,0,0,0,0,0,0,0,0,0,0,0,0,0,0,0,0,0,0,0,0,0,0,0,0,0,0,0,0,0,0,0,0,0,0,0,0,0,0,0,0,0,0,0,0,0,0,0,0,0,0,0,0,0,0,0,0,0,0,0,0,0,0,0,7,4,2,4,10,12,1,22,2,1,2
1743.ps1,Token_Manipulation,1,2237,1,2236.0,2236,0,22,15,15,9,9,3,3,7,309,3,9,0,0,7,0,0,0,0,4,22,5,0,0,0,0,0,0,0,0,0,0,0,0,0,0,0,0,0,0,0,0,0,0,0,0,0,0,0,0,0,0,0,0,0,0,0,0,0,0,0,0,0,0,0,0,0,0,0,0,0,0,0,0,0,0,0,0,0,0,0,0,0,0,0,0,0,0,0,0,0,0,7,4,2,4,10,12,1,22,2,1,2
1747.ps1,Token_Manipulation,1,2328,1,2327.0,2327,0,22,15,15,9,9,3,3,7,327,3,9,0,0,7,0,0,0,0,5,22,5,0,0,0,0,0,0,0,0,0,0,0,0,0,0,0,0,0,0,0,0,0,0,0,0,0,0,0,0,0,0,0,0,0,0,0,0,0,0,0,0,0,0,0,0,0,0,0,0,0,0,0,0,0,0,0,0,0,0,0,0,0,0,0,0,0,0,0,0,0,0,7,4,2,4,10,12,1,22,2,1,2
1720.ps1,Token_Manipulation,1,2338,1,2337.0,2337,0,22,15,15,9,9,3,3,7,327,3,9,0,0,7,0,0,0,0,3,22,5,0,0,0,0,0,0,0,0,0,0,0,0,0,0,0,0,0,0,0,0,0,0,0,0,0,0,0,0,0,0,0,0,0,0,0,0,0,0,0,0,0,0,0,0,0,0,0,0,0,0,0,0,0,0,0,0,0,0,0,0,0,0,0,0,0,0,0,0,0,0,7,4,2,4,10,12,1,22,2,1,2
1740.ps1,Token_Manipulation,1,2237,1,2236.0,2236,0,22,15,15,9,9,3,3,7,309,3,9,0,0,7,0,0,0,0,4,22,5,0,0,0,0,0,0,0,0,0,0,0,0,0,0,0,0,0,0,0,0,0,0,0,0,0,0,0,0,0,0,0,0,0,0,0,0,0,0,0,0,0,0,0,0,0,0,0,0,0,0,0,0,0,0,0,0,0,0,0,0,0,0,0,0,0,0,0,0,0,0,7,4,2,4,10,12,1,22,2,1,2
1760.ps1,Token_Manipulation,1,2236,1,2235.0,2235,0,22,15,15,9,9,3,3,7,309,3,9,0,0,7,0,0,0,0,3,22,5,0,0,0,0,0,0,0,0,0,0,0,0,0,0,0,0,0,0,0,0,0,0,0,0,0,0,0,0,0,0,0,0,0,0,0,0,0,0,0,0,0,0,0,0,0,0,0,0,0,0,0,0,0,0,0,0,0,0,0,0,0,0,0,0,0,0,0,0,0,0,7,4,2,4,10,12,1,22,2,1,2
1761.ps1,Token_Manipulation,1,2238,1,2237.0,2237,0,22,15,15,9,9,3,3,7,309,3,9,0,0,7,0,0,0,0,5,22,5,0,0,0,0,0,0,0,0,0,0,0,0,0,0,0,0,0,0,0,0,0,0,0,0,0,0,0,0,0,0,0,0,0,0,0,0,0,0,0,0,0,0,0,0,0,0,0,0,0,0,0,0,0,0,0,0,0,0,0,0,0,0,0,0,0,0,0,0,0,0,7,4,2,4,10,12,1,22,2,1,2
173.ps1,Token_Manipulation,1,2528,1,2527.0,2527,0,22,15,15,9,9,3,3,7,367,3,9,0,0,7,0,0,0,0,5,22,5,0,0,0,0,0,0,0,0,0,0,0,0,0,0,0,0,0,0,0,0,0,0,0,0,0,0,0,0,0,0,0,0,0,0,0,0,0,0,0,0,0,0,0,0,0,0,0,0,0,0,0,0,0,0,0,0,0,0,0,0,0,0,0,0,0,0,0,0,0,0,7,4,2,4,10,12,1,22,2,1,2
1762.ps1,Token_Manipulation,1,2238,1,2237.0,2237,0,22,15,15,9,9,3,3,7,309,3,9,0,0,7,0,0,0,0,5,22,5,0,0,0,0,0,0,0,0,0,0,0,0,0,0,0,0,0,0,0,0,0,0,0,0,0,0,0,0,0,0,0,0,0,0,0,0,0,0,0,0,0,0,0,0,0,0,0,0,0,0,0,0,0,0,0,0,0,0,0,0,0,0,0,0,0,0,0,0,0,0,7,4,2,4,10,12,1,22,2,1,2
1748.ps1,Token_Manipulation,1,2545,1,2544.0,2544,0,22,15,15,9,9,3,3,7,368,3,9,0,0,7,0,0,0,0,4,22,5,0,0,0,0,0,0,0,0,0,0,0,0,0,0,0,0,0,0,0,0,0,0,0,0,0,0,0,0,0,0,0,0,0,0,0,0,0,0,0,0,0,0,0,0,0,0,0,0,0,0,0,0,0,0,0,0,0,0,0,0,0,0,0,0,0,0,0,0,0,0,7,4,2,4,10,12,1,22,2,1,2
177.ps1,Token_Manipulation,1,2237,1,2236.0,2236,0,22,15,15,9,9,3,3,7,309,3,9,0,0,7,0,0,0,0,4,22,5,0,0,0,0,0,0,0,0,0,0,0,0,0,0,0,0,0,0,0,0,0,0,0,0,0,0,0,0,0,0,0,0,0,0,0,0,0,0,0,0,0,0,0,0,0,0,0,0,0,0,0,0,0,0,0,0,0,0,0,0,0,0,0,0,0,0,0,0,0,0,7,4,2,4,10,12,1,22,2,1,2
1677.ps1,Token_Manipulation,1,2236,1,2235.0,2235,0,22,15,15,9,9,3,3,7,309,3,9,0,0,7,0,0,0,0,3,22,5,0,0,0,0,0,0,0,0,0,0,0,0,0,0,0,0,0,0,0,0,0,0,0,0,0,0,0,0,0,0,0,0,0,0,0,0,0,0,0,0,0,0,0,0,0,0,0,0,0,0,0,0,0,0,0,0,0,0,0,0,0,0,0,0,0,0,0,0,0,0,7,4,2,4,10,12,1,22,2,1,2
1765.ps1,Token_Manipulation,1,129,1,128.0,128,1,0,2,2,0,0,0,0,7,1,0,2,0,3,0,0,0,0,0,7,0,3,0,0,0,0,0,0,0,0,0,0,0,0,0,0,0,0,0,0,0,0,0,0,0,0,0,0,0,0,0,0,0,0,0,0,0,0,0,0,0,0,0,0,0,0,0,0,0,0,0,0,0,0,0,0,0,0,0,0,0,0,0,0,0,0,0,1,1,0,1,0,0,0,2,1,3,7,0,0,0,0,1
1771.ps1,Token_Manipulation,1,2342,1,2341.0,2341,0,22,15,15,9,9,3,3,7,327,3,9,0,0,7,0,0,0,0,4,22,5,0,0,0,0,0,0,0,0,0,0,0,0,0,0,0,0,0,0,0,0,0,0,0,0,0,0,0,0,0,0,0,0,0,0,0,0,0,0,0,0,0,0,0,0,0,0,0,0,0,0,0,0,0,0,0,0,0,0,0,0,0,0,0,0,0,0,0,0,0,0,7,4,2,4,10,12,1,22,2,1,2
1766.ps1,Token_Manipulation,1,2327,1,2326.0,2326,0,22,15,15,9,9,3,3,7,327,3,9,0,0,7,0,0,0,0,4,22,5,0,0,0,0,0,0,0,0,0,0,0,0,0,0,0,0,0,0,0,0,0,0,0,0,0,0,0,0,0,0,0,0,0,0,0,0,0,0,0,0,0,0,0,0,0,0,0,0,0,0,0,0,0,0,0,0,0,0,0,0,0,0,0,0,0,0,0,0,0,0,7,4,2,4,10,12,1,22,2,1,2
1759.ps1,Token_Manipulation,1,2339,1,2338.0,2338,0,22,15,15,9,9,3,3,7,327,3,9,0,0,7,0,0,0,0,4,22,5,0,0,0,0,0,0,0,0,0,0,0,0,0,0,0,0,0,0,0,0,0,0,0,0,0,0,0,0,0,0,0,0,0,0,0,0,0,0,0,0,0,0,0,0,0,0,0,0,0,0,0,0,0,0,0,0,0,0,0,0,0,0,0,0,0,0,0,0,0,0,7,4,2,4,10,12,1,22,2,1,2
1767.ps1,Token_Manipulation,1,1240,1,1240.0,1240,0,46,9,9,1,1,0,0,34,5,0,4,0,2,25,0,0,0,0,4,46,17,0,0,0,0,0,0,0,0,0,0,0,0,0,0,0,0,0,0,0,0,0,0,0,0,0,0,0,0,0,0,0,0,0,0,0,0,0,0,0,0,0,0,0,0,0,0,0,0,0,0,0,0,0,0,0,0,5,1,0,0,0,0,0,0,0,0,0,0,0,0,25,0,2,8,5,49,1,46,0,0,1
1753.ps1,Token_Manipulation,1,437,1,436.0,436,1,9,7,7,0,0,2,2,11,1,0,7,0,6,5,0,0,0,2,12,9,4,0,0,0,0,0,0,0,0,0,0,0,0,0,0,0,0,0,0,0,0,0,0,0,0,0,0,0,0,0,0,0,0,1,0,0,0,0,0,0,0,0,0,0,0,0,0,0,0,0,0,0,0,0,0,0,0,0,0,0,0,0,0,0,0,0,0,2,1,1,0,2,1,7,2,9,13,0,9,0,0,4
176.ps1,Token_Manipulation,1,2238,1,2237.0,2237,0,22,15,15,9,9,3,3,7,309,3,9,0,0,7,0,0,0,0,5,22,5,0,0,0,0,0,0,0,0,0,0,0,0,0,0,0,0,0,0,0,0,0,0,0,0,0,0,0,0,0,0,0,0,0,0,0,0,0,0,0,0,0,0,0,0,0,0,0,0,0,0,0,0,0,0,0,0,0,0,0,0,0,0,0,0,0,0,0,0,0,0,7,4,2,4,10,12,1,22,2,1,2
1725.ps1,Token_Manipulation,1,2238,1,2237.0,2237,0,22,15,15,9,9,3,3,7,309,3,9,0,0,7,0,0,0,0,5,22,5,0,0,0,0,0,0,0,0,0,0,0,0,0,0,0,0,0,0,0,0,0,0,0,0,0,0,0,0,0,0,0,0,0,0,0,0,0,0,0,0,0,0,0,0,0,0,0,0,0,0,0,0,0,0,0,0,0,0,0,0,0,0,0,0,0,0,0,0,0,0,7,4,2,4,10,12,1,22,2,1,2
1775.ps1,Token_Manipulation,1,2237,1,2236.0,2236,0,22,15,15,9,9,3,3,7,309,3,9,0,0,7,0,0,0,0,4,22,5,0,0,0,0,0,0,0,0,0,0,0,0,0,0,0,0,0,0,0,0,0,0,0,0,0,0,0,0,0,0,0,0,0,0,0,0,0,0,0,0,0,0,0,0,0,0,0,0,0,0,0,0,0,0,0,0,0,0,0,0,0,0,0,0,0,0,0,0,0,0,7,4,2,4,10,12,1,22,2,1,2
1774.ps1,Token_Manipulation,1,2192,1,2191.0,2191,0,22,15,15,9,9,3,3,7,300,3,9,0,0,7,0,0,0,0,4,22,5,0,0,0,0,0,0,0,0,0,0,0,0,0,0,0,0,0,0,0,0,0,0,0,0,0,0,0,0,0,0,0,0,0,0,0,0,0,0,0,0,0,0,0,0,0,0,0,0,0,0,0,0,0,0,0,0,0,0,0,0,0,0,0,0,0,0,0,0,0,0,7,4,2,4,10,12,1,22,2,1,2
1781.ps1,Token_Manipulation,1,2452,1,2451.0,2451,0,22,15,15,9,9,3,3,7,352,3,9,0,0,7,0,0,0,0,4,22,5,0,0,0,0,0,0,0,0,0,0,0,0,0,0,0,0,0,0,0,0,0,0,0,0,0,0,0,0,0,0,0,0,0,0,0,0,0,0,0,0,0,0,0,0,0,0,0,0,0,0,0,0,0,0,0,0,0,0,0,0,0,0,0,0,0,0,0,0,0,0,7,4,2,4,10,12,1,22,2,1,2
1800.ps1,Token_Manipulation,1,190,1,189.0,189,1,2,3,3,0,0,0,0,7,1,0,2,0,3,0,0,0,0,0,5,2,3,0,0,0,0,0,0,0,0,0,0,0,0,0,0,0,0,0,0,0,0,0,0,0,0,0,0,0,0,0,0,0,0,0,0,0,0,0,0,0,0,0,0,0,0,0,0,0,0,0,0,0,0,0,0,0,0,0,0,0,0,0,0,0,0,0,1,1,0,1,0,0,0,2,1,4,5,0,2,0,0,2
1807.ps1,Token_Manipulation,1,504,1,503.0,503,1,16,6,6,8,8,2,2,21,1,2,4,0,4,8,0,2,0,0,4,16,6,0,0,0,0,0,0,0,0,0,0,0,0,0,0,0,0,0,0,0,0,0,0,0,0,0,0,0,0,0,0,0,0,0,0,0,0,0,0,0,0,0,0,0,0,0,0,0,0,0,0,0,0,0,0,0,0,1,0,0,0,0,0,0,0,0,1,1,1,0,0,8,3,3,2,9,19,3,16,2,0,3
179.ps1,Token_Manipulation,1,148,1,147.0,147,1,2,3,3,0,0,0,0,7,1,0,2,0,4,0,0,0,0,0,5,2,3,0,0,0,0,0,0,0,0,0,0,0,0,0,0,0,0,0,0,0,0,0,0,0,0,0,0,0,0,0,0,0,0,0,0,0,0,0,0,0,0,0,0,0,0,0,0,0,0,0,0,0,0,0,0,0,0,0,0,0,0,0,0,0,0,0,1,1,0,1,0,0,0,2,1,4,5,0,2,0,0,2
1780.ps1,Token_Manipulation,1,2575,1,2574.0,2574,0,34,18,18,12,12,5,5,12,318,4,16,0,0,12,0,0,0,2,2,32,12,0,0,0,0,0,0,0,0,0,0,0,0,0,0,0,0,0,0,0,0,0,0,0,0,0,0,0,0,0,0,0,0,0,0,0,0,0,0,0,0,0,0,0,0,0,0,0,0,0,0,0,1,0,0,0,0,0,0,0,0,0,0,0,0,0,0,0,0,0,0,5,2,2,2,3,10,3,12,0,0,0
1773.ps1,Token_Manipulation,1,2238,1,2237.0,2237,0,22,15,15,9,9,3,3,7,309,3,9,0,0,7,0,0,0,0,5,22,5,0,0,0,0,0,0,0,0,0,0,0,0,0,0,0,0,0,0,0,0,0,0,0,0,0,0,0,0,0,0,0,0,0,0,0,0,0,0,0,0,0,0,0,0,0,0,0,0,0,0,0,0,0,0,0,0,0,0,0,0,0,0,0,0,0,0,0,0,0,0,7,4,2,4,10,12,1,22,2,1,2
1803.ps1,Token_Manipulation,1,2250,1,2249.0,2249,0,22,15,15,9,9,3,3,7,309,3,9,0,0,7,0,0,0,0,4,22,5,0,0,0,0,0,0,0,0,0,0,0,0,0,0,0,0,0,0,0,0,0,0,0,0,0,0,0,0,0,0,0,0,0,0,0,0,0,0,0,0,0,0,0,0,0,0,0,0,0,0,0,0,0,0,0,0,0,0,0,0,0,0,0,0,0,0,0,0,0,0,7,4,2,4,10,12,1,22,2,1,2
1816.ps1,Token_Manipulation,1,2252,1,2251.0,2251,0,22,15,15,9,9,3,3,7,309,3,9,0,0,7,0,0,0,0,5,22,5,0,0,0,0,0,0,0,0,0,0,0,0,0,0,0,0,0,0,0,0,0,0,0,0,0,0,0,0,0,0,0,0,0,0,0,0,0,0,0,0,0,0,0,0,0,0,0,0,0,0,0,0,0,0,0,0,0,0,0,0,0,0,0,0,0,0,0,0,0,0,7,4,2,4,10,12,1,22,2,1,2
1823.ps1,Token_Manipulation,1,2327,1,2326.0,2326,0,22,15,15,9,9,3,3,7,327,3,9,0,0,7,0,0,0,0,4,22,5,0,0,0,0,0,0,0,0,0,0,0,0,0,0,0,0,0,0,0,0,0,0,0,0,0,0,0,0,0,0,0,0,0,0,0,0,0,0,0,0,0,0,0,0,0,0,0,0,0,0,0,0,0,0,0,0,0,0,0,0,0,0,0,0,0,0,0,0,0,0,7,4,2,4,10,12,1,22,2,1,2
1819.ps1,Token_Manipulation,1,2193,1,2192.0,2192,0,22,15,15,9,9,3,3,7,300,3,9,0,0,7,0,0,0,0,5,22,5,0,0,0,0,0,0,0,0,0,0,0,0,0,0,0,0,0,0,0,0,0,0,0,0,0,0,0,0,0,0,0,0,0,0,0,0,0,0,0,0,0,0,0,0,0,0,0,0,0,0,0,0,0,0,0,0,0,0,0,0,0,0,0,0,0,0,0,0,0,0,7,4,2,4,10,12,1,22,2,1,2
1825.ps1,Token_Manipulation,1,2327,1,2326.0,2326,0,22,15,15,9,9,3,3,7,327,3,9,0,0,7,0,0,0,0,4,22,5,0,0,0,0,0,0,0,0,0,0,0,0,0,0,0,0,0,0,0,0,0,0,0,0,0,0,0,0,0,0,0,0,0,0,0,0,0,0,0,0,0,0,0,0,0,0,0,0,0,0,0,0,0,0,0,0,0,0,0,0,0,0,0,0,0,0,0,0,0,0,7,4,2,4,10,12,1,22,2,1,2
182.ps1,Token_Manipulation,1,2451,1,2450.0,2450,0,22,15,15,9,9,3,3,7,352,3,9,0,0,7,0,0,0,0,3,22,5,0,0,0,0,0,0,0,0,0,0,0,0,0,0,0,0,0,0,0,0,0,0,0,0,0,0,0,0,0,0,0,0,0,0,0,0,0,0,0,0,0,0,0,0,0,0,0,0,0,0,0,0,0,0,0,0,0,0,0,0,0,0,0,0,0,0,0,0,0,0,7,4,2,4,10,12,1,22,2,1,2
