script_path,scenario,actual_class,Pred_11,Pred_12,Pred_13,Pred_14,Pred_15,CM_11,CM_12,CM_13,CM_14,CM_15,Score_11,Score_12,Score_13,Score_14,Score_15,OutputML_11,OutputML_12,OutputML_13,OutputML_14,OutputML_15,Prediksi_Konsisten,Confusion_Konsisten,OutputML_Konsisten,Jumlah_Prediksi_Malicious,Jumlah_Prediksi_Benign,Score_Mean,Score_Std,Score_Min,Score_Max
C:\TA\project-ta\data_spliting\test_set\benign\1001.ps1,Benign,benign,malicious,malicious,malicious,malicious,malicious,FP,FP,FP,FP,FP,0.7365,0.7365,0.7365,0.7365,0.7365,True,True,True,True,True,True,True,True,5,0,0.7365,0.0,0.7365,0.7365
C:\TA\project-ta\data_spliting\test_set\benign\1006.ps1,Benign,benign,benign,benign,benign,benign,benign,TN,TN,TN,TN,TN,0.027800000000000002,0.027800000000000002,0.027800000000000002,0.027800000000000002,0.027800000000000002,True,True,True,True,True,True,True,True,0,5,0.027800000000000002,0.0,0.027800000000000002,0.027800000000000002
C:\TA\project-ta\data_spliting\test_set\benign\1008.ps1,Benign,benign,benign,benign,benign,benign,benign,TN,TN,TN,TN,TN,0.012700000000000001,0.012700000000000001,0.012700000000000001,0.012700000000000001,0.012700000000000001,True,True,True,True,True,True,True,True,0,5,0.0127,1.939479807224432e-18,0.012700000000000001,0.012700000000000001
C:\TA\project-ta\data_spliting\test_set\benign\1012.ps1,Benign,benign,benign,benign,benign,benign,benign,TN,TN,TN,TN,TN,0.0066,0.0066,0.0066,0.0066,0.0066,True,True,True,True,True,True,True,True,0,5,0.0066,0.0,0.0066,0.0066
C:\TA\project-ta\data_spliting\test_set\benign\1015.ps1,Benign,benign,benign,benign,benign,benign,benign,TN,TN,TN,TN,TN,0.0067,0.0067,0.0067,0.0067,0.0067,True,True,True,True,True,True,True,True,0,5,0.0067,0.0,0.0067,0.0067
C:\TA\project-ta\data_spliting\test_set\benign\1029.ps1,Benign,benign,benign,benign,benign,benign,benign,TN,TN,TN,TN,TN,0.016300000000000002,0.016300000000000002,0.016300000000000002,0.016300000000000002,0.016300000000000002,True,True,True,True,True,True,True,True,0,5,0.016300000000000002,0.0,0.016300000000000002,0.016300000000000002
C:\TA\project-ta\data_spliting\test_set\benign\1032.ps1,Benign,benign,benign,benign,benign,benign,benign,TN,TN,TN,TN,TN,0.0,0.0,0.0,0.0,0.0,False,False,False,False,False,True,True,True,0,5,0.0,0.0,0.0,0.0
C:\TA\project-ta\data_spliting\test_set\benign\1034.ps1,Benign,benign,benign,benign,benign,benign,benign,TN,TN,TN,TN,TN,0.027200000000000002,0.027200000000000002,0.027200000000000002,0.027200000000000002,0.027200000000000002,True,True,True,True,True,True,True,True,0,5,0.027200000000000002,0.0,0.027200000000000002,0.027200000000000002
C:\TA\project-ta\data_spliting\test_set\benign\12.ps1,Benign,benign,benign,benign,benign,benign,benign,TN,TN,TN,TN,TN,0.0151,0.0151,0.0151,0.0151,0.0151,True,True,True,True,True,True,True,True,0,5,0.015099999999999999,1.939479807224432e-18,0.0151,0.0151
C:\TA\project-ta\data_spliting\test_set\benign\1219.ps1,Benign,benign,benign,benign,benign,benign,benign,TN,TN,TN,TN,TN,0.0091,0.0091,0.0091,0.0091,0.0091,True,True,True,True,True,True,True,True,0,5,0.0091,0.0,0.0091,0.0091
C:\TA\project-ta\data_spliting\test_set\benign\1589.ps1,Benign,benign,benign,benign,benign,benign,benign,TN,TN,TN,TN,TN,0.4781,0.4781,0.4781,0.4781,0.4781,True,True,True,True,True,True,True,True,0,5,0.4781000000000001,6.206335383118183e-17,0.4781,0.4781
C:\TA\project-ta\data_spliting\test_set\benign\1615.ps1,Benign,benign,malicious,malicious,malicious,malicious,malicious,FP,FP,FP,FP,FP,0.6515000000000001,0.6515000000000001,0.6515000000000001,0.6515000000000001,0.6515000000000001,True,True,True,True,True,True,True,True,5,0,0.6515000000000001,0.0,0.6515000000000001,0.6515000000000001
C:\TA\project-ta\data_spliting\test_set\benign\1664.ps1,Benign,benign,benign,benign,benign,benign,benign,TN,TN,TN,TN,TN,0.1477,0.1477,0.1477,0.1477,0.1477,True,True,True,True,True,True,True,True,0,5,0.1477,0.0,0.1477,0.1477
C:\TA\project-ta\data_spliting\test_set\benign\1692.ps1,Benign,benign,benign,benign,benign,benign,benign,TN,TN,TN,TN,TN,0.0114,0.0114,0.0114,0.0114,0.0114,True,True,True,True,True,True,True,True,0,5,0.0114,0.0,0.0114,0.0114
C:\TA\project-ta\data_spliting\test_set\benign\1749.ps1,Benign,benign,benign,benign,benign,benign,benign,TN,TN,TN,TN,TN,0.1188,0.1188,0.1188,0.1188,0.1188,True,True,True,True,True,True,True,True,0,5,0.11879999999999999,1.5515838457795457e-17,0.1188,0.1188
C:\TA\project-ta\data_spliting\test_set\benign\1750.ps1,Benign,benign,benign,benign,benign,benign,benign,TN,TN,TN,TN,TN,0.013000000000000001,0.013000000000000001,0.013000000000000001,0.013000000000000001,0.013000000000000001,True,True,True,True,True,True,True,True,0,5,0.013000000000000001,0.0,0.013000000000000001,0.013000000000000001
C:\TA\project-ta\data_spliting\test_set\benign\1787.ps1,Benign,benign,benign,benign,benign,benign,benign,TN,TN,TN,TN,TN,0.007,0.007,0.007,0.007,0.007,True,True,True,True,True,True,True,True,0,5,0.007000000000000001,9.69739903612216e-19,0.007,0.007
C:\TA\project-ta\data_spliting\test_set\benign\1793.ps1,Benign,benign,benign,benign,benign,benign,benign,TN,TN,TN,TN,TN,0.013300000000000001,0.013300000000000001,0.013300000000000001,0.013300000000000001,0.013300000000000001,True,True,True,True,True,True,True,True,0,5,0.013300000000000001,0.0,0.013300000000000001,0.013300000000000001
C:\TA\project-ta\data_spliting\test_set\benign\1795.ps1,Benign,benign,benign,benign,benign,benign,benign,TN,TN,TN,TN,TN,0.009300000000000001,0.009300000000000001,0.009300000000000001,0.009300000000000001,0.009300000000000001,True,True,True,True,True,True,True,True,0,5,0.009300000000000001,0.0,0.009300000000000001,0.009300000000000001
C:\TA\project-ta\data_spliting\test_set\benign\1799.ps1,Benign,benign,benign,benign,benign,benign,benign,TN,TN,TN,TN,TN,0.0054,0.0054,0.0054,0.0054,0.0,True,True,True,True,False,True,True,False,0,5,0.00432,0.002414953415699773,0.0,0.0054
C:\TA\project-ta\data_spliting\test_set\benign\1816.ps1,Benign,benign,benign,benign,benign,benign,benign,TN,TN,TN,TN,TN,0.0,0.0,0.0,0.0,0.0,False,False,False,False,False,True,True,True,0,5,0.0,0.0,0.0,0.0
C:\TA\project-ta\data_spliting\test_set\benign\1838.ps1,Benign,benign,benign,benign,benign,benign,benign,TN,TN,TN,TN,TN,0.0083,0.0083,0.0083,0.0083,0.0083,True,True,True,True,True,True,True,True,0,5,0.0083,0.0,0.0083,0.0083
C:\TA\project-ta\data_spliting\test_set\benign\185.ps1,Benign,benign,malicious,malicious,malicious,malicious,malicious,FP,FP,FP,FP,FP,0.5696,0.5696,0.5696,0.5696,0.5696,True,True,True,True,True,True,True,True,5,0,0.5696,0.0,0.5696,0.5696
C:\TA\project-ta\data_spliting\test_set\benign\1869.ps1,Benign,benign,benign,benign,benign,benign,benign,TN,TN,TN,TN,TN,0.008400000000000001,0.008400000000000001,0.008400000000000001,0.008400000000000001,0.008400000000000001,True,True,True,True,True,True,True,True,0,5,0.008400000000000001,0.0,0.008400000000000001,0.008400000000000001
C:\TA\project-ta\data_spliting\test_set\benign\1870.ps1,Benign,benign,benign,benign,benign,benign,benign,TN,TN,TN,TN,TN,0.011300000000000001,0.011300000000000001,0.011300000000000001,0.011300000000000001,0.011300000000000001,True,True,True,True,True,True,True,True,0,5,0.011300000000000001,0.0,0.011300000000000001,0.011300000000000001
C:\TA\project-ta\data_spliting\test_set\benign\1873.ps1,Benign,benign,benign,benign,benign,benign,benign,TN,TN,TN,TN,TN,0.0095,0.0095,0.0095,0.0095,0.0095,True,True,True,True,True,True,True,True,0,5,0.0095,0.0,0.0095,0.0095
C:\TA\project-ta\data_spliting\test_set\benign\1905.ps1,Benign,benign,benign,benign,benign,benign,benign,TN,TN,TN,TN,TN,0.0103,0.0103,0.0103,0.0103,0.0103,True,True,True,True,True,True,True,True,0,5,0.0103,0.0,0.0103,0.0103
C:\TA\project-ta\data_spliting\test_set\benign\1920.ps1,Benign,benign,benign,benign,benign,benign,benign,TN,TN,TN,TN,TN,0.008,0.008,0.008,0.008,0.008,True,True,True,True,True,True,True,True,0,5,0.008,0.0,0.008,0.008
C:\TA\project-ta\data_spliting\test_set\benign\1924.ps1,Benign,benign,benign,benign,benign,benign,benign,TN,TN,TN,TN,TN,0.006500000000000001,0.006500000000000001,0.006500000000000001,0.006500000000000001,0.006500000000000001,True,True,True,True,True,True,True,True,0,5,0.006500000000000001,0.0,0.006500000000000001,0.006500000000000001
C:\TA\project-ta\data_spliting\test_set\benign\1929.ps1,Benign,benign,benign,benign,benign,benign,benign,TN,TN,TN,TN,TN,0.006500000000000001,0.006500000000000001,0.006500000000000001,0.006500000000000001,0.006500000000000001,True,True,True,True,True,True,True,True,0,5,0.006500000000000001,0.0,0.006500000000000001,0.006500000000000001
C:\TA\project-ta\data_spliting\test_set\benign\1938.ps1,Benign,benign,benign,benign,benign,benign,benign,TN,TN,TN,TN,TN,0.007500000000000001,0.007500000000000001,0.007500000000000001,0.007500000000000001,0.007500000000000001,True,True,True,True,True,True,True,True,0,5,0.0075000000000000015,9.69739903612216e-19,0.007500000000000001,0.007500000000000001
C:\TA\project-ta\data_spliting\test_set\benign\1972.ps1,Benign,benign,benign,benign,benign,benign,benign,TN,TN,TN,TN,TN,0.0071,0.0071,0.0071,0.0071,0.0071,True,True,True,True,True,True,True,True,0,5,0.0071,0.0,0.0071,0.0071
C:\TA\project-ta\data_spliting\test_set\benign\1984.ps1,Benign,benign,benign,benign,benign,benign,benign,TN,TN,TN,TN,TN,0.0058000000000000005,0.0058000000000000005,0.0058000000000000005,0.0058000000000000005,0.0058000000000000005,True,True,True,True,True,True,True,True,0,5,0.0058000000000000005,0.0,0.0058000000000000005,0.0058000000000000005
C:\TA\project-ta\data_spliting\test_set\benign\2016.ps1,Benign,benign,benign,benign,benign,benign,benign,TN,TN,TN,TN,TN,0.0292,0.0292,0.0292,0.0292,0.0292,True,True,True,True,True,True,True,True,0,5,0.029199999999999997,3.878959614448864e-18,0.0292,0.0292
C:\TA\project-ta\data_spliting\test_set\benign\2044.ps1,Benign,benign,benign,benign,benign,benign,benign,TN,TN,TN,TN,TN,0.0,0.0,0.0,0.0,0.0,False,False,False,False,False,True,True,True,0,5,0.0,0.0,0.0,0.0
C:\TA\project-ta\data_spliting\test_set\benign\2048.ps1,Benign,benign,benign,benign,benign,benign,benign,TN,TN,TN,TN,TN,0.0,0.0,0.0,0.0,0.0,False,False,False,False,False,True,True,True,0,5,0.0,0.0,0.0,0.0
C:\TA\project-ta\data_spliting\test_set\benign\2051.ps1,Benign,benign,benign,benign,benign,benign,benign,TN,TN,TN,TN,TN,0.0067,0.0067,0.0067,0.0067,0.0067,True,True,True,True,True,True,True,True,0,5,0.0067,0.0,0.0067,0.0067
C:\TA\project-ta\data_spliting\test_set\benign\2064.ps1,Benign,benign,benign,benign,benign,benign,benign,TN,TN,TN,TN,TN,0.0068000000000000005,0.0068000000000000005,0.0068000000000000005,0.0068000000000000005,0.0068000000000000005,True,True,True,True,True,True,True,True,0,5,0.0068000000000000005,0.0,0.0068000000000000005,0.0068000000000000005
C:\TA\project-ta\data_spliting\test_set\benign\2110.ps1,Benign,benign,benign,benign,benign,benign,benign,TN,TN,TN,TN,TN,0.0086,0.0086,0.0086,0.0086,0.0086,True,True,True,True,True,True,True,True,0,5,0.0086,0.0,0.0086,0.0086
C:\TA\project-ta\data_spliting\test_set\benign\2125.ps1,Benign,benign,benign,benign,benign,benign,benign,TN,TN,TN,TN,TN,0.0077,0.0077,0.0077,0.0077,0.0077,True,True,True,True,True,True,True,True,0,5,0.0077,0.0,0.0077,0.0077
C:\TA\project-ta\data_spliting\test_set\benign\2136.ps1,Benign,benign,benign,benign,benign,benign,benign,TN,TN,TN,TN,TN,0.0164,0.0164,0.0164,0.0164,0.0164,True,True,True,True,True,True,True,True,0,5,0.0164,0.0,0.0164,0.0164
C:\TA\project-ta\data_spliting\test_set\benign\2145.ps1,Benign,benign,benign,benign,benign,benign,benign,TN,TN,TN,TN,TN,0.0114,0.0114,0.0114,0.0114,0.0114,True,True,True,True,True,True,True,True,0,5,0.0114,0.0,0.0114,0.0114
C:\TA\project-ta\data_spliting\test_set\benign\2339.ps1,Benign,benign,benign,benign,benign,benign,benign,TN,TN,TN,TN,TN,0.09870000000000001,0.09870000000000001,0.0216,0.0216,0.09870000000000001,True,True,True,True,True,True,True,True,0,5,0.06786,0.04222940918364831,0.0216,0.09870000000000001
C:\TA\project-ta\data_spliting\test_set\benign\2352.ps1,Benign,benign,benign,benign,benign,benign,benign,TN,TN,TN,TN,TN,0.0257,0.0257,0.0257,0.0257,0.0257,True,True,True,True,True,True,True,True,0,5,0.0257,0.0,0.0257,0.0257
C:\TA\project-ta\data_spliting\test_set\benign\2367.ps1,Benign,benign,benign,benign,benign,benign,benign,TN,TN,TN,TN,TN,0.0152,0.0152,0.0152,0.0152,0.0152,True,True,True,True,True,True,True,True,0,5,0.0152,0.0,0.0152,0.0152
C:\TA\project-ta\data_spliting\test_set\benign\2533.ps1,Benign,benign,malicious,malicious,malicious,malicious,malicious,FP,FP,FP,FP,FP,0.5491,0.5491,0.5491,0.5491,0.5491,True,True,True,True,True,True,True,True,5,0,0.5491,0.0,0.5491,0.5491
C:\TA\project-ta\data_spliting\test_set\benign\2535.ps1,Benign,benign,benign,benign,benign,benign,benign,TN,TN,TN,TN,TN,0.020200000000000003,0.020200000000000003,0.020200000000000003,0.020200000000000003,0.020200000000000003,True,True,True,True,True,True,True,True,0,5,0.020200000000000003,0.0,0.020200000000000003,0.020200000000000003
C:\TA\project-ta\data_spliting\test_set\benign\2542.ps1,Benign,benign,benign,benign,benign,benign,benign,TN,TN,TN,TN,TN,0.049,0.049,0.049,0.049,0.049,True,True,True,True,True,True,True,True,0,5,0.049,0.0,0.049,0.049
C:\TA\project-ta\data_spliting\test_set\benign\2569.ps1,Benign,benign,benign,benign,benign,benign,benign,TN,TN,TN,TN,TN,0.1017,0.1017,0.1017,0.1017,0.1017,True,True,True,True,True,True,True,True,0,5,0.10169999999999998,1.5515838457795457e-17,0.1017,0.1017
C:\TA\project-ta\data_spliting\test_set\benign\2600.ps1,Benign,benign,benign,benign,benign,benign,benign,TN,TN,TN,TN,TN,0.3027,0.3027,0.3027,0.3027,0.3027,True,True,True,True,True,True,True,True,0,5,0.3027,0.0,0.3027,0.3027
C:\TA\project-ta\data_spliting\test_set\benign\2622.ps1,Benign,benign,benign,benign,benign,benign,benign,TN,TN,TN,TN,TN,0.011600000000000001,0.011600000000000001,0.011600000000000001,0.011600000000000001,0.011600000000000001,True,True,True,True,True,True,True,True,0,5,0.011600000000000001,0.0,0.011600000000000001,0.011600000000000001
C:\TA\project-ta\data_spliting\test_set\benign\2639.ps1,Benign,benign,benign,benign,benign,benign,benign,TN,TN,TN,TN,TN,0.0244,0.0244,0.0244,0.0244,0.0244,True,True,True,True,True,True,True,True,0,5,0.0244,0.0,0.0244,0.0244
C:\TA\project-ta\data_spliting\test_set\benign\2641.ps1,Benign,benign,benign,benign,benign,benign,benign,TN,TN,TN,TN,TN,0.0099,0.0099,0.0099,0.0099,0.0099,True,True,True,True,True,True,True,True,0,5,0.0099,0.0,0.0099,0.0099
C:\TA\project-ta\data_spliting\test_set\benign\2720.ps1,Benign,benign,benign,benign,benign,benign,benign,TN,TN,TN,TN,TN,0.0603,0.0603,0.0603,0.0603,0.0603,True,True,True,True,True,True,True,True,0,5,0.0603,0.0,0.0603,0.0603
C:\TA\project-ta\data_spliting\test_set\benign\2722.ps1,Benign,benign,benign,benign,benign,benign,benign,TN,TN,TN,TN,TN,0.06420000000000001,0.06420000000000001,0.06420000000000001,0.06420000000000001,0.06420000000000001,True,True,True,True,True,True,True,True,0,5,0.06420000000000001,0.0,0.06420000000000001,0.06420000000000001
C:\TA\project-ta\data_spliting\test_set\benign\2723.ps1,Benign,benign,benign,benign,benign,benign,benign,TN,TN,TN,TN,TN,0.21250000000000002,0.21250000000000002,0.21250000000000002,0.21250000000000002,0.21250000000000002,True,True,True,True,True,True,True,True,0,5,0.2125,3.1031676915590914e-17,0.21250000000000002,0.21250000000000002
C:\TA\project-ta\data_spliting\test_set\benign\2725.ps1,Benign,benign,benign,benign,benign,benign,benign,TN,TN,TN,TN,TN,0.4254,0.4254,0.4254,0.4254,0.4254,True,True,True,True,True,True,True,True,0,5,0.42539999999999994,6.206335383118183e-17,0.4254,0.4254
C:\TA\project-ta\data_spliting\test_set\benign\2729.ps1,Benign,benign,benign,benign,benign,benign,benign,TN,TN,TN,TN,TN,0.0,0.0,0.0,0.0,0.0,False,False,False,False,False,True,True,True,0,5,0.0,0.0,0.0,0.0
C:\TA\project-ta\data_spliting\test_set\benign\2747.ps1,Benign,benign,benign,benign,benign,benign,benign,TN,TN,TN,TN,TN,0.0,0.0,0.0,0.0,0.0,False,False,False,False,False,True,True,True,0,5,0.0,0.0,0.0,0.0
C:\TA\project-ta\data_spliting\test_set\benign\2758.ps1,Benign,benign,malicious,malicious,malicious,malicious,malicious,FP,FP,FP,FP,FP,0.6894,0.6894,0.6894,0.6894,0.6894,True,True,True,True,True,True,True,True,5,0,0.6894,0.0,0.6894,0.6894
C:\TA\project-ta\data_spliting\test_set\benign\2816.ps1,Benign,benign,benign,benign,benign,benign,benign,TN,TN,TN,TN,TN,0.0843,0.0843,0.0843,0.0843,0.0843,True,True,True,True,True,True,True,True,0,5,0.0843,0.0,0.0843,0.0843
C:\TA\project-ta\data_spliting\test_set\benign\2865.ps1,Benign,benign,benign,benign,benign,benign,benign,TN,TN,TN,TN,TN,0.0211,0.0211,0.0211,0.0211,0.0211,True,True,True,True,True,True,True,True,0,5,0.0211,0.0,0.0211,0.0211
C:\TA\project-ta\data_spliting\test_set\benign\2885.ps1,Benign,benign,benign,benign,benign,benign,benign,TN,TN,TN,TN,TN,0.019100000000000002,0.019100000000000002,0.019100000000000002,0.019100000000000002,0.019100000000000002,True,True,True,True,True,True,True,True,0,5,0.019100000000000002,0.0,0.019100000000000002,0.019100000000000002
C:\TA\project-ta\data_spliting\test_set\benign\2891.ps1,Benign,benign,benign,benign,benign,benign,benign,TN,TN,TN,TN,TN,0.1346,0.1346,0.1346,0.1346,0.1346,True,True,True,True,True,True,True,True,0,5,0.1346,0.0,0.1346,0.1346
C:\TA\project-ta\data_spliting\test_set\benign\2897.ps1,Benign,benign,benign,benign,benign,benign,benign,TN,TN,TN,TN,TN,0.0187,0.0187,0.0187,0.0187,0.0187,True,True,True,True,True,True,True,True,0,5,0.0187,0.0,0.0187,0.0187
C:\TA\project-ta\data_spliting\test_set\benign\2900.ps1,Benign,benign,benign,benign,benign,benign,benign,TN,TN,TN,TN,TN,0.0103,0.0103,0.0103,0.0103,0.0103,True,True,True,True,True,True,True,True,0,5,0.0103,0.0,0.0103,0.0103
C:\TA\project-ta\data_spliting\test_set\benign\2903.ps1,Benign,benign,benign,benign,benign,benign,benign,TN,TN,TN,TN,TN,0.0212,0.0212,0.0212,0.0212,0.0212,True,True,True,True,True,True,True,True,0,5,0.0212,0.0,0.0212,0.0212
C:\TA\project-ta\data_spliting\test_set\benign\2911.ps1,Benign,benign,benign,benign,benign,benign,benign,TN,TN,TN,TN,TN,0.0103,0.0103,0.0103,0.0103,0.0103,True,True,True,True,True,True,True,True,0,5,0.0103,0.0,0.0103,0.0103
C:\TA\project-ta\data_spliting\test_set\benign\2914.ps1,Benign,benign,benign,benign,benign,benign,benign,TN,TN,TN,TN,TN,0.0223,0.0223,0.0223,0.0223,0.0223,True,True,True,True,True,True,True,True,0,5,0.0223,0.0,0.0223,0.0223
C:\TA\project-ta\data_spliting\test_set\benign\2923.ps1,Benign,benign,benign,benign,benign,benign,benign,TN,TN,TN,TN,TN,0.0082,0.0082,0.0082,0.0082,0.0082,True,True,True,True,True,True,True,True,0,5,0.0082,0.0,0.0082,0.0082
C:\TA\project-ta\data_spliting\test_set\benign\2939.ps1,Benign,benign,benign,benign,benign,benign,benign,TN,TN,TN,TN,TN,0.011300000000000001,0.011300000000000001,0.011300000000000001,0.011300000000000001,0.011300000000000001,True,True,True,True,True,True,True,True,0,5,0.011300000000000001,0.0,0.011300000000000001,0.011300000000000001
C:\TA\project-ta\data_spliting\test_set\benign\2945.ps1,Benign,benign,benign,benign,benign,benign,benign,TN,TN,TN,TN,TN,0.020300000000000002,0.020300000000000002,0.020300000000000002,0.020300000000000002,0.020300000000000002,True,True,True,True,True,True,True,True,0,5,0.020300000000000002,0.0,0.020300000000000002,0.020300000000000002
C:\TA\project-ta\data_spliting\test_set\benign\2959.ps1,Benign,benign,benign,benign,benign,benign,benign,TN,TN,TN,TN,TN,0.0071,0.0071,0.0071,0.0071,0.0071,True,True,True,True,True,True,True,True,0,5,0.0071,0.0,0.0071,0.0071
C:\TA\project-ta\data_spliting\test_set\benign\3027.ps1,Benign,benign,benign,benign,benign,benign,benign,TN,TN,TN,TN,TN,0.011,0.011,0.011,0.011,0.011,True,True,True,True,True,True,True,True,0,5,0.011,0.0,0.011,0.011
C:\TA\project-ta\data_spliting\test_set\benign\3034.ps1,Benign,benign,benign,benign,benign,benign,benign,TN,TN,TN,TN,TN,0.007200000000000001,0.007200000000000001,0.007200000000000001,0.007200000000000001,0.007200000000000001,True,True,True,True,True,True,True,True,0,5,0.007200000000000001,0.0,0.007200000000000001,0.007200000000000001
C:\TA\project-ta\data_spliting\test_set\benign\3065.ps1,Benign,benign,benign,benign,benign,benign,benign,TN,TN,TN,TN,TN,0.0067,0.0067,0.0067,0.0067,0.0067,True,True,True,True,True,True,True,True,0,5,0.0067,0.0,0.0067,0.0067
C:\TA\project-ta\data_spliting\test_set\benign\3080.ps1,Benign,benign,benign,benign,benign,benign,benign,TN,TN,TN,TN,TN,0.007200000000000001,0.007200000000000001,0.007200000000000001,0.007200000000000001,0.007200000000000001,True,True,True,True,True,True,True,True,0,5,0.007200000000000001,0.0,0.007200000000000001,0.007200000000000001
C:\TA\project-ta\data_spliting\test_set\benign\3100.ps1,Benign,benign,benign,benign,benign,benign,benign,TN,TN,TN,TN,TN,0.009000000000000001,0.009000000000000001,0.009000000000000001,0.009000000000000001,0.009000000000000001,True,True,True,True,True,True,True,True,0,5,0.009000000000000001,0.0,0.009000000000000001,0.009000000000000001
C:\TA\project-ta\data_spliting\test_set\benign\3499.ps1,Benign,benign,benign,benign,benign,benign,benign,TN,TN,TN,TN,TN,0.31120000000000003,0.31120000000000003,0.31120000000000003,0.31120000000000003,0.31120000000000003,True,True,True,True,True,True,True,True,0,5,0.31120000000000003,0.0,0.31120000000000003,0.31120000000000003
C:\TA\project-ta\data_spliting\test_set\benign\375.ps1,Benign,benign,benign,benign,benign,benign,benign,TN,TN,TN,TN,TN,0.0079,0.0079,0.0079,0.0079,0.0079,True,True,True,True,True,True,True,True,0,5,0.0079,0.0,0.0079,0.0079
C:\TA\project-ta\data_spliting\test_set\benign\3986.ps1,Benign,benign,benign,benign,benign,benign,benign,TN,TN,TN,TN,TN,0.0063,0.0063,0.0063,0.0063,0.0063,True,True,True,True,True,True,True,True,0,5,0.0063,0.0,0.0063,0.0063
C:\TA\project-ta\data_spliting\test_set\benign\3990.ps1,Benign,benign,benign,benign,benign,benign,benign,TN,TN,TN,TN,TN,0.0057,0.0057,0.0057,0.0057,0.0057,True,True,True,True,True,True,True,True,0,5,0.0057,0.0,0.0057,0.0057
C:\TA\project-ta\data_spliting\test_set\benign\4080.ps1,Benign,benign,benign,benign,benign,benign,benign,TN,TN,TN,TN,TN,0.0076,0.0076,0.0076,0.0076,0.0076,True,True,True,True,True,True,True,True,0,5,0.0076,0.0,0.0076,0.0076
C:\TA\project-ta\data_spliting\test_set\benign\4087.ps1,Benign,benign,benign,benign,benign,benign,benign,TN,TN,TN,TN,TN,0.0,0.0,0.0,0.0,0.0,False,False,False,False,False,True,True,True,0,5,0.0,0.0,0.0,0.0
C:\TA\project-ta\data_spliting\test_set\benign\4088.ps1,Benign,benign,benign,benign,benign,benign,benign,TN,TN,TN,TN,TN,0.0253,0.0253,0.0253,0.0253,0.0253,True,True,True,True,True,True,True,True,0,5,0.0253,0.0,0.0253,0.0253
C:\TA\project-ta\data_spliting\test_set\benign\4093.ps1,Benign,benign,benign,benign,benign,benign,benign,TN,TN,TN,TN,TN,0.0143,0.0143,0.0143,0.0143,0.0143,True,True,True,True,True,True,True,True,0,5,0.014300000000000002,1.939479807224432e-18,0.0143,0.0143
C:\TA\project-ta\data_spliting\test_set\benign\4098.ps1,Benign,benign,benign,benign,benign,benign,benign,TN,TN,TN,TN,TN,0.3386,0.3386,0.3386,0.3386,0.3386,True,True,True,True,True,True,True,True,0,5,0.3386,0.0,0.3386,0.3386
C:\TA\project-ta\data_spliting\test_set\benign\4099.ps1,Benign,benign,benign,benign,benign,benign,benign,TN,TN,TN,TN,TN,0.021400000000000002,0.021400000000000002,0.021400000000000002,0.021400000000000002,0.021400000000000002,True,True,True,True,True,True,True,True,0,5,0.021400000000000002,0.0,0.021400000000000002,0.021400000000000002
C:\TA\project-ta\data_spliting\test_set\benign\4112.ps1,Benign,benign,benign,benign,benign,benign,benign,TN,TN,TN,TN,TN,0.15510000000000002,0.15510000000000002,0.15510000000000002,0.15510000000000002,0.15510000000000002,True,True,True,True,True,True,True,True,0,5,0.15510000000000002,0.0,0.15510000000000002,0.15510000000000002
C:\TA\project-ta\data_spliting\test_set\benign\4124.ps1,Benign,benign,malicious,malicious,malicious,malicious,malicious,FP,FP,FP,FP,FP,0.9005000000000001,0.9005000000000001,0.9005000000000001,0.9005000000000001,0.9005000000000001,True,True,True,True,True,True,True,True,5,0,0.9005000000000001,0.0,0.9005000000000001,0.9005000000000001
C:\TA\project-ta\data_spliting\test_set\benign\4162.ps1,Benign,benign,benign,benign,benign,benign,benign,TN,TN,TN,TN,TN,0.0,0.0,0.0,0.0,0.0,False,False,False,False,False,True,True,True,0,5,0.0,0.0,0.0,0.0
C:\TA\project-ta\data_spliting\test_set\benign\4164.ps1,Benign,benign,benign,benign,benign,benign,benign,TN,TN,TN,TN,TN,0.0,0.0,0.0,0.0,0.0,False,False,False,False,False,True,True,True,0,5,0.0,0.0,0.0,0.0
C:\TA\project-ta\data_spliting\test_set\benign\4198.ps1,Benign,benign,malicious,malicious,malicious,malicious,malicious,FP,FP,FP,FP,FP,0.9042,0.9042,0.9042,0.9042,0.9042,True,True,True,True,True,True,True,True,5,0,0.9042,0.0,0.9042,0.9042
C:\TA\project-ta\data_spliting\test_set\benign\4200.ps1,Benign,benign,benign,benign,benign,benign,benign,TN,TN,TN,TN,TN,0.0,0.0,0.0,0.0,0.0,False,False,False,False,False,True,True,True,0,5,0.0,0.0,0.0,0.0
C:\TA\project-ta\data_spliting\test_set\benign\422.ps1,Benign,benign,benign,benign,benign,benign,benign,TN,TN,TN,TN,TN,0.0419,0.0419,0.0419,0.0419,0.0419,True,True,True,True,True,True,True,True,0,5,0.0419,0.0,0.0419,0.0419
C:\TA\project-ta\data_spliting\test_set\benign\424.ps1,Benign,benign,benign,benign,benign,benign,benign,TN,TN,TN,TN,TN,0.0102,0.0102,0.0102,0.0102,0.0102,True,True,True,True,True,True,True,True,0,5,0.0102,0.0,0.0102,0.0102
C:\TA\project-ta\data_spliting\test_set\benign\433.ps1,Benign,benign,benign,benign,benign,benign,benign,TN,TN,TN,TN,TN,0.0161,0.0161,0.0161,0.0161,0.0161,True,True,True,True,True,True,True,True,0,5,0.0161,0.0,0.0161,0.0161
C:\TA\project-ta\data_spliting\test_set\malicious\1012.ps1,Original Malicious,malicious,malicious,malicious,malicious,malicious,malicious,TP,TP,TP,TP,TP,0.9931000000000001,0.9931000000000001,0.9931000000000001,0.9931000000000001,0.9931000000000001,True,True,True,True,True,True,True,True,5,0,0.9931000000000001,0.0,0.9931000000000001,0.9931000000000001
C:\TA\project-ta\data_spliting\test_set\malicious\1014.ps1,Original Malicious,malicious,malicious,malicious,malicious,malicious,malicious,TP,TP,TP,TP,TP,0.9972000000000001,0.9972000000000001,0.9972000000000001,0.9972000000000001,0.9972000000000001,True,True,True,True,True,True,True,True,5,0,0.9972000000000001,0.0,0.9972000000000001,0.9972000000000001
C:\TA\project-ta\data_spliting\test_set\malicious\1016.ps1,Original Malicious,malicious,malicious,malicious,malicious,malicious,malicious,TP,TP,TP,TP,TP,0.9972000000000001,0.9972000000000001,0.9972000000000001,0.9972000000000001,0.9972000000000001,True,True,True,True,True,True,True,True,5,0,0.9972000000000001,0.0,0.9972000000000001,0.9972000000000001
C:\TA\project-ta\data_spliting\test_set\malicious\102.ps1,Original Malicious,malicious,malicious,malicious,malicious,malicious,malicious,TP,TP,TP,TP,TP,0.9972000000000001,0.9972000000000001,0.9972000000000001,0.9972000000000001,0.9972000000000001,True,True,True,True,True,True,True,True,5,0,0.9972000000000001,0.0,0.9972000000000001,0.9972000000000001
C:\TA\project-ta\data_spliting\test_set\malicious\1039.ps1,Original Malicious,malicious,malicious,malicious,malicious,malicious,malicious,TP,TP,TP,TP,TP,0.9972000000000001,0.9972000000000001,0.9972000000000001,0.9972000000000001,0.9972000000000001,True,True,True,True,True,True,True,True,5,0,0.9972000000000001,0.0,0.9972000000000001,0.9972000000000001
C:\TA\project-ta\data_spliting\test_set\malicious\1043.ps1,Original Malicious,malicious,malicious,malicious,malicious,malicious,malicious,TP,TP,TP,TP,TP,0.9972000000000001,0.9972000000000001,0.9972000000000001,0.9972000000000001,0.9972000000000001,True,True,True,True,True,True,True,True,5,0,0.9972000000000001,0.0,0.9972000000000001,0.9972000000000001
C:\TA\project-ta\data_spliting\test_set\malicious\1047.ps1,Original Malicious,malicious,malicious,malicious,malicious,malicious,malicious,TP,TP,TP,TP,TP,0.9972000000000001,0.9972000000000001,0.9972000000000001,0.9972000000000001,0.9972000000000001,True,True,True,True,True,True,True,True,5,0,0.9972000000000001,0.0,0.9972000000000001,0.9972000000000001
C:\TA\project-ta\data_spliting\test_set\malicious\1054.ps1,Original Malicious,malicious,malicious,malicious,malicious,malicious,malicious,TP,TP,TP,TP,TP,0.9876,0.9876,0.9876,0.9876,0.9876,True,True,True,True,True,True,True,True,5,0,0.9876000000000001,1.2412670766236366e-16,0.9876,0.9876
C:\TA\project-ta\data_spliting\test_set\malicious\1060.ps1,Original Malicious,malicious,malicious,malicious,malicious,malicious,malicious,TP,TP,TP,TP,TP,0.9972000000000001,0.9972000000000001,0.9972000000000001,0.9972000000000001,0.9972000000000001,True,True,True,True,True,True,True,True,5,0,0.9972000000000001,0.0,0.9972000000000001,0.9972000000000001
C:\TA\project-ta\data_spliting\test_set\malicious\1064.ps1,Original Malicious,malicious,malicious,malicious,malicious,malicious,malicious,TP,TP,TP,TP,TP,0.9972000000000001,0.9972000000000001,0.9972000000000001,0.9972000000000001,0.9972000000000001,True,True,True,True,True,True,True,True,5,0,0.9972000000000001,0.0,0.9972000000000001,0.9972000000000001
C:\TA\project-ta\data_spliting\test_set\malicious\1069.ps1,Original Malicious,malicious,malicious,malicious,malicious,malicious,malicious,TP,TP,TP,TP,TP,0.9972000000000001,0.9972000000000001,0.9972000000000001,0.9972000000000001,0.9972000000000001,True,True,True,True,True,True,True,True,5,0,0.9972000000000001,0.0,0.9972000000000001,0.9972000000000001
C:\TA\project-ta\data_spliting\test_set\malicious\1083.ps1,Original Malicious,malicious,malicious,malicious,malicious,malicious,malicious,TP,TP,TP,TP,TP,0.973,0.973,0.973,0.973,0.973,True,True,True,True,True,True,True,True,5,0,0.9730000000000001,1.2412670766236366e-16,0.973,0.973
C:\TA\project-ta\data_spliting\test_set\malicious\1086.ps1,Original Malicious,malicious,malicious,malicious,malicious,malicious,malicious,TP,TP,TP,TP,TP,0.9972000000000001,0.9972000000000001,0.9972000000000001,0.9972000000000001,0.9972000000000001,True,True,True,True,True,True,True,True,5,0,0.9972000000000001,0.0,0.9972000000000001,0.9972000000000001
C:\TA\project-ta\data_spliting\test_set\malicious\1089.ps1,Original Malicious,malicious,malicious,malicious,malicious,malicious,malicious,TP,TP,TP,TP,TP,0.9972000000000001,0.9972000000000001,0.9972000000000001,0.9972000000000001,0.9972000000000001,True,True,True,True,True,True,True,True,5,0,0.9972000000000001,0.0,0.9972000000000001,0.9972000000000001
C:\TA\project-ta\data_spliting\test_set\malicious\1113.ps1,Original Malicious,malicious,malicious,malicious,malicious,malicious,malicious,TP,TP,TP,TP,TP,0.9972000000000001,0.9972000000000001,0.9972000000000001,0.9972000000000001,0.9972000000000001,True,True,True,True,True,True,True,True,5,0,0.9972000000000001,0.0,0.9972000000000001,0.9972000000000001
C:\TA\project-ta\data_spliting\test_set\malicious\1115.ps1,Original Malicious,malicious,malicious,malicious,malicious,malicious,malicious,TP,TP,TP,TP,TP,0.9972000000000001,0.9972000000000001,0.9972000000000001,0.9972000000000001,0.9972000000000001,True,True,True,True,True,True,True,True,5,0,0.9972000000000001,0.0,0.9972000000000001,0.9972000000000001
C:\TA\project-ta\data_spliting\test_set\malicious\112.ps1,Original Malicious,malicious,malicious,malicious,malicious,malicious,malicious,TP,TP,TP,TP,TP,0.9784,0.9784,0.9784,0.9784,0.9784,True,True,True,True,True,True,True,True,5,0,0.9784,0.0,0.9784,0.9784
C:\TA\project-ta\data_spliting\test_set\malicious\1125.ps1,Original Malicious,malicious,malicious,malicious,malicious,malicious,malicious,TP,TP,TP,TP,TP,0.9931000000000001,0.9931000000000001,0.9931000000000001,0.9931000000000001,0.9931000000000001,True,True,True,True,True,True,True,True,5,0,0.9931000000000001,0.0,0.9931000000000001,0.9931000000000001
C:\TA\project-ta\data_spliting\test_set\malicious\1136.ps1,Original Malicious,malicious,malicious,malicious,malicious,malicious,malicious,TP,TP,TP,TP,TP,0.9972000000000001,0.9972000000000001,0.9972000000000001,0.9972000000000001,0.9972000000000001,True,True,True,True,True,True,True,True,5,0,0.9972000000000001,0.0,0.9972000000000001,0.9972000000000001
C:\TA\project-ta\data_spliting\test_set\malicious\1144.ps1,Original Malicious,malicious,malicious,malicious,malicious,malicious,malicious,TP,TP,TP,TP,TP,0.9972000000000001,0.9972000000000001,0.9972000000000001,0.9972000000000001,0.9972000000000001,True,True,True,True,True,True,True,True,5,0,0.9972000000000001,0.0,0.9972000000000001,0.9972000000000001
C:\TA\project-ta\data_spliting\test_set\malicious\1148.ps1,Original Malicious,malicious,malicious,malicious,malicious,malicious,malicious,TP,TP,TP,TP,TP,0.9972000000000001,0.9972000000000001,0.9972000000000001,0.9972000000000001,0.9972000000000001,True,True,True,True,True,True,True,True,5,0,0.9972000000000001,0.0,0.9972000000000001,0.9972000000000001
C:\TA\project-ta\data_spliting\test_set\malicious\1154.ps1,Original Malicious,malicious,malicious,malicious,malicious,malicious,malicious,TP,TP,TP,TP,TP,0.9972000000000001,0.9972000000000001,0.9972000000000001,0.9972000000000001,0.9972000000000001,True,True,True,True,True,True,True,True,5,0,0.9972000000000001,0.0,0.9972000000000001,0.9972000000000001
C:\TA\project-ta\data_spliting\test_set\malicious\1173.ps1,Original Malicious,malicious,malicious,malicious,malicious,malicious,malicious,TP,TP,TP,TP,TP,0.9784,0.9784,0.9784,0.9784,0.9784,True,True,True,True,True,True,True,True,5,0,0.9784,0.0,0.9784,0.9784
C:\TA\project-ta\data_spliting\test_set\malicious\1178.ps1,Original Malicious,malicious,malicious,malicious,malicious,malicious,malicious,TP,TP,TP,TP,TP,0.9972000000000001,0.9972000000000001,0.9972000000000001,0.9972000000000001,0.9972000000000001,True,True,True,True,True,True,True,True,5,0,0.9972000000000001,0.0,0.9972000000000001,0.9972000000000001
C:\TA\project-ta\data_spliting\test_set\malicious\1180.ps1,Original Malicious,malicious,malicious,malicious,malicious,malicious,malicious,TP,TP,TP,TP,TP,0.9972000000000001,0.9972000000000001,0.9972000000000001,0.9972000000000001,0.9972000000000001,True,True,True,True,True,True,True,True,5,0,0.9972000000000001,0.0,0.9972000000000001,0.9972000000000001
C:\TA\project-ta\data_spliting\test_set\malicious\1181.ps1,Original Malicious,malicious,malicious,malicious,malicious,malicious,malicious,TP,TP,TP,TP,TP,0.9972000000000001,0.9972000000000001,0.9972000000000001,0.9972000000000001,0.9972000000000001,True,True,True,True,True,True,True,True,5,0,0.9972000000000001,0.0,0.9972000000000001,0.9972000000000001
C:\TA\project-ta\data_spliting\test_set\malicious\1183.ps1,Original Malicious,malicious,malicious,malicious,malicious,malicious,malicious,TP,TP,TP,TP,TP,0.9876,0.9876,0.9876,0.9876,0.9876,True,True,True,True,True,True,True,True,5,0,0.9876000000000001,1.2412670766236366e-16,0.9876,0.9876
C:\TA\project-ta\data_spliting\test_set\malicious\1196.ps1,Original Malicious,malicious,malicious,malicious,malicious,malicious,malicious,TP,TP,TP,TP,TP,0.9972000000000001,0.9972000000000001,0.9972000000000001,0.9972000000000001,0.9972000000000001,True,True,True,True,True,True,True,True,5,0,0.9972000000000001,0.0,0.9972000000000001,0.9972000000000001
C:\TA\project-ta\data_spliting\test_set\malicious\1203.ps1,Original Malicious,malicious,malicious,malicious,malicious,malicious,malicious,TP,TP,TP,TP,TP,0.9972000000000001,0.9972000000000001,0.9972000000000001,0.9972000000000001,0.9972000000000001,True,True,True,True,True,True,True,True,5,0,0.9972000000000001,0.0,0.9972000000000001,0.9972000000000001
C:\TA\project-ta\data_spliting\test_set\malicious\1208.ps1,Original Malicious,malicious,malicious,malicious,malicious,malicious,malicious,TP,TP,TP,TP,TP,0.9723,0.9723,0.9723,0.9723,0.9723,True,True,True,True,True,True,True,True,5,0,0.9723,0.0,0.9723,0.9723
C:\TA\project-ta\data_spliting\test_set\malicious\1241.ps1,Original Malicious,malicious,malicious,malicious,malicious,malicious,malicious,TP,TP,TP,TP,TP,0.9972000000000001,0.9972000000000001,0.9972000000000001,0.9972000000000001,0.9972000000000001,True,True,True,True,True,True,True,True,5,0,0.9972000000000001,0.0,0.9972000000000001,0.9972000000000001
C:\TA\project-ta\data_spliting\test_set\malicious\1248.ps1,Original Malicious,malicious,malicious,malicious,malicious,malicious,malicious,TP,TP,TP,TP,TP,0.9972000000000001,0.9972000000000001,0.9972000000000001,0.9972000000000001,0.9972000000000001,True,True,True,True,True,True,True,True,5,0,0.9972000000000001,0.0,0.9972000000000001,0.9972000000000001
C:\TA\project-ta\data_spliting\test_set\malicious\1249.ps1,Original Malicious,malicious,malicious,malicious,malicious,malicious,malicious,TP,TP,TP,TP,TP,0.9972000000000001,0.9972000000000001,0.9972000000000001,0.9972000000000001,0.9972000000000001,True,True,True,True,True,True,True,True,5,0,0.9972000000000001,0.0,0.9972000000000001,0.9972000000000001
C:\TA\project-ta\data_spliting\test_set\malicious\128.ps1,Original Malicious,malicious,malicious,malicious,malicious,malicious,malicious,TP,TP,TP,TP,TP,0.9972000000000001,0.9972000000000001,0.9972000000000001,0.9972000000000001,0.9972000000000001,True,True,True,True,True,True,True,True,5,0,0.9972000000000001,0.0,0.9972000000000001,0.9972000000000001
C:\TA\project-ta\data_spliting\test_set\malicious\1282.ps1,Original Malicious,malicious,malicious,malicious,malicious,malicious,malicious,TP,TP,TP,TP,TP,0.9972000000000001,0.9972000000000001,0.9972000000000001,0.9972000000000001,0.9972000000000001,True,True,True,True,True,True,True,True,5,0,0.9972000000000001,0.0,0.9972000000000001,0.9972000000000001
C:\TA\project-ta\data_spliting\test_set\malicious\1283.ps1,Original Malicious,malicious,malicious,malicious,malicious,malicious,malicious,TP,TP,TP,TP,TP,0.9972000000000001,0.9972000000000001,0.9972000000000001,0.9972000000000001,0.9972000000000001,True,True,True,True,True,True,True,True,5,0,0.9972000000000001,0.0,0.9972000000000001,0.9972000000000001
C:\TA\project-ta\data_spliting\test_set\malicious\1286.ps1,Original Malicious,malicious,malicious,malicious,malicious,malicious,malicious,TP,TP,TP,TP,TP,0.9972000000000001,0.9972000000000001,0.9972000000000001,0.9972000000000001,0.9972000000000001,True,True,True,True,True,True,True,True,5,0,0.9972000000000001,0.0,0.9972000000000001,0.9972000000000001
C:\TA\project-ta\data_spliting\test_set\malicious\1296.ps1,Original Malicious,malicious,malicious,malicious,malicious,malicious,malicious,TP,TP,TP,TP,TP,0.9972000000000001,0.9972000000000001,0.9972000000000001,0.9972000000000001,0.9972000000000001,True,True,True,True,True,True,True,True,5,0,0.9972000000000001,0.0,0.9972000000000001,0.9972000000000001
C:\TA\project-ta\data_spliting\test_set\malicious\1299.ps1,Original Malicious,malicious,malicious,malicious,malicious,malicious,malicious,TP,TP,TP,TP,TP,0.9972000000000001,0.9972000000000001,0.9972000000000001,0.9972000000000001,0.9972000000000001,True,True,True,True,True,True,True,True,5,0,0.9972000000000001,0.0,0.9972000000000001,0.9972000000000001
C:\TA\project-ta\data_spliting\test_set\malicious\13.ps1,Original Malicious,malicious,malicious,malicious,malicious,malicious,malicious,TP,TP,TP,TP,TP,0.9972000000000001,0.9972000000000001,0.9972000000000001,0.9972000000000001,0.9972000000000001,True,True,True,True,True,True,True,True,5,0,0.9972000000000001,0.0,0.9972000000000001,0.9972000000000001
C:\TA\project-ta\data_spliting\test_set\malicious\1305.ps1,Original Malicious,malicious,malicious,malicious,malicious,malicious,malicious,TP,TP,TP,TP,TP,0.9972000000000001,0.9972000000000001,0.9972000000000001,0.9972000000000001,0.9972000000000001,True,True,True,True,True,True,True,True,5,0,0.9972000000000001,0.0,0.9972000000000001,0.9972000000000001
C:\TA\project-ta\data_spliting\test_set\malicious\1340.ps1,Original Malicious,malicious,malicious,malicious,malicious,malicious,malicious,TP,TP,TP,TP,TP,0.9972000000000001,0.9972000000000001,0.9972000000000001,0.9972000000000001,0.9972000000000001,True,True,True,True,True,True,True,True,5,0,0.9972000000000001,0.0,0.9972000000000001,0.9972000000000001
C:\TA\project-ta\data_spliting\test_set\malicious\1348.ps1,Original Malicious,malicious,malicious,malicious,malicious,malicious,malicious,TP,TP,TP,TP,TP,0.9972000000000001,0.9972000000000001,0.9972000000000001,0.9972000000000001,0.9972000000000001,True,True,True,True,True,True,True,True,5,0,0.9972000000000001,0.0,0.9972000000000001,0.9972000000000001
C:\TA\project-ta\data_spliting\test_set\malicious\1354.ps1,Original Malicious,malicious,malicious,malicious,malicious,malicious,malicious,TP,TP,TP,TP,TP,0.9972000000000001,0.9972000000000001,0.9972000000000001,0.9972000000000001,0.9972000000000001,True,True,True,True,True,True,True,True,5,0,0.9972000000000001,0.0,0.9972000000000001,0.9972000000000001
C:\TA\project-ta\data_spliting\test_set\malicious\136.ps1,Original Malicious,malicious,malicious,malicious,malicious,malicious,malicious,TP,TP,TP,TP,TP,0.9972000000000001,0.9972000000000001,0.9972000000000001,0.9972000000000001,0.9972000000000001,True,True,True,True,True,True,True,True,5,0,0.9972000000000001,0.0,0.9972000000000001,0.9972000000000001
C:\TA\project-ta\data_spliting\test_set\malicious\1362.ps1,Original Malicious,malicious,benign,benign,benign,benign,benign,FN,FN,FN,FN,FN,0.29760000000000003,0.29760000000000003,0.29760000000000003,0.29760000000000003,0.29760000000000003,True,True,True,True,True,True,True,True,0,5,0.29760000000000003,0.0,0.29760000000000003,0.29760000000000003
C:\TA\project-ta\data_spliting\test_set\malicious\1376.ps1,Original Malicious,malicious,malicious,malicious,malicious,malicious,malicious,TP,TP,TP,TP,TP,0.9907,0.9907,0.9907,0.9907,0.9907,True,True,True,True,True,True,True,True,5,0,0.9907,0.0,0.9907,0.9907
C:\TA\project-ta\data_spliting\test_set\malicious\1391.ps1,Original Malicious,malicious,malicious,malicious,malicious,malicious,malicious,TP,TP,TP,TP,TP,0.9972000000000001,0.9972000000000001,0.9972000000000001,0.9972000000000001,0.9972000000000001,True,True,True,True,True,True,True,True,5,0,0.9972000000000001,0.0,0.9972000000000001,0.9972000000000001
C:\TA\project-ta\data_spliting\test_set\malicious\1395.ps1,Original Malicious,malicious,malicious,malicious,malicious,malicious,malicious,TP,TP,TP,TP,TP,0.9972000000000001,0.9972000000000001,0.9972000000000001,0.9972000000000001,0.9972000000000001,True,True,True,True,True,True,True,True,5,0,0.9972000000000001,0.0,0.9972000000000001,0.9972000000000001
C:\TA\project-ta\data_spliting\test_set\malicious\14.ps1,Original Malicious,malicious,malicious,malicious,malicious,malicious,malicious,TP,TP,TP,TP,TP,0.9972000000000001,0.9972000000000001,0.9972000000000001,0.9972000000000001,0.9972000000000001,True,True,True,True,True,True,True,True,5,0,0.9972000000000001,0.0,0.9972000000000001,0.9972000000000001
C:\TA\project-ta\data_spliting\test_set\malicious\140.ps1,Original Malicious,malicious,malicious,malicious,malicious,malicious,malicious,TP,TP,TP,TP,TP,0.9972000000000001,0.9972000000000001,0.9972000000000001,0.9972000000000001,0.9972000000000001,True,True,True,True,True,True,True,True,5,0,0.9972000000000001,0.0,0.9972000000000001,0.9972000000000001
C:\TA\project-ta\data_spliting\test_set\malicious\1421.ps1,Original Malicious,malicious,malicious,malicious,malicious,malicious,malicious,TP,TP,TP,TP,TP,0.9972000000000001,0.9972000000000001,0.9972000000000001,0.9972000000000001,0.9972000000000001,True,True,True,True,True,True,True,True,5,0,0.9972000000000001,0.0,0.9972000000000001,0.9972000000000001
C:\TA\project-ta\data_spliting\test_set\malicious\1429.ps1,Original Malicious,malicious,malicious,malicious,malicious,malicious,malicious,TP,TP,TP,TP,TP,0.9972000000000001,0.9972000000000001,0.9972000000000001,0.9972000000000001,0.9972000000000001,True,True,True,True,True,True,True,True,5,0,0.9972000000000001,0.0,0.9972000000000001,0.9972000000000001
C:\TA\project-ta\data_spliting\test_set\malicious\144.ps1,Original Malicious,malicious,malicious,malicious,malicious,malicious,malicious,TP,TP,TP,TP,TP,0.9972000000000001,0.9972000000000001,0.9972000000000001,0.9972000000000001,0.9972000000000001,True,True,True,True,True,True,True,True,5,0,0.9972000000000001,0.0,0.9972000000000001,0.9972000000000001
C:\TA\project-ta\data_spliting\test_set\malicious\1440.ps1,Original Malicious,malicious,malicious,malicious,malicious,malicious,malicious,TP,TP,TP,TP,TP,0.9972000000000001,0.9972000000000001,0.9972000000000001,0.9972000000000001,0.9972000000000001,True,True,True,True,True,True,True,True,5,0,0.9972000000000001,0.0,0.9972000000000001,0.9972000000000001
C:\TA\project-ta\data_spliting\test_set\malicious\1451.ps1,Original Malicious,malicious,malicious,malicious,malicious,malicious,malicious,TP,TP,TP,TP,TP,0.9972000000000001,0.9972000000000001,0.9972000000000001,0.9972000000000001,0.9972000000000001,True,True,True,True,True,True,True,True,5,0,0.9972000000000001,0.0,0.9972000000000001,0.9972000000000001
C:\TA\project-ta\data_spliting\test_set\malicious\1461.ps1,Original Malicious,malicious,malicious,malicious,malicious,malicious,malicious,TP,TP,TP,TP,TP,0.9972000000000001,0.9972000000000001,0.9972000000000001,0.9972000000000001,0.9972000000000001,True,True,True,True,True,True,True,True,5,0,0.9972000000000001,0.0,0.9972000000000001,0.9972000000000001
C:\TA\project-ta\data_spliting\test_set\malicious\1463.ps1,Original Malicious,malicious,malicious,malicious,malicious,malicious,malicious,TP,TP,TP,TP,TP,0.9972000000000001,0.9972000000000001,0.9972000000000001,0.9972000000000001,0.9972000000000001,True,True,True,True,True,True,True,True,5,0,0.9972000000000001,0.0,0.9972000000000001,0.9972000000000001
C:\TA\project-ta\data_spliting\test_set\malicious\1468.ps1,Original Malicious,malicious,malicious,malicious,malicious,malicious,malicious,TP,TP,TP,TP,TP,0.9972000000000001,0.9972000000000001,0.9972000000000001,0.9972000000000001,0.9972000000000001,True,True,True,True,True,True,True,True,5,0,0.9972000000000001,0.0,0.9972000000000001,0.9972000000000001
C:\TA\project-ta\data_spliting\test_set\malicious\1472.ps1,Original Malicious,malicious,malicious,malicious,malicious,malicious,malicious,TP,TP,TP,TP,TP,0.9972000000000001,0.9972000000000001,0.9972000000000001,0.9972000000000001,0.9972000000000001,True,True,True,True,True,True,True,True,5,0,0.9972000000000001,0.0,0.9972000000000001,0.9972000000000001
C:\TA\project-ta\data_spliting\test_set\malicious\1474.ps1,Original Malicious,malicious,malicious,malicious,malicious,malicious,malicious,TP,TP,TP,TP,TP,0.9972000000000001,0.9972000000000001,0.9972000000000001,0.9972000000000001,0.9972000000000001,True,True,True,True,True,True,True,True,5,0,0.9972000000000001,0.0,0.9972000000000001,0.9972000000000001
C:\TA\project-ta\data_spliting\test_set\malicious\1477.ps1,Original Malicious,malicious,malicious,malicious,malicious,malicious,malicious,TP,TP,TP,TP,TP,0.9972000000000001,0.9972000000000001,0.9972000000000001,0.9972000000000001,0.9972000000000001,True,True,True,True,True,True,True,True,5,0,0.9972000000000001,0.0,0.9972000000000001,0.9972000000000001
C:\TA\project-ta\data_spliting\test_set\malicious\1484.ps1,Original Malicious,malicious,malicious,malicious,malicious,malicious,malicious,TP,TP,TP,TP,TP,0.9556,0.9556,0.9556,0.9556,0.9556,True,True,True,True,True,True,True,True,5,0,0.9556000000000001,1.2412670766236366e-16,0.9556,0.9556
C:\TA\project-ta\data_spliting\test_set\malicious\1486.ps1,Original Malicious,malicious,malicious,malicious,malicious,malicious,malicious,TP,TP,TP,TP,TP,0.9972000000000001,0.9972000000000001,0.9972000000000001,0.9972000000000001,0.9972000000000001,True,True,True,True,True,True,True,True,5,0,0.9972000000000001,0.0,0.9972000000000001,0.9972000000000001
C:\TA\project-ta\data_spliting\test_set\malicious\1493.ps1,Original Malicious,malicious,malicious,malicious,malicious,malicious,malicious,TP,TP,TP,TP,TP,0.9972000000000001,0.9972000000000001,0.9972000000000001,0.9972000000000001,0.9972000000000001,True,True,True,True,True,True,True,True,5,0,0.9972000000000001,0.0,0.9972000000000001,0.9972000000000001
C:\TA\project-ta\data_spliting\test_set\malicious\1513.ps1,Original Malicious,malicious,malicious,malicious,malicious,malicious,malicious,TP,TP,TP,TP,TP,0.9972000000000001,0.9972000000000001,0.9972000000000001,0.9972000000000001,0.9972000000000001,True,True,True,True,True,True,True,True,5,0,0.9972000000000001,0.0,0.9972000000000001,0.9972000000000001
C:\TA\project-ta\data_spliting\test_set\malicious\1514.ps1,Original Malicious,malicious,malicious,malicious,malicious,malicious,malicious,TP,TP,TP,TP,TP,0.9972000000000001,0.9972000000000001,0.9972000000000001,0.9972000000000001,0.9972000000000001,True,True,True,True,True,True,True,True,5,0,0.9972000000000001,0.0,0.9972000000000001,0.9972000000000001
C:\TA\project-ta\data_spliting\test_set\malicious\1524.ps1,Original Malicious,malicious,malicious,malicious,malicious,malicious,malicious,TP,TP,TP,TP,TP,0.9972000000000001,0.9972000000000001,0.9972000000000001,0.9972000000000001,0.9972000000000001,True,True,True,True,True,True,True,True,5,0,0.9972000000000001,0.0,0.9972000000000001,0.9972000000000001
C:\TA\project-ta\data_spliting\test_set\malicious\1530.ps1,Original Malicious,malicious,malicious,malicious,malicious,malicious,malicious,TP,TP,TP,TP,TP,0.9972000000000001,0.9972000000000001,0.9972000000000001,0.9972000000000001,0.9972000000000001,True,True,True,True,True,True,True,True,5,0,0.9972000000000001,0.0,0.9972000000000001,0.9972000000000001
C:\TA\project-ta\data_spliting\test_set\malicious\1532.ps1,Original Malicious,malicious,malicious,malicious,malicious,malicious,malicious,TP,TP,TP,TP,TP,0.9972000000000001,0.9972000000000001,0.9972000000000001,0.9972000000000001,0.9972000000000001,True,True,True,True,True,True,True,True,5,0,0.9972000000000001,0.0,0.9972000000000001,0.9972000000000001
C:\TA\project-ta\data_spliting\test_set\malicious\1579.ps1,Original Malicious,malicious,malicious,malicious,malicious,malicious,malicious,TP,TP,TP,TP,TP,0.9784,0.9784,0.9784,0.9784,0.9784,True,True,True,True,True,True,True,True,5,0,0.9784,0.0,0.9784,0.9784
C:\TA\project-ta\data_spliting\test_set\malicious\1585.ps1,Original Malicious,malicious,malicious,malicious,malicious,malicious,malicious,TP,TP,TP,TP,TP,0.9876,0.9876,0.9876,0.9876,0.9876,True,True,True,True,True,True,True,True,5,0,0.9876000000000001,1.2412670766236366e-16,0.9876,0.9876
C:\TA\project-ta\data_spliting\test_set\malicious\1588.ps1,Original Malicious,malicious,malicious,malicious,malicious,malicious,malicious,TP,TP,TP,TP,TP,0.9972000000000001,0.9972000000000001,0.9972000000000001,0.9972000000000001,0.9972000000000001,True,True,True,True,True,True,True,True,5,0,0.9972000000000001,0.0,0.9972000000000001,0.9972000000000001
C:\TA\project-ta\data_spliting\test_set\malicious\1590.ps1,Original Malicious,malicious,malicious,malicious,malicious,malicious,malicious,TP,TP,TP,TP,TP,0.9972000000000001,0.9972000000000001,0.9972000000000001,0.9972000000000001,0.9972000000000001,True,True,True,True,True,True,True,True,5,0,0.9972000000000001,0.0,0.9972000000000001,0.9972000000000001
C:\TA\project-ta\data_spliting\test_set\malicious\1602.ps1,Original Malicious,malicious,malicious,malicious,malicious,malicious,malicious,TP,TP,TP,TP,TP,0.9972000000000001,0.9972000000000001,0.9972000000000001,0.9972000000000001,0.9972000000000001,True,True,True,True,True,True,True,True,5,0,0.9972000000000001,0.0,0.9972000000000001,0.9972000000000001
C:\TA\project-ta\data_spliting\test_set\malicious\1604.ps1,Original Malicious,malicious,benign,benign,benign,benign,benign,FN,FN,FN,FN,FN,0.25220000000000004,0.25220000000000004,0.25220000000000004,0.25220000000000004,0.25220000000000004,True,True,True,True,True,True,True,True,0,5,0.25220000000000004,0.0,0.25220000000000004,0.25220000000000004
C:\TA\project-ta\data_spliting\test_set\malicious\1614.ps1,Original Malicious,malicious,malicious,malicious,malicious,malicious,malicious,TP,TP,TP,TP,TP,0.9876,0.9876,0.9876,0.9876,0.9876,True,True,True,True,True,True,True,True,5,0,0.9876000000000001,1.2412670766236366e-16,0.9876,0.9876
C:\TA\project-ta\data_spliting\test_set\malicious\1619.ps1,Original Malicious,malicious,malicious,malicious,malicious,malicious,malicious,TP,TP,TP,TP,TP,0.9784,0.9784,0.9784,0.9784,0.9784,True,True,True,True,True,True,True,True,5,0,0.9784,0.0,0.9784,0.9784
C:\TA\project-ta\data_spliting\test_set\malicious\1666.ps1,Original Malicious,malicious,malicious,malicious,malicious,malicious,malicious,TP,TP,TP,TP,TP,0.9972000000000001,0.9972000000000001,0.9972000000000001,0.9972000000000001,0.9972000000000001,True,True,True,True,True,True,True,True,5,0,0.9972000000000001,0.0,0.9972000000000001,0.9972000000000001
C:\TA\project-ta\data_spliting\test_set\malicious\1671.ps1,Original Malicious,malicious,malicious,malicious,malicious,malicious,malicious,TP,TP,TP,TP,TP,0.9972000000000001,0.9972000000000001,0.9972000000000001,0.9972000000000001,0.9972000000000001,True,True,True,True,True,True,True,True,5,0,0.9972000000000001,0.0,0.9972000000000001,0.9972000000000001
C:\TA\project-ta\data_spliting\test_set\malicious\1672.ps1,Original Malicious,malicious,malicious,malicious,malicious,malicious,malicious,TP,TP,TP,TP,TP,0.9972000000000001,0.9972000000000001,0.9972000000000001,0.9972000000000001,0.9972000000000001,True,True,True,True,True,True,True,True,5,0,0.9972000000000001,0.0,0.9972000000000001,0.9972000000000001
C:\TA\project-ta\data_spliting\test_set\malicious\1678.ps1,Original Malicious,malicious,malicious,malicious,malicious,malicious,malicious,TP,TP,TP,TP,TP,0.9972000000000001,0.9972000000000001,0.9972000000000001,0.9972000000000001,0.9972000000000001,True,True,True,True,True,True,True,True,5,0,0.9972000000000001,0.0,0.9972000000000001,0.9972000000000001
C:\TA\project-ta\data_spliting\test_set\malicious\1681.ps1,Original Malicious,malicious,malicious,malicious,malicious,malicious,malicious,TP,TP,TP,TP,TP,0.9972000000000001,0.9972000000000001,0.9972000000000001,0.9972000000000001,0.9972000000000001,True,True,True,True,True,True,True,True,5,0,0.9972000000000001,0.0,0.9972000000000001,0.9972000000000001
C:\TA\project-ta\data_spliting\test_set\malicious\1690.ps1,Original Malicious,malicious,malicious,malicious,malicious,malicious,malicious,TP,TP,TP,TP,TP,0.9972000000000001,0.9972000000000001,0.9972000000000001,0.9972000000000001,0.9972000000000001,True,True,True,True,True,True,True,True,5,0,0.9972000000000001,0.0,0.9972000000000001,0.9972000000000001
C:\TA\project-ta\data_spliting\test_set\malicious\1707.ps1,Original Malicious,malicious,malicious,malicious,malicious,malicious,malicious,TP,TP,TP,TP,TP,0.9972000000000001,0.9972000000000001,0.9972000000000001,0.9972000000000001,0.9972000000000001,True,True,True,True,True,True,True,True,5,0,0.9972000000000001,0.0,0.9972000000000001,0.9972000000000001
C:\TA\project-ta\data_spliting\test_set\malicious\1727.ps1,Original Malicious,malicious,malicious,malicious,malicious,malicious,malicious,TP,TP,TP,TP,TP,0.9931000000000001,0.9931000000000001,0.9931000000000001,0.9931000000000001,0.9931000000000001,True,True,True,True,True,True,True,True,5,0,0.9931000000000001,0.0,0.9931000000000001,0.9931000000000001
C:\TA\project-ta\data_spliting\test_set\malicious\1730.ps1,Original Malicious,malicious,malicious,malicious,malicious,malicious,malicious,TP,TP,TP,TP,TP,0.9972000000000001,0.9972000000000001,0.9972000000000001,0.9972000000000001,0.9972000000000001,True,True,True,True,True,True,True,True,5,0,0.9972000000000001,0.0,0.9972000000000001,0.9972000000000001
C:\TA\project-ta\data_spliting\test_set\malicious\1733.ps1,Original Malicious,malicious,malicious,malicious,malicious,malicious,malicious,TP,TP,TP,TP,TP,0.9972000000000001,0.9972000000000001,0.9972000000000001,0.9972000000000001,0.9972000000000001,True,True,True,True,True,True,True,True,5,0,0.9972000000000001,0.0,0.9972000000000001,0.9972000000000001
C:\TA\project-ta\data_spliting\test_set\malicious\174.ps1,Original Malicious,malicious,malicious,malicious,malicious,malicious,malicious,TP,TP,TP,TP,TP,0.9972000000000001,0.9972000000000001,0.9972000000000001,0.9972000000000001,0.9972000000000001,True,True,True,True,True,True,True,True,5,0,0.9972000000000001,0.0,0.9972000000000001,0.9972000000000001
C:\TA\project-ta\data_spliting\test_set\malicious\1741.ps1,Original Malicious,malicious,malicious,malicious,malicious,malicious,malicious,TP,TP,TP,TP,TP,0.9972000000000001,0.9972000000000001,0.9972000000000001,0.9972000000000001,0.9972000000000001,True,True,True,True,True,True,True,True,5,0,0.9972000000000001,0.0,0.9972000000000001,0.9972000000000001
C:\TA\project-ta\data_spliting\test_set\malicious\1754.ps1,Original Malicious,malicious,malicious,malicious,malicious,malicious,malicious,TP,TP,TP,TP,TP,0.9972000000000001,0.9972000000000001,0.9972000000000001,0.9972000000000001,0.9972000000000001,True,True,True,True,True,True,True,True,5,0,0.9972000000000001,0.0,0.9972000000000001,0.9972000000000001
C:\TA\project-ta\data_spliting\test_set\malicious\1764.ps1,Original Malicious,malicious,malicious,malicious,malicious,malicious,malicious,TP,TP,TP,TP,TP,0.9876,0.9876,0.9876,0.9876,0.9876,True,True,True,True,True,True,True,True,5,0,0.9876000000000001,1.2412670766236366e-16,0.9876,0.9876
C:\TA\project-ta\data_spliting\test_set\malicious\1810.ps1,Original Malicious,malicious,malicious,malicious,malicious,malicious,malicious,TP,TP,TP,TP,TP,0.9972000000000001,0.9972000000000001,0.9972000000000001,0.9972000000000001,0.9972000000000001,True,True,True,True,True,True,True,True,5,0,0.9972000000000001,0.0,0.9972000000000001,0.9972000000000001
C:\TA\project-ta\data_spliting\test_set\malicious\1811.ps1,Original Malicious,malicious,malicious,malicious,malicious,malicious,malicious,TP,TP,TP,TP,TP,0.9733,0.9733,0.9733,0.9733,0.9733,True,True,True,True,True,True,True,True,5,0,0.9733,0.0,0.9733,0.9733
C:\TA\project-ta\data_spliting\test_set\malicious\1822.ps1,Original Malicious,malicious,malicious,malicious,malicious,malicious,malicious,TP,TP,TP,TP,TP,0.9972000000000001,0.9972000000000001,0.9972000000000001,0.9972000000000001,0.9972000000000001,True,True,True,True,True,True,True,True,5,0,0.9972000000000001,0.0,0.9972000000000001,0.9972000000000001
C:\TA\project-ta\data_spliting\test_set\malicious\1827.ps1,Original Malicious,malicious,malicious,malicious,malicious,malicious,malicious,TP,TP,TP,TP,TP,0.9972000000000001,0.9972000000000001,0.9972000000000001,0.9972000000000001,0.9972000000000001,True,True,True,True,True,True,True,True,5,0,0.9972000000000001,0.0,0.9972000000000001,0.9972000000000001
C:\TA\project-ta\data_spliting\test_set\malicious\183.ps1,Original Malicious,malicious,malicious,malicious,malicious,malicious,malicious,TP,TP,TP,TP,TP,0.9972000000000001,0.9972000000000001,0.9972000000000001,0.9972000000000001,0.9972000000000001,True,True,True,True,True,True,True,True,5,0,0.9972000000000001,0.0,0.9972000000000001,0.9972000000000001
C:\TA\project-ta\data_spliting\test_set_obf\ASCII_Encoding\malicious\1012.ps1,ASCII Encoding,malicious,malicious,malicious,malicious,malicious,malicious,TP,TP,TP,TP,TP,0.9927,0.9927,0.9927,0.9927,0.9927,True,True,True,True,True,True,True,True,5,0,0.9926999999999999,1.2412670766236366e-16,0.9927,0.9927
C:\TA\project-ta\data_spliting\test_set_obf\ASCII_Encoding\malicious\1014.ps1,ASCII Encoding,malicious,malicious,malicious,malicious,malicious,malicious,TP,TP,TP,TP,TP,0.9919,0.9919,0.9919,0.9919,0.9919,True,True,True,True,True,True,True,True,5,0,0.9919,0.0,0.9919,0.9919
C:\TA\project-ta\data_spliting\test_set_obf\ASCII_Encoding\malicious\1016.ps1,ASCII Encoding,malicious,malicious,malicious,malicious,malicious,malicious,TP,TP,TP,TP,TP,0.9645,0.9645,0.9645,0.9645,0.9645,True,True,True,True,True,True,True,True,5,0,0.9644999999999999,1.2412670766236366e-16,0.9645,0.9645
C:\TA\project-ta\data_spliting\test_set_obf\ASCII_Encoding\malicious\102.ps1,ASCII Encoding,malicious,malicious,malicious,malicious,malicious,malicious,TP,TP,TP,TP,TP,0.9851000000000001,0.9851000000000001,0.9851000000000001,0.9851000000000001,0.9851000000000001,True,True,True,True,True,True,True,True,5,0,0.9851000000000001,0.0,0.9851000000000001,0.9851000000000001
C:\TA\project-ta\data_spliting\test_set_obf\ASCII_Encoding\malicious\1039.ps1,ASCII Encoding,malicious,malicious,malicious,malicious,malicious,malicious,TP,TP,TP,TP,TP,0.9927,0.9927,0.9927,0.9927,0.9927,True,True,True,True,True,True,True,True,5,0,0.9926999999999999,1.2412670766236366e-16,0.9927,0.9927
C:\TA\project-ta\data_spliting\test_set_obf\ASCII_Encoding\malicious\1043.ps1,ASCII Encoding,malicious,malicious,malicious,malicious,malicious,malicious,TP,TP,TP,TP,TP,0.9927,0.9927,0.9927,0.9927,0.9927,True,True,True,True,True,True,True,True,5,0,0.9926999999999999,1.2412670766236366e-16,0.9927,0.9927
C:\TA\project-ta\data_spliting\test_set_obf\ASCII_Encoding\malicious\1047.ps1,ASCII Encoding,malicious,malicious,malicious,malicious,malicious,malicious,TP,TP,TP,TP,TP,0.98,0.98,0.98,0.98,0.98,True,True,True,True,True,True,True,True,5,0,0.9800000000000001,1.2412670766236366e-16,0.98,0.98
C:\TA\project-ta\data_spliting\test_set_obf\ASCII_Encoding\malicious\1054.ps1,ASCII Encoding,malicious,malicious,malicious,malicious,malicious,malicious,TP,TP,TP,TP,TP,0.9878,0.9878,0.9878,0.9878,0.9878,True,True,True,True,True,True,True,True,5,0,0.9878,0.0,0.9878,0.9878
C:\TA\project-ta\data_spliting\test_set_obf\ASCII_Encoding\malicious\1060.ps1,ASCII Encoding,malicious,malicious,malicious,malicious,malicious,malicious,TP,TP,TP,TP,TP,0.9846,0.9846,0.9846,0.9846,0.9846,True,True,True,True,True,True,True,True,5,0,0.9846,0.0,0.9846,0.9846
C:\TA\project-ta\data_spliting\test_set_obf\ASCII_Encoding\malicious\1064.ps1,ASCII Encoding,malicious,malicious,malicious,malicious,malicious,malicious,TP,TP,TP,TP,TP,0.9927,0.9927,0.9927,0.9927,0.9927,True,True,True,True,True,True,True,True,5,0,0.9926999999999999,1.2412670766236366e-16,0.9927,0.9927
C:\TA\project-ta\data_spliting\test_set_obf\ASCII_Encoding\malicious\1069.ps1,ASCII Encoding,malicious,malicious,malicious,malicious,malicious,malicious,TP,TP,TP,TP,TP,0.8894000000000001,0.8894000000000001,0.8894000000000001,0.8894000000000001,0.8894000000000001,True,True,True,True,True,True,True,True,5,0,0.8894,1.2412670766236366e-16,0.8894000000000001,0.8894000000000001
C:\TA\project-ta\data_spliting\test_set_obf\ASCII_Encoding\malicious\1083.ps1,ASCII Encoding,malicious,malicious,malicious,malicious,malicious,malicious,TP,TP,TP,TP,TP,0.9826,0.9826,0.9826,0.9826,0.9826,True,True,True,True,True,True,True,True,5,0,0.9826,0.0,0.9826,0.9826
C:\TA\project-ta\data_spliting\test_set_obf\ASCII_Encoding\malicious\1086.ps1,ASCII Encoding,malicious,malicious,malicious,malicious,malicious,malicious,TP,TP,TP,TP,TP,0.9818,0.9818,0.9818,0.9818,0.9818,True,True,True,True,True,True,True,True,5,0,0.9818,0.0,0.9818,0.9818
C:\TA\project-ta\data_spliting\test_set_obf\ASCII_Encoding\malicious\1089.ps1,ASCII Encoding,malicious,malicious,malicious,malicious,malicious,malicious,TP,TP,TP,TP,TP,0.902,0.902,0.902,0.902,0.902,True,True,True,True,True,True,True,True,5,0,0.9019999999999999,1.2412670766236366e-16,0.902,0.902
C:\TA\project-ta\data_spliting\test_set_obf\ASCII_Encoding\malicious\1113.ps1,ASCII Encoding,malicious,malicious,malicious,malicious,malicious,malicious,TP,TP,TP,TP,TP,0.9874,0.9874,0.9874,0.9874,0.9874,True,True,True,True,True,True,True,True,5,0,0.9874,0.0,0.9874,0.9874
C:\TA\project-ta\data_spliting\test_set_obf\ASCII_Encoding\malicious\1115.ps1,ASCII Encoding,malicious,malicious,malicious,malicious,malicious,malicious,TP,TP,TP,TP,TP,0.9919,0.9919,0.9919,0.9919,0.9919,True,True,True,True,True,True,True,True,5,0,0.9919,0.0,0.9919,0.9919
C:\TA\project-ta\data_spliting\test_set_obf\ASCII_Encoding\malicious\112.ps1,ASCII Encoding,malicious,malicious,malicious,malicious,malicious,malicious,TP,TP,TP,TP,TP,0.9821000000000001,0.9821000000000001,0.9821000000000001,0.9821000000000001,0.9821000000000001,True,True,True,True,True,True,True,True,5,0,0.9821000000000002,1.2412670766236366e-16,0.9821000000000001,0.9821000000000001
C:\TA\project-ta\data_spliting\test_set_obf\ASCII_Encoding\malicious\1125.ps1,ASCII Encoding,malicious,malicious,malicious,malicious,malicious,malicious,TP,TP,TP,TP,TP,0.99,0.99,0.99,0.99,0.99,True,True,True,True,True,True,True,True,5,0,0.99,0.0,0.99,0.99
C:\TA\project-ta\data_spliting\test_set_obf\ASCII_Encoding\malicious\1136.ps1,ASCII Encoding,malicious,malicious,malicious,malicious,malicious,malicious,TP,TP,TP,TP,TP,0.9862000000000001,0.9862000000000001,0.9862000000000001,0.9862000000000001,0.9862000000000001,True,True,True,True,True,True,True,True,5,0,0.9862,1.2412670766236366e-16,0.9862000000000001,0.9862000000000001
C:\TA\project-ta\data_spliting\test_set_obf\ASCII_Encoding\malicious\1144.ps1,ASCII Encoding,malicious,malicious,malicious,malicious,malicious,malicious,TP,TP,TP,TP,TP,0.9878,0.9878,0.9878,0.9878,0.9878,True,True,True,True,True,True,True,True,5,0,0.9878,0.0,0.9878,0.9878
C:\TA\project-ta\data_spliting\test_set_obf\ASCII_Encoding\malicious\1148.ps1,ASCII Encoding,malicious,malicious,malicious,malicious,malicious,malicious,TP,TP,TP,TP,TP,0.9874,0.9874,0.9874,0.9874,0.9874,True,True,True,True,True,True,True,True,5,0,0.9874,0.0,0.9874,0.9874
C:\TA\project-ta\data_spliting\test_set_obf\ASCII_Encoding\malicious\1154.ps1,ASCII Encoding,malicious,malicious,malicious,malicious,malicious,malicious,TP,TP,TP,TP,TP,0.9797,0.9797,0.9797,0.9797,0.9797,True,True,True,True,True,True,True,True,5,0,0.9797,0.0,0.9797,0.9797
C:\TA\project-ta\data_spliting\test_set_obf\ASCII_Encoding\malicious\1173.ps1,ASCII Encoding,malicious,malicious,malicious,malicious,malicious,malicious,TP,TP,TP,TP,TP,0.9919,0.9919,0.9919,0.9919,0.9919,True,True,True,True,True,True,True,True,5,0,0.9919,0.0,0.9919,0.9919
C:\TA\project-ta\data_spliting\test_set_obf\ASCII_Encoding\malicious\1178.ps1,ASCII Encoding,malicious,malicious,malicious,malicious,malicious,malicious,TP,TP,TP,TP,TP,0.988,0.988,0.988,0.988,0.988,True,True,True,True,True,True,True,True,5,0,0.9879999999999999,1.2412670766236366e-16,0.988,0.988
C:\TA\project-ta\data_spliting\test_set_obf\ASCII_Encoding\malicious\1180.ps1,ASCII Encoding,malicious,malicious,malicious,malicious,malicious,malicious,TP,TP,TP,TP,TP,0.9776,0.9776,0.9776,0.9776,0.9776,True,True,True,True,True,True,True,True,5,0,0.9776,0.0,0.9776,0.9776
C:\TA\project-ta\data_spliting\test_set_obf\ASCII_Encoding\malicious\1181.ps1,ASCII Encoding,malicious,malicious,malicious,malicious,malicious,malicious,TP,TP,TP,TP,TP,0.9744,0.9744,0.9744,0.9744,0.9744,True,True,True,True,True,True,True,True,5,0,0.9743999999999999,1.2412670766236366e-16,0.9744,0.9744
C:\TA\project-ta\data_spliting\test_set_obf\ASCII_Encoding\malicious\1183.ps1,ASCII Encoding,malicious,malicious,malicious,malicious,malicious,malicious,TP,TP,TP,TP,TP,0.9826,0.9826,0.9826,0.9826,0.9826,True,True,True,True,True,True,True,True,5,0,0.9826,0.0,0.9826,0.9826
C:\TA\project-ta\data_spliting\test_set_obf\ASCII_Encoding\malicious\1196.ps1,ASCII Encoding,malicious,malicious,malicious,malicious,malicious,malicious,TP,TP,TP,TP,TP,0.9602,0.9602,0.9602,0.9602,0.9602,True,True,True,True,True,True,True,True,5,0,0.9602,0.0,0.9602,0.9602
C:\TA\project-ta\data_spliting\test_set_obf\ASCII_Encoding\malicious\1203.ps1,ASCII Encoding,malicious,malicious,malicious,malicious,malicious,malicious,TP,TP,TP,TP,TP,0.987,0.987,0.987,0.987,0.987,True,True,True,True,True,True,True,True,5,0,0.9869999999999999,1.2412670766236366e-16,0.987,0.987
C:\TA\project-ta\data_spliting\test_set_obf\ASCII_Encoding\malicious\1208.ps1,ASCII Encoding,malicious,malicious,malicious,malicious,malicious,malicious,TP,TP,TP,TP,TP,0.9695,0.9695,0.9695,0.9695,0.9695,True,True,True,True,True,True,True,True,5,0,0.9695,0.0,0.9695,0.9695
C:\TA\project-ta\data_spliting\test_set_obf\ASCII_Encoding\malicious\1241.ps1,ASCII Encoding,malicious,malicious,malicious,malicious,malicious,malicious,TP,TP,TP,TP,TP,0.9893000000000001,0.9893000000000001,0.9893000000000001,0.9893000000000001,0.9893000000000001,True,True,True,True,True,True,True,True,5,0,0.9893000000000001,0.0,0.9893000000000001,0.9893000000000001
C:\TA\project-ta\data_spliting\test_set_obf\ASCII_Encoding\malicious\1248.ps1,ASCII Encoding,malicious,malicious,malicious,malicious,malicious,malicious,TP,TP,TP,TP,TP,0.9878,0.9878,0.9878,0.9878,0.9878,True,True,True,True,True,True,True,True,5,0,0.9878,0.0,0.9878,0.9878
C:\TA\project-ta\data_spliting\test_set_obf\ASCII_Encoding\malicious\1249.ps1,ASCII Encoding,malicious,malicious,malicious,malicious,malicious,malicious,TP,TP,TP,TP,TP,0.9826,0.9826,0.9826,0.9826,0.9826,True,True,True,True,True,True,True,True,5,0,0.9826,0.0,0.9826,0.9826
C:\TA\project-ta\data_spliting\test_set_obf\ASCII_Encoding\malicious\128.ps1,ASCII Encoding,malicious,malicious,malicious,malicious,malicious,malicious,TP,TP,TP,TP,TP,0.9869,0.9869,0.9869,0.9869,0.9869,True,True,True,True,True,True,True,True,5,0,0.9869,0.0,0.9869,0.9869
C:\TA\project-ta\data_spliting\test_set_obf\ASCII_Encoding\malicious\1282.ps1,ASCII Encoding,malicious,malicious,malicious,malicious,malicious,malicious,TP,TP,TP,TP,TP,0.9881000000000001,0.9881000000000001,0.9881000000000001,0.9881000000000001,0.9881000000000001,True,True,True,True,True,True,True,True,5,0,0.9881,1.2412670766236366e-16,0.9881000000000001,0.9881000000000001
C:\TA\project-ta\data_spliting\test_set_obf\ASCII_Encoding\malicious\1283.ps1,ASCII Encoding,malicious,malicious,malicious,malicious,malicious,malicious,TP,TP,TP,TP,TP,0.9844,0.9844,0.9844,0.9844,0.9844,True,True,True,True,True,True,True,True,5,0,0.9844000000000002,1.2412670766236366e-16,0.9844,0.9844
C:\TA\project-ta\data_spliting\test_set_obf\ASCII_Encoding\malicious\1286.ps1,ASCII Encoding,malicious,malicious,malicious,malicious,malicious,malicious,TP,TP,TP,TP,TP,0.9873000000000001,0.9873000000000001,0.9873000000000001,0.9873000000000001,0.9873000000000001,True,True,True,True,True,True,True,True,5,0,0.9873000000000001,0.0,0.9873000000000001,0.9873000000000001
C:\TA\project-ta\data_spliting\test_set_obf\ASCII_Encoding\malicious\1296.ps1,ASCII Encoding,malicious,malicious,malicious,malicious,malicious,malicious,TP,TP,TP,TP,TP,0.9831000000000001,0.9831000000000001,0.9831000000000001,0.9831000000000001,0.9831000000000001,True,True,True,True,True,True,True,True,5,0,0.9831000000000001,0.0,0.9831000000000001,0.9831000000000001
C:\TA\project-ta\data_spliting\test_set_obf\ASCII_Encoding\malicious\1299.ps1,ASCII Encoding,malicious,malicious,malicious,malicious,malicious,malicious,TP,TP,TP,TP,TP,0.9766,0.9766,0.9766,0.9766,0.9766,True,True,True,True,True,True,True,True,5,0,0.9766,0.0,0.9766,0.9766
C:\TA\project-ta\data_spliting\test_set_obf\ASCII_Encoding\malicious\13.ps1,ASCII Encoding,malicious,malicious,malicious,malicious,malicious,malicious,TP,TP,TP,TP,TP,0.988,0.988,0.988,0.988,0.988,True,True,True,True,True,True,True,True,5,0,0.9879999999999999,1.2412670766236366e-16,0.988,0.988
C:\TA\project-ta\data_spliting\test_set_obf\ASCII_Encoding\malicious\1305.ps1,ASCII Encoding,malicious,malicious,malicious,malicious,malicious,malicious,TP,TP,TP,TP,TP,0.9878,0.9878,0.9878,0.9878,0.9878,True,True,True,True,True,True,True,True,5,0,0.9878,0.0,0.9878,0.9878
C:\TA\project-ta\data_spliting\test_set_obf\ASCII_Encoding\malicious\1340.ps1,ASCII Encoding,malicious,malicious,malicious,malicious,malicious,malicious,TP,TP,TP,TP,TP,0.9919,0.9919,0.9919,0.9919,0.9919,True,True,True,True,True,True,True,True,5,0,0.9919,0.0,0.9919,0.9919
C:\TA\project-ta\data_spliting\test_set_obf\ASCII_Encoding\malicious\1348.ps1,ASCII Encoding,malicious,malicious,malicious,malicious,benign,malicious,TP,TP,TP,FN,TP,0.9911000000000001,0.9911000000000001,0.9911000000000001,0.0,0.9911000000000001,True,True,True,False,True,False,False,False,4,1,0.79288,0.4432333945000083,0.0,0.9911000000000001
C:\TA\project-ta\data_spliting\test_set_obf\ASCII_Encoding\malicious\1354.ps1,ASCII Encoding,malicious,malicious,malicious,malicious,malicious,malicious,TP,TP,TP,TP,TP,0.9921000000000001,0.9921000000000001,0.9921000000000001,0.9921000000000001,0.9921000000000001,True,True,True,True,True,True,True,True,5,0,0.9921000000000001,0.0,0.9921000000000001,0.9921000000000001
C:\TA\project-ta\data_spliting\test_set_obf\ASCII_Encoding\malicious\136.ps1,ASCII Encoding,malicious,malicious,malicious,malicious,malicious,malicious,TP,TP,TP,TP,TP,0.9889,0.9889,0.9889,0.9889,0.9889,True,True,True,True,True,True,True,True,5,0,0.9888999999999999,1.2412670766236366e-16,0.9889,0.9889
C:\TA\project-ta\data_spliting\test_set_obf\ASCII_Encoding\malicious\1362.ps1,ASCII Encoding,malicious,malicious,malicious,malicious,malicious,malicious,TP,TP,TP,TP,TP,0.984,0.984,0.984,0.984,0.984,True,True,True,True,True,True,True,True,5,0,0.984,0.0,0.984,0.984
C:\TA\project-ta\data_spliting\test_set_obf\ASCII_Encoding\malicious\1376.ps1,ASCII Encoding,malicious,malicious,malicious,malicious,malicious,malicious,TP,TP,TP,TP,TP,0.9757,0.9757,0.9757,0.9757,0.9757,True,True,True,True,True,True,True,True,5,0,0.9757,0.0,0.9757,0.9757
C:\TA\project-ta\data_spliting\test_set_obf\ASCII_Encoding\malicious\1391.ps1,ASCII Encoding,malicious,malicious,malicious,malicious,malicious,malicious,TP,TP,TP,TP,TP,0.9744,0.9744,0.9744,0.9744,0.9744,True,True,True,True,True,True,True,True,5,0,0.9743999999999999,1.2412670766236366e-16,0.9744,0.9744
C:\TA\project-ta\data_spliting\test_set_obf\ASCII_Encoding\malicious\1395.ps1,ASCII Encoding,malicious,malicious,malicious,malicious,malicious,malicious,TP,TP,TP,TP,TP,0.9898,0.9898,0.9898,0.9898,0.9898,True,True,True,True,True,True,True,True,5,0,0.9898,0.0,0.9898,0.9898
C:\TA\project-ta\data_spliting\test_set_obf\ASCII_Encoding\malicious\14.ps1,ASCII Encoding,malicious,malicious,malicious,malicious,malicious,malicious,TP,TP,TP,TP,TP,0.9846,0.9846,0.9846,0.9846,0.9846,True,True,True,True,True,True,True,True,5,0,0.9846,0.0,0.9846,0.9846
C:\TA\project-ta\data_spliting\test_set_obf\ASCII_Encoding\malicious\140.ps1,ASCII Encoding,malicious,malicious,malicious,malicious,malicious,malicious,TP,TP,TP,TP,TP,0.9881000000000001,0.9881000000000001,0.9881000000000001,0.9881000000000001,0.9881000000000001,True,True,True,True,True,True,True,True,5,0,0.9881,1.2412670766236366e-16,0.9881000000000001,0.9881000000000001
C:\TA\project-ta\data_spliting\test_set_obf\ASCII_Encoding\malicious\1421.ps1,ASCII Encoding,malicious,malicious,malicious,malicious,malicious,malicious,TP,TP,TP,TP,TP,0.9703,0.9703,0.9703,0.9703,0.9703,True,True,True,True,True,True,True,True,5,0,0.9703000000000002,1.2412670766236366e-16,0.9703,0.9703
C:\TA\project-ta\data_spliting\test_set_obf\ASCII_Encoding\malicious\1429.ps1,ASCII Encoding,malicious,malicious,malicious,malicious,malicious,malicious,TP,TP,TP,TP,TP,0.988,0.988,0.988,0.988,0.988,True,True,True,True,True,True,True,True,5,0,0.9879999999999999,1.2412670766236366e-16,0.988,0.988
C:\TA\project-ta\data_spliting\test_set_obf\ASCII_Encoding\malicious\144.ps1,ASCII Encoding,malicious,malicious,malicious,malicious,malicious,malicious,TP,TP,TP,TP,TP,0.9799,0.9799,0.9799,0.9799,0.9799,True,True,True,True,True,True,True,True,5,0,0.9799,0.0,0.9799,0.9799
C:\TA\project-ta\data_spliting\test_set_obf\ASCII_Encoding\malicious\1440.ps1,ASCII Encoding,malicious,malicious,malicious,malicious,malicious,malicious,TP,TP,TP,TP,TP,0.9919,0.9919,0.9919,0.9919,0.9919,True,True,True,True,True,True,True,True,5,0,0.9919,0.0,0.9919,0.9919
C:\TA\project-ta\data_spliting\test_set_obf\ASCII_Encoding\malicious\1451.ps1,ASCII Encoding,malicious,malicious,malicious,malicious,malicious,malicious,TP,TP,TP,TP,TP,0.9874,0.9874,0.9874,0.9874,0.9874,True,True,True,True,True,True,True,True,5,0,0.9874,0.0,0.9874,0.9874
C:\TA\project-ta\data_spliting\test_set_obf\ASCII_Encoding\malicious\1461.ps1,ASCII Encoding,malicious,malicious,malicious,malicious,malicious,malicious,TP,TP,TP,TP,TP,0.9826,0.9826,0.9826,0.9826,0.9826,True,True,True,True,True,True,True,True,5,0,0.9826,0.0,0.9826,0.9826
C:\TA\project-ta\data_spliting\test_set_obf\ASCII_Encoding\malicious\1463.ps1,ASCII Encoding,malicious,malicious,malicious,malicious,malicious,malicious,TP,TP,TP,TP,TP,0.9864,0.9864,0.9864,0.9864,0.9864,True,True,True,True,True,True,True,True,5,0,0.9864,0.0,0.9864,0.9864
C:\TA\project-ta\data_spliting\test_set_obf\ASCII_Encoding\malicious\1468.ps1,ASCII Encoding,malicious,malicious,malicious,malicious,malicious,malicious,TP,TP,TP,TP,TP,0.9896,0.9896,0.9896,0.9896,0.9896,True,True,True,True,True,True,True,True,5,0,0.9896,0.0,0.9896,0.9896
C:\TA\project-ta\data_spliting\test_set_obf\ASCII_Encoding\malicious\1472.ps1,ASCII Encoding,malicious,malicious,malicious,malicious,malicious,malicious,TP,TP,TP,TP,TP,0.9919,0.9919,0.9919,0.9919,0.9919,True,True,True,True,True,True,True,True,5,0,0.9919,0.0,0.9919,0.9919
C:\TA\project-ta\data_spliting\test_set_obf\ASCII_Encoding\malicious\1474.ps1,ASCII Encoding,malicious,malicious,malicious,malicious,malicious,malicious,TP,TP,TP,TP,TP,0.975,0.975,0.975,0.975,0.975,True,True,True,True,True,True,True,True,5,0,0.975,0.0,0.975,0.975
C:\TA\project-ta\data_spliting\test_set_obf\ASCII_Encoding\malicious\1477.ps1,ASCII Encoding,malicious,malicious,malicious,malicious,malicious,malicious,TP,TP,TP,TP,TP,0.9873000000000001,0.9873000000000001,0.9873000000000001,0.9873000000000001,0.9873000000000001,True,True,True,True,True,True,True,True,5,0,0.9873000000000001,0.0,0.9873000000000001,0.9873000000000001
C:\TA\project-ta\data_spliting\test_set_obf\ASCII_Encoding\malicious\1484.ps1,ASCII Encoding,malicious,malicious,malicious,malicious,malicious,malicious,TP,TP,TP,TP,TP,0.9919,0.9919,0.9919,0.9919,0.9919,True,True,True,True,True,True,True,True,5,0,0.9919,0.0,0.9919,0.9919
C:\TA\project-ta\data_spliting\test_set_obf\ASCII_Encoding\malicious\1486.ps1,ASCII Encoding,malicious,malicious,malicious,malicious,malicious,malicious,TP,TP,TP,TP,TP,0.9826,0.9826,0.9826,0.9826,0.9826,True,True,True,True,True,True,True,True,5,0,0.9826,0.0,0.9826,0.9826
C:\TA\project-ta\data_spliting\test_set_obf\ASCII_Encoding\malicious\1493.ps1,ASCII Encoding,malicious,malicious,malicious,malicious,malicious,malicious,TP,TP,TP,TP,TP,0.991,0.991,0.991,0.991,0.991,True,True,True,True,True,True,True,True,5,0,0.991,0.0,0.991,0.991
C:\TA\project-ta\data_spliting\test_set_obf\ASCII_Encoding\malicious\1513.ps1,ASCII Encoding,malicious,malicious,malicious,malicious,malicious,malicious,TP,TP,TP,TP,TP,0.9781000000000001,0.9781000000000001,0.9781000000000001,0.9781000000000001,0.9781000000000001,True,True,True,True,True,True,True,True,5,0,0.9781000000000001,0.0,0.9781000000000001,0.9781000000000001
C:\TA\project-ta\data_spliting\test_set_obf\ASCII_Encoding\malicious\1514.ps1,ASCII Encoding,malicious,malicious,malicious,malicious,malicious,malicious,TP,TP,TP,TP,TP,0.8468,0.8468,0.8468,0.8468,0.8468,True,True,True,True,True,True,True,True,5,0,0.8468,0.0,0.8468,0.8468
C:\TA\project-ta\data_spliting\test_set_obf\ASCII_Encoding\malicious\1524.ps1,ASCII Encoding,malicious,malicious,malicious,malicious,malicious,malicious,TP,TP,TP,TP,TP,0.9852000000000001,0.9852000000000001,0.9852000000000001,0.9852000000000001,0.9852000000000001,True,True,True,True,True,True,True,True,5,0,0.9852000000000001,0.0,0.9852000000000001,0.9852000000000001
C:\TA\project-ta\data_spliting\test_set_obf\ASCII_Encoding\malicious\1530.ps1,ASCII Encoding,malicious,malicious,malicious,malicious,malicious,malicious,TP,TP,TP,TP,TP,0.9757,0.9757,0.9757,0.9757,0.9757,True,True,True,True,True,True,True,True,5,0,0.9757,0.0,0.9757,0.9757
C:\TA\project-ta\data_spliting\test_set_obf\ASCII_Encoding\malicious\1532.ps1,ASCII Encoding,malicious,malicious,malicious,malicious,malicious,malicious,TP,TP,TP,TP,TP,0.985,0.985,0.985,0.985,0.985,True,True,True,True,True,True,True,True,5,0,0.985,0.0,0.985,0.985
C:\TA\project-ta\data_spliting\test_set_obf\ASCII_Encoding\malicious\1579.ps1,ASCII Encoding,malicious,malicious,malicious,malicious,malicious,malicious,TP,TP,TP,TP,TP,0.9869,0.9869,0.9869,0.9869,0.9869,True,True,True,True,True,True,True,True,5,0,0.9869,0.0,0.9869,0.9869
C:\TA\project-ta\data_spliting\test_set_obf\ASCII_Encoding\malicious\1585.ps1,ASCII Encoding,malicious,malicious,malicious,malicious,malicious,malicious,TP,TP,TP,TP,TP,0.9898,0.9898,0.9898,0.9898,0.9898,True,True,True,True,True,True,True,True,5,0,0.9898,0.0,0.9898,0.9898
C:\TA\project-ta\data_spliting\test_set_obf\ASCII_Encoding\malicious\1588.ps1,ASCII Encoding,malicious,malicious,malicious,malicious,malicious,malicious,TP,TP,TP,TP,TP,0.9845,0.9845,0.9845,0.9845,0.9845,True,True,True,True,True,True,True,True,5,0,0.9845,0.0,0.9845,0.9845
C:\TA\project-ta\data_spliting\test_set_obf\ASCII_Encoding\malicious\1590.ps1,ASCII Encoding,malicious,malicious,malicious,malicious,malicious,malicious,TP,TP,TP,TP,TP,0.9864,0.9864,0.9864,0.9864,0.9864,True,True,True,True,True,True,True,True,5,0,0.9864,0.0,0.9864,0.9864
C:\TA\project-ta\data_spliting\test_set_obf\ASCII_Encoding\malicious\1602.ps1,ASCII Encoding,malicious,malicious,malicious,malicious,malicious,malicious,TP,TP,TP,TP,TP,0.9831000000000001,0.9831000000000001,0.9831000000000001,0.9831000000000001,0.9831000000000001,True,True,True,True,True,True,True,True,5,0,0.9831000000000001,0.0,0.9831000000000001,0.9831000000000001
C:\TA\project-ta\data_spliting\test_set_obf\ASCII_Encoding\malicious\1604.ps1,ASCII Encoding,malicious,malicious,malicious,malicious,malicious,malicious,TP,TP,TP,TP,TP,0.9797,0.9797,0.9797,0.9797,0.9797,True,True,True,True,True,True,True,True,5,0,0.9797,0.0,0.9797,0.9797
C:\TA\project-ta\data_spliting\test_set_obf\ASCII_Encoding\malicious\1614.ps1,ASCII Encoding,malicious,malicious,malicious,malicious,malicious,malicious,TP,TP,TP,TP,TP,0.964,0.964,0.964,0.964,0.964,True,True,True,True,True,True,True,True,5,0,0.9640000000000001,1.2412670766236366e-16,0.964,0.964
C:\TA\project-ta\data_spliting\test_set_obf\ASCII_Encoding\malicious\1619.ps1,ASCII Encoding,malicious,malicious,malicious,malicious,malicious,malicious,TP,TP,TP,TP,TP,0.8894000000000001,0.8894000000000001,0.8894000000000001,0.8894000000000001,0.8894000000000001,True,True,True,True,True,True,True,True,5,0,0.8894,1.2412670766236366e-16,0.8894000000000001,0.8894000000000001
C:\TA\project-ta\data_spliting\test_set_obf\ASCII_Encoding\malicious\1666.ps1,ASCII Encoding,malicious,malicious,malicious,malicious,malicious,malicious,TP,TP,TP,TP,TP,0.9757,0.9757,0.9757,0.9757,0.9757,True,True,True,True,True,True,True,True,5,0,0.9757,0.0,0.9757,0.9757
C:\TA\project-ta\data_spliting\test_set_obf\ASCII_Encoding\malicious\1671.ps1,ASCII Encoding,malicious,malicious,malicious,malicious,malicious,malicious,TP,TP,TP,TP,TP,0.9919,0.9919,0.9919,0.9919,0.9919,True,True,True,True,True,True,True,True,5,0,0.9919,0.0,0.9919,0.9919
C:\TA\project-ta\data_spliting\test_set_obf\ASCII_Encoding\malicious\1672.ps1,ASCII Encoding,malicious,malicious,malicious,malicious,malicious,malicious,TP,TP,TP,TP,TP,0.9753000000000001,0.9753000000000001,0.9753000000000001,0.9753000000000001,0.9753000000000001,True,True,True,True,True,True,True,True,5,0,0.9753000000000001,0.0,0.9753000000000001,0.9753000000000001
C:\TA\project-ta\data_spliting\test_set_obf\ASCII_Encoding\malicious\1678.ps1,ASCII Encoding,malicious,malicious,malicious,malicious,malicious,malicious,TP,TP,TP,TP,TP,0.9867,0.9867,0.9867,0.9867,0.9867,True,True,True,True,True,True,True,True,5,0,0.9867000000000001,1.2412670766236366e-16,0.9867,0.9867
C:\TA\project-ta\data_spliting\test_set_obf\ASCII_Encoding\malicious\1681.ps1,ASCII Encoding,malicious,malicious,malicious,malicious,malicious,malicious,TP,TP,TP,TP,TP,0.983,0.983,0.983,0.983,0.983,True,True,True,True,True,True,True,True,5,0,0.983,0.0,0.983,0.983
C:\TA\project-ta\data_spliting\test_set_obf\ASCII_Encoding\malicious\1690.ps1,ASCII Encoding,malicious,malicious,malicious,malicious,malicious,malicious,TP,TP,TP,TP,TP,0.9398000000000001,0.9398000000000001,0.9398000000000001,0.9398000000000001,0.9398000000000001,True,True,True,True,True,True,True,True,5,0,0.9398000000000002,1.2412670766236366e-16,0.9398000000000001,0.9398000000000001
C:\TA\project-ta\data_spliting\test_set_obf\ASCII_Encoding\malicious\1707.ps1,ASCII Encoding,malicious,malicious,malicious,malicious,malicious,malicious,TP,TP,TP,TP,TP,0.9881000000000001,0.9881000000000001,0.9881000000000001,0.9881000000000001,0.9881000000000001,True,True,True,True,True,True,True,True,5,0,0.9881,1.2412670766236366e-16,0.9881000000000001,0.9881000000000001
C:\TA\project-ta\data_spliting\test_set_obf\ASCII_Encoding\malicious\1727.ps1,ASCII Encoding,malicious,malicious,malicious,malicious,malicious,malicious,TP,TP,TP,TP,TP,0.9842000000000001,0.9842000000000001,0.9842000000000001,0.9842000000000001,0.9842000000000001,True,True,True,True,True,True,True,True,5,0,0.9842000000000001,0.0,0.9842000000000001,0.9842000000000001
C:\TA\project-ta\data_spliting\test_set_obf\ASCII_Encoding\malicious\1730.ps1,ASCII Encoding,malicious,malicious,malicious,malicious,malicious,malicious,TP,TP,TP,TP,TP,0.9919,0.9919,0.9919,0.9919,0.9919,True,True,True,True,True,True,True,True,5,0,0.9919,0.0,0.9919,0.9919
C:\TA\project-ta\data_spliting\test_set_obf\ASCII_Encoding\malicious\1733.ps1,ASCII Encoding,malicious,malicious,malicious,malicious,malicious,malicious,TP,TP,TP,TP,TP,0.9927,0.9927,0.9927,0.9927,0.9927,True,True,True,True,True,True,True,True,5,0,0.9926999999999999,1.2412670766236366e-16,0.9927,0.9927
C:\TA\project-ta\data_spliting\test_set_obf\ASCII_Encoding\malicious\174.ps1,ASCII Encoding,malicious,malicious,malicious,malicious,malicious,malicious,TP,TP,TP,TP,TP,0.9904000000000001,0.9904000000000001,0.9904000000000001,0.9904000000000001,0.9904000000000001,True,True,True,True,True,True,True,True,5,0,0.9904,1.2412670766236366e-16,0.9904000000000001,0.9904000000000001
C:\TA\project-ta\data_spliting\test_set_obf\ASCII_Encoding\malicious\1741.ps1,ASCII Encoding,malicious,malicious,malicious,malicious,malicious,malicious,TP,TP,TP,TP,TP,0.9187000000000001,0.9187000000000001,0.9187000000000001,0.9187000000000001,0.9187000000000001,True,True,True,True,True,True,True,True,5,0,0.9187000000000001,0.0,0.9187000000000001,0.9187000000000001
C:\TA\project-ta\data_spliting\test_set_obf\ASCII_Encoding\malicious\1754.ps1,ASCII Encoding,malicious,malicious,malicious,malicious,malicious,malicious,TP,TP,TP,TP,TP,0.9776,0.9776,0.9776,0.9776,0.9776,True,True,True,True,True,True,True,True,5,0,0.9776,0.0,0.9776,0.9776
C:\TA\project-ta\data_spliting\test_set_obf\ASCII_Encoding\malicious\1764.ps1,ASCII Encoding,malicious,malicious,malicious,malicious,malicious,malicious,TP,TP,TP,TP,TP,0.988,0.988,0.988,0.988,0.988,True,True,True,True,True,True,True,True,5,0,0.9879999999999999,1.2412670766236366e-16,0.988,0.988
C:\TA\project-ta\data_spliting\test_set_obf\ASCII_Encoding\malicious\1810.ps1,ASCII Encoding,malicious,malicious,malicious,malicious,malicious,malicious,TP,TP,TP,TP,TP,0.9555,0.9555,0.9555,0.9555,0.9555,True,True,True,True,True,True,True,True,5,0,0.9555,0.0,0.9555,0.9555
C:\TA\project-ta\data_spliting\test_set_obf\ASCII_Encoding\malicious\1811.ps1,ASCII Encoding,malicious,malicious,malicious,malicious,malicious,malicious,TP,TP,TP,TP,TP,0.9872000000000001,0.9872000000000001,0.9872000000000001,0.9872000000000001,0.9872000000000001,True,True,True,True,True,True,True,True,5,0,0.9872,1.2412670766236366e-16,0.9872000000000001,0.9872000000000001
C:\TA\project-ta\data_spliting\test_set_obf\ASCII_Encoding\malicious\1822.ps1,ASCII Encoding,malicious,malicious,malicious,malicious,malicious,malicious,TP,TP,TP,TP,TP,0.9919,0.9919,0.9919,0.9919,0.9919,True,True,True,True,True,True,True,True,5,0,0.9919,0.0,0.9919,0.9919
C:\TA\project-ta\data_spliting\test_set_obf\ASCII_Encoding\malicious\1827.ps1,ASCII Encoding,malicious,malicious,malicious,malicious,malicious,malicious,TP,TP,TP,TP,TP,0.9846,0.9846,0.9846,0.9846,0.9846,True,True,True,True,True,True,True,True,5,0,0.9846,0.0,0.9846,0.9846
C:\TA\project-ta\data_spliting\test_set_obf\ASCII_Encoding\malicious\183.ps1,ASCII Encoding,malicious,malicious,malicious,malicious,malicious,malicious,TP,TP,TP,TP,TP,0.9826,0.9826,0.9826,0.9826,0.9826,True,True,True,True,True,True,True,True,5,0,0.9826,0.0,0.9826,0.9826
C:\TA\project-ta\data_spliting\test_set_obf\String_Concatenation\malicious\1012.ps1,String Concatenation,malicious,malicious,malicious,malicious,malicious,malicious,TP,TP,TP,TP,TP,0.9956,0.9956,0.9956,0.9956,0.9956,True,True,True,True,True,True,True,True,5,0,0.9955999999999999,1.2412670766236366e-16,0.9956,0.9956
C:\TA\project-ta\data_spliting\test_set_obf\String_Concatenation\malicious\1014.ps1,String Concatenation,malicious,malicious,malicious,malicious,malicious,malicious,TP,TP,TP,TP,TP,0.9976,0.9976,0.9976,0.9976,0.9976,True,True,True,True,True,True,True,True,5,0,0.9976,0.0,0.9976,0.9976
C:\TA\project-ta\data_spliting\test_set_obf\String_Concatenation\malicious\1016.ps1,String Concatenation,malicious,malicious,malicious,malicious,malicious,malicious,TP,TP,TP,TP,TP,0.9976,0.9976,0.9976,0.9976,0.9976,True,True,True,True,True,True,True,True,5,0,0.9976,0.0,0.9976,0.9976
C:\TA\project-ta\data_spliting\test_set_obf\String_Concatenation\malicious\102.ps1,String Concatenation,malicious,malicious,malicious,malicious,malicious,malicious,TP,TP,TP,TP,TP,0.9976,0.9976,0.9976,0.9976,0.9976,True,True,True,True,True,True,True,True,5,0,0.9976,0.0,0.9976,0.9976
C:\TA\project-ta\data_spliting\test_set_obf\String_Concatenation\malicious\1039.ps1,String Concatenation,malicious,malicious,malicious,malicious,malicious,malicious,TP,TP,TP,TP,TP,0.9976,0.9976,0.9976,0.9976,0.9976,True,True,True,True,True,True,True,True,5,0,0.9976,0.0,0.9976,0.9976
C:\TA\project-ta\data_spliting\test_set_obf\String_Concatenation\malicious\1043.ps1,String Concatenation,malicious,malicious,malicious,malicious,malicious,malicious,TP,TP,TP,TP,TP,0.9976,0.9976,0.9976,0.9976,0.9976,True,True,True,True,True,True,True,True,5,0,0.9976,0.0,0.9976,0.9976
C:\TA\project-ta\data_spliting\test_set_obf\String_Concatenation\malicious\1047.ps1,String Concatenation,malicious,malicious,malicious,malicious,malicious,malicious,TP,TP,TP,TP,TP,0.9976,0.9976,0.9976,0.9976,0.9976,True,True,True,True,True,True,True,True,5,0,0.9976,0.0,0.9976,0.9976
C:\TA\project-ta\data_spliting\test_set_obf\String_Concatenation\malicious\1054.ps1,String Concatenation,malicious,malicious,malicious,malicious,malicious,malicious,TP,TP,TP,TP,TP,0.9919,0.9919,0.9919,0.9919,0.9919,True,True,True,True,True,True,True,True,5,0,0.9919,0.0,0.9919,0.9919
C:\TA\project-ta\data_spliting\test_set_obf\String_Concatenation\malicious\1060.ps1,String Concatenation,malicious,malicious,malicious,malicious,malicious,malicious,TP,TP,TP,TP,TP,0.9976,0.9976,0.9976,0.9976,0.9976,True,True,True,True,True,True,True,True,5,0,0.9976,0.0,0.9976,0.9976
C:\TA\project-ta\data_spliting\test_set_obf\String_Concatenation\malicious\1064.ps1,String Concatenation,malicious,malicious,malicious,malicious,malicious,malicious,TP,TP,TP,TP,TP,0.9976,0.9976,0.9976,0.9976,0.9976,True,True,True,True,True,True,True,True,5,0,0.9976,0.0,0.9976,0.9976
C:\TA\project-ta\data_spliting\test_set_obf\String_Concatenation\malicious\1069.ps1,String Concatenation,malicious,malicious,malicious,malicious,malicious,malicious,TP,TP,TP,TP,TP,0.9976,0.9976,0.9976,0.9976,0.9976,True,True,True,True,True,True,True,True,5,0,0.9976,0.0,0.9976,0.9976
C:\TA\project-ta\data_spliting\test_set_obf\String_Concatenation\malicious\1083.ps1,String Concatenation,malicious,malicious,malicious,malicious,malicious,malicious,TP,TP,TP,TP,TP,0.9934000000000001,0.9934000000000001,0.9934000000000001,0.9934000000000001,0.9934000000000001,True,True,True,True,True,True,True,True,5,0,0.9934000000000001,0.0,0.9934000000000001,0.9934000000000001
C:\TA\project-ta\data_spliting\test_set_obf\String_Concatenation\malicious\1086.ps1,String Concatenation,malicious,malicious,malicious,malicious,malicious,malicious,TP,TP,TP,TP,TP,0.9976,0.9976,0.9976,0.9976,0.9976,True,True,True,True,True,True,True,True,5,0,0.9976,0.0,0.9976,0.9976
C:\TA\project-ta\data_spliting\test_set_obf\String_Concatenation\malicious\1089.ps1,String Concatenation,malicious,malicious,malicious,malicious,malicious,malicious,TP,TP,TP,TP,TP,0.9976,0.9976,0.9976,0.9976,0.9976,True,True,True,True,True,True,True,True,5,0,0.9976,0.0,0.9976,0.9976
C:\TA\project-ta\data_spliting\test_set_obf\String_Concatenation\malicious\1113.ps1,String Concatenation,malicious,malicious,malicious,malicious,malicious,malicious,TP,TP,TP,TP,TP,0.9976,0.9976,0.9976,0.9976,0.9976,True,True,True,True,True,True,True,True,5,0,0.9976,0.0,0.9976,0.9976
C:\TA\project-ta\data_spliting\test_set_obf\String_Concatenation\malicious\1115.ps1,String Concatenation,malicious,malicious,malicious,malicious,malicious,malicious,TP,TP,TP,TP,TP,0.9975,0.9975,0.9975,0.9975,0.9975,True,True,True,True,True,True,True,True,5,0,0.9975000000000002,1.2412670766236366e-16,0.9975,0.9975
C:\TA\project-ta\data_spliting\test_set_obf\String_Concatenation\malicious\112.ps1,String Concatenation,malicious,malicious,malicious,malicious,malicious,malicious,TP,TP,TP,TP,TP,0.9919,0.9919,0.9919,0.9919,0.9919,True,True,True,True,True,True,True,True,5,0,0.9919,0.0,0.9919,0.9919
C:\TA\project-ta\data_spliting\test_set_obf\String_Concatenation\malicious\1125.ps1,String Concatenation,malicious,malicious,malicious,malicious,malicious,malicious,TP,TP,TP,TP,TP,0.9953000000000001,0.9953000000000001,0.9953000000000001,0.9953000000000001,0.9953000000000001,True,True,True,True,True,True,True,True,5,0,0.9953000000000001,0.0,0.9953000000000001,0.9953000000000001
C:\TA\project-ta\data_spliting\test_set_obf\String_Concatenation\malicious\1136.ps1,String Concatenation,malicious,malicious,malicious,malicious,malicious,malicious,TP,TP,TP,TP,TP,0.9976,0.9976,0.9976,0.9976,0.9976,True,True,True,True,True,True,True,True,5,0,0.9976,0.0,0.9976,0.9976
C:\TA\project-ta\data_spliting\test_set_obf\String_Concatenation\malicious\1144.ps1,String Concatenation,malicious,malicious,malicious,malicious,malicious,malicious,TP,TP,TP,TP,TP,0.9976,0.9976,0.9976,0.9976,0.9976,True,True,True,True,True,True,True,True,5,0,0.9976,0.0,0.9976,0.9976
C:\TA\project-ta\data_spliting\test_set_obf\String_Concatenation\malicious\1148.ps1,String Concatenation,malicious,malicious,malicious,malicious,malicious,malicious,TP,TP,TP,TP,TP,0.9976,0.9976,0.9976,0.9976,0.9976,True,True,True,True,True,True,True,True,5,0,0.9976,0.0,0.9976,0.9976
C:\TA\project-ta\data_spliting\test_set_obf\String_Concatenation\malicious\1154.ps1,String Concatenation,malicious,malicious,malicious,malicious,malicious,malicious,TP,TP,TP,TP,TP,0.9976,0.9976,0.9976,0.9976,0.9976,True,True,True,True,True,True,True,True,5,0,0.9976,0.0,0.9976,0.9976
C:\TA\project-ta\data_spliting\test_set_obf\String_Concatenation\malicious\1173.ps1,String Concatenation,malicious,malicious,malicious,malicious,malicious,malicious,TP,TP,TP,TP,TP,0.9925,0.9925,0.9925,0.9925,0.9925,True,True,True,True,True,True,True,True,5,0,0.9925,0.0,0.9925,0.9925
C:\TA\project-ta\data_spliting\test_set_obf\String_Concatenation\malicious\1178.ps1,String Concatenation,malicious,malicious,malicious,malicious,malicious,malicious,TP,TP,TP,TP,TP,0.9976,0.9976,0.9976,0.9976,0.9976,True,True,True,True,True,True,True,True,5,0,0.9976,0.0,0.9976,0.9976
C:\TA\project-ta\data_spliting\test_set_obf\String_Concatenation\malicious\1180.ps1,String Concatenation,malicious,malicious,malicious,malicious,malicious,malicious,TP,TP,TP,TP,TP,0.9975,0.9975,0.9975,0.9975,0.9975,True,True,True,True,True,True,True,True,5,0,0.9975000000000002,1.2412670766236366e-16,0.9975,0.9975
C:\TA\project-ta\data_spliting\test_set_obf\String_Concatenation\malicious\1181.ps1,String Concatenation,malicious,malicious,malicious,malicious,malicious,malicious,TP,TP,TP,TP,TP,0.9976,0.9976,0.9976,0.9976,0.9976,True,True,True,True,True,True,True,True,5,0,0.9976,0.0,0.9976,0.9976
C:\TA\project-ta\data_spliting\test_set_obf\String_Concatenation\malicious\1183.ps1,String Concatenation,malicious,malicious,malicious,malicious,malicious,malicious,TP,TP,TP,TP,TP,0.9914000000000001,0.9914000000000001,0.9914000000000001,0.9914000000000001,0.9914000000000001,True,True,True,True,True,True,True,True,5,0,0.9914000000000002,1.2412670766236366e-16,0.9914000000000001,0.9914000000000001
C:\TA\project-ta\data_spliting\test_set_obf\String_Concatenation\malicious\1196.ps1,String Concatenation,malicious,malicious,malicious,malicious,malicious,malicious,TP,TP,TP,TP,TP,0.9976,0.9976,0.9976,0.9976,0.9976,True,True,True,True,True,True,True,True,5,0,0.9976,0.0,0.9976,0.9976
C:\TA\project-ta\data_spliting\test_set_obf\String_Concatenation\malicious\1203.ps1,String Concatenation,malicious,malicious,malicious,malicious,malicious,malicious,TP,TP,TP,TP,TP,0.9976,0.9976,0.9976,0.9976,0.9976,True,True,True,True,True,True,True,True,5,0,0.9976,0.0,0.9976,0.9976
C:\TA\project-ta\data_spliting\test_set_obf\String_Concatenation\malicious\1208.ps1,String Concatenation,malicious,malicious,malicious,malicious,malicious,malicious,TP,TP,TP,TP,TP,0.9932000000000001,0.9932000000000001,0.9932000000000001,0.9932000000000001,0.9932000000000001,True,True,True,True,True,True,True,True,5,0,0.9932000000000001,0.0,0.9932000000000001,0.9932000000000001
C:\TA\project-ta\data_spliting\test_set_obf\String_Concatenation\malicious\1241.ps1,String Concatenation,malicious,malicious,malicious,malicious,malicious,malicious,TP,TP,TP,TP,TP,0.9976,0.9976,0.9976,0.9976,0.9976,True,True,True,True,True,True,True,True,5,0,0.9976,0.0,0.9976,0.9976
C:\TA\project-ta\data_spliting\test_set_obf\String_Concatenation\malicious\1248.ps1,String Concatenation,malicious,malicious,malicious,malicious,malicious,malicious,TP,TP,TP,TP,TP,0.9976,0.9976,0.9976,0.9976,0.9976,True,True,True,True,True,True,True,True,5,0,0.9976,0.0,0.9976,0.9976
C:\TA\project-ta\data_spliting\test_set_obf\String_Concatenation\malicious\1249.ps1,String Concatenation,malicious,malicious,malicious,malicious,malicious,malicious,TP,TP,TP,TP,TP,0.9968,0.9968,0.9968,0.9968,0.9968,True,True,True,True,True,True,True,True,5,0,0.9968,0.0,0.9968,0.9968
C:\TA\project-ta\data_spliting\test_set_obf\String_Concatenation\malicious\128.ps1,String Concatenation,malicious,malicious,malicious,malicious,malicious,malicious,TP,TP,TP,TP,TP,0.9976,0.9976,0.9976,0.9976,0.9976,True,True,True,True,True,True,True,True,5,0,0.9976,0.0,0.9976,0.9976
C:\TA\project-ta\data_spliting\test_set_obf\String_Concatenation\malicious\1282.ps1,String Concatenation,malicious,malicious,malicious,malicious,malicious,malicious,TP,TP,TP,TP,TP,0.9976,0.9976,0.9976,0.9976,0.9976,True,True,True,True,True,True,True,True,5,0,0.9976,0.0,0.9976,0.9976
C:\TA\project-ta\data_spliting\test_set_obf\String_Concatenation\malicious\1283.ps1,String Concatenation,malicious,malicious,malicious,malicious,malicious,malicious,TP,TP,TP,TP,TP,0.9976,0.9976,0.9976,0.9976,0.9976,True,True,True,True,True,True,True,True,5,0,0.9976,0.0,0.9976,0.9976
C:\TA\project-ta\data_spliting\test_set_obf\String_Concatenation\malicious\1286.ps1,String Concatenation,malicious,malicious,malicious,malicious,malicious,malicious,TP,TP,TP,TP,TP,0.9976,0.9976,0.9976,0.9976,0.9976,True,True,True,True,True,True,True,True,5,0,0.9976,0.0,0.9976,0.9976
C:\TA\project-ta\data_spliting\test_set_obf\String_Concatenation\malicious\1296.ps1,String Concatenation,malicious,malicious,malicious,malicious,malicious,malicious,TP,TP,TP,TP,TP,0.9972000000000001,0.9972000000000001,0.9972000000000001,0.9972000000000001,0.9972000000000001,True,True,True,True,True,True,True,True,5,0,0.9972000000000001,0.0,0.9972000000000001,0.9972000000000001
C:\TA\project-ta\data_spliting\test_set_obf\String_Concatenation\malicious\1299.ps1,String Concatenation,malicious,malicious,malicious,malicious,malicious,malicious,TP,TP,TP,TP,TP,0.9976,0.9976,0.9976,0.9976,0.9976,True,True,True,True,True,True,True,True,5,0,0.9976,0.0,0.9976,0.9976
C:\TA\project-ta\data_spliting\test_set_obf\String_Concatenation\malicious\13.ps1,String Concatenation,malicious,malicious,malicious,malicious,malicious,malicious,TP,TP,TP,TP,TP,0.9976,0.9976,0.9976,0.9976,0.9976,True,True,True,True,True,True,True,True,5,0,0.9976,0.0,0.9976,0.9976
C:\TA\project-ta\data_spliting\test_set_obf\String_Concatenation\malicious\1305.ps1,String Concatenation,malicious,malicious,malicious,malicious,malicious,malicious,TP,TP,TP,TP,TP,0.9976,0.9976,0.9976,0.9976,0.9976,True,True,True,True,True,True,True,True,5,0,0.9976,0.0,0.9976,0.9976
C:\TA\project-ta\data_spliting\test_set_obf\String_Concatenation\malicious\1340.ps1,String Concatenation,malicious,malicious,malicious,malicious,malicious,malicious,TP,TP,TP,TP,TP,0.9976,0.9976,0.9976,0.9976,0.9976,True,True,True,True,True,True,True,True,5,0,0.9976,0.0,0.9976,0.9976
C:\TA\project-ta\data_spliting\test_set_obf\String_Concatenation\malicious\1348.ps1,String Concatenation,malicious,malicious,malicious,malicious,malicious,malicious,TP,TP,TP,TP,TP,0.9976,0.9976,0.9976,0.9976,0.9976,True,True,True,True,True,True,True,True,5,0,0.9976,0.0,0.9976,0.9976
C:\TA\project-ta\data_spliting\test_set_obf\String_Concatenation\malicious\1354.ps1,String Concatenation,malicious,malicious,malicious,malicious,malicious,malicious,TP,TP,TP,TP,TP,0.9976,0.9976,0.9976,0.9976,0.9976,True,True,True,True,True,True,True,True,5,0,0.9976,0.0,0.9976,0.9976
C:\TA\project-ta\data_spliting\test_set_obf\String_Concatenation\malicious\136.ps1,String Concatenation,malicious,malicious,malicious,malicious,malicious,malicious,TP,TP,TP,TP,TP,0.9975,0.9975,0.9975,0.9975,0.9975,True,True,True,True,True,True,True,True,5,0,0.9975000000000002,1.2412670766236366e-16,0.9975,0.9975
C:\TA\project-ta\data_spliting\test_set_obf\String_Concatenation\malicious\1362.ps1,String Concatenation,malicious,malicious,malicious,malicious,malicious,malicious,TP,TP,TP,TP,TP,0.9911000000000001,0.9911000000000001,0.9911000000000001,0.9911000000000001,0.9911000000000001,True,True,True,True,True,True,True,True,5,0,0.9911000000000001,0.0,0.9911000000000001,0.9911000000000001
C:\TA\project-ta\data_spliting\test_set_obf\String_Concatenation\malicious\1376.ps1,String Concatenation,malicious,malicious,malicious,malicious,malicious,malicious,TP,TP,TP,TP,TP,0.9925,0.9925,0.9925,0.9925,0.9925,True,True,True,True,True,True,True,True,5,0,0.9925,0.0,0.9925,0.9925
C:\TA\project-ta\data_spliting\test_set_obf\String_Concatenation\malicious\1391.ps1,String Concatenation,malicious,malicious,malicious,malicious,malicious,malicious,TP,TP,TP,TP,TP,0.9976,0.9976,0.9976,0.9976,0.9976,True,True,True,True,True,True,True,True,5,0,0.9976,0.0,0.9976,0.9976
C:\TA\project-ta\data_spliting\test_set_obf\String_Concatenation\malicious\1395.ps1,String Concatenation,malicious,malicious,malicious,malicious,malicious,malicious,TP,TP,TP,TP,TP,0.9976,0.9976,0.9976,0.9976,0.9976,True,True,True,True,True,True,True,True,5,0,0.9976,0.0,0.9976,0.9976
C:\TA\project-ta\data_spliting\test_set_obf\String_Concatenation\malicious\14.ps1,String Concatenation,malicious,malicious,malicious,malicious,malicious,malicious,TP,TP,TP,TP,TP,0.9974000000000001,0.9974000000000001,0.9974000000000001,0.9974000000000001,0.9974000000000001,True,True,True,True,True,True,True,True,5,0,0.9974000000000001,0.0,0.9974000000000001,0.9974000000000001
C:\TA\project-ta\data_spliting\test_set_obf\String_Concatenation\malicious\140.ps1,String Concatenation,malicious,malicious,malicious,malicious,malicious,malicious,TP,TP,TP,TP,TP,0.9976,0.9976,0.9976,0.9976,0.9976,True,True,True,True,True,True,True,True,5,0,0.9976,0.0,0.9976,0.9976
C:\TA\project-ta\data_spliting\test_set_obf\String_Concatenation\malicious\1421.ps1,String Concatenation,malicious,malicious,malicious,malicious,malicious,malicious,TP,TP,TP,TP,TP,0.9976,0.9976,0.9976,0.9976,0.9976,True,True,True,True,True,True,True,True,5,0,0.9976,0.0,0.9976,0.9976
C:\TA\project-ta\data_spliting\test_set_obf\String_Concatenation\malicious\1429.ps1,String Concatenation,malicious,malicious,malicious,malicious,malicious,malicious,TP,TP,TP,TP,TP,0.9976,0.9976,0.9976,0.9976,0.9976,True,True,True,True,True,True,True,True,5,0,0.9976,0.0,0.9976,0.9976
C:\TA\project-ta\data_spliting\test_set_obf\String_Concatenation\malicious\144.ps1,String Concatenation,malicious,malicious,malicious,malicious,malicious,malicious,TP,TP,TP,TP,TP,0.9972000000000001,0.9972000000000001,0.9972000000000001,0.9972000000000001,0.9972000000000001,True,True,True,True,True,True,True,True,5,0,0.9972000000000001,0.0,0.9972000000000001,0.9972000000000001
C:\TA\project-ta\data_spliting\test_set_obf\String_Concatenation\malicious\1440.ps1,String Concatenation,malicious,malicious,malicious,malicious,malicious,malicious,TP,TP,TP,TP,TP,0.9975,0.9975,0.9975,0.9975,0.9975,True,True,True,True,True,True,True,True,5,0,0.9975000000000002,1.2412670766236366e-16,0.9975,0.9975
C:\TA\project-ta\data_spliting\test_set_obf\String_Concatenation\malicious\1451.ps1,String Concatenation,malicious,malicious,malicious,malicious,malicious,malicious,TP,TP,TP,TP,TP,0.9975,0.9975,0.9975,0.9975,0.9975,True,True,True,True,True,True,True,True,5,0,0.9975000000000002,1.2412670766236366e-16,0.9975,0.9975
C:\TA\project-ta\data_spliting\test_set_obf\String_Concatenation\malicious\1461.ps1,String Concatenation,malicious,malicious,malicious,malicious,malicious,malicious,TP,TP,TP,TP,TP,0.9976,0.9976,0.9976,0.9976,0.9976,True,True,True,True,True,True,True,True,5,0,0.9976,0.0,0.9976,0.9976
C:\TA\project-ta\data_spliting\test_set_obf\String_Concatenation\malicious\1463.ps1,String Concatenation,malicious,malicious,malicious,malicious,malicious,malicious,TP,TP,TP,TP,TP,0.9976,0.9976,0.9976,0.9976,0.9976,True,True,True,True,True,True,True,True,5,0,0.9976,0.0,0.9976,0.9976
C:\TA\project-ta\data_spliting\test_set_obf\String_Concatenation\malicious\1468.ps1,String Concatenation,malicious,malicious,malicious,malicious,malicious,malicious,TP,TP,TP,TP,TP,0.9972000000000001,0.9972000000000001,0.9972000000000001,0.9972000000000001,0.9972000000000001,True,True,True,True,True,True,True,True,5,0,0.9972000000000001,0.0,0.9972000000000001,0.9972000000000001
C:\TA\project-ta\data_spliting\test_set_obf\String_Concatenation\malicious\1472.ps1,String Concatenation,malicious,malicious,malicious,malicious,malicious,malicious,TP,TP,TP,TP,TP,0.9975,0.9975,0.9975,0.9975,0.9975,True,True,True,True,True,True,True,True,5,0,0.9975000000000002,1.2412670766236366e-16,0.9975,0.9975
C:\TA\project-ta\data_spliting\test_set_obf\String_Concatenation\malicious\1474.ps1,String Concatenation,malicious,malicious,malicious,malicious,malicious,malicious,TP,TP,TP,TP,TP,0.9976,0.9976,0.9976,0.9976,0.9976,True,True,True,True,True,True,True,True,5,0,0.9976,0.0,0.9976,0.9976
C:\TA\project-ta\data_spliting\test_set_obf\String_Concatenation\malicious\1477.ps1,String Concatenation,malicious,malicious,malicious,malicious,malicious,malicious,TP,TP,TP,TP,TP,0.9976,0.9976,0.9976,0.9976,0.9976,True,True,True,True,True,True,True,True,5,0,0.9976,0.0,0.9976,0.9976
C:\TA\project-ta\data_spliting\test_set_obf\String_Concatenation\malicious\1484.ps1,String Concatenation,malicious,malicious,malicious,malicious,malicious,malicious,TP,TP,TP,TP,TP,0.9975,0.9975,0.9975,0.9975,0.9975,True,True,True,True,True,True,True,True,5,0,0.9975000000000002,1.2412670766236366e-16,0.9975,0.9975
C:\TA\project-ta\data_spliting\test_set_obf\String_Concatenation\malicious\1486.ps1,String Concatenation,malicious,malicious,malicious,malicious,malicious,malicious,TP,TP,TP,TP,TP,0.9976,0.9976,0.9976,0.9976,0.9976,True,True,True,True,True,True,True,True,5,0,0.9976,0.0,0.9976,0.9976
C:\TA\project-ta\data_spliting\test_set_obf\String_Concatenation\malicious\1493.ps1,String Concatenation,malicious,malicious,malicious,malicious,malicious,malicious,TP,TP,TP,TP,TP,0.9976,0.9976,0.9976,0.9976,0.9976,True,True,True,True,True,True,True,True,5,0,0.9976,0.0,0.9976,0.9976
C:\TA\project-ta\data_spliting\test_set_obf\String_Concatenation\malicious\1513.ps1,String Concatenation,malicious,malicious,malicious,malicious,malicious,malicious,TP,TP,TP,TP,TP,0.9976,0.9976,0.9976,0.9976,0.9976,True,True,True,True,True,True,True,True,5,0,0.9976,0.0,0.9976,0.9976
C:\TA\project-ta\data_spliting\test_set_obf\String_Concatenation\malicious\1514.ps1,String Concatenation,malicious,malicious,malicious,malicious,malicious,malicious,TP,TP,TP,TP,TP,0.9976,0.9976,0.9976,0.9976,0.9976,True,True,True,True,True,True,True,True,5,0,0.9976,0.0,0.9976,0.9976
C:\TA\project-ta\data_spliting\test_set_obf\String_Concatenation\malicious\1524.ps1,String Concatenation,malicious,malicious,malicious,malicious,malicious,malicious,TP,TP,TP,TP,TP,0.9975,0.9975,0.9975,0.9975,0.9975,True,True,True,True,True,True,True,True,5,0,0.9975000000000002,1.2412670766236366e-16,0.9975,0.9975
C:\TA\project-ta\data_spliting\test_set_obf\String_Concatenation\malicious\1530.ps1,String Concatenation,malicious,malicious,malicious,malicious,malicious,malicious,TP,TP,TP,TP,TP,0.9976,0.9976,0.9976,0.9976,0.9976,True,True,True,True,True,True,True,True,5,0,0.9976,0.0,0.9976,0.9976
C:\TA\project-ta\data_spliting\test_set_obf\String_Concatenation\malicious\1532.ps1,String Concatenation,malicious,malicious,malicious,malicious,malicious,malicious,TP,TP,TP,TP,TP,0.9975,0.9975,0.9975,0.9975,0.9975,True,True,True,True,True,True,True,True,5,0,0.9975000000000002,1.2412670766236366e-16,0.9975,0.9975
C:\TA\project-ta\data_spliting\test_set_obf\String_Concatenation\malicious\1579.ps1,String Concatenation,malicious,malicious,malicious,malicious,malicious,malicious,TP,TP,TP,TP,TP,0.9925,0.9925,0.9925,0.9925,0.9925,True,True,True,True,True,True,True,True,5,0,0.9925,0.0,0.9925,0.9925
C:\TA\project-ta\data_spliting\test_set_obf\String_Concatenation\malicious\1585.ps1,String Concatenation,malicious,malicious,malicious,malicious,malicious,malicious,TP,TP,TP,TP,TP,0.9914000000000001,0.9914000000000001,0.9914000000000001,0.9914000000000001,0.9914000000000001,True,True,True,True,True,True,True,True,5,0,0.9914000000000002,1.2412670766236366e-16,0.9914000000000001,0.9914000000000001
C:\TA\project-ta\data_spliting\test_set_obf\String_Concatenation\malicious\1588.ps1,String Concatenation,malicious,malicious,malicious,malicious,malicious,malicious,TP,TP,TP,TP,TP,0.9976,0.9976,0.9976,0.9976,0.9976,True,True,True,True,True,True,True,True,5,0,0.9976,0.0,0.9976,0.9976
C:\TA\project-ta\data_spliting\test_set_obf\String_Concatenation\malicious\1590.ps1,String Concatenation,malicious,malicious,malicious,malicious,malicious,malicious,TP,TP,TP,TP,TP,0.9976,0.9976,0.9976,0.9976,0.9976,True,True,True,True,True,True,True,True,5,0,0.9976,0.0,0.9976,0.9976
C:\TA\project-ta\data_spliting\test_set_obf\String_Concatenation\malicious\1602.ps1,String Concatenation,malicious,malicious,malicious,malicious,malicious,malicious,TP,TP,TP,TP,TP,0.9976,0.9976,0.9976,0.9976,0.9976,True,True,True,True,True,True,True,True,5,0,0.9976,0.0,0.9976,0.9976
C:\TA\project-ta\data_spliting\test_set_obf\String_Concatenation\malicious\1604.ps1,String Concatenation,malicious,malicious,malicious,malicious,malicious,malicious,TP,TP,TP,TP,TP,0.9779,0.9779,0.9779,0.9779,0.9779,True,True,True,True,True,True,True,True,5,0,0.9779,0.0,0.9779,0.9779
C:\TA\project-ta\data_spliting\test_set_obf\String_Concatenation\malicious\1614.ps1,String Concatenation,malicious,malicious,malicious,malicious,malicious,malicious,TP,TP,TP,TP,TP,0.9925,0.9925,0.9925,0.9925,0.9925,True,True,True,True,True,True,True,True,5,0,0.9925,0.0,0.9925,0.9925
C:\TA\project-ta\data_spliting\test_set_obf\String_Concatenation\malicious\1619.ps1,String Concatenation,malicious,malicious,malicious,malicious,malicious,malicious,TP,TP,TP,TP,TP,0.9929,0.9929,0.9929,0.9929,0.9929,True,True,True,True,True,True,True,True,5,0,0.9929,0.0,0.9929,0.9929
C:\TA\project-ta\data_spliting\test_set_obf\String_Concatenation\malicious\1666.ps1,String Concatenation,malicious,malicious,malicious,malicious,malicious,malicious,TP,TP,TP,TP,TP,0.9976,0.9976,0.9976,0.9976,0.9976,True,True,True,True,True,True,True,True,5,0,0.9976,0.0,0.9976,0.9976
C:\TA\project-ta\data_spliting\test_set_obf\String_Concatenation\malicious\1671.ps1,String Concatenation,malicious,malicious,malicious,malicious,malicious,malicious,TP,TP,TP,TP,TP,0.9976,0.9976,0.9976,0.9976,0.9976,True,True,True,True,True,True,True,True,5,0,0.9976,0.0,0.9976,0.9976
C:\TA\project-ta\data_spliting\test_set_obf\String_Concatenation\malicious\1672.ps1,String Concatenation,malicious,malicious,malicious,malicious,malicious,malicious,TP,TP,TP,TP,TP,0.9976,0.9976,0.9976,0.9976,0.9976,True,True,True,True,True,True,True,True,5,0,0.9976,0.0,0.9976,0.9976
C:\TA\project-ta\data_spliting\test_set_obf\String_Concatenation\malicious\1678.ps1,String Concatenation,malicious,malicious,malicious,malicious,malicious,malicious,TP,TP,TP,TP,TP,0.9976,0.9976,0.9976,0.9976,0.9976,True,True,True,True,True,True,True,True,5,0,0.9976,0.0,0.9976,0.9976
C:\TA\project-ta\data_spliting\test_set_obf\String_Concatenation\malicious\1681.ps1,String Concatenation,malicious,malicious,malicious,malicious,malicious,malicious,TP,TP,TP,TP,TP,0.9976,0.9976,0.9976,0.9976,0.9976,True,True,True,True,True,True,True,True,5,0,0.9976,0.0,0.9976,0.9976
C:\TA\project-ta\data_spliting\test_set_obf\String_Concatenation\malicious\1690.ps1,String Concatenation,malicious,malicious,malicious,malicious,malicious,malicious,TP,TP,TP,TP,TP,0.9976,0.9976,0.9976,0.9976,0.9976,True,True,True,True,True,True,True,True,5,0,0.9976,0.0,0.9976,0.9976
C:\TA\project-ta\data_spliting\test_set_obf\String_Concatenation\malicious\1707.ps1,String Concatenation,malicious,malicious,malicious,malicious,malicious,malicious,TP,TP,TP,TP,TP,0.9976,0.9976,0.9976,0.9976,0.9976,True,True,True,True,True,True,True,True,5,0,0.9976,0.0,0.9976,0.9976
C:\TA\project-ta\data_spliting\test_set_obf\String_Concatenation\malicious\1727.ps1,String Concatenation,malicious,malicious,malicious,malicious,malicious,malicious,TP,TP,TP,TP,TP,0.9942000000000001,0.9942000000000001,0.9942000000000001,0.9942000000000001,0.9942000000000001,True,True,True,True,True,True,True,True,5,0,0.9942,1.2412670766236366e-16,0.9942000000000001,0.9942000000000001
C:\TA\project-ta\data_spliting\test_set_obf\String_Concatenation\malicious\1730.ps1,String Concatenation,malicious,malicious,malicious,malicious,malicious,malicious,TP,TP,TP,TP,TP,0.9976,0.9976,0.9976,0.9976,0.9976,True,True,True,True,True,True,True,True,5,0,0.9976,0.0,0.9976,0.9976
C:\TA\project-ta\data_spliting\test_set_obf\String_Concatenation\malicious\1733.ps1,String Concatenation,malicious,malicious,malicious,malicious,malicious,malicious,TP,TP,TP,TP,TP,0.9976,0.9976,0.9976,0.9976,0.9976,True,True,True,True,True,True,True,True,5,0,0.9976,0.0,0.9976,0.9976
C:\TA\project-ta\data_spliting\test_set_obf\String_Concatenation\malicious\174.ps1,String Concatenation,malicious,malicious,malicious,malicious,malicious,malicious,TP,TP,TP,TP,TP,0.9976,0.9976,0.9976,0.9976,0.9976,True,True,True,True,True,True,True,True,5,0,0.9976,0.0,0.9976,0.9976
C:\TA\project-ta\data_spliting\test_set_obf\String_Concatenation\malicious\1741.ps1,String Concatenation,malicious,malicious,malicious,malicious,malicious,malicious,TP,TP,TP,TP,TP,0.9976,0.9976,0.9976,0.9976,0.9976,True,True,True,True,True,True,True,True,5,0,0.9976,0.0,0.9976,0.9976
C:\TA\project-ta\data_spliting\test_set_obf\String_Concatenation\malicious\1754.ps1,String Concatenation,malicious,malicious,malicious,malicious,malicious,malicious,TP,TP,TP,TP,TP,0.9976,0.9976,0.9976,0.9976,0.9976,True,True,True,True,True,True,True,True,5,0,0.9976,0.0,0.9976,0.9976
C:\TA\project-ta\data_spliting\test_set_obf\String_Concatenation\malicious\1764.ps1,String Concatenation,malicious,malicious,malicious,malicious,malicious,malicious,TP,TP,TP,TP,TP,0.9921000000000001,0.9921000000000001,0.9921000000000001,0.9921000000000001,0.9921000000000001,True,True,True,True,True,True,True,True,5,0,0.9921000000000001,0.0,0.9921000000000001,0.9921000000000001
C:\TA\project-ta\data_spliting\test_set_obf\String_Concatenation\malicious\1810.ps1,String Concatenation,malicious,malicious,malicious,malicious,malicious,malicious,TP,TP,TP,TP,TP,0.9976,0.9976,0.9976,0.9976,0.9976,True,True,True,True,True,True,True,True,5,0,0.9976,0.0,0.9976,0.9976
C:\TA\project-ta\data_spliting\test_set_obf\String_Concatenation\malicious\1811.ps1,String Concatenation,malicious,malicious,malicious,malicious,malicious,malicious,TP,TP,TP,TP,TP,0.9921000000000001,0.9921000000000001,0.9921000000000001,0.9921000000000001,0.9921000000000001,True,True,True,True,True,True,True,True,5,0,0.9921000000000001,0.0,0.9921000000000001,0.9921000000000001
C:\TA\project-ta\data_spliting\test_set_obf\String_Concatenation\malicious\1822.ps1,String Concatenation,malicious,malicious,malicious,malicious,malicious,malicious,TP,TP,TP,TP,TP,0.9976,0.9976,0.9976,0.9976,0.9976,True,True,True,True,True,True,True,True,5,0,0.9976,0.0,0.9976,0.9976
C:\TA\project-ta\data_spliting\test_set_obf\String_Concatenation\malicious\1827.ps1,String Concatenation,malicious,malicious,malicious,malicious,malicious,malicious,TP,TP,TP,TP,TP,0.9976,0.9976,0.9976,0.9976,0.9976,True,True,True,True,True,True,True,True,5,0,0.9976,0.0,0.9976,0.9976
C:\TA\project-ta\data_spliting\test_set_obf\String_Concatenation\malicious\183.ps1,String Concatenation,malicious,malicious,malicious,malicious,malicious,malicious,TP,TP,TP,TP,TP,0.9966,0.9966,0.9966,0.9966,0.9966,True,True,True,True,True,True,True,True,5,0,0.9966000000000002,1.2412670766236366e-16,0.9966,0.9966
C:\TA\project-ta\data_spliting\test_set_obf\String_Reordering\malicious\1012.ps1,String Reordering,malicious,malicious,malicious,malicious,malicious,malicious,TP,TP,TP,TP,TP,0.9965,0.9965,0.9965,0.9965,0.9965,True,True,True,True,True,True,True,True,5,0,0.9964999999999999,1.2412670766236366e-16,0.9965,0.9965
C:\TA\project-ta\data_spliting\test_set_obf\String_Reordering\malicious\1014.ps1,String Reordering,malicious,malicious,malicious,malicious,malicious,malicious,TP,TP,TP,TP,TP,0.9973000000000001,0.9973000000000001,0.9973000000000001,0.9973000000000001,0.9973000000000001,True,True,True,True,True,True,True,True,5,0,0.9973000000000001,0.0,0.9973000000000001,0.9973000000000001
C:\TA\project-ta\data_spliting\test_set_obf\String_Reordering\malicious\1016.ps1,String Reordering,malicious,malicious,malicious,malicious,malicious,malicious,TP,TP,TP,TP,TP,0.9976,0.9976,0.9976,0.9976,0.9976,True,True,True,True,True,True,True,True,5,0,0.9976,0.0,0.9976,0.9976
C:\TA\project-ta\data_spliting\test_set_obf\String_Reordering\malicious\102.ps1,String Reordering,malicious,malicious,malicious,malicious,malicious,malicious,TP,TP,TP,TP,TP,0.9973000000000001,0.9973000000000001,0.9973000000000001,0.9973000000000001,0.9973000000000001,True,True,True,True,True,True,True,True,5,0,0.9973000000000001,0.0,0.9973000000000001,0.9973000000000001
C:\TA\project-ta\data_spliting\test_set_obf\String_Reordering\malicious\1039.ps1,String Reordering,malicious,malicious,malicious,malicious,malicious,malicious,TP,TP,TP,TP,TP,0.9973000000000001,0.9973000000000001,0.9973000000000001,0.9973000000000001,0.9973000000000001,True,True,True,True,True,True,True,True,5,0,0.9973000000000001,0.0,0.9973000000000001,0.9973000000000001
C:\TA\project-ta\data_spliting\test_set_obf\String_Reordering\malicious\1043.ps1,String Reordering,malicious,malicious,malicious,malicious,malicious,malicious,TP,TP,TP,TP,TP,0.9976,0.9976,0.9976,0.9976,0.9976,True,True,True,True,True,True,True,True,5,0,0.9976,0.0,0.9976,0.9976
C:\TA\project-ta\data_spliting\test_set_obf\String_Reordering\malicious\1047.ps1,String Reordering,malicious,malicious,malicious,malicious,malicious,malicious,TP,TP,TP,TP,TP,0.9976,0.9976,0.9976,0.9976,0.9976,True,True,True,True,True,True,True,True,5,0,0.9976,0.0,0.9976,0.9976
C:\TA\project-ta\data_spliting\test_set_obf\String_Reordering\malicious\1054.ps1,String Reordering,malicious,malicious,malicious,malicious,malicious,malicious,TP,TP,TP,TP,TP,0.8664000000000001,0.8664000000000001,0.8664000000000001,0.8664000000000001,0.8664000000000001,True,True,True,True,True,True,True,True,5,0,0.8664000000000002,1.2412670766236366e-16,0.8664000000000001,0.8664000000000001
C:\TA\project-ta\data_spliting\test_set_obf\String_Reordering\malicious\1060.ps1,String Reordering,malicious,malicious,malicious,malicious,malicious,malicious,TP,TP,TP,TP,TP,0.9976,0.9976,0.9976,0.9976,0.9976,True,True,True,True,True,True,True,True,5,0,0.9976,0.0,0.9976,0.9976
C:\TA\project-ta\data_spliting\test_set_obf\String_Reordering\malicious\1064.ps1,String Reordering,malicious,malicious,malicious,malicious,malicious,malicious,TP,TP,TP,TP,TP,0.9976,0.9976,0.9976,0.9976,0.9976,True,True,True,True,True,True,True,True,5,0,0.9976,0.0,0.9976,0.9976
C:\TA\project-ta\data_spliting\test_set_obf\String_Reordering\malicious\1069.ps1,String Reordering,malicious,malicious,malicious,malicious,malicious,malicious,TP,TP,TP,TP,TP,0.9976,0.9976,0.9976,0.9976,0.9976,True,True,True,True,True,True,True,True,5,0,0.9976,0.0,0.9976,0.9976
C:\TA\project-ta\data_spliting\test_set_obf\String_Reordering\malicious\1083.ps1,String Reordering,malicious,malicious,malicious,malicious,malicious,malicious,TP,TP,TP,TP,TP,0.9953000000000001,0.9953000000000001,0.9953000000000001,0.9953000000000001,0.9953000000000001,True,True,True,True,True,True,True,True,5,0,0.9953000000000001,0.0,0.9953000000000001,0.9953000000000001
C:\TA\project-ta\data_spliting\test_set_obf\String_Reordering\malicious\1086.ps1,String Reordering,malicious,malicious,malicious,malicious,malicious,malicious,TP,TP,TP,TP,TP,0.997,0.997,0.997,0.997,0.997,True,True,True,True,True,True,True,True,5,0,0.9970000000000001,1.2412670766236366e-16,0.997,0.997
C:\TA\project-ta\data_spliting\test_set_obf\String_Reordering\malicious\1089.ps1,String Reordering,malicious,malicious,malicious,malicious,malicious,malicious,TP,TP,TP,TP,TP,0.9976,0.9976,0.9976,0.9976,0.9976,True,True,True,True,True,True,True,True,5,0,0.9976,0.0,0.9976,0.9976
C:\TA\project-ta\data_spliting\test_set_obf\String_Reordering\malicious\1113.ps1,String Reordering,malicious,malicious,malicious,malicious,malicious,malicious,TP,TP,TP,TP,TP,0.9976,0.9976,0.9976,0.9976,0.9976,True,True,True,True,True,True,True,True,5,0,0.9976,0.0,0.9976,0.9976
C:\TA\project-ta\data_spliting\test_set_obf\String_Reordering\malicious\1115.ps1,String Reordering,malicious,malicious,malicious,malicious,malicious,malicious,TP,TP,TP,TP,TP,0.9976,0.9976,0.9976,0.9976,0.9976,True,True,True,True,True,True,True,True,5,0,0.9976,0.0,0.9976,0.9976
C:\TA\project-ta\data_spliting\test_set_obf\String_Reordering\malicious\112.ps1,String Reordering,malicious,malicious,malicious,malicious,malicious,malicious,TP,TP,TP,TP,TP,0.8816,0.8816,0.8816,0.8816,0.8816,True,True,True,True,True,True,True,True,5,0,0.8816,0.0,0.8816,0.8816
C:\TA\project-ta\data_spliting\test_set_obf\String_Reordering\malicious\1125.ps1,String Reordering,malicious,malicious,malicious,malicious,malicious,malicious,TP,TP,TP,TP,TP,0.9951000000000001,0.9951000000000001,0.9951000000000001,0.9951000000000001,0.9951000000000001,True,True,True,True,True,True,True,True,5,0,0.9951000000000001,0.0,0.9951000000000001,0.9951000000000001
C:\TA\project-ta\data_spliting\test_set_obf\String_Reordering\malicious\1136.ps1,String Reordering,malicious,malicious,malicious,malicious,malicious,malicious,TP,TP,TP,TP,TP,0.9976,0.9976,0.9976,0.9976,0.9976,True,True,True,True,True,True,True,True,5,0,0.9976,0.0,0.9976,0.9976
C:\TA\project-ta\data_spliting\test_set_obf\String_Reordering\malicious\1144.ps1,String Reordering,malicious,malicious,malicious,malicious,malicious,malicious,TP,TP,TP,TP,TP,0.9976,0.9976,0.9976,0.9976,0.9976,True,True,True,True,True,True,True,True,5,0,0.9976,0.0,0.9976,0.9976
C:\TA\project-ta\data_spliting\test_set_obf\String_Reordering\malicious\1148.ps1,String Reordering,malicious,malicious,malicious,malicious,malicious,malicious,TP,TP,TP,TP,TP,0.9976,0.9976,0.9976,0.9976,0.9976,True,True,True,True,True,True,True,True,5,0,0.9976,0.0,0.9976,0.9976
C:\TA\project-ta\data_spliting\test_set_obf\String_Reordering\malicious\1154.ps1,String Reordering,malicious,malicious,malicious,malicious,malicious,malicious,TP,TP,TP,TP,TP,0.9973000000000001,0.9973000000000001,0.9973000000000001,0.9973000000000001,0.9973000000000001,True,True,True,True,True,True,True,True,5,0,0.9973000000000001,0.0,0.9973000000000001,0.9973000000000001
C:\TA\project-ta\data_spliting\test_set_obf\String_Reordering\malicious\1173.ps1,String Reordering,malicious,malicious,malicious,malicious,malicious,malicious,TP,TP,TP,TP,TP,0.9844,0.9844,0.9844,0.9844,0.9844,True,True,True,True,True,True,True,True,5,0,0.9844000000000002,1.2412670766236366e-16,0.9844,0.9844
C:\TA\project-ta\data_spliting\test_set_obf\String_Reordering\malicious\1178.ps1,String Reordering,malicious,malicious,malicious,malicious,malicious,malicious,TP,TP,TP,TP,TP,0.9973000000000001,0.9973000000000001,0.9973000000000001,0.9973000000000001,0.9973000000000001,True,True,True,True,True,True,True,True,5,0,0.9973000000000001,0.0,0.9973000000000001,0.9973000000000001
C:\TA\project-ta\data_spliting\test_set_obf\String_Reordering\malicious\1180.ps1,String Reordering,malicious,malicious,malicious,malicious,malicious,malicious,TP,TP,TP,TP,TP,0.9976,0.9976,0.9976,0.9976,0.9976,True,True,True,True,True,True,True,True,5,0,0.9976,0.0,0.9976,0.9976
C:\TA\project-ta\data_spliting\test_set_obf\String_Reordering\malicious\1181.ps1,String Reordering,malicious,malicious,malicious,malicious,malicious,malicious,TP,TP,TP,TP,TP,0.9973000000000001,0.9973000000000001,0.9973000000000001,0.9973000000000001,0.9973000000000001,True,True,True,True,True,True,True,True,5,0,0.9973000000000001,0.0,0.9973000000000001,0.9973000000000001
C:\TA\project-ta\data_spliting\test_set_obf\String_Reordering\malicious\1183.ps1,String Reordering,malicious,malicious,malicious,malicious,malicious,malicious,TP,TP,TP,TP,TP,0.9936,0.9936,0.9936,0.9936,0.9936,True,True,True,True,True,True,True,True,5,0,0.9936,0.0,0.9936,0.9936
C:\TA\project-ta\data_spliting\test_set_obf\String_Reordering\malicious\1196.ps1,String Reordering,malicious,malicious,malicious,malicious,malicious,malicious,TP,TP,TP,TP,TP,0.9976,0.9976,0.9976,0.9976,0.9976,True,True,True,True,True,True,True,True,5,0,0.9976,0.0,0.9976,0.9976
C:\TA\project-ta\data_spliting\test_set_obf\String_Reordering\malicious\1203.ps1,String Reordering,malicious,malicious,malicious,malicious,malicious,malicious,TP,TP,TP,TP,TP,0.997,0.997,0.997,0.997,0.997,True,True,True,True,True,True,True,True,5,0,0.9970000000000001,1.2412670766236366e-16,0.997,0.997
C:\TA\project-ta\data_spliting\test_set_obf\String_Reordering\malicious\1208.ps1,String Reordering,malicious,malicious,malicious,malicious,benign,malicious,TP,TP,TP,FN,TP,0.8792000000000001,0.8792000000000001,0.8792000000000001,0.0,0.8792000000000001,True,True,True,False,True,False,False,False,4,1,0.7033600000000001,0.3931901931635631,0.0,0.8792000000000001
C:\TA\project-ta\data_spliting\test_set_obf\String_Reordering\malicious\1241.ps1,String Reordering,malicious,malicious,malicious,malicious,malicious,malicious,TP,TP,TP,TP,TP,0.9976,0.9976,0.9976,0.9976,0.9976,True,True,True,True,True,True,True,True,5,0,0.9976,0.0,0.9976,0.9976
C:\TA\project-ta\data_spliting\test_set_obf\String_Reordering\malicious\1248.ps1,String Reordering,malicious,malicious,malicious,malicious,malicious,malicious,TP,TP,TP,TP,TP,0.9976,0.9976,0.9976,0.9976,0.9976,True,True,True,True,True,True,True,True,5,0,0.9976,0.0,0.9976,0.9976
C:\TA\project-ta\data_spliting\test_set_obf\String_Reordering\malicious\1249.ps1,String Reordering,malicious,malicious,malicious,malicious,malicious,malicious,TP,TP,TP,TP,TP,0.9976,0.9976,0.9976,0.9976,0.9976,True,True,True,True,True,True,True,True,5,0,0.9976,0.0,0.9976,0.9976
C:\TA\project-ta\data_spliting\test_set_obf\String_Reordering\malicious\128.ps1,String Reordering,malicious,malicious,malicious,malicious,malicious,malicious,TP,TP,TP,TP,TP,0.997,0.997,0.997,0.997,0.997,True,True,True,True,True,True,True,True,5,0,0.9970000000000001,1.2412670766236366e-16,0.997,0.997
C:\TA\project-ta\data_spliting\test_set_obf\String_Reordering\malicious\1282.ps1,String Reordering,malicious,malicious,malicious,malicious,malicious,malicious,TP,TP,TP,TP,TP,0.9976,0.9976,0.9976,0.9976,0.9976,True,True,True,True,True,True,True,True,5,0,0.9976,0.0,0.9976,0.9976
C:\TA\project-ta\data_spliting\test_set_obf\String_Reordering\malicious\1283.ps1,String Reordering,malicious,malicious,malicious,malicious,malicious,malicious,TP,TP,TP,TP,TP,0.8989,0.8989,0.8989,0.8989,0.8989,True,True,True,True,True,True,True,True,5,0,0.8989,0.0,0.8989,0.8989
C:\TA\project-ta\data_spliting\test_set_obf\String_Reordering\malicious\1286.ps1,String Reordering,malicious,malicious,malicious,malicious,malicious,malicious,TP,TP,TP,TP,TP,0.9973000000000001,0.9973000000000001,0.9973000000000001,0.9973000000000001,0.9973000000000001,True,True,True,True,True,True,True,True,5,0,0.9973000000000001,0.0,0.9973000000000001,0.9973000000000001
C:\TA\project-ta\data_spliting\test_set_obf\String_Reordering\malicious\1296.ps1,String Reordering,malicious,malicious,malicious,malicious,malicious,malicious,TP,TP,TP,TP,TP,0.9974000000000001,0.9974000000000001,0.9974000000000001,0.9974000000000001,0.9974000000000001,True,True,True,True,True,True,True,True,5,0,0.9974000000000001,0.0,0.9974000000000001,0.9974000000000001
C:\TA\project-ta\data_spliting\test_set_obf\String_Reordering\malicious\1299.ps1,String Reordering,malicious,malicious,malicious,malicious,malicious,malicious,TP,TP,TP,TP,TP,0.9976,0.9976,0.9976,0.9976,0.9976,True,True,True,True,True,True,True,True,5,0,0.9976,0.0,0.9976,0.9976
C:\TA\project-ta\data_spliting\test_set_obf\String_Reordering\malicious\13.ps1,String Reordering,malicious,malicious,malicious,malicious,malicious,malicious,TP,TP,TP,TP,TP,0.997,0.997,0.997,0.997,0.997,True,True,True,True,True,True,True,True,5,0,0.9970000000000001,1.2412670766236366e-16,0.997,0.997
C:\TA\project-ta\data_spliting\test_set_obf\String_Reordering\malicious\1305.ps1,String Reordering,malicious,malicious,malicious,malicious,malicious,malicious,TP,TP,TP,TP,TP,0.9969,0.9969,0.9969,0.9969,0.9969,True,True,True,True,True,True,True,True,5,0,0.9968999999999999,1.2412670766236366e-16,0.9969,0.9969
C:\TA\project-ta\data_spliting\test_set_obf\String_Reordering\malicious\1340.ps1,String Reordering,malicious,malicious,malicious,malicious,malicious,malicious,TP,TP,TP,TP,TP,0.9973000000000001,0.9973000000000001,0.9973000000000001,0.9973000000000001,0.9973000000000001,True,True,True,True,True,True,True,True,5,0,0.9973000000000001,0.0,0.9973000000000001,0.9973000000000001
C:\TA\project-ta\data_spliting\test_set_obf\String_Reordering\malicious\1348.ps1,String Reordering,malicious,malicious,malicious,malicious,malicious,malicious,TP,TP,TP,TP,TP,0.9976,0.9976,0.9976,0.9976,0.9976,True,True,True,True,True,True,True,True,5,0,0.9976,0.0,0.9976,0.9976
C:\TA\project-ta\data_spliting\test_set_obf\String_Reordering\malicious\1354.ps1,String Reordering,malicious,malicious,malicious,malicious,malicious,malicious,TP,TP,TP,TP,TP,0.9976,0.9976,0.9976,0.9976,0.9976,True,True,True,True,True,True,True,True,5,0,0.9976,0.0,0.9976,0.9976
C:\TA\project-ta\data_spliting\test_set_obf\String_Reordering\malicious\136.ps1,String Reordering,malicious,malicious,malicious,malicious,malicious,malicious,TP,TP,TP,TP,TP,0.9976,0.9976,0.9976,0.9976,0.9976,True,True,True,True,True,True,True,True,5,0,0.9976,0.0,0.9976,0.9976
C:\TA\project-ta\data_spliting\test_set_obf\String_Reordering\malicious\1362.ps1,String Reordering,malicious,malicious,malicious,malicious,malicious,malicious,TP,TP,TP,TP,TP,0.9914000000000001,0.9914000000000001,0.9914000000000001,0.9914000000000001,0.9914000000000001,True,True,True,True,True,True,True,True,5,0,0.9914000000000002,1.2412670766236366e-16,0.9914000000000001,0.9914000000000001
C:\TA\project-ta\data_spliting\test_set_obf\String_Reordering\malicious\1376.ps1,String Reordering,malicious,malicious,malicious,malicious,malicious,malicious,TP,TP,TP,TP,TP,0.9941000000000001,0.9941000000000001,0.9941000000000001,0.9941000000000001,0.9941000000000001,True,True,True,True,True,True,True,True,5,0,0.9941000000000001,0.0,0.9941000000000001,0.9941000000000001
C:\TA\project-ta\data_spliting\test_set_obf\String_Reordering\malicious\1391.ps1,String Reordering,malicious,malicious,malicious,malicious,malicious,malicious,TP,TP,TP,TP,TP,0.9976,0.9976,0.9976,0.9976,0.9976,True,True,True,True,True,True,True,True,5,0,0.9976,0.0,0.9976,0.9976
C:\TA\project-ta\data_spliting\test_set_obf\String_Reordering\malicious\1395.ps1,String Reordering,malicious,malicious,malicious,malicious,malicious,malicious,TP,TP,TP,TP,TP,0.9976,0.9976,0.9976,0.9976,0.9976,True,True,True,True,True,True,True,True,5,0,0.9976,0.0,0.9976,0.9976
C:\TA\project-ta\data_spliting\test_set_obf\String_Reordering\malicious\14.ps1,String Reordering,malicious,malicious,malicious,malicious,malicious,malicious,TP,TP,TP,TP,TP,0.9966,0.9966,0.9966,0.9966,0.9966,True,True,True,True,True,True,True,True,5,0,0.9966000000000002,1.2412670766236366e-16,0.9966,0.9966
C:\TA\project-ta\data_spliting\test_set_obf\String_Reordering\malicious\140.ps1,String Reordering,malicious,malicious,malicious,malicious,malicious,malicious,TP,TP,TP,TP,TP,0.9975,0.9975,0.9975,0.9975,0.9975,True,True,True,True,True,True,True,True,5,0,0.9975000000000002,1.2412670766236366e-16,0.9975,0.9975
C:\TA\project-ta\data_spliting\test_set_obf\String_Reordering\malicious\1421.ps1,String Reordering,malicious,malicious,malicious,malicious,malicious,malicious,TP,TP,TP,TP,TP,0.997,0.997,0.997,0.997,0.997,True,True,True,True,True,True,True,True,5,0,0.9970000000000001,1.2412670766236366e-16,0.997,0.997
C:\TA\project-ta\data_spliting\test_set_obf\String_Reordering\malicious\1429.ps1,String Reordering,malicious,malicious,malicious,malicious,malicious,malicious,TP,TP,TP,TP,TP,0.9976,0.9976,0.9976,0.9976,0.9976,True,True,True,True,True,True,True,True,5,0,0.9976,0.0,0.9976,0.9976
C:\TA\project-ta\data_spliting\test_set_obf\String_Reordering\malicious\144.ps1,String Reordering,malicious,malicious,malicious,malicious,malicious,malicious,TP,TP,TP,TP,TP,0.9976,0.9976,0.9976,0.9976,0.9976,True,True,True,True,True,True,True,True,5,0,0.9976,0.0,0.9976,0.9976
C:\TA\project-ta\data_spliting\test_set_obf\String_Reordering\malicious\1440.ps1,String Reordering,malicious,malicious,malicious,malicious,malicious,malicious,TP,TP,TP,TP,TP,0.9976,0.9976,0.9976,0.9976,0.9976,True,True,True,True,True,True,True,True,5,0,0.9976,0.0,0.9976,0.9976
C:\TA\project-ta\data_spliting\test_set_obf\String_Reordering\malicious\1451.ps1,String Reordering,malicious,malicious,malicious,malicious,malicious,malicious,TP,TP,TP,TP,TP,0.9976,0.9976,0.9976,0.9976,0.9976,True,True,True,True,True,True,True,True,5,0,0.9976,0.0,0.9976,0.9976
C:\TA\project-ta\data_spliting\test_set_obf\String_Reordering\malicious\1461.ps1,String Reordering,malicious,malicious,malicious,malicious,malicious,malicious,TP,TP,TP,TP,TP,0.9976,0.9976,0.9976,0.9976,0.9976,True,True,True,True,True,True,True,True,5,0,0.9976,0.0,0.9976,0.9976
C:\TA\project-ta\data_spliting\test_set_obf\String_Reordering\malicious\1463.ps1,String Reordering,malicious,malicious,malicious,malicious,malicious,malicious,TP,TP,TP,TP,TP,0.9973000000000001,0.9973000000000001,0.9973000000000001,0.9973000000000001,0.9973000000000001,True,True,True,True,True,True,True,True,5,0,0.9973000000000001,0.0,0.9973000000000001,0.9973000000000001
C:\TA\project-ta\data_spliting\test_set_obf\String_Reordering\malicious\1468.ps1,String Reordering,malicious,malicious,malicious,malicious,malicious,malicious,TP,TP,TP,TP,TP,0.9976,0.9976,0.9976,0.9976,0.9976,True,True,True,True,True,True,True,True,5,0,0.9976,0.0,0.9976,0.9976
C:\TA\project-ta\data_spliting\test_set_obf\String_Reordering\malicious\1472.ps1,String Reordering,malicious,malicious,malicious,malicious,malicious,malicious,TP,TP,TP,TP,TP,0.9973000000000001,0.9973000000000001,0.9973000000000001,0.9973000000000001,0.9973000000000001,True,True,True,True,True,True,True,True,5,0,0.9973000000000001,0.0,0.9973000000000001,0.9973000000000001
C:\TA\project-ta\data_spliting\test_set_obf\String_Reordering\malicious\1474.ps1,String Reordering,malicious,malicious,malicious,malicious,malicious,malicious,TP,TP,TP,TP,TP,0.9976,0.9976,0.9976,0.9976,0.9976,True,True,True,True,True,True,True,True,5,0,0.9976,0.0,0.9976,0.9976
C:\TA\project-ta\data_spliting\test_set_obf\String_Reordering\malicious\1477.ps1,String Reordering,malicious,malicious,malicious,malicious,malicious,malicious,TP,TP,TP,TP,TP,0.9976,0.9976,0.9976,0.9976,0.9976,True,True,True,True,True,True,True,True,5,0,0.9976,0.0,0.9976,0.9976
C:\TA\project-ta\data_spliting\test_set_obf\String_Reordering\malicious\1484.ps1,String Reordering,malicious,malicious,malicious,malicious,malicious,malicious,TP,TP,TP,TP,TP,0.9972000000000001,0.9972000000000001,0.9972000000000001,0.9972000000000001,0.9972000000000001,True,True,True,True,True,True,True,True,5,0,0.9972000000000001,0.0,0.9972000000000001,0.9972000000000001
C:\TA\project-ta\data_spliting\test_set_obf\String_Reordering\malicious\1486.ps1,String Reordering,malicious,malicious,malicious,malicious,malicious,malicious,TP,TP,TP,TP,TP,0.9976,0.9976,0.9976,0.9976,0.9976,True,True,True,True,True,True,True,True,5,0,0.9976,0.0,0.9976,0.9976
C:\TA\project-ta\data_spliting\test_set_obf\String_Reordering\malicious\1493.ps1,String Reordering,malicious,malicious,malicious,malicious,malicious,malicious,TP,TP,TP,TP,TP,0.9976,0.9976,0.9976,0.9976,0.9976,True,True,True,True,True,True,True,True,5,0,0.9976,0.0,0.9976,0.9976
C:\TA\project-ta\data_spliting\test_set_obf\String_Reordering\malicious\1513.ps1,String Reordering,malicious,malicious,malicious,malicious,malicious,malicious,TP,TP,TP,TP,TP,0.9976,0.9976,0.9976,0.9976,0.9976,True,True,True,True,True,True,True,True,5,0,0.9976,0.0,0.9976,0.9976
C:\TA\project-ta\data_spliting\test_set_obf\String_Reordering\malicious\1514.ps1,String Reordering,malicious,malicious,malicious,malicious,malicious,malicious,TP,TP,TP,TP,TP,0.9973000000000001,0.9973000000000001,0.9973000000000001,0.9973000000000001,0.9973000000000001,True,True,True,True,True,True,True,True,5,0,0.9973000000000001,0.0,0.9973000000000001,0.9973000000000001
C:\TA\project-ta\data_spliting\test_set_obf\String_Reordering\malicious\1524.ps1,String Reordering,malicious,malicious,malicious,malicious,malicious,malicious,TP,TP,TP,TP,TP,0.9973000000000001,0.9973000000000001,0.9973000000000001,0.9973000000000001,0.9973000000000001,True,True,True,True,True,True,True,True,5,0,0.9973000000000001,0.0,0.9973000000000001,0.9973000000000001
C:\TA\project-ta\data_spliting\test_set_obf\String_Reordering\malicious\1530.ps1,String Reordering,malicious,malicious,malicious,malicious,malicious,malicious,TP,TP,TP,TP,TP,0.9976,0.9976,0.9976,0.9976,0.9976,True,True,True,True,True,True,True,True,5,0,0.9976,0.0,0.9976,0.9976
C:\TA\project-ta\data_spliting\test_set_obf\String_Reordering\malicious\1532.ps1,String Reordering,malicious,malicious,malicious,malicious,malicious,malicious,TP,TP,TP,TP,TP,0.9973000000000001,0.9973000000000001,0.9973000000000001,0.9973000000000001,0.9973000000000001,True,True,True,True,True,True,True,True,5,0,0.9973000000000001,0.0,0.9973000000000001,0.9973000000000001
C:\TA\project-ta\data_spliting\test_set_obf\String_Reordering\malicious\1579.ps1,String Reordering,malicious,malicious,malicious,malicious,malicious,malicious,TP,TP,TP,TP,TP,0.9931000000000001,0.9931000000000001,0.9931000000000001,0.9931000000000001,0.9931000000000001,True,True,True,True,True,True,True,True,5,0,0.9931000000000001,0.0,0.9931000000000001,0.9931000000000001
C:\TA\project-ta\data_spliting\test_set_obf\String_Reordering\malicious\1585.ps1,String Reordering,malicious,malicious,malicious,malicious,malicious,malicious,TP,TP,TP,TP,TP,0.9906,0.9906,0.9906,0.9906,0.9906,True,True,True,True,True,True,True,True,5,0,0.9906,0.0,0.9906,0.9906
C:\TA\project-ta\data_spliting\test_set_obf\String_Reordering\malicious\1588.ps1,String Reordering,malicious,malicious,malicious,malicious,malicious,malicious,TP,TP,TP,TP,TP,0.9966,0.9966,0.9966,0.9966,0.9966,True,True,True,True,True,True,True,True,5,0,0.9966000000000002,1.2412670766236366e-16,0.9966,0.9966
C:\TA\project-ta\data_spliting\test_set_obf\String_Reordering\malicious\1590.ps1,String Reordering,malicious,malicious,malicious,malicious,malicious,malicious,TP,TP,TP,TP,TP,0.9976,0.9976,0.9976,0.9976,0.9976,True,True,True,True,True,True,True,True,5,0,0.9976,0.0,0.9976,0.9976
C:\TA\project-ta\data_spliting\test_set_obf\String_Reordering\malicious\1602.ps1,String Reordering,malicious,malicious,malicious,malicious,malicious,malicious,TP,TP,TP,TP,TP,0.9976,0.9976,0.9976,0.9976,0.9976,True,True,True,True,True,True,True,True,5,0,0.9976,0.0,0.9976,0.9976
C:\TA\project-ta\data_spliting\test_set_obf\String_Reordering\malicious\1604.ps1,String Reordering,malicious,malicious,malicious,malicious,malicious,malicious,TP,TP,TP,TP,TP,0.9783000000000001,0.9783000000000001,0.9783000000000001,0.9783000000000001,0.9783000000000001,True,True,True,True,True,True,True,True,5,0,0.9783000000000002,1.2412670766236366e-16,0.9783000000000001,0.9783000000000001
C:\TA\project-ta\data_spliting\test_set_obf\String_Reordering\malicious\1614.ps1,String Reordering,malicious,malicious,malicious,malicious,malicious,malicious,TP,TP,TP,TP,TP,0.993,0.993,0.993,0.993,0.993,True,True,True,True,True,True,True,True,5,0,0.993,0.0,0.993,0.993
C:\TA\project-ta\data_spliting\test_set_obf\String_Reordering\malicious\1619.ps1,String Reordering,malicious,malicious,malicious,malicious,malicious,malicious,TP,TP,TP,TP,TP,0.8441000000000001,0.8441000000000001,0.8441000000000001,0.8441000000000001,0.8441000000000001,True,True,True,True,True,True,True,True,5,0,0.8441000000000001,0.0,0.8441000000000001,0.8441000000000001
C:\TA\project-ta\data_spliting\test_set_obf\String_Reordering\malicious\1666.ps1,String Reordering,malicious,malicious,malicious,malicious,malicious,malicious,TP,TP,TP,TP,TP,0.9976,0.9976,0.9976,0.9976,0.9976,True,True,True,True,True,True,True,True,5,0,0.9976,0.0,0.9976,0.9976
C:\TA\project-ta\data_spliting\test_set_obf\String_Reordering\malicious\1671.ps1,String Reordering,malicious,malicious,malicious,malicious,malicious,malicious,TP,TP,TP,TP,TP,0.9976,0.9976,0.9976,0.9976,0.9976,True,True,True,True,True,True,True,True,5,0,0.9976,0.0,0.9976,0.9976
C:\TA\project-ta\data_spliting\test_set_obf\String_Reordering\malicious\1672.ps1,String Reordering,malicious,malicious,malicious,malicious,malicious,malicious,TP,TP,TP,TP,TP,0.9976,0.9976,0.9976,0.9976,0.9976,True,True,True,True,True,True,True,True,5,0,0.9976,0.0,0.9976,0.9976
C:\TA\project-ta\data_spliting\test_set_obf\String_Reordering\malicious\1678.ps1,String Reordering,malicious,malicious,malicious,malicious,malicious,malicious,TP,TP,TP,TP,TP,0.9976,0.9976,0.9976,0.9976,0.9976,True,True,True,True,True,True,True,True,5,0,0.9976,0.0,0.9976,0.9976
C:\TA\project-ta\data_spliting\test_set_obf\String_Reordering\malicious\1681.ps1,String Reordering,malicious,malicious,malicious,malicious,malicious,malicious,TP,TP,TP,TP,TP,0.9973000000000001,0.9973000000000001,0.9973000000000001,0.9973000000000001,0.9973000000000001,True,True,True,True,True,True,True,True,5,0,0.9973000000000001,0.0,0.9973000000000001,0.9973000000000001
C:\TA\project-ta\data_spliting\test_set_obf\String_Reordering\malicious\1690.ps1,String Reordering,malicious,malicious,malicious,malicious,malicious,malicious,TP,TP,TP,TP,TP,0.9976,0.9976,0.9976,0.9976,0.9976,True,True,True,True,True,True,True,True,5,0,0.9976,0.0,0.9976,0.9976
C:\TA\project-ta\data_spliting\test_set_obf\String_Reordering\malicious\1707.ps1,String Reordering,malicious,malicious,malicious,malicious,malicious,malicious,TP,TP,TP,TP,TP,0.9976,0.9976,0.9976,0.9976,0.9976,True,True,True,True,True,True,True,True,5,0,0.9976,0.0,0.9976,0.9976
C:\TA\project-ta\data_spliting\test_set_obf\String_Reordering\malicious\1727.ps1,String Reordering,malicious,malicious,malicious,malicious,malicious,malicious,TP,TP,TP,TP,TP,0.9966,0.9966,0.9966,0.9966,0.9966,True,True,True,True,True,True,True,True,5,0,0.9966000000000002,1.2412670766236366e-16,0.9966,0.9966
C:\TA\project-ta\data_spliting\test_set_obf\String_Reordering\malicious\1730.ps1,String Reordering,malicious,malicious,malicious,malicious,malicious,malicious,TP,TP,TP,TP,TP,0.9966,0.9966,0.9966,0.9966,0.9966,True,True,True,True,True,True,True,True,5,0,0.9966000000000002,1.2412670766236366e-16,0.9966,0.9966
C:\TA\project-ta\data_spliting\test_set_obf\String_Reordering\malicious\1733.ps1,String Reordering,malicious,malicious,malicious,malicious,malicious,malicious,TP,TP,TP,TP,TP,0.9976,0.9976,0.9976,0.9976,0.9976,True,True,True,True,True,True,True,True,5,0,0.9976,0.0,0.9976,0.9976
C:\TA\project-ta\data_spliting\test_set_obf\String_Reordering\malicious\174.ps1,String Reordering,malicious,malicious,malicious,malicious,malicious,malicious,TP,TP,TP,TP,TP,0.9976,0.9976,0.9976,0.9976,0.9976,True,True,True,True,True,True,True,True,5,0,0.9976,0.0,0.9976,0.9976
C:\TA\project-ta\data_spliting\test_set_obf\String_Reordering\malicious\1741.ps1,String Reordering,malicious,malicious,malicious,malicious,malicious,malicious,TP,TP,TP,TP,TP,0.9973000000000001,0.9973000000000001,0.9973000000000001,0.9973000000000001,0.9973000000000001,True,True,True,True,True,True,True,True,5,0,0.9973000000000001,0.0,0.9973000000000001,0.9973000000000001
C:\TA\project-ta\data_spliting\test_set_obf\String_Reordering\malicious\1754.ps1,String Reordering,malicious,malicious,malicious,malicious,malicious,malicious,TP,TP,TP,TP,TP,0.9976,0.9976,0.9976,0.9976,0.9976,True,True,True,True,True,True,True,True,5,0,0.9976,0.0,0.9976,0.9976
C:\TA\project-ta\data_spliting\test_set_obf\String_Reordering\malicious\1764.ps1,String Reordering,malicious,malicious,malicious,malicious,malicious,malicious,TP,TP,TP,TP,TP,0.8481000000000001,0.8481000000000001,0.8481000000000001,0.8481000000000001,0.8481000000000001,True,True,True,True,True,True,True,True,5,0,0.8481000000000002,1.2412670766236366e-16,0.8481000000000001,0.8481000000000001
C:\TA\project-ta\data_spliting\test_set_obf\String_Reordering\malicious\1810.ps1,String Reordering,malicious,malicious,malicious,malicious,malicious,malicious,TP,TP,TP,TP,TP,0.9976,0.9976,0.9976,0.9976,0.9976,True,True,True,True,True,True,True,True,5,0,0.9976,0.0,0.9976,0.9976
C:\TA\project-ta\data_spliting\test_set_obf\String_Reordering\malicious\1811.ps1,String Reordering,malicious,malicious,malicious,malicious,malicious,malicious,TP,TP,TP,TP,TP,0.8711000000000001,0.8711000000000001,0.8711000000000001,0.8711000000000001,0.8711000000000001,True,True,True,True,True,True,True,True,5,0,0.8711,1.2412670766236366e-16,0.8711000000000001,0.8711000000000001
C:\TA\project-ta\data_spliting\test_set_obf\String_Reordering\malicious\1822.ps1,String Reordering,malicious,malicious,malicious,malicious,malicious,malicious,TP,TP,TP,TP,TP,0.9973000000000001,0.9973000000000001,0.9973000000000001,0.9973000000000001,0.9973000000000001,True,True,True,True,True,True,True,True,5,0,0.9973000000000001,0.0,0.9973000000000001,0.9973000000000001
C:\TA\project-ta\data_spliting\test_set_obf\String_Reordering\malicious\1827.ps1,String Reordering,malicious,malicious,malicious,malicious,malicious,malicious,TP,TP,TP,TP,TP,0.9973000000000001,0.9973000000000001,0.9973000000000001,0.9973000000000001,0.9973000000000001,True,True,True,True,True,True,True,True,5,0,0.9973000000000001,0.0,0.9973000000000001,0.9973000000000001
C:\TA\project-ta\data_spliting\test_set_obf\String_Reordering\malicious\183.ps1,String Reordering,malicious,malicious,malicious,malicious,malicious,malicious,TP,TP,TP,TP,TP,0.9976,0.9976,0.9976,0.9976,0.9976,True,True,True,True,True,True,True,True,5,0,0.9976,0.0,0.9976,0.9976
C:\TA\project-ta\data_spliting\test_set_obf\Token_Manipulation\malicious\1012.ps1,Token Manipulation,malicious,malicious,malicious,malicious,malicious,malicious,TP,TP,TP,TP,TP,0.9939,0.9939,0.9939,0.9939,0.9939,True,True,True,True,True,True,True,True,5,0,0.9939,0.0,0.9939,0.9939
C:\TA\project-ta\data_spliting\test_set_obf\Token_Manipulation\malicious\1014.ps1,Token Manipulation,malicious,malicious,malicious,malicious,malicious,malicious,TP,TP,TP,TP,TP,0.9972000000000001,0.9972000000000001,0.9972000000000001,0.9972000000000001,0.9972000000000001,True,True,True,True,True,True,True,True,5,0,0.9972000000000001,0.0,0.9972000000000001,0.9972000000000001
C:\TA\project-ta\data_spliting\test_set_obf\Token_Manipulation\malicious\1016.ps1,Token Manipulation,malicious,malicious,malicious,malicious,malicious,malicious,TP,TP,TP,TP,TP,0.9972000000000001,0.9972000000000001,0.9972000000000001,0.9972000000000001,0.9972000000000001,True,True,True,True,True,True,True,True,5,0,0.9972000000000001,0.0,0.9972000000000001,0.9972000000000001
C:\TA\project-ta\data_spliting\test_set_obf\Token_Manipulation\malicious\102.ps1,Token Manipulation,malicious,malicious,malicious,malicious,malicious,malicious,TP,TP,TP,TP,TP,0.9972000000000001,0.9972000000000001,0.9972000000000001,0.9972000000000001,0.9972000000000001,True,True,True,True,True,True,True,True,5,0,0.9972000000000001,0.0,0.9972000000000001,0.9972000000000001
C:\TA\project-ta\data_spliting\test_set_obf\Token_Manipulation\malicious\1039.ps1,Token Manipulation,malicious,malicious,malicious,malicious,malicious,malicious,TP,TP,TP,TP,TP,0.9972000000000001,0.9972000000000001,0.9972000000000001,0.9972000000000001,0.9972000000000001,True,True,True,True,True,True,True,True,5,0,0.9972000000000001,0.0,0.9972000000000001,0.9972000000000001
C:\TA\project-ta\data_spliting\test_set_obf\Token_Manipulation\malicious\1043.ps1,Token Manipulation,malicious,malicious,malicious,malicious,malicious,malicious,TP,TP,TP,TP,TP,0.9972000000000001,0.9972000000000001,0.9972000000000001,0.9972000000000001,0.9972000000000001,True,True,True,True,True,True,True,True,5,0,0.9972000000000001,0.0,0.9972000000000001,0.9972000000000001
C:\TA\project-ta\data_spliting\test_set_obf\Token_Manipulation\malicious\1047.ps1,Token Manipulation,malicious,malicious,malicious,malicious,malicious,malicious,TP,TP,TP,TP,TP,0.9972000000000001,0.9972000000000001,0.9972000000000001,0.9972000000000001,0.9972000000000001,True,True,True,True,True,True,True,True,5,0,0.9972000000000001,0.0,0.9972000000000001,0.9972000000000001
C:\TA\project-ta\data_spliting\test_set_obf\Token_Manipulation\malicious\1054.ps1,Token Manipulation,malicious,malicious,malicious,malicious,malicious,malicious,TP,TP,TP,TP,TP,0.9904000000000001,0.9904000000000001,0.9904000000000001,0.9904000000000001,0.9904000000000001,True,True,True,True,True,True,True,True,5,0,0.9904,1.2412670766236366e-16,0.9904000000000001,0.9904000000000001
C:\TA\project-ta\data_spliting\test_set_obf\Token_Manipulation\malicious\1060.ps1,Token Manipulation,malicious,malicious,malicious,malicious,malicious,malicious,TP,TP,TP,TP,TP,0.9972000000000001,0.9972000000000001,0.9972000000000001,0.9972000000000001,0.9972000000000001,True,True,True,True,True,True,True,True,5,0,0.9972000000000001,0.0,0.9972000000000001,0.9972000000000001
C:\TA\project-ta\data_spliting\test_set_obf\Token_Manipulation\malicious\1064.ps1,Token Manipulation,malicious,malicious,malicious,malicious,malicious,malicious,TP,TP,TP,TP,TP,0.9972000000000001,0.9972000000000001,0.9972000000000001,0.9972000000000001,0.9972000000000001,True,True,True,True,True,True,True,True,5,0,0.9972000000000001,0.0,0.9972000000000001,0.9972000000000001
C:\TA\project-ta\data_spliting\test_set_obf\Token_Manipulation\malicious\1069.ps1,Token Manipulation,malicious,malicious,malicious,malicious,malicious,malicious,TP,TP,TP,TP,TP,0.9972000000000001,0.9972000000000001,0.9972000000000001,0.9972000000000001,0.9972000000000001,True,True,True,True,True,True,True,True,5,0,0.9972000000000001,0.0,0.9972000000000001,0.9972000000000001
C:\TA\project-ta\data_spliting\test_set_obf\Token_Manipulation\malicious\1083.ps1,Token Manipulation,malicious,malicious,malicious,malicious,malicious,malicious,TP,TP,TP,TP,TP,0.9823000000000001,0.9823000000000001,0.9823000000000001,0.9823000000000001,0.9823000000000001,True,True,True,True,True,True,True,True,5,0,0.9823000000000001,0.0,0.9823000000000001,0.9823000000000001
C:\TA\project-ta\data_spliting\test_set_obf\Token_Manipulation\malicious\1086.ps1,Token Manipulation,malicious,malicious,malicious,malicious,malicious,malicious,TP,TP,TP,TP,TP,0.9972000000000001,0.9972000000000001,0.9972000000000001,0.9972000000000001,0.9972000000000001,True,True,True,True,True,True,True,True,5,0,0.9972000000000001,0.0,0.9972000000000001,0.9972000000000001
C:\TA\project-ta\data_spliting\test_set_obf\Token_Manipulation\malicious\1089.ps1,Token Manipulation,malicious,malicious,malicious,malicious,malicious,malicious,TP,TP,TP,TP,TP,0.9972000000000001,0.9972000000000001,0.9972000000000001,0.9972000000000001,0.9972000000000001,True,True,True,True,True,True,True,True,5,0,0.9972000000000001,0.0,0.9972000000000001,0.9972000000000001
C:\TA\project-ta\data_spliting\test_set_obf\Token_Manipulation\malicious\1113.ps1,Token Manipulation,malicious,malicious,malicious,malicious,malicious,malicious,TP,TP,TP,TP,TP,0.9972000000000001,0.9972000000000001,0.9972000000000001,0.9972000000000001,0.9972000000000001,True,True,True,True,True,True,True,True,5,0,0.9972000000000001,0.0,0.9972000000000001,0.9972000000000001
C:\TA\project-ta\data_spliting\test_set_obf\Token_Manipulation\malicious\1115.ps1,Token Manipulation,malicious,malicious,malicious,malicious,malicious,malicious,TP,TP,TP,TP,TP,0.9972000000000001,0.9972000000000001,0.9972000000000001,0.9972000000000001,0.9972000000000001,True,True,True,True,True,True,True,True,5,0,0.9972000000000001,0.0,0.9972000000000001,0.9972000000000001
C:\TA\project-ta\data_spliting\test_set_obf\Token_Manipulation\malicious\112.ps1,Token Manipulation,malicious,malicious,malicious,malicious,malicious,malicious,TP,TP,TP,TP,TP,0.9851000000000001,0.9851000000000001,0.9851000000000001,0.9851000000000001,0.9851000000000001,True,True,True,True,True,True,True,True,5,0,0.9851000000000001,0.0,0.9851000000000001,0.9851000000000001
C:\TA\project-ta\data_spliting\test_set_obf\Token_Manipulation\malicious\1125.ps1,Token Manipulation,malicious,malicious,malicious,malicious,malicious,malicious,TP,TP,TP,TP,TP,0.9939,0.9939,0.9939,0.9939,0.9939,True,True,True,True,True,True,True,True,5,0,0.9939,0.0,0.9939,0.9939
C:\TA\project-ta\data_spliting\test_set_obf\Token_Manipulation\malicious\1136.ps1,Token Manipulation,malicious,malicious,malicious,malicious,malicious,malicious,TP,TP,TP,TP,TP,0.9972000000000001,0.9972000000000001,0.9972000000000001,0.9972000000000001,0.9972000000000001,True,True,True,True,True,True,True,True,5,0,0.9972000000000001,0.0,0.9972000000000001,0.9972000000000001
C:\TA\project-ta\data_spliting\test_set_obf\Token_Manipulation\malicious\1144.ps1,Token Manipulation,malicious,malicious,malicious,malicious,malicious,malicious,TP,TP,TP,TP,TP,0.9972000000000001,0.9972000000000001,0.9972000000000001,0.9972000000000001,0.9972000000000001,True,True,True,True,True,True,True,True,5,0,0.9972000000000001,0.0,0.9972000000000001,0.9972000000000001
C:\TA\project-ta\data_spliting\test_set_obf\Token_Manipulation\malicious\1148.ps1,Token Manipulation,malicious,malicious,malicious,malicious,malicious,malicious,TP,TP,TP,TP,TP,0.9972000000000001,0.9972000000000001,0.9972000000000001,0.9972000000000001,0.9972000000000001,True,True,True,True,True,True,True,True,5,0,0.9972000000000001,0.0,0.9972000000000001,0.9972000000000001
C:\TA\project-ta\data_spliting\test_set_obf\Token_Manipulation\malicious\1154.ps1,Token Manipulation,malicious,malicious,malicious,malicious,malicious,malicious,TP,TP,TP,TP,TP,0.9972000000000001,0.9972000000000001,0.9972000000000001,0.9972000000000001,0.9972000000000001,True,True,True,True,True,True,True,True,5,0,0.9972000000000001,0.0,0.9972000000000001,0.9972000000000001
C:\TA\project-ta\data_spliting\test_set_obf\Token_Manipulation\malicious\1173.ps1,Token Manipulation,malicious,malicious,malicious,malicious,malicious,malicious,TP,TP,TP,TP,TP,0.9851000000000001,0.9851000000000001,0.9851000000000001,0.9851000000000001,0.9851000000000001,True,True,True,True,True,True,True,True,5,0,0.9851000000000001,0.0,0.9851000000000001,0.9851000000000001
C:\TA\project-ta\data_spliting\test_set_obf\Token_Manipulation\malicious\1178.ps1,Token Manipulation,malicious,malicious,malicious,malicious,malicious,malicious,TP,TP,TP,TP,TP,0.9972000000000001,0.9972000000000001,0.9972000000000001,0.9972000000000001,0.9972000000000001,True,True,True,True,True,True,True,True,5,0,0.9972000000000001,0.0,0.9972000000000001,0.9972000000000001
C:\TA\project-ta\data_spliting\test_set_obf\Token_Manipulation\malicious\1180.ps1,Token Manipulation,malicious,malicious,malicious,malicious,malicious,malicious,TP,TP,TP,TP,TP,0.9972000000000001,0.9972000000000001,0.9972000000000001,0.9972000000000001,0.9972000000000001,True,True,True,True,True,True,True,True,5,0,0.9972000000000001,0.0,0.9972000000000001,0.9972000000000001
C:\TA\project-ta\data_spliting\test_set_obf\Token_Manipulation\malicious\1181.ps1,Token Manipulation,malicious,malicious,malicious,malicious,malicious,malicious,TP,TP,TP,TP,TP,0.9972000000000001,0.9972000000000001,0.9972000000000001,0.9972000000000001,0.9972000000000001,True,True,True,True,True,True,True,True,5,0,0.9972000000000001,0.0,0.9972000000000001,0.9972000000000001
C:\TA\project-ta\data_spliting\test_set_obf\Token_Manipulation\malicious\1183.ps1,Token Manipulation,malicious,malicious,malicious,malicious,malicious,malicious,TP,TP,TP,TP,TP,0.9904000000000001,0.9904000000000001,0.9904000000000001,0.9904000000000001,0.9904000000000001,True,True,True,True,True,True,True,True,5,0,0.9904,1.2412670766236366e-16,0.9904000000000001,0.9904000000000001
C:\TA\project-ta\data_spliting\test_set_obf\Token_Manipulation\malicious\1196.ps1,Token Manipulation,malicious,malicious,malicious,malicious,malicious,malicious,TP,TP,TP,TP,TP,0.9972000000000001,0.9972000000000001,0.9972000000000001,0.9972000000000001,0.9972000000000001,True,True,True,True,True,True,True,True,5,0,0.9972000000000001,0.0,0.9972000000000001,0.9972000000000001
C:\TA\project-ta\data_spliting\test_set_obf\Token_Manipulation\malicious\1203.ps1,Token Manipulation,malicious,malicious,malicious,malicious,malicious,malicious,TP,TP,TP,TP,TP,0.9972000000000001,0.9972000000000001,0.9972000000000001,0.9972000000000001,0.9972000000000001,True,True,True,True,True,True,True,True,5,0,0.9972000000000001,0.0,0.9972000000000001,0.9972000000000001
C:\TA\project-ta\data_spliting\test_set_obf\Token_Manipulation\malicious\1208.ps1,Token Manipulation,malicious,malicious,malicious,malicious,malicious,malicious,TP,TP,TP,TP,TP,0.9818,0.9818,0.9818,0.9818,0.9818,True,True,True,True,True,True,True,True,5,0,0.9818,0.0,0.9818,0.9818
C:\TA\project-ta\data_spliting\test_set_obf\Token_Manipulation\malicious\1241.ps1,Token Manipulation,malicious,malicious,malicious,malicious,malicious,malicious,TP,TP,TP,TP,TP,0.9972000000000001,0.9972000000000001,0.9972000000000001,0.9972000000000001,0.9972000000000001,True,True,True,True,True,True,True,True,5,0,0.9972000000000001,0.0,0.9972000000000001,0.9972000000000001
C:\TA\project-ta\data_spliting\test_set_obf\Token_Manipulation\malicious\1248.ps1,Token Manipulation,malicious,malicious,malicious,malicious,malicious,malicious,TP,TP,TP,TP,TP,0.9972000000000001,0.9972000000000001,0.9972000000000001,0.9972000000000001,0.9972000000000001,True,True,True,True,True,True,True,True,5,0,0.9972000000000001,0.0,0.9972000000000001,0.9972000000000001
C:\TA\project-ta\data_spliting\test_set_obf\Token_Manipulation\malicious\1249.ps1,Token Manipulation,malicious,malicious,malicious,malicious,malicious,malicious,TP,TP,TP,TP,TP,0.9972000000000001,0.9972000000000001,0.9972000000000001,0.9972000000000001,0.9972000000000001,True,True,True,True,True,True,True,True,5,0,0.9972000000000001,0.0,0.9972000000000001,0.9972000000000001
C:\TA\project-ta\data_spliting\test_set_obf\Token_Manipulation\malicious\128.ps1,Token Manipulation,malicious,malicious,malicious,malicious,malicious,malicious,TP,TP,TP,TP,TP,0.9972000000000001,0.9972000000000001,0.9972000000000001,0.9972000000000001,0.9972000000000001,True,True,True,True,True,True,True,True,5,0,0.9972000000000001,0.0,0.9972000000000001,0.9972000000000001
C:\TA\project-ta\data_spliting\test_set_obf\Token_Manipulation\malicious\1282.ps1,Token Manipulation,malicious,malicious,malicious,malicious,malicious,malicious,TP,TP,TP,TP,TP,0.9972000000000001,0.9972000000000001,0.9972000000000001,0.9972000000000001,0.9972000000000001,True,True,True,True,True,True,True,True,5,0,0.9972000000000001,0.0,0.9972000000000001,0.9972000000000001
C:\TA\project-ta\data_spliting\test_set_obf\Token_Manipulation\malicious\1283.ps1,Token Manipulation,malicious,malicious,malicious,malicious,malicious,malicious,TP,TP,TP,TP,TP,0.9972000000000001,0.9972000000000001,0.9972000000000001,0.9972000000000001,0.9972000000000001,True,True,True,True,True,True,True,True,5,0,0.9972000000000001,0.0,0.9972000000000001,0.9972000000000001
C:\TA\project-ta\data_spliting\test_set_obf\Token_Manipulation\malicious\1286.ps1,Token Manipulation,malicious,malicious,malicious,malicious,malicious,malicious,TP,TP,TP,TP,TP,0.9972000000000001,0.9972000000000001,0.9972000000000001,0.9972000000000001,0.9972000000000001,True,True,True,True,True,True,True,True,5,0,0.9972000000000001,0.0,0.9972000000000001,0.9972000000000001
C:\TA\project-ta\data_spliting\test_set_obf\Token_Manipulation\malicious\1296.ps1,Token Manipulation,malicious,malicious,malicious,malicious,malicious,malicious,TP,TP,TP,TP,TP,0.9972000000000001,0.9972000000000001,0.9972000000000001,0.9972000000000001,0.9972000000000001,True,True,True,True,True,True,True,True,5,0,0.9972000000000001,0.0,0.9972000000000001,0.9972000000000001
C:\TA\project-ta\data_spliting\test_set_obf\Token_Manipulation\malicious\1299.ps1,Token Manipulation,malicious,malicious,malicious,malicious,malicious,malicious,TP,TP,TP,TP,TP,0.9972000000000001,0.9972000000000001,0.9972000000000001,0.9972000000000001,0.9972000000000001,True,True,True,True,True,True,True,True,5,0,0.9972000000000001,0.0,0.9972000000000001,0.9972000000000001
C:\TA\project-ta\data_spliting\test_set_obf\Token_Manipulation\malicious\13.ps1,Token Manipulation,malicious,malicious,malicious,malicious,malicious,malicious,TP,TP,TP,TP,TP,0.9972000000000001,0.9972000000000001,0.9972000000000001,0.9972000000000001,0.9972000000000001,True,True,True,True,True,True,True,True,5,0,0.9972000000000001,0.0,0.9972000000000001,0.9972000000000001
C:\TA\project-ta\data_spliting\test_set_obf\Token_Manipulation\malicious\1305.ps1,Token Manipulation,malicious,malicious,malicious,malicious,malicious,malicious,TP,TP,TP,TP,TP,0.9972000000000001,0.9972000000000001,0.9972000000000001,0.9972000000000001,0.9972000000000001,True,True,True,True,True,True,True,True,5,0,0.9972000000000001,0.0,0.9972000000000001,0.9972000000000001
C:\TA\project-ta\data_spliting\test_set_obf\Token_Manipulation\malicious\1340.ps1,Token Manipulation,malicious,malicious,malicious,malicious,malicious,malicious,TP,TP,TP,TP,TP,0.9972000000000001,0.9972000000000001,0.9972000000000001,0.9972000000000001,0.9972000000000001,True,True,True,True,True,True,True,True,5,0,0.9972000000000001,0.0,0.9972000000000001,0.9972000000000001
C:\TA\project-ta\data_spliting\test_set_obf\Token_Manipulation\malicious\1348.ps1,Token Manipulation,malicious,malicious,malicious,malicious,malicious,malicious,TP,TP,TP,TP,TP,0.9972000000000001,0.9972000000000001,0.9972000000000001,0.9972000000000001,0.9972000000000001,True,True,True,True,True,True,True,True,5,0,0.9972000000000001,0.0,0.9972000000000001,0.9972000000000001
C:\TA\project-ta\data_spliting\test_set_obf\Token_Manipulation\malicious\1354.ps1,Token Manipulation,malicious,malicious,malicious,malicious,malicious,malicious,TP,TP,TP,TP,TP,0.9972000000000001,0.9972000000000001,0.9972000000000001,0.9972000000000001,0.9972000000000001,True,True,True,True,True,True,True,True,5,0,0.9972000000000001,0.0,0.9972000000000001,0.9972000000000001
C:\TA\project-ta\data_spliting\test_set_obf\Token_Manipulation\malicious\136.ps1,Token Manipulation,malicious,malicious,malicious,malicious,malicious,malicious,TP,TP,TP,TP,TP,0.9972000000000001,0.9972000000000001,0.9972000000000001,0.9972000000000001,0.9972000000000001,True,True,True,True,True,True,True,True,5,0,0.9972000000000001,0.0,0.9972000000000001,0.9972000000000001
C:\TA\project-ta\data_spliting\test_set_obf\Token_Manipulation\malicious\1362.ps1,Token Manipulation,malicious,malicious,malicious,malicious,malicious,malicious,TP,TP,TP,TP,TP,0.6719,0.6719,0.6719,0.6719,0.6719,True,True,True,True,True,True,True,True,5,0,0.6719,0.0,0.6719,0.6719
C:\TA\project-ta\data_spliting\test_set_obf\Token_Manipulation\malicious\1376.ps1,Token Manipulation,malicious,malicious,malicious,malicious,malicious,malicious,TP,TP,TP,TP,TP,0.9929,0.9929,0.9929,0.9929,0.9929,True,True,True,True,True,True,True,True,5,0,0.9929,0.0,0.9929,0.9929
C:\TA\project-ta\data_spliting\test_set_obf\Token_Manipulation\malicious\1391.ps1,Token Manipulation,malicious,malicious,malicious,malicious,malicious,malicious,TP,TP,TP,TP,TP,0.9972000000000001,0.9972000000000001,0.9972000000000001,0.9972000000000001,0.9972000000000001,True,True,True,True,True,True,True,True,5,0,0.9972000000000001,0.0,0.9972000000000001,0.9972000000000001
C:\TA\project-ta\data_spliting\test_set_obf\Token_Manipulation\malicious\1395.ps1,Token Manipulation,malicious,malicious,malicious,malicious,malicious,malicious,TP,TP,TP,TP,TP,0.9972000000000001,0.9972000000000001,0.9972000000000001,0.9972000000000001,0.9972000000000001,True,True,True,True,True,True,True,True,5,0,0.9972000000000001,0.0,0.9972000000000001,0.9972000000000001
C:\TA\project-ta\data_spliting\test_set_obf\Token_Manipulation\malicious\14.ps1,Token Manipulation,malicious,malicious,malicious,malicious,malicious,malicious,TP,TP,TP,TP,TP,0.9972000000000001,0.9972000000000001,0.9972000000000001,0.9972000000000001,0.9972000000000001,True,True,True,True,True,True,True,True,5,0,0.9972000000000001,0.0,0.9972000000000001,0.9972000000000001
C:\TA\project-ta\data_spliting\test_set_obf\Token_Manipulation\malicious\140.ps1,Token Manipulation,malicious,malicious,malicious,malicious,malicious,malicious,TP,TP,TP,TP,TP,0.9972000000000001,0.9972000000000001,0.9972000000000001,0.9972000000000001,0.9972000000000001,True,True,True,True,True,True,True,True,5,0,0.9972000000000001,0.0,0.9972000000000001,0.9972000000000001
C:\TA\project-ta\data_spliting\test_set_obf\Token_Manipulation\malicious\1421.ps1,Token Manipulation,malicious,malicious,malicious,malicious,malicious,malicious,TP,TP,TP,TP,TP,0.9972000000000001,0.9972000000000001,0.9972000000000001,0.9972000000000001,0.9972000000000001,True,True,True,True,True,True,True,True,5,0,0.9972000000000001,0.0,0.9972000000000001,0.9972000000000001
C:\TA\project-ta\data_spliting\test_set_obf\Token_Manipulation\malicious\1429.ps1,Token Manipulation,malicious,malicious,malicious,malicious,malicious,malicious,TP,TP,TP,TP,TP,0.9972000000000001,0.9972000000000001,0.9972000000000001,0.9972000000000001,0.9972000000000001,True,True,True,True,True,True,True,True,5,0,0.9972000000000001,0.0,0.9972000000000001,0.9972000000000001
C:\TA\project-ta\data_spliting\test_set_obf\Token_Manipulation\malicious\144.ps1,Token Manipulation,malicious,malicious,malicious,malicious,malicious,malicious,TP,TP,TP,TP,TP,0.9972000000000001,0.9972000000000001,0.9972000000000001,0.9972000000000001,0.9972000000000001,True,True,True,True,True,True,True,True,5,0,0.9972000000000001,0.0,0.9972000000000001,0.9972000000000001
C:\TA\project-ta\data_spliting\test_set_obf\Token_Manipulation\malicious\1440.ps1,Token Manipulation,malicious,malicious,malicious,malicious,malicious,malicious,TP,TP,TP,TP,TP,0.9972000000000001,0.9972000000000001,0.9972000000000001,0.9972000000000001,0.9972000000000001,True,True,True,True,True,True,True,True,5,0,0.9972000000000001,0.0,0.9972000000000001,0.9972000000000001
C:\TA\project-ta\data_spliting\test_set_obf\Token_Manipulation\malicious\1451.ps1,Token Manipulation,malicious,malicious,malicious,malicious,malicious,malicious,TP,TP,TP,TP,TP,0.9972000000000001,0.9972000000000001,0.9972000000000001,0.9972000000000001,0.9972000000000001,True,True,True,True,True,True,True,True,5,0,0.9972000000000001,0.0,0.9972000000000001,0.9972000000000001
C:\TA\project-ta\data_spliting\test_set_obf\Token_Manipulation\malicious\1461.ps1,Token Manipulation,malicious,malicious,malicious,malicious,malicious,malicious,TP,TP,TP,TP,TP,0.9972000000000001,0.9972000000000001,0.9972000000000001,0.9972000000000001,0.9972000000000001,True,True,True,True,True,True,True,True,5,0,0.9972000000000001,0.0,0.9972000000000001,0.9972000000000001
C:\TA\project-ta\data_spliting\test_set_obf\Token_Manipulation\malicious\1463.ps1,Token Manipulation,malicious,malicious,malicious,malicious,malicious,malicious,TP,TP,TP,TP,TP,0.9972000000000001,0.9972000000000001,0.9972000000000001,0.9972000000000001,0.9972000000000001,True,True,True,True,True,True,True,True,5,0,0.9972000000000001,0.0,0.9972000000000001,0.9972000000000001
C:\TA\project-ta\data_spliting\test_set_obf\Token_Manipulation\malicious\1468.ps1,Token Manipulation,malicious,malicious,malicious,malicious,malicious,malicious,TP,TP,TP,TP,TP,0.9972000000000001,0.9972000000000001,0.9972000000000001,0.9972000000000001,0.9972000000000001,True,True,True,True,True,True,True,True,5,0,0.9972000000000001,0.0,0.9972000000000001,0.9972000000000001
C:\TA\project-ta\data_spliting\test_set_obf\Token_Manipulation\malicious\1472.ps1,Token Manipulation,malicious,malicious,malicious,malicious,malicious,malicious,TP,TP,TP,TP,TP,0.9972000000000001,0.9972000000000001,0.9972000000000001,0.9972000000000001,0.9972000000000001,True,True,True,True,True,True,True,True,5,0,0.9972000000000001,0.0,0.9972000000000001,0.9972000000000001
C:\TA\project-ta\data_spliting\test_set_obf\Token_Manipulation\malicious\1474.ps1,Token Manipulation,malicious,malicious,malicious,malicious,malicious,malicious,TP,TP,TP,TP,TP,0.9972000000000001,0.9972000000000001,0.9972000000000001,0.9972000000000001,0.9972000000000001,True,True,True,True,True,True,True,True,5,0,0.9972000000000001,0.0,0.9972000000000001,0.9972000000000001
C:\TA\project-ta\data_spliting\test_set_obf\Token_Manipulation\malicious\1477.ps1,Token Manipulation,malicious,malicious,malicious,malicious,malicious,malicious,TP,TP,TP,TP,TP,0.9972000000000001,0.9972000000000001,0.9972000000000001,0.9972000000000001,0.9972000000000001,True,True,True,True,True,True,True,True,5,0,0.9972000000000001,0.0,0.9972000000000001,0.9972000000000001
C:\TA\project-ta\data_spliting\test_set_obf\Token_Manipulation\malicious\1484.ps1,Token Manipulation,malicious,malicious,malicious,malicious,malicious,malicious,TP,TP,TP,TP,TP,0.9599000000000001,0.9599000000000001,0.9599000000000001,0.9599000000000001,0.9599000000000001,True,True,True,True,True,True,True,True,5,0,0.9599,1.2412670766236366e-16,0.9599000000000001,0.9599000000000001
C:\TA\project-ta\data_spliting\test_set_obf\Token_Manipulation\malicious\1486.ps1,Token Manipulation,malicious,malicious,malicious,malicious,malicious,malicious,TP,TP,TP,TP,TP,0.9972000000000001,0.9972000000000001,0.9972000000000001,0.9972000000000001,0.9972000000000001,True,True,True,True,True,True,True,True,5,0,0.9972000000000001,0.0,0.9972000000000001,0.9972000000000001
C:\TA\project-ta\data_spliting\test_set_obf\Token_Manipulation\malicious\1493.ps1,Token Manipulation,malicious,malicious,malicious,malicious,malicious,malicious,TP,TP,TP,TP,TP,0.9972000000000001,0.9972000000000001,0.9972000000000001,0.9972000000000001,0.9972000000000001,True,True,True,True,True,True,True,True,5,0,0.9972000000000001,0.0,0.9972000000000001,0.9972000000000001
C:\TA\project-ta\data_spliting\test_set_obf\Token_Manipulation\malicious\1513.ps1,Token Manipulation,malicious,malicious,malicious,malicious,malicious,malicious,TP,TP,TP,TP,TP,0.9972000000000001,0.9972000000000001,0.9972000000000001,0.9972000000000001,0.9972000000000001,True,True,True,True,True,True,True,True,5,0,0.9972000000000001,0.0,0.9972000000000001,0.9972000000000001
C:\TA\project-ta\data_spliting\test_set_obf\Token_Manipulation\malicious\1514.ps1,Token Manipulation,malicious,malicious,malicious,malicious,malicious,malicious,TP,TP,TP,TP,TP,0.9972000000000001,0.9972000000000001,0.9972000000000001,0.9972000000000001,0.9972000000000001,True,True,True,True,True,True,True,True,5,0,0.9972000000000001,0.0,0.9972000000000001,0.9972000000000001
C:\TA\project-ta\data_spliting\test_set_obf\Token_Manipulation\malicious\1524.ps1,Token Manipulation,malicious,malicious,malicious,malicious,malicious,malicious,TP,TP,TP,TP,TP,0.9972000000000001,0.9972000000000001,0.9972000000000001,0.9972000000000001,0.9972000000000001,True,True,True,True,True,True,True,True,5,0,0.9972000000000001,0.0,0.9972000000000001,0.9972000000000001
C:\TA\project-ta\data_spliting\test_set_obf\Token_Manipulation\malicious\1530.ps1,Token Manipulation,malicious,malicious,malicious,malicious,malicious,malicious,TP,TP,TP,TP,TP,0.9972000000000001,0.9972000000000001,0.9972000000000001,0.9972000000000001,0.9972000000000001,True,True,True,True,True,True,True,True,5,0,0.9972000000000001,0.0,0.9972000000000001,0.9972000000000001
C:\TA\project-ta\data_spliting\test_set_obf\Token_Manipulation\malicious\1532.ps1,Token Manipulation,malicious,malicious,malicious,malicious,malicious,malicious,TP,TP,TP,TP,TP,0.9972000000000001,0.9972000000000001,0.9972000000000001,0.9972000000000001,0.9972000000000001,True,True,True,True,True,True,True,True,5,0,0.9972000000000001,0.0,0.9972000000000001,0.9972000000000001
C:\TA\project-ta\data_spliting\test_set_obf\Token_Manipulation\malicious\1579.ps1,Token Manipulation,malicious,malicious,malicious,malicious,malicious,malicious,TP,TP,TP,TP,TP,0.9851000000000001,0.9851000000000001,0.9851000000000001,0.9851000000000001,0.9851000000000001,True,True,True,True,True,True,True,True,5,0,0.9851000000000001,0.0,0.9851000000000001,0.9851000000000001
C:\TA\project-ta\data_spliting\test_set_obf\Token_Manipulation\malicious\1585.ps1,Token Manipulation,malicious,malicious,malicious,malicious,malicious,malicious,TP,TP,TP,TP,TP,0.9905,0.9905,0.9905,0.9905,0.9905,True,True,True,True,True,True,True,True,5,0,0.9905000000000002,1.2412670766236366e-16,0.9905,0.9905
C:\TA\project-ta\data_spliting\test_set_obf\Token_Manipulation\malicious\1588.ps1,Token Manipulation,malicious,malicious,malicious,malicious,malicious,malicious,TP,TP,TP,TP,TP,0.9972000000000001,0.9972000000000001,0.9972000000000001,0.9972000000000001,0.9972000000000001,True,True,True,True,True,True,True,True,5,0,0.9972000000000001,0.0,0.9972000000000001,0.9972000000000001
C:\TA\project-ta\data_spliting\test_set_obf\Token_Manipulation\malicious\1590.ps1,Token Manipulation,malicious,malicious,malicious,malicious,malicious,malicious,TP,TP,TP,TP,TP,0.9972000000000001,0.9972000000000001,0.9972000000000001,0.9972000000000001,0.9972000000000001,True,True,True,True,True,True,True,True,5,0,0.9972000000000001,0.0,0.9972000000000001,0.9972000000000001
C:\TA\project-ta\data_spliting\test_set_obf\Token_Manipulation\malicious\1602.ps1,Token Manipulation,malicious,malicious,malicious,malicious,malicious,malicious,TP,TP,TP,TP,TP,0.9972000000000001,0.9972000000000001,0.9972000000000001,0.9972000000000001,0.9972000000000001,True,True,True,True,True,True,True,True,5,0,0.9972000000000001,0.0,0.9972000000000001,0.9972000000000001
C:\TA\project-ta\data_spliting\test_set_obf\Token_Manipulation\malicious\1604.ps1,Token Manipulation,malicious,malicious,malicious,malicious,malicious,malicious,TP,TP,TP,TP,TP,0.5156000000000001,0.5156000000000001,0.5156000000000001,0.5156000000000001,0.5156000000000001,True,True,True,True,True,True,True,True,5,0,0.5156000000000001,0.0,0.5156000000000001,0.5156000000000001
C:\TA\project-ta\data_spliting\test_set_obf\Token_Manipulation\malicious\1614.ps1,Token Manipulation,malicious,malicious,malicious,malicious,malicious,malicious,TP,TP,TP,TP,TP,0.9905,0.9905,0.9905,0.9905,0.9905,True,True,True,True,True,True,True,True,5,0,0.9905000000000002,1.2412670766236366e-16,0.9905,0.9905
C:\TA\project-ta\data_spliting\test_set_obf\Token_Manipulation\malicious\1619.ps1,Token Manipulation,malicious,malicious,malicious,malicious,malicious,malicious,TP,TP,TP,TP,TP,0.9849,0.9849,0.9849,0.9849,0.9849,True,True,True,True,True,True,True,True,5,0,0.9849,0.0,0.9849,0.9849
C:\TA\project-ta\data_spliting\test_set_obf\Token_Manipulation\malicious\1666.ps1,Token Manipulation,malicious,malicious,malicious,malicious,malicious,malicious,TP,TP,TP,TP,TP,0.9972000000000001,0.9972000000000001,0.9972000000000001,0.9972000000000001,0.9972000000000001,True,True,True,True,True,True,True,True,5,0,0.9972000000000001,0.0,0.9972000000000001,0.9972000000000001
C:\TA\project-ta\data_spliting\test_set_obf\Token_Manipulation\malicious\1671.ps1,Token Manipulation,malicious,malicious,malicious,malicious,malicious,malicious,TP,TP,TP,TP,TP,0.9972000000000001,0.9972000000000001,0.9972000000000001,0.9972000000000001,0.9972000000000001,True,True,True,True,True,True,True,True,5,0,0.9972000000000001,0.0,0.9972000000000001,0.9972000000000001
C:\TA\project-ta\data_spliting\test_set_obf\Token_Manipulation\malicious\1672.ps1,Token Manipulation,malicious,malicious,malicious,malicious,malicious,malicious,TP,TP,TP,TP,TP,0.9972000000000001,0.9972000000000001,0.9972000000000001,0.9972000000000001,0.9972000000000001,True,True,True,True,True,True,True,True,5,0,0.9972000000000001,0.0,0.9972000000000001,0.9972000000000001
C:\TA\project-ta\data_spliting\test_set_obf\Token_Manipulation\malicious\1678.ps1,Token Manipulation,malicious,malicious,malicious,malicious,malicious,malicious,TP,TP,TP,TP,TP,0.9972000000000001,0.9972000000000001,0.9972000000000001,0.9972000000000001,0.9972000000000001,True,True,True,True,True,True,True,True,5,0,0.9972000000000001,0.0,0.9972000000000001,0.9972000000000001
C:\TA\project-ta\data_spliting\test_set_obf\Token_Manipulation\malicious\1681.ps1,Token Manipulation,malicious,malicious,malicious,malicious,malicious,malicious,TP,TP,TP,TP,TP,0.9972000000000001,0.9972000000000001,0.9972000000000001,0.9972000000000001,0.9972000000000001,True,True,True,True,True,True,True,True,5,0,0.9972000000000001,0.0,0.9972000000000001,0.9972000000000001
C:\TA\project-ta\data_spliting\test_set_obf\Token_Manipulation\malicious\1690.ps1,Token Manipulation,malicious,malicious,malicious,malicious,malicious,malicious,TP,TP,TP,TP,TP,0.9972000000000001,0.9972000000000001,0.9972000000000001,0.9972000000000001,0.9972000000000001,True,True,True,True,True,True,True,True,5,0,0.9972000000000001,0.0,0.9972000000000001,0.9972000000000001
C:\TA\project-ta\data_spliting\test_set_obf\Token_Manipulation\malicious\1707.ps1,Token Manipulation,malicious,malicious,malicious,malicious,malicious,malicious,TP,TP,TP,TP,TP,0.9972000000000001,0.9972000000000001,0.9972000000000001,0.9972000000000001,0.9972000000000001,True,True,True,True,True,True,True,True,5,0,0.9972000000000001,0.0,0.9972000000000001,0.9972000000000001
C:\TA\project-ta\data_spliting\test_set_obf\Token_Manipulation\malicious\1727.ps1,Token Manipulation,malicious,malicious,malicious,malicious,malicious,malicious,TP,TP,TP,TP,TP,0.9939,0.9939,0.9939,0.9939,0.9939,True,True,True,True,True,True,True,True,5,0,0.9939,0.0,0.9939,0.9939
C:\TA\project-ta\data_spliting\test_set_obf\Token_Manipulation\malicious\1730.ps1,Token Manipulation,malicious,malicious,malicious,malicious,malicious,malicious,TP,TP,TP,TP,TP,0.9972000000000001,0.9972000000000001,0.9972000000000001,0.9972000000000001,0.9972000000000001,True,True,True,True,True,True,True,True,5,0,0.9972000000000001,0.0,0.9972000000000001,0.9972000000000001
C:\TA\project-ta\data_spliting\test_set_obf\Token_Manipulation\malicious\1733.ps1,Token Manipulation,malicious,malicious,malicious,malicious,malicious,malicious,TP,TP,TP,TP,TP,0.9972000000000001,0.9972000000000001,0.9972000000000001,0.9972000000000001,0.9972000000000001,True,True,True,True,True,True,True,True,5,0,0.9972000000000001,0.0,0.9972000000000001,0.9972000000000001
C:\TA\project-ta\data_spliting\test_set_obf\Token_Manipulation\malicious\174.ps1,Token Manipulation,malicious,malicious,malicious,malicious,malicious,malicious,TP,TP,TP,TP,TP,0.9972000000000001,0.9972000000000001,0.9972000000000001,0.9972000000000001,0.9972000000000001,True,True,True,True,True,True,True,True,5,0,0.9972000000000001,0.0,0.9972000000000001,0.9972000000000001
C:\TA\project-ta\data_spliting\test_set_obf\Token_Manipulation\malicious\1741.ps1,Token Manipulation,malicious,malicious,malicious,malicious,malicious,malicious,TP,TP,TP,TP,TP,0.9972000000000001,0.9972000000000001,0.9972000000000001,0.9972000000000001,0.9972000000000001,True,True,True,True,True,True,True,True,5,0,0.9972000000000001,0.0,0.9972000000000001,0.9972000000000001
C:\TA\project-ta\data_spliting\test_set_obf\Token_Manipulation\malicious\1754.ps1,Token Manipulation,malicious,malicious,malicious,malicious,malicious,malicious,TP,TP,TP,TP,TP,0.9972000000000001,0.9972000000000001,0.9972000000000001,0.9972000000000001,0.9972000000000001,True,True,True,True,True,True,True,True,5,0,0.9972000000000001,0.0,0.9972000000000001,0.9972000000000001
C:\TA\project-ta\data_spliting\test_set_obf\Token_Manipulation\malicious\1764.ps1,Token Manipulation,malicious,malicious,malicious,malicious,malicious,malicious,TP,TP,TP,TP,TP,0.9905,0.9905,0.9905,0.9905,0.9905,True,True,True,True,True,True,True,True,5,0,0.9905000000000002,1.2412670766236366e-16,0.9905,0.9905
C:\TA\project-ta\data_spliting\test_set_obf\Token_Manipulation\malicious\1810.ps1,Token Manipulation,malicious,malicious,malicious,malicious,malicious,malicious,TP,TP,TP,TP,TP,0.9972000000000001,0.9972000000000001,0.9972000000000001,0.9972000000000001,0.9972000000000001,True,True,True,True,True,True,True,True,5,0,0.9972000000000001,0.0,0.9972000000000001,0.9972000000000001
C:\TA\project-ta\data_spliting\test_set_obf\Token_Manipulation\malicious\1811.ps1,Token Manipulation,malicious,malicious,malicious,malicious,malicious,malicious,TP,TP,TP,TP,TP,0.9869,0.9869,0.9869,0.9869,0.9869,True,True,True,True,True,True,True,True,5,0,0.9869,0.0,0.9869,0.9869
C:\TA\project-ta\data_spliting\test_set_obf\Token_Manipulation\malicious\1822.ps1,Token Manipulation,malicious,malicious,malicious,malicious,malicious,malicious,TP,TP,TP,TP,TP,0.9972000000000001,0.9972000000000001,0.9972000000000001,0.9972000000000001,0.9972000000000001,True,True,True,True,True,True,True,True,5,0,0.9972000000000001,0.0,0.9972000000000001,0.9972000000000001
C:\TA\project-ta\data_spliting\test_set_obf\Token_Manipulation\malicious\1827.ps1,Token Manipulation,malicious,malicious,malicious,malicious,malicious,malicious,TP,TP,TP,TP,TP,0.9972000000000001,0.9972000000000001,0.9972000000000001,0.9972000000000001,0.9972000000000001,True,True,True,True,True,True,True,True,5,0,0.9972000000000001,0.0,0.9972000000000001,0.9972000000000001
C:\TA\project-ta\data_spliting\test_set_obf\Token_Manipulation\malicious\183.ps1,Token Manipulation,malicious,malicious,malicious,malicious,malicious,malicious,TP,TP,TP,TP,TP,0.9972000000000001,0.9972000000000001,0.9972000000000001,0.9972000000000001,0.9972000000000001,True,True,True,True,True,True,True,True,5,0,0.9972000000000001,0.0,0.9972000000000001,0.9972000000000001
